id,date,id_attraction,attraction_name,interrompu,ouvert,operation,hour,min,week,day,month,year
184144,2025-09-26 10:00:00.000,D17,LA MAISON A L'ENVERS,0.06,0.06,0.0,10,0,39,26,9,2025
184159,2025-09-26 11:00:00.000,D17,LA MAISON A L'ENVERS,0.0,0.05,0.05,11,0,39,26,9,2025
184174,2025-09-26 12:00:00.000,D17,LA MAISON A L'ENVERS,0.0,0.1,0.1,12,0,39,26,9,2025
184189,2025-09-26 13:00:00.000,D17,LA MAISON A L'ENVERS,0.0,0.0,0.0,13,0,39,26,9,2025
184204,2025-09-26 14:00:00.000,D17,LA MAISON A L'ENVERS,0.0,0.05,0.05,14,0,39,26,9,2025
184219,2025-09-26 15:00:00.000,D17,LA MAISON A L'ENVERS,0.0,1.0,1.0,15,0,39,26,9,2025
184234,2025-09-26 16:00:00.000,D17,LA MAISON A L'ENVERS,0.0,1.0,1.0,16,0,39,26,9,2025
184249,2025-09-26 17:00:00.000,D17,LA MAISON A L'ENVERS,0.0,1.0,1.0,17,0,39,26,9,2025
184264,2025-09-26 18:00:00.000,D17,LA MAISON A L'ENVERS,0.0,1.0,1.0,18,0,39,26,9,2025
184279,2025-09-26 19:00:00.000,D17,LA MAISON A L'ENVERS,0.0,1.0,1.0,19,0,39,26,9,2025
184294,2025-09-26 20:00:00.000,D17,LA MAISON A L'ENVERS,0.0,1.0,1.0,20,0,39,26,9,2025
184309,2025-09-26 21:00:00.000,D17,LA MAISON A L'ENVERS,0.0,1.0,1.0,21,0,39,26,9,2025
184324,2025-09-26 22:00:00.000,D17,LA MAISON A L'ENVERS,0.0,1.0,1.0,22,0,39,26,9,2025
184339,2025-09-26 23:00:00.000,D17,LA MAISON A L'ENVERS,0.0,1.0,1.0,23,0,39,26,9,2025
184354,2025-09-27 00:00:00.000,D17,LA MAISON A L'ENVERS,0.0,1.0,1.0,0,0,39,27,9,2025
184369,2025-09-27 01:00:00.000,D17,LA MAISON A L'ENVERS,0.0,1.0,1.0,1,0,39,27,9,2025
184384,2025-09-27 02:00:00.000,D17,LA MAISON A L'ENVERS,0.0,1.0,1.0,2,0,39,27,9,2025
184399,2025-09-27 03:00:00.000,D17,LA MAISON A L'ENVERS,0.0,1.0,1.0,3,0,39,27,9,2025
184414,2025-09-27 04:00:00.000,D17,LA MAISON A L'ENVERS,0.0,1.0,1.0,4,0,39,27,9,2025
184429,2025-09-27 05:00:00.000,D17,LA MAISON A L'ENVERS,0.0,1.0,1.0,5,0,39,27,9,2025
184444,2025-09-27 06:00:00.000,D17,LA MAISON A L'ENVERS,0.0,1.0,1.0,6,0,39,27,9,2025
184459,2025-09-27 07:00:00.000,D17,LA MAISON A L'ENVERS,0.0,0.0,0.0,7,0,39,27,9,2025
184476,2025-09-27 08:00:00.000,D17,LA MAISON A L'ENVERS,0.0,0.0,0.0,8,0,39,27,9,2025
184493,2025-09-27 09:00:00.000,D17,LA MAISON A L'ENVERS,0.0,0.0,0.0,9,0,39,27,9,2025
184510,2025-09-27 10:00:00.000,D17,LA MAISON A L'ENVERS,0.0,0.1,0.1,10,0,39,27,9,2025
184527,2025-09-27 11:00:00.000,D17,LA MAISON A L'ENVERS,0.0,1.0,1.0,11,0,39,27,9,2025
184544,2025-09-27 12:00:00.000,D17,LA MAISON A L'ENVERS,0.0,1.0,1.0,12,0,39,27,9,2025
184561,2025-09-27 13:00:00.000,D17,LA MAISON A L'ENVERS,0.0,1.0,1.0,13,0,39,27,9,2025
184578,2025-09-27 14:00:00.000,D17,LA MAISON A L'ENVERS,0.0,1.0,1.0,14,0,39,27,9,2025
184595,2025-09-27 15:00:00.000,D17,LA MAISON A L'ENVERS,0.0,1.0,1.0,15,0,39,27,9,2025
184612,2025-09-27 16:00:00.000,D17,LA MAISON A L'ENVERS,0.0,1.0,1.0,16,0,39,27,9,2025
184629,2025-09-27 17:00:00.000,D17,LA MAISON A L'ENVERS,0.0,1.0,1.0,17,0,39,27,9,2025
184646,2025-09-27 18:00:00.000,D17,LA MAISON A L'ENVERS,0.0,1.0,1.0,18,0,39,27,9,2025
184663,2025-09-27 19:00:00.000,D17,LA MAISON A L'ENVERS,0.0,1.0,1.0,19,0,39,27,9,2025
184680,2025-09-27 20:00:00.000,D17,LA MAISON A L'ENVERS,0.0,0.25,0.25,20,0,39,27,9,2025
184697,2025-09-27 21:00:00.000,D17,LA MAISON A L'ENVERS,0.0,0.0,0.0,21,0,39,27,9,2025
184714,2025-09-27 22:00:00.000,D17,LA MAISON A L'ENVERS,0.0,0.0,0.0,22,0,39,27,9,2025
184731,2025-09-27 23:00:00.000,D17,LA MAISON A L'ENVERS,0.0,0.0,0.0,23,0,39,27,9,2025
184748,2025-09-28 00:00:00.000,D17,LA MAISON A L'ENVERS,0.0,0.0,0.0,0,0,40,28,9,2025
184765,2025-09-28 01:00:00.000,D17,LA MAISON A L'ENVERS,0.0,0.0,0.0,1,0,40,28,9,2025
184782,2025-09-28 02:00:00.000,D17,LA MAISON A L'ENVERS,0.0,0.0,0.0,2,0,40,28,9,2025
184799,2025-09-28 03:00:00.000,D17,LA MAISON A L'ENVERS,0.0,0.0,0.0,3,0,40,28,9,2025
184816,2025-09-28 04:00:00.000,D17,LA MAISON A L'ENVERS,0.0,0.0,0.0,4,0,40,28,9,2025
184833,2025-09-28 05:00:00.000,D17,LA MAISON A L'ENVERS,0.0,0.0,0.0,5,0,40,28,9,2025
184850,2025-09-28 06:00:00.000,D17,LA MAISON A L'ENVERS,0.0,0.0,0.0,6,0,40,28,9,2025
184867,2025-09-28 07:00:00.000,D17,LA MAISON A L'ENVERS,0.0,0.0,0.0,7,0,40,28,9,2025
184884,2025-09-28 08:00:00.000,D17,LA MAISON A L'ENVERS,0.0,0.0,0.0,8,0,40,28,9,2025
184901,2025-09-28 09:00:00.000,D17,LA MAISON A L'ENVERS,0.0,0.0,0.0,9,0,40,28,9,2025
184918,2025-09-28 10:00:00.000,D17,LA MAISON A L'ENVERS,0.0,0.0,0.0,10,0,40,28,9,2025
184935,2025-09-28 11:00:00.000,D17,LA MAISON A L'ENVERS,0.0,0.25,0.25,11,0,40,28,9,2025
184952,2025-09-28 12:00:00.000,D17,LA MAISON A L'ENVERS,0.0,1.0,1.0,12,0,40,28,9,2025
184969,2025-09-28 13:00:00.000,D17,LA MAISON A L'ENVERS,0.0,1.0,1.0,13,0,40,28,9,2025
184986,2025-09-28 14:00:00.000,D17,LA MAISON A L'ENVERS,0.0,1.0,1.0,14,0,40,28,9,2025
185003,2025-09-28 15:00:00.000,D17,LA MAISON A L'ENVERS,0.0,1.0,1.0,15,0,40,28,9,2025
185020,2025-09-28 16:00:00.000,D17,LA MAISON A L'ENVERS,0.0,1.0,1.0,16,0,40,28,9,2025
185037,2025-09-28 17:00:00.000,D17,LA MAISON A L'ENVERS,0.0,1.0,1.0,17,0,40,28,9,2025
185054,2025-09-28 18:00:00.000,D17,LA MAISON A L'ENVERS,0.0,0.05,0.05,18,0,40,28,9,2025
185071,2025-09-28 19:00:00.000,D17,LA MAISON A L'ENVERS,0.0,0.0,0.0,19,0,40,28,9,2025
185088,2025-09-28 20:00:00.000,D17,LA MAISON A L'ENVERS,0.0,0.0,0.0,20,0,40,28,9,2025
185105,2025-09-28 21:00:00.000,D17,LA MAISON A L'ENVERS,0.0,0.0,0.0,21,0,40,28,9,2025
185122,2025-09-28 22:00:00.000,D17,LA MAISON A L'ENVERS,0.0,0.0,0.0,22,0,40,28,9,2025
185139,2025-09-28 23:00:00.000,D17,LA MAISON A L'ENVERS,0.0,0.0,0.0,23,0,40,28,9,2025
185156,2025-09-29 00:00:00.000,D17,LA MAISON A L'ENVERS,0.0,0.0,0.0,0,0,40,29,9,2025
185173,2025-09-29 01:00:00.000,D17,LA MAISON A L'ENVERS,0.0,0.0,0.0,1,0,40,29,9,2025
185190,2025-09-29 02:00:00.000,D17,LA MAISON A L'ENVERS,0.0,0.0,0.0,2,0,40,29,9,2025
185207,2025-09-29 03:00:00.000,D17,LA MAISON A L'ENVERS,0.0,0.0,0.0,3,0,40,29,9,2025
185224,2025-09-29 04:00:00.000,D17,LA MAISON A L'ENVERS,0.0,0.0,0.0,4,0,40,29,9,2025
185241,2025-09-29 05:00:00.000,D17,LA MAISON A L'ENVERS,0.0,0.0,0.0,5,0,40,29,9,2025
185258,2025-09-29 06:00:00.000,D17,LA MAISON A L'ENVERS,0.0,0.0,0.0,6,0,40,29,9,2025
185275,2025-09-29 07:00:00.000,D17,LA MAISON A L'ENVERS,0.0,0.0,0.0,7,0,40,29,9,2025
185292,2025-10-02 07:00:00.000,D17,LA MAISON A L'ENVERS,0.0,0.0,0.0,7,0,40,2,10,2025
185307,2025-10-02 08:00:00.000,D17,LA MAISON A L'ENVERS,0.0,0.0,0.0,8,0,40,2,10,2025
185322,2025-10-02 09:00:00.000,D17,LA MAISON A L'ENVERS,0.0,0.0,0.0,9,0,40,2,10,2025
185337,2025-10-02 10:00:00.000,D17,LA MAISON A L'ENVERS,0.0,0.5,0.5,10,0,40,2,10,2025
185352,2025-10-02 11:00:00.000,D17,LA MAISON A L'ENVERS,0.0,1.0,1.0,11,0,40,2,10,2025
185367,2025-10-02 12:00:00.000,D17,LA MAISON A L'ENVERS,0.0,1.0,1.0,12,0,40,2,10,2025
185382,2025-10-02 13:00:00.000,D17,LA MAISON A L'ENVERS,0.0,1.0,1.0,13,0,40,2,10,2025
185397,2025-10-02 14:00:00.000,D17,LA MAISON A L'ENVERS,0.0,1.0,1.0,14,0,40,2,10,2025
185412,2025-10-02 15:00:00.000,D17,LA MAISON A L'ENVERS,0.0,1.0,1.0,15,0,40,2,10,2025
185427,2025-10-02 16:00:00.000,D17,LA MAISON A L'ENVERS,0.0,1.0,1.0,16,0,40,2,10,2025
185442,2025-10-02 17:00:00.000,D17,LA MAISON A L'ENVERS,0.0,1.0,1.0,17,0,40,2,10,2025
185457,2025-10-02 18:00:00.000,D17,LA MAISON A L'ENVERS,0.0,0.95,0.95,18,0,40,2,10,2025
185472,2025-10-02 19:00:00.000,D17,LA MAISON A L'ENVERS,0.0,0.0,0.0,19,0,40,2,10,2025
185487,2025-10-02 20:00:00.000,D17,LA MAISON A L'ENVERS,0.0,0.0,0.0,20,0,40,2,10,2025
185502,2025-10-02 21:00:00.000,D17,LA MAISON A L'ENVERS,0.0,0.0,0.0,21,0,40,2,10,2025
185517,2025-10-02 22:00:00.000,D17,LA MAISON A L'ENVERS,0.0,0.0,0.0,22,0,40,2,10,2025
185532,2025-10-02 23:00:00.000,D17,LA MAISON A L'ENVERS,0.0,0.0,0.0,23,0,40,2,10,2025
185547,2025-10-03 00:00:00.000,D17,LA MAISON A L'ENVERS,0.0,0.0,0.0,0,0,40,3,10,2025
185562,2025-10-03 01:00:00.000,D17,LA MAISON A L'ENVERS,0.0,0.0,0.0,1,0,40,3,10,2025
185577,2025-10-03 02:00:00.000,D17,LA MAISON A L'ENVERS,0.0,0.0,0.0,2,0,40,3,10,2025
185592,2025-10-03 03:00:00.000,D17,LA MAISON A L'ENVERS,0.0,0.0,0.0,3,0,40,3,10,2025
185607,2025-10-03 04:00:00.000,D17,LA MAISON A L'ENVERS,0.0,0.0,0.0,4,0,40,3,10,2025
185622,2025-10-03 05:00:00.000,D17,LA MAISON A L'ENVERS,0.0,0.0,0.0,5,0,40,3,10,2025
185637,2025-10-03 06:00:00.000,D17,LA MAISON A L'ENVERS,0.0,0.0,0.0,6,0,40,3,10,2025
185652,2025-10-03 07:00:00.000,D17,LA MAISON A L'ENVERS,0.0,0.0,0.0,7,0,40,3,10,2025
185667,2025-10-03 08:00:00.000,D17,LA MAISON A L'ENVERS,0.0,0.0,0.0,8,0,40,3,10,2025
185682,2025-10-03 09:00:00.000,D17,LA MAISON A L'ENVERS,0.0,0.0,0.0,9,0,40,3,10,2025
185697,2025-10-03 10:00:00.000,D17,LA MAISON A L'ENVERS,0.0,0.0,0.0,10,0,40,3,10,2025
185712,2025-10-03 11:00:00.000,D17,LA MAISON A L'ENVERS,0.0,0.0,0.0,11,0,40,3,10,2025
185727,2025-10-03 12:00:00.000,D17,LA MAISON A L'ENVERS,0.0,0.0,0.0,12,0,40,3,10,2025
185742,2025-10-03 13:00:00.000,D17,LA MAISON A L'ENVERS,0.0,0.95,0.95,13,0,40,3,10,2025
185757,2025-10-03 14:00:00.000,D17,LA MAISON A L'ENVERS,0.0,1.0,1.0,14,0,40,3,10,2025
185772,2025-10-03 15:00:00.000,D17,LA MAISON A L'ENVERS,0.0,1.0,1.0,15,0,40,3,10,2025
185787,2025-10-03 16:00:00.000,D17,LA MAISON A L'ENVERS,0.0,1.0,1.0,16,0,40,3,10,2025
185802,2025-10-03 17:00:00.000,D17,LA MAISON A L'ENVERS,0.0,1.0,1.0,17,0,40,3,10,2025
185817,2025-10-03 18:00:00.000,D17,LA MAISON A L'ENVERS,0.0,1.0,1.0,18,0,40,3,10,2025
185832,2025-10-03 19:00:00.000,D17,LA MAISON A L'ENVERS,0.0,0.35,0.35,19,0,40,3,10,2025
185847,2025-10-03 20:00:00.000,D17,LA MAISON A L'ENVERS,0.0,0.0,0.0,20,0,40,3,10,2025
185862,2025-10-03 21:00:00.000,D17,LA MAISON A L'ENVERS,0.0,0.0,0.0,21,0,40,3,10,2025
185877,2025-10-03 22:00:00.000,D17,LA MAISON A L'ENVERS,0.0,0.0,0.0,22,0,40,3,10,2025
185892,2025-10-03 23:00:00.000,D17,LA MAISON A L'ENVERS,0.0,0.0,0.0,23,0,40,3,10,2025
185907,2025-10-04 00:00:00.000,D17,LA MAISON A L'ENVERS,0.0,0.0,0.0,0,0,40,4,10,2025
185922,2025-10-04 01:00:00.000,D17,LA MAISON A L'ENVERS,0.0,0.0,0.0,1,0,40,4,10,2025
185937,2025-10-04 02:00:00.000,D17,LA MAISON A L'ENVERS,0.0,0.0,0.0,2,0,40,4,10,2025
185952,2025-10-04 03:00:00.000,D17,LA MAISON A L'ENVERS,0.0,0.0,0.0,3,0,40,4,10,2025
185967,2025-10-04 04:00:00.000,D17,LA MAISON A L'ENVERS,0.0,0.0,0.0,4,0,40,4,10,2025
185982,2025-10-04 05:00:00.000,D17,LA MAISON A L'ENVERS,0.0,0.0,0.0,5,0,40,4,10,2025
185997,2025-10-04 06:00:00.000,D17,LA MAISON A L'ENVERS,0.0,0.0,0.0,6,0,40,4,10,2025
186012,2025-10-04 07:00:00.000,D17,LA MAISON A L'ENVERS,0.0,0.0,0.0,7,0,40,4,10,2025
186029,2025-10-04 08:00:00.000,D17,LA MAISON A L'ENVERS,0.0,0.0,0.0,8,0,40,4,10,2025
186046,2025-10-04 09:00:00.000,D17,LA MAISON A L'ENVERS,0.0,0.0,0.0,9,0,40,4,10,2025
186063,2025-10-04 10:00:00.000,D17,LA MAISON A L'ENVERS,0.0,0.0,0.0,10,0,40,4,10,2025
186080,2025-10-04 11:00:00.000,D17,LA MAISON A L'ENVERS,0.0,0.0,0.0,11,0,40,4,10,2025
186097,2025-10-04 12:00:00.000,D17,LA MAISON A L'ENVERS,0.0,0.9,0.9,12,0,40,4,10,2025
186114,2025-10-04 13:00:00.000,D17,LA MAISON A L'ENVERS,0.0,1.0,1.0,13,0,40,4,10,2025
186131,2025-10-04 14:00:00.000,D17,LA MAISON A L'ENVERS,0.0,1.0,1.0,14,0,40,4,10,2025
186148,2025-10-04 15:00:00.000,D17,LA MAISON A L'ENVERS,0.0,1.0,1.0,15,0,40,4,10,2025
186165,2025-10-04 16:00:00.000,D17,LA MAISON A L'ENVERS,0.0,1.0,1.0,16,0,40,4,10,2025
186182,2025-10-04 17:00:00.000,D17,LA MAISON A L'ENVERS,0.0,1.0,1.0,17,0,40,4,10,2025
186199,2025-10-04 18:00:00.000,D17,LA MAISON A L'ENVERS,0.0,1.0,1.0,18,0,40,4,10,2025
186216,2025-10-04 19:00:00.000,D17,LA MAISON A L'ENVERS,0.3,0.7,0.4,19,0,40,4,10,2025
186233,2025-10-04 20:00:00.000,D17,LA MAISON A L'ENVERS,1.0,0.05,0.0,20,0,40,4,10,2025
186250,2025-10-04 21:00:00.000,D17,LA MAISON A L'ENVERS,1.0,0.0,0.0,21,0,40,4,10,2025
186267,2025-10-04 22:00:00.000,D17,LA MAISON A L'ENVERS,1.0,0.0,0.0,22,0,40,4,10,2025
186284,2025-10-04 23:00:00.000,D17,LA MAISON A L'ENVERS,1.0,0.0,0.0,23,0,40,4,10,2025
186301,2025-10-05 00:00:00.000,D17,LA MAISON A L'ENVERS,1.0,0.0,0.0,0,0,41,5,10,2025
186318,2025-10-05 01:00:00.000,D17,LA MAISON A L'ENVERS,1.0,0.0,0.0,1,0,41,5,10,2025
186335,2025-10-05 02:00:00.000,D17,LA MAISON A L'ENVERS,1.0,0.0,0.0,2,0,41,5,10,2025
186352,2025-10-05 03:00:00.000,D17,LA MAISON A L'ENVERS,1.0,0.0,0.0,3,0,41,5,10,2025
186369,2025-10-05 04:00:00.000,D17,LA MAISON A L'ENVERS,1.0,0.0,0.0,4,0,41,5,10,2025
186386,2025-10-05 05:00:00.000,D17,LA MAISON A L'ENVERS,1.0,0.0,0.0,5,0,41,5,10,2025
186403,2025-10-05 06:00:00.000,D17,LA MAISON A L'ENVERS,1.0,0.0,0.0,6,0,41,5,10,2025
186420,2025-10-05 07:00:00.000,D17,LA MAISON A L'ENVERS,1.0,0.0,0.0,7,0,41,5,10,2025
186437,2025-10-05 08:00:00.000,D17,LA MAISON A L'ENVERS,1.0,0.0,0.0,8,0,41,5,10,2025
186454,2025-10-05 09:00:00.000,D17,LA MAISON A L'ENVERS,1.0,0.15,0.0,9,0,41,5,10,2025
186471,2025-10-05 10:00:00.000,D17,LA MAISON A L'ENVERS,1.0,1.0,0.0,10,0,41,5,10,2025
186488,2025-10-05 11:00:00.000,D17,LA MAISON A L'ENVERS,0.6,1.0,0.4,11,0,41,5,10,2025
186505,2025-10-05 12:00:00.000,D17,LA MAISON A L'ENVERS,0.0,1.0,1.0,12,0,41,5,10,2025
186522,2025-10-05 13:00:00.000,D17,LA MAISON A L'ENVERS,0.0,1.0,1.0,13,0,41,5,10,2025
186539,2025-10-05 14:00:00.000,D17,LA MAISON A L'ENVERS,0.0,1.0,1.0,14,0,41,5,10,2025
186556,2025-10-05 15:00:00.000,D17,LA MAISON A L'ENVERS,0.0,1.0,1.0,15,0,41,5,10,2025
186573,2025-10-05 16:00:00.000,D17,LA MAISON A L'ENVERS,0.0,1.0,1.0,16,0,41,5,10,2025
186590,2025-10-05 17:00:00.000,D17,LA MAISON A L'ENVERS,0.0,1.0,1.0,17,0,41,5,10,2025
186607,2025-10-05 18:00:00.000,D17,LA MAISON A L'ENVERS,0.0,0.2,0.2,18,0,41,5,10,2025
186624,2025-10-05 19:00:00.000,D17,LA MAISON A L'ENVERS,0.0,0.0,0.0,19,0,41,5,10,2025
186641,2025-10-05 20:00:00.000,D17,LA MAISON A L'ENVERS,0.0,0.0,0.0,20,0,41,5,10,2025
186658,2025-10-05 21:00:00.000,D17,LA MAISON A L'ENVERS,0.0,0.0,0.0,21,0,41,5,10,2025
186675,2025-10-05 22:00:00.000,D17,LA MAISON A L'ENVERS,0.0,0.0,0.0,22,0,41,5,10,2025
186692,2025-10-05 23:00:00.000,D17,LA MAISON A L'ENVERS,0.0,0.0,0.0,23,0,41,5,10,2025
186709,2025-10-06 00:00:00.000,D17,LA MAISON A L'ENVERS,0.0,0.0,0.0,0,0,41,6,10,2025
186726,2025-10-06 01:00:00.000,D17,LA MAISON A L'ENVERS,0.0,0.0,0.0,1,0,41,6,10,2025
186743,2025-10-06 02:00:00.000,D17,LA MAISON A L'ENVERS,0.0,0.0,0.0,2,0,41,6,10,2025
186760,2025-10-06 03:00:00.000,D17,LA MAISON A L'ENVERS,0.0,0.0,0.0,3,0,41,6,10,2025
186777,2025-10-06 04:00:00.000,D17,LA MAISON A L'ENVERS,0.0,0.0,0.0,4,0,41,6,10,2025
186794,2025-10-06 05:00:00.000,D17,LA MAISON A L'ENVERS,0.0,0.0,0.0,5,0,41,6,10,2025
186811,2025-10-06 06:00:00.000,D17,LA MAISON A L'ENVERS,0.0,0.0,0.0,6,0,41,6,10,2025
186828,2025-10-06 07:00:00.000,D17,LA MAISON A L'ENVERS,0.0,0.0,0.0,7,0,41,6,10,2025
186845,2025-10-09 07:00:00.000,D17,LA MAISON A L'ENVERS,0.0,0.0,0.0,7,0,41,9,10,2025
186861,2025-10-09 08:00:00.000,D17,LA MAISON A L'ENVERS,0.0,0.0,0.0,8,0,41,9,10,2025
186877,2025-10-09 09:00:00.000,D17,LA MAISON A L'ENVERS,0.0,0.0,0.0,9,0,41,9,10,2025
186893,2025-10-09 10:00:00.000,D17,LA MAISON A L'ENVERS,0.0,0.0,0.0,10,0,41,9,10,2025
186909,2025-10-09 11:00:00.000,D17,LA MAISON A L'ENVERS,0.0,0.0,0.0,11,0,41,9,10,2025
186925,2025-10-09 12:00:00.000,D17,LA MAISON A L'ENVERS,0.0,0.0,0.0,12,0,41,9,10,2025
186941,2025-10-09 13:00:00.000,D17,LA MAISON A L'ENVERS,0.0,0.0,0.0,13,0,41,9,10,2025
186957,2025-10-09 14:00:00.000,D17,LA MAISON A L'ENVERS,0.0,0.0,0.0,14,0,41,9,10,2025
186973,2025-10-09 15:00:00.000,D17,LA MAISON A L'ENVERS,0.0,0.0,0.0,15,0,41,9,10,2025
186989,2025-10-09 16:00:00.000,D17,LA MAISON A L'ENVERS,0.0,0.0,0.0,16,0,41,9,10,2025
187005,2025-10-09 17:00:00.000,D17,LA MAISON A L'ENVERS,0.0,0.0,0.0,17,0,41,9,10,2025
187021,2025-10-09 18:00:00.000,D17,LA MAISON A L'ENVERS,0.0,0.0,0.0,18,0,41,9,10,2025
187037,2025-10-09 19:00:00.000,D17,LA MAISON A L'ENVERS,0.0,0.0,0.0,19,0,41,9,10,2025
187053,2025-10-09 20:00:00.000,D17,LA MAISON A L'ENVERS,0.0,0.0,0.0,20,0,41,9,10,2025
187069,2025-10-09 21:00:00.000,D17,LA MAISON A L'ENVERS,0.0,0.0,0.0,21,0,41,9,10,2025
187085,2025-10-09 22:00:00.000,D17,LA MAISON A L'ENVERS,0.0,0.0,0.0,22,0,41,9,10,2025
187101,2025-10-09 23:00:00.000,D17,LA MAISON A L'ENVERS,0.0,0.0,0.0,23,0,41,9,10,2025
187117,2025-10-10 00:00:00.000,D17,LA MAISON A L'ENVERS,0.0,0.0,0.0,0,0,41,10,10,2025
187133,2025-10-10 01:00:00.000,D17,LA MAISON A L'ENVERS,0.0,0.0,0.0,1,0,41,10,10,2025
187149,2025-10-10 02:00:00.000,D17,LA MAISON A L'ENVERS,0.0,0.0,0.0,2,0,41,10,10,2025
187165,2025-10-10 03:00:00.000,D17,LA MAISON A L'ENVERS,0.0,0.0,0.0,3,0,41,10,10,2025
187181,2025-10-10 04:00:00.000,D17,LA MAISON A L'ENVERS,0.0,0.0,0.0,4,0,41,10,10,2025
187197,2025-10-10 05:00:00.000,D17,LA MAISON A L'ENVERS,0.0,0.0,0.0,5,0,41,10,10,2025
187213,2025-10-10 06:00:00.000,D17,LA MAISON A L'ENVERS,0.0,0.0,0.0,6,0,41,10,10,2025
187229,2025-10-10 07:00:00.000,D17,LA MAISON A L'ENVERS,0.0,0.0,0.0,7,0,41,10,10,2025
187244,2025-10-10 08:00:00.000,D17,LA MAISON A L'ENVERS,0.0,0.0,0.0,8,0,41,10,10,2025
187259,2025-10-10 09:00:00.000,D17,LA MAISON A L'ENVERS,0.0,0.0,0.0,9,0,41,10,10,2025
187274,2025-10-10 10:00:00.000,D17,LA MAISON A L'ENVERS,0.0,0.0,0.0,10,0,41,10,10,2025
187289,2025-10-10 11:00:00.000,D17,LA MAISON A L'ENVERS,0.0,0.0,0.0,11,0,41,10,10,2025
187304,2025-10-10 12:00:00.000,D17,LA MAISON A L'ENVERS,0.0,0.0,0.0,12,0,41,10,10,2025
187319,2025-10-10 13:00:00.000,D17,LA MAISON A L'ENVERS,0.0,0.0,0.0,13,0,41,10,10,2025
187334,2025-10-10 14:00:00.000,D17,LA MAISON A L'ENVERS,0.0,0.0,0.0,14,0,41,10,10,2025
187349,2025-10-10 15:00:00.000,D17,LA MAISON A L'ENVERS,0.0,0.7,0.7,15,0,41,10,10,2025
187364,2025-10-10 16:00:00.000,D17,LA MAISON A L'ENVERS,0.0,1.0,1.0,16,0,41,10,10,2025
187379,2025-10-10 17:00:00.000,D17,LA MAISON A L'ENVERS,0.0,1.0,1.0,17,0,41,10,10,2025
187394,2025-10-10 18:00:00.000,D17,LA MAISON A L'ENVERS,0.0,1.0,1.0,18,0,41,10,10,2025
187409,2025-10-10 19:00:00.000,D17,LA MAISON A L'ENVERS,0.0,1.0,1.0,19,0,41,10,10,2025
187424,2025-10-10 20:00:00.000,D17,LA MAISON A L'ENVERS,0.0,1.0,1.0,20,0,41,10,10,2025
187439,2025-10-10 21:00:00.000,D17,LA MAISON A L'ENVERS,0.0,1.0,1.0,21,0,41,10,10,2025
187454,2025-10-10 22:00:00.000,D17,LA MAISON A L'ENVERS,0.0,1.0,1.0,22,0,41,10,10,2025
187469,2025-10-10 23:00:00.000,D17,LA MAISON A L'ENVERS,0.0,1.0,1.0,23,0,41,10,10,2025
187484,2025-10-11 00:00:00.000,D17,LA MAISON A L'ENVERS,0.0,1.0,1.0,0,0,41,11,10,2025
187499,2025-10-11 01:00:00.000,D17,LA MAISON A L'ENVERS,0.0,1.0,1.0,1,0,41,11,10,2025
187514,2025-10-11 02:00:00.000,D17,LA MAISON A L'ENVERS,0.0,1.0,1.0,2,0,41,11,10,2025
187529,2025-10-11 03:00:00.000,D17,LA MAISON A L'ENVERS,0.0,1.0,1.0,3,0,41,11,10,2025
187544,2025-10-11 04:00:00.000,D17,LA MAISON A L'ENVERS,0.0,1.0,1.0,4,0,41,11,10,2025
187559,2025-10-11 05:00:00.000,D17,LA MAISON A L'ENVERS,0.0,1.0,1.0,5,0,41,11,10,2025
187574,2025-10-11 06:00:00.000,D17,LA MAISON A L'ENVERS,0.0,1.0,1.0,6,0,41,11,10,2025
187590,2025-10-11 07:00:00.000,D17,LA MAISON A L'ENVERS,0.0,0.0,0.0,7,0,41,11,10,2025
187608,2025-10-11 08:00:00.000,D17,LA MAISON A L'ENVERS,0.0,0.0,0.0,8,0,41,11,10,2025
187626,2025-10-11 09:00:00.000,D17,LA MAISON A L'ENVERS,0.0,0.0,0.0,9,0,41,11,10,2025
187644,2025-10-11 10:00:00.000,D17,LA MAISON A L'ENVERS,0.0,0.0,0.0,10,0,41,11,10,2025
187662,2025-10-11 11:00:00.000,D17,LA MAISON A L'ENVERS,0.0,0.9,0.9,11,0,41,11,10,2025
187680,2025-10-11 12:00:00.000,D17,LA MAISON A L'ENVERS,0.0,1.0,1.0,12,0,41,11,10,2025
187698,2025-10-11 13:00:00.000,D17,LA MAISON A L'ENVERS,0.0,1.0,1.0,13,0,41,11,10,2025
187716,2025-10-11 14:00:00.000,D17,LA MAISON A L'ENVERS,0.0,1.0,1.0,14,0,41,11,10,2025
187734,2025-10-11 15:00:00.000,D17,LA MAISON A L'ENVERS,0.0,1.0,1.0,15,0,41,11,10,2025
187752,2025-10-11 16:00:00.000,D17,LA MAISON A L'ENVERS,0.0,1.0,1.0,16,0,41,11,10,2025
187770,2025-10-11 17:00:00.000,D17,LA MAISON A L'ENVERS,0.0,1.0,1.0,17,0,41,11,10,2025
187788,2025-10-11 18:00:00.000,D17,LA MAISON A L'ENVERS,0.0,1.0,1.0,18,0,41,11,10,2025
187806,2025-10-11 19:00:00.000,D17,LA MAISON A L'ENVERS,0.35,1.0,0.65,19,0,41,11,10,2025
187824,2025-10-11 20:00:00.000,D17,LA MAISON A L'ENVERS,1.0,1.0,0.0,20,0,41,11,10,2025
187842,2025-10-11 21:00:00.000,D17,LA MAISON A L'ENVERS,1.0,1.0,0.0,21,0,41,11,10,2025
187860,2025-10-11 22:00:00.000,D17,LA MAISON A L'ENVERS,1.0,1.0,0.0,22,0,41,11,10,2025
187878,2025-10-11 23:00:00.000,D17,LA MAISON A L'ENVERS,1.0,1.0,0.0,23,0,41,11,10,2025
187896,2025-10-12 00:00:00.000,D17,LA MAISON A L'ENVERS,1.0,1.0,0.0,0,0,42,12,10,2025
187914,2025-10-12 01:00:00.000,D17,LA MAISON A L'ENVERS,1.0,1.0,0.0,1,0,42,12,10,2025
187932,2025-10-12 02:00:00.000,D17,LA MAISON A L'ENVERS,1.0,1.0,0.0,2,0,42,12,10,2025
187950,2025-10-12 03:00:00.000,D17,LA MAISON A L'ENVERS,1.0,1.0,0.0,3,0,42,12,10,2025
187968,2025-10-12 04:00:00.000,D17,LA MAISON A L'ENVERS,1.0,1.0,0.0,4,0,42,12,10,2025
187986,2025-10-12 05:00:00.000,D17,LA MAISON A L'ENVERS,1.0,1.0,0.0,5,0,42,12,10,2025
188004,2025-10-12 06:00:00.000,D17,LA MAISON A L'ENVERS,1.0,1.0,0.0,6,0,42,12,10,2025
188022,2025-10-12 07:00:00.000,D17,LA MAISON A L'ENVERS,1.0,0.0,0.0,7,0,42,12,10,2025
188040,2025-10-12 08:00:00.000,D17,LA MAISON A L'ENVERS,1.0,0.0,0.0,8,0,42,12,10,2025
188058,2025-10-12 09:00:00.000,D17,LA MAISON A L'ENVERS,1.0,0.0,0.0,9,0,42,12,10,2025
188076,2025-10-12 10:00:00.000,D17,LA MAISON A L'ENVERS,1.0,0.05,0.0,10,0,42,12,10,2025
188094,2025-10-12 11:00:00.000,D17,LA MAISON A L'ENVERS,0.1,1.0,0.9,11,0,42,12,10,2025
188112,2025-10-12 12:00:00.000,D17,LA MAISON A L'ENVERS,0.0,1.0,1.0,12,0,42,12,10,2025
188130,2025-10-12 13:00:00.000,D17,LA MAISON A L'ENVERS,0.0,1.0,1.0,13,0,42,12,10,2025
188148,2025-10-12 14:00:00.000,D17,LA MAISON A L'ENVERS,0.0,1.0,1.0,14,0,42,12,10,2025
188166,2025-10-12 15:00:00.000,D17,LA MAISON A L'ENVERS,0.0,1.0,1.0,15,0,42,12,10,2025
188184,2025-10-12 16:00:00.000,D17,LA MAISON A L'ENVERS,0.0,1.0,1.0,16,0,42,12,10,2025
188202,2025-10-12 17:00:00.000,D17,LA MAISON A L'ENVERS,0.0,1.0,1.0,17,0,42,12,10,2025
188220,2025-10-12 18:00:00.000,D17,LA MAISON A L'ENVERS,0.0,0.35,0.35,18,0,42,12,10,2025
188238,2025-10-12 19:00:00.000,D17,LA MAISON A L'ENVERS,0.0,0.0,0.0,19,0,42,12,10,2025
188256,2025-10-12 20:00:00.000,D17,LA MAISON A L'ENVERS,0.0,0.0,0.0,20,0,42,12,10,2025
188274,2025-10-12 21:00:00.000,D17,LA MAISON A L'ENVERS,0.0,0.0,0.0,21,0,42,12,10,2025
188292,2025-10-12 22:00:00.000,D17,LA MAISON A L'ENVERS,0.0,0.0,0.0,22,0,42,12,10,2025
188310,2025-10-12 23:00:00.000,D17,LA MAISON A L'ENVERS,0.0,0.0,0.0,23,0,42,12,10,2025
188328,2025-10-13 00:00:00.000,D17,LA MAISON A L'ENVERS,0.0,0.0,0.0,0,0,42,13,10,2025
188346,2025-10-13 01:00:00.000,D17,LA MAISON A L'ENVERS,0.0,0.0,0.0,1,0,42,13,10,2025
188364,2025-10-13 02:00:00.000,D17,LA MAISON A L'ENVERS,0.0,0.0,0.0,2,0,42,13,10,2025
188382,2025-10-13 03:00:00.000,D17,LA MAISON A L'ENVERS,0.0,0.0,0.0,3,0,42,13,10,2025
188400,2025-10-13 04:00:00.000,D17,LA MAISON A L'ENVERS,0.0,0.0,0.0,4,0,42,13,10,2025
188418,2025-10-13 05:00:00.000,D17,LA MAISON A L'ENVERS,0.0,0.0,0.0,5,0,42,13,10,2025
188436,2025-10-13 06:00:00.000,D17,LA MAISON A L'ENVERS,0.0,0.0,0.0,6,0,42,13,10,2025
188449,2025-10-13 07:00:00.000,D17,LA MAISON A L'ENVERS,0.0,0.0,0.0,7,0,42,13,10,2025
188525,2025-10-16 07:00:00.000,D17,LA MAISON A L'ENVERS,0.0,0.0,0.0,7,0,42,16,10,2025
188541,2025-10-16 08:00:00.000,D17,LA MAISON A L'ENVERS,0.0,0.0,0.0,8,0,42,16,10,2025
188557,2025-10-16 09:00:00.000,D17,LA MAISON A L'ENVERS,0.0,0.0,0.0,9,0,42,16,10,2025
188573,2025-10-16 10:00:00.000,D17,LA MAISON A L'ENVERS,0.0,0.0,0.0,10,0,42,16,10,2025
188589,2025-10-16 11:00:00.000,D17,LA MAISON A L'ENVERS,0.0,0.0,0.0,11,0,42,16,10,2025
188605,2025-10-16 12:00:00.000,D17,LA MAISON A L'ENVERS,0.0,0.0,0.0,12,0,42,16,10,2025
188621,2025-10-16 13:00:00.000,D17,LA MAISON A L'ENVERS,0.0,0.0,0.0,13,0,42,16,10,2025
188637,2025-10-16 14:00:00.000,D17,LA MAISON A L'ENVERS,0.0,0.0,0.0,14,0,42,16,10,2025
188653,2025-10-16 15:00:00.000,D17,LA MAISON A L'ENVERS,0.0,0.0,0.0,15,0,42,16,10,2025
188669,2025-10-16 16:00:00.000,D17,LA MAISON A L'ENVERS,0.0,0.0,0.0,16,0,42,16,10,2025
188685,2025-10-16 17:00:00.000,D17,LA MAISON A L'ENVERS,0.0,0.0,0.0,17,0,42,16,10,2025
188701,2025-10-16 18:00:00.000,D17,LA MAISON A L'ENVERS,0.0,0.0,0.0,18,0,42,16,10,2025
188717,2025-10-16 19:00:00.000,D17,LA MAISON A L'ENVERS,0.0,0.0,0.0,19,0,42,16,10,2025
188733,2025-10-16 20:00:00.000,D17,LA MAISON A L'ENVERS,0.0,0.0,0.0,20,0,42,16,10,2025
188749,2025-10-16 21:00:00.000,D17,LA MAISON A L'ENVERS,0.0,0.0,0.0,21,0,42,16,10,2025
188765,2025-10-16 22:00:00.000,D17,LA MAISON A L'ENVERS,0.0,0.0,0.0,22,0,42,16,10,2025
188781,2025-10-16 23:00:00.000,D17,LA MAISON A L'ENVERS,0.0,0.0,0.0,23,0,42,16,10,2025
188797,2025-10-17 00:00:00.000,D17,LA MAISON A L'ENVERS,0.0,0.0,0.0,0,0,42,17,10,2025
188813,2025-10-17 01:00:00.000,D17,LA MAISON A L'ENVERS,0.0,0.0,0.0,1,0,42,17,10,2025
188829,2025-10-17 02:00:00.000,D17,LA MAISON A L'ENVERS,0.0,0.0,0.0,2,0,42,17,10,2025
188845,2025-10-17 03:00:00.000,D17,LA MAISON A L'ENVERS,0.0,0.0,0.0,3,0,42,17,10,2025
188861,2025-10-17 04:00:00.000,D17,LA MAISON A L'ENVERS,0.0,0.0,0.0,4,0,42,17,10,2025
188877,2025-10-17 05:00:00.000,D17,LA MAISON A L'ENVERS,0.0,0.0,0.0,5,0,42,17,10,2025
188893,2025-10-17 06:00:00.000,D17,LA MAISON A L'ENVERS,0.0,0.0,0.0,6,0,42,17,10,2025
188909,2025-10-17 07:00:00.000,D17,LA MAISON A L'ENVERS,0.0,0.0,0.0,7,0,42,17,10,2025
188925,2025-10-17 08:00:00.000,D17,LA MAISON A L'ENVERS,0.0,0.0,0.0,8,0,42,17,10,2025
188941,2025-10-17 09:00:00.000,D17,LA MAISON A L'ENVERS,0.0,0.0,0.0,9,0,42,17,10,2025
188957,2025-10-17 10:00:00.000,D17,LA MAISON A L'ENVERS,0.0,0.0,0.0,10,0,42,17,10,2025
188973,2025-10-17 11:00:00.000,D17,LA MAISON A L'ENVERS,0.0,0.0,0.0,11,0,42,17,10,2025
188989,2025-10-17 12:00:00.000,D17,LA MAISON A L'ENVERS,0.0,0.0,0.0,12,0,42,17,10,2025
189005,2025-10-17 13:00:00.000,D17,LA MAISON A L'ENVERS,0.0,0.0,0.0,13,0,42,17,10,2025
189021,2025-10-17 14:00:00.000,D17,LA MAISON A L'ENVERS,0.0,0.0,0.0,14,0,42,17,10,2025
189037,2025-10-17 15:00:00.000,D17,LA MAISON A L'ENVERS,0.0,0.6,0.6,15,0,42,17,10,2025
189053,2025-10-17 16:00:00.000,D17,LA MAISON A L'ENVERS,0.0,1.0,1.0,16,0,42,17,10,2025
189069,2025-10-17 17:00:00.000,D17,LA MAISON A L'ENVERS,0.0,1.0,1.0,17,0,42,17,10,2025
189085,2025-10-17 18:00:00.000,D17,LA MAISON A L'ENVERS,0.0,1.0,1.0,18,0,42,17,10,2025
189101,2025-10-17 19:00:00.000,D17,LA MAISON A L'ENVERS,0.0,0.2,0.2,19,0,42,17,10,2025
189117,2025-10-17 20:00:00.000,D17,LA MAISON A L'ENVERS,0.0,0.0,0.0,20,0,42,17,10,2025
189133,2025-10-17 21:00:00.000,D17,LA MAISON A L'ENVERS,0.0,0.0,0.0,21,0,42,17,10,2025
189149,2025-10-17 22:00:00.000,D17,LA MAISON A L'ENVERS,0.0,0.0,0.0,22,0,42,17,10,2025
189165,2025-10-17 23:00:00.000,D17,LA MAISON A L'ENVERS,0.0,0.0,0.0,23,0,42,17,10,2025
189181,2025-10-18 00:00:00.000,D17,LA MAISON A L'ENVERS,0.0,0.0,0.0,0,0,42,18,10,2025
189197,2025-10-18 01:00:00.000,D17,LA MAISON A L'ENVERS,0.0,0.0,0.0,1,0,42,18,10,2025
189213,2025-10-18 02:00:00.000,D17,LA MAISON A L'ENVERS,0.0,0.0,0.0,2,0,42,18,10,2025
189229,2025-10-18 03:00:00.000,D17,LA MAISON A L'ENVERS,0.0,0.0,0.0,3,0,42,18,10,2025
189245,2025-10-18 04:00:00.000,D17,LA MAISON A L'ENVERS,0.0,0.0,0.0,4,0,42,18,10,2025
189261,2025-10-18 05:00:00.000,D17,LA MAISON A L'ENVERS,0.0,0.0,0.0,5,0,42,18,10,2025
189277,2025-10-18 06:00:00.000,D17,LA MAISON A L'ENVERS,0.0,0.0,0.0,6,0,42,18,10,2025
189293,2025-10-18 07:00:00.000,D17,LA MAISON A L'ENVERS,0.0,0.0,0.0,7,0,42,18,10,2025
189311,2025-10-18 08:00:00.000,D17,LA MAISON A L'ENVERS,0.0,0.0,0.0,8,0,42,18,10,2025
189329,2025-10-18 09:00:00.000,D17,LA MAISON A L'ENVERS,0.0,0.0,0.0,9,0,42,18,10,2025
189347,2025-10-18 10:00:00.000,D17,LA MAISON A L'ENVERS,0.0,0.4,0.4,10,0,42,18,10,2025
189365,2025-10-18 11:00:00.000,D17,LA MAISON A L'ENVERS,0.0,1.0,1.0,11,0,42,18,10,2025
189383,2025-10-18 12:00:00.000,D17,LA MAISON A L'ENVERS,0.0,1.0,1.0,12,0,42,18,10,2025
189401,2025-10-18 13:00:00.000,D17,LA MAISON A L'ENVERS,0.0,1.0,1.0,13,0,42,18,10,2025
189419,2025-10-18 14:00:00.000,D17,LA MAISON A L'ENVERS,0.0,1.0,1.0,14,0,42,18,10,2025
189437,2025-10-18 15:00:00.000,D17,LA MAISON A L'ENVERS,0.0,1.0,1.0,15,0,42,18,10,2025
189455,2025-10-18 16:00:00.000,D17,LA MAISON A L'ENVERS,0.0,1.0,1.0,16,0,42,18,10,2025
189473,2025-10-18 17:00:00.000,D17,LA MAISON A L'ENVERS,0.0,1.0,1.0,17,0,42,18,10,2025
189491,2025-10-18 18:00:00.000,D17,LA MAISON A L'ENVERS,0.0,1.0,1.0,18,0,42,18,10,2025
189509,2025-10-18 19:00:00.000,D17,LA MAISON A L'ENVERS,0.0,1.0,1.0,19,0,42,18,10,2025
189527,2025-10-18 20:00:00.000,D17,LA MAISON A L'ENVERS,0.1,0.9,0.8,20,0,42,18,10,2025
189545,2025-10-18 21:00:00.000,D17,LA MAISON A L'ENVERS,0.0,0.0,0.0,21,0,42,18,10,2025
189563,2025-10-18 22:00:00.000,D17,LA MAISON A L'ENVERS,0.0,0.0,0.0,22,0,42,18,10,2025
189581,2025-10-18 23:00:00.000,D17,LA MAISON A L'ENVERS,0.0,0.0,0.0,23,0,42,18,10,2025
189599,2025-10-19 00:00:00.000,D17,LA MAISON A L'ENVERS,0.0,0.0,0.0,0,0,43,19,10,2025
189617,2025-10-19 01:00:00.000,D17,LA MAISON A L'ENVERS,0.0,0.0,0.0,1,0,43,19,10,2025
189635,2025-10-19 02:00:00.000,D17,LA MAISON A L'ENVERS,0.0,0.0,0.0,2,0,43,19,10,2025
189653,2025-10-19 03:00:00.000,D17,LA MAISON A L'ENVERS,0.0,0.0,0.0,3,0,43,19,10,2025
189671,2025-10-19 04:00:00.000,D17,LA MAISON A L'ENVERS,0.0,0.0,0.0,4,0,43,19,10,2025
189689,2025-10-19 05:00:00.000,D17,LA MAISON A L'ENVERS,0.0,0.0,0.0,5,0,43,19,10,2025
189707,2025-10-19 06:00:00.000,D17,LA MAISON A L'ENVERS,0.0,0.0,0.0,6,0,43,19,10,2025
189725,2025-10-19 07:00:00.000,D17,LA MAISON A L'ENVERS,0.0,0.0,0.0,7,0,43,19,10,2025
189743,2025-10-19 08:00:00.000,D17,LA MAISON A L'ENVERS,0.0,0.0,0.0,8,0,43,19,10,2025
189761,2025-10-19 09:00:00.000,D17,LA MAISON A L'ENVERS,0.0,0.0,0.0,9,0,43,19,10,2025
189779,2025-10-19 10:00:00.000,D17,LA MAISON A L'ENVERS,0.0,0.5,0.5,10,0,43,19,10,2025
189797,2025-10-19 11:00:00.000,D17,LA MAISON A L'ENVERS,0.0,1.0,1.0,11,0,43,19,10,2025
189815,2025-10-19 12:00:00.000,D17,LA MAISON A L'ENVERS,0.0,1.0,1.0,12,0,43,19,10,2025
189833,2025-10-19 13:00:00.000,D17,LA MAISON A L'ENVERS,0.0,1.0,1.0,13,0,43,19,10,2025
189851,2025-10-19 14:00:00.000,D17,LA MAISON A L'ENVERS,0.0,1.0,1.0,14,0,43,19,10,2025
189869,2025-10-19 15:00:00.000,D17,LA MAISON A L'ENVERS,0.0,1.0,1.0,15,0,43,19,10,2025
189887,2025-10-19 16:00:00.000,D17,LA MAISON A L'ENVERS,0.0,1.0,1.0,16,0,43,19,10,2025
189905,2025-10-19 17:00:00.000,D17,LA MAISON A L'ENVERS,0.0,1.0,1.0,17,0,43,19,10,2025
189923,2025-10-19 18:00:00.000,D17,LA MAISON A L'ENVERS,0.0,1.0,1.0,18,0,43,19,10,2025
189941,2025-10-19 19:00:00.000,D17,LA MAISON A L'ENVERS,0.0,1.0,1.0,19,0,43,19,10,2025
189959,2025-10-19 20:00:00.000,D17,LA MAISON A L'ENVERS,0.0,0.15,0.15,20,0,43,19,10,2025
189977,2025-10-19 21:00:00.000,D17,LA MAISON A L'ENVERS,0.0,0.0,0.0,21,0,43,19,10,2025
189995,2025-10-19 22:00:00.000,D17,LA MAISON A L'ENVERS,0.0,0.0,0.0,22,0,43,19,10,2025
190013,2025-10-19 23:00:00.000,D17,LA MAISON A L'ENVERS,0.0,0.0,0.0,23,0,43,19,10,2025
190031,2025-10-20 00:00:00.000,D17,LA MAISON A L'ENVERS,0.0,0.0,0.0,0,0,43,20,10,2025
190049,2025-10-20 01:00:00.000,D17,LA MAISON A L'ENVERS,0.0,0.0,0.0,1,0,43,20,10,2025
190067,2025-10-20 02:00:00.000,D17,LA MAISON A L'ENVERS,0.0,0.0,0.0,2,0,43,20,10,2025
190085,2025-10-20 03:00:00.000,D17,LA MAISON A L'ENVERS,0.0,0.0,0.0,3,0,43,20,10,2025
190103,2025-10-20 04:00:00.000,D17,LA MAISON A L'ENVERS,0.0,0.0,0.0,4,0,43,20,10,2025
190121,2025-10-20 05:00:00.000,D17,LA MAISON A L'ENVERS,0.0,0.0,0.0,5,0,43,20,10,2025
190139,2025-10-20 06:00:00.000,D17,LA MAISON A L'ENVERS,0.0,0.0,0.0,6,0,43,20,10,2025
190157,2025-10-20 07:00:00.000,D17,LA MAISON A L'ENVERS,0.0,0.0,0.0,7,0,43,20,10,2025
190175,2025-10-20 08:00:00.000,D17,LA MAISON A L'ENVERS,0.0,0.0,0.0,8,0,43,20,10,2025
190193,2025-10-20 09:00:00.000,D17,LA MAISON A L'ENVERS,0.0,0.0,0.0,9,0,43,20,10,2025
190211,2025-10-20 10:00:00.000,D17,LA MAISON A L'ENVERS,0.0,0.0,0.0,10,0,43,20,10,2025
190229,2025-10-20 11:00:00.000,D17,LA MAISON A L'ENVERS,0.0,0.95,0.95,11,0,43,20,10,2025
190247,2025-10-20 12:00:00.000,D17,LA MAISON A L'ENVERS,0.0,1.0,1.0,12,0,43,20,10,2025
190265,2025-10-20 13:00:00.000,D17,LA MAISON A L'ENVERS,0.0,1.0,1.0,13,0,43,20,10,2025
190283,2025-10-20 14:00:00.000,D17,LA MAISON A L'ENVERS,0.0,1.0,1.0,14,0,43,20,10,2025
190301,2025-10-20 15:00:00.000,D17,LA MAISON A L'ENVERS,0.0,1.0,1.0,15,0,43,20,10,2025
190319,2025-10-20 16:00:00.000,D17,LA MAISON A L'ENVERS,0.0,1.0,1.0,16,0,43,20,10,2025
190337,2025-10-20 17:00:00.000,D17,LA MAISON A L'ENVERS,0.0,1.0,1.0,17,0,43,20,10,2025
190355,2025-10-20 18:00:00.000,D17,LA MAISON A L'ENVERS,0.0,1.0,1.0,18,0,43,20,10,2025
190373,2025-10-20 19:00:00.000,D17,LA MAISON A L'ENVERS,0.0,1.0,1.0,19,0,43,20,10,2025
190391,2025-10-20 20:00:00.000,D17,LA MAISON A L'ENVERS,0.0,0.8,0.8,20,0,43,20,10,2025
190409,2025-10-20 21:00:00.000,D17,LA MAISON A L'ENVERS,0.0,0.0,0.0,21,0,43,20,10,2025
190427,2025-10-20 22:00:00.000,D17,LA MAISON A L'ENVERS,0.0,0.0,0.0,22,0,43,20,10,2025
190445,2025-10-20 23:00:00.000,D17,LA MAISON A L'ENVERS,0.0,0.0,0.0,23,0,43,20,10,2025
190463,2025-10-21 00:00:00.000,D17,LA MAISON A L'ENVERS,0.0,0.0,0.0,0,0,43,21,10,2025
190481,2025-10-21 01:00:00.000,D17,LA MAISON A L'ENVERS,0.0,0.0,0.0,1,0,43,21,10,2025
190499,2025-10-21 02:00:00.000,D17,LA MAISON A L'ENVERS,0.0,0.0,0.0,2,0,43,21,10,2025
190517,2025-10-21 03:00:00.000,D17,LA MAISON A L'ENVERS,0.0,0.0,0.0,3,0,43,21,10,2025
190535,2025-10-21 04:00:00.000,D17,LA MAISON A L'ENVERS,0.0,0.0,0.0,4,0,43,21,10,2025
190553,2025-10-21 05:00:00.000,D17,LA MAISON A L'ENVERS,0.0,0.0,0.0,5,0,43,21,10,2025
190571,2025-10-21 06:00:00.000,D17,LA MAISON A L'ENVERS,0.0,0.0,0.0,6,0,43,21,10,2025
190589,2025-10-21 07:00:00.000,D17,LA MAISON A L'ENVERS,0.0,0.0,0.0,7,0,43,21,10,2025
190607,2025-10-21 08:00:00.000,D17,LA MAISON A L'ENVERS,0.0,0.0,0.0,8,0,43,21,10,2025
190625,2025-10-21 09:00:00.000,D17,LA MAISON A L'ENVERS,0.0,0.0,0.0,9,0,43,21,10,2025
190643,2025-10-21 10:00:00.000,D17,LA MAISON A L'ENVERS,0.0,0.0,0.0,10,0,43,21,10,2025
190661,2025-10-21 11:00:00.000,D17,LA MAISON A L'ENVERS,0.0,0.0,0.0,11,0,43,21,10,2025
190679,2025-10-21 12:00:00.000,D17,LA MAISON A L'ENVERS,0.0,0.0,0.0,12,0,43,21,10,2025
190697,2025-10-21 13:00:00.000,D17,LA MAISON A L'ENVERS,0.0,0.45,0.45,13,0,43,21,10,2025
190715,2025-10-21 14:00:00.000,D17,LA MAISON A L'ENVERS,0.0,1.0,1.0,14,0,43,21,10,2025
190733,2025-10-21 15:00:00.000,D17,LA MAISON A L'ENVERS,0.0,1.0,1.0,15,0,43,21,10,2025
190751,2025-10-21 16:00:00.000,D17,LA MAISON A L'ENVERS,0.0,1.0,1.0,16,0,43,21,10,2025
190769,2025-10-21 17:00:00.000,D17,LA MAISON A L'ENVERS,0.0,1.0,1.0,17,0,43,21,10,2025
190787,2025-10-21 18:00:00.000,D17,LA MAISON A L'ENVERS,0.0,1.0,1.0,18,0,43,21,10,2025
190805,2025-10-21 19:00:00.000,D17,LA MAISON A L'ENVERS,0.0,0.7,0.7,19,0,43,21,10,2025
190823,2025-10-21 20:00:00.000,D17,LA MAISON A L'ENVERS,0.0,0.0,0.0,20,0,43,21,10,2025
190841,2025-10-21 21:00:00.000,D17,LA MAISON A L'ENVERS,0.0,0.0,0.0,21,0,43,21,10,2025
190859,2025-10-21 22:00:00.000,D17,LA MAISON A L'ENVERS,0.0,0.0,0.0,22,0,43,21,10,2025
190877,2025-10-21 23:00:00.000,D17,LA MAISON A L'ENVERS,0.0,0.0,0.0,23,0,43,21,10,2025
190895,2025-10-22 00:00:00.000,D17,LA MAISON A L'ENVERS,0.0,0.0,0.0,0,0,43,22,10,2025
190913,2025-10-22 01:00:00.000,D17,LA MAISON A L'ENVERS,0.0,0.0,0.0,1,0,43,22,10,2025
190931,2025-10-22 02:00:00.000,D17,LA MAISON A L'ENVERS,0.0,0.0,0.0,2,0,43,22,10,2025
190949,2025-10-22 03:00:00.000,D17,LA MAISON A L'ENVERS,0.0,0.0,0.0,3,0,43,22,10,2025
190967,2025-10-22 04:00:00.000,D17,LA MAISON A L'ENVERS,0.0,0.0,0.0,4,0,43,22,10,2025
190985,2025-10-22 05:00:00.000,D17,LA MAISON A L'ENVERS,0.0,0.0,0.0,5,0,43,22,10,2025
191003,2025-10-22 06:00:00.000,D17,LA MAISON A L'ENVERS,0.0,0.0,0.0,6,0,43,22,10,2025
191021,2025-10-22 07:00:00.000,D17,LA MAISON A L'ENVERS,0.0,0.0,0.0,7,0,43,22,10,2025
191039,2025-10-22 08:00:00.000,D17,LA MAISON A L'ENVERS,0.0,0.0,0.0,8,0,43,22,10,2025
191057,2025-10-22 09:00:00.000,D17,LA MAISON A L'ENVERS,0.0,0.0,0.0,9,0,43,22,10,2025
191075,2025-10-22 10:00:00.000,D17,LA MAISON A L'ENVERS,0.0,0.0,0.0,10,0,43,22,10,2025
191093,2025-10-22 11:00:00.000,D17,LA MAISON A L'ENVERS,0.0,0.0,0.0,11,0,43,22,10,2025
191111,2025-10-22 12:00:00.000,D17,LA MAISON A L'ENVERS,0.0,0.0,0.0,12,0,43,22,10,2025
191129,2025-10-22 13:00:00.000,D17,LA MAISON A L'ENVERS,0.0,0.0,0.0,13,0,43,22,10,2025
191147,2025-10-22 14:00:00.000,D17,LA MAISON A L'ENVERS,0.0,0.0,0.0,14,0,43,22,10,2025
191165,2025-10-22 15:00:00.000,D17,LA MAISON A L'ENVERS,0.0,0.05,0.05,15,0,43,22,10,2025
191183,2025-10-22 16:00:00.000,D17,LA MAISON A L'ENVERS,0.0,0.0,0.0,16,0,43,22,10,2025
191201,2025-10-22 17:00:00.000,D17,LA MAISON A L'ENVERS,0.0,0.0,0.0,17,0,43,22,10,2025
191219,2025-10-22 18:00:00.000,D17,LA MAISON A L'ENVERS,0.0,0.0,0.0,18,0,43,22,10,2025
191237,2025-10-22 19:00:00.000,D17,LA MAISON A L'ENVERS,0.0,0.0,0.0,19,0,43,22,10,2025
191255,2025-10-22 20:00:00.000,D17,LA MAISON A L'ENVERS,0.0,0.0,0.0,20,0,43,22,10,2025
191273,2025-10-22 21:00:00.000,D17,LA MAISON A L'ENVERS,0.0,0.0,0.0,21,0,43,22,10,2025
191291,2025-10-22 22:00:00.000,D17,LA MAISON A L'ENVERS,0.0,0.0,0.0,22,0,43,22,10,2025
191309,2025-10-22 23:00:00.000,D17,LA MAISON A L'ENVERS,0.0,0.0,0.0,23,0,43,22,10,2025
191327,2025-10-23 00:00:00.000,D17,LA MAISON A L'ENVERS,0.0,0.0,0.0,0,0,43,23,10,2025
191345,2025-10-23 01:00:00.000,D17,LA MAISON A L'ENVERS,0.0,0.0,0.0,1,0,43,23,10,2025
191363,2025-10-23 02:00:00.000,D17,LA MAISON A L'ENVERS,0.0,0.0,0.0,2,0,43,23,10,2025
191381,2025-10-23 03:00:00.000,D17,LA MAISON A L'ENVERS,0.0,0.0,0.0,3,0,43,23,10,2025
191399,2025-10-23 04:00:00.000,D17,LA MAISON A L'ENVERS,0.0,0.0,0.0,4,0,43,23,10,2025
191417,2025-10-23 05:00:00.000,D17,LA MAISON A L'ENVERS,0.0,0.0,0.0,5,0,43,23,10,2025
191435,2025-10-23 06:00:00.000,D17,LA MAISON A L'ENVERS,0.0,0.0,0.0,6,0,43,23,10,2025
191453,2025-10-23 07:00:00.000,D17,LA MAISON A L'ENVERS,0.0,0.0,0.0,7,0,43,23,10,2025
191470,2025-10-23 08:00:00.000,D17,LA MAISON A L'ENVERS,0.0,0.0,0.0,8,0,43,23,10,2025
191487,2025-10-23 09:00:00.000,D17,LA MAISON A L'ENVERS,0.0,0.0,0.0,9,0,43,23,10,2025
191504,2025-10-23 10:00:00.000,D17,LA MAISON A L'ENVERS,0.0,0.0,0.0,10,0,43,23,10,2025
191521,2025-10-23 11:00:00.000,D17,LA MAISON A L'ENVERS,0.0,0.25,0.25,11,0,43,23,10,2025
191538,2025-10-23 12:00:00.000,D17,LA MAISON A L'ENVERS,0.0,1.0,1.0,12,0,43,23,10,2025
191555,2025-10-23 13:00:00.000,D17,LA MAISON A L'ENVERS,0.0,1.0,1.0,13,0,43,23,10,2025
191572,2025-10-23 14:00:00.000,D17,LA MAISON A L'ENVERS,0.0,1.0,1.0,14,0,43,23,10,2025
191589,2025-10-23 15:00:00.000,D17,LA MAISON A L'ENVERS,0.0,1.0,1.0,15,0,43,23,10,2025
191606,2025-10-23 16:00:00.000,D17,LA MAISON A L'ENVERS,0.0,1.0,1.0,16,0,43,23,10,2025
191623,2025-10-23 17:00:00.000,D17,LA MAISON A L'ENVERS,0.0,1.0,1.0,17,0,43,23,10,2025
191640,2025-10-23 18:00:00.000,D17,LA MAISON A L'ENVERS,0.0,1.0,1.0,18,0,43,23,10,2025
191657,2025-10-23 19:00:00.000,D17,LA MAISON A L'ENVERS,0.0,1.0,1.0,19,0,43,23,10,2025
191674,2025-10-23 20:00:00.000,D17,LA MAISON A L'ENVERS,0.0,0.6,0.6,20,0,43,23,10,2025
191691,2025-10-23 21:00:00.000,D17,LA MAISON A L'ENVERS,0.0,0.0,0.0,21,0,43,23,10,2025
191708,2025-10-23 22:00:00.000,D17,LA MAISON A L'ENVERS,0.0,0.0,0.0,22,0,43,23,10,2025
191725,2025-10-23 23:00:00.000,D17,LA MAISON A L'ENVERS,0.0,0.0,0.0,23,0,43,23,10,2025
191742,2025-10-24 00:00:00.000,D17,LA MAISON A L'ENVERS,0.0,0.0,0.0,0,0,43,24,10,2025
191759,2025-10-24 01:00:00.000,D17,LA MAISON A L'ENVERS,0.0,0.0,0.0,1,0,43,24,10,2025
191776,2025-10-24 02:00:00.000,D17,LA MAISON A L'ENVERS,0.0,0.0,0.0,2,0,43,24,10,2025
191793,2025-10-24 03:00:00.000,D17,LA MAISON A L'ENVERS,0.0,0.0,0.0,3,0,43,24,10,2025
191810,2025-10-24 04:00:00.000,D17,LA MAISON A L'ENVERS,0.0,0.0,0.0,4,0,43,24,10,2025
191827,2025-10-24 05:00:00.000,D17,LA MAISON A L'ENVERS,0.0,0.0,0.0,5,0,43,24,10,2025
191844,2025-10-24 06:00:00.000,D17,LA MAISON A L'ENVERS,0.0,0.0,0.0,6,0,43,24,10,2025
191861,2025-10-24 07:00:00.000,D17,LA MAISON A L'ENVERS,0.0,0.0,0.0,7,0,43,24,10,2025
191879,2025-10-24 08:00:00.000,D17,LA MAISON A L'ENVERS,0.0,0.0,0.0,8,0,43,24,10,2025
191897,2025-10-24 09:00:00.000,D17,LA MAISON A L'ENVERS,0.0,0.0,0.0,9,0,43,24,10,2025
191915,2025-10-24 10:00:00.000,D17,LA MAISON A L'ENVERS,0.0,0.0,0.0,10,0,43,24,10,2025
191933,2025-10-24 11:00:00.000,D17,LA MAISON A L'ENVERS,0.0,0.0,0.0,11,0,43,24,10,2025
191951,2025-10-24 12:00:00.000,D17,LA MAISON A L'ENVERS,0.0,0.0,0.0,12,0,43,24,10,2025
191969,2025-10-24 13:00:00.000,D17,LA MAISON A L'ENVERS,0.0,0.0,0.0,13,0,43,24,10,2025
191987,2025-10-24 14:00:00.000,D17,LA MAISON A L'ENVERS,0.0,0.35,0.35,14,0,43,24,10,2025
192005,2025-10-24 15:00:00.000,D17,LA MAISON A L'ENVERS,0.0,1.0,1.0,15,0,43,24,10,2025
192023,2025-10-24 16:00:00.000,D17,LA MAISON A L'ENVERS,0.0,1.0,1.0,16,0,43,24,10,2025
192041,2025-10-24 17:00:00.000,D17,LA MAISON A L'ENVERS,0.0,1.0,1.0,17,0,43,24,10,2025
192059,2025-10-24 18:00:00.000,D17,LA MAISON A L'ENVERS,0.0,1.0,1.0,18,0,43,24,10,2025
192077,2025-10-24 19:00:00.000,D17,LA MAISON A L'ENVERS,0.0,1.0,1.0,19,0,43,24,10,2025
192095,2025-10-24 20:00:00.000,D17,LA MAISON A L'ENVERS,0.0,0.35,0.35,20,0,43,24,10,2025
192113,2025-10-24 21:00:00.000,D17,LA MAISON A L'ENVERS,0.0,0.0,0.0,21,0,43,24,10,2025
192131,2025-10-24 22:00:00.000,D17,LA MAISON A L'ENVERS,0.0,0.0,0.0,22,0,43,24,10,2025
192149,2025-10-24 23:00:00.000,D17,LA MAISON A L'ENVERS,0.0,0.0,0.0,23,0,43,24,10,2025
192167,2025-10-25 00:00:00.000,D17,LA MAISON A L'ENVERS,0.0,0.0,0.0,0,0,43,25,10,2025
192185,2025-10-25 01:00:00.000,D17,LA MAISON A L'ENVERS,0.0,0.0,0.0,1,0,43,25,10,2025
192203,2025-10-25 02:00:00.000,D17,LA MAISON A L'ENVERS,0.0,0.0,0.0,2,0,43,25,10,2025
192221,2025-10-25 03:00:00.000,D17,LA MAISON A L'ENVERS,0.0,0.0,0.0,3,0,43,25,10,2025
192239,2025-10-25 04:00:00.000,D17,LA MAISON A L'ENVERS,0.0,0.0,0.0,4,0,43,25,10,2025
192257,2025-10-25 05:00:00.000,D17,LA MAISON A L'ENVERS,0.0,0.0,0.0,5,0,43,25,10,2025
192275,2025-10-25 06:00:00.000,D17,LA MAISON A L'ENVERS,0.0,0.0,0.0,6,0,43,25,10,2025
192293,2025-10-25 07:00:00.000,D17,LA MAISON A L'ENVERS,0.0,0.0,0.0,7,0,43,25,10,2025
192311,2025-10-25 08:00:00.000,D17,LA MAISON A L'ENVERS,0.0,0.0,0.0,8,0,43,25,10,2025
192329,2025-10-25 09:00:00.000,D17,LA MAISON A L'ENVERS,0.0,0.0,0.0,9,0,43,25,10,2025
192347,2025-10-25 10:00:00.000,D17,LA MAISON A L'ENVERS,0.0,0.45,0.45,10,0,43,25,10,2025
192365,2025-10-25 11:00:00.000,D17,LA MAISON A L'ENVERS,0.0,1.0,1.0,11,0,43,25,10,2025
192383,2025-10-25 12:00:00.000,D17,LA MAISON A L'ENVERS,0.0,1.0,1.0,12,0,43,25,10,2025
192401,2025-10-25 13:00:00.000,D17,LA MAISON A L'ENVERS,0.0,1.0,1.0,13,0,43,25,10,2025
192419,2025-10-25 14:00:00.000,D17,LA MAISON A L'ENVERS,0.0,1.0,1.0,14,0,43,25,10,2025
192437,2025-10-25 15:00:00.000,D17,LA MAISON A L'ENVERS,0.0,1.0,1.0,15,0,43,25,10,2025
192455,2025-10-25 16:00:00.000,D17,LA MAISON A L'ENVERS,0.0,1.0,1.0,16,0,43,25,10,2025
192473,2025-10-25 17:00:00.000,D17,LA MAISON A L'ENVERS,0.0,1.0,1.0,17,0,43,25,10,2025
192491,2025-10-25 18:00:00.000,D17,LA MAISON A L'ENVERS,0.15,1.0,0.85,18,0,43,25,10,2025
192509,2025-10-25 19:00:00.000,D17,LA MAISON A L'ENVERS,1.0,0.4,0.0,19,0,43,25,10,2025
192527,2025-10-25 20:00:00.000,D17,LA MAISON A L'ENVERS,1.0,0.0,0.0,20,0,43,25,10,2025
192545,2025-10-25 21:00:00.000,D17,LA MAISON A L'ENVERS,1.0,0.0,0.0,21,0,43,25,10,2025
192563,2025-10-25 22:00:00.000,D17,LA MAISON A L'ENVERS,1.0,0.0,0.0,22,0,43,25,10,2025
192581,2025-10-25 23:00:00.000,D17,LA MAISON A L'ENVERS,1.0,0.0,0.0,23,0,43,25,10,2025
192599,2025-10-26 00:00:00.000,D17,LA MAISON A L'ENVERS,1.0,0.0,0.0,0,0,44,26,10,2025
192617,2025-10-26 01:00:00.000,D17,LA MAISON A L'ENVERS,1.0,0.0,0.0,1,0,44,26,10,2025
192635,2025-10-26 02:00:00.000,D17,LA MAISON A L'ENVERS,1.0,0.0,0.0,2,0,44,26,10,2025
192653,2025-10-26 03:00:00.000,D17,LA MAISON A L'ENVERS,1.0,0.0,0.0,3,0,44,26,10,2025
192671,2025-10-26 04:00:00.000,D17,LA MAISON A L'ENVERS,1.0,0.0,0.0,4,0,44,26,10,2025
192689,2025-10-26 05:00:00.000,D17,LA MAISON A L'ENVERS,1.0,0.0,0.0,5,0,44,26,10,2025
192707,2025-10-26 06:00:00.000,D17,LA MAISON A L'ENVERS,1.0,0.0,0.0,6,0,44,26,10,2025
192725,2025-10-26 07:00:00.000,D17,LA MAISON A L'ENVERS,1.0,0.0,0.0,7,0,44,26,10,2025
192743,2025-10-26 08:00:00.000,D17,LA MAISON A L'ENVERS,1.0,0.0,0.0,8,0,44,26,10,2025
192761,2025-10-26 09:00:00.000,D17,LA MAISON A L'ENVERS,1.0,0.0,0.0,9,0,44,26,10,2025
192779,2025-10-26 10:00:00.000,D17,LA MAISON A L'ENVERS,0.65,0.4,0.0,10,0,44,26,10,2025
192797,2025-10-26 11:00:00.000,D17,LA MAISON A L'ENVERS,0.0,1.0,1.0,11,0,44,26,10,2025
192815,2025-10-26 12:00:00.000,D17,LA MAISON A L'ENVERS,0.0,1.0,1.0,12,0,44,26,10,2025
192833,2025-10-26 13:00:00.000,D17,LA MAISON A L'ENVERS,0.0,1.0,1.0,13,0,44,26,10,2025
192851,2025-10-26 14:00:00.000,D17,LA MAISON A L'ENVERS,0.0,1.0,1.0,14,0,44,26,10,2025
192869,2025-10-26 15:00:00.000,D17,LA MAISON A L'ENVERS,0.0,1.0,1.0,15,0,44,26,10,2025
192887,2025-10-26 16:00:00.000,D17,LA MAISON A L'ENVERS,0.0,1.0,1.0,16,0,44,26,10,2025
192905,2025-10-26 17:00:00.000,D17,LA MAISON A L'ENVERS,0.0,1.0,1.0,17,0,44,26,10,2025
192923,2025-10-26 18:00:00.000,D17,LA MAISON A L'ENVERS,0.2,1.0,0.8,18,0,44,26,10,2025
192941,2025-10-26 19:00:00.000,D17,LA MAISON A L'ENVERS,0.05,0.25,0.2,19,0,44,26,10,2025
192959,2025-10-26 20:00:00.000,D17,LA MAISON A L'ENVERS,0.0,0.0,0.0,20,0,44,26,10,2025
192977,2025-10-26 21:00:00.000,D17,LA MAISON A L'ENVERS,0.0,0.0,0.0,21,0,44,26,10,2025
192995,2025-10-26 22:00:00.000,D17,LA MAISON A L'ENVERS,0.0,0.0,0.0,22,0,44,26,10,2025
193013,2025-10-26 23:00:00.000,D17,LA MAISON A L'ENVERS,0.0,0.0,0.0,23,0,44,26,10,2025
193031,2025-10-27 00:00:00.000,D17,LA MAISON A L'ENVERS,0.0,0.0,0.0,0,0,44,27,10,2025
193049,2025-10-27 01:00:00.000,D17,LA MAISON A L'ENVERS,0.0,0.0,0.0,1,0,44,27,10,2025
193067,2025-10-27 02:00:00.000,D17,LA MAISON A L'ENVERS,0.0,0.0,0.0,2,0,44,27,10,2025
193085,2025-10-27 03:00:00.000,D17,LA MAISON A L'ENVERS,0.0,0.0,0.0,3,0,44,27,10,2025
193103,2025-10-27 04:00:00.000,D17,LA MAISON A L'ENVERS,0.0,0.0,0.0,4,0,44,27,10,2025
193121,2025-10-27 05:00:00.000,D17,LA MAISON A L'ENVERS,0.0,0.0,0.0,5,0,44,27,10,2025
193139,2025-10-27 06:00:00.000,D17,LA MAISON A L'ENVERS,0.0,0.0,0.0,6,0,44,27,10,2025
193157,2025-10-27 07:00:00.000,D17,LA MAISON A L'ENVERS,0.0,0.0,0.0,7,0,44,27,10,2025
193175,2025-10-27 08:00:00.000,D17,LA MAISON A L'ENVERS,0.0,0.0,0.0,8,0,44,27,10,2025
193193,2025-10-27 09:00:00.000,D17,LA MAISON A L'ENVERS,0.0,0.0,0.0,9,0,44,27,10,2025
193211,2025-10-27 10:00:00.000,D17,LA MAISON A L'ENVERS,0.0,0.0,0.0,10,0,44,27,10,2025
193229,2025-10-27 11:00:00.000,D17,LA MAISON A L'ENVERS,0.0,0.0,0.0,11,0,44,27,10,2025
193247,2025-10-27 12:00:00.000,D17,LA MAISON A L'ENVERS,0.0,0.0,0.0,12,0,44,27,10,2025
193265,2025-10-27 13:00:00.000,D17,LA MAISON A L'ENVERS,0.0,1.0,1.0,13,0,44,27,10,2025
193283,2025-10-27 14:00:00.000,D17,LA MAISON A L'ENVERS,0.0,1.0,1.0,14,0,44,27,10,2025
193301,2025-10-27 15:00:00.000,D17,LA MAISON A L'ENVERS,0.0,1.0,1.0,15,0,44,27,10,2025
193319,2025-10-27 16:00:00.000,D17,LA MAISON A L'ENVERS,0.0,1.0,1.0,16,0,44,27,10,2025
193337,2025-10-27 17:00:00.000,D17,LA MAISON A L'ENVERS,0.0,1.0,1.0,17,0,44,27,10,2025
193355,2025-10-27 18:00:00.000,D17,LA MAISON A L'ENVERS,0.15,1.0,0.85,18,0,44,27,10,2025
193373,2025-10-27 19:00:00.000,D17,LA MAISON A L'ENVERS,1.0,1.0,0.0,19,0,44,27,10,2025
193391,2025-10-27 20:00:00.000,D17,LA MAISON A L'ENVERS,1.0,1.0,0.0,20,0,44,27,10,2025
193409,2025-10-27 21:00:00.000,D17,LA MAISON A L'ENVERS,1.0,1.0,0.0,21,0,44,27,10,2025
193427,2025-10-27 22:00:00.000,D17,LA MAISON A L'ENVERS,1.0,1.0,0.0,22,0,44,27,10,2025
193445,2025-10-27 23:00:00.000,D17,LA MAISON A L'ENVERS,1.0,1.0,0.0,23,0,44,27,10,2025
193463,2025-10-28 00:00:00.000,D17,LA MAISON A L'ENVERS,1.0,1.0,0.0,0,0,44,28,10,2025
193481,2025-10-28 01:00:00.000,D17,LA MAISON A L'ENVERS,1.0,1.0,0.0,1,0,44,28,10,2025
193499,2025-10-28 02:00:00.000,D17,LA MAISON A L'ENVERS,1.0,1.0,0.0,2,0,44,28,10,2025
193517,2025-10-28 03:00:00.000,D17,LA MAISON A L'ENVERS,1.0,1.0,0.0,3,0,44,28,10,2025
193535,2025-10-28 04:00:00.000,D17,LA MAISON A L'ENVERS,1.0,1.0,0.0,4,0,44,28,10,2025
193553,2025-10-28 05:00:00.000,D17,LA MAISON A L'ENVERS,1.0,1.0,0.0,5,0,44,28,10,2025
193571,2025-10-28 06:00:00.000,D17,LA MAISON A L'ENVERS,1.0,1.0,0.0,6,0,44,28,10,2025
193589,2025-10-28 07:00:00.000,D17,LA MAISON A L'ENVERS,1.0,0.0,0.0,7,0,44,28,10,2025
193607,2025-10-28 08:00:00.000,D17,LA MAISON A L'ENVERS,1.0,0.0,0.0,8,0,44,28,10,2025
193625,2025-10-28 09:00:00.000,D17,LA MAISON A L'ENVERS,1.0,0.0,0.0,9,0,44,28,10,2025
193643,2025-10-28 10:00:00.000,D17,LA MAISON A L'ENVERS,0.65,0.65,0.0,10,0,44,28,10,2025
193661,2025-10-28 11:00:00.000,D17,LA MAISON A L'ENVERS,0.0,1.0,1.0,11,0,44,28,10,2025
193679,2025-10-28 12:00:00.000,D17,LA MAISON A L'ENVERS,0.0,1.0,1.0,12,0,44,28,10,2025
193697,2025-10-28 13:00:00.000,D17,LA MAISON A L'ENVERS,0.0,1.0,1.0,13,0,44,28,10,2025
193715,2025-10-28 14:00:00.000,D17,LA MAISON A L'ENVERS,0.0,1.0,1.0,14,0,44,28,10,2025
193733,2025-10-28 15:00:00.000,D17,LA MAISON A L'ENVERS,0.0,1.0,1.0,15,0,44,28,10,2025
193751,2025-10-28 16:00:00.000,D17,LA MAISON A L'ENVERS,0.0,1.0,1.0,16,0,44,28,10,2025
193769,2025-10-28 17:00:00.000,D17,LA MAISON A L'ENVERS,0.0,1.0,1.0,17,0,44,28,10,2025
193787,2025-10-28 18:00:00.000,D17,LA MAISON A L'ENVERS,0.0,1.0,1.0,18,0,44,28,10,2025
193805,2025-10-28 19:00:00.000,D17,LA MAISON A L'ENVERS,0.0,1.0,1.0,19,0,44,28,10,2025
193823,2025-10-28 20:00:00.000,D17,LA MAISON A L'ENVERS,0.0,1.0,1.0,20,0,44,28,10,2025
193841,2025-10-28 21:00:00.000,D17,LA MAISON A L'ENVERS,0.0,1.0,1.0,21,0,44,28,10,2025
193859,2025-10-28 22:00:00.000,D17,LA MAISON A L'ENVERS,0.0,1.0,1.0,22,0,44,28,10,2025
193877,2025-10-28 23:00:00.000,D17,LA MAISON A L'ENVERS,0.0,1.0,1.0,23,0,44,28,10,2025
193895,2025-10-29 00:00:00.000,D17,LA MAISON A L'ENVERS,0.0,1.0,1.0,0,0,44,29,10,2025
193913,2025-10-29 01:00:00.000,D17,LA MAISON A L'ENVERS,0.0,1.0,1.0,1,0,44,29,10,2025
193931,2025-10-29 02:00:00.000,D17,LA MAISON A L'ENVERS,0.0,1.0,1.0,2,0,44,29,10,2025
193949,2025-10-29 03:00:00.000,D17,LA MAISON A L'ENVERS,0.0,1.0,1.0,3,0,44,29,10,2025
193967,2025-10-29 04:00:00.000,D17,LA MAISON A L'ENVERS,0.0,1.0,1.0,4,0,44,29,10,2025
193985,2025-10-29 05:00:00.000,D17,LA MAISON A L'ENVERS,0.0,1.0,1.0,5,0,44,29,10,2025
194003,2025-10-29 06:00:00.000,D17,LA MAISON A L'ENVERS,0.0,1.0,1.0,6,0,44,29,10,2025
194021,2025-10-29 07:00:00.000,D17,LA MAISON A L'ENVERS,0.0,0.0,0.0,7,0,44,29,10,2025
194039,2025-10-29 08:00:00.000,D17,LA MAISON A L'ENVERS,0.0,0.0,0.0,8,0,44,29,10,2025
194057,2025-10-29 09:00:00.000,D17,LA MAISON A L'ENVERS,0.0,0.0,0.0,9,0,44,29,10,2025
194075,2025-10-29 10:00:00.000,D17,LA MAISON A L'ENVERS,0.0,0.6,0.6,10,0,44,29,10,2025
194093,2025-10-29 11:00:00.000,D17,LA MAISON A L'ENVERS,0.0,1.0,1.0,11,0,44,29,10,2025
194111,2025-10-29 12:00:00.000,D17,LA MAISON A L'ENVERS,0.0,1.0,1.0,12,0,44,29,10,2025
194129,2025-10-29 13:00:00.000,D17,LA MAISON A L'ENVERS,0.0,1.0,1.0,13,0,44,29,10,2025
194147,2025-10-29 14:00:00.000,D17,LA MAISON A L'ENVERS,0.0,1.0,1.0,14,0,44,29,10,2025
194165,2025-10-29 15:00:00.000,D17,LA MAISON A L'ENVERS,0.0,1.0,1.0,15,0,44,29,10,2025
194183,2025-10-29 16:00:00.000,D17,LA MAISON A L'ENVERS,0.0,1.0,1.0,16,0,44,29,10,2025
194201,2025-10-29 17:00:00.000,D17,LA MAISON A L'ENVERS,0.0,1.0,1.0,17,0,44,29,10,2025
194219,2025-10-29 18:00:00.000,D17,LA MAISON A L'ENVERS,0.0,1.0,1.0,18,0,44,29,10,2025
194237,2025-10-29 19:00:00.000,D17,LA MAISON A L'ENVERS,0.0,1.0,1.0,19,0,44,29,10,2025
194255,2025-10-29 20:00:00.000,D17,LA MAISON A L'ENVERS,0.0,1.0,1.0,20,0,44,29,10,2025
194273,2025-10-29 21:00:00.000,D17,LA MAISON A L'ENVERS,0.0,1.0,1.0,21,0,44,29,10,2025
194291,2025-10-29 22:00:00.000,D17,LA MAISON A L'ENVERS,0.0,1.0,1.0,22,0,44,29,10,2025
194309,2025-10-29 23:00:00.000,D17,LA MAISON A L'ENVERS,0.0,1.0,1.0,23,0,44,29,10,2025
194327,2025-10-30 00:00:00.000,D17,LA MAISON A L'ENVERS,0.0,1.0,1.0,0,0,44,30,10,2025
194345,2025-10-30 01:00:00.000,D17,LA MAISON A L'ENVERS,0.0,1.0,1.0,1,0,44,30,10,2025
194363,2025-10-30 02:00:00.000,D17,LA MAISON A L'ENVERS,0.0,1.0,1.0,2,0,44,30,10,2025
194381,2025-10-30 03:00:00.000,D17,LA MAISON A L'ENVERS,0.0,1.0,1.0,3,0,44,30,10,2025
194399,2025-10-30 04:00:00.000,D17,LA MAISON A L'ENVERS,0.0,1.0,1.0,4,0,44,30,10,2025
194417,2025-10-30 05:00:00.000,D17,LA MAISON A L'ENVERS,0.0,1.0,1.0,5,0,44,30,10,2025
194435,2025-10-30 06:00:00.000,D17,LA MAISON A L'ENVERS,0.0,1.0,1.0,6,0,44,30,10,2025
194453,2025-10-30 07:00:00.000,D17,LA MAISON A L'ENVERS,0.0,0.0,0.0,7,0,44,30,10,2025
194471,2025-10-30 08:00:00.000,D17,LA MAISON A L'ENVERS,0.0,0.0,0.0,8,0,44,30,10,2025
194489,2025-10-30 09:00:00.000,D17,LA MAISON A L'ENVERS,0.0,0.0,0.0,9,0,44,30,10,2025
194507,2025-10-30 10:00:00.000,D17,LA MAISON A L'ENVERS,0.0,0.6,0.6,10,0,44,30,10,2025
194525,2025-10-30 11:00:00.000,D17,LA MAISON A L'ENVERS,0.0,1.0,1.0,11,0,44,30,10,2025
194543,2025-10-30 12:00:00.000,D17,LA MAISON A L'ENVERS,0.0,1.0,1.0,12,0,44,30,10,2025
194561,2025-10-30 13:00:00.000,D17,LA MAISON A L'ENVERS,0.0,1.0,1.0,13,0,44,30,10,2025
194579,2025-10-30 14:00:00.000,D17,LA MAISON A L'ENVERS,0.0,1.0,1.0,14,0,44,30,10,2025
194597,2025-10-30 15:00:00.000,D17,LA MAISON A L'ENVERS,0.0,1.0,1.0,15,0,44,30,10,2025
194615,2025-10-30 16:00:00.000,D17,LA MAISON A L'ENVERS,0.0,1.0,1.0,16,0,44,30,10,2025
194633,2025-10-30 17:00:00.000,D17,LA MAISON A L'ENVERS,0.0,1.0,1.0,17,0,44,30,10,2025
194651,2025-10-30 18:00:00.000,D17,LA MAISON A L'ENVERS,0.0,1.0,1.0,18,0,44,30,10,2025
194669,2025-10-30 19:00:00.000,D17,LA MAISON A L'ENVERS,0.2,0.35,0.15,19,0,44,30,10,2025
194687,2025-10-30 20:00:00.000,D17,LA MAISON A L'ENVERS,0.0,0.0,0.0,20,0,44,30,10,2025
194705,2025-10-30 21:00:00.000,D17,LA MAISON A L'ENVERS,0.0,0.0,0.0,21,0,44,30,10,2025
194723,2025-10-30 22:00:00.000,D17,LA MAISON A L'ENVERS,0.0,0.0,0.0,22,0,44,30,10,2025
194741,2025-10-30 23:00:00.000,D17,LA MAISON A L'ENVERS,0.0,0.0,0.0,23,0,44,30,10,2025
194759,2025-10-31 00:00:00.000,D17,LA MAISON A L'ENVERS,0.0,0.0,0.0,0,0,44,31,10,2025
194777,2025-10-31 01:00:00.000,D17,LA MAISON A L'ENVERS,0.0,0.0,0.0,1,0,44,31,10,2025
194795,2025-10-31 02:00:00.000,D17,LA MAISON A L'ENVERS,0.0,0.0,0.0,2,0,44,31,10,2025
194813,2025-10-31 03:00:00.000,D17,LA MAISON A L'ENVERS,0.0,0.0,0.0,3,0,44,31,10,2025
194831,2025-10-31 04:00:00.000,D17,LA MAISON A L'ENVERS,0.0,0.0,0.0,4,0,44,31,10,2025
194849,2025-10-31 05:00:00.000,D17,LA MAISON A L'ENVERS,0.0,0.0,0.0,5,0,44,31,10,2025
194867,2025-10-31 06:00:00.000,D17,LA MAISON A L'ENVERS,0.0,0.0,0.0,6,0,44,31,10,2025
194885,2025-10-31 07:00:00.000,D17,LA MAISON A L'ENVERS,0.0,0.0,0.0,7,0,44,31,10,2025
194903,2025-10-31 08:00:00.000,D17,LA MAISON A L'ENVERS,0.0,0.0,0.0,8,0,44,31,10,2025
194921,2025-10-31 09:00:00.000,D17,LA MAISON A L'ENVERS,0.0,0.0,0.0,9,0,44,31,10,2025
194939,2025-10-31 10:00:00.000,D17,LA MAISON A L'ENVERS,0.0,0.45,0.45,10,0,44,31,10,2025
194957,2025-10-31 11:00:00.000,D17,LA MAISON A L'ENVERS,0.0,1.0,1.0,11,0,44,31,10,2025
194975,2025-10-31 12:00:00.000,D17,LA MAISON A L'ENVERS,0.0,1.0,1.0,12,0,44,31,10,2025
194993,2025-10-31 13:00:00.000,D17,LA MAISON A L'ENVERS,0.0,1.0,1.0,13,0,44,31,10,2025
195011,2025-10-31 14:00:00.000,D17,LA MAISON A L'ENVERS,0.0,1.0,1.0,14,0,44,31,10,2025
195029,2025-10-31 15:00:00.000,D17,LA MAISON A L'ENVERS,0.0,1.0,1.0,15,0,44,31,10,2025
195047,2025-10-31 16:00:00.000,D17,LA MAISON A L'ENVERS,0.0,1.0,1.0,16,0,44,31,10,2025
195065,2025-10-31 17:00:00.000,D17,LA MAISON A L'ENVERS,0.0,1.0,1.0,17,0,44,31,10,2025
195083,2025-10-31 18:00:00.000,D17,LA MAISON A L'ENVERS,0.0,1.0,1.0,18,0,44,31,10,2025
195101,2025-10-31 19:00:00.000,D17,LA MAISON A L'ENVERS,0.0,1.0,1.0,19,0,44,31,10,2025
195119,2025-10-31 20:00:00.000,D17,LA MAISON A L'ENVERS,0.0,1.0,1.0,20,0,44,31,10,2025
195137,2025-10-31 21:00:00.000,D17,LA MAISON A L'ENVERS,0.0,0.4,0.4,21,0,44,31,10,2025
195155,2025-10-31 22:00:00.000,D17,LA MAISON A L'ENVERS,0.0,0.0,0.0,22,0,44,31,10,2025
195173,2025-10-31 23:00:00.000,D17,LA MAISON A L'ENVERS,0.0,0.0,0.0,23,0,44,31,10,2025
195191,2025-11-01 00:00:00.000,D17,LA MAISON A L'ENVERS,0.0,0.0,0.0,0,0,44,1,11,2025
195209,2025-11-01 01:00:00.000,D17,LA MAISON A L'ENVERS,0.0,0.0,0.0,1,0,44,1,11,2025
195227,2025-11-01 02:00:00.000,D17,LA MAISON A L'ENVERS,0.0,0.0,0.0,2,0,44,1,11,2025
195245,2025-11-01 03:00:00.000,D17,LA MAISON A L'ENVERS,0.0,0.0,0.0,3,0,44,1,11,2025
195263,2025-11-01 04:00:00.000,D17,LA MAISON A L'ENVERS,0.0,0.0,0.0,4,0,44,1,11,2025
195281,2025-11-01 05:00:00.000,D17,LA MAISON A L'ENVERS,0.0,0.0,0.0,5,0,44,1,11,2025
195299,2025-11-01 06:00:00.000,D17,LA MAISON A L'ENVERS,0.0,0.0,0.0,6,0,44,1,11,2025
195317,2025-11-01 07:00:00.000,D17,LA MAISON A L'ENVERS,0.0,0.0,0.0,7,0,44,1,11,2025
195335,2025-11-01 08:00:00.000,D17,LA MAISON A L'ENVERS,0.0,0.0,0.0,8,0,44,1,11,2025
195353,2025-11-01 09:00:00.000,D17,LA MAISON A L'ENVERS,0.0,0.0,0.0,9,0,44,1,11,2025
195371,2025-11-01 10:00:00.000,D17,LA MAISON A L'ENVERS,0.0,0.0,0.0,10,0,44,1,11,2025
195389,2025-11-01 11:00:00.000,D17,LA MAISON A L'ENVERS,0.0,0.0,0.0,11,0,44,1,11,2025
195407,2025-11-01 12:00:00.000,D17,LA MAISON A L'ENVERS,0.0,0.0,0.0,12,0,44,1,11,2025
195425,2025-11-01 13:00:00.000,D17,LA MAISON A L'ENVERS,0.0,0.0,0.0,13,0,44,1,11,2025
195443,2025-11-01 14:00:00.000,D17,LA MAISON A L'ENVERS,0.0,0.0,0.0,14,0,44,1,11,2025
195461,2025-11-01 15:00:00.000,D17,LA MAISON A L'ENVERS,0.0,0.85,0.85,15,0,44,1,11,2025
195479,2025-11-01 16:00:00.000,D17,LA MAISON A L'ENVERS,0.0,1.0,1.0,16,0,44,1,11,2025
195497,2025-11-01 17:00:00.000,D17,LA MAISON A L'ENVERS,0.0,1.0,1.0,17,0,44,1,11,2025
195515,2025-11-01 18:00:00.000,D17,LA MAISON A L'ENVERS,0.0,1.0,1.0,18,0,44,1,11,2025
195533,2025-11-01 19:00:00.000,D17,LA MAISON A L'ENVERS,0.0,1.0,1.0,19,0,44,1,11,2025
195551,2025-11-01 20:00:00.000,D17,LA MAISON A L'ENVERS,0.0,1.0,1.0,20,0,44,1,11,2025
195569,2025-11-01 21:00:00.000,D17,LA MAISON A L'ENVERS,0.0,0.6,0.6,21,0,44,1,11,2025
195587,2025-11-01 22:00:00.000,D17,LA MAISON A L'ENVERS,0.0,0.0,0.0,22,0,44,1,11,2025
195605,2025-11-01 23:00:00.000,D17,LA MAISON A L'ENVERS,0.0,0.0,0.0,23,0,44,1,11,2025
195623,2025-11-02 00:00:00.000,D17,LA MAISON A L'ENVERS,0.0,0.0,0.0,0,0,45,2,11,2025
195641,2025-11-02 01:00:00.000,D17,LA MAISON A L'ENVERS,0.0,0.0,0.0,1,0,45,2,11,2025
195659,2025-11-02 02:00:00.000,D17,LA MAISON A L'ENVERS,0.0,0.0,0.0,2,0,45,2,11,2025
195677,2025-11-02 03:00:00.000,D17,LA MAISON A L'ENVERS,0.0,0.0,0.0,3,0,45,2,11,2025
195695,2025-11-02 04:00:00.000,D17,LA MAISON A L'ENVERS,0.0,0.0,0.0,4,0,45,2,11,2025
195713,2025-11-02 05:00:00.000,D17,LA MAISON A L'ENVERS,0.0,0.0,0.0,5,0,45,2,11,2025
195731,2025-11-02 06:00:00.000,D17,LA MAISON A L'ENVERS,0.0,0.0,0.0,6,0,45,2,11,2025
195749,2025-11-02 07:00:00.000,D17,LA MAISON A L'ENVERS,0.0,0.0,0.0,7,0,45,2,11,2025
195767,2025-11-02 08:00:00.000,D17,LA MAISON A L'ENVERS,0.0,0.0,0.0,8,0,45,2,11,2025
195785,2025-11-02 09:00:00.000,D17,LA MAISON A L'ENVERS,0.0,0.0,0.0,9,0,45,2,11,2025
195803,2025-11-02 10:00:00.000,D17,LA MAISON A L'ENVERS,0.0,0.45,0.45,10,0,45,2,11,2025
195821,2025-11-02 11:00:00.000,D17,LA MAISON A L'ENVERS,0.0,1.0,1.0,11,0,45,2,11,2025
195839,2025-11-02 12:00:00.000,D17,LA MAISON A L'ENVERS,0.0,1.0,1.0,12,0,45,2,11,2025
195857,2025-11-02 13:00:00.000,D17,LA MAISON A L'ENVERS,0.0,1.0,1.0,13,0,45,2,11,2025
195875,2025-11-02 14:00:00.000,D17,LA MAISON A L'ENVERS,0.0,1.0,1.0,14,0,45,2,11,2025
195893,2025-11-02 15:00:00.000,D17,LA MAISON A L'ENVERS,0.0,1.0,1.0,15,0,45,2,11,2025
195911,2025-11-02 16:00:00.000,D17,LA MAISON A L'ENVERS,0.0,1.0,1.0,16,0,45,2,11,2025
195929,2025-11-02 17:00:00.000,D17,LA MAISON A L'ENVERS,0.0,0.95,0.95,17,0,45,2,11,2025
195947,2025-11-02 18:00:00.000,D17,LA MAISON A L'ENVERS,0.0,0.0,0.0,18,0,45,2,11,2025
195965,2025-11-02 19:00:00.000,D17,LA MAISON A L'ENVERS,0.0,0.0,0.0,19,0,45,2,11,2025
195983,2025-11-02 20:00:00.000,D17,LA MAISON A L'ENVERS,0.0,0.0,0.0,20,0,45,2,11,2025
196001,2025-11-02 21:00:00.000,D17,LA MAISON A L'ENVERS,0.0,0.0,0.0,21,0,45,2,11,2025
196019,2025-11-02 22:00:00.000,D17,LA MAISON A L'ENVERS,0.0,0.0,0.0,22,0,45,2,11,2025
196037,2025-11-02 23:00:00.000,D17,LA MAISON A L'ENVERS,0.0,0.0,0.0,23,0,45,2,11,2025
196055,2025-11-03 00:00:00.000,D17,LA MAISON A L'ENVERS,0.0,0.0,0.0,0,0,45,3,11,2025
196073,2025-11-03 01:00:00.000,D17,LA MAISON A L'ENVERS,0.0,0.0,0.0,1,0,45,3,11,2025
196091,2025-11-03 02:00:00.000,D17,LA MAISON A L'ENVERS,0.0,0.0,0.0,2,0,45,3,11,2025
196109,2025-11-03 03:00:00.000,D17,LA MAISON A L'ENVERS,0.0,0.0,0.0,3,0,45,3,11,2025
196127,2025-11-03 04:00:00.000,D17,LA MAISON A L'ENVERS,0.0,0.0,0.0,4,0,45,3,11,2025
196145,2025-11-03 05:00:00.000,D17,LA MAISON A L'ENVERS,0.0,0.0,0.0,5,0,45,3,11,2025
196163,2025-11-03 06:00:00.000,D17,LA MAISON A L'ENVERS,0.0,0.0,0.0,6,0,45,3,11,2025
196917,2025-11-08 07:00:00.000,D17,LA MAISON A L'ENVERS,0.0,0.0,0.0,7,0,45,8,11,2025
196935,2025-11-08 08:00:00.000,D17,LA MAISON A L'ENVERS,0.0,0.0,0.0,8,0,45,8,11,2025
196953,2025-11-08 09:00:00.000,D17,LA MAISON A L'ENVERS,0.0,0.0,0.0,9,0,45,8,11,2025
196971,2025-11-08 10:00:00.000,D17,LA MAISON A L'ENVERS,0.0,0.0,0.0,10,0,45,8,11,2025
196989,2025-11-08 11:00:00.000,D17,LA MAISON A L'ENVERS,0.0,0.35,0.35,11,0,45,8,11,2025
197007,2025-11-08 12:00:00.000,D17,LA MAISON A L'ENVERS,0.0,1.0,1.0,12,0,45,8,11,2025
197025,2025-11-08 13:00:00.000,D17,LA MAISON A L'ENVERS,0.0,1.0,1.0,13,0,45,8,11,2025
197043,2025-11-08 14:00:00.000,D17,LA MAISON A L'ENVERS,0.0,1.0,1.0,14,0,45,8,11,2025
197061,2025-11-08 15:00:00.000,D17,LA MAISON A L'ENVERS,0.0,1.0,1.0,15,0,45,8,11,2025
197079,2025-11-08 16:00:00.000,D17,LA MAISON A L'ENVERS,0.0,1.0,1.0,16,0,45,8,11,2025
197097,2025-11-08 17:00:00.000,D17,LA MAISON A L'ENVERS,0.0,1.0,1.0,17,0,45,8,11,2025
197115,2025-11-08 18:00:00.000,D17,LA MAISON A L'ENVERS,0.0,1.0,1.0,18,0,45,8,11,2025
197133,2025-11-08 19:00:00.000,D17,LA MAISON A L'ENVERS,0.0,1.0,1.0,19,0,45,8,11,2025
197151,2025-11-08 20:00:00.000,D17,LA MAISON A L'ENVERS,0.0,1.0,1.0,20,0,45,8,11,2025
197169,2025-11-08 21:00:00.000,D17,LA MAISON A L'ENVERS,0.0,0.6,0.6,21,0,45,8,11,2025
197187,2025-11-08 22:00:00.000,D17,LA MAISON A L'ENVERS,0.0,0.0,0.0,22,0,45,8,11,2025
197205,2025-11-08 23:00:00.000,D17,LA MAISON A L'ENVERS,0.0,0.0,0.0,23,0,45,8,11,2025
197223,2025-11-09 00:00:00.000,D17,LA MAISON A L'ENVERS,0.0,0.0,0.0,0,0,46,9,11,2025
197241,2025-11-09 01:00:00.000,D17,LA MAISON A L'ENVERS,0.0,0.0,0.0,1,0,46,9,11,2025
197259,2025-11-09 02:00:00.000,D17,LA MAISON A L'ENVERS,0.0,0.0,0.0,2,0,46,9,11,2025
197277,2025-11-09 03:00:00.000,D17,LA MAISON A L'ENVERS,0.0,0.0,0.0,3,0,46,9,11,2025
197295,2025-11-09 04:00:00.000,D17,LA MAISON A L'ENVERS,0.0,0.0,0.0,4,0,46,9,11,2025
197313,2025-11-09 05:00:00.000,D17,LA MAISON A L'ENVERS,0.0,0.0,0.0,5,0,46,9,11,2025
197331,2025-11-09 06:00:00.000,D17,LA MAISON A L'ENVERS,0.0,0.0,0.0,6,0,46,9,11,2025
197349,2025-11-09 07:00:00.000,D17,LA MAISON A L'ENVERS,0.0,0.0,0.0,7,0,46,9,11,2025
197367,2025-11-09 08:00:00.000,D17,LA MAISON A L'ENVERS,0.0,0.0,0.0,8,0,46,9,11,2025
197385,2025-11-09 09:00:00.000,D17,LA MAISON A L'ENVERS,0.0,0.0,0.0,9,0,46,9,11,2025
197403,2025-11-09 10:00:00.000,D17,LA MAISON A L'ENVERS,0.0,0.4,0.4,10,0,46,9,11,2025
197421,2025-11-09 11:00:00.000,D17,LA MAISON A L'ENVERS,0.0,1.0,1.0,11,0,46,9,11,2025
197439,2025-11-09 12:00:00.000,D17,LA MAISON A L'ENVERS,0.0,1.0,1.0,12,0,46,9,11,2025
197457,2025-11-09 13:00:00.000,D17,LA MAISON A L'ENVERS,0.0,1.0,1.0,13,0,46,9,11,2025
197475,2025-11-09 14:00:00.000,D17,LA MAISON A L'ENVERS,0.0,1.0,1.0,14,0,46,9,11,2025
197493,2025-11-09 15:00:00.000,D17,LA MAISON A L'ENVERS,0.0,1.0,1.0,15,0,46,9,11,2025
197511,2025-11-09 16:00:00.000,D17,LA MAISON A L'ENVERS,0.0,1.0,1.0,16,0,46,9,11,2025
197529,2025-11-09 17:00:00.000,D17,LA MAISON A L'ENVERS,0.0,1.0,1.0,17,0,46,9,11,2025
197547,2025-11-09 18:00:00.000,D17,LA MAISON A L'ENVERS,0.0,1.0,1.0,18,0,46,9,11,2025
197565,2025-11-09 19:00:00.000,D17,LA MAISON A L'ENVERS,0.75,1.0,0.25,19,0,46,9,11,2025
197583,2025-11-09 20:00:00.000,D17,LA MAISON A L'ENVERS,0.6,0.6,0.0,20,0,46,9,11,2025
197601,2025-11-09 21:00:00.000,D17,LA MAISON A L'ENVERS,0.0,0.0,0.0,21,0,46,9,11,2025
197619,2025-11-09 22:00:00.000,D17,LA MAISON A L'ENVERS,0.0,0.0,0.0,22,0,46,9,11,2025
197637,2025-11-09 23:00:00.000,D17,LA MAISON A L'ENVERS,0.0,0.0,0.0,23,0,46,9,11,2025
197655,2025-11-10 00:00:00.000,D17,LA MAISON A L'ENVERS,0.0,0.0,0.0,0,0,46,10,11,2025
197673,2025-11-10 01:00:00.000,D17,LA MAISON A L'ENVERS,0.0,0.0,0.0,1,0,46,10,11,2025
197691,2025-11-10 02:00:00.000,D17,LA MAISON A L'ENVERS,0.0,0.0,0.0,2,0,46,10,11,2025
197709,2025-11-10 03:00:00.000,D17,LA MAISON A L'ENVERS,0.0,0.0,0.0,3,0,46,10,11,2025
197727,2025-11-10 04:00:00.000,D17,LA MAISON A L'ENVERS,0.0,0.0,0.0,4,0,46,10,11,2025
197745,2025-11-10 05:00:00.000,D17,LA MAISON A L'ENVERS,0.0,0.0,0.0,5,0,46,10,11,2025
197763,2025-11-10 06:00:00.000,D17,LA MAISON A L'ENVERS,0.0,0.0,0.0,6,0,46,10,11,2025
197781,2025-11-10 07:00:00.000,D17,LA MAISON A L'ENVERS,0.0,0.0,0.0,7,0,46,10,11,2025
197799,2025-11-10 08:00:00.000,D17,LA MAISON A L'ENVERS,0.0,0.0,0.0,8,0,46,10,11,2025
197817,2025-11-10 09:00:00.000,D17,LA MAISON A L'ENVERS,0.0,0.0,0.0,9,0,46,10,11,2025
197835,2025-11-10 10:00:00.000,D17,LA MAISON A L'ENVERS,0.0,0.2,0.2,10,0,46,10,11,2025
197853,2025-11-10 11:00:00.000,D17,LA MAISON A L'ENVERS,0.0,1.0,1.0,11,0,46,10,11,2025
197871,2025-11-10 12:00:00.000,D17,LA MAISON A L'ENVERS,0.0,1.0,1.0,12,0,46,10,11,2025
197889,2025-11-10 13:00:00.000,D17,LA MAISON A L'ENVERS,0.0,1.0,1.0,13,0,46,10,11,2025
197907,2025-11-10 14:00:00.000,D17,LA MAISON A L'ENVERS,0.0,1.0,1.0,14,0,46,10,11,2025
197925,2025-11-10 15:00:00.000,D17,LA MAISON A L'ENVERS,0.0,1.0,1.0,15,0,46,10,11,2025
197943,2025-11-10 16:00:00.000,D17,LA MAISON A L'ENVERS,0.0,1.0,1.0,16,0,46,10,11,2025
197961,2025-11-10 17:00:00.000,D17,LA MAISON A L'ENVERS,0.0,1.0,1.0,17,0,46,10,11,2025
197979,2025-11-10 18:00:00.000,D17,LA MAISON A L'ENVERS,0.0,1.0,1.0,18,0,46,10,11,2025
197997,2025-11-10 19:00:00.000,D17,LA MAISON A L'ENVERS,0.0,1.0,1.0,19,0,46,10,11,2025
198015,2025-11-10 20:00:00.000,D17,LA MAISON A L'ENVERS,0.0,1.0,1.0,20,0,46,10,11,2025
198033,2025-11-10 21:00:00.000,D17,LA MAISON A L'ENVERS,0.0,1.0,1.0,21,0,46,10,11,2025
198051,2025-11-10 22:00:00.000,D17,LA MAISON A L'ENVERS,0.0,1.0,1.0,22,0,46,10,11,2025
198069,2025-11-10 23:00:00.000,D17,LA MAISON A L'ENVERS,0.0,1.0,1.0,23,0,46,10,11,2025
198087,2025-11-11 00:00:00.000,D17,LA MAISON A L'ENVERS,0.0,1.0,1.0,0,0,46,11,11,2025
198105,2025-11-11 01:00:00.000,D17,LA MAISON A L'ENVERS,0.0,1.0,1.0,1,0,46,11,11,2025
198123,2025-11-11 02:00:00.000,D17,LA MAISON A L'ENVERS,0.0,1.0,1.0,2,0,46,11,11,2025
198141,2025-11-11 03:00:00.000,D17,LA MAISON A L'ENVERS,0.0,1.0,1.0,3,0,46,11,11,2025
198159,2025-11-11 04:00:00.000,D17,LA MAISON A L'ENVERS,0.0,1.0,1.0,4,0,46,11,11,2025
198177,2025-11-11 05:00:00.000,D17,LA MAISON A L'ENVERS,0.0,1.0,1.0,5,0,46,11,11,2025
198195,2025-11-11 06:00:00.000,D17,LA MAISON A L'ENVERS,0.0,1.0,1.0,6,0,46,11,11,2025
198212,2025-11-11 07:00:00.000,D17,LA MAISON A L'ENVERS,0.0,0.0,0.0,7,0,46,11,11,2025
198229,2025-11-11 08:00:00.000,D17,LA MAISON A L'ENVERS,0.0,0.0,0.0,8,0,46,11,11,2025
198246,2025-11-11 09:00:00.000,D17,LA MAISON A L'ENVERS,0.0,0.0,0.0,9,0,46,11,11,2025
198263,2025-11-11 10:00:00.000,D17,LA MAISON A L'ENVERS,0.0,0.0,0.0,10,0,46,11,11,2025
198280,2025-11-11 11:00:00.000,D17,LA MAISON A L'ENVERS,0.0,0.0,0.0,11,0,46,11,11,2025
198297,2025-11-11 12:00:00.000,D17,LA MAISON A L'ENVERS,0.0,0.0,0.0,12,0,46,11,11,2025
198314,2025-11-11 13:00:00.000,D17,LA MAISON A L'ENVERS,0.0,0.0,0.0,13,0,46,11,11,2025
198331,2025-11-11 14:00:00.000,D17,LA MAISON A L'ENVERS,0.0,0.0,0.0,14,0,46,11,11,2025
198348,2025-11-11 15:00:00.000,D17,LA MAISON A L'ENVERS,0.0,0.0,0.0,15,0,46,11,11,2025
198365,2025-11-11 16:00:00.000,D17,LA MAISON A L'ENVERS,0.0,0.0,0.0,16,0,46,11,11,2025
198382,2025-11-11 17:00:00.000,D17,LA MAISON A L'ENVERS,0.0,0.0,0.0,17,0,46,11,11,2025
198399,2025-11-11 18:00:00.000,D17,LA MAISON A L'ENVERS,0.0,0.0,0.0,18,0,46,11,11,2025
198416,2025-11-11 19:00:00.000,D17,LA MAISON A L'ENVERS,0.0,0.0,0.0,19,0,46,11,11,2025
198433,2025-11-11 20:00:00.000,D17,LA MAISON A L'ENVERS,0.0,0.0,0.0,20,0,46,11,11,2025
198450,2025-11-11 21:00:00.000,D17,LA MAISON A L'ENVERS,0.0,0.0,0.0,21,0,46,11,11,2025
198467,2025-11-11 22:00:00.000,D17,LA MAISON A L'ENVERS,0.0,0.0,0.0,22,0,46,11,11,2025
198484,2025-11-11 23:00:00.000,D17,LA MAISON A L'ENVERS,0.0,0.0,0.0,23,0,46,11,11,2025
198501,2025-11-12 00:00:00.000,D17,LA MAISON A L'ENVERS,0.0,0.0,0.0,0,0,46,12,11,2025
198518,2025-11-12 01:00:00.000,D17,LA MAISON A L'ENVERS,0.0,0.0,0.0,1,0,46,12,11,2025
198535,2025-11-12 02:00:00.000,D17,LA MAISON A L'ENVERS,0.0,0.0,0.0,2,0,46,12,11,2025
198552,2025-11-12 03:00:00.000,D17,LA MAISON A L'ENVERS,0.0,0.0,0.0,3,0,46,12,11,2025
198569,2025-11-12 04:00:00.000,D17,LA MAISON A L'ENVERS,0.0,0.0,0.0,4,0,46,12,11,2025
198586,2025-11-12 05:00:00.000,D17,LA MAISON A L'ENVERS,0.0,0.0,0.0,5,0,46,12,11,2025
198603,2025-11-12 06:00:00.000,D17,LA MAISON A L'ENVERS,0.0,0.0,0.0,6,0,46,12,11,2025
198620,2025-11-12 07:00:00.000,D17,LA MAISON A L'ENVERS,0.0,0.0,0.0,7,0,46,12,11,2025
198651,2025-11-15 07:00:00.000,D17,LA MAISON A L'ENVERS,0.0,0.0,0.0,7,0,46,15,11,2025
198669,2025-11-15 08:00:00.000,D17,LA MAISON A L'ENVERS,0.0,0.0,0.0,8,0,46,15,11,2025
198687,2025-11-15 09:00:00.000,D17,LA MAISON A L'ENVERS,0.0,0.0,0.0,9,0,46,15,11,2025
198705,2025-11-15 10:00:00.000,D17,LA MAISON A L'ENVERS,0.0,0.25,0.25,10,0,46,15,11,2025
198723,2025-11-15 11:00:00.000,D17,LA MAISON A L'ENVERS,0.0,1.0,1.0,11,0,46,15,11,2025
198741,2025-11-15 12:00:00.000,D17,LA MAISON A L'ENVERS,0.0,1.0,1.0,12,0,46,15,11,2025
198759,2025-11-15 13:00:00.000,D17,LA MAISON A L'ENVERS,0.0,1.0,1.0,13,0,46,15,11,2025
198777,2025-11-15 14:00:00.000,D17,LA MAISON A L'ENVERS,0.0,1.0,1.0,14,0,46,15,11,2025
198795,2025-11-15 15:00:00.000,D17,LA MAISON A L'ENVERS,0.0,1.0,1.0,15,0,46,15,11,2025
198813,2025-11-15 16:00:00.000,D17,LA MAISON A L'ENVERS,0.0,1.0,1.0,16,0,46,15,11,2025
198831,2025-11-15 17:00:00.000,D17,LA MAISON A L'ENVERS,0.0,1.0,1.0,17,0,46,15,11,2025
198849,2025-11-15 18:00:00.000,D17,LA MAISON A L'ENVERS,0.2,0.85,0.65,18,0,46,15,11,2025
198867,2025-11-15 19:00:00.000,D17,LA MAISON A L'ENVERS,1.0,0.0,0.0,19,0,46,15,11,2025
198885,2025-11-15 20:00:00.000,D17,LA MAISON A L'ENVERS,0.15,0.0,0.0,20,0,46,15,11,2025
198903,2025-11-15 21:00:00.000,D17,LA MAISON A L'ENVERS,0.0,0.0,0.0,21,0,46,15,11,2025
198921,2025-11-15 22:00:00.000,D17,LA MAISON A L'ENVERS,0.0,0.0,0.0,22,0,46,15,11,2025
198939,2025-11-15 23:00:00.000,D17,LA MAISON A L'ENVERS,0.0,0.0,0.0,23,0,46,15,11,2025
198957,2025-11-16 00:00:00.000,D17,LA MAISON A L'ENVERS,0.0,0.0,0.0,0,0,47,16,11,2025
198975,2025-11-16 01:00:00.000,D17,LA MAISON A L'ENVERS,0.0,0.0,0.0,1,0,47,16,11,2025
198993,2025-11-16 02:00:00.000,D17,LA MAISON A L'ENVERS,0.0,0.0,0.0,2,0,47,16,11,2025
199011,2025-11-16 03:00:00.000,D17,LA MAISON A L'ENVERS,0.0,0.0,0.0,3,0,47,16,11,2025
199029,2025-11-16 04:00:00.000,D17,LA MAISON A L'ENVERS,0.0,0.0,0.0,4,0,47,16,11,2025
199047,2025-11-16 05:00:00.000,D17,LA MAISON A L'ENVERS,0.0,0.0,0.0,5,0,47,16,11,2025
199065,2025-11-16 06:00:00.000,D17,LA MAISON A L'ENVERS,0.0,0.0,0.0,6,0,47,16,11,2025
199083,2025-11-16 07:00:00.000,D17,LA MAISON A L'ENVERS,0.0,0.0,0.0,7,0,47,16,11,2025
199101,2025-11-16 08:00:00.000,D17,LA MAISON A L'ENVERS,0.0,0.0,0.0,8,0,47,16,11,2025
199119,2025-11-16 09:00:00.000,D17,LA MAISON A L'ENVERS,0.0,0.0,0.0,9,0,47,16,11,2025
199137,2025-11-16 10:00:00.000,D17,LA MAISON A L'ENVERS,0.0,0.0,0.0,10,0,47,16,11,2025
199155,2025-11-16 11:00:00.000,D17,LA MAISON A L'ENVERS,0.0,0.95,0.95,11,0,47,16,11,2025
199173,2025-11-16 12:00:00.000,D17,LA MAISON A L'ENVERS,0.0,1.0,1.0,12,0,47,16,11,2025
199191,2025-11-16 13:00:00.000,D17,LA MAISON A L'ENVERS,0.0,1.0,1.0,13,0,47,16,11,2025
199209,2025-11-16 14:00:00.000,D17,LA MAISON A L'ENVERS,0.0,1.0,1.0,14,0,47,16,11,2025
199227,2025-11-16 15:00:00.000,D17,LA MAISON A L'ENVERS,0.0,1.0,1.0,15,0,47,16,11,2025
199245,2025-11-16 16:00:00.000,D17,LA MAISON A L'ENVERS,0.0,1.0,1.0,16,0,47,16,11,2025
199263,2025-11-16 17:00:00.000,D17,LA MAISON A L'ENVERS,0.0,0.5,0.5,17,0,47,16,11,2025
199281,2025-11-16 18:00:00.000,D17,LA MAISON A L'ENVERS,0.0,0.0,0.0,18,0,47,16,11,2025
199299,2025-11-16 19:00:00.000,D17,LA MAISON A L'ENVERS,0.0,0.0,0.0,19,0,47,16,11,2025
199317,2025-11-16 20:00:00.000,D17,LA MAISON A L'ENVERS,0.0,0.0,0.0,20,0,47,16,11,2025
199335,2025-11-16 21:00:00.000,D17,LA MAISON A L'ENVERS,0.0,0.0,0.0,21,0,47,16,11,2025
199353,2025-11-16 22:00:00.000,D17,LA MAISON A L'ENVERS,0.0,0.0,0.0,22,0,47,16,11,2025
199371,2025-11-16 23:00:00.000,D17,LA MAISON A L'ENVERS,0.0,0.0,0.0,23,0,47,16,11,2025
199389,2025-11-17 00:00:00.000,D17,LA MAISON A L'ENVERS,0.0,0.0,0.0,0,0,47,17,11,2025
199407,2025-11-17 01:00:00.000,D17,LA MAISON A L'ENVERS,0.0,0.0,0.0,1,0,47,17,11,2025
199425,2025-11-17 02:00:00.000,D17,LA MAISON A L'ENVERS,0.0,0.0,0.0,2,0,47,17,11,2025
199443,2025-11-17 03:00:00.000,D17,LA MAISON A L'ENVERS,0.0,0.0,0.0,3,0,47,17,11,2025
199461,2025-11-17 04:00:00.000,D17,LA MAISON A L'ENVERS,0.0,0.0,0.0,4,0,47,17,11,2025
199479,2025-11-17 05:00:00.000,D17,LA MAISON A L'ENVERS,0.0,0.0,0.0,5,0,47,17,11,2025
199497,2025-11-17 06:00:00.000,D17,LA MAISON A L'ENVERS,0.0,0.0,0.0,6,0,47,17,11,2025
199515,2025-11-22 07:00:00.000,D17,LA MAISON A L'ENVERS,0.0,0.0,0.0,7,0,47,22,11,2025
199532,2025-11-22 08:00:00.000,D17,LA MAISON A L'ENVERS,0.0,0.0,0.0,8,0,47,22,11,2025
199549,2025-11-22 09:00:00.000,D17,LA MAISON A L'ENVERS,0.0,0.0,0.0,9,0,47,22,11,2025
199566,2025-11-22 10:00:00.000,D17,LA MAISON A L'ENVERS,0.0,0.0,0.0,10,0,47,22,11,2025
199583,2025-11-22 11:00:00.000,D17,LA MAISON A L'ENVERS,0.0,0.9,0.9,11,0,47,22,11,2025
199600,2025-11-22 12:00:00.000,D17,LA MAISON A L'ENVERS,0.0,1.0,1.0,12,0,47,22,11,2025
199617,2025-11-22 13:00:00.000,D17,LA MAISON A L'ENVERS,0.0,1.0,1.0,13,0,47,22,11,2025
199634,2025-11-22 14:00:00.000,D17,LA MAISON A L'ENVERS,0.0,1.0,1.0,14,0,47,22,11,2025
199651,2025-11-22 15:00:00.000,D17,LA MAISON A L'ENVERS,0.0,1.0,1.0,15,0,47,22,11,2025
199668,2025-11-22 16:00:00.000,D17,LA MAISON A L'ENVERS,0.0,1.0,1.0,16,0,47,22,11,2025
199686,2025-11-22 17:00:00.000,D17,LA MAISON A L'ENVERS,0.0,1.0,1.0,17,0,47,22,11,2025
199704,2025-11-22 18:00:00.000,D17,LA MAISON A L'ENVERS,0.0,1.0,1.0,18,0,47,22,11,2025
199722,2025-11-22 19:00:00.000,D17,LA MAISON A L'ENVERS,0.0,0.1,0.1,19,0,47,22,11,2025
199740,2025-11-22 20:00:00.000,D17,LA MAISON A L'ENVERS,0.0,0.0,0.0,20,0,47,22,11,2025
199758,2025-11-22 21:00:00.000,D17,LA MAISON A L'ENVERS,0.0,0.0,0.0,21,0,47,22,11,2025
199776,2025-11-22 22:00:00.000,D17,LA MAISON A L'ENVERS,0.0,0.0,0.0,22,0,47,22,11,2025
199794,2025-11-22 23:00:00.000,D17,LA MAISON A L'ENVERS,0.0,0.0,0.0,23,0,47,22,11,2025
199812,2025-11-23 00:00:00.000,D17,LA MAISON A L'ENVERS,0.0,0.0,0.0,0,0,48,23,11,2025
199830,2025-11-23 01:00:00.000,D17,LA MAISON A L'ENVERS,0.0,0.0,0.0,1,0,48,23,11,2025
199848,2025-11-23 02:00:00.000,D17,LA MAISON A L'ENVERS,0.0,0.0,0.0,2,0,48,23,11,2025
199866,2025-11-23 03:00:00.000,D17,LA MAISON A L'ENVERS,0.0,0.0,0.0,3,0,48,23,11,2025
199884,2025-11-23 04:00:00.000,D17,LA MAISON A L'ENVERS,0.0,0.0,0.0,4,0,48,23,11,2025
199902,2025-11-23 05:00:00.000,D17,LA MAISON A L'ENVERS,0.0,0.0,0.0,5,0,48,23,11,2025
199920,2025-11-23 06:00:00.000,D17,LA MAISON A L'ENVERS,0.0,0.0,0.0,6,0,48,23,11,2025
199938,2025-11-23 07:00:00.000,D17,LA MAISON A L'ENVERS,0.0,0.0,0.0,7,0,48,23,11,2025
199956,2025-11-23 08:00:00.000,D17,LA MAISON A L'ENVERS,0.0,0.0,0.0,8,0,48,23,11,2025
199974,2025-11-23 09:00:00.000,D17,LA MAISON A L'ENVERS,0.0,0.0,0.0,9,0,48,23,11,2025
199992,2025-11-23 10:00:00.000,D17,LA MAISON A L'ENVERS,0.0,0.0,0.0,10,0,48,23,11,2025
200010,2025-11-23 11:00:00.000,D17,LA MAISON A L'ENVERS,0.0,0.35,0.35,11,0,48,23,11,2025
200028,2025-11-23 12:00:00.000,D17,LA MAISON A L'ENVERS,0.0,1.0,1.0,12,0,48,23,11,2025
200046,2025-11-23 13:00:00.000,D17,LA MAISON A L'ENVERS,0.0,1.0,1.0,13,0,48,23,11,2025
200064,2025-11-23 14:00:00.000,D17,LA MAISON A L'ENVERS,0.0,1.0,1.0,14,0,48,23,11,2025
200082,2025-11-23 15:00:00.000,D17,LA MAISON A L'ENVERS,0.0,1.0,1.0,15,0,48,23,11,2025
200100,2025-11-23 16:00:00.000,D17,LA MAISON A L'ENVERS,0.0,1.0,1.0,16,0,48,23,11,2025
200118,2025-11-23 17:00:00.000,D17,LA MAISON A L'ENVERS,0.0,0.55,0.55,17,0,48,23,11,2025
200136,2025-11-23 18:00:00.000,D17,LA MAISON A L'ENVERS,0.0,0.0,0.0,18,0,48,23,11,2025
200154,2025-11-23 19:00:00.000,D17,LA MAISON A L'ENVERS,0.0,0.0,0.0,19,0,48,23,11,2025
200172,2025-11-23 20:00:00.000,D17,LA MAISON A L'ENVERS,0.0,0.0,0.0,20,0,48,23,11,2025
200190,2025-11-23 21:00:00.000,D17,LA MAISON A L'ENVERS,0.0,0.0,0.0,21,0,48,23,11,2025
200208,2025-11-23 22:00:00.000,D17,LA MAISON A L'ENVERS,0.0,0.0,0.0,22,0,48,23,11,2025
200226,2025-11-23 23:00:00.000,D17,LA MAISON A L'ENVERS,0.0,0.0,0.0,23,0,48,23,11,2025
200244,2025-11-24 00:00:00.000,D17,LA MAISON A L'ENVERS,0.0,0.0,0.0,0,0,48,24,11,2025
200262,2025-11-24 01:00:00.000,D17,LA MAISON A L'ENVERS,0.0,0.0,0.0,1,0,48,24,11,2025
200280,2025-11-24 02:00:00.000,D17,LA MAISON A L'ENVERS,0.0,0.0,0.0,2,0,48,24,11,2025
200298,2025-11-24 03:00:00.000,D17,LA MAISON A L'ENVERS,0.0,0.0,0.0,3,0,48,24,11,2025
200316,2025-11-24 04:00:00.000,D17,LA MAISON A L'ENVERS,0.0,0.0,0.0,4,0,48,24,11,2025
200334,2025-11-24 05:00:00.000,D17,LA MAISON A L'ENVERS,0.0,0.0,0.0,5,0,48,24,11,2025
200352,2025-11-24 06:00:00.000,D17,LA MAISON A L'ENVERS,0.0,0.0,0.0,6,0,48,24,11,2025
200370,2025-11-29 07:00:00.000,D17,LA MAISON A L'ENVERS,0.0,0.0,0.0,7,0,48,29,11,2025
200388,2025-11-29 08:00:00.000,D17,LA MAISON A L'ENVERS,0.0,0.0,0.0,8,0,48,29,11,2025
200406,2025-11-29 09:00:00.000,D17,LA MAISON A L'ENVERS,0.0,0.0,0.0,9,0,48,29,11,2025
200424,2025-11-29 10:00:00.000,D17,LA MAISON A L'ENVERS,0.0,0.0,0.0,10,0,48,29,11,2025
200442,2025-11-29 11:00:00.000,D17,LA MAISON A L'ENVERS,0.0,0.0,0.0,11,0,48,29,11,2025
200460,2025-11-29 12:00:00.000,D17,LA MAISON A L'ENVERS,0.0,0.05,0.05,12,0,48,29,11,2025
200478,2025-11-29 13:00:00.000,D17,LA MAISON A L'ENVERS,0.0,1.0,1.0,13,0,48,29,11,2025
200496,2025-11-29 14:00:00.000,D17,LA MAISON A L'ENVERS,0.0,1.0,1.0,14,0,48,29,11,2025
200514,2025-11-29 15:00:00.000,D17,LA MAISON A L'ENVERS,0.0,1.0,1.0,15,0,48,29,11,2025
200532,2025-11-29 16:00:00.000,D17,LA MAISON A L'ENVERS,0.0,1.0,1.0,16,0,48,29,11,2025
200550,2025-11-29 17:00:00.000,D17,LA MAISON A L'ENVERS,0.0,1.0,1.0,17,0,48,29,11,2025
200568,2025-11-29 18:00:00.000,D17,LA MAISON A L'ENVERS,0.0,1.0,1.0,18,0,48,29,11,2025
200586,2025-11-29 19:00:00.000,D17,LA MAISON A L'ENVERS,0.0,0.25,0.25,19,0,48,29,11,2025
200604,2025-11-29 20:00:00.000,D17,LA MAISON A L'ENVERS,0.0,0.0,0.0,20,0,48,29,11,2025
200622,2025-11-29 21:00:00.000,D17,LA MAISON A L'ENVERS,0.0,0.0,0.0,21,0,48,29,11,2025
200640,2025-11-29 22:00:00.000,D17,LA MAISON A L'ENVERS,0.0,0.0,0.0,22,0,48,29,11,2025
200658,2025-11-29 23:00:00.000,D17,LA MAISON A L'ENVERS,0.0,0.0,0.0,23,0,48,29,11,2025
200676,2025-11-30 00:00:00.000,D17,LA MAISON A L'ENVERS,0.0,0.0,0.0,0,0,49,30,11,2025
200694,2025-11-30 01:00:00.000,D17,LA MAISON A L'ENVERS,0.0,0.0,0.0,1,0,49,30,11,2025
200712,2025-11-30 02:00:00.000,D17,LA MAISON A L'ENVERS,0.0,0.0,0.0,2,0,49,30,11,2025
200730,2025-11-30 03:00:00.000,D17,LA MAISON A L'ENVERS,0.0,0.0,0.0,3,0,49,30,11,2025
200748,2025-11-30 04:00:00.000,D17,LA MAISON A L'ENVERS,0.0,0.0,0.0,4,0,49,30,11,2025
200766,2025-11-30 05:00:00.000,D17,LA MAISON A L'ENVERS,0.0,0.0,0.0,5,0,49,30,11,2025
200784,2025-11-30 06:00:00.000,D17,LA MAISON A L'ENVERS,0.0,0.0,0.0,6,0,49,30,11,2025
200802,2025-11-30 07:00:00.000,D17,LA MAISON A L'ENVERS,0.0,0.0,0.0,7,0,49,30,11,2025
200820,2025-11-30 08:00:00.000,D17,LA MAISON A L'ENVERS,0.0,0.0,0.0,8,0,49,30,11,2025
200838,2025-11-30 09:00:00.000,D17,LA MAISON A L'ENVERS,0.0,0.0,0.0,9,0,49,30,11,2025
200856,2025-11-30 10:00:00.000,D17,LA MAISON A L'ENVERS,0.0,0.0,0.0,10,0,49,30,11,2025
200874,2025-11-30 11:00:00.000,D17,LA MAISON A L'ENVERS,0.0,0.0,0.0,11,0,49,30,11,2025
200892,2025-11-30 12:00:00.000,D17,LA MAISON A L'ENVERS,0.0,0.0,0.0,12,0,49,30,11,2025
200910,2025-11-30 13:00:00.000,D17,LA MAISON A L'ENVERS,0.0,0.0,0.0,13,0,49,30,11,2025
200928,2025-11-30 14:00:00.000,D17,LA MAISON A L'ENVERS,0.0,0.0,0.0,14,0,49,30,11,2025
200946,2025-11-30 15:00:00.000,D17,LA MAISON A L'ENVERS,0.0,0.0,0.0,15,0,49,30,11,2025
200964,2025-11-30 16:00:00.000,D17,LA MAISON A L'ENVERS,0.0,0.0,0.0,16,0,49,30,11,2025
200982,2025-11-30 17:00:00.000,D17,LA MAISON A L'ENVERS,0.0,0.0,0.0,17,0,49,30,11,2025
201000,2025-11-30 18:00:00.000,D17,LA MAISON A L'ENVERS,0.0,0.0,0.0,18,0,49,30,11,2025
201018,2025-11-30 19:00:00.000,D17,LA MAISON A L'ENVERS,0.0,0.0,0.0,19,0,49,30,11,2025
201036,2025-11-30 20:00:00.000,D17,LA MAISON A L'ENVERS,0.0,0.0,0.0,20,0,49,30,11,2025
201054,2025-11-30 21:00:00.000,D17,LA MAISON A L'ENVERS,0.0,0.0,0.0,21,0,49,30,11,2025
201072,2025-11-30 22:00:00.000,D17,LA MAISON A L'ENVERS,0.0,0.0,0.0,22,0,49,30,11,2025
201090,2025-11-30 23:00:00.000,D17,LA MAISON A L'ENVERS,0.0,0.0,0.0,23,0,49,30,11,2025
201108,2025-12-01 00:00:00.000,D17,LA MAISON A L'ENVERS,0.0,0.0,0.0,0,0,49,1,12,2025
201126,2025-12-01 01:00:00.000,D17,LA MAISON A L'ENVERS,0.0,0.0,0.0,1,0,49,1,12,2025
201144,2025-12-01 02:00:00.000,D17,LA MAISON A L'ENVERS,0.0,0.0,0.0,2,0,49,1,12,2025
201162,2025-12-01 03:00:00.000,D17,LA MAISON A L'ENVERS,0.0,0.0,0.0,3,0,49,1,12,2025
201180,2025-12-01 04:00:00.000,D17,LA MAISON A L'ENVERS,0.0,0.0,0.0,4,0,49,1,12,2025
201198,2025-12-01 05:00:00.000,D17,LA MAISON A L'ENVERS,0.0,0.0,0.0,5,0,49,1,12,2025
201216,2025-12-01 06:00:00.000,D17,LA MAISON A L'ENVERS,0.0,0.0,0.0,6,0,49,1,12,2025
201623,2025-12-06 07:00:00.000,D17,LA MAISON A L'ENVERS,0.0,0.0,0.0,7,0,49,6,12,2025
201640,2025-12-06 08:00:00.000,D17,LA MAISON A L'ENVERS,0.0,0.0,0.0,8,0,49,6,12,2025
201657,2025-12-06 09:00:00.000,D17,LA MAISON A L'ENVERS,0.0,0.0,0.0,9,0,49,6,12,2025
201674,2025-12-06 10:00:00.000,D17,LA MAISON A L'ENVERS,0.0,0.0,0.0,10,0,49,6,12,2025
201691,2025-12-06 11:00:00.000,D17,LA MAISON A L'ENVERS,0.0,0.6,0.6,11,0,49,6,12,2025
201708,2025-12-06 12:00:00.000,D17,LA MAISON A L'ENVERS,0.0,1.0,1.0,12,0,49,6,12,2025
201725,2025-12-06 13:00:00.000,D17,LA MAISON A L'ENVERS,0.0,1.0,1.0,13,0,49,6,12,2025
201742,2025-12-06 14:00:00.000,D17,LA MAISON A L'ENVERS,0.0,1.0,1.0,14,0,49,6,12,2025
201759,2025-12-06 15:00:00.000,D17,LA MAISON A L'ENVERS,0.0,1.0,1.0,15,0,49,6,12,2025
201776,2025-12-06 16:00:00.000,D17,LA MAISON A L'ENVERS,0.0,1.0,1.0,16,0,49,6,12,2025
201793,2025-12-06 17:00:00.000,D17,LA MAISON A L'ENVERS,0.0,1.0,1.0,17,0,49,6,12,2025
201810,2025-12-06 18:00:00.000,D17,LA MAISON A L'ENVERS,0.0,1.0,1.0,18,0,49,6,12,2025
201827,2025-12-06 19:00:00.000,D17,LA MAISON A L'ENVERS,0.0,1.0,1.0,19,0,49,6,12,2025
201844,2025-12-06 20:00:00.000,D17,LA MAISON A L'ENVERS,0.0,1.0,1.0,20,0,49,6,12,2025
201861,2025-12-06 21:00:00.000,D17,LA MAISON A L'ENVERS,0.0,1.0,1.0,21,0,49,6,12,2025
201878,2025-12-06 22:00:00.000,D17,LA MAISON A L'ENVERS,0.0,1.0,1.0,22,0,49,6,12,2025
201895,2025-12-06 23:00:00.000,D17,LA MAISON A L'ENVERS,0.0,0.3,0.3,23,0,49,6,12,2025
201912,2025-12-07 00:00:00.000,D17,LA MAISON A L'ENVERS,0.0,0.0,0.0,0,0,50,7,12,2025
201929,2025-12-07 01:00:00.000,D17,LA MAISON A L'ENVERS,0.0,0.0,0.0,1,0,50,7,12,2025
201946,2025-12-07 02:00:00.000,D17,LA MAISON A L'ENVERS,0.0,0.0,0.0,2,0,50,7,12,2025
201963,2025-12-07 03:00:00.000,D17,LA MAISON A L'ENVERS,0.0,0.0,0.0,3,0,50,7,12,2025
201980,2025-12-07 04:00:00.000,D17,LA MAISON A L'ENVERS,0.0,0.0,0.0,4,0,50,7,12,2025
201997,2025-12-07 05:00:00.000,D17,LA MAISON A L'ENVERS,0.0,0.0,0.0,5,0,50,7,12,2025
202014,2025-12-07 06:00:00.000,D17,LA MAISON A L'ENVERS,0.0,0.0,0.0,6,0,50,7,12,2025
202031,2025-12-07 07:00:00.000,D17,LA MAISON A L'ENVERS,0.0,0.0,0.0,7,0,50,7,12,2025
202048,2025-12-07 08:00:00.000,D17,LA MAISON A L'ENVERS,0.0,0.0,0.0,8,0,50,7,12,2025
202065,2025-12-07 09:00:00.000,D17,LA MAISON A L'ENVERS,0.0,0.0,0.0,9,0,50,7,12,2025
202082,2025-12-07 10:00:00.000,D17,LA MAISON A L'ENVERS,0.0,0.65,0.65,10,0,50,7,12,2025
202099,2025-12-07 11:00:00.000,D17,LA MAISON A L'ENVERS,0.0,1.0,1.0,11,0,50,7,12,2025
202116,2025-12-07 12:00:00.000,D17,LA MAISON A L'ENVERS,0.0,1.0,1.0,12,0,50,7,12,2025
202133,2025-12-07 13:00:00.000,D17,LA MAISON A L'ENVERS,0.0,1.0,1.0,13,0,50,7,12,2025
202150,2025-12-07 14:00:00.000,D17,LA MAISON A L'ENVERS,0.0,1.0,1.0,14,0,50,7,12,2025
202167,2025-12-07 15:00:00.000,D17,LA MAISON A L'ENVERS,0.0,1.0,1.0,15,0,50,7,12,2025
202184,2025-12-07 16:00:00.000,D17,LA MAISON A L'ENVERS,0.0,1.0,1.0,16,0,50,7,12,2025
202201,2025-12-07 17:00:00.000,D17,LA MAISON A L'ENVERS,0.0,0.1,0.1,17,0,50,7,12,2025
202218,2025-12-07 18:00:00.000,D17,LA MAISON A L'ENVERS,0.0,0.0,0.0,18,0,50,7,12,2025
202235,2025-12-07 19:00:00.000,D17,LA MAISON A L'ENVERS,0.0,0.0,0.0,19,0,50,7,12,2025
202252,2025-12-07 20:00:00.000,D17,LA MAISON A L'ENVERS,0.0,0.0,0.0,20,0,50,7,12,2025
202269,2025-12-07 21:00:00.000,D17,LA MAISON A L'ENVERS,0.0,0.0,0.0,21,0,50,7,12,2025
202286,2025-12-07 22:00:00.000,D17,LA MAISON A L'ENVERS,0.0,0.0,0.0,22,0,50,7,12,2025
202303,2025-12-07 23:00:00.000,D17,LA MAISON A L'ENVERS,0.0,0.0,0.0,23,0,50,7,12,2025
202320,2025-12-08 00:00:00.000,D17,LA MAISON A L'ENVERS,0.0,0.0,0.0,0,0,50,8,12,2025
202337,2025-12-08 01:00:00.000,D17,LA MAISON A L'ENVERS,0.0,0.0,0.0,1,0,50,8,12,2025
202354,2025-12-08 02:00:00.000,D17,LA MAISON A L'ENVERS,0.0,0.0,0.0,2,0,50,8,12,2025
202371,2025-12-08 03:00:00.000,D17,LA MAISON A L'ENVERS,0.0,0.0,0.0,3,0,50,8,12,2025
202388,2025-12-08 04:00:00.000,D17,LA MAISON A L'ENVERS,0.0,0.0,0.0,4,0,50,8,12,2025
202405,2025-12-08 05:00:00.000,D17,LA MAISON A L'ENVERS,0.0,0.0,0.0,5,0,50,8,12,2025
202422,2025-12-08 06:00:00.000,D17,LA MAISON A L'ENVERS,0.0,0.0,0.0,6,0,50,8,12,2025
202439,2025-12-13 07:00:00.000,D17,LA MAISON A L'ENVERS,0.0,0.0,0.0,7,0,50,13,12,2025
202456,2025-12-13 08:00:00.000,D17,LA MAISON A L'ENVERS,0.0,0.0,0.0,8,0,50,13,12,2025
202473,2025-12-13 09:00:00.000,D17,LA MAISON A L'ENVERS,0.0,0.0,0.0,9,0,50,13,12,2025
202490,2025-12-13 10:00:00.000,D17,LA MAISON A L'ENVERS,0.0,0.0,0.0,10,0,50,13,12,2025
202507,2025-12-13 11:00:00.000,D17,LA MAISON A L'ENVERS,0.0,0.05,0.05,11,0,50,13,12,2025
202524,2025-12-13 12:00:00.000,D17,LA MAISON A L'ENVERS,0.0,1.0,1.0,12,0,50,13,12,2025
202541,2025-12-13 13:00:00.000,D17,LA MAISON A L'ENVERS,0.0,1.0,1.0,13,0,50,13,12,2025
202558,2025-12-13 14:00:00.000,D17,LA MAISON A L'ENVERS,0.0,1.0,1.0,14,0,50,13,12,2025
202575,2025-12-13 15:00:00.000,D17,LA MAISON A L'ENVERS,0.0,1.0,1.0,15,0,50,13,12,2025
202592,2025-12-13 16:00:00.000,D17,LA MAISON A L'ENVERS,0.0,1.0,1.0,16,0,50,13,12,2025
202609,2025-12-13 17:00:00.000,D17,LA MAISON A L'ENVERS,0.0,1.0,1.0,17,0,50,13,12,2025
202626,2025-12-13 18:00:00.000,D17,LA MAISON A L'ENVERS,0.4,0.7,0.3,18,0,50,13,12,2025
202643,2025-12-13 19:00:00.000,D17,LA MAISON A L'ENVERS,0.25,0.0,0.0,19,0,50,13,12,2025
202660,2025-12-13 20:00:00.000,D17,LA MAISON A L'ENVERS,0.0,0.0,0.0,20,0,50,13,12,2025
202677,2025-12-13 21:00:00.000,D17,LA MAISON A L'ENVERS,0.0,0.0,0.0,21,0,50,13,12,2025
202694,2025-12-13 22:00:00.000,D17,LA MAISON A L'ENVERS,0.0,0.0,0.0,22,0,50,13,12,2025
202711,2025-12-13 23:00:00.000,D17,LA MAISON A L'ENVERS,0.0,0.0,0.0,23,0,50,13,12,2025
202728,2025-12-14 00:00:00.000,D17,LA MAISON A L'ENVERS,0.0,0.0,0.0,0,0,51,14,12,2025
202745,2025-12-14 01:00:00.000,D17,LA MAISON A L'ENVERS,0.0,0.0,0.0,1,0,51,14,12,2025
202762,2025-12-14 02:00:00.000,D17,LA MAISON A L'ENVERS,0.0,0.0,0.0,2,0,51,14,12,2025
202779,2025-12-14 03:00:00.000,D17,LA MAISON A L'ENVERS,0.0,0.0,0.0,3,0,51,14,12,2025
202796,2025-12-14 04:00:00.000,D17,LA MAISON A L'ENVERS,0.0,0.0,0.0,4,0,51,14,12,2025
202813,2025-12-14 05:00:00.000,D17,LA MAISON A L'ENVERS,0.0,0.0,0.0,5,0,51,14,12,2025
202830,2025-12-14 06:00:00.000,D17,LA MAISON A L'ENVERS,0.0,0.0,0.0,6,0,51,14,12,2025
202847,2025-12-14 07:00:00.000,D17,LA MAISON A L'ENVERS,0.0,0.0,0.0,7,0,51,14,12,2025
202864,2025-12-14 08:00:00.000,D17,LA MAISON A L'ENVERS,0.0,0.0,0.0,8,0,51,14,12,2025
202881,2025-12-14 09:00:00.000,D17,LA MAISON A L'ENVERS,0.0,0.0,0.0,9,0,51,14,12,2025
202898,2025-12-14 10:00:00.000,D17,LA MAISON A L'ENVERS,0.0,0.0,0.0,10,0,51,14,12,2025
202915,2025-12-14 11:00:00.000,D17,LA MAISON A L'ENVERS,0.0,0.65,0.65,11,0,51,14,12,2025
202932,2025-12-14 12:00:00.000,D17,LA MAISON A L'ENVERS,0.0,1.0,1.0,12,0,51,14,12,2025
202949,2025-12-14 13:00:00.000,D17,LA MAISON A L'ENVERS,0.0,1.0,1.0,13,0,51,14,12,2025
202966,2025-12-14 14:00:00.000,D17,LA MAISON A L'ENVERS,0.0,1.0,1.0,14,0,51,14,12,2025
202983,2025-12-14 15:00:00.000,D17,LA MAISON A L'ENVERS,0.0,1.0,1.0,15,0,51,14,12,2025
203000,2025-12-14 16:00:00.000,D17,LA MAISON A L'ENVERS,0.0,1.0,1.0,16,0,51,14,12,2025
203017,2025-12-14 17:00:00.000,D17,LA MAISON A L'ENVERS,0.0,0.4,0.4,17,0,51,14,12,2025
203034,2025-12-14 18:00:00.000,D17,LA MAISON A L'ENVERS,0.0,0.0,0.0,18,0,51,14,12,2025
203051,2025-12-14 19:00:00.000,D17,LA MAISON A L'ENVERS,0.0,0.0,0.0,19,0,51,14,12,2025
203068,2025-12-14 20:00:00.000,D17,LA MAISON A L'ENVERS,0.0,0.0,0.0,20,0,51,14,12,2025
203085,2025-12-14 21:00:00.000,D17,LA MAISON A L'ENVERS,0.0,0.0,0.0,21,0,51,14,12,2025
203102,2025-12-14 22:00:00.000,D17,LA MAISON A L'ENVERS,0.0,0.0,0.0,22,0,51,14,12,2025
203119,2025-12-14 23:00:00.000,D17,LA MAISON A L'ENVERS,0.0,0.0,0.0,23,0,51,14,12,2025
203136,2025-12-15 00:00:00.000,D17,LA MAISON A L'ENVERS,0.0,0.0,0.0,0,0,51,15,12,2025
203153,2025-12-15 01:00:00.000,D17,LA MAISON A L'ENVERS,0.0,0.0,0.0,1,0,51,15,12,2025
203170,2025-12-15 02:00:00.000,D17,LA MAISON A L'ENVERS,0.0,0.0,0.0,2,0,51,15,12,2025
203187,2025-12-15 03:00:00.000,D17,LA MAISON A L'ENVERS,0.0,0.0,0.0,3,0,51,15,12,2025
203204,2025-12-15 04:00:00.000,D17,LA MAISON A L'ENVERS,0.0,0.0,0.0,4,0,51,15,12,2025
203221,2025-12-15 05:00:00.000,D17,LA MAISON A L'ENVERS,0.0,0.0,0.0,5,0,51,15,12,2025
203238,2025-12-15 06:00:00.000,D17,LA MAISON A L'ENVERS,0.0,0.0,0.0,6,0,51,15,12,2025
203319,2025-12-17 14:00:00.000,D17,LA MAISON A L'ENVERS,0.0,0.0,0.0,14,0,51,17,12,2025
203339,2025-12-17 15:00:00.000,D17,LA MAISON A L'ENVERS,0.0,0.0,0.0,15,0,51,17,12,2025
203358,2025-12-17 16:00:00.000,D17,LA MAISON A L'ENVERS,0.0,0.0,0.0,16,0,51,17,12,2025
203377,2025-12-17 17:00:00.000,D17,LA MAISON A L'ENVERS,0.0,0.0,0.0,17,0,51,17,12,2025
203396,2025-12-17 18:00:00.000,D17,LA MAISON A L'ENVERS,0.0,0.0,0.0,18,0,51,17,12,2025
203415,2025-12-17 19:00:00.000,D17,LA MAISON A L'ENVERS,0.0,0.0,0.0,19,0,51,17,12,2025
203434,2025-12-17 20:00:00.000,D17,LA MAISON A L'ENVERS,0.0,0.0,0.0,20,0,51,17,12,2025
203453,2025-12-17 21:00:00.000,D17,LA MAISON A L'ENVERS,0.0,0.0,0.0,21,0,51,17,12,2025
203472,2025-12-17 22:00:00.000,D17,LA MAISON A L'ENVERS,0.0,0.0,0.0,22,0,51,17,12,2025
203491,2025-12-17 23:00:00.000,D17,LA MAISON A L'ENVERS,0.0,0.0,0.0,23,0,51,17,12,2025
203510,2025-12-18 00:00:00.000,D17,LA MAISON A L'ENVERS,0.0,0.0,0.0,0,0,51,18,12,2025
203529,2025-12-18 01:00:00.000,D17,LA MAISON A L'ENVERS,0.0,0.0,0.0,1,0,51,18,12,2025
203548,2025-12-18 02:00:00.000,D17,LA MAISON A L'ENVERS,0.0,0.0,0.0,2,0,51,18,12,2025
203567,2025-12-18 03:00:00.000,D17,LA MAISON A L'ENVERS,0.0,0.0,0.0,3,0,51,18,12,2025
203586,2025-12-18 04:00:00.000,D17,LA MAISON A L'ENVERS,0.0,0.0,0.0,4,0,51,18,12,2025
203605,2025-12-18 05:00:00.000,D17,LA MAISON A L'ENVERS,0.0,0.0,0.0,5,0,51,18,12,2025
203624,2025-12-18 06:00:00.000,D17,LA MAISON A L'ENVERS,0.0,0.0,0.0,6,0,51,18,12,2025
203643,2025-12-18 09:00:00.000,D17,LA MAISON A L'ENVERS,0.0,0.0,0.0,9,0,51,18,12,2025
203661,2025-12-18 10:00:00.000,D17,LA MAISON A L'ENVERS,0.0,0.0,0.0,10,0,51,18,12,2025
203679,2025-12-18 11:00:00.000,D17,LA MAISON A L'ENVERS,0.0,0.0,0.0,11,0,51,18,12,2025
203697,2025-12-18 12:00:00.000,D17,LA MAISON A L'ENVERS,0.0,0.0,0.0,12,0,51,18,12,2025
203715,2025-12-18 13:00:00.000,D17,LA MAISON A L'ENVERS,0.0,0.0,0.0,13,0,51,18,12,2025
203733,2025-12-18 14:00:00.000,D17,LA MAISON A L'ENVERS,0.0,0.0,0.0,14,0,51,18,12,2025
203751,2025-12-18 15:00:00.000,D17,LA MAISON A L'ENVERS,0.0,0.0,0.0,15,0,51,18,12,2025
203769,2025-12-18 16:00:00.000,D17,LA MAISON A L'ENVERS,0.0,0.0,0.0,16,0,51,18,12,2025
203787,2025-12-18 17:00:00.000,D17,LA MAISON A L'ENVERS,0.0,0.0,0.0,17,0,51,18,12,2025
203805,2025-12-18 18:00:00.000,D17,LA MAISON A L'ENVERS,0.0,0.0,0.0,18,0,51,18,12,2025
203823,2025-12-18 19:00:00.000,D17,LA MAISON A L'ENVERS,0.0,0.0,0.0,19,0,51,18,12,2025
203841,2025-12-18 20:00:00.000,D17,LA MAISON A L'ENVERS,0.0,0.0,0.0,20,0,51,18,12,2025
203859,2025-12-18 21:00:00.000,D17,LA MAISON A L'ENVERS,0.0,0.0,0.0,21,0,51,18,12,2025
203877,2025-12-18 22:00:00.000,D17,LA MAISON A L'ENVERS,0.0,0.0,0.0,22,0,51,18,12,2025
203895,2025-12-18 23:00:00.000,D17,LA MAISON A L'ENVERS,0.0,0.0,0.0,23,0,51,18,12,2025
203913,2025-12-19 00:00:00.000,D17,LA MAISON A L'ENVERS,0.0,0.0,0.0,0,0,51,19,12,2025
203931,2025-12-19 01:00:00.000,D17,LA MAISON A L'ENVERS,0.0,0.0,0.0,1,0,51,19,12,2025
203949,2025-12-19 02:00:00.000,D17,LA MAISON A L'ENVERS,0.0,0.0,0.0,2,0,51,19,12,2025
203967,2025-12-19 03:00:00.000,D17,LA MAISON A L'ENVERS,0.0,0.0,0.0,3,0,51,19,12,2025
203985,2025-12-19 04:00:00.000,D17,LA MAISON A L'ENVERS,0.0,0.0,0.0,4,0,51,19,12,2025
204003,2025-12-19 05:00:00.000,D17,LA MAISON A L'ENVERS,0.0,0.0,0.0,5,0,51,19,12,2025
204021,2025-12-19 06:00:00.000,D17,LA MAISON A L'ENVERS,0.0,0.0,0.0,6,0,51,19,12,2025
204056,2025-12-19 09:00:00.000,D17,LA MAISON A L'ENVERS,0.0,0.0,0.0,9,0,51,19,12,2025
204073,2025-12-19 10:00:00.000,D17,LA MAISON A L'ENVERS,0.0,0.0,0.0,10,0,51,19,12,2025
204090,2025-12-19 11:00:00.000,D17,LA MAISON A L'ENVERS,0.0,0.0,0.0,11,0,51,19,12,2025
204107,2025-12-19 12:00:00.000,D17,LA MAISON A L'ENVERS,0.0,0.0,0.0,12,0,51,19,12,2025
204124,2025-12-19 13:00:00.000,D17,LA MAISON A L'ENVERS,0.0,0.0,0.0,13,0,51,19,12,2025
204141,2025-12-19 14:00:00.000,D17,LA MAISON A L'ENVERS,0.0,0.0,0.0,14,0,51,19,12,2025
204158,2025-12-19 15:00:00.000,D17,LA MAISON A L'ENVERS,0.0,0.0,0.0,15,0,51,19,12,2025
204175,2025-12-19 16:00:00.000,D17,LA MAISON A L'ENVERS,0.0,0.0,0.0,16,0,51,19,12,2025
204192,2025-12-19 17:00:00.000,D17,LA MAISON A L'ENVERS,0.0,0.0,0.0,17,0,51,19,12,2025
204209,2025-12-19 18:00:00.000,D17,LA MAISON A L'ENVERS,0.0,0.0,0.0,18,0,51,19,12,2025
204226,2025-12-19 19:00:00.000,D17,LA MAISON A L'ENVERS,0.0,0.0,0.0,19,0,51,19,12,2025
204243,2025-12-19 20:00:00.000,D17,LA MAISON A L'ENVERS,0.0,0.0,0.0,20,0,51,19,12,2025
204260,2025-12-19 21:00:00.000,D17,LA MAISON A L'ENVERS,0.0,0.0,0.0,21,0,51,19,12,2025
204277,2025-12-19 22:00:00.000,D17,LA MAISON A L'ENVERS,0.0,0.0,0.0,22,0,51,19,12,2025
204294,2025-12-19 23:00:00.000,D17,LA MAISON A L'ENVERS,0.0,0.0,0.0,23,0,51,19,12,2025
204311,2025-12-20 00:00:00.000,D17,LA MAISON A L'ENVERS,0.0,0.0,0.0,0,0,51,20,12,2025
204328,2025-12-20 01:00:00.000,D17,LA MAISON A L'ENVERS,0.0,0.0,0.0,1,0,51,20,12,2025
204345,2025-12-20 02:00:00.000,D17,LA MAISON A L'ENVERS,0.0,0.0,0.0,2,0,51,20,12,2025
204362,2025-12-20 03:00:00.000,D17,LA MAISON A L'ENVERS,0.0,0.0,0.0,3,0,51,20,12,2025
204379,2025-12-20 04:00:00.000,D17,LA MAISON A L'ENVERS,0.0,0.0,0.0,4,0,51,20,12,2025
204396,2025-12-20 05:00:00.000,D17,LA MAISON A L'ENVERS,0.0,0.0,0.0,5,0,51,20,12,2025
204413,2025-12-20 06:00:00.000,D17,LA MAISON A L'ENVERS,0.0,0.0,0.0,6,0,51,20,12,2025
204430,2025-12-20 07:00:00.000,D17,LA MAISON A L'ENVERS,0.0,0.0,0.0,7,0,51,20,12,2025
204447,2025-12-20 08:00:00.000,D17,LA MAISON A L'ENVERS,0.0,0.0,0.0,8,0,51,20,12,2025
204464,2025-12-20 09:00:00.000,D17,LA MAISON A L'ENVERS,0.0,0.0,0.0,9,0,51,20,12,2025
204481,2025-12-20 10:00:00.000,D17,LA MAISON A L'ENVERS,0.0,0.0,0.0,10,0,51,20,12,2025
204498,2025-12-20 11:00:00.000,D17,LA MAISON A L'ENVERS,0.0,0.95,0.95,11,0,51,20,12,2025
204515,2025-12-20 12:00:00.000,D17,LA MAISON A L'ENVERS,0.0,1.0,1.0,12,0,51,20,12,2025
204532,2025-12-20 13:00:00.000,D17,LA MAISON A L'ENVERS,0.0,1.0,1.0,13,0,51,20,12,2025
204549,2025-12-20 14:00:00.000,D17,LA MAISON A L'ENVERS,0.0,1.0,1.0,14,0,51,20,12,2025
204566,2025-12-20 15:00:00.000,D17,LA MAISON A L'ENVERS,0.0,1.0,1.0,15,0,51,20,12,2025
204583,2025-12-20 16:00:00.000,D17,LA MAISON A L'ENVERS,0.0,1.0,1.0,16,0,51,20,12,2025
204600,2025-12-20 17:00:00.000,D17,LA MAISON A L'ENVERS,0.0,1.0,1.0,17,0,51,20,12,2025
204617,2025-12-20 18:00:00.000,D17,LA MAISON A L'ENVERS,0.0,1.0,1.0,18,0,51,20,12,2025
204634,2025-12-20 19:00:00.000,D17,LA MAISON A L'ENVERS,0.0,1.0,1.0,19,0,51,20,12,2025
204651,2025-12-20 20:00:00.000,D17,LA MAISON A L'ENVERS,0.0,1.0,1.0,20,0,51,20,12,2025
204668,2025-12-20 21:00:00.000,D17,LA MAISON A L'ENVERS,0.0,1.0,1.0,21,0,51,20,12,2025
204685,2025-12-20 22:00:00.000,D17,LA MAISON A L'ENVERS,0.0,1.0,1.0,22,0,51,20,12,2025
204702,2025-12-20 23:00:00.000,D17,LA MAISON A L'ENVERS,0.0,1.0,1.0,23,0,51,20,12,2025
204719,2025-12-21 00:00:00.000,D17,LA MAISON A L'ENVERS,0.0,1.0,1.0,0,0,52,21,12,2025
204736,2025-12-21 01:00:00.000,D17,LA MAISON A L'ENVERS,0.0,1.0,1.0,1,0,52,21,12,2025
204753,2025-12-21 02:00:00.000,D17,LA MAISON A L'ENVERS,0.0,1.0,1.0,2,0,52,21,12,2025
204770,2025-12-21 03:00:00.000,D17,LA MAISON A L'ENVERS,0.0,1.0,1.0,3,0,52,21,12,2025
204787,2025-12-21 04:00:00.000,D17,LA MAISON A L'ENVERS,0.0,1.0,1.0,4,0,52,21,12,2025
204804,2025-12-21 05:00:00.000,D17,LA MAISON A L'ENVERS,0.0,1.0,1.0,5,0,52,21,12,2025
204821,2025-12-21 06:00:00.000,D17,LA MAISON A L'ENVERS,0.0,1.0,1.0,6,0,52,21,12,2025
204837,2025-12-21 07:00:00.000,D17,LA MAISON A L'ENVERS,0.0,0.0,0.0,7,0,52,21,12,2025
204853,2025-12-21 08:00:00.000,D17,LA MAISON A L'ENVERS,0.0,0.0,0.0,8,0,52,21,12,2025
204869,2025-12-21 09:00:00.000,D17,LA MAISON A L'ENVERS,0.0,0.0,0.0,9,0,52,21,12,2025
204885,2025-12-21 10:00:00.000,D17,LA MAISON A L'ENVERS,0.0,0.0,0.0,10,0,52,21,12,2025
204901,2025-12-21 11:00:00.000,D17,LA MAISON A L'ENVERS,0.0,0.0,0.0,11,0,52,21,12,2025
204917,2025-12-21 12:00:00.000,D17,LA MAISON A L'ENVERS,0.0,0.0,0.0,12,0,52,21,12,2025
204933,2025-12-21 13:00:00.000,D17,LA MAISON A L'ENVERS,0.0,0.0,0.0,13,0,52,21,12,2025
204949,2025-12-21 14:00:00.000,D17,LA MAISON A L'ENVERS,0.0,0.0,0.0,14,0,52,21,12,2025
204965,2025-12-21 15:00:00.000,D17,LA MAISON A L'ENVERS,0.0,0.0,0.0,15,0,52,21,12,2025
204981,2025-12-21 16:00:00.000,D17,LA MAISON A L'ENVERS,0.0,0.0,0.0,16,0,52,21,12,2025
204997,2025-12-21 17:00:00.000,D17,LA MAISON A L'ENVERS,0.0,0.0,0.0,17,0,52,21,12,2025
205013,2025-12-21 18:00:00.000,D17,LA MAISON A L'ENVERS,0.0,0.0,0.0,18,0,52,21,12,2025
205029,2025-12-21 19:00:00.000,D17,LA MAISON A L'ENVERS,0.0,0.0,0.0,19,0,52,21,12,2025
205045,2025-12-21 20:00:00.000,D17,LA MAISON A L'ENVERS,0.0,0.0,0.0,20,0,52,21,12,2025
205061,2025-12-21 21:00:00.000,D17,LA MAISON A L'ENVERS,0.0,0.0,0.0,21,0,52,21,12,2025
205077,2025-12-21 22:00:00.000,D17,LA MAISON A L'ENVERS,0.0,0.0,0.0,22,0,52,21,12,2025
205093,2025-12-21 23:00:00.000,D17,LA MAISON A L'ENVERS,0.0,0.0,0.0,23,0,52,21,12,2025
205109,2025-12-22 00:00:00.000,D17,LA MAISON A L'ENVERS,0.0,0.0,0.0,0,0,52,22,12,2025
205125,2025-12-22 01:00:00.000,D17,LA MAISON A L'ENVERS,0.0,0.0,0.0,1,0,52,22,12,2025
205141,2025-12-22 02:00:00.000,D17,LA MAISON A L'ENVERS,0.0,0.0,0.0,2,0,52,22,12,2025
205157,2025-12-22 03:00:00.000,D17,LA MAISON A L'ENVERS,0.0,0.0,0.0,3,0,52,22,12,2025
205173,2025-12-22 04:00:00.000,D17,LA MAISON A L'ENVERS,0.0,0.0,0.0,4,0,52,22,12,2025
205189,2025-12-22 05:00:00.000,D17,LA MAISON A L'ENVERS,0.0,0.0,0.0,5,0,52,22,12,2025
205205,2025-12-22 06:00:00.000,D17,LA MAISON A L'ENVERS,0.0,0.0,0.0,6,0,52,22,12,2025
205221,2025-12-22 07:00:00.000,D17,LA MAISON A L'ENVERS,0.0,0.0,0.0,7,0,52,22,12,2025
205237,2025-12-22 08:00:00.000,D17,LA MAISON A L'ENVERS,0.0,0.0,0.0,8,0,52,22,12,2025
205253,2025-12-22 09:00:00.000,D17,LA MAISON A L'ENVERS,0.0,0.0,0.0,9,0,52,22,12,2025
205269,2025-12-22 10:00:00.000,D17,LA MAISON A L'ENVERS,0.0,0.0,0.0,10,0,52,22,12,2025
205285,2025-12-22 11:00:00.000,D17,LA MAISON A L'ENVERS,0.0,0.0,0.0,11,0,52,22,12,2025
205301,2025-12-22 12:00:00.000,D17,LA MAISON A L'ENVERS,0.0,0.0,0.0,12,0,52,22,12,2025
205317,2025-12-22 13:00:00.000,D17,LA MAISON A L'ENVERS,0.0,0.0,0.0,13,0,52,22,12,2025
205333,2025-12-22 14:00:00.000,D17,LA MAISON A L'ENVERS,0.0,0.0,0.0,14,0,52,22,12,2025
205350,2025-12-22 15:00:00.000,D17,LA MAISON A L'ENVERS,0.0,0.9,0.9,15,0,52,22,12,2025
205367,2025-12-22 16:00:00.000,D17,LA MAISON A L'ENVERS,0.0,1.0,1.0,16,0,52,22,12,2025
205384,2025-12-22 17:00:00.000,D17,LA MAISON A L'ENVERS,0.0,1.0,1.0,17,0,52,22,12,2025
205401,2025-12-22 18:00:00.000,D17,LA MAISON A L'ENVERS,0.0,1.0,1.0,18,0,52,22,12,2025
205418,2025-12-22 19:00:00.000,D17,LA MAISON A L'ENVERS,0.0,1.0,1.0,19,0,52,22,12,2025
205435,2025-12-22 20:00:00.000,D17,LA MAISON A L'ENVERS,0.0,1.0,1.0,20,0,52,22,12,2025
205452,2025-12-22 21:00:00.000,D17,LA MAISON A L'ENVERS,0.0,1.0,1.0,21,0,52,22,12,2025
205469,2025-12-22 22:00:00.000,D17,LA MAISON A L'ENVERS,0.0,1.0,1.0,22,0,52,22,12,2025
205486,2025-12-22 23:00:00.000,D17,LA MAISON A L'ENVERS,0.0,1.0,1.0,23,0,52,22,12,2025
205503,2025-12-23 00:00:00.000,D17,LA MAISON A L'ENVERS,0.0,1.0,1.0,0,0,52,23,12,2025
205520,2025-12-23 01:00:00.000,D17,LA MAISON A L'ENVERS,0.0,1.0,1.0,1,0,52,23,12,2025
205537,2025-12-23 02:00:00.000,D17,LA MAISON A L'ENVERS,0.0,1.0,1.0,2,0,52,23,12,2025
205554,2025-12-23 03:00:00.000,D17,LA MAISON A L'ENVERS,0.0,1.0,1.0,3,0,52,23,12,2025
205571,2025-12-23 04:00:00.000,D17,LA MAISON A L'ENVERS,0.0,1.0,1.0,4,0,52,23,12,2025
205588,2025-12-23 05:00:00.000,D17,LA MAISON A L'ENVERS,0.0,1.0,1.0,5,0,52,23,12,2025
205605,2025-12-23 06:00:00.000,D17,LA MAISON A L'ENVERS,0.0,1.0,1.0,6,0,52,23,12,2025
205622,2025-12-23 07:00:00.000,D17,LA MAISON A L'ENVERS,0.0,0.0,0.0,7,0,52,23,12,2025
205639,2025-12-23 08:00:00.000,D17,LA MAISON A L'ENVERS,0.0,0.0,0.0,8,0,52,23,12,2025
205656,2025-12-23 09:00:00.000,D17,LA MAISON A L'ENVERS,0.0,0.0,0.0,9,0,52,23,12,2025
205673,2025-12-23 10:00:00.000,D17,LA MAISON A L'ENVERS,0.0,0.0,0.0,10,0,52,23,12,2025
205690,2025-12-23 11:00:00.000,D17,LA MAISON A L'ENVERS,0.0,0.6,0.6,11,0,52,23,12,2025
205707,2025-12-23 12:00:00.000,D17,LA MAISON A L'ENVERS,0.0,1.0,1.0,12,0,52,23,12,2025
205724,2025-12-23 13:00:00.000,D17,LA MAISON A L'ENVERS,0.0,1.0,1.0,13,0,52,23,12,2025
205741,2025-12-23 14:00:00.000,D17,LA MAISON A L'ENVERS,0.0,1.0,1.0,14,0,52,23,12,2025
205758,2025-12-23 15:00:00.000,D17,LA MAISON A L'ENVERS,0.0,1.0,1.0,15,0,52,23,12,2025
205775,2025-12-23 16:00:00.000,D17,LA MAISON A L'ENVERS,0.0,1.0,1.0,16,0,52,23,12,2025
205792,2025-12-23 17:00:00.000,D17,LA MAISON A L'ENVERS,0.0,1.0,1.0,17,0,52,23,12,2025
205809,2025-12-23 18:00:00.000,D17,LA MAISON A L'ENVERS,0.0,1.0,1.0,18,0,52,23,12,2025
205826,2025-12-23 19:00:00.000,D17,LA MAISON A L'ENVERS,0.0,1.0,1.0,19,0,52,23,12,2025
205843,2025-12-23 20:00:00.000,D17,LA MAISON A L'ENVERS,0.0,1.0,1.0,20,0,52,23,12,2025
205860,2025-12-23 21:00:00.000,D17,LA MAISON A L'ENVERS,0.0,1.0,1.0,21,0,52,23,12,2025
205877,2025-12-23 22:00:00.000,D17,LA MAISON A L'ENVERS,0.0,1.0,1.0,22,0,52,23,12,2025
205894,2025-12-23 23:00:00.000,D17,LA MAISON A L'ENVERS,0.0,1.0,1.0,23,0,52,23,12,2025
205911,2025-12-24 00:00:00.000,D17,LA MAISON A L'ENVERS,0.0,1.0,1.0,0,0,52,24,12,2025
205928,2025-12-24 01:00:00.000,D17,LA MAISON A L'ENVERS,0.0,1.0,1.0,1,0,52,24,12,2025
205945,2025-12-24 02:00:00.000,D17,LA MAISON A L'ENVERS,0.0,1.0,1.0,2,0,52,24,12,2025
205962,2025-12-24 03:00:00.000,D17,LA MAISON A L'ENVERS,0.0,1.0,1.0,3,0,52,24,12,2025
205979,2025-12-24 04:00:00.000,D17,LA MAISON A L'ENVERS,0.0,1.0,1.0,4,0,52,24,12,2025
205996,2025-12-24 05:00:00.000,D17,LA MAISON A L'ENVERS,0.0,1.0,1.0,5,0,52,24,12,2025
206013,2025-12-24 06:00:00.000,D17,LA MAISON A L'ENVERS,0.0,1.0,1.0,6,0,52,24,12,2025
206030,2025-12-24 07:00:00.000,D17,LA MAISON A L'ENVERS,0.0,0.0,0.0,7,0,52,24,12,2025
206047,2025-12-24 08:00:00.000,D17,LA MAISON A L'ENVERS,0.0,0.0,0.0,8,0,52,24,12,2025
206064,2025-12-24 09:00:00.000,D17,LA MAISON A L'ENVERS,0.0,0.0,0.0,9,0,52,24,12,2025
206081,2025-12-24 10:00:00.000,D17,LA MAISON A L'ENVERS,0.0,0.0,0.0,10,0,52,24,12,2025
206098,2025-12-24 11:00:00.000,D17,LA MAISON A L'ENVERS,0.0,1.0,1.0,11,0,52,24,12,2025
206115,2025-12-24 12:00:00.000,D17,LA MAISON A L'ENVERS,0.0,1.0,1.0,12,0,52,24,12,2025
206132,2025-12-24 13:00:00.000,D17,LA MAISON A L'ENVERS,0.0,1.0,1.0,13,0,52,24,12,2025
206149,2025-12-24 14:00:00.000,D17,LA MAISON A L'ENVERS,0.0,1.0,1.0,14,0,52,24,12,2025
206166,2025-12-24 15:00:00.000,D17,LA MAISON A L'ENVERS,0.0,1.0,1.0,15,0,52,24,12,2025
206183,2025-12-24 16:00:00.000,D17,LA MAISON A L'ENVERS,0.0,1.0,1.0,16,0,52,24,12,2025
206200,2025-12-24 17:00:00.000,D17,LA MAISON A L'ENVERS,0.0,1.0,1.0,17,0,52,24,12,2025
206217,2025-12-24 18:00:00.000,D17,LA MAISON A L'ENVERS,0.0,1.0,1.0,18,0,52,24,12,2025
206234,2025-12-24 19:00:00.000,D17,LA MAISON A L'ENVERS,0.0,1.0,1.0,19,0,52,24,12,2025
206251,2025-12-24 20:00:00.000,D17,LA MAISON A L'ENVERS,0.0,1.0,1.0,20,0,52,24,12,2025
206268,2025-12-24 21:00:00.000,D17,LA MAISON A L'ENVERS,0.0,1.0,1.0,21,0,52,24,12,2025
206285,2025-12-24 22:00:00.000,D17,LA MAISON A L'ENVERS,0.0,1.0,1.0,22,0,52,24,12,2025
206302,2025-12-24 23:00:00.000,D17,LA MAISON A L'ENVERS,0.0,1.0,1.0,23,0,52,24,12,2025
206319,2025-12-25 00:00:00.000,D17,LA MAISON A L'ENVERS,0.0,1.0,1.0,0,0,52,25,12,2025
206336,2025-12-25 01:00:00.000,D17,LA MAISON A L'ENVERS,0.0,1.0,1.0,1,0,52,25,12,2025
206353,2025-12-25 02:00:00.000,D17,LA MAISON A L'ENVERS,0.0,1.0,1.0,2,0,52,25,12,2025
206370,2025-12-25 03:00:00.000,D17,LA MAISON A L'ENVERS,0.0,1.0,1.0,3,0,52,25,12,2025
206387,2025-12-25 04:00:00.000,D17,LA MAISON A L'ENVERS,0.0,1.0,1.0,4,0,52,25,12,2025
206404,2025-12-25 05:00:00.000,D17,LA MAISON A L'ENVERS,0.0,1.0,1.0,5,0,52,25,12,2025
206421,2025-12-25 06:00:00.000,D17,LA MAISON A L'ENVERS,0.0,1.0,1.0,6,0,52,25,12,2025
206438,2025-12-25 07:00:00.000,D17,LA MAISON A L'ENVERS,0.0,0.0,0.0,7,0,52,25,12,2025
206455,2025-12-25 08:00:00.000,D17,LA MAISON A L'ENVERS,0.0,0.0,0.0,8,0,52,25,12,2025
206472,2025-12-25 09:00:00.000,D17,LA MAISON A L'ENVERS,0.0,0.0,0.0,9,0,52,25,12,2025
206489,2025-12-25 10:00:00.000,D17,LA MAISON A L'ENVERS,0.0,0.0,0.0,10,0,52,25,12,2025
206506,2025-12-25 11:00:00.000,D17,LA MAISON A L'ENVERS,0.0,0.0,0.0,11,0,52,25,12,2025
206523,2025-12-25 12:00:00.000,D17,LA MAISON A L'ENVERS,0.0,0.0,0.0,12,0,52,25,12,2025
206540,2025-12-25 13:00:00.000,D17,LA MAISON A L'ENVERS,0.0,0.0,0.0,13,0,52,25,12,2025
206557,2025-12-25 14:00:00.000,D17,LA MAISON A L'ENVERS,0.0,0.75,0.75,14,0,52,25,12,2025
206574,2025-12-25 15:00:00.000,D17,LA MAISON A L'ENVERS,0.0,1.0,1.0,15,0,52,25,12,2025
206591,2025-12-25 16:00:00.000,D17,LA MAISON A L'ENVERS,0.0,1.0,1.0,16,0,52,25,12,2025
206608,2025-12-25 17:00:00.000,D17,LA MAISON A L'ENVERS,0.0,1.0,1.0,17,0,52,25,12,2025
206625,2025-12-25 18:00:00.000,D17,LA MAISON A L'ENVERS,0.0,1.0,1.0,18,0,52,25,12,2025
206642,2025-12-25 19:00:00.000,D17,LA MAISON A L'ENVERS,0.0,1.0,1.0,19,0,52,25,12,2025
206659,2025-12-25 20:00:00.000,D17,LA MAISON A L'ENVERS,0.0,0.8,0.8,20,0,52,25,12,2025
206676,2025-12-25 21:00:00.000,D17,LA MAISON A L'ENVERS,0.0,0.0,0.0,21,0,52,25,12,2025
206693,2025-12-25 22:00:00.000,D17,LA MAISON A L'ENVERS,0.0,0.0,0.0,22,0,52,25,12,2025
206710,2025-12-25 23:00:00.000,D17,LA MAISON A L'ENVERS,0.0,0.0,0.0,23,0,52,25,12,2025
206727,2025-12-26 00:00:00.000,D17,LA MAISON A L'ENVERS,0.0,0.0,0.0,0,0,52,26,12,2025
206744,2025-12-26 01:00:00.000,D17,LA MAISON A L'ENVERS,0.0,0.0,0.0,1,0,52,26,12,2025
206761,2025-12-26 02:00:00.000,D17,LA MAISON A L'ENVERS,0.0,0.0,0.0,2,0,52,26,12,2025
206778,2025-12-26 03:00:00.000,D17,LA MAISON A L'ENVERS,0.0,0.0,0.0,3,0,52,26,12,2025
206795,2025-12-26 04:00:00.000,D17,LA MAISON A L'ENVERS,0.0,0.0,0.0,4,0,52,26,12,2025
206812,2025-12-26 05:00:00.000,D17,LA MAISON A L'ENVERS,0.0,0.0,0.0,5,0,52,26,12,2025
206829,2025-12-26 06:00:00.000,D17,LA MAISON A L'ENVERS,0.0,0.0,0.0,6,0,52,26,12,2025
206846,2025-12-26 07:00:00.000,D17,LA MAISON A L'ENVERS,0.0,0.0,0.0,7,0,52,26,12,2025
206863,2025-12-26 08:00:00.000,D17,LA MAISON A L'ENVERS,0.0,0.0,0.0,8,0,52,26,12,2025
206880,2025-12-26 09:00:00.000,D17,LA MAISON A L'ENVERS,0.0,0.0,0.0,9,0,52,26,12,2025
206897,2025-12-26 10:00:00.000,D17,LA MAISON A L'ENVERS,0.0,0.0,0.0,10,0,52,26,12,2025
206914,2025-12-26 11:00:00.000,D17,LA MAISON A L'ENVERS,0.0,0.15,0.15,11,0,52,26,12,2025
206931,2025-12-26 12:00:00.000,D17,LA MAISON A L'ENVERS,0.0,1.0,1.0,12,0,52,26,12,2025
206948,2025-12-26 13:00:00.000,D17,LA MAISON A L'ENVERS,0.0,1.0,1.0,13,0,52,26,12,2025
206965,2025-12-26 14:00:00.000,D17,LA MAISON A L'ENVERS,0.0,1.0,1.0,14,0,52,26,12,2025
206982,2025-12-26 15:00:00.000,D17,LA MAISON A L'ENVERS,0.0,1.0,1.0,15,0,52,26,12,2025
206999,2025-12-26 16:00:00.000,D17,LA MAISON A L'ENVERS,0.0,1.0,1.0,16,0,52,26,12,2025
207016,2025-12-26 17:00:00.000,D17,LA MAISON A L'ENVERS,0.0,1.0,1.0,17,0,52,26,12,2025
207033,2025-12-26 18:00:00.000,D17,LA MAISON A L'ENVERS,0.0,1.0,1.0,18,0,52,26,12,2025
207050,2025-12-26 19:00:00.000,D17,LA MAISON A L'ENVERS,0.0,1.0,1.0,19,0,52,26,12,2025
207067,2025-12-26 20:00:00.000,D17,LA MAISON A L'ENVERS,0.0,1.0,1.0,20,0,52,26,12,2025
207084,2025-12-26 21:00:00.000,D17,LA MAISON A L'ENVERS,0.0,1.0,1.0,21,0,52,26,12,2025
207101,2025-12-26 22:00:00.000,D17,LA MAISON A L'ENVERS,0.0,1.0,1.0,22,0,52,26,12,2025
207118,2025-12-26 23:00:00.000,D17,LA MAISON A L'ENVERS,0.0,1.0,1.0,23,0,52,26,12,2025
207135,2025-12-27 00:00:00.000,D17,LA MAISON A L'ENVERS,0.0,1.0,1.0,0,0,52,27,12,2025
207152,2025-12-27 01:00:00.000,D17,LA MAISON A L'ENVERS,0.0,1.0,1.0,1,0,52,27,12,2025
207169,2025-12-27 02:00:00.000,D17,LA MAISON A L'ENVERS,0.0,1.0,1.0,2,0,52,27,12,2025
207186,2025-12-27 03:00:00.000,D17,LA MAISON A L'ENVERS,0.0,1.0,1.0,3,0,52,27,12,2025
207203,2025-12-27 04:00:00.000,D17,LA MAISON A L'ENVERS,0.0,1.0,1.0,4,0,52,27,12,2025
207220,2025-12-27 05:00:00.000,D17,LA MAISON A L'ENVERS,0.0,1.0,1.0,5,0,52,27,12,2025
207237,2025-12-27 06:00:00.000,D17,LA MAISON A L'ENVERS,0.0,1.0,1.0,6,0,52,27,12,2025
207254,2025-12-27 07:00:00.000,D17,LA MAISON A L'ENVERS,0.0,0.0,0.0,7,0,52,27,12,2025
207271,2025-12-27 08:00:00.000,D17,LA MAISON A L'ENVERS,0.0,0.0,0.0,8,0,52,27,12,2025
207288,2025-12-27 09:00:00.000,D17,LA MAISON A L'ENVERS,0.0,0.0,0.0,9,0,52,27,12,2025
207305,2025-12-27 10:00:00.000,D17,LA MAISON A L'ENVERS,0.0,0.15,0.15,10,0,52,27,12,2025
207322,2025-12-27 11:00:00.000,D17,LA MAISON A L'ENVERS,0.0,1.0,1.0,11,0,52,27,12,2025
207339,2025-12-27 12:00:00.000,D17,LA MAISON A L'ENVERS,0.0,1.0,1.0,12,0,52,27,12,2025
207356,2025-12-27 13:00:00.000,D17,LA MAISON A L'ENVERS,0.0,1.0,1.0,13,0,52,27,12,2025
207373,2025-12-27 14:00:00.000,D17,LA MAISON A L'ENVERS,0.0,1.0,1.0,14,0,52,27,12,2025
207390,2025-12-27 15:00:00.000,D17,LA MAISON A L'ENVERS,0.0,1.0,1.0,15,0,52,27,12,2025
207407,2025-12-27 16:00:00.000,D17,LA MAISON A L'ENVERS,0.0,1.0,1.0,16,0,52,27,12,2025
207424,2025-12-27 17:00:00.000,D17,LA MAISON A L'ENVERS,0.0,1.0,1.0,17,0,52,27,12,2025
207441,2025-12-27 18:00:00.000,D17,LA MAISON A L'ENVERS,0.0,1.0,1.0,18,0,52,27,12,2025
207458,2025-12-27 19:00:00.000,D17,LA MAISON A L'ENVERS,0.0,1.0,1.0,19,0,52,27,12,2025
207475,2025-12-27 20:00:00.000,D17,LA MAISON A L'ENVERS,0.0,0.95,0.95,20,0,52,27,12,2025
207492,2025-12-27 21:00:00.000,D17,LA MAISON A L'ENVERS,0.0,0.0,0.0,21,0,52,27,12,2025
207509,2025-12-27 22:00:00.000,D17,LA MAISON A L'ENVERS,0.0,0.0,0.0,22,0,52,27,12,2025
207526,2025-12-27 23:00:00.000,D17,LA MAISON A L'ENVERS,0.0,0.0,0.0,23,0,52,27,12,2025
207543,2025-12-28 00:00:00.000,D17,LA MAISON A L'ENVERS,0.0,0.0,0.0,0,0,1,28,12,2025
207560,2025-12-28 01:00:00.000,D17,LA MAISON A L'ENVERS,0.0,0.0,0.0,1,0,1,28,12,2025
207577,2025-12-28 02:00:00.000,D17,LA MAISON A L'ENVERS,0.0,0.0,0.0,2,0,1,28,12,2025
207594,2025-12-28 03:00:00.000,D17,LA MAISON A L'ENVERS,0.0,0.0,0.0,3,0,1,28,12,2025
207611,2025-12-28 04:00:00.000,D17,LA MAISON A L'ENVERS,0.0,0.0,0.0,4,0,1,28,12,2025
207628,2025-12-28 05:00:00.000,D17,LA MAISON A L'ENVERS,0.0,0.0,0.0,5,0,1,28,12,2025
207645,2025-12-28 06:00:00.000,D17,LA MAISON A L'ENVERS,0.0,0.0,0.0,6,0,1,28,12,2025
207662,2025-12-28 07:00:00.000,D17,LA MAISON A L'ENVERS,0.0,0.0,0.0,7,0,1,28,12,2025
207679,2025-12-28 08:00:00.000,D17,LA MAISON A L'ENVERS,0.0,0.0,0.0,8,0,1,28,12,2025
207695,2025-12-28 09:00:00.000,D17,LA MAISON A L'ENVERS,0.0,0.0,0.0,9,0,1,28,12,2025
207711,2025-12-28 10:00:00.000,D17,LA MAISON A L'ENVERS,0.0,0.0,0.0,10,0,1,28,12,2025
207727,2025-12-28 11:00:00.000,D17,LA MAISON A L'ENVERS,0.0,0.7,0.7,11,0,1,28,12,2025
207743,2025-12-28 12:00:00.000,D17,LA MAISON A L'ENVERS,0.0,1.0,1.0,12,0,1,28,12,2025
207759,2025-12-28 13:00:00.000,D17,LA MAISON A L'ENVERS,0.0,1.0,1.0,13,0,1,28,12,2025
207775,2025-12-28 14:00:00.000,D17,LA MAISON A L'ENVERS,0.0,1.0,1.0,14,0,1,28,12,2025
207791,2025-12-28 15:00:00.000,D17,LA MAISON A L'ENVERS,0.0,1.0,1.0,15,0,1,28,12,2025
207807,2025-12-28 16:00:00.000,D17,LA MAISON A L'ENVERS,0.0,1.0,1.0,16,0,1,28,12,2025
207823,2025-12-28 17:00:00.000,D17,LA MAISON A L'ENVERS,0.0,1.0,1.0,17,0,1,28,12,2025
207839,2025-12-28 18:00:00.000,D17,LA MAISON A L'ENVERS,0.0,1.0,1.0,18,0,1,28,12,2025
207855,2025-12-28 19:00:00.000,D17,LA MAISON A L'ENVERS,0.0,1.0,1.0,19,0,1,28,12,2025
207871,2025-12-28 20:00:00.000,D17,LA MAISON A L'ENVERS,0.0,0.15,0.15,20,0,1,28,12,2025
207887,2025-12-28 21:00:00.000,D17,LA MAISON A L'ENVERS,0.0,0.0,0.0,21,0,1,28,12,2025
207903,2025-12-28 22:00:00.000,D17,LA MAISON A L'ENVERS,0.0,0.0,0.0,22,0,1,28,12,2025
207919,2025-12-28 23:00:00.000,D17,LA MAISON A L'ENVERS,0.0,0.0,0.0,23,0,1,28,12,2025
207935,2025-12-29 00:00:00.000,D17,LA MAISON A L'ENVERS,0.0,0.0,0.0,0,0,1,29,12,2025
207951,2025-12-29 01:00:00.000,D17,LA MAISON A L'ENVERS,0.0,0.0,0.0,1,0,1,29,12,2025
207967,2025-12-29 02:00:00.000,D17,LA MAISON A L'ENVERS,0.0,0.0,0.0,2,0,1,29,12,2025
207983,2025-12-29 03:00:00.000,D17,LA MAISON A L'ENVERS,0.0,0.0,0.0,3,0,1,29,12,2025
207999,2025-12-29 04:00:00.000,D17,LA MAISON A L'ENVERS,0.0,0.0,0.0,4,0,1,29,12,2025
208015,2025-12-29 05:00:00.000,D17,LA MAISON A L'ENVERS,0.0,0.0,0.0,5,0,1,29,12,2025
208031,2025-12-29 06:00:00.000,D17,LA MAISON A L'ENVERS,0.0,0.0,0.0,6,0,1,29,12,2025
208047,2025-12-29 07:00:00.000,D17,LA MAISON A L'ENVERS,0.0,0.0,0.0,7,0,1,29,12,2025
208063,2025-12-29 08:00:00.000,D17,LA MAISON A L'ENVERS,0.0,0.0,0.0,8,0,1,29,12,2025
208079,2025-12-29 09:00:00.000,D17,LA MAISON A L'ENVERS,0.0,0.0,0.0,9,0,1,29,12,2025
208095,2025-12-29 10:00:00.000,D17,LA MAISON A L'ENVERS,0.0,0.05,0.05,10,0,1,29,12,2025
208111,2025-12-29 11:00:00.000,D17,LA MAISON A L'ENVERS,0.0,1.0,1.0,11,0,1,29,12,2025
208127,2025-12-29 12:00:00.000,D17,LA MAISON A L'ENVERS,0.0,1.0,1.0,12,0,1,29,12,2025
208143,2025-12-29 13:00:00.000,D17,LA MAISON A L'ENVERS,0.0,1.0,1.0,13,0,1,29,12,2025
208159,2025-12-29 14:00:00.000,D17,LA MAISON A L'ENVERS,0.0,1.0,1.0,14,0,1,29,12,2025
208175,2025-12-29 15:00:00.000,D17,LA MAISON A L'ENVERS,0.0,1.0,1.0,15,0,1,29,12,2025
208191,2025-12-29 16:00:00.000,D17,LA MAISON A L'ENVERS,0.0,1.0,1.0,16,0,1,29,12,2025
208207,2025-12-29 17:00:00.000,D17,LA MAISON A L'ENVERS,0.0,1.0,1.0,17,0,1,29,12,2025
208223,2025-12-29 18:00:00.000,D17,LA MAISON A L'ENVERS,0.0,1.0,1.0,18,0,1,29,12,2025
208239,2025-12-29 19:00:00.000,D17,LA MAISON A L'ENVERS,0.0,1.0,1.0,19,0,1,29,12,2025
208255,2025-12-29 20:00:00.000,D17,LA MAISON A L'ENVERS,0.05,0.45,0.4,20,0,1,29,12,2025
208271,2025-12-29 21:00:00.000,D17,LA MAISON A L'ENVERS,0.0,0.0,0.0,21,0,1,29,12,2025
208287,2025-12-29 22:00:00.000,D17,LA MAISON A L'ENVERS,0.0,0.0,0.0,22,0,1,29,12,2025
208303,2025-12-29 23:00:00.000,D17,LA MAISON A L'ENVERS,0.0,0.0,0.0,23,0,1,29,12,2025
208319,2025-12-30 00:00:00.000,D17,LA MAISON A L'ENVERS,0.0,0.0,0.0,0,0,1,30,12,2025
208335,2025-12-30 01:00:00.000,D17,LA MAISON A L'ENVERS,0.0,0.0,0.0,1,0,1,30,12,2025
208351,2025-12-30 02:00:00.000,D17,LA MAISON A L'ENVERS,0.0,0.0,0.0,2,0,1,30,12,2025
208367,2025-12-30 03:00:00.000,D17,LA MAISON A L'ENVERS,0.0,0.0,0.0,3,0,1,30,12,2025
208383,2025-12-30 04:00:00.000,D17,LA MAISON A L'ENVERS,0.0,0.0,0.0,4,0,1,30,12,2025
208399,2025-12-30 05:00:00.000,D17,LA MAISON A L'ENVERS,0.0,0.0,0.0,5,0,1,30,12,2025
208415,2025-12-30 06:00:00.000,D17,LA MAISON A L'ENVERS,0.0,0.0,0.0,6,0,1,30,12,2025
208431,2025-12-30 07:00:00.000,D17,LA MAISON A L'ENVERS,0.0,0.0,0.0,7,0,1,30,12,2025
208447,2025-12-30 08:00:00.000,D17,LA MAISON A L'ENVERS,0.0,0.0,0.0,8,0,1,30,12,2025
208463,2025-12-30 09:00:00.000,D17,LA MAISON A L'ENVERS,0.0,0.0,0.0,9,0,1,30,12,2025
208479,2025-12-30 10:00:00.000,D17,LA MAISON A L'ENVERS,0.0,0.8,0.8,10,0,1,30,12,2025
208495,2025-12-30 11:00:00.000,D17,LA MAISON A L'ENVERS,0.0,1.0,1.0,11,0,1,30,12,2025
208511,2025-12-30 12:00:00.000,D17,LA MAISON A L'ENVERS,0.0,1.0,1.0,12,0,1,30,12,2025
208527,2025-12-30 13:00:00.000,D17,LA MAISON A L'ENVERS,0.0,1.0,1.0,13,0,1,30,12,2025
208543,2025-12-30 14:00:00.000,D17,LA MAISON A L'ENVERS,0.0,1.0,1.0,14,0,1,30,12,2025
208559,2025-12-30 15:00:00.000,D17,LA MAISON A L'ENVERS,0.0,1.0,1.0,15,0,1,30,12,2025
208575,2025-12-30 16:00:00.000,D17,LA MAISON A L'ENVERS,0.0,1.0,1.0,16,0,1,30,12,2025
208591,2025-12-30 17:00:00.000,D17,LA MAISON A L'ENVERS,0.0,1.0,1.0,17,0,1,30,12,2025
208607,2025-12-30 18:00:00.000,D17,LA MAISON A L'ENVERS,0.0,1.0,1.0,18,0,1,30,12,2025
208623,2025-12-30 19:00:00.000,D17,LA MAISON A L'ENVERS,0.0,1.0,1.0,19,0,1,30,12,2025
208639,2025-12-30 20:00:00.000,D17,LA MAISON A L'ENVERS,0.95,1.0,0.05,20,0,1,30,12,2025
208655,2025-12-30 21:00:00.000,D17,LA MAISON A L'ENVERS,1.0,1.0,0.0,21,0,1,30,12,2025
208671,2025-12-30 22:00:00.000,D17,LA MAISON A L'ENVERS,1.0,1.0,0.0,22,0,1,30,12,2025
208687,2025-12-30 23:00:00.000,D17,LA MAISON A L'ENVERS,1.0,1.0,0.0,23,0,1,30,12,2025
208703,2025-12-31 00:00:00.000,D17,LA MAISON A L'ENVERS,1.0,1.0,0.0,0,0,1,31,12,2025
208719,2025-12-31 01:00:00.000,D17,LA MAISON A L'ENVERS,1.0,1.0,0.0,1,0,1,31,12,2025
208735,2025-12-31 02:00:00.000,D17,LA MAISON A L'ENVERS,1.0,1.0,0.0,2,0,1,31,12,2025
208751,2025-12-31 03:00:00.000,D17,LA MAISON A L'ENVERS,1.0,1.0,0.0,3,0,1,31,12,2025
208767,2025-12-31 04:00:00.000,D17,LA MAISON A L'ENVERS,1.0,1.0,0.0,4,0,1,31,12,2025
208783,2025-12-31 05:00:00.000,D17,LA MAISON A L'ENVERS,1.0,1.0,0.0,5,0,1,31,12,2025
208799,2025-12-31 06:00:00.000,D17,LA MAISON A L'ENVERS,1.0,1.0,0.0,6,0,1,31,12,2025
208815,2025-12-31 07:00:00.000,D17,LA MAISON A L'ENVERS,1.0,0.0,0.0,7,0,1,31,12,2025
208831,2025-12-31 08:00:00.000,D17,LA MAISON A L'ENVERS,1.0,0.0,0.0,8,0,1,31,12,2025
208847,2025-12-31 09:00:00.000,D17,LA MAISON A L'ENVERS,1.0,0.0,0.0,9,0,1,31,12,2025
208863,2025-12-31 10:00:00.000,D17,LA MAISON A L'ENVERS,1.0,0.25,0.0,10,0,1,31,12,2025
208879,2025-12-31 11:00:00.000,D17,LA MAISON A L'ENVERS,0.5,1.0,0.5,11,0,1,31,12,2025
208895,2025-12-31 12:00:00.000,D17,LA MAISON A L'ENVERS,0.0,1.0,1.0,12,0,1,31,12,2025
208911,2025-12-31 13:00:00.000,D17,LA MAISON A L'ENVERS,0.0,1.0,1.0,13,0,1,31,12,2025
208927,2025-12-31 14:00:00.000,D17,LA MAISON A L'ENVERS,0.0,1.0,1.0,14,0,1,31,12,2025
208943,2025-12-31 15:00:00.000,D17,LA MAISON A L'ENVERS,0.0,1.0,1.0,15,0,1,31,12,2025
208959,2025-12-31 16:00:00.000,D17,LA MAISON A L'ENVERS,0.0,1.0,1.0,16,0,1,31,12,2025
208975,2025-12-31 17:00:00.000,D17,LA MAISON A L'ENVERS,0.0,1.0,1.0,17,0,1,31,12,2025
208991,2025-12-31 18:00:00.000,D17,LA MAISON A L'ENVERS,0.0,1.0,1.0,18,0,1,31,12,2025
209007,2025-12-31 19:00:00.000,D17,LA MAISON A L'ENVERS,0.0,1.0,1.0,19,0,1,31,12,2025
209023,2025-12-31 20:00:00.000,D17,LA MAISON A L'ENVERS,0.0,1.0,1.0,20,0,1,31,12,2025
209039,2025-12-31 21:00:00.000,D17,LA MAISON A L'ENVERS,0.0,1.0,1.0,21,0,1,31,12,2025
209055,2025-12-31 22:00:00.000,D17,LA MAISON A L'ENVERS,0.0,1.0,1.0,22,0,1,31,12,2025
209071,2025-12-31 23:00:00.000,D17,LA MAISON A L'ENVERS,0.0,1.0,1.0,23,0,1,31,12,2025
