Date,Hour,E04_ELEC_General TGBT [kWh] [E04 - Restau Personnel]
2025-01-01 00:00:00.000,00:00,8.908399999840185
2025-01-01 01:00:00.000,01:00,7.981100000138395
2025-01-01 02:00:00.000,02:00,7.990999999828636
2025-01-01 03:00:00.000,03:00,8.440500000189058
2025-01-01 04:00:00.000,04:00,8.889399999915621
2025-01-01 05:00:00.000,05:00,8.151499999943189
2025-01-01 06:00:00.000,06:00,8.481999999959953
2025-01-01 07:00:00.000,07:00,48.63200000000652
2025-01-01 08:00:00.000,08:00,46.887100000074135
2025-01-01 09:00:00.000,09:00,53.32840000004508
2025-01-01 10:00:00.000,10:00,52.06179999988526
2025-01-01 11:00:00.000,11:00,37.344800000125545
2025-01-01 12:00:00.000,12:00,57.5519999999553
2025-01-01 13:00:00.000,13:00,65.51520000007004
2025-01-01 14:00:00.000,14:00,52.39043636359274
2025-01-01 15:00:00.000,15:00,32.413141414083334
2025-01-01 16:00:00.000,16:00,44.1328222223066
2025-01-01 17:00:00.000,17:00,48.893299999926235
2025-01-01 18:00:00.000,18:00,46.1301000000909
2025-01-01 19:00:00.000,19:00,23.879199999896812
2025-01-01 20:00:00.000,20:00,11.009799999976531
2025-01-01 21:00:00.000,21:00,12.581900000106543
2025-01-01 22:00:00.000,22:00,9.932499999925493
2025-01-01 23:00:00.000,23:00,9.482600000058302
2025-01-02 00:00:00.000,00:00,9.309272727294063
2025-01-02 01:00:00.000,01:00,9.275427272759208
2025-01-02 02:00:00.000,02:00,10.81129999991972
2025-01-02 03:00:00.000,03:00,9.948199999937788
2025-01-02 04:00:00.000,04:00,9.841000000038184
2025-01-02 05:00:00.000,05:00,8.830300000100397
2025-01-02 06:00:00.000,06:00,10.386699999868869
2025-01-02 07:00:00.000,07:00,27.639500000118282
2025-01-02 08:00:00.000,08:00,50.7624999998603
2025-01-02 09:00:00.000,09:00,55.41440000012517
2025-01-02 10:00:00.000,10:00,70.05519999996758
2025-01-02 11:00:00.000,11:00,64.3188000000082
2025-01-02 12:00:00.000,12:00,70.13900000001304
2025-01-02 13:00:00.000,13:00,69.28640000000597
2025-01-02 14:00:00.000,14:00,46.88519999992568
2025-01-02 15:00:00.000,15:00,31.96980000005569
2025-01-02 16:00:00.000,16:00,43.55119999996387
2025-01-02 17:00:00.000,17:00,51.17110000008252
2025-01-02 18:00:00.000,18:00,49.015699999919164
2025-01-02 19:00:00.000,19:00,24.42209999996703
2025-01-02 20:00:00.000,20:00,10.725400000065566
2025-01-02 21:00:00.000,21:00,9.63699999989476
2025-01-02 22:00:00.000,22:00,8.115300000039861
2025-01-02 23:00:00.000,23:00,8.327200000057928
2025-01-03 00:00:00.000,00:00,9.407700000074692
2025-01-03 01:00:00.000,01:00,8.163999999850057
2025-01-03 02:00:00.000,02:00,7.4026999999536205
2025-01-03 03:00:00.000,03:00,8.733300000149757
2025-01-03 04:00:00.000,04:00,7.272900000028312
2025-01-03 05:00:00.000,05:00,9.064399999962188
2025-01-03 06:00:00.000,06:00,8.33149999990128
2025-01-03 07:00:00.000,07:00,28.71280000011902
2025-01-03 08:00:00.000,08:00,47.195499999891034
2025-01-03 09:00:00.000,09:00,51.13220000006258
2025-01-03 10:00:00.000,10:00,57.702799999993296
2025-01-03 11:00:00.000,11:00,60.601200000057
2025-01-03 12:00:00.000,12:00,69.5631999998819
2025-01-03 13:00:00.000,13:00,60.73660000013187
2025-01-03 14:00:00.000,14:00,51.340299999876876
2025-01-03 15:00:00.000,15:00,31.287200000020675
2025-01-03 16:00:00.000,16:00,52.566099999961445
2025-01-03 17:00:00.000,17:00,51.563400000007825
2025-01-03 18:00:00.000,18:00,49.37920000001323
2025-01-03 19:00:00.000,19:00,26.436400000122376
2025-01-03 20:00:00.000,20:00,11.918999999994412
2025-01-03 21:00:00.000,21:00,10.857799999974668
2025-01-03 22:00:00.000,22:00,8.971899999957532
2025-01-03 23:00:00.000,23:00,8.168899999954737
2025-01-04 00:00:00.000,00:00,7.428600000101142
2025-01-04 01:00:00.000,01:00,7.0653000000165775
2025-01-04 02:00:00.000,02:00,7.426799999806098
2025-01-04 03:00:00.000,03:00,7.621400000154972
2025-01-04 04:00:00.000,04:00,8.547600000002422
2025-01-04 05:00:00.000,05:00,7.078799999854528
2025-01-04 06:00:00.000,06:00,7.83030000012368
2025-01-04 07:00:00.000,07:00,15.23410000000149
2025-01-04 08:00:00.000,08:00,65.5422999999253
2025-01-04 09:00:00.000,09:00,58.2434000001289
2025-01-04 10:00:00.000,10:00,56.968399999989195
2025-01-04 11:00:00.000,11:00,56.00479999990202
2025-01-04 12:00:00.000,12:00,61.18019999992102
2025-01-04 13:00:00.000,13:00,59.290599999995905
2025-01-04 14:00:00.000,14:00,51.72221818183634
2025-01-04 15:00:00.000,15:00,40.43978181829125
2025-01-04 16:00:00.000,16:00,58.845400000014344
2025-01-04 17:00:00.000,17:00,49.656400000047874
2025-01-04 18:00:00.000,18:00,48.888899999856946
2025-01-04 19:00:00.000,19:00,29.95140000008978
2025-01-04 20:00:00.000,20:00,12.91109999991022
2025-01-04 21:00:00.000,21:00,8.137600000109524
2025-01-04 22:00:00.000,22:00,6.74539999999106
2025-01-04 23:00:00.000,23:00,6.906200000061653
2025-01-05 00:00:00.000,00:00,6.634199999831617
2025-01-05 01:00:00.000,01:00,6.801700000069104
2025-01-05 02:00:00.000,02:00,7.667300000065006
2025-01-05 03:00:00.000,03:00,6.601799999875948
2025-01-05 04:00:00.000,04:00,6.298200000100769
2025-01-05 05:00:00.000,05:00,6.588699999987147
2025-01-05 06:00:00.000,06:00,6.956899999990128
2025-01-05 07:00:00.000,07:00,20.117900000000375
2025-01-05 08:00:00.000,08:00,49.88129999998491
2025-01-05 09:00:00.000,09:00,53.347400000039485
2025-01-05 10:00:00.000,10:00,55.022999999951566
2025-01-05 11:00:00.000,11:00,31.522400000086055
2025-01-05 12:00:00.000,12:00,54.800799999944864
2025-01-05 13:00:00.000,13:00,45.78980000000447
2025-01-05 14:00:00.000,14:00,40.74239999991842
2025-01-05 15:00:00.000,15:00,17.756018181924116
2025-01-05 16:00:00.000,16:00,6.714848484846321
2025-01-05 17:00:00.000,17:00,6.367606060640566
2025-01-05 18:00:00.000,18:00,7.8127272726459935
2025-01-05 19:00:00.000,19:00,6.459000000031665
2025-01-05 20:00:00.000,20:00,5.7703999998979265
2025-01-05 21:00:00.000,21:00,6.493400000035763
2025-01-05 22:00:00.000,22:00,5.977290909127756
2025-01-05 23:00:00.000,23:00,6.978909090817483
2025-01-06 00:00:00.000,00:00,7.501999999989163
2025-01-06 01:00:00.000,01:00,6.090600000055168
2025-01-06 02:00:00.000,02:00,6.099400000134484
2025-01-06 03:00:00.000,03:00,6.885099999955855
2025-01-06 04:00:00.000,04:00,6.001199999963865
2025-01-06 05:00:00.000,05:00,7.690499999932944
2025-01-06 06:00:00.000,06:00,6.840399999986403
2025-01-06 07:00:00.000,07:00,21.28720000013709
2025-01-06 08:00:00.000,08:00,45.76739999998827
2025-01-06 09:00:00.000,09:00,44.21429090892515
2025-01-06 10:00:00.000,10:00,33.36670909101059
2025-01-06 11:00:00.000,11:00,49.81680000009946
2025-01-06 12:00:00.000,12:00,65.45299999993294
2025-01-06 13:00:00.000,13:00,53.70420000003651
2025-01-06 14:00:00.000,14:00,39.106399999884886
2025-01-06 15:00:00.000,15:00,25.238000000128523
2025-01-06 16:00:00.000,16:00,9.019599999999627
2025-01-06 17:00:00.000,17:00,7.666999999899417
2025-01-06 18:00:00.000,18:00,7.071600000094622
2025-01-06 19:00:00.000,19:00,7.256799999950454
2025-01-06 20:00:00.000,20:00,6.924800000013784
2025-01-06 21:00:00.000,21:00,8.692799999983981
2025-01-06 22:00:00.000,22:00,7.187999999942258
2025-01-06 23:00:00.000,23:00,7.527200000034645
2025-01-07 00:00:00.000,00:00,7.414499999932014
2025-01-07 01:00:00.000,01:00,7.170100000104867
2025-01-07 02:00:00.000,02:00,6.630300000030547
2025-01-07 03:00:00.000,03:00,9.102999999979511
2025-01-07 04:00:00.000,04:00,7.099299999931827
2025-01-07 05:00:00.000,05:00,6.822800000058487
2025-01-07 06:00:00.000,06:00,7.06070000003092
2025-01-07 07:00:00.000,07:00,20.480799999949525
2025-01-07 08:00:00.000,08:00,58.149399999994785
2025-01-07 09:00:00.000,09:00,62.145899999910036
2025-01-07 10:00:00.000,10:00,50.819599999999625
2025-01-07 11:00:00.000,11:00,53.267400000104686
2025-01-07 12:00:00.000,12:00,73.6790000000503
2025-01-07 13:00:00.000,13:00,51.38759999992326
2025-01-07 14:00:00.000,14:00,34.176200000056994
2025-01-07 15:00:00.000,15:00,1.2423999999184163
2025-01-07 16:00:00.000,16:00,3.1511999999638647
2025-01-07 17:00:00.000,17:00,10.552600000007079
2025-01-07 18:00:00.000,18:00,8.464599999971687
2025-01-07 19:00:00.000,19:00,8.21760000004433
2025-01-07 20:00:00.000,20:00,7.912999999942258
2025-01-07 21:00:00.000,21:00,9.219400000059977
2025-01-07 22:00:00.000,22:00,7.961711111147371
2025-01-07 23:00:00.000,23:00,8.316111111030397
2025-01-08 00:00:00.000,00:00,7.184277777756668
2025-01-08 01:00:00.000,01:00,7.764000000082888
2025-01-08 02:00:00.000,02:00,8.724900000076742
2025-01-08 03:00:00.000,03:00,8.703899999894203
2025-01-08 04:00:00.000,04:00,7.581700000073761
2025-01-08 05:00:00.000,05:00,7.52379999991972
2025-01-08 06:00:00.000,06:00,8.243300000042655
2025-01-08 07:00:00.000,07:00,31.02690000005532
2025-01-08 08:00:00.000,08:00,52.63279999997467
2025-01-08 09:00:00.000,09:00,42.713000000081955
2025-01-08 10:00:00.000,10:00,46.39739999994636
2025-01-08 11:00:00.000,11:00,60.59135555551491
2025-01-08 12:00:00.000,12:00,54.26774444448658
2025-01-08 13:00:00.000,13:00,45.336999999964604
2025-01-08 14:00:00.000,14:00,40.92579090908932
2025-01-08 15:00:00.000,15:00,22.08710909083655
2025-01-08 16:00:00.000,16:00,10.174600000027567
2025-01-08 17:00:00.000,17:00,8.901200000103563
2025-01-08 18:00:00.000,18:00,8.381444444419403
2025-01-08 19:00:00.000,19:00,9.28866666666646
2025-01-08 20:00:00.000,20:00,8.48788888885809
2025-01-08 21:00:00.000,21:00,10.19400000004239
2025-01-08 22:00:00.000,22:00,8.546444444348001
2025-01-08 23:00:00.000,23:00,8.817055555653901
2025-01-09 00:00:00.000,00:00,7.932249999988319
2025-01-09 01:00:00.000,01:00,9.139535714254071
2025-01-09 02:00:00.000,02:00,9.81727428574381
2025-01-09 03:00:00.000,03:00,9.391939999909761
2025-01-09 04:00:00.000,04:00,7.834125000071557
2025-01-09 05:00:00.000,05:00,8.480647727302063
2025-01-09 06:00:00.000,06:00,8.37576175541004
2025-01-09 07:00:00.000,07:00,38.57434051729471
2025-01-09 08:00:00.000,08:00,62.38577499989624
2025-01-09 09:00:00.000,09:00,67.82885000011883
2025-01-09 10:00:00.000,10:00,53.41397222211688
2025-01-09 11:00:00.000,11:00,43.56102777774342
2025-01-09 12:00:00.000,12:00,59.71290909101001
2025-01-09 13:00:00.000,13:00,45.31942424234567
2025-01-09 14:00:00.000,14:00,42.97189583346578
2025-01-09 15:00:00.000,15:00,24.996930833284864
2025-01-09 16:00:00.000,16:00,11.88009000004502
2025-01-09 17:00:00.000,17:00,12.869194444365956
2025-01-09 18:00:00.000,18:00,9.812908496675721
2025-01-09 19:00:00.000,19:00,10.678736344609115
2025-01-09 20:00:00.000,20:00,10.129267857069085
2025-01-09 21:00:00.000,21:00,10.832216627678882
2025-01-09 22:00:00.000,22:00,11.277959562821918
2025-01-09 23:00:00.000,23:00,11.143646994640903
2025-01-10 00:00:00.000,00:00,11.764027219293574
2025-01-10 01:00:00.000,01:00,11.276570230644655
2025-01-10 02:00:00.000,02:00,10.519369763227033
2025-01-10 03:00:00.000,03:00,10.682999999823474
2025-01-10 04:00:00.000,04:00,10.397239555838695
2025-01-10 05:00:00.000,05:00,11.021352033653958
2025-01-10 06:00:00.000,06:00,15.165793337137584
2025-01-10 07:00:00.000,07:00,31.901727806443237
2025-01-10 08:00:00.000,08:00,51.15853240890706
2025-01-10 09:00:00.000,09:00,56.20317073169779
2025-01-10 10:00:00.000,10:00,37.56823139056211
2025-01-10 11:00:00.000,11:00,47.54016990069503
2025-01-10 12:00:00.000,12:00,52.91141424149725
2025-01-10 13:00:00.000,13:00,39.91515789475096
2025-01-10 14:00:00.000,14:00,25.449715331790102
2025-01-10 15:00:00.000,15:00,15.80608695648287
2025-01-10 16:00:00.000,16:00,10.092074595054335
2025-01-10 17:00:00.000,17:00,7.444117647075257
2025-01-10 18:00:00.000,18:00,6.031843821310191
2025-01-10 19:00:00.000,19:00,6.007906976805699
2025-01-10 20:00:00.000,20:00,6.077905130987656
2025-01-10 21:00:00.000,21:00,6.091904761824047
2025-01-10 22:00:00.000,22:00,6.62896183719912
2025-01-10 23:00:00.000,23:00,6.824255319153694
2025-01-11 00:00:00.000,00:00,6.512858156035555
2025-01-11 01:00:00.000,01:00,6.01191489362812
2025-01-11 02:00:00.000,02:00,6.04406439717529
2025-01-11 03:00:00.000,03:00,6.9764000000432125
2025-01-11 04:00:00.000,04:00,6.9764000000432125
2025-01-11 05:00:00.000,05:00,6.414764444467922
2025-01-11 06:00:00.000,06:00,5.923333333339542
2025-01-11 07:00:00.000,07:00,5.923333333339542
2025-01-11 08:00:00.000,08:00,6.473234126973521
2025-01-11 09:00:00.000,09:00,6.5832142857003175
2025-01-11 10:00:00.000,10:00,6.561239050151898
2025-01-11 11:00:00.000,11:00,5.923957219247751
2025-01-11 12:00:00.000,12:00,5.923957219247751
2025-01-11 13:00:00.000,13:00,5.923957219247751
2025-01-11 14:00:00.000,14:00,6.681802636473405
2025-01-11 15:00:00.000,15:00,6.75069767440301
2025-01-11 16:00:00.000,16:00,6.75069767440301
2025-01-11 17:00:00.000,17:00,6.633997031173704
2025-01-11 18:00:00.000,18:00,6.400595744715093
2025-01-11 19:00:00.000,19:00,6.400595744715093
2025-01-11 20:00:00.000,20:00,6.400595744715093
2025-01-11 21:00:00.000,21:00,6.184578286962375
2025-01-11 22:00:00.000,22:00,5.882153846108571
2025-01-11 23:00:00.000,23:00,5.882153846108571
2025-01-12 00:00:00.000,00:00,5.823794871777632
2025-01-12 01:00:00.000,01:00,6.612500000023283
2025-01-12 02:00:00.000,02:00,6.511499999905937
2025-01-12 03:00:00.000,03:00,5.6703000000678
2025-01-12 04:00:00.000,04:00,6.229500000039115
2025-01-12 05:00:00.000,05:00,5.694499999983236
2025-01-12 06:00:00.000,06:00,5.9820000000763685
2025-01-12 07:00:00.000,07:00,7.442299999878742
2025-01-12 08:00:00.000,08:00,5.91040000000503
2025-01-12 09:00:00.000,09:00,5.113454545602542
2025-01-12 10:00:00.000,10:00,5.776945454500277
2025-01-12 11:00:00.000,11:00,5.525799999898299
2025-01-12 12:00:00.000,12:00,6.716000000014901
2025-01-12 13:00:00.000,13:00,6.194600000092759
2025-01-12 14:00:00.000,14:00,6.348199999937787
2025-01-12 15:00:00.000,15:00,6.0635999999940395
2025-01-12 16:00:00.000,16:00,6.126599999936298
2025-01-12 17:00:00.000,17:00,6.014400000032038
2025-01-12 18:00:00.000,18:00,7.329000000143424
2025-01-12 19:00:00.000,19:00,6.034199999878183
2025-01-12 20:00:00.000,20:00,5.464400000055321
2025-01-12 21:00:00.000,21:00,5.033600000012666
2025-01-12 22:00:00.000,22:00,6.2099999999394635
2025-01-12 23:00:00.000,23:00,7.249200000008568
2025-01-13 00:00:00.000,00:00,5.473899999959395
2025-01-13 01:00:00.000,01:00,5.6970999999670315
2025-01-13 02:00:00.000,02:00,6.011800000071526
2025-01-13 03:00:00.000,03:00,5.065800000098534
2025-01-13 04:00:00.000,04:00,5.902799999807031
2025-01-13 05:00:00.000,05:00,6.548500000149943
2025-01-13 06:00:00.000,06:00,5.411599999968894
2025-01-13 07:00:00.000,07:00,28.15759999989532
2025-01-13 08:00:00.000,08:00,46.86820000009611
2025-01-13 09:00:00.000,09:00,62.24430000004359
2025-01-13 10:00:00.000,10:00,50.52379999998957
2025-01-13 11:00:00.000,11:00,51.9769999999553
2025-01-13 12:00:00.000,12:00,53.294328070202795
2025-01-13 13:00:00.000,13:00,52.58868421054151
2025-01-13 14:00:00.000,14:00,52.58868421054151
2025-01-13 15:00:00.000,15:00,45.40935805419172
2025-01-13 16:00:00.000,16:00,7.974445454446091
2025-01-13 17:00:00.000,17:00,6.981300000147893
2025-01-13 18:00:00.000,18:00,6.834899999876507
2025-01-13 19:00:00.000,19:00,7.306000000122003
2025-01-13 20:00:00.000,20:00,6.571000000019558
2025-01-13 21:00:00.000,21:00,8.057299999869429
2025-01-13 22:00:00.000,22:00,7.180900000105613
2025-01-13 23:00:00.000,23:00,6.4786999999778345
2025-01-14 00:00:00.000,00:00,6.247100000013598
2025-01-14 01:00:00.000,01:00,6.197699999855831
2025-01-14 02:00:00.000,02:00,7.270200000097975
2025-01-14 03:00:00.000,03:00,7.400300000002607
2025-01-14 04:00:00.000,04:00,6.137999999988825
2025-01-14 05:00:00.000,05:00,5.760399999981747
2025-01-14 06:00:00.000,06:00,6.345499999960885
2025-01-14 07:00:00.000,07:00,27.799300000048245
2025-01-14 08:00:00.000,08:00,44.667499999934805
2025-01-14 09:00:00.000,09:00,47.5582000000868
2025-01-14 10:00:00.000,10:00,48.53059999998659
2025-01-14 11:00:00.000,11:00,52.52500000004657
2025-01-14 12:00:00.000,12:00,60.889199999999256
2025-01-14 13:00:00.000,13:00,50.90320000001229
2025-01-14 14:00:00.000,14:00,41.55959999999031
2025-01-14 15:00:00.000,15:00,14.428200000012293
2025-01-14 16:00:00.000,16:00,8.808199999853969
2025-01-14 17:00:00.000,17:00,7.323499999986961
2025-01-14 18:00:00.000,18:00,8.254300000156379
2025-01-14 19:00:00.000,19:00,9.520999999916079
2025-01-14 20:00:00.000,20:00,7.43890000001993
2025-01-14 21:00:00.000,21:00,6.871900000027381
2025-01-14 22:00:00.000,22:00,7.827099999971688
2025-01-14 23:00:00.000,23:00,7.405099999974482
2025-01-15 00:00:00.000,00:00,7.877099999925122
2025-01-15 01:00:00.000,01:00,8.29500000004191
2025-01-15 02:00:00.000,02:00,7.017599999997765
2025-01-15 03:00:00.000,03:00,6.838799999980257
2025-01-15 04:00:00.000,04:00,7.511700000055134
2025-01-15 05:00:00.000,05:00,7.34590000002645
2025-01-15 06:00:00.000,06:00,8.135800000024028
2025-01-15 07:00:00.000,07:00,28.11959999992978
2025-01-15 08:00:00.000,08:00,50.82610000004061
2025-01-15 09:00:00.000,09:00,57.586799999955105
2025-01-15 10:00:00.000,10:00,50.39560000011698
2025-01-15 11:00:00.000,11:00,46.69659999990836
2025-01-15 12:00:00.000,12:00,59.75920000011101
2025-01-15 13:00:00.000,13:00,51.27379999989643
2025-01-15 14:00:00.000,14:00,48.61860000006855
2025-01-15 15:00:00.000,15:00,33.14959999988787
2025-01-15 16:00:00.000,16:00,11.930000000121073
2025-01-15 17:00:00.000,17:00,12.304799999995156
2025-01-15 18:00:00.000,18:00,10.31140000000596
2025-01-15 19:00:00.000,19:00,10.715199999930338
2025-01-15 20:00:00.000,20:00,10.240399999916553
2025-01-15 21:00:00.000,21:00,9.682200000062585
2025-01-15 22:00:00.000,22:00,11.718999999947846
2025-01-15 23:00:00.000,23:00,11.031200000038371
2025-01-16 00:00:00.000,00:00,9.790700000035576
2025-01-16 01:00:00.000,01:00,10.24330000001937
2025-01-16 02:00:00.000,02:00,10.705600000056439
2025-01-16 03:00:00.000,03:00,10.447200000006706
2025-01-16 04:00:00.000,04:00,11.680899999919347
2025-01-16 05:00:00.000,05:00,10.241999999969266
2025-01-16 06:00:00.000,06:00,9.974500000034459
2025-01-16 07:00:00.000,07:00,29.138299999944866
2025-01-16 08:00:00.000,08:00,47.61350000014063
2025-01-16 09:00:00.000,09:00,52.174599999934436
2025-01-16 10:00:00.000,10:00,43.02859999993816
2025-01-16 11:00:00.000,11:00,43.040199999976906
2025-01-16 12:00:00.000,12:00,47.09100000010803
2025-01-16 13:00:00.000,13:00,52.45819999999367
2025-01-16 14:00:00.000,14:00,39.51728888882013
2025-01-16 15:00:00.000,15:00,20.639383838356782
2025-01-16 16:00:00.000,16:00,7.959127272805199
2025-01-16 17:00:00.000,17:00,7.061900000087917
2025-01-16 18:00:00.000,18:00,8.28914444444494
2025-01-16 19:00:00.000,19:00,7.661555555442141
2025-01-16 20:00:00.000,20:00,9.130000000048165
2025-01-16 21:00:00.000,21:00,6.90659999996212
2025-01-16 22:00:00.000,22:00,8.075490909008394
2025-01-16 23:00:00.000,23:00,7.317909091097218
2025-01-17 00:00:00.000,00:00,7.593799999938346
2025-01-17 01:00:00.000,01:00,7.808799999882467
2025-01-17 02:00:00.000,02:00,8.102800000086427
2025-01-17 03:00:00.000,03:00,7.3252000000095
2025-01-17 04:00:00.000,04:00,7.040400000079535
2025-01-17 05:00:00.000,05:00,6.887699999939651
2025-01-17 06:00:00.000,06:00,7.390299999923446
2025-01-17 07:00:00.000,07:00,29.150900000007823
2025-01-17 08:00:00.000,08:00,50.8861000000732
2025-01-17 09:00:00.000,09:00,54.13179999985732
2025-01-17 10:00:00.000,10:00,45.98600000003352
2025-01-17 11:00:00.000,11:00,47.75180000006221
2025-01-17 12:00:00.000,12:00,61.2213999999687
2025-01-17 13:00:00.000,13:00,53.91040000002831
2025-01-17 14:00:00.000,14:00,41.01699999999255
2025-01-17 15:00:00.000,15:00,24.773000000044703
2025-01-17 16:00:00.000,16:00,13.847999999905005
2025-01-17 17:00:00.000,17:00,5.865600000042468
2025-01-17 18:00:00.000,18:00,7.943399999989197
2025-01-17 19:00:00.000,19:00,6.5484000000171365
2025-01-17 20:00:00.000,20:00,5.771600000094622
2025-01-17 21:00:00.000,21:00,5.834781818129969
2025-01-17 22:00:00.000,22:00,6.1931515152288625
2025-01-17 23:00:00.000,23:00,6.301499999839709
2025-01-18 00:00:00.000,00:00,7.255166666698642
2025-01-18 01:00:00.000,01:00,6.090699999965727
2025-01-18 02:00:00.000,02:00,5.619100000010803
2025-01-18 03:00:00.000,03:00,5.874400000064634
2025-01-18 04:00:00.000,04:00,6.279399999999441
2025-01-18 05:00:00.000,05:00,7.046899999957532
2025-01-18 06:00:00.000,06:00,5.92410000001546
2025-01-18 07:00:00.000,07:00,6.687400000053458
2025-01-18 08:00:00.000,08:00,5.402599999844097
2025-01-18 09:00:00.000,09:00,5.4145000000949945
2025-01-18 10:00:00.000,10:00,7.002700000000186
2025-01-18 11:00:00.000,11:00,6.6890000000130385
2025-01-18 12:00:00.000,12:00,5.538199999975041
2025-01-18 13:00:00.000,13:00,5.876599999982863
2025-01-18 14:00:00.000,14:00,5.942000000085682
2025-01-18 15:00:00.000,15:00,5.964799999957904
2025-01-18 16:00:00.000,16:00,7.546800000034272
2025-01-18 17:00:00.000,17:00,6.133999999891967
2025-01-18 18:00:00.000,18:00,5.747200000099838
2025-01-18 19:00:00.000,19:00,5.943800000008196
2025-01-18 20:00:00.000,20:00,5.8257999999448655
2025-01-18 21:00:00.000,21:00,6.767200000071898
2025-01-18 22:00:00.000,22:00,6.758799999905751
2025-01-18 23:00:00.000,23:00,5.5960000000428405
2025-01-19 00:00:00.000,00:00,5.865363636371595
2025-01-19 01:00:00.000,01:00,6.036136363711293
2025-01-19 02:00:00.000,02:00,5.747199999867007
2025-01-19 03:00:00.000,03:00,7.872100000106729
2025-01-19 04:00:00.000,04:00,5.9766000000061466
2025-01-19 05:00:00.000,05:00,5.489300000038929
2025-01-19 06:00:00.000,06:00,5.962399999913759
2025-01-19 07:00:00.000,07:00,5.934499999880791
2025-01-19 08:00:00.000,08:00,6.446900000143796
2025-01-19 09:00:00.000,09:00,6.300045454461889
2025-01-19 10:00:00.000,10:00,5.9540545455349445
2025-01-19 11:00:00.000,11:00,5.508999999938532
2025-01-19 12:00:00.000,12:00,6.070199999958277
2025-01-19 13:00:00.000,13:00,6.422400000086054
2025-01-19 14:00:00.000,14:00,7.052600000053644
2025-01-19 15:00:00.000,15:00,6.251399999903515
2025-01-19 16:00:00.000,16:00,5.8668000000528995
2025-01-19 17:00:00.000,17:00,5.586199999973178
2025-01-19 18:00:00.000,18:00,5.9431999999564145
2025-01-19 19:00:00.000,19:00,7.358822222317879
2025-01-19 20:00:00.000,20:00,5.885777777728314
2025-01-19 21:00:00.000,21:00,5.969636363544586
2025-01-19 22:00:00.000,22:00,6.392963636518371
2025-01-19 23:00:00.000,23:00,5.711399999912828
2025-01-20 00:00:00.000,00:00,5.833999999985099
2025-01-20 01:00:00.000,01:00,7.473200000124052
2025-01-20 02:00:00.000,02:00,5.599099999968894
2025-01-20 03:00:00.000,03:00,6.156299999868497
2025-01-20 04:00:00.000,04:00,5.544300000113435
2025-01-20 05:00:00.000,05:00,5.530299999983981
2025-01-20 06:00:00.000,06:00,7.272900000074879
2025-01-20 07:00:00.000,07:00,11.797199999913573
2025-01-20 08:00:00.000,08:00,49.75189999991562
2025-01-20 09:00:00.000,09:00,46.9073454546721
2025-01-20 10:00:00.000,10:00,50.448254545337775
2025-01-20 11:00:00.000,11:00,60.700400000112126
2025-01-20 12:00:00.000,12:00,70.08020000001416
2025-01-20 13:00:00.000,13:00,60.24199999989942
2025-01-20 14:00:00.000,14:00,45.12539999997243
2025-01-20 15:00:00.000,15:00,28.862400000030178
2025-01-20 16:00:00.000,16:00,14.903800000017508
2025-01-20 17:00:00.000,17:00,26.18950000004843
2025-01-20 18:00:00.000,18:00,12.41489999992773
2025-01-20 19:00:00.000,19:00,11.02969090919095
2025-01-20 20:00:00.000,20:00,9.364909090808677
2025-01-20 21:00:00.000,21:00,11.124800000013783
2025-01-20 22:00:00.000,22:00,11.035200000088661
2025-01-20 23:00:00.000,23:00,11.169999999878929
2025-01-21 00:00:00.000,00:00,9.817200000141748
2025-01-21 01:00:00.000,01:00,10.188199999951758
2025-01-21 02:00:00.000,02:00,10.147199999960138
2025-01-21 03:00:00.000,03:00,9.293700000015088
2025-01-21 04:00:00.000,04:00,11.449500000057743
2025-01-21 05:00:00.000,05:00,10.30319999998901
2025-01-21 06:00:00.000,06:00,9.250799999991433
2025-01-21 07:00:00.000,07:00,13.92989999987185
2025-01-21 08:00:00.000,08:00,50.73870000008028
2025-01-21 09:00:00.000,09:00,53.38296363644344
2025-01-21 10:00:00.000,10:00,46.9010363636115
2025-01-21 11:00:00.000,11:00,48.28899999991991
2025-01-21 12:00:00.000,12:00,25.432631847126544
2025-01-21 13:00:00.000,13:00,24.002101910834437
2025-01-21 14:00:00.000,14:00,24.002101910834437
2025-01-21 15:00:00.000,15:00,24.002101910834437
2025-01-21 16:00:00.000,16:00,24.002101910834437
2025-01-21 17:00:00.000,17:00,24.002101910834437
2025-01-21 18:00:00.000,18:00,24.002101910834437
2025-01-21 19:00:00.000,19:00,24.002101910834437
2025-01-21 20:00:00.000,20:00,24.002101910834437
2025-01-21 21:00:00.000,21:00,24.002101910834437
2025-01-21 22:00:00.000,22:00,16.961050955379964
2025-01-21 23:00:00.000,23:00,9.73300000000745
2025-01-22 00:00:00.000,00:00,9.142499999911525
2025-01-22 01:00:00.000,01:00,10.404700000025333
2025-01-22 02:00:00.000,02:00,11.217900000070223
2025-01-22 03:00:00.000,03:00,9.910799999930896
2025-01-22 04:00:00.000,04:00,9.62370000013616
2025-01-22 05:00:00.000,05:00,9.771500000031665
2025-01-22 06:00:00.000,06:00,9.512199999880977
2025-01-22 07:00:00.000,07:00,26.672299999999815
2025-01-22 08:00:00.000,08:00,50.604899999964985
2025-01-22 09:00:00.000,09:00,36.96470000003465
2025-01-22 10:00:00.000,10:00,34.004199999943374
2025-01-22 11:00:00.000,11:00,56.64699999997392
2025-01-22 12:00:00.000,12:00,69.05580000001937
2025-01-22 13:00:00.000,13:00,64.47860000012443
2025-01-22 14:00:00.000,14:00,38.133799999998885
2025-01-22 15:00:00.000,15:00,17.657399999955672
2025-01-22 16:00:00.000,16:00,10.586600000038743
2025-01-22 17:00:00.000,17:00,9.145200000004843
2025-01-22 18:00:00.000,18:00,9.503000000026077
2025-01-22 19:00:00.000,19:00,10.718999999994413
2025-01-22 20:00:00.000,20:00,8.388800000026823
2025-01-22 21:00:00.000,21:00,8.99839999997057
2025-01-22 22:00:00.000,22:00,8.853636363593184
2025-01-22 23:00:00.000,23:00,9.089363636237316
2025-01-23 00:00:00.000,00:00,9.168400000175462
2025-01-23 01:00:00.000,01:00,9.270899999910034
2025-01-23 02:00:00.000,02:00,8.668800000078045
2025-01-23 03:00:00.000,03:00,8.326199999963865
2025-01-23 04:00:00.000,04:00,8.05599999993574
2025-01-23 05:00:00.000,05:00,9.067299999948592
2025-01-23 06:00:00.000,06:00,9.455600000172854
2025-01-23 07:00:00.000,07:00,30.08919999990612
2025-01-23 08:00:00.000,08:00,54.039199999952686
2025-01-23 09:00:00.000,09:00,41.784127272828485
2025-01-23 10:00:00.000,10:00,35.38587272730656
2025-01-23 11:00:00.000,11:00,47.30419999989681
2025-01-23 12:00:00.000,12:00,58.944599999953056
2025-01-23 13:00:00.000,13:00,55.31420000013895
2025-01-23 14:00:00.000,14:00,44.6781999998726
2025-01-23 15:00:00.000,15:00,13.081599999964237
2025-01-23 16:00:00.000,16:00,11.220800000149758
2025-01-23 17:00:00.000,17:00,9.137399999983609
2025-01-23 18:00:00.000,18:00,7.637999999895692
2025-01-23 19:00:00.000,19:00,7.902400000067428
2025-01-23 20:00:00.000,20:00,7.2367999999318275
2025-01-23 21:00:00.000,21:00,7.80840000002645
2025-01-23 22:00:00.000,22:00,9.152200000034645
2025-01-23 23:00:00.000,23:00,7.835600000014528
2025-01-24 00:00:00.000,00:00,7.033090909117494
2025-01-24 01:00:00.000,01:00,7.685509090927768
2025-01-24 02:00:00.000,02:00,7.446000000019558
2025-01-24 03:00:00.000,03:00,8.692599999997764
2025-01-24 04:00:00.000,04:00,7.919599999906495
2025-01-24 05:00:00.000,05:00,7.214500000025145
2025-01-24 06:00:00.000,06:00,7.648200000054203
2025-01-24 07:00:00.000,07:00,34.73799999994226
2025-01-24 08:00:00.000,08:00,48.75090000007767
2025-01-24 09:00:00.000,09:00,48.48759999994654
2025-01-24 10:00:00.000,10:00,38.41979999989271
2025-01-24 11:00:00.000,11:00,34.6878000001423
2025-01-24 12:00:00.000,12:00,42.28519999994896
2025-01-24 13:00:00.000,13:00,42.69879999998957
2025-01-24 14:00:00.000,14:00,32.28140000007115
2025-01-24 15:00:00.000,15:00,18.80160000002943
2025-01-24 16:00:00.000,16:00,5.83459999980405
2025-01-24 17:00:00.000,17:00,6.24560000016354
2025-01-24 18:00:00.000,18:00,5.986399999866262
2025-01-24 19:00:00.000,19:00,6.383200000086799
2025-01-24 20:00:00.000,20:00,6.79559999993071
2025-01-24 21:00:00.000,21:00,6.420400000037625
2025-01-24 22:00:00.000,22:00,6.140200000070035
2025-01-24 23:00:00.000,23:00,5.807400000048801
2025-01-25 00:00:00.000,00:00,5.787899999832734
2025-01-25 01:00:00.000,01:00,7.211299999989569
2025-01-25 02:00:00.000,02:00,6.491200000187382
2025-01-25 03:00:00.000,03:00,6.331899999896995
2025-01-25 04:00:00.000,04:00,5.842999999970198
2025-01-25 05:00:00.000,05:00,6.125300000025891
2025-01-25 06:00:00.000,06:00,6.412599999946542
2025-01-25 07:00:00.000,07:00,7.607300000125542
2025-01-25 08:00:00.000,08:00,5.681599999824539
2025-01-25 09:00:00.000,09:00,6.230627272817815
2025-01-25 10:00:00.000,10:00,6.261672727247191
2025-01-25 11:00:00.000,11:00,6.291599999973551
2025-01-25 12:00:00.000,12:00,6.8038000000175085
2025-01-25 13:00:00.000,13:00,6.733599999966099
2025-01-25 14:00:00.000,14:00,6.248799999989569
2025-01-25 15:00:00.000,15:00,6.28440000009723
2025-01-25 16:00:00.000,16:00,5.622799999965355
2025-01-25 17:00:00.000,17:00,6.682599999988451
2025-01-25 18:00:00.000,18:00,7.4405999999493355
2025-01-25 19:00:00.000,19:00,6.054400000162422
2025-01-25 20:00:00.000,20:00,4.927799999853596
2025-01-25 21:00:00.000,21:00,5.82120000001871
2025-01-25 22:00:00.000,22:00,5.685400000131792
2025-01-25 23:00:00.000,23:00,6.612599999923259
2025-01-26 00:00:00.000,00:00,5.459099999908358
2025-01-26 01:00:00.000,01:00,5.916400000127033
2025-01-26 02:00:00.000,02:00,5.187299999874085
2025-01-26 03:00:00.000,03:00,5.403100000065752
2025-01-26 04:00:00.000,04:00,5.845600000000559
2025-01-26 05:00:00.000,05:00,6.399499999941327
2025-01-26 06:00:00.000,06:00,5.484800000162795
2025-01-26 07:00:00.000,07:00,5.529199999850244
2025-01-26 08:00:00.000,08:00,5.221500000101514
2025-01-26 09:00:00.000,09:00,5.6875
2025-01-26 10:00:00.000,10:00,7.059799999883399
2025-01-26 11:00:00.000,11:00,5.822800000105054
2025-01-26 12:00:00.000,12:00,5.495000000018626
2025-01-26 13:00:00.000,13:00,5.718399999896064
2025-01-26 14:00:00.000,14:00,5.499000000115484
2025-01-26 15:00:00.000,15:00,6.889400000032038
2025-01-26 16:00:00.000,16:00,6.481999999983236
2025-01-26 17:00:00.000,17:00,5.683599999872968
2025-01-26 18:00:00.000,18:00,6.1738000000361355
2025-01-26 19:00:00.000,19:00,5.900199999986216
2025-01-26 20:00:00.000,20:00,5.196599999954924
2025-01-26 21:00:00.000,21:00,7.90940000009723
2025-01-26 22:00:00.000,22:00,6.241999999945983
2025-01-26 23:00:00.000,23:00,5.6290000000037255
2025-01-27 00:00:00.000,00:00,5.9161000001011415
2025-01-27 01:00:00.000,01:00,6.010499999974854
2025-01-27 02:00:00.000,02:00,6.774399999878369
2025-01-27 03:00:00.000,03:00,6.723600000026636
2025-01-27 04:00:00.000,04:00,5.731700000166893
2025-01-27 05:00:00.000,05:00,6.243899999931455
2025-01-27 06:00:00.000,06:00,6.205200000060723
2025-01-27 07:00:00.000,07:00,24.046299999929033
2025-01-27 08:00:00.000,08:00,56.9330000000773
2025-01-27 09:00:00.000,09:00,49.17085555554368
2025-01-27 10:00:00.000,10:00,53.354444444412366
2025-01-27 11:00:00.000,11:00,52.149199999962
2025-01-27 12:00:00.000,12:00,69.17939999992959
2025-01-27 13:00:00.000,13:00,64.60820000004023
2025-01-27 14:00:00.000,14:00,36.55179999996908
2025-01-27 15:00:00.000,15:00,25.35580000001937
2025-01-27 16:00:00.000,16:00,9.023199999984353
2025-01-27 17:00:00.000,17:00,8.843600000068546
2025-01-27 18:00:00.000,18:00,8.764599999878556
2025-01-27 19:00:00.000,19:00,9.458199999993667
2025-01-27 20:00:00.000,20:00,7.662400000030175
2025-01-27 21:00:00.000,21:00,8.39280000012368
2025-01-27 22:00:00.000,22:00,8.00559999998659
2025-01-27 23:00:00.000,23:00,7.584199999924749
2025-01-28 00:00:00.000,00:00,9.486999999918044
2025-01-28 01:00:00.000,01:00,8.330800000089221
2025-01-28 02:00:00.000,02:00,7.899699999997392
2025-01-28 03:00:00.000,03:00,8.187600000016392
2025-01-28 04:00:00.000,04:00,7.810900000017137
2025-01-28 05:00:00.000,05:00,8.368300000019373
2025-01-28 06:00:00.000,06:00,9.209799999883398
2025-01-28 07:00:00.000,07:00,27.225500000058673
2025-01-28 08:00:00.000,08:00,38.67195555554807
2025-01-28 09:00:00.000,09:00,47.50244444453985
2025-01-28 10:00:00.000,10:00,40.66140000000596
2025-01-28 11:00:00.000,11:00,49.876199999963866
2025-01-28 12:00:00.000,12:00,66.81839999994263
2025-01-28 13:00:00.000,13:00,61.456200000038365
2025-01-28 14:00:00.000,14:00,41.580800000065935
2025-01-28 15:00:00.000,15:00,27.668399999989198
2025-01-28 16:00:00.000,16:00,9.253399999951943
2025-01-28 17:00:00.000,17:00,9.410799999907612
2025-01-28 18:00:00.000,18:00,8.906600000103936
2025-01-28 19:00:00.000,19:00,7.7493999999016525
2025-01-28 20:00:00.000,20:00,7.617400000011548
2025-01-28 21:00:00.000,21:00,8.59480000003241
2025-01-28 22:00:00.000,22:00,8.595200000097975
2025-01-28 23:00:00.000,23:00,8.644999999832361
2025-01-29 00:00:00.000,00:00,7.904818182006817
2025-01-29 01:00:00.000,01:00,8.234581818141635
2025-01-29 02:00:00.000,02:00,7.975599999842235
2025-01-29 03:00:00.000,03:00,7.7160000000614675
2025-01-29 04:00:00.000,04:00,9.383900000131689
2025-01-29 05:00:00.000,05:00,8.410999999963678
2025-01-29 06:00:00.000,06:00,8.371500000031665
2025-01-29 07:00:00.000,07:00,28.943999999877995
2025-01-29 08:00:00.000,08:00,52.26430000013206
2025-01-29 09:00:00.000,09:00,47.58469999982044
2025-01-29 10:00:00.000,10:00,36.579600000148645
2025-01-29 11:00:00.000,11:00,41.93999999989755
2025-01-29 12:00:00.000,12:00,54.48960000001826
2025-01-29 13:00:00.000,13:00,48.798799999943
2025-01-29 14:00:00.000,14:00,42.644000000087544
2025-01-29 15:00:00.000,15:00,15.032200000016019
2025-01-29 16:00:00.000,16:00,9.19739999989979
2025-01-29 17:00:00.000,17:00,10.825000000139699
2025-01-29 18:00:00.000,18:00,8.179599999962374
2025-01-29 19:00:00.000,19:00,6.792400000011549
2025-01-29 20:00:00.000,20:00,7.117699999874458
2025-01-29 21:00:00.000,21:00,7.775118181960319
2025-01-29 22:00:00.000,22:00,8.645781818066132
2025-01-29 23:00:00.000,23:00,6.343511111242696
2025-01-30 00:00:00.000,00:00,7.499488888843916
2025-01-30 01:00:00.000,01:00,7.221500000031665
2025-01-30 02:00:00.000,02:00,7.01669999989681
2025-01-30 03:00:00.000,03:00,7.6108000000705935
2025-01-30 04:00:00.000,04:00,7.298500000033528
2025-01-30 05:00:00.000,05:00,7.273199999844656
2025-01-30 06:00:00.000,06:00,6.821500000171364
2025-01-30 07:00:00.000,07:00,24.241099999845027
2025-01-30 08:00:00.000,08:00,52.54870000006631
2025-01-30 09:00:00.000,09:00,47.88580000004731
2025-01-30 10:00:00.000,10:00,32.05549999990035
2025-01-30 11:00:00.000,11:00,41.27220000007655
2025-01-30 12:00:00.000,12:00,25.003247758939033
2025-01-30 13:00:00.000,13:00,22.563523956728517
2025-01-30 14:00:00.000,14:00,22.563523956728517
2025-01-30 15:00:00.000,15:00,22.563523956728517
2025-01-30 16:00:00.000,16:00,22.563523956728517
2025-01-30 17:00:00.000,17:00,22.563523956728517
2025-01-30 18:00:00.000,18:00,22.563523956728517
2025-01-30 19:00:00.000,19:00,22.563523956728517
2025-01-30 20:00:00.000,20:00,22.563523956728517
2025-01-30 21:00:00.000,21:00,22.563523956728517
2025-01-30 22:00:00.000,22:00,20.19093663040966
2025-01-30 23:00:00.000,23:00,7.1890000000130385
2025-01-31 00:00:00.000,00:00,7.859799999999813
2025-01-31 01:00:00.000,01:00,8.066400000150317
2025-01-31 02:00:00.000,02:00,6.913199999928475
2025-01-31 03:00:00.000,03:00,6.419099999894389
2025-01-31 04:00:00.000,04:00,6.248600000049919
2025-01-31 05:00:00.000,05:00,6.81980000003241
2025-01-31 06:00:00.000,06:00,7.877100000088103
2025-01-31 07:00:00.000,07:00,32.20759999996517
2025-01-31 08:00:00.000,08:00,62.98270000005141
2025-01-31 09:00:00.000,09:00,48.94309999991674
2025-01-31 10:00:00.000,10:00,34.497600000025706
2025-01-31 11:00:00.000,11:00,39.328999999957155
2025-01-31 12:00:00.000,12:00,59.57160000009463
2025-01-31 13:00:00.000,13:00,48.86340000000782
2025-01-31 14:00:00.000,14:00,32.12199999997392
2025-01-31 15:00:00.000,15:00,22.388799999887123
2025-01-31 16:00:00.000,16:00,6.255400000000372
2025-01-31 17:00:00.000,17:00,6.442399999964983
2025-01-31 18:00:00.000,18:00,7.987800000002608
2025-01-31 19:00:00.000,19:00,6.032200000016019
2025-01-31 20:00:00.000,20:00,6.197000000113621
2025-01-31 21:00:00.000,21:00,6.5800000000279395
2025-01-31 22:00:00.000,22:00,6.125218181748112
2025-01-31 23:00:00.000,23:00,6.595181818056682
2025-02-01 00:00:00.000,00:00,6.989700000127778
2025-02-01 01:00:00.000,01:00,5.646099999896251
2025-02-01 02:00:00.000,02:00,6.0162000000942495
2025-02-01 03:00:00.000,03:00,5.621900000073947
2025-02-01 04:00:00.000,04:00,5.9688999998616055
2025-02-01 05:00:00.000,05:00,7.240299999970011
2025-02-01 06:00:00.000,06:00,5.766600000066683
2025-02-01 07:00:00.000,07:00,5.406800000043586
2025-02-01 08:00:00.000,08:00,5.966699999943375
2025-02-01 09:00:00.000,09:00,5.518072727343744
2025-02-01 10:00:00.000,10:00,6.600727272617884
2025-02-01 11:00:00.000,11:00,6.493200000142679
2025-02-01 12:00:00.000,12:00,6.232799999974668
2025-02-01 13:00:00.000,13:00,5.974200000008568
2025-02-01 14:00:00.000,14:00,6.304800000041723
2025-02-01 15:00:00.000,15:00,6.827999999839813
2025-02-01 16:00:00.000,16:00,7.9014000000897795
2025-02-01 17:00:00.000,17:00,6.473199999984353
2025-02-01 18:00:00.000,18:00,6.8941999999806285
2025-02-01 19:00:00.000,19:00,6.129977777750334
2025-02-01 20:00:00.000,20:00,6.1014040404827234
2025-02-01 21:00:00.000,21:00,7.608040404066236
2025-02-01 22:00:00.000,22:00,6.28587777768003
2025-02-01 23:00:00.000,23:00,5.625900000124238
2025-02-02 00:00:00.000,00:00,5.721699999971316
2025-02-02 01:00:00.000,01:00,5.383399999979884
2025-02-02 02:00:00.000,02:00,6.056100000045262
2025-02-02 03:00:00.000,03:00,6.7768999999854715
2025-02-02 04:00:00.000,04:00,4.622199999913573
2025-02-02 05:00:00.000,05:00,5.7387000000104305
2025-02-02 06:00:00.000,06:00,5.582000000099652
2025-02-02 07:00:00.000,07:00,4.842599999904633
2025-02-02 08:00:00.000,08:00,6.78550000009127
2025-02-02 09:00:00.000,09:00,5.676899999938905
2025-02-02 10:00:00.000,10:00,5.029199999989942
2025-02-02 11:00:00.000,11:00,5.626999999955297
2025-02-02 12:00:00.000,12:00,5.393400000082329
2025-02-02 13:00:00.000,13:00,6.1923999999184165
2025-02-02 14:00:00.000,14:00,6.799800000060349
2025-02-02 15:00:00.000,15:00,5.754199999989942
2025-02-02 16:00:00.000,16:00,6.178600000031292
2025-02-02 17:00:00.000,17:00,6.172599999932572
2025-02-02 18:00:00.000,18:00,6.284600000083447
2025-02-02 19:00:00.000,19:00,6.521999999973922
2025-02-02 20:00:00.000,20:00,6.1913999998476354
2025-02-02 21:00:00.000,21:00,6.104799999990924
2025-02-02 22:00:00.000,22:00,4.9724000001368545
2025-02-02 23:00:00.000,23:00,5.7206000000238415
2025-02-03 00:00:00.000,00:00,6.3339090909046885
2025-02-03 01:00:00.000,01:00,6.109790908970701
2025-02-03 02:00:00.000,02:00,4.889200000092387
2025-02-03 03:00:00.000,03:00,6.093700000084937
2025-02-03 04:00:00.000,04:00,5.104899999964982
2025-02-03 05:00:00.000,05:00,4.928399999882095
2025-02-03 06:00:00.000,06:00,7.0512000000104305
2025-02-03 07:00:00.000,07:00,5.3249999999767175
2025-02-03 08:00:00.000,08:00,4.87253636376382
2025-02-03 09:00:00.000,09:00,5.340272727168419
2025-02-03 10:00:00.000,10:00,5.265690909105945
2025-02-03 11:00:00.000,11:00,5.631200000084936
2025-02-03 12:00:00.000,12:00,6.1594485875872875
2025-02-03 13:00:00.000,13:00,6.14508474575182
2025-02-03 14:00:00.000,14:00,6.14508474575182
2025-02-03 15:00:00.000,15:00,6.14508474575182
2025-02-03 16:00:00.000,16:00,6.14508474575182
2025-02-03 17:00:00.000,17:00,6.14508474575182
2025-02-03 18:00:00.000,18:00,6.14508474575182
2025-02-03 19:00:00.000,19:00,6.14508474575182
2025-02-03 20:00:00.000,20:00,6.14508474575182
2025-02-03 21:00:00.000,21:00,6.14508474575182
2025-02-03 22:00:00.000,22:00,6.14508474575182
2025-02-03 23:00:00.000,23:00,6.0919039549291565
2025-02-04 00:00:00.000,00:00,5.830400000000372
2025-02-04 01:00:00.000,01:00,5.945899999886752
2025-02-04 02:00:00.000,02:00,5.734000000078231
2025-02-04 03:00:00.000,03:00,5.84480000003241
2025-02-04 04:00:00.000,04:00,7.487999999895692
2025-02-04 05:00:00.000,05:00,5.5793000000529
2025-02-04 06:00:00.000,06:00,4.8570999998832125
2025-02-04 07:00:00.000,07:00,15.01140000014566
2025-02-04 08:00:00.000,08:00,54.42439999990165
2025-02-04 09:00:00.000,09:00,61.227500000107106
2025-02-04 10:00:00.000,10:00,46.838999999826775
2025-02-04 11:00:00.000,11:00,53.58240000000223
2025-02-04 12:00:00.000,12:00,75.21120000011287
2025-02-04 13:00:00.000,13:00,57.60379999992438
2025-02-04 14:00:00.000,14:00,38.988600000040606
2025-02-04 15:00:00.000,15:00,27.10260000010021
2025-02-04 16:00:00.000,16:00,13.21226666657668
2025-02-04 17:00:00.000,17:00,8.900787878769798
2025-02-04 18:00:00.000,18:00,10.0981454546267
2025-02-04 19:00:00.000,19:00,8.153799999854527
2025-02-04 20:00:00.000,20:00,8.67370000013616
2025-02-04 21:00:00.000,21:00,8.397900000005029
2025-02-04 22:00:00.000,22:00,7.356399999931455
2025-02-04 23:00:00.000,23:00,7.317599999927916
2025-02-05 00:00:00.000,00:00,7.569800000055693
2025-02-05 01:00:00.000,01:00,7.112800000002608
2025-02-05 02:00:00.000,02:00,8.524799999967218
2025-02-05 03:00:00.000,03:00,7.112000000104309
2025-02-05 04:00:00.000,04:00,7.085099999955855
2025-02-05 05:00:00.000,05:00,7.125499999942258
2025-02-05 06:00:00.000,06:00,7.205500000086613
2025-02-05 07:00:00.000,07:00,15.041199999931269
2025-02-05 08:00:00.000,08:00,44.35548181819137
2025-02-05 09:00:00.000,09:00,65.96870707076118
2025-02-05 10:00:00.000,10:00,62.61811111118231
2025-02-05 11:00:00.000,11:00,59.41479999991134
2025-02-05 12:00:00.000,12:00,74.05900000007823
2025-02-05 13:00:00.000,13:00,62.10679999985732
2025-02-05 14:00:00.000,14:00,43.675
2025-02-05 15:00:00.000,15:00,30.612000000104306
2025-02-05 16:00:00.000,16:00,12.566199999861418
2025-02-05 17:00:00.000,17:00,9.599400000181049
2025-02-05 18:00:00.000,18:00,10.03179999985732
2025-02-05 19:00:00.000,19:00,9.912999999988823
2025-02-05 20:00:00.000,20:00,9.51440000012517
2025-02-05 21:00:00.000,21:00,9.306399999978021
2025-02-05 22:00:00.000,22:00,8.486599999992176
2025-02-05 23:00:00.000,23:00,10.018599999928846
2025-02-06 00:00:00.000,00:00,10.48600000013936
2025-02-06 01:00:00.000,01:00,9.22009999988262
2025-02-06 02:00:00.000,02:00,8.886500000022352
2025-02-06 03:00:00.000,03:00,9.040399999986402
2025-02-06 04:00:00.000,04:00,8.830600000033154
2025-02-06 05:00:00.000,05:00,10.335100000025705
2025-02-06 06:00:00.000,06:00,9.00950000002049
2025-02-06 07:00:00.000,07:00,28.35489999989513
2025-02-06 08:00:00.000,08:00,51.62269999999553
2025-02-06 09:00:00.000,09:00,56.839799999957904
2025-02-06 10:00:00.000,10:00,37.64080000002868
2025-02-06 11:00:00.000,11:00,55.31480000000447
2025-02-06 12:00:00.000,12:00,67.29420000012033
2025-02-06 13:00:00.000,13:00,67.6760000000242
2025-02-06 14:00:00.000,14:00,46.91219999981112
2025-02-06 15:00:00.000,15:00,39.29120000009425
2025-02-06 16:00:00.000,16:00,18.392599999997767
2025-02-06 17:00:00.000,17:00,12.09540000008419
2025-02-06 18:00:00.000,18:00,9.223927272568371
2025-02-06 19:00:00.000,19:00,9.615072727304968
2025-02-06 20:00:00.000,20:00,9.924800000153482
2025-02-06 21:00:00.000,21:00,9.914199999906122
2025-02-06 22:00:00.000,22:00,9.81140000000596
2025-02-06 23:00:00.000,23:00,9.04980000006035
2025-02-07 00:00:00.000,00:00,9.536454545376314
2025-02-07 01:00:00.000,01:00,9.003145454572092
2025-02-07 02:00:00.000,02:00,8.639999999897555
2025-02-07 03:00:00.000,03:00,11.053500000108034
2025-02-07 04:00:00.000,04:00,9.08410000000149
2025-02-07 05:00:00.000,05:00,9.337100000074134
2025-02-07 06:00:00.000,06:00,8.521299999882467
2025-02-07 07:00:00.000,07:00,20.66585454550487
2025-02-07 08:00:00.000,08:00,67.85521212112243
2025-02-07 09:00:00.000,09:00,61.94873333340511
2025-02-07 10:00:00.000,10:00,64.50439999997616
2025-02-07 11:00:00.000,11:00,85.04480000003241
2025-02-07 12:00:00.000,12:00,66.22019999995828
2025-02-07 13:00:00.000,13:00,61.630200000060725
2025-02-07 14:00:00.000,14:00,47.28220000001602
2025-02-07 15:00:00.000,15:00,17.818499999912458
2025-02-07 16:00:00.000,16:00,10.517000000039117
2025-02-07 17:00:00.000,17:00,7.533099999977276
2025-02-07 18:00:00.000,18:00,6.403600000077859
2025-02-07 19:00:00.000,19:00,7.674599999896335
2025-02-07 20:00:00.000,20:00,7.494100000048903
2025-02-07 21:00:00.000,21:00,7.192199999955483
2025-02-07 22:00:00.000,22:00,6.414922222182051
2025-02-07 23:00:00.000,23:00,7.23577777795597
2025-02-08 00:00:00.000,00:00,6.752599999913945
2025-02-08 01:00:00.000,01:00,8.577800000039861
2025-02-08 02:00:00.000,02:00,6.860699999914504
2025-02-08 03:00:00.000,03:00,6.826700000045821
2025-02-08 04:00:00.000,04:00,7.113099999981932
2025-02-08 05:00:00.000,05:00,6.879399999999442
2025-02-08 06:00:00.000,06:00,7.667800000077113
2025-02-08 07:00:00.000,07:00,29.0532999998657
2025-02-08 08:00:00.000,08:00,55.006799999997014
2025-02-08 09:00:00.000,09:00,50.38800000003539
2025-02-08 10:00:00.000,10:00,61.476399999950075
2025-02-08 11:00:00.000,11:00,64.86759999999776
2025-02-08 12:00:00.000,12:00,68.57180000008084
2025-02-08 13:00:00.000,13:00,68.05639999997803
2025-02-08 14:00:00.000,14:00,62.68720000009053
2025-02-08 15:00:00.000,15:00,47.21376363622787
2025-02-08 16:00:00.000,16:00,47.15690909091129
2025-02-08 17:00:00.000,17:00,62.325927272792484
2025-02-08 18:00:00.000,18:00,45.73369999995921
2025-02-08 19:00:00.000,19:00,21.361500000115484
2025-02-08 20:00:00.000,20:00,11.178799999970941
2025-02-08 21:00:00.000,21:00,8.104899999918416
2025-02-08 22:00:00.000,22:00,7.371400000108406
2025-02-08 23:00:00.000,23:00,9.440499999979512
2025-02-09 00:00:00.000,00:00,7.096999999904074
2025-02-09 01:00:00.000,01:00,7.275599999958649
2025-02-09 02:00:00.000,02:00,7.300400000158697
2025-02-09 03:00:00.000,03:00,7.517399999848568
2025-02-09 04:00:00.000,04:00,8.277900000126102
2025-02-09 05:00:00.000,05:00,8.327199999825098
2025-02-09 06:00:00.000,06:00,15.149800000176764
2025-02-09 07:00:00.000,07:00,43.55129999984056
2025-02-09 08:00:00.000,08:00,39.02880000013393
2025-02-09 09:00:00.000,09:00,64.8608000000473
2025-02-09 10:00:00.000,10:00,71.01999999997206
2025-02-09 11:00:00.000,11:00,68.29200000003911
2025-02-09 12:00:00.000,12:00,66.69359999988228
2025-02-09 13:00:00.000,13:00,65.54860000004992
2025-02-09 14:00:00.000,14:00,56.09615555547902
2025-02-09 15:00:00.000,15:00,33.803717171810945
2025-02-09 16:00:00.000,16:00,46.00883838370198
2025-02-09 17:00:00.000,17:00,50.561616161701764
2025-02-09 18:00:00.000,18:00,33.59827272725842
2025-02-09 19:00:00.000,19:00,23.360100000025703
2025-02-09 20:00:00.000,20:00,13.717500000051224
2025-02-09 21:00:00.000,21:00,12.412599999899975
2025-02-09 22:00:00.000,22:00,11.740800000098535
2025-02-09 23:00:00.000,23:00,9.21999999997206
2025-02-10 00:00:00.000,00:00,9.03327272730795
2025-02-10 01:00:00.000,01:00,8.945727272672494
2025-02-10 02:00:00.000,02:00,9.912500000046567
2025-02-10 03:00:00.000,03:00,9.533499999856577
2025-02-10 04:00:00.000,04:00,8.97570000004489
2025-02-10 05:00:00.000,05:00,9.24650000014808
2025-02-10 06:00:00.000,06:00,7.980299999914132
2025-02-10 07:00:00.000,07:00,32.69389999993146
2025-02-10 08:00:00.000,08:00,53.39199999999255
2025-02-10 09:00:00.000,09:00,53.87120000012219
2025-02-10 10:00:00.000,10:00,56.324599999841304
2025-02-10 11:00:00.000,11:00,60.77660000012256
2025-02-10 12:00:00.000,12:00,38.8910604651086
2025-02-10 13:00:00.000,13:00,38.32744186045602
2025-02-10 14:00:00.000,14:00,38.32744186045602
2025-02-10 15:00:00.000,15:00,38.32744186045602
2025-02-10 16:00:00.000,16:00,38.32744186045602
2025-02-10 17:00:00.000,17:00,38.32744186045602
2025-02-10 18:00:00.000,18:00,38.32744186045602
2025-02-10 19:00:00.000,19:00,38.32744186045602
2025-02-10 20:00:00.000,20:00,38.32744186045602
2025-02-10 21:00:00.000,21:00,38.32744186045602
2025-02-10 22:00:00.000,22:00,38.32744186045602
2025-02-10 23:00:00.000,23:00,23.061720930272713
2025-02-11 00:00:00.000,00:00,7.273999999975786
2025-02-11 01:00:00.000,01:00,6.954500000015832
2025-02-11 02:00:00.000,02:00,7.043600000091828
2025-02-11 03:00:00.000,03:00,6.406500000040978
2025-02-11 04:00:00.000,04:00,6.4478999998653315
2025-02-11 05:00:00.000,05:00,7.2148999999510135
2025-02-11 06:00:00.000,06:00,7.521200000145473
2025-02-11 07:00:00.000,07:00,16.348599999886936
2025-02-11 08:00:00.000,08:00,34.69900000011548
2025-02-11 09:00:00.000,09:00,57.62299999995157
2025-02-11 10:00:00.000,10:00,61.068799999915065
2025-02-11 11:00:00.000,11:00,64.91480000014417
2025-02-11 12:00:00.000,12:00,64.3816000000108
2025-02-11 13:00:00.000,13:00,68.97020000000484
2025-02-11 14:00:00.000,14:00,54.676399999903516
2025-02-11 15:00:00.000,15:00,46.036181818156244
2025-02-11 16:00:00.000,16:00,62.298272727269
2025-02-11 17:00:00.000,17:00,49.26084545464255
2025-02-11 18:00:00.000,18:00,44.13399999993853
2025-02-11 19:00:00.000,19:00,30.15610000002198
2025-02-11 20:00:00.000,20:00,15.156199999968521
2025-02-11 21:00:00.000,21:00,9.813100000051781
2025-02-11 22:00:00.000,22:00,9.352199999941513
2025-02-11 23:00:00.000,23:00,8.428099999926053
2025-02-12 00:00:00.000,00:00,8.345500000030734
2025-02-12 01:00:00.000,01:00,8.196400000178256
2025-02-12 02:00:00.000,02:00,7.975399999879301
2025-02-12 03:00:00.000,03:00,8.851699999975972
2025-02-12 04:00:00.000,04:00,8.343099999986588
2025-02-12 05:00:00.000,05:00,8.656900000129827
2025-02-12 06:00:00.000,06:00,7.40739999981597
2025-02-12 07:00:00.000,07:00,17.527200000011362
2025-02-12 08:00:00.000,08:00,52.630511111220244
2025-02-12 09:00:00.000,09:00,53.019888888915176
2025-02-12 10:00:00.000,10:00,62.54200000003912
2025-02-12 11:00:00.000,11:00,47.58379999990575
2025-02-12 12:00:00.000,12:00,57.48880000007338
2025-02-12 13:00:00.000,13:00,58.741199999907984
2025-02-12 14:00:00.000,14:00,44.12619999999491
2025-02-12 15:00:00.000,15:00,30.882636363646295
2025-02-12 16:00:00.000,16:00,44.7891636364035
2025-02-12 17:00:00.000,17:00,45.186599999992175
2025-02-12 18:00:00.000,18:00,36.0816000000108
2025-02-12 19:00:00.000,19:00,22.72020000000484
2025-02-12 20:00:00.000,20:00,17.469999999948776
2025-02-12 21:00:00.000,21:00,11.757466666666893
2025-02-12 22:00:00.000,22:00,10.667555555494296
2025-02-12 23:00:00.000,23:00,10.42977777785725
2025-02-13 00:00:00.000,00:00,9.981100000021979
2025-02-13 01:00:00.000,01:00,9.908699999959207
2025-02-13 02:00:00.000,02:00,11.227899999963121
2025-02-13 03:00:00.000,03:00,9.437899999972434
2025-02-13 04:00:00.000,04:00,10.098600000189618
2025-02-13 05:00:00.000,05:00,9.38329999980051
2025-02-13 06:00:00.000,06:00,9.546200000145474
2025-02-13 07:00:00.000,07:00,13.529099999880419
2025-02-13 08:00:00.000,08:00,45.87590000007767
2025-02-13 09:00:00.000,09:00,60.70649999990128
2025-02-13 10:00:00.000,10:00,63.0328000000678
2025-02-13 11:00:00.000,11:00,64.54399999999441
2025-02-13 12:00:00.000,12:00,79.48720000009052
2025-02-13 13:00:00.000,13:00,69.76935555546338
2025-02-13 14:00:00.000,14:00,42.560344444422256
2025-02-13 15:00:00.000,15:00,36.51309999995865
2025-02-13 16:00:00.000,16:00,48.43460000003688
2025-02-13 17:00:00.000,17:00,43.44790000012145
2025-02-13 18:00:00.000,18:00,40.553699999907984
2025-02-13 19:00:00.000,19:00,23.683100000000557
2025-02-13 20:00:00.000,20:00,15.315300000016578
2025-02-13 21:00:00.000,21:00,11.795000000065192
2025-02-13 22:00:00.000,22:00,10.668199999863281
2025-02-13 23:00:00.000,23:00,11.368200000096113
2025-02-14 00:00:00.000,00:00,10.879300000006333
2025-02-14 01:00:00.000,01:00,8.955400000070222
2025-02-14 02:00:00.000,02:00,9.709699999983423
2025-02-14 03:00:00.000,03:00,10.063400000007825
2025-02-14 04:00:00.000,04:00,9.275199999846517
2025-02-14 05:00:00.000,05:00,10.71920000007376
2025-02-14 06:00:00.000,06:00,9.466000000014901
2025-02-14 07:00:00.000,07:00,9.79230000008829
2025-02-14 08:00:00.000,08:00,50.80604545449076
2025-02-14 09:00:00.000,09:00,47.492054545477195
2025-02-14 10:00:00.000,10:00,40.273799999943
2025-02-14 11:00:00.000,11:00,52.641799999913204
2025-02-14 12:00:00.000,12:00,61.81820000014268
2025-02-14 13:00:00.000,13:00,57.07019999995828
2025-02-14 14:00:00.000,14:00,42.570699999947095
2025-02-14 15:00:00.000,15:00,41.15270000004463
2025-02-14 16:00:00.000,16:00,61.71280000005129
2025-02-14 17:00:00.000,17:00,51.45069999995176
2025-02-14 18:00:00.000,18:00,41.73519999999553
2025-02-14 19:00:00.000,19:00,23.787699999916367
2025-02-14 20:00:00.000,20:00,9.667500000097789
2025-02-14 21:00:00.000,21:00,6.959199999994598
2025-02-14 22:00:00.000,22:00,7.1509999999310825
2025-02-14 23:00:00.000,23:00,8.086900000018067
2025-02-15 00:00:00.000,00:00,6.203818181847137
2025-02-15 01:00:00.000,01:00,6.129881818135354
2025-02-15 02:00:00.000,02:00,6.680400000070222
2025-02-15 03:00:00.000,03:00,6.1042000000830745
2025-02-15 04:00:00.000,04:00,7.725699999928475
2025-02-15 05:00:00.000,05:00,6.5513999999733645
2025-02-15 06:00:00.000,06:00,6.3629999999888245
2025-02-15 07:00:00.000,07:00,28.481699999934065
2025-02-15 08:00:00.000,08:00,55.32280909099447
2025-02-15 09:00:00.000,09:00,48.57329090915789
2025-02-15 10:00:00.000,10:00,37.14159999997355
2025-02-15 11:00:00.000,11:00,43.8409999998752
2025-02-15 12:00:00.000,12:00,60.44000000003725
2025-02-15 13:00:00.000,13:00,66.32539999992586
2025-02-15 14:00:00.000,14:00,54.35891111119547
2025-02-15 15:00:00.000,15:00,35.92999999998655
2025-02-15 16:00:00.000,16:00,54.975988888908695
2025-02-15 17:00:00.000,17:00,55.004300000029616
2025-02-15 18:00:00.000,18:00,50.59460000006948
2025-02-15 19:00:00.000,19:00,29.936399999866264
2025-02-15 20:00:00.000,20:00,14.790899999975226
2025-02-15 21:00:00.000,21:00,10.875500000035391
2025-02-15 22:00:00.000,22:00,9.471900000004098
2025-02-15 23:00:00.000,23:00,9.892300000088289
2025-02-16 00:00:00.000,00:00,9.555399999953806
2025-02-16 01:00:00.000,01:00,8.968899999954738
2025-02-16 02:00:00.000,02:00,11.516199999954551
2025-02-16 03:00:00.000,03:00,9.671200000122191
2025-02-16 04:00:00.000,04:00,9.584900000016205
2025-02-16 05:00:00.000,05:00,9.492999999923631
2025-02-16 06:00:00.000,06:00,9.347499999939465
2025-02-16 07:00:00.000,07:00,34.13630000017584
2025-02-16 08:00:00.000,08:00,54.99499999999534
2025-02-16 09:00:00.000,09:00,44.56079999995418
2025-02-16 10:00:00.000,10:00,34.88619999992661
2025-02-16 11:00:00.000,11:00,41.50360000007785
2025-02-16 12:00:00.000,12:00,57.00179999996908
2025-02-16 13:00:00.000,13:00,49.79540000003762
2025-02-16 14:00:00.000,14:00,41.50309999997262
2025-02-16 15:00:00.000,15:00,31.994999999925497
2025-02-16 16:00:00.000,16:00,52.26349999995437
2025-02-16 17:00:00.000,17:00,57.41410000012256
2025-02-16 18:00:00.000,18:00,43.32939999997616
2025-02-16 19:00:00.000,19:00,25.268000000040047
2025-02-16 20:00:00.000,20:00,11.144300000020303
2025-02-16 21:00:00.000,21:00,7.86359999999404
2025-02-16 22:00:00.000,22:00,6.624699999927543
2025-02-16 23:00:00.000,23:00,7.381478427747014
2025-02-17 00:00:00.000,00:00,13.648957952463713
2025-02-17 01:00:00.000,01:00,13.648957952463713
2025-02-17 02:00:00.000,02:00,13.648957952463713
2025-02-17 03:00:00.000,03:00,13.648957952463713
2025-02-17 04:00:00.000,04:00,13.648957952463713
2025-02-17 05:00:00.000,05:00,13.648957952463713
2025-02-17 06:00:00.000,06:00,13.648957952463713
2025-02-17 07:00:00.000,07:00,13.648957952463713
2025-02-17 08:00:00.000,08:00,13.648957952463713
2025-02-17 09:00:00.000,09:00,56.56080000011716
2025-02-17 10:00:00.000,10:00,60.479799999995166
2025-02-17 11:00:00.000,11:00,56.5814000000013
2025-02-17 12:00:00.000,12:00,60.112399999960324
2025-02-17 13:00:00.000,13:00,68.9578000000678
2025-02-17 14:00:00.000,14:00,44.93769999996294
2025-02-17 15:00:00.000,15:00,32.61628181808628
2025-02-17 16:00:00.000,16:00,44.7230181818828
2025-02-17 17:00:00.000,17:00,59.810199999995525
2025-02-17 18:00:00.000,18:00,30.36159999994561
2025-02-17 19:00:00.000,19:00,17.212800000142305
2025-02-17 20:00:00.000,20:00,12.635799999954179
2025-02-17 21:00:00.000,21:00,8.374599999981001
2025-02-17 22:00:00.000,22:00,8.980999999912456
2025-02-17 23:00:00.000,23:00,8.923800000082702
2025-02-18 00:00:00.000,00:00,8.307899999967777
2025-02-18 01:00:00.000,01:00,8.272700000111945
2025-02-18 02:00:00.000,02:00,8.858599999989384
2025-02-18 03:00:00.000,03:00,8.778499999898486
2025-02-18 04:00:00.000,04:00,8.554299999983051
2025-02-18 05:00:00.000,05:00,8.335900000063702
2025-02-18 06:00:00.000,06:00,7.822700000065379
2025-02-18 07:00:00.000,07:00,21.137799999979325
2025-02-18 08:00:00.000,08:00,57.004822222187386
2025-02-18 09:00:00.000,09:00,56.65717777770737
2025-02-18 10:00:00.000,10:00,62.2114000000991
2025-02-18 11:00:00.000,11:00,53.28519999999553
2025-02-18 12:00:00.000,12:00,71.41719999997876
2025-02-18 13:00:00.000,13:00,71.7310727273114
2025-02-18 14:00:00.000,14:00,65.19832727268803
2025-02-18 15:00:00.000,15:00,25.41860000002198
2025-02-18 16:00:00.000,16:00,56.74279999986757
2025-02-18 17:00:00.000,17:00,52.01780000017025
2025-02-18 18:00:00.000,18:00,51.45790000001434
2025-02-18 19:00:00.000,19:00,35.565299999830316
2025-02-18 20:00:00.000,20:00,12.944699999992736
2025-02-18 21:00:00.000,21:00,8.070999999996275
2025-02-18 22:00:00.000,22:00,7.237600000039674
2025-02-18 23:00:00.000,23:00,8.203116819163668
2025-02-19 00:00:00.000,00:00,12.74928702010009
2025-02-19 01:00:00.000,01:00,12.74928702010009
2025-02-19 02:00:00.000,02:00,12.74928702010009
2025-02-19 03:00:00.000,03:00,12.74928702010009
2025-02-19 04:00:00.000,04:00,12.74928702010009
2025-02-19 05:00:00.000,05:00,12.74928702010009
2025-02-19 06:00:00.000,06:00,12.74928702010009
2025-02-19 07:00:00.000,07:00,12.74928702010009
2025-02-19 08:00:00.000,08:00,12.74928702010009
2025-02-19 09:00:00.000,09:00,46.48789999990258
2025-02-19 10:00:00.000,10:00,56.88410000011791
2025-02-19 11:00:00.000,11:00,51.80590000005904
2025-02-19 12:00:00.000,12:00,68.96519999986049
2025-02-19 13:00:00.000,13:00,65.07809999997262
2025-02-19 14:00:00.000,14:00,37.90340000006836
2025-02-19 15:00:00.000,15:00,37.45819999992382
2025-02-19 16:00:00.000,16:00,60.333200000016944
2025-02-19 17:00:00.000,17:00,55.73600000003353
2025-02-19 18:00:00.000,18:00,46.979600000102074
2025-02-19 19:00:00.000,19:00,24.774799999920653
2025-02-19 20:00:00.000,20:00,12.964400000032038
2025-02-19 21:00:00.000,21:00,10.728200000012293
2025-02-19 22:00:00.000,22:00,8.635400000028312
2025-02-19 23:00:00.000,23:00,10.229599999869242
2025-02-20 00:00:00.000,00:00,7.9989000000059605
2025-02-20 01:00:00.000,01:00,8.801600000006147
2025-02-20 02:00:00.000,02:00,8.091800000099465
2025-02-20 03:00:00.000,03:00,8.52410000001546
2025-02-20 04:00:00.000,04:00,8.972499999939465
2025-02-20 05:00:00.000,05:00,9.536700000031852
2025-02-20 06:00:00.000,06:00,8.194599999883213
2025-02-20 07:00:00.000,07:00,33.85570000000298
2025-02-20 08:00:00.000,08:00,48.437900000135414
2025-02-20 09:00:00.000,09:00,59.28839999991469
2025-02-20 10:00:00.000,10:00,62.01180000011809
2025-02-20 11:00:00.000,11:00,56.41339999996126
2025-02-20 12:00:00.000,12:00,58.529799999902025
2025-02-20 13:00:00.000,13:00,57.82743636359969
2025-02-20 14:00:00.000,14:00,52.25756363645619
2025-02-20 15:00:00.000,15:00,42.53899999991991
2025-02-20 16:00:00.000,16:00,46.5816000000108
2025-02-20 17:00:00.000,17:00,43.59139999998733
2025-02-20 18:00:00.000,18:00,32.66740000003483
2025-02-20 19:00:00.000,19:00,20.679288888927033
2025-02-20 20:00:00.000,20:00,12.228511111047636
2025-02-20 21:00:00.000,21:00,9.550600000051782
2025-02-20 22:00:00.000,22:00,9.362800000002608
2025-02-20 23:00:00.000,23:00,7.845178723348641
2025-02-21 00:00:00.000,00:00,6.998021276677622
2025-02-21 01:00:00.000,01:00,7.59309999991674
2025-02-21 02:00:00.000,02:00,7.880100000114181
2025-02-21 03:00:00.000,03:00,8.345699999993668
2025-02-21 04:00:00.000,04:00,7.536300000036135
2025-02-21 05:00:00.000,05:00,7.502199999964796
2025-02-21 06:00:00.000,06:00,7.269800000009127
2025-02-21 07:00:00.000,07:00,27.04590000002645
2025-02-21 08:00:00.000,08:00,45.361999999894756
2025-02-21 09:00:00.000,09:00,53.80009999994654
2025-02-21 10:00:00.000,10:00,52.559800000162795
2025-02-21 11:00:00.000,11:00,47.74579999987036
2025-02-21 12:00:00.000,12:00,64.06120000011288
2025-02-21 13:00:00.000,13:00,67.3038000000175
2025-02-21 14:00:00.000,14:00,45.12392727263187
2025-02-21 15:00:00.000,15:00,44.32307272720235
2025-02-21 16:00:00.000,16:00,47.73380000004545
2025-02-21 17:00:00.000,17:00,42.24930000002496
2025-02-21 18:00:00.000,18:00,36.10570000000298
2025-02-21 19:00:00.000,19:00,28.01529999994673
2025-02-21 20:00:00.000,20:00,12.793900000024585
2025-02-21 21:00:00.000,21:00,8.840000000037254
2025-02-21 22:00:00.000,22:00,8.264100000006147
2025-02-21 23:00:00.000,23:00,7.915099999890662
2025-02-22 00:00:00.000,00:00,7.330200000084005
2025-02-22 01:00:00.000,01:00,9.370100000011735
2025-02-22 02:00:00.000,02:00,8.474999999953434
2025-02-22 03:00:00.000,03:00,7.8005000001285225
2025-02-22 04:00:00.000,04:00,7.422199999960139
2025-02-22 05:00:00.000,05:00,7.7836999998660765
2025-02-22 06:00:00.000,06:00,8.987900000065565
2025-02-22 07:00:00.000,07:00,17.89269999996759
2025-02-22 08:00:00.000,08:00,45.83069999997969
2025-02-22 09:00:00.000,09:00,65.5754000001587
2025-02-22 10:00:00.000,10:00,57.6397999999579
2025-02-22 11:00:00.000,11:00,61.25579999997281
2025-02-22 12:00:00.000,12:00,67.85059999991208
2025-02-22 13:00:00.000,13:00,73.44800000013784
2025-02-22 14:00:00.000,14:00,66.42903636359948
2025-02-22 15:00:00.000,15:00,34.17996363633905
2025-02-22 16:00:00.000,16:00,53.93599999994039
2025-02-22 17:00:00.000,17:00,55.28760000006295
2025-02-22 18:00:00.000,18:00,47.55690000005998
2025-02-22 19:00:00.000,19:00,29.35439999992959
2025-02-22 20:00:00.000,20:00,13.973500000080094
2025-02-22 21:00:00.000,21:00,9.799699999927544
2025-02-22 22:00:00.000,22:00,8.71259999992326
2025-02-22 23:00:00.000,23:00,9.376533333336313
2025-02-23 00:00:00.000,00:00,7.645166666751417
2025-02-23 01:00:00.000,01:00,7.390499999932945
2025-02-23 02:00:00.000,02:00,7.566900000069291
2025-02-23 03:00:00.000,03:00,7.107399999955669
2025-02-23 04:00:00.000,04:00,8.872100000060165
2025-02-23 05:00:00.000,05:00,7.648799999966287
2025-02-23 06:00:00.000,06:00,7.39910000001546
2025-02-23 07:00:00.000,07:00,31.868599999975412
2025-02-23 08:00:00.000,08:00,51.88569090908436
2025-02-23 09:00:00.000,09:00,55.18170909099704
2025-02-23 10:00:00.000,10:00,53.573599999956784
2025-02-23 11:00:00.000,11:00,57.66219999999739
2025-02-23 12:00:00.000,12:00,61.144600000046196
2025-02-23 13:00:00.000,13:00,60.7863999999594
2025-02-23 14:00:00.000,14:00,42.17912727276455
2025-02-23 15:00:00.000,15:00,31.08954545442777
2025-02-23 16:00:00.000,16:00,50.62872727275403
2025-02-23 17:00:00.000,17:00,51.062299999967216
2025-02-23 18:00:00.000,18:00,43.13470000005327
2025-02-23 19:00:00.000,19:00,31.55149999994319
2025-02-23 20:00:00.000,20:00,12.584200000041164
2025-02-23 21:00:00.000,21:00,10.523400000063702
2025-02-23 22:00:00.000,22:00,8.824999999930151
2025-02-23 23:00:00.000,23:00,8.327899999986403
2025-02-24 00:00:00.000,00:00,7.2958999999566005
2025-02-24 01:00:00.000,01:00,7.754200000036508
2025-02-24 02:00:00.000,02:00,8.247799999942071
2025-02-24 03:00:00.000,03:00,9.045400000154041
2025-02-24 04:00:00.000,04:00,7.58559999994468
2025-02-24 05:00:00.000,05:00,7.602999999909662
2025-02-24 06:00:00.000,06:00,7.72770000002347
2025-02-24 07:00:00.000,07:00,34.71610000010114
2025-02-24 08:00:00.000,08:00,53.396000000019555
2025-02-24 09:00:00.000,09:00,53.334099999931645
2025-02-24 10:00:00.000,10:00,58.44840000001713
2025-02-24 11:00:00.000,11:00,58.980000000027935
2025-02-24 12:00:00.000,12:00,58.172827932928236
2025-02-24 13:00:00.000,13:00,57.80899441339253
2025-02-24 14:00:00.000,14:00,57.80899441339253
2025-02-24 15:00:00.000,15:00,57.80899441339253
2025-02-24 16:00:00.000,16:00,57.80899441339253
2025-02-24 17:00:00.000,17:00,57.80899441339253
2025-02-24 18:00:00.000,18:00,41.04910000015516
2025-02-24 19:00:00.000,19:00,25.213599999900907
2025-02-24 20:00:00.000,20:00,16.117200000118466
2025-02-24 21:00:00.000,21:00,13.543499999935738
2025-02-24 22:00:00.000,22:00,10.427299999888056
2025-02-24 23:00:00.000,23:00,10.866300000180491
2025-02-25 00:00:00.000,00:00,10.449727272657169
2025-02-25 01:00:00.000,01:00,11.255572727280246
2025-02-25 02:00:00.000,02:00,9.928599999914878
2025-02-25 03:00:00.000,03:00,10.381700000027195
2025-02-25 04:00:00.000,04:00,9.860900000063703
2025-02-25 05:00:00.000,05:00,10.086400000052528
2025-02-25 06:00:00.000,06:00,11.356399999861607
2025-02-25 07:00:00.000,07:00,16.842200000002048
2025-02-25 08:00:00.000,08:00,47.29069999998901
2025-02-25 09:00:00.000,09:00,55.379600000148635
2025-02-25 10:00:00.000,10:00,47.42939999983646
2025-02-25 11:00:00.000,11:00,38.79980000006035
2025-02-25 12:00:00.000,12:00,60.836599999992174
2025-02-25 13:00:00.000,13:00,59.44080000007525
2025-02-25 14:00:00.000,14:00,46.564266666635454
2025-02-25 15:00:00.000,15:00,36.662433333340516
2025-02-25 16:00:00.000,16:00,45.390099999983796
2025-02-25 17:00:00.000,17:00,57.58809999995865
2025-02-25 18:00:00.000,18:00,52.28969999998808
2025-02-25 19:00:00.000,19:00,27.39430000009015
2025-02-25 20:00:00.000,20:00,18.014099999889734
2025-02-25 21:00:00.000,21:00,14.768400000059046
2025-02-25 22:00:00.000,22:00,13.558499999949708
2025-02-25 23:00:00.000,23:00,12.6127000000095
2025-02-26 00:00:00.000,00:00,11.542200000071897
2025-02-26 01:00:00.000,01:00,12.717899999953808
2025-02-26 02:00:00.000,02:00,11.15979999997653
2025-02-26 03:00:00.000,03:00,11.315599999995904
2025-02-26 04:00:00.000,04:00,12.697200000053272
2025-02-26 05:00:00.000,05:00,12.623800000012853
2025-02-26 06:00:00.000,06:00,14.085100000048987
2025-02-26 07:00:00.000,07:00,16.27279999984894
2025-02-26 08:00:00.000,08:00,52.589200000162236
2025-02-26 09:00:00.000,09:00,64.86639999989421
2025-02-26 10:00:00.000,10:00,65.8867999999784
2025-02-26 11:00:00.000,11:00,46.08900000001304
2025-02-26 12:00:00.000,12:00,62.963000000081955
2025-02-26 13:00:00.000,13:00,59.025400000019
2025-02-26 14:00:00.000,14:00,46.85161818172783
2025-02-26 15:00:00.000,15:00,38.76748181814328
2025-02-26 16:00:00.000,16:00,55.938700000080274
2025-02-26 17:00:00.000,17:00,46.40290000000969
2025-02-26 18:00:00.000,18:00,45.29539999999106
2025-02-26 19:00:00.000,19:00,29.154400000046007
2025-02-26 20:00:00.000,20:00,14.359799999999813
2025-02-26 21:00:00.000,21:00,10.696299999835901
2025-02-26 22:00:00.000,22:00,12.898400000156835
2025-02-26 23:00:00.000,23:00,9.049799999967217
2025-02-27 00:00:00.000,00:00,8.491900000046007
2025-02-27 01:00:00.000,01:00,9.897099999943748
2025-02-27 02:00:00.000,02:00,10.457300000032411
2025-02-27 03:00:00.000,03:00,8.540900000045077
2025-02-27 04:00:00.000,04:00,8.940499999979512
2025-02-27 05:00:00.000,05:00,8.964199999906123
2025-02-27 06:00:00.000,06:00,8.4044999999227
2025-02-27 07:00:00.000,07:00,39.29010000019335
2025-02-27 08:00:00.000,08:00,61.1378999998793
2025-02-27 09:00:00.000,09:00,64.78319999999367
2025-02-27 10:00:00.000,10:00,73.0290000000503
2025-02-27 11:00:00.000,11:00,54.12099999994971
2025-02-27 12:00:00.000,12:00,62.905200000107286
2025-02-27 13:00:00.000,13:00,65.9550181818237
2025-02-27 14:00:00.000,14:00,51.87768181815786
2025-02-27 15:00:00.000,15:00,35.149499999987896
2025-02-27 16:00:00.000,16:00,51.74930000000168
2025-02-27 17:00:00.000,17:00,46.961700000031854
2025-02-27 18:00:00.000,18:00,42.70409999997355
2025-02-27 19:00:00.000,19:00,27.838299999944866
2025-02-27 20:00:00.000,20:00,12.67080000010319
2025-02-27 21:00:00.000,21:00,8.78169999991078
2025-02-27 22:00:00.000,22:00,8.736300000082702
2025-02-27 23:00:00.000,23:00,8.390799999865703
2025-02-28 00:00:00.000,00:00,8.879636363782497
2025-02-28 01:00:00.000,01:00,8.167963636313058
2025-02-28 02:00:00.000,02:00,7.6031999999424436
2025-02-28 03:00:00.000,03:00,7.611300000059419
2025-02-28 04:00:00.000,04:00,7.91299999987241
2025-02-28 05:00:00.000,05:00,8.211399999982678
2025-02-28 06:00:00.000,06:00,7.899799999990501
2025-02-28 07:00:00.000,07:00,11.01980000010226
2025-02-28 08:00:00.000,08:00,44.65999090907545
2025-02-28 09:00:00.000,09:00,59.23870909087445
2025-02-28 10:00:00.000,10:00,63.02560000005178
2025-02-28 11:00:00.000,11:00,59.93440000009723
2025-02-28 12:00:00.000,12:00,70.82139999992214
2025-02-28 13:00:00.000,13:00,61.11339999986812
2025-02-28 14:00:00.000,14:00,47.32470000013709
2025-02-28 15:00:00.000,15:00,35.25399999995716
2025-02-28 16:00:00.000,16:00,55.51550000007264
2025-02-28 17:00:00.000,17:00,54.662699999939655
2025-02-28 18:00:00.000,18:00,55.965200000023465
2025-02-28 19:00:00.000,19:00,30.341600000066684
2025-02-28 20:00:00.000,20:00,13.95589999994263
2025-02-28 21:00:00.000,21:00,10.298399999993853
2025-02-28 22:00:00.000,22:00,9.991200000001118
2025-02-28 23:00:00.000,23:00,9.936199999903328
2025-03-01 00:00:00.000,00:00,10.141700000083073
2025-03-01 01:00:00.000,01:00,9.493900000047871
2025-03-01 02:00:00.000,02:00,9.51149999999907
2025-03-01 03:00:00.000,03:00,8.432999999984167
2025-03-01 04:00:00.000,04:00,9.71869999994524
2025-03-01 05:00:00.000,05:00,10.034300000010989
2025-03-01 06:00:00.000,06:00,9.0884999999078
2025-03-01 07:00:00.000,07:00,10.913800000003539
2025-03-01 08:00:00.000,08:00,49.86420000004582
2025-03-01 09:00:00.000,09:00,54.61000000005588
2025-03-01 10:00:00.000,10:00,52.1073999999091
2025-03-01 11:00:00.000,11:00,66.22740000002086
2025-03-01 12:00:00.000,12:00,63.412400000123306
2025-03-01 13:00:00.000,13:00,50.0421999999322
2025-03-01 14:00:00.000,14:00,48.83070000000298
2025-03-01 15:00:00.000,15:00,35.002999999979515
2025-03-01 16:00:00.000,16:00,49.290399999963114
2025-03-01 17:00:00.000,17:00,50.05770000014454
2025-03-01 18:00:00.000,18:00,42.26849999988917
2025-03-01 19:00:00.000,19:00,28.90720000001602
2025-03-01 20:00:00.000,20:00,13.808799999998882
2025-03-01 21:00:00.000,21:00,9.919400000013411
2025-03-01 22:00:00.000,22:00,8.86969999994617
2025-03-01 23:00:00.000,23:00,7.754600000102073
2025-03-02 00:00:00.000,00:00,7.934399999887683
2025-03-02 01:00:00.000,01:00,7.861800000001676
2025-03-02 02:00:00.000,02:00,8.204400000069292
2025-03-02 03:00:00.000,03:00,9.302399999881164
2025-03-02 04:00:00.000,04:00,8.103900000127032
2025-03-02 05:00:00.000,05:00,7.649300000071526
2025-03-02 06:00:00.000,06:00,8.493799999984914
2025-03-02 07:00:00.000,07:00,35.281900000013415
2025-03-02 08:00:00.000,08:00,45.240599999879485
2025-03-02 09:00:00.000,09:00,53.760300000058486
2025-03-02 10:00:00.000,10:00,57.85320000001229
2025-03-02 11:00:00.000,11:00,55.280599999893454
2025-03-02 12:00:00.000,12:00,56.84900000002236
2025-03-02 13:00:00.000,13:00,68.89462222218927
2025-03-02 14:00:00.000,14:00,60.713777777813895
2025-03-02 15:00:00.000,15:00,45.516100000031294
2025-03-02 16:00:00.000,16:00,60.0579999999376
2025-03-02 17:00:00.000,17:00,58.88444545470093
2025-03-02 18:00:00.000,18:00,52.99378787866568
2025-03-02 19:00:00.000,19:00,34.1527666666157
2025-03-02 20:00:00.000,20:00,13.696000000066125
2025-03-02 21:00:00.000,21:00,8.334699999983423
2025-03-02 22:00:00.000,22:00,7.177300000051036
2025-03-02 23:00:00.000,23:00,6.720899999910034
2025-03-03 00:00:00.000,00:00,8.06889999997802
2025-03-03 01:00:00.000,01:00,8.097700000111946
2025-03-03 02:00:00.000,02:00,6.823999999975785
2025-03-03 03:00:00.000,03:00,6.888100000098348
2025-03-03 04:00:00.000,04:00,7.317599999834784
2025-03-03 05:00:00.000,05:00,6.520000000135042
2025-03-03 06:00:00.000,06:00,8.356599999847822
2025-03-03 07:00:00.000,07:00,16.991699999989944
2025-03-03 08:00:00.000,08:00,59.68494545458393
2025-03-03 09:00:00.000,09:00,61.761654545464125
2025-03-03 10:00:00.000,10:00,65.62939999997616
2025-03-03 11:00:00.000,11:00,67.06560000004248
2025-03-03 12:00:00.000,12:00,81.85280000008643
2025-03-03 13:00:00.000,13:00,73.18879999993369
2025-03-03 14:00:00.000,14:00,50.58390000001527
2025-03-03 15:00:00.000,15:00,40.386200000043026
2025-03-03 16:00:00.000,16:00,49.55449999994599
2025-03-03 17:00:00.000,17:00,58.427900000009686
2025-03-03 18:00:00.000,18:00,45.48180000009015
2025-03-03 19:00:00.000,19:00,34.96179999988526
2025-03-03 20:00:00.000,20:00,12.787699999939651
2025-03-03 21:00:00.000,21:00,8.711200000089592
2025-03-03 22:00:00.000,22:00,8.200600000005215
2025-03-03 23:00:00.000,23:00,7.52660000002943
2025-03-04 00:00:00.000,00:00,7.016499999980442
2025-03-04 01:00:00.000,01:00,7.181499999994412
2025-03-04 02:00:00.000,02:00,6.848999999952502
2025-03-04 03:00:00.000,03:00,6.886400000005961
2025-03-04 04:00:00.000,04:00,8.18640000007581
2025-03-04 05:00:00.000,05:00,6.932099999906495
2025-03-04 06:00:00.000,06:00,7.3197999999625605
2025-03-04 07:00:00.000,07:00,15.9283000000054
2025-03-04 08:00:00.000,08:00,44.45030000007246
2025-03-04 09:00:00.000,09:00,42.069900000002235
2025-03-04 10:00:00.000,10:00,48.600400000019
2025-03-04 11:00:00.000,11:00,47.53180000004359
2025-03-04 12:00:00.000,12:00,59.807999999867754
2025-03-04 13:00:00.000,13:00,56.72500000004656
2025-03-04 14:00:00.000,14:00,50.521236363730644
2025-03-04 15:00:00.000,15:00,41.261585858490584
2025-03-04 16:00:00.000,16:00,54.59477777787898
2025-03-04 17:00:00.000,17:00,52.37739999988116
2025-03-04 18:00:00.000,18:00,54.41240000007674
2025-03-04 19:00:00.000,19:00,32.4566000000108
2025-03-04 20:00:00.000,20:00,11.173899999959396
2025-03-04 21:00:00.000,21:00,11.565799999912269
2025-03-04 22:00:00.000,22:00,8.299000000185334
2025-03-04 23:00:00.000,23:00,8.247899999888613
2025-03-05 00:00:00.000,00:00,7.91881818190979
2025-03-05 01:00:00.000,01:00,7.293281818187626
2025-03-05 02:00:00.000,02:00,9.004399999929593
2025-03-05 03:00:00.000,03:00,7.358199999900535
2025-03-05 04:00:00.000,04:00,6.968300000019371
2025-03-05 05:00:00.000,05:00,6.180100000090897
2025-03-05 06:00:00.000,06:00,6.858099999907427
2025-03-05 07:00:00.000,07:00,35.88870000015013
2025-03-05 08:00:00.000,08:00,61.93429999989458
2025-03-05 09:00:00.000,09:00,45.91320000011474
2025-03-05 10:00:00.000,10:00,49.91439999998547
2025-03-05 11:00:00.000,11:00,49.17679999982938
2025-03-05 12:00:00.000,12:00,62.84900000002236
2025-03-05 13:00:00.000,13:00,63.96640000008046
2025-03-05 14:00:00.000,14:00,43.45859999989625
2025-03-05 15:00:00.000,15:00,30.379000000073574
2025-03-05 16:00:00.000,16:00,51.156288888859045
2025-03-05 17:00:00.000,17:00,55.1075111111445
2025-03-05 18:00:00.000,18:00,47.919800000055695
2025-03-05 19:00:00.000,19:00,24.103299999958836
2025-03-05 20:00:00.000,20:00,12.356200000061655
2025-03-05 21:00:00.000,21:00,9.61369999994058
2025-03-05 22:00:00.000,22:00,8.146699999948032
2025-03-05 23:00:00.000,23:00,8.654900000151247
2025-03-06 00:00:00.000,00:00,10.094636363527652
2025-03-06 01:00:00.000,01:00,7.92416363638741
2025-03-06 02:00:00.000,02:00,7.17410000008531
2025-03-06 03:00:00.000,03:00,7.762099999794736
2025-03-06 04:00:00.000,04:00,7.3651000001700595
2025-03-06 05:00:00.000,05:00,8.521900000027381
2025-03-06 06:00:00.000,06:00,8.07609999985434
2025-03-06 07:00:00.000,07:00,16.436500000115483
2025-03-06 08:00:00.000,08:00,62.08640000000596
2025-03-06 09:00:00.000,09:00,64.25879999990575
2025-03-06 10:00:00.000,10:00,64.78020000010729
2025-03-06 11:00:00.000,11:00,44.286599999899046
2025-03-06 12:00:00.000,12:00,68.2922000000719
2025-03-06 13:00:00.000,13:00,60.22575555549831
2025-03-06 14:00:00.000,14:00,51.703888888884755
2025-03-06 15:00:00.000,15:00,33.62285555560763
2025-03-06 16:00:00.000,16:00,49.345099999988456
2025-03-06 17:00:00.000,17:00,57.73860000001732
2025-03-06 18:00:00.000,18:00,47.31729999999516
2025-03-06 19:00:00.000,19:00,35.69920000003185
2025-03-06 20:00:00.000,20:00,14.326499999896622
2025-03-06 21:00:00.000,21:00,9.702600000007077
2025-03-06 22:00:00.000,22:00,8.994300000020303
2025-03-06 23:00:00.000,23:00,7.700099999923259
2025-03-07 00:00:00.000,00:00,8.137500000093132
2025-03-07 01:00:00.000,01:00,7.884400000050665
2025-03-07 02:00:00.000,02:00,6.84019999995362
2025-03-07 03:00:00.000,03:00,8.620300000021235
2025-03-07 04:00:00.000,04:00,7.381900000013411
2025-03-07 05:00:00.000,05:00,7.153599999891594
2025-03-07 06:00:00.000,06:00,7.034099999978207
2025-03-07 07:00:00.000,07:00,27.20760000003502
2025-03-07 08:00:00.000,08:00,44.45500000005123
2025-03-07 09:00:00.000,09:00,42.4559999999823
2025-03-07 10:00:00.000,10:00,53.45920000011101
2025-03-07 11:00:00.000,11:00,48.14839999983087
2025-03-07 12:00:00.000,12:00,63.70880000004545
2025-03-07 13:00:00.000,13:00,70.14060000004247
2025-03-07 14:00:00.000,14:00,53.179399999883024
2025-03-07 15:00:00.000,15:00,30.967000000070158
2025-03-07 16:00:00.000,16:00,52.64800000001365
2025-03-07 17:00:00.000,17:00,54.91980000012554
2025-03-07 18:00:00.000,18:00,48.60608888879521
2025-03-07 19:00:00.000,19:00,20.597911111068807
2025-03-07 20:00:00.000,20:00,11.031381818224592
2025-03-07 21:00:00.000,21:00,9.28837373735609
2025-03-07 22:00:00.000,22:00,7.5902444445217645
2025-03-07 23:00:00.000,23:00,7.96219999990426
2025-03-08 00:00:00.000,00:00,7.56350000007078
2025-03-08 01:00:00.000,01:00,8.762300000013784
2025-03-08 02:00:00.000,02:00,6.600599999912083
2025-03-08 03:00:00.000,03:00,7.0721000000368806
2025-03-08 04:00:00.000,04:00,6.397799999895506
2025-03-08 05:00:00.000,05:00,7.069700000085868
2025-03-08 06:00:00.000,06:00,8.076500000082888
2025-03-08 07:00:00.000,07:00,12.600499999918975
2025-03-08 08:00:00.000,08:00,54.39854545460759
2025-03-08 09:00:00.000,09:00,53.4218181817877
2025-03-08 10:00:00.000,10:00,60.05263636360283
2025-03-08 11:00:00.000,11:00,66.47120000002906
2025-03-08 12:00:00.000,12:00,67.03660000003875
2025-03-08 13:00:00.000,13:00,68.90599999995902
2025-03-08 14:00:00.000,14:00,59.24779999996535
2025-03-08 15:00:00.000,15:00,41.576000000024216
2025-03-08 16:00:00.000,16:00,67.3835999999661
2025-03-08 17:00:00.000,17:00,57.776600000075995
2025-03-08 18:00:00.000,18:00,52.29960000002757
2025-03-08 19:00:00.000,19:00,21.856872727112336
2025-03-08 20:00:00.000,20:00,11.48992727280552
2025-03-08 21:00:00.000,21:00,10.804436363569799
2025-03-08 22:00:00.000,22:00,9.456963636412878
2025-03-08 23:00:00.000,23:00,9.99339999994263
2025-03-09 00:00:00.000,00:00,9.426800000038929
2025-03-09 01:00:00.000,01:00,8.964200000115671
2025-03-09 02:00:00.000,02:00,8.502599999960513
2025-03-09 03:00:00.000,03:00,9.305899999989197
2025-03-09 04:00:00.000,04:00,9.500899999937975
2025-03-09 05:00:00.000,05:00,10.298100000130946
2025-03-09 06:00:00.000,06:00,9.118499999842607
2025-03-09 07:00:00.000,07:00,36.49209999996238
2025-03-09 08:00:00.000,08:00,50.625200000079346
2025-03-09 09:00:00.000,09:00,46.67070000006351
2025-03-09 10:00:00.000,10:00,42.27599999997765
2025-03-09 11:00:00.000,11:00,39.655799999879676
2025-03-09 12:00:00.000,12:00,61.719200000120324
2025-03-09 13:00:00.000,13:00,58.08879999993369
2025-03-09 14:00:00.000,14:00,41.02669999999925
2025-03-09 15:00:00.000,15:00,32.341200000094254
2025-03-09 16:00:00.000,16:00,54.32169999994803
2025-03-09 17:00:00.000,17:00,49.10359999991488
2025-03-09 18:00:00.000,18:00,42.8322000000393
2025-03-09 19:00:00.000,19:00,36.296799999987705
2025-03-09 20:00:00.000,20:00,13.054600000032224
2025-03-09 21:00:00.000,21:00,12.004900000058115
2025-03-09 22:00:00.000,22:00,9.437899999925866
2025-03-09 23:00:00.000,23:00,9.226599999936298
2025-03-10 00:00:00.000,00:00,9.133400000166148
2025-03-10 01:00:00.000,01:00,8.621299999835902
2025-03-10 02:00:00.000,02:00,8.765700000082143
2025-03-10 03:00:00.000,03:00,10.26879999996163
2025-03-10 04:00:00.000,04:00,8.327199999964796
2025-03-10 05:00:00.000,05:00,7.612600000016391
2025-03-10 06:00:00.000,06:00,8.409199999994598
2025-03-10 07:00:00.000,07:00,31.464600000157954
2025-03-10 08:00:00.000,08:00,52.67199999995064
2025-03-10 09:00:00.000,09:00,57.56160000001546
2025-03-10 10:00:00.000,10:00,60.83419999997132
2025-03-10 11:00:00.000,11:00,52.610800000000744
2025-03-10 12:00:00.000,12:00,86.23199999993668
2025-03-10 13:00:00.000,13:00,77.2708000001032
2025-03-10 14:00:00.000,14:00,55.11119999988004
2025-03-10 15:00:00.000,15:00,39.17204444451878
2025-03-10 16:00:00.000,16:00,63.70295555548122
2025-03-10 17:00:00.000,17:00,55.11169090917842
2025-03-10 18:00:00.000,18:00,32.69510909086517
2025-03-10 19:00:00.000,19:00,16.178709090843967
2025-03-10 20:00:00.000,20:00,10.770890909113751
2025-03-10 21:00:00.000,21:00,9.020800000126474
2025-03-10 22:00:00.000,22:00,7.079177777722685
2025-03-10 23:00:00.000,23:00,7.1072222222832755
2025-03-11 00:00:00.000,00:00,8.157454545355655
2025-03-11 01:00:00.000,01:00,7.951545454559595
2025-03-11 02:00:00.000,02:00,6.162000000057741
2025-03-11 03:00:00.000,03:00,6.7060000000288715
2025-03-11 04:00:00.000,04:00,6.347299999929964
2025-03-11 05:00:00.000,05:00,5.811600000108593
2025-03-11 06:00:00.000,06:00,7.570999999879859
2025-03-11 07:00:00.000,07:00,14.224399999901653
2025-03-11 08:00:00.000,08:00,53.81340000007767
2025-03-11 09:00:00.000,09:00,55.62909999995027
2025-03-11 10:00:00.000,10:00,54.17140000015497
2025-03-11 11:00:00.000,11:00,54.14639999996871
2025-03-11 12:00:00.000,12:00,70.31140000005253
2025-03-11 13:00:00.000,13:00,72.45119999991729
2025-03-11 14:00:00.000,14:00,45.30919999992474
2025-03-11 15:00:00.000,15:00,42.20140000008978
2025-03-11 16:00:00.000,16:00,55.57379999989644
2025-03-11 17:00:00.000,17:00,48.12960000014864
2025-03-11 18:00:00.000,18:00,40.152199999941516
2025-03-11 19:00:00.000,19:00,20.011327272738246
2025-03-11 20:00:00.000,20:00,13.657454545524987
2025-03-11 21:00:00.000,21:00,10.956718181795441
2025-03-11 22:00:00.000,22:00,10.30473636352584
2025-03-11 23:00:00.000,23:00,10.283363636456091
2025-03-12 00:00:00.000,00:00,10.089909090893343
2025-03-12 01:00:00.000,01:00,8.938390909135341
2025-03-12 02:00:00.000,02:00,8.987699999893085
2025-03-12 03:00:00.000,03:00,8.923300000000745
2025-03-12 04:00:00.000,04:00,9.025000000023283
2025-03-12 05:00:00.000,05:00,11.028799999924376
2025-03-12 06:00:00.000,06:00,9.883799999998883
2025-03-12 07:00:00.000,07:00,14.698900000145658
2025-03-12 08:00:00.000,08:00,38.26179999988526
2025-03-12 09:00:00.000,09:00,46.61900000011082
2025-03-12 10:00:00.000,10:00,47.86279999986291
2025-03-12 11:00:00.000,11:00,45.036600000038746
2025-03-12 12:00:00.000,12:00,55.485400000028314
2025-03-12 13:00:00.000,13:00,58.497000000113616
2025-03-12 14:00:00.000,14:00,48.93779999995604
2025-03-12 15:00:00.000,15:00,36.87639999995008
2025-03-12 16:00:00.000,16:00,49.4765999999363
2025-03-12 17:00:00.000,17:00,47.494800000078975
2025-03-12 18:00:00.000,18:00,40.45239999992773
2025-03-12 19:00:00.000,19:00,19.97259999997914
2025-03-12 20:00:00.000,20:00,10.190555555668348
2025-03-12 21:00:00.000,21:00,10.230111111110697
2025-03-12 22:00:00.000,22:00,8.548733333327496
2025-03-12 23:00:00.000,23:00,8.411599999945611
2025-03-13 00:00:00.000,00:00,8.945181818297979
2025-03-13 01:00:00.000,01:00,8.519018181701275
2025-03-13 02:00:00.000,02:00,9.105900000059046
2025-03-13 03:00:00.000,03:00,9.012099999911152
2025-03-13 04:00:00.000,04:00,7.754199999989942
2025-03-13 05:00:00.000,05:00,7.747900000098161
2025-03-13 06:00:00.000,06:00,8.25300000004936
2025-03-13 07:00:00.000,07:00,11.756899999943561
2025-03-13 08:00:00.000,08:00,54.028299999935555
2025-03-13 09:00:00.000,09:00,59.59150000007357
2025-03-13 10:00:00.000,10:00,51.56260000001639
2025-03-13 11:00:00.000,11:00,34.671399999875575
2025-03-13 12:00:00.000,12:00,66.90160000012256
2025-03-13 13:00:00.000,13:00,68.48162222221598
2025-03-13 14:00:00.000,14:00,54.57287777775329
2025-03-13 15:00:00.000,15:00,47.49229999992531
2025-03-13 16:00:00.000,16:00,59.01270000007935
2025-03-13 17:00:00.000,17:00,54.50069999988191
2025-03-13 18:00:00.000,18:00,38.528800000157204
2025-03-13 19:00:00.000,19:00,28.11650000002701
2025-03-13 20:00:00.000,20:00,12.039445454392329
2025-03-13 21:00:00.000,21:00,11.3424545454581
2025-03-13 22:00:00.000,22:00,9.985444444443825
2025-03-13 23:00:00.000,23:00,10.06655555565117
2025-03-14 00:00:00.000,00:00,11.1632999998983
2025-03-14 01:00:00.000,01:00,11.621700000064447
2025-03-14 02:00:00.000,02:00,10.040500000049361
2025-03-14 03:00:00.000,03:00,10.176799999829383
2025-03-14 04:00:00.000,04:00,9.325400000112133
2025-03-14 05:00:00.000,05:00,9.867199999955483
2025-03-14 06:00:00.000,06:00,11.2339999999851
2025-03-14 07:00:00.000,07:00,30.95210000006482
2025-03-14 08:00:00.000,08:00,63.34319999990986
2025-03-14 09:00:00.000,09:00,50.4316000000108
2025-03-14 10:00:00.000,10:00,63.05140000013634
2025-03-14 11:00:00.000,11:00,40.51239999984391
2025-03-14 12:00:00.000,12:00,63.09799999999814
2025-03-14 13:00:00.000,13:00,71.15840000016615
2025-03-14 14:00:00.000,14:00,46.269444444372006
2025-03-14 15:00:00.000,15:00,35.53465555555498
2025-03-14 16:00:00.000,16:00,47.77229999995325
2025-03-14 17:00:00.000,17:00,42.39237777782449
2025-03-14 18:00:00.000,18:00,34.71952222226343
2025-03-14 19:00:00.000,19:00,18.23209999995306
2025-03-14 20:00:00.000,20:00,10.513199999998323
2025-03-14 21:00:00.000,21:00,10.602900000009686
2025-03-14 22:00:00.000,22:00,10.137200000020675
2025-03-14 23:00:00.000,23:00,12.047299999953248
2025-03-15 00:00:00.000,00:00,10.344099999964238
2025-03-15 01:00:00.000,01:00,10.110000000149011
2025-03-15 02:00:00.000,02:00,9.939099999889732
2025-03-15 03:00:00.000,03:00,10.412600000109522
2025-03-15 04:00:00.000,04:00,11.607899999851362
2025-03-15 05:00:00.000,05:00,10.465300000016578
2025-03-15 06:00:00.000,06:00,9.752300000120886
2025-03-15 07:00:00.000,07:00,26.2732999999309
2025-03-15 08:00:00.000,08:00,50.32730000007432
2025-03-15 09:00:00.000,09:00,46.362899999925865
2025-03-15 10:00:00.000,10:00,52.036600000038746
2025-03-15 11:00:00.000,11:00,48.52900000000373
2025-03-15 12:00:00.000,12:00,49.41540000000968
2025-03-15 13:00:00.000,13:00,55.07419999997752
2025-03-15 14:00:00.000,14:00,48.22810000000366
2025-03-15 15:00:00.000,15:00,33.9503999998793
2025-03-15 16:00:00.000,16:00,51.104300000099464
2025-03-15 17:00:00.000,17:00,52.98299999996089
2025-03-15 18:00:00.000,18:00,47.29480000007897
2025-03-15 19:00:00.000,19:00,18.02809999997262
2025-03-15 20:00:00.000,20:00,12.230099999904631
2025-03-15 21:00:00.000,21:00,9.577400000113993
2025-03-15 22:00:00.000,22:00,6.493618181771175
2025-03-15 23:00:00.000,23:00,7.515181818088008
2025-03-16 00:00:00.000,00:00,7.383400000073015
2025-03-16 01:00:00.000,01:00,7.4043999999761585
2025-03-16 02:00:00.000,02:00,8.12219999996014
2025-03-16 03:00:00.000,03:00,7.461300000036135
2025-03-16 04:00:00.000,04:00,6.444600000139326
2025-03-16 05:00:00.000,05:00,6.700899999821559
2025-03-16 06:00:00.000,06:00,6.544700000155718
2025-03-16 07:00:00.000,07:00,25.724000000022354
2025-03-16 08:00:00.000,08:00,37.163299999921584
2025-03-16 09:00:00.000,09:00,45.471400000085126
2025-03-16 10:00:00.000,10:00,58.3815999998711
2025-03-16 11:00:00.000,11:00,57.80459999996237
2025-03-16 12:00:00.000,12:00,54.8754000001587
2025-03-16 13:00:00.000,13:00,64.35219999984838
2025-03-16 14:00:00.000,14:00,61.58055555559177
2025-03-16 15:00:00.000,15:00,26.432844444509183
2025-03-16 16:00:00.000,16:00,49.39371111109956
2025-03-16 17:00:00.000,17:00,54.905488888909005
2025-03-16 18:00:00.000,18:00,37.58428888882303
2025-03-16 19:00:00.000,19:00,17.699311111143064
2025-03-16 20:00:00.000,20:00,10.76879999989178
2025-03-16 21:00:00.000,21:00,10.65400000012014
2025-03-16 22:00:00.000,22:00,9.819818181726573
2025-03-16 23:00:00.000,23:00,9.65118181817657
2025-03-17 00:00:00.000,00:00,10.546727272830056
2025-03-17 01:00:00.000,01:00,9.706472727321934
2025-03-17 02:00:00.000,02:00,9.729799999925309
2025-03-17 03:00:00.000,03:00,9.684600000013596
2025-03-17 04:00:00.000,04:00,9.173100000014529
2025-03-17 05:00:00.000,05:00,9.998499999986961
2025-03-17 06:00:00.000,06:00,10.888000000058675
2025-03-17 07:00:00.000,07:00,28.23059999991674
2025-03-17 08:00:00.000,08:00,62.29274545465173
2025-03-17 09:00:00.000,09:00,44.91705454527823
2025-03-17 10:00:00.000,10:00,63.32080000010319
2025-03-17 11:00:00.000,11:00,59.580999999959026
2025-03-17 12:00:00.000,12:00,63.03260000003502
2025-03-17 13:00:00.000,13:00,75.14919999991544
2025-03-17 14:00:00.000,14:00,41.84280000007712
2025-03-17 15:00:00.000,15:00,38.64280000003055
2025-03-17 16:00:00.000,16:00,56.18386666658334
2025-03-17 17:00:00.000,17:00,53.87513333344832
2025-03-17 18:00:00.000,18:00,37.84609999989625
2025-03-17 19:00:00.000,19:00,23.58460000003688
2025-03-17 20:00:00.000,20:00,15.643300000019371
2025-03-17 21:00:00.000,21:00,15.502755555492412
2025-03-17 22:00:00.000,22:00,13.017444444419299
2025-03-17 23:00:00.000,23:00,13.530000000144355
2025-03-18 00:00:00.000,00:00,11.712099999934434
2025-03-18 01:00:00.000,01:00,11.278200000012294
2025-03-18 02:00:00.000,02:00,12.275999999954365
2025-03-18 03:00:00.000,03:00,12.724899999960325
2025-03-18 04:00:00.000,04:00,12.953300000098535
2025-03-18 05:00:00.000,05:00,13.093799999891782
2025-03-18 06:00:00.000,06:00,11.995399999944492
2025-03-18 07:00:00.000,07:00,14.195700000063516
2025-03-18 08:00:00.000,08:00,45.109418181869714
2025-03-18 09:00:00.000,09:00,42.67638181824745
2025-03-18 10:00:00.000,10:00,37.86119999997318
2025-03-18 11:00:00.000,11:00,35.889599999971686
2025-03-18 12:00:00.000,12:00,59.79640000006184
2025-03-18 13:00:00.000,13:00,60.65079999985173
2025-03-18 14:00:00.000,14:00,39.242600000137465
2025-03-18 15:00:00.000,15:00,39.64274545455436
2025-03-18 16:00:00.000,16:00,52.12078787864308
2025-03-18 17:00:00.000,17:00,52.04316666671334
2025-03-18 18:00:00.000,18:00,45.30740000000223
2025-03-18 19:00:00.000,19:00,33.485199999972245
2025-03-18 20:00:00.000,20:00,12.948500000103376
2025-03-18 21:00:00.000,21:00,12.685299999918788
2025-03-18 22:00:00.000,22:00,11.058500000135973
2025-03-18 23:00:00.000,23:00,11.204599999799393
2025-03-19 00:00:00.000,00:00,10.652100000088103
2025-03-19 01:00:00.000,01:00,10.029200000106357
2025-03-19 02:00:00.000,02:00,11.93059999984689
2025-03-19 03:00:00.000,03:00,10.902799999970012
2025-03-19 04:00:00.000,04:00,10.280800000112503
2025-03-19 05:00:00.000,05:00,10.114799999888055
2025-03-19 06:00:00.000,06:00,9.862700000032783
2025-03-19 07:00:00.000,07:00,25.030300000077112
2025-03-19 08:00:00.000,08:00,49.292154545400464
2025-03-19 09:00:00.000,09:00,66.30694545459171
2025-03-19 10:00:00.000,10:00,47.83459999999032
2025-03-19 11:00:00.000,11:00,41.234000000078225
2025-03-19 12:00:00.000,12:00,69.6709999999497
2025-03-19 13:00:00.000,13:00,65.4803999999538
2025-03-19 14:00:00.000,14:00,48.035200000088665
2025-03-19 15:00:00.000,15:00,34.07162222210835
2025-03-19 16:00:00.000,16:00,45.4052777777607
2025-03-19 17:00:00.000,17:00,48.383999999961816
2025-03-19 18:00:00.000,18:00,47.5725000001904
2025-03-19 19:00:00.000,19:00,18.26369999996904
2025-03-19 20:00:00.000,20:00,7.842936363651163
2025-03-19 21:00:00.000,21:00,7.57036363627042
2025-03-19 22:00:00.000,22:00,6.523100000014528
2025-03-19 23:00:00.000,23:00,7.5099000001093374
2025-03-20 00:00:00.000,00:00,8.531099999835714
2025-03-20 01:00:00.000,01:00,7.624000000068918
2025-03-20 02:00:00.000,02:00,6.9793999999994405
2025-03-20 03:00:00.000,03:00,6.730899999896064
2025-03-20 04:00:00.000,04:00,6.508600000175647
2025-03-20 05:00:00.000,05:00,7.078999999910593
2025-03-20 06:00:00.000,06:00,7.90699999993667
2025-03-20 07:00:00.000,07:00,8.738400000147521
2025-03-20 08:00:00.000,08:00,52.8654999998631
2025-03-20 09:00:00.000,09:00,60.82390000012238
2025-03-20 10:00:00.000,10:00,54.01219999995082
2025-03-20 11:00:00.000,11:00,46.554000000050294
2025-03-20 12:00:00.000,12:00,74.25679999990389
2025-03-20 13:00:00.000,13:00,67.76619999995455
2025-03-20 14:00:00.000,14:00,49.177200000081214
2025-03-20 15:00:00.000,15:00,35.75579999992624
2025-03-20 16:00:00.000,16:00,45.81320000002161
2025-03-20 17:00:00.000,17:00,46.143577777759894
2025-03-20 18:00:00.000,18:00,34.956222222253885
2025-03-20 19:00:00.000,19:00,15.710200000088662
2025-03-20 20:00:00.000,20:00,10.927499999967404
2025-03-20 21:00:00.000,21:00,8.14850000005681
2025-03-20 22:00:00.000,22:00,7.822599999886006
2025-03-20 23:00:00.000,23:00,7.200200000032782
2025-03-21 00:00:00.000,00:00,6.40354545454664
2025-03-21 01:00:00.000,01:00,6.062954545457085
2025-03-21 02:00:00.000,02:00,6.711199999949895
2025-03-21 03:00:00.000,03:00,7.844299999973737
2025-03-21 04:00:00.000,04:00,7.586300000105984
2025-03-21 05:00:00.000,05:00,6.526399999903515
2025-03-21 06:00:00.000,06:00,6.397299999999814
2025-03-21 07:00:00.000,07:00,37.48509999997914
2025-03-21 08:00:00.000,08:00,64.98102500000968
2025-03-21 09:00:00.000,09:00,58.77367500015534
2025-03-21 10:00:00.000,10:00,52.57019999995828
2025-03-21 11:00:00.000,11:00,41.51940000001341
2025-03-21 12:00:00.000,12:00,58.46019999994896
2025-03-21 13:00:00.000,13:00,62.552199999941514
2025-03-21 14:00:00.000,14:00,43.84901818186468
2025-03-21 15:00:00.000,15:00,35.10518181817183
2025-03-21 16:00:00.000,16:00,55.7605000000447
2025-03-21 17:00:00.000,17:00,36.56349999997765
2025-03-21 18:00:00.000,18:00,23.73360000003595
2025-03-21 19:00:00.000,19:00,17.673600000026635
2025-03-21 20:00:00.000,20:00,12.832899999944493
2025-03-21 21:00:00.000,21:00,8.661900000064634
2025-03-21 22:00:00.000,22:00,7.102444444402742
2025-03-21 23:00:00.000,23:00,7.576555555531134
2025-03-22 00:00:00.000,00:00,7.041300000017509
2025-03-22 01:00:00.000,01:00,7.339199999929406
2025-03-22 02:00:00.000,02:00,8.086399999982678
2025-03-22 03:00:00.000,03:00,7.171300000115298
2025-03-22 04:00:00.000,04:00,7.531899999850429
2025-03-22 05:00:00.000,05:00,6.875600000051782
2025-03-22 06:00:00.000,06:00,6.735600000130944
2025-03-22 07:00:00.000,07:00,40.381299999915065
2025-03-22 08:00:00.000,08:00,53.794499999936676
2025-03-22 09:00:00.000,09:00,50.83370000000577
2025-03-22 10:00:00.000,10:00,56.68900000010618
2025-03-22 11:00:00.000,11:00,61.73619999992661
2025-03-22 12:00:00.000,12:00,66.12120000002906
2025-03-22 13:00:00.000,13:00,66.43159999991767
2025-03-22 14:00:00.000,14:00,50.53149999997113
2025-03-22 15:00:00.000,15:00,30.10040000004228
2025-03-22 16:00:00.000,16:00,39.87750000003725
2025-03-22 17:00:00.000,17:00,44.75420000001322
2025-03-22 18:00:00.000,18:00,44.10859999994282
2025-03-22 19:00:00.000,19:00,26.631200000015088
2025-03-22 20:00:00.000,20:00,10.958000000100583
2025-03-22 21:00:00.000,21:00,7.747899999981746
2025-03-22 22:00:00.000,22:00,7.006899999966845
2025-03-22 23:00:00.000,23:00,-111.89733333334638
2025-03-23 00:00:00.000,00:00,-593.0266666666529
2025-03-23 01:00:00.000,01:00,0
2025-03-23 02:00:00.000,02:00,0
2025-03-23 03:00:00.000,03:00,0
2025-03-23 04:00:00.000,04:00,0
2025-03-23 05:00:00.000,05:00,0
2025-03-23 06:00:00.000,06:00,0
2025-03-23 07:00:00.000,07:00,0
2025-03-23 08:00:00.000,08:00,0
2025-03-23 09:00:00.000,09:00,0
2025-03-23 10:00:00.000,10:00,0
2025-03-23 11:00:00.000,11:00,0
2025-03-23 12:00:00.000,12:00,0
2025-03-23 13:00:00.000,13:00,0
2025-03-23 14:00:00.000,14:00,0
2025-03-23 15:00:00.000,15:00,0
2025-03-23 16:00:00.000,16:00,0
2025-03-23 17:00:00.000,17:00,0
2025-03-23 18:00:00.000,18:00,0
2025-03-23 19:00:00.000,19:00,0
2025-03-23 20:00:00.000,20:00,0
2025-03-23 21:00:00.000,21:00,0
2025-03-23 22:00:00.000,22:00,0
2025-03-23 23:00:00.000,23:00,0
2025-03-24 00:00:00.000,00:00,106.33061611374593
2025-03-24 01:00:00.000,01:00,159.4959241706189
2025-03-24 02:00:00.000,02:00,159.4959241706189
2025-03-24 03:00:00.000,03:00,159.4959241706189
2025-03-24 04:00:00.000,04:00,159.4959241706189
2025-03-24 05:00:00.000,05:00,159.4959241706189
2025-03-24 06:00:00.000,06:00,159.4959241706189
2025-03-24 07:00:00.000,07:00,159.4959241706189
2025-03-24 08:00:00.000,08:00,159.4959241706189
2025-03-24 09:00:00.000,09:00,159.4959241706189
2025-03-24 10:00:00.000,10:00,147.9883996840134
2025-03-24 11:00:00.000,11:00,55.857766666770395
2025-03-24 12:00:00.000,12:00,69.42279999987223
2025-03-24 13:00:00.000,13:00,70.48879999995698
2025-03-24 14:00:00.000,14:00,43.69770000011194
2025-03-24 15:00:00.000,15:00,35.8472999998834
2025-03-24 16:00:00.000,16:00,56.714500000141555
2025-03-24 17:00:00.000,17:00,56.12659999991302
2025-03-24 18:00:00.000,18:00,46.28980000000447
2025-03-24 19:00:00.000,19:00,19.63100000002887
2025-03-24 20:00:00.000,20:00,12.853999999910592
2025-03-24 21:00:00.000,21:00,8.429200000083075
2025-03-24 22:00:00.000,22:00,8.310200000042096
2025-03-24 23:00:00.000,23:00,7.044999999925494
2025-03-25 00:00:00.000,00:00,7.549999999919567
2025-03-25 01:00:00.000,01:00,6.566400000067766
2025-03-25 02:00:00.000,02:00,7.11480000007432
2025-03-25 03:00:00.000,03:00,7.957999999937602
2025-03-25 04:00:00.000,04:00,6.778500000038184
2025-03-25 05:00:00.000,05:00,6.522299999906681
2025-03-25 06:00:00.000,06:00,6.381300000031478
2025-03-25 07:00:00.000,07:00,15.798900000029244
2025-03-25 08:00:00.000,08:00,44.84860000009649
2025-03-25 09:00:00.000,09:00,55.39599999981001
2025-03-25 10:00:00.000,10:00,45.635000000102444
2025-03-25 11:00:00.000,11:00,59.79859999995679
2025-03-25 12:00:00.000,12:00,75.44660000009462
2025-03-25 13:00:00.000,13:00,68.473799999943
2025-03-25 14:00:00.000,14:00,57.55520000001415
2025-03-25 15:00:00.000,15:00,36.86379999998026
2025-03-25 16:00:00.000,16:00,59.01529090904038
2025-03-25 17:00:00.000,17:00,52.905709091002464
2025-03-25 18:00:00.000,18:00,47.63400000003166
2025-03-25 19:00:00.000,19:00,34.809400000004096
2025-03-25 20:00:00.000,20:00,11.607709090919656
2025-03-25 21:00:00.000,21:00,7.214290909100832
2025-03-25 22:00:00.000,22:00,7.410400000028313
2025-03-25 23:00:00.000,23:00,6.701399999903515
2025-03-26 00:00:00.000,00:00,6.302181818268516
2025-03-26 01:00:00.000,01:00,7.8024181817637075
2025-03-26 02:00:00.000,02:00,7.378299999982119
2025-03-26 03:00:00.000,03:00,6.186000000033528
2025-03-26 04:00:00.000,04:00,6.217699999921024
2025-03-26 05:00:00.000,05:00,6.36359999992419
2025-03-26 06:00:00.000,06:00,7.013400000007823
2025-03-26 07:00:00.000,07:00,18.803800000180487
2025-03-26 08:00:00.000,08:00,53.987899999925865
2025-03-26 09:00:00.000,09:00,70.17169999994803
2025-03-26 10:00:00.000,10:00,54.50420000012964
2025-03-26 11:00:00.000,11:00,47.47319999998435
2025-03-26 12:00:00.000,12:00,64.73099999986589
2025-03-26 13:00:00.000,13:00,65.12220000009984
2025-03-26 14:00:00.000,14:00,47.244399999873714
2025-03-26 15:00:00.000,15:00,32.79581818192012
2025-03-26 16:00:00.000,16:00,53.32708181806163
2025-03-26 17:00:00.000,17:00,49.89570000004023
2025-03-26 18:00:00.000,18:00,43.20940000009723
2025-03-26 19:00:00.000,19:00,27.40209999999497
2025-03-26 20:00:00.000,20:00,13.269400000036695
2025-03-26 21:00:00.000,21:00,8.72089999988675
2025-03-26 22:00:00.000,22:00,8.662800000049174
2025-03-26 23:00:00.000,23:00,9.846800000034271
2025-03-27 00:00:00.000,00:00,8.043090909063308
2025-03-27 01:00:00.000,01:00,8.01900909089441
2025-03-27 02:00:00.000,02:00,8.70660000005737
2025-03-27 03:00:00.000,03:00,7.95980000004638
2025-03-27 04:00:00.000,04:00,8.92799999981653
2025-03-27 05:00:00.000,05:00,8.496800000057556
2025-03-27 06:00:00.000,06:00,7.562900000065564
2025-03-27 07:00:00.000,07:00,29.568600000045265
2025-03-27 08:00:00.000,08:00,39.08679999983869
2025-03-27 09:00:00.000,09:00,53.44360000009183
2025-03-27 10:00:00.000,10:00,40.43179999999702
2025-03-27 11:00:00.000,11:00,43.79300000001676
2025-03-27 12:00:00.000,12:00,63.50599999991246
2025-03-27 13:00:00.000,13:00,64.69680000003427
2025-03-27 14:00:00.000,14:00,55.81940000010654
2025-03-27 15:00:00.000,15:00,37.67699999986216
2025-03-27 16:00:00.000,16:00,59.69652727278458
2025-03-27 17:00:00.000,17:00,55.16647272725081
2025-03-27 18:00:00.000,18:00,40.055400000093506
2025-03-27 19:00:00.000,19:00,21.198799999896437
2025-03-27 20:00:00.000,20:00,6.981236363570629
2025-03-27 21:00:00.000,21:00,6.004463636460291
2025-03-27 22:00:00.000,22:00,7.253122222294204
2025-03-27 23:00:00.000,23:00,5.366777777801165
2025-03-28 00:00:00.000,00:00,5.6168181816623965
2025-03-28 01:00:00.000,01:00,5.298381818337789
2025-03-28 02:00:00.000,02:00,5.430999999889173
2025-03-28 03:00:00.000,03:00,6.0855000000447035
2025-03-28 04:00:00.000,04:00,5.53999999994412
2025-03-28 05:00:00.000,05:00,5.443400000059046
2025-03-28 06:00:00.000,06:00,4.8700999999418855
2025-03-28 07:00:00.000,07:00,11.48660000008531
2025-03-28 08:00:00.000,08:00,38.59149999998044
2025-03-28 09:00:00.000,09:00,33.42989999991842
2025-03-28 10:00:00.000,10:00,56.903399999998506
2025-03-28 11:00:00.000,11:00,49.79620000002906
2025-03-28 12:00:00.000,12:00,52.99459999995306
2025-03-28 13:00:00.000,13:00,48.62859999998473
2025-03-28 14:00:00.000,14:00,38.86940000015311
2025-03-28 15:00:00.000,15:00,33.186599999827074
2025-03-28 16:00:00.000,16:00,44.726800000087614
2025-03-28 17:00:00.000,17:00,49.50629999998491
2025-03-28 18:00:00.000,18:00,42.18900000003632
2025-03-28 19:00:00.000,19:00,21.88849999997765
2025-03-28 20:00:00.000,20:00,15.010177777811057
2025-03-28 21:00:00.000,21:00,10.749222222224084
2025-03-28 22:00:00.000,22:00,11.056999999905624
2025-03-28 23:00:00.000,23:00,10.317000000085681
2025-03-29 00:00:00.000,00:00,9.218909090977501
2025-03-29 01:00:00.000,01:00,11.56209090905137
2025-03-29 02:00:00.000,02:00,9.954299999936483
2025-03-29 03:00:00.000,03:00,9.582600000058301
2025-03-29 04:00:00.000,04:00,9.663999999966473
2025-03-29 05:00:00.000,05:00,9.203999999980443
2025-03-29 06:00:00.000,06:00,10.293799999938347
2025-03-29 07:00:00.000,07:00,15.761500000045634
2025-03-29 08:00:00.000,08:00,46.14189999999944
2025-03-29 09:00:00.000,09:00,55.51450000007171
2025-03-29 10:00:00.000,10:00,58.18459999994375
2025-03-29 11:00:00.000,11:00,56.27860000007786
2025-03-29 12:00:00.000,12:00,62.94559999988414
2025-03-29 13:00:00.000,13:00,55.14360000011511
2025-03-29 14:00:00.000,14:00,53.628199999919154
2025-03-29 15:00:00.000,15:00,34.27410000006202
2025-03-29 16:00:00.000,16:00,43.389500000025144
2025-03-29 17:00:00.000,17:00,54.16759999985807
2025-03-29 18:00:00.000,18:00,41.85669999998063
2025-03-29 19:00:00.000,19:00,25.217700000060724
2025-03-29 20:00:00.000,20:00,11.242300000111573
2025-03-29 21:00:00.000,21:00,8.34719999989029
2025-03-29 22:00:00.000,22:00,6.890099999960512
2025-03-29 23:00:00.000,23:00,8.203599999984727
2025-03-30 00:00:00.000,00:00,5.869636363815516
2025-03-30 00:00:00.000,00:00,6.305163636198268
2025-03-30 03:00:00.000,03:00,6.050900000077672
2025-03-30 04:00:00.000,04:00,6.153800000087358
2025-03-30 05:00:00.000,05:00,6.919799999915995
2025-03-30 06:00:00.000,06:00,6.7798000000650065
2025-03-30 07:00:00.000,07:00,29.16469999991823
2025-03-30 08:00:00.000,08:00,47.68539999993518
2025-03-30 09:00:00.000,09:00,56.84530000004452
2025-03-30 10:00:00.000,10:00,57.81890000007115
2025-03-30 11:00:00.000,11:00,62.62679999987595
2025-03-30 12:00:00.000,12:00,65.60260000014678
2025-03-30 13:00:00.000,13:00,62.695999999996275
2025-03-30 14:00:00.000,14:00,61.675999999837956
2025-03-30 15:00:00.000,15:00,44.54780000001192
2025-03-30 16:00:00.000,16:00,58.65128888896046
2025-03-30 17:00:00.000,17:00,54.82261111120848
2025-03-30 18:00:00.000,18:00,50.39027777759928
2025-03-30 19:00:00.000,19:00,24.274333333441366
2025-03-30 20:00:00.000,20:00,15.395988888810907
2025-03-30 21:00:00.000,21:00,10.311400000029243
2025-03-30 22:00:00.000,22:00,11.026299999956972
2025-03-30 23:00:00.000,23:00,12.438200000068171
2025-03-31 00:00:00.000,00:00,10.076090909159657
2025-03-31 01:00:00.000,01:00,9.295109090752984
2025-03-31 02:00:00.000,02:00,10.266500000166708
2025-03-31 03:00:00.000,03:00,9.854499999945983
2025-03-31 04:00:00.000,04:00,11.04680000008084
2025-03-31 05:00:00.000,05:00,10.058199999877251
2025-03-31 06:00:00.000,06:00,9.964400000008755
2025-03-31 07:00:00.000,07:00,34.648800000012855
2025-03-31 08:00:00.000,08:00,55.00659999996212
2025-03-31 09:00:00.000,09:00,48.5218000000131
2025-03-31 10:00:00.000,10:00,54.149800000106914
2025-03-31 11:00:00.000,11:00,34.99359999988228
2025-03-31 12:00:00.000,12:00,55.43020000006072
2025-03-31 13:00:00.000,13:00,59.02587272723375
2025-03-31 14:00:00.000,14:00,46.50332727273291
2025-03-31 15:00:00.000,15:00,31.35880000004545
2025-03-31 16:00:00.000,16:00,52.72700000002515
2025-03-31 17:00:00.000,17:00,58.36259999989998
2025-03-31 18:00:00.000,18:00,50.95370000000112
2025-03-31 19:00:00.000,19:00,19.827499999967404
2025-03-31 20:00:00.000,20:00,11.671700000111015
2025-03-31 21:00:00.000,21:00,11.308299999940209
2025-03-31 22:00:00.000,22:00,7.355899999989196
2025-03-31 23:00:00.000,23:00,6.869900000025519
2025-04-01 00:00:00.000,00:00,6.210100000072271
2025-04-01 01:00:00.000,01:00,5.619099999940954
2025-04-01 02:00:00.000,02:00,7.2615999999223275
2025-04-01 03:00:00.000,03:00,6.844500000029802
2025-04-01 04:00:00.000,04:00,6.271999999950641
2025-04-01 05:00:00.000,05:00,7.83830000020098
2025-04-01 06:00:00.000,06:00,8.035399999818765
2025-04-01 07:00:00.000,07:00,12.534200000064448
2025-04-01 08:00:00.000,08:00,49.204345454599455
2025-04-01 09:00:00.000,09:00,64.35545454540036
2025-04-01 10:00:00.000,10:00,42.381000000052154
2025-04-01 11:00:00.000,11:00,46.949599999934435
2025-04-01 12:00:00.000,12:00,72.93179999999703
2025-04-01 13:00:00.000,13:00,71.16959999995306
2025-04-01 14:00:00.000,14:00,49.41809090913951
2025-04-01 15:00:00.000,15:00,30.81781818192791
2025-04-01 16:00:00.000,16:00,46.208590909008954
2025-04-01 17:00:00.000,17:00,56.8254999999338
2025-04-01 18:00:00.000,18:00,45.22830000008371
2025-04-01 19:00:00.000,19:00,19.833900000015277
2025-04-01 20:00:00.000,20:00,11.949022222144738
2025-04-01 21:00:00.000,21:00,7.177477777868302
2025-04-01 22:00:00.000,22:00,6.695300000050867
2025-04-01 23:00:00.000,23:00,7.224999999923801
2025-04-02 00:00:00.000,00:00,6.020800000033342
2025-04-02 01:00:00.000,01:00,6.959499999857507
2025-04-02 02:00:00.000,02:00,6.559900000155904
2025-04-02 03:00:00.000,03:00,5.993299999949523
2025-04-02 04:00:00.000,04:00,5.299699999997392
2025-04-02 05:00:00.000,05:00,7.808599999919534
2025-04-02 06:00:00.000,06:00,9.055300000146962
2025-04-02 07:00:00.000,07:00,21.899999999837018
2025-04-02 08:00:00.000,08:00,51.8906000001356
2025-04-02 09:00:00.000,09:00,51.343699999991806
2025-04-02 10:00:00.000,10:00,50.523999999975786
2025-04-02 11:00:00.000,11:00,39.01119999997318
2025-04-02 12:00:00.000,12:00,60.36359999994747
2025-04-02 13:00:00.000,13:00,56.821799999987704
2025-04-02 14:00:00.000,14:00,52.322799999965355
2025-04-02 15:00:00.000,15:00,34.350300000188874
2025-04-02 16:00:00.000,16:00,52.736599999922326
2025-04-02 17:00:00.000,17:00,45.11899999990128
2025-04-02 18:00:00.000,18:00,46.8172000000719
2025-04-02 19:00:00.000,19:00,23.850433333308644
2025-04-02 20:00:00.000,20:00,12.728777777869253
2025-04-02 21:00:00.000,21:00,10.103188888801055
2025-04-02 22:00:00.000,22:00,6.497477777731708
2025-04-02 23:00:00.000,23:00,9.099222222239607
2025-04-03 00:00:00.000,00:00,6.496272727317939
2025-04-03 01:00:00.000,01:00,7.256127272702923
2025-04-03 02:00:00.000,02:00,6.683400000003167
2025-04-03 03:00:00.000,03:00,7.768800000008195
2025-04-03 04:00:00.000,04:00,9.911900000018068
2025-04-03 05:00:00.000,05:00,9.907000000099652
2025-04-03 06:00:00.000,06:00,8.036300000012853
2025-04-03 07:00:00.000,07:00,29.78609999998007
2025-04-03 08:00:00.000,08:00,52.49419999984093
2025-04-03 09:00:00.000,09:00,57.04090000016149
2025-04-03 10:00:00.000,10:00,76.91859999988228
2025-04-03 11:00:00.000,11:00,68.49280000007711
2025-04-03 12:00:00.000,12:00,68.61820000004954
2025-04-03 13:00:00.000,13:00,74.73259999980219
2025-04-03 14:00:00.000,14:00,46.1308000001887
2025-04-03 15:00:00.000,15:00,36.010999999910766
2025-04-03 16:00:00.000,16:00,63.68300000010058
2025-04-03 17:00:00.000,17:00,52.77679999987595
2025-04-03 18:00:00.000,18:00,47.24020000007003
2025-04-03 19:00:00.000,19:00,29.693999999947845
2025-04-03 20:00:00.000,20:00,15.870600000047126
2025-04-03 21:00:00.000,21:00,13.358400000049732
2025-04-03 22:00:00.000,22:00,11.364499999885448
2025-04-03 23:00:00.000,23:00,11.499500000081024
2025-04-04 00:00:00.000,00:00,10.035800000000744
2025-04-04 01:00:00.000,01:00,10.473599999863655
2025-04-04 02:00:00.000,02:00,11.515000000060535
2025-04-04 03:00:00.000,03:00,11.239000000106172
2025-04-04 04:00:00.000,04:00,9.682199999969452
2025-04-04 05:00:00.000,05:00,10.805299999867566
2025-04-04 06:00:00.000,06:00,9.292599999997766
2025-04-04 07:00:00.000,07:00,12.840500000072643
2025-04-04 08:00:00.000,08:00,48.427199999941514
2025-04-04 09:00:00.000,09:00,59.282400000002234
2025-04-04 10:00:00.000,10:00,63.43000000007451
2025-04-04 11:00:00.000,11:00,45.078599999984725
2025-04-04 12:00:00.000,12:00,79.5167999999132
2025-04-04 13:00:00.000,13:00,66.12520000007935
2025-04-04 14:00:00.000,14:00,54.44790000002831
2025-04-04 15:00:00.000,15:00,32.98767777784314
2025-04-04 16:00:00.000,16:00,56.40142222213973
2025-04-04 17:00:00.000,17:00,44.170072727282104
2025-04-04 18:00:00.000,18:00,39.49752727280879
2025-04-04 19:00:00.000,19:00,30.010199999902397
2025-04-04 20:00:00.000,20:00,12.728400000045076
2025-04-04 21:00:00.000,21:00,7.573999999882654
2025-04-04 22:00:00.000,22:00,7.671200000075623
2025-04-04 23:00:00.000,23:00,7.361400000099093
2025-04-05 00:00:00.000,00:00,7.650090909033844
2025-04-05 01:00:00.000,01:00,6.648709090909159
2025-04-05 02:00:00.000,02:00,7.388500000000931
2025-04-05 03:00:00.000,03:00,6.4910000000149015
2025-04-05 04:00:00.000,04:00,6.257700000051409
2025-04-05 05:00:00.000,05:00,6.457899999804795
2025-04-05 06:00:00.000,06:00,7.532000000169501
2025-04-05 07:00:00.000,07:00,15.807899999897927
2025-04-05 08:00:00.000,08:00,44.9810999999987
2025-04-05 09:00:00.000,09:00,59.757500000018624
2025-04-05 10:00:00.000,10:00,43.89680000003427
2025-04-05 11:00:00.000,11:00,54.6769999999553
2025-04-05 12:00:00.000,12:00,60.74380000000819
2025-04-05 13:00:00.000,13:00,57.54639999996871
2025-04-05 14:00:00.000,14:00,44.86640000012704
2025-04-05 15:00:00.000,15:00,29.474200000008565
2025-04-05 16:00:00.000,16:00,57.77059999988414
2025-04-05 17:00:00.000,17:00,48.57299999999813
2025-04-05 18:00:00.000,18:00,45.084066666761004
2025-04-05 19:00:00.000,19:00,33.70033333333623
2025-04-05 20:00:00.000,20:00,19.480999999959025
2025-04-05 21:00:00.000,21:00,13.702799999946727
2025-04-05 22:00:00.000,22:00,11.482000000122934
2025-04-05 23:00:00.000,23:00,8.652199999894947
2025-04-06 00:00:00.000,00:00,7.63572727270763
2025-04-06 01:00:00.000,01:00,6.935272727218796
2025-04-06 02:00:00.000,02:00,8.0785000001546
2025-04-06 03:00:00.000,03:00,7.853499999921769
2025-04-06 04:00:00.000,04:00,8.404499999969266
2025-04-06 05:00:00.000,05:00,6.649700000020675
2025-04-06 06:00:00.000,06:00,7.188899999926798
2025-04-06 07:00:00.000,07:00,31.749500000011174
2025-04-06 08:00:00.000,08:00,50.489200000069104
2025-04-06 09:00:00.000,09:00,57.211109090869485
2025-04-06 10:00:00.000,10:00,52.50589090909979
2025-04-06 11:00:00.000,11:00,60.06059999996796
2025-04-06 12:00:00.000,12:00,56.64860000014305
2025-04-06 13:00:00.000,13:00,60.24739999989979
2025-04-06 14:00:00.000,14:00,48.239400000078604
2025-04-06 15:00:00.000,15:00,33.60979999983683
2025-04-06 16:00:00.000,16:00,49.88040000018664
2025-04-06 17:00:00.000,17:00,52.858199999993666
2025-04-06 18:00:00.000,18:00,45.79059999990277
2025-04-06 19:00:00.000,19:00,20.15720000001602
2025-04-06 20:00:00.000,20:00,15.227600000007078
2025-04-06 21:00:00.000,21:00,9.7835999999661
2025-04-06 22:00:00.000,22:00,8.077800000086427
2025-04-06 23:00:00.000,23:00,8.257999999914318
2025-04-07 00:00:00.000,00:00,7.117545454551212
2025-04-07 01:00:00.000,01:00,7.827654545500197
2025-04-07 02:00:00.000,02:00,7.695999999949708
2025-04-07 03:00:00.000,03:00,6.7986999999498945
2025-04-07 04:00:00.000,04:00,6.509900000016206
2025-04-07 05:00:00.000,05:00,6.704500000108965
2025-04-07 06:00:00.000,06:00,6.390199999907054
2025-04-07 07:00:00.000,07:00,21.688700000126843
2025-04-07 08:00:00.000,08:00,54.63299999996089
2025-04-07 09:00:00.000,09:00,57.51100000005681
2025-04-07 10:00:00.000,10:00,28.488999999919905
2025-04-07 11:00:00.000,11:00,33.95340000009164
2025-04-07 12:00:00.000,12:00,78.22839999995195
2025-04-07 13:00:00.000,13:00,70.17859999998473
2025-04-07 14:00:00.000,14:00,54.620800000056626
2025-04-07 15:00:00.000,15:00,43.21200000001117
2025-04-07 16:00:00.000,16:00,51.6167999999132
2025-04-07 17:00:00.000,17:00,53.7734000000637
2025-04-07 18:00:00.000,18:00,49.41259999996983
2025-04-07 19:00:00.000,19:00,40.006999999983236
2025-04-07 20:00:00.000,20:00,19.020999999903143
2025-04-07 21:00:00.000,21:00,10.50580000001937
2025-04-07 22:00:00.000,22:00,7.942000000132248
2025-04-07 23:00:00.000,23:00,8.752999999886379
2025-04-08 00:00:00.000,00:00,7.118636363715103
2025-04-08 01:00:00.000,01:00,7.085063636332581
2025-04-08 02:00:00.000,02:00,6.355499999923631
2025-04-08 03:00:00.000,03:00,5.793500000145286
2025-04-08 04:00:00.000,04:00,6.168499999819323
2025-04-08 05:00:00.000,05:00,7.598800000059419
2025-04-08 06:00:00.000,06:00,6.116399999987334
2025-04-08 07:00:00.000,07:00,9.876099999970757
2025-04-08 08:00:00.000,08:00,37.02038888890917
2025-04-08 09:00:00.000,09:00,46.88051111114521
2025-04-08 10:00:00.000,10:00,32.61260000001639
2025-04-08 11:00:00.000,11:00,33.83600000003353
2025-04-08 12:00:00.000,12:00,52.9187999998685
2025-04-08 13:00:00.000,13:00,51.26200000015088
2025-04-08 14:00:00.000,14:00,50.06759999999776
2025-04-08 15:00:00.000,15:00,40.18359999991954
2025-04-08 16:00:00.000,16:00,50.361800000071526
2025-04-08 17:00:00.000,17:00,59.14347272718494
2025-04-08 18:00:00.000,18:00,53.291927272750236
2025-04-08 19:00:00.000,19:00,28.717800000077112
2025-04-08 20:00:00.000,20:00,13.42519999993965
2025-04-08 21:00:00.000,21:00,9.05219999998808
2025-04-08 22:00:00.000,22:00,11.345799999963493
2025-04-08 23:00:00.000,23:00,7.62679999996908
2025-04-09 00:00:00.000,00:00,6.13945454551669
2025-04-09 01:00:00.000,01:00,6.996945454535837
2025-04-09 02:00:00.000,02:00,6.835400000098161
2025-04-09 03:00:00.000,03:00,6.922699999879114
2025-04-09 04:00:00.000,04:00,6.162300000083633
2025-04-09 05:00:00.000,05:00,5.595799999986775
2025-04-09 06:00:00.000,06:00,5.789699999988079
2025-04-09 07:00:00.000,07:00,15.155299999937416
2025-04-09 08:00:00.000,08:00,43.397600000118835
2025-04-09 09:00:00.000,09:00,57.58419999987818
2025-04-09 10:00:00.000,10:00,56.768600000068545
2025-04-09 11:00:00.000,11:00,46.74599999990314
2025-04-09 12:00:00.000,12:00,59.028000000072645
2025-04-09 13:00:00.000,13:00,53.79980000006035
2025-04-09 14:00:00.000,14:00,47.13659999989905
2025-04-09 15:00:00.000,15:00,31.718800000147894
2025-04-09 16:00:00.000,16:00,58.49999999990687
2025-04-09 17:00:00.000,17:00,63.67840000004508
2025-04-09 18:00:00.000,18:00,50.32139999997906
2025-04-09 19:00:00.000,19:00,38.38279999996432
2025-04-09 20:00:00.000,20:00,19.004018181888387
2025-04-09 21:00:00.000,21:00,11.440981818176805
2025-04-09 22:00:00.000,22:00,9.138699999987148
2025-04-09 23:00:00.000,23:00,9.29649999991525
2025-04-10 00:00:00.000,00:00,7.981727272737771
2025-04-10 01:00:00.000,01:00,9.860272727301345
2025-04-10 02:00:00.000,02:00,9.016699999989942
2025-04-10 03:00:00.000,03:00,8.548399999924005
2025-04-10 04:00:00.000,04:00,7.731800000160002
2025-04-10 05:00:00.000,05:00,7.650699999975041
2025-04-10 06:00:00.000,06:00,7.902199999964797
2025-04-10 07:00:00.000,07:00,15.191299999970944
2025-04-10 08:00:00.000,08:00,45.49910000003874
2025-04-10 09:00:00.000,09:00,56.99059999990277
2025-04-10 10:00:00.000,10:00,53.136400000099094
2025-04-10 11:00:00.000,11:00,53.25579999997281
2025-04-10 12:00:00.000,12:00,64.55579999992624
2025-04-10 13:00:00.000,13:00,75.08220000001602
2025-04-10 14:00:00.000,14:00,61.798600000096485
2025-04-10 15:00:00.000,15:00,33.94299999992363
2025-04-10 16:00:00.000,16:00,51.14240000005812
2025-04-10 17:00:00.000,17:00,55.33999999994412
2025-04-10 18:00:00.000,18:00,38.02280000005848
2025-04-10 19:00:00.000,19:00,25.71499999994412
2025-04-10 20:00:00.000,20:00,18.186800000071525
2025-04-10 21:00:00.000,21:00,10.049999999999999
2025-04-10 22:00:00.000,22:00,8.342999999877065
2025-04-10 23:00:00.000,23:00,8.763400000147522
2025-04-11 00:00:00.000,00:00,7.571999999927357
2025-04-11 01:00:00.000,01:00,7.505500000109896
2025-04-11 02:00:00.000,02:00,7.406799999950454
2025-04-11 03:00:00.000,03:00,6.565999999921768
2025-04-11 04:00:00.000,04:00,7.073800000036136
2025-04-11 05:00:00.000,05:00,8.033400000073016
2025-04-11 06:00:00.000,06:00,6.5120999998878695
2025-04-11 07:00:00.000,07:00,8.324800000106915
2025-04-11 08:00:00.000,08:00,45.06059999996796
2025-04-11 09:00:00.000,09:00,46.42599999988451
2025-04-11 10:00:00.000,10:00,52.10120000001044
2025-04-11 11:00:00.000,11:00,52.293600000021975
2025-04-11 12:00:00.000,12:00,62.14599999999628
2025-04-11 13:00:00.000,13:00,57.941400000033894
2025-04-11 14:00:00.000,14:00,43.86060000001453
2025-04-11 15:00:00.000,15:00,28.376799999922515
2025-04-11 16:00:00.000,16:00,49.470600000070405
2025-04-11 17:00:00.000,17:00,50.0022545454177
2025-04-11 18:00:00.000,18:00,50.09121212128531
2025-04-11 19:00:00.000,19:00,27.26573333336144
2025-04-11 20:00:00.000,20:00,13.637711111011189
2025-04-11 21:00:00.000,21:00,10.5168888889279
2025-04-11 22:00:00.000,22:00,8.522199999983423
2025-04-11 23:00:00.000,23:00,7.372799999947892
2025-04-12 00:00:00.000,00:00,6.764600000059
2025-04-12 01:00:00.000,01:00,7.400299999932758
2025-04-12 02:00:00.000,02:00,7.831800000113435
2025-04-12 03:00:00.000,03:00,7.840699999895878
2025-04-12 04:00:00.000,04:00,6.873000000044703
2025-04-12 05:00:00.000,05:00,6.7171999999787655
2025-04-12 06:00:00.000,06:00,7.081000000005588
2025-04-12 07:00:00.000,07:00,12.273799999989569
2025-04-12 08:00:00.000,08:00,56.52196363639933
2025-04-12 09:00:00.000,09:00,59.964636363639414
2025-04-12 10:00:00.000,10:00,53.19660000004806
2025-04-12 11:00:00.000,11:00,44.116019047557245
2025-04-12 12:00:00.000,12:00,59.60294095232817
2025-04-12 13:00:00.000,13:00,59.463773333433835
2025-04-12 14:00:00.000,14:00,48.866814814908324
2025-04-12 15:00:00.000,15:00,40.47235185172219
2025-04-12 16:00:00.000,16:00,59.14950000001894
2025-04-12 17:00:00.000,17:00,56.8839743590663
2025-04-12 18:00:00.000,18:00,43.089195853646444
2025-04-12 19:00:00.000,19:00,22.198537104338634
2025-04-12 20:00:00.000,20:00,13.652792682983094
2025-04-12 21:00:00.000,21:00,10.268620000029912
2025-04-12 22:00:00.000,22:00,8.91103384612558
2025-04-12 23:00:00.000,23:00,8.02036789304228
2025-04-13 00:00:00.000,00:00,7.804360613723517
2025-04-13 01:00:00.000,01:00,8.618273897055426
2025-04-13 02:00:00.000,02:00,7.5261663305573165
2025-04-13 03:00:00.000,03:00,6.624114919366548
2025-04-13 04:00:00.000,04:00,7.295697635158462
2025-04-13 05:00:00.000,05:00,7.339328279545324
2025-04-13 06:00:00.000,06:00,9.020397050453585
2025-04-13 07:00:00.000,07:00,4.090139535017485
2025-04-13 08:00:00.000,08:00,0
2025-04-13 09:00:00.000,09:00,0
2025-04-13 10:00:00.000,10:00,0
2025-04-13 11:00:00.000,11:00,0
2025-04-13 12:00:00.000,12:00,0
2025-04-13 13:00:00.000,13:00,0
2025-04-13 14:00:00.000,14:00,0
2025-04-13 15:00:00.000,15:00,0
2025-04-13 16:00:00.000,16:00,0
2025-04-13 17:00:00.000,17:00,0
2025-04-13 18:00:00.000,18:00,629.7884444442526
2025-04-13 19:00:00.000,19:00,30.477555555669174
2025-04-13 20:00:00.000,20:00,12.690363636358894
2025-04-13 21:00:00.000,21:00,10.044836363683201
2025-04-13 22:00:00.000,22:00,8.439399999845774
2025-04-13 23:00:00.000,23:00,8.006400000117718
2025-04-14 00:00:00.000,00:00,6.5421612902559465
2025-04-14 01:00:00.000,01:00,7.310897533260793
2025-04-14 02:00:00.000,02:00,7.335882353021159
2025-04-14 03:00:00.000,03:00,7.6031800355943195
2025-04-14 04:00:00.000,04:00,7.6222727272066875
2025-04-14 05:00:00.000,05:00,6.760029484003012
2025-04-14 06:00:00.000,06:00,6.446486486474403
2025-04-14 07:00:00.000,07:00,39.93123592343024
2025-04-14 08:00:00.000,08:00,44.35375000000931
2025-04-14 09:00:00.000,09:00,44.28297740612217
2025-04-14 10:00:00.000,10:00,44.20732394369108
2025-04-14 11:00:00.000,11:00,46.52731874049235
2025-04-14 12:00:00.000,12:00,64.092993630559
2025-04-14 13:00:00.000,13:00,64.092993630559
2025-04-14 14:00:00.000,14:00,55.16112181526693
2025-04-14 15:00:00.000,15:00,46.229249999974854
2025-04-14 16:00:00.000,16:00,46.229249999974854
2025-04-14 17:00:00.000,17:00,42.89553156564767
2025-04-14 18:00:00.000,18:00,42.22878787878224
2025-04-14 19:00:00.000,19:00,42.22878787878224
2025-04-14 20:00:00.000,20:00,26.45687520366439
2025-04-14 21:00:00.000,21:00,12.656451612936271
2025-04-14 22:00:00.000,22:00,12.656451612936271
2025-04-14 23:00:00.000,23:00,11.180767625705531
2025-04-15 00:00:00.000,00:00,9.251027027019171
2025-04-15 01:00:00.000,01:00,9.251027027019171
2025-04-15 02:00:00.000,02:00,9.056167567555942
2025-04-15 03:00:00.000,03:00,8.694285714267085
2025-04-15 04:00:00.000,04:00,8.694285714267085
2025-04-15 05:00:00.000,05:00,8.694285714267085
2025-04-15 06:00:00.000,06:00,22.978493175610797
2025-04-15 07:00:00.000,07:00,25.4992356687891
2025-04-15 08:00:00.000,08:00,33.45593300008586
2025-04-15 09:00:00.000,09:00,59.59936708863234
2025-04-15 10:00:00.000,10:00,59.59936708863234
2025-04-15 11:00:00.000,11:00,55.471618493217704
2025-04-15 12:00:00.000,12:00,52.719786096274625
2025-04-15 13:00:00.000,13:00,52.719786096274625
2025-04-15 14:00:00.000,14:00,47.87119476359552
2025-04-15 15:00:00.000,15:00,42.68821782176615
2025-04-15 16:00:00.000,16:00,42.68821782176615
2025-04-15 17:00:00.000,17:00,40.23887789567146
2025-04-15 18:00:00.000,18:00,21.693875598097353
2025-04-15 19:00:00.000,19:00,21.693875598097353
2025-04-15 20:00:00.000,20:00,21.693875598097353
2025-04-15 21:00:00.000,21:00,16.774383619483643
2025-04-15 22:00:00.000,22:00,13.926256684496757
2025-04-15 23:00:00.000,23:00,13.926256684496757
2025-04-16 00:00:00.000,00:00,13.926256684496757
2025-04-16 01:00:00.000,01:00,13.926256684496757
2025-04-16 02:00:00.000,02:00,13.926256684496757
2025-04-16 03:00:00.000,03:00,13.926256684496757
2025-04-16 04:00:00.000,04:00,13.926256684496757
2025-04-16 05:00:00.000,05:00,13.926256684496757
2025-04-16 06:00:00.000,06:00,13.926256684496757
2025-04-16 07:00:00.000,07:00,13.926256684496757
2025-04-16 08:00:00.000,08:00,13.926256684496757
2025-04-16 09:00:00.000,09:00,21.897213903646715
2025-04-16 10:00:00.000,10:00,65.48040000002365
2025-04-16 11:00:00.000,11:00,52.08019999992102
2025-04-16 12:00:00.000,12:00,77.53300000005402
2025-04-16 13:00:00.000,13:00,67.83820000009146
2025-04-16 14:00:00.000,14:00,51.176899999915626
2025-04-16 15:00:00.000,15:00,26.152499999967407
2025-04-16 16:00:00.000,16:00,47.202700000023476
2025-04-16 17:00:00.000,17:00,51.83399999996182
2025-04-16 18:00:00.000,18:00,50.83160000001081
2025-04-16 19:00:00.000,19:00,38.37310000013095
2025-04-16 20:00:00.000,20:00,21.211399999819697
2025-04-16 21:00:00.000,21:00,15.279799999995157
2025-04-16 22:00:00.000,22:00,11.560600000014528
2025-04-16 23:00:00.000,23:00,9.53660000008531
2025-04-17 00:00:00.000,00:00,9.767199999908916
2025-04-17 01:00:00.000,01:00,9.748199999984354
2025-04-17 02:00:00.000,02:00,8.756600000197068
2025-04-17 03:00:00.000,03:00,8.784900000016206
2025-04-17 04:00:00.000,04:00,10.596899999934248
2025-04-17 05:00:00.000,05:00,8.446700000041165
2025-04-17 06:00:00.000,06:00,7.92059999993071
2025-04-17 07:00:00.000,07:00,11.121199999959208
2025-04-17 08:00:00.000,08:00,47.83230000005569
2025-04-17 09:00:00.000,09:00,51.28019999996759
2025-04-17 10:00:00.000,10:00,73.67619999996387
2025-04-17 11:00:00.000,11:00,47.90219999998808
2025-04-17 12:00:00.000,12:00,70.99300000006333
2025-04-17 13:00:00.000,13:00,61.89200000003912
2025-04-17 14:00:00.000,14:00,46.697399999946356
2025-04-17 15:00:00.000,15:00,32.64690000002738
2025-04-17 16:00:00.000,16:00,58.17777272715783
2025-04-17 17:00:00.000,17:00,61.32112727287141
2025-04-17 18:00:00.000,18:00,53.320236363613304
2025-04-17 19:00:00.000,19:00,41.197163636281836
2025-04-17 20:00:00.000,20:00,20.77697777780963
2025-04-17 21:00:00.000,21:00,13.057122222331559
2025-04-17 22:00:00.000,22:00,10.660799999954179
2025-04-17 23:00:00.000,23:00,9.781299999938346
2025-04-18 00:00:00.000,00:00,9.301727272845296
2025-04-18 01:00:00.000,01:00,10.398972727222876
2025-04-18 02:00:00.000,02:00,10.675600000005216
2025-04-18 03:00:00.000,03:00,8.962199999927543
2025-04-18 04:00:00.000,04:00,9.516300000040792
2025-04-18 05:00:00.000,05:00,9.904300000006334
2025-04-18 06:00:00.000,06:00,11.172499999892898
2025-04-18 07:00:00.000,07:00,12.572600000025705
2025-04-18 08:00:00.000,08:00,45.3568000000203
2025-04-18 09:00:00.000,09:00,64.27599999993109
2025-04-18 10:00:00.000,10:00,62.32780000017956
2025-04-18 11:00:00.000,11:00,61.306599999917665
2025-04-18 12:00:00.000,12:00,60.308400000073014
2025-04-18 13:00:00.000,13:00,64.38679999988526
2025-04-18 14:00:00.000,14:00,47.40299999997951
2025-04-18 15:00:00.000,15:00,34.54860000007321
2025-04-18 16:00:00.000,16:00,49.62349999994039
2025-04-18 17:00:00.000,17:00,41.44630000009201
2025-04-18 18:00:00.000,18:00,41.735599999851544
2025-04-18 19:00:00.000,19:00,33.40230909097855
2025-04-18 20:00:00.000,20:00,28.85209090909074
2025-04-18 21:00:00.000,21:00,21.185599999967963
2025-04-18 22:00:00.000,22:00,12.562288889025027
2025-04-18 23:00:00.000,23:00,12.063111111133669
2025-04-19 00:00:00.000,00:00,12.480272727214139
2025-04-19 01:00:00.000,01:00,11.56622727267783
2025-04-19 02:00:00.000,02:00,11.463699999917297
2025-04-19 03:00:00.000,03:00,11.039800000190736
2025-04-19 04:00:00.000,04:00,11.209599999873898
2025-04-19 05:00:00.000,05:00,12.533299999986776
2025-04-19 06:00:00.000,06:00,11.4078000000678
2025-04-19 07:00:00.000,07:00,14.651500000059604
2025-04-19 08:00:00.000,08:00,46.50057777776901
2025-04-19 09:00:00.000,09:00,64.28822222211812
2025-04-19 10:00:00.000,10:00,55.731400000024585
2025-04-19 11:00:00.000,11:00,55.218400000082326
2025-04-19 12:00:00.000,12:00,60.66099999989383
2025-04-19 13:00:00.000,13:00,61.64999999995343
2025-04-19 14:00:00.000,14:00,47.00560000012629
2025-04-19 15:00:00.000,15:00,31.069599999883213
2025-04-19 16:00:00.000,16:00,58.63640000012238
2025-04-19 17:00:00.000,17:00,46.64969999992754
2025-04-19 18:00:00.000,18:00,46.033011111097096
2025-04-19 19:00:00.000,19:00,36.337088888914636
2025-04-19 20:00:00.000,20:00,16.339499999932013
2025-04-19 21:00:00.000,21:00,10.927700000070036
2025-04-19 22:00:00.000,22:00,8.447499999962746
2025-04-19 23:00:00.000,23:00,5.746099999942817
2025-04-20 00:00:00.000,00:00,6.123000000180168
2025-04-20 01:00:00.000,01:00,6.6225999998669565
2025-04-20 02:00:00.000,02:00,5.87370000006631
2025-04-20 03:00:00.000,03:00,6.675699999905191
2025-04-20 04:00:00.000,04:00,6.510700000054203
2025-04-20 05:00:00.000,05:00,5.889299999945797
2025-04-20 06:00:00.000,06:00,6.000200000125915
2025-04-20 07:00:00.000,07:00,29.622500000032595
2025-04-20 08:00:00.000,08:00,57.511299999919714
2025-04-20 09:00:00.000,09:00,41.917399999964985
2025-04-20 10:00:00.000,10:00,37.24699999997392
2025-04-20 11:00:00.000,11:00,48.85120000015013
2025-04-20 12:00:00.000,12:00,56.59799999995157
2025-04-20 13:00:00.000,13:00,52.244200000073754
2025-04-20 14:00:00.000,14:00,46.43579999988433
2025-04-20 15:00:00.000,15:00,35.7962181818989
2025-04-20 16:00:00.000,16:00,46.34648181809197
2025-04-20 17:00:00.000,17:00,42.46809999996331
2025-04-20 18:00:00.000,18:00,40.258699999959205
2025-04-20 19:00:00.000,19:00,30.851500000129455
2025-04-20 20:00:00.000,20:00,9.934799999906682
2025-04-20 21:00:00.000,21:00,6.62980000008829
2025-04-20 22:00:00.000,22:00,6.648618181769482
2025-04-20 23:00:00.000,23:00,5.841181818141856
2025-04-21 00:00:00.000,00:00,6.656818181826648
2025-04-21 01:00:00.000,01:00,7.441181818264622
2025-04-21 02:00:00.000,02:00,6.1914999999338765
2025-04-21 03:00:00.000,03:00,5.618900000117719
2025-04-21 04:00:00.000,04:00,5.778199999989011
2025-04-21 05:00:00.000,05:00,5.3013999999733645
2025-04-21 06:00:00.000,06:00,6.891499999980443
2025-04-21 07:00:00.000,07:00,18.024600000050853
2025-04-21 08:00:00.000,08:00,41.091699999966664
2025-04-21 09:00:00.000,09:00,67.12520000003278
2025-04-21 10:00:00.000,10:00,54.51179999993183
2025-04-21 11:00:00.000,11:00,44.86239999989047
2025-04-21 12:00:00.000,12:00,65.7914000001736
2025-04-21 13:00:00.000,13:00,68.99939999999478
2025-04-21 14:00:00.000,14:00,60.57779999990016
2025-04-21 15:00:00.000,15:00,27.196000000135975
2025-04-21 16:00:00.000,16:00,42.387644444359466
2025-04-21 17:00:00.000,17:00,57.88875555554405
2025-04-21 18:00:00.000,18:00,45.27089090917937
2025-04-21 19:00:00.000,19:00,28.472575757492596
2025-04-21 20:00:00.000,20:00,14.021833333228198
2025-04-21 21:00:00.000,21:00,9.979700000118465
2025-04-21 22:00:00.000,22:00,8.69959999988787
2025-04-21 23:00:00.000,23:00,9.577200000034646
2025-04-22 00:00:00.000,00:00,8.398636363721875
2025-04-22 01:00:00.000,01:00,8.12536363632376
2025-04-22 02:00:00.000,02:00,7.683299999916926
2025-04-22 03:00:00.000,03:00,7.665000000037253
2025-04-22 04:00:00.000,04:00,9.389500000118279
2025-04-22 05:00:00.000,05:00,7.634299999941141
2025-04-22 06:00:00.000,06:00,7.512900000018998
2025-04-22 07:00:00.000,07:00,9.238899999973363
2025-04-22 08:00:00.000,08:00,50.698300000070596
2025-04-22 09:00:00.000,09:00,62.19359999992885
2025-04-22 10:00:00.000,10:00,77.55419999998995
2025-04-22 11:00:00.000,11:00,42.87399999997579
2025-04-22 12:00:00.000,12:00,56.776600000075995
2025-04-22 13:00:00.000,13:00,68.52939999997616
2025-04-22 14:00:00.000,14:00,56.44559999993071
2025-04-22 15:00:00.000,15:00,29.304599999962377
2025-04-22 16:00:00.000,16:00,57.56420000013895
2025-04-22 17:00:00.000,17:00,45.79879999998957
2025-04-22 18:00:00.000,18:00,49.2082999999402
2025-04-22 19:00:00.000,19:00,35.58750000009313
2025-04-22 20:00:00.000,20:00,16.93639999984298
2025-04-22 21:00:00.000,21:00,12.418266666768533
2025-04-22 22:00:00.000,22:00,11.290111111063096
2025-04-22 23:00:00.000,23:00,8.630222222302109
2025-04-23 00:00:00.000,00:00,8.301727272612467
2025-04-23 01:00:00.000,01:00,8.267072727349163
2025-04-23 02:00:00.000,02:00,8.156099999975414
2025-04-23 03:00:00.000,03:00,8.625700000091456
2025-04-23 04:00:00.000,04:00,7.689899999974296
2025-04-23 05:00:00.000,05:00,7.851599999889731
2025-04-23 06:00:00.000,06:00,7.559000000078232
2025-04-23 07:00:00.000,07:00,18.772999999998138
2025-04-23 08:00:00.000,08:00,58.65810000004713
2025-04-23 09:00:00.000,09:00,63.37819999996573
2025-04-23 10:00:00.000,10:00,58.47680000001565
2025-04-23 11:00:00.000,11:00,50.035999999986956
2025-04-23 12:00:00.000,12:00,65.05779999997466
2025-04-23 13:00:00.000,13:00,69.65520000001416
2025-04-23 14:00:00.000,14:00,55.166799999913195
2025-04-23 15:00:00.000,15:00,34.204900000127964
2025-04-23 16:00:00.000,16:00,40.61154444441458
2025-04-23 17:00:00.000,17:00,59.905455555531404
2025-04-23 18:00:00.000,18:00,53.406999999983235
2025-04-23 19:00:00.000,19:00,29.46109999998007
2025-04-23 20:00:00.000,20:00,18.016299999947663
2025-04-23 21:00:00.000,21:00,10.70810000000056
2025-04-23 22:00:00.000,22:00,8.874000000068918
2025-04-23 23:00:00.000,23:00,8.439600000018254
2025-04-24 00:00:00.000,00:00,10.026090909049593
2025-04-24 01:00:00.000,01:00,11.214809090902351
2025-04-24 02:00:00.000,02:00,9.257500000018627
2025-04-24 03:00:00.000,03:00,9.204500000015832
2025-04-24 04:00:00.000,04:00,8.96260000001639
2025-04-24 05:00:00.000,05:00,8.707399999955669
2025-04-24 06:00:00.000,06:00,9.436599999945612
2025-04-24 07:00:00.000,07:00,30.369400000036695
2025-04-24 08:00:00.000,08:00,54.648700000112875
2025-04-24 09:00:00.000,09:00,59.589999999944126
2025-04-24 10:00:00.000,10:00,49.329599999962376
2025-04-24 11:00:00.000,11:00,34.7304000000935
2025-04-24 12:00:00.000,12:00,62.95919999987818
2025-04-24 13:00:00.000,13:00,63.583563636488876
2025-04-24 14:00:00.000,14:00,53.63943636364897
2025-04-24 15:00:00.000,15:00,40.95839999984018
2025-04-24 16:00:00.000,16:00,58.572500000102444
2025-04-24 17:00:00.000,17:00,66.31907777779011
2025-04-24 18:00:00.000,18:00,49.076022222175055
2025-04-24 19:00:00.000,19:00,29.4585999999661
2025-04-24 20:00:00.000,20:00,14.617600000131114
2025-04-24 21:00:00.000,21:00,10.09039999989962
2025-04-24 22:00:00.000,22:00,7.384399999957531
2025-04-24 23:00:00.000,23:00,8.993199999956413
2025-04-25 00:00:00.000,00:00,7.868000000016764
2025-04-25 01:00:00.000,01:00,7.100500000175089
2025-04-25 02:00:00.000,02:00,6.743900000001304
2025-04-25 03:00:00.000,03:00,7.595499999867752
2025-04-25 04:00:00.000,04:00,7.900699999951758
2025-04-25 05:00:00.000,05:00,7.263900000206195
2025-04-25 06:00:00.000,06:00,6.8387999999336895
2025-04-25 07:00:00.000,07:00,28.36319999990519
2025-04-25 08:00:00.000,08:00,43.953900000080466
2025-04-25 09:00:00.000,09:00,45.923399999924
2025-04-25 10:00:00.000,10:00,47.73060000003315
2025-04-25 11:00:00.000,11:00,25.261399999959394
2025-04-25 12:00:00.000,12:00,59.44639999996871
2025-04-25 13:00:00.000,13:00,54.909200000017876
2025-04-25 14:00:00.000,14:00,54.791000000061466
2025-04-25 15:00:00.000,15:00,37.41040000002831
2025-04-25 16:00:00.000,16:00,55.05319999996573
2025-04-25 17:00:00.000,17:00,58.104199999943376
2025-04-25 18:00:00.000,18:00,49.67580000013113
2025-04-25 19:00:00.000,19:00,37.86319999997504
2025-04-25 20:00:00.000,20:00,16.963799999887122
2025-04-25 21:00:00.000,21:00,12.953000000072642
2025-04-25 22:00:00.000,22:00,8.675400000019
2025-04-25 23:00:00.000,23:00,8.78259999989532
2025-04-26 00:00:00.000,00:00,9.356500000040977
2025-04-26 01:00:00.000,01:00,8.492199999955483
2025-04-26 02:00:00.000,02:00,8.741400000196883
2025-04-26 03:00:00.000,03:00,8.909699999797159
2025-04-26 04:00:00.000,04:00,8.108300000033342
2025-04-26 05:00:00.000,05:00,7.67190000016708
2025-04-26 06:00:00.000,06:00,7.731699999840931
2025-04-26 07:00:00.000,07:00,13.977799999993294
2025-04-26 08:00:00.000,08:00,52.1783000001451
2025-04-26 09:00:00.000,09:00,48.55639999997802
2025-04-26 10:00:00.000,10:00,43.92819999996573
2025-04-26 11:00:00.000,11:00,40.24099999996834
2025-04-26 12:00:00.000,12:00,62.166800000099464
2025-04-26 13:00:00.000,13:00,68.44519999995828
2025-04-26 14:00:00.000,14:00,56.04160000002012
2025-04-26 15:00:00.000,15:00,38.27011111100825
2025-04-26 16:00:00.000,16:00,51.0077888889083
2025-04-26 17:00:00.000,17:00,63.97530000000261
2025-04-26 18:00:00.000,18:00,50.6636000000406
2025-04-26 19:00:00.000,19:00,34.65819999990053
2025-04-26 20:00:00.000,20:00,13.012000000104306
2025-04-26 21:00:00.000,21:00,9.310000000009314
2025-04-26 22:00:00.000,22:00,7.6947999998927115
2025-04-26 23:00:00.000,23:00,8.146200000122189
2025-04-27 00:00:00.000,00:00,8.159545454535294
2025-04-27 01:00:00.000,01:00,8.801954545440491
2025-04-27 02:00:00.000,02:00,6.795699999947101
2025-04-27 03:00:00.000,03:00,7.745899999910035
2025-04-27 04:00:00.000,04:00,7.298200000054203
2025-04-27 05:00:00.000,05:00,6.8862999999895695
2025-04-27 06:00:00.000,06:00,7.881599999987521
2025-04-27 07:00:00.000,07:00,31.186300000036134
2025-04-27 08:00:00.000,08:00,57.64695454544007
2025-04-27 09:00:00.000,09:00,56.32914545453069
2025-04-27 10:00:00.000,10:00,47.452600000146774
2025-04-27 11:00:00.000,11:00,42.55219999984838
2025-04-27 12:00:00.000,12:00,56.76100000012666
2025-04-27 13:00:00.000,13:00,61.40679999999702
2025-04-27 14:00:00.000,14:00,52.10339999990538
2025-04-27 15:00:00.000,15:00,43.431199999991804
2025-04-27 16:00:00.000,16:00,57.64660000004805
2025-04-27 17:00:00.000,17:00,59.625400000019
2025-04-27 18:00:00.000,18:00,47.341199999954554
2025-04-27 19:00:00.000,19:00,33.60839999997988
2025-04-27 20:00:00.000,20:00,14.804600000055506
2025-04-27 21:00:00.000,21:00,12.242600000021048
2025-04-27 22:00:00.000,22:00,7.862999999965541
2025-04-27 23:00:00.000,23:00,7.226400000089779
2025-04-28 00:00:00.000,00:00,7.4814545454626735
2025-04-28 01:00:00.000,01:00,6.536345454404892
2025-04-28 02:00:00.000,02:00,5.714000000036322
2025-04-28 03:00:00.000,03:00,7.013799999956973
2025-04-28 04:00:00.000,04:00,7.720900000142866
2025-04-28 05:00:00.000,05:00,5.17199999995064
2025-04-28 06:00:00.000,06:00,5.519099999964237
2025-04-28 07:00:00.000,07:00,38.36610000005457
2025-04-28 08:00:00.000,08:00,45.36669999998995
2025-04-28 09:00:00.000,09:00,62.4753999998793
2025-04-28 10:00:00.000,10:00,62.31120000001974
2025-04-28 11:00:00.000,11:00,42.556199999991804
2025-04-28 12:00:00.000,12:00,62.464000000059606
2025-04-28 13:00:00.000,13:00,63.63899999991991
2025-04-28 14:00:00.000,14:00,53.086200000019744
2025-04-28 15:00:00.000,15:00,32.29560000007041
2025-04-28 16:00:00.000,16:00,56.56920000007376
2025-04-28 17:00:00.000,17:00,59.54119999995456
2025-04-28 18:00:00.000,18:00,55.19541818187572
2025-04-28 19:00:00.000,19:00,39.79236363630149
2025-04-28 20:00:00.000,20:00,22.750818181740627
2025-04-28 21:00:00.000,21:00,10.945600000053474
2025-04-28 22:00:00.000,22:00,7.161127272747796
2025-04-28 23:00:00.000,23:00,7.19927272723395
2025-04-29 00:00:00.000,00:00,7.354000000050291
2025-04-29 01:00:00.000,01:00,6.958699999982491
2025-04-29 02:00:00.000,02:00,7.477900000056252
2025-04-29 03:00:00.000,03:00,6.824799999897369
2025-04-29 04:00:00.000,04:00,6.0986999999964615
2025-04-29 05:00:00.000,05:00,6.3363000000827014
2025-04-29 06:00:00.000,06:00,6.297800000011921
2025-04-29 07:00:00.000,07:00,7.2079999999143185
2025-04-29 08:00:00.000,08:00,25.863199999928476
2025-04-29 09:00:00.000,09:00,58.505600000033155
2025-04-29 10:00:00.000,10:00,56.054400000069286
2025-04-29 11:00:00.000,11:00,54.632800000021234
2025-04-29 12:00:00.000,12:00,63.0438000000082
2025-04-29 13:00:00.000,13:00,64.2637999999337
2025-04-29 14:00:00.000,14:00,52.36220000004396
2025-04-29 15:00:00.000,15:00,38.05560000003315
2025-04-29 16:00:00.000,16:00,62.84399999994784
2025-04-29 17:00:00.000,17:00,69.64640000001528
2025-04-29 18:00:00.000,18:00,58.72439999994822
2025-04-29 19:00:00.000,19:00,40.95240000002086
2025-04-29 20:00:00.000,20:00,16.49779999991879
2025-04-29 21:00:00.000,21:00,11.152622222320902
2025-04-29 22:00:00.000,22:00,8.27457777776031
2025-04-29 23:00:00.000,23:00,8.161200000019743
2025-04-30 00:00:00.000,00:00,9.30869999998249
2025-04-30 01:00:00.000,01:00,8.170100000081584
2025-04-30 02:00:00.000,02:00,7.794899999839254
2025-04-30 03:00:00.000,03:00,7.907900000177324
2025-04-30 04:00:00.000,04:00,7.44119999986142
2025-04-30 05:00:00.000,05:00,7.829600000125356
2025-04-30 06:00:00.000,06:00,8.234599999920466
2025-04-30 07:00:00.000,07:00,33.14629999999888
2025-04-30 08:00:00.000,08:00,46.136518181858335
2025-04-30 09:00:00.000,09:00,56.02818181815303
2025-04-30 10:00:00.000,10:00,67.1367999999784
2025-04-30 11:00:00.000,11:00,57.5901999999769
2025-04-30 12:00:00.000,12:00,62.143263999965036
2025-04-30 13:00:00.000,13:00,62.256480000000444
2025-04-30 14:00:00.000,14:00,62.256480000000444
2025-04-30 15:00:00.000,15:00,62.256480000000444
2025-04-30 16:00:00.000,16:00,59.81649599997699
2025-04-30 17:00:00.000,17:00,57.438800000119954
2025-04-30 18:00:00.000,18:00,56.16039999993518
2025-04-30 19:00:00.000,19:00,34.288599999994034
2025-04-30 20:00:00.000,20:00,19.170800000103192
2025-04-30 21:00:00.000,21:00,14.698199999937788
2025-04-30 22:00:00.000,22:00,10.509199999971315
2025-04-30 23:00:00.000,23:00,11.099800000106915
2025-05-01 00:00:00.000,00:00,10.253818181639707
2025-05-01 01:00:00.000,01:00,9.293281818327324
2025-05-01 02:00:00.000,02:00,9.169799999915995
2025-05-01 03:00:00.000,03:00,9.69690000002738
2025-05-01 04:00:00.000,04:00,9.955500000086614
2025-05-01 05:00:00.000,05:00,9.102200000011361
2025-05-01 06:00:00.000,06:00,8.829100000020118
2025-05-01 07:00:00.000,07:00,49.334499999950644
2025-05-01 08:00:00.000,08:00,56.5815999998711
2025-05-01 09:00:00.000,09:00,55.12330000005249
2025-05-01 10:00:00.000,10:00,59.527600000048466
2025-05-01 11:00:00.000,11:00,55.63139999988489
2025-05-01 12:00:00.000,12:00,59.17840000009164
2025-05-01 13:00:00.000,13:00,58.87939999997616
2025-05-01 14:00:00.000,14:00,51.65280000003986
2025-05-01 15:00:00.000,15:00,46.02679999996908
2025-05-01 16:00:00.000,16:00,52.820200000004846
2025-05-01 17:00:00.000,17:00,60.47839999995195
2025-05-01 18:00:00.000,18:00,52.35940000005067
2025-05-01 19:00:00.000,19:00,28.954599999962372
2025-05-01 20:00:00.000,20:00,16.137199999997392
2025-05-01 21:00:00.000,21:00,12.113600000087171
2025-05-01 22:00:00.000,22:00,9.461799999978393
2025-05-01 23:00:00.000,23:00,8.659399999957532
2025-05-02 00:00:00.000,00:00,8.697818181773817
2025-05-02 01:00:00.000,01:00,8.189581818326207
2025-05-02 02:00:00.000,02:00,8.852799999853596
2025-05-02 03:00:00.000,03:00,9.081099999975413
2025-05-02 04:00:00.000,04:00,7.48870000015013
2025-05-02 05:00:00.000,05:00,7.237299999967218
2025-05-02 06:00:00.000,06:00,7.352099999994971
2025-05-02 07:00:00.000,07:00,27.216999999899418
2025-05-02 08:00:00.000,08:00,47.385600000200796
2025-05-02 09:00:00.000,09:00,35.17479999996722
2025-05-02 10:00:00.000,10:00,50.376599999982865
2025-05-02 11:00:00.000,11:00,56.29220000002533
2025-05-02 12:00:00.000,12:00,63.95799999991432
2025-05-02 13:00:00.000,13:00,65.7862000000663
2025-05-02 14:00:00.000,14:00,56.89899999992922
2025-05-02 15:00:00.000,15:00,39.0269999999553
2025-05-02 16:00:00.000,16:00,55.356800000043584
2025-05-02 17:00:00.000,17:00,60.369399999920276
2025-05-02 18:00:00.000,18:00,42.67460000002757
2025-05-02 19:00:00.000,19:00,31.29700000006705
2025-05-02 20:00:00.000,20:00,16.119600000046194
2025-05-02 21:00:00.000,21:00,10.767599999904633
2025-05-02 22:00:00.000,22:00,9.74239999996498
2025-05-02 23:00:00.000,23:00,9.827800000132992
2025-05-03 00:00:00.000,00:00,10.087454545290463
2025-05-03 01:00:00.000,01:00,9.720945454712703
2025-05-03 02:00:00.000,02:00,9.113700000033715
2025-05-03 03:00:00.000,03:00,9.091299999854527
2025-05-03 04:00:00.000,04:00,8.21200000003446
2025-05-03 05:00:00.000,05:00,8.318299999972805
2025-05-03 06:00:00.000,06:00,9.818800000124611
2025-05-03 07:00:00.000,07:00,35.33249999999535
2025-05-03 08:00:00.000,08:00,51.29963636358523
2025-05-03 09:00:00.000,09:00,56.99556363627992
2025-05-03 10:00:00.000,10:00,57.306199999945235
2025-05-03 11:00:00.000,11:00,56.93100000005216
2025-05-03 12:00:00.000,12:00,50.37860000007785
2025-05-03 13:00:00.000,13:00,54.282799999974664
2025-05-03 14:00:00.000,14:00,40.63580000004731
2025-05-03 15:00:00.000,15:00,30.529799999902025
2025-05-03 16:00:00.000,16:00,52.89660000009462
2025-05-03 17:00:00.000,17:00,44.255199999874456
2025-05-03 18:00:00.000,18:00,44.88857777786131
2025-05-03 19:00:00.000,19:00,29.98862222217334
2025-05-03 20:00:00.000,20:00,20.071800000127404
2025-05-03 21:00:00.000,21:00,10.405399999860673
2025-05-03 22:00:00.000,22:00,10.758799999998882
2025-05-03 23:00:00.000,23:00,10.042600000090896
2025-05-04 00:00:00.000,00:00,9.126090908973392
2025-05-04 01:00:00.000,01:00,8.17470909094819
2025-05-04 02:00:00.000,02:00,9.210400000098161
2025-05-04 03:00:00.000,03:00,9.379099999926984
2025-05-04 04:00:00.000,04:00,9.61489999999758
2025-05-04 05:00:00.000,05:00,7.7352000000653796
2025-05-04 06:00:00.000,06:00,8.392200000048614
2025-05-04 07:00:00.000,07:00,16.742199999839066
2025-05-04 08:00:00.000,08:00,53.959290909218936
2025-05-04 09:00:00.000,09:00,57.11190909092653
2025-05-04 10:00:00.000,10:00,39.09299999992363
2025-05-04 11:00:00.000,11:00,44.85339999995195
2025-05-04 12:00:00.000,12:00,65.04560000007041
2025-05-04 13:00:00.000,13:00,61.905600000033154
2025-05-04 14:00:00.000,14:00,49.91919999998063
2025-05-04 15:00:00.000,15:00,36.3253999998793
2025-05-04 16:00:00.000,16:00,52.89600000013597
2025-05-04 17:00:00.000,17:00,42.435254545378584
2025-05-04 18:00:00.000,18:00,49.089345454555854
2025-05-04 19:00:00.000,19:00,22.574199999962
2025-05-04 20:00:00.000,20:00,11.033400000119581
2025-05-04 21:00:00.000,21:00,9.247199999913573
2025-05-04 22:00:00.000,22:00,7.416400000080467
2025-05-04 23:00:00.000,23:00,6.949000000022352
2025-05-05 00:00:00.000,00:00,7.119999999878928
2025-05-05 01:00:00.000,01:00,6.073800000105985
2025-05-05 02:00:00.000,02:00,7.982999999867752
2025-05-05 03:00:00.000,03:00,7.053300000168384
2025-05-05 04:00:00.000,04:00,6.658699999912642
2025-05-05 05:00:00.000,05:00,5.987100000074133
2025-05-05 06:00:00.000,06:00,6.156899999943562
2025-05-05 07:00:00.000,07:00,34.32859999996144
2025-05-05 08:00:00.000,08:00,34.53320000004023
2025-05-05 09:00:00.000,09:00,36.2265999999363
2025-05-05 10:00:00.000,10:00,50.525800000038004
2025-05-05 11:00:00.000,11:00,35.76420000004582
2025-05-05 12:00:00.000,12:00,58.764599999925125
2025-05-05 13:00:00.000,13:00,56.1015999999363
2025-05-05 14:00:00.000,14:00,47.879600000055504
2025-05-05 15:00:00.000,15:00,37.263200000068174
2025-05-05 16:00:00.000,16:00,38.40219999994151
2025-05-05 17:00:00.000,17:00,48.900933333356974
2025-05-05 18:00:00.000,18:00,40.588766666654394
2025-05-05 19:00:00.000,19:00,31.68329999994021
2025-05-05 20:00:00.000,20:00,11.174399999994783
2025-05-05 21:00:00.000,21:00,7.348109091056341
2025-05-05 22:00:00.000,22:00,6.782190909044055
2025-05-05 23:00:00.000,23:00,7.246900000073947
2025-05-06 00:00:00.000,00:00,7.083727272566069
2025-05-06 01:00:00.000,01:00,7.106272727401334
2025-05-06 02:00:00.000,02:00,7.2962999999755995
2025-05-06 03:00:00.000,03:00,7.008500000042841
2025-05-06 04:00:00.000,04:00,6.307599999988452
2025-05-06 05:00:00.000,05:00,6.998999999905936
2025-05-06 06:00:00.000,06:00,7.973799999943003
2025-05-06 07:00:00.000,07:00,11.310999999986961
2025-05-06 08:00:00.000,08:00,53.02590000000782
2025-05-06 09:00:00.000,09:00,59.86250000002328
2025-05-06 10:00:00.000,10:00,48.33700000005774
2025-05-06 11:00:00.000,11:00,37.50999999991618
2025-05-06 12:00:00.000,12:00,64.10540000004694
2025-05-06 13:00:00.000,13:00,60.70600000009872
2025-05-06 14:00:00.000,14:00,49.84639999987557
2025-05-06 15:00:00.000,15:00,33.02400000006892
2025-05-06 16:00:00.000,16:00,57.38719999995082
2025-05-06 17:00:00.000,17:00,52.82912727281959
2025-05-06 18:00:00.000,18:00,52.44267272721468
2025-05-06 19:00:00.000,19:00,27.888799999933692
2025-05-06 20:00:00.000,20:00,12.369800000078975
2025-05-06 21:00:00.000,21:00,8.584800000023098
2025-05-06 22:00:00.000,22:00,9.554799999902025
2025-05-06 23:00:00.000,23:00,7.823400000017136
2025-05-07 00:00:00.000,00:00,8.156181818339974
2025-05-07 01:00:00.000,01:00,6.165918181673623
2025-05-07 02:00:00.000,02:00,7.264799999957905
2025-05-07 03:00:00.000,03:00,6.905500000016764
2025-05-07 04:00:00.000,04:00,6.35930000001099
2025-05-07 05:00:00.000,05:00,8.151699999975971
2025-05-07 06:00:00.000,06:00,6.822299999999814
2025-05-07 07:00:00.000,07:00,14.244500000122933
2025-05-07 08:00:00.000,08:00,51.91546666654758
2025-05-07 09:00:00.000,09:00,51.18993333340622
2025-05-07 10:00:00.000,10:00,46.96060000010766
2025-05-07 11:00:00.000,11:00,45.58559999996796
2025-05-07 12:00:00.000,12:00,64.12340000001714
2025-05-07 13:00:00.000,13:00,61.34239999996498
2025-05-07 14:00:00.000,14:00,47.047599999886
2025-05-07 15:00:00.000,15:00,30.190600000089034
2025-05-07 16:00:00.000,16:00,55.41399999991991
2025-05-07 17:00:00.000,17:00,45.239899999997576
2025-05-07 18:00:00.000,18:00,44.630100000021045
2025-05-07 19:00:00.000,19:00,21.806800000043584
2025-05-07 20:00:00.000,20:00,14.649200000055133
2025-05-07 21:00:00.000,21:00,10.332199999876321
2025-05-07 22:00:00.000,22:00,10.125400000065564
2025-05-07 23:00:00.000,23:00,8.831600000010804
2025-05-08 00:00:00.000,00:00,8.35345454541543
2025-05-08 01:00:00.000,01:00,7.795745454639705
2025-05-08 02:00:00.000,02:00,8.693199999909847
2025-05-08 03:00:00.000,03:00,9.579799999971874
2025-05-08 04:00:00.000,04:00,8.28270000012126
2025-05-08 05:00:00.000,05:00,7.3315999998245385
2025-05-08 06:00:00.000,06:00,7.524500000127592
2025-05-08 07:00:00.000,07:00,12.725999999884516
2025-05-08 08:00:00.000,08:00,52.92140000013169
2025-05-08 09:00:00.000,09:00,65.43080000001936
2025-05-08 10:00:00.000,10:00,61.778399999951944
2025-05-08 11:00:00.000,11:00,59.7827999999281
2025-05-08 12:00:00.000,12:00,77.21779999998398
2025-05-08 13:00:00.000,13:00,69.06800000006334
2025-05-08 14:00:00.000,14:00,51.0061999999918
2025-05-08 15:00:00.000,15:00,35.10539999995381
2025-05-08 16:00:00.000,16:00,62.6078000000678
2025-05-08 17:00:00.000,17:00,57.41880000005476
2025-05-08 18:00:00.000,18:00,54.3517999999458
2025-05-08 19:00:00.000,19:00,32.401133333288854
2025-05-08 20:00:00.000,20:00,19.768066666715054
2025-05-08 21:00:00.000,21:00,11.439899999997579
2025-05-08 22:00:00.000,22:00,8.194299999973737
2025-05-08 23:00:00.000,23:00,7.803399999905378
2025-05-09 00:00:00.000,00:00,6.828636363783682
2025-05-09 01:00:00.000,01:00,6.249463636351919
2025-05-09 02:00:00.000,02:00,8.9125
2025-05-09 03:00:00.000,03:00,7.358399999910034
2025-05-09 04:00:00.000,04:00,6.572299999999814
2025-05-09 05:00:00.000,05:00,5.794600000046193
2025-05-09 06:00:00.000,06:00,6.2557000000961125
2025-05-09 07:00:00.000,07:00,13.588899999903516
2025-05-09 08:00:00.000,08:00,56.00090000005439
2025-05-09 09:00:00.000,09:00,66.48539999993518
2025-05-09 10:00:00.000,10:00,74.42080000001006
2025-05-09 11:00:00.000,11:00,63.470199999958275
2025-05-09 12:00:00.000,12:00,68.56160000003874
2025-05-09 13:00:00.000,13:00,59.22620000010356
2025-05-09 14:00:00.000,14:00,48.78358181811954
2025-05-09 15:00:00.000,15:00,34.689618181864816
2025-05-09 16:00:00.000,16:00,55.22499999990686
2025-05-09 17:00:00.000,17:00,54.87559999995865
2025-05-09 18:00:00.000,18:00,44.98840000000782
2025-05-09 19:00:00.000,19:00,30.64219999997876
2025-05-09 20:00:00.000,20:00,15.976000000024214
2025-05-09 21:00:00.000,21:00,11.62900000013919
2025-05-09 22:00:00.000,22:00,8.646999999864327
2025-05-09 23:00:00.000,23:00,9.478666666675254
2025-05-10 00:00:00.000,00:00,9.317333333388284
2025-05-10 01:00:00.000,01:00,8.585999999917112
2025-05-10 02:00:00.000,02:00,8.681700000050478
2025-05-10 03:00:00.000,03:00,8.54089999999851
2025-05-10 04:00:00.000,04:00,7.6343999999342484
2025-05-10 05:00:00.000,05:00,9.590400000056253
2025-05-10 06:00:00.000,06:00,8.527500000130384
2025-05-10 07:00:00.000,07:00,29.063799999817277
2025-05-10 08:00:00.000,08:00,60.24679999998771
2025-05-10 09:00:00.000,09:00,57.588900000066495
2025-05-10 10:00:00.000,10:00,55.8403999999864
2025-05-10 11:00:00.000,11:00,45.388200000021605
2025-05-10 12:00:00.000,12:00,62.16280000000261
2025-05-10 13:00:00.000,13:00,60.799599999981
2025-05-10 14:00:00.000,14:00,50.65360000012443
2025-05-10 15:00:00.000,15:00,31.830399999953805
2025-05-10 16:00:00.000,16:00,59.395799999963494
2025-05-10 17:00:00.000,17:00,50.59499999997206
2025-05-10 18:00:00.000,18:00,40.90643636362458
2025-05-10 19:00:00.000,19:00,27.8797636363486
2025-05-10 20:00:00.000,20:00,16.485690909234638
2025-05-10 21:00:00.000,21:00,13.16610909087414
2025-05-10 22:00:00.000,22:00,10.275599999865516
2025-05-10 23:00:00.000,23:00,9.555200000107288
2025-05-11 00:00:00.000,00:00,9.253909090830183
2025-05-11 01:00:00.000,01:00,9.141090909118596
2025-05-11 02:00:00.000,02:00,7.886399999959394
2025-05-11 03:00:00.000,03:00,10.824799999990502
2025-05-11 04:00:00.000,04:00,9.519000000017694
2025-05-11 05:00:00.000,05:00,9.19190000013914
2025-05-11 06:00:00.000,06:00,8.427099999971688
2025-05-11 07:00:00.000,07:00,31.23899999989662
2025-05-11 08:00:00.000,08:00,52.830800000065935
2025-05-11 09:00:00.000,09:00,51.29254545451523
2025-05-11 10:00:00.000,10:00,41.086854545530784
2025-05-11 11:00:00.000,11:00,38.14160000002012
2025-05-11 12:00:00.000,12:00,50.4945999999065
2025-05-11 13:00:00.000,13:00,56.4151999999769
2025-05-11 14:00:00.000,14:00,54.54260000004433
2025-05-11 15:00:00.000,15:00,35.85300000002608
2025-05-11 16:00:00.000,16:00,48.666266666554534
2025-05-11 17:00:00.000,17:00,43.99033333331657
2025-05-11 18:00:00.000,18:00,40.87760000014678
2025-05-11 19:00:00.000,19:00,34.81399999996647
2025-05-11 20:00:00.000,20:00,12.602599999960512
2025-05-11 21:00:00.000,21:00,9.561400000099091
2025-05-11 22:00:00.000,22:00,8.878399999951943
2025-05-11 23:00:00.000,23:00,10.002999999979512
2025-05-12 00:00:00.000,00:00,7.68936363643628
2025-05-12 01:00:00.000,01:00,8.65103636345699
2025-05-12 02:00:00.000,02:00,7.3461000001290815
2025-05-12 03:00:00.000,03:00,7.981000000005588
2025-05-12 04:00:00.000,04:00,7.153899999894202
2025-05-12 05:00:00.000,05:00,7.248900000168942
2025-05-12 06:00:00.000,06:00,7.769399999803864
2025-05-12 07:00:00.000,07:00,13.439000000129454
2025-05-12 08:00:00.000,08:00,52.27949999996927
2025-05-12 09:00:00.000,09:00,61.09439999992028
2025-05-12 10:00:00.000,10:00,55.64399999999441
2025-05-12 11:00:00.000,11:00,46.98460000003688
2025-05-12 12:00:00.000,12:00,72.47420000000857
2025-05-12 13:00:00.000,13:00,63.94940000013448
2025-05-12 14:00:00.000,14:00,50.12639999985695
2025-05-12 15:00:00.000,15:00,38.04219999997876
2025-05-12 16:00:00.000,16:00,42.01940000015311
2025-05-12 17:00:00.000,17:00,51.34147272724235
2025-05-12 18:00:00.000,18:00,51.941327272685754
2025-05-12 19:00:00.000,19:00,24.659600000083447
2025-05-12 20:00:00.000,20:00,13.863999999919907
2025-05-12 21:00:00.000,21:00,10.080599999940022
2025-05-12 22:00:00.000,22:00,8.54320000000298
2025-05-12 23:00:00.000,23:00,9.66499999994412
2025-05-13 00:00:00.000,00:00,9.462999999988824
2025-05-13 01:00:00.000,01:00,8.106800000020304
2025-05-13 02:00:00.000,02:00,7.834700000169687
2025-05-13 03:00:00.000,03:00,8.578099999949336
2025-05-13 04:00:00.000,04:00,8.621900000073948
2025-05-13 05:00:00.000,05:00,8.993899999954738
2025-05-13 06:00:00.000,06:00,8.074599999934435
2025-05-13 07:00:00.000,07:00,11.865999999968336
2025-05-13 08:00:00.000,08:00,56.04040000000969
2025-05-13 09:00:00.000,09:00,52.35800000000745
2025-05-13 10:00:00.000,10:00,31.54720000005327
2025-05-13 11:00:00.000,11:00,38.41119999992661
2025-05-13 12:00:00.000,12:00,56.369400000013414
2025-05-13 13:00:00.000,13:00,54.032000000076366
2025-05-13 14:00:00.000,14:00,55.57659999988973
2025-05-13 15:00:00.000,15:00,32.40060000009835
2025-05-13 16:00:00.000,16:00,43.491599999973545
2025-05-13 17:00:00.000,17:00,47.01879999996163
2025-05-13 18:00:00.000,18:00,44.27820000010543
2025-05-13 19:00:00.000,19:00,29.31919999998063
2025-05-13 20:00:00.000,20:00,14.452199999894948
2025-05-13 21:00:00.000,21:00,11.724600000074133
2025-05-13 22:00:00.000,22:00,10.513399999914691
2025-05-13 23:00:00.000,23:00,11.230600000033155
2025-05-14 00:00:00.000,00:00,11.392000000119548
2025-05-14 01:00:00.000,01:00,11.896399999888274
2025-05-14 02:00:00.000,02:00,12.191399999987334
2025-05-14 03:00:00.000,03:00,11.591800000076184
2025-05-14 04:00:00.000,04:00,9.561799999931829
2025-05-14 05:00:00.000,05:00,9.553199999942445
2025-05-14 06:00:00.000,06:00,10.796400000178256
2025-05-14 07:00:00.000,07:00,18.14749999984633
2025-05-14 08:00:00.000,08:00,55.80640000002459
2025-05-14 09:00:00.000,09:00,62.7492111111215
2025-05-14 10:00:00.000,10:00,47.6534888888554
2025-05-14 11:00:00.000,11:00,32.26580000002868
2025-05-14 12:00:00.000,12:00,53.26000000005588
2025-05-14 13:00:00.000,13:00,53.340099999925584
2025-05-14 14:00:00.000,14:00,54.22330000003567
2025-05-14 15:00:00.000,15:00,35.260999999940395
2025-05-14 16:00:00.000,16:00,53.083600000012666
2025-05-14 17:00:00.000,17:00,53.927600000007075
2025-05-14 18:00:00.000,18:00,50.81760000004433
2025-05-14 19:00:00.000,19:00,33.34320000009611
2025-05-14 20:00:00.000,20:00,19.7589999998454
2025-05-14 21:00:00.000,21:00,13.104400000022725
2025-05-14 22:00:00.000,22:00,10.403400000045076
2025-05-14 23:00:00.000,23:00,9.89839999997057
2025-05-15 00:00:00.000,00:00,9.580272727222605
2025-05-15 01:00:00.000,01:00,9.603727272855627
2025-05-15 02:00:00.000,02:00,9.296899999841116
2025-05-15 03:00:00.000,03:00,9.454700000118464
2025-05-15 04:00:00.000,04:00,8.543399999896064
2025-05-15 05:00:00.000,05:00,9.844400000036694
2025-05-15 06:00:00.000,06:00,10.915900000138208
2025-05-15 07:00:00.000,07:00,2.569700000016019
2025-05-15 08:00:00.000,08:00,46.09859999981709
2025-05-15 09:00:00.000,09:00,47.45130000009667
2025-05-15 10:00:00.000,10:00,34.31750000000466
2025-05-15 11:00:00.000,11:00,31.7015999999363
2025-05-15 12:00:00.000,12:00,38.29259999999776
2025-05-15 13:00:00.000,13:00,53.19820000012405
2025-05-15 14:00:00.000,14:00,44.01139999986626
2025-05-15 15:00:00.000,15:00,29.554599999962374
2025-05-15 16:00:00.000,16:00,44.13920000004582
2025-05-15 17:00:00.000,17:00,45.918800000054766
2025-05-15 18:00:00.000,18:00,42.98586666668351
2025-05-15 19:00:00.000,19:00,33.523533333320586
2025-05-15 20:00:00.000,20:00,12.204799999902026
2025-05-15 21:00:00.000,21:00,8.818200000096112
2025-05-15 22:00:00.000,22:00,7.490000000083819
2025-05-15 23:00:00.000,23:00,7.554799999948591
2025-05-16 00:00:00.000,00:00,7.9010000000707805
2025-05-16 01:00:00.000,01:00,6.877899999869987
2025-05-16 02:00:00.000,02:00,6.904999999981374
2025-05-16 03:00:00.000,03:00,6.56090000004042
2025-05-16 04:00:00.000,04:00,5.216499999957159
2025-05-16 05:00:00.000,05:00,7.508600000082515
2025-05-16 06:00:00.000,06:00,6.925300000049175
2025-05-16 07:00:00.000,07:00,34.33439999988768
2025-05-16 08:00:00.000,08:00,41.8496727272466
2025-05-16 09:00:00.000,09:00,57.56912727278488
2025-05-16 10:00:00.000,10:00,56.18619999997318
2025-05-16 11:00:00.000,11:00,46.12039999999106
2025-05-16 12:00:00.000,12:00,58.62400000002235
2025-05-16 13:00:00.000,13:00,59.776599999936295
2025-05-16 14:00:00.000,14:00,46.88220000006258
2025-05-16 15:00:00.000,15:00,32.675400000065565
2025-05-16 16:00:00.000,16:00,59.473399999970574
2025-05-16 17:00:00.000,17:00,54.49819999989122
2025-05-16 18:00:00.000,18:00,47.68300000000745
2025-05-16 19:00:00.000,19:00,26.88859999999404
2025-05-16 20:00:00.000,20:00,14.608600000012665
2025-05-16 21:00:00.000,21:00,11.182600000081584
2025-05-16 22:00:00.000,22:00,11.314799999957904
2025-05-16 23:00:00.000,23:00,9.463600000133738
2025-05-17 00:00:00.000,00:00,9.174181818136606
2025-05-17 01:00:00.000,01:00,8.987218181752938
2025-05-17 02:00:00.000,02:00,9.245499999937602
2025-05-17 03:00:00.000,03:00,9.823499999963678
2025-05-17 04:00:00.000,04:00,8.668800000101328
2025-05-17 05:00:00.000,05:00,9.101700000069105
2025-05-17 06:00:00.000,06:00,8.08259999982547
2025-05-17 07:00:00.000,07:00,12.065800000005403
2025-05-17 08:00:00.000,08:00,50.893800000078045
2025-05-17 09:00:00.000,09:00,68.86662727272858
2025-05-17 10:00:00.000,10:00,62.83727272728204
2025-05-17 11:00:00.000,11:00,37.70380000001751
2025-05-17 12:00:00.000,12:00,57.02380000003613
2025-05-17 13:00:00.000,13:00,63.10879999995232
2025-05-17 14:00:00.000,14:00,43.82020000009798
2025-05-17 15:00:00.000,15:00,28.51659999983385
2025-05-17 16:00:00.000,16:00,44.67340000001714
2025-05-17 17:00:00.000,17:00,49.60300000002607
2025-05-17 18:00:00.000,18:00,45.45259999996051
2025-05-17 19:00:00.000,19:00,33.06100000017322
2025-05-17 20:00:00.000,20:00,13.481999999796972
2025-05-17 21:00:00.000,21:00,7.7464000000152735
2025-05-17 22:00:00.000,22:00,7.945600000116974
2025-05-17 23:00:00.000,23:00,6.424799999967218
2025-05-18 00:00:00.000,00:00,6.707000000042502
2025-05-18 01:00:00.000,01:00,7.6630000000226905
2025-05-18 02:00:00.000,02:00,7.231399999931455
2025-05-18 03:00:00.000,03:00,5.589499999908731
2025-05-18 04:00:00.000,04:00,6.249700000113807
2025-05-18 05:00:00.000,05:00,6.308099999953993
2025-05-18 06:00:00.000,06:00,6.577600000076927
2025-05-18 07:00:00.000,07:00,32.05079999996815
2025-05-18 08:00:00.000,08:00,47.02739999988117
2025-05-18 09:00:00.000,09:00,60.216100000171
2025-05-18 10:00:00.000,10:00,43.58719999990426
2025-05-18 11:00:00.000,11:00,30.518200000049546
2025-05-18 12:00:00.000,12:00,54.34020000002347
2025-05-18 13:00:00.000,13:00,56.52419999991543
2025-05-18 14:00:00.000,14:00,50.964800000051035
2025-05-18 15:00:00.000,15:00,28.293799999961628
2025-05-18 16:00:00.000,16:00,54.78219999996945
2025-05-18 17:00:00.000,17:00,50.350999999977645
2025-05-18 18:00:00.000,18:00,47.45780000011437
2025-05-18 19:00:00.000,19:00,31.932444444479835
2025-05-18 20:00:00.000,20:00,13.456010100991474
2025-05-18 21:00:00.000,21:00,8.857745454464617
2025-05-18 22:00:00.000,22:00,7.096999999973923
2025-05-18 23:00:00.000,23:00,8.504799999995157
2025-05-19 00:00:00.000,00:00,8.260000000072813
2025-05-19 01:00:00.000,01:00,8.476399999909866
2025-05-19 02:00:00.000,02:00,8.528400000161492
2025-05-19 03:00:00.000,03:00,7.453199999919161
2025-05-19 04:00:00.000,04:00,8.337899999995717
2025-05-19 05:00:00.000,05:00,8.033699999935926
2025-05-19 06:00:00.000,06:00,7.88600000012666
2025-05-19 07:00:00.000,07:00,14.398799999826588
2025-05-19 08:00:00.000,08:00,48.69890000002925
2025-05-19 09:00:00.000,09:00,49.632790909239766
2025-05-19 10:00:00.000,10:00,45.99830909089862
2025-05-19 11:00:00.000,11:00,46.90539999990724
2025-05-19 12:00:00.000,12:00,67.00139999999664
2025-05-19 13:00:00.000,13:00,60.841199999954554
2025-05-19 14:00:00.000,14:00,41.40060000005178
2025-05-19 15:00:00.000,15:00,27.26660000006668
2025-05-19 16:00:00.000,16:00,39.904799999995156
2025-05-19 17:00:00.000,17:00,47.34139999998733
2025-05-19 18:00:00.000,18:00,42.38310909093018
2025-05-19 19:00:00.000,19:00,34.35949090911414
2025-05-19 20:00:00.000,20:00,16.68259999998845
2025-05-19 21:00:00.000,21:00,10.18899999987334
2025-05-19 22:00:00.000,22:00,8.995000000065193
2025-05-19 23:00:00.000,23:00,8.436000000033527
2025-05-20 00:00:00.000,00:00,9.520454545463013
2025-05-20 01:00:00.000,01:00,9.279745454546488
2025-05-20 02:00:00.000,02:00,8.571799999894575
2025-05-20 03:00:00.000,03:00,7.482800000114366
2025-05-20 04:00:00.000,04:00,8.34809999987483
2025-05-20 05:00:00.000,05:00,8.766300000017509
2025-05-20 06:00:00.000,06:00,9.232600000104867
2025-05-20 07:00:00.000,07:00,7.3331000000005595
2025-05-20 08:00:00.000,08:00,44.20239999988116
2025-05-20 09:00:00.000,09:00,62.979144444583085
2025-05-20 10:00:00.000,10:00,49.18495555556275
2025-05-20 11:00:00.000,11:00,32.74599999994971
2025-05-20 12:00:00.000,12:00,52.979599999869244
2025-05-20 13:00:00.000,13:00,50.35160000016913
2025-05-20 14:00:00.000,14:00,47.4327999999281
2025-05-20 15:00:00.000,15:00,27.959200000017884
2025-05-20 16:00:00.000,16:00,37.48480000006966
2025-05-20 17:00:00.000,17:00,46.09399999985471
2025-05-20 18:00:00.000,18:00,37.48620000011287
2025-05-20 19:00:00.000,19:00,20.50360000003129
2025-05-20 20:00:00.000,20:00,13.258600000012667
2025-05-20 21:00:00.000,21:00,9.604599999869242
2025-05-20 22:00:00.000,22:00,11.284399999957532
2025-05-20 23:00:00.000,23:00,7.57320000003092
2025-05-21 00:00:00.000,00:00,7.465000000083819
2025-05-21 01:00:00.000,01:00,6.940899999858812
2025-05-21 02:00:00.000,02:00,7.100900000100955
2025-05-21 03:00:00.000,03:00,6.147300000069663
2025-05-21 04:00:00.000,04:00,8.196300000045449
2025-05-21 05:00:00.000,05:00,6.693599999998696
2025-05-21 06:00:00.000,06:00,6.25339999999851
2025-05-21 07:00:00.000,07:00,25.542799999937415
2025-05-21 08:00:00.000,08:00,56.00839999993332
2025-05-21 09:00:00.000,09:00,66.70750000011176
2025-05-21 10:00:00.000,10:00,42.97449999998789
2025-05-21 11:00:00.000,11:00,38.94079999998212
2025-05-21 12:00:00.000,12:00,59.609599999943754
2025-05-21 13:00:00.000,13:00,59.73659999994561
2025-05-21 14:00:00.000,14:00,49.461600000085305
2025-05-21 15:00:00.000,15:00,37.12939999992959
2025-05-21 16:00:00.000,16:00,47.10820000004023
2025-05-21 17:00:00.000,17:00,47.65559999994002
2025-05-21 18:00:00.000,18:00,39.251600000029434
2025-05-21 19:00:00.000,19:00,28.15060000005178
2025-05-21 20:00:00.000,20:00,13.3257999998983
2025-05-21 21:00:00.000,21:00,8.107200000016018
2025-05-21 22:00:00.000,22:00,7.0828000000212334
2025-05-21 23:00:00.000,23:00,5.689600000018254
2025-05-22 00:00:00.000,00:00,6.33345454541797
2025-05-22 01:00:00.000,01:00,6.940345454618165
2025-05-22 02:00:00.000,02:00,7.2046999999322
2025-05-22 03:00:00.000,03:00,5.590500000026077
2025-05-22 04:00:00.000,04:00,6.312599999969825
2025-05-22 05:00:00.000,05:00,5.978999999957159
2025-05-22 06:00:00.000,06:00,5.765200000023469
2025-05-22 07:00:00.000,07:00,13.993399999989197
2025-05-22 08:00:00.000,08:00,57.43350000001956
2025-05-22 09:00:00.000,09:00,50.623100000177516
2025-05-22 10:00:00.000,10:00,54.32619999982416
2025-05-22 11:00:00.000,11:00,48.52240000017919
2025-05-22 12:00:00.000,12:00,65.9223999998998
2025-05-22 13:00:00.000,13:00,61.8175999999512
2025-05-22 14:00:00.000,14:00,46.30880000004545
2025-05-22 15:00:00.000,15:00,34.28680000002496
2025-05-22 16:00:00.000,16:00,31.377000000048426
2025-05-22 17:00:00.000,17:00,47.92439999985508
2025-05-22 18:00:00.000,18:00,42.237200000043956
2025-05-22 19:00:00.000,19:00,20.802799999993294
2025-05-22 20:00:00.000,20:00,13.933800000092013
2025-05-22 21:00:00.000,21:00,9.51839999994263
2025-05-22 22:00:00.000,22:00,8.351800000015647
2025-05-22 23:00:00.000,23:00,8.03043333326156
2025-05-23 00:00:00.000,00:00,8.172166666792087
2025-05-23 01:00:00.000,01:00,7.606199999991804
2025-05-23 02:00:00.000,02:00,7.603599999961443
2025-05-23 03:00:00.000,03:00,6.367399999941699
2025-05-23 04:00:00.000,04:00,7.17390000007581
2025-05-23 05:00:00.000,05:00,8.198099999967962
2025-05-23 06:00:00.000,06:00,6.892100000102073
2025-05-23 07:00:00.000,07:00,10.235399999795483
2025-05-23 08:00:00.000,08:00,38.60420000010636
2025-05-23 09:00:00.000,09:00,50.5868999999715
2025-05-23 10:00:00.000,10:00,43.52664444436474
2025-05-23 11:00:00.000,11:00,40.77775555572782
2025-05-23 12:00:00.000,12:00,58.84139999984764
2025-05-23 13:00:00.000,13:00,57.050800000084564
2025-05-23 14:00:00.000,14:00,47.471999999927355
2025-05-23 15:00:00.000,15:00,36.66840000003577
2025-05-23 16:00:00.000,16:00,44.27900000000373
2025-05-23 17:00:00.000,17:00,49.20740000009537
2025-05-23 18:00:00.000,18:00,46.86659999983385
2025-05-23 19:00:00.000,19:00,19.13840000014752
2025-05-23 20:00:00.000,20:00,12.042999999877065
2025-05-23 21:00:00.000,21:00,9.673890909116546
2025-05-23 22:00:00.000,22:00,9.80730909087526
2025-05-23 23:00:00.000,23:00,7.94460000009276
2025-05-24 00:00:00.000,00:00,7.069727272747762
2025-05-24 01:00:00.000,01:00,8.126472727304579
2025-05-24 02:00:00.000,02:00,7.343299999996089
2025-05-24 03:00:00.000,03:00,8.106499999924562
2025-05-24 04:00:00.000,04:00,7.923300000024028
2025-05-24 05:00:00.000,05:00,7.258300000079908
2025-05-24 06:00:00.000,06:00,6.586999999824911
2025-05-24 07:00:00.000,07:00,6.831000000052154
2025-05-24 08:00:00.000,08:00,55.55550000013318
2025-05-24 09:00:00.000,09:00,65.69756666654203
2025-05-24 10:00:00.000,10:00,51.494133333354775
2025-05-24 11:00:00.000,11:00,53.34059999990277
2025-05-24 12:00:00.000,12:00,61.24340000003576
2025-05-24 13:00:00.000,13:00,64.7358000000473
2025-05-24 14:00:00.000,14:00,52.23379999999888
2025-05-24 15:00:00.000,15:00,34.798599999956785
2025-05-24 16:00:00.000,16:00,46.22719999998808
2025-05-24 17:00:00.000,17:00,55.19660000004806
2025-05-24 18:00:00.000,18:00,44.862199999950825
2025-05-24 19:00:00.000,19:00,21.338000000128524
2025-05-24 20:00:00.000,20:00,12.72359999991022
2025-05-24 21:00:00.000,21:00,10.015999999968335
2025-05-24 22:00:00.000,22:00,9.83520000006538
2025-05-24 23:00:00.000,23:00,7.424199999892153
2025-05-25 00:00:00.000,00:00,6.923090909099715
2025-05-25 01:00:00.000,01:00,8.485409091059541
2025-05-25 02:00:00.000,02:00,7.431500000017696
2025-05-25 03:00:00.000,03:00,6.717599999974482
2025-05-25 04:00:00.000,04:00,7.0353999998886145
2025-05-25 05:00:00.000,05:00,6.84510000012815
2025-05-25 06:00:00.000,06:00,6.503199999919161
2025-05-25 07:00:00.000,07:00,20.423499999940397
2025-05-25 08:00:00.000,08:00,52.497200000123115
2025-05-25 09:00:00.000,09:00,59.84229999999516
2025-05-25 10:00:00.000,10:00,43.346699999971314
2025-05-25 11:00:00.000,11:00,46.91440000003203
2025-05-25 12:00:00.000,12:00,60.667800000030546
2025-05-25 13:00:00.000,13:00,56.93240000000223
2025-05-25 14:00:00.000,14:00,47.51999999987893
2025-05-25 15:00:00.000,15:00,31.098177777908536
2025-05-25 16:00:00.000,16:00,48.97082222213244
2025-05-25 17:00:00.000,17:00,49.893600000068545
2025-05-25 18:00:00.000,18:00,38.912000000011176
2025-05-25 19:00:00.000,19:00,25.442199999885634
2025-05-25 20:00:00.000,20:00,15.421799999987707
2025-05-25 21:00:00.000,21:00,11.104600000055507
2025-05-25 22:00:00.000,22:00,8.950600000005215
2025-05-25 23:00:00.000,23:00,8.402600000007078
2025-05-26 00:00:00.000,00:00,9.854909090960229
2025-05-26 01:00:00.000,01:00,9.123290909098632
2025-05-26 02:00:00.000,02:00,7.889199999999255
2025-05-26 03:00:00.000,03:00,7.8142999998759475
2025-05-26 04:00:00.000,04:00,8.486400000075811
2025-05-26 05:00:00.000,05:00,8.750399999902584
2025-05-26 06:00:00.000,06:00,8.049099999968893
2025-05-26 07:00:00.000,07:00,17.51610000000801
2025-05-26 08:00:00.000,08:00,61.50780000016093
2025-05-26 09:00:00.000,09:00,58.51840000001248
2025-05-26 10:00:00.000,10:00,57.81449999997858
2025-05-26 11:00:00.000,11:00,44.73559999996796
2025-05-26 12:00:00.000,12:00,61.27700000000186
2025-05-26 13:00:00.000,13:00,62.19359999988228
2025-05-26 14:00:00.000,14:00,42.55020000003278
2025-05-26 15:00:00.000,15:00,31.1582000000868
2025-05-26 16:00:00.000,16:00,39.0417999999132
2025-05-26 17:00:00.000,17:00,47.999800000106916
2025-05-26 18:00:00.000,18:00,45.4933999998495
2025-05-26 19:00:00.000,19:00,33.677600000146775
2025-05-26 20:00:00.000,20:00,13.944599999999628
2025-05-26 21:00:00.000,21:00,11.36939999992028
2025-05-26 22:00:00.000,22:00,8.844000000040978
2025-05-26 23:00:00.000,23:00,6.966399999894202
2025-05-27 00:00:00.000,00:00,6.6124545456418256
2025-05-27 01:00:00.000,01:00,6.749645454409023
2025-05-27 02:00:00.000,02:00,6.155199999990874
2025-05-27 03:00:00.000,03:00,7.150300000049174
2025-05-27 04:00:00.000,04:00,7.589799999911338
2025-05-27 05:00:00.000,05:00,5.901300000003539
2025-05-27 06:00:00.000,06:00,6.106200000131503
2025-05-27 07:00:00.000,07:00,14.220299999951385
2025-05-27 08:00:00.000,08:00,54.81629999992438
2025-05-27 09:00:00.000,09:00,60.58530000015162
2025-05-27 10:00:00.000,10:00,51.1015999999363
2025-05-27 11:00:00.000,11:00,44.522599999932574
2025-05-27 12:00:00.000,12:00,51.258399999979886
2025-05-27 13:00:00.000,13:00,47.39020000002347
2025-05-27 14:00:00.000,14:00,41.54960000002757
2025-05-27 15:00:00.000,15:00,33.0339999999851
2025-05-27 16:00:00.000,16:00,46.07299999995157
2025-05-27 17:00:00.000,17:00,45.32580000008456
2025-05-27 18:00:00.000,18:00,43.12660000002943
2025-05-27 19:00:00.000,19:00,31.542399999918416
2025-05-27 20:00:00.000,20:00,14.670999999996276
2025-05-27 21:00:00.000,21:00,8.879999999981374
2025-05-27 22:00:00.000,22:00,7.039000000106171
2025-05-27 23:00:00.000,23:00,7.441999999992549
2025-05-28 00:00:00.000,00:00,6.717636363580823
2025-05-28 01:00:00.000,01:00,8.16906363631133
2025-05-28 02:00:00.000,02:00,6.529900000127963
2025-05-28 03:00:00.000,03:00,6.660700000054203
2025-05-28 04:00:00.000,04:00,6.931499999877997
2025-05-28 05:00:00.000,05:00,6.002100000018254
2025-05-28 06:00:00.000,06:00,5.608300000033341
2025-05-28 07:00:00.000,07:00,13.405400000000373
2025-05-28 08:00:00.000,08:00,60.60910000000149
2025-05-28 09:00:00.000,09:00,57.83099999993574
2025-05-28 10:00:00.000,10:00,49.456100000021976
2025-05-28 11:00:00.000,11:00,31.599800000106917
2025-05-28 12:00:00.000,12:00,55.20599999991245
2025-05-28 13:00:00.000,13:00,62.96380000002682
2025-05-28 14:00:00.000,14:00,34.43679999997839
2025-05-28 15:00:00.000,15:00,33.509200000064446
2025-05-28 16:00:00.000,16:00,45.40739999995567
2025-05-28 17:00:00.000,17:00,46.60059999991208
2025-05-28 18:00:00.000,18:00,43.89960000016726
2025-05-28 19:00:00.000,19:00,20.97479999982752
2025-05-28 20:00:00.000,20:00,13.98880000016652
2025-05-28 21:00:00.000,21:00,9.001199999917299
2025-05-28 22:00:00.000,22:00,8.71840000008233
2025-05-28 23:00:00.000,23:00,8.671799999894574
2025-05-29 00:00:00.000,00:00,7.518272727325728
2025-05-29 01:00:00.000,01:00,7.848727272736671
2025-05-29 02:00:00.000,02:00,6.9772999999579035
2025-05-29 03:00:00.000,03:00,7.73700000003446
2025-05-29 04:00:00.000,04:00,8.920099999988452
2025-05-29 05:00:00.000,05:00,7.048900000052527
2025-05-29 06:00:00.000,06:00,6.362599999806843
2025-05-29 07:00:00.000,07:00,7.60100000014063
2025-05-29 08:00:00.000,08:00,44.35520000001416
2025-05-29 09:00:00.000,09:00,54.467263636386704
2025-05-29 10:00:00.000,10:00,61.53043636356226
2025-05-29 11:00:00.000,11:00,40.61419999990612
2025-05-29 12:00:00.000,12:00,69.8794000000693
2025-05-29 13:00:00.000,13:00,68.90399999995716
2025-05-29 14:00:00.000,14:00,55.093000000109896
2025-05-29 15:00:00.000,15:00,34.53119999994524
2025-05-29 16:00:00.000,16:00,51.938800000073385
2025-05-29 17:00:00.000,17:00,50.6441999998875
2025-05-29 18:00:00.000,18:00,38.54884444450339
2025-05-29 19:00:00.000,19:00,27.231155555477983
2025-05-29 20:00:00.000,20:00,14.046800000127405
2025-05-29 21:00:00.000,21:00,8.669199999980629
2025-05-29 22:00:00.000,22:00,8.032300000009126
2025-05-29 23:00:00.000,23:00,7.836100000073202
2025-05-30 00:00:00.000,00:00,7.953272727254609
2025-05-30 01:00:00.000,01:00,8.449427272699012
2025-05-30 02:00:00.000,02:00,7.438599999877624
2025-05-30 03:00:00.000,03:00,7.545899999979883
2025-05-30 04:00:00.000,04:00,7.480800000042654
2025-05-30 05:00:00.000,05:00,6.706900000106543
2025-05-30 06:00:00.000,06:00,6.073999999836087
2025-05-30 07:00:00.000,07:00,14.104500000015832
2025-05-30 08:00:00.000,08:00,36.67060000011274
2025-05-30 09:00:00.000,09:00,44.19159999997778
2025-05-30 10:00:00.000,10:00,60.88439999991097
2025-05-30 11:00:00.000,11:00,61.549599999981
2025-05-30 12:00:00.000,12:00,57.97220000005327
2025-05-30 13:00:00.000,13:00,52.98100000009872
2025-05-30 14:00:00.000,14:00,44.759599999897176
2025-05-30 15:00:00.000,15:00,34.433400000073014
2025-05-30 16:00:00.000,16:00,37.04520000000484
2025-05-30 17:00:00.000,17:00,38.68060000003315
2025-05-30 18:00:00.000,18:00,39.248799999943
2025-05-30 19:00:00.000,19:00,30.230800000065937
2025-05-30 20:00:00.000,20:00,19.81699999985285
2025-05-30 21:00:00.000,21:00,13.076600000122562
2025-05-30 22:00:00.000,22:00,8.756927272630856
2025-05-30 23:00:00.000,23:00,9.705272727413103
2025-05-31 00:00:00.000,00:00,9.083363636269826
2025-05-31 01:00:00.000,01:00,8.316436363627542
2025-05-31 02:00:00.000,02:00,7.135699999914505
2025-05-31 03:00:00.000,03:00,7.934500000067056
2025-05-31 04:00:00.000,04:00,7.545000000111759
2025-05-31 05:00:00.000,05:00,9.140999999945052
2025-05-31 06:00:00.000,06:00,7.490099999937229
2025-05-31 07:00:00.000,07:00,9.853299999982118
2025-05-31 08:00:00.000,08:00,58.636699999962005
2025-05-31 09:00:00.000,09:00,69.70330000012181
2025-05-31 10:00:00.000,10:00,52.45240000002086
2025-05-31 11:00:00.000,11:00,42.78899999987334
2025-05-31 12:00:00.000,12:00,60.1438000000082
2025-05-31 13:00:00.000,13:00,58.64700000002049
2025-05-31 14:00:00.000,14:00,53.57800000002607
2025-05-31 15:00:00.000,15:00,34.94079999993555
2025-05-31 16:00:00.000,16:00,43.72800000007264
2025-05-31 17:00:00.000,17:00,47.33599999998696
2025-05-31 18:00:00.000,18:00,40.73220000001602
2025-05-31 19:00:00.000,19:00,30.861599999992176
2025-05-31 20:00:00.000,20:00,19.61380000002682
2025-05-31 21:00:00.000,21:00,14.974399999994786
2025-05-31 22:00:00.000,22:00,9.602000000048427
2025-05-31 23:00:00.000,23:00,9.153600000031293
2025-06-01 00:00:00.000,00:00,8.718090909004042
2025-06-01 01:00:00.000,01:00,8.432509091001174
2025-06-01 02:00:00.000,02:00,7.676399999950082
2025-06-01 03:00:00.000,03:00,8.12259999990929
2025-06-01 04:00:00.000,04:00,9.367400000127965
2025-06-01 05:00:00.000,05:00,7.640599999995903
2025-06-01 06:00:00.000,06:00,7.263799999863841
2025-06-01 07:00:00.000,07:00,13.928000000002795
2025-06-01 08:00:00.000,08:00,58.76800000006333
2025-06-01 09:00:00.000,09:00,57.09150000007357
2025-06-01 10:00:00.000,10:00,55.773499999870545
2025-06-01 11:00:00.000,11:00,56.05120000015013
2025-06-01 12:00:00.000,12:00,58.848799999896436
2025-06-01 13:00:00.000,13:00,54.06579999993555
2025-06-01 14:00:00.000,14:00,47.08540000012144
2025-06-01 15:00:00.000,15:00,36.29960000002757
2025-06-01 16:00:00.000,16:00,47.15889090901156
2025-06-01 17:00:00.000,17:00,53.35830909087407
2025-06-01 18:00:00.000,18:00,45.116999999992544
2025-06-01 19:00:00.000,19:00,29.920400000084193
2025-06-01 20:00:00.000,20:00,15.91879999996163
2025-06-01 21:00:00.000,21:00,11.326199999917298
2025-06-01 22:00:00.000,22:00,8.351000000163912
2025-06-01 23:00:00.000,23:00,8.310199999809265
2025-06-02 00:00:00.000,00:00,8.78727272730744
2025-06-02 01:00:00.000,01:00,8.723427272816613
2025-06-02 02:00:00.000,02:00,8.59630000004545
2025-06-02 03:00:00.000,03:00,7.803899999917484
2025-06-02 04:00:00.000,04:00,8.142299999995156
2025-06-02 05:00:00.000,05:00,7.011300000059419
2025-06-02 06:00:00.000,06:00,7.505999999912456
2025-06-02 07:00:00.000,07:00,33.78690000008791
2025-06-02 08:00:00.000,08:00,51.930299999867565
2025-06-02 09:00:00.000,09:00,64.74039090915626
2025-06-02 10:00:00.000,10:00,49.4095090910369
2025-06-02 11:00:00.000,11:00,45.70879999985918
2025-06-02 12:00:00.000,12:00,72.68360000005923
2025-06-02 13:00:00.000,13:00,67.74320000000297
2025-06-02 14:00:00.000,14:00,52.17639999999665
2025-06-02 15:00:00.000,15:00,34.94920000000857
2025-06-02 16:00:00.000,16:00,49.85339999999851
2025-06-02 17:00:00.000,17:00,49.04300000001676
2025-06-02 18:00:00.000,18:00,47.22039999989792
2025-06-02 19:00:00.000,19:00,26.9574000000488
2025-06-02 20:00:00.000,20:00,15.422400000086055
2025-06-02 21:00:00.000,21:00,11.413599999947474
2025-06-02 22:00:00.000,22:00,9.892000000039115
2025-06-02 23:00:00.000,23:00,10.518999999854714
2025-06-03 00:00:00.000,00:00,11.263999999966472
2025-06-03 01:00:00.000,01:00,9.280300000007264
2025-06-03 02:00:00.000,02:00,9.297400000179188
2025-06-03 03:00:00.000,03:00,9.68570000003092
2025-06-03 04:00:00.000,04:00,9.739599999948405
2025-06-03 05:00:00.000,05:00,10.570599999907428
2025-06-03 06:00:00.000,06:00,9.343500000028872
2025-06-03 07:00:00.000,07:00,11.68170000000391
2025-06-03 08:00:00.000,08:00,49.70940000007395
2025-06-03 09:00:00.000,09:00,59.94929999986198
2025-06-03 10:00:00.000,10:00,47.874300000141375
2025-06-03 11:00:00.000,11:00,47.02239999985322
2025-06-03 12:00:00.000,12:00,63.933000000007446
2025-06-03 13:00:00.000,13:00,70.41960000009276
2025-06-03 14:00:00.000,14:00,48.737200000043956
2025-06-03 15:00:00.000,15:00,38.68559999996796
2025-06-03 16:00:00.000,16:00,49.611799999978395
2025-06-03 17:00:00.000,17:00,45.25699999993667
2025-06-03 18:00:00.000,18:00,35.450999999977654
2025-06-03 19:00:00.000,19:00,21.64020000002347
2025-06-03 20:00:00.000,20:00,14.28740000007674
2025-06-03 21:00:00.000,21:00,10.904999999934807
2025-06-03 22:00:00.000,22:00,8.71740000001155
2025-06-03 23:00:00.000,23:00,8.324599999981
2025-06-04 00:00:00.000,00:00,8.598909090886908
2025-06-04 01:00:00.000,01:00,7.878190909131345
2025-06-04 02:00:00.000,02:00,7.651100000063889
2025-06-04 03:00:00.000,03:00,9.753699999931268
2025-06-04 04:00:00.000,04:00,7.988500000000931
2025-06-04 05:00:00.000,05:00,7.20059999995865
2025-06-04 06:00:00.000,06:00,7.579800000088289
2025-06-04 07:00:00.000,07:00,13.051699999999254
2025-06-04 08:00:00.000,08:00,54.27768181813246
2025-06-04 09:00:00.000,09:00,60.320418181858784
2025-06-04 10:00:00.000,10:00,55.371200000075625
2025-06-04 11:00:00.000,11:00,53.14119999986142
2025-06-04 12:00:00.000,12:00,66.31260000010953
2025-06-04 13:00:00.000,13:00,64.88479999992997
2025-06-04 14:00:00.000,14:00,49.505600000126286
2025-06-04 15:00:00.000,15:00,36.49759999997914
2025-06-04 16:00:00.000,16:00,45.95219999994151
2025-06-04 17:00:00.000,17:00,59.07959999991581
2025-06-04 18:00:00.000,18:00,48.951800000155345
2025-06-04 19:00:00.000,19:00,33.47759999991395
2025-06-04 20:00:00.000,20:00,14.033399999979883
2025-06-04 21:00:00.000,21:00,9.151599999936298
2025-06-04 22:00:00.000,22:00,6.975000000046567
2025-06-04 23:00:00.000,23:00,7.483199999993667
2025-06-05 00:00:00.000,00:00,7.4166363637090065
2025-06-05 01:00:00.000,01:00,8.072263636380773
2025-06-05 02:00:00.000,02:00,6.705599999963305
2025-06-05 03:00:00.000,03:00,7.033500000066124
2025-06-05 04:00:00.000,04:00,6.230399999814108
2025-06-05 05:00:00.000,05:00,6.849600000190549
2025-06-05 06:00:00.000,06:00,7.722399999969639
2025-06-05 07:00:00.000,07:00,10.056399999954738
2025-06-05 08:00:00.000,08:00,51.81569999996573
2025-06-05 09:00:00.000,09:00,57.82740000004414
2025-06-05 10:00:00.000,10:00,36.08110000005585
2025-06-05 11:00:00.000,11:00,35.17319999985735
2025-06-05 12:00:00.000,12:00,65.71800000001676
2025-06-05 13:00:00.000,13:00,65.04780000001192
2025-06-05 14:00:00.000,14:00,53.76419999995269
2025-06-05 15:00:00.000,15:00,33.391800000099465
2025-06-05 16:00:00.000,16:00,40.30879999990575
2025-06-05 17:00:00.000,17:00,51.23060000003316
2025-06-05 18:00:00.000,18:00,50.3140000000596
2025-06-05 19:00:00.000,19:00,30.16819999990985
2025-06-05 20:00:00.000,20:00,10.998600000143052
2025-06-05 21:00:00.000,21:00,7.376999999908731
2025-06-05 22:00:00.000,22:00,7.72300000009127
2025-06-05 23:00:00.000,23:00,8.429799999902025
2025-06-06 00:00:00.000,00:00,7.159454545387152
2025-06-06 01:00:00.000,01:00,6.44674545458137
2025-06-06 02:00:00.000,02:00,7.072600000118836
2025-06-06 03:00:00.000,03:00,7.763399999984539
2025-06-06 04:00:00.000,04:00,8.20810000000056
2025-06-06 05:00:00.000,05:00,6.822699999972246
2025-06-06 06:00:00.000,06:00,7.42550000003539
2025-06-06 07:00:00.000,07:00,38.923199999937786
2025-06-06 08:00:00.000,08:00,50.33640000002924
2025-06-06 09:00:00.000,09:00,54.54010000000707
2025-06-06 10:00:00.000,10:00,51.48159999989439
2025-06-06 11:00:00.000,11:00,44.26179999997839
2025-06-06 12:00:00.000,12:00,68.34840000011027
2025-06-06 13:00:00.000,13:00,56.30420000003651
2025-06-06 14:00:00.000,14:00,49.36600000006146
2025-06-06 15:00:00.000,15:00,34.65859999977984
2025-06-06 16:00:00.000,16:00,39.35700000012294
2025-06-06 17:00:00.000,17:00,50.97539999997243
2025-06-06 18:00:00.000,18:00,48.424599999934436
2025-06-06 19:00:00.000,19:00,30.830000000167637
2025-06-06 20:00:00.000,20:00,13.122399999992922
2025-06-06 21:00:00.000,21:00,9.870199999865145
2025-06-06 22:00:00.000,22:00,7.733000000100582
2025-06-06 23:00:00.000,23:00,7.088599999947474
2025-06-07 00:00:00.000,00:00,7.131999999983236
2025-06-07 01:00:00.000,01:00,6.421799999964423
2025-06-07 02:00:00.000,02:00,7.629700000141748
2025-06-07 03:00:00.000,03:00,7.508099999977276
2025-06-07 04:00:00.000,04:00,6.833499999996274
2025-06-07 05:00:00.000,05:00,6.052199999964795
2025-06-07 06:00:00.000,06:00,6.826500000013039
2025-06-07 07:00:00.000,07:00,6.887499999883585
2025-06-07 08:00:00.000,08:00,56.42860000014771
2025-06-07 09:00:00.000,09:00,46.416827272693624
2025-06-07 10:00:00.000,10:00,46.71027272720821
2025-06-07 11:00:00.000,11:00,42.93859999994747
2025-06-07 12:00:00.000,12:00,61.072800000011924
2025-06-07 13:00:00.000,13:00,60.71959999999962
2025-06-07 14:00:00.000,14:00,54.484600000176584
2025-06-07 15:00:00.000,15:00,34.721999999880786
2025-06-07 16:00:00.000,16:00,46.087600000062956
2025-06-07 17:00:00.000,17:00,54.25300000002608
2025-06-07 18:00:00.000,18:00,40.259799999976536
2025-06-07 19:00:00.000,19:00,34.19660000000149
2025-06-07 20:00:00.000,20:00,16.125199999986215
2025-06-07 21:00:00.000,21:00,10.102400000020861
2025-06-07 22:00:00.000,22:00,8.262999999942258
2025-06-07 23:00:00.000,23:00,7.638799999887124
2025-06-08 00:00:00.000,00:00,8.935090909204023
2025-06-08 01:00:00.000,01:00,7.303709090892649
2025-06-08 02:00:00.000,02:00,7.591100000101141
2025-06-08 03:00:00.000,03:00,7.769099999917671
2025-06-08 04:00:00.000,04:00,7.246700000064448
2025-06-08 05:00:00.000,05:00,7.233799999835901
2025-06-08 06:00:00.000,06:00,8.907800000021235
2025-06-08 07:00:00.000,07:00,31.95300000011921
2025-06-08 08:00:00.000,08:00,57.92979999994859
2025-06-08 09:00:00.000,09:00,49.60735454542181
2025-06-08 10:00:00.000,10:00,47.01394545460035
2025-06-08 11:00:00.000,11:00,53.54319999990985
2025-06-08 12:00:00.000,12:00,61.14280000012368
2025-06-08 13:00:00.000,13:00,53.472399999946354
2025-06-08 14:00:00.000,14:00,46.2653111111114
2025-06-08 15:00:00.000,15:00,33.11228888884911
2025-06-08 16:00:00.000,16:00,51.74239999996498
2025-06-08 17:00:00.000,17:00,48.320399999991054
2025-06-08 18:00:00.000,18:00,45.04880000012926
2025-06-08 19:00:00.000,19:00,35.86019999999552
2025-06-08 20:00:00.000,20:00,15.177355555501869
2025-06-08 21:00:00.000,21:00,11.777044444427723
2025-06-08 22:00:00.000,22:00,10.41576363633556
2025-06-08 23:00:00.000,23:00,10.63863636373373
2025-06-09 00:00:00.000,00:00,9.284181818090888
2025-06-09 01:00:00.000,01:00,8.939918181924572
2025-06-09 02:00:00.000,02:00,8.732499999972061
2025-06-09 03:00:00.000,03:00,9.56999999997206
2025-06-09 04:00:00.000,04:00,10.032000000006521
2025-06-09 05:00:00.000,05:00,7.5812999999616295
2025-06-09 06:00:00.000,06:00,8.046000000019559
2025-06-09 07:00:00.000,07:00,32.49669999992475
2025-06-09 08:00:00.000,08:00,65.32260000014212
2025-06-09 09:00:00.000,09:00,61.47659999988973
2025-06-09 10:00:00.000,10:00,51.77720000012778
2025-06-09 11:00:00.000,11:00,35.48239999995567
2025-06-09 12:00:00.000,12:00,59.27499999995343
2025-06-09 13:00:00.000,13:00,66.24640000006184
2025-06-09 14:00:00.000,14:00,58.64579999987036
2025-06-09 15:00:00.000,15:00,31.8824000000488
2025-06-09 16:00:00.000,16:00,50.16360000013374
2025-06-09 17:00:00.000,17:00,49.53219999987632
2025-06-09 18:00:00.000,18:00,37.28319999999367
2025-06-09 19:00:00.000,19:00,18.959599999990314
2025-06-09 20:00:00.000,20:00,14.98599999998696
2025-06-09 21:00:00.000,21:00,10.118000000016764
2025-06-09 22:00:00.000,22:00,8.241000000108034
2025-06-09 23:00:00.000,23:00,8.076400000043213
2025-06-10 00:00:00.000,00:00,7.627454545306549
2025-06-10 01:00:00.000,01:00,6.571745454632168
2025-06-10 02:00:00.000,02:00,9.083500000019558
2025-06-10 03:00:00.000,03:00,7.397199999960139
2025-06-10 04:00:00.000,04:00,6.918299999972805
2025-06-10 05:00:00.000,05:00,6.21949999993667
2025-06-10 06:00:00.000,06:00,7.085800000093878
2025-06-10 07:00:00.000,07:00,14.082999999960885
2025-06-10 08:00:00.000,08:00,53.09020000004675
2025-06-10 09:00:00.000,09:00,53.84574444447903
2025-06-10 10:00:00.000,10:00,40.44795555548949
2025-06-10 11:00:00.000,11:00,36.31239999998361
2025-06-10 12:00:00.000,12:00,60.099199999915434
2025-06-10 13:00:00.000,13:00,60.591000000154594
2025-06-10 14:00:00.000,14:00,47.6167999999132
2025-06-10 15:00:00.000,15:00,28.569200000120325
2025-06-10 16:00:00.000,16:00,40.682999999960884
2025-06-10 17:00:00.000,17:00,45.56399999991991
2025-06-10 18:00:00.000,18:00,43.33439999995753
2025-06-10 19:00:00.000,19:00,32.735400000074875
2025-06-10 20:00:00.000,20:00,19.08539999993518
2025-06-10 21:00:00.000,21:00,13.066800000099466
2025-06-10 22:00:00.000,22:00,12.398799999943003
2025-06-10 23:00:00.000,23:00,12.596199999935925
2025-06-11 00:00:00.000,00:00,13.144000000024045
2025-06-11 01:00:00.000,01:00,10.65160000009293
2025-06-11 02:00:00.000,02:00,11.140399999916553
2025-06-11 03:00:00.000,03:00,11.590200000093319
2025-06-11 04:00:00.000,04:00,9.86070000003092
2025-06-11 05:00:00.000,05:00,11.05499999995809
2025-06-11 06:00:00.000,06:00,11.172299999860115
2025-06-11 07:00:00.000,07:00,16.649000000208616
2025-06-11 08:00:00.000,08:00,51.36439999989234
2025-06-11 09:00:00.000,09:00,53.35258181811607
2025-06-11 10:00:00.000,10:00,38.37861818194558
2025-06-11 11:00:00.000,11:00,37.641399999987335
2025-06-11 12:00:00.000,12:00,62.20999999996275
2025-06-11 13:00:00.000,13:00,58.85119999996387
2025-06-11 14:00:00.000,14:00,48.29600000004284
2025-06-11 15:00:00.000,15:00,35.39779999991879
2025-06-11 16:00:00.000,16:00,54.78580000000075
2025-06-11 17:00:00.000,17:00,54.2316000001505
2025-06-11 18:00:00.000,18:00,49.857799999881536
2025-06-11 19:00:00.000,19:00,28.388000000081956
2025-06-11 20:00:00.000,20:00,18.499000000022352
2025-06-11 21:00:00.000,21:00,14.00539999990724
2025-06-11 22:00:00.000,22:00,14.015600000042468
2025-06-11 23:00:00.000,23:00,12.656599999964238
2025-06-12 00:00:00.000,00:00,13.584454545560716
2025-06-12 01:00:00.000,01:00,11.764145454349503
2025-06-12 02:00:00.000,02:00,12.881500000157393
2025-06-12 03:00:00.000,03:00,12.269699999853039
2025-06-12 04:00:00.000,04:00,12.572200000029989
2025-06-12 05:00:00.000,05:00,10.454400000069292
2025-06-12 06:00:00.000,06:00,11.784400000050665
2025-06-12 07:00:00.000,07:00,15.523899999889545
2025-06-12 08:00:00.000,08:00,43.28369999998249
2025-06-12 09:00:00.000,09:00,28.14240000010468
2025-06-12 10:00:00.000,10:00,31.44847272715362
2025-06-12 11:00:00.000,11:00,21.844727272849358
2025-06-12 12:00:00.000,12:00,48.080399999907236
2025-06-12 13:00:00.000,13:00,45.66040000012144
2025-06-12 14:00:00.000,14:00,42.07759999991394
2025-06-12 15:00:00.000,15:00,37.70740000000224
2025-06-12 16:00:00.000,16:00,69.08120000003836
2025-06-12 17:00:00.000,17:00,47.98879999993369
2025-06-12 18:00:00.000,18:00,42.10760000008159
2025-06-12 19:00:00.000,19:00,21.818399999989197
2025-06-12 20:00:00.000,20:00,15.470800000010058
2025-06-12 21:00:00.000,21:00,10.101511111048362
2025-06-12 22:00:00.000,22:00,8.995088888859998
2025-06-12 23:00:00.000,23:00,9.640800000028685
2025-06-13 00:00:00.000,00:00,9.374181818301704
2025-06-13 01:00:00.000,01:00,9.799118181815457
2025-06-13 02:00:00.000,02:00,9.937399999960325
2025-06-13 03:00:00.000,03:00,9.441300000040792
2025-06-13 04:00:00.000,04:00,8.475299999816343
2025-06-13 05:00:00.000,05:00,7.804500000108964
2025-06-13 06:00:00.000,06:00,9.226899999962189
2025-06-13 07:00:00.000,07:00,12.122800000081769
2025-06-13 08:00:00.000,08:00,50.822699999948966
2025-06-13 09:00:00.000,09:00,51.3877090909349
2025-06-13 10:00:00.000,10:00,54.01729090899991
2025-06-13 11:00:00.000,11:00,45.459400000050664
2025-06-13 12:00:00.000,12:00,58.15720000006259
2025-06-13 13:00:00.000,13:00,69.17819999996573
2025-06-13 14:00:00.000,14:00,47.91739999996498
2025-06-13 15:00:00.000,15:00,35.363200000068176
2025-06-13 16:00:00.000,16:00,47.071400000015274
2025-06-13 17:00:00.000,17:00,50.38219999996945
2025-06-13 18:00:00.000,18:00,48.15460000000894
2025-06-13 19:00:00.000,19:00,33.73379999990575
2025-06-13 20:00:00.000,20:00,17.527622222248464
2025-06-13 21:00:00.000,21:00,12.930577777884901
2025-06-13 22:00:00.000,22:00,11.614599999878555
2025-06-13 23:00:00.000,23:00,12.23659999994561
2025-06-14 00:00:00.000,00:00,11.303000000072643
2025-06-14 01:00:00.000,01:00,10.573100000061094
2025-06-14 02:00:00.000,02:00,10.832899999967777
2025-06-14 03:00:00.000,03:00,10.85179999989923
2025-06-14 04:00:00.000,04:00,9.997600000118837
2025-06-14 05:00:00.000,05:00,11.71560000004247
2025-06-14 06:00:00.000,06:00,10.50679999992717
2025-06-14 07:00:00.000,07:00,37.80500000005122
2025-06-14 08:00:00.000,08:00,42.04219999988563
2025-06-14 09:00:00.000,09:00,57.39120000000112
2025-06-14 10:00:00.000,10:00,45.775400000019
2025-06-14 11:00:00.000,11:00,45.188800000026816
2025-06-14 12:00:00.000,12:00,66.2300000000745
2025-06-14 13:00:00.000,13:00,60.66039999993518
2025-06-14 14:00:00.000,14:00,52.5299999999348
2025-06-14 15:00:00.000,15:00,33.20080000008456
2025-06-14 16:00:00.000,16:00,47.17560000005178
2025-06-14 17:00:00.000,17:00,51.79359999988228
2025-06-14 18:00:00.000,18:00,44.07600000007078
2025-06-14 19:00:00.000,19:00,33.69442222214097
2025-06-14 20:00:00.000,20:00,13.937577777888832
2025-06-14 21:00:00.000,21:00,13.176400000043213
2025-06-14 22:00:00.000,22:00,9.547599999979138
2025-06-14 23:00:00.000,23:00,8.931199999991804
2025-06-15 00:00:00.000,00:00,7.6907272726636045
2025-06-15 01:00:00.000,01:00,8.172772727174346
2025-06-15 02:00:00.000,02:00,8.870900000073016
2025-06-15 03:00:00.000,03:00,9.640100000053643
2025-06-15 04:00:00.000,04:00,7.33699999989476
2025-06-15 05:00:00.000,05:00,8.201200000056996
2025-06-15 06:00:00.000,06:00,8.263500000024216
2025-06-15 07:00:00.000,07:00,42.00110000008717
2025-06-15 08:00:00.000,08:00,54.11750000002794
2025-06-15 09:00:00.000,09:00,58.06097777772747
2025-06-15 10:00:00.000,10:00,47.81542222205963
2025-06-15 11:00:00.000,11:00,49.25320000015199
2025-06-15 12:00:00.000,12:00,54.26620000004768
2025-06-15 13:00:00.000,13:00,59.11379999984056
2025-06-15 14:00:00.000,14:00,50.103200000105424
2025-06-15 15:00:00.000,15:00,30.676799999922515
2025-06-15 16:00:00.000,16:00,46.21019999994896
2025-06-15 17:00:00.000,17:00,55.73380000013859
2025-06-15 18:00:00.000,18:00,52.274488888815455
2025-06-15 19:00:00.000,19:00,36.894311111192735
2025-06-15 20:00:00.000,20:00,15.934799999929965
2025-06-15 21:00:00.000,21:00,13.055200000060722
2025-06-15 22:00:00.000,22:00,9.957999999867752
2025-06-15 23:00:00.000,23:00,10.499800000153481
2025-06-16 00:00:00.000,00:00,9.068181818139486
2025-06-16 01:00:00.000,01:00,10.640918181699023
2025-06-16 02:00:00.000,02:00,9.496099999989383
2025-06-16 03:00:00.000,03:00,9.563300000107848
2025-06-16 04:00:00.000,04:00,7.823599999956787
2025-06-16 05:00:00.000,05:00,9.479500000132248
2025-06-16 06:00:00.000,06:00,10.047899999935181
2025-06-16 07:00:00.000,07:00,9.94299999999348
2025-06-16 08:00:00.000,08:00,46.78539999998175
2025-06-16 09:00:00.000,09:00,63.17537272727879
2025-06-16 10:00:00.000,10:00,45.6923272726888
2025-06-16 11:00:00.000,11:00,45.3073999999091
2025-06-16 12:00:00.000,12:00,59.03760000010952
2025-06-16 13:00:00.000,13:00,54.2203999999445
2025-06-16 14:00:00.000,14:00,49.62840000009164
2025-06-16 15:00:00.000,15:00,33.01419999995269
2025-06-16 16:00:00.000,16:00,40.17839999994159
2025-06-16 17:00:00.000,17:00,56.907000000040156
2025-06-16 18:00:00.000,18:00,53.10020000003278
2025-06-16 19:00:00.000,19:00,40.29980000001378
2025-06-16 20:00:00.000,20:00,17.141799999959765
2025-06-16 21:00:00.000,21:00,12.825600000005217
2025-06-16 22:00:00.000,22:00,11.151800000015646
2025-06-16 23:00:00.000,23:00,12.82179999994114
2025-06-17 00:00:00.000,00:00,9.66618181826462
2025-06-17 01:00:00.000,01:00,10.095318181711164
2025-06-17 02:00:00.000,02:00,10.348999999975787
2025-06-17 03:00:00.000,03:00,10.33050000006333
2025-06-17 04:00:00.000,04:00,9.392100000008941
2025-06-17 05:00:00.000,05:00,10.853200000058859
2025-06-17 06:00:00.000,06:00,9.133599999966101
2025-06-17 07:00:00.000,07:00,11.954600000032224
2025-06-17 08:00:00.000,08:00,42.945799999940206
2025-06-17 09:00:00.000,09:00,53.55340000011493
2025-06-17 10:00:00.000,10:00,51.418299999809825
2025-06-17 11:00:00.000,11:00,49.81580000007525
2025-06-17 12:00:00.000,12:00,67.24840000001714
2025-06-17 13:00:00.000,13:00,66.28400000007824
2025-06-17 14:00:00.000,14:00,46.43860000004061
2025-06-17 15:00:00.000,15:00,31.183599999826402
2025-06-17 16:00:00.000,16:00,51.89620000012219
2025-06-17 17:00:00.000,17:00,54.84359999997541
2025-06-17 18:00:00.000,18:00,52.01780000003055
2025-06-17 19:00:00.000,19:00,45.74059999985621
2025-06-17 20:00:00.000,20:00,17.237400000030174
2025-06-17 21:00:00.000,21:00,15.169600000139326
2025-06-17 22:00:00.000,22:00,12.23059999984689
2025-06-17 23:00:00.000,23:00,11.402800000132993
2025-06-18 00:00:00.000,00:00,9.641000000019135
2025-06-18 01:00:00.000,01:00,10.513899999899282
2025-06-18 02:00:00.000,02:00,10.712300000013785
2025-06-18 03:00:00.000,03:00,11.82239999996964
2025-06-18 04:00:00.000,04:00,9.161699999985284
2025-06-18 05:00:00.000,05:00,10.366900000092574
2025-06-18 06:00:00.000,06:00,9.958300000033342
2025-06-18 07:00:00.000,07:00,13.408599999849685
2025-06-18 08:00:00.000,08:00,47.9881000000285
2025-06-18 09:00:00.000,09:00,59.18940000007861
2025-06-18 10:00:00.000,10:00,42.577800000039865
2025-06-18 11:00:00.000,11:00,29.034399999910963
2025-06-18 12:00:00.000,12:00,53.77219999996014
2025-06-18 13:00:00.000,13:00,49.9922000000719
2025-06-18 14:00:00.000,14:00,49.41179999997839
2025-06-18 15:00:00.000,15:00,32.16300000008196
2025-06-18 16:00:00.000,16:00,52.18279999988154
2025-06-18 17:00:00.000,17:00,55.24780000005848
2025-06-18 18:00:00.000,18:00,51.516733333256305
2025-06-18 19:00:00.000,19:00,24.86926666673066
2025-06-18 20:00:00.000,20:00,14.08519999999553
2025-06-18 21:00:00.000,21:00,12.892836363592439
2025-06-18 22:00:00.000,22:00,11.551963636439972
2025-06-18 23:00:00.000,23:00,12.484399999957532
2025-06-19 00:00:00.000,00:00,10.766300000040792
2025-06-19 01:00:00.000,01:00,12.6761999999173
2025-06-19 02:00:00.000,02:00,10.879200000083074
2025-06-19 03:00:00.000,03:00,10.899600000004284
2025-06-19 04:00:00.000,04:00,9.40249999994412
2025-06-19 05:00:00.000,05:00,10.600299999956041
2025-06-19 06:00:00.000,06:00,11.306400000094435
2025-06-19 07:00:00.000,07:00,14.703499999898487
2025-06-19 08:00:00.000,08:00,52.61270000007935
2025-06-19 09:00:00.000,09:00,61.8438454544976
2025-06-19 10:00:00.000,10:00,54.67365454553033
2025-06-19 11:00:00.000,11:00,45.668799999915066
2025-06-19 12:00:00.000,12:00,64.3098000000231
2025-06-19 13:00:00.000,13:00,54.597800000058484
2025-06-19 14:00:00.000,14:00,48.41619999995456
2025-06-19 15:00:00.000,15:00,37.440200000070035
2025-06-19 16:00:00.000,16:00,58.76799999987706
2025-06-19 17:00:00.000,17:00,57.756000000145285
2025-06-19 18:00:00.000,18:00,48.73199999993667
2025-06-19 19:00:00.000,19:00,23.029399999976157
2025-06-19 20:00:00.000,20:00,11.813000000035391
2025-06-19 21:00:00.000,21:00,9.34480000003241
2025-06-19 22:00:00.000,22:00,10.298200000030919
2025-06-19 23:00:00.000,23:00,10.275599999912084
2025-06-20 00:00:00.000,00:00,8.063909090886062
2025-06-20 01:00:00.000,01:00,9.268690909195522
2025-06-20 02:00:00.000,02:00,8.189299999992363
2025-06-20 03:00:00.000,03:00,8.522899999981746
2025-06-20 04:00:00.000,04:00,8.600099999853411
2025-06-20 05:00:00.000,05:00,8.749000000115483
2025-06-20 06:00:00.000,06:00,7.442200000025332
2025-06-20 07:00:00.000,07:00,36.92279999994207
2025-06-20 08:00:00.000,08:00,44.983599999919534
2025-06-20 09:00:00.000,09:00,47.13531818181827
2025-06-20 10:00:00.000,10:00,54.1589818182486
2025-06-20 11:00:00.000,11:00,36.231399999978024
2025-06-20 12:00:00.000,12:00,63.0082000000868
2025-06-20 13:00:00.000,13:00,62.30419999994338
2025-06-20 14:00:00.000,14:00,54.795400000037624
2025-06-20 15:00:00.000,15:00,34.876200000057
2025-06-20 16:00:00.000,16:00,50.86739999982528
2025-06-20 17:00:00.000,17:00,51.11100000017322
2025-06-20 18:00:00.000,18:00,50.76539999986999
2025-06-20 19:00:00.000,19:00,29.37119999998249
2025-06-20 20:00:00.000,20:00,19.346200000122188
2025-06-20 21:00:00.000,21:00,13.909690909019925
2025-06-20 22:00:00.000,22:00,12.073509090927177
2025-06-20 23:00:00.000,23:00,10.913400000100955
2025-06-21 00:00:00.000,00:00,10.513272727077657
2025-06-21 01:00:00.000,01:00,11.776927272922528
2025-06-21 02:00:00.000,02:00,11.428199999989012
2025-06-21 03:00:00.000,03:00,10.027300000004471
2025-06-21 04:00:00.000,04:00,10.00999999998603
2025-06-21 05:00:00.000,05:00,9.8423999999417
2025-06-21 06:00:00.000,06:00,10.191299999901094
2025-06-21 07:00:00.000,07:00,40.36000000005588
2025-06-21 08:00:00.000,08:00,38.685300000035205
2025-06-21 09:00:00.000,09:00,45.00989999994636
2025-06-21 10:00:00.000,10:00,51.33199999998323
2025-06-21 11:00:00.000,11:00,44.341600000066684
2025-06-21 12:00:00.000,12:00,63.369999999972066
2025-06-21 13:00:00.000,13:00,47.808399999933314
2025-06-21 14:00:00.000,14:00,59.07660000016912
2025-06-21 15:00:00.000,15:00,39.26820000000298
2025-06-21 16:00:00.000,16:00,53.592418181773446
2025-06-21 17:00:00.000,17:00,58.38018181820569
2025-06-21 18:00:00.000,18:00,47.135299999965355
2025-06-21 19:00:00.000,19:00,28.084881818154827
2025-06-21 20:00:00.000,20:00,13.67601818186231
2025-06-21 21:00:00.000,21:00,12.964688888844103
2025-06-21 22:00:00.000,22:00,12.330911111086607
2025-06-21 23:00:00.000,23:00,12.461200000019744
2025-06-22 00:00:00.000,00:00,11.610181818144735
2025-06-22 01:00:00.000,01:00,11.614818181785417
2025-06-22 02:00:00.000,02:00,11.17050000000745
2025-06-22 03:00:00.000,03:00,10.620200000004843
2025-06-22 04:00:00.000,04:00,10.72880000008736
2025-06-22 05:00:00.000,05:00,12.512199999927542
2025-06-22 06:00:00.000,06:00,10.389500000025146
2025-06-22 07:00:00.000,07:00,31.235100000002426
2025-06-22 08:00:00.000,08:00,42.48749999993015
2025-06-22 09:00:00.000,09:00,47.462600000109525
2025-06-22 10:00:00.000,10:00,37.042799999890846
2025-06-22 11:00:00.000,11:00,40.963000000128524
2025-06-22 12:00:00.000,12:00,54.24199999989942
2025-06-22 13:00:00.000,13:00,52.31480000005104
2025-06-22 14:00:00.000,14:00,59.37500000004657
2025-06-22 15:00:00.000,15:00,38.35566666662279
2025-06-22 16:00:00.000,16:00,35.07973333340552
2025-06-22 17:00:00.000,17:00,38.053000000026074
2025-06-22 18:00:00.000,18:00,39.477799999900164
2025-06-22 19:00:00.000,19:00,28.511400000099094
2025-06-22 20:00:00.000,20:00,12.34879999984987
2025-06-22 21:00:00.000,21:00,11.762200000090523
2025-06-22 22:00:00.000,22:00,11.942599999904633
2025-06-22 23:00:00.000,23:00,10.261799999978393
2025-06-23 00:00:00.000,00:00,10.245363636386834
2025-06-23 01:00:00.000,01:00,10.086636363642967
2025-06-23 02:00:00.000,02:00,10.216200000164099
2025-06-23 03:00:00.000,03:00,10.471299999998882
2025-06-23 04:00:00.000,04:00,9.322799999802374
2025-06-23 05:00:00.000,05:00,8.827000000164844
2025-06-23 06:00:00.000,06:00,8.850299999886193
2025-06-23 07:00:00.000,07:00,35.49910000006203
2025-06-23 08:00:00.000,08:00,62.31590000006836
2025-06-23 09:00:00.000,09:00,54.96359999999404
2025-06-23 10:00:00.000,10:00,38.16039999988862
2025-06-23 11:00:00.000,11:00,46.60380000006407
2025-06-23 12:00:00.000,12:00,63.926399999903516
2025-06-23 13:00:00.000,13:00,60.47580000013113
2025-06-23 14:00:00.000,14:00,49.26739999987185
2025-06-23 15:00:00.000,15:00,32.337600000062956
2025-06-23 16:00:00.000,16:00,54.92740000006742
2025-06-23 17:00:00.000,17:00,52.88859999994747
2025-06-23 18:00:00.000,18:00,47.06379999993369
2025-06-23 19:00:00.000,19:00,39.66279999995604
2025-06-23 20:00:00.000,20:00,18.95900000007823
2025-06-23 21:00:00.000,21:00,10.405400000000373
2025-06-23 22:00:00.000,22:00,9.531600000010803
2025-06-23 23:00:00.000,23:00,8.273800000036136
2025-06-24 00:00:00.000,00:00,8.873818181878464
2025-06-24 01:00:00.000,01:00,10.193481818116693
2025-06-24 02:00:00.000,02:00,8.308000000054017
2025-06-24 03:00:00.000,03:00,7.273699999996461
2025-06-24 04:00:00.000,04:00,8.005999999982304
2025-06-24 05:00:00.000,05:00,7.7670999999390915
2025-06-24 06:00:00.000,06:00,8.423899999912829
2025-06-24 07:00:00.000,07:00,12.974300000164657
2025-06-24 08:00:00.000,08:00,46.22299999983515
2025-06-24 09:00:00.000,09:00,48.86647777788134
2025-06-24 10:00:00.000,10:00,41.83722222221291
2025-06-24 11:00:00.000,11:00,42.006600000010806
2025-06-24 12:00:00.000,12:00,67.09280000007712
2025-06-24 13:00:00.000,13:00,68.29699999983423
2025-06-24 14:00:00.000,14:00,59.24280000003055
2025-06-24 15:00:00.000,15:00,38.1586000001058
2025-06-24 16:00:00.000,16:00,40.044999999878925
2025-06-24 17:00:00.000,17:00,36.28619999997318
2025-06-24 18:00:00.000,18:00,40.121200000122194
2025-06-24 19:00:00.000,19:00,35.58499999991618
2025-06-24 20:00:00.000,20:00,20.61360000013374
2025-06-24 21:00:00.000,21:00,16.86019999985583
2025-06-24 22:00:00.000,22:00,14.577000000048429
2025-06-24 23:00:00.000,23:00,13.901999999955297
2025-06-25 00:00:00.000,00:00,12.894636363680052
2025-06-25 01:00:00.000,01:00,12.66126363633243
2025-06-25 02:00:00.000,02:00,12.536600000062027
2025-06-25 03:00:00.000,03:00,11.488699999940582
2025-06-25 04:00:00.000,04:00,13.105700000026264
2025-06-25 05:00:00.000,05:00,12.769499999913386
2025-06-25 06:00:00.000,06:00,12.082400000002236
2025-06-25 07:00:00.000,07:00,16.33080000006594
2025-06-25 08:00:00.000,08:00,44.626999999955295
2025-06-25 09:00:00.000,09:00,54.38794545452322
2025-06-25 10:00:00.000,10:00,50.776054545606236
2025-06-25 11:00:00.000,11:00,41.183999999938536
2025-06-25 12:00:00.000,12:00,64.93799999994226
2025-06-25 13:00:00.000,13:00,61.836200000019744
2025-06-25 14:00:00.000,14:00,53.39240000001155
2025-06-25 15:00:00.000,15:00,39.735000000102445
2025-06-25 16:00:00.000,16:00,37.2186888887547
2025-06-25 17:00:00.000,17:00,43.24151111119427
2025-06-25 18:00:00.000,18:00,31.38579999995418
2025-06-25 19:00:00.000,19:00,30.85100000007078
2025-06-25 20:00:00.000,20:00,20.812800000002607
2025-06-25 21:00:00.000,21:00,15.349399999901653
2025-06-25 22:00:00.000,22:00,11.712400000030176
2025-06-25 23:00:00.000,23:00,9.057199999969452
2025-06-26 00:00:00.000,00:00,9.322454545477575
2025-06-26 01:00:00.000,01:00,9.612445454655047
2025-06-26 02:00:00.000,02:00,9.904599999985658
2025-06-26 03:00:00.000,03:00,9.130699999956414
2025-06-26 04:00:00.000,04:00,9.055900000059047
2025-06-26 05:00:00.000,05:00,8.17349999982398
2025-06-26 06:00:00.000,06:00,8.42760000017006
2025-06-26 07:00:00.000,07:00,10.647099999827333
2025-06-26 08:00:00.000,08:00,52.280300000146966
2025-06-26 09:00:00.000,09:00,66.03519999985583
2025-06-26 10:00:00.000,10:00,49.70020000017248
2025-06-26 11:00:00.000,11:00,42.05479999985546
2025-06-26 12:00:00.000,12:00,56.25530526312518
2025-06-26 13:00:00.000,13:00,56.286315789483005
2025-06-26 14:00:00.000,14:00,56.286315789483005
2025-06-26 15:00:00.000,15:00,53.89926315808318
2025-06-26 16:00:00.000,16:00,44.71519999988377
2025-06-26 17:00:00.000,17:00,39.96359999992419
2025-06-26 18:00:00.000,18:00,48.92970000011846
2025-06-26 19:00:00.000,19:00,37.696600000001496
2025-06-26 20:00:00.000,20:00,22.049900000006893
2025-06-26 21:00:00.000,21:00,12.282499999855645
2025-06-26 22:00:00.000,22:00,10.237700000009498
2025-06-26 23:00:00.000,23:00,8.548800000082702
2025-06-27 00:00:00.000,00:00,9.534272727302529
2025-06-27 01:00:00.000,01:00,9.366627272798425
2025-06-27 02:00:00.000,02:00,8.815299999900162
2025-06-27 03:00:00.000,03:00,7.277899999986403
2025-06-27 04:00:00.000,04:00,8.904199999989942
2025-06-27 05:00:00.000,05:00,7.937600000109525
2025-06-27 06:00:00.000,06:00,9.111399999889546
2025-06-27 07:00:00.000,07:00,32.21460000001825
2025-06-27 08:00:00.000,08:00,38.85180000001564
2025-06-27 09:00:00.000,09:00,38.87670000004582
2025-06-27 10:00:00.000,10:00,44.64739999989979
2025-06-27 11:00:00.000,11:00,40.78320000013336
2025-06-27 12:00:00.000,12:00,59.79519999995828
2025-06-27 13:00:00.000,13:00,60.325999999931085
2025-06-27 14:00:00.000,14:00,50.36040000002831
2025-06-27 15:00:00.000,15:00,40.61119999997318
2025-06-27 16:00:00.000,16:00,55.53510909087279
2025-06-27 17:00:00.000,17:00,50.5380909092047
2025-06-27 18:00:00.000,18:00,45.77280000001192
2025-06-27 19:00:00.000,19:00,30.86739999996498
2025-06-27 20:00:00.000,20:00,10.842799999937416
2025-06-27 21:00:00.000,21:00,8.187800000049174
2025-06-27 22:00:00.000,22:00,8.988599999947473
2025-06-27 23:00:00.000,23:00,8.745600000023842
2025-06-28 00:00:00.000,00:00,7.362909091022712
2025-06-28 01:00:00.000,01:00,7.964190909042108
2025-06-28 02:00:00.000,02:00,6.969699999853038
2025-06-28 03:00:00.000,03:00,6.513800000096671
2025-06-28 04:00:00.000,04:00,8.75559999998659
2025-06-28 05:00:00.000,05:00,7.048200000100769
2025-06-28 06:00:00.000,06:00,6.773499999986962
2025-06-28 07:00:00.000,07:00,25.839499999908732
2025-06-28 08:00:00.000,08:00,39.84900000002235
2025-06-28 09:00:00.000,09:00,49.60205454547593
2025-06-28 10:00:00.000,10:00,75.09154545447619
2025-06-28 11:00:00.000,11:00,53.606000000005594
2025-06-28 12:00:00.000,12:00,62.21760000004433
2025-06-28 13:00:00.000,13:00,63.15219999998808
2025-06-28 14:00:00.000,14:00,57.73599999998696
2025-06-28 15:00:00.000,15:00,36.32440000008791
2025-06-28 16:00:00.000,16:00,54.45079999985173
2025-06-28 17:00:00.000,17:00,58.28166666678153
2025-06-28 18:00:00.000,18:00,52.7363333332818
2025-06-28 19:00:00.000,19:00,36.06509090910497
2025-06-28 20:00:00.000,20:00,17.043509090861136
2025-06-28 21:00:00.000,21:00,15.034400000050663
2025-06-28 22:00:00.000,22:00,13.641600000066681
2025-06-28 23:00:00.000,23:00,10.539399999845774
2025-06-29 00:00:00.000,00:00,10.76300000016239
2025-06-29 01:00:00.000,01:00,10.819999999845061
2025-06-29 02:00:00.000,02:00,10.083800000092015
2025-06-29 03:00:00.000,03:00,10.211799999885262
2025-06-29 04:00:00.000,04:00,10.013300000154414
2025-06-29 05:00:00.000,05:00,9.013600000040606
2025-06-29 06:00:00.000,06:00,9.035099999816158
2025-06-29 07:00:00.000,07:00,27.536499999975785
2025-06-29 08:00:00.000,08:00,46.754300000076185
2025-06-29 09:00:00.000,09:00,38.89259999999988
2025-06-29 10:00:00.000,10:00,41.317999999991365
2025-06-29 11:00:00.000,11:00,48.39820000012405
2025-06-29 12:00:00.000,12:00,50.98979999986477
2025-06-29 13:00:00.000,13:00,58.863200000068176
2025-06-29 14:00:00.000,14:00,57.932599999941885
2025-06-29 15:00:00.000,15:00,38.98180000009015
2025-06-29 16:00:00.000,16:00,42.183799999905744
2025-06-29 17:00:00.000,17:00,55.27420000014826
2025-06-29 18:00:00.000,18:00,48.66859999983571
2025-06-29 19:00:00.000,19:00,30.29640000015497
2025-06-29 20:00:00.000,20:00,14.132799999974669
2025-06-29 21:00:00.000,21:00,13.44039999982342
2025-06-29 22:00:00.000,22:00,12.176200000196696
2025-06-29 23:00:00.000,23:00,12.004999999981374
2025-06-30 00:00:00.000,00:00,11.36245454532433
2025-06-30 01:00:00.000,01:00,12.477445454649967
2025-06-30 02:00:00.000,02:00,12.018399999919348
2025-06-30 03:00:00.000,03:00,11.11200000010431
2025-06-30 04:00:00.000,04:00,10.776900000032038
2025-06-30 05:00:00.000,05:00,10.729699999955484
2025-06-30 06:00:00.000,06:00,10.01369999984745
2025-06-30 07:00:00.000,07:00,33.716400000010616
2025-06-30 08:00:00.000,08:00,63.90480000011158
2025-06-30 09:00:00.000,09:00,51.65719999994617
2025-06-30 10:00:00.000,10:00,38.0910000000149
2025-06-30 11:00:00.000,11:00,47.43939999993891
2025-06-30 12:00:00.000,12:00,61.97040000013076
2025-06-30 13:00:00.000,13:00,58.000600000005214
2025-06-30 14:00:00.000,14:00,47.77379999994301
2025-06-30 15:00:00.000,15:00,32.83459999999032
2025-06-30 16:00:00.000,16:00,47.94659999995493
2025-06-30 17:00:00.000,17:00,49.89199999999255
2025-06-30 18:00:00.000,18:00,49.00380000011064
2025-06-30 19:00:00.000,19:00,31.854400000022725
2025-06-30 20:00:00.000,20:00,16.27530909089202
2025-06-30 21:00:00.000,21:00,12.340490909136662
2025-06-30 22:00:00.000,22:00,11.871799999801443
2025-06-30 23:00:00.000,23:00,12.763800000213086
2025-07-01 00:00:00.000,00:00,11.66519999995362
2025-07-01 01:00:00.000,01:00,11.866899999836459
2025-07-01 02:00:00.000,02:00,9.986700000008568
2025-07-01 03:00:00.000,03:00,10.344899999978951
2025-07-01 04:00:00.000,04:00,10.694500000053086
2025-07-01 05:00:00.000,05:00,11.80080000006128
2025-07-01 06:00:00.000,06:00,9.354900000081397
2025-07-01 07:00:00.000,07:00,31.30469999986235
2025-07-01 08:00:00.000,08:00,55.41190000008792
2025-07-01 09:00:00.000,09:00,53.837099999981
2025-07-01 10:00:00.000,10:00,40.01760000004433
2025-07-01 11:00:00.000,11:00,38.4323999999091
2025-07-01 12:00:00.000,12:00,61.17080000001006
2025-07-01 13:00:00.000,13:00,59.52299999995157
2025-07-01 14:00:00.000,14:00,55.07160000004806
2025-07-01 15:00:00.000,15:00,39.8540909090418
2025-07-01 16:00:00.000,16:00,54.85570909098129
2025-07-01 17:00:00.000,17:00,48.722399999899785
2025-07-01 18:00:00.000,18:00,47.708800000138574
2025-07-01 19:00:00.000,19:00,37.68919999999925
2025-07-01 20:00:00.000,20:00,20.0339999999851
2025-07-01 21:00:00.000,21:00,14.690200000023468
2025-07-01 22:00:00.000,22:00,12.194199999887495
2025-07-01 23:00:00.000,23:00,12.174400000134483
2025-07-02 00:00:00.000,00:00,11.434545454505662
2025-07-02 01:00:00.000,01:00,12.20345454539003
2025-07-02 02:00:00.000,02:00,10.199300000118091
2025-07-02 03:00:00.000,03:00,12.587499999813735
2025-07-02 04:00:00.000,04:00,10.098900000168943
2025-07-02 05:00:00.000,05:00,10.128600000031293
2025-07-02 06:00:00.000,06:00,9.035699999914504
2025-07-02 07:00:00.000,07:00,13.77280000001192
2025-07-02 08:00:00.000,08:00,54.07220000000671
2025-07-02 09:00:00.000,09:00,58.10379999987781
2025-07-02 10:00:00.000,10:00,46.52860000003129
2025-07-02 11:00:00.000,11:00,48.69799999999813
2025-07-02 12:00:00.000,12:00,64.95020000012592
2025-07-02 13:00:00.000,13:00,57.39199999999255
2025-07-02 14:00:00.000,14:00,48.31799999992363
2025-07-02 15:00:00.000,15:00,40.01739999996498
2025-07-02 16:00:00.000,16:00,48.0890000000596
2025-07-02 17:00:00.000,17:00,50.54040000000968
2025-07-02 18:00:00.000,18:00,42.15469090903009
2025-07-02 19:00:00.000,19:00,45.23870909095912
2025-07-02 20:00:00.000,20:00,20.999927272656087
2025-07-02 21:00:00.000,21:00,12.217672727388244
2025-07-02 22:00:00.000,22:00,10.142599999951198
2025-07-02 23:00:00.000,23:00,10.931000000052155
2025-07-03 00:00:00.000,00:00,9.984909090954302
2025-07-03 01:00:00.000,01:00,11.036290909051473
2025-07-03 02:00:00.000,02:00,9.592900000023656
2025-07-03 03:00:00.000,03:00,9.407799999834971
2025-07-03 04:00:00.000,04:00,9.463200000091456
2025-07-03 05:00:00.000,05:00,9.388800000073388
2025-07-03 06:00:00.000,06:00,9.63159999982454
2025-07-03 07:00:00.000,07:00,16.44720000005327
2025-07-03 08:00:00.000,08:00,50.07660000012256
2025-07-03 09:00:00.000,09:00,52.092899999883954
2025-07-03 10:00:00.000,10:00,40.00279999994673
2025-07-03 11:00:00.000,11:00,40.987600000062955
2025-07-03 12:00:00.000,12:00,68.61180000007153
2025-07-03 13:00:00.000,13:00,65.29479999998584
2025-07-03 14:00:00.000,14:00,49.03939999993891
2025-07-03 15:00:00.000,15:00,43.204399999976154
2025-07-03 16:00:00.000,16:00,46.0990909090689
2025-07-03 17:00:00.000,17:00,48.38357575771615
2025-07-03 18:00:00.000,18:00,41.00760606053577
2025-07-03 19:00:00.000,19:00,35.52312727264044
2025-07-03 20:00:00.000,20:00,14.763800000119954
2025-07-03 21:00:00.000,21:00,9.830999999959023
2025-07-03 22:00:00.000,22:00,8.970599999930709
2025-07-03 23:00:00.000,23:00,9.337200000137091
2025-07-04 00:00:00.000,00:00,10.00669999991078
2025-07-04 01:00:00.000,01:00,8.886399999959394
2025-07-04 02:00:00.000,02:00,8.02400000016205
2025-07-04 03:00:00.000,03:00,8.266999999969267
2025-07-04 04:00:00.000,04:00,8.560799999837764
2025-07-04 05:00:00.000,05:00,8.376200000010432
2025-07-04 06:00:00.000,06:00,8.092400000197813
2025-07-04 07:00:00.000,07:00,23.085799999977464
2025-07-04 08:00:00.000,08:00,59.05019999991637
2025-07-04 09:00:00.000,09:00,50.63890000006649
2025-07-04 10:00:00.000,10:00,44.3851999999024
2025-07-04 11:00:00.000,11:00,45.944200000073764
2025-07-04 12:00:00.000,12:00,65.60799999996088
2025-07-04 13:00:00.000,13:00,60.919600000046195
2025-07-04 14:00:00.000,14:00,48.522599999932574
2025-07-04 15:00:00.000,15:00,35.94259999999776
2025-07-04 16:00:00.000,16:00,51.38739999995821
2025-07-04 17:00:00.000,17:00,47.019909090870485
2025-07-04 18:00:00.000,18:00,47.22589090914169
2025-07-04 19:00:00.000,19:00,38.36347272734962
2025-07-04 20:00:00.000,20:00,14.81212727277201
2025-07-04 21:00:00.000,21:00,8.094963636329735
2025-07-04 22:00:00.000,22:00,8.618436363678086
2025-07-04 23:00:00.000,23:00,2.7676475136808394
2025-07-05 00:00:00.000,00:00,-29.48664364641023
2025-07-05 01:00:00.000,01:00,-29.48664364641023
2025-07-05 02:00:00.000,02:00,-29.48664364641023
2025-07-05 03:00:00.000,03:00,-29.48664364641023
2025-07-05 04:00:00.000,04:00,-29.48664364641023
2025-07-05 05:00:00.000,05:00,-29.48664364641023
2025-07-05 06:00:00.000,06:00,-29.48664364641023
2025-07-05 07:00:00.000,07:00,-29.48664364641023
2025-07-05 08:00:00.000,08:00,-29.48664364641023
2025-07-05 09:00:00.000,09:00,-29.48664364641023
2025-07-05 10:00:00.000,10:00,-29.48664364641023
2025-07-05 11:00:00.000,11:00,-29.48664364641023
2025-07-05 12:00:00.000,12:00,-29.48664364641023
2025-07-05 13:00:00.000,13:00,-29.48664364641023
2025-07-05 14:00:00.000,14:00,-29.48664364641023
2025-07-05 15:00:00.000,15:00,-29.48664364641023
2025-07-05 16:00:00.000,16:00,-29.48664364641023
2025-07-05 17:00:00.000,17:00,-29.48664364641023
2025-07-05 18:00:00.000,18:00,-29.48664364641023
2025-07-05 19:00:00.000,19:00,-29.48664364641023
2025-07-05 20:00:00.000,20:00,-29.48664364641023
2025-07-05 21:00:00.000,21:00,-29.48664364641023
2025-07-05 22:00:00.000,22:00,-29.48664364641023
2025-07-05 23:00:00.000,23:00,-29.48664364641023
2025-07-06 00:00:00.000,00:00,0
2025-07-06 01:00:00.000,01:00,0
2025-07-06 02:00:00.000,02:00,0
2025-07-06 03:00:00.000,03:00,0
2025-07-06 04:00:00.000,04:00,0
2025-07-06 05:00:00.000,05:00,0
2025-07-06 06:00:00.000,06:00,0
2025-07-06 07:00:00.000,07:00,0
2025-07-06 08:00:00.000,08:00,0
2025-07-06 09:00:00.000,09:00,0
2025-07-06 10:00:00.000,10:00,0
2025-07-06 11:00:00.000,11:00,0
2025-07-06 12:00:00.000,12:00,0
2025-07-06 13:00:00.000,13:00,0
2025-07-06 14:00:00.000,14:00,0
2025-07-06 15:00:00.000,15:00,0
2025-07-06 16:00:00.000,16:00,0
2025-07-06 17:00:00.000,17:00,0
2025-07-06 18:00:00.000,18:00,0
2025-07-06 19:00:00.000,19:00,0
2025-07-06 20:00:00.000,20:00,0
2025-07-06 21:00:00.000,21:00,0
2025-07-06 22:00:00.000,22:00,0
2025-07-06 23:00:00.000,23:00,0
2025-07-07 00:00:00.000,00:00,178.36865900384112
2025-07-07 01:00:00.000,01:00,267.5529885057616
2025-07-07 02:00:00.000,02:00,267.5529885057616
2025-07-07 03:00:00.000,03:00,267.5529885057616
2025-07-07 04:00:00.000,04:00,267.5529885057616
2025-07-07 05:00:00.000,05:00,267.5529885057616
2025-07-07 06:00:00.000,06:00,267.5529885057616
2025-07-07 07:00:00.000,07:00,267.5529885057616
2025-07-07 08:00:00.000,08:00,267.5529885057616
2025-07-07 09:00:00.000,09:00,53.99203295007899
2025-07-07 10:00:00.000,10:00,44.786000000033525
2025-07-07 11:00:00.000,11:00,40.20129999998026
2025-07-07 12:00:00.000,12:00,60.709499999997206
2025-07-07 13:00:00.000,13:00,56.021500000031665
2025-07-07 14:00:00.000,14:00,48.80489999996499
2025-07-07 15:00:00.000,15:00,38.55610000006855
2025-07-07 16:00:00.000,16:00,46.79049999993295
2025-07-07 17:00:00.000,17:00,49.16023636366749
2025-07-07 18:00:00.000,18:00,46.97816363648003
2025-07-07 19:00:00.000,19:00,36.411999999871476
2025-07-07 20:00:00.000,20:00,15.024799999967216
2025-07-07 21:00:00.000,21:00,11.046200000122191
2025-07-07 22:00:00.000,22:00,13.099800000013783
2025-07-07 23:00:00.000,23:00,10.661399999866262
2025-07-08 00:00:00.000,00:00,6.381090909094465
2025-07-08 01:00:00.000,01:00,5.976909090936269
2025-07-08 02:00:00.000,02:00,6.16309999995865
2025-07-08 03:00:00.000,03:00,7.061000000080093
2025-07-08 04:00:00.000,04:00,6.634099999908358
2025-07-08 05:00:00.000,05:00,5.258800000045449
2025-07-08 06:00:00.000,06:00,5.913800000050105
2025-07-08 07:00:00.000,07:00,16.30359999993816
2025-07-08 08:00:00.000,08:00,49.54850000001025
2025-07-08 09:00:00.000,09:00,54.486645454547194
2025-07-08 10:00:00.000,10:00,46.37485454559157
2025-07-08 11:00:00.000,11:00,50.83199999993667
2025-07-08 12:00:00.000,12:00,69.15599999991245
2025-07-08 13:00:00.000,13:00,66.22220000000671
2025-07-08 14:00:00.000,14:00,59.52230909092521
2025-07-08 15:00:00.000,15:00,35.019090909108684
2025-07-08 16:00:00.000,16:00,48.81360000004061
2025-07-08 17:00:00.000,17:00,56.179400000022724
2025-07-08 18:00:00.000,18:00,51.60619999994523
2025-07-08 19:00:00.000,19:00,53.360577777799016
2025-07-08 20:00:00.000,20:00,23.079622222271023
2025-07-08 21:00:00.000,21:00,10.032399999909103
2025-07-08 22:00:00.000,22:00,11.806400000024587
2025-07-08 23:00:00.000,23:00,8.484800000116229
2025-07-09 00:00:00.000,00:00,8.480181817981329
2025-07-09 01:00:00.000,01:00,7.450818181861276
2025-07-09 02:00:00.000,02:00,8.940900000045076
2025-07-09 03:00:00.000,03:00,7.669100000010803
2025-07-09 04:00:00.000,04:00,7.5976999999256805
2025-07-09 05:00:00.000,05:00,6.304100000113249
2025-07-09 06:00:00.000,06:00,7.457499999948777
2025-07-09 07:00:00.000,07:00,12.025800000084566
2025-07-09 08:00:00.000,08:00,28.505299999960698
2025-07-09 09:00:00.000,09:00,38.6433999999892
2025-07-09 10:00:00.000,10:00,55.77659999988973
2025-07-09 11:00:00.000,11:00,43.04460000009276
2025-07-09 12:00:00.000,12:00,76.42679999992251
2025-07-09 13:00:00.000,13:00,70.31800000001677
2025-07-09 14:00:00.000,14:00,62.75900000007823
2025-07-09 15:00:00.000,15:00,50.878799999924375
2025-07-09 16:00:00.000,16:00,60.15849090905183
2025-07-09 17:00:00.000,17:00,55.00710909089751
2025-07-09 18:00:00.000,18:00,56.5566000001505
2025-07-09 19:00:00.000,19:00,49.80599999986589
2025-07-09 20:00:00.000,20:00,25.9152000001166
2025-07-09 21:00:00.000,21:00,15.591599999926984
2025-07-09 22:00:00.000,22:00,10.115800000028685
2025-07-09 23:00:00.000,23:00,9.87059999993071
2025-07-10 00:00:00.000,00:00,11.278000000165775
2025-07-10 01:00:00.000,01:00,8.427999999956228
2025-07-10 02:00:00.000,02:00,8.959500000020489
2025-07-10 03:00:00.000,03:00,9.193699999945238
2025-07-10 04:00:00.000,04:00,8.41659999997355
2025-07-10 05:00:00.000,05:00,9.061300000059418
2025-07-10 06:00:00.000,06:00,9.092999999970198
2025-07-10 07:00:00.000,07:00,10.704599999985657
2025-07-10 08:00:00.000,08:00,47.348900000052524
2025-07-10 09:00:00.000,09:00,37.39930909093342
2025-07-10 10:00:00.000,10:00,44.47189090897922
2025-07-10 11:00:00.000,11:00,52.700599999958655
2025-07-10 12:00:00.000,12:00,64.02319999998434
2025-07-10 13:00:00.000,13:00,56.9160000001546
2025-07-10 14:00:00.000,14:00,52.60599999986589
2025-07-10 15:00:00.000,15:00,50.177036363652654
2025-07-10 16:00:00.000,16:00,70.01376363637603
2025-07-10 17:00:00.000,17:00,63.249600000120694
2025-07-10 18:00:00.000,18:00,52.53799999984913
2025-07-10 19:00:00.000,19:00,43.61159999999218
2025-07-10 20:00:00.000,20:00,30.415200000023468
2025-07-10 21:00:00.000,21:00,15.62960000000894
2025-07-10 22:00:00.000,22:00,15.10160000002943
2025-07-10 23:00:00.000,23:00,12.081000000005588
2025-07-11 00:00:00.000,00:00,11.756999999983236
2025-07-11 01:00:00.000,01:00,11.263800000143238
2025-07-11 02:00:00.000,02:00,12.919699999899603
2025-07-11 03:00:00.000,03:00,13.772699999948964
2025-07-11 04:00:00.000,04:00,11.953299999958835
2025-07-11 05:00:00.000,05:00,10.700900000170805
2025-07-11 06:00:00.000,06:00,11.194000000017695
2025-07-11 07:00:00.000,07:00,32.3507999998983
2025-07-11 08:00:00.000,08:00,56.96298181819095
2025-07-11 09:00:00.000,09:00,49.699118181883186
2025-07-11 10:00:00.000,10:00,44.114499999885446
2025-07-11 11:00:00.000,11:00,49.27140000010841
2025-07-11 12:00:00.000,12:00,74.11139999991283
2025-07-11 13:00:00.000,13:00,70.32959999996237
2025-07-11 14:00:00.000,14:00,65.22219999996014
2025-07-11 15:00:00.000,15:00,40.575400000065564
2025-07-11 16:00:00.000,16:00,54.018088888827094
2025-07-11 17:00:00.000,17:00,53.518111111239214
2025-07-11 18:00:00.000,18:00,48.38854545454749
2025-07-11 19:00:00.000,19:00,42.43781818180683
2025-07-11 20:00:00.000,20:00,28.566836363555524
2025-07-11 21:00:00.000,21:00,15.778436363649302
2025-07-11 22:00:00.000,22:00,12.906763636439361
2025-07-11 23:00:00.000,23:00,10.566600000066682
2025-07-12 00:00:00.000,00:00,10.768090908902444
2025-07-12 01:00:00.000,01:00,10.350709091082468
2025-07-12 02:00:00.000,02:00,10.839199999999256
2025-07-12 03:00:00.000,03:00,10.228499999991618
2025-07-12 04:00:00.000,04:00,10.123699999973178
2025-07-12 05:00:00.000,05:00,8.748300000000745
2025-07-12 06:00:00.000,06:00,10.19779999991879
2025-07-12 07:00:00.000,07:00,34.53519999992568
2025-07-12 08:00:00.000,08:00,49.26395454562735
2025-07-12 09:00:00.000,09:00,58.28074545455165
2025-07-12 10:00:00.000,10:00,53.26359999990091
2025-07-12 11:00:00.000,11:00,40.20920000006444
2025-07-12 12:00:00.000,12:00,58.3230000000447
2025-07-12 13:00:00.000,13:00,56.663799999887125
2025-07-12 14:00:00.000,14:00,56.89419999998063
2025-07-12 15:00:00.000,15:00,42.99960000007413
2025-07-12 16:00:00.000,16:00,51.88479999992997
2025-07-12 17:00:00.000,17:00,53.41120000011288
2025-07-12 18:00:00.000,18:00,49.24739999999292
2025-07-12 19:00:00.000,19:00,45.69459999995306
2025-07-12 20:00:00.000,20:00,26.108600000059234
2025-07-12 21:00:00.000,21:00,12.24879999984987
2025-07-12 22:00:00.000,22:00,12.495600000116974
2025-07-12 23:00:00.000,23:00,12.641399999847636
2025-07-13 00:00:00.000,00:00,11.094000000040978
2025-07-13 01:00:00.000,01:00,8.259900000039488
2025-07-13 02:00:00.000,02:00,8.919400000036694
2025-07-13 03:00:00.000,03:00,8.608699999959208
2025-07-13 04:00:00.000,04:00,8.451499999989755
2025-07-13 05:00:00.000,05:00,8.639000000013038
2025-07-13 06:00:00.000,06:00,9.08760000001639
2025-07-13 07:00:00.000,07:00,16.07870000009425
2025-07-13 08:00:00.000,08:00,43.0171999999322
2025-07-13 09:00:00.000,09:00,56.28020000003744
2025-07-13 10:00:00.000,10:00,55.3519999999553
2025-07-13 11:00:00.000,11:00,62.74899999997578
2025-07-13 12:00:00.000,12:00,59.18680000007153
2025-07-13 13:00:00.000,13:00,53.92179999994114
2025-07-13 14:00:00.000,14:00,49.92039999994449
2025-07-13 15:00:00.000,15:00,44.74800000009127
2025-07-13 16:00:00.000,16:00,54.375200000032784
2025-07-13 17:00:00.000,17:00,54.06759999990463
2025-07-13 18:00:00.000,18:00,49.45880000009201
2025-07-13 19:00:00.000,19:00,40.61180000002496
2025-07-13 20:00:00.000,20:00,21.148799999896436
2025-07-13 21:00:00.000,21:00,14.02820000005886
2025-07-13 22:00:00.000,22:00,12.262999999988825
2025-07-13 23:00:00.000,23:00,11.16039999993518
2025-07-14 00:00:00.000,00:00,11.762090909146618
2025-07-14 01:00:00.000,01:00,12.205009090815755
2025-07-14 02:00:00.000,02:00,11.710400000005029
2025-07-14 03:00:00.000,03:00,12.532100000069477
2025-07-14 04:00:00.000,04:00,10.709700000076555
2025-07-14 05:00:00.000,05:00,10.464999999850988
2025-07-14 06:00:00.000,06:00,10.668300000065937
2025-07-14 07:00:00.000,07:00,27.827199999918232
2025-07-14 08:00:00.000,08:00,49.54540000008419
2025-07-14 09:00:00.000,09:00,45.84350000007544
2025-07-14 10:00:00.000,10:00,53.806700000003914
2025-07-14 11:00:00.000,11:00,41.71919999993406
2025-07-14 12:00:00.000,12:00,63.61319999997504
2025-07-14 13:00:00.000,13:00,74.4582000000868
2025-07-14 14:00:00.000,14:00,60.102399999881165
2025-07-14 15:00:00.000,15:00,49.12020000005141
2025-07-14 16:00:00.000,16:00,54.96199999991804
2025-07-14 17:00:00.000,17:00,53.57880000001751
2025-07-14 18:00:00.000,18:00,48.89740000003949
2025-07-14 19:00:00.000,19:00,39.41240000007674
2025-07-14 20:00:00.000,20:00,24.162999999988823
2025-07-14 21:00:00.000,21:00,16.285599999921395
2025-07-14 22:00:00.000,22:00,14.174399999948218
2025-07-14 23:00:00.000,23:00,14.853984210580148
2025-07-15 00:00:00.000,00:00,21.466381578954355
2025-07-15 01:00:00.000,01:00,21.466381578954355
2025-07-15 02:00:00.000,02:00,21.466381578954355
2025-07-15 03:00:00.000,03:00,21.466381578954355
2025-07-15 04:00:00.000,04:00,21.466381578954355
2025-07-15 05:00:00.000,05:00,21.466381578954355
2025-07-15 06:00:00.000,06:00,21.466381578954355
2025-07-15 07:00:00.000,07:00,21.466381578954355
2025-07-15 08:00:00.000,08:00,21.466381578954355
2025-07-15 09:00:00.000,09:00,21.466381578954355
2025-07-15 10:00:00.000,10:00,51.60945454550992
2025-07-15 11:00:00.000,11:00,42.616345454365096
2025-07-15 12:00:00.000,12:00,71.17680000001565
2025-07-15 13:00:00.000,13:00,61.740900000021796
2025-07-15 14:00:00.000,14:00,48.667999999993484
2025-07-15 15:00:00.000,15:00,36.65080000013113
2025-07-15 16:00:00.000,16:00,47.40689999992028
2025-07-15 17:00:00.000,17:00,58.06530000006315
2025-07-15 18:00:00.000,18:00,47.55049999998882
2025-07-15 19:00:00.000,19:00,38.89719999996014
2025-07-15 20:00:00.000,20:00,16.988399999961256
2025-07-15 21:00:00.000,21:00,12.06980000003241
2025-07-15 22:00:00.000,22:00,9.634800000023096
2025-07-15 23:00:00.000,23:00,10.150800000037998
2025-07-16 00:00:00.000,00:00,8.030499999970198
2025-07-16 01:00:00.000,01:00,8.121199999935925
2025-07-16 02:00:00.000,02:00,7.6104000001214445
2025-07-16 03:00:00.000,03:00,8.072099999827334
2025-07-16 04:00:00.000,04:00,7.454900000127965
2025-07-16 05:00:00.000,05:00,8.998399999947287
2025-07-16 06:00:00.000,06:00,6.936499999905937
2025-07-16 07:00:00.000,07:00,11.498800000012853
2025-07-16 08:00:00.000,08:00,52.42180000001099
2025-07-16 09:00:00.000,09:00,34.660200000135234
2025-07-16 10:00:00.000,10:00,42.78939999998548
2025-07-16 11:00:00.000,11:00,30.68959999997169
2025-07-16 12:00:00.000,12:00,69.325
2025-07-16 13:00:00.000,13:00,62.52359999991022
2025-07-16 14:00:00.000,14:00,44.44260000004433
2025-07-16 15:00:00.000,15:00,40.24500000011176
2025-07-16 16:00:00.000,16:00,38.78599999998696
2025-07-16 17:00:00.000,17:00,64.96099999984726
2025-07-16 18:00:00.000,18:00,51.086200000066306
2025-07-16 19:00:00.000,19:00,44.88779999995604
2025-07-16 20:00:00.000,20:00,22.93860000008717
2025-07-16 21:00:00.000,21:00,10.960799999907612
2025-07-16 22:00:00.000,22:00,8.962000000057742
2025-07-16 23:00:00.000,23:00,8.494599999953062
2025-07-17 00:00:00.000,00:00,7.545000000031326
2025-07-17 01:00:00.000,01:00,7.848600000037219
2025-07-17 02:00:00.000,02:00,8.495799999916926
2025-07-17 03:00:00.000,03:00,8.79560000009369
2025-07-17 04:00:00.000,04:00,6.398400000017137
2025-07-17 05:00:00.000,05:00,7.546599999885075
2025-07-17 06:00:00.000,06:00,6.789100000122563
2025-07-17 07:00:00.000,07:00,26.582699999888426
2025-07-17 08:00:00.000,08:00,42.79720000016969
2025-07-17 09:00:00.000,09:00,49.09633333321867
2025-07-17 10:00:00.000,10:00,46.33786666675264
2025-07-17 11:00:00.000,11:00,42.85899999993853
2025-07-17 12:00:00.000,12:00,55.999469724770016
2025-07-17 13:00:00.000,13:00,56.18862385321152
2025-07-17 14:00:00.000,14:00,56.18862385321152
2025-07-17 15:00:00.000,15:00,52.368900750681576
2025-07-17 16:00:00.000,16:00,45.955681818198755
2025-07-17 17:00:00.000,17:00,48.267699999990874
2025-07-17 18:00:00.000,18:00,43.5083999998169
2025-07-17 19:00:00.000,19:00,40.131600000057375
2025-07-17 20:00:00.000,20:00,24.328300000028683
2025-07-17 21:00:00.000,21:00,9.277599999960511
2025-07-17 22:00:00.000,22:00,7.769299999973737
2025-07-17 23:00:00.000,23:00,8.581600000080652
2025-07-18 00:00:00.000,00:00,7.143699999968521
2025-07-18 01:00:00.000,01:00,8.599099999992177
2025-07-18 02:00:00.000,02:00,7.36280000009574
2025-07-18 03:00:00.000,03:00,7.221700000041164
2025-07-18 04:00:00.000,04:00,6.138099999795668
2025-07-18 05:00:00.000,05:00,6.655000000167639
2025-07-18 06:00:00.000,06:00,7.874699999997392
2025-07-18 07:00:00.000,07:00,7.509599999897182
2025-07-18 08:00:00.000,08:00,54.64439999996684
2025-07-18 09:00:00.000,09:00,60.31323333344577
2025-07-18 10:00:00.000,10:00,49.030666666602094
2025-07-18 11:00:00.000,11:00,56.57479999992066
2025-07-18 12:00:00.000,12:00,64.92580000013113
2025-07-18 13:00:00.000,13:00,62.63720000004396
2025-07-18 14:00:00.000,14:00,49.86820000000298
2025-07-18 15:00:00.000,15:00,42.299454545348205
2025-07-18 16:00:00.000,16:00,54.21514545467005
2025-07-18 17:00:00.000,17:00,49.23084444430036
2025-07-18 18:00:00.000,18:00,49.532646464741305
2025-07-18 19:00:00.000,19:00,43.45445454550315
2025-07-18 20:00:00.000,20:00,20.192909090822052
2025-07-18 21:00:00.000,21:00,11.303645454611715
2025-07-18 22:00:00.000,22:00,10.845445454406383
2025-07-18 23:00:00.000,23:00,11.16945454554463
2025-07-19 00:00:00.000,00:00,8.886181818215515
2025-07-19 01:00:00.000,01:00,9.71251818173438
2025-07-19 02:00:00.000,02:00,9.620900000096299
2025-07-19 03:00:00.000,03:00,9.980099999927916
2025-07-19 04:00:00.000,04:00,9.343400000059045
2025-07-19 05:00:00.000,05:00,9.174200000008568
2025-07-19 06:00:00.000,06:00,8.563099999912083
2025-07-19 07:00:00.000,07:00,35.65850000006613
2025-07-19 08:00:00.000,08:00,43.83649999999907
2025-07-19 09:00:00.000,09:00,44.74239999991842
2025-07-19 10:00:00.000,10:00,53.42660000012256
2025-07-19 11:00:00.000,11:00,51.65319999982603
2025-07-19 12:00:00.000,12:00,51.34520000000484
2025-07-19 13:00:00.000,13:00,55.14640000001527
2025-07-19 14:00:00.000,14:00,51.82439999999478
2025-07-19 15:00:00.000,15:00,44.63340000002645
2025-07-19 16:00:00.000,16:00,56.803454545567824
2025-07-19 17:00:00.000,17:00,58.172945454452105
2025-07-19 18:00:00.000,18:00,47.42082222226438
2025-07-19 19:00:00.000,19:00,49.10359595954945
2025-07-19 20:00:00.000,20:00,23.64307070711411
2025-07-19 21:00:00.000,21:00,13.561999999943914
2025-07-19 22:00:00.000,22:00,12.690311111090704
2025-07-19 23:00:00.000,23:00,8.781800000183285
2025-07-20 00:00:00.000,00:00,7.497181818079712
2025-07-20 01:00:00.000,01:00,8.845218181861988
2025-07-20 02:00:00.000,02:00,8.811799999885261
2025-07-20 03:00:00.000,03:00,7.70730000003241
2025-07-20 04:00:00.000,04:00,7.081199999991805
2025-07-20 05:00:00.000,05:00,7.530499999946915
2025-07-20 06:00:00.000,06:00,7.268300000042655
2025-07-20 07:00:00.000,07:00,25.125800000107844
2025-07-20 08:00:00.000,08:00,57.09651818167502
2025-07-20 09:00:00.000,09:00,49.73218181818639
2025-07-20 10:00:00.000,10:00,40.11340000000782
2025-07-20 11:00:00.000,11:00,35.76700000003911
2025-07-20 12:00:00.000,12:00,57.48760000001639
2025-07-20 13:00:00.000,13:00,57.142200000118464
2025-07-20 14:00:00.000,14:00,58.677199999941514
2025-07-20 15:00:00.000,15:00,45.94614545452747
2025-07-20 16:00:00.000,16:00,40.83245454536413
2025-07-20 17:00:00.000,17:00,51.99360000002198
2025-07-20 18:00:00.000,18:00,49.15858181825077
2025-07-20 19:00:00.000,19:00,48.755272727248006
2025-07-20 20:00:00.000,20:00,16.090727272782136
2025-07-20 21:00:00.000,21:00,9.26661818170158
2025-07-20 22:00:00.000,22:00,8.154088888969273
2025-07-20 23:00:00.000,23:00,8.794111111201346
2025-07-21 00:00:00.000,00:00,7.455454545307227
2025-07-21 01:00:00.000,01:00,9.013645454540596
2025-07-21 02:00:00.000,02:00,7.304000000027008
2025-07-21 03:00:00.000,03:00,8.072700000088663
2025-07-21 04:00:00.000,04:00,6.529699999955483
2025-07-21 05:00:00.000,05:00,7.849900000006892
2025-07-21 06:00:00.000,06:00,8.47919999989681
2025-07-21 07:00:00.000,07:00,7.8630000001285225
2025-07-21 08:00:00.000,08:00,58.701000000024216
2025-07-21 09:00:00.000,09:00,51.81879999982193
2025-07-21 10:00:00.000,10:00,50.907400000141934
2025-07-21 11:00:00.000,11:00,39.422399999853226
2025-07-21 12:00:00.000,12:00,66.4898000000976
2025-07-21 13:00:00.000,13:00,56.740799999935554
2025-07-21 14:00:00.000,14:00,53.3487555556051
2025-07-21 15:00:00.000,15:00,33.14335353533982
2025-07-21 16:00:00.000,16:00,51.564690909191796
2025-07-21 17:00:00.000,17:00,61.935199999855826
2025-07-21 18:00:00.000,18:00,53.45892727285708
2025-07-21 19:00:00.000,19:00,48.45116161606086
2025-07-21 20:00:00.000,20:00,16.670111111087742
2025-07-21 21:00:00.000,21:00,9.271444444434078
2025-07-21 22:00:00.000,22:00,8.197282828268303
2025-07-21 23:00:00.000,23:00,7.965272727337751
2025-07-22 00:00:00.000,00:00,6.123636363730343
2025-07-22 01:00:00.000,01:00,6.47586363625755
2025-07-22 02:00:00.000,02:00,6.53469999996014
2025-07-22 03:00:00.000,03:00,6.43440000009723
2025-07-22 04:00:00.000,04:00,7.380799999996088
2025-07-22 05:00:00.000,05:00,6.653200000035577
2025-07-22 06:00:00.000,06:00,5.946399999968708
2025-07-22 07:00:00.000,07:00,6.0530000000493605
2025-07-22 08:00:00.000,08:00,41.16719999983907
2025-07-22 09:00:00.000,09:00,63.09740000017919
2025-07-22 10:00:00.000,10:00,62.760399999935174
2025-07-22 11:00:00.000,11:00,54.207200000062585
2025-07-22 12:00:00.000,12:00,66.41419999990613
2025-07-22 13:00:00.000,13:00,63.13579999995418
2025-07-22 14:00:00.000,14:00,55.64507272740064
2025-07-22 15:00:00.000,15:00,37.924949494849024
2025-07-22 16:00:00.000,16:00,45.991000000051116
2025-07-22 17:00:00.000,17:00,59.92205050504634
2025-07-22 18:00:00.000,18:00,46.38800000003538
2025-07-22 19:00:00.000,19:00,43.439327272622506
2025-07-22 20:00:00.000,20:00,18.18362222236012
2025-07-22 21:00:00.000,21:00,12.363414141368308
2025-07-22 22:00:00.000,22:00,9.317663636329499
2025-07-22 23:00:00.000,23:00,8.115700000012293
2025-07-23 00:00:00.000,00:00,7.733999999938533
2025-07-23 01:00:00.000,01:00,8.262800000119023
2025-07-23 02:00:00.000,02:00,8.937999999872408
2025-07-23 03:00:00.000,03:00,7.163699999963865
2025-07-23 04:00:00.000,04:00,6.939599999994972
2025-07-23 05:00:00.000,05:00,7.910000000125729
2025-07-23 06:00:00.000,06:00,6.6005999999353655
2025-07-23 07:00:00.000,07:00,10.750300000049174
2025-07-23 08:00:00.000,08:00,49.84279999998398
2025-07-23 09:00:00.000,09:00,62.60320000003558
2025-07-23 10:00:00.000,10:00,56.10440000006929
2025-07-23 11:00:00.000,11:00,47.53619999988004
2025-07-23 12:00:00.000,12:00,64.63159999991767
2025-07-23 13:00:00.000,13:00,62.14880000012927
2025-07-23 14:00:00.000,14:00,52.965888888916616
2025-07-23 15:00:00.000,15:00,37.28171111101595
2025-07-23 16:00:00.000,16:00,44.82340000001714
2025-07-23 17:00:00.000,17:00,45.44590000002645
2025-07-23 18:00:00.000,18:00,43.505499999923636
2025-07-23 19:00:00.000,19:00,34.86182222231291
2025-07-23 20:00:00.000,20:00,18.701177777769043
2025-07-23 21:00:00.000,21:00,14.134155555452324
2025-07-23 22:00:00.000,22:00,9.364444444525159
2025-07-23 23:00:00.000,23:00,8.326833333380314
2025-07-24 00:00:00.000,00:00,7.858166666701436
2025-07-24 01:00:00.000,01:00,7.099299999885261
2025-07-24 02:00:00.000,02:00,7.324899999937043
2025-07-24 03:00:00.000,03:00,6.697100000130012
2025-07-24 04:00:00.000,04:00,6.2621000000275675
2025-07-24 05:00:00.000,05:00,8.699900000006892
2025-07-24 06:00:00.000,06:00,6.861599999875763
2025-07-24 07:00:00.000,07:00,10.149299999978393
2025-07-24 08:00:00.000,08:00,50.21510000012349
2025-07-24 09:00:00.000,09:00,59.45439999999944
2025-07-24 10:00:00.000,10:00,69.18629999989643
2025-07-24 11:00:00.000,11:00,52.87720000003465
2025-07-24 12:00:00.000,12:00,65.32420000005514
2025-07-24 13:00:00.000,13:00,69.87780000003985
2025-07-24 14:00:00.000,14:00,44.15999999991618
2025-07-24 15:00:00.000,15:00,37.36820000000298
2025-07-24 16:00:00.000,16:00,55.23020000006072
2025-07-24 17:00:00.000,17:00,55.144672727292736
2025-07-24 18:00:00.000,18:00,45.63092727261934
2025-07-24 19:00:00.000,19:00,42.49925454554402
2025-07-24 20:00:00.000,20:00,16.790945454526014
2025-07-24 21:00:00.000,21:00,12.09780000008177
2025-07-24 22:00:00.000,22:00,10.282254545291124
2025-07-24 23:00:00.000,23:00,7.55454545461742
2025-07-25 00:00:00.000,00:00,6.849363636373627
2025-07-25 01:00:00.000,01:00,6.5115363636435095
2025-07-25 02:00:00.000,02:00,7.047699999972247
2025-07-25 03:00:00.000,03:00,6.77550000003539
2025-07-25 04:00:00.000,04:00,7.449700000043959
2025-07-25 05:00:00.000,05:00,6.701399999903515
2025-07-25 06:00:00.000,06:00,6.3397999999346215
2025-07-25 07:00:00.000,07:00,35.27069999999367
2025-07-25 08:00:00.000,08:00,50.309633333505026
2025-07-25 09:00:00.000,09:00,50.86506666653894
2025-07-25 10:00:00.000,10:00,53.050400000065565
2025-07-25 11:00:00.000,11:00,36.315599999949335
2025-07-25 12:00:00.000,12:00,53.35440000011585
2025-07-25 13:00:00.000,13:00,53.38879999988713
2025-07-25 14:00:00.000,14:00,44.93521818184209
2025-07-25 15:00:00.000,15:00,40.26288181819572
2025-07-25 16:00:00.000,16:00,54.45263333335364
2025-07-25 17:00:00.000,17:00,59.303266666565705
2025-07-25 18:00:00.000,18:00,44.90540000000037
2025-07-25 19:00:00.000,19:00,35.192900000070225
2025-07-25 20:00:00.000,20:00,16.277000000001863
2025-07-25 21:00:00.000,21:00,9.41210000003815
2025-07-25 22:00:00.000,22:00,9.237899999938566
2025-07-25 23:00:00.000,23:00,8.423100000014529
2025-07-26 00:00:00.000,00:00,8.979727272812108
2025-07-26 01:00:00.000,01:00,8.706772727163678
2025-07-26 02:00:00.000,02:00,9.108799999952318
2025-07-26 03:00:00.000,03:00,7.622100000013598
2025-07-26 04:00:00.000,04:00,7.9999000000068925
2025-07-26 05:00:00.000,05:00,7.613699999987148
2025-07-26 06:00:00.000,06:00,7.90960000010673
2025-07-26 07:00:00.000,07:00,36.776700000069106
2025-07-26 08:00:00.000,08:00,54.07260909079871
2025-07-26 09:00:00.000,09:00,61.38209090906364
2025-07-26 10:00:00.000,10:00,45.45999999996275
2025-07-26 11:00:00.000,11:00,45.404600000102064
2025-07-26 12:00:00.000,12:00,58.18539999988861
2025-07-26 13:00:00.000,13:00,60.24420000007376
2025-07-26 14:00:00.000,14:00,56.889890909038314
2025-07-26 15:00:00.000,15:00,39.118509090895
2025-07-26 16:00:00.000,16:00,47.976400000034744
2025-07-26 17:00:00.000,17:00,47.73160000001927
2025-07-26 18:00:00.000,18:00,44.12520000003278
2025-07-26 19:00:00.000,19:00,33.83080000001937
2025-07-26 20:00:00.000,20:00,23.053955555515778
2025-07-26 21:00:00.000,21:00,13.348344444418844
2025-07-26 22:00:00.000,22:00,10.881099999952129
2025-07-26 23:00:00.000,23:00,12.411000000173226
2025-07-27 00:00:00.000,00:00,9.540818181629716
2025-07-27 01:00:00.000,01:00,8.759281818223695
2025-07-27 02:00:00.000,02:00,8.530499999970196
2025-07-27 03:00:00.000,03:00,7.357400000072085
2025-07-27 04:00:00.000,04:00,9.321899999980815
2025-07-27 05:00:00.000,05:00,8.827200000127778
2025-07-27 06:00:00.000,06:00,8.097699999832548
2025-07-27 07:00:00.000,07:00,36.28850000014063
2025-07-27 08:00:00.000,08:00,51.434245454484
2025-07-27 09:00:00.000,09:00,42.76545454546424
2025-07-27 10:00:00.000,10:00,38.449999999979305
2025-07-27 11:00:00.000,11:00,39.755599999986586
2025-07-27 12:00:00.000,12:00,49.30379999992438
2025-07-27 13:00:00.000,13:00,60.272044444586044
2025-07-27 14:00:00.000,14:00,56.02795555546052
2025-07-27 15:00:00.000,15:00,38.081799999950455
2025-07-27 16:00:00.000,16:00,48.97360000004991
2025-07-27 17:00:00.000,17:00,49.92060000007041
2025-07-27 18:00:00.000,18:00,43.89759999985213
2025-07-27 19:00:00.000,19:00,42.284200000144885
2025-07-27 20:00:00.000,20:00,20.541399999917484
2025-07-27 21:00:00.000,21:00,12.233036363723857
2025-07-27 22:00:00.000,22:00,9.871563636424781
2025-07-27 23:00:00.000,23:00,7.5407999998191375
2025-07-28 00:00:00.000,00:00,8.133545454633845
2025-07-28 01:00:00.000,01:00,7.756754545475864
2025-07-28 02:00:00.000,02:00,8.3375
2025-07-28 03:00:00.000,03:00,8.222299999999814
2025-07-28 04:00:00.000,04:00,8.240899999951942
2025-07-28 05:00:00.000,05:00,7.3647000000812115
2025-07-28 06:00:00.000,06:00,7.6343999999342484
2025-07-28 07:00:00.000,07:00,14.380500000086613
2025-07-28 08:00:00.000,08:00,49.91329999999144
2025-07-28 09:00:00.000,09:00,55.78909999988973
2025-07-28 10:00:00.000,10:00,44.330400000140074
2025-07-28 11:00:00.000,11:00,48.03339999997988
2025-07-28 12:00:00.000,12:00,68.5145999999717
2025-07-28 13:00:00.000,13:00,57.55719999987632
2025-07-28 14:00:00.000,14:00,48.27860000017099
2025-07-28 15:00:00.000,15:00,35.94299999999348
2025-07-28 16:00:00.000,16:00,44.806299999845216
2025-07-28 17:00:00.000,17:00,54.441700000036505
2025-07-28 18:00:00.000,18:00,50.45580000001937
2025-07-28 19:00:00.000,19:00,54.68389999996871
2025-07-28 20:00:00.000,20:00,35.23710000002757
2025-07-28 21:00:00.000,21:00,15.814299999992363
2025-07-28 22:00:00.000,22:00,13.311700000053019
2025-07-28 23:00:00.000,23:00,14.773999999954619
2025-07-29 00:00:00.000,00:00,11.029100000020117
2025-07-29 01:00:00.000,01:00,12.814799999934621
2025-07-29 02:00:00.000,02:00,11.784500000043773
2025-07-29 03:00:00.000,03:00,10.160000000102444
2025-07-29 04:00:00.000,04:00,10.823799999873154
2025-07-29 05:00:00.000,05:00,10.83519999999553
2025-07-29 06:00:00.000,06:00,10.59899999992922
2025-07-29 07:00:00.000,07:00,16.58350000008941
2025-07-29 08:00:00.000,08:00,32.7926555556271
2025-07-29 09:00:00.000,09:00,48.488333333335405
2025-07-29 10:00:00.000,10:00,45.01791111097361
2025-07-29 11:00:00.000,11:00,43.31880000005476
2025-07-29 12:00:00.000,12:00,67.2910000000149
2025-07-29 13:00:00.000,13:00,66.57919999998994
2025-07-29 14:00:00.000,14:00,52.68719999999739
2025-07-29 15:00:00.000,15:00,37.38180000009015
2025-07-29 16:00:00.000,16:00,48.97329999995418
2025-07-29 17:00:00.000,17:00,62.87345555557145
2025-07-29 18:00:00.000,18:00,52.44811111106537
2025-07-29 19:00:00.000,19:00,47.51893333336597
2025-07-29 20:00:00.000,20:00,29.90339999990538
2025-07-29 21:00:00.000,21:00,15.681444444572037
2025-07-29 22:00:00.000,22:00,12.212455555545684
2025-07-29 23:00:00.000,23:00,9.171099999989384
2025-07-30 00:00:00.000,00:00,8.890700000035576
2025-07-30 01:00:00.000,01:00,8.083899999852292
2025-07-30 02:00:00.000,02:00,8.036000000103378
2025-07-30 03:00:00.000,03:00,6.862100000027567
2025-07-30 04:00:00.000,04:00,7.604100000020116
2025-07-30 05:00:00.000,05:00,8.034399999841117
2025-07-30 06:00:00.000,06:00,7.983000000147149
2025-07-30 07:00:00.000,07:00,19.73389999985229
2025-07-30 08:00:00.000,08:00,35.13835454550784
2025-07-30 09:00:00.000,09:00,52.083445454503156
2025-07-30 10:00:00.000,10:00,52.514300000155345
2025-07-30 11:00:00.000,11:00,42.03499999996275
2025-07-30 12:00:00.000,12:00,79.54519999986513
2025-07-30 13:00:00.000,13:00,71.66280000004917
2025-07-30 14:00:00.000,14:00,52.041400000080465
2025-07-30 15:00:00.000,15:00,47.23994545448487
2025-07-30 16:00:00.000,16:00,65.42465454541697
2025-07-30 17:00:00.000,17:00,65.96670000015293
2025-07-30 18:00:00.000,18:00,44.22655454527756
2025-07-30 19:00:00.000,19:00,43.87834545461757
2025-07-30 20:00:00.000,20:00,23.917200000074487
2025-07-30 21:00:00.000,21:00,11.323222222142956
2025-07-30 22:00:00.000,22:00,10.211444444540474
2025-07-30 23:00:00.000,23:00,8.915333333244133
2025-07-31 00:00:00.000,00:00,7.542499999958091
2025-07-31 01:00:00.000,01:00,8.241300000087357
2025-07-31 02:00:00.000,02:00,6.8103000000352045
2025-07-31 03:00:00.000,03:00,7.438599999831058
2025-07-31 04:00:00.000,04:00,8.877000000188128
2025-07-31 05:00:00.000,05:00,7.8342999999178575
2025-07-31 06:00:00.000,06:00,6.270500000007451
2025-07-31 07:00:00.000,07:00,9.138099999958648
2025-07-31 08:00:00.000,08:00,55.42590000010095
2025-07-31 09:00:00.000,09:00,52.879299999889916
2025-07-31 10:00:00.000,10:00,43.500800000038
2025-07-31 11:00:00.000,11:00,37.945600000023845
2025-07-31 12:00:00.000,12:00,71.62639999999665
2025-07-31 13:00:00.000,13:00,65.18020000001415
2025-07-31 14:00:00.000,14:00,50.860018181758505
2025-07-31 15:00:00.000,15:00,42.64168181828731
2025-07-31 16:00:00.000,16:00,75.41905555545043
2025-07-31 17:00:00.000,17:00,59.5695444444272
2025-07-31 18:00:00.000,18:00,48.809100000094624
2025-07-31 19:00:00.000,19:00,47.62679999996908
2025-07-31 20:00:00.000,20:00,22.455299999914132
2025-07-31 21:00:00.000,21:00,11.419700000085868
2025-07-31 22:00:00.000,22:00,9.19645454551051
2025-07-31 23:00:00.000,23:00,8.63554545449601
2025-08-01 00:00:00.000,00:00,8.633700000005774
2025-08-01 01:00:00.000,01:00,8.38439999993425
2025-08-01 02:00:00.000,02:00,8.039300000015647
2025-08-01 03:00:00.000,03:00,8.10030000009574
2025-08-01 04:00:00.000,04:00,8.007700000028127
2025-08-01 05:00:00.000,05:00,7.581699999864213
2025-08-01 06:00:00.000,06:00,6.560100000095554
2025-08-01 07:00:00.000,07:00,9.798899999959394
2025-08-01 08:00:00.000,08:00,52.60978888883514
2025-08-01 09:00:00.000,09:00,60.9829111110626
2025-08-01 10:00:00.000,10:00,52.108200000179934
2025-08-01 11:00:00.000,11:00,51.47119999993592
2025-08-01 12:00:00.000,12:00,46.681799999997025
2025-08-01 13:00:00.000,13:00,63.5099090908781
2025-08-01 14:00:00.000,14:00,53.69629090906714
2025-08-01 15:00:00.000,15:00,39.24934545461173
2025-08-01 16:00:00.000,16:00,70.99323232318604
2025-08-01 17:00:00.000,17:00,77.483822222292
2025-08-01 18:00:00.000,18:00,66.68749090900899
2025-08-01 19:00:00.000,19:00,60.840636363591656
2025-08-01 20:00:00.000,20:00,24.066372727266174
2025-08-01 21:00:00.000,21:00,9.452100000018254
2025-08-01 22:00:00.000,22:00,9.262600000039674
2025-08-01 23:00:00.000,23:00,7.853199999965727
2025-08-02 00:00:00.000,00:00,8.906200000038371
2025-08-02 01:00:00.000,01:00,8.389000000013038
2025-08-02 02:00:00.000,02:00,7.506400000024587
2025-08-02 03:00:00.000,03:00,7.173999999999069
2025-08-02 04:00:00.000,04:00,7.982000000053086
2025-08-02 05:00:00.000,05:00,7.5883999998448415
2025-08-02 06:00:00.000,06:00,8.035200000018813
2025-08-02 07:00:00.000,07:00,15.615500000095926
2025-08-02 08:00:00.000,08:00,50.79841111097226
2025-08-02 09:00:00.000,09:00,53.75148888889493
2025-08-02 10:00:00.000,10:00,50.504200000083074
2025-08-02 11:00:00.000,11:00,41.0507999998983
2025-08-02 12:00:00.000,12:00,57.451800000108776
2025-08-02 13:00:00.000,13:00,53.92160000004806
2025-08-02 14:00:00.000,14:00,54.70459999986924
2025-08-02 15:00:00.000,15:00,49.605799999996094
2025-08-02 16:00:00.000,16:00,59.524800000106914
2025-08-02 17:00:00.000,17:00,59.931499999947846
2025-08-02 18:00:00.000,18:00,49.7497999999905
2025-08-02 19:00:00.000,19:00,48.4219000000041
2025-08-02 20:00:00.000,20:00,22.62710000006482
2025-08-02 21:00:00.000,21:00,12.242999999877066
2025-08-02 22:00:00.000,22:00,9.732772727424955
2025-08-02 23:00:00.000,23:00,8.465727272655137
2025-08-03 00:00:00.000,00:00,9.139199999975972
2025-08-03 01:00:00.000,01:00,7.216000000014901
2025-08-03 02:00:00.000,02:00,5.653200000035577
2025-08-03 03:00:00.000,03:00,6.1395000000717115
2025-08-03 04:00:00.000,04:00,7.0627999998163435
2025-08-03 05:00:00.000,05:00,7.161600000178441
2025-08-03 06:00:00.000,06:00,5.331499999877996
2025-08-03 07:00:00.000,07:00,18.885300000128336
2025-08-03 08:00:00.000,08:00,64.18169999984093
2025-08-03 09:00:00.000,09:00,46.343200000119396
2025-08-03 10:00:00.000,10:00,35.41120000001975
2025-08-03 11:00:00.000,11:00,45.49739999989979
2025-08-03 12:00:00.000,12:00,61.38920000009239
2025-08-03 13:00:00.000,13:00,61.331799999950455
2025-08-03 14:00:00.000,14:00,49.650400000039696
2025-08-03 15:00:00.000,15:00,47.916399999873505
2025-08-03 16:00:00.000,16:00,55.427000000071715
2025-08-03 17:00:00.000,17:00,56.52905454556246
2025-08-03 18:00:00.000,18:00,51.988989898965535
2025-08-03 19:00:00.000,19:00,52.93991919182655
2025-08-03 20:00:00.000,20:00,36.39843636364676
2025-08-03 21:00:00.000,21:00,11.861109090939333
2025-08-03 22:00:00.000,22:00,10.018490908976474
2025-08-03 23:00:00.000,23:00,10.321950531088959
2025-08-04 00:00:00.000,00:00,20.76300455235391
2025-08-04 01:00:00.000,01:00,20.76300455235391
2025-08-04 02:00:00.000,02:00,20.76300455235391
2025-08-04 03:00:00.000,03:00,20.76300455235391
2025-08-04 04:00:00.000,04:00,20.76300455235391
2025-08-04 05:00:00.000,05:00,20.76300455235391
2025-08-04 06:00:00.000,06:00,20.76300455235391
2025-08-04 07:00:00.000,07:00,20.76300455235391
2025-08-04 08:00:00.000,08:00,20.76300455235391
2025-08-04 09:00:00.000,09:00,20.76300455235391
2025-08-04 10:00:00.000,10:00,24.260603945434855
2025-08-04 11:00:00.000,11:00,47.5236000000732
2025-08-04 12:00:00.000,12:00,62.49560000002384
2025-08-04 13:00:00.000,13:00,63.478699999838135
2025-08-04 14:00:00.000,14:00,48.71980000010226
2025-08-04 15:00:00.000,15:00,48.60309999992605
2025-08-04 16:00:00.000,16:00,63.00080000015441
2025-08-04 17:00:00.000,17:00,60.547099999804054
2025-08-04 18:00:00.000,18:00,53.93941111116825
2025-08-04 19:00:00.000,19:00,49.874288888865465
2025-08-04 20:00:00.000,20:00,24.20120000010356
2025-08-04 21:00:00.000,21:00,12.58099999986589
2025-08-04 22:00:00.000,22:00,11.688800000073387
2025-08-04 23:00:00.000,23:00,11.44559999993071
2025-08-05 00:00:00.000,00:00,10.662100000004283
2025-08-05 01:00:00.000,01:00,11.272000000183471
2025-08-05 02:00:00.000,02:00,9.079699999932199
2025-08-05 03:00:00.000,03:00,9.567700000084006
2025-08-05 04:00:00.000,04:00,9.17019999998156
2025-08-05 05:00:00.000,05:00,9.412799999956043
2025-08-05 06:00:00.000,06:00,9.61650000005029
2025-08-05 07:00:00.000,07:00,16.483699999796226
2025-08-05 08:00:00.000,08:00,48.7485000000801
2025-08-05 09:00:00.000,09:00,62.81760000004433
2025-08-05 10:00:00.000,10:00,52.813799999980255
2025-08-05 11:00:00.000,11:00,43.324199999962005
2025-08-05 12:00:00.000,12:00,71.33160000001081
2025-08-05 13:00:00.000,13:00,57.65200000000186
2025-08-05 14:00:00.000,14:00,55.27160000004805
2025-08-05 15:00:00.000,15:00,37.099727272716436
2025-08-05 16:00:00.000,16:00,52.53147272718224
2025-08-05 17:00:00.000,17:00,56.61599999996833
2025-08-05 18:00:00.000,18:00,48.32924444460724
2025-08-05 19:00:00.000,19:00,46.80544444432275
2025-08-05 20:00:00.000,20:00,24.385711111247332
2025-08-05 21:00:00.000,21:00,13.462199999904259
2025-08-05 22:00:00.000,22:00,11.67519999993965
2025-08-05 23:00:00.000,23:00,10.329000000096858
2025-08-06 00:00:00.000,00:00,8.961727272676812
2025-08-06 01:00:00.000,01:00,9.392472727359698
2025-08-06 02:00:00.000,02:00,8.078999999887309
2025-08-06 03:00:00.000,03:00,9.1502000000095
2025-08-06 04:00:00.000,04:00,10.367300000065008
2025-08-06 05:00:00.000,05:00,8.05969999996014
2025-08-06 06:00:00.000,06:00,7.800700000114739
2025-08-06 07:00:00.000,07:00,18.16169999993872
2025-08-06 08:00:00.000,08:00,58.83349999999627
2025-08-06 09:00:00.000,09:00,53.83849999993109
2025-08-06 10:00:00.000,10:00,51.74140000008046
2025-08-06 11:00:00.000,11:00,51.20339999999851
2025-08-06 12:00:00.000,12:00,66.2380000000354
2025-08-06 13:00:00.000,13:00,58.43899999996647
2025-08-06 14:00:00.000,14:00,53.06679999995976
2025-08-06 15:00:00.000,15:00,34.192933333453
2025-08-06 16:00:00.000,16:00,58.20226666655185
2025-08-06 17:00:00.000,17:00,51.781955555515985
2025-08-06 18:00:00.000,18:00,46.21044444450592
2025-08-06 19:00:00.000,19:00,40.743500000041806
2025-08-06 20:00:00.000,20:00,28.147318181789228
2025-08-06 21:00:00.000,21:00,14.412781818143346
2025-08-06 22:00:00.000,22:00,10.802288888989844
2025-08-06 23:00:00.000,23:00,11.109111111016116
2025-08-07 00:00:00.000,00:00,7.843636363596571
2025-08-07 01:00:00.000,01:00,8.018863636310297
2025-08-07 02:00:00.000,02:00,9.339700000197627
2025-08-07 03:00:00.000,03:00,8.075899999798276
2025-08-07 04:00:00.000,04:00,7.736200000089593
2025-08-07 05:00:00.000,05:00,7.74059999997262
2025-08-07 06:00:00.000,06:00,6.898799999966286
2025-08-07 07:00:00.000,07:00,8.605100000021048
2025-08-07 08:00:00.000,08:00,48.85829999996349
2025-08-07 09:00:00.000,09:00,59.137900000019
2025-08-07 10:00:00.000,10:00,52.630000000167634
2025-08-07 11:00:00.000,11:00,49.825999999931085
2025-08-07 12:00:00.000,12:00,62.99740000003949
2025-08-07 13:00:00.000,13:00,58.2895999999096
2025-08-07 14:00:00.000,14:00,54.35980000003862
2025-08-07 15:00:00.000,15:00,37.88919999995269
2025-08-07 16:00:00.000,16:00,54.33390000006184
2025-08-07 17:00:00.000,17:00,51.74628181816079
2025-08-07 18:00:00.000,18:00,53.90627272729762
2025-08-07 19:00:00.000,19:00,46.96854545450769
2025-08-07 20:00:00.000,20:00,29.692999999970198
2025-08-07 21:00:00.000,21:00,17.262600000109522
2025-08-07 22:00:00.000,22:00,13.847733333168758
2025-08-07 23:00:00.000,23:00,12.585666666764558
2025-08-08 00:00:00.000,00:00,12.669000000036744
2025-08-08 01:00:00.000,01:00,11.551199999968098
2025-08-08 02:00:00.000,02:00,10.86899999990128
2025-08-08 03:00:00.000,03:00,11.206299999984912
2025-08-08 04:00:00.000,04:00,10.627100000088102
2025-08-08 05:00:00.000,05:00,11.567000000039116
2025-08-08 06:00:00.000,06:00,10.776199999963865
2025-08-08 07:00:00.000,07:00,37.06119999992661
2025-08-08 08:00:00.000,08:00,40.97530000007246
2025-08-08 09:00:00.000,09:00,53.86549999995623
2025-08-08 10:00:00.000,10:00,46.82400000006892
2025-08-08 11:00:00.000,11:00,43.92519999998621
2025-08-08 12:00:00.000,12:00,69.48499999991618
2025-08-08 13:00:00.000,13:00,64.85200000014156
2025-08-08 14:00:00.000,14:00,56.17239999999292
2025-08-08 15:00:00.000,15:00,38.812399999890474
2025-08-08 16:00:00.000,16:00,52.027109090979636
2025-08-08 17:00:00.000,17:00,56.37669090913101
2025-08-08 18:00:00.000,18:00,47.457099999929774
2025-08-08 19:00:00.000,19:00,49.128633333377856
2025-08-08 20:00:00.000,20:00,30.377966666656235
2025-08-08 21:00:00.000,21:00,13.23597272729755
2025-08-08 22:00:00.000,22:00,12.540282828324107
2025-08-08 23:00:00.000,23:00,10.03344444433848
2025-08-09 00:00:00.000,00:00,10.155599999963306
2025-08-09 01:00:00.000,01:00,8.953600000124425
2025-08-09 02:00:00.000,02:00,9.730700000026264
2025-08-09 03:00:00.000,03:00,10.08579999981448
2025-08-09 04:00:00.000,04:00,9.510700000170619
2025-08-09 05:00:00.000,05:00,7.640099999867379
2025-08-09 06:00:00.000,06:00,8.8740000000922
2025-08-09 07:00:00.000,07:00,8.021099999919533
2025-08-09 08:00:00.000,08:00,56.70710000002292
2025-08-09 09:00:00.000,09:00,76.14990000007674
2025-08-09 10:00:00.000,10:00,59.55099999988452
2025-08-09 11:00:00.000,11:00,42.27400000006892
2025-08-09 12:00:00.000,12:00,52.54439999996685
2025-08-09 13:00:00.000,13:00,59.63259999994189
2025-08-09 14:00:00.000,14:00,51.705511111269395
2025-08-09 15:00:00.000,15:00,45.07528888874998
2025-08-09 16:00:00.000,16:00,58.32632727278396
2025-08-09 17:00:00.000,17:00,50.40677272721659
2025-08-09 18:00:00.000,18:00,45.54520000007469
2025-08-09 19:00:00.000,19:00,42.17450000005774
2025-08-09 20:00:00.000,20:00,27.159499999997205
2025-08-09 21:00:00.000,21:00,17.46499999992084
2025-08-09 22:00:00.000,22:00,13.713700000056996
2025-08-09 23:00:00.000,23:00,8.595599999837578
2025-08-10 00:00:00.000,00:00,8.289181818190793
2025-08-10 01:00:00.000,01:00,8.221418181893586
2025-08-10 02:00:00.000,02:00,8.848800000036135
2025-08-10 03:00:00.000,03:00,7.8615999998990445
2025-08-10 04:00:00.000,04:00,7.848000000207685
2025-08-10 05:00:00.000,05:00,6.65309999990277
2025-08-10 06:00:00.000,06:00,7.256700000097044
2025-08-10 07:00:00.000,07:00,15.984999999869615
2025-08-10 08:00:00.000,08:00,63.1109999999404
2025-08-10 09:00:00.000,09:00,55.468200000119396
2025-08-10 10:00:00.000,10:00,57.27899999995716
2025-08-10 11:00:00.000,11:00,45.27159999995492
2025-08-10 12:00:00.000,12:00,58.057999999960884
2025-08-10 13:00:00.000,13:00,65.13406666684378
2025-08-10 14:00:00.000,14:00,66.77922222212267
2025-08-10 15:00:00.000,15:00,41.95091111110265
2025-08-10 16:00:00.000,16:00,53.87200000004377
2025-08-10 17:00:00.000,17:00,62.44640000003856
2025-08-10 18:00:00.000,18:00,56.89513333333501
2025-08-10 19:00:00.000,19:00,49.01516666663034
2025-08-10 20:00:00.000,20:00,23.620722222258337
2025-08-10 21:00:00.000,21:00,14.398277777666227
2025-08-10 22:00:00.000,22:00,9.110400000074879
2025-08-10 23:00:00.000,23:00,9.948100000014529
2025-08-11 00:00:00.000,00:00,9.35063636355864
2025-08-11 01:00:00.000,01:00,8.016963636392559
2025-08-11 02:00:00.000,02:00,8.418699999945238
2025-08-11 03:00:00.000,03:00,8.051599999982864
2025-08-11 04:00:00.000,04:00,7.705999999982305
2025-08-11 05:00:00.000,05:00,8.822100000083447
2025-08-11 06:00:00.000,06:00,8.160200000111946
2025-08-11 07:00:00.000,07:00,15.008999999798835
2025-08-11 08:00:00.000,08:00,50.69946666683277
2025-08-11 09:00:00.000,09:00,65.56413333334753
2025-08-11 10:00:00.000,10:00,63.961199999926606
2025-08-11 11:00:00.000,11:00,54.42839999995195
2025-08-11 12:00:00.000,12:00,69.33919999999925
2025-08-11 13:00:00.000,13:00,76.91520000007003
2025-08-11 14:00:00.000,14:00,57.6749999998603
2025-08-11 15:00:00.000,15:00,40.36840000003576
2025-08-11 16:00:00.000,16:00,51.398400000040425
2025-08-11 17:00:00.000,17:00,50.687800000095734
2025-08-11 18:00:00.000,18:00,57.06104444431193
2025-08-11 19:00:00.000,19:00,44.330455555621946
2025-08-11 20:00:00.000,20:00,24.99891818184829
2025-08-11 21:00:00.000,21:00,10.265181818134574
2025-08-11 22:00:00.000,22:00,11.91060000001453
2025-08-11 23:00:00.000,23:00,12.883399999933317
2025-08-12 00:00:00.000,00:00,10.557500000135041
2025-08-12 01:00:00.000,01:00,8.88780000002589
2025-08-12 02:00:00.000,02:00,9.638799999980257
2025-08-12 03:00:00.000,03:00,10.569299999927171
2025-08-12 04:00:00.000,04:00,8.59700000011362
2025-08-12 05:00:00.000,05:00,8.048399999830872
2025-08-12 06:00:00.000,06:00,9.02229999997653
2025-08-12 07:00:00.000,07:00,14.281500000110828
2025-08-12 08:00:00.000,08:00,48.561599999899045
2025-08-12 09:00:00.000,09:00,61.22799999997951
2025-08-12 10:00:00.000,10:00,50.85320000015199
2025-08-12 11:00:00.000,11:00,43.195599999977276
2025-08-12 12:00:00.000,12:00,58.01259999987669
2025-08-12 13:00:00.000,13:00,56.66740000001155
2025-08-12 14:00:00.000,14:00,53.88744444446121
2025-08-12 15:00:00.000,15:00,39.05445555565465
2025-08-12 16:00:00.000,16:00,45.96260000003968
2025-08-12 17:00:00.000,17:00,51.914299999875944
2025-08-12 18:00:00.000,18:00,47.06009999995585
2025-08-12 19:00:00.000,19:00,48.18600000010338
2025-08-12 20:00:00.000,20:00,25.068900000001303
2025-08-12 21:00:00.000,21:00,11.840999999991618
2025-08-12 22:00:00.000,22:00,11.887099999981
2025-08-12 23:00:00.000,23:00,11.123100000084378
2025-08-13 00:00:00.000,00:00,11.450999999884516
2025-08-13 01:00:00.000,01:00,10.613600000040606
2025-08-13 02:00:00.000,02:00,10.116399999987333
2025-08-13 03:00:00.000,03:00,10.067500000074507
2025-08-13 04:00:00.000,04:00,10.025499999918974
2025-08-13 05:00:00.000,05:00,8.807399999955669
2025-08-13 06:00:00.000,06:00,11.445400000060907
2025-08-13 07:00:00.000,07:00,18.234999999916184
2025-08-13 08:00:00.000,08:00,63.31501818182878
2025-08-13 09:00:00.000,09:00,50.075181818334386
2025-08-13 10:00:00.000,10:00,45.15819999999367
2025-08-13 11:00:00.000,11:00,43.040999999968335
2025-08-13 12:00:00.000,12:00,58.378399999905376
2025-08-13 13:00:00.000,13:00,58.81900000004097
2025-08-13 14:00:00.000,14:00,47.267854545557526
2025-08-13 15:00:00.000,15:00,42.07165656561936
2025-08-13 16:00:00.000,16:00,65.26007070695755
2025-08-13 17:00:00.000,17:00,63.59548484846347
2025-08-13 18:00:00.000,18:00,45.93896969715651
2025-08-13 19:00:00.000,19:00,48.062763636279854
2025-08-13 20:00:00.000,20:00,20.607800000021236
2025-08-13 21:00:00.000,21:00,9.617699999921022
2025-08-13 22:00:00.000,22:00,10.033600000012667
2025-08-13 23:00:00.000,23:00,10.80050000003539
2025-08-14 00:00:00.000,00:00,9.443799999984913
2025-08-14 01:00:00.000,01:00,8.4923999999417
2025-08-14 02:00:00.000,02:00,9.232800000160932
2025-08-14 03:00:00.000,03:00,8.972999999881722
2025-08-14 04:00:00.000,04:00,9.505800000065939
2025-08-14 05:00:00.000,05:00,8.358500000042842
2025-08-14 06:00:00.000,06:00,8.694099999847822
2025-08-14 07:00:00.000,07:00,17.29810000008438
2025-08-14 08:00:00.000,08:00,61.93290000001435
2025-08-14 09:00:00.000,09:00,67.8736909090372
2025-08-14 10:00:00.000,10:00,56.3919090909587
2025-08-14 11:00:00.000,11:00,44.13179999999702
2025-08-14 12:00:00.000,12:00,61.78299999991432
2025-08-14 13:00:00.000,13:00,65.84300000001676
2025-08-14 14:00:00.000,14:00,48.566755555595996
2025-08-14 15:00:00.000,15:00,36.223644444367125
2025-08-14 16:00:00.000,16:00,41.59930000002496
2025-08-14 17:00:00.000,17:00,46.34850000010337
2025-08-14 18:00:00.000,18:00,46.48981818187855
2025-08-14 19:00:00.000,19:00,44.32748181807004
2025-08-14 20:00:00.000,20:00,20.147588888936053
2025-08-14 21:00:00.000,21:00,9.893511111025388
2025-08-14 22:00:00.000,22:00,9.171500000008383
2025-08-14 23:00:00.000,23:00,8.631100000091829
2025-08-15 00:00:00.000,00:00,8.036181818164716
2025-08-15 01:00:00.000,01:00,8.165018181822433
2025-08-15 02:00:00.000,02:00,8.71570000005886
2025-08-15 03:00:00.000,03:00,9.211800000001677
2025-08-15 04:00:00.000,04:00,6.93789999994915
2025-08-15 05:00:00.000,05:00,7.000099999876692
2025-08-15 06:00:00.000,06:00,7.5121000001672655
2025-08-15 07:00:00.000,07:00,30.203099999856207
2025-08-15 08:00:00.000,08:00,51.97730000014417
2025-08-15 09:00:00.000,09:00,49.53979999984149
2025-08-15 10:00:00.000,10:00,52.66400000010617
2025-08-15 11:00:00.000,11:00,48.99740000003949
2025-08-15 12:00:00.000,12:00,63.33079999987967
2025-08-15 13:00:00.000,13:00,61.84859999995678
2025-08-15 14:00:00.000,14:00,51.71720000004226
2025-08-15 15:00:00.000,15:00,37.839800000127234
2025-08-15 16:00:00.000,16:00,48.96629999997094
2025-08-15 17:00:00.000,17:00,60.50969999996014
2025-08-15 18:00:00.000,18:00,53.91619999987694
2025-08-15 19:00:00.000,19:00,49.27580000006905
2025-08-15 20:00:00.000,20:00,23.695499999937603
2025-08-15 21:00:00.000,21:00,10.721700000168163
2025-08-15 22:00:00.000,22:00,10.725181818050755
2025-08-15 23:00:00.000,23:00,10.071818181842735
2025-08-16 00:00:00.000,00:00,11.120500000123865
2025-08-16 01:00:00.000,01:00,10.074099999992178
2025-08-16 02:00:00.000,02:00,9.516399999964051
2025-08-16 03:00:00.000,03:00,9.184000000031665
2025-08-16 04:00:00.000,04:00,8.463899999926799
2025-08-16 05:00:00.000,05:00,8.820500000007451
2025-08-16 06:00:00.000,06:00,10.36929999999702
2025-08-16 07:00:00.000,07:00,38.20210000004154
2025-08-16 08:00:00.000,08:00,46.0284999998752
2025-08-16 09:00:00.000,09:00,49.54890000014566
2025-08-16 10:00:00.000,10:00,44.19839999987744
2025-08-16 11:00:00.000,11:00,42.37099999999627
2025-08-16 12:00:00.000,12:00,55.90280000008643
2025-08-16 13:00:00.000,13:00,61.16999999997206
2025-08-16 14:00:00.000,14:00,60.884999999962744
2025-08-16 15:00:00.000,15:00,38.05560000007972
2025-08-16 16:00:00.000,16:00,48.06099999998696
2025-08-16 17:00:00.000,17:00,55.34059999994933
2025-08-16 18:00:00.000,18:00,55.60360000007786
2025-08-16 19:00:00.000,19:00,50.16979999989271
2025-08-16 20:00:00.000,20:00,20.208363636409526
2025-08-16 21:00:00.000,21:00,11.215858585871475
2025-08-16 22:00:00.000,22:00,14.05377777768158
2025-08-16 23:00:00.000,23:00,10.865999999985268
2025-08-17 00:00:00.000,00:00,9.009272727332162
2025-08-17 01:00:00.000,01:00,9.62082727273545
2025-08-17 02:00:00.000,02:00,9.019800000055692
2025-08-17 03:00:00.000,03:00,9.743900000024587
2025-08-17 04:00:00.000,04:00,9.402600000030361
2025-08-17 05:00:00.000,05:00,8.230999999842606
2025-08-17 06:00:00.000,06:00,8.991100000124424
2025-08-17 07:00:00.000,07:00,23.873100000061093
2025-08-17 08:00:00.000,08:00,39.80389999984764
2025-08-17 09:00:00.000,09:00,51.92131818186238
2025-08-17 10:00:00.000,10:00,44.28438181823373
2025-08-17 11:00:00.000,11:00,44.941999999899416
2025-08-17 12:00:00.000,12:00,57.129200000129636
2025-08-17 13:00:00.000,13:00,57.651200000010434
2025-08-17 14:00:00.000,14:00,50.35259999986738
2025-08-17 15:00:00.000,15:00,38.30559999998658
2025-08-17 16:00:00.000,16:00,47.302400000044145
2025-08-17 17:00:00.000,17:00,48.824799999990496
2025-08-17 18:00:00.000,18:00,51.651600000075995
2025-08-17 19:00:00.000,19:00,45.14309999998659
2025-08-17 20:00:00.000,20:00,17.23118888883748
2025-08-17 21:00:00.000,21:00,11.262911111126757
2025-08-17 22:00:00.000,22:00,9.872311111089463
2025-08-17 23:00:00.000,23:00,8.853888888920968
2025-08-18 00:00:00.000,00:00,8.78154545455155
2025-08-18 01:00:00.000,01:00,9.551954545398157
2025-08-18 02:00:00.000,02:00,9.54970000004396
2025-08-18 03:00:00.000,03:00,8.828099999995903
2025-08-18 04:00:00.000,04:00,7.803600000054576
2025-08-18 05:00:00.000,05:00,7.628599999984726
2025-08-18 06:00:00.000,06:00,8.267300000018441
2025-08-18 07:00:00.000,07:00,33.55589999987278
2025-08-18 08:00:00.000,08:00,54.738522222361325
2025-08-18 09:00:00.000,09:00,56.87497777773274
2025-08-18 10:00:00.000,10:00,43.166399999940765
2025-08-18 11:00:00.000,11:00,37.697685714312165
2025-08-18 12:00:00.000,12:00,67.61451428577836
2025-08-18 13:00:00.000,13:00,75.97980000004172
2025-08-18 14:00:00.000,14:00,55.71059999987483
2025-08-18 15:00:00.000,15:00,45.63220000001602
2025-08-18 16:00:00.000,16:00,56.36599999992177
2025-08-18 17:00:00.000,17:00,65.18300000010058
2025-08-18 18:00:00.000,18:00,61.27539999997243
2025-08-18 19:00:00.000,19:00,51.340200000070034
2025-08-18 20:00:00.000,20:00,24.03699999996461
2025-08-18 21:00:00.000,21:00,12.75559999991674
2025-08-18 22:00:00.000,22:00,10.325672727372414
2025-08-18 23:00:00.000,23:00,10.114727272800256
2025-08-19 00:00:00.000,00:00,9.24618181808513
2025-08-19 01:00:00.000,01:00,9.230618181814101
2025-08-19 02:00:00.000,02:00,8.80059999995865
2025-08-19 03:00:00.000,03:00,8.61249999993015
2025-08-19 04:00:00.000,04:00,7.672800000011922
2025-08-19 05:00:00.000,05:00,9.254000000027009
2025-08-19 06:00:00.000,06:00,8.272400000016205
2025-08-19 07:00:00.000,07:00,19.27740000002086
2025-08-19 08:00:00.000,08:00,42.193800000054765
2025-08-19 09:00:00.000,09:00,44.43269999999214
2025-08-19 10:00:00.000,10:00,27.518599999988112
2025-08-19 11:00:00.000,11:00,35.850600000051784
2025-08-19 12:00:00.000,12:00,53.72760000000708
2025-08-19 13:00:00.000,13:00,54.93459999994375
2025-08-19 14:00:00.000,14:00,50.44840000001713
2025-08-19 15:00:00.000,15:00,47.63659999999217
2025-08-19 16:00:00.000,16:00,52.624599999981
2025-08-19 17:00:00.000,17:00,54.885199999995535
2025-08-19 18:00:00.000,18:00,58.74934545463713
2025-08-19 19:00:00.000,19:00,47.280090908985585
2025-08-19 20:00:00.000,20:00,23.311563636345618
2025-08-19 21:00:00.000,21:00,11.35843636360104
2025-08-19 22:00:00.000,22:00,11.752363636353138
2025-08-19 23:00:00.000,23:00,10.387700692009485
2025-08-20 00:00:00.000,00:00,16.7031487889401
2025-08-20 01:00:00.000,01:00,16.7031487889401
2025-08-20 02:00:00.000,02:00,16.7031487889401
2025-08-20 03:00:00.000,03:00,16.7031487889401
2025-08-20 04:00:00.000,04:00,16.7031487889401
2025-08-20 05:00:00.000,05:00,16.7031487889401
2025-08-20 06:00:00.000,06:00,16.7031487889401
2025-08-20 07:00:00.000,07:00,16.7031487889401
2025-08-20 08:00:00.000,08:00,16.7031487889401
2025-08-20 09:00:00.000,09:00,34.029960207695254
2025-08-20 10:00:00.000,10:00,55.298899999813344
2025-08-20 11:00:00.000,11:00,56.20960000013001
2025-08-20 12:00:00.000,12:00,69.71990000002552
2025-08-20 13:00:00.000,13:00,63.75439999997616
2025-08-20 14:00:00.000,14:00,53.32160000002477
2025-08-20 15:00:00.000,15:00,33.697399999946356
2025-08-20 16:00:00.000,16:00,49.39090000004508
2025-08-20 17:00:00.000,17:00,62.182299999939275
2025-08-20 18:00:00.000,18:00,56.81650000005029
2025-08-20 19:00:00.000,19:00,51.729944444439994
2025-08-20 20:00:00.000,20:00,19.82215555560154
2025-08-20 21:00:00.000,21:00,11.644799999939279
2025-08-20 22:00:00.000,22:00,14.608000000054016
2025-08-20 23:00:00.000,23:00,10.794599999999628
2025-08-21 00:00:00.000,00:00,10.445999999996275
2025-08-21 01:00:00.000,01:00,11.26960000002291
2025-08-21 02:00:00.000,02:00,10.089000000013039
2025-08-21 03:00:00.000,03:00,9.82889999980107
2025-08-21 04:00:00.000,04:00,9.646600000071341
2025-08-21 05:00:00.000,05:00,10.007899999944494
2025-08-21 06:00:00.000,06:00,10.546100000129082
2025-08-21 07:00:00.000,07:00,31.434299999917858
2025-08-21 08:00:00.000,08:00,40.437500000023284
2025-08-21 09:00:00.000,09:00,57.932100000069475
2025-08-21 10:00:00.000,10:00,56.204999999841675
2025-08-21 11:00:00.000,11:00,59.52660000016913
2025-08-21 12:00:00.000,12:00,59.80839999997988
2025-08-21 13:00:00.000,13:00,54.37999999988824
2025-08-21 14:00:00.000,14:00,53.7688000000082
2025-08-21 15:00:00.000,15:00,41.5901999999769
2025-08-21 16:00:00.000,16:00,43.17380000003614
2025-08-21 17:00:00.000,17:00,59.01759999999776
2025-08-21 18:00:00.000,18:00,54.0771454544865
2025-08-21 19:00:00.000,19:00,43.97745454552245
2025-08-21 20:00:00.000,20:00,19.26160000008531
2025-08-21 21:00:00.000,21:00,9.180733333233123
2025-08-21 22:00:00.000,22:00,9.59266666669088
2025-08-21 23:00:00.000,23:00,8.387000000057743
2025-08-22 00:00:00.000,00:00,7.120727272746576
2025-08-22 01:00:00.000,01:00,6.415272727170536
2025-08-22 02:00:00.000,02:00,6.608899999968708
2025-08-22 03:00:00.000,03:00,6.824800000106917
2025-08-22 04:00:00.000,04:00,7.072000000020489
2025-08-22 05:00:00.000,05:00,7.206300000054762
2025-08-22 06:00:00.000,06:00,6.615799999888987
2025-08-22 07:00:00.000,07:00,6.124000000068918
2025-08-22 08:00:00.000,08:00,29.310599999944678
2025-08-22 09:00:00.000,09:00,47.191599999926986
2025-08-22 10:00:00.000,10:00,52.366200000001115
2025-08-22 11:00:00.000,11:00,52.80079999999143
2025-08-22 12:00:00.000,12:00,57.444600000139324
2025-08-22 13:00:00.000,13:00,62.63499999982305
2025-08-22 14:00:00.000,14:00,49.31640000012703
2025-08-22 15:00:00.000,15:00,44.747199999913576
2025-08-22 16:00:00.000,16:00,54.19060000004247
2025-08-22 17:00:00.000,17:00,57.388200000021605
2025-08-22 18:00:00.000,18:00,50.08779999995604
2025-08-22 19:00:00.000,19:00,44.731800000043584
2025-08-22 20:00:00.000,20:00,16.007200000016017
2025-08-22 21:00:00.000,21:00,9.236200000019744
2025-08-22 22:00:00.000,22:00,7.96422222225099
2025-08-22 23:00:00.000,23:00,6.982777777722934
2025-08-23 00:00:00.000,00:00,6.6194545454557305
2025-08-23 01:00:00.000,01:00,6.51194545459214
2025-08-23 02:00:00.000,02:00,7.562299999874085
2025-08-23 03:00:00.000,03:00,7.001000000094063
2025-08-23 04:00:00.000,04:00,6.095699999947101
2025-08-23 05:00:00.000,05:00,6.434100000048057
2025-08-23 06:00:00.000,06:00,6.133099999907427
2025-08-23 07:00:00.000,07:00,34.039100000076
2025-08-23 08:00:00.000,08:00,57.10820000001695
2025-08-23 09:00:00.000,09:00,66.30309999994934
2025-08-23 10:00:00.000,10:00,50.43800000003539
2025-08-23 11:00:00.000,11:00,30.921800000034274
2025-08-23 12:00:00.000,12:00,58.52779999999329
2025-08-23 13:00:00.000,13:00,62.104600000055505
2025-08-23 14:00:00.000,14:00,46.737599999969824
2025-08-23 15:00:00.000,15:00,39.23297777782298
2025-08-23 16:00:00.000,16:00,52.38402222207644
2025-08-23 17:00:00.000,17:00,60.98020000010729
2025-08-23 18:00:00.000,18:00,57.865799999982116
2025-08-23 19:00:00.000,19:00,44.68020000003744
2025-08-23 20:00:00.000,20:00,23.756599999964237
2025-08-23 21:00:00.000,21:00,14.077900000009686
2025-08-23 22:00:00.000,22:00,11.980299999960698
2025-08-23 23:00:00.000,23:00,11.678199999872595
2025-08-24 00:00:00.000,00:00,9.338100000075064
2025-08-24 01:00:00.000,01:00,9.785299999942072
2025-08-24 02:00:00.000,02:00,8.774800000060349
2025-08-24 03:00:00.000,03:00,8.220400000130757
2025-08-24 04:00:00.000,04:00,8.311999999824911
2025-08-24 05:00:00.000,05:00,8.357400000072085
2025-08-24 06:00:00.000,06:00,9.13910000002943
2025-08-24 07:00:00.000,07:00,15.314700000011364
2025-08-24 08:00:00.000,08:00,49.418299999902956
2025-08-24 09:00:00.000,09:00,62.94190000004601
2025-08-24 10:00:00.000,10:00,51.89940000004135
2025-08-24 11:00:00.000,11:00,33.91720000002533
2025-08-24 12:00:00.000,12:00,57.92679999987595
2025-08-24 13:00:00.000,13:00,55.55280000017956
2025-08-24 14:00:00.000,14:00,46.56139999995939
2025-08-24 15:00:00.000,15:00,47.25149090897123
2025-08-24 16:00:00.000,16:00,43.36390909103846
2025-08-24 17:00:00.000,17:00,56.18166666661596
2025-08-24 18:00:00.000,18:00,45.912533333318095
2025-08-24 19:00:00.000,19:00,41.214345454577014
2025-08-24 20:00:00.000,20:00,16.401343434270604
2025-08-24 21:00:00.000,21:00,9.151111111251844
2025-08-24 22:00:00.000,22:00,9.86579999984242
2025-08-24 23:00:00.000,23:00,9.581200000084937
2025-08-25 00:00:00.000,00:00,8.021363636224784
2025-08-25 01:00:00.000,01:00,8.103336363842457
2025-08-25 02:00:00.000,02:00,7.561699999938719
2025-08-25 03:00:00.000,03:00,7.076299999910407
2025-08-25 04:00:00.000,04:00,9.101100000110455
2025-08-25 05:00:00.000,05:00,7.890099999867379
2025-08-25 06:00:00.000,06:00,7.760000000032596
2025-08-25 07:00:00.000,07:00,6.383800000092015
2025-08-25 08:00:00.000,08:00,48.683399999933314
2025-08-25 09:00:00.000,09:00,45.02934444451239
2025-08-25 10:00:00.000,10:00,39.84075555554591
2025-08-25 11:00:00.000,11:00,36.92639999999665
2025-08-25 12:00:00.000,12:00,60.430799999926236
2025-08-25 13:00:00.000,13:00,65.23520000008867
2025-08-25 14:00:00.000,14:00,56.31459999987855
2025-08-25 15:00:00.000,15:00,37.25140000001993
2025-08-25 16:00:00.000,16:00,41.057800000091085
2025-08-25 17:00:00.000,17:00,51.313509090795094
2025-08-25 18:00:00.000,18:00,50.67509090913121
2025-08-25 19:00:00.000,19:00,46.8119090910239
2025-08-25 20:00:00.000,20:00,31.823727272620253
2025-08-25 21:00:00.000,21:00,14.54736363644373
2025-08-25 22:00:00.000,22:00,13.17639999984425
2025-08-25 23:00:00.000,23:00,13.92760000010021
2025-08-26 00:00:00.000,00:00,10.847636363638395
2025-08-26 01:00:00.000,01:00,11.450063636264002
2025-08-26 02:00:00.000,02:00,11.654000000096858
2025-08-26 03:00:00.000,03:00,10.688000000035391
2025-08-26 04:00:00.000,04:00,10.328799999994226
2025-08-26 05:00:00.000,05:00,11.361300000036135
2025-08-26 06:00:00.000,06:00,9.957600000011734
2025-08-26 07:00:00.000,07:00,17.592099999962375
2025-08-26 08:00:00.000,08:00,45.54899999995251
2025-08-26 09:00:00.000,09:00,58.26710000003223
2025-08-26 10:00:00.000,10:00,47.988400000054384
2025-08-26 11:00:00.000,11:00,51.042399999964985
2025-08-26 12:00:00.000,12:00,74.79459999985993
2025-08-26 13:00:00.000,13:00,66.91380000007338
2025-08-26 14:00:00.000,14:00,52.9566000000108
2025-08-26 15:00:00.000,15:00,40.469799999939276
2025-08-26 16:00:00.000,16:00,46.26725454552268
2025-08-26 17:00:00.000,17:00,59.71054545456374
2025-08-26 18:00:00.000,18:00,57.568800000054765
2025-08-26 19:00:00.000,19:00,54.40310909074985
2025-08-26 20:00:00.000,20:00,26.172290909176013
2025-08-26 21:00:00.000,21:00,14.88646666662664
2025-08-26 22:00:00.000,22:00,13.660222222174827
2025-08-26 23:00:00.000,23:00,12.865111111223491
2025-08-27 00:00:00.000,00:00,13.727636363674801
2025-08-27 01:00:00.000,01:00,13.44736363625535
2025-08-27 02:00:00.000,02:00,12.953500000014902
2025-08-27 03:00:00.000,03:00,11.851800000108778
2025-08-27 04:00:00.000,04:00,12.018099999823608
2025-08-27 05:00:00.000,05:00,13.059500000020488
2025-08-27 06:00:00.000,06:00,13.364800000167453
2025-08-27 07:00:00.000,07:00,20.196999999927357
2025-08-27 08:00:00.000,08:00,56.87190000007395
2025-08-27 09:00:00.000,09:00,50.069763636258855
2025-08-27 10:00:00.000,10:00,47.403836363558234
2025-08-27 11:00:00.000,11:00,47.73220000001602
2025-08-27 12:00:00.000,12:00,69.71440000017174
2025-08-27 13:00:00.000,13:00,73.43199999993668
2025-08-27 14:00:00.000,14:00,51.451800000015645
2025-08-27 15:00:00.000,15:00,37.88579999995418
2025-08-27 16:00:00.000,16:00,56.801399999903516
2025-08-27 17:00:00.000,17:00,65.01660000020638
2025-08-27 18:00:00.000,18:00,48.12259999983944
2025-08-27 19:00:00.000,19:00,43.12109090915288
2025-08-27 20:00:00.000,20:00,22.305464646492076
2025-08-27 21:00:00.000,21:00,10.329644444323558
2025-08-27 22:00:00.000,22:00,10.023163636449977
2025-08-27 23:00:00.000,23:00,9.965636363739826
2025-08-28 00:00:00.000,00:00,8.380636363607746
2025-08-28 01:00:00.000,01:00,9.02016363633712
2025-08-28 02:00:00.000,02:00,8.678800000017509
2025-08-28 03:00:00.000,03:00,8.28719999997411
2025-08-28 04:00:00.000,04:00,9.72749999994412
2025-08-28 05:00:00.000,05:00,9.149800000037066
2025-08-28 06:00:00.000,06:00,8.104599999892525
2025-08-28 07:00:00.000,07:00,10.511500000138767
2025-08-28 08:00:00.000,08:00,46.48099999984261
2025-08-28 09:00:00.000,09:00,54.206200000061656
2025-08-28 10:00:00.000,10:00,61.04979999996721
2025-08-28 11:00:00.000,11:00,50.88340000011958
2025-08-28 12:00:00.000,12:00,66.71279999990948
2025-08-28 13:00:00.000,13:00,61.24840000001714
2025-08-28 14:00:00.000,14:00,51.29240000005811
2025-08-28 15:00:00.000,15:00,47.09539999999106
2025-08-28 16:00:00.000,16:00,49.183399999938494
2025-08-28 17:00:00.000,17:00,52.658399999974705
2025-08-28 18:00:00.000,18:00,43.36749999998137
2025-08-28 19:00:00.000,19:00,37.54264545457607
2025-08-28 20:00:00.000,20:00,20.14625454556028
2025-08-28 21:00:00.000,21:00,10.495899999910034
2025-08-28 22:00:00.000,22:00,7.502099999948404
2025-08-28 23:00:00.000,23:00,7.8262000001035625
2025-08-29 00:00:00.000,00:00,7.616636363641274
2025-08-29 01:00:00.000,01:00,6.98586363625628
2025-08-29 02:00:00.000,02:00,8.478800000040792
2025-08-29 03:00:00.000,03:00,7.610899999970571
2025-08-29 04:00:00.000,04:00,7.4702000000048425
2025-08-29 05:00:00.000,05:00,7.474800000130199
2025-08-29 06:00:00.000,06:00,6.344499999959954
2025-08-29 07:00:00.000,07:00,37.312700000079346
2025-08-29 08:00:00.000,08:00,36.76078181806317
2025-08-29 09:00:00.000,09:00,50.94948484853493
2025-08-29 10:00:00.000,10:00,51.3321333333436
2025-08-29 11:00:00.000,11:00,44.356799999950454
2025-08-29 12:00:00.000,12:00,64.11660000011325
2025-08-29 13:00:00.000,13:00,56.347399999899785
2025-08-29 14:00:00.000,14:00,45.722600000072276
2025-08-29 15:00:00.000,15:00,38.66139999995939
2025-08-29 16:00:00.000,16:00,50.44700000002049
2025-08-29 17:00:00.000,17:00,43.50262222224329
2025-08-29 18:00:00.000,18:00,40.653977777674385
2025-08-29 19:00:00.000,19:00,38.2992000001017
2025-08-29 20:00:00.000,20:00,17.360999999893828
2025-08-29 21:00:00.000,21:00,10.646399999968708
2025-08-29 22:00:00.000,22:00,9.718800000147894
2025-08-29 23:00:00.000,23:00,8.844399999827147
2025-08-30 00:00:00.000,00:00,9.849545454564081
2025-08-30 01:00:00.000,01:00,8.734754545470192
2025-08-30 02:00:00.000,02:00,8.384699999983422
2025-08-30 03:00:00.000,03:00,7.573300000093877
2025-08-30 04:00:00.000,04:00,8.161299999896437
2025-08-30 05:00:00.000,05:00,8.392800000100397
2025-08-30 06:00:00.000,06:00,8.803199999872595
2025-08-30 07:00:00.000,07:00,36.84800000011455
2025-08-30 08:00:00.000,08:00,51.80839999997988
2025-08-30 09:00:00.000,09:00,51.30219999991823
2025-08-30 10:00:00.000,10:00,42.29840000015684
2025-08-30 11:00:00.000,11:00,35.22119999988936
2025-08-30 12:00:00.000,12:00,59.759599999990314
2025-08-30 13:00:00.000,13:00,59.32939999997616
2025-08-30 14:00:00.000,14:00,51.98939999998547
2025-08-30 15:00:00.000,15:00,37.786300000129266
2025-08-30 16:00:00.000,16:00,48.54309999989345
2025-08-30 17:00:00.000,17:00,51.03340000014287
2025-08-30 18:00:00.000,18:00,45.23088888875985
2025-08-30 19:00:00.000,19:00,41.04891111121202
2025-08-30 20:00:00.000,20:00,19.50299999990966
2025-08-30 21:00:00.000,21:00,14.302800000016578
2025-08-30 22:00:00.000,22:00,11.788800000119956
2025-08-30 23:00:00.000,23:00,11.948599999817088
2025-08-31 00:00:00.000,00:00,10.490200000000186
2025-08-31 01:00:00.000,01:00,10.840900000091642
2025-08-31 02:00:00.000,02:00,10.24329999999609
2025-08-31 03:00:00.000,03:00,10.932399999932386
2025-08-31 04:00:00.000,04:00,12.286000000056811
2025-08-31 05:00:00.000,05:00,11.181500000040979
2025-08-31 06:00:00.000,06:00,9.808600000059233
2025-08-31 07:00:00.000,07:00,36.56189999980852
2025-08-31 08:00:00.000,08:00,46.72970000009518
2025-08-31 09:00:00.000,09:00,46.87650000003632
2025-08-31 10:00:00.000,10:00,43.44679999994114
2025-08-31 11:00:00.000,11:00,36.70460000000894
2025-08-31 12:00:00.000,12:00,62.38360000005923
2025-08-31 13:00:00.000,13:00,53.03819999988191
2025-08-31 14:00:00.000,14:00,44.453600000077856
2025-08-31 15:00:00.000,15:00,43.67519999993965
2025-08-31 16:00:00.000,16:00,63.74936363637785
2025-08-31 17:00:00.000,17:00,50.35403636362065
2025-08-31 18:00:00.000,18:00,41.72719999998808
2025-08-31 19:00:00.000,19:00,40.158000000100586
2025-08-31 20:00:00.000,20:00,18.18419999992475
2025-08-31 21:00:00.000,21:00,11.479599999962375
2025-08-31 22:00:00.000,22:00,9.624800000013783
2025-08-31 23:00:00.000,23:00,9.659800000069662
2025-09-01 00:00:00.000,00:00,9.323636363620277
2025-09-01 01:00:00.000,01:00,9.650763636374506
2025-09-01 02:00:00.000,02:00,10.566700000083074
2025-09-01 03:00:00.000,03:00,9.327999999886378
2025-09-01 04:00:00.000,04:00,9.006199999991804
2025-09-01 05:00:00.000,05:00,9.21940000015311
2025-09-01 06:00:00.000,06:00,8.882699999818577
2025-09-01 07:00:00.000,07:00,34.88939999998547
2025-09-01 08:00:00.000,08:00,56.98000000005122
2025-09-01 09:00:00.000,09:00,53.85300000007264
2025-09-01 10:00:00.000,10:00,60.07779999992344
2025-09-01 11:00:00.000,11:00,40.125600000005214
2025-09-01 12:00:00.000,12:00,57.3336000001058
2025-09-01 13:00:00.000,13:00,71.20239999992774
2025-09-01 14:00:00.000,14:00,41.6331999999471
2025-09-01 15:00:00.000,15:00,30.549800000106917
2025-09-01 16:00:00.000,16:00,51.945599999977276
2025-09-01 17:00:00.000,17:00,46.06679999995977
2025-09-01 18:00:00.000,18:00,46.1928444444978
2025-09-01 19:00:00.000,19:00,17.938755555559567
2025-09-01 20:00:00.000,20:00,10.249599999981001
2025-09-01 21:00:00.000,21:00,7.764400000032037
2025-09-01 22:00:00.000,22:00,7.9758000000379985
2025-09-01 23:00:00.000,23:00,8.22200000002049
2025-09-02 00:00:00.000,00:00,8.921499999961815
2025-09-02 01:00:00.000,01:00,7.273600000026636
2025-09-02 02:00:00.000,02:00,7.517899999883957
2025-09-02 03:00:00.000,03:00,7.479900000011549
2025-09-02 04:00:00.000,04:00,7.31339999998454
2025-09-02 05:00:00.000,05:00,8.65659999991767
2025-09-02 06:00:00.000,06:00,7.318100000033155
2025-09-02 07:00:00.000,07:00,10.91490000009071
2025-09-02 08:00:00.000,08:00,55.11799999990035
2025-09-02 09:00:00.000,09:00,59.12400000018534
2025-09-02 10:00:00.000,10:00,54.94209999984596
2025-09-02 11:00:00.000,11:00,53.34419999998063
2025-09-02 12:00:00.000,12:00,62.887200000137085
2025-09-02 13:00:00.000,13:00,59.25579999992624
2025-09-02 14:00:00.000,14:00,46.47119999998249
2025-09-02 15:00:00.000,15:00,31.203400000045075
2025-09-02 16:00:00.000,16:00,50.92960000005551
2025-09-02 17:00:00.000,17:00,55.4429999999702
2025-09-02 18:00:00.000,18:00,40.815199999883774
2025-09-02 19:00:00.000,19:00,37.412800000095736
2025-09-02 20:00:00.000,20:00,12.703800000064074
2025-09-02 21:00:00.000,21:00,11.527699999907053
2025-09-02 22:00:00.000,22:00,12.690699999989011
2025-09-02 23:00:00.000,23:00,11.221399999922141
2025-09-03 00:00:00.000,00:00,11.074636363678358
2025-09-03 01:00:00.000,01:00,10.811263636431912
2025-09-03 02:00:00.000,02:00,10.724000000022352
2025-09-03 03:00:00.000,03:00,12.300200000056066
2025-09-03 04:00:00.000,04:00,11.251899999915622
2025-09-03 05:00:00.000,05:00,10.387800000049175
2025-09-03 06:00:00.000,06:00,10.8626999998698
2025-09-03 07:00:00.000,07:00,10.89089999999851
2025-09-03 08:00:00.000,08:00,47.39560000009369
2025-09-03 09:00:00.000,09:00,48.83100000005216
2025-09-03 10:00:00.000,10:00,52.92599999993108
2025-09-03 11:00:00.000,11:00,44.391000000014905
2025-09-03 12:00:00.000,12:00,64.26040000002831
2025-09-03 13:00:00.000,13:00,60.63219999992288
2025-09-03 14:00:00.000,14:00,47.01460000006482
2025-09-03 15:00:00.000,15:00,34.5323999999091
2025-09-03 16:00:00.000,16:00,41.66120000011288
2025-09-03 17:00:00.000,17:00,41.72479999996721
2025-09-03 18:00:00.000,18:00,46.80619999994524
2025-09-03 19:00:00.000,19:00,32.81179999997839
2025-09-03 20:00:00.000,20:00,13.187000000011176
2025-09-03 21:00:00.000,21:00,9.923000000044704
2025-09-03 22:00:00.000,22:00,11.646200000029058
2025-09-03 23:00:00.000,23:00,8.502199999988079
2025-09-04 00:00:00.000,00:00,7.486727272668345
2025-09-04 01:00:00.000,01:00,9.55947272726758
2025-09-04 02:00:00.000,02:00,8.075199999962933
2025-09-04 03:00:00.000,03:00,7.8422999999951575
2025-09-04 04:00:00.000,04:00,7.619500000122935
2025-09-04 05:00:00.000,05:00,7.58250000004191
2025-09-04 06:00:00.000,06:00,7.904499999852852
2025-09-04 07:00:00.000,07:00,34.77450000012759
2025-09-04 08:00:00.000,08:00,61.92539999997243
2025-09-04 09:00:00.000,09:00,48.25009999989997
2025-09-04 10:00:00.000,10:00,40.346600000094625
2025-09-04 11:00:00.000,11:00,51.67819999987259
2025-09-04 12:00:00.000,12:00,60.78600000012666
2025-09-04 13:00:00.000,13:00,69.36579999998212
2025-09-04 14:00:00.000,14:00,57.93400000000838
2025-09-04 15:00:00.000,15:00,43.27539999999572
2025-09-04 16:00:00.000,16:00,62.349200000055134
2025-09-04 17:00:00.000,17:00,45.37189999993425
2025-09-04 18:00:00.000,18:00,42.45570000006765
2025-09-04 19:00:00.000,19:00,31.73779999991465
2025-09-04 20:00:00.000,20:00,14.286200000019743
2025-09-04 21:00:00.000,21:00,11.317400000011549
2025-09-04 22:00:00.000,22:00,11.684399999957531
2025-09-04 23:00:00.000,23:00,11.09620000012219
2025-09-05 00:00:00.000,00:00,11.306899999827147
2025-09-05 01:00:00.000,01:00,11.316500000003725
2025-09-05 02:00:00.000,02:00,10.383599999989384
2025-09-05 03:00:00.000,03:00,10.478400000021793
2025-09-05 04:00:00.000,04:00,10.672700000135228
2025-09-05 05:00:00.000,05:00,9.613299999921583
2025-09-05 06:00:00.000,06:00,11.276299999910407
2025-09-05 07:00:00.000,07:00,11.991500000073575
2025-09-05 08:00:00.000,08:00,45.576300000050104
2025-09-05 09:00:00.000,09:00,54.4599999998929
2025-09-05 10:00:00.000,10:00,57.088900000019926
2025-09-05 11:00:00.000,11:00,40.28360000005924
2025-09-05 12:00:00.000,12:00,63.57879999997094
2025-09-05 13:00:00.000,13:00,67.08838181826286
2025-09-05 14:00:00.000,14:00,48.060618181759494
2025-09-05 15:00:00.000,15:00,38.32079999996349
2025-09-05 16:00:00.000,16:00,42.97249090905216
2025-09-05 17:00:00.000,17:00,45.060909091067415
2025-09-05 18:00:00.000,18:00,45.90599999991246
2025-09-05 19:00:00.000,19:00,30.420799999916923
2025-09-05 20:00:00.000,20:00,10.629000000050292
2025-09-05 21:00:00.000,21:00,7.010800000000745
2025-09-05 22:00:00.000,22:00,8.658288888985084
2025-09-05 23:00:00.000,23:00,8.008111111095381
2025-09-06 00:00:00.000,00:00,6.651272727176547
2025-09-06 01:00:00.000,01:00,6.8832272727275265
2025-09-06 02:00:00.000,02:00,6.835799999977462
2025-09-06 03:00:00.000,03:00,6.6789000001735985
2025-09-06 04:00:00.000,04:00,8.713599999970757
2025-09-06 05:00:00.000,05:00,6.2886999999172986
2025-09-06 06:00:00.000,06:00,6.4339000000152735
2025-09-06 07:00:00.000,07:00,35.494599999929775
2025-09-06 08:00:00.000,08:00,47.38610000002663
2025-09-06 09:00:00.000,09:00,53.09345555560818
2025-09-06 10:00:00.000,10:00,50.13224444439014
2025-09-06 11:00:00.000,11:00,45.93719999995083
2025-09-06 12:00:00.000,12:00,57.569200000120325
2025-09-06 13:00:00.000,13:00,53.32960000005551
2025-09-06 14:00:00.000,14:00,49.403422222146766
2025-09-06 15:00:00.000,15:00,44.36822222212019
2025-09-06 16:00:00.000,16:00,50.662282828361526
2025-09-06 17:00:00.000,17:00,55.70227272725156
2025-09-06 18:00:00.000,18:00,25.315818181904877
2025-09-06 19:00:00.000,19:00,24.670981818073514
2025-09-06 20:00:00.000,20:00,16.05800000000745
2025-09-06 21:00:00.000,21:00,15.140999999968335
2025-09-06 22:00:00.000,22:00,10.080800000065938
2025-09-06 23:00:00.000,23:00,9.68839999991469
2025-09-07 00:00:00.000,00:00,8.897800000174902
2025-09-07 01:00:00.000,01:00,9.002899999939837
2025-09-07 02:00:00.000,02:00,10.67439999987837
2025-09-07 03:00:00.000,03:00,9.0916000000434
2025-09-07 04:00:00.000,04:00,9.089100000122562
2025-09-07 05:00:00.000,05:00,8.717699999851174
2025-09-07 06:00:00.000,06:00,8.390400000172669
2025-09-07 07:00:00.000,07:00,36.41119999992661
2025-09-07 08:00:00.000,08:00,49.785799999930894
2025-09-07 09:00:00.000,09:00,40.708900000038554
2025-09-07 10:00:00.000,10:00,41.88400000003167
2025-09-07 11:00:00.000,11:00,37.21580000002868
2025-09-07 12:00:00.000,12:00,46.65819999990053
2025-09-07 13:00:00.000,13:00,62.64640000010841
2025-09-07 14:00:00.000,14:00,51.94199999994598
2025-09-07 15:00:00.000,15:00,40.921800000017335
2025-09-07 16:00:00.000,16:00,49.067799999954346
2025-09-07 17:00:00.000,17:00,46.705800000019366
2025-09-07 18:00:00.000,18:00,35.0953999999445
2025-09-07 19:00:00.000,19:00,14.989555555644134
2025-09-07 20:00:00.000,20:00,10.33084444439349
2025-09-07 21:00:00.000,21:00,6.9846000000834465
2025-09-07 22:00:00.000,22:00,8.261199999926612
2025-09-07 23:00:00.000,23:00,7.3777999999467285
2025-09-08 00:00:00.000,00:00,7.459181818222119
2025-09-08 01:00:00.000,01:00,8.554218181785705
2025-09-08 02:00:00.000,02:00,7.13630000015255
2025-09-08 03:00:00.000,03:00,6.972499999939465
2025-09-08 04:00:00.000,04:00,7.292600000044331
2025-09-08 05:00:00.000,05:00,6.628099999926053
2025-09-08 06:00:00.000,06:00,7.3954999999841675
2025-09-08 07:00:00.000,07:00,38.39499999994878
2025-09-08 08:00:00.000,08:00,54.50340000011492
2025-09-08 09:00:00.000,09:00,50.67810909092765
2025-09-08 10:00:00.000,10:00,51.322090909105135
2025-09-08 11:00:00.000,11:00,37.45759999994189
2025-09-08 12:00:00.000,12:00,60.14580000001006
2025-09-08 13:00:00.000,13:00,58.43899999996647
2025-09-08 14:00:00.000,14:00,55.48919999999926
2025-09-08 15:00:00.000,15:00,40.95099999997765
2025-09-08 16:00:00.000,16:00,42.52059999997728
2025-09-08 17:00:00.000,17:00,41.91980000007898
2025-09-08 18:00:00.000,18:00,42.14640000001528
2025-09-08 19:00:00.000,19:00,29.34499999997206
2025-09-08 20:00:00.000,20:00,12.68019999996759
2025-09-08 21:00:00.000,21:00,11.121600000001491
2025-09-08 22:00:00.000,22:00,12.181400000071152
2025-09-08 23:00:00.000,23:00,11.781399999931455
2025-09-09 00:00:00.000,00:00,11.91936363637532
2025-09-09 01:00:00.000,01:00,10.828736363709059
2025-09-09 02:00:00.000,02:00,10.883999999961816
2025-09-09 03:00:00.000,03:00,10.438400000077673
2025-09-09 04:00:00.000,04:00,11.493499999959022
2025-09-09 05:00:00.000,05:00,11.22299999995157
2025-09-09 06:00:00.000,06:00,10.534000000078231
2025-09-09 07:00:00.000,07:00,10.285399999981745
2025-09-09 08:00:00.000,08:00,31.613299999921583
2025-09-09 09:00:00.000,09:00,22.449027272639796
2025-09-09 10:00:00.000,10:00,31.7662727273535
2025-09-09 11:00:00.000,11:00,27.427000000094992
2025-09-09 12:00:00.000,12:00,32.73379999981262
2025-09-09 13:00:00.000,13:00,36.78580000004731
2025-09-09 14:00:00.000,14:00,33.17840000004507
2025-09-09 15:00:00.000,15:00,50.72940000006929
2025-09-09 16:00:00.000,16:00,51.62959999993698
2025-09-09 17:00:00.000,17:00,40.7713999999941
2025-09-09 18:00:00.000,18:00,35.173199999937786
2025-09-09 19:00:00.000,19:00,20.923200000030917
2025-09-09 20:00:00.000,20:00,11.317400000058115
2025-09-09 21:00:00.000,21:00,11.16359999999404
2025-09-09 22:00:00.000,22:00,11.2253999998793
2025-09-09 23:00:00.000,23:00,10.01480000000447
2025-09-10 00:00:00.000,00:00,9.244906250161876
2025-09-10 01:00:00.000,01:00,9.350575231396457
2025-09-10 02:00:00.000,02:00,9.772488215493716
2025-09-10 03:00:00.000,03:00,10.090949221992222
2025-09-10 04:00:00.000,04:00,9.465081081100317
2025-09-10 05:00:00.000,05:00,8.68033333330476
2025-09-10 06:00:00.000,06:00,9.354909909903185
2025-09-10 07:00:00.000,07:00,10.765640477592209
2025-09-10 08:00:00.000,08:00,51.83970164495543
2025-09-10 09:00:00.000,09:00,52.43845463423956
2025-09-10 10:00:00.000,10:00,51.225840000044556
2025-09-10 11:00:00.000,11:00,45.18470823511655
2025-09-10 12:00:00.000,12:00,73.43019607855811
2025-09-10 13:00:00.000,13:00,62.89050878963212
2025-09-10 14:00:00.000,14:00,46.482979623878194
2025-09-10 15:00:00.000,15:00,45.491060606119305
2025-09-10 16:00:00.000,16:00,46.837515981612746
2025-09-10 17:00:00.000,17:00,50.214246575376144
2025-09-10 18:00:00.000,18:00,47.73662052756894
2025-09-10 19:00:00.000,19:00,30.983512153560675
2025-09-10 20:00:00.000,20:00,15.939510558993899
2025-09-10 21:00:00.000,21:00,9.940780869512212
2025-09-10 22:00:00.000,22:00,8.838924444400602
2025-09-10 23:00:00.000,23:00,7.51481481482861
2025-09-11 00:00:00.000,00:00,7.078270152542049
2025-09-11 01:00:00.000,01:00,8.067893123367364
2025-09-11 02:00:00.000,02:00,8.602063179044876
2025-09-11 03:00:00.000,03:00,8.05226709475056
2025-09-11 04:00:00.000,04:00,7.220898876489881
2025-09-11 05:00:00.000,05:00,6.895175900808744
2025-09-11 06:00:00.000,06:00,7.671505747106056
2025-09-11 07:00:00.000,07:00,8.355624999967405
2025-09-11 08:00:00.000,08:00,52.56083548108567
2025-09-11 09:00:00.000,09:00,51.51999123231147
2025-09-11 10:00:00.000,10:00,42.46037383185196
2025-09-11 11:00:00.000,11:00,50.5304916069435
2025-09-11 12:00:00.000,12:00,57.59184466014862
2025-09-11 13:00:00.000,13:00,49.87651318764219
2025-09-11 14:00:00.000,14:00,48.14449999993667
2025-09-11 15:00:00.000,15:00,38.90413507755517
2025-09-11 16:00:00.000,16:00,36.82976744191851
2025-09-11 17:00:00.000,17:00,37.91978914730915
2025-09-11 18:00:00.000,18:00,38.46480000000448
2025-09-11 19:00:00.000,19:00,33.556269503551945
2025-09-11 20:00:00.000,20:00,9.013617021289278
2025-09-11 21:00:00.000,21:00,9.013617021289278
2025-09-11 22:00:00.000,22:00,8.368678272087223
2025-09-11 23:00:00.000,23:00,8.223896103899007
2025-09-12 00:00:00.000,00:00,8.046928927226311
2025-09-12 01:00:00.000,01:00,7.516027397208222
2025-09-12 02:00:00.000,02:00,7.516027397208222
2025-09-12 03:00:00.000,03:00,7.333052128636163
2025-09-12 04:00:00.000,04:00,7.291976047936313
2025-09-12 05:00:00.000,05:00,8.130083364028167
2025-09-12 06:00:00.000,06:00,32.43519553069192
2025-09-12 07:00:00.000,07:00,32.43519553069192
2025-09-12 08:00:00.000,08:00,32.980456452735005
2025-09-12 09:00:00.000,09:00,43.34041397155347
2025-09-12 10:00:00.000,10:00,43.34041397155347
2025-09-12 11:00:00.000,11:00,43.34041397155347
2025-09-12 12:00:00.000,12:00,43.34041397155347
2025-09-12 13:00:00.000,13:00,43.34041397155347
2025-09-12 14:00:00.000,14:00,43.34041397155347
2025-09-12 15:00:00.000,15:00,43.34041397155347
2025-09-12 16:00:00.000,16:00,43.34041397155347
2025-09-12 17:00:00.000,17:00,43.34041397155347
2025-09-12 18:00:00.000,18:00,43.34041397155347
2025-09-12 19:00:00.000,19:00,43.34041397155347
2025-09-12 20:00:00.000,20:00,43.34041397155347
2025-09-12 21:00:00.000,21:00,39.812011642793586
2025-09-12 22:00:00.000,22:00,8.894700000132435
2025-09-12 23:00:00.000,23:00,7.2553000000072645
2025-09-13 00:00:00.000,00:00,5.933636363489892
2025-09-13 01:00:00.000,01:00,7.201663636498745
2025-09-13 02:00:00.000,02:00,6.6306999999564145
2025-09-13 03:00:00.000,03:00,8.02959999993909
2025-09-13 04:00:00.000,04:00,6.920799999940209
2025-09-13 05:00:00.000,05:00,6.7853000000817705
2025-09-13 06:00:00.000,06:00,6.834500000067055
2025-09-13 07:00:00.000,07:00,24.603799999924377
2025-09-13 08:00:00.000,08:00,51.59018181825734
2025-09-13 09:00:00.000,09:00,57.804018181862986
2025-09-13 10:00:00.000,10:00,44.787399999937044
2025-09-13 11:00:00.000,11:00,45.4566000000108
2025-09-13 12:00:00.000,12:00,61.45600000000559
2025-09-13 13:00:00.000,13:00,65.07339999997058
2025-09-13 14:00:00.000,14:00,47.818800000008196
2025-09-13 15:00:00.000,15:00,33.52139999996871
2025-09-13 16:00:00.000,16:00,44.15639999997802
2025-09-13 17:00:00.000,17:00,56.281688888836655
2025-09-13 18:00:00.000,18:00,50.96131111122668
2025-09-13 19:00:00.000,19:00,28.63059999998659
2025-09-13 20:00:00.000,20:00,15.71986666670483
2025-09-13 21:00:00.000,21:00,11.302933333260524
2025-09-13 22:00:00.000,22:00,12.442800000077114
2025-09-13 23:00:00.000,23:00,9.808599999872968
2025-09-14 00:00:00.000,00:00,8.835909090915017
2025-09-14 01:00:00.000,01:00,10.834290909229523
2025-09-14 02:00:00.000,02:00,10.042399999918416
2025-09-14 03:00:00.000,03:00,9.974499999941328
2025-09-14 04:00:00.000,04:00,8.744700000016019
2025-09-14 05:00:00.000,05:00,9.436999999964609
2025-09-14 06:00:00.000,06:00,9.823200000147336
2025-09-14 07:00:00.000,07:00,27.08199999998324
2025-09-14 08:00:00.000,08:00,51.74819999993778
2025-09-14 09:00:00.000,09:00,56.04660000000149
2025-09-14 10:00:00.000,10:00,40.212600000062956
2025-09-14 11:00:00.000,11:00,34.78259999998845
2025-09-14 12:00:00.000,12:00,53.977799999900164
2025-09-14 13:00:00.000,13:00,61.21010000000242
2025-09-14 14:00:00.000,14:00,54.46870000010822
2025-09-14 15:00:00.000,15:00,39.02639999988023
2025-09-14 16:00:00.000,16:00,43.82440000008791
2025-09-14 17:00:00.000,17:00,46.9798999999417
2025-09-14 18:00:00.000,18:00,38.13189999999013
2025-09-14 19:00:00.000,19:00,14.71120000013616
2025-09-14 20:00:00.000,20:00,8.075599999865517
2025-09-14 21:00:00.000,21:00,9.285499999974855
2025-09-14 22:00:00.000,22:00,8.564700000104494
2025-09-14 23:00:00.000,23:00,10.596800000034273
2025-09-15 00:00:00.000,00:00,7.877499999967403
2025-09-15 01:00:00.000,01:00,9.03620000006631
2025-09-15 02:00:00.000,02:00,7.85579999985639
2025-09-15 03:00:00.000,03:00,9.387499999953434
2025-09-15 04:00:00.000,04:00,7.867000000108964
2025-09-15 05:00:00.000,05:00,9.781599999987522
2025-09-15 06:00:00.000,06:00,7.891500000027008
2025-09-15 07:00:00.000,07:00,36.01289999986636
2025-09-15 08:00:00.000,08:00,49.415300000192495
2025-09-15 09:00:00.000,09:00,55.17669999988284
2025-09-15 10:00:00.000,10:00,54.988999999966474
2025-09-15 11:00:00.000,11:00,39.82880000006408
2025-09-15 12:00:00.000,12:00,58.3692000000272
2025-09-15 13:00:00.000,13:00,54.61679999986663
2025-09-15 14:00:00.000,14:00,38.362200000043956
2025-09-15 15:00:00.000,15:00,17.63060000007972
2025-09-15 16:00:00.000,16:00,8.819199999934062
2025-09-15 17:00:00.000,17:00,8.154200000083074
2025-09-15 18:00:00.000,18:00,8.003000000026077
2025-09-15 19:00:00.000,19:00,7.748599999956786
2025-09-15 20:00:00.000,20:00,6.339399999938905
2025-09-15 21:00:00.000,21:00,8.71620000009425
2025-09-15 22:00:00.000,22:00,8.089799999934622
2025-09-15 23:00:00.000,23:00,7.342999999993481
2025-09-16 00:00:00.000,00:00,6.676700000069104
2025-09-16 01:00:00.000,01:00,7.014800000027753
2025-09-16 02:00:00.000,02:00,6.477099999855273
2025-09-16 03:00:00.000,03:00,8.970000000088476
2025-09-16 04:00:00.000,04:00,6.386000000080093
2025-09-16 05:00:00.000,05:00,6.575499999965541
2025-09-16 06:00:00.000,06:00,6.7716999999713146
2025-09-16 07:00:00.000,07:00,11.426399999880232
2025-09-16 08:00:00.000,08:00,65.96680000014604
2025-09-16 09:00:00.000,09:00,57.7536000000313
2025-09-16 10:00:00.000,10:00,45.97399999988265
2025-09-16 11:00:00.000,11:00,31.644800000078977
2025-09-16 12:00:00.000,12:00,57.204599999962376
2025-09-16 13:00:00.000,13:00,44.8761999999173
2025-09-16 14:00:00.000,14:00,38.78650000002236
2025-09-16 15:00:00.000,15:00,13.612100000074134
2025-09-16 16:00:00.000,16:00,6.739500000048428
2025-09-16 17:00:00.000,17:00,7.456399999954738
2025-09-16 18:00:00.000,18:00,7.151900000055321
2025-09-16 19:00:00.000,19:00,8.410099999816158
2025-09-16 20:00:00.000,20:00,6.884100000094622
2025-09-16 21:00:00.000,21:00,7.452999999956228
2025-09-16 22:00:00.000,22:00,6.794500000053085
2025-09-16 23:00:00.000,23:00,7.043700000015088
2025-09-17 00:00:00.000,00:00,6.719200000050478
2025-09-17 01:00:00.000,01:00,8.469799999985844
2025-09-17 02:00:00.000,02:00,5.890199999907054
2025-09-17 03:00:00.000,03:00,6.868400000105612
2025-09-17 04:00:00.000,04:00,5.894299999903888
2025-09-17 05:00:00.000,05:00,6.182600000011735
2025-09-17 06:00:00.000,06:00,8.000400000018999
2025-09-17 07:00:00.000,07:00,6.276699999999256
2025-09-17 08:00:00.000,08:00,47.822000000020495
2025-09-17 09:00:00.000,09:00,60.37959999996238
2025-09-17 10:00:00.000,10:00,43.548000000091264
2025-09-17 11:00:00.000,11:00,41.12839999990538
2025-09-17 12:00:00.000,12:00,61.87099999999627
2025-09-17 13:00:00.000,13:00,56.650799999944866
2025-09-17 14:00:00.000,14:00,37.026500000059606
2025-09-17 15:00:00.000,15:00,32.775600000075066
2025-09-17 16:00:00.000,16:00,12.25099999997765
2025-09-17 17:00:00.000,17:00,11.264099999866447
2025-09-17 18:00:00.000,18:00,11.3033000001451
2025-09-17 19:00:00.000,19:00,10.234299999964424
2025-09-17 20:00:00.000,20:00,9.089099999913014
2025-09-17 21:00:00.000,21:00,9.650200000032783
2025-09-17 22:00:00.000,22:00,9.877300000027754
2025-09-17 23:00:00.000,23:00,10.742200000071898
2025-09-18 00:00:00.000,00:00,8.633799999835901
2025-09-18 01:00:00.000,01:00,8.76460000006482
2025-09-18 02:00:00.000,02:00,8.605199999921023
2025-09-18 03:00:00.000,03:00,8.171000000135972
2025-09-18 04:00:00.000,04:00,9.113299999968149
2025-09-18 05:00:00.000,05:00,8.466100000031293
2025-09-18 06:00:00.000,06:00,8.249299999885261
2025-09-18 07:00:00.000,07:00,25.635500000044704
2025-09-18 08:00:00.000,08:00,42.95100000002421
2025-09-18 09:00:00.000,09:00,48.31159999999218
2025-09-18 10:00:00.000,10:00,40.20479999999515
2025-09-18 11:00:00.000,11:00,41.458999999985096
2025-09-18 12:00:00.000,12:00,71.40709999992977
2025-09-18 13:00:00.000,13:00,58.64570000011008
2025-09-18 14:00:00.000,14:00,49.6700999999186
2025-09-18 15:00:00.000,15:00,37.510700000077485
2025-09-18 16:00:00.000,16:00,52.50389999998733
2025-09-18 17:00:00.000,17:00,47.10889999994542
2025-09-18 18:00:00.000,18:00,43.34689999998081
2025-09-18 19:00:00.000,19:00,19.191500000003725
2025-09-18 20:00:00.000,20:00,7.893200000072829
2025-09-18 21:00:00.000,21:00,9.042300000065007
2025-09-18 22:00:00.000,22:00,8.210199999972247
2025-09-18 23:00:00.000,23:00,7.605299999937415
2025-09-19 00:00:00.000,00:00,6.764600000111386
2025-09-19 01:00:00.000,01:00,7.424099999829195
2025-09-19 02:00:00.000,02:00,6.970100000104867
2025-09-19 03:00:00.000,03:00,8.219800000078976
2025-09-19 04:00:00.000,04:00,6.398199999891222
2025-09-19 05:00:00.000,05:00,6.3143999999621885
2025-09-19 06:00:00.000,06:00,6.920500000054017
2025-09-19 07:00:00.000,07:00,7.884900000016205
2025-09-19 08:00:00.000,08:00,56.49380000005476
2025-09-19 09:00:00.000,09:00,64.77359999986366
2025-09-19 10:00:00.000,10:00,55.104199999989945
2025-09-19 11:00:00.000,11:00,37.91040000007487
2025-09-19 12:00:00.000,12:00,60.755200000014156
2025-09-19 13:00:00.000,13:00,55.79820000003092
2025-09-19 14:00:00.000,14:00,45.38449999990407
2025-09-19 15:00:00.000,15:00,39.77630000007339
2025-09-19 16:00:00.000,16:00,36.58519999997225
2025-09-19 17:00:00.000,17:00,43.375199999986215
2025-09-19 18:00:00.000,18:00,46.06080000007059
2025-09-19 19:00:00.000,19:00,35.44260000002105
2025-09-19 20:00:00.000,20:00,13.444799999915995
2025-09-19 21:00:00.000,21:00,10.387099999957718
2025-09-19 22:00:00.000,22:00,9.900800000084566
2025-09-19 23:00:00.000,23:00,9.371325000061187
2025-09-20 00:00:00.000,00:00,9.082974999852013
2025-09-20 01:00:00.000,01:00,11.25100000014063
2025-09-20 02:00:00.000,02:00,9.405899999919349
2025-09-20 03:00:00.000,03:00,8.909899999946356
2025-09-20 04:00:00.000,04:00,8.62770000002347
2025-09-20 05:00:00.000,05:00,9.054799999995158
2025-09-20 06:00:00.000,06:00,9.572190909053791
2025-09-20 07:00:00.000,07:00,34.023109090967445
2025-09-20 08:00:00.000,08:00,49.93080000006593
2025-09-20 09:00:00.000,09:00,38.56239999998361
2025-09-20 10:00:00.000,10:00,44.39280000003055
2025-09-20 11:00:00.000,11:00,35.99240000001155
2025-09-20 12:00:00.000,12:00,61.43669999998529
2025-09-20 13:00:00.000,13:00,52.557899999921204
2025-09-20 14:00:00.000,14:00,45.441499999980444
2025-09-20 15:00:00.000,15:00,32.48290000006091
2025-09-20 16:00:00.000,16:00,44.00900000003167
2025-09-20 17:00:00.000,17:00,57.807763636298475
2025-09-20 18:00:00.000,18:00,47.10963636361994
2025-09-20 19:00:00.000,19:00,24.57410000008531
2025-09-20 20:00:00.000,20:00,13.292000000015832
2025-09-20 21:00:00.000,21:00,14.666899999999442
2025-09-20 22:00:00.000,22:00,12.067599999951199
2025-09-20 23:00:00.000,23:00,11.229399999976158
2025-09-21 00:00:00.000,00:00,11.021636363648048
2025-09-21 01:00:00.000,01:00,10.888863636303522
2025-09-21 02:00:00.000,02:00,10.410000000009314
2025-09-21 03:00:00.000,03:00,10.155000000051224
2025-09-21 04:00:00.000,04:00,12.153799999947662
2025-09-21 05:00:00.000,05:00,10.364200000022539
2025-09-21 06:00:00.000,06:00,10.853100000089034
2025-09-21 07:00:00.000,07:00,28.613200000021607
2025-09-21 08:00:00.000,08:00,45.086311111022304
2025-09-21 09:00:00.000,09:00,50.22125252519471
2025-09-21 10:00:00.000,10:00,46.82903636361218
2025-09-21 11:00:00.000,11:00,41.34540000003763
2025-09-21 12:00:00.000,12:00,62.25359999998472
2025-09-21 13:00:00.000,13:00,55.97920000012964
2025-09-21 14:00:00.000,14:00,39.02599999997764
2025-09-21 15:00:00.000,15:00,42.95839999997989
2025-09-21 16:00:00.000,16:00,42.47655555549492
2025-09-21 17:00:00.000,17:00,47.512044444405994
2025-09-21 18:00:00.000,18:00,36.754300000029616
2025-09-21 19:00:00.000,19:00,35.8806999999797
2025-09-21 20:00:00.000,20:00,11.590800000121815
2025-09-21 21:00:00.000,21:00,10.678999999864027
2025-09-21 22:00:00.000,22:00,8.062600000109523
2025-09-21 23:00:00.000,23:00,6.96800000006333
2025-09-22 00:00:00.000,00:00,8.033818181604147
2025-09-22 01:00:00.000,01:00,7.396881818398834
2025-09-22 02:00:00.000,02:00,8.974499999918045
2025-09-22 03:00:00.000,03:00,7.09340000001248
2025-09-22 04:00:00.000,04:00,7.42589999998454
2025-09-22 05:00:00.000,05:00,7.200599999912083
2025-09-22 06:00:00.000,06:00,7.65530000005383
2025-09-22 07:00:00.000,07:00,38.03590000008698
2025-09-22 08:00:00.000,08:00,57.298300000000744
2025-09-22 09:00:00.000,09:00,64.97462222212926
2025-09-22 10:00:00.000,10:00,45.04357777778059
2025-09-22 11:00:00.000,11:00,36.19400000004098
2025-09-22 12:00:00.000,12:00,70.23760000001639
2025-09-22 13:00:00.000,13:00,51.55239999988116
2025-09-22 14:00:00.000,14:00,41.119400000059976
2025-09-22 15:00:00.000,15:00,14.16219999999739
2025-09-22 16:00:00.000,16:00,7.820999999996275
2025-09-22 17:00:00.000,17:00,7.194199999980628
2025-09-22 18:00:00.000,18:00,7.225400000065565
2025-09-22 19:00:00.000,19:00,7.68660000008531
2025-09-22 20:00:00.000,20:00,7.241999999852851
2025-09-22 21:00:00.000,21:00,6.539511111063055
2025-09-22 22:00:00.000,22:00,6.5430888890650944
2025-09-22 23:00:00.000,23:00,6.291799999820069
2025-09-23 00:00:00.000,00:00,7.373000000067987
2025-09-23 01:00:00.000,01:00,7.106900000036694
2025-09-23 02:00:00.000,02:00,6.393299999902956
2025-09-23 03:00:00.000,03:00,6.35830000010319
2025-09-23 04:00:00.000,04:00,6.211899999901652
2025-09-23 05:00:00.000,05:00,6.204800000111573
2025-09-23 06:00:00.000,06:00,8.177199999871664
2025-09-23 07:00:00.000,07:00,15.54950000010431
2025-09-23 08:00:00.000,08:00,57.80730000000913
2025-09-23 09:00:00.000,09:00,67.17700000004844
2025-09-23 10:00:00.000,10:00,37.12359999986366
2025-09-23 11:00:00.000,11:00,41.22820000001229
2025-09-23 12:00:00.000,12:00,64.70060000005178
2025-09-23 13:00:00.000,13:00,48.514999999990685
2025-09-23 14:00:00.000,14:00,39.60399999995715
2025-09-23 15:00:00.000,15:00,22.379400000069293
2025-09-23 16:00:00.000,16:00,9.595599999977276
2025-09-23 17:00:00.000,17:00,9.625400000112132
2025-09-23 18:00:00.000,18:00,7.647399999853224
2025-09-23 19:00:00.000,19:00,6.8624000000767404
2025-09-23 20:00:00.000,20:00,7.618800000008196
2025-09-23 21:00:00.000,21:00,6.6441272726917475
2025-09-23 22:00:00.000,22:00,8.123072727193886
2025-09-23 23:00:00.000,23:00,6.64820000003092
2025-09-24 00:00:00.000,00:00,6.8058999999891965
2025-09-24 01:00:00.000,01:00,6.2924999999813735
2025-09-24 02:00:00.000,02:00,7.135800000047311
2025-09-24 03:00:00.000,03:00,6.637300000083632
2025-09-24 04:00:00.000,04:00,7.582000000053085
2025-09-24 05:00:00.000,05:00,5.821099999989382
2025-09-24 06:00:00.000,06:00,6.384799999860116
2025-09-24 07:00:00.000,07:00,8.422900000074879
2025-09-24 08:00:00.000,08:00,58.90914444441183
2025-09-24 09:00:00.000,09:00,61.006155555488334
2025-09-24 10:00:00.000,10:00,45.30819999999367
2025-09-24 11:00:00.000,11:00,42.1992000001017
2025-09-24 12:00:00.000,12:00,61.92880000001751
2025-09-24 13:00:00.000,13:00,54.19939999999478
2025-09-24 14:00:00.000,14:00,38.14859999991022
2025-09-24 15:00:00.000,15:00,18.39692727277394
2025-09-24 16:00:00.000,16:00,10.59747272723947
2025-09-24 17:00:00.000,17:00,10.594799999985844
2025-09-24 18:00:00.000,18:00,6.514999999986454
2025-09-24 19:00:00.000,19:00,5.943399999993431
2025-09-24 20:00:00.000,20:00,6.442600000137463
2025-09-24 21:00:00.000,21:00,5.7973636362109
2025-09-24 22:00:00.000,22:00,7.2718181819655
2025-09-24 23:00:00.000,23:00,6.390818181786347
2025-09-25 00:00:00.000,00:00,6.139300000015647
2025-09-25 01:00:00.000,01:00,5.937899999856017
2025-09-25 02:00:00.000,02:00,5.6856000001076605
2025-09-25 03:00:00.000,03:00,6.450900000054389
2025-09-25 04:00:00.000,04:00,6.854400000022725
2025-09-25 05:00:00.000,05:00,6.027899999939837
2025-09-25 06:00:00.000,06:00,6.072999999998138
2025-09-25 07:00:00.000,07:00,29.97440000004135
2025-09-25 08:00:00.000,08:00,50.34459999996341
2025-09-25 09:00:00.000,09:00,42.50859999995575
2025-09-25 10:00:00.000,10:00,47.730999999912456
2025-09-25 11:00:00.000,11:00,42.169200000027196
2025-09-25 12:00:00.000,12:00,69.49360000002198
2025-09-25 13:00:00.000,13:00,58.232800000021236
2025-09-25 14:00:00.000,14:00,45.9061999999918
2025-09-25 15:00:00.000,15:00,35.08371111122477
2025-09-25 16:00:00.000,16:00,55.47248888876703
2025-09-25 17:00:00.000,17:00,56.18617777788184
2025-09-25 18:00:00.000,18:00,44.56132222212747
2025-09-25 19:00:00.000,19:00,26.907200000062584
2025-09-25 20:00:00.000,20:00,10.479900000058116
2025-09-25 21:00:00.000,21:00,7.621599999861791
2025-09-25 22:00:00.000,22:00,6.3510888889794135
2025-09-25 23:00:00.000,23:00,6.669111111071995
2025-09-26 00:00:00.000,00:00,6.867818181889809
2025-09-26 01:00:00.000,01:00,7.115181818210774
2025-09-26 02:00:00.000,02:00,7.6174999998649575
2025-09-26 03:00:00.000,03:00,6.353500000061468
2025-09-26 04:00:00.000,04:00,6.670999999903143
2025-09-26 05:00:00.000,05:00,6.68210000009276
2025-09-26 06:00:00.000,06:00,6.332899999991059
2025-09-26 07:00:00.000,07:00,37.775199999986214
2025-09-26 08:00:00.000,08:00,49.1486181818224
2025-09-26 09:00:00.000,09:00,53.32338181826794
2025-09-26 10:00:00.000,10:00,41.163799999980256
2025-09-26 11:00:00.000,11:00,40.07960000000894
2025-09-26 12:00:00.000,12:00,68.62499999990686
2025-09-26 13:00:00.000,13:00,61.02560000000522
2025-09-26 14:00:00.000,14:00,49.70160000012256
2025-09-26 15:00:00.000,15:00,49.28379999990575
2025-09-26 16:00:00.000,16:00,44.92129999999888
2025-09-26 17:00:00.000,17:00,50.80182727282359
2025-09-26 18:00:00.000,18:00,37.618545454482295
2025-09-26 19:00:00.000,19:00,29.372727272693407
2025-09-26 20:00:00.000,20:00,7.916699999953959
2025-09-26 21:00:00.000,21:00,6.772000000043772
2025-09-26 22:00:00.000,22:00,6.2108999999240035
2025-09-26 23:00:00.000,23:00,6.118150000117021
2025-09-27 00:00:00.000,00:00,7.358950000040932
2025-09-27 01:00:00.000,01:00,6.488299999875016
2025-09-27 02:00:00.000,02:00,6.211599999968894
2025-09-27 03:00:00.000,03:00,5.812999999988824
2025-09-27 04:00:00.000,04:00,6.111900000064634
2025-09-27 05:00:00.000,05:00,7.272600000048987
2025-09-27 06:00:00.000,06:00,6.625399999856018
2025-09-27 07:00:00.000,07:00,28.28880000014324
2025-09-27 08:00:00.000,08:00,52.89729999990668
2025-09-27 09:00:00.000,09:00,54.72040000006091
2025-09-27 10:00:00.000,10:00,44.917800000077115
2025-09-27 11:00:00.000,11:00,48.1584727272095
2025-09-27 12:00:00.000,12:00,62.754727272672405
2025-09-27 13:00:00.000,13:00,54.14211111119431
2025-09-27 14:00:00.000,14:00,44.3370888888422
2025-09-27 15:00:00.000,15:00,32.467600000021044
2025-09-27 16:00:00.000,16:00,55.82970000000205
2025-09-27 17:00:00.000,17:00,59.459199999901465
2025-09-27 18:00:00.000,18:00,44.011100000073206
2025-09-27 19:00:00.000,19:00,28.087100000027565
2025-09-27 20:00:00.000,20:00,9.738900000043213
2025-09-27 21:00:00.000,21:00,7.082381818159906
2025-09-27 22:00:00.000,22:00,6.944518181685867
2025-09-27 23:00:00.000,23:00,8.181300000054762
2025-09-28 00:00:00.000,00:00,6.118200000002981
2025-09-28 01:00:00.000,01:00,6.56070000003092
2025-09-28 02:00:00.000,02:00,5.992999999923632
2025-09-28 03:00:00.000,03:00,6.300200000102632
2025-09-28 04:00:00.000,04:00,7.839900000067427
2025-09-28 05:00:00.000,05:00,6.858599999826401
2025-09-28 06:00:00.000,06:00,5.705600000033155
2025-09-28 07:00:00.000,07:00,36.7269000000786
2025-09-28 08:00:00.000,08:00,48.93549999997485
2025-09-28 09:00:00.000,09:00,46.55819999999367
2025-09-28 10:00:00.000,10:00,50.45520000006072
2025-09-28 11:00:00.000,11:00,34.97859999984503
2025-09-28 12:00:00.000,12:00,50.56540000000969
2025-09-28 13:00:00.000,13:00,51.60172727276063
2025-09-28 14:00:00.000,14:00,40.97967272728724
2025-09-28 15:00:00.000,15:00,40.47250000010245
2025-09-28 16:00:00.000,16:00,32.1211909089555
2025-09-28 17:00:00.000,17:00,51.47190909096125
2025-09-28 18:00:00.000,18:00,42.09280000003055
2025-09-28 19:00:00.000,19:00,19.88308888886434
2025-09-28 20:00:00.000,20:00,11.673511111193026
2025-09-28 21:00:00.000,21:00,14.051399999950082
2025-09-28 22:00:00.000,22:00,8.842400000058115
2025-09-28 23:00:00.000,23:00,9.215799999982117
2025-09-29 00:00:00.000,00:00,8.758999999961816
2025-09-29 01:00:00.000,01:00,8.416600000020116
2025-09-29 02:00:00.000,02:00,9.09619999995921
2025-09-29 03:00:00.000,03:00,9.097700000088661
2025-09-29 04:00:00.000,04:00,8.607899999804795
2025-09-29 05:00:00.000,05:00,8.442700000060723
2025-09-29 06:00:00.000,06:00,7.214700000104495
2025-09-29 07:00:00.000,07:00,14.106099999905563
2025-09-29 08:00:00.000,08:00,50.446499999961816
2025-09-29 09:00:00.000,09:00,56.874822222206014
2025-09-29 10:00:00.000,10:00,31.4829777778385
2025-09-29 11:00:00.000,11:00,41.038400000007826
2025-09-29 12:00:00.000,12:00,62.10980000006966
2025-09-29 13:00:00.000,13:00,48.0577999999281
2025-09-29 14:00:00.000,14:00,42.332600000035015
2025-09-29 15:00:00.000,15:00,24.506400000071153
2025-09-29 16:00:00.000,16:00,10.605799999833108
2025-09-29 17:00:00.000,17:00,11.144200000073761
2025-09-29 18:00:00.000,18:00,6.985600000014529
2025-09-29 19:00:00.000,19:00,8.908399999933318
2025-09-29 20:00:00.000,20:00,7.970999999996275
2025-09-29 21:00:00.000,21:00,6.859000000124798
2025-09-29 22:00:00.000,22:00,6.637599999923259
2025-09-29 23:00:00.000,23:00,7.700200000079349
2025-09-30 00:00:00.000,00:00,7.338900000043213
2025-09-30 01:00:00.000,01:00,7.56049999978859
2025-09-30 02:00:00.000,02:00,6.316600000066683
2025-09-30 03:00:00.000,03:00,6.7749999999301505
2025-09-30 04:00:00.000,04:00,6.369500000076369
2025-09-30 05:00:00.000,05:00,6.723100000130945
2025-09-30 06:00:00.000,06:00,7.489499999838881
2025-09-30 07:00:00.000,07:00,14.518700000015087
2025-09-30 08:00:00.000,08:00,32.16356363631573
2025-09-30 09:00:00.000,09:00,42.32723636368967
2025-09-30 10:00:00.000,10:00,31.32320000003092
2025-09-30 11:00:00.000,11:00,38.02339999997057
2025-09-30 12:00:00.000,12:00,65.23000000007451
2025-09-30 13:00:00.000,13:00,48.11100000003353
2025-09-30 14:00:00.000,14:00,38.21740000001155
2025-09-30 15:00:00.000,15:00,22.308999999985097
2025-09-30 16:00:00.000,16:00,11.475599999865517
2025-09-30 17:00:00.000,17:00,11.65540000014007
2025-09-30 18:00:00.000,18:00,7.801599999889731
2025-09-30 19:00:00.000,19:00,7.671400000061839
2025-09-30 20:00:00.000,20:00,7.46899999990128
2025-09-30 21:00:00.000,21:00,6.758800000092014
2025-09-30 22:00:00.000,22:00,6.696199999889359
2025-09-30 23:00:00.000,23:00,8.625400000112132
2025-10-01 00:00:00.000,00:00,6.654799999948591
2025-10-01 01:00:00.000,01:00,6.394000000040979
2025-10-01 02:00:00.000,02:00,6.51789999990724
2025-10-01 03:00:00.000,03:00,6.055600000172854
2025-10-01 04:00:00.000,04:00,7.627899999986403
2025-10-01 05:00:00.000,05:00,6.937299999874085
2025-10-01 06:00:00.000,06:00,6.212599999993109
2025-10-01 07:00:00.000,07:00,12.606999999959953
2025-10-01 08:00:00.000,08:00,57.28660000008531
2025-10-01 09:00:00.000,09:00,65.7079666666609
2025-10-01 10:00:00.000,10:00,40.45953333325063
2025-10-01 11:00:00.000,11:00,41.70520000015385
2025-10-01 12:00:00.000,12:00,65.73999999989755
2025-10-01 13:00:00.000,13:00,64.60420000003651
2025-10-01 14:00:00.000,14:00,44.536945454581556
2025-10-01 15:00:00.000,15:00,21.808181818214837
2025-10-01 16:00:00.000,16:00,12.626672727144747
2025-10-01 17:00:00.000,17:00,10.957600000035018
2025-10-01 18:00:00.000,18:00,7.081600000010804
2025-10-01 19:00:00.000,19:00,7.347600000072271
2025-10-01 20:00:00.000,20:00,7.9351999999489635
2025-10-01 21:00:00.000,21:00,7.863799999933691
2025-10-01 22:00:00.000,22:00,6.341600000159815
2025-10-01 23:00:00.000,23:00,7.053200000012293
2025-10-02 00:00:00.000,00:00,6.6830909090243615
2025-10-02 01:00:00.000,01:00,6.26680909091268
2025-10-02 02:00:00.000,02:00,7.830400000000372
2025-10-02 03:00:00.000,03:00,6.57840000006836
2025-10-02 04:00:00.000,04:00,6.442899999790825
2025-10-02 05:00:00.000,05:00,6.519800000009127
2025-10-02 06:00:00.000,06:00,6.0726000001421205
2025-10-02 07:00:00.000,07:00,31.126200000033716
2025-10-02 08:00:00.000,08:00,51.53579999983259
2025-10-02 09:00:00.000,09:00,61.45860000015754
2025-10-02 10:00:00.000,10:00,40.03319999985397
2025-10-02 11:00:00.000,11:00,36.52080000010319
2025-10-02 12:00:00.000,12:00,66.45019999998622
2025-10-02 13:00:00.000,13:00,62.20490000001155
2025-10-02 14:00:00.000,14:00,50.263572727228436
2025-10-02 15:00:00.000,15:00,40.42422727270433
2025-10-02 16:00:00.000,16:00,51.831000000122
2025-10-02 17:00:00.000,17:00,46.51649999984286
2025-10-02 18:00:00.000,18:00,39.54700000008398
2025-10-02 19:00:00.000,19:00,15.917800000058062
2025-10-02 20:00:00.000,20:00,10.04369999996852
2025-10-02 21:00:00.000,21:00,7.754277777739076
2025-10-02 22:00:00.000,22:00,6.898404040463231
2025-10-02 23:00:00.000,23:00,7.478818181838671
2025-10-03 00:00:00.000,00:00,8.608100000023843
2025-10-03 01:00:00.000,01:00,7.383099999860861
2025-10-03 02:00:00.000,02:00,6.981599999964238
2025-10-03 03:00:00.000,03:00,7.104000000050291
2025-10-03 04:00:00.000,04:00,7.343699999921956
2025-10-03 05:00:00.000,05:00,7.9825000001816075
2025-10-03 06:00:00.000,06:00,7.275099999899975
2025-10-03 07:00:00.000,07:00,10.027000000001863
2025-10-03 08:00:00.000,08:00,49.76134444444647
2025-10-03 09:00:00.000,09:00,69.3113555555025
2025-10-03 10:00:00.000,10:00,49.575400000018995
2025-10-03 11:00:00.000,11:00,38.541399999987334
2025-10-03 12:00:00.000,12:00,52.11120000015944
2025-10-03 13:00:00.000,13:00,55.967866666599484
2025-10-03 14:00:00.000,14:00,45.62513333332414
2025-10-03 15:00:00.000,15:00,34.18299999991432
2025-10-03 16:00:00.000,16:00,45.19760000014212
2025-10-03 17:00:00.000,17:00,43.20896363625176
2025-10-03 18:00:00.000,18:00,33.30943636362102
2025-10-03 19:00:00.000,19:00,20.870400000037627
2025-10-03 20:00:00.000,20:00,10.165299999946727
2025-10-03 21:00:00.000,21:00,7.362600000062957
2025-10-03 22:00:00.000,22:00,8.365699999965727
2025-10-03 23:00:00.000,23:00,8.285200000135228
2025-10-04 00:00:00.000,00:00,7.443499999982305
2025-10-04 01:00:00.000,01:00,6.784499999927357
2025-10-04 02:00:00.000,02:00,6.890600000042468
2025-10-04 03:00:00.000,03:00,8.390499999979511
2025-10-04 04:00:00.000,04:00,8.377099999878556
2025-10-04 05:00:00.000,05:00,7.178500000084751
2025-10-04 06:00:00.000,06:00,6.663399999984541
2025-10-04 07:00:00.000,07:00,36.499600000004286
2025-10-04 08:00:00.000,08:00,42.5050999999512
2025-10-04 09:00:00.000,09:00,46.83420000001788
2025-10-04 10:00:00.000,10:00,44.87680000001565
2025-10-04 11:00:00.000,11:00,38.18660000003874
2025-10-04 12:00:00.000,12:00,56.37882222217094
2025-10-04 13:00:00.000,13:00,59.61617777784769
2025-10-04 14:00:00.000,14:00,48.49219999988563
2025-10-04 15:00:00.000,15:00,37.658600000059224
2025-10-04 16:00:00.000,16:00,45.17430000000168
2025-10-04 17:00:00.000,17:00,42.20077272730414
2025-10-04 18:00:00.000,18:00,48.40322727265302
2025-10-04 19:00:00.000,19:00,33.4025000001071
2025-10-04 20:00:00.000,20:00,10.616999999945982
2025-10-04 21:00:00.000,21:00,6.670999999972992
2025-10-04 22:00:00.000,22:00,6.230500000133179
2025-10-04 23:00:00.000,23:00,7.227499999990687
2025-10-05 00:00:00.000,00:00,6.224299999838695
2025-10-05 01:00:00.000,01:00,7.258600000059232
2025-10-05 02:00:00.000,02:00,6.798300000000745
2025-10-05 03:00:00.000,03:00,6.601500000013038
2025-10-05 04:00:00.000,04:00,6.167899999953806
2025-10-05 05:00:00.000,05:00,6.030300000100397
2025-10-05 06:00:00.000,06:00,6.110399999888614
2025-10-05 07:00:00.000,07:00,24.446900000073946
2025-10-05 08:00:00.000,08:00,45.17059999997728
2025-10-05 09:00:00.000,09:00,52.72120000012219
2025-10-05 10:00:00.000,10:00,40.12399999992922
2025-10-05 11:00:00.000,11:00,34.51839999994263
2025-10-05 12:00:00.000,12:00,60.77779999994673
2025-10-05 13:00:00.000,13:00,61.692577777896076
2025-10-05 14:00:00.000,14:00,50.86462222225964
2025-10-05 15:00:00.000,15:00,33.68599999984726
2025-10-05 16:00:00.000,16:00,38.515000000083816
2025-10-05 17:00:00.000,17:00,36.631999999983236
2025-10-05 18:00:00.000,18:00,39.147200000053274
2025-10-05 19:00:00.000,19:00,15.81079999995418
2025-10-05 20:00:00.000,20:00,11.22660000002943
2025-10-05 21:00:00.000,21:00,8.971199999935925
2025-10-05 22:00:00.000,22:00,10.196200000075624
2025-10-05 23:00:00.000,23:00,8.23960000006482
2025-10-06 00:00:00.000,00:00,9.131545454390686
2025-10-06 01:00:00.000,01:00,7.88965454547539
2025-10-06 02:00:00.000,02:00,7.441500000096856
2025-10-06 03:00:00.000,03:00,7.144599999883212
2025-10-06 04:00:00.000,04:00,7.561400000052527
2025-10-06 05:00:00.000,05:00,7.577800000016578
2025-10-06 06:00:00.000,06:00,7.721899999957532
2025-10-06 07:00:00.000,07:00,13.137900000018998
2025-10-06 08:00:00.000,08:00,63.97009999996517
2025-10-06 09:00:00.000,09:00,61.007200000085874
2025-10-06 10:00:00.000,10:00,35.26759999992792
2025-10-06 11:00:00.000,11:00,45.76460000006482
2025-10-06 12:00:00.000,12:00,60.605399999953804
2025-10-06 13:00:00.000,13:00,55.90139999995009
2025-10-06 14:00:00.000,14:00,46.92070000001695
2025-10-06 15:00:00.000,15:00,27.446499999961816
2025-10-06 16:00:00.000,16:00,11.555600000126287
2025-10-06 17:00:00.000,17:00,11.126200000010432
2025-10-06 18:00:00.000,18:00,9.894199999934063
2025-10-06 19:00:00.000,19:00,10.025999999977648
2025-10-06 20:00:00.000,20:00,10.310999999986961
2025-10-06 21:00:00.000,21:00,8.570422222351448
2025-10-06 22:00:00.000,22:00,11.067977777726224
2025-10-06 23:00:00.000,23:00,9.76879999989178
2025-10-07 00:00:00.000,00:00,9.279700000118464
2025-10-07 01:00:00.000,01:00,8.850499999988823
2025-10-07 02:00:00.000,02:00,9.13169999998063
2025-10-07 03:00:00.000,03:00,9.471999999973924
2025-10-07 04:00:00.000,04:00,9.975300000002608
2025-10-07 05:00:00.000,05:00,8.52360000004992
2025-10-07 06:00:00.000,06:00,8.3791000000434
2025-10-07 07:00:00.000,07:00,25.19499999987893
2025-10-07 08:00:00.000,08:00,61.03240000007209
2025-10-07 09:00:00.000,09:00,51.655900000035764
2025-10-07 10:00:00.000,10:00,42.39999999990687
2025-10-07 11:00:00.000,11:00,37.27760000005364
2025-10-07 12:00:00.000,12:00,75.99419999993407
2025-10-07 13:00:00.000,13:00,52.95919999992475
2025-10-07 14:00:00.000,14:00,44.870981818264006
2025-10-07 15:00:00.000,15:00,20.532818181893195
2025-10-07 16:00:00.000,16:00,10.36359999999404
2025-10-07 17:00:00.000,17:00,9.72440000004135
2025-10-07 18:00:00.000,18:00,7.460799999861046
2025-10-07 19:00:00.000,19:00,6.94740000013262
2025-10-07 20:00:00.000,20:00,8.152799999993295
2025-10-07 21:00:00.000,21:00,6.156999999843538
2025-10-07 22:00:00.000,22:00,6.883700000075624
2025-10-07 23:00:00.000,23:00,6.19130000001751
2025-10-08 00:00:00.000,00:00,6.468800000054761
2025-10-08 01:00:00.000,01:00,6.306499999994412
2025-10-08 02:00:00.000,02:00,7.020099999988451
2025-10-08 03:00:00.000,03:00,5.588699999987147
2025-10-08 04:00:00.000,04:00,6.500899999937975
2025-10-08 05:00:00.000,05:00,5.195200000051409
2025-10-08 06:00:00.000,06:00,5.778599999961443
2025-10-08 07:00:00.000,07:00,32.42364444438006
2025-10-08 08:00:00.000,08:00,52.29782828297278
2025-10-08 09:00:00.000,09:00,53.689327272624624
2025-10-08 10:00:00.000,10:00,53.10060000009834
2025-10-08 11:00:00.000,11:00,45.905199999921024
2025-10-08 12:00:00.000,12:00,71.31199999996461
2025-10-08 13:00:00.000,13:00,58.37639999999665
2025-10-08 14:00:00.000,14:00,41.631472727376966
2025-10-08 15:00:00.000,15:00,23.90122727272101
2025-10-08 16:00:00.000,16:00,9.13983333321909
2025-10-08 17:00:00.000,17:00,6.7035666666769735
2025-10-08 18:00:00.000,18:00,9.347281818138436
2025-10-08 19:00:00.000,19:00,8.098929292936292
2025-10-08 20:00:00.000,20:00,7.524288889072421
2025-10-08 21:00:00.000,21:00,5.993399999872782
2025-10-08 22:00:00.000,22:00,7.7027000000700365
2025-10-08 23:00:00.000,23:00,7.954499999876134
2025-10-09 00:00:00.000,00:00,7.749300000141375
2025-10-09 01:00:00.000,01:00,6.153699999931268
2025-10-09 02:00:00.000,02:00,7.169799999985845
2025-10-09 03:00:00.000,03:00,6.289300000132062
2025-10-09 04:00:00.000,04:00,6.467099999985658
2025-10-09 05:00:00.000,05:00,7.380599999823608
2025-10-09 06:00:00.000,06:00,7.497700000135229
2025-10-09 07:00:00.000,07:00,20.737500000035986
2025-10-09 08:00:00.000,08:00,63.101363636362784
2025-10-09 09:00:00.000,09:00,58.434236363592476
2025-10-09 10:00:00.000,10:00,45.72679999992251
2025-10-09 11:00:00.000,11:00,42.76530000003986
2025-10-09 12:00:00.000,12:00,72.21660000002011
2025-10-09 13:00:00.000,13:00,68.19119999993127
2025-10-09 14:00:00.000,14:00,49.59239999998826
2025-10-09 15:00:00.000,15:00,35.96330000010785
2025-10-09 16:00:00.000,16:00,48.40470000002533
2025-10-09 17:00:00.000,17:00,42.978000000002794
2025-10-09 18:00:00.000,18:00,45.38249999992549
2025-10-09 19:00:00.000,19:00,18.797100000013597
2025-10-09 20:00:00.000,20:00,10.12119999998249
2025-10-09 21:00:00.000,21:00,8.959199999994599
2025-10-09 22:00:00.000,22:00,10.837200000020676
2025-10-09 23:00:00.000,23:00,8.912900000042283
2025-10-10 00:00:00.000,00:00,8.183199999923819
2025-10-10 01:00:00.000,01:00,8.671300000092014
2025-10-10 02:00:00.000,02:00,8.878199999849311
2025-10-10 03:00:00.000,03:00,9.31670000012964
2025-10-10 04:00:00.000,04:00,8.967100000055506
2025-10-10 05:00:00.000,05:00,8.299199999822303
2025-10-10 06:00:00.000,06:00,8.193200000119397
2025-10-10 07:00:00.000,07:00,9.947736363563774
2025-10-10 08:00:00.000,08:00,37.95096363638612
2025-10-10 09:00:00.000,09:00,59.760599999967965
2025-10-10 10:00:00.000,10:00,53.4880000000354
2025-10-10 11:00:00.000,11:00,35.96200000001117
2025-10-10 12:00:00.000,12:00,64.3098000000231
2025-10-10 13:00:00.000,13:00,59.637999999918975
2025-10-10 14:00:00.000,14:00,41.95430000000633
2025-10-10 15:00:00.000,15:00,32.90930000003427
2025-10-10 16:00:00.000,16:00,40.86720000004861
2025-10-10 17:00:00.000,17:00,43.13289999992121
2025-10-10 18:00:00.000,18:00,37.82519999998621
2025-10-10 19:00:00.000,19:00,20.55040000004228
2025-10-10 20:00:00.000,20:00,12.680400000046937
2025-10-10 21:00:00.000,21:00,9.077900000056252
2025-10-10 22:00:00.000,22:00,9.113699999894015
2025-10-10 23:00:00.000,23:00,9.207700000074691
2025-10-11 00:00:00.000,00:00,8.784199999994598
2025-10-11 01:00:00.000,01:00,10.350899999984541
2025-10-11 02:00:00.000,02:00,8.381099999905564
2025-10-11 03:00:00.000,03:00,9.08119999996852
2025-10-11 04:00:00.000,04:00,9.008900000015274
2025-10-11 05:00:00.000,05:00,8.473500000033528
2025-10-11 06:00:00.000,06:00,9.733499999996274
2025-10-11 07:00:00.000,07:00,9.626200000126847
2025-10-11 08:00:00.000,08:00,54.93189999994357
2025-10-11 09:00:00.000,09:00,56.75320000001229
2025-10-11 10:00:00.000,10:00,53.401199999917296
2025-10-11 11:00:00.000,11:00,48.1918000000529
2025-10-11 12:00:00.000,12:00,51.53800000003539
2025-10-11 13:00:00.000,13:00,48.02794545444829
2025-10-11 14:00:00.000,14:00,52.57585454554594
2025-10-11 15:00:00.000,15:00,44.26560000004247
2025-10-11 16:00:00.000,16:00,41.147100000013594
2025-10-11 17:00:00.000,17:00,56.87009999996516
2025-10-11 18:00:00.000,18:00,56.771899999910964
2025-10-11 19:00:00.000,19:00,37.47640000004321
2025-10-11 20:00:00.000,20:00,12.499400000018067
2025-10-11 21:00:00.000,21:00,10.243499999912455
2025-10-11 22:00:00.000,22:00,10.387000000081024
2025-10-11 23:00:00.000,23:00,11.233599999989384
2025-10-12 00:00:00.000,00:00,9.958545454481447
2025-10-12 01:00:00.000,01:00,10.071454545569775
2025-10-12 02:00:00.000,02:00,9.715799999912269
2025-10-12 03:00:00.000,03:00,9.449200000101701
2025-10-12 04:00:00.000,04:00,10.597099999990315
2025-10-12 05:00:00.000,05:00,10.60739999995567
2025-10-12 06:00:00.000,06:00,9.162999999872408
2025-10-12 07:00:00.000,07:00,10.534300000057556
2025-10-12 08:00:00.000,08:00,49.75960000013001
2025-10-12 09:00:00.000,09:00,59.791799999913195
2025-10-12 10:00:00.000,10:00,48.656600000103936
2025-10-12 11:00:00.000,11:00,39.76239999989048
2025-10-12 12:00:00.000,12:00,67.67860000003128
2025-10-12 13:00:00.000,13:00,64.46975555548755
2025-10-12 14:00:00.000,14:00,52.280111111105526
2025-10-12 15:00:00.000,15:00,41.80213333340879
2025-10-12 16:00:00.000,16:00,45.104200000036506
2025-10-12 17:00:00.000,17:00,39.50189999986906
2025-10-12 18:00:00.000,18:00,38.350100000132805
2025-10-12 19:00:00.000,19:00,17.56229999992065
2025-10-12 20:00:00.000,20:00,9.856300000101328
2025-10-12 21:00:00.000,21:00,9.434599999990315
2025-10-12 22:00:00.000,22:00,8.292599999858066
2025-10-12 23:00:00.000,23:00,6.608199999993667
2025-10-13 00:00:00.000,00:00,6.714900000067428
2025-10-13 01:00:00.000,01:00,6.861299999943004
2025-10-13 02:00:00.000,02:00,6.070000000135042
2025-10-13 03:00:00.000,03:00,8.094199999957345
2025-10-13 04:00:00.000,04:00,6.837699999869801
2025-10-13 05:00:00.000,05:00,6.185300000151619
2025-10-13 06:00:00.000,06:00,5.886399999866263
2025-10-13 07:00:00.000,07:00,7.556400000117719
2025-10-13 08:00:00.000,08:00,49.05834545445079
2025-10-13 09:00:00.000,09:00,67.18165454560975
2025-10-13 10:00:00.000,10:00,49.380199999827894
2025-10-13 11:00:00.000,11:00,36.946400000015274
2025-10-13 12:00:00.000,12:00,54.233200000086796
2025-10-13 13:00:00.000,13:00,53.18359999991954
2025-10-13 14:00:00.000,14:00,42.75120000015013
2025-10-13 15:00:00.000,15:00,27.531399999931455
2025-10-13 16:00:00.000,16:00,8.529799999902025
2025-10-13 17:00:00.000,17:00,7.38340000002645
2025-10-13 18:00:00.000,18:00,7.228800000110641
2025-10-13 19:00:00.000,19:00,8.227599999960514
2025-10-13 20:00:00.000,20:00,6.732866666543607
2025-10-13 21:00:00.000,21:00,6.502533333391572
2025-10-13 22:00:00.000,22:00,6.52379999998957
2025-10-13 23:00:00.000,23:00,6.47400000016205
2025-10-14 00:00:00.000,00:00,6.565999999875203
2025-10-14 01:00:00.000,01:00,8.068000000086613
2025-10-14 02:00:00.000,02:00,6.027799999853595
2025-10-14 03:00:00.000,03:00,6.034500000067055
2025-10-14 04:00:00.000,04:00,6.425400000112131
2025-10-14 05:00:00.000,05:00,6.109299999871292
2025-10-14 06:00:00.000,06:00,7.303499999945052
2025-10-14 07:00:00.000,07:00,28.28316666671955
2025-10-14 08:00:00.000,08:00,51.05643333336856
2025-10-14 09:00:00.000,09:00,67.89709999999032
2025-10-14 10:00:00.000,10:00,42.04419999998063
2025-10-14 11:00:00.000,11:00,42.572799999918786
2025-10-14 12:00:00.000,12:00,59.69380000014789
2025-10-14 13:00:00.000,13:00,50.14440000001341
2025-10-14 14:00:00.000,14:00,39.77578181808137
2025-10-14 15:00:00.000,15:00,28.9900181818309
2025-10-14 16:00:00.000,16:00,6.870600000093691
2025-10-14 17:00:00.000,17:00,7.715899999975228
2025-10-14 18:00:00.000,18:00,6.332699999888428
2025-10-14 19:00:00.000,19:00,6.4901000000303615
2025-10-14 20:00:00.000,20:00,5.326499999989755
2025-10-14 21:00:00.000,21:00,5.831800000090152
2025-10-14 22:00:00.000,22:00,6.871199999935925
2025-10-14 23:00:00.000,23:00,6.915374999953201
2025-10-15 00:00:00.000,00:00,5.125824999978067
2025-10-15 01:00:00.000,01:00,6.357299999985844
2025-10-15 02:00:00.000,02:00,5.72640000008978
2025-10-15 03:00:00.000,03:00,5.512999999965541
2025-10-15 04:00:00.000,04:00,6.788100000098348
2025-10-15 05:00:00.000,05:00,6.212818181705238
2025-10-15 06:00:00.000,06:00,5.591181818251921
2025-10-15 07:00:00.000,07:00,35.179200000013225
2025-10-15 08:00:00.000,08:00,34.91198181810323
2025-10-15 09:00:00.000,09:00,54.28111818179022
2025-10-15 10:00:00.000,10:00,44.712154545565134
2025-10-15 11:00:00.000,11:00,48.68134545451031
2025-10-15 12:00:00.000,12:00,74.55139999995008
2025-10-15 13:00:00.000,13:00,59.658800000045446
2025-10-15 14:00:00.000,14:00,34.5726666666839
2025-10-15 15:00:00.000,15:00,16.594560606001213
2025-10-15 16:00:00.000,16:00,11.068141148444576
2025-10-15 17:00:00.000,17:00,7.992631578873107
2025-10-15 18:00:00.000,18:00,9.055521739095084
2025-10-15 19:00:00.000,19:00,7.09907826087505
2025-10-15 20:00:00.000,20:00,6.5873310344465
2025-10-15 21:00:00.000,21:00,7.4543546798290325
2025-10-15 22:00:00.000,22:00,6.7210313588792925
2025-10-15 23:00:00.000,23:00,6.092325784035192
2025-10-16 00:00:00.000,00:00,5.782538960919135
2025-10-16 01:00:00.000,01:00,6.095099431845566
2025-10-16 02:00:00.000,02:00,7.582718750163622
2025-10-16 03:00:00.000,03:00,6.1286363634915855
2025-10-16 04:00:00.000,04:00,6.315563636522304
2025-10-16 05:00:00.000,05:00,6.055415384538451
2025-10-16 06:00:00.000,06:00,6.300677298219162
2025-10-16 07:00:00.000,07:00,31.861245778738297
2025-10-16 08:00:00.000,08:00,53.15166153835658
2025-10-16 09:00:00.000,09:00,51.446022222315264
2025-10-16 10:00:00.000,10:00,45.69684754522849
2025-10-16 11:00:00.000,11:00,39.78683023259022
2025-10-16 12:00:00.000,12:00,58.94959019598296
2025-10-16 13:00:00.000,13:00,60.08221350757867
2025-10-16 14:00:00.000,14:00,54.313096296394036
2025-10-16 15:00:00.000,15:00,41.47669999994493
2025-10-16 16:00:00.000,16:00,40.601500000067375
2025-10-16 17:00:00.000,17:00,41.697380952285755
2025-10-16 18:00:00.000,18:00,40.80148571426888
2025-10-16 19:00:00.000,19:00,22.153911111067927
2025-10-16 20:00:00.000,20:00,8.935899641591801
2025-10-16 21:00:00.000,21:00,8.556707196102675
2025-10-16 22:00:00.000,22:00,8.89153846163446
2025-10-16 23:00:00.000,23:00,8.764211251375105
2025-10-17 00:00:00.000,00:00,9.189119908899183
2025-10-17 01:00:00.000,01:00,8.595210048477458
2025-10-17 02:00:00.000,02:00,8.000249999924563
2025-10-17 03:00:00.000,03:00,8.434085714278211
2025-10-17 04:00:00.000,04:00,7.949639393931187
2025-10-17 05:00:00.000,05:00,8.593606060615098
2025-10-17 06:00:00.000,06:00,13.242466173386712
2025-10-17 07:00:00.000,07:00,36.556744186077694
2025-10-17 08:00:00.000,08:00,40.676370692017684
2025-10-17 09:00:00.000,09:00,44.640426125522104
2025-10-17 10:00:00.000,10:00,49.31115789481096
2025-10-17 11:00:00.000,11:00,60.19898512581743
2025-10-17 12:00:00.000,12:00,64.54786375372402
2025-10-17 13:00:00.000,13:00,67.14950495058358
2025-10-17 14:00:00.000,14:00,51.57880086100889
2025-10-17 15:00:00.000,15:00,37.95443478263105
2025-10-17 16:00:00.000,16:00,44.55501599995233
2025-10-17 17:00:00.000,17:00,48.65807999990881
2025-10-17 18:00:00.000,18:00,38.337671164187256
2025-10-17 19:00:00.000,19:00,29.307313432930897
2025-10-17 20:00:00.000,20:00,24.15826646185371
2025-10-17 21:00:00.000,21:00,12.143823529340272
2025-10-17 22:00:00.000,22:00,12.080638107347717
2025-10-17 23:00:00.000,23:00,10.248260869563598
2025-10-18 00:00:00.000,00:00,10.248260869563598
2025-10-18 01:00:00.000,01:00,10.105545240926968
2025-10-18 02:00:00.000,02:00,10.053648648695466
2025-10-18 03:00:00.000,03:00,10.05723263773627
2025-10-18 04:00:00.000,04:00,10.067088607598475
2025-10-18 05:00:00.000,05:00,10.067088607598475
2025-10-18 06:00:00.000,06:00,30.12713329266733
2025-10-18 07:00:00.000,07:00,41.740843373496666
2025-10-18 08:00:00.000,08:00,41.740843373496666
2025-10-18 09:00:00.000,09:00,44.857160068832805
2025-10-18 10:00:00.000,10:00,45.336593406576824
2025-10-18 11:00:00.000,11:00,45.336593406576824
2025-10-18 12:00:00.000,12:00,50.759556347921986
2025-10-18 13:00:00.000,13:00,51.84414893619102
2025-10-18 14:00:00.000,14:00,51.84414893619102
2025-10-18 15:00:00.000,15:00,48.5951025007247
2025-10-18 16:00:00.000,16:00,47.20265402838199
2025-10-18 17:00:00.000,17:00,47.20265402838199
2025-10-18 18:00:00.000,18:00,41.221517250756634
2025-10-18 19:00:00.000,19:00,14.578271604970926
2025-10-18 20:00:00.000,20:00,14.578271604970926
2025-10-18 21:00:00.000,21:00,14.578271604970926
2025-10-18 22:00:00.000,22:00,14.240843006673892
2025-10-18 23:00:00.000,23:00,12.047557117743171
2025-10-19 00:00:00.000,00:00,12.047557117743171
2025-10-19 01:00:00.000,01:00,12.047557117743171
2025-10-19 02:00:00.000,02:00,12.047557117743171
2025-10-19 03:00:00.000,03:00,12.047557117743171
2025-10-19 04:00:00.000,04:00,12.047557117743171
2025-10-19 05:00:00.000,05:00,12.047557117743171
2025-10-19 06:00:00.000,06:00,12.047557117743171
2025-10-19 07:00:00.000,07:00,12.047557117743171
2025-10-19 08:00:00.000,08:00,51.5740449912822
2025-10-19 09:00:00.000,09:00,62.339099999982864
2025-10-19 10:00:00.000,10:00,43.86589999995194
2025-10-19 11:00:00.000,11:00,36.146999999997206
2025-10-19 12:00:00.000,12:00,57.860799999954175
2025-10-19 13:00:00.000,13:00,57.062900000135414
2025-10-19 14:00:00.000,14:00,37.66629999992438
2025-10-19 15:00:00.000,15:00,27.38696363630747
2025-10-19 16:00:00.000,16:00,32.81923636380075
2025-10-19 17:00:00.000,17:00,48.080999999865895
2025-10-19 18:00:00.000,18:00,47.97720000008121
2025-10-19 19:00:00.000,19:00,31.732599999941883
2025-10-19 20:00:00.000,20:00,10.820000000065193
2025-10-19 21:00:00.000,21:00,9.787400000030175
2025-10-19 22:00:00.000,22:00,9.580199999921025
2025-10-19 23:00:00.000,23:00,9.214000000059606
2025-10-20 00:00:00.000,00:00,9.381363636284897
2025-10-20 01:00:00.000,01:00,8.520636363693683
2025-10-20 02:00:00.000,02:00,8.68080000001937
2025-10-20 03:00:00.000,03:00,8.645400000060908
2025-10-20 04:00:00.000,04:00,8.290899999835528
2025-10-20 05:00:00.000,05:00,9.488499999954366
2025-10-20 06:00:00.000,06:00,9.036200000159443
2025-10-20 07:00:00.000,07:00,55.619599999836645
2025-10-20 08:00:00.000,08:00,62.25760000010487
2025-10-20 09:00:00.000,09:00,63.251800000062225
2025-10-20 10:00:00.000,10:00,49.427200000034645
2025-10-20 11:00:00.000,11:00,37.649199999962
2025-10-20 12:00:00.000,12:00,77.61339999996125
2025-10-20 13:00:00.000,13:00,67.8420666666391
2025-10-20 14:00:00.000,14:00,43.23053333343317
2025-10-20 15:00:00.000,15:00,38.21989999983926
2025-10-20 16:00:00.000,16:00,52.924600000074136
2025-10-20 17:00:00.000,17:00,50.11890000002458
2025-10-20 18:00:00.000,18:00,35.12639999999665
2025-10-20 19:00:00.000,19:00,28.435999999963677
2025-10-20 20:00:00.000,20:00,18.57869999995455
2025-10-20 21:00:00.000,21:00,8.444900000002235
2025-10-20 22:00:00.000,22:00,8.794500000006519
2025-10-20 23:00:00.000,23:00,8.027899999939835
2025-10-21 00:00:00.000,00:00,7.4940000000409785
2025-10-21 01:00:00.000,01:00,7.485299999988638
2025-10-21 02:00:00.000,02:00,6.99810000001453
2025-10-21 03:00:00.000,03:00,7.683000000054017
2025-10-21 04:00:00.000,04:00,8.612099999934436
2025-10-21 05:00:00.000,05:00,7.259700000053272
2025-10-21 06:00:00.000,06:00,7.2172999999951575
2025-10-21 07:00:00.000,07:00,41.96970000010915
2025-10-21 08:00:00.000,08:00,66.07259999995586
2025-10-21 09:00:00.000,09:00,44.92459999993443
2025-10-21 10:00:00.000,10:00,46.98560000010767
2025-10-21 11:00:00.000,11:00,35.642199999978764
2025-10-21 12:00:00.000,12:00,63.43079999987967
2025-10-21 13:00:00.000,13:00,71.42700000014156
2025-10-21 14:00:00.000,14:00,49.22079999989364
2025-10-21 15:00:00.000,15:00,39.524899999960326
2025-10-21 16:00:00.000,16:00,52.91410000005271
2025-10-21 17:00:00.000,17:00,49.96939999999013
2025-10-21 18:00:00.000,18:00,48.72379999996629
2025-10-21 19:00:00.000,19:00,36.52740000002086
2025-10-21 20:00:00.000,20:00,20.121300000022167
2025-10-21 21:00:00.000,21:00,14.27970000009518
2025-10-21 22:00:00.000,22:00,13.137099999864585
2025-10-21 23:00:00.000,23:00,14.07650000010617
2025-10-22 00:00:00.000,00:00,11.419399999943561
2025-10-22 01:00:00.000,01:00,11.23870000001043
2025-10-22 02:00:00.000,02:00,11.994999999925493
2025-10-22 03:00:00.000,03:00,11.515900000114925
2025-10-22 04:00:00.000,04:00,11.323999999999069
2025-10-22 05:00:00.000,05:00,10.9708999999566
2025-10-22 06:00:00.000,06:00,11.205500000086614
2025-10-22 07:00:00.000,07:00,39.81059999987483
2025-10-22 08:00:00.000,08:00,65.93499999993946
2025-10-22 09:00:00.000,09:00,69.63560000010767
2025-10-22 10:00:00.000,10:00,57.45959999994375
2025-10-22 11:00:00.000,11:00,43.33420000001788
2025-10-22 12:00:00.000,12:00,69.18080000001937
2025-10-22 13:00:00.000,13:00,67.18313333329021
2025-10-22 14:00:00.000,14:00,51.00196666671222
2025-10-22 15:00:00.000,15:00,44.48450000006706
2025-10-22 16:00:00.000,16:00,62.96909999998752
2025-10-22 17:00:00.000,17:00,61.059199999901466
2025-10-22 18:00:00.000,18:00,50.09150000005029
2025-10-22 19:00:00.000,19:00,30.03880000002682
2025-10-22 20:00:00.000,20:00,12.213099999958649
2025-10-22 21:00:00.000,21:00,10.80910000000149
2025-10-22 22:00:00.000,22:00,10.01930000006687
2025-10-22 23:00:00.000,23:00,27.46
2025-10-23 00:00:00.000,00:00,27.46
2025-10-23 01:00:00.000,01:00,27.46
2025-10-23 02:00:00.000,02:00,27.46
2025-10-23 03:00:00.000,03:00,27.46
2025-10-23 04:00:00.000,04:00,27.46
2025-10-23 05:00:00.000,05:00,27.46
2025-10-23 06:00:00.000,06:00,27.46
2025-10-23 07:00:00.000,07:00,27.46
2025-10-23 08:00:00.000,08:00,27.46
2025-10-23 09:00:00.000,09:00,27.46
2025-10-23 10:00:00.000,10:00,27.46
2025-10-23 11:00:00.000,11:00,27.46
2025-10-23 12:00:00.000,12:00,27.46
2025-10-23 13:00:00.000,13:00,27.46
2025-10-23 14:00:00.000,14:00,27.46
2025-10-23 15:00:00.000,15:00,27.46
2025-10-23 16:00:00.000,16:00,27.46
2025-10-23 17:00:00.000,17:00,27.46
2025-10-23 18:00:00.000,18:00,27.46
2025-10-23 19:00:00.000,19:00,27.46
2025-10-23 20:00:00.000,20:00,27.46
2025-10-23 21:00:00.000,21:00,27.46
2025-10-23 22:00:00.000,22:00,27.46
2025-10-23 23:00:00.000,23:00,27.46
2025-10-24 00:00:00.000,00:00,27.46
2025-10-24 01:00:00.000,01:00,27.46
2025-10-24 02:00:00.000,02:00,27.46
2025-10-24 03:00:00.000,03:00,27.46
2025-10-24 04:00:00.000,04:00,27.46
2025-10-24 05:00:00.000,05:00,27.46
2025-10-24 06:00:00.000,06:00,27.46
2025-10-24 07:00:00.000,07:00,27.46
2025-10-24 08:00:00.000,08:00,27.46
2025-10-24 09:00:00.000,09:00,55.25600000002888
2025-10-24 10:00:00.000,10:00,58.801799999922515
2025-10-24 11:00:00.000,11:00,43.99500000018161
2025-10-24 12:00:00.000,12:00,76.90289999986999
2025-10-24 13:00:00.000,13:00,58.56809999998659
2025-10-24 14:00:00.000,14:00,43.632311111134996
2025-10-24 15:00:00.000,15:00,43.89588888883074
2025-10-24 16:00:00.000,16:00,67.86039999998175
2025-10-24 17:00:00.000,17:00,63.33379999999888
2025-10-24 18:00:00.000,18:00,53.757800000021234
2025-10-24 19:00:00.000,19:00,27.722000000113624
2025-10-24 20:00:00.000,20:00,13.324199999962003
2025-10-24 21:00:00.000,21:00,7.992133333264953
2025-10-24 22:00:00.000,22:00,6.852866666660541
2025-10-24 23:00:00.000,23:00,6.221800000034273
2025-10-25 00:00:00.000,00:00,6.622200000006706
2025-10-25 01:00:00.000,01:00,6.529400000069291
2025-10-25 02:00:00.000,02:00,7.967400000011549
2025-10-25 03:00:00.000,03:00,6.610399999958464
2025-10-25 04:00:00.000,04:00,6.2029999999329455
2025-10-25 05:00:00.000,05:00,6.11659999997355
2025-10-25 06:00:00.000,06:00,7.017500000097789
2025-10-25 07:00:00.000,07:00,40.38922727270136
2025-10-25 08:00:00.000,08:00,63.77987272726287
2025-10-25 09:00:00.000,09:00,46.509199999924746
2025-10-25 10:00:00.000,10:00,48.785200000042096
2025-10-25 11:00:00.000,11:00,44.82340000001714
2025-10-25 12:00:00.000,12:00,61.816000000061464
2025-10-25 13:00:00.000,13:00,63.09005454550497
2025-10-25 14:00:00.000,14:00,43.03524545449764
2025-10-25 15:00:00.000,15:00,28.374699999880974
2025-10-25 16:00:00.000,16:00,56.78410000002477
2025-10-25 17:00:00.000,17:00,50.79940000001807
2025-10-25 18:00:00.000,18:00,47.221300000092015
2025-10-25 19:00:00.000,19:00,26.8395999999484
2025-10-25 20:00:00.000,20:00,8.973400000040419
2025-10-25 21:00:00.000,21:00,7.128399999928661
2025-10-25 22:00:00.000,22:00,7.125800000084563
2025-10-25 23:00:00.000,23:00,6.3865999999921765
2025-10-26 00:00:00.000,00:00,7.78469999989029
2025-10-26 02:00:00.000,02:00,7.066600000066682
2025-10-26 02:00:00.000,02:00,12.360185714358733
2025-10-26 02:00:00.000,02:00,0.896571428448494
2025-10-26 03:00:00.000,03:00,6.289042857179551
2025-10-26 04:00:00.000,04:00,6.3655000000493605
2025-10-26 05:00:00.000,05:00,8.329599999892526
2025-10-26 06:00:00.000,06:00,5.731163636417213
2025-10-26 07:00:00.000,07:00,33.384036363606256
2025-10-26 08:00:00.000,08:00,53.56400000001304
2025-10-26 09:00:00.000,09:00,49.11920000012033
2025-10-26 10:00:00.000,10:00,39.04979999992065
2025-10-26 11:00:00.000,11:00,51.371600000048055
2025-10-26 12:00:00.000,12:00,60.82159999986179
2025-10-26 13:00:00.000,13:00,63.843000000016765
2025-10-26 14:00:00.000,14:00,45.18030000012368
2025-10-26 15:00:00.000,15:00,47.95949999995064
2025-10-26 16:00:00.000,16:00,46.94809999999124
2025-10-26 17:00:00.000,17:00,50.85909999995492
2025-10-26 18:00:00.000,18:00,42.28560000003781
2025-10-26 19:00:00.000,19:00,38.01180000000168
2025-10-26 20:00:00.000,20:00,12.016800000099465
2025-10-26 21:00:00.000,21:00,9.267599999927915
2025-10-26 22:00:00.000,22:00,8.38840000005439
2025-10-26 23:00:00.000,23:00,7.1061999999685215
2025-10-27 00:00:00.000,00:00,5.772599999862723
2025-10-27 01:00:00.000,01:00,6.055400000186637
2025-10-27 02:00:00.000,02:00,6.810899999877438
2025-10-27 03:00:00.000,03:00,7.4936000000918295
2025-10-27 04:00:00.000,04:00,6.178100000019185
2025-10-27 05:00:00.000,05:00,6.272899999958463
2025-10-27 06:00:00.000,06:00,6.255900000035763
2025-10-27 07:00:00.000,07:00,51.6975090907675
2025-10-27 08:00:00.000,08:00,64.46969090911813
2025-10-27 09:00:00.000,09:00,57.53140000002459
2025-10-27 10:00:00.000,10:00,52.82300000004471
2025-10-27 11:00:00.000,11:00,42.15239999997429
2025-10-27 12:00:00.000,12:00,84.10620000003837
2025-10-27 13:00:00.000,13:00,77.98059999991673
2025-10-27 14:00:00.000,14:00,43.164000000082886
2025-10-27 15:00:00.000,15:00,50.605499999900346
2025-10-27 16:00:00.000,16:00,66.80940000009724
2025-10-27 17:00:00.000,17:00,63.808100000000564
2025-10-27 18:00:00.000,18:00,52.34359999995213
2025-10-27 19:00:00.000,19:00,32.11100000012666
2025-10-27 20:00:00.000,20:00,11.29159999997355
2025-10-27 21:00:00.000,21:00,7.049099999852478
2025-10-27 22:00:00.000,22:00,7.3824000001186505
2025-10-27 23:00:00.000,23:00,7.55109999999404
2025-10-28 00:00:00.000,00:00,7.254100000043399
2025-10-28 01:00:00.000,01:00,8.218899999861605
2025-10-28 02:00:00.000,02:00,7.485200000088662
2025-10-28 03:00:00.000,03:00,6.560599999921397
2025-10-28 04:00:00.000,04:00,6.111899999971502
2025-10-28 05:00:00.000,05:00,6.395000000111759
2025-10-28 06:00:00.000,06:00,6.373300000024028
2025-10-28 07:00:00.000,07:00,45.48179999983404
2025-10-28 08:00:00.000,08:00,53.91720000017985
2025-10-28 09:00:00.000,09:00,52.298199999946256
2025-10-28 10:00:00.000,10:00,41.8179999999702
2025-10-28 11:00:00.000,11:00,45.45200000000186
2025-10-28 12:00:00.000,12:00,71.53819999992848
2025-10-28 13:00:00.000,13:00,63.112872727342285
2025-10-28 14:00:00.000,14:00,37.78417171714028
2025-10-28 15:00:00.000,15:00,40.66235555561467
2025-10-28 16:00:00.000,16:00,63.377199999964795
2025-10-28 17:00:00.000,17:00,60.38019999996759
2025-10-28 18:00:00.000,18:00,47.065000000060536
2025-10-28 19:00:00.000,19:00,29.09029999994673
2025-10-28 20:00:00.000,20:00,11.286399999959395
2025-10-28 21:00:00.000,21:00,5.7819999999832365
2025-10-28 22:00:00.000,22:00,5.665400000102818
2025-10-28 23:00:00.000,23:00,7.6546999999322
2025-10-29 00:00:00.000,00:00,5.826000000117347
2025-10-29 01:00:00.000,01:00,5.035499999998137
2025-10-29 02:00:00.000,02:00,5.7447999999392785
2025-10-29 03:00:00.000,03:00,5.231199999945238
2025-10-29 04:00:00.000,04:00,6.12219999996014
2025-10-29 05:00:00.000,05:00,6.1572000000393015
2025-10-29 06:00:00.000,06:00,5.061433333305953
2025-10-29 07:00:00.000,07:00,34.52006666671174
2025-10-29 08:00:00.000,08:00,54.74040000010282
2025-10-29 09:00:00.000,09:00,52.41759999990463
2025-10-29 10:00:00.000,10:00,47.64520000000484
2025-10-29 11:00:00.000,11:00,42.38380000004545
2025-10-29 12:00:00.000,12:00,73.60200000004843
2025-10-29 13:00:00.000,13:00,58.919699999969446
2025-10-29 14:00:00.000,14:00,52.6047181817576
2025-10-29 15:00:00.000,15:00,43.665581818240355
2025-10-29 16:00:00.000,16:00,60.253000000072646
2025-10-29 17:00:00.000,17:00,53.78989999990445
2025-10-29 18:00:00.000,18:00,50.22999999998137
2025-10-29 19:00:00.000,19:00,26.424700000020675
2025-10-29 20:00:00.000,20:00,12.759199999971315
2025-10-29 21:00:00.000,21:00,11.725300000049174
2025-10-29 22:00:00.000,22:00,10.243299999949523
2025-10-29 23:00:00.000,23:00,10.232199999922887
2025-10-30 00:00:00.000,00:00,9.19130000008736
2025-10-30 01:00:00.000,01:00,9.018400000035763
2025-10-30 02:00:00.000,02:00,9.81710000007879
2025-10-30 03:00:00.000,03:00,10.666599999996834
2025-10-30 04:00:00.000,04:00,9.317599999974483
2025-10-30 05:00:00.000,05:00,9.22069999985397
2025-10-30 06:00:00.000,06:00,8.954800000065006
2025-10-30 07:00:00.000,07:00,31.797399999969638
2025-10-30 08:00:00.000,08:00,68.03110000006853
2025-10-30 09:00:00.000,09:00,51.68099999991246
2025-10-30 10:00:00.000,10:00,45.21879999996163
2025-10-30 11:00:00.000,11:00,43.43380000004545
2025-10-30 12:00:00.000,12:00,66.36640000003389
2025-10-30 13:00:00.000,13:00,61.57509090916508
2025-10-30 14:00:00.000,14:00,47.82460909083231
2025-10-30 15:00:00.000,15:00,33.453500000108036
2025-10-30 16:00:00.000,16:00,61.726999999815604
2025-10-30 17:00:00.000,17:00,61.60020000007935
2025-10-30 18:00:00.000,18:00,53.961000000010245
2025-10-30 19:00:00.000,19:00,44.90249999999069
2025-10-30 20:00:00.000,20:00,14.756100000068546
2025-10-30 21:00:00.000,21:00,9.224699999950825
2025-10-30 22:00:00.000,22:00,10.018000000016764
2025-10-30 23:00:00.000,23:00,9.46930000006687
2025-10-31 00:00:00.000,00:00,8.785799999977462
2025-10-31 01:00:00.000,01:00,9.64629999990575
2025-10-31 02:00:00.000,02:00,9.567400000058115
2025-10-31 03:00:00.000,03:00,8.300400000019
2025-10-31 04:00:00.000,04:00,8.385499999928289
2025-10-31 05:00:00.000,05:00,8.693999999924564
2025-10-31 06:00:00.000,06:00,9.012600000156091
2025-10-31 07:00:00.000,07:00,44.15059999991208
2025-10-31 08:00:00.000,08:00,63.23000000005121
2025-10-31 09:00:00.000,09:00,55.48839999996126
2025-10-31 10:00:00.000,10:00,36.919199999934065
2025-10-31 11:00:00.000,11:00,35.82520000012591
2025-10-31 12:00:00.000,12:00,60.94479999993928
2025-10-31 13:00:00.000,13:00,65.18880000007339
2025-10-31 14:00:00.000,14:00,56.526000000000934
2025-10-31 15:00:00.000,15:00,47.24809999994468
2025-10-31 16:00:00.000,16:00,43.05580000006594
2025-10-31 17:00:00.000,17:00,49.05079999994487
2025-10-31 18:00:00.000,18:00,41.47809999992605
2025-10-31 19:00:00.000,19:00,26.337200000020676
2025-10-31 20:00:00.000,20:00,10.176099999947473
2025-10-31 21:00:00.000,21:00,6.806000000145286
2025-10-31 22:00:00.000,22:00,7.819799999915994
2025-10-31 23:00:00.000,23:00,7.799100000108592
2025-11-01 00:00:00.000,00:00,7.6284999998984855
2025-11-01 01:00:00.000,01:00,6.380600000079721
2025-11-01 02:00:00.000,02:00,7.348400000017136
2025-11-01 03:00:00.000,03:00,6.614999999920838
2025-11-01 04:00:00.000,04:00,7.213500000094064
2025-11-01 05:00:00.000,05:00,7.477199999988079
2025-11-01 06:00:00.000,06:00,41.356099999952136
2025-11-01 07:00:00.000,07:00,31.35909999997821
2025-11-01 08:00:00.000,08:00,47.41878181815528
2025-11-01 09:00:00.000,09:00,58.507818181804296
2025-11-01 10:00:00.000,10:00,52.0273999999743
2025-11-01 11:00:00.000,11:00,33.22920000012964
2025-11-01 12:00:00.000,12:00,62.765800000028676
2025-11-01 13:00:00.000,13:00,63.23079999992624
2025-11-01 14:00:00.000,14:00,49.534099999954925
2025-11-01 15:00:00.000,15:00,29.998199999984347
2025-11-01 16:00:00.000,16:00,51.78479999997653
2025-11-01 17:00:00.000,17:00,45.974300000048245
2025-11-01 18:00:00.000,18:00,51.059600000013596
2025-11-01 19:00:00.000,19:00,28.25939999995753
2025-11-01 20:00:00.000,20:00,11.086600000131876
2025-11-01 21:00:00.000,21:00,6.19309999991674
2025-11-01 22:00:00.000,22:00,7.855499999900349
2025-11-01 23:00:00.000,23:00,6.670200000097975
2025-11-02 00:00:00.000,00:00,5.966700000036508
2025-11-02 01:00:00.000,01:00,5.553099999949336
2025-11-02 02:00:00.000,02:00,6.281000000028872
2025-11-02 03:00:00.000,03:00,6.309099999885074
2025-11-02 04:00:00.000,04:00,7.436200000066311
2025-11-02 05:00:00.000,05:00,5.3511999999871485
2025-11-02 06:00:00.000,06:00,6.06059999994468
2025-11-02 07:00:00.000,07:00,26.37900000014342
2025-11-02 08:00:00.000,08:00,63.171099999966096
2025-11-02 09:00:00.000,09:00,56.8918000000529
2025-11-02 10:00:00.000,10:00,38.17379999984987
2025-11-02 11:00:00.000,11:00,38.507400000141935
2025-11-02 12:00:00.000,12:00,54.01160000003875
2025-11-02 13:00:00.000,13:00,46.40919999997132
2025-11-02 14:00:00.000,14:00,46.482399999955675
2025-11-02 15:00:00.000,15:00,13.089999999990688
2025-11-02 16:00:00.000,16:00,10.196400000015274
2025-11-02 17:00:00.000,17:00,8.686399999912828
2025-11-02 18:00:00.000,18:00,6.60260000010021
2025-11-02 19:00:00.000,19:00,6.6350000000558795
2025-11-02 20:00:00.000,20:00,7.423309090797027
2025-11-02 21:00:00.000,21:00,5.970890909183601
2025-11-02 22:00:00.000,22:00,6.394399999920278
2025-11-02 23:00:00.000,23:00,5.92080000010319
2025-11-03 00:00:00.000,00:00,5.798818181734532
2025-11-03 01:00:00.000,01:00,6.611981818219647
2025-11-03 02:00:00.000,02:00,6.790199999930337
2025-11-03 03:00:00.000,03:00,5.580500000109897
2025-11-03 04:00:00.000,04:00,6.517299999948591
2025-11-03 05:00:00.000,05:00,5.457699999934993
2025-11-03 06:00:00.000,06:00,5.496500000124797
2025-11-03 07:00:00.000,07:00,36.61139999998268
2025-11-03 08:00:00.000,08:00,45.796399999968706
2025-11-03 09:00:00.000,09:00,56.854599999962375
2025-11-03 10:00:00.000,10:00,37.824600000027566
2025-11-03 11:00:00.000,11:00,41.625200000032784
2025-11-03 12:00:00.000,12:00,63.85579999987968
2025-11-03 13:00:00.000,13:00,56.32840000009164
2025-11-03 14:00:00.000,14:00,42.28100000000559
2025-11-03 15:00:00.000,15:00,26.923199999984355
2025-11-03 16:00:00.000,16:00,10.557599999965168
2025-11-03 17:00:00.000,17:00,10.781299999891779
2025-11-03 18:00:00.000,18:00,10.251300000073389
2025-11-03 19:00:00.000,19:00,9.413600000017322
2025-11-03 20:00:00.000,20:00,8.519600000069477
2025-11-03 21:00:00.000,21:00,7.965399999939837
2025-11-03 22:00:00.000,22:00,8.76149999992922
2025-11-03 23:00:00.000,23:00,9.11885000001639
2025-11-04 00:00:00.000,00:00,8.827450000098906
2025-11-04 01:00:00.000,01:00,8.21849999986589
2025-11-04 02:00:00.000,02:00,8.14520000005141
2025-11-04 03:00:00.000,03:00,7.943500000028871
2025-11-04 04:00:00.000,04:00,8.002600000007078
2025-11-04 05:00:00.000,05:00,9.227100000041538
2025-11-04 06:00:00.000,06:00,8.094400000036694
2025-11-04 07:00:00.000,07:00,39.6001363635169
2025-11-04 08:00:00.000,08:00,39.53016363639723
2025-11-04 09:00:00.000,09:00,52.71200000001117
2025-11-04 10:00:00.000,10:00,34.122599999979144
2025-11-04 11:00:00.000,11:00,37.30719999996945
2025-11-04 12:00:00.000,12:00,70.05080000013113
2025-11-04 13:00:00.000,13:00,51.49859999986366
2025-11-04 14:00:00.000,14:00,47.74420000002719
2025-11-04 15:00:00.000,15:00,28.30380000001751
2025-11-04 16:00:00.000,16:00,17.55730000000913
2025-11-04 17:00:00.000,17:00,10.393899999908172
2025-11-04 18:00:00.000,18:00,8.7371000001207
2025-11-04 19:00:00.000,19:00,9.713300000037998
2025-11-04 20:00:00.000,20:00,8.007599999941885
2025-11-04 21:00:00.000,21:00,8.420299999904818
2025-11-04 22:00:00.000,22:00,10.260600000084377
2025-11-04 23:00:00.000,23:00,7.964150000053147
2025-11-05 00:00:00.000,00:00,8.199849999843476
2025-11-05 01:00:00.000,01:00,8.160300000081772
2025-11-05 02:00:00.000,02:00,7.666699999943376
2025-11-05 03:00:00.000,03:00,9.219809090951458
2025-11-05 04:00:00.000,04:00,8.499290909105913
2025-11-05 05:00:00.000,05:00,7.939999999990686
2025-11-05 06:00:00.000,06:00,7.553799999983642
2025-11-05 07:00:00.000,07:00,18.51645454550585
2025-11-05 08:00:00.000,08:00,52.41327272723852
2025-11-05 09:00:00.000,09:00,58.55693939393339
2025-11-05 10:00:00.000,10:00,44.30683333336169
2025-11-05 11:00:00.000,11:00,40.94960526312015
2025-11-05 12:00:00.000,12:00,76.82489473697251
2025-11-05 13:00:00.000,13:00,62.759249999956225
2025-11-05 14:00:00.000,14:00,36.67256818182703
2025-11-05 15:00:00.000,15:00,18.571562770440636
2025-11-05 16:00:00.000,16:00,12.215619047782162
2025-11-05 17:00:00.000,17:00,10.239599999971688
2025-11-05 18:00:00.000,18:00,11.890666666533798
2025-11-05 19:00:00.000,19:00,10.800881481455225
2025-11-05 20:00:00.000,20:00,10.401613756751878
2025-11-05 21:00:00.000,21:00,8.915052048606976
2025-11-05 22:00:00.000,22:00,9.80218604652063
2025-11-05 23:00:00.000,23:00,8.793239999992391
2025-11-06 00:00:00.000,00:00,9.021559999985621
2025-11-06 01:00:00.000,01:00,10.51280000002589
2025-11-06 02:00:00.000,02:00,9.48700000003446
2025-11-06 03:00:00.000,03:00,9.04249999995809
2025-11-06 04:00:00.000,04:00,9.128899999987333
2025-11-06 05:00:00.000,05:00,9.011100000096485
2025-11-06 06:00:00.000,06:00,9.811700000031852
2025-11-06 07:00:00.000,07:00,35.066499999933875
2025-11-06 08:00:00.000,08:00,51.84209999998566
2025-11-06 09:00:00.000,09:00,57.212999999988824
2025-11-06 10:00:00.000,10:00,39.4324000000488
2025-11-06 11:00:00.000,11:00,43.246200000029056
2025-11-06 12:00:00.000,12:00,52.63539999998174
2025-11-06 13:00:00.000,13:00,50.162999999895696
2025-11-06 14:00:00.000,14:00,38.21240000003017
2025-11-06 15:00:00.000,15:00,14.569100000103935
2025-11-06 16:00:00.000,16:00,7.297099999967031
2025-11-06 17:00:00.000,17:00,6.732400000025518
2025-11-06 18:00:00.000,18:00,7.9673272727099675
2025-11-06 19:00:00.000,19:00,7.330572727225213
2025-11-06 20:00:00.000,20:00,5.696300000045449
2025-11-06 21:00:00.000,21:00,6.446900000050665
2025-11-06 22:00:00.000,22:00,6.634799999836832
2025-11-06 23:00:00.000,23:00,7.467700000107288
2025-11-07 00:00:00.000,00:00,6.727699999976903
2025-11-07 01:00:00.000,01:00,6.365700000035577
2025-11-07 02:00:00.000,02:00,6.133599999896251
2025-11-07 03:00:00.000,03:00,5.994699999992736
2025-11-07 04:00:00.000,04:00,6.530800000042655
2025-11-07 05:00:00.000,05:00,7.705600000079722
2025-11-07 06:00:00.000,06:00,5.985233333308457
2025-11-07 07:00:00.000,07:00,7.2016666666397615
2025-11-07 08:00:00.000,08:00,61.64319999995641
2025-11-07 09:00:00.000,09:00,54.41700000008568
2025-11-07 10:00:00.000,10:00,57.44919999993871
2025-11-07 11:00:00.000,11:00,51.32119999998249
2025-11-07 12:00:00.000,12:00,26.824430150730677
2025-11-07 13:00:00.000,13:00,25.072663316582727
2025-11-07 14:00:00.000,14:00,25.072663316582727
2025-11-07 15:00:00.000,15:00,25.072663316582727
2025-11-07 16:00:00.000,16:00,25.072663316582727
2025-11-07 17:00:00.000,17:00,25.072663316582727
2025-11-07 18:00:00.000,18:00,25.072663316582727
2025-11-07 19:00:00.000,19:00,25.072663316582727
2025-11-07 20:00:00.000,20:00,25.072663316582727
2025-11-07 21:00:00.000,21:00,25.072663316582727
2025-11-07 22:00:00.000,22:00,9.63660000017844
2025-11-07 23:00:00.000,23:00,9.392399999918416
2025-11-08 00:00:00.000,00:00,8.374999999883585
2025-11-08 01:00:00.000,01:00,9.301900000008754
2025-11-08 02:00:00.000,02:00,9.1045000000624
2025-11-08 03:00:00.000,03:00,10.260599999991246
2025-11-08 04:00:00.000,04:00,8.861700000008568
2025-11-08 05:00:00.000,05:00,8.868900000094436
2025-11-08 06:00:00.000,06:00,9.157799999951386
2025-11-08 07:00:00.000,07:00,38.85559999994002
2025-11-08 08:00:00.000,08:00,58.511000000080095
2025-11-08 09:00:00.000,09:00,57.77720000003464
2025-11-08 10:00:00.000,10:00,41.24199999989942
2025-11-08 11:00:00.000,11:00,39.55879999999888
2025-11-08 12:00:00.000,12:00,59.11833333334782
2025-11-08 13:00:00.000,13:00,53.766966666710665
2025-11-08 14:00:00.000,14:00,46.1434999999823
2025-11-08 15:00:00.000,15:00,31.860999999963685
2025-11-08 16:00:00.000,16:00,51.501200000057
2025-11-08 17:00:00.000,17:00,58.31960000002291
2025-11-08 18:00:00.000,18:00,50.4618999999715
2025-11-08 19:00:00.000,19:00,26.703499999968333
2025-11-08 20:00:00.000,20:00,9.191899999952877
2025-11-08 21:00:00.000,21:00,6.623500000010244
2025-11-08 22:00:00.000,22:00,7.014400000032038
2025-11-08 23:00:00.000,23:00,6.468199999909848
2025-11-09 00:00:00.000,00:00,5.726700000138953
2025-11-09 01:00:00.000,01:00,8.219099999940955
2025-11-09 02:00:00.000,02:00,6.714900000113994
2025-11-09 03:00:00.000,03:00,5.550899999914691
2025-11-09 04:00:00.000,04:00,6.04379999989178
2025-11-09 05:00:00.000,05:00,6.1498000000836335
2025-11-09 06:00:00.000,06:00,6.441399999964051
2025-11-09 07:00:00.000,07:00,35.473400000063705
2025-11-09 08:00:00.000,08:00,58.50500000002795
2025-11-09 09:00:00.000,09:00,53.46019999994897
2025-11-09 10:00:00.000,10:00,45.01919999998063
2025-11-09 11:00:00.000,11:00,47.42600000007078
2025-11-09 12:00:00.000,12:00,68.25019999989308
2025-11-09 13:00:00.000,13:00,58.389100000145845
2025-11-09 14:00:00.000,14:00,45.73979999986477
2025-11-09 15:00:00.000,15:00,37.65790000008419
2025-11-09 16:00:00.000,16:00,47.59540000003763
2025-11-09 17:00:00.000,17:00,57.260999999940395
2025-11-09 18:00:00.000,18:00,54.873000000044705
2025-11-09 19:00:00.000,19:00,23.634099999908358
2025-11-09 20:00:00.000,20:00,14.115900000114925
2025-11-09 21:00:00.000,21:00,12.311899999901652
2025-11-09 22:00:00.000,22:00,14.615700000035577
2025-11-09 23:00:00.000,23:00,12.19085000003688
2025-11-10 00:00:00.000,00:00,10.822050000028685
2025-11-10 01:00:00.000,01:00,10.22960000000894
2025-11-10 02:00:00.000,02:00,11.086499999812805
2025-11-10 03:00:00.000,03:00,10.47580000020098
2025-11-10 04:00:00.000,04:00,11.254999999864959
2025-11-10 05:00:00.000,05:00,10.885000000009313
2025-11-10 06:00:00.000,06:00,10.970355555596244
2025-11-10 07:00:00.000,07:00,38.659444444398915
2025-11-10 08:00:00.000,08:00,49.96540000005625
2025-11-10 09:00:00.000,09:00,48.278399999951944
2025-11-10 10:00:00.000,10:00,44.31740000010468
2025-11-10 11:00:00.000,11:00,44.982199999922884
2025-11-10 12:00:00.000,12:00,69.79959999993443
2025-11-10 13:00:00.000,13:00,70.07690000000876
2025-11-10 14:00:00.000,14:00,49.29280000000726
2025-11-10 15:00:00.000,15:00,38.354600000102074
2025-11-10 16:00:00.000,16:00,43.03699999989476
2025-11-10 17:00:00.000,17:00,48.570200000051415
2025-11-10 18:00:00.000,18:00,46.10830000003334
2025-11-10 19:00:00.000,19:00,29.253699999861418
2025-11-10 20:00:00.000,20:00,9.676800000015646
2025-11-10 21:00:00.000,21:00,7.2028999999864025
2025-11-10 22:00:00.000,22:00,8.433900000038555
2025-11-10 23:00:00.000,23:00,5.906275000143796
2025-11-11 00:00:00.000,00:00,6.954925000015646
2025-11-11 01:00:00.000,01:00,6.310199999972246
2025-11-11 02:00:00.000,02:00,6.740999999921769
2025-11-11 03:00:00.000,03:00,7.103699999931268
2025-11-11 04:00:00.000,04:00,7.30170000018552
2025-11-11 05:00:00.000,05:00,6.129599999915808
2025-11-11 06:00:00.000,06:00,6.337772727313197
2025-11-11 07:00:00.000,07:00,14.754927272607826
2025-11-11 08:00:00.000,08:00,56.06600000001489
2025-11-11 09:00:00.000,09:00,59.92800000007264
2025-11-11 10:00:00.000,10:00,38.18719999999739
2025-11-11 11:00:00.000,11:00,39.510599999967965
2025-11-11 12:00:00.000,12:00,56.635599999967965
2025-11-11 13:00:00.000,13:00,59.94230000008829
2025-11-11 14:00:00.000,14:00,48.4902999999933
2025-11-11 15:00:00.000,15:00,22.05090000000782
2025-11-11 16:00:00.000,16:00,9.32079999994021
2025-11-11 17:00:00.000,17:00,8.933399999933318
2025-11-11 18:00:00.000,18:00,7.30740000011865
2025-11-11 19:00:00.000,19:00,6.903400000021793
2025-11-11 20:00:00.000,20:00,7.285599999991246
2025-11-11 21:00:00.000,21:00,6.579900000011548
2025-11-11 22:00:00.000,22:00,6.699599999911152
2025-11-11 23:00:00.000,23:00,5.744097872402895
2025-11-12 00:00:00.000,00:00,6.634702127684463
2025-11-12 01:00:00.000,01:00,7.805299999914132
2025-11-12 02:00:00.000,02:00,6.444500000053086
2025-11-12 03:00:00.000,03:00,5.787499999883584
2025-11-12 04:00:00.000,04:00,6.24810000017751
2025-11-12 05:00:00.000,05:00,6.207499999855646
2025-11-12 06:00:00.000,06:00,7.2313000001246115
2025-11-12 07:00:00.000,07:00,14.596999999834226
2025-11-12 08:00:00.000,08:00,53.501200000103566
2025-11-12 09:00:00.000,09:00,54.68939999998547
2025-11-12 10:00:00.000,10:00,39.99020000007004
2025-11-12 11:00:00.000,11:00,43.682999999960884
2025-11-12 12:00:00.000,12:00,66.5858000000473
2025-11-12 13:00:00.000,13:00,58.42919999985025
2025-11-12 14:00:00.000,14:00,42.113600000040606
2025-11-12 15:00:00.000,15:00,21.41458181813359
2025-11-12 16:00:00.000,16:00,7.805518181878142
2025-11-12 17:00:00.000,17:00,7.512522222176711
2025-11-12 18:00:00.000,18:00,8.332377777755674
2025-11-12 19:00:00.000,19:00,6.175000000139699
2025-11-12 20:00:00.000,20:00,6.324700000043958
2025-11-12 21:00:00.000,21:00,7.057299999892711
2025-11-12 22:00:00.000,22:00,6.335700000100768
2025-11-12 23:00:00.000,23:00,7.370699999970384
2025-11-13 00:00:00.000,00:00,7.133899999991991
2025-11-13 01:00:00.000,01:00,6.935499999928288
2025-11-13 02:00:00.000,02:00,5.975900000100955
2025-11-13 03:00:00.000,03:00,6.214599999925122
2025-11-13 04:00:00.000,04:00,6.818199999933132
2025-11-13 05:00:00.000,05:00,7.682800000137649
2025-11-13 06:00:00.000,06:00,6.2429999999701975
2025-11-13 07:00:00.000,07:00,14.176399999973363
2025-11-13 08:00:00.000,08:00,50.69809999989812
2025-11-13 09:00:00.000,09:00,47.10220000008121
2025-11-13 10:00:00.000,10:00,30.183600000059233
2025-11-13 11:00:00.000,11:00,32.32559999986552
2025-11-13 12:00:00.000,12:00,55.39700000016019
2025-11-13 13:00:00.000,13:00,44.323799999989575
2025-11-13 14:00:00.000,14:00,40.44799999990501
2025-11-13 15:00:00.000,15:00,19.47689999991562
2025-11-13 16:00:00.000,16:00,8.868500000052155
2025-11-13 17:00:00.000,17:00,8.461800000071525
2025-11-13 18:00:00.000,18:00,9.232755555494482
2025-11-13 19:00:00.000,19:00,7.1145444444122
2025-11-13 20:00:00.000,20:00,7.553172727416015
2025-11-13 21:00:00.000,21:00,8.14861616146083
2025-11-13 22:00:00.000,22:00,7.084911111224857
2025-11-13 23:00:00.000,23:00,8.609200000064448
2025-11-14 00:00:00.000,00:00,18.045318114709463
2025-11-14 01:00:00.000,01:00,23.589720176745466
2025-11-14 02:00:00.000,02:00,23.589720176745466
2025-11-14 03:00:00.000,03:00,23.589720176745466
2025-11-14 04:00:00.000,04:00,23.589720176745466
2025-11-14 05:00:00.000,05:00,23.589720176745466
2025-11-14 06:00:00.000,06:00,23.589720176745466
2025-11-14 07:00:00.000,07:00,23.589720176745466
2025-11-14 08:00:00.000,08:00,23.589720176745466
2025-11-14 09:00:00.000,09:00,23.589720176745466
2025-11-14 10:00:00.000,10:00,23.589720176745466
2025-11-14 11:00:00.000,11:00,33.20608011765299
2025-11-14 12:00:00.000,12:00,58.58869999998715
2025-11-14 13:00:00.000,13:00,52.50290000010282
2025-11-14 14:00:00.000,14:00,39.67000000006519
2025-11-14 15:00:00.000,15:00,17.284799999860116
2025-11-14 16:00:00.000,16:00,17.4162000001641
2025-11-14 17:00:00.000,17:00,11.927899999869986
2025-11-14 18:00:00.000,18:00,10.644900000048802
2025-11-14 19:00:00.000,19:00,9.79659999993164
2025-11-14 20:00:00.000,20:00,9.168000000016765
2025-11-14 21:00:00.000,21:00,11.346600000048056
2025-11-14 22:00:00.000,22:00,9.968799999915063
2025-11-14 23:00:00.000,23:00,8.888888888956151
2025-11-15 00:00:00.000,00:00,9.302911111096748
2025-11-15 01:00:00.000,01:00,9.5886999999173
2025-11-15 02:00:00.000,02:00,9.064300000085495
2025-11-15 03:00:00.000,03:00,10.88420000001788
2025-11-15 04:00:00.000,04:00,8.645100000011736
2025-11-15 05:00:00.000,05:00,9.211600000062026
2025-11-15 06:00:00.000,06:00,9.621499999938532
2025-11-15 07:00:00.000,07:00,31.434399999887685
2025-11-15 08:00:00.000,08:00,49.26580000002869
2025-11-15 09:00:00.000,09:00,57.312999999988826
2025-11-15 10:00:00.000,10:00,53.33780000009574
2025-11-15 11:00:00.000,11:00,37.57980000004172
2025-11-15 12:00:00.000,12:00,40.852528662425996
2025-11-15 13:00:00.000,13:00,41.17089171974718
2025-11-15 14:00:00.000,14:00,41.17089171974718
2025-11-15 15:00:00.000,15:00,41.17089171974718
2025-11-15 16:00:00.000,16:00,41.17089171974718
2025-11-15 17:00:00.000,17:00,41.17089171974718
2025-11-15 18:00:00.000,18:00,41.17089171974718
2025-11-15 19:00:00.000,19:00,41.17089171974718
2025-11-15 20:00:00.000,20:00,41.17089171974718
2025-11-15 21:00:00.000,21:00,41.17089171974718
2025-11-15 22:00:00.000,22:00,23.61544585990153
2025-11-15 23:00:00.000,23:00,5.739999999990687
2025-11-16 00:00:00.000,00:00,5.698599999933503
2025-11-16 01:00:00.000,01:00,7.224700000020675
2025-11-16 02:00:00.000,02:00,6.148399999924004
2025-11-16 03:00:00.000,03:00,5.878199999942444
2025-11-16 04:00:00.000,04:00,5.770700000156649
2025-11-16 05:00:00.000,05:00,5.916399999824353
2025-11-16 06:00:00.000,06:00,6.8182000000961125
2025-11-16 07:00:00.000,07:00,38.92460000005085
2025-11-16 08:00:00.000,08:00,49.434799999883396
2025-11-16 09:00:00.000,09:00,42.07160000004805
2025-11-16 10:00:00.000,10:00,33.745199999958274
2025-11-16 11:00:00.000,11:00,39.61840000003576
2025-11-16 12:00:00.000,12:00,66.9870000001043
2025-11-16 13:00:00.000,13:00,59.22199999999721
2025-11-16 14:00:00.000,14:00,48.93349999994971
2025-11-16 15:00:00.000,15:00,34.241699999920094
2025-11-16 16:00:00.000,16:00,11.505700000142678
2025-11-16 17:00:00.000,17:00,8.22449999989476
2025-11-16 18:00:00.000,18:00,8.686500000045633
2025-11-16 19:00:00.000,19:00,6.985799999977463
2025-11-16 20:00:00.000,20:00,6.973600000003353
2025-11-16 21:00:00.000,21:00,7.463799999980257
2025-11-16 22:00:00.000,22:00,6.716800000099465
2025-11-16 23:00:00.000,23:00,8.563299999968148
2025-11-17 00:00:00.000,00:00,7.506899999896996
2025-11-17 01:00:00.000,01:00,6.567299999995157
2025-11-17 02:00:00.000,02:00,6.39530000013765
2025-11-17 03:00:00.000,03:00,7.237799999979325
2025-11-17 04:00:00.000,04:00,7.425600000028497
2025-11-17 05:00:00.000,05:00,7.5458999999566005
2025-11-17 06:00:00.000,06:00,6.6522999999346215
2025-11-17 07:00:00.000,07:00,12.743233333300385
2025-11-17 08:00:00.000,08:00,52.23766666678195
2025-11-17 09:00:00.000,09:00,53.06079999986105
2025-11-17 10:00:00.000,10:00,37.47820000015199
2025-11-17 11:00:00.000,11:00,43.980599999940026
2025-11-17 12:00:00.000,12:00,62.85759999998845
2025-11-17 13:00:00.000,13:00,56.82180000003427
2025-11-17 14:00:00.000,14:00,44.43622222212143
2025-11-17 15:00:00.000,15:00,26.459063492050127
2025-11-17 16:00:00.000,16:00,10.264814285807578
2025-11-17 17:00:00.000,17:00,8.518099999986589
2025-11-17 18:00:00.000,18:00,6.622800000035204
2025-11-17 19:00:00.000,19:00,6.044500000029803
2025-11-17 20:00:00.000,20:00,5.772999999998137
2025-11-17 21:00:00.000,21:00,8.01579999984242
2025-11-17 22:00:00.000,22:00,5.869900000165217
2025-11-17 23:00:00.000,23:00,5.817799999844283
2025-11-18 00:00:00.000,00:00,5.771600000141188
2025-11-18 01:00:00.000,01:00,5.948999999999069
2025-11-18 02:00:00.000,02:00,5.824299999955111
2025-11-18 03:00:00.000,03:00,6.548699999926612
2025-11-18 04:00:00.000,04:00,5.42010000012815
2025-11-18 05:00:00.000,05:00,6.741299999970943
2025-11-18 06:00:00.000,06:00,7.562727272679861
2025-11-18 07:00:00.000,07:00,15.258472727302633
2025-11-18 08:00:00.000,08:00,60.66859999997541
2025-11-18 09:00:00.000,09:00,54.8414000000339
2025-11-18 10:00:00.000,10:00,26.806999999983237
2025-11-18 11:00:00.000,11:00,41.2515999999363
2025-11-18 12:00:00.000,12:00,61.975599999958646
2025-11-18 13:00:00.000,13:00,52.18400000003166
2025-11-18 14:00:00.000,14:00,41.42839999999851
2025-11-18 15:00:00.000,15:00,34.34040000003297
2025-11-18 16:00:00.000,16:00,9.141800000099465
2025-11-18 17:00:00.000,17:00,6.530799999949522
2025-11-18 18:00:00.000,18:00,6.5368999999482185
2025-11-18 19:00:00.000,19:00,7.393399999965913
2025-11-18 20:00:00.000,20:00,6.500500000058673
2025-11-18 21:00:00.000,21:00,7.060799999954179
2025-11-18 22:00:00.000,22:00,5.864199999999254
2025-11-18 23:00:00.000,23:00,6.250400000158698
2025-11-19 00:00:00.000,00:00,7.151299999863841
2025-11-19 01:00:00.000,01:00,7.343899999954738
2025-11-19 02:00:00.000,02:00,5.837400000123307
2025-11-19 03:00:00.000,03:00,6.684100000024773
2025-11-19 04:00:00.000,04:00,6.515199999837205
2025-11-19 05:00:00.000,05:00,6.008500000042841
2025-11-19 06:00:00.000,06:00,7.376236363714138
2025-11-19 07:00:00.000,07:00,17.56276363627562
2025-11-19 08:00:00.000,08:00,50.93180000009015
2025-11-19 09:00:00.000,09:00,48.31399999996647
2025-11-19 10:00:00.000,10:00,48.18579999995418
2025-11-19 11:00:00.000,11:00,56.563400000054386
2025-11-19 12:00:00.000,12:00,70.63320000004023
2025-11-19 13:00:00.000,13:00,56.0663999998942
2025-11-19 14:00:00.000,14:00,36.044700000155714
2025-11-19 15:00:00.000,15:00,14.737199999904263
2025-11-19 16:00:00.000,16:00,9.552099999971688
2025-11-19 17:00:00.000,17:00,6.968299999996088
2025-11-19 18:00:00.000,18:00,7.901700000092387
2025-11-19 19:00:00.000,19:00,5.91399999987334
2025-11-19 20:00:00.000,20:00,5.5675000000745065
2025-11-19 21:00:00.000,21:00,6.431600000034086
2025-11-19 22:00:00.000,22:00,5.597599999886006
2025-11-19 23:00:00.000,23:00,6.784425000002375
2025-11-20 00:00:00.000,00:00,6.790775000007125
2025-11-20 01:00:00.000,01:00,5.860200000111945
2025-11-20 02:00:00.000,02:00,5.426500000013039
2025-11-20 03:00:00.000,03:00,6.157399999978953
2025-11-20 04:00:00.000,04:00,6.186000000010244
2025-11-20 05:00:00.000,05:00,7.014599999925121
2025-11-20 06:00:00.000,06:00,5.777945454617624
2025-11-20 07:00:00.000,07:00,35.13845454532315
2025-11-20 08:00:00.000,08:00,64.24580000010319
2025-11-20 09:00:00.000,09:00,65.86999999992548
2025-11-20 10:00:00.000,10:00,64.14340000012888
2025-11-20 11:00:00.000,11:00,57.23819999992847
2025-11-20 12:00:00.000,12:00,72.41900000004097
2025-11-20 13:00:00.000,13:00,52.90200000004843
2025-11-20 14:00:00.000,14:00,43.25989999999292
2025-11-20 15:00:00.000,15:00,15.831499999854715
2025-11-20 16:00:00.000,16:00,13.711600000155158
2025-11-20 17:00:00.000,17:00,10.122599999932572
2025-11-20 18:00:00.000,18:00,6.8979999999050055
2025-11-20 19:00:00.000,19:00,7.168300000065938
2025-11-20 20:00:00.000,20:00,6.982400000072085
2025-11-20 21:00:00.000,21:00,8.344099999940955
2025-11-20 22:00:00.000,22:00,6.905199999921024
2025-11-20 23:00:00.000,23:00,7.142000000085682
2025-11-21 00:00:00.000,00:00,7.163499999954365
2025-11-21 01:00:00.000,01:00,7.018800000054762
2025-11-21 02:00:00.000,02:00,6.801499999919907
2025-11-21 03:00:00.000,03:00,8.738500000094064
2025-11-21 04:00:00.000,04:00,6.757400000025518
2025-11-21 05:00:00.000,05:00,6.93090000001248
2025-11-21 06:00:00.000,06:00,6.705763636273332
2025-11-21 07:00:00.000,07:00,52.887036363687365
2025-11-21 08:00:00.000,08:00,65.87559999991208
2025-11-21 09:00:00.000,09:00,56.878800000064075
2025-11-21 10:00:00.000,10:00,49.69780000005849
2025-11-21 11:00:00.000,11:00,52.46699999985285
2025-11-21 12:00:00.000,12:00,63.14819999998436
2025-11-21 13:00:00.000,13:00,52.38870000001043
2025-11-21 14:00:00.000,14:00,46.940099999983794
2025-11-21 15:00:00.000,15:00,21.43750000009313
2025-11-21 16:00:00.000,16:00,10.274300000001675
2025-11-21 17:00:00.000,17:00,8.22480000006035
2025-11-21 18:00:00.000,18:00,7.2662999998312445
2025-11-21 19:00:00.000,19:00,7.2946000000927596
2025-11-21 20:00:00.000,20:00,7.394000000087544
2025-11-21 21:00:00.000,21:00,8.098999999905935
2025-11-21 22:00:00.000,22:00,7.475100000016392
2025-11-21 23:00:00.000,23:00,7.15954999991809
2025-11-22 00:00:00.000,00:00,7.4785500000638425
2025-11-22 01:00:00.000,01:00,7.236599999922328
2025-11-22 02:00:00.000,02:00,6.513400000100956
2025-11-22 03:00:00.000,03:00,8.719799999985844
2025-11-22 04:00:00.000,04:00,7.2147999999346215
2025-11-22 05:00:00.000,05:00,7.13100000009872
2025-11-22 06:00:00.000,06:00,6.647299999929965
2025-11-22 07:00:00.000,07:00,41.009199999971315
2025-11-22 08:00:00.000,08:00,60.078199999965726
2025-11-22 09:00:00.000,09:00,62.24400000004098
2025-11-22 10:00:00.000,10:00,66.90720000006257
2025-11-22 11:00:00.000,11:00,63.02279999996536
2025-11-22 12:00:00.000,12:00,60.79200000003911
2025-11-22 13:00:00.000,13:00,65.12810000001919
2025-11-22 14:00:00.000,14:00,57.20889999989886
2025-11-22 15:00:00.000,15:00,37.50020000010263
2025-11-22 16:00:00.000,16:00,45.02219999998343
2025-11-22 17:00:00.000,17:00,61.53549999992829
2025-11-22 18:00:00.000,18:00,50.96670000001322
2025-11-22 19:00:00.000,19:00,37.60070000009146
2025-11-22 20:00:00.000,20:00,12.847799999918788
2025-11-22 21:00:00.000,21:00,7.685100000048988
2025-11-22 22:00:00.000,22:00,6.225699999975041
2025-11-22 23:00:00.000,23:00,7.319999999977881
2025-11-23 00:00:00.000,00:00,7.153400000132388
2025-11-23 01:00:00.000,01:00,7.912299999967217
2025-11-23 02:00:00.000,02:00,7.15429999998305
2025-11-23 03:00:00.000,03:00,7.408899999898859
2025-11-23 04:00:00.000,04:00,6.439099999982864
2025-11-23 05:00:00.000,05:00,6.841100000101141
2025-11-23 06:00:00.000,06:00,7.085000000032597
2025-11-23 07:00:00.000,07:00,16.235799999861047
2025-11-23 08:00:00.000,08:00,47.9562000001315
2025-11-23 09:00:00.000,09:00,61.415599999949336
2025-11-23 10:00:00.000,10:00,45.21459999997168
2025-11-23 11:00:00.000,11:00,40.12820000001229
2025-11-23 12:00:00.000,12:00,44.82279999991879
2025-11-23 13:00:00.000,13:00,55.09070000010542
2025-11-23 14:00:00.000,14:00,42.3264000000665
2025-11-23 15:00:00.000,15:00,30.44909999985248
2025-11-23 16:00:00.000,16:00,5.840400000079535
2025-11-23 17:00:00.000,17:00,5.267699999990874
2025-11-23 18:00:00.000,18:00,5.9617999999085445
2025-11-23 19:00:00.000,19:00,4.321600000117906
2025-11-23 20:00:00.000,20:00,4.048099999991244
2025-11-23 21:00:00.000,21:00,4.733099999977276
2025-11-23 22:00:00.000,22:00,4.422700000111945
2025-11-23 23:00:00.000,23:00,5.3955999998899635
2025-11-24 00:00:00.000,00:00,4.843799999932526
2025-11-24 01:00:00.000,01:00,4.747800000128336
2025-11-24 02:00:00.000,02:00,4.618199999886565
2025-11-24 03:00:00.000,03:00,4.322800000128336
2025-11-24 04:00:00.000,04:00,4.874600000004284
2025-11-24 05:00:00.000,05:00,5.694199999934062
2025-11-24 06:00:00.000,06:00,4.544799999915995
2025-11-24 07:00:00.000,07:00,6.376600000145845
2025-11-24 08:00:00.000,08:00,59.158799999859184
2025-11-24 09:00:00.000,09:00,41.85400000005029
2025-11-24 10:00:00.000,10:00,40.33340000007302
2025-11-24 11:00:00.000,11:00,43.58419999987818
2025-11-24 12:00:00.000,12:00,67.05680000004358
2025-11-24 13:00:00.000,13:00,59.13960000006482
2025-11-24 14:00:00.000,14:00,38.63799999989569
2025-11-24 15:00:00.000,15:00,13.00220000008121
2025-11-24 16:00:00.000,16:00,8.088799999933691
2025-11-24 17:00:00.000,17:00,7.16412727271884
2025-11-24 18:00:00.000,18:00,7.559872727280229
2025-11-24 19:00:00.000,19:00,6.821200000075623
2025-11-24 20:00:00.000,20:00,6.026700000045821
2025-11-24 21:00:00.000,21:00,8.735399999911897
2025-11-24 22:00:00.000,22:00,7.286399999959395
2025-11-24 23:00:00.000,23:00,6.834700000053271
2025-11-25 00:00:00.000,00:00,6.430000000051223
2025-11-25 01:00:00.000,01:00,6.974300000001676
2025-11-25 02:00:00.000,02:00,7.645999999996276
2025-11-25 03:00:00.000,03:00,7.714899999927729
2025-11-25 04:00:00.000,04:00,6.144900000072084
2025-11-25 05:00:00.000,05:00,6.987299999967218
2025-11-25 06:00:00.000,06:00,6.8346000000084235
2025-11-25 07:00:00.000,07:00,39.36020000004727
2025-11-25 08:00:00.000,08:00,57.50479999994859
2025-11-25 09:00:00.000,09:00,58.39340000003577
2025-11-25 10:00:00.000,10:00,35.36399999996647
2025-11-25 11:00:00.000,11:00,47.25639999993145
2025-11-25 12:00:00.000,12:00,63.874600000120694
2025-11-25 13:00:00.000,13:00,52.74599999994971
2025-11-25 14:00:00.000,14:00,32.6537111109847
2025-11-25 15:00:00.000,15:00,16.19388888894787
2025-11-25 16:00:00.000,16:00,11.072699999972246
2025-11-25 17:00:00.000,17:00,6.18820000004489
2025-11-25 18:00:00.000,18:00,5.864900000113995
2025-11-25 19:00:00.000,19:00,7.128299999888986
2025-11-25 20:00:00.000,20:00,5.968200000096113
2025-11-25 21:00:00.000,21:00,5.448099999898113
2025-11-25 22:00:00.000,22:00,5.416700000036508
2025-11-25 23:00:00.000,23:00,5.66702499993844
2025-11-26 00:00:00.000,00:00,6.291975000023376
2025-11-26 01:00:00.000,01:00,6.090700000035577
2025-11-26 02:00:00.000,02:00,5.556599999964238
2025-11-26 03:00:00.000,03:00,5.619899999955669
2025-11-26 04:00:00.000,04:00,5.101300000073389
2025-11-26 05:00:00.000,05:00,5.564300000062213
2025-11-26 06:00:00.000,06:00,6.9312999999383464
2025-11-26 07:00:00.000,07:00,29.354399999976156
2025-11-26 08:00:00.000,08:00,63.89080000007525
2025-11-26 09:00:00.000,09:00,56.122999999951574
2025-11-26 10:00:00.000,10:00,49.21659999997355
2025-11-26 11:00:00.000,11:00,51.19039999996312
2025-11-26 12:00:00.000,12:00,63.44720000005327
2025-11-26 13:00:00.000,13:00,53.25899999998509
2025-11-26 14:00:00.000,14:00,41.42520000003278
2025-11-26 15:00:00.000,15:00,24.650900000031108
2025-11-26 16:00:00.000,16:00,8.840499999909664
2025-11-26 17:00:00.000,17:00,7.462299999967217
2025-11-26 18:00:00.000,18:00,8.167400000034831
2025-11-26 19:00:00.000,19:00,6.658800000115297
2025-11-26 20:00:00.000,20:00,6.988899999926798
2025-11-26 21:00:00.000,21:00,6.239800000051036
2025-11-26 22:00:00.000,22:00,6.571599999954923
2025-11-26 23:00:00.000,23:00,8.003375000081723
2025-11-27 00:00:00.000,00:00,6.53832499983837
2025-11-27 01:00:00.000,01:00,5.817900000000373
2025-11-27 02:00:00.000,02:00,6.446100000129081
2025-11-27 03:00:00.000,03:00,5.8894999999320135
2025-11-27 04:00:00.000,04:00,6.663000000128522
2025-11-27 05:00:00.000,05:00,6.813399999821558
2025-11-27 06:00:00.000,06:00,5.926400000136345
2025-11-27 07:00:00.000,07:00,31.247299999999814
2025-11-27 08:00:00.000,08:00,53.548366666577444
2025-11-27 09:00:00.000,09:00,60.58615151508429
2025-11-27 10:00:00.000,10:00,54.469363636443056
2025-11-27 11:00:00.000,11:00,49.03661818180487
2025-11-27 12:00:00.000,12:00,63.957094736951156
2025-11-27 13:00:00.000,13:00,60.932366132662146
2025-11-27 14:00:00.000,14:00,44.75005731222876
2025-11-27 15:00:00.000,15:00,14.365681818125513
2025-11-27 16:00:00.000,16:00,9.086041666741949
2025-11-27 17:00:00.000,17:00,8.231049242339477
2025-11-27 18:00:00.000,18:00,8.073501683609335
2025-11-27 19:00:00.000,19:00,7.760407407333453
2025-11-27 20:00:00.000,20:00,7.77169230774833
2025-11-27 21:00:00.000,21:00,8.478265139045279
2025-11-27 22:00:00.000,22:00,8.501581014864492
2025-11-27 23:00:00.000,23:00,7.767996422051783
2025-11-28 00:00:00.000,00:00,7.344965116361827
2025-11-28 01:00:00.000,01:00,7.438870370340602
2025-11-28 02:00:00.000,02:00,8.07762962960637
2025-11-28 03:00:00.000,03:00,8.789068965562208
2025-11-28 04:00:00.000,04:00,7.377931034417244
2025-11-28 05:00:00.000,05:00,7.626238095319076
2025-11-28 06:00:00.000,06:00,7.580223443175942
2025-11-28 07:00:00.000,07:00,17.46994755242173
2025-11-28 08:00:00.000,08:00,57.78345757584602
2025-11-28 09:00:00.000,09:00,58.920869182421285
2025-11-28 10:00:00.000,10:00,38.18603773569724
2025-11-28 11:00:00.000,11:00,48.88622641519407
2025-11-28 12:00:00.000,12:00,65.01661538452066
2025-11-28 13:00:00.000,13:00,52.1763501327018
2025-11-28 14:00:00.000,14:00,38.615395593948676
2025-11-28 15:00:00.000,15:00,28.05332741343519
2025-11-28 16:00:00.000,16:00,13.675424378583331
2025-11-28 17:00:00.000,17:00,7.107326490735819
2025-11-28 18:00:00.000,18:00,7.4040979194858805
2025-11-28 19:00:00.000,19:00,7.452531179684636
2025-11-28 20:00:00.000,20:00,7.470410958838279
2025-11-28 21:00:00.000,21:00,7.335663405122689
2025-11-28 22:00:00.000,22:00,6.958822660128302
2025-11-28 23:00:00.000,23:00,6.6639613120462595
2025-11-29 00:00:00.000,00:00,6.278780487808966
2025-11-29 01:00:00.000,01:00,8.245829268267785
2025-11-29 02:00:00.000,02:00,7.645463414655719
2025-11-29 03:00:00.000,03:00,7.060658823570409
2025-11-29 04:00:00.000,04:00,6.50329411763917
2025-11-29 05:00:00.000,05:00,7.147695410487488
2025-11-29 06:00:00.000,06:00,10.370637362638673
2025-11-29 07:00:00.000,07:00,18.74357142851555
2025-11-29 08:00:00.000,08:00,36.4896428571249
2025-11-29 09:00:00.000,09:00,63.108750000038924
2025-11-29 10:00:00.000,10:00,52.36203358207791
2025-11-29 11:00:00.000,11:00,42.95865671636203
2025-11-29 12:00:00.000,12:00,48.37591885638654
2025-11-29 13:00:00.000,13:00,61.0161971831104
2025-11-29 14:00:00.000,14:00,61.0161971831104
2025-11-29 15:00:00.000,15:00,49.76040873059252
2025-11-29 16:00:00.000,16:00,48.95642384112696
2025-11-29 17:00:00.000,17:00,42.65213265732086
2025-11-29 18:00:00.000,18:00,33.82612499999232
2025-11-29 19:00:00.000,19:00,33.82612499999232
2025-11-29 20:00:00.000,20:00,13.907437499947264
2025-11-29 21:00:00.000,21:00,7.267874999932246
2025-11-29 22:00:00.000,22:00,7.290798996856244
2025-11-29 23:00:00.000,23:00,7.542962963020221
2025-11-30 00:00:00.000,00:00,7.542962963020221
2025-11-30 01:00:00.000,01:00,7.299049382747788
2025-11-30 02:00:00.000,02:00,6.906666666657353
2025-11-30 03:00:00.000,03:00,6.906666666657353
2025-11-30 04:00:00.000,04:00,7.599976111102797
2025-11-30 05:00:00.000,05:00,8.715299999993295
2025-11-30 06:00:00.000,06:00,8.715299999993295
2025-11-30 07:00:00.000,07:00,10.613215555547892
2025-11-30 08:00:00.000,08:00,46.673611111085236
2025-11-30 09:00:00.000,09:00,46.673611111085236
2025-11-30 10:00:00.000,10:00,46.673611111085236
2025-11-30 11:00:00.000,11:00,40.99502
2025-11-30 12:00:00.000,12:00,34.054519
2025-11-30 13:00:00.000,13:00,34.054519
2025-11-30 14:00:00.000,14:00,34.054519
2025-11-30 15:00:00.000,15:00,34.054519
2025-11-30 16:00:00.000,16:00,34.054519
2025-11-30 17:00:00.000,17:00,34.054519
2025-11-30 18:00:00.000,18:00,34.054519
2025-11-30 19:00:00.000,19:00,23.174835
2025-11-30 20:00:00.000,20:00,9.669399999943563
2025-11-30 21:00:00.000,21:00,10.376400000043214
2025-11-30 22:00:00.000,22:00,10.071500000124797
2025-11-30 23:00:00.000,23:00,11.49969999997411
2025-12-01 00:00:00.000,00:00,9.100299999932759
2025-12-01 01:00:00.000,01:00,10.02310000001453
2025-12-01 02:00:00.000,02:00,10.001600000052713
2025-12-01 03:00:00.000,03:00,9.678899999847637
2025-12-01 04:00:00.000,04:00,10.493900000141002
2025-12-01 05:00:00.000,05:00,10.412099999864587
2025-12-01 06:00:00.000,06:00,9.61910000008324
2025-12-01 07:00:00.000,07:00,12.56380000000095
2025-12-01 08:00:00.000,08:00,45.039199999952686
2025-12-01 09:00:00.000,09:00,57.58599999998697
2025-12-01 10:00:00.000,10:00,44.05600000014529
2025-12-01 11:00:00.000,11:00,33.727399999881165
2025-12-01 12:00:00.000,12:00,62.49400000004098
2025-12-01 13:00:00.000,13:00,55.92026666670831
2025-12-01 14:00:00.000,14:00,43.602433333240654
2025-12-01 15:00:00.000,15:00,22.5139000000665
2025-12-01 16:00:00.000,16:00,9.55979999990668
2025-12-01 17:00:00.000,17:00,8.510400000121445
2025-12-01 18:00:00.000,18:00,7.166999999852851
2025-12-01 19:00:00.000,19:00,6.903800000040792
2025-12-01 20:00:00.000,20:00,6.554000000003725
2025-12-01 21:00:00.000,21:00,8.813100000028498
2025-12-01 22:00:00.000,22:00,6.804900000058115
2025-12-01 23:00:00.000,23:00,6.92325000006822
2025-12-02 00:00:00.000,00:00,6.011449999845354
2025-12-02 01:00:00.000,01:00,6.594600000069477
2025-12-02 02:00:00.000,02:00,7.549800000013785
2025-12-02 03:00:00.000,03:00,7.1581000000238415
2025-12-02 04:00:00.000,04:00,6.153300000028684
2025-12-02 05:00:00.000,05:00,7.08090000001248
2025-12-02 06:00:00.000,06:00,6.143963636250489
2025-12-02 07:00:00.000,07:00,13.36803636362099
2025-12-02 08:00:00.000,08:00,58.76180000007152
2025-12-02 09:00:00.000,09:00,64.12479999992065
2025-12-02 10:00:00.000,10:00,52.42660000007599
2025-12-02 11:00:00.000,11:00,44.980999999912456
2025-12-02 12:00:00.000,12:00,67.40228888896398
2025-12-02 13:00:00.000,13:00,49.12181111112133
2025-12-02 14:00:00.000,14:00,41.95840000004973
2025-12-02 15:00:00.000,15:00,23.215199999976903
2025-12-02 16:00:00.000,16:00,11.532799999881536
2025-12-02 17:00:00.000,17:00,11.525700000161306
2025-12-02 18:00:00.000,18:00,10.56149999992922
2025-12-02 19:00:00.000,19:00,11.390199999976904
2025-12-02 20:00:00.000,20:00,10.327900000032969
2025-12-02 21:00:00.000,21:00,10.269299999973736
2025-12-02 22:00:00.000,22:00,9.924300000071526
2025-12-02 23:00:00.000,23:00,10.613374999875669
2025-12-03 00:00:00.000,00:00,9.7618250000407
2025-12-03 01:00:00.000,01:00,11.477400000044145
2025-12-03 02:00:00.000,02:00,10.050300000002608
2025-12-03 03:00:00.000,03:00,10.059399999957531
2025-12-03 04:00:00.000,04:00,9.399800000037066
2025-12-03 05:00:00.000,05:00,10.419000000064262
2025-12-03 06:00:00.000,06:00,11.388499999954366
2025-12-03 07:00:00.000,07:00,14.457399999862536
2025-12-03 08:00:00.000,08:00,56.709400000050664
2025-12-03 09:00:00.000,09:00,54.780199999921024
2025-12-03 10:00:00.000,10:00,58.39780000005848
2025-12-03 11:00:00.000,11:00,56.6672000000719
2025-12-03 12:00:00.000,12:00,20.23175
2025-12-03 13:00:00.000,13:00,18.845534
2025-12-03 14:00:00.000,14:00,18.845534
2025-12-03 15:00:00.000,15:00,18.845534
2025-12-03 16:00:00.000,16:00,18.845534
2025-12-03 17:00:00.000,17:00,18.845534
2025-12-03 18:00:00.000,18:00,18.845534
2025-12-03 19:00:00.000,19:00,18.845534
2025-12-03 20:00:00.000,20:00,18.845534
2025-12-03 21:00:00.000,21:00,18.845534
2025-12-03 22:00:00.000,22:00,11.099845
2025-12-03 23:00:00.000,23:00,6.535300000035203
2025-12-04 00:00:00.000,00:00,5.68109999995213
2025-12-04 01:00:00.000,01:00,5.976100000063889
2025-12-04 02:00:00.000,02:00,6.375699999928474
2025-12-04 03:00:00.000,03:00,5.9547000000951815
2025-12-04 04:00:00.000,04:00,6.998399999854156
2025-12-04 05:00:00.000,05:00,6.0203000000212334
2025-12-04 06:00:00.000,06:00,5.897200000099838
2025-12-04 07:00:00.000,07:00,8.33099999995902
2025-12-04 08:00:00.000,08:00,54.28780000004917
2025-12-04 09:00:00.000,09:00,61.21860000002198
2025-12-04 10:00:00.000,10:00,42.80599999995903
2025-12-04 11:00:00.000,11:00,54.2417999999132
2025-12-04 12:00:00.000,12:00,40.1849090908908
2025-12-04 13:00:00.000,13:00,38.39266457681056
2025-12-04 14:00:00.000,14:00,38.39266457681056
2025-12-04 15:00:00.000,15:00,38.39266457681056
2025-12-04 16:00:00.000,16:00,38.39266457681056
2025-12-04 17:00:00.000,17:00,18.949632601927654
2025-12-04 18:00:00.000,18:00,7.87750000008382
2025-12-04 19:00:00.000,19:00,7.8076999998884276
2025-12-04 20:00:00.000,20:00,8.769199999980628
2025-12-04 21:00:00.000,21:00,8.19199999999255
2025-12-04 22:00:00.000,22:00,8.069999999995343
2025-12-04 23:00:00.000,23:00,7.446511111191164
2025-12-05 00:00:00.000,00:00,7.294988888905694
2025-12-05 01:00:00.000,01:00,8.440300000063145
2025-12-05 02:00:00.000,02:00,8.900399999879301
2025-12-05 03:00:00.000,03:00,7.072800000011921
2025-12-05 04:00:00.000,04:00,7.365500000095926
2025-12-05 05:00:00.000,05:00,7.784099999954924
2025-12-05 06:00:00.000,06:00,7.2903999998699875
2025-12-05 07:00:00.000,07:00,28.317800000077114
2025-12-05 08:00:00.000,08:00,59.751599999982865
2025-12-05 09:00:00.000,09:00,51.104199999989945
2025-12-05 10:00:00.000,10:00,44.65500000012107
2025-12-05 11:00:00.000,11:00,49.609400000004094
2025-12-05 12:00:00.000,12:00,68.69439999987371
2025-12-05 13:00:00.000,13:00,62.72459999995771
2025-12-05 14:00:00.000,14:00,40.78670000003185
2025-12-05 15:00:00.000,15:00,14.01420000011567
2025-12-05 16:00:00.000,16:00,9.465599999926052
2025-12-05 17:00:00.000,17:00,7.288200000068173
2025-12-05 18:00:00.000,18:00,8.109299999987707
2025-12-05 19:00:00.000,19:00,7.661399999982677
2025-12-05 20:00:00.000,20:00,7.394400000036694
2025-12-05 21:00:00.000,21:00,7.32739999985788
2025-12-05 22:00:00.000,22:00,7.37030000013765
2025-12-05 23:00:00.000,23:00,7.186775000020861
2025-12-06 00:00:00.000,00:00,8.856124999909662
2025-12-06 01:00:00.000,01:00,7.336200000066311
2025-12-06 02:00:00.000,02:00,7.53550000002142
2025-12-06 03:00:00.000,03:00,7.057099999929779
2025-12-06 04:00:00.000,04:00,7.761400000005962
2025-12-06 05:00:00.000,05:00,8.871900000004098
2025-12-06 06:00:00.000,06:00,8.09059999997262
2025-12-06 07:00:00.000,07:00,14.896700000064445
2025-12-06 08:00:00.000,08:00,55.95179999987595
2025-12-06 09:00:00.000,09:00,60.41220000009052
2025-12-06 10:00:00.000,10:00,62.210400000028315
2025-12-06 11:00:00.000,11:00,46.43439999995753
2025-12-06 12:00:00.000,12:00,55.34939999999479
2025-12-06 13:00:00.000,13:00,57.01869999994524
2025-12-06 14:00:00.000,14:00,46.355700000096114
2025-12-06 15:00:00.000,15:00,42.24529999997466
2025-12-06 16:00:00.000,16:00,48.08799999996554
2025-12-06 17:00:00.000,17:00,49.15310000001919
2025-12-06 18:00:00.000,18:00,48.66299999998883
2025-12-06 19:00:00.000,19:00,30.929500000039116
2025-12-06 20:00:00.000,20:00,9.214999999990686
2025-12-06 21:00:00.000,21:00,7.1437999999616295
2025-12-06 22:00:00.000,22:00,8.259099999954925
2025-12-06 23:00:00.000,23:00,6.264575000066543
2025-12-07 00:00:00.000,00:00,6.596025000087684
2025-12-07 01:00:00.000,01:00,7.236499999905936
2025-12-07 02:00:00.000,02:00,6.6865000000223525
2025-12-07 03:00:00.000,03:00,7.473499999986961
2025-12-07 04:00:00.000,04:00,7.125299999886193
2025-12-07 05:00:00.000,05:00,7.295600000186824
2025-12-07 06:00:00.000,06:00,6.558699999959208
2025-12-07 07:00:00.000,07:00,11.585499999858438
2025-12-07 08:00:00.000,08:00,52.459000000078234
2025-12-07 09:00:00.000,09:00,60.69619999993592
2025-12-07 10:00:00.000,10:00,42.357200000016014
2025-12-07 11:00:00.000,11:00,37.8980000000447
2025-12-07 12:00:00.000,12:00,55.327799999993296
2025-12-07 13:00:00.000,13:00,54.009200000064446
2025-12-07 14:00:00.000,14:00,45.61069999996107
2025-12-07 15:00:00.000,15:00,23.298200000030917
2025-12-07 16:00:00.000,16:00,11.55269999995362
2025-12-07 17:00:00.000,17:00,9.428100000019185
2025-12-07 18:00:00.000,18:00,7.155499999946915
2025-12-07 19:00:00.000,19:00,7.196900000143796
2025-12-07 20:00:00.000,20:00,7.717799999983981
2025-12-07 21:00:00.000,21:00,8.062899999925868
2025-12-07 22:00:00.000,22:00,7.163300000107847
2025-12-07 23:00:00.000,23:00,6.701329787231566
2025-12-08 00:00:00.000,00:00,6.9431702126352555
2025-12-08 01:00:00.000,01:00,7.646500000008383
2025-12-08 02:00:00.000,02:00,8.436900000087917
2025-12-08 03:00:00.000,03:00,6.7578999999444935
2025-12-08 04:00:00.000,04:00,7.2789000000804664
2025-12-08 05:00:00.000,05:00,7.370799999823794
2025-12-08 06:00:00.000,06:00,8.128400000161491
2025-12-08 07:00:00.000,07:00,41.14240000001155
2025-12-08 08:00:00.000,08:00,52.52374545447529
2025-12-08 09:00:00.000,09:00,48.90145454537124
2025-12-08 10:00:00.000,10:00,42.274400000087915
2025-12-08 11:00:00.000,11:00,42.14820000007749
2025-12-08 12:00:00.000,12:00,67.2917999999132
2025-12-08 13:00:00.000,13:00,51.02019999995828
2025-12-08 14:00:00.000,14:00,38.97160000000149
2025-12-08 15:00:00.000,15:00,28.406200000131502
2025-12-08 16:00:00.000,16:00,8.84199999985285
2025-12-08 17:00:00.000,17:00,7.550999999977648
2025-12-08 18:00:00.000,18:00,7.780236363758079
2025-12-08 19:00:00.000,19:00,6.773363636366346
2025-12-08 20:00:00.000,20:00,6.277899999939836
2025-12-08 21:00:00.000,21:00,6.284877777759296
2025-12-08 22:00:00.000,22:00,6.353622222171786
2025-12-08 23:00:00.000,23:00,6.193599999952131
2025-12-09 00:00:00.000,00:00,6.760800000047311
2025-12-09 01:00:00.000,01:00,6.429499999969266
2025-12-09 02:00:00.000,02:00,5.919300000183284
2025-12-09 03:00:00.000,03:00,5.482799999974668
2025-12-09 04:00:00.000,04:00,5.853499999875202
2025-12-09 05:00:00.000,05:00,7.5277000001631675
2025-12-09 06:00:00.000,06:00,6.092899999883958
2025-12-09 07:00:00.000,07:00,11.273200000054203
2025-12-09 08:00:00.000,08:00,57.969699999899596
2025-12-09 09:00:00.000,09:00,57.09580000005663
2025-12-09 10:00:00.000,10:00,36.09540000008419
2025-12-09 11:00:00.000,11:00,41.79899999992922
2025-12-09 12:00:00.000,12:00,72.4418000000529
2025-12-09 13:00:00.000,13:00,64.79519999995827
2025-12-09 14:00:00.000,14:00,39.04079999988899
2025-12-09 15:00:00.000,15:00,21.242700000153853
2025-12-09 16:00:00.000,16:00,9.67389999995422
2025-12-09 17:00:00.000,17:00,9.073333333324019
2025-12-09 18:00:00.000,18:00,6.933366666685066
2025-12-09 19:00:00.000,19:00,7.119099999987521
2025-12-09 20:00:00.000,20:00,6.826899999938905
2025-12-09 21:00:00.000,21:00,7.578800000064074
2025-12-09 22:00:00.000,22:00,9.246300000068732
2025-12-09 23:00:00.000,23:00,6.988199999812059
2025-12-10 00:00:00.000,00:00,7.170500000100582
2025-12-10 01:00:00.000,01:00,7.619900000002236
2025-12-10 02:00:00.000,02:00,7.374900000100025
2025-12-10 03:00:00.000,03:00,7.413199999928475
2025-12-10 04:00:00.000,04:00,8.410800000000744
2025-12-10 05:00:00.000,05:00,7.482199999922887
2025-12-10 06:00:00.000,06:00,7.241199999954551
2025-12-10 07:00:00.000,07:00,12.393000000203028
2025-12-10 08:00:00.000,08:00,42.375299999848096
2025-12-10 09:00:00.000,09:00,65.32279999995689
2025-12-10 10:00:00.000,10:00,44.5914000001736
2025-12-10 11:00:00.000,11:00,45.03219999987632
2025-12-10 12:00:00.000,12:00,62.55939999995753
2025-12-10 13:00:00.000,13:00,48.51320000002161
2025-12-10 14:00:00.000,14:00,29.95480000008829
2025-12-10 15:00:00.000,15:00,13.23230000003241
2025-12-10 16:00:00.000,16:00,7.410700000007637
2025-12-10 17:00:00.000,17:00,6.124299999931827
2025-12-10 18:00:00.000,18:00,5.929399999929592
2025-12-10 19:00:00.000,19:00,5.134400000073947
2025-12-10 20:00:00.000,20:00,6.814500000048429
2025-12-10 21:00:00.000,21:00,5.515499999979511
2025-12-10 22:00:00.000,22:00,5.657399999955669
2025-12-10 23:00:00.000,23:00,4.597699999948963
2025-12-11 00:00:00.000,00:00,4.6574000000720845
2025-12-11 01:00:00.000,01:00,6.545599999953993
2025-12-11 02:00:00.000,02:00,5.84820000003092
2025-12-11 03:00:00.000,03:00,4.493199999956414
2025-12-11 04:00:00.000,04:00,5.363500000070781
2025-12-11 05:00:00.000,05:00,5.156000000052154
2025-12-11 06:00:00.000,06:00,4.739399999938906
2025-12-11 07:00:00.000,07:00,13.869099999917674
2025-12-11 08:00:00.000,08:00,53.410200000135234
2025-12-11 09:00:00.000,09:00,52.86159999989904
2025-12-11 10:00:00.000,10:00,35.91699999999255
2025-12-11 11:00:00.000,11:00,38.881600000057375
2025-12-11 12:00:00.000,12:00,53.54799999999813
2025-12-11 13:00:00.000,13:00,48.384866666721386
2025-12-11 14:00:00.000,14:00,37.46799999998055
2025-12-11 15:00:00.000,15:00,27.042733333321912
2025-12-11 16:00:00.000,16:00,13.785399999911897
2025-12-11 17:00:00.000,17:00,10.972900000074878
2025-12-11 18:00:00.000,18:00,10.908499999949708
2025-12-11 19:00:00.000,19:00,9.712200000020676
2025-12-11 20:00:00.000,20:00,8.793299999949522
2025-12-11 21:00:00.000,21:00,9.423800000105985
2025-12-11 22:00:00.000,22:00,9.198399999993853
2025-12-11 23:00:00.000,23:00,9.268475000053877
2025-12-12 00:00:00.000,00:00,9.495424999803072
2025-12-12 01:00:00.000,01:00,9.240300000179559
2025-12-12 02:00:00.000,02:00,8.474300000024959
2025-12-12 03:00:00.000,03:00,7.979299999913201
2025-12-12 04:00:00.000,04:00,9.32169999994803
2025-12-12 05:00:00.000,05:00,10.227899999963121
2025-12-12 06:00:00.000,06:00,8.853100000089034
2025-12-12 07:00:00.000,07:00,20.926999999955292
2025-12-12 08:00:00.000,08:00,59.78880000011996
2025-12-12 09:00:00.000,09:00,56.32419999986887
2025-12-12 10:00:00.000,10:00,48.33640000014566
2025-12-12 11:00:00.000,11:00,50.69139999998734
2025-12-12 12:00:00.000,12:00,70.8549999999348
2025-12-12 13:00:00.000,13:00,61.18116363633254
2025-12-12 14:00:00.000,14:00,43.800436363608405
2025-12-12 15:00:00.000,15:00,28.918299999972806
2025-12-12 16:00:00.000,16:00,13.290000000107103
2025-12-12 17:00:00.000,17:00,11.312099999981001
2025-12-12 18:00:00.000,18:00,6.438599999970757
2025-12-12 19:00:00.000,19:00,7.136199999903329
2025-12-12 20:00:00.000,20:00,6.157900000154041
2025-12-12 21:00:00.000,21:00,7.510499999858439
2025-12-12 22:00:00.000,22:00,7.345900000096298
2025-12-12 23:00:00.000,23:00,5.926325000071666
2025-12-13 00:00:00.000,00:00,6.074974999908591
2025-12-13 01:00:00.000,01:00,6.226500000082888
2025-12-13 02:00:00.000,02:00,5.94910000001546
2025-12-13 03:00:00.000,03:00,7.17502222206547
2025-12-13 04:00:00.000,04:00,6.297977777746402
2025-12-13 05:00:00.000,05:00,5.756400000164286
2025-12-13 06:00:00.000,06:00,5.404599999915808
2025-12-13 07:00:00.000,07:00,32.40759999994188
2025-12-13 08:00:00.000,08:00,47.966563636365095
2025-12-13 09:00:00.000,09:00,52.73493636364795
2025-12-13 10:00:00.000,10:00,39.25403333340461
2025-12-13 11:00:00.000,11:00,43.73806666669746
2025-12-13 12:00:00.000,12:00,51.27800000002608
2025-12-13 13:00:00.000,13:00,55.77284999993863
2025-12-13 14:00:00.000,14:00,52.65635000000475
2025-12-13 15:00:00.000,15:00,41.593136842154266
2025-12-13 16:00:00.000,16:00,57.247990430551624
2025-12-13 17:00:00.000,17:00,48.52787272731646
2025-12-13 18:00:00.000,18:00,58.60309565222822
2025-12-13 19:00:00.000,19:00,39.69966798404824
2025-12-13 20:00:00.000,20:00,11.972120234758464
2025-12-13 21:00:00.000,21:00,8.027182795500172
2025-12-13 22:00:00.000,22:00,7.745455782382027
2025-12-13 23:00:00.000,23:00,7.457210884372495
2025-12-14 00:00:00.000,00:00,7.409000000051622
2025-12-14 01:00:00.000,01:00,8.998366666704948
2025-12-14 02:00:00.000,02:00,7.750929629564699
2025-12-14 03:00:00.000,03:00,7.399637037055153
2025-12-14 04:00:00.000,04:00,7.636388505754414
2025-12-14 05:00:00.000,05:00,7.650473859724956
2025-12-14 06:00:00.000,06:00,7.37241642233708
2025-12-14 07:00:00.000,07:00,18.663033492831985
2025-12-14 08:00:00.000,08:00,47.84749248130615
2025-12-14 09:00:00.000,09:00,66.79553832751188
2025-12-14 10:00:00.000,10:00,44.743790243920394
2025-12-14 11:00:00.000,11:00,39.41750697665523
2025-12-14 12:00:00.000,12:00,52.74929302318812
2025-12-14 13:00:00.000,13:00,56.39059591833075
2025-12-14 14:00:00.000,14:00,38.87217182360732
2025-12-14 15:00:00.000,15:00,20.370404807159737
2025-12-14 16:00:00.000,16:00,9.227427450940013
2025-12-14 17:00:00.000,17:00,6.989628571396072
2025-12-14 18:00:00.000,18:00,7.129097744365009
2025-12-14 19:00:00.000,19:00,6.5407640068354596
2025-12-14 20:00:00.000,20:00,6.3799354839288895
2025-12-14 21:00:00.000,21:00,6.671299617240045
2025-12-14 22:00:00.000,22:00,6.129089960878389
2025-12-14 23:00:00.000,23:00,6.3694813895729085
2025-12-15 00:00:00.000,00:00,7.242903225821748
2025-12-15 01:00:00.000,01:00,6.345200000056842
2025-12-15 02:00:00.000,02:00,5.4314666666928675
2025-12-15 03:00:00.000,03:00,6.0074011297991206
2025-12-15 04:00:00.000,04:00,6.3366353285047685
2025-12-15 05:00:00.000,05:00,6.997899816189388
2025-12-15 06:00:00.000,06:00,6.952038084438455
2025-12-15 07:00:00.000,07:00,19.691711915516347
2025-12-15 08:00:00.000,08:00,47.53058823526782
2025-12-15 09:00:00.000,09:00,48.752392156906055
2025-12-15 10:00:00.000,10:00,43.76517886182433
2025-12-15 11:00:00.000,11:00,42.88659306803006
2025-12-15 12:00:00.000,12:00,57.6442105261805
2025-12-15 13:00:00.000,13:00,46.660559210512716
2025-12-15 14:00:00.000,14:00,39.33812500006752
2025-12-15 15:00:00.000,15:00,16.19117647053345
2025-12-15 16:00:00.000,16:00,14.590958144781242
2025-12-15 17:00:00.000,17:00,10.857115384692758
2025-12-15 18:00:00.000,18:00,9.578083333360997
2025-12-15 19:00:00.000,19:00,8.59999999998965
2025-12-15 20:00:00.000,20:00,9.112437659042438
2025-12-15 21:00:00.000,21:00,9.268396946580241
2025-12-15 22:00:00.000,22:00,8.709575116646501
2025-12-15 23:00:00.000,23:00,8.31041666669383
2025-12-16 00:00:00.000,00:00,8.297132248588674
2025-12-16 01:00:00.000,01:00,8.237956204302066
2025-12-16 02:00:00.000,02:00,8.237956204302066
2025-12-16 03:00:00.000,03:00,8.780260136555345
2025-12-16 04:00:00.000,04:00,8.840516129027932
2025-12-16 05:00:00.000,05:00,11.604084443601735
2025-12-16 06:00:00.000,06:00,17.56757396452415
2025-12-16 07:00:00.000,07:00,17.56757396452415
2025-12-16 08:00:00.000,08:00,32.98384316204708
2025-12-16 09:00:00.000,09:00,48.40011235957002
2025-12-16 10:00:00.000,10:00,48.40011235957002
2025-12-16 11:00:00.000,11:00,47.612629548878154
2025-12-16 12:00:00.000,12:00,46.923582089522775
2025-12-16 13:00:00.000,13:00,46.923582089522775
2025-12-16 14:00:00.000,14:00,41.30503858066285
2025-12-16 15:00:00.000,15:00,16.276981132104993
2025-12-16 16:00:00.000,16:00,16.276981132104993
2025-12-16 17:00:00.000,17:00,16.276981132104993
2025-12-16 18:00:00.000,18:00,10.086587375274942
2025-12-16 19:00:00.000,19:00,6.753298429289531
2025-12-16 20:00:00.000,20:00,6.753298429289531
2025-12-16 21:00:00.000,21:00,6.429350403167945
2025-12-16 22:00:00.000,22:00,6.059124087600418
2025-12-16 23:00:00.000,23:00,6.059124087600418
2025-12-17 00:00:00.000,00:00,6.059124087600418
2025-12-17 01:00:00.000,01:00,6.059124087600418
2025-12-17 02:00:00.000,02:00,6.059124087600418
2025-12-17 03:00:00.000,03:00,6.059124087600418
2025-12-17 04:00:00.000,04:00,6.059124087600418
2025-12-17 05:00:00.000,05:00,6.059124087600418
2025-12-17 06:00:00.000,06:00,6.233416058301558
2025-12-17 07:00:00.000,07:00,41.35270000007004
2025-12-17 08:00:00.000,08:00,48.35249999989755
2025-12-17 09:00:00.000,09:00,46.677900000009686
2025-12-17 10:00:00.000,10:00,35.96430000006221
2025-12-17 11:00:00.000,11:00,44.86299999998882
2025-12-17 12:00:00.000,12:00,65.52970000004862
2025-12-17 13:00:00.000,13:00,52.83309999993071
2025-12-17 14:00:00.000,14:00,36.26680000002962
2025-12-17 15:00:00.000,15:00,24.930099999997765
2025-12-17 16:00:00.000,16:00,8.53570000003092
2025-12-17 17:00:00.000,17:00,6.743799999961629
2025-12-17 18:00:00.000,18:00,8.121200000029058
2025-12-17 19:00:00.000,19:00,7.089200000045821
2025-12-17 20:00:00.000,20:00,6.620799999916926
2025-12-17 21:00:00.000,21:00,6.907200000062585
2025-12-17 22:00:00.000,22:00,6.404799999995157
2025-12-17 23:00:00.000,23:00,7.529199999989942
2025-12-18 00:00:00.000,00:00,7.650400000018999
2025-12-18 01:00:00.000,01:00,6.782900000014342
2025-12-18 02:00:00.000,02:00,6.515999999991618
2025-12-18 03:00:00.000,03:00,6.762399999913759
2025-12-18 04:00:00.000,04:00,7.390300000086427
2025-12-18 05:00:00.000,05:00,8.44560000000056
2025-12-18 06:00:00.000,06:00,6.868300000042655
2025-12-18 07:00:00.000,07:00,16.874299999931825
2025-12-18 08:00:00.000,08:00,57.3143999999622
2025-12-18 09:00:00.000,09:00,59.38860000004061
2025-12-18 10:00:00.000,10:00,50.68039999990724
2025-12-18 11:00:00.000,11:00,36.34160000006669
2025-12-18 12:00:00.000,12:00,57.68740000003017
2025-12-18 13:00:00.000,13:00,54.63980000005104
2025-12-18 14:00:00.000,14:00,37.374800000013785
2025-12-18 15:00:00.000,15:00,12.663199999928475
2025-12-18 16:00:00.000,16:00,9.104799999995159
2025-12-18 17:00:00.000,17:00,8.196999999927357
2025-12-18 18:00:00.000,18:00,7.4368000000249594
2025-12-18 19:00:00.000,19:00,7.329600000102072
2025-12-18 20:00:00.000,20:00,7.475
2025-12-18 21:00:00.000,21:00,8.155399999953806
2025-12-18 22:00:00.000,22:00,8.08419999992475
2025-12-18 23:00:00.000,23:00,7.323800000036135
2025-12-19 00:00:00.000,00:00,7.480181818108329
2025-12-19 01:00:00.000,01:00,7.56991818188478
2025-12-19 02:00:00.000,02:00,6.53629999991972
2025-12-19 03:00:00.000,03:00,9.098400000017136
2025-12-19 04:00:00.000,04:00,7.63560000017751
2025-12-19 05:00:00.000,05:00,7.8140999998897325
2025-12-19 06:00:00.000,06:00,6.930800000112504
2025-12-19 07:00:00.000,07:00,13.537199999880977
2025-12-19 08:00:00.000,08:00,59.6203000000678
2025-12-19 09:00:00.000,09:00,61.18738181815398
2025-12-19 10:00:00.000,10:00,43.89901818189855
2025-12-19 11:00:00.000,11:00,41.40459999996237
2025-12-19 12:00:00.000,12:00,64.49819999984466
2025-12-19 13:00:00.000,13:00,50.14120000014082
2025-12-19 14:00:00.000,14:00,43.489399999985466
2025-12-19 15:00:00.000,15:00,33.29420000007376
2025-12-19 16:00:00.000,16:00,11.786599999852479
2025-12-19 17:00:00.000,17:00,7.347599999979138
2025-12-19 18:00:00.000,18:00,7.41019999999553
2025-12-19 19:00:00.000,19:00,7.319600000046194
2025-12-19 20:00:00.000,20:00,7.880600000033155
2025-12-19 21:00:00.000,21:00,7.163799999887123
2025-12-19 22:00:00.000,22:00,6.902600000053644
2025-12-19 23:00:00.000,23:00,6.83019999996759
2025-12-20 00:00:00.000,00:00,6.560900000017137
2025-12-20 01:00:00.000,01:00,7.997200000146405
2025-12-20 02:00:00.000,02:00,7.362699999916367
2025-12-20 03:00:00.000,03:00,7.17899999995716
2025-12-20 04:00:00.000,04:00,6.5357000001007695
2025-12-20 05:00:00.000,05:00,6.724299999955111
2025-12-20 06:00:00.000,06:00,7.6260000000474975
2025-12-20 07:00:00.000,07:00,47.43899999994319
2025-12-20 08:00:00.000,08:00,46.742381818260235
2025-12-20 09:00:00.000,09:00,56.62161818168296
2025-12-20 10:00:00.000,10:00,50.807600000081585
2025-12-20 11:00:00.000,11:00,42.08720000004396
2025-12-20 12:00:00.000,12:00,66.4175999999512
2025-12-20 13:00:00.000,13:00,62.7782000000123
2025-12-20 14:00:00.000,14:00,51.98780000004918
2025-12-20 15:00:00.000,15:00,42.30639999993146
2025-12-20 16:00:00.000,16:00,51.84359999997541
2025-12-20 17:00:00.000,17:00,52.54399999999441
2025-12-20 18:00:00.000,18:00,51.416299999947654
2025-12-20 19:00:00.000,19:00,29.61160000003874
2025-12-20 20:00:00.000,20:00,8.271599999931642
2025-12-20 21:00:00.000,21:00,9.900900000077671
2025-12-20 22:00:00.000,22:00,6.668399999965914
2025-12-20 23:00:00.000,23:00,7.6779999999795105
2025-12-21 00:00:00.000,00:00,6.657454545419155
2025-12-21 01:00:00.000,01:00,6.805445454623127
2025-12-21 02:00:00.000,02:00,6.234000000031665
2025-12-21 03:00:00.000,03:00,6.582300000055692
2025-12-21 04:00:00.000,04:00,6.518999999877996
2025-12-21 05:00:00.000,05:00,8.023900000145659
2025-12-21 06:00:00.000,06:00,6.5697999998228624
2025-12-21 07:00:00.000,07:00,37.52580000020098
2025-12-21 08:00:00.000,08:00,57.03718888874218
2025-12-21 09:00:00.000,09:00,55.780711111234915
2025-12-21 10:00:00.000,10:00,45.58679999993183
2025-12-21 11:00:00.000,11:00,43.01539999991655
2025-12-21 12:00:00.000,12:00,67.70060000005178
2025-12-21 13:00:00.000,13:00,54.53539999993518
2025-12-21 14:00:00.000,14:00,49.41220000004395
2025-12-21 15:00:00.000,15:00,40.20040000013542
2025-12-21 16:00:00.000,16:00,56.67469090894923
2025-12-21 17:00:00.000,17:00,55.89090909095354
2025-12-21 18:00:00.000,18:00,50.615777777712275
2025-12-21 19:00:00.000,19:00,30.59612222223594
2025-12-21 20:00:00.000,20:00,9.905766666755596
2025-12-21 21:00:00.000,21:00,10.119333333284075
2025-12-21 22:00:00.000,22:00,8.701800000015647
2025-12-21 23:00:00.000,23:00,7.7598666666799945
2025-12-22 00:00:00.000,00:00,7.808633333395442
2025-12-22 01:00:00.000,01:00,7.816499999910593
2025-12-22 02:00:00.000,02:00,7.555299999937416
2025-12-22 03:00:00.000,03:00,9.205099999997765
2025-12-22 04:00:00.000,04:00,7.278300000168382
2025-12-22 05:00:00.000,05:00,7.361599999992178
2025-12-22 06:00:00.000,06:00,7.589799999957904
2025-12-22 07:00:00.000,07:00,34.17587777778972
2025-12-22 08:00:00.000,08:00,65.87102222209796
2025-12-22 09:00:00.000,09:00,59.95460000014864
2025-12-22 10:00:00.000,10:00,52.16437777779582
2025-12-22 11:00:00.000,11:00,43.1330222221971
2025-12-22 12:00:00.000,12:00,52.008912
2025-12-22 13:00:00.000,13:00,51.823151
2025-12-22 14:00:00.000,14:00,51.823151
2025-12-22 15:00:00.000,15:00,51.823151
2025-12-22 16:00:00.000,16:00,51.823151
2025-12-22 17:00:00.000,17:00,51.823151
2025-12-22 18:00:00.000,18:00,51.823151
2025-12-22 19:00:00.000,19:00,30.438384
2025-12-22 20:00:00.000,20:00,14.579199999873527
2025-12-22 21:00:00.000,21:00,13.922700000018814
2025-12-22 22:00:00.000,22:00,10.825600000075065
2025-12-22 23:00:00.000,23:00,10.470499999984167
2025-12-23 00:00:00.000,00:00,10.840909090845592
2025-12-23 01:00:00.000,01:00,11.988790909040041
2025-12-23 02:00:00.000,02:00,10.53020000003744
2025-12-23 03:00:00.000,03:00,9.664699999941513
2025-12-23 04:00:00.000,04:00,10.463900000113064
2025-12-23 05:00:00.000,05:00,10.522299999953248
2025-12-23 06:00:00.000,06:00,11.655799999996088
2025-12-23 07:00:00.000,07:00,29.07690000003204
2025-12-23 08:00:00.000,08:00,68.9989444445146
2025-12-23 09:00:00.000,09:00,49.67395555542058
2025-12-23 10:00:00.000,10:00,44.981800000043584
2025-12-23 11:00:00.000,11:00,38.07400000002235
2025-12-23 12:00:00.000,12:00,65.17740000006744
2025-12-23 13:00:00.000,13:00,58.350999999977645
2025-12-23 14:00:00.000,14:00,46.35799999991431
2025-12-23 15:00:00.000,15:00,38.68695555557497
2025-12-23 16:00:00.000,16:00,38.208244444523004
2025-12-23 17:00:00.000,17:00,56.677799999970006
2025-12-23 18:00:00.000,18:00,45.34750000005588
2025-12-23 19:00:00.000,19:00,17.38923333320094
2025-12-23 20:00:00.000,20:00,9.17339393934188
2025-12-23 21:00:00.000,21:00,7.102717171832355
2025-12-23 22:00:00.000,22:00,7.07455555543614
2025-12-23 23:00:00.000,23:00,6.525000000139698
2025-12-24 00:00:00.000,00:00,7.810300000011921
2025-12-24 01:00:00.000,01:00,6.337199999880976
2025-12-24 02:00:00.000,02:00,6.695799999986775
2025-12-24 03:00:00.000,03:00,6.266700000013225
2025-12-24 04:00:00.000,04:00,6.396300000092015
2025-12-24 05:00:00.000,05:00,7.708299999893644
2025-12-24 06:00:00.000,06:00,7.1607000001007695
2025-12-24 07:00:00.000,07:00,44.39719999989029
2025-12-24 08:00:00.000,08:00,59.25790000017732
2025-12-24 09:00:00.000,09:00,49.357399999909106
2025-12-24 10:00:00.000,10:00,51.75760000003502
2025-12-24 11:00:00.000,11:00,53.13600000003353
2025-12-24 12:00:00.000,12:00,73.67339999987743
2025-12-24 13:00:00.000,13:00,76.78199999998324
2025-12-24 14:00:00.000,14:00,54.35479999999516
2025-12-24 15:00:00.000,15:00,28.579000000003724
2025-12-24 16:00:00.000,16:00,56.36440000003204
2025-12-24 17:00:00.000,17:00,56.438000000035395
2025-12-24 18:00:00.000,18:00,45.86559999994933
2025-12-24 19:00:00.000,19:00,12.843799999961629
2025-12-24 20:00:00.000,20:00,7.091200000047683
2025-12-24 21:00:00.000,21:00,7.435400000043834
2025-12-24 22:00:00.000,22:00,8.556888888874608
2025-12-24 23:00:00.000,23:00,6.502111111094969
2025-12-25 00:00:00.000,00:00,7.743700000015087
2025-12-25 01:00:00.000,01:00,7.520099999941885
2025-12-25 02:00:00.000,02:00,6.937800000119024
2025-12-25 03:00:00.000,03:00,8.036499999859373
2025-12-25 04:00:00.000,04:00,7.89790000016801
2025-12-25 05:00:00.000,05:00,7.304000000003725
2025-12-25 06:00:00.000,06:00,7.25359999993816
2025-12-25 07:00:00.000,07:00,51.67879999994766
2025-12-25 08:00:00.000,08:00,44.88971111118897
2025-12-25 09:00:00.000,09:00,66.53748888884567
2025-12-25 10:00:00.000,10:00,65.1589999999851
2025-12-25 11:00:00.000,11:00,49.30299999997951
2025-12-25 12:00:00.000,12:00,56.12140000001528
2025-12-25 13:00:00.000,13:00,70.0525999999605
2025-12-25 14:00:00.000,14:00,49.491200000047684
2025-12-25 15:00:00.000,15:00,26.80510909091258
2025-12-25 16:00:00.000,16:00,43.94019090920179
2025-12-25 17:00:00.000,17:00,61.811344444394734
2025-12-25 18:00:00.000,18:00,49.2584555554747
2025-12-25 19:00:00.000,19:00,26.129399999952874
2025-12-25 20:00:00.000,20:00,12.26890000011772
2025-12-25 21:00:00.000,21:00,8.474466666532681
2025-12-25 22:00:00.000,22:00,7.436533333430999
2025-12-25 23:00:00.000,23:00,7.361799999908543
2025-12-26 00:00:00.000,00:00,7.842900000140071
2025-12-26 01:00:00.000,01:00,8.382899999967776
2025-12-26 02:00:00.000,02:00,7.676399999903515
2025-12-26 03:00:00.000,03:00,7.718400000059046
2025-12-26 04:00:00.000,04:00,7.181500000017696
2025-12-26 05:00:00.000,05:00,7.0688000000780455
2025-12-26 06:00:00.000,06:00,7.902499999920837
2025-12-26 07:00:00.000,07:00,47.18640000005253
2025-12-26 08:00:00.000,08:00,56.115755555589885
2025-12-26 09:00:00.000,09:00,59.16064444438348
2025-12-26 10:00:00.000,10:00,40.899399999948216
2025-12-26 11:00:00.000,11:00,41.470200000004844
2025-12-26 12:00:00.000,12:00,83.58220000001602
2025-12-26 13:00:00.000,13:00,66.859200000111
2025-12-26 14:00:00.000,14:00,44.0257999998983
2025-12-26 15:00:00.000,15:00,38.99900000002235
2025-12-26 16:00:00.000,16:00,61.850199999893086
2025-12-26 17:00:00.000,17:00,63.46524444448554
2025-12-26 18:00:00.000,18:00,54.46488888895449
2025-12-26 19:00:00.000,19:00,28.261366666680097
2025-12-26 20:00:00.000,20:00,13.187000000057742
2025-12-26 21:00:00.000,21:00,11.74819999996107
2025-12-26 22:00:00.000,22:00,10.365999999875203
2025-12-26 23:00:00.000,23:00,9.944100000150502
2025-12-27 00:00:00.000,00:00,12.055799999833107
2025-12-27 01:00:00.000,01:00,9.839200000092386
2025-12-27 02:00:00.000,02:00,9.571199999959209
2025-12-27 03:00:00.000,03:00,9.577900000079534
2025-12-27 04:00:00.000,04:00,9.637699999962933
2025-12-27 05:00:00.000,05:00,10.422999999951571
2025-12-27 06:00:00.000,06:00,10.521799999987707
2025-12-27 07:00:00.000,07:00,36.67659999995958
2025-12-27 08:00:00.000,08:00,61.9843000001507
2025-12-27 09:00:00.000,09:00,54.67269999997225
2025-12-27 10:00:00.000,10:00,52.13120000003837
2025-12-27 11:00:00.000,11:00,54.412399999983606
2025-12-27 12:00:00.000,12:00,69.02659999998286
2025-12-27 13:00:00.000,13:00,64.37399999992923
2025-12-27 14:00:00.000,14:00,50.768200000096115
2025-12-27 15:00:00.000,15:00,37.10979999983683
2025-12-27 16:00:00.000,16:00,59.829000000143424
2025-12-27 17:00:00.000,17:00,65.96182222226118
2025-12-27 18:00:00.000,18:00,51.54457777769356
2025-12-27 19:00:00.000,19:00,32.81959999992978
2025-12-27 20:00:00.000,20:00,10.810800000047312
2025-12-27 21:00:00.000,21:00,7.289700000034646
2025-12-27 22:00:00.000,22:00,7.714699999964796
2025-12-27 23:00:00.000,23:00,6.941400000010617
2025-12-28 00:00:00.000,00:00,7.225699999998324
2025-12-28 01:00:00.000,01:00,6.28909999995958
2025-12-28 02:00:00.000,02:00,6.467100000055507
2025-12-28 03:00:00.000,03:00,6.9647999999346215
2025-12-28 04:00:00.000,04:00,8.20069999997504
2025-12-28 05:00:00.000,05:00,6.58300000000745
2025-12-28 06:00:00.000,06:00,6.8170000000391155
2025-12-28 07:00:00.000,07:00,33.03770000000951
2025-12-28 08:00:00.000,08:00,62.89953636363657
2025-12-28 09:00:00.000,09:00,69.73336363640107
2025-12-28 10:00:00.000,10:00,60.899799999967215
2025-12-28 11:00:00.000,11:00,55.16339999996126
2025-12-28 12:00:00.000,12:00,38.554069
2025-12-28 13:00:00.000,13:00,37.440278
2025-12-28 14:00:00.000,14:00,37.440278
2025-12-28 15:00:00.000,15:00,37.440278
2025-12-28 16:00:00.000,16:00,37.440278
2025-12-28 17:00:00.000,17:00,37.440278
2025-12-28 18:00:00.000,18:00,37.440278
2025-12-28 19:00:00.000,19:00,37.440278
2025-12-28 20:00:00.000,20:00,37.440278
2025-12-28 21:00:00.000,21:00,37.440278
2025-12-28 22:00:00.000,22:00,32.156231
2025-12-28 23:00:00.000,23:00,5.44800000009127
2025-12-29 00:00:00.000,00:00,6.030699999909848
2025-12-29 01:00:00.000,01:00,5.606300000078045
2025-12-29 02:00:00.000,02:00,6.396500000101515
2025-12-29 03:00:00.000,03:00,6.8329999999143185
2025-12-29 04:00:00.000,04:00,5.667300000111573
2025-12-29 05:00:00.000,05:00,6.037099999864585
2025-12-29 06:00:00.000,06:00,5.6234999999869615
2025-12-29 07:00:00.000,07:00,29.023400000110275
2025-12-29 08:00:00.000,08:00,75.77679999996909
2025-12-29 09:00:00.000,09:00,64.58379999990575
2025-12-29 10:00:00.000,10:00,58.081799999997024
2025-12-29 11:00:00.000,11:00,50.285200000135234
2025-12-29 12:00:00.000,12:00,74.83819999992846
2025-12-29 13:00:00.000,13:00,69.18960000006481
2025-12-29 14:00:00.000,14:00,50.35702222217806
2025-12-29 15:00:00.000,15:00,44.7191111111703
2025-12-29 16:00:00.000,16:00,51.93256666661085
2025-12-29 17:00:00.000,17:00,52.52989999998827
2025-12-29 18:00:00.000,18:00,45.02930000007618
2025-12-29 19:00:00.000,19:00,22.042399999918416
2025-12-29 20:00:00.000,20:00,8.167699999990873
2025-12-29 21:00:00.000,21:00,8.462099999934436
2025-12-29 22:00:00.000,22:00,8.117500000027938
2025-12-29 23:00:00.000,23:00,7.1472000001464036
2025-12-30 00:00:00.000,00:00,7.186899999994784
2025-12-30 01:00:00.000,01:00,7.1683000000193715
2025-12-30 02:00:00.000,02:00,6.932599999988451
2025-12-30 03:00:00.000,03:00,8.847199999913574
2025-12-30 04:00:00.000,04:00,7.16469999998808
2025-12-30 05:00:00.000,05:00,7.658700000005773
2025-12-30 06:00:00.000,06:00,6.8504000000888485
2025-12-30 07:00:00.000,07:00,50.55039999980944
2025-12-30 08:00:00.000,08:00,59.75000000009314
2025-12-30 09:00:00.000,09:00,56.628599999961445
2025-12-30 10:00:00.000,10:00,41.64920000005513
2025-12-30 11:00:00.000,11:00,40.58859999990091
2025-12-30 12:00:00.000,12:00,60.49820000017061
2025-12-30 13:00:00.000,13:00,60.27019999991171
2025-12-30 14:00:00.000,14:00,52.31699999999255
2025-12-30 15:00:00.000,15:00,33.50610000002197
2025-12-30 16:00:00.000,16:00,52.620699999970384
2025-12-30 17:00:00.000,17:00,67.5556999999797
2025-12-30 18:00:00.000,18:00,51.04760000002571
2025-12-30 19:00:00.000,19:00,29.34030000003986
2025-12-30 20:00:00.000,20:00,13.137299999967217
2025-12-30 21:00:00.000,21:00,11.604799999971874
2025-12-30 22:00:00.000,22:00,13.182400000048801
2025-12-30 23:00:00.000,23:00,10.64110000000801
2025-12-31 00:00:00.000,00:00,10.501099999947474
2025-12-31 01:00:00.000,01:00,11.128100000019186
2025-12-31 02:00:00.000,02:00,10.771700000064449
2025-12-31 03:00:00.000,03:00,9.931099999998697
2025-12-31 04:00:00.000,04:00,9.961299999873154
2025-12-31 05:00:00.000,05:00,10.23480000011623
2025-12-31 06:00:00.000,06:00,9.816400000010617
2025-12-31 07:00:00.000,07:00,43.505299999867574
2025-12-31 08:00:00.000,08:00,53.453200000128696
2025-12-31 09:00:00.000,09:00,58.03620000001974
2025-12-31 10:00:00.000,10:00,49.97220000000671
2025-12-31 11:00:00.000,11:00,48.45739999990911
2025-12-31 12:00:00.000,12:00,69.02259999993257
2025-12-31 13:00:00.000,13:00,63.16740000015125
2025-12-31 14:00:00.000,14:00,48.14799999985844
2025-12-31 15:00:00.000,15:00,30.83360000005923
2025-12-31 16:00:00.000,16:00,52.28815555551814
2025-12-31 17:00:00.000,17:00,65.29794444443864
2025-12-31 18:00:00.000,18:00,57.62640000013634
2025-12-31 19:00:00.000,19:00,21.700999999954362
2025-12-31 20:00:00.000,20:00,8.255499999946915
2025-12-31 21:00:00.000,21:00,6.037599999993108
2025-12-31 22:00:00.000,22:00,5.448100000084377
2025-12-31 23:00:00.000,23:00,6.012899999972433
