Date,Hour,J03_ELEC_General TGBT MDE [kWh] [J03 - Monde des enfants]
2025-01-01 00:00:00.000,00:00,35.07249999991036
2025-01-01 01:00:00.000,01:00,33.620000000088474
2025-01-01 02:00:00.000,02:00,32.060000000079164
2025-01-01 03:00:00.000,03:00,33.67999999995809
2025-01-01 04:00:00.000,04:00,32.09999999997672
2025-01-01 05:00:00.000,05:00,38.53999999994412
2025-01-01 06:00:00.000,06:00,41.50000000009313
2025-01-01 07:00:00.000,07:00,41.55999999991619
2025-01-01 08:00:00.000,08:00,43.919999999972056
2025-01-01 09:00:00.000,09:00,55.10000000009313
2025-01-01 10:00:00.000,10:00,66.99999999990686
2025-01-01 11:00:00.000,11:00,72.77999999998137
2025-01-01 12:00:00.000,12:00,78.90000000006985
2025-01-01 13:00:00.000,13:00,81.02999999991152
2025-01-01 14:00:00.000,14:00,72.72000000008848
2025-01-01 15:00:00.000,15:00,67.15
2025-01-01 16:00:00.000,16:00,61.5
2025-01-01 17:00:00.000,17:00,66.7100000000326
2025-01-01 18:00:00.000,18:00,65.33000000000466
2025-01-01 19:00:00.000,19:00,54.61999999994878
2025-01-01 20:00:00.000,20:00,46.760000000055875
2025-01-01 21:00:00.000,21:00,45.429999999981376
2025-01-01 22:00:00.000,22:00,44.18000000002794
2025-01-01 23:00:00.000,23:00,39.149999999877764
2025-01-02 00:00:00.000,00:00,32.79000000006636
2025-01-02 01:00:00.000,01:00,31.020000000018626
2025-01-02 02:00:00.000,02:00,28.90999999991618
2025-01-02 03:00:00.000,03:00,28.5
2025-01-02 04:00:00.000,04:00,29.200000000046565
2025-01-02 05:00:00.000,05:00,35.22000000001863
2025-01-02 06:00:00.000,06:00,38.039999999990684
2025-01-02 07:00:00.000,07:00,38.66000000005588
2025-01-02 08:00:00.000,08:00,40.83999999994412
2025-01-02 09:00:00.000,09:00,40.66000000005588
2025-01-02 10:00:00.000,10:00,46.2
2025-01-02 11:00:00.000,11:00,52.1872727273159
2025-01-02 12:00:00.000,12:00,70.0127272726841
2025-01-02 13:00:00.000,13:00,73.5
2025-01-02 14:00:00.000,14:00,69.68999999989755
2025-01-02 15:00:00.000,15:00,64.55999999998603
2025-01-02 16:00:00.000,16:00,58.74000000001397
2025-01-02 17:00:00.000,17:00,63.19000000008382
2025-01-02 18:00:00.000,18:00,56.31999999994878
2025-01-02 19:00:00.000,19:00,45.430000000004654
2025-01-02 20:00:00.000,20:00,42.74000000001397
2025-01-02 21:00:00.000,21:00,42.460000000009316
2025-01-02 22:00:00.000,22:00,41.27000000001863
2025-01-02 23:00:00.000,23:00,40.847499999898716
2025-01-03 00:00:00.000,00:00,33.18250000001281
2025-01-03 01:00:00.000,01:00,33.670000000158325
2025-01-03 02:00:00.000,02:00,31.829999999841675
2025-01-03 03:00:00.000,03:00,32.09000000008382
2025-01-03 04:00:00.000,04:00,31.700000000046565
2025-01-03 05:00:00.000,05:00,37.8
2025-01-03 06:00:00.000,06:00,40.26000000000931
2025-01-03 07:00:00.000,07:00,40.91999999987893
2025-01-03 08:00:00.000,08:00,48.580000000074506
2025-01-03 09:00:00.000,09:00,54.73999999989755
2025-01-03 10:00:00.000,10:00,64.22000000011177
2025-01-03 11:00:00.000,11:00,65.31090909087268
2025-01-03 12:00:00.000,12:00,71.26909090917853
2025-01-03 13:00:00.000,13:00,76.57999999993481
2025-01-03 14:00:00.000,14:00,69.18999999999069
2025-01-03 15:00:00.000,15:00,63.89000000006054
2025-01-03 16:00:00.000,16:00,61.34999999995343
2025-01-03 17:00:00.000,17:00,63.509999999962744
2025-01-03 18:00:00.000,18:00,62.02999999998138
2025-01-03 19:00:00.000,19:00,53.140000000037254
2025-01-03 20:00:00.000,20:00,49.63999999992083
2025-01-03 21:00:00.000,21:00,47.970000000041914
2025-01-03 22:00:00.000,22:00,47.48000000005122
2025-01-03 23:00:00.000,23:00,42.6099999998929
2025-01-04 00:00:00.000,00:00,35.99000000006053
2025-01-04 01:00:00.000,01:00,33.850000000023286
2025-01-04 02:00:00.000,02:00,32.8699999999255
2025-01-04 03:00:00.000,03:00,34.15000000016298
2025-01-04 04:00:00.000,04:00,33.32999999991152
2025-01-04 05:00:00.000,05:00,39.43999999999068
2025-01-04 06:00:00.000,06:00,41.27999999993481
2025-01-04 07:00:00.000,07:00,41.740000000176956
2025-01-04 08:00:00.000,08:00,45.73999999989755
2025-01-04 09:00:00.000,09:00,50.6200000000652
2025-01-04 10:00:00.000,10:00,54.57999999998137
2025-01-04 11:00:00.000,11:00,62.20444444443306
2025-01-04 12:00:00.000,12:00,60.12555555554831
2025-01-04 13:00:00.000,13:00,55.51999999994878
2025-01-04 14:00:00.000,14:00,54.39000000006054
2025-01-04 15:00:00.000,15:00,47.909999999939465
2025-01-04 16:00:00.000,16:00,47.740000000037256
2025-01-04 17:00:00.000,17:00,53.94000000001397
2025-01-04 18:00:00.000,18:00,51.80999999998603
2025-01-04 19:00:00.000,19:00,35.759999999962744
2025-01-04 20:00:00.000,20:00,30.280000000051224
2025-01-04 21:00:00.000,21:00,28.669999999995344
2025-01-04 22:00:00.000,22:00,29.85
2025-01-04 23:00:00.000,23:00,28.297499999945284
2025-01-05 00:00:00.000,00:00,21.502500000124563
2025-01-05 01:00:00.000,01:00,20.339999999827707
2025-01-05 02:00:00.000,02:00,19.33000000005122
2025-01-05 03:00:00.000,03:00,19.450000000000003
2025-01-05 04:00:00.000,04:00,18.899999999953437
2025-01-05 05:00:00.000,05:00,25.100000000139698
2025-01-05 06:00:00.000,06:00,27.919999999925494
2025-01-05 07:00:00.000,07:00,28.880000000074503
2025-01-05 08:00:00.000,08:00,27.859999999869615
2025-01-05 09:00:00.000,09:00,24.660000000055877
2025-01-05 10:00:00.000,10:00,26.039999999990687
2025-01-05 11:00:00.000,11:00,31.540000000037253
2025-01-05 12:00:00.000,12:00,40.01000000005588
2025-01-05 13:00:00.000,13:00,36.99999999995343
2025-01-05 14:00:00.000,14:00,33.9899999999674
2025-01-05 15:00:00.000,15:00,34.330000000074506
2025-01-05 16:00:00.000,16:00,34.199999999953434
2025-01-05 17:00:00.000,17:00,34.940000000013974
2025-01-05 18:00:00.000,18:00,35.83000000000466
2025-01-05 19:00:00.000,19:00,36.339999999920835
2025-01-05 20:00:00.000,20:00,33.84999999995344
2025-01-05 21:00:00.000,21:00,33.77000000008847
2025-01-05 22:00:00.000,22:00,33.130000000051226
2025-01-05 23:00:00.000,23:00,28.28749999986612
2025-01-06 00:00:00.000,00:00,20.922500000050057
2025-01-06 01:00:00.000,01:00,20.55
2025-01-06 02:00:00.000,02:00,18.880000000121072
2025-01-06 03:00:00.000,03:00,18.79999999983702
2025-01-06 04:00:00.000,04:00,19.691818181821144
2025-01-06 05:00:00.000,05:00,25.578181818313897
2025-01-06 06:00:00.000,06:00,28
2025-01-06 07:00:00.000,07:00,28.539999999990684
2025-01-06 08:00:00.000,08:00,26.919999999925494
2025-01-06 09:00:00.000,09:00,23.100000000046563
2025-01-06 10:00:00.000,10:00,25.7
2025-01-06 11:00:00.000,11:00,22.099999999999998
2025-01-06 12:00:00.000,12:00,22.27999999993481
2025-01-06 13:00:00.000,13:00,24.830000000074506
2025-01-06 14:00:00.000,14:00,23.710000000032597
2025-01-06 15:00:00.000,15:00,22.65999999984633
2025-01-06 16:00:00.000,16:00,23.340000000153665
2025-01-06 17:00:00.000,17:00,27.85999999984633
2025-01-06 18:00:00.000,18:00,31.7500000001397
2025-01-06 19:00:00.000,19:00,31.019999999948777
2025-01-06 20:00:00.000,20:00,31.139999999967404
2025-01-06 21:00:00.000,21:00,30.69000000003725
2025-01-06 22:00:00.000,22:00,30.83999999992084
2025-01-06 23:00:00.000,23:00,30.55999999998603
2025-01-07 00:00:00.000,00:00,22.91000000005588
2025-01-07 01:00:00.000,01:00,23.440000000130386
2025-01-07 02:00:00.000,02:00,23.13999999994412
2025-01-07 03:00:00.000,03:00,22.929999999911523
2025-01-07 04:00:00.000,04:00,22.92000000013504
2025-01-07 05:00:00.000,05:00,28.43999999994412
2025-01-07 06:00:00.000,06:00,31.36000000005588
2025-01-07 07:00:00.000,07:00,31.560000000009314
2025-01-07 08:00:00.000,08:00,29.319999999925493
2025-01-07 09:00:00.000,09:00,29.119999999925493
2025-01-07 10:00:00.000,10:00,31.18000000002794
2025-01-07 11:00:00.000,11:00,26.540000000037253
2025-01-07 12:00:00.000,12:00,22.821818181800403
2025-01-07 13:00:00.000,13:00,21.13818181820891
2025-01-07 14:00:00.000,14:00,23.169999999995344
2025-01-07 15:00:00.000,15:00,23.169999999925494
2025-01-07 16:00:00.000,16:00,22.079999999981375
2025-01-07 17:00:00.000,17:00,29.600000000139698
2025-01-07 18:00:00.000,18:00,30.259999999939463
2025-01-07 19:00:00.000,19:00,30.169999999995344
2025-01-07 20:00:00.000,20:00,30.570000000065193
2025-01-07 21:00:00.000,21:00,30.789999999967403
2025-01-07 22:00:00.000,22:00,29.799999999976716
2025-01-07 23:00:00.000,23:00,29.394999999942957
2025-01-08 00:00:00.000,00:00,20.824999999959253
2025-01-08 01:00:00.000,01:00,21.390000000130385
2025-01-08 02:00:00.000,02:00,21.699999999953434
2025-01-08 03:00:00.000,03:00,20.239999999967406
2025-01-08 04:00:00.000,04:00,20.260000000079163
2025-01-08 05:00:00.000,05:00,26.359999999869615
2025-01-08 06:00:00.000,06:00,26.06000000000931
2025-01-08 07:00:00.000,07:00,25.620000000158328
2025-01-08 08:00:00.000,08:00,22.76444444434407
2025-01-08 09:00:00.000,09:00,19.933333333348855
2025-01-08 10:00:00.000,10:00,21.1722222223257
2025-01-08 11:00:00.000,11:00,20.399999999906868
2025-01-08 12:00:00.000,12:00,18.422727272693407
2025-01-08 13:00:00.000,13:00,19.4072727273811
2025-01-08 14:00:00.000,14:00,20.43999999994412
2025-01-08 15:00:00.000,15:00,18.970909090941266
2025-01-08 16:00:00.000,16:00,18.35909090897026
2025-01-08 17:00:00.000,17:00,18.000000000116415
2025-01-08 18:00:00.000,18:00,18.09444444432544
2025-01-08 19:00:00.000,19:00,18.933333333400594
2025-01-08 20:00:00.000,20:00,18.304040403977844
2025-01-08 21:00:00.000,21:00,19.87532467541015
2025-01-08 22:00:00.000,22:00,20.013445378180087
2025-01-08 23:00:00.000,23:00,20.889411764715195
2025-01-09 00:00:00.000,00:00,17.823333333223125
2025-01-09 01:00:00.000,01:00,17.40757575767665
2025-01-09 02:00:00.000,02:00,17.666783216808287
2025-01-09 03:00:00.000,03:00,19.292307692154562
2025-01-09 04:00:00.000,04:00,18.45000000006732
2025-01-09 05:00:00.000,05:00,17.900000000045218
2025-01-09 06:00:00.000,06:00,17.582758620648974
2025-01-09 07:00:00.000,07:00,17.12369299231634
2025-01-09 08:00:00.000,08:00,18.27159716750962
2025-01-09 09:00:00.000,09:00,19.31718931478312
2025-01-09 10:00:00.000,10:00,19.474206349198035
2025-01-09 11:00:00.000,11:00,20.81592140912484
2025-01-09 12:00:00.000,12:00,21.335088691880678
2025-01-09 13:00:00.000,13:00,21.185427807381878
2025-01-09 14:00:00.000,14:00,21.465546218507484
2025-01-09 15:00:00.000,15:00,22.68049450562615
2025-01-09 16:00:00.000,16:00,22.985576922919087
2025-01-09 17:00:00.000,17:00,22.040277777864333
2025-01-09 18:00:00.000,18:00,22.789529914536715
2025-01-09 19:00:00.000,19:00,22.08532388660437
2025-01-09 20:00:00.000,20:00,22.111654135319785
2025-01-09 21:00:00.000,21:00,21.535714285717503
2025-01-09 22:00:00.000,22:00,21.161016949225992
2025-01-09 23:00:00.000,23:00,22.079966657395012
2025-01-10 00:00:00.000,00:00,22.341369334516116
2025-01-10 01:00:00.000,01:00,22.023004201656928
2025-01-10 02:00:00.000,02:00,20.294642857142854
2025-01-10 03:00:00.000,03:00,21.009375000074215
2025-01-10 04:00:00.000,04:00,22.556754032241678
2025-01-10 05:00:00.000,05:00,22.807400379526193
2025-01-10 06:00:00.000,06:00,22.2290679908932
2025-01-10 07:00:00.000,07:00,22.898772460413646
2025-01-10 08:00:00.000,08:00,25.75472769782668
2025-01-10 09:00:00.000,09:00,32.19512195121951
2025-01-10 10:00:00.000,10:00,25.688780487888693
2025-01-10 11:00:00.000,11:00,23.591460674166093
2025-01-10 12:00:00.000,12:00,23.6809104597707
2025-01-10 13:00:00.000,13:00,24.74226804123711
2025-01-10 14:00:00.000,14:00,23.829976209367203
2025-01-10 15:00:00.000,15:00,22.46153846156234
2025-01-10 16:00:00.000,16:00,22.45184615389701
2025-01-10 17:00:00.000,17:00,22.440000000083824
2025-01-10 18:00:00.000,18:00,22.350372093041415
2025-01-10 19:00:00.000,19:00,22.325581395348838
2025-01-10 20:00:00.000,20:00,22.450661896188848
2025-01-10 21:00:00.000,21:00,22.523076922990953
2025-01-10 22:00:00.000,22:00,22.461583054580686
2025-01-10 23:00:00.000,23:00,22.39130434782609
2025-01-11 00:00:00.000,00:00,22.424937531240808
2025-01-11 01:00:00.000,01:00,22.593103448314395
2025-01-11 02:00:00.000,02:00,22.593103448314395
2025-01-11 03:00:00.000,03:00,22.86827586205066
2025-01-11 04:00:00.000,04:00,22.959999999962747
2025-01-11 05:00:00.000,05:00,22.92370370368439
2025-01-11 06:00:00.000,06:00,22.814814814849303
2025-01-11 07:00:00.000,07:00,22.814814814849303
2025-01-11 08:00:00.000,08:00,23.447368421077137
2025-01-11 09:00:00.000,09:00,23.964912280718085
2025-01-11 10:00:00.000,10:00,23.964912280718085
2025-01-11 11:00:00.000,11:00,23.967598684205242
2025-01-11 12:00:00.000,12:00,23.968749999985448
2025-01-11 13:00:00.000,13:00,23.968749999985448
2025-01-11 14:00:00.000,14:00,23.73203855140112
2025-01-11 15:00:00.000,15:00,23.4953271028168
2025-01-11 16:00:00.000,16:00,23.4953271028168
2025-01-11 17:00:00.000,17:00,23.4953271028168
2025-01-11 18:00:00.000,18:00,24.988761779202754
2025-01-11 19:00:00.000,19:00,25.095435684658895
2025-01-11 20:00:00.000,20:00,25.095435684658895
2025-01-11 21:00:00.000,21:00,25.095435684658895
2025-01-11 22:00:00.000,22:00,25.449720041994663
2025-01-11 23:00:00.000,23:00,25.48192771084337
2025-01-12 00:00:00.000,00:00,25.439638554174955
2025-01-12 01:00:00.000,01:00,24.12999999986496
2025-01-12 02:00:00.000,02:00,26.160000000172293
2025-01-12 03:00:00.000,03:00,25.709999999962747
2025-01-12 04:00:00.000,04:00,26.089999999874273
2025-01-12 05:00:00.000,05:00,25.230000000074504
2025-01-12 06:00:00.000,06:00,25.76000000005588
2025-01-12 07:00:00.000,07:00,26
2025-01-12 08:00:00.000,08:00,25.679999999934807
2025-01-12 09:00:00.000,09:00,26.63999999999069
2025-01-12 10:00:00.000,10:00,26.62000000006519
2025-01-12 11:00:00.000,11:00,25.239999999944118
2025-01-12 12:00:00.000,12:00,25.020000000018626
2025-01-12 13:00:00.000,13:00,24.410000000009315
2025-01-12 14:00:00.000,14:00,24.429999999934807
2025-01-12 15:00:00.000,15:00,24.240000000060537
2025-01-12 16:00:00.000,16:00,24.199999999953434
2025-01-12 17:00:00.000,17:00,25.88000000002794
2025-01-12 18:00:00.000,18:00,26.49000000008382
2025-01-12 19:00:00.000,19:00,25.65999999991618
2025-01-12 20:00:00.000,20:00,25.6399999999674
2025-01-12 21:00:00.000,21:00,26.210000000032597
2025-01-12 22:00:00.000,22:00,27.289999999967403
2025-01-12 23:00:00.000,23:00,25.602500000118745
2025-01-13 00:00:00.000,00:00,25.267499999830033
2025-01-13 01:00:00.000,01:00,24.910000000125727
2025-01-13 02:00:00.000,02:00,25.89999999993015
2025-01-13 03:00:00.000,03:00,24.83000000002794
2025-01-13 04:00:00.000,04:00,25.19999999997672
2025-01-13 05:00:00.000,05:00,25.21999999997206
2025-01-13 06:00:00.000,06:00,26.799999999999997
2025-01-13 07:00:00.000,07:00,26.12000000011176
2025-01-13 08:00:00.000,08:00,26.419999999972063
2025-01-13 09:00:00.000,09:00,36.53999999994412
2025-01-13 10:00:00.000,10:00,38.040000000083815
2025-01-13 11:00:00.000,11:00,34.079999999981375
2025-01-13 12:00:00.000,12:00,29.050829694320655
2025-01-13 13:00:00.000,13:00,29.26637554583932
2025-01-13 14:00:00.000,14:00,29.26637554583932
2025-01-13 15:00:00.000,15:00,30.186419213879603
2025-01-13 16:00:00.000,16:00,31.980000000051223
2025-01-13 17:00:00.000,17:00,26.159999999939465
2025-01-13 18:00:00.000,18:00,27.570000000088477
2025-01-13 19:00:00.000,19:00,26.840000000060535
2025-01-13 20:00:00.000,20:00,27.21999999992549
2025-01-13 21:00:00.000,21:00,28.780000000074505
2025-01-13 22:00:00.000,22:00,27.659999999962746
2025-01-13 23:00:00.000,23:00,27.446666666565257
2025-01-14 00:00:00.000,00:00,26.9933333333323
2025-01-14 01:00:00.000,01:00,27.989999999990687
2025-01-14 02:00:00.000,02:00,26.910000000125727
2025-01-14 03:00:00.000,03:00,28.240000000060537
2025-01-14 04:00:00.000,04:00,28.159999999869616
2025-01-14 05:00:00.000,05:00,28.820000000111758
2025-01-14 06:00:00.000,06:00,29.859999999869615
2025-01-14 07:00:00.000,07:00,30.320000000111758
2025-01-14 08:00:00.000,08:00,30.23999999994412
2025-01-14 09:00:00.000,09:00,40.77999999998137
2025-01-14 10:00:00.000,10:00,42.40000000009314
2025-01-14 11:00:00.000,11:00,45.583636363574556
2025-01-14 12:00:00.000,12:00,47.22636363641147
2025-01-14 13:00:00.000,13:00,42.759999999846336
2025-01-14 14:00:00.000,14:00,33.340000000153665
2025-01-14 15:00:00.000,15:00,32.86999999990221
2025-01-14 16:00:00.000,16:00,28.570000000065193
2025-01-14 17:00:00.000,17:00,28.860000000032596
2025-01-14 18:00:00.000,18:00,29.519999999925496
2025-01-14 19:00:00.000,19:00,29.420000000018625
2025-01-14 20:00:00.000,20:00,29.979999999958093
2025-01-14 21:00:00.000,21:00,30.52999999995809
2025-01-14 22:00:00.000,22:00,30.84000000008382
2025-01-14 23:00:00.000,23:00,30.71999999990221
2025-01-15 00:00:00.000,00:00,31.370000000135043
2025-01-15 01:00:00.000,01:00,32.55999999986962
2025-01-15 02:00:00.000,02:00,32.70000000016298
2025-01-15 03:00:00.000,03:00,32.939999999920836
2025-01-15 04:00:00.000,04:00,32.309999999939464
2025-01-15 05:00:00.000,05:00,32.6800000000745
2025-01-15 06:00:00.000,06:00,31.859999999916184
2025-01-15 07:00:00.000,07:00,32.580000000074506
2025-01-15 08:00:00.000,08:00,35.41999999997206
2025-01-15 09:00:00.000,09:00,43.700000000046565
2025-01-15 10:00:00.000,10:00,42.72000000006519
2025-01-15 11:00:00.000,11:00,41.61999999987893
2025-01-15 12:00:00.000,12:00,32.24000000013039
2025-01-15 13:00:00.000,13:00,31
2025-01-15 14:00:00.000,14:00,30.539999999874272
2025-01-15 15:00:00.000,15:00,30.94000000001397
2025-01-15 16:00:00.000,16:00,30.15
2025-01-15 17:00:00.000,17:00,29.90000000006985
2025-01-15 18:00:00.000,18:00,30.049999999953435
2025-01-15 19:00:00.000,19:00,30.929999999934807
2025-01-15 20:00:00.000,20:00,30.020000000111757
2025-01-15 21:00:00.000,21:00,30.38000000002794
2025-01-15 22:00:00.000,22:00,30.849999999953432
2025-01-15 23:00:00.000,23:00,29.96500000000815
2025-01-16 00:00:00.000,00:00,30.275000000052387
2025-01-16 01:00:00.000,01:00,29.91999999990221
2025-01-16 02:00:00.000,02:00,30.460000000009316
2025-01-16 03:00:00.000,03:00,30.140000000083816
2025-01-16 04:00:00.000,04:00,29.57999999986496
2025-01-16 05:00:00.000,05:00,30.300000000046566
2025-01-16 06:00:00.000,06:00,30.020000000018626
2025-01-16 07:00:00.000,07:00,30.51999999997206
2025-01-16 08:00:00.000,08:00,30.080000000074506
2025-01-16 09:00:00.000,09:00,31.11999999997206
2025-01-16 10:00:00.000,10:00,30.73999999994412
2025-01-16 11:00:00.000,11:00,40.420000000065194
2025-01-16 12:00:00.000,12:00,39.8799999999348
2025-01-16 13:00:00.000,13:00,39.71000000003259
2025-01-16 14:00:00.000,14:00,40.169999999925494
2025-01-16 15:00:00.000,15:00,39.86000000003259
2025-01-16 16:00:00.000,16:00,35.48000000002794
2025-01-16 17:00:00.000,17:00,28.66000000007916
2025-01-16 18:00:00.000,18:00,29.18999999992084
2025-01-16 19:00:00.000,19:00,27.289999999920838
2025-01-16 20:00:00.000,20:00,25.070000000065193
2025-01-16 21:00:00.000,21:00,27
2025-01-16 22:00:00.000,22:00,27.880000000027938
2025-01-16 23:00:00.000,23:00,27.45999999997439
2025-01-17 00:00:00.000,00:00,27.67999999996973
2025-01-17 01:00:00.000,01:00,28.110000000079165
2025-01-17 02:00:00.000,02:00,28.569999999878927
2025-01-17 03:00:00.000,03:00,29.05
2025-01-17 04:00:00.000,04:00,28.16000000014901
2025-01-17 05:00:00.000,05:00,29.960000000009313
2025-01-17 06:00:00.000,06:00,29.23999999994412
2025-01-17 07:00:00.000,07:00,30.460000000009313
2025-01-17 08:00:00.000,08:00,34.2
2025-01-17 09:00:00.000,09:00,40.97999999988824
2025-01-17 10:00:00.000,10:00,41.88000000002794
2025-01-17 11:00:00.000,11:00,38.86909090906636
2025-01-17 12:00:00.000,12:00,36.73090909105006
2025-01-17 13:00:00.000,13:00,36.0999999998603
2025-01-17 14:00:00.000,14:00,38.47000000004191
2025-01-17 15:00:00.000,15:00,33.099999999999994
2025-01-17 16:00:00.000,16:00,25.67000000008848
2025-01-17 17:00:00.000,17:00,26.56999999990221
2025-01-17 18:00:00.000,18:00,27.81000000012573
2025-01-17 19:00:00.000,19:00,27.959999999892897
2025-01-17 20:00:00.000,20:00,27.570000000065193
2025-01-17 21:00:00.000,21:00,28.869999999948778
2025-01-17 22:00:00.000,22:00,28.90999999998603
2025-01-17 23:00:00.000,23:00,29.511249999981374
2025-01-18 00:00:00.000,00:00,28.43874999997206
2025-01-18 01:00:00.000,01:00,31.190000000153667
2025-01-18 02:00:00.000,02:00,29.469999999995345
2025-01-18 03:00:00.000,03:00,31.399999999930152
2025-01-18 04:00:00.000,04:00,30.59000000008382
2025-01-18 05:00:00.000,05:00,30.569999999855643
2025-01-18 06:00:00.000,06:00,30.940000000130386
2025-01-18 07:00:00.000,07:00,31.039999999897553
2025-01-18 08:00:00.000,08:00,31.73999999994412
2025-01-18 09:00:00.000,09:00,30.820000000065193
2025-01-18 10:00:00.000,10:00,31.51999999997206
2025-01-18 11:00:00.000,11:00,30.160000000102446
2025-01-18 12:00:00.000,12:00,31.379999999981372
2025-01-18 13:00:00.000,13:00,29.689999999897555
2025-01-18 14:00:00.000,14:00,29.700000000116415
2025-01-18 15:00:00.000,15:00,30.35
2025-01-18 16:00:00.000,16:00,30.59000000001397
2025-01-18 17:00:00.000,17:00,30.59000000001397
2025-01-18 18:00:00.000,18:00,29.539999999874272
2025-01-18 19:00:00.000,19:00,30.320000000041908
2025-01-18 20:00:00.000,20:00,30.250000000023284
2025-01-18 21:00:00.000,21:00,30.03000000002794
2025-01-18 22:00:00.000,22:00,30.41999999990221
2025-01-18 23:00:00.000,23:00,30.405000000138536
2025-01-19 00:00:00.000,00:00,30.464999999996508
2025-01-19 01:00:00.000,01:00,30.629999999864957
2025-01-19 02:00:00.000,02:00,30.380000000144356
2025-01-19 03:00:00.000,03:00,30.779999999818394
2025-01-19 04:00:00.000,04:00,29.89272727279458
2025-01-19 05:00:00.000,05:00,30.12727272720076
2025-01-19 06:00:00.000,06:00,30.220000000158326
2025-01-19 07:00:00.000,07:00,31.119999999878928
2025-01-19 08:00:00.000,08:00,29.98000000002794
2025-01-19 09:00:00.000,09:00,31.320000000111758
2025-01-19 10:00:00.000,10:00,30.51999999997206
2025-01-19 11:00:00.000,11:00,29.919999999925494
2025-01-19 12:00:00.000,12:00,29.989999999990687
2025-01-19 13:00:00.000,13:00,28.420000000088475
2025-01-19 14:00:00.000,14:00,29
2025-01-19 15:00:00.000,15:00,28.8099999998929
2025-01-19 16:00:00.000,16:00,29.130000000051222
2025-01-19 17:00:00.000,17:00,29.729999999981374
2025-01-19 18:00:00.000,18:00,29.83999999992084
2025-01-19 19:00:00.000,19:00,30.38000000002794
2025-01-19 20:00:00.000,20:00,30.22000000006519
2025-01-19 21:00:00.000,21:00,31.03000000002794
2025-01-19 22:00:00.000,22:00,30.540000000037253
2025-01-19 23:00:00.000,23:00,30.417499999923166
2025-01-20 00:00:00.000,00:00,30.812500000058208
2025-01-20 01:00:00.000,01:00,31.059999999869614
2025-01-20 02:00:00.000,02:00,31.320000000041908
2025-01-20 03:00:00.000,03:00,29.989999999990687
2025-01-20 04:00:00.000,04:00,30.290000000060534
2025-01-20 05:00:00.000,05:00,30.919999999925494
2025-01-20 06:00:00.000,06:00,31.080000000074506
2025-01-20 07:00:00.000,07:00,30.38000000002794
2025-01-20 08:00:00.000,08:00,39.25999999991618
2025-01-20 09:00:00.000,09:00,43.52000000006519
2025-01-20 10:00:00.000,10:00,40.320000000018624
2025-01-20 11:00:00.000,11:00,41.739999999944125
2025-01-20 12:00:00.000,12:00,38.430000000004654
2025-01-20 13:00:00.000,13:00,36.319999999995346
2025-01-20 14:00:00.000,14:00,35.60999999993946
2025-01-20 15:00:00.000,15:00,37.03000000002794
2025-01-20 16:00:00.000,16:00,33.180000000144354
2025-01-20 17:00:00.000,17:00,27.12999999988824
2025-01-20 18:00:00.000,18:00,26.400000000069852
2025-01-20 19:00:00.000,19:00,26.909999999986027
2025-01-20 20:00:00.000,20:00,27.239999999897556
2025-01-20 21:00:00.000,21:00,27.09000000001397
2025-01-20 22:00:00.000,22:00,27.300000000046566
2025-01-20 23:00:00.000,23:00,28.28000000009779
2025-01-21 00:00:00.000,00:00,28.429999999911523
2025-01-21 01:00:00.000,01:00,28.88999999992084
2025-01-21 02:00:00.000,02:00,28.880000000121072
2025-01-21 03:00:00.000,03:00,28.790000000037253
2025-01-21 04:00:00.000,04:00,29.26999999997206
2025-01-21 05:00:00.000,05:00,28.979999999981374
2025-01-21 06:00:00.000,06:00,30.220000000018626
2025-01-21 07:00:00.000,07:00,29.060000000009314
2025-01-21 08:00:00.000,08:00,35.299999999860304
2025-01-21 09:00:00.000,09:00,38.84000000013039
2025-01-21 10:00:00.000,10:00,38.95999999996275
2025-01-21 11:00:00.000,11:00,38.01999999997206
2025-01-21 12:00:00.000,12:00,29.171923688399296
2025-01-21 13:00:00.000,13:00,28.874403815575842
2025-01-21 14:00:00.000,14:00,28.874403815575842
2025-01-21 15:00:00.000,15:00,28.874403815575842
2025-01-21 16:00:00.000,16:00,28.874403815575842
2025-01-21 17:00:00.000,17:00,28.874403815575842
2025-01-21 18:00:00.000,18:00,28.874403815575842
2025-01-21 19:00:00.000,19:00,28.874403815575842
2025-01-21 20:00:00.000,20:00,28.874403815575842
2025-01-21 21:00:00.000,21:00,28.874403815575842
2025-01-21 22:00:00.000,22:00,27.788441971422763
2025-01-21 23:00:00.000,23:00,26.110000000079165
2025-01-22 00:00:00.000,00:00,25.65999999996275
2025-01-22 01:00:00.000,01:00,25.350000000046567
2025-01-22 02:00:00.000,02:00,25.96999999999534
2025-01-22 03:00:00.000,03:00,25.43999999992084
2025-01-22 04:00:00.000,04:00,24.460000000055878
2025-01-22 05:00:00.000,05:00,24.339999999897554
2025-01-22 06:00:00.000,06:00,24.560000000102445
2025-01-22 07:00:00.000,07:00,27.22000000001863
2025-01-22 08:00:00.000,08:00,29.099999999999998
2025-01-22 09:00:00.000,09:00,26.13999999994412
2025-01-22 10:00:00.000,10:00,26.78000000007451
2025-01-22 11:00:00.000,11:00,23.009090909044343
2025-01-22 12:00:00.000,12:00,22.520909090797332
2025-01-22 13:00:00.000,13:00,22.25000000006985
2025-01-22 14:00:00.000,14:00,25.049999999976716
2025-01-22 15:00:00.000,15:00,22.289999999967403
2025-01-22 16:00:00.000,16:00,21.800000000046566
2025-01-22 17:00:00.000,17:00,21.980000000051223
2025-01-22 18:00:00.000,18:00,21.959999999892897
2025-01-22 19:00:00.000,19:00,21.53000000002794
2025-01-22 20:00:00.000,20:00,20.960000000125728
2025-01-22 21:00:00.000,21:00,20.55999999998603
2025-01-22 22:00:00.000,22:00,22.009999999916182
2025-01-22 23:00:00.000,23:00,21.554999999993015
2025-01-23 00:00:00.000,00:00,21.64499999996042
2025-01-23 01:00:00.000,01:00,21.630000000097787
2025-01-23 02:00:00.000,02:00,22.38999999992084
2025-01-23 03:00:00.000,03:00,22.36000000012573
2025-01-23 04:00:00.000,04:00,22.179999999981373
2025-01-23 05:00:00.000,05:00,22.799999999906866
2025-01-23 06:00:00.000,06:00,22.979999999934808
2025-01-23 07:00:00.000,07:00,24.720000000018626
2025-01-23 08:00:00.000,08:00,30.16000000005588
2025-01-23 09:00:00.000,09:00,34.83999999999069
2025-01-23 10:00:00.000,10:00,34.7
2025-01-23 11:00:00.000,11:00,33.62000000006519
2025-01-23 12:00:00.000,12:00,32.84545454545031
2025-01-23 13:00:00.000,13:00,31.864545454489154
2025-01-23 14:00:00.000,14:00,30.75000000009313
2025-01-23 15:00:00.000,15:00,30.869999999948778
2025-01-23 16:00:00.000,16:00,27.179999999911523
2025-01-23 17:00:00.000,17:00,19.81000000012573
2025-01-23 18:00:00.000,18:00,20.329999999841675
2025-01-23 19:00:00.000,19:00,20.4000000001397
2025-01-23 20:00:00.000,20:00,20.0999999998603
2025-01-23 21:00:00.000,21:00,21.47000000004191
2025-01-23 22:00:00.000,22:00,20.930000000097788
2025-01-23 23:00:00.000,23:00,20.62499999992433
2025-01-24 00:00:00.000,00:00,20.30500000003376
2025-01-24 01:00:00.000,01:00,21.619999999948778
2025-01-24 02:00:00.000,02:00,21.340000000037254
2025-01-24 03:00:00.000,03:00,21.31000000005588
2025-01-24 04:00:00.000,04:00,21.370000000018628
2025-01-24 05:00:00.000,05:00,22.319999999878927
2025-01-24 06:00:00.000,06:00,22.400000000093133
2025-01-24 07:00:00.000,07:00,23.100000000046567
2025-01-24 08:00:00.000,08:00,28.639999999897555
2025-01-24 09:00:00.000,09:00,23.61999999997206
2025-01-24 10:00:00.000,10:00,23.320000000065193
2025-01-24 11:00:00.000,11:00,21.419999999925494
2025-01-24 12:00:00.000,12:00,21.110000000102445
2025-01-24 13:00:00.000,13:00,21.699999999953434
2025-01-24 14:00:00.000,14:00,20.16000000007916
2025-01-24 15:00:00.000,15:00,18.929999999934807
2025-01-24 16:00:00.000,16:00,18.699999999953434
2025-01-24 17:00:00.000,17:00,24.97000000001863
2025-01-24 18:00:00.000,18:00,25.899999999976714
2025-01-24 19:00:00.000,19:00,26.029999999958093
2025-01-24 20:00:00.000,20:00,25.330000000074506
2025-01-24 21:00:00.000,21:00,20.130000000004657
2025-01-24 22:00:00.000,22:00,18.210000000032597
2025-01-24 23:00:00.000,23:00,18.314999999880094
2025-01-25 00:00:00.000,00:00,17.69500000017579
2025-01-25 01:00:00.000,01:00,18.159999999962746
2025-01-25 02:00:00.000,02:00,18.119999999855644
2025-01-25 03:00:00.000,03:00,18.010000000009313
2025-01-25 04:00:00.000,04:00,17.899090909183194
2025-01-25 05:00:00.000,05:00,17.730909090937878
2025-01-25 06:00:00.000,06:00,16.699999999953434
2025-01-25 07:00:00.000,07:00,17.659999999962746
2025-01-25 08:00:00.000,08:00,18.080000000074506
2025-01-25 09:00:00.000,09:00,18.07999999988824
2025-01-25 10:00:00.000,10:00,17.680000000074507
2025-01-25 11:00:00.000,11:00,16.800000000046566
2025-01-25 12:00:00.000,12:00,16.55
2025-01-25 13:00:00.000,13:00,18.110000000009315
2025-01-25 14:00:00.000,14:00,18.139999999967404
2025-01-25 15:00:00.000,15:00,18.16000000007916
2025-01-25 16:00:00.000,16:00,18.0999999998603
2025-01-25 17:00:00.000,17:00,16.349999999953432
2025-01-25 18:00:00.000,18:00,17.950000000093134
2025-01-25 19:00:00.000,19:00,18.83999999992084
2025-01-25 20:00:00.000,20:00,19.44000000001397
2025-01-25 21:00:00.000,21:00,20.430000000097788
2025-01-25 22:00:00.000,22:00,21.139999999967404
2025-01-25 23:00:00.000,23:00,20.13749999990687
2025-01-26 00:00:00.000,00:00,20.972500000009312
2025-01-26 01:00:00.000,01:00,22.150000000162983
2025-01-26 02:00:00.000,02:00,23.619999999878928
2025-01-26 03:00:00.000,03:00,22.989999999990687
2025-01-26 04:00:00.000,04:00,22.980000000144354
2025-01-26 05:00:00.000,05:00,23.13999999985099
2025-01-26 06:00:00.000,06:00,22.840000000037254
2025-01-26 07:00:00.000,07:00,22.2
2025-01-26 08:00:00.000,08:00,22.099999999953432
2025-01-26 09:00:00.000,09:00,22.1
2025-01-26 10:00:00.000,10:00,22.380000000121072
2025-01-26 11:00:00.000,11:00,22.51999999997206
2025-01-26 12:00:00.000,12:00,21.139999999990685
2025-01-26 13:00:00.000,13:00,21.5
2025-01-26 14:00:00.000,14:00,21.899999999976718
2025-01-26 15:00:00.000,15:00,21.160000000009312
2025-01-26 16:00:00.000,16:00,19.789999999967403
2025-01-26 17:00:00.000,17:00,20.5400000001071
2025-01-26 18:00:00.000,18:00,20.83999999992084
2025-01-26 19:00:00.000,19:00,20.570000000065193
2025-01-26 20:00:00.000,20:00,19.919999999855644
2025-01-26 21:00:00.000,21:00,20.270000000018626
2025-01-26 22:00:00.000,22:00,20.37000000011176
2025-01-26 23:00:00.000,23:00,19.382500000001166
2025-01-27 00:00:00.000,00:00,19.40749999989639
2025-01-27 01:00:00.000,01:00,18.81000000005588
2025-01-27 02:00:00.000,02:00,19.00999999998603
2025-01-27 03:00:00.000,03:00,17.5
2025-01-27 04:00:00.000,04:00,18.389999999990685
2025-01-27 05:00:00.000,05:00,18.820000000018624
2025-01-27 06:00:00.000,06:00,17.36000000005588
2025-01-27 07:00:00.000,07:00,18.879999999934807
2025-01-27 08:00:00.000,08:00,24.839999999990688
2025-01-27 09:00:00.000,09:00,18.580000000074506
2025-01-27 10:00:00.000,10:00,20.01999999997206
2025-01-27 11:00:00.000,11:00,18.55999999991618
2025-01-27 12:00:00.000,12:00,16.120000000135043
2025-01-27 13:00:00.000,13:00,17.139999999967404
2025-01-27 14:00:00.000,14:00,18.979999999888243
2025-01-27 15:00:00.000,15:00,20.130000000051222
2025-01-27 16:00:00.000,16:00,19.190000000107105
2025-01-27 17:00:00.000,17:00,18.169999999925494
2025-01-27 18:00:00.000,18:00,19.35
2025-01-27 19:00:00.000,19:00,19.01999999994878
2025-01-27 20:00:00.000,20:00,19.94000000001397
2025-01-27 21:00:00.000,21:00,20.130000000051222
2025-01-27 22:00:00.000,22:00,18.8600000000326
2025-01-27 23:00:00.000,23:00,20.130000000010476
2025-01-28 00:00:00.000,00:00,20.13999999996158
2025-01-28 01:00:00.000,01:00,20.12999999988824
2025-01-28 02:00:00.000,02:00,20.8100000000326
2025-01-28 03:00:00.000,03:00,20.980000000004658
2025-01-28 04:00:00.000,04:00,20.339999999944123
2025-01-28 05:00:00.000,05:00,21.300000000046566
2025-01-28 06:00:00.000,06:00,20.180000000074504
2025-01-28 07:00:00.000,07:00,22.200000000000003
2025-01-28 08:00:00.000,08:00,27.08000000002794
2025-01-28 09:00:00.000,09:00,21.319999999925493
2025-01-28 10:00:00.000,10:00,20.259999999962748
2025-01-28 11:00:00.000,11:00,22.100000000046563
2025-01-28 12:00:00.000,12:00,23.389999999990685
2025-01-28 13:00:00.000,13:00,24.210000000032597
2025-01-28 14:00:00.000,14:00,23.240000000013968
2025-01-28 15:00:00.000,15:00,22.950000000023284
2025-01-28 16:00:00.000,16:00,20.349999999953432
2025-01-28 17:00:00.000,17:00,20.449999999930153
2025-01-28 18:00:00.000,18:00,22.800000000046566
2025-01-28 19:00:00.000,19:00,21.66000000007916
2025-01-28 20:00:00.000,20:00,21.210000000032597
2025-01-28 21:00:00.000,21:00,20.65
2025-01-28 22:00:00.000,22:00,20.739999999827706
2025-01-28 23:00:00.000,23:00,22.435000000172295
2025-01-29 00:00:00.000,00:00,22.70499999995809
2025-01-29 01:00:00.000,01:00,21.389999999897555
2025-01-29 02:00:00.000,02:00,21.58000000009779
2025-01-29 03:00:00.000,03:00,21.569999999995343
2025-01-29 04:00:00.000,04:00,21.10999999998603
2025-01-29 05:00:00.000,05:00,21.699999999953434
2025-01-29 06:00:00.000,06:00,23.060000000102445
2025-01-29 07:00:00.000,07:00,23.599999999906867
2025-01-29 08:00:00.000,08:00,27.95999999991618
2025-01-29 09:00:00.000,09:00,22.540000000037253
2025-01-29 10:00:00.000,10:00,22.180000000074507
2025-01-29 11:00:00.000,11:00,21.416363636400042
2025-01-29 12:00:00.000,12:00,22.38363636355339
2025-01-29 13:00:00.000,13:00,20.839999999990688
2025-01-29 14:00:00.000,14:00,21.200000000116415
2025-01-29 15:00:00.000,15:00,22
2025-01-29 16:00:00.000,16:00,22.55999999998603
2025-01-29 17:00:00.000,17:00,21.83999999992084
2025-01-29 18:00:00.000,18:00,22.600000000093132
2025-01-29 19:00:00.000,19:00,22.269999999855646
2025-01-29 20:00:00.000,20:00,22.170000000158325
2025-01-29 21:00:00.000,21:00,20.919999999855644
2025-01-29 22:00:00.000,22:00,21.800000000046566
2025-01-29 23:00:00.000,23:00,22.20499999995809
2025-01-30 00:00:00.000,00:00,24.255000000051222
2025-01-30 01:00:00.000,01:00,22.82000000004191
2025-01-30 02:00:00.000,02:00,22.77000000004191
2025-01-30 03:00:00.000,03:00,22.55999999998603
2025-01-30 04:00:00.000,04:00,23.789999999944122
2025-01-30 05:00:00.000,05:00,23.740000000037252
2025-01-30 06:00:00.000,06:00,25.119999999925493
2025-01-30 07:00:00.000,07:00,26.080000000074506
2025-01-30 08:00:00.000,08:00,29.29999999990687
2025-01-30 09:00:00.000,09:00,27.403636363699015
2025-01-30 10:00:00.000,10:00,26.49636363637083
2025-01-30 11:00:00.000,11:00,23.79454545444936
2025-01-30 12:00:00.000,12:00,23.17605732755064
2025-01-30 13:00:00.000,13:00,22.961360123656245
2025-01-30 14:00:00.000,14:00,22.961360123656245
2025-01-30 15:00:00.000,15:00,22.961360123656245
2025-01-30 16:00:00.000,16:00,22.961360123656245
2025-01-30 17:00:00.000,17:00,22.961360123656245
2025-01-30 18:00:00.000,18:00,22.961360123656245
2025-01-30 19:00:00.000,19:00,22.961360123656245
2025-01-30 20:00:00.000,20:00,22.961360123656245
2025-01-30 21:00:00.000,21:00,22.961360123656245
2025-01-30 22:00:00.000,22:00,22.75715610498208
2025-01-30 23:00:00.000,23:00,23.27000000004191
2025-01-31 00:00:00.000,00:00,25.649999999953433
2025-01-31 01:00:00.000,01:00,24.820000000041908
2025-01-31 02:00:00.000,02:00,24.880000000121072
2025-01-31 03:00:00.000,03:00,25.699999999953434
2025-01-31 04:00:00.000,04:00,25.840000000060535
2025-01-31 05:00:00.000,05:00,27.659999999962746
2025-01-31 06:00:00.000,06:00,28.419999999925494
2025-01-31 07:00:00.000,07:00,29.26000000005588
2025-01-31 08:00:00.000,08:00,31.93999999994412
2025-01-31 09:00:00.000,09:00,30.639999999990685
2025-01-31 10:00:00.000,10:00,31.480000000121073
2025-01-31 11:00:00.000,11:00,28.05999999991618
2025-01-31 12:00:00.000,12:00,25.65999999998603
2025-01-31 13:00:00.000,13:00,24.759999999939463
2025-01-31 14:00:00.000,14:00,24.300000000046566
2025-01-31 15:00:00.000,15:00,23.789999999967403
2025-01-31 16:00:00.000,16:00,23.09000000001397
2025-01-31 17:00:00.000,17:00,24.610000000102445
2025-01-31 18:00:00.000,18:00,24.62999999988824
2025-01-31 19:00:00.000,19:00,22.87000000011176
2025-01-31 20:00:00.000,20:00,23.039999999874272
2025-01-31 21:00:00.000,21:00,22.850000000023282
2025-01-31 22:00:00.000,22:00,23.670000000088475
2025-01-31 23:00:00.000,23:00,24.044999999867287
2025-02-01 00:00:00.000,00:00,25.495000000006986
2025-02-01 01:00:00.000,01:00,24.190000000153667
2025-02-01 02:00:00.000,02:00,23.639999999874274
2025-02-01 03:00:00.000,03:00,24.290000000037253
2025-02-01 04:00:00.000,04:00,23.43000000002794
2025-02-01 05:00:00.000,05:00,24.359999999962746
2025-02-01 06:00:00.000,06:00,25.100000000046567
2025-02-01 07:00:00.000,07:00,24.55999999991618
2025-02-01 08:00:00.000,08:00,23.640000000037254
2025-02-01 09:00:00.000,09:00,24.080000000074506
2025-02-01 10:00:00.000,10:00,24.6
2025-02-01 11:00:00.000,11:00,23.540000000037253
2025-02-01 12:00:00.000,12:00,22.079999999934806
2025-02-01 13:00:00.000,13:00,20.27999999993481
2025-02-01 14:00:00.000,14:00,20.930000000097788
2025-02-01 15:00:00.000,15:00,21.02999999995809
2025-02-01 16:00:00.000,16:00,21.569999999902212
2025-02-01 17:00:00.000,17:00,23.110000000172295
2025-02-01 18:00:00.000,18:00,24.669999999925494
2025-02-01 19:00:00.000,19:00,24.199999999953434
2025-02-01 20:00:00.000,20:00,23.710000000032597
2025-02-01 21:00:00.000,21:00,24.390000000060535
2025-02-01 22:00:00.000,22:00,25.59999999993015
2025-02-01 23:00:00.000,23:00,25.717500000091967
2025-02-02 00:00:00.000,00:00,27.77249999982887
2025-02-02 01:00:00.000,01:00,26.280000000051224
2025-02-02 02:00:00.000,02:00,26.880000000121072
2025-02-02 03:00:00.000,03:00,28.339999999827707
2025-02-02 04:00:00.000,04:00,26.940000000130382
2025-02-02 05:00:00.000,05:00,28.599999999953432
2025-02-02 06:00:00.000,06:00,28.840000000037254
2025-02-02 07:00:00.000,07:00,32.81999999987893
2025-02-02 08:00:00.000,08:00,34.66000000010244
2025-02-02 09:00:00.000,09:00,28.43999999994412
2025-02-02 10:00:00.000,10:00,28.71999999997206
2025-02-02 11:00:00.000,11:00,28.820000000111758
2025-02-02 12:00:00.000,12:00,29.770000000018626
2025-02-02 13:00:00.000,13:00,26.409999999939465
2025-02-02 14:00:00.000,14:00,25.910000000055877
2025-02-02 15:00:00.000,15:00,25.1099999998929
2025-02-02 16:00:00.000,16:00,25.240000000060537
2025-02-02 17:00:00.000,17:00,25.210000000032593
2025-02-02 18:00:00.000,18:00,34.0099999998929
2025-02-02 19:00:00.000,19:00,34.610000000009315
2025-02-02 20:00:00.000,20:00,30.820000000111758
2025-02-02 21:00:00.000,21:00,27.42000000001863
2025-02-02 22:00:00.000,22:00,27.53999999987427
2025-02-02 23:00:00.000,23:00,28.83750000013388
2025-02-03 00:00:00.000,00:00,29.352499999903376
2025-02-03 01:00:00.000,01:00,29.30999999991618
2025-02-03 02:00:00.000,02:00,28.08000000000466
2025-02-03 03:00:00.000,03:00,29.210000000172293
2025-02-03 04:00:00.000,04:00,29.43999999999069
2025-02-03 05:00:00.000,05:00,29.599999999906867
2025-02-03 06:00:00.000,06:00,30.66000000005588
2025-02-03 07:00:00.000,07:00,30.199999999906865
2025-02-03 08:00:00.000,08:00,35.420000000065194
2025-02-03 09:00:00.000,09:00,30.45999999991618
2025-02-03 10:00:00.000,10:00,32.040000000130384
2025-02-03 11:00:00.000,11:00,32.31999999997206
2025-02-03 12:00:00.000,12:00,30.911678420321298
2025-02-03 13:00:00.000,13:00,30.922425952037248
2025-02-03 14:00:00.000,14:00,30.922425952037248
2025-02-03 15:00:00.000,15:00,30.922425952037248
2025-02-03 16:00:00.000,16:00,30.922425952037248
2025-02-03 17:00:00.000,17:00,30.922425952037248
2025-02-03 18:00:00.000,18:00,30.922425952037248
2025-02-03 19:00:00.000,19:00,30.922425952037248
2025-02-03 20:00:00.000,20:00,30.922425952037248
2025-02-03 21:00:00.000,21:00,30.922425952037248
2025-02-03 22:00:00.000,22:00,30.922425952037248
2025-02-03 23:00:00.000,23:00,30.604062059273573
2025-02-04 00:00:00.000,00:00,31.649999999953437
2025-02-04 01:00:00.000,01:00,29.22999999995809
2025-02-04 02:00:00.000,02:00,29.67000000018161
2025-02-04 03:00:00.000,03:00,29.569999999995343
2025-02-04 04:00:00.000,04:00,28.7999999998603
2025-02-04 05:00:00.000,05:00,30.740000000037252
2025-02-04 06:00:00.000,06:00,31.05999999996275
2025-02-04 07:00:00.000,07:00,31.740000000083818
2025-02-04 08:00:00.000,08:00,34.95999999996275
2025-02-04 09:00:00.000,09:00,31.08000000002794
2025-02-04 10:00:00.000,10:00,31.77999999988824
2025-02-04 11:00:00.000,11:00,31.840000000037254
2025-02-04 12:00:00.000,12:00,31.600000000116417
2025-02-04 13:00:00.000,13:00,29.02999999995809
2025-02-04 14:00:00.000,14:00,28.24000000001397
2025-02-04 15:00:00.000,15:00,27.770000000018626
2025-02-04 16:00:00.000,16:00,27.429999999934807
2025-02-04 17:00:00.000,17:00,27.01000000007916
2025-02-04 18:00:00.000,18:00,34.56999999994878
2025-02-04 19:00:00.000,19:00,34.40999999998603
2025-02-04 20:00:00.000,20:00,31.059999999939464
2025-02-04 21:00:00.000,21:00,28.06000000005588
2025-02-04 22:00:00.000,22:00,29.710000000032597
2025-02-04 23:00:00.000,23:00,28.832500000018626
2025-02-05 00:00:00.000,00:00,31.837499999906868
2025-02-05 01:00:00.000,01:00,29.66999999997206
2025-02-05 02:00:00.000,02:00,31.489999999990687
2025-02-05 03:00:00.000,03:00,31.130000000074507
2025-02-05 04:00:00.000,04:00,30.38999999994412
2025-02-05 05:00:00.000,05:00,31.06000000005588
2025-02-05 06:00:00.000,06:00,31.759999999962748
2025-02-05 07:00:00.000,07:00,32.859999999962746
2025-02-05 08:00:00.000,08:00,34.60000000004656
2025-02-05 09:00:00.000,09:00,34.39999999995344
2025-02-05 10:00:00.000,10:00,41.16000000014901
2025-02-05 11:00:00.000,11:00,42.052727272704416
2025-02-05 12:00:00.000,12:00,38.72727272727696
2025-02-05 13:00:00.000,13:00,35.56999999990221
2025-02-05 14:00:00.000,14:00,35.73999999999069
2025-02-05 15:00:00.000,15:00,35.23000000009779
2025-02-05 16:00:00.000,16:00,28.13999999994412
2025-02-05 17:00:00.000,17:00,24.289999999990687
2025-02-05 18:00:00.000,18:00,31.770000000088476
2025-02-05 19:00:00.000,19:00,30.27999999993481
2025-02-05 20:00:00.000,20:00,30.43000000009779
2025-02-05 21:00:00.000,21:00,29.919999999855644
2025-02-05 22:00:00.000,22:00,30.460000000055878
2025-02-05 23:00:00.000,23:00,31.019999999913853
2025-02-06 00:00:00.000,00:00,24.760000000090805
2025-02-06 01:00:00.000,01:00,22.61000000007916
2025-02-06 02:00:00.000,02:00,22.199999999953434
2025-02-06 03:00:00.000,03:00,22.919999999925494
2025-02-06 04:00:00.000,04:00,23.000000000116415
2025-02-06 05:00:00.000,05:00,23.57999999988824
2025-02-06 06:00:00.000,06:00,24.860000000102445
2025-02-06 07:00:00.000,07:00,25.139999999944123
2025-02-06 08:00:00.000,08:00,29.320000000065193
2025-02-06 09:00:00.000,09:00,24.379999999841676
2025-02-06 10:00:00.000,10:00,26.420000000018625
2025-02-06 11:00:00.000,11:00,27.320000000111758
2025-02-06 12:00:00.000,12:00,28.189999999850986
2025-02-06 13:00:00.000,13:00,26.94000000001397
2025-02-06 14:00:00.000,14:00,27.290000000130387
2025-02-06 15:00:00.000,15:00,28.1399999999674
2025-02-06 16:00:00.000,16:00,30.270000000018626
2025-02-06 17:00:00.000,17:00,33.99000000001397
2025-02-06 18:00:00.000,18:00,37.27999999988824
2025-02-06 19:00:00.000,19:00,36.190000000153674
2025-02-06 20:00:00.000,20:00,31.739999999967402
2025-02-06 21:00:00.000,21:00,28.139999999967404
2025-02-06 22:00:00.000,22:00,28.729999999911524
2025-02-06 23:00:00.000,23:00,29.639999999967404
2025-02-07 00:00:00.000,00:00,30.010000000009313
2025-02-07 01:00:00.000,01:00,28.320000000041908
2025-02-07 02:00:00.000,02:00,28.880000000121072
2025-02-07 03:00:00.000,03:00,29.40999999991618
2025-02-07 04:00:00.000,04:00,28.660000000079165
2025-02-07 05:00:00.000,05:00,29.039999999897553
2025-02-07 06:00:00.000,06:00,30.21999999997206
2025-02-07 07:00:00.000,07:00,34.179999999981376
2025-02-07 08:00:00.000,08:00,35.96000000005588
2025-02-07 09:00:00.000,09:00,33.56000000005588
2025-02-07 10:00:00.000,10:00,32.71999999992549
2025-02-07 11:00:00.000,11:00,25.699999999953434
2025-02-07 12:00:00.000,12:00,25.28000000012107
2025-02-07 13:00:00.000,13:00,24.12999999995809
2025-02-07 14:00:00.000,14:00,22.67999999995809
2025-02-07 15:00:00.000,15:00,22.130000000051226
2025-02-07 16:00:00.000,16:00,22.839999999990688
2025-02-07 17:00:00.000,17:00,29.48000000009779
2025-02-07 18:00:00.000,18:00,29.959999999892897
2025-02-07 19:00:00.000,19:00,28.90999999998603
2025-02-07 20:00:00.000,20:00,28.390000000060535
2025-02-07 21:00:00.000,21:00,29.259999999939463
2025-02-07 22:00:00.000,22:00,29.079999999981375
2025-02-07 23:00:00.000,23:00,23.337499999965075
2025-02-08 00:00:00.000,00:00,24.562500000081492
2025-02-08 01:00:00.000,01:00,22.810000000032595
2025-02-08 02:00:00.000,02:00,23
2025-02-08 03:00:00.000,03:00,22.83000000005122
2025-02-08 04:00:00.000,04:00,23.199999999860303
2025-02-08 05:00:00.000,05:00,23.300000000046566
2025-02-08 06:00:00.000,06:00,28.379999999981372
2025-02-08 07:00:00.000,07:00,31.120000000065193
2025-02-08 08:00:00.000,08:00,26.179999999934807
2025-02-08 09:00:00.000,09:00,25.100000000046567
2025-02-08 10:00:00.000,10:00,25.33999999994412
2025-02-08 11:00:00.000,11:00,25.840000000037254
2025-02-08 12:00:00.000,12:00,25.33000000002794
2025-02-08 13:00:00.000,13:00,32.58999999999069
2025-02-08 14:00:00.000,14:00,32.8600000000326
2025-02-08 15:00:00.000,15:00,33.42999999993481
2025-02-08 16:00:00.000,16:00,34.749999999976716
2025-02-08 17:00:00.000,17:00,37.93999999999068
2025-02-08 18:00:00.000,18:00,39.90000000009314
2025-02-08 19:00:00.000,19:00,32.37999999998137
2025-02-08 20:00:00.000,20:00,30.55999999998603
2025-02-08 21:00:00.000,21:00,30.66000000007916
2025-02-08 22:00:00.000,22:00,30.65999999984633
2025-02-08 23:00:00.000,23:00,23.865000000060537
2025-02-09 00:00:00.000,00:00,23.985000000009315
2025-02-09 01:00:00.000,01:00,23.580000000074506
2025-02-09 02:00:00.000,02:00,22.839999999827704
2025-02-09 03:00:00.000,03:00,23.20000000016298
2025-02-09 04:00:00.000,04:00,23.209999999869616
2025-02-09 05:00:00.000,05:00,23.460000000009313
2025-02-09 06:00:00.000,06:00,27.58000000002794
2025-02-09 07:00:00.000,07:00,32.200000000046565
2025-02-09 08:00:00.000,08:00,30.620000000065193
2025-02-09 09:00:00.000,09:00,24
2025-02-09 10:00:00.000,10:00,24.13999999985099
2025-02-09 11:00:00.000,11:00,24.27000000004191
2025-02-09 12:00:00.000,12:00,25.129999999934807
2025-02-09 13:00:00.000,13:00,33.21000000003259
2025-02-09 14:00:00.000,14:00,31.729999999981374
2025-02-09 15:00:00.000,15:00,32.82000000015832
2025-02-09 16:00:00.000,16:00,32.57999999991152
2025-02-09 17:00:00.000,17:00,35.839999999967404
2025-02-09 18:00:00.000,18:00,38.07000000008848
2025-02-09 19:00:00.000,19:00,31.259999999939467
2025-02-09 20:00:00.000,20:00,29.81000000007916
2025-02-09 21:00:00.000,21:00,28.869999999948778
2025-02-09 22:00:00.000,22:00,29.319999999925493
2025-02-09 23:00:00.000,23:00,22.125000000081492
2025-02-10 00:00:00.000,00:00,22.654999999969732
2025-02-10 01:00:00.000,01:00,21.179999999958092
2025-02-10 02:00:00.000,02:00,21.55
2025-02-10 03:00:00.000,03:00,21.989999999990687
2025-02-10 04:00:00.000,04:00,21.349999999953436
2025-02-10 05:00:00.000,05:00,23.860000000009315
2025-02-10 06:00:00.000,06:00,28.420000000065194
2025-02-10 07:00:00.000,07:00,31.44000000008382
2025-02-10 08:00:00.000,08:00,30.11999999997206
2025-02-10 09:00:00.000,09:00,24.020000000018626
2025-02-10 10:00:00.000,10:00,23.699999999953434
2025-02-10 11:00:00.000,11:00,25.839999999990688
2025-02-10 12:00:00.000,12:00,34.95921625545051
2025-02-10 13:00:00.000,13:00,35.233671988397084
2025-02-10 14:00:00.000,14:00,35.233671988397084
2025-02-10 15:00:00.000,15:00,35.233671988397084
2025-02-10 16:00:00.000,16:00,35.233671988397084
2025-02-10 17:00:00.000,17:00,35.233671988397084
2025-02-10 18:00:00.000,18:00,35.233671988397084
2025-02-10 19:00:00.000,19:00,35.233671988397084
2025-02-10 20:00:00.000,20:00,35.233671988397084
2025-02-10 21:00:00.000,21:00,35.233671988397084
2025-02-10 22:00:00.000,22:00,35.233671988397084
2025-02-10 23:00:00.000,23:00,31.96406386061129
2025-02-11 00:00:00.000,00:00,28.079999999888244
2025-02-11 01:00:00.000,01:00,27.080000000074506
2025-02-11 02:00:00.000,02:00,26.95999999991618
2025-02-11 03:00:00.000,03:00,28.09000000008382
2025-02-11 04:00:00.000,04:00,27.63000000002159
2025-02-11 05:00:00.000,05:00,27.980000000057572
2025-02-11 06:00:00.000,06:00,31.93999999989755
2025-02-11 07:00:00.000,07:00,34.760000000102444
2025-02-11 08:00:00.000,08:00,36.019999999832365
2025-02-11 09:00:00.000,09:00,29.62000000011176
2025-02-11 10:00:00.000,10:00,29.78000000002794
2025-02-11 11:00:00.000,11:00,29.939999999897555
2025-02-11 12:00:00.000,12:00,32.0900000001071
2025-02-11 13:00:00.000,13:00,35.689999999920836
2025-02-11 14:00:00.000,14:00,37.68000000007451
2025-02-11 15:00:00.000,15:00,46.440000000013974
2025-02-11 16:00:00.000,16:00,45.7799999999348
2025-02-11 17:00:00.000,17:00,46.28999999994412
2025-02-11 18:00:00.000,18:00,46.75000000004657
2025-02-11 19:00:00.000,19:00,40.16999999999534
2025-02-11 20:00:00.000,20:00,38.300000000000004
2025-02-11 21:00:00.000,21:00,37.46999999997206
2025-02-11 22:00:00.000,22:00,37.51000000007916
2025-02-11 23:00:00.000,23:00,31.152499999967404
2025-02-12 00:00:00.000,00:00,31.537500000093132
2025-02-12 01:00:00.000,01:00,28.979999999981374
2025-02-12 02:00:00.000,02:00,29.619999999878928
2025-02-12 03:00:00.000,03:00,29.800000000046566
2025-02-12 04:00:00.000,04:00,28.86000000005588
2025-02-12 05:00:00.000,05:00,30.039999999850988
2025-02-12 06:00:00.000,06:00,33.8800000000745
2025-02-12 07:00:00.000,07:00,36.94000000008382
2025-02-12 08:00:00.000,08:00,33.37999999993481
2025-02-12 09:00:00.000,09:00,31.299999999906866
2025-02-12 10:00:00.000,10:00,29.480000000121073
2025-02-12 11:00:00.000,11:00,29.029090909084132
2025-02-12 12:00:00.000,12:00,30.58090909085533
2025-02-12 13:00:00.000,13:00,38.030000000004655
2025-02-12 14:00:00.000,14:00,38.92999999993481
2025-02-12 15:00:00.000,15:00,40.37000000011176
2025-02-12 16:00:00.000,16:00,41.80999999996275
2025-02-12 17:00:00.000,17:00,41.54000000003725
2025-02-12 18:00:00.000,18:00,45.18999999994412
2025-02-12 19:00:00.000,19:00,38.40000000006985
2025-02-12 20:00:00.000,20:00,37.60000000004656
2025-02-12 21:00:00.000,21:00,36.199999999953434
2025-02-12 22:00:00.000,22:00,36.069999999902215
2025-02-12 23:00:00.000,23:00,29.545000000140863
2025-02-13 00:00:00.000,00:00,29.55499999988242
2025-02-13 01:00:00.000,01:00,28.280000000051224
2025-02-13 02:00:00.000,02:00,28.90999999991618
2025-02-13 03:00:00.000,03:00,28.61000000007916
2025-02-13 04:00:00.000,04:00,27.59000000001397
2025-02-13 05:00:00.000,05:00,27.720000000018626
2025-02-13 06:00:00.000,06:00,32.56000000005588
2025-02-13 07:00:00.000,07:00,35.51999999987893
2025-02-13 08:00:00.000,08:00,37.40000000009313
2025-02-13 09:00:00.000,09:00,33.359999999916184
2025-02-13 10:00:00.000,10:00,33.93999999999069
2025-02-13 11:00:00.000,11:00,31.900000000046568
2025-02-13 12:00:00.000,12:00,30.6
2025-02-13 13:00:00.000,13:00,38.17999999988824
2025-02-13 14:00:00.000,14:00,41.28000000012107
2025-02-13 15:00:00.000,15:00,40.89999999990687
2025-02-13 16:00:00.000,16:00,43.15000000004657
2025-02-13 17:00:00.000,17:00,45.47000000001863
2025-02-13 18:00:00.000,18:00,44.52000000006519
2025-02-13 19:00:00.000,19:00,37.199999999906865
2025-02-13 20:00:00.000,20:00,36.0400000001071
2025-02-13 21:00:00.000,21:00,35.15999999991618
2025-02-13 22:00:00.000,22:00,34.8600000000326
2025-02-13 23:00:00.000,23:00,28.21999999997788
2025-02-14 00:00:00.000,00:00,28.099999999947613
2025-02-14 01:00:00.000,01:00,26.14000000008382
2025-02-14 02:00:00.000,02:00,26.209999999962747
2025-02-14 03:00:00.000,03:00,28.070000000088477
2025-02-14 04:00:00.000,04:00,28.519999999995342
2025-02-14 05:00:00.000,05:00,27.279999999934805
2025-02-14 06:00:00.000,06:00,31.379999999981376
2025-02-14 07:00:00.000,07:00,42.51999999992549
2025-02-14 08:00:00.000,08:00,45.58000000012107
2025-02-14 09:00:00.000,09:00,40.89999999990687
2025-02-14 10:00:00.000,10:00,41.480000000027935
2025-02-14 11:00:00.000,11:00,38.08363636363383
2025-02-14 12:00:00.000,12:00,31.376363636422056
2025-02-14 13:00:00.000,13:00,39.539999999944115
2025-02-14 14:00:00.000,14:00,38.5100000000326
2025-02-14 15:00:00.000,15:00,40.3699999999255
2025-02-14 16:00:00.000,16:00,40.39000000006053
2025-02-14 17:00:00.000,17:00,40.36999999994878
2025-02-14 18:00:00.000,18:00,44.96000000010245
2025-02-14 19:00:00.000,19:00,41.15
2025-02-14 20:00:00.000,20:00,37.83999999994412
2025-02-14 21:00:00.000,21:00,37.46636363632173
2025-02-14 22:00:00.000,22:00,38.46363636377606
2025-02-14 23:00:00.000,23:00,31.82499999999418
2025-02-15 00:00:00.000,00:00,34.594999999954595
2025-02-15 01:00:00.000,01:00,31.689999999967405
2025-02-15 02:00:00.000,02:00,31.749999999953435
2025-02-15 03:00:00.000,03:00,31.890000000130385
2025-02-15 04:00:00.000,04:00,31.829999999841675
2025-02-15 05:00:00.000,05:00,31.860000000102445
2025-02-15 06:00:00.000,06:00,37.37999999998137
2025-02-15 07:00:00.000,07:00,39.8
2025-02-15 08:00:00.000,08:00,34.06000000005588
2025-02-15 09:00:00.000,09:00,32.56000000000932
2025-02-15 10:00:00.000,10:00,34.63999999994412
2025-02-15 11:00:00.000,11:00,34.859999999916184
2025-02-15 12:00:00.000,12:00,39.44000000003725
2025-02-15 13:00:00.000,13:00,42.3600000000326
2025-02-15 14:00:00.000,14:00,41.660000000079165
2025-02-15 15:00:00.000,15:00,42.75999999993947
2025-02-15 16:00:00.000,16:00,43.16999999999534
2025-02-15 17:00:00.000,17:00,42.89999999990687
2025-02-15 18:00:00.000,18:00,46.2100000000326
2025-02-15 19:00:00.000,19:00,41.75999999993947
2025-02-15 20:00:00.000,20:00,40.75000000009313
2025-02-15 21:00:00.000,21:00,39.13999999996741
2025-02-15 22:00:00.000,22:00,38.640000000083816
2025-02-15 23:00:00.000,23:00,30.78250000002445
2025-02-16 00:00:00.000,00:00,32.71749999983585
2025-02-16 01:00:00.000,01:00,30.93000000012107
2025-02-16 02:00:00.000,02:00,30.749999999976716
2025-02-16 03:00:00.000,03:00,31.649999999953433
2025-02-16 04:00:00.000,04:00,31.440000000130386
2025-02-16 05:00:00.000,05:00,32.699999999813734
2025-02-16 06:00:00.000,06:00,36.480000000167635
2025-02-16 07:00:00.000,07:00,39.47999999998137
2025-02-16 08:00:00.000,08:00,33.39999999990687
2025-02-16 09:00:00.000,09:00,33.580000000074506
2025-02-16 10:00:00.000,10:00,32.919999999925494
2025-02-16 11:00:00.000,11:00,32.140000000083816
2025-02-16 12:00:00.000,12:00,35.829999999934806
2025-02-16 13:00:00.000,13:00,42.46999999997206
2025-02-16 14:00:00.000,14:00,41.26000000000931
2025-02-16 15:00:00.000,15:00,41.67000000008848
2025-02-16 16:00:00.000,16:00,42.880000000027934
2025-02-16 17:00:00.000,17:00,43.65999999991618
2025-02-16 18:00:00.000,18:00,47.23999999999069
2025-02-16 19:00:00.000,19:00,40.7899999999674
2025-02-16 20:00:00.000,20:00,40.0100000000326
2025-02-16 21:00:00.000,21:00,37.98000000005122
2025-02-16 22:00:00.000,22:00,39.919999999925494
2025-02-16 23:00:00.000,23:00,33.78708029200686
2025-02-17 00:00:00.000,00:00,36.83211678831097
2025-02-17 01:00:00.000,01:00,36.83211678831097
2025-02-17 02:00:00.000,02:00,36.83211678831097
2025-02-17 03:00:00.000,03:00,36.83211678831097
2025-02-17 04:00:00.000,04:00,36.83211678831097
2025-02-17 05:00:00.000,05:00,36.83211678831097
2025-02-17 06:00:00.000,06:00,36.83211678831097
2025-02-17 07:00:00.000,07:00,36.83211678831097
2025-02-17 08:00:00.000,08:00,36.83211678831097
2025-02-17 09:00:00.000,09:00,37.733868613320126
2025-02-17 10:00:00.000,10:00,36.50999999998603
2025-02-17 11:00:00.000,11:00,35.40999999991618
2025-02-17 12:00:00.000,12:00,34.11454545449973
2025-02-17 13:00:00.000,13:00,44.005454545565456
2025-02-17 14:00:00.000,14:00,46.299999999860304
2025-02-17 15:00:00.000,15:00,45.46000000010244
2025-02-17 16:00:00.000,16:00,45.5
2025-02-17 17:00:00.000,17:00,44.04000000003725
2025-02-17 18:00:00.000,18:00,45.459999999916185
2025-02-17 19:00:00.000,19:00,42.360000000102445
2025-02-17 20:00:00.000,20:00,40.14727272729135
2025-02-17 21:00:00.000,21:00,39.022727272680704
2025-02-17 22:00:00.000,22:00,38.51999999994878
2025-02-17 23:00:00.000,23:00,33.31749999997555
2025-02-18 00:00:00.000,00:00,34.24250000003376
2025-02-18 01:00:00.000,01:00,32.6300000000745
2025-02-18 02:00:00.000,02:00,33.099999999883586
2025-02-18 03:00:00.000,03:00,34.1300000000745
2025-02-18 04:00:00.000,04:00,33.23000000002794
2025-02-18 05:00:00.000,05:00,35.51999999997206
2025-02-18 06:00:00.000,06:00,45.239999999897556
2025-02-18 07:00:00.000,07:00,45.140000000083816
2025-02-18 08:00:00.000,08:00,39.25999999991618
2025-02-18 09:00:00.000,09:00,38.60000000004656
2025-02-18 10:00:00.000,10:00,39.139999999990685
2025-02-18 11:00:00.000,11:00,35.87000000004191
2025-02-18 12:00:00.000,12:00,34.50000000004657
2025-02-18 13:00:00.000,13:00,43.97000000001863
2025-02-18 14:00:00.000,14:00,43.4699999999255
2025-02-18 15:00:00.000,15:00,40.779999999958086
2025-02-18 16:00:00.000,16:00,45.60999999998603
2025-02-18 17:00:00.000,17:00,46.119999999972066
2025-02-18 18:00:00.000,18:00,44.63000000005122
2025-02-18 19:00:00.000,19:00,40.20000000002329
2025-02-18 20:00:00.000,20:00,39.8
2025-02-18 21:00:00.000,21:00,37.96000000005588
2025-02-18 22:00:00.000,22:00,37.82999999991153
2025-02-18 23:00:00.000,23:00,31.258613138631443
2025-02-19 00:00:00.000,00:00,34.44525547446275
2025-02-19 01:00:00.000,01:00,34.44525547446275
2025-02-19 02:00:00.000,02:00,34.44525547446275
2025-02-19 03:00:00.000,03:00,34.44525547446275
2025-02-19 04:00:00.000,04:00,34.44525547446275
2025-02-19 05:00:00.000,05:00,34.44525547446275
2025-02-19 06:00:00.000,06:00,34.44525547446275
2025-02-19 07:00:00.000,07:00,34.44525547446275
2025-02-19 08:00:00.000,08:00,34.44525547446275
2025-02-19 09:00:00.000,09:00,37.2640875912783
2025-02-19 10:00:00.000,10:00,36.229999999958096
2025-02-19 11:00:00.000,11:00,33.110000000009315
2025-02-19 12:00:00.000,12:00,31.180000000027942
2025-02-19 13:00:00.000,13:00,39.5100000000326
2025-02-19 14:00:00.000,14:00,48.739999999897556
2025-02-19 15:00:00.000,15:00,52.24000000008382
2025-02-19 16:00:00.000,16:00,49.0999999998603
2025-02-19 17:00:00.000,17:00,45.160000000009305
2025-02-19 18:00:00.000,18:00,45.26000000005588
2025-02-19 19:00:00.000,19:00,41.56000000000931
2025-02-19 20:00:00.000,20:00,40.120000000054844
2025-02-19 21:00:00.000,21:00,37.739999999977755
2025-02-19 22:00:00.000,22:00,37.01999999994878
2025-02-19 23:00:00.000,23:00,25.189999999984867
2025-02-20 00:00:00.000,00:00,28.020000000094296
2025-02-20 01:00:00.000,01:00,24.53000000000466
2025-02-20 02:00:00.000,02:00,23.719999999948776
2025-02-20 03:00:00.000,03:00,24.49000000001397
2025-02-20 04:00:00.000,04:00,23.989999999897552
2025-02-20 05:00:00.000,05:00,32.240000000037256
2025-02-20 06:00:00.000,06:00,34.43999999999069
2025-02-20 07:00:00.000,07:00,33.24000000003725
2025-02-20 08:00:00.000,08:00,28.980000000074504
2025-02-20 09:00:00.000,09:00,26.51999999997206
2025-02-20 10:00:00.000,10:00,26.519999999925496
2025-02-20 11:00:00.000,11:00,27.02363636362451
2025-02-20 12:00:00.000,12:00,29.26636363648259
2025-02-20 13:00:00.000,13:00,36.97000000004191
2025-02-20 14:00:00.000,14:00,36.08999999994412
2025-02-20 15:00:00.000,15:00,34.76000000000931
2025-02-20 16:00:00.000,16:00,34.199999999953434
2025-02-20 17:00:00.000,17:00,32.450000000046565
2025-02-20 18:00:00.000,18:00,37.15000000004657
2025-02-20 19:00:00.000,19:00,31.15
2025-02-20 20:00:00.000,20:00,29.08999999994412
2025-02-20 21:00:00.000,21:00,27.419999999925494
2025-02-20 22:00:00.000,22:00,26.79999999997672
2025-02-20 23:00:00.000,23:00,19.781666666760184
2025-02-21 00:00:00.000,00:00,20.75833333334692
2025-02-21 01:00:00.000,01:00,20.489999999990687
2025-02-21 02:00:00.000,02:00,19.68999999987427
2025-02-21 03:00:00.000,03:00,18.95
2025-02-21 04:00:00.000,04:00,20.69000000017695
2025-02-21 05:00:00.000,05:00,27.969999999855645
2025-02-21 06:00:00.000,06:00,29.98000000002794
2025-02-21 07:00:00.000,07:00,31.500000000046565
2025-02-21 08:00:00.000,08:00,26.179999999934807
2025-02-21 09:00:00.000,09:00,23.5000000001397
2025-02-21 10:00:00.000,10:00,21.13999999985099
2025-02-21 11:00:00.000,11:00,21.679999999981373
2025-02-21 12:00:00.000,12:00,23.1400000001071
2025-02-21 13:00:00.000,13:00,31.83999999992084
2025-02-21 14:00:00.000,14:00,31.710000000032597
2025-02-21 15:00:00.000,15:00,32.0400000001071
2025-02-21 16:00:00.000,16:00,31.83999999987427
2025-02-21 17:00:00.000,17:00,32.180000000004654
2025-02-21 18:00:00.000,18:00,36.65000000004657
2025-02-21 19:00:00.000,19:00,31.890000000060535
2025-02-21 20:00:00.000,20:00,28.36999999990221
2025-02-21 21:00:00.000,21:00,26.38999999999069
2025-02-21 22:00:00.000,22:00,27.56000000005588
2025-02-21 23:00:00.000,23:00,19.682500000012805
2025-02-22 00:00:00.000,00:00,19.867499999917346
2025-02-22 01:00:00.000,01:00,18.010000000009313
2025-02-22 02:00:00.000,02:00,19.68999999994412
2025-02-22 03:00:00.000,03:00,19.420000000135044
2025-02-22 04:00:00.000,04:00,19.15999999991618
2025-02-22 05:00:00.000,05:00,26.83999999994412
2025-02-22 06:00:00.000,06:00,28.380000000121072
2025-02-22 07:00:00.000,07:00,27.98000000002794
2025-02-22 08:00:00.000,08:00,25.739999999850987
2025-02-22 09:00:00.000,09:00,22.840000000037254
2025-02-22 10:00:00.000,10:00,25.679999999981373
2025-02-22 11:00:00.000,11:00,25.360000000009315
2025-02-22 12:00:00.000,12:00,28.750000000046565
2025-02-22 13:00:00.000,13:00,33.66000000005588
2025-02-22 14:00:00.000,14:00,34.92999999993481
2025-02-22 15:00:00.000,15:00,33.8600000000326
2025-02-22 16:00:00.000,16:00,35.88999999994412
2025-02-22 17:00:00.000,17:00,36.660000000079165
2025-02-22 18:00:00.000,18:00,37
2025-02-22 19:00:00.000,19:00,33.250000000023284
2025-02-22 20:00:00.000,20:00,30.68000000002794
2025-02-22 21:00:00.000,21:00,29.329999999841675
2025-02-22 22:00:00.000,22:00,28.760000000172294
2025-02-22 23:00:00.000,23:00,22.68749999983411
2025-02-23 00:00:00.000,00:00,21.792500000147264
2025-02-23 01:00:00.000,01:00,23.279999999841678
2025-02-23 02:00:00.000,02:00,23.43000000012107
2025-02-23 03:00:00.000,03:00,23.189999999967405
2025-02-23 04:00:00.000,04:00,24.27000000004191
2025-02-23 05:00:00.000,05:00,30.519999999972057
2025-02-23 06:00:00.000,06:00,33.13999999994412
2025-02-23 07:00:00.000,07:00,31.599999999999998
2025-02-23 08:00:00.000,08:00,26.679999999981373
2025-02-23 09:00:00.000,09:00,27.940000000037255
2025-02-23 10:00:00.000,10:00,28.56000000005588
2025-02-23 11:00:00.000,11:00,29.020000000018626
2025-02-23 12:00:00.000,12:00,32.369999999948774
2025-02-23 13:00:00.000,13:00,39.18000000002794
2025-02-23 14:00:00.000,14:00,40.049999999953435
2025-02-23 15:00:00.000,15:00,40.75000000009313
2025-02-23 16:00:00.000,16:00,41.24999999990687
2025-02-23 17:00:00.000,17:00,39.86000000003259
2025-02-23 18:00:00.000,18:00,41.01999999994878
2025-02-23 19:00:00.000,19:00,34.65
2025-02-23 20:00:00.000,20:00,32.10000000004656
2025-02-23 21:00:00.000,21:00,30.869999999948778
2025-02-23 22:00:00.000,22:00,28.920000000018625
2025-02-23 23:00:00.000,23:00,22.66999999994878
2025-02-24 00:00:00.000,00:00,24.150000000162983
2025-02-24 01:00:00.000,01:00,20.669999999855648
2025-02-24 02:00:00.000,02:00,22.460000000009313
2025-02-24 03:00:00.000,03:00,23.370000000135043
2025-02-24 04:00:00.000,04:00,21.739999999990687
2025-02-24 05:00:00.000,05:00,29.67999999988824
2025-02-24 06:00:00.000,06:00,32
2025-02-24 07:00:00.000,07:00,30.340000000037254
2025-02-24 08:00:00.000,08:00,31.05999999991618
2025-02-24 09:00:00.000,09:00,26.98000000012107
2025-02-24 10:00:00.000,10:00,25.320000000018627
2025-02-24 11:00:00.000,11:00,25.84999999993015
2025-02-24 12:00:00.000,12:00,33.88307262564901
2025-02-24 13:00:00.000,13:00,34.055865921779905
2025-02-24 14:00:00.000,14:00,34.055865921779905
2025-02-24 15:00:00.000,15:00,34.055865921779905
2025-02-24 16:00:00.000,16:00,34.055865921779905
2025-02-24 17:00:00.000,17:00,34.055865921779905
2025-02-24 18:00:00.000,18:00,37.37759776548873
2025-02-24 19:00:00.000,19:00,34.92999999993481
2025-02-24 20:00:00.000,20:00,32.25999999993947
2025-02-24 21:00:00.000,21:00,31.09000000008382
2025-02-24 22:00:00.000,22:00,30.489999999990687
2025-02-24 23:00:00.000,23:00,24.631111111129737
2025-02-25 00:00:00.000,00:00,24.57888888897271
2025-02-25 01:00:00.000,01:00,22.819999999832362
2025-02-25 02:00:00.000,02:00,23.800000000046566
2025-02-25 03:00:00.000,03:00,23.930000000121073
2025-02-25 04:00:00.000,04:00,23.019999999925496
2025-02-25 05:00:00.000,05:00,30.800000000046566
2025-02-25 06:00:00.000,06:00,31.44000000003725
2025-02-25 07:00:00.000,07:00,31.85999999996275
2025-02-25 08:00:00.000,08:00,24.420000000018625
2025-02-25 09:00:00.000,09:00,27.159999999962746
2025-02-25 10:00:00.000,10:00,28.240000000037256
2025-02-25 11:00:00.000,11:00,31.499999999953435
2025-02-25 12:00:00.000,12:00,32.18000000005122
2025-02-25 13:00:00.000,13:00,38.97999999988824
2025-02-25 14:00:00.000,14:00,43.50999999993947
2025-02-25 15:00:00.000,15:00,48.39000000001397
2025-02-25 16:00:00.000,16:00,48.3800000000745
2025-02-25 17:00:00.000,17:00,50.02999999995809
2025-02-25 18:00:00.000,18:00,46.87000000006519
2025-02-25 19:00:00.000,19:00,42.3
2025-02-25 20:00:00.000,20:00,41.22999999998137
2025-02-25 21:00:00.000,21:00,39.48999999992084
2025-02-25 22:00:00.000,22:00,39.94000000001397
2025-02-25 23:00:00.000,23:00,32.520000000065195
2025-02-26 00:00:00.000,00:00,34.41999999999534
2025-02-26 01:00:00.000,01:00,32.65000000009313
2025-02-26 02:00:00.000,02:00,33.879999999911526
2025-02-26 03:00:00.000,03:00,33.51999999999535
2025-02-26 04:00:00.000,04:00,33.89000000001397
2025-02-26 05:00:00.000,05:00,42.079999999934806
2025-02-26 06:00:00.000,06:00,43.96000000010245
2025-02-26 07:00:00.000,07:00,41.50000000004656
2025-02-26 08:00:00.000,08:00,39.75999999991618
2025-02-26 09:00:00.000,09:00,37.90000000004657
2025-02-26 10:00:00.000,10:00,34.77999999993481
2025-02-26 11:00:00.000,11:00,34.30000000002328
2025-02-26 12:00:00.000,12:00,35.80000000002328
2025-02-26 13:00:00.000,13:00,43.32999999991153
2025-02-26 14:00:00.000,14:00,44.37999999995809
2025-02-26 15:00:00.000,15:00,44.62000000004191
2025-02-26 16:00:00.000,16:00,45.46999999997206
2025-02-26 17:00:00.000,17:00,42.23000000014436
2025-02-26 18:00:00.000,18:00,44.51999999994878
2025-02-26 19:00:00.000,19:00,38.98999999992083
2025-02-26 20:00:00.000,20:00,37.76000000010245
2025-02-26 21:00:00.000,21:00,37.899999999976714
2025-02-26 22:00:00.000,22:00,38.22999999998137
2025-02-26 23:00:00.000,23:00,31.130000000004657
2025-02-27 00:00:00.000,00:00,32.81999999992549
2025-02-27 01:00:00.000,01:00,30.29000000015367
2025-02-27 02:00:00.000,02:00,31.179999999958092
2025-02-27 03:00:00.000,03:00,33.03999999987427
2025-02-27 04:00:00.000,04:00,32.63000000009779
2025-02-27 05:00:00.000,05:00,40.299999999953435
2025-02-27 06:00:00.000,06:00,43.13999999994412
2025-02-27 07:00:00.000,07:00,42.62000000011176
2025-02-27 08:00:00.000,08:00,40.71999999997206
2025-02-27 09:00:00.000,09:00,38.56000000000931
2025-02-27 10:00:00.000,10:00,34.45999999991618
2025-02-27 11:00:00.000,11:00,35.828888888900266
2025-02-27 12:00:00.000,12:00,34.891111111118356
2025-02-27 13:00:00.000,13:00,44.48000000009779
2025-02-27 14:00:00.000,14:00,44.84999999995344
2025-02-27 15:00:00.000,15:00,44.38000000002794
2025-02-27 16:00:00.000,16:00,42.70999999998603
2025-02-27 17:00:00.000,17:00,42.60000000009313
2025-02-27 18:00:00.000,18:00,44.71999999987893
2025-02-27 19:00:00.000,19:00,40.190000000060536
2025-02-27 20:00:00.000,20:00,38.189999999874274
2025-02-27 21:00:00.000,21:00,34.59000000001397
2025-02-27 22:00:00.000,22:00,36.07000000006519
2025-02-27 23:00:00.000,23:00,29.102500000060537
2025-02-28 00:00:00.000,00:00,30.237500000046566
2025-02-28 01:00:00.000,01:00,28.529999999981374
2025-02-28 02:00:00.000,02:00,30.399999999930152
2025-02-28 03:00:00.000,03:00,31.950000000000003
2025-02-28 04:00:00.000,04:00,32.35999999993946
2025-02-28 05:00:00.000,05:00,40.06000000010245
2025-02-28 06:00:00.000,06:00,43.240000000037256
2025-02-28 07:00:00.000,07:00,40.97999999993481
2025-02-28 08:00:00.000,08:00,36.21999999997206
2025-02-28 09:00:00.000,09:00,35.259999999962744
2025-02-28 10:00:00.000,10:00,33.34000000003725
2025-02-28 11:00:00.000,11:00,34.12000000004191
2025-02-28 12:00:00.000,12:00,36.64999999993015
2025-02-28 13:00:00.000,13:00,45.81999999997206
2025-02-28 14:00:00.000,14:00,45.920000000018625
2025-02-28 15:00:00.000,15:00,46.43000000009779
2025-02-28 16:00:00.000,16:00,46.04999999995343
2025-02-28 17:00:00.000,17:00,45.15999999991618
2025-02-28 18:00:00.000,18:00,44.29000000013039
2025-02-28 19:00:00.000,19:00,39.8
2025-02-28 20:00:00.000,20:00,38.29999999988358
2025-02-28 21:00:00.000,21:00,37.11999999997206
2025-02-28 22:00:00.000,22:00,37.51000000007916
2025-02-28 23:00:00.000,23:00,37.85250000009546
2025-03-01 00:00:00.000,00:00,33.78749999996508
2025-03-01 01:00:00.000,01:00,32.800000000046566
2025-03-01 02:00:00.000,02:00,33.98999999999069
2025-03-01 03:00:00.000,03:00,34.58999999987427
2025-03-01 04:00:00.000,04:00,34.310000000125726
2025-03-01 05:00:00.000,05:00,41.37999999984167
2025-03-01 06:00:00.000,06:00,44.079999999981375
2025-03-01 07:00:00.000,07:00,43.080000000074506
2025-03-01 08:00:00.000,08:00,36.15999999996275
2025-03-01 09:00:00.000,09:00,38.7
2025-03-01 10:00:00.000,10:00,40.88000000007451
2025-03-01 11:00:00.000,11:00,40.27999999988824
2025-03-01 12:00:00.000,12:00,42.0100000000326
2025-03-01 13:00:00.000,13:00,48.460000000009316
2025-03-01 14:00:00.000,14:00,47.920000000018625
2025-03-01 15:00:00.000,15:00,48.199999999953434
2025-03-01 16:00:00.000,16:00,49.0400000001071
2025-03-01 17:00:00.000,17:00,49.6599999998929
2025-03-01 18:00:00.000,18:00,49.680000000144354
2025-03-01 19:00:00.000,19:00,42.359999999869615
2025-03-01 20:00:00.000,20:00,41.61999999997206
2025-03-01 21:00:00.000,21:00,39.300000000046566
2025-03-01 22:00:00.000,22:00,39.46000000012573
2025-03-01 23:00:00.000,23:00,39.73999999999069
2025-03-02 00:00:00.000,00:00,34.669999999878925
2025-03-02 01:00:00.000,01:00,33.70999999996275
2025-03-02 02:00:00.000,02:00,35.08000000009779
2025-03-02 03:00:00.000,03:00,35.509999999986036
2025-03-02 04:00:00.000,04:00,34.90000000002328
2025-03-02 05:00:00.000,05:00,43.300000000046566
2025-03-02 06:00:00.000,06:00,45
2025-03-02 07:00:00.000,07:00,42.079999999841675
2025-03-02 08:00:00.000,08:00,36.44000000003725
2025-03-02 09:00:00.000,09:00,37.8000000001397
2025-03-02 10:00:00.000,10:00,35.73999999994412
2025-03-02 11:00:00.000,11:00,36.09000000003725
2025-03-02 12:00:00.000,12:00,38.01999999997206
2025-03-02 13:00:00.000,13:00,48.97999999995809
2025-03-02 14:00:00.000,14:00,47.31999999992549
2025-03-02 15:00:00.000,15:00,45.7200000000652
2025-03-02 16:00:00.000,16:00,45.30999999996274
2025-03-02 17:00:00.000,17:00,47.140000000130385
2025-03-02 18:00:00.000,18:00,45.65999999991618
2025-03-02 19:00:00.000,19:00,40.059999999939464
2025-03-02 20:00:00.000,20:00,37.59000000001397
2025-03-02 21:00:00.000,21:00,36.90000000006985
2025-03-02 22:00:00.000,22:00,38.869999999948774
2025-03-02 23:00:00.000,23:00,38.51000000003842
2025-03-03 00:00:00.000,00:00,33.78999999996158
2025-03-03 01:00:00.000,01:00,32.65000000006985
2025-03-03 02:00:00.000,02:00,33.55999999986962
2025-03-03 03:00:00.000,03:00,34.5
2025-03-03 04:00:00.000,04:00,33.21000000005588
2025-03-03 05:00:00.000,05:00,41.50000000004656
2025-03-03 06:00:00.000,06:00,43.460000000009316
2025-03-03 07:00:00.000,07:00,40.68000000002794
2025-03-03 08:00:00.000,08:00,37.33999999989756
2025-03-03 09:00:00.000,09:00,36.88000000012107
2025-03-03 10:00:00.000,10:00,36.48000000002794
2025-03-03 11:00:00.000,11:00,36.1999999998603
2025-03-03 12:00:00.000,12:00,36.58000000009779
2025-03-03 13:00:00.000,13:00,42.049999999953435
2025-03-03 14:00:00.000,14:00,41.68999999994412
2025-03-03 15:00:00.000,15:00,41.13000000005122
2025-03-03 16:00:00.000,16:00,39.57000000006519
2025-03-03 17:00:00.000,17:00,38.859999999869615
2025-03-03 18:00:00.000,18:00,37.26000000010245
2025-03-03 19:00:00.000,19:00,36.15
2025-03-03 20:00:00.000,20:00,34.85000000002328
2025-03-03 21:00:00.000,21:00,33.309999999892895
2025-03-03 22:00:00.000,22:00,33.4000000001397
2025-03-03 23:00:00.000,23:00,32.69999999987194
2025-03-04 00:00:00.000,00:00,28.4700000001234
2025-03-04 01:00:00.000,01:00,27.480000000004658
2025-03-04 02:00:00.000,02:00,28.91999999990221
2025-03-04 03:00:00.000,03:00,29.21999999997206
2025-03-04 04:00:00.000,04:00,28.19999999997672
2025-03-04 05:00:00.000,05:00,37.6
2025-03-04 06:00:00.000,06:00,38.320000000111754
2025-03-04 07:00:00.000,07:00,31.86000000000931
2025-03-04 08:00:00.000,08:00,30.939999999897555
2025-03-04 09:00:00.000,09:00,31.14000000008382
2025-03-04 10:00:00.000,10:00,30.519999999878927
2025-03-04 11:00:00.000,11:00,29.98909090915695
2025-03-04 12:00:00.000,12:00,28.91090909098275
2025-03-04 13:00:00.000,13:00,36.080000000027944
2025-03-04 14:00:00.000,14:00,36.089999999944126
2025-03-04 15:00:00.000,15:00,36.05000000002328
2025-03-04 16:00:00.000,16:00,37.3600000000326
2025-03-04 17:00:00.000,17:00,36.00999999984633
2025-03-04 18:00:00.000,18:00,32.939999999967405
2025-03-04 19:00:00.000,19:00,31.110000000125726
2025-03-04 20:00:00.000,20:00,31.069999999902212
2025-03-04 21:00:00.000,21:00,28.87000000011176
2025-03-04 22:00:00.000,22:00,28.989999999920837
2025-03-04 23:00:00.000,23:00,28.047500000084984
2025-03-05 00:00:00.000,00:00,22.392500000022117
2025-03-05 01:00:00.000,01:00,21.90999999991618
2025-03-05 02:00:00.000,02:00,22.100000000093132
2025-03-05 03:00:00.000,03:00,22.489999999990687
2025-03-05 04:00:00.000,04:00,24.38999999985099
2025-03-05 05:00:00.000,05:00,31.56000000010245
2025-03-05 06:00:00.000,06:00,33.78000000002794
2025-03-05 07:00:00.000,07:00,30.240000000037256
2025-03-05 08:00:00.000,08:00,29.91999999997206
2025-03-05 09:00:00.000,09:00,29.49999999995343
2025-03-05 10:00:00.000,10:00,26.91999999997206
2025-03-05 11:00:00.000,11:00,27.73777777781296
2025-03-05 12:00:00.000,12:00,27.63222222218238
2025-03-05 13:00:00.000,13:00,34.24000000006053
2025-03-05 14:00:00.000,14:00,35.53999999987427
2025-03-05 15:00:00.000,15:00,30.540000000060537
2025-03-05 16:00:00.000,16:00,30.180000000004657
2025-03-05 17:00:00.000,17:00,29.920000000018625
2025-03-05 18:00:00.000,18:00,29.800000000046566
2025-03-05 19:00:00.000,19:00,28.519999999948777
2025-03-05 20:00:00.000,20:00,26.96999999997206
2025-03-05 21:00:00.000,21:00,26.310000000079164
2025-03-05 22:00:00.000,22:00,27.049999999953435
2025-03-05 23:00:00.000,23:00,25.95749999990803
2025-03-06 00:00:00.000,00:00,20.52250000011991
2025-03-06 01:00:00.000,01:00,18.749999999976716
2025-03-06 02:00:00.000,02:00,19.45999999998603
2025-03-06 03:00:00.000,03:00,19.510000000009313
2025-03-06 04:00:00.000,04:00,20.92000000004191
2025-03-06 05:00:00.000,05:00,27.040000000037253
2025-03-06 06:00:00.000,06:00,29.5999999998603
2025-03-06 07:00:00.000,07:00,24.320000000018627
2025-03-06 08:00:00.000,08:00,21.920000000018625
2025-03-06 09:00:00.000,09:00,22.00000000009313
2025-03-06 10:00:00.000,10:00,21.079999999981375
2025-03-06 11:00:00.000,11:00,19.528888888889924
2025-03-06 12:00:00.000,12:00,20.94111111103557
2025-03-06 13:00:00.000,13:00,29.399999999953433
2025-03-06 14:00:00.000,14:00,30.860000000032596
2025-03-06 15:00:00.000,15:00,30.31999999997206
2025-03-06 16:00:00.000,16:00,30.789999999967403
2025-03-06 17:00:00.000,17:00,30.91000000005588
2025-03-06 18:00:00.000,18:00,29.61999999997206
2025-03-06 19:00:00.000,19:00,27.920000000018625
2025-03-06 20:00:00.000,20:00,25.980000000074508
2025-03-06 21:00:00.000,21:00,24.05999999998603
2025-03-06 22:00:00.000,22:00,24.180000000004657
2025-03-06 23:00:00.000,23:00,23.292499999940627
2025-03-07 00:00:00.000,00:00,17.557499999989524
2025-03-07 01:00:00.000,01:00,16.790000000060537
2025-03-07 02:00:00.000,02:00,17.45999999991618
2025-03-07 03:00:00.000,03:00,16.840000000107104
2025-03-07 04:00:00.000,04:00,16.3099999998929
2025-03-07 05:00:00.000,05:00,24.300000000093135
2025-03-07 06:00:00.000,06:00,26.37999999988824
2025-03-07 07:00:00.000,07:00,21.480000000074504
2025-03-07 08:00:00.000,08:00,18.21999999997206
2025-03-07 09:00:00.000,09:00,18.140000000037254
2025-03-07 10:00:00.000,10:00,19.26000000005588
2025-03-07 11:00:00.000,11:00,18.519999999972057
2025-03-07 12:00:00.000,12:00,20.740000000013968
2025-03-07 13:00:00.000,13:00,29.669999999995344
2025-03-07 14:00:00.000,14:00,29.1099999998929
2025-03-07 15:00:00.000,15:00,29.770000000018626
2025-03-07 16:00:00.000,16:00,28.79000000001397
2025-03-07 17:00:00.000,17:00,29.240000000060537
2025-03-07 18:00:00.000,18:00,27.980000000004654
2025-03-07 19:00:00.000,19:00,28.199999999953434
2025-03-07 20:00:00.000,20:00,25.310000000079164
2025-03-07 21:00:00.000,21:00,23.819999999995343
2025-03-07 22:00:00.000,22:00,24.549999999953435
2025-03-07 23:00:00.000,23:00,25.33750000006985
2025-03-08 00:00:00.000,00:00,17.662500000023282
2025-03-08 01:00:00.000,01:00,16.619999999855644
2025-03-08 02:00:00.000,02:00,16.910000000125727
2025-03-08 03:00:00.000,03:00,16.6099999998929
2025-03-08 04:00:00.000,04:00,16.839999999967404
2025-03-08 05:00:00.000,05:00,23.739999999990687
2025-03-08 06:00:00.000,06:00,26.76000000005588
2025-03-08 07:00:00.000,07:00,21.839999999990685
2025-03-08 08:00:00.000,08:00,18.84000000008382
2025-03-08 09:00:00.000,09:00,19.09999999990687
2025-03-08 10:00:00.000,10:00,21.059999999962745
2025-03-08 11:00:00.000,11:00,21.340000000130384
2025-03-08 12:00:00.000,12:00,23.01999999994878
2025-03-08 13:00:00.000,13:00,30.00999999991618
2025-03-08 14:00:00.000,14:00,29.9000000001397
2025-03-08 15:00:00.000,15:00,30.180000000004657
2025-03-08 16:00:00.000,16:00,29.759999999939463
2025-03-08 17:00:00.000,17:00,30.180000000074507
2025-03-08 18:00:00.000,18:00,29.819999999925493
2025-03-08 19:00:00.000,19:00,29.200000000023284
2025-03-08 20:00:00.000,20:00,26.010000000032598
2025-03-08 21:00:00.000,21:00,23.549999999906866
2025-03-08 22:00:00.000,22:00,23.229999999981374
2025-03-08 23:00:00.000,23:00,23.305000000051223
2025-03-09 00:00:00.000,00:00,16.774999999953433
2025-03-09 01:00:00.000,01:00,16.249999999953435
2025-03-09 02:00:00.000,02:00,15.910000000125729
2025-03-09 03:00:00.000,03:00,15.57999999988824
2025-03-09 04:00:00.000,04:00,15.020000000041911
2025-03-09 05:00:00.000,05:00,22.720000000018626
2025-03-09 06:00:00.000,06:00,24
2025-03-09 07:00:00.000,07:00,20.160000000009315
2025-03-09 08:00:00.000,08:00,16.120000000065193
2025-03-09 09:00:00.000,09:00,16.539999999897553
2025-03-09 10:00:00.000,10:00,17.139999999990685
2025-03-09 11:00:00.000,11:00,17.640000000037254
2025-03-09 12:00:00.000,12:00,21.57999999995809
2025-03-09 13:00:00.000,13:00,24.070000000065193
2025-03-09 14:00:00.000,14:00,24.41999999990221
2025-03-09 15:00:00.000,15:00,27.96000000012573
2025-03-09 16:00:00.000,16:00,27.15999999991618
2025-03-09 17:00:00.000,17:00,28.86000000007916
2025-03-09 18:00:00.000,18:00,26.3099999998929
2025-03-09 19:00:00.000,19:00,26.530000000144355
2025-03-09 20:00:00.000,20:00,25.05999999998603
2025-03-09 21:00:00.000,21:00,25.069999999902212
2025-03-09 22:00:00.000,22:00,25.040000000107103
2025-03-09 23:00:00.000,23:00,25.034999999951104
2025-03-10 00:00:00.000,00:00,19.272999999967872
2025-03-10 01:00:00.000,01:00,19.03199999997858
2025-03-10 02:00:00.000,02:00,19.209999999962747
2025-03-10 03:00:00.000,03:00,19.519999999995346
2025-03-10 04:00:00.000,04:00,19.09000000008382
2025-03-10 05:00:00.000,05:00,27.66000000005588
2025-03-10 06:00:00.000,06:00,30.38000000002794
2025-03-10 07:00:00.000,07:00,26.09999999990687
2025-03-10 08:00:00.000,08:00,20.819999999925493
2025-03-10 09:00:00.000,09:00,20.200000000093134
2025-03-10 10:00:00.000,10:00,18.539999999990687
2025-03-10 11:00:00.000,11:00,19.28000000002794
2025-03-10 12:00:00.000,12:00,18.929090909016402
2025-03-10 13:00:00.000,13:00,19.460909090974283
2025-03-10 14:00:00.000,14:00,27.65999999991618
2025-03-10 15:00:00.000,15:00,27.010000000079163
2025-03-10 16:00:00.000,16:00,26.07999999998137
2025-03-10 17:00:00.000,17:00,26.589999999944123
2025-03-10 18:00:00.000,18:00,25.80000000009313
2025-03-10 19:00:00.000,19:00,26.83000000002794
2025-03-10 20:00:00.000,20:00,24.819999999925493
2025-03-10 21:00:00.000,21:00,25.010000000079163
2025-03-10 22:00:00.000,22:00,25.539999999874272
2025-03-10 23:00:00.000,23:00,25.064999999979044
2025-03-11 00:00:00.000,00:00,26.065000000072178
2025-03-11 01:00:00.000,01:00,26.340000000060535
2025-03-11 02:00:00.000,02:00,26.28000000002794
2025-03-11 03:00:00.000,03:00,20.709999999869616
2025-03-11 04:00:00.000,04:00,20.309999999986033
2025-03-11 05:00:00.000,05:00,27.14000000008382
2025-03-11 06:00:00.000,06:00,29.320000000065193
2025-03-11 07:00:00.000,07:00,23.899999999860302
2025-03-11 08:00:00.000,08:00,19.84000000003725
2025-03-11 09:00:00.000,09:00,19.820000000065193
2025-03-11 10:00:00.000,10:00,18.93999999999069
2025-03-11 11:00:00.000,11:00,18.44000000001397
2025-03-11 12:00:00.000,12:00,19.03000000002794
2025-03-11 13:00:00.000,13:00,19.21999999994878
2025-03-11 14:00:00.000,14:00,28.54999999995343
2025-03-11 15:00:00.000,15:00,26.800000000046566
2025-03-11 16:00:00.000,16:00,26.8099999998929
2025-03-11 17:00:00.000,17:00,28.700000000116415
2025-03-11 18:00:00.000,18:00,29.359999999916184
2025-03-11 19:00:00.000,19:00,27.06000000000931
2025-03-11 20:00:00.000,20:00,24.99000000008382
2025-03-11 21:00:00.000,21:00,25.739999999990687
2025-03-11 22:00:00.000,22:00,25.62999999995809
2025-03-11 23:00:00.000,23:00,25.230000000074504
2025-03-12 00:00:00.000,00:00,20.060000000009314
2025-03-12 01:00:00.000,01:00,19.919999999925494
2025-03-12 02:00:00.000,02:00,18.340000000037254
2025-03-12 03:00:00.000,03:00,19.250000000046565
2025-03-12 04:00:00.000,04:00,19.109999999892896
2025-03-12 05:00:00.000,05:00,26.520000000065195
2025-03-12 06:00:00.000,06:00,28.9999999998603
2025-03-12 07:00:00.000,07:00,25.080000000074506
2025-03-12 08:00:00.000,08:00,19.9
2025-03-12 09:00:00.000,09:00,20.7
2025-03-12 10:00:00.000,10:00,19.360000000102445
2025-03-12 11:00:00.000,11:00,20.450909090744837
2025-03-12 12:00:00.000,12:00,21.439090909199283
2025-03-12 13:00:00.000,13:00,21.899999999906868
2025-03-12 14:00:00.000,14:00,30.190000000083817
2025-03-12 15:00:00.000,15:00,29.85999999991618
2025-03-12 16:00:00.000,16:00,33.60000000009313
2025-03-12 17:00:00.000,17:00,31.360000000032596
2025-03-12 18:00:00.000,18:00,30.72999999995809
2025-03-12 19:00:00.000,19:00,34.439999999967405
2025-03-12 20:00:00.000,20:00,32.66999999999534
2025-03-12 21:00:00.000,21:00,33.11999999997206
2025-03-12 22:00:00.000,22:00,31.88000000002794
2025-03-12 23:00:00.000,23:00,32.87000000003027
2025-03-13 00:00:00.000,00:00,32.16999999993713
2025-03-13 01:00:00.000,01:00,32.249999999976716
2025-03-13 02:00:00.000,02:00,27.1
2025-03-13 03:00:00.000,03:00,26.310000000032595
2025-03-13 04:00:00.000,04:00,25.820000000041908
2025-03-13 05:00:00.000,05:00,35.2800000000745
2025-03-13 06:00:00.000,06:00,37.42000000001863
2025-03-13 07:00:00.000,07:00,34.359999999962746
2025-03-13 08:00:00.000,08:00,29.619999999925493
2025-03-13 09:00:00.000,09:00,30.260000000009313
2025-03-13 10:00:00.000,10:00,31.48000000002794
2025-03-13 11:00:00.000,11:00,30.491111111154574
2025-03-13 12:00:00.000,12:00,27.358888888775578
2025-03-13 13:00:00.000,13:00,28.87000000011176
2025-03-13 14:00:00.000,14:00,35.88999999987427
2025-03-13 15:00:00.000,15:00,36.29000000013039
2025-03-13 16:00:00.000,16:00,35.77999999993481
2025-03-13 17:00:00.000,17:00,34.92999999993481
2025-03-13 18:00:00.000,18:00,33.53000000002794
2025-03-13 19:00:00.000,19:00,34.490000000083825
2025-03-13 20:00:00.000,20:00,34.869999999948774
2025-03-13 21:00:00.000,21:00,34.5
2025-03-13 22:00:00.000,22:00,34.3600000000326
2025-03-13 23:00:00.000,23:00,34.45749999987893
2025-03-14 00:00:00.000,00:00,29.542500000004658
2025-03-14 01:00:00.000,01:00,29.74000000017695
2025-03-14 02:00:00.000,02:00,29.90999999991618
2025-03-14 03:00:00.000,03:00,29.379999999911526
2025-03-14 04:00:00.000,04:00,30.59000000017695
2025-03-14 05:00:00.000,05:00,37.99999999995343
2025-03-14 06:00:00.000,06:00,40.240000000037256
2025-03-14 07:00:00.000,07:00,35.239999999897556
2025-03-14 08:00:00.000,08:00,31.83999999994412
2025-03-14 09:00:00.000,09:00,31.700000000000003
2025-03-14 10:00:00.000,10:00,27.4
2025-03-14 11:00:00.000,11:00,27.320000000018627
2025-03-14 12:00:00.000,12:00,26.809999999962745
2025-03-14 13:00:00.000,13:00,28.39000000015367
2025-03-14 14:00:00.000,14:00,36.98999999992084
2025-03-14 15:00:00.000,15:00,35.72000000006519
2025-03-14 16:00:00.000,16:00,35.7
2025-03-14 17:00:00.000,17:00,36.34999999995344
2025-03-14 18:00:00.000,18:00,37.66999999997206
2025-03-14 19:00:00.000,19:00,37.28000000007451
2025-03-14 20:00:00.000,20:00,36.23999999999069
2025-03-14 21:00:00.000,21:00,35.61000000000931
2025-03-14 22:00:00.000,22:00,34.77000000001863
2025-03-14 23:00:00.000,23:00,34.667499999934805
2025-03-15 00:00:00.000,00:00,28.79249999995809
2025-03-15 01:00:00.000,01:00,27.729999999958093
2025-03-15 02:00:00.000,02:00,28.55000000009313
2025-03-15 03:00:00.000,03:00,28.439999999897555
2025-03-15 04:00:00.000,04:00,28.69000000017695
2025-03-15 05:00:00.000,05:00,35.91999999997206
2025-03-15 06:00:00.000,06:00,38.81999999992549
2025-03-15 07:00:00.000,07:00,34.18000000002794
2025-03-15 08:00:00.000,08:00,30.339999999897554
2025-03-15 09:00:00.000,09:00,31.14000000017695
2025-03-15 10:00:00.000,10:00,34.31999999997206
2025-03-15 11:00:00.000,11:00,46.86999999987893
2025-03-15 12:00:00.000,12:00,49.810000000079164
2025-03-15 13:00:00.000,13:00,46.13999999992084
2025-03-15 14:00:00.000,14:00,48.68000000005122
2025-03-15 15:00:00.000,15:00,51.8400000001071
2025-03-15 16:00:00.000,16:00,50.72999999995809
2025-03-15 17:00:00.000,17:00,51.359999999869615
2025-03-15 18:00:00.000,18:00,53.63000000009779
2025-03-15 19:00:00.000,19:00,54.13000000007451
2025-03-15 20:00:00.000,20:00,45.369999999902205
2025-03-15 21:00:00.000,21:00,41.239999999944125
2025-03-15 22:00:00.000,22:00,40.47000000004191
2025-03-15 23:00:00.000,23:00,38.8575000000943
2025-03-16 00:00:00.000,00:00,30.432499999849824
2025-03-16 01:00:00.000,01:00,27.720000000158326
2025-03-16 02:00:00.000,02:00,28.089999999874273
2025-03-16 03:00:00.000,03:00,29.260000000032598
2025-03-16 04:00:00.000,04:00,28.570000000065193
2025-03-16 05:00:00.000,05:00,36.799999999906866
2025-03-16 06:00:00.000,06:00,38.90000000009313
2025-03-16 07:00:00.000,07:00,35.419999999925494
2025-03-16 08:00:00.000,08:00,31.78000000007451
2025-03-16 09:00:00.000,09:00,32.65999999996275
2025-03-16 10:00:00.000,10:00,35.579999999981375
2025-03-16 11:00:00.000,11:00,44.29090909090062
2025-03-16 12:00:00.000,12:00,46.38909090903419
2025-03-16 13:00:00.000,13:00,51.400000000069845
2025-03-16 14:00:00.000,14:00,51.28999999996741
2025-03-16 15:00:00.000,15:00,50.869999999948774
2025-03-16 16:00:00.000,16:00,51.17000000004191
2025-03-16 17:00:00.000,17:00,48.05000000002328
2025-03-16 18:00:00.000,18:00,40.780000000051224
2025-03-16 19:00:00.000,19:00,42.15
2025-03-16 20:00:00.000,20:00,39.89999999997672
2025-03-16 21:00:00.000,21:00,40.42999999993481
2025-03-16 22:00:00.000,22:00,40.69000000008382
2025-03-16 23:00:00.000,23:00,40.62749999989755
2025-03-17 00:00:00.000,00:00,34.4525000001071
2025-03-17 01:00:00.000,01:00,34.48999999992084
2025-03-17 02:00:00.000,02:00,34.2600000000326
2025-03-17 03:00:00.000,03:00,34.27000000004191
2025-03-17 04:00:00.000,04:00,33.029999999911524
2025-03-17 05:00:00.000,05:00,41.12000000011176
2025-03-17 06:00:00.000,06:00,42.95999999996275
2025-03-17 07:00:00.000,07:00,38.739999999944125
2025-03-17 08:00:00.000,08:00,34.40000000004656
2025-03-17 09:00:00.000,09:00,36.200000000046565
2025-03-17 10:00:00.000,10:00,44.99999999990686
2025-03-17 11:00:00.000,11:00,35.97636363642206
2025-03-17 12:00:00.000,12:00,32.26363636352207
2025-03-17 13:00:00.000,13:00,30.190000000153667
2025-03-17 14:00:00.000,14:00,39.33999999992084
2025-03-17 15:00:00.000,15:00,37.180000000004654
2025-03-17 16:00:00.000,16:00,36.07000000006519
2025-03-17 17:00:00.000,17:00,37.22999999998137
2025-03-17 18:00:00.000,18:00,35.98999999992084
2025-03-17 19:00:00.000,19:00,36.699999999953434
2025-03-17 20:00:00.000,20:00,36.330000000074506
2025-03-17 21:00:00.000,21:00,36.199999999953434
2025-03-17 22:00:00.000,22:00,36.38000000002794
2025-03-17 23:00:00.000,23:00,36.190000000078
2025-03-18 00:00:00.000,00:00,36.740000000043075
2025-03-18 01:00:00.000,01:00,36.349999999837024
2025-03-18 02:00:00.000,02:00,36.61000000007916
2025-03-18 03:00:00.000,03:00,30.45999999991618
2025-03-18 04:00:00.000,04:00,30.260000000055882
2025-03-18 05:00:00.000,05:00,37.27999999998138
2025-03-18 06:00:00.000,06:00,39.61999999997206
2025-03-18 07:00:00.000,07:00,33.140000000037254
2025-03-18 08:00:00.000,08:00,32
2025-03-18 09:00:00.000,09:00,28.84000000008382
2025-03-18 10:00:00.000,10:00,26.51999999997206
2025-03-18 11:00:00.000,11:00,25.439999999897555
2025-03-18 12:00:00.000,12:00,26.650000000046564
2025-03-18 13:00:00.000,13:00,24.920000000065194
2025-03-18 14:00:00.000,14:00,31.739999999990687
2025-03-18 15:00:00.000,15:00,33.699999999953434
2025-03-18 16:00:00.000,16:00,38.73999999999069
2025-03-18 17:00:00.000,17:00,38.35000000006985
2025-03-18 18:00:00.000,18:00,37.68000000000466
2025-03-18 19:00:00.000,19:00,36.87999999998137
2025-03-18 20:00:00.000,20:00,33.420000000018625
2025-03-18 21:00:00.000,21:00,35.03999999994412
2025-03-18 22:00:00.000,22:00,34.1399999999674
2025-03-18 23:00:00.000,23:00,28.51750000001048
2025-03-19 00:00:00.000,00:00,21.892500000045402
2025-03-19 01:00:00.000,01:00,22.519999999995346
2025-03-19 02:00:00.000,02:00,21.709999999962747
2025-03-19 03:00:00.000,03:00,22.95
2025-03-19 04:00:00.000,04:00,23.450000000093134
2025-03-19 05:00:00.000,05:00,30.919999999972063
2025-03-19 06:00:00.000,06:00,31.65999999991618
2025-03-19 07:00:00.000,07:00,24.040000000130387
2025-03-19 08:00:00.000,08:00,22.57999999988824
2025-03-19 09:00:00.000,09:00,20.420000000018625
2025-03-19 10:00:00.000,10:00,19.35999999996275
2025-03-19 11:00:00.000,11:00,20.220000000111757
2025-03-19 12:00:00.000,12:00,21.230000000004654
2025-03-19 13:00:00.000,13:00,21.180000000004657
2025-03-19 14:00:00.000,14:00,28.85999999991618
2025-03-19 15:00:00.000,15:00,28.199999999953434
2025-03-19 16:00:00.000,16:00,25.870000000065193
2025-03-19 17:00:00.000,17:00,25.429999999981373
2025-03-19 18:00:00.000,18:00,28.96999999997206
2025-03-19 19:00:00.000,19:00,27.780000000051224
2025-03-19 20:00:00.000,20:00,25.929999999934807
2025-03-19 21:00:00.000,21:00,25.59000000001397
2025-03-19 22:00:00.000,22:00,25.57999999998137
2025-03-19 23:00:00.000,23:00,25.707500000012807
2025-03-20 00:00:00.000,00:00,26.442500000010476
2025-03-20 01:00:00.000,01:00,27.259999999962748
2025-03-20 02:00:00.000,02:00,27.75000000004657
2025-03-20 03:00:00.000,03:00,20.129999999981376
2025-03-20 04:00:00.000,04:00,19.770000000088476
2025-03-20 05:00:00.000,05:00,27.48000000002794
2025-03-20 06:00:00.000,06:00,28.27999999993481
2025-03-20 07:00:00.000,07:00,23.320000000018627
2025-03-20 08:00:00.000,08:00,21.179999999981373
2025-03-20 09:00:00.000,09:00,20
2025-03-20 10:00:00.000,10:00,18.63999999994412
2025-03-20 11:00:00.000,11:00,20.54000000008382
2025-03-20 12:00:00.000,12:00,19.00000000002328
2025-03-20 13:00:00.000,13:00,20.12999999988824
2025-03-20 14:00:00.000,14:00,28.08000000002794
2025-03-20 15:00:00.000,15:00,27.759999999939463
2025-03-20 16:00:00.000,16:00,27.700000000186265
2025-03-20 17:00:00.000,17:00,28.039999999874272
2025-03-20 18:00:00.000,18:00,31.170000000018625
2025-03-20 19:00:00.000,19:00,29.449999999953434
2025-03-20 20:00:00.000,20:00,25.729999999981374
2025-03-20 21:00:00.000,21:00,25.230000000144354
2025-03-20 22:00:00.000,22:00,25.199999999953434
2025-03-20 23:00:00.000,23:00,24.729999999940627
2025-03-21 00:00:00.000,00:00,18.500000000133877
2025-03-21 01:00:00.000,01:00,19.23999999994412
2025-03-21 02:00:00.000,02:00,17.85999999991618
2025-03-21 03:00:00.000,03:00,17.58000000009779
2025-03-21 04:00:00.000,04:00,18.1399999999674
2025-03-21 05:00:00.000,05:00,26.13999999994412
2025-03-21 06:00:00.000,06:00,26.140000000083816
2025-03-21 07:00:00.000,07:00,24.379999999981372
2025-03-21 08:00:00.000,08:00,18.24222222226672
2025-03-21 09:00:00.000,09:00,18.53777777766809
2025-03-21 10:00:00.000,10:00,20.240000000037252
2025-03-21 11:00:00.000,11:00,19.479999999934808
2025-03-21 12:00:00.000,12:00,18.470000000111757
2025-03-21 13:00:00.000,13:00,19.899999999906868
2025-03-21 14:00:00.000,14:00,26.90999999998603
2025-03-21 15:00:00.000,15:00,28.31000000012573
2025-03-21 16:00:00.000,16:00,24.91999999990221
2025-03-21 17:00:00.000,17:00,24.20999999998603
2025-03-21 18:00:00.000,18:00,23.03000000002794
2025-03-21 19:00:00.000,19:00,25.46999999997206
2025-03-21 20:00:00.000,20:00,23.65
2025-03-21 21:00:00.000,21:00,23.519999999995346
2025-03-21 22:00:00.000,22:00,24.100000000023282
2025-03-21 23:00:00.000,23:00,22.95500000012107
2025-03-22 00:00:00.000,00:00,16.48499999991618
2025-03-22 01:00:00.000,01:00,17.160000000079165
2025-03-22 02:00:00.000,02:00,16.349999999906867
2025-03-22 03:00:00.000,03:00,15.980000000004658
2025-03-22 04:00:00.000,04:00,15.57272727274844
2025-03-22 05:00:00.000,05:00,22.667272727288815
2025-03-22 06:00:00.000,06:00,24.59999999990687
2025-03-22 07:00:00.000,07:00,21.540000000130384
2025-03-22 08:00:00.000,08:00,17.33999999994412
2025-03-22 09:00:00.000,09:00,24.179999999888242
2025-03-22 10:00:00.000,10:00,26.980000000121073
2025-03-22 11:00:00.000,11:00,36.60181818174791
2025-03-22 12:00:00.000,12:00,35.95818181823812
2025-03-22 13:00:00.000,13:00,39.300000000046566
2025-03-22 14:00:00.000,14:00,38.36999999987893
2025-03-22 15:00:00.000,15:00,39.01000000007916
2025-03-22 16:00:00.000,16:00,40.53000000002794
2025-03-22 17:00:00.000,17:00,38.189999999874274
2025-03-22 18:00:00.000,18:00,41.3800000000745
2025-03-22 19:00:00.000,19:00,45.780000000051224
2025-03-22 20:00:00.000,20:00,36.72999999993481
2025-03-22 21:00:00.000,21:00,35.40000000006985
2025-03-22 22:00:00.000,22:00,32.45999999996275
2025-03-22 23:00:00.000,23:00,-79.64106382972193
2025-03-23 00:00:00.000,00:00,-591.148936170292
2025-03-23 01:00:00.000,01:00,0
2025-03-23 02:00:00.000,02:00,0
2025-03-23 03:00:00.000,03:00,0
2025-03-23 04:00:00.000,04:00,0
2025-03-23 05:00:00.000,05:00,0
2025-03-23 06:00:00.000,06:00,0
2025-03-23 07:00:00.000,07:00,0
2025-03-23 08:00:00.000,08:00,0
2025-03-23 09:00:00.000,09:00,0
2025-03-23 10:00:00.000,10:00,0
2025-03-23 11:00:00.000,11:00,0
2025-03-23 12:00:00.000,12:00,0
2025-03-23 13:00:00.000,13:00,0
2025-03-23 14:00:00.000,14:00,0
2025-03-23 15:00:00.000,15:00,0
2025-03-23 16:00:00.000,16:00,0
2025-03-23 17:00:00.000,17:00,0
2025-03-23 18:00:00.000,18:00,0
2025-03-23 19:00:00.000,19:00,0
2025-03-23 20:00:00.000,20:00,0
2025-03-23 21:00:00.000,21:00,0
2025-03-23 22:00:00.000,22:00,0
2025-03-23 23:00:00.000,23:00,0
2025-03-24 00:00:00.000,00:00,70.10426540283771
2025-03-24 01:00:00.000,01:00,105.15639810425654
2025-03-24 02:00:00.000,02:00,105.15639810425654
2025-03-24 03:00:00.000,03:00,105.15639810425654
2025-03-24 04:00:00.000,04:00,105.15639810425654
2025-03-24 05:00:00.000,05:00,105.15639810425654
2025-03-24 06:00:00.000,06:00,105.15639810425654
2025-03-24 07:00:00.000,07:00,105.15639810425654
2025-03-24 08:00:00.000,08:00,105.15639810425654
2025-03-24 09:00:00.000,09:00,105.15639810425654
2025-03-24 10:00:00.000,10:00,368.45481832546284
2025-03-24 11:00:00.000,11:00,189.6433333333064
2025-03-24 12:00:00.000,12:00,17.760000000032598
2025-03-24 13:00:00.000,13:00,19.460000000009316
2025-03-24 14:00:00.000,14:00,26.37000000004191
2025-03-24 15:00:00.000,15:00,26.35999999991618
2025-03-24 16:00:00.000,16:00,25.520000000065195
2025-03-24 17:00:00.000,17:00,25.49999999995343
2025-03-24 18:00:00.000,18:00,27.419999999972063
2025-03-24 19:00:00.000,19:00,25.040000000037253
2025-03-24 20:00:00.000,20:00,23.980000000074504
2025-03-24 21:00:00.000,21:00,23.94000000003725
2025-03-24 22:00:00.000,22:00,24.04999999997672
2025-03-24 23:00:00.000,23:00,24.052499999967402
2025-03-25 00:00:00.000,00:00,17.447500000032598
2025-03-25 01:00:00.000,01:00,22.109999999892896
2025-03-25 02:00:00.000,02:00,17.70000000016298
2025-03-25 03:00:00.000,03:00,16.88999999992084
2025-03-25 04:00:00.000,04:00,16.66999999997206
2025-03-25 05:00:00.000,05:00,24.099999999953432
2025-03-25 06:00:00.000,06:00,25.5
2025-03-25 07:00:00.000,07:00,22.480000000074504
2025-03-25 08:00:00.000,08:00,17.359999999916184
2025-03-25 09:00:00.000,09:00,17.76000000005588
2025-03-25 10:00:00.000,10:00,18.979999999981374
2025-03-25 11:00:00.000,11:00,19.106666666652178
2025-03-25 12:00:00.000,12:00,18.943333333464235
2025-03-25 13:00:00.000,13:00,20.7999999998603
2025-03-25 14:00:00.000,14:00,28.630000000097787
2025-03-25 15:00:00.000,15:00,28.869999999948778
2025-03-25 16:00:00.000,16:00,28.240000000060537
2025-03-25 17:00:00.000,17:00,29.77999999988824
2025-03-25 18:00:00.000,18:00,29.970000000018626
2025-03-25 19:00:00.000,19:00,27.860000000009315
2025-03-25 20:00:00.000,20:00,23.96999999997206
2025-03-25 21:00:00.000,21:00,24.78000000009779
2025-03-25 22:00:00.000,22:00,24.12999999988824
2025-03-25 23:00:00.000,23:00,24.47250000006752
2025-03-26 00:00:00.000,00:00,17.007499999937135
2025-03-26 01:00:00.000,01:00,18.310000000032595
2025-03-26 02:00:00.000,02:00,17.469999999995345
2025-03-26 03:00:00.000,03:00,16.699999999953434
2025-03-26 04:00:00.000,04:00,16.69000000017695
2025-03-26 05:00:00.000,05:00,23.7499999998603
2025-03-26 06:00:00.000,06:00,26.18000000012107
2025-03-26 07:00:00.000,07:00,23.079999999841675
2025-03-26 08:00:00.000,08:00,17.600000000093132
2025-03-26 09:00:00.000,09:00,18.100000000093132
2025-03-26 10:00:00.000,10:00,17.959999999962747
2025-03-26 11:00:00.000,11:00,18.43999999997799
2025-03-26 12:00:00.000,12:00,17.699999999966135
2025-03-26 13:00:00.000,13:00,18.819999999972058
2025-03-26 14:00:00.000,14:00,28.14000000001397
2025-03-26 15:00:00.000,15:00,27.66000000007916
2025-03-26 16:00:00.000,16:00,26.94999999993015
2025-03-26 17:00:00.000,17:00,26.699999999953434
2025-03-26 18:00:00.000,18:00,26.96999999997206
2025-03-26 19:00:00.000,19:00,27.660000000032596
2025-03-26 20:00:00.000,20:00,23.970000000041907
2025-03-26 21:00:00.000,21:00,23.58999999994412
2025-03-26 22:00:00.000,22:00,23.820000000041908
2025-03-26 23:00:00.000,23:00,23.94499999997206
2025-03-27 00:00:00.000,00:00,24.174999999953435
2025-03-27 01:00:00.000,01:00,22.790000000176953
2025-03-27 02:00:00.000,02:00,17.21999999994878
2025-03-27 03:00:00.000,03:00,17.780000000051224
2025-03-27 04:00:00.000,04:00,17.628181818106466
2025-03-27 05:00:00.000,05:00,25.38181818176315
2025-03-27 06:00:00.000,06:00,25.439999999990686
2025-03-27 07:00:00.000,07:00,22.01999999997206
2025-03-27 08:00:00.000,08:00,18.940000000130382
2025-03-27 09:00:00.000,09:00,18.300000000046566
2025-03-27 10:00:00.000,10:00,19.519999999878927
2025-03-27 11:00:00.000,11:00,18.180000000074507
2025-03-27 12:00:00.000,12:00,17.22999999995809
2025-03-27 13:00:00.000,13:00,20.23000000002794
2025-03-27 14:00:00.000,14:00,28.29999999993015
2025-03-27 15:00:00.000,15:00,27.790000000130384
2025-03-27 16:00:00.000,16:00,28.93999999994412
2025-03-27 17:00:00.000,17:00,27.68999999994412
2025-03-27 18:00:00.000,18:00,25.319999999925496
2025-03-27 19:00:00.000,19:00,25.98000000012107
2025-03-27 20:00:00.000,20:00,24.559999999986033
2025-03-27 21:00:00.000,21:00,25.210000000032593
2025-03-27 22:00:00.000,22:00,25.3600000000326
2025-03-27 23:00:00.000,23:00,25.47749999986845
2025-03-28 00:00:00.000,00:00,19.572500000015133
2025-03-28 01:00:00.000,01:00,21.390000000130385
2025-03-28 02:00:00.000,02:00,20.119999999855647
2025-03-28 03:00:00.000,03:00,20.86000000012573
2025-03-28 04:00:00.000,04:00,22.097272727206686
2025-03-28 05:00:00.000,05:00,28.87272727267224
2025-03-28 06:00:00.000,06:00,29.100000000139698
2025-03-28 07:00:00.000,07:00,24.85999999982305
2025-03-28 08:00:00.000,08:00,22.5
2025-03-28 09:00:00.000,09:00,21.740000000037252
2025-03-28 10:00:00.000,10:00,22.460000000102447
2025-03-28 11:00:00.000,11:00,22.06727272729728
2025-03-28 12:00:00.000,12:00,24.182727272726
2025-03-28 13:00:00.000,13:00,21.549999999953435
2025-03-28 14:00:00.000,14:00,24.940000000060536
2025-03-28 15:00:00.000,15:00,30.15999999984633
2025-03-28 16:00:00.000,16:00,28.490000000153668
2025-03-28 17:00:00.000,17:00,25.879999999911526
2025-03-28 18:00:00.000,18:00,25.679999999958092
2025-03-28 19:00:00.000,19:00,27.82999999995809
2025-03-28 20:00:00.000,20:00,25.34000000008382
2025-03-28 21:00:00.000,21:00,26.210000000032593
2025-03-28 22:00:00.000,22:00,26.639999999967404
2025-03-28 23:00:00.000,23:00,26.144999999913853
2025-03-29 00:00:00.000,00:00,19.975000000128055
2025-03-29 01:00:00.000,01:00,21.88999999992084
2025-03-29 02:00:00.000,02:00,20.810000000032595
2025-03-29 03:00:00.000,03:00,20.580000000074506
2025-03-29 04:00:00.000,04:00,19.81545454535887
2025-03-29 05:00:00.000,05:00,28.614545454529367
2025-03-29 06:00:00.000,06:00,28.460000000055878
2025-03-29 07:00:00.000,07:00,26.35999999991618
2025-03-29 08:00:00.000,08:00,24.480000000121073
2025-03-29 09:00:00.000,09:00,24.0999999998603
2025-03-29 10:00:00.000,10:00,27.380000000074507
2025-03-29 11:00:00.000,11:00,39.480000000027935
2025-03-29 12:00:00.000,12:00,38.20999999996275
2025-03-29 13:00:00.000,13:00,40.3600000000326
2025-03-29 14:00:00.000,14:00,39.309999999892895
2025-03-29 15:00:00.000,15:00,41.53000000002794
2025-03-29 16:00:00.000,16:00,40.670000000158325
2025-03-29 17:00:00.000,17:00,40.829999999841675
2025-03-29 18:00:00.000,18:00,41.760000000102444
2025-03-29 19:00:00.000,19:00,40.91000000005588
2025-03-29 20:00:00.000,20:00,34.24999999981374
2025-03-29 21:00:00.000,21:00,29.580000000097787
2025-03-29 22:00:00.000,22:00,29.830000000074506
2025-03-29 23:00:00.000,23:00,28.539999999874272
2025-03-30 00:00:00.000,00:00,22.880000000051222
2025-03-30 00:00:00.000,00:00,21.650000000069852
2025-03-30 03:00:00.000,03:00,21.829999999841675
2025-03-30 04:00:00.000,04:00,20.36000000012573
2025-03-30 05:00:00.000,05:00,27.419999999995344
2025-03-30 06:00:00.000,06:00,28.63999999994412
2025-03-30 07:00:00.000,07:00,27.900000000046568
2025-03-30 08:00:00.000,08:00,25.68000000002794
2025-03-30 09:00:00.000,09:00,25.160000000009312
2025-03-30 10:00:00.000,10:00,26.859999999962746
2025-03-30 11:00:00.000,11:00,35.93999999999069
2025-03-30 12:00:00.000,12:00,40.55999999996275
2025-03-30 13:00:00.000,13:00,39.74000000003725
2025-03-30 14:00:00.000,14:00,39.399999999976714
2025-03-30 15:00:00.000,15:00,38.36000000003259
2025-03-30 16:00:00.000,16:00,38.250000000023284
2025-03-30 17:00:00.000,17:00,34.899999999976714
2025-03-30 18:00:00.000,18:00,26.319999999878927
2025-03-30 19:00:00.000,19:00,23.000000000186265
2025-03-30 20:00:00.000,20:00,26.159999999892896
2025-03-30 21:00:00.000,21:00,26.270000000018626
2025-03-30 22:00:00.000,22:00,25.940000000013967
2025-03-30 23:00:00.000,23:00,26.142499999981375
2025-03-31 00:00:00.000,00:00,19.287499999953436
2025-03-31 01:00:00.000,01:00,22.300000000046566
2025-03-31 02:00:00.000,02:00,20.5
2025-03-31 03:00:00.000,03:00,20.689999999967405
2025-03-31 04:00:00.000,04:00,21.680000000051223
2025-03-31 05:00:00.000,05:00,28.480000000074504
2025-03-31 06:00:00.000,06:00,30.13999999985099
2025-03-31 07:00:00.000,07:00,28.000000000046565
2025-03-31 08:00:00.000,08:00,24.900000000046568
2025-03-31 09:00:00.000,09:00,22.099999999906867
2025-03-31 10:00:00.000,10:00,21.3
2025-03-31 11:00:00.000,11:00,19.605454545510426
2025-03-31 12:00:00.000,12:00,19.80454545445232
2025-03-31 13:00:00.000,13:00,20.980000000121073
2025-03-31 14:00:00.000,14:00,30.599999999906867
2025-03-31 15:00:00.000,15:00,30.210000000032597
2025-03-31 16:00:00.000,16:00,28.630000000051222
2025-03-31 17:00:00.000,17:00,28.729999999981374
2025-03-31 18:00:00.000,18:00,29.669999999995344
2025-03-31 19:00:00.000,19:00,25.280000000004655
2025-03-31 20:00:00.000,20:00,24.459999999939466
2025-03-31 21:00:00.000,21:00,25.200000000023284
2025-03-31 22:00:00.000,22:00,25.43999999994412
2025-03-31 23:00:00.000,23:00,25.600000000174624
2025-04-01 00:00:00.000,00:00,18.81999999996042
2025-04-01 01:00:00.000,01:00,19.549999999883585
2025-04-01 02:00:00.000,02:00,20.15000000006985
2025-04-01 03:00:00.000,03:00,18.58000000009779
2025-04-01 04:00:00.000,04:00,18.46999999983236
2025-04-01 05:00:00.000,05:00,27.2
2025-04-01 06:00:00.000,06:00,27.680000000167638
2025-04-01 07:00:00.000,07:00,27.379999999841676
2025-04-01 08:00:00.000,08:00,23.320000000065193
2025-04-01 09:00:00.000,09:00,20.26000000005588
2025-04-01 10:00:00.000,10:00,19.11999999997206
2025-04-01 11:00:00.000,11:00,18.879999999934807
2025-04-01 12:00:00.000,12:00,19.13999999994412
2025-04-01 13:00:00.000,13:00,21.66000000007916
2025-04-01 14:00:00.000,14:00,26.749999999976716
2025-04-01 15:00:00.000,15:00,25.17000000008848
2025-04-01 16:00:00.000,16:00,27.07999999998137
2025-04-01 17:00:00.000,17:00,27.300000000046566
2025-04-01 18:00:00.000,18:00,24.719999999855645
2025-04-01 19:00:00.000,19:00,19.860000000032596
2025-04-01 20:00:00.000,20:00,23.97000000001863
2025-04-01 21:00:00.000,21:00,24.180000000074504
2025-04-01 22:00:00.000,22:00,24.52999999995809
2025-04-01 23:00:00.000,23:00,25.46750000002212
2025-04-02 00:00:00.000,00:00,17.592500000010478
2025-04-02 01:00:00.000,01:00,18.209999999939463
2025-04-02 02:00:00.000,02:00,19.31000000005588
2025-04-02 03:00:00.000,03:00,17.879999999911526
2025-04-02 04:00:00.000,04:00,18.447272727323103
2025-04-02 05:00:00.000,05:00,25.85272727270018
2025-04-02 06:00:00.000,06:00,26.980000000074504
2025-04-02 07:00:00.000,07:00,23.9999999998603
2025-04-02 08:00:00.000,08:00,20.36000000005588
2025-04-02 09:00:00.000,09:00,18.78000000002794
2025-04-02 10:00:00.000,10:00,19.819999999925493
2025-04-02 11:00:00.000,11:00,21.14000000008382
2025-04-02 12:00:00.000,12:00,21.780000000051224
2025-04-02 13:00:00.000,13:00,26.00999999984633
2025-04-02 14:00:00.000,14:00,34.35000000004656
2025-04-02 15:00:00.000,15:00,32.87999999998138
2025-04-02 16:00:00.000,16:00,31.09000000001397
2025-04-02 17:00:00.000,17:00,29.61999999997206
2025-04-02 18:00:00.000,18:00,32.71000000003259
2025-04-02 19:00:00.000,19:00,27.42000000004191
2025-04-02 20:00:00.000,20:00,25.87999999995809
2025-04-02 21:00:00.000,21:00,24.87000000011176
2025-04-02 22:00:00.000,22:00,25.57999999998137
2025-04-02 23:00:00.000,23:00,25.574999999947615
2025-04-03 00:00:00.000,00:00,17.275000000098952
2025-04-03 01:00:00.000,01:00,17.969999999995345
2025-04-03 02:00:00.000,02:00,19.489999999990687
2025-04-03 03:00:00.000,03:00,18.04000000001397
2025-04-03 04:00:00.000,04:00,17.93999999985099
2025-04-03 05:00:00.000,05:00,25.400000000046564
2025-04-03 06:00:00.000,06:00,20.01999999997206
2025-04-03 07:00:00.000,07:00,21.979999999981374
2025-04-03 08:00:00.000,08:00,18.000000000093134
2025-04-03 09:00:00.000,09:00,18.979999999934808
2025-04-03 10:00:00.000,10:00,20.100000000046567
2025-04-03 11:00:00.000,11:00,19.899999999953433
2025-04-03 12:00:00.000,12:00,18.77000000004191
2025-04-03 13:00:00.000,13:00,21.02999999995809
2025-04-03 14:00:00.000,14:00,31.20000000004657
2025-04-03 15:00:00.000,15:00,29.68000000002794
2025-04-03 16:00:00.000,16:00,28.920000000018625
2025-04-03 17:00:00.000,17:00,29.169999999995344
2025-04-03 18:00:00.000,18:00,26.849999999953436
2025-04-03 19:00:00.000,19:00,22.819999999948777
2025-04-03 20:00:00.000,20:00,24.349999999976717
2025-04-03 21:00:00.000,21:00,23.550000000139697
2025-04-03 22:00:00.000,22:00,22.94000000001397
2025-04-03 23:00:00.000,23:00,22.94999999985448
2025-04-04 00:00:00.000,00:00,15.990000000136206
2025-04-04 01:00:00.000,01:00,16.74999999983702
2025-04-04 02:00:00.000,02:00,15.160000000079162
2025-04-04 03:00:00.000,03:00,15.810000000032597
2025-04-04 04:00:00.000,04:00,16.212727272715842
2025-04-04 05:00:00.000,05:00,23.127272727204993
2025-04-04 06:00:00.000,06:00,23.71999999997206
2025-04-04 07:00:00.000,07:00,22.720000000065195
2025-04-04 08:00:00.000,08:00,16.660000000102446
2025-04-04 09:00:00.000,09:00,17.5
2025-04-04 10:00:00.000,10:00,17.759999999916182
2025-04-04 11:00:00.000,11:00,24.240000000037252
2025-04-04 12:00:00.000,12:00,25.119999999925493
2025-04-04 13:00:00.000,13:00,31.680000000074507
2025-04-04 14:00:00.000,14:00,36.6499999998603
2025-04-04 15:00:00.000,15:00,42.830000000121075
2025-04-04 16:00:00.000,16:00,46.33000000005122
2025-04-04 17:00:00.000,17:00,38.89999999988358
2025-04-04 18:00:00.000,18:00,33.81000000000932
2025-04-04 19:00:00.000,19:00,28.70000000009313
2025-04-04 20:00:00.000,20:00,26.839999999967404
2025-04-04 21:00:00.000,21:00,25.63999999992084
2025-04-04 22:00:00.000,22:00,25.630000000051222
2025-04-04 23:00:00.000,23:00,25.70749999996042
2025-04-05 00:00:00.000,00:00,19.182500000076836
2025-04-05 01:00:00.000,01:00,19.049999999883582
2025-04-05 02:00:00.000,02:00,17.620000000065193
2025-04-05 03:00:00.000,03:00,18.570000000088477
2025-04-05 04:00:00.000,04:00,18.45999999991618
2025-04-05 05:00:00.000,05:00,25.859999999939465
2025-04-05 06:00:00.000,06:00,26.2000000001397
2025-04-05 07:00:00.000,07:00,24.95999999991618
2025-04-05 08:00:00.000,08:00,20.520000000018626
2025-04-05 09:00:00.000,09:00,28.079999999934806
2025-04-05 10:00:00.000,10:00,31.720000000065195
2025-04-05 11:00:00.000,11:00,42.259999999962744
2025-04-05 12:00:00.000,12:00,58.460000000009316
2025-04-05 13:00:00.000,13:00,67.41999999997206
2025-04-05 14:00:00.000,14:00,59.57000000004191
2025-04-05 15:00:00.000,15:00,49.45000000002329
2025-04-05 16:00:00.000,16:00,58.10999999998603
2025-04-05 17:00:00.000,17:00,58
2025-04-05 18:00:00.000,18:00,54.83999999994412
2025-04-05 19:00:00.000,19:00,46.73000000005122
2025-04-05 20:00:00.000,20:00,39.98000000002794
2025-04-05 21:00:00.000,21:00,31.46999999992549
2025-04-05 22:00:00.000,22:00,27.690000000107105
2025-04-05 23:00:00.000,23:00,26.559999999945283
2025-04-06 00:00:00.000,00:00,18.50999999991036
2025-04-06 01:00:00.000,01:00,19.580000000074506
2025-04-06 02:00:00.000,02:00,19.06000000010245
2025-04-06 03:00:00.000,03:00,18.039999999990687
2025-04-06 04:00:00.000,04:00,18.109999999869615
2025-04-06 05:00:00.000,05:00,25.939999999990686
2025-04-06 06:00:00.000,06:00,26.259999999962748
2025-04-06 07:00:00.000,07:00,23.840000000176953
2025-04-06 08:00:00.000,08:00,17.85999999991618
2025-04-06 09:00:00.000,09:00,25.820000000018624
2025-04-06 10:00:00.000,10:00,37.22000000006519
2025-04-06 11:00:00.000,11:00,52.871111111016944
2025-04-06 12:00:00.000,12:00,63.598888888861985
2025-04-06 13:00:00.000,13:00,66.54000000003725
2025-04-06 14:00:00.000,14:00,62.190000000060536
2025-04-06 15:00:00.000,15:00,56.9899999999674
2025-04-06 16:00:00.000,16:00,53.96000000003259
2025-04-06 17:00:00.000,17:00,49.07999999995809
2025-04-06 18:00:00.000,18:00,52.969999999995345
2025-04-06 19:00:00.000,19:00,45.020000000065195
2025-04-06 20:00:00.000,20:00,34.939999999920836
2025-04-06 21:00:00.000,21:00,29.319999999995343
2025-04-06 22:00:00.000,22:00,26.94999999997672
2025-04-06 23:00:00.000,23:00,26.817500000022118
2025-04-07 00:00:00.000,00:00,19.122500000015133
2025-04-07 01:00:00.000,01:00,20.619999999948778
2025-04-07 02:00:00.000,02:00,19.59000000008382
2025-04-07 03:00:00.000,03:00,19.569999999995343
2025-04-07 04:00:00.000,04:00,19.80090909090994
2025-04-07 05:00:00.000,05:00,28.249090908996934
2025-04-07 06:00:00.000,06:00,29.620000000018624
2025-04-07 07:00:00.000,07:00,27.91999999997206
2025-04-07 08:00:00.000,08:00,22.02000000011176
2025-04-07 09:00:00.000,09:00,26.539999999897553
2025-04-07 10:00:00.000,10:00,41.360000000102445
2025-04-07 11:00:00.000,11:00,53.919999999972056
2025-04-07 12:00:00.000,12:00,62.75
2025-04-07 13:00:00.000,13:00,73.37999999998137
2025-04-07 14:00:00.000,14:00,64.02999999993482
2025-04-07 15:00:00.000,15:00,60.43000000009779
2025-04-07 16:00:00.000,16:00,56.68000000002794
2025-04-07 17:00:00.000,17:00,52.72000000001863
2025-04-07 18:00:00.000,18:00,49.72999999995809
2025-04-07 19:00:00.000,19:00,50.95999999996275
2025-04-07 20:00:00.000,20:00,39.98000000002794
2025-04-07 21:00:00.000,21:00,35.26999999997206
2025-04-07 22:00:00.000,22:00,33.36000000003259
2025-04-07 23:00:00.000,23:00,33.365000000037256
2025-04-08 00:00:00.000,00:00,24.934999999846333
2025-04-08 01:00:00.000,01:00,25.55000000009313
2025-04-08 02:00:00.000,02:00,24.5
2025-04-08 03:00:00.000,03:00,25.55
2025-04-08 04:00:00.000,04:00,24.709999999939463
2025-04-08 05:00:00.000,05:00,32.2400000001071
2025-04-08 06:00:00.000,06:00,33.139999999897555
2025-04-08 07:00:00.000,07:00,33.360000000102445
2025-04-08 08:00:00.000,08:00,27.999999999953435
2025-04-08 09:00:00.000,09:00,34.65999999996275
2025-04-08 10:00:00.000,10:00,33.62000000001863
2025-04-08 11:00:00.000,11:00,53.39333333337886
2025-04-08 12:00:00.000,12:00,67.2066666666677
2025-04-08 13:00:00.000,13:00,74.00000000002328
2025-04-08 14:00:00.000,14:00,64.7899999999674
2025-04-08 15:00:00.000,15:00,64.27000000001863
2025-04-08 16:00:00.000,16:00,58.00999999998603
2025-04-08 17:00:00.000,17:00,58.06999999990221
2025-04-08 18:00:00.000,18:00,56.18000000002794
2025-04-08 19:00:00.000,19:00,51.83000000000466
2025-04-08 20:00:00.000,20:00,45.050000000046566
2025-04-08 21:00:00.000,21:00,38.05999999998603
2025-04-08 22:00:00.000,22:00,35.95999999996275
2025-04-08 23:00:00.000,23:00,34.7024999999674
2025-04-09 00:00:00.000,00:00,26.587499999976718
2025-04-09 01:00:00.000,01:00,27.4000000001397
2025-04-09 02:00:00.000,02:00,26.069999999878927
2025-04-09 03:00:00.000,03:00,26.83000000002794
2025-04-09 04:00:00.000,04:00,30.440000000013967
2025-04-09 05:00:00.000,05:00,36.9899999999674
2025-04-09 06:00:00.000,06:00,37.18000000012107
2025-04-09 07:00:00.000,07:00,34.7
2025-04-09 08:00:00.000,08:00,31.83999999994412
2025-04-09 09:00:00.000,09:00,37.09999999990687
2025-04-09 10:00:00.000,10:00,44.78000000012107
2025-04-09 11:00:00.000,11:00,57.67999999988824
2025-04-09 12:00:00.000,12:00,67.90000000004657
2025-04-09 13:00:00.000,13:00,74.48000000005122
2025-04-09 14:00:00.000,14:00,73.17999999998136
2025-04-09 15:00:00.000,15:00,67.05999999998603
2025-04-09 16:00:00.000,16:00,68.6300000000978
2025-04-09 17:00:00.000,17:00,67.91999999985565
2025-04-09 18:00:00.000,18:00,61.97000000015832
2025-04-09 19:00:00.000,19:00,51.31999999990221
2025-04-09 20:00:00.000,20:00,42.14000000008382
2025-04-09 21:00:00.000,21:00,37.67999999995809
2025-04-09 22:00:00.000,22:00,34.819999999995346
2025-04-09 23:00:00.000,23:00,34.60249999991502
2025-04-10 00:00:00.000,00:00,26.337499999959256
2025-04-10 01:00:00.000,01:00,27.420000000018625
2025-04-10 02:00:00.000,02:00,25.680000000074507
2025-04-10 03:00:00.000,03:00,26.46999999999534
2025-04-10 04:00:00.000,04:00,25.63000000002159
2025-04-10 05:00:00.000,05:00,33.480000000011
2025-04-10 06:00:00.000,06:00,33.15999999991618
2025-04-10 07:00:00.000,07:00,33.90000000009314
2025-04-10 08:00:00.000,08:00,29.94000000003725
2025-04-10 09:00:00.000,09:00,42.859999999869615
2025-04-10 10:00:00.000,10:00,41.72000000001862
2025-04-10 11:00:00.000,11:00,57.45818181823177
2025-04-10 12:00:00.000,12:00,67.50181818177754
2025-04-10 13:00:00.000,13:00,77.3
2025-04-10 14:00:00.000,14:00,69.95000000004657
2025-04-10 15:00:00.000,15:00,67.47999999988824
2025-04-10 16:00:00.000,16:00,67.21000000005589
2025-04-10 17:00:00.000,17:00,63.73000000009779
2025-04-10 18:00:00.000,18:00,57.369999999902205
2025-04-10 19:00:00.000,19:00,51.17999999995809
2025-04-10 20:00:00.000,20:00,43.18000000014436
2025-04-10 21:00:00.000,21:00,39.20999999998603
2025-04-10 22:00:00.000,22:00,35.970000000041914
2025-04-10 23:00:00.000,23:00,35.34999999987194
2025-04-11 00:00:00.000,00:00,27.0200000001234
2025-04-11 01:00:00.000,01:00,27.859999999916184
2025-04-11 02:00:00.000,02:00,27.44999999990687
2025-04-11 03:00:00.000,03:00,27.110000000079165
2025-04-11 04:00:00.000,04:00,25.87000000006519
2025-04-11 05:00:00.000,05:00,33.99999999990687
2025-04-11 06:00:00.000,06:00,33.68000000007451
2025-04-11 07:00:00.000,07:00,31.959999999916178
2025-04-11 08:00:00.000,08:00,30.92000000011176
2025-04-11 09:00:00.000,09:00,45.66000000000931
2025-04-11 10:00:00.000,10:00,45.33999999989755
2025-04-11 11:00:00.000,11:00,57.73999999994412
2025-04-11 12:00:00.000,12:00,67.67000000006519
2025-04-11 13:00:00.000,13:00,73.48999999996741
2025-04-11 14:00:00.000,14:00,65.82000000008847
2025-04-11 15:00:00.000,15:00,65.0699999999255
2025-04-11 16:00:00.000,16:00,64.79999999997672
2025-04-11 17:00:00.000,17:00,65.77000000008849
2025-04-11 18:00:00.000,18:00,60.46999999992549
2025-04-11 19:00:00.000,19:00,54.29000000008382
2025-04-11 20:00:00.000,20:00,44.32999999998138
2025-04-11 21:00:00.000,21:00,39.33000000002794
2025-04-11 22:00:00.000,22:00,35.43999999999069
2025-04-11 23:00:00.000,23:00,35.64571428567038
2025-04-12 00:00:00.000,00:00,27.224285714371526
2025-04-12 01:00:00.000,01:00,28.43999999992084
2025-04-12 02:00:00.000,02:00,26.11000000000931
2025-04-12 03:00:00.000,03:00,27.120000000065193
2025-04-12 04:00:00.000,04:00,27.259999999869613
2025-04-12 05:00:00.000,05:00,35.579999999981375
2025-04-12 06:00:00.000,06:00,33.14000000006054
2025-04-12 07:00:00.000,07:00,30.469999999995345
2025-04-12 08:00:00.000,08:00,28.051818181887608
2025-04-12 09:00:00.000,09:00,37.17818181809376
2025-04-12 10:00:00.000,10:00,41.589999999967404
2025-04-12 11:00:00.000,11:00,53.423913043463074
2025-04-12 12:00:00.000,12:00,66.49008695664776
2025-04-12 13:00:00.000,13:00,66.0979047618549
2025-04-12 14:00:00.000,14:00,62.895787545703286
2025-04-12 15:00:00.000,15:00,58.60064102576908
2025-04-12 16:00:00.000,16:00,52.5695736433651
2025-04-12 17:00:00.000,17:00,49.72209302324336
2025-04-12 18:00:00.000,18:00,42.716666666596815
2025-04-12 19:00:00.000,19:00,46.42619047636011
2025-04-12 20:00:00.000,20:00,43.79945054934181
2025-04-12 21:00:00.000,21:00,35.693692307716155
2025-04-12 22:00:00.000,22:00,33.25362264152133
2025-04-12 23:00:00.000,23:00,32.4311090658382
2025-04-13 00:00:00.000,00:00,27.156541020014718
2025-04-13 01:00:00.000,01:00,27.340469208071447
2025-04-13 02:00:00.000,02:00,25.07225806448353
2025-04-13 03:00:00.000,03:00,25.31000000008207
2025-04-13 04:00:00.000,04:00,26.644594594584134
2025-04-13 05:00:00.000,05:00,33.18040540549299
2025-04-13 06:00:00.000,06:00,32.8340909090151
2025-04-13 07:00:00.000,07:00,14.990909090858292
2025-04-13 08:00:00.000,08:00,0
2025-04-13 09:00:00.000,09:00,0
2025-04-13 10:00:00.000,10:00,0
2025-04-13 11:00:00.000,11:00,0
2025-04-13 12:00:00.000,12:00,0
2025-04-13 13:00:00.000,13:00,0
2025-04-13 14:00:00.000,14:00,0
2025-04-13 15:00:00.000,15:00,0
2025-04-13 16:00:00.000,16:00,0
2025-04-13 17:00:00.000,17:00,0
2025-04-13 18:00:00.000,18:00,636.090000000014
2025-04-13 19:00:00.000,19:00,54.10000000004656
2025-04-13 20:00:00.000,20:00,45.79000000003725
2025-04-13 21:00:00.000,21:00,37.77999999988824
2025-04-13 22:00:00.000,22:00,34.26000000000931
2025-04-13 23:00:00.000,23:00,34.317500000144356
2025-04-14 00:00:00.000,00:00,26.041666666569657
2025-04-14 01:00:00.000,01:00,26.286871069151566
2025-04-14 02:00:00.000,02:00,25.924528301913153
2025-04-14 03:00:00.000,03:00,27.40488850774151
2025-04-14 04:00:00.000,04:00,28.090909090930264
2025-04-14 05:00:00.000,05:00,30.595454545465483
2025-04-14 06:00:00.000,06:00,33.27272727272727
2025-04-14 07:00:00.000,07:00,30.392351097166156
2025-04-14 08:00:00.000,08:00,28.841379310325554
2025-04-14 09:00:00.000,09:00,32.49505747125412
2025-04-14 10:00:00.000,10:00,44.50000000001939
2025-04-14 11:00:00.000,11:00,44.50000000001939
2025-04-14 12:00:00.000,12:00,63.38541666662624
2025-04-14 13:00:00.000,13:00,67.16249999994761
2025-04-14 14:00:00.000,14:00,66.11332831321778
2025-04-14 15:00:00.000,15:00,60.867469879568574
2025-04-14 16:00:00.000,16:00,60.867469879568574
2025-04-14 17:00:00.000,17:00,56.80798192774695
2025-04-14 18:00:00.000,18:00,50.71875000001457
2025-04-14 19:00:00.000,19:00,50.71875000001457
2025-04-14 20:00:00.000,20:00,46.382486631027696
2025-04-14 21:00:00.000,21:00,29.037433155080222
2025-04-14 22:00:00.000,22:00,29.037433155080222
2025-04-14 23:00:00.000,23:00,28.386068111453888
2025-04-15 00:00:00.000,00:00,21.22105263156424
2025-04-15 01:00:00.000,01:00,21.22105263156424
2025-04-15 02:00:00.000,02:00,21.22105263156424
2025-04-15 03:00:00.000,03:00,22.543302569205892
2025-04-15 04:00:00.000,04:00,22.6635071089915
2025-04-15 05:00:00.000,05:00,22.6635071089915
2025-04-15 06:00:00.000,06:00,22.47481659416202
2025-04-15 07:00:00.000,07:00,22.191780821917813
2025-04-15 08:00:00.000,08:00,22.191780821917813
2025-04-15 09:00:00.000,09:00,42.37162786788806
2025-04-15 10:00:00.000,10:00,43.067484662576675
2025-04-15 11:00:00.000,11:00,50.524017752244234
2025-04-15 12:00:00.000,12:00,72.89361702124685
2025-04-15 13:00:00.000,13:00,72.89361702124685
2025-04-15 14:00:00.000,14:00,71.62039618486644
2025-04-15 15:00:00.000,15:00,61.98029556655754
2025-04-15 16:00:00.000,16:00,61.98029556655754
2025-04-15 17:00:00.000,17:00,61.98029556655754
2025-04-15 18:00:00.000,18:00,52.14514042908423
2025-04-15 19:00:00.000,19:00,48.568720379093946
2025-04-15 20:00:00.000,20:00,48.568720379093946
2025-04-15 21:00:00.000,21:00,44.877679950732244
2025-04-15 22:00:00.000,22:00,31.533149171270722
2025-04-15 23:00:00.000,23:00,31.533149171270722
2025-04-16 00:00:00.000,00:00,31.533149171270722
2025-04-16 01:00:00.000,01:00,31.533149171270722
2025-04-16 02:00:00.000,02:00,31.533149171270722
2025-04-16 03:00:00.000,03:00,31.533149171270722
2025-04-16 04:00:00.000,04:00,31.533149171270722
2025-04-16 05:00:00.000,05:00,31.533149171270722
2025-04-16 06:00:00.000,06:00,31.533149171270722
2025-04-16 07:00:00.000,07:00,31.533149171270722
2025-04-16 08:00:00.000,08:00,31.533149171270722
2025-04-16 09:00:00.000,09:00,35.71317679570584
2025-04-16 10:00:00.000,10:00,45.23000000000466
2025-04-16 11:00:00.000,11:00,59.65999999986961
2025-04-16 12:00:00.000,12:00,73.4
2025-04-16 13:00:00.000,13:00,80.9
2025-04-16 14:00:00.000,14:00,76.0800000000745
2025-04-16 15:00:00.000,15:00,69.35999999996275
2025-04-16 16:00:00.000,16:00,66.34000000013039
2025-04-16 17:00:00.000,17:00,65.25999999986962
2025-04-16 18:00:00.000,18:00,63.06000000010245
2025-04-16 19:00:00.000,19:00,60.15999999991618
2025-04-16 20:00:00.000,20:00,47.320000000018624
2025-04-16 21:00:00.000,21:00,40.78000000007451
2025-04-16 22:00:00.000,22:00,36.639999999990685
2025-04-16 23:00:00.000,23:00,36.724999999988356
2025-04-17 00:00:00.000,00:00,28.504999999923164
2025-04-17 01:00:00.000,01:00,29.110000000079165
2025-04-17 02:00:00.000,02:00,28.689999999967405
2025-04-17 03:00:00.000,03:00,27.249999999953435
2025-04-17 04:00:00.000,04:00,28.15999999998603
2025-04-17 05:00:00.000,05:00,36.420000000111756
2025-04-17 06:00:00.000,06:00,37.079999999888244
2025-04-17 07:00:00.000,07:00,35.360000000009315
2025-04-17 08:00:00.000,08:00,33.8
2025-04-17 09:00:00.000,09:00,39.859999999962746
2025-04-17 10:00:00.000,10:00,42.06000000000932
2025-04-17 11:00:00.000,11:00,59.20000000009313
2025-04-17 12:00:00.000,12:00,71.78999999992084
2025-04-17 13:00:00.000,13:00,76.09000000001397
2025-04-17 14:00:00.000,14:00,71.67999999998136
2025-04-17 15:00:00.000,15:00,64.88000000014435
2025-04-17 16:00:00.000,16:00,59.99999999995343
2025-04-17 17:00:00.000,17:00,62.23999999987427
2025-04-17 18:00:00.000,18:00,62.35
2025-04-17 19:00:00.000,19:00,57.27000000004191
2025-04-17 20:00:00.000,20:00,48.71000000005588
2025-04-17 21:00:00.000,21:00,39.91000000000931
2025-04-17 22:00:00.000,22:00,36.98999999992084
2025-04-17 23:00:00.000,23:00,35.85750000005355
2025-04-18 00:00:00.000,00:00,27.27249999997439
2025-04-18 01:00:00.000,01:00,27
2025-04-18 02:00:00.000,02:00,27.100000000069848
2025-04-18 03:00:00.000,03:00,29.089999999874273
2025-04-18 04:00:00.000,04:00,28.480000000004658
2025-04-18 05:00:00.000,05:00,35.350000000069855
2025-04-18 06:00:00.000,06:00,35.580000000074506
2025-04-18 07:00:00.000,07:00,34.67999999988824
2025-04-18 08:00:00.000,08:00,35.54000000003725
2025-04-18 09:00:00.000,09:00,37.54000000003725
2025-04-18 10:00:00.000,10:00,41.81999999992549
2025-04-18 11:00:00.000,11:00,56.68000000007451
2025-04-18 12:00:00.000,12:00,68.10999999998603
2025-04-18 13:00:00.000,13:00,76.46000000000932
2025-04-18 14:00:00.000,14:00,74.75000000004657
2025-04-18 15:00:00.000,15:00,65.44999999997671
2025-04-18 16:00:00.000,16:00,66.38000000002793
2025-04-18 17:00:00.000,17:00,66.70999999998602
2025-04-18 18:00:00.000,18:00,62.18999999994412
2025-04-18 19:00:00.000,19:00,55.18999999999069
2025-04-18 20:00:00.000,20:00,46.02000000001863
2025-04-18 21:00:00.000,21:00,40.92000000008848
2025-04-18 22:00:00.000,22:00,37.52999999995809
2025-04-18 23:00:00.000,23:00,36.69500000003027
2025-04-19 00:00:00.000,00:00,28.424999999825378
2025-04-19 01:00:00.000,01:00,28.67000000018161
2025-04-19 02:00:00.000,02:00,28.439999999920836
2025-04-19 03:00:00.000,03:00,27.61000000007916
2025-04-19 04:00:00.000,04:00,27.675454545327973
2025-04-19 05:00:00.000,05:00,35.95454545458355
2025-04-19 06:00:00.000,06:00,35.06000000000931
2025-04-19 07:00:00.000,07:00,30.680000000074504
2025-04-19 08:00:00.000,08:00,28.660000000009312
2025-04-19 09:00:00.000,09:00,39.77999999984167
2025-04-19 10:00:00.000,10:00,46.98000000012107
2025-04-19 11:00:00.000,11:00,60.95999999996275
2025-04-19 12:00:00.000,12:00,69.87999999988824
2025-04-19 13:00:00.000,13:00,78.40000000018627
2025-04-19 14:00:00.000,14:00,75.8199999999255
2025-04-19 15:00:00.000,15:00,68.98000000002794
2025-04-19 16:00:00.000,16:00,65.48999999992084
2025-04-19 17:00:00.000,17:00,65.61000000012572
2025-04-19 18:00:00.000,18:00,57.53999999982771
2025-04-19 19:00:00.000,19:00,55.73000000014435
2025-04-19 20:00:00.000,20:00,53.23999999996741
2025-04-19 21:00:00.000,21:00,44.42999999993481
2025-04-19 22:00:00.000,22:00,42.420000000018625
2025-04-19 23:00:00.000,23:00,41.89000000001979
2025-04-20 00:00:00.000,00:00,33.78999999996158
2025-04-20 01:00:00.000,01:00,33.959999999986024
2025-04-20 02:00:00.000,02:00,34.76999999997206
2025-04-20 03:00:00.000,03:00,32.969999999995345
2025-04-20 04:00:00.000,04:00,33.54181818182961
2025-04-20 05:00:00.000,05:00,40.818181818249556
2025-04-20 06:00:00.000,06:00,41.02000000006519
2025-04-20 07:00:00.000,07:00,35.23999999999069
2025-04-20 08:00:00.000,08:00,33.37999999988824
2025-04-20 09:00:00.000,09:00,37.2
2025-04-20 10:00:00.000,10:00,51.67999999998137
2025-04-20 11:00:00.000,11:00,52.81333333333541
2025-04-20 12:00:00.000,12:00,57.266666666832236
2025-04-20 13:00:00.000,13:00,66.50999999984633
2025-04-20 14:00:00.000,14:00,67.33000000002794
2025-04-20 15:00:00.000,15:00,59.29000000008382
2025-04-20 16:00:00.000,16:00,57.36999999999534
2025-04-20 17:00:00.000,17:00,58.079999999888244
2025-04-20 18:00:00.000,18:00,51.400000000069845
2025-04-20 19:00:00.000,19:00,50.74000000006054
2025-04-20 20:00:00.000,20:00,49.35999999998603
2025-04-20 21:00:00.000,21:00,44.01999999994878
2025-04-20 22:00:00.000,22:00,41.3600000000326
2025-04-20 23:00:00.000,23:00,40.427499999996506
2025-04-21 00:00:00.000,00:00,32.68249999989639
2025-04-21 01:00:00.000,01:00,33.85000000011642
2025-04-21 02:00:00.000,02:00,33.63999999987427
2025-04-21 03:00:00.000,03:00,32.900000000116414
2025-04-21 04:00:00.000,04:00,33.280000000051224
2025-04-21 05:00:00.000,05:00,40.479999999841674
2025-04-21 06:00:00.000,06:00,40.28000000016763
2025-04-21 07:00:00.000,07:00,35.679999999981376
2025-04-21 08:00:00.000,08:00,37.55999999986962
2025-04-21 09:00:00.000,09:00,41.380000000027934
2025-04-21 10:00:00.000,10:00,50.320000000111754
2025-04-21 11:00:00.000,11:00,64.13999999989755
2025-04-21 12:00:00.000,12:00,72.50999999998604
2025-04-21 13:00:00.000,13:00,74.96999999997206
2025-04-21 14:00:00.000,14:00,71.14000000010711
2025-04-21 15:00:00.000,15:00,69.55
2025-04-21 16:00:00.000,16:00,67.60999999991618
2025-04-21 17:00:00.000,17:00,65.88999999999069
2025-04-21 18:00:00.000,18:00,62.65
2025-04-21 19:00:00.000,19:00,57.480000000074504
2025-04-21 20:00:00.000,20:00,48.32999999991152
2025-04-21 21:00:00.000,21:00,42.78999999996741
2025-04-21 22:00:00.000,22:00,39.42000000008848
2025-04-21 23:00:00.000,23:00,39.067499999923164
2025-04-22 00:00:00.000,00:00,31.71250000008149
2025-04-22 01:00:00.000,01:00,32.25000000004657
2025-04-22 02:00:00.000,02:00,31.059999999986033
2025-04-22 03:00:00.000,03:00,31.290000000060537
2025-04-22 04:00:00.000,04:00,30.779999999841674
2025-04-22 05:00:00.000,05:00,38.58000000002794
2025-04-22 06:00:00.000,06:00,39.54000000008382
2025-04-22 07:00:00.000,07:00,35.299999999953435
2025-04-22 08:00:00.000,08:00,34.73999999994412
2025-04-22 09:00:00.000,09:00,34.32000000006519
2025-04-22 10:00:00.000,10:00,53.01999999992549
2025-04-22 11:00:00.000,11:00,69.33818181823854
2025-04-22 12:00:00.000,12:00,74.66181818187788
2025-04-22 13:00:00.000,13:00,80.67999999991153
2025-04-22 14:00:00.000,14:00,80.77000000001863
2025-04-22 15:00:00.000,15:00,72.00000000006985
2025-04-22 16:00:00.000,16:00,64.87999999998138
2025-04-22 17:00:00.000,17:00,58.83999999987427
2025-04-22 18:00:00.000,18:00,54.59000000001397
2025-04-22 19:00:00.000,19:00,56.27000000001863
2025-04-22 20:00:00.000,20:00,49.8899999999674
2025-04-22 21:00:00.000,21:00,42.450000000046565
2025-04-22 22:00:00.000,22:00,39.150000000000006
2025-04-22 23:00:00.000,23:00,38.28750000007567
2025-04-23 00:00:00.000,00:00,30.792499999975554
2025-04-23 01:00:00.000,01:00,31.100000000069848
2025-04-23 02:00:00.000,02:00,30.119999999878928
2025-04-23 03:00:00.000,03:00,29.59000000008382
2025-04-23 04:00:00.000,04:00,30.010000000009313
2025-04-23 05:00:00.000,05:00,37.479999999934805
2025-04-23 06:00:00.000,06:00,38.519999999972065
2025-04-23 07:00:00.000,07:00,36.74000000008382
2025-04-23 08:00:00.000,08:00,33.859999999962746
2025-04-23 09:00:00.000,09:00,32.140000000037254
2025-04-23 10:00:00.000,10:00,47.420000000018625
2025-04-23 11:00:00.000,11:00,59.84000000003726
2025-04-23 12:00:00.000,12:00,71.92999999995808
2025-04-23 13:00:00.000,13:00,73.79999999988358
2025-04-23 14:00:00.000,14:00,70.44000000003726
2025-04-23 15:00:00.000,15:00,65.36000000007917
2025-04-23 16:00:00.000,16:00,62.62000000004191
2025-04-23 17:00:00.000,17:00,66.17999999984167
2025-04-23 18:00:00.000,18:00,61.56000000010244
2025-04-23 19:00:00.000,19:00,56.579999999934806
2025-04-23 20:00:00.000,20:00,46.25
2025-04-23 21:00:00.000,21:00,41.76000000000931
2025-04-23 22:00:00.000,22:00,37.55999999998603
2025-04-23 23:00:00.000,23:00,37.39750000007916
2025-04-24 00:00:00.000,00:00,35.38249999990221
2025-04-24 01:00:00.000,01:00,38.34000000013039
2025-04-24 02:00:00.000,02:00,37.01999999999534
2025-04-24 03:00:00.000,03:00,37.79999999983702
2025-04-24 04:00:00.000,04:00,36.660000000172296
2025-04-24 05:00:00.000,05:00,36.97999999998137
2025-04-24 06:00:00.000,06:00,36.55999999991618
2025-04-24 07:00:00.000,07:00,37.55999999996275
2025-04-24 08:00:00.000,08:00,30.740000000083818
2025-04-24 09:00:00.000,09:00,37.2
2025-04-24 10:00:00.000,10:00,42.919999999878925
2025-04-24 11:00:00.000,11:00,59.81000000005588
2025-04-24 12:00:00.000,12:00,72.90999999998603
2025-04-24 13:00:00.000,13:00,77.60000000002329
2025-04-24 14:00:00.000,14:00,75.3300000000745
2025-04-24 15:00:00.000,15:00,67.91999999997206
2025-04-24 16:00:00.000,16:00,63.56000000000931
2025-04-24 17:00:00.000,17:00,62.34000000003725
2025-04-24 18:00:00.000,18:00,55.979999999841674
2025-04-24 19:00:00.000,19:00,57.270000000065195
2025-04-24 20:00:00.000,20:00,50.080000000074506
2025-04-24 21:00:00.000,21:00,38.11999999997206
2025-04-24 22:00:00.000,22:00,36.41000000000932
2025-04-24 23:00:00.000,23:00,35.52000000000116
2025-04-25 00:00:00.000,00:00,27.42000000005937
2025-04-25 01:00:00.000,01:00,27.62999999995809
2025-04-25 02:00:00.000,02:00,27.55
2025-04-25 03:00:00.000,03:00,28.899999999906868
2025-04-25 04:00:00.000,04:00,28.600000000093132
2025-04-25 05:00:00.000,05:00,37.68999999989755
2025-04-25 06:00:00.000,06:00,40.3
2025-04-25 07:00:00.000,07:00,38.26000000005588
2025-04-25 08:00:00.000,08:00,35.06000000005588
2025-04-25 09:00:00.000,09:00,36.89999999990687
2025-04-25 10:00:00.000,10:00,44.42000000006519
2025-04-25 11:00:00.000,11:00,59.359999999916184
2025-04-25 12:00:00.000,12:00,72.0400000001071
2025-04-25 13:00:00.000,13:00,78.7599999998696
2025-04-25 14:00:00.000,14:00,77.34000000001397
2025-04-25 15:00:00.000,15:00,70.05000000006984
2025-04-25 16:00:00.000,16:00,67.39000000006054
2025-04-25 17:00:00.000,17:00,63.53999999989755
2025-04-25 18:00:00.000,18:00,57.17000000008848
2025-04-25 19:00:00.000,19:00,51.10999999991618
2025-04-25 20:00:00.000,20:00,45.11000000007916
2025-04-25 21:00:00.000,21:00,39.8199999999255
2025-04-25 22:00:00.000,22:00,37.56000000005588
2025-04-25 23:00:00.000,23:00,36.52000000000116
2025-04-26 00:00:00.000,00:00,28.430000000045403
2025-04-26 01:00:00.000,01:00,28.920000000018625
2025-04-26 02:00:00.000,02:00,28.929999999911523
2025-04-26 03:00:00.000,03:00,28.40999999991618
2025-04-26 04:00:00.000,04:00,28.580000000074506
2025-04-26 05:00:00.000,05:00,35.999999999976716
2025-04-26 06:00:00.000,06:00,35.860000000102445
2025-04-26 07:00:00.000,07:00,30.759999999962744
2025-04-26 08:00:00.000,08:00,31.359999999962746
2025-04-26 09:00:00.000,09:00,33.81999999997206
2025-04-26 10:00:00.000,10:00,47.3800000000745
2025-04-26 11:00:00.000,11:00,60.35999999996275
2025-04-26 12:00:00.000,12:00,74.87999999991152
2025-04-26 13:00:00.000,13:00,78.05000000013969
2025-04-26 14:00:00.000,14:00,74.87999999991152
2025-04-26 15:00:00.000,15:00,70.01999999994878
2025-04-26 16:00:00.000,16:00,68.4900000001071
2025-04-26 17:00:00.000,17:00,63.339999999920835
2025-04-26 18:00:00.000,18:00,58.25000000004657
2025-04-26 19:00:00.000,19:00,46.43000000005122
2025-04-26 20:00:00.000,20:00,46.949999999999996
2025-04-26 21:00:00.000,21:00,37.63999999992084
2025-04-26 22:00:00.000,22:00,35.65000000004657
2025-04-26 23:00:00.000,23:00,35.39750000007916
2025-04-27 00:00:00.000,00:00,27.79249999995809
2025-04-27 01:00:00.000,01:00,29.359999999916184
2025-04-27 02:00:00.000,02:00,28.249999999953435
2025-04-27 03:00:00.000,03:00,27.880000000121072
2025-04-27 04:00:00.000,04:00,28.58000000000466
2025-04-27 05:00:00.000,05:00,35.54000000003725
2025-04-27 06:00:00.000,06:00,36.37999999993481
2025-04-27 07:00:00.000,07:00,30.299999999953435
2025-04-27 08:00:00.000,08:00,30.20000000004657
2025-04-27 09:00:00.000,09:00,30.659999999962746
2025-04-27 10:00:00.000,10:00,45.61999999997206
2025-04-27 11:00:00.000,11:00,57.650000000000006
2025-04-27 12:00:00.000,12:00,67.92000000006519
2025-04-27 13:00:00.000,13:00,77.1199999999022
2025-04-27 14:00:00.000,14:00,74.59000000008382
2025-04-27 15:00:00.000,15:00,67.44999999993016
2025-04-27 16:00:00.000,16:00,64.77000000015832
2025-04-27 17:00:00.000,17:00,63.199999999953434
2025-04-27 18:00:00.000,18:00,57.98999999992084
2025-04-27 19:00:00.000,19:00,53.160000000032596
2025-04-27 20:00:00.000,20:00,43.43000000002794
2025-04-27 21:00:00.000,21:00,37.10999999993946
2025-04-27 22:00:00.000,22:00,34.72999999998137
2025-04-27 23:00:00.000,23:00,34.46750000002212
2025-04-28 00:00:00.000,00:00,27.382500000024447
2025-04-28 01:00:00.000,01:00,27.560000000079164
2025-04-28 02:00:00.000,02:00,27.12999999988824
2025-04-28 03:00:00.000,03:00,26.709999999962747
2025-04-28 04:00:00.000,04:00,26.093636363643135
2025-04-28 05:00:00.000,05:00,34.936363636524504
2025-04-28 06:00:00.000,06:00,34.37999999984168
2025-04-28 07:00:00.000,07:00,32.3000000001397
2025-04-28 08:00:00.000,08:00,32.73999999985099
2025-04-28 09:00:00.000,09:00,31.620000000065193
2025-04-28 10:00:00.000,10:00,41.23999999999069
2025-04-28 11:00:00.000,11:00,57.42000000001863
2025-04-28 12:00:00.000,12:00,71.62000000001862
2025-04-28 13:00:00.000,13:00,76.76999999990221
2025-04-28 14:00:00.000,14:00,70.84000000006054
2025-04-28 15:00:00.000,15:00,65.19000000003726
2025-04-28 16:00:00.000,16:00,66.2100000000326
2025-04-28 17:00:00.000,17:00,65.68000000002795
2025-04-28 18:00:00.000,18:00,60.25999999993947
2025-04-28 19:00:00.000,19:00,53.01999999990221
2025-04-28 20:00:00.000,20:00,42.35000000004656
2025-04-28 21:00:00.000,21:00,37.090000000060535
2025-04-28 22:00:00.000,22:00,35.630000000051226
2025-04-28 23:00:00.000,23:00,34.314999999880094
2025-04-29 00:00:00.000,00:00,26.79499999996624
2025-04-29 01:00:00.000,01:00,26.810000000032595
2025-04-29 02:00:00.000,02:00,26.469999999995345
2025-04-29 03:00:00.000,03:00,26.410000000125727
2025-04-29 04:00:00.000,04:00,26.5
2025-04-29 05:00:00.000,05:00,33.63999999982771
2025-04-29 06:00:00.000,06:00,33.06000000000931
2025-04-29 07:00:00.000,07:00,28.520000000065195
2025-04-29 08:00:00.000,08:00,28.439999999990686
2025-04-29 09:00:00.000,09:00,29.500000000046565
2025-04-29 10:00:00.000,10:00,47.55999999996275
2025-04-29 11:00:00.000,11:00,60.740000000037256
2025-04-29 12:00:00.000,12:00,70.03999999992084
2025-04-29 13:00:00.000,13:00,74.09000000006054
2025-04-29 14:00:00.000,14:00,72.87000000006519
2025-04-29 15:00:00.000,15:00,68.30999999991619
2025-04-29 16:00:00.000,16:00,64.17999999995808
2025-04-29 17:00:00.000,17:00,62.66999999999534
2025-04-29 18:00:00.000,18:00,60.52000000011176
2025-04-29 19:00:00.000,19:00,53.3
2025-04-29 20:00:00.000,20:00,44.329999999888244
2025-04-29 21:00:00.000,21:00,36.560000000032595
2025-04-29 22:00:00.000,22:00,34.93000000009779
2025-04-29 23:00:00.000,23:00,34.64250000002212
2025-04-30 00:00:00.000,00:00,26.377499999833525
2025-04-30 01:00:00.000,01:00,26.519999999995346
2025-04-30 02:00:00.000,02:00,27.489999999990687
2025-04-30 03:00:00.000,03:00,25.83000000005122
2025-04-30 04:00:00.000,04:00,30.07999999995809
2025-04-30 05:00:00.000,05:00,33.56000000010245
2025-04-30 06:00:00.000,06:00,34.1200000000652
2025-04-30 07:00:00.000,07:00,30.660000000009312
2025-04-30 08:00:00.000,08:00,28.319999999832362
2025-04-30 09:00:00.000,09:00,31.100000000093132
2025-04-30 10:00:00.000,10:00,42.24000000003725
2025-04-30 11:00:00.000,11:00,58.77999999988825
2025-04-30 12:00:00.000,12:00,69.91119999998435
2025-04-30 13:00:00.000,13:00,69.98400000002235
2025-04-30 14:00:00.000,14:00,69.98400000002235
2025-04-30 15:00:00.000,15:00,69.98400000002235
2025-04-30 16:00:00.000,16:00,66.67679999998585
2025-04-30 17:00:00.000,17:00,67.72000000001863
2025-04-30 18:00:00.000,18:00,62.25000000004657
2025-04-30 19:00:00.000,19:00,57.25000000004656
2025-04-30 20:00:00.000,20:00,43.42999999991153
2025-04-30 21:00:00.000,21:00,36.199999999999996
2025-04-30 22:00:00.000,22:00,34.97000000004191
2025-04-30 23:00:00.000,23:00,34.84999999987194
2025-05-01 00:00:00.000,00:00,26.770000000169965
2025-05-01 01:00:00.000,01:00,26.819999999832362
2025-05-01 02:00:00.000,02:00,27.539999999990687
2025-05-01 03:00:00.000,03:00,26.09000000008382
2025-05-01 04:00:00.000,04:00,31.410000000009312
2025-05-01 05:00:00.000,05:00,33.060000000079164
2025-05-01 06:00:00.000,06:00,33.33999999989756
2025-05-01 07:00:00.000,07:00,30.419999999972063
2025-05-01 08:00:00.000,08:00,30.34000000003725
2025-05-01 09:00:00.000,09:00,39.47999999993481
2025-05-01 10:00:00.000,10:00,46.260000000102444
2025-05-01 11:00:00.000,11:00,65.71999999992549
2025-05-01 12:00:00.000,12:00,71.94000000001397
2025-05-01 13:00:00.000,13:00,76.88000000000466
2025-05-01 14:00:00.000,14:00,72.93999999999068
2025-05-01 15:00:00.000,15:00,70.80000000000001
2025-05-01 16:00:00.000,16:00,65.25000000006985
2025-05-01 17:00:00.000,17:00,64.39000000001397
2025-05-01 18:00:00.000,18:00,63.77000000001863
2025-05-01 19:00:00.000,19:00,55.969999999948776
2025-05-01 20:00:00.000,20:00,41.97999999995809
2025-05-01 21:00:00.000,21:00,38.2200000000652
2025-05-01 22:00:00.000,22:00,36.27999999993481
2025-05-01 23:00:00.000,23:00,36.21750000007451
2025-05-02 00:00:00.000,00:00,27.51249999990687
2025-05-02 01:00:00.000,01:00,28.49000000001397
2025-05-02 02:00:00.000,02:00,28.8100000000326
2025-05-02 03:00:00.000,03:00,27.90999999991618
2025-05-02 04:00:00.000,04:00,27.303636363796382
2025-05-02 05:00:00.000,05:00,34.25636363635263
2025-05-02 06:00:00.000,06:00,35.079999999981375
2025-05-02 07:00:00.000,07:00,36.799999999906866
2025-05-02 08:00:00.000,08:00,38.77999999998137
2025-05-02 09:00:00.000,09:00,43.22000000001863
2025-05-02 10:00:00.000,10:00,54.800000000046566
2025-05-02 11:00:00.000,11:00,61.800000000046566
2025-05-02 12:00:00.000,12:00,73.76999999994878
2025-05-02 13:00:00.000,13:00,85.27000000006518
2025-05-02 14:00:00.000,14:00,74.14999999990687
2025-05-02 15:00:00.000,15:00,69.13000000005123
2025-05-02 16:00:00.000,16:00,69.65999999991618
2025-05-02 17:00:00.000,17:00,64.98000000000467
2025-05-02 18:00:00.000,18:00,63.800000000000004
2025-05-02 19:00:00.000,19:00,57.5500000001397
2025-05-02 20:00:00.000,20:00,44.809999999939464
2025-05-02 21:00:00.000,21:00,38.689999999920836
2025-05-02 22:00:00.000,22:00,37.47000000004191
2025-05-02 23:00:00.000,23:00,35.56999999993714
2025-05-03 00:00:00.000,00:00,28.090000000002327
2025-05-03 01:00:00.000,01:00,28.260000000032598
2025-05-03 02:00:00.000,02:00,29.100000000093132
2025-05-03 03:00:00.000,03:00,27.55
2025-05-03 04:00:00.000,04:00,27.569999999878927
2025-05-03 05:00:00.000,05:00,34.90000000009313
2025-05-03 06:00:00.000,06:00,34.03999999989755
2025-05-03 07:00:00.000,07:00,27.840000000037254
2025-05-03 08:00:00.000,08:00,29.460000000102447
2025-05-03 09:00:00.000,09:00,34.22000000001862
2025-05-03 10:00:00.000,10:00,46.41999999997206
2025-05-03 11:00:00.000,11:00,61.41818181814795
2025-05-03 12:00:00.000,12:00,74.93181818171234
2025-05-03 13:00:00.000,13:00,84.0200000000419
2025-05-03 14:00:00.000,14:00,75.98999999999069
2025-05-03 15:00:00.000,15:00,67.8800000000978
2025-05-03 16:00:00.000,16:00,63.77999999993481
2025-05-03 17:00:00.000,17:00,67.36999999994877
2025-05-03 18:00:00.000,18:00,62.05999999998603
2025-05-03 19:00:00.000,19:00,56.46000000007916
2025-05-03 20:00:00.000,20:00,43.699999999999996
2025-05-03 21:00:00.000,21:00,36.800000000093135
2025-05-03 22:00:00.000,22:00,35.89999999990687
2025-05-03 23:00:00.000,23:00,35.002499999973224
2025-05-04 00:00:00.000,00:00,27.13749999999418
2025-05-04 01:00:00.000,01:00,27.36000000012573
2025-05-04 02:00:00.000,02:00,28.62999999988824
2025-05-04 03:00:00.000,03:00,26.300000000023285
2025-05-04 04:00:00.000,04:00,26.23272727271542
2025-05-04 05:00:00.000,05:00,33.947272727219385
2025-05-04 06:00:00.000,06:00,32.5000000001397
2025-05-04 07:00:00.000,07:00,26.679999999841677
2025-05-04 08:00:00.000,08:00,28.540000000037253
2025-05-04 09:00:00.000,09:00,30.68000000002794
2025-05-04 10:00:00.000,10:00,47.10000000004656
2025-05-04 11:00:00.000,11:00,59.18000000007451
2025-05-04 12:00:00.000,12:00,65.5499999998603
2025-05-04 13:00:00.000,13:00,67.7900000001071
2025-05-04 14:00:00.000,14:00,68.08999999999068
2025-05-04 15:00:00.000,15:00,62.34999999997672
2025-05-04 16:00:00.000,16:00,57.3699999999255
2025-05-04 17:00:00.000,17:00,58.1300000000745
2025-05-04 18:00:00.000,18:00,47.960000000009316
2025-05-04 19:00:00.000,19:00,41.82999999998137
2025-05-04 20:00:00.000,20:00,37.30999999996274
2025-05-04 21:00:00.000,21:00,33.74000000001397
2025-05-04 22:00:00.000,22:00,32.27000000001863
2025-05-04 23:00:00.000,23:00,32.0474999998929
2025-05-05 00:00:00.000,00:00,24.75250000008382
2025-05-05 01:00:00.000,01:00,25.26000000005588
2025-05-05 02:00:00.000,02:00,26.619999999878928
2025-05-05 03:00:00.000,03:00,25.180000000167638
2025-05-05 04:00:00.000,04:00,24.249999999877232
2025-05-05 05:00:00.000,05:00,31.899999999936497
2025-05-05 06:00:00.000,06:00,32.140000000037254
2025-05-05 07:00:00.000,07:00,26.16000000014901
2025-05-05 08:00:00.000,08:00,31.259999999823048
2025-05-05 09:00:00.000,09:00,28.88000000002794
2025-05-05 10:00:00.000,10:00,30.020000000111757
2025-05-05 11:00:00.000,11:00,28.299999999953435
2025-05-05 12:00:00.000,12:00,27.80000000002328
2025-05-05 13:00:00.000,13:00,30.140000000060535
2025-05-05 14:00:00.000,14:00,47.5099999998929
2025-05-05 15:00:00.000,15:00,46.22000000006519
2025-05-05 16:00:00.000,16:00,44.27999999993481
2025-05-05 17:00:00.000,17:00,46.609999999962746
2025-05-05 18:00:00.000,18:00,45.57000000006519
2025-05-05 19:00:00.000,19:00,38.30999999998603
2025-05-05 20:00:00.000,20:00,30.629999999934807
2025-05-05 21:00:00.000,21:00,32.96000000012573
2025-05-05 22:00:00.000,22:00,31.5999999998603
2025-05-05 23:00:00.000,23:00,31.785000000084985
2025-05-06 00:00:00.000,00:00,25.205000000068686
2025-05-06 01:00:00.000,01:00,24.88999999992084
2025-05-06 02:00:00.000,02:00,26.179999999958092
2025-05-06 03:00:00.000,03:00,24.81000000005588
2025-05-06 04:00:00.000,04:00,25.180000000074504
2025-05-06 05:00:00.000,05:00,32.16000000000931
2025-05-06 06:00:00.000,06:00,32.65999999986961
2025-05-06 07:00:00.000,07:00,26.58000000012107
2025-05-06 08:00:00.000,08:00,32.83999999989756
2025-05-06 09:00:00.000,09:00,33.48000000002794
2025-05-06 10:00:00.000,10:00,31.480000000074504
2025-05-06 11:00:00.000,11:00,30.904444444370974
2025-05-06 12:00:00.000,12:00,31.12828282824708
2025-05-06 13:00:00.000,13:00,31.737272727260873
2025-05-06 14:00:00.000,14:00,49.870000000088474
2025-05-06 15:00:00.000,15:00,46.76000000000931
2025-05-06 16:00:00.000,16:00,46.52999999995809
2025-05-06 17:00:00.000,17:00,48.76000000000931
2025-05-06 18:00:00.000,18:00,46.2899999999674
2025-05-06 19:00:00.000,19:00,38.710000000055885
2025-05-06 20:00:00.000,20:00,29.869999999948778
2025-05-06 21:00:00.000,21:00,35.00000000004657
2025-05-06 22:00:00.000,22:00,33.96999999997206
2025-05-06 23:00:00.000,23:00,33.8549999999057
2025-05-07 00:00:00.000,00:00,27.63499999999185
2025-05-07 01:00:00.000,01:00,26.800000000046566
2025-05-07 02:00:00.000,02:00,28.27000000004191
2025-05-07 03:00:00.000,03:00,27.09000000008382
2025-05-07 04:00:00.000,04:00,26.30999999982305
2025-05-07 05:00:00.000,05:00,34.850000000023286
2025-05-07 06:00:00.000,06:00,34.320000000018624
2025-05-07 07:00:00.000,07:00,31.6
2025-05-07 08:00:00.000,08:00,32.23999999999069
2025-05-07 09:00:00.000,09:00,29
2025-05-07 10:00:00.000,10:00,31.12000000011176
2025-05-07 11:00:00.000,11:00,31.460000000009313
2025-05-07 12:00:00.000,12:00,29.649999999930152
2025-05-07 13:00:00.000,13:00,32.36000000005588
2025-05-07 14:00:00.000,14:00,52.1299999999348
2025-05-07 15:00:00.000,15:00,51.440000000060536
2025-05-07 16:00:00.000,16:00,53.409999999986034
2025-05-07 17:00:00.000,17:00,54.45999999996275
2025-05-07 18:00:00.000,18:00,52.05000000006985
2025-05-07 19:00:00.000,19:00,41.58000000002794
2025-05-07 20:00:00.000,20:00,28.08999999994412
2025-05-07 21:00:00.000,21:00,32.82999999995809
2025-05-07 22:00:00.000,22:00,32.100000000023286
2025-05-07 23:00:00.000,23:00,32.22999999989988
2025-05-08 00:00:00.000,00:00,24.96000000004424
2025-05-08 01:00:00.000,01:00,25.37000000011176
2025-05-08 02:00:00.000,02:00,27.16999999997206
2025-05-08 03:00:00.000,03:00,27.349999999906867
2025-05-08 04:00:00.000,04:00,27.936363636494868
2025-05-08 05:00:00.000,05:00,35.163636363551696
2025-05-08 06:00:00.000,06:00,35.519999999925496
2025-05-08 07:00:00.000,07:00,29.620000000018628
2025-05-08 08:00:00.000,08:00,33.68000000002794
2025-05-08 09:00:00.000,09:00,33.67999999993481
2025-05-08 10:00:00.000,10:00,41.920000000018625
2025-05-08 11:00:00.000,11:00,55.700000000093134
2025-05-08 12:00:00.000,12:00,67.26999999994878
2025-05-08 13:00:00.000,13:00,71.01000000007916
2025-05-08 14:00:00.000,14:00,70.90999999993946
2025-05-08 15:00:00.000,15:00,66.15
2025-05-08 16:00:00.000,16:00,63.3700000000652
2025-05-08 17:00:00.000,17:00,59.51999999994877
2025-05-08 18:00:00.000,18:00,58.98000000000466
2025-05-08 19:00:00.000,19:00,50.500000000023284
2025-05-08 20:00:00.000,20:00,40.75
2025-05-08 21:00:00.000,21:00,34.27999999993481
2025-05-08 22:00:00.000,22:00,33.5
2025-05-08 23:00:00.000,23:00,32.80250000003143
2025-05-09 00:00:00.000,00:00,26.257499999954597
2025-05-09 01:00:00.000,01:00,26.229999999958093
2025-05-09 02:00:00.000,02:00,28.26000000005588
2025-05-09 03:00:00.000,03:00,28.28000000002794
2025-05-09 04:00:00.000,04:00,28.49000000001397
2025-05-09 05:00:00.000,05:00,35.560000000032595
2025-05-09 06:00:00.000,06:00,34.17999999993481
2025-05-09 07:00:00.000,07:00,30.380000000074507
2025-05-09 08:00:00.000,08:00,34.77999999988824
2025-05-09 09:00:00.000,09:00,37.8000000001397
2025-05-09 10:00:00.000,10:00,42.95999999996275
2025-05-09 11:00:00.000,11:00,63.7
2025-05-09 12:00:00.000,12:00,65.19999999993016
2025-05-09 13:00:00.000,13:00,78.35
2025-05-09 14:00:00.000,14:00,75.63000000000466
2025-05-09 15:00:00.000,15:00,66.96000000007916
2025-05-09 16:00:00.000,16:00,63.36999999994878
2025-05-09 17:00:00.000,17:00,63.74000000006053
2025-05-09 18:00:00.000,18:00,62.160000000032596
2025-05-09 19:00:00.000,19:00,50.34999999990687
2025-05-09 20:00:00.000,20:00,44.259999999962744
2025-05-09 21:00:00.000,21:00,35.56000000010245
2025-05-09 22:00:00.000,22:00,33.46999999997206
2025-05-09 23:00:00.000,23:00,31.887083333263096
2025-05-10 00:00:00.000,00:00,25.62291666674622
2025-05-10 01:00:00.000,01:00,25.480000000004654
2025-05-10 02:00:00.000,02:00,25.800000000023285
2025-05-10 03:00:00.000,03:00,24.609999999892896
2025-05-10 04:00:00.000,04:00,24.479999999981374
2025-05-10 05:00:00.000,05:00,31.230000000004658
2025-05-10 06:00:00.000,06:00,30.99999999995343
2025-05-10 07:00:00.000,07:00,25.200000000046565
2025-05-10 08:00:00.000,08:00,29.259999999962748
2025-05-10 09:00:00.000,09:00,33.06000000014901
2025-05-10 10:00:00.000,10:00,46.55999999991618
2025-05-10 11:00:00.000,11:00,63.71999999992549
2025-05-10 12:00:00.000,12:00,72.10000000008466
2025-05-10 13:00:00.000,13:00,78.21000000008763
2025-05-10 14:00:00.000,14:00,75.40999999989289
2025-05-10 15:00:00.000,15:00,66.28000000012108
2025-05-10 16:00:00.000,16:00,63.11999999992549
2025-05-10 17:00:00.000,17:00,60.22999999993481
2025-05-10 18:00:00.000,18:00,58.80000000009313
2025-05-10 19:00:00.000,19:00,52.4699999999255
2025-05-10 20:00:00.000,20:00,42.66000000005588
2025-05-10 21:00:00.000,21:00,36.36999999987893
2025-05-10 22:00:00.000,22:00,34.3500000001397
2025-05-10 23:00:00.000,23:00,31.800000000046566
2025-05-11 00:00:00.000,00:00,24.629999999981372
2025-05-11 01:00:00.000,01:00,23.869999999925497
2025-05-11 02:00:00.000,02:00,25.760000000032594
2025-05-11 03:00:00.000,03:00,24
2025-05-11 04:00:00.000,04:00,24.12999999988824
2025-05-11 05:00:00.000,05:00,30.869999999995343
2025-05-11 06:00:00.000,06:00,31.7000000001397
2025-05-11 07:00:00.000,07:00,25.659999999962746
2025-05-11 08:00:00.000,08:00,25.599999999953432
2025-05-11 09:00:00.000,09:00,23.679999999934807
2025-05-11 10:00:00.000,10:00,30.620000000158324
2025-05-11 11:00:00.000,11:00,42.02545454539782
2025-05-11 12:00:00.000,12:00,48.81454545456958
2025-05-11 13:00:00.000,13:00,45.04999999990687
2025-05-11 14:00:00.000,14:00,44.96000000000931
2025-05-11 15:00:00.000,15:00,46.02000000011176
2025-05-11 16:00:00.000,16:00,42.589999999967404
2025-05-11 17:00:00.000,17:00,43.839999999967404
2025-05-11 18:00:00.000,18:00,38.77000000004191
2025-05-11 19:00:00.000,19:00,28.120000000041912
2025-05-11 20:00:00.000,20:00,28.779999999934805
2025-05-11 21:00:00.000,21:00,31.979999999934808
2025-05-11 22:00:00.000,22:00,34.160000000079165
2025-05-11 23:00:00.000,23:00,34.05750000000698
2025-05-12 00:00:00.000,00:00,26.91250000005821
2025-05-12 01:00:00.000,01:00,27.569999999855643
2025-05-12 02:00:00.000,02:00,27.260000000055882
2025-05-12 03:00:00.000,03:00,25.929999999911526
2025-05-12 04:00:00.000,04:00,25.430000000121073
2025-05-12 05:00:00.000,05:00,33.40999999996274
2025-05-12 06:00:00.000,06:00,34.49999999990687
2025-05-12 07:00:00.000,07:00,27.920000000158325
2025-05-12 08:00:00.000,08:00,30.119999999878928
2025-05-12 09:00:00.000,09:00,27.20000000004657
2025-05-12 10:00:00.000,10:00,29.26000000005588
2025-05-12 11:00:00.000,11:00,29.179999999888242
2025-05-12 12:00:00.000,12:00,27.599999999999998
2025-05-12 13:00:00.000,13:00,42.29000000003725
2025-05-12 14:00:00.000,14:00,47.2400000001071
2025-05-12 15:00:00.000,15:00,45.33999999987427
2025-05-12 16:00:00.000,16:00,45.77000000001863
2025-05-12 17:00:00.000,17:00,45.78999999996741
2025-05-12 18:00:00.000,18:00,43.480000000074504
2025-05-12 19:00:00.000,19:00,27.639999999990685
2025-05-12 20:00:00.000,20:00,26.460000000009313
2025-05-12 21:00:00.000,21:00,30.399999999953437
2025-05-12 22:00:00.000,22:00,31.76999999997206
2025-05-12 23:00:00.000,23:00,31.740000000060537
2025-05-13 00:00:00.000,00:00,24.589999999990685
2025-05-13 01:00:00.000,01:00,23.83000000005122
2025-05-13 02:00:00.000,02:00,25.559999999869614
2025-05-13 03:00:00.000,03:00,24.99000000001397
2025-05-13 04:00:00.000,04:00,23.930000000121073
2025-05-13 05:00:00.000,05:00,30.93999999989755
2025-05-13 06:00:00.000,06:00,29.400000000046568
2025-05-13 07:00:00.000,07:00,25.23999999994412
2025-05-13 08:00:00.000,08:00,28.640000000083816
2025-05-13 09:00:00.000,09:00,24.100000000046563
2025-05-13 10:00:00.000,10:00,27.400000000000002
2025-05-13 11:00:00.000,11:00,29.239999999990687
2025-05-13 12:00:00.000,12:00,29.179999999981373
2025-05-13 13:00:00.000,13:00,41.519999999925496
2025-05-13 14:00:00.000,14:00,46.389999999990685
2025-05-13 15:00:00.000,15:00,45.66999999999534
2025-05-13 16:00:00.000,16:00,47.440000000013974
2025-05-13 17:00:00.000,17:00,45.98000000000466
2025-05-13 18:00:00.000,18:00,46.10999999993946
2025-05-13 19:00:00.000,19:00,29.250000000186265
2025-05-13 20:00:00.000,20:00,27.019999999925492
2025-05-13 21:00:00.000,21:00,31.17000000004191
2025-05-13 22:00:00.000,22:00,31.23999999994412
2025-05-13 23:00:00.000,23:00,32.19499999998952
2025-05-14 00:00:00.000,00:00,24.685000000084983
2025-05-14 01:00:00.000,01:00,24.099999999883586
2025-05-14 02:00:00.000,02:00,26.760000000032594
2025-05-14 03:00:00.000,03:00,24.03000000000466
2025-05-14 04:00:00.000,04:00,24.899999999906868
2025-05-14 05:00:00.000,05:00,31.84000000003725
2025-05-14 06:00:00.000,06:00,29.58000000002794
2025-05-14 07:00:00.000,07:00,25.320000000018627
2025-05-14 08:00:00.000,08:00,27.61999999997206
2025-05-14 09:00:00.000,09:00,24.560000000009314
2025-05-14 10:00:00.000,10:00,29.72000000011176
2025-05-14 11:00:00.000,11:00,28.259999999962744
2025-05-14 12:00:00.000,12:00,28.569999999925493
2025-05-14 13:00:00.000,13:00,46.52999999993481
2025-05-14 14:00:00.000,14:00,47.58000000009779
2025-05-14 15:00:00.000,15:00,47.539999999944115
2025-05-14 16:00:00.000,16:00,47.33000000000466
2025-05-14 17:00:00.000,17:00,43.950000000046565
2025-05-14 18:00:00.000,18:00,45.079999999981375
2025-05-14 19:00:00.000,19:00,28.44000000003725
2025-05-14 20:00:00.000,20:00,27.300000000046566
2025-05-14 21:00:00.000,21:00,29.759999999986032
2025-05-14 22:00:00.000,22:00,32.18000000002794
2025-05-14 23:00:00.000,23:00,32.16499999996158
2025-05-15 00:00:00.000,00:00,24.87500000005239
2025-05-15 01:00:00.000,01:00,24.399999999906868
2025-05-15 02:00:00.000,02:00,26.260000000032594
2025-05-15 03:00:00.000,03:00,23.949999999930153
2025-05-15 04:00:00.000,04:00,24.400000000116414
2025-05-15 05:00:00.000,05:00,31.949999999883584
2025-05-15 06:00:00.000,06:00,28.779999999981374
2025-05-15 07:00:00.000,07:00,24.920000000018625
2025-05-15 08:00:00.000,08:00,31.30000000009313
2025-05-15 09:00:00.000,09:00,29.239999999990687
2025-05-15 10:00:00.000,10:00,32.65999999991618
2025-05-15 11:00:00.000,11:00,31.258181818261402
2025-05-15 12:00:00.000,12:00,29.891818181808446
2025-05-15 13:00:00.000,13:00,44.28000000002794
2025-05-15 14:00:00.000,14:00,49.409999999986034
2025-05-15 15:00:00.000,15:00,47.17999999995809
2025-05-15 16:00:00.000,16:00,47.349999999999994
2025-05-15 17:00:00.000,17:00,46.92999999993481
2025-05-15 18:00:00.000,18:00,47.089999999967404
2025-05-15 19:00:00.000,19:00,28.750000000046565
2025-05-15 20:00:00.000,20:00,27.960000000125728
2025-05-15 21:00:00.000,21:00,30.899999999953437
2025-05-15 22:00:00.000,22:00,32.59000000001397
2025-05-15 23:00:00.000,23:00,33.49999999991851
2025-05-16 00:00:00.000,00:00,26.31999999996042
2025-05-16 01:00:00.000,01:00,25.320000000041908
2025-05-16 02:00:00.000,02:00,27.740000000037256
2025-05-16 03:00:00.000,03:00,26.130000000074507
2025-05-16 04:00:00.000,04:00,26.809999999846333
2025-05-16 05:00:00.000,05:00,32.65000000004657
2025-05-16 06:00:00.000,06:00,30.21999999997206
2025-05-16 07:00:00.000,07:00,26.540000000037253
2025-05-16 08:00:00.000,08:00,28.739999999990687
2025-05-16 09:00:00.000,09:00,28.06000000010245
2025-05-16 10:00:00.000,10:00,30.259999999869613
2025-05-16 11:00:00.000,11:00,33.28000000007451
2025-05-16 12:00:00.000,12:00,34.63000000002794
2025-05-16 13:00:00.000,13:00,50.339999999967404
2025-05-16 14:00:00.000,14:00,49.74999999990687
2025-05-16 15:00:00.000,15:00,50.9000000001397
2025-05-16 16:00:00.000,16:00,50.85
2025-05-16 17:00:00.000,17:00,51.12999999988824
2025-05-16 18:00:00.000,18:00,50.310000000079164
2025-05-16 19:00:00.000,19:00,31.380000000004657
2025-05-16 20:00:00.000,20:00,28.650000000046564
2025-05-16 21:00:00.000,21:00,30.359999999916184
2025-05-16 22:00:00.000,22:00,33.52999999995809
2025-05-16 23:00:00.000,23:00,32.72500000009895
2025-05-17 00:00:00.000,00:00,26.425000000040747
2025-05-17 01:00:00.000,01:00,26.079999999864956
2025-05-17 02:00:00.000,02:00,26.580000000074506
2025-05-17 03:00:00.000,03:00,25.6099999998929
2025-05-17 04:00:00.000,04:00,25.29363636378707
2025-05-17 05:00:00.000,05:00,32.25636363635263
2025-05-17 06:00:00.000,06:00,29.41999999997206
2025-05-17 07:00:00.000,07:00,25.119999999972062
2025-05-17 08:00:00.000,08:00,28.160000000055877
2025-05-17 09:00:00.000,09:00,28.479999999934808
2025-05-17 10:00:00.000,10:00,44.93999999994412
2025-05-17 11:00:00.000,11:00,57.04000000003725
2025-05-17 12:00:00.000,12:00,69.96000000007916
2025-05-17 13:00:00.000,13:00,77.54999999990687
2025-05-17 14:00:00.000,14:00,73.10000000009313
2025-05-17 15:00:00.000,15:00,63.920000000018625
2025-05-17 16:00:00.000,16:00,65.01999999994878
2025-05-17 17:00:00.000,17:00,62.34000000003725
2025-05-17 18:00:00.000,18:00,60.53999999989755
2025-05-17 19:00:00.000,19:00,52.81000000000932
2025-05-17 20:00:00.000,20:00,50.18000000002794
2025-05-17 21:00:00.000,21:00,36.280000000004655
2025-05-17 22:00:00.000,22:00,36.62999999995809
2025-05-17 23:00:00.000,23:00,35.72750000008382
2025-05-18 00:00:00.000,00:00,27.912500000046567
2025-05-18 01:00:00.000,01:00,26.5999999998603
2025-05-18 02:00:00.000,02:00,28.199999999953434
2025-05-18 03:00:00.000,03:00,26.790000000060537
2025-05-18 04:00:00.000,04:00,27.019999999995346
2025-05-18 05:00:00.000,05:00,33.06000000005588
2025-05-18 06:00:00.000,06:00,30.619999999925493
2025-05-18 07:00:00.000,07:00,26.56000000005588
2025-05-18 08:00:00.000,08:00,31.06000000005588
2025-05-18 09:00:00.000,09:00,35.55999999996275
2025-05-18 10:00:00.000,10:00,52.599999999999994
2025-05-18 11:00:00.000,11:00,60.3800000000745
2025-05-18 12:00:00.000,12:00,67.27999999991152
2025-05-18 13:00:00.000,13:00,75.31999999999535
2025-05-18 14:00:00.000,14:00,71.2100000000326
2025-05-18 15:00:00.000,15:00,64.3699999999022
2025-05-18 16:00:00.000,16:00,63.77000000001863
2025-05-18 17:00:00.000,17:00,59.64999999995343
2025-05-18 18:00:00.000,18:00,51.1500000001397
2025-05-18 19:00:00.000,19:00,32.72000000001863
2025-05-18 20:00:00.000,20:00,29.68999999987427
2025-05-18 21:00:00.000,21:00,32.07000000011176
2025-05-18 22:00:00.000,22:00,34.12000000004191
2025-05-18 23:00:00.000,23:00,33.13749999998836
2025-05-19 00:00:00.000,00:00,27.162499999871944
2025-05-19 01:00:00.000,01:00,26.14000000008382
2025-05-19 02:00:00.000,02:00,26.76000000005588
2025-05-19 03:00:00.000,03:00,26.939999999897555
2025-05-19 04:00:00.000,04:00,25.800000000046566
2025-05-19 05:00:00.000,05:00,32.40999999986961
2025-05-19 06:00:00.000,06:00,31.3
2025-05-19 07:00:00.000,07:00,26.06000000014901
2025-05-19 08:00:00.000,08:00,27.859999999962746
2025-05-19 09:00:00.000,09:00,28.516363636251878
2025-05-19 10:00:00.000,10:00,33.40363636372018
2025-05-19 11:00:00.000,11:00,33.04181818174706
2025-05-19 12:00:00.000,12:00,33.06818181826225
2025-05-19 13:00:00.000,13:00,48.88000000000466
2025-05-19 14:00:00.000,14:00,48.859999999916184
2025-05-19 15:00:00.000,15:00,49.61000000012573
2025-05-19 16:00:00.000,16:00,49.389999999990685
2025-05-19 17:00:00.000,17:00,47.00999999991618
2025-05-19 18:00:00.000,18:00,46.1900000001071
2025-05-19 19:00:00.000,19:00,30.230000000004654
2025-05-19 20:00:00.000,20:00,27.269999999855646
2025-05-19 21:00:00.000,21:00,32.270000000065195
2025-05-19 22:00:00.000,22:00,32.84999999995343
2025-05-19 23:00:00.000,23:00,32.97750000014203
2025-05-20 00:00:00.000,00:00,26.6924999998766
2025-05-20 01:00:00.000,01:00,25.489999999990687
2025-05-20 02:00:00.000,02:00,26.460000000009316
2025-05-20 03:00:00.000,03:00,26.370000000041912
2025-05-20 04:00:00.000,04:00,25.78000000005122
2025-05-20 05:00:00.000,05:00,32.89999999988358
2025-05-20 06:00:00.000,06:00,29.299999999999997
2025-05-20 07:00:00.000,07:00,25.380000000121072
2025-05-20 08:00:00.000,08:00,27.139999999944123
2025-05-20 09:00:00.000,09:00,26.07999999998137
2025-05-20 10:00:00.000,10:00,33.93999999999069
2025-05-20 11:00:00.000,11:00,33.94000000008382
2025-05-20 12:00:00.000,12:00,33.96999999987893
2025-05-20 13:00:00.000,13:00,49.54000000003725
2025-05-20 14:00:00.000,14:00,50.450000000093134
2025-05-20 15:00:00.000,15:00,52.829999999841675
2025-05-20 16:00:00.000,16:00,52.77000000008847
2025-05-20 17:00:00.000,17:00,51.58000000009779
2025-05-20 18:00:00.000,18:00,48.48999999992083
2025-05-20 19:00:00.000,19:00,30.569999999925493
2025-05-20 20:00:00.000,20:00,28.490000000153668
2025-05-20 21:00:00.000,21:00,30.829999999888244
2025-05-20 22:00:00.000,22:00,33.46999999997206
2025-05-20 23:00:00.000,23:00,34.037500000128055
2025-05-21 00:00:00.000,00:00,26.382499999844004
2025-05-21 01:00:00.000,01:00,26.400000000116414
2025-05-21 02:00:00.000,02:00,26.290000000037253
2025-05-21 03:00:00.000,03:00,26.199999999953434
2025-05-21 04:00:00.000,04:00,26.71999999997206
2025-05-21 05:00:00.000,05:00,32.940000000060536
2025-05-21 06:00:00.000,06:00,30.15999999991618
2025-05-21 07:00:00.000,07:00,25.639999999990685
2025-05-21 08:00:00.000,08:00,26.200000000046565
2025-05-21 09:00:00.000,09:00,28.22000000006519
2025-05-21 10:00:00.000,10:00,32.37999999988824
2025-05-21 11:00:00.000,11:00,33.28000000002794
2025-05-21 12:00:00.000,12:00,34.65999999996275
2025-05-21 13:00:00.000,13:00,50.99000000013039
2025-05-21 14:00:00.000,14:00,50.72999999991152
2025-05-21 15:00:00.000,15:00,47.60000000004657
2025-05-21 16:00:00.000,16:00,43.09999999988358
2025-05-21 17:00:00.000,17:00,39.34000000013039
2025-05-21 18:00:00.000,18:00,41.089999999920835
2025-05-21 19:00:00.000,19:00,26.209999999986028
2025-05-21 20:00:00.000,20:00,25.51999999994878
2025-05-21 21:00:00.000,21:00,29.960000000172293
2025-05-21 22:00:00.000,22:00,30.949999999813734
2025-05-21 23:00:00.000,23:00,31.63750000006403
2025-05-22 00:00:00.000,00:00,31.61250000007567
2025-05-22 01:00:00.000,01:00,31.5499999998603
2025-05-22 02:00:00.000,02:00,32.01000000000931
2025-05-22 03:00:00.000,03:00,24.45000000004657
2025-05-22 04:00:00.000,04:00,24.117272727369244
2025-05-22 05:00:00.000,05:00,31.732727272630754
2025-05-22 06:00:00.000,06:00,28.08000000002794
2025-05-22 07:00:00.000,07:00,25.22000000006519
2025-05-22 08:00:00.000,08:00,26.260000000009313
2025-05-22 09:00:00.000,09:00,27.59999999990687
2025-05-22 10:00:00.000,10:00,30.440000000083817
2025-05-22 11:00:00.000,11:00,32.73999999985099
2025-05-22 12:00:00.000,12:00,29.6500000001397
2025-05-22 13:00:00.000,13:00,50.50999999998603
2025-05-22 14:00:00.000,14:00,52.39999999990687
2025-05-22 15:00:00.000,15:00,56.579999999981375
2025-05-22 16:00:00.000,16:00,56.75000000009313
2025-05-22 17:00:00.000,17:00,55.1399999999674
2025-05-22 18:00:00.000,18:00,51.70000000006985
2025-05-22 19:00:00.000,19:00,31.729999999911524
2025-05-22 20:00:00.000,20:00,28.430000000097788
2025-05-22 21:00:00.000,21:00,31.489999999967406
2025-05-22 22:00:00.000,22:00,33.559999999986026
2025-05-22 23:00:00.000,23:00,33.266250000052
2025-05-23 00:00:00.000,00:00,27.123749999985257
2025-05-23 01:00:00.000,01:00,26.32000000004191
2025-05-23 02:00:00.000,02:00,26.379999999911526
2025-05-23 03:00:00.000,03:00,27.660000000079165
2025-05-23 04:00:00.000,04:00,25.90999999991618
2025-05-23 05:00:00.000,05:00,33.47999999998137
2025-05-23 06:00:00.000,06:00,30.100000000093132
2025-05-23 07:00:00.000,07:00,30.77999999988824
2025-05-23 08:00:00.000,08:00,31.500000000046565
2025-05-23 09:00:00.000,09:00,31.039999999990687
2025-05-23 10:00:00.000,10:00,35.94000000003725
2025-05-23 11:00:00.000,11:00,42.15999999986962
2025-05-23 12:00:00.000,12:00,36.06000000014901
2025-05-23 13:00:00.000,13:00,51.36999999992549
2025-05-23 14:00:00.000,14:00,52.33000000000466
2025-05-23 15:00:00.000,15:00,51.76000000000931
2025-05-23 16:00:00.000,16:00,52.280000000051224
2025-05-23 17:00:00.000,17:00,52.92999999998137
2025-05-23 18:00:00.000,18:00,50.84000000003725
2025-05-23 19:00:00.000,19:00,32.4
2025-05-23 20:00:00.000,20:00,29.65999999991618
2025-05-23 21:00:00.000,21:00,31.929999999981373
2025-05-23 22:00:00.000,22:00,35.46000000005588
2025-05-23 23:00:00.000,23:00,35.50499999995227
2025-05-24 00:00:00.000,00:00,27.425000000029105
2025-05-24 01:00:00.000,01:00,27.980000000004658
2025-05-24 02:00:00.000,02:00,27.560000000079164
2025-05-24 03:00:00.000,03:00,28.66999999987893
2025-05-24 04:00:00.000,04:00,27.120000000088474
2025-05-24 05:00:00.000,05:00,34.1599999998929
2025-05-24 06:00:00.000,06:00,32.43999999999069
2025-05-24 07:00:00.000,07:00,28.100000000139698
2025-05-24 08:00:00.000,08:00,29.139999999897555
2025-05-24 09:00:00.000,09:00,35.06000000010245
2025-05-24 10:00:00.000,10:00,55.73999999994412
2025-05-24 11:00:00.000,11:00,64.47999999988824
2025-05-24 12:00:00.000,12:00,70.62000000015833
2025-05-24 13:00:00.000,13:00,78.58999999989756
2025-05-24 14:00:00.000,14:00,71.23000000007451
2025-05-24 15:00:00.000,15:00,68.77999999991152
2025-05-24 16:00:00.000,16:00,60.73000000014436
2025-05-24 17:00:00.000,17:00,61.159999999846335
2025-05-24 18:00:00.000,18:00,58.56000000000932
2025-05-24 19:00:00.000,19:00,52.40000000002328
2025-05-24 20:00:00.000,20:00,48.579999999934806
2025-05-24 21:00:00.000,21:00,36.050000000093135
2025-05-24 22:00:00.000,22:00,36.300000000046566
2025-05-24 23:00:00.000,23:00,35.6125
2025-05-25 00:00:00.000,00:00,27.807499999878928
2025-05-25 01:00:00.000,01:00,27.220000000158326
2025-05-25 02:00:00.000,02:00,27.16999999994878
2025-05-25 03:00:00.000,03:00,28.639999999874274
2025-05-25 04:00:00.000,04:00,26.190000000083817
2025-05-25 05:00:00.000,05:00,34.89999999995344
2025-05-25 06:00:00.000,06:00,30.78000000002794
2025-05-25 07:00:00.000,07:00,27.11999999997206
2025-05-25 08:00:00.000,08:00,27.320000000018627
2025-05-25 09:00:00.000,09:00,31.960000000055878
2025-05-25 10:00:00.000,10:00,61.43999999989755
2025-05-25 11:00:00.000,11:00,61.73000000000466
2025-05-25 12:00:00.000,12:00,69.64000000013039
2025-05-25 13:00:00.000,13:00,72.19999999997671
2025-05-25 14:00:00.000,14:00,66.74000000003726
2025-05-25 15:00:00.000,15:00,66.25
2025-05-25 16:00:00.000,16:00,58.61999999997206
2025-05-25 17:00:00.000,17:00,51.95
2025-05-25 18:00:00.000,18:00,43.51000000005588
2025-05-25 19:00:00.000,19:00,29.85999999998603
2025-05-25 20:00:00.000,20:00,27.369999999948778
2025-05-25 21:00:00.000,21:00,32.71000000003259
2025-05-25 22:00:00.000,22:00,32.5
2025-05-25 23:00:00.000,23:00,32.9599999998929
2025-05-26 00:00:00.000,00:00,25.069999999995343
2025-05-26 01:00:00.000,01:00,25.330000000144356
2025-05-26 02:00:00.000,02:00,25.369999999832363
2025-05-26 03:00:00.000,03:00,25.950000000116415
2025-05-26 04:00:00.000,04:00,25.399999999906868
2025-05-26 05:00:00.000,05:00,31.640000000060535
2025-05-26 06:00:00.000,06:00,29.48000000002794
2025-05-26 07:00:00.000,07:00,25.27999999993481
2025-05-26 08:00:00.000,08:00,25.480000000121073
2025-05-26 09:00:00.000,09:00,26.85999999991618
2025-05-26 10:00:00.000,10:00,30.179999999934807
2025-05-26 11:00:00.000,11:00,34.320000000018624
2025-05-26 12:00:00.000,12:00,34.500000000116415
2025-05-26 13:00:00.000,13:00,43.4899999999674
2025-05-26 14:00:00.000,14:00,45.169999999925494
2025-05-26 15:00:00.000,15:00,37.7399999999674
2025-05-26 16:00:00.000,16:00,37.77000000008848
2025-05-26 17:00:00.000,17:00,38.60999999993946
2025-05-26 18:00:00.000,18:00,37.49000000008382
2025-05-26 19:00:00.000,19:00,28.69999999997672
2025-05-26 20:00:00.000,20:00,26.579999999934806
2025-05-26 21:00:00.000,21:00,31.99999999997672
2025-05-26 22:00:00.000,22:00,32.46000000012573
2025-05-26 23:00:00.000,23:00,32.24249999996391
2025-05-27 00:00:00.000,00:00,24.947499999933644
2025-05-27 01:00:00.000,01:00,24.810000000032595
2025-05-27 02:00:00.000,02:00,25.08000000009779
2025-05-27 03:00:00.000,03:00,26.069999999995343
2025-05-27 04:00:00.000,04:00,24.01999999990221
2025-05-27 05:00:00.000,05:00,32.920000000065194
2025-05-27 06:00:00.000,06:00,27.339999999990685
2025-05-27 07:00:00.000,07:00,26.519999999878927
2025-05-27 08:00:00.000,08:00,25.240000000130383
2025-05-27 09:00:00.000,09:00,26.179999999981373
2025-05-27 10:00:00.000,10:00,31.640000000037254
2025-05-27 11:00:00.000,11:00,33.23818181806498
2025-05-27 12:00:00.000,12:00,33.99181818179998
2025-05-27 13:00:00.000,13:00,44.910000000032596
2025-05-27 14:00:00.000,14:00,44.15
2025-05-27 15:00:00.000,15:00,41.89000000006054
2025-05-27 16:00:00.000,16:00,43.199999999999996
2025-05-27 17:00:00.000,17:00,42.300000000000004
2025-05-27 18:00:00.000,18:00,42.53000000002794
2025-05-27 19:00:00.000,19:00,31.85999999993946
2025-05-27 20:00:00.000,20:00,28.950000000093134
2025-05-27 21:00:00.000,21:00,31.88999999987427
2025-05-27 22:00:00.000,22:00,33.05999999998603
2025-05-27 23:00:00.000,23:00,34.72500000009895
2025-05-28 00:00:00.000,00:00,25.324999999947615
2025-05-28 01:00:00.000,01:00,25.879999999911526
2025-05-28 02:00:00.000,02:00,25.41000000012573
2025-05-28 03:00:00.000,03:00,26.66999999997206
2025-05-28 04:00:00.000,04:00,24.65000000006985
2025-05-28 05:00:00.000,05:00,32.20999999993946
2025-05-28 06:00:00.000,06:00,28.779999999981374
2025-05-28 07:00:00.000,07:00,25.28000000002794
2025-05-28 08:00:00.000,08:00,28.139999999990685
2025-05-28 09:00:00.000,09:00,27.439999999897555
2025-05-28 10:00:00.000,10:00,31.94000000017695
2025-05-28 11:00:00.000,11:00,34.31999999983236
2025-05-28 12:00:00.000,12:00,33.26000000010245
2025-05-28 13:00:00.000,13:00,44.51000000000931
2025-05-28 14:00:00.000,14:00,42.88000000002794
2025-05-28 15:00:00.000,15:00,42.940000000013974
2025-05-28 16:00:00.000,16:00,41.89999999990687
2025-05-28 17:00:00.000,17:00,41.65
2025-05-28 18:00:00.000,18:00,42.339999999920835
2025-05-28 19:00:00.000,19:00,31.790000000107103
2025-05-28 20:00:00.000,20:00,27.3600000000326
2025-05-28 21:00:00.000,21:00,30.979999999934808
2025-05-28 22:00:00.000,22:00,32.52000000011176
2025-05-28 23:00:00.000,23:00,32.937499999831196
2025-05-29 00:00:00.000,00:00,26.172500000084984
2025-05-29 01:00:00.000,01:00,25.40999999991618
2025-05-29 02:00:00.000,02:00,25.910000000125727
2025-05-29 03:00:00.000,03:00,26.899999999906868
2025-05-29 04:00:00.000,04:00,25.900000000116417
2025-05-29 05:00:00.000,05:00,32.3
2025-05-29 06:00:00.000,06:00,32.97999999998137
2025-05-29 07:00:00.000,07:00,27.51999999987893
2025-05-29 08:00:00.000,08:00,29.440000000130382
2025-05-29 09:00:00.000,09:00,49.759999999962744
2025-05-29 10:00:00.000,10:00,56.17999999993481
2025-05-29 11:00:00.000,11:00,58.79555555558246
2025-05-29 12:00:00.000,12:00,68.0344444444222
2025-05-29 13:00:00.000,13:00,75.42999999998138
2025-05-29 14:00:00.000,14:00,69.09000000013039
2025-05-29 15:00:00.000,15:00,70.04999999990687
2025-05-29 16:00:00.000,16:00,65.42000000001863
2025-05-29 17:00:00.000,17:00,63.27999999993481
2025-05-29 18:00:00.000,18:00,63.3700000000652
2025-05-29 19:00:00.000,19:00,56.68000000002794
2025-05-29 20:00:00.000,20:00,55.33000000000465
2025-05-29 21:00:00.000,21:00,47.70999999996275
2025-05-29 22:00:00.000,22:00,36.59000000001397
2025-05-29 23:00:00.000,23:00,36.75999999998021
2025-05-30 00:00:00.000,00:00,27.630000000010476
2025-05-30 01:00:00.000,01:00,27.290000000037253
2025-05-30 02:00:00.000,02:00,26.43999999992084
2025-05-30 03:00:00.000,03:00,27.27000000004191
2025-05-30 04:00:00.000,04:00,25.7811111111375
2025-05-30 05:00:00.000,05:00,32.44888888877403
2025-05-30 06:00:00.000,06:00,28.640000000130385
2025-05-30 07:00:00.000,07:00,25.979999999981374
2025-05-30 08:00:00.000,08:00,29.68000000002794
2025-05-30 09:00:00.000,09:00,51.65999999996275
2025-05-30 10:00:00.000,10:00,61.42000000006519
2025-05-30 11:00:00.000,11:00,67.95999999990349
2025-05-30 12:00:00.000,12:00,81.18000000001736
2025-05-30 13:00:00.000,13:00,86.53000000007451
2025-05-30 14:00:00.000,14:00,86.27999999988825
2025-05-30 15:00:00.000,15:00,78.04000000001398
2025-05-30 16:00:00.000,16:00,73.87000000011176
2025-05-30 17:00:00.000,17:00,69.95999999984633
2025-05-30 18:00:00.000,18:00,65.12000000004191
2025-05-30 19:00:00.000,19:00,60.089999999967404
2025-05-30 20:00:00.000,20:00,57.90999999998603
2025-05-30 21:00:00.000,21:00,49.880000000051226
2025-05-30 22:00:00.000,22:00,37.62000000004191
2025-05-30 23:00:00.000,23:00,37.219999999902214
2025-05-31 00:00:00.000,00:00,31.029999999981374
2025-05-31 01:00:00.000,01:00,30.59000000001397
2025-05-31 02:00:00.000,02:00,27.92000000011176
2025-05-31 03:00:00.000,03:00,28.49000000001397
2025-05-31 04:00:00.000,04:00,27.419999999902213
2025-05-31 05:00:00.000,05:00,33.31000000000931
2025-05-31 06:00:00.000,06:00,30.959999999962747
2025-05-31 07:00:00.000,07:00,26.420000000018625
2025-05-31 08:00:00.000,08:00,35.22000000011176
2025-05-31 09:00:00.000,09:00,53.039999999990684
2025-05-31 10:00:00.000,10:00,66
2025-05-31 11:00:00.000,11:00,69.2799999999348
2025-05-31 12:00:00.000,12:00,78.32000000006519
2025-05-31 13:00:00.000,13:00,84.70999999998602
2025-05-31 14:00:00.000,14:00,76.67000000001863
2025-05-31 15:00:00.000,15:00,72.1399999999674
2025-05-31 16:00:00.000,16:00,69.70999999998602
2025-05-31 17:00:00.000,17:00,66.12000000004191
2025-05-31 18:00:00.000,18:00,63.75999999993947
2025-05-31 19:00:00.000,19:00,58.609999999962746
2025-05-31 20:00:00.000,20:00,56.96000000005588
2025-05-31 21:00:00.000,21:00,47.62999999998137
2025-05-31 22:00:00.000,22:00,37.30999999996275
2025-05-31 23:00:00.000,23:00,36.08000000013853
2025-06-01 00:00:00.000,00:00,35.30999999982887
2025-06-01 01:00:00.000,01:00,27.750000000093134
2025-06-01 02:00:00.000,02:00,28.54000000008382
2025-06-01 03:00:00.000,03:00,28.839999999827704
2025-06-01 04:00:00.000,04:00,26.980000000004658
2025-06-01 05:00:00.000,05:00,33.72000000011176
2025-06-01 06:00:00.000,06:00,31.799999999999997
2025-06-01 07:00:00.000,07:00,27.119999999972062
2025-06-01 08:00:00.000,08:00,29.320000000018624
2025-06-01 09:00:00.000,09:00,49.980000000027935
2025-06-01 10:00:00.000,10:00,59.53999999985099
2025-06-01 11:00:00.000,11:00,58.82000000011176
2025-06-01 12:00:00.000,12:00,58.24999999995343
2025-06-01 13:00:00.000,13:00,63.719999999995345
2025-06-01 14:00:00.000,14:00,63.15
2025-06-01 15:00:00.000,15:00,64.9399999999674
2025-06-01 16:00:00.000,16:00,61.99000000013039
2025-06-01 17:00:00.000,17:00,58.80999999986961
2025-06-01 18:00:00.000,18:00,47.86000000012573
2025-06-01 19:00:00.000,19:00,35.570000000018624
2025-06-01 20:00:00.000,20:00,33.309999999892895
2025-06-01 21:00:00.000,21:00,33.1399999999674
2025-06-01 22:00:00.000,22:00,33.27000000008847
2025-06-01 23:00:00.000,23:00,34.082499999884746
2025-06-02 00:00:00.000,00:00,26.4175000000454
2025-06-02 01:00:00.000,01:00,26.199999999953434
2025-06-02 02:00:00.000,02:00,26.790000000037253
2025-06-02 03:00:00.000,03:00,27.430000000144357
2025-06-02 04:00:00.000,04:00,26.5999999998603
2025-06-02 05:00:00.000,05:00,32.73000000012107
2025-06-02 06:00:00.000,06:00,31.279999999888243
2025-06-02 07:00:00.000,07:00,26.539999999990684
2025-06-02 08:00:00.000,08:00,27.920000000018625
2025-06-02 09:00:00.000,09:00,35.960000000009316
2025-06-02 10:00:00.000,10:00,34.8800000000745
2025-06-02 11:00:00.000,11:00,33.799999999953435
2025-06-02 12:00:00.000,12:00,34.38000000002794
2025-06-02 13:00:00.000,13:00,47.22999999991153
2025-06-02 14:00:00.000,14:00,49.78000000009779
2025-06-02 15:00:00.000,15:00,48.559999999986026
2025-06-02 16:00:00.000,16:00,47.42999999993481
2025-06-02 17:00:00.000,17:00,48.55999999998603
2025-06-02 18:00:00.000,18:00,49.82000000004191
2025-06-02 19:00:00.000,19:00,35.36000000005588
2025-06-02 20:00:00.000,20:00,32.67999999991152
2025-06-02 21:00:00.000,21:00,32.93999999994412
2025-06-02 22:00:00.000,22:00,33.830000000074506
2025-06-02 23:00:00.000,23:00,33.82000000004773
2025-06-03 00:00:00.000,00:00,27.299999999970897
2025-06-03 01:00:00.000,01:00,26.209999999962747
2025-06-03 02:00:00.000,02:00,33.74000000013039
2025-06-03 03:00:00.000,03:00,34.31999999983236
2025-06-03 04:00:00.000,04:00,32.802222222332944
2025-06-03 05:00:00.000,05:00,34.257777777722936
2025-06-03 06:00:00.000,06:00,30.540000000037253
2025-06-03 07:00:00.000,07:00,28.220000000065195
2025-06-03 08:00:00.000,08:00,28.960000000009313
2025-06-03 09:00:00.000,09:00,37.079999999981375
2025-06-03 10:00:00.000,10:00,41.39999999990687
2025-06-03 11:00:00.000,11:00,42.65999999996274
2025-06-03 12:00:00.000,12:00,42.33000000002794
2025-06-03 13:00:00.000,13:00,52.38000000002794
2025-06-03 14:00:00.000,14:00,52.74000000006053
2025-06-03 15:00:00.000,15:00,50.15
2025-06-03 16:00:00.000,16:00,51.28999999994412
2025-06-03 17:00:00.000,17:00,50.399999999976714
2025-06-03 18:00:00.000,18:00,47.10000000004656
2025-06-03 19:00:00.000,19:00,35.69999999997671
2025-06-03 20:00:00.000,20:00,33.290000000013976
2025-06-03 21:00:00.000,21:00,36.35999999991618
2025-06-03 22:00:00.000,22:00,34.070000000018624
2025-06-03 23:00:00.000,23:00,34.825000000046565
2025-06-04 00:00:00.000,00:00,35.13500000007917
2025-06-04 01:00:00.000,01:00,34.90999999991618
2025-06-04 02:00:00.000,02:00,35.620000000088474
2025-06-04 03:00:00.000,03:00,33.48999999992084
2025-06-04 04:00:00.000,04:00,28.38999999992084
2025-06-04 05:00:00.000,05:00,34.72000000001863
2025-06-04 06:00:00.000,06:00,31.900000000046568
2025-06-04 07:00:00.000,07:00,27.99999999995343
2025-06-04 08:00:00.000,08:00,28.780000000074505
2025-06-04 09:00:00.000,09:00,37.019999999972065
2025-06-04 10:00:00.000,10:00,35.81999999992549
2025-06-04 11:00:00.000,11:00,35.700000000139696
2025-06-04 12:00:00.000,12:00,35.77333333334989
2025-06-04 13:00:00.000,13:00,47.79666666659889
2025-06-04 14:00:00.000,14:00,50.579999999981375
2025-06-04 15:00:00.000,15:00,51.65999999996275
2025-06-04 16:00:00.000,16:00,49.420000000018625
2025-06-04 17:00:00.000,17:00,50.57000000006519
2025-06-04 18:00:00.000,18:00,50.72999999988824
2025-06-04 19:00:00.000,19:00,33.550000000093135
2025-06-04 20:00:00.000,20:00,32.94000000001397
2025-06-04 21:00:00.000,21:00,33.21999999987893
2025-06-04 22:00:00.000,22:00,33.56000000005588
2025-06-04 23:00:00.000,23:00,33.76500000002561
2025-06-05 00:00:00.000,00:00,34.07500000010477
2025-06-05 01:00:00.000,01:00,35.03999999999069
2025-06-05 02:00:00.000,02:00,34.469999999995345
2025-06-05 03:00:00.000,03:00,28.709999999869616
2025-06-05 04:00:00.000,04:00,26.709999999962747
2025-06-05 05:00:00.000,05:00,34.530000000144355
2025-06-05 06:00:00.000,06:00,32.09999999995343
2025-06-05 07:00:00.000,07:00,28.739999999944118
2025-06-05 08:00:00.000,08:00,29.68000000012107
2025-06-05 09:00:00.000,09:00,38.13999999985099
2025-06-05 10:00:00.000,10:00,39.380000000027934
2025-06-05 11:00:00.000,11:00,34.300000000046566
2025-06-05 12:00:00.000,12:00,35.51818181816065
2025-06-05 13:00:00.000,13:00,41.261818181867284
2025-06-05 14:00:00.000,14:00,38.86999999987893
2025-06-05 15:00:00.000,15:00,42.5600000000326
2025-06-05 16:00:00.000,16:00,43.92000000008848
2025-06-05 17:00:00.000,17:00,40.42999999993481
2025-06-05 18:00:00.000,18:00,37.29000000013039
2025-06-05 19:00:00.000,19:00,30.259999999846332
2025-06-05 20:00:00.000,20:00,28.91000000005588
2025-06-05 21:00:00.000,21:00,36.15000000002328
2025-06-05 22:00:00.000,22:00,34.749999999930154
2025-06-05 23:00:00.000,23:00,36.079999999981375
2025-06-06 00:00:00.000,00:00,28.900000000023283
2025-06-06 01:00:00.000,01:00,28.440000000130386
2025-06-06 02:00:00.000,02:00,27.719999999948776
2025-06-06 03:00:00.000,03:00,30.4
2025-06-06 04:00:00.000,04:00,28.040000000035135
2025-06-06 05:00:00.000,05:00,36.0000000000254
2025-06-06 06:00:00.000,06:00,35.99999999995343
2025-06-06 07:00:00.000,07:00,28.519999999925496
2025-06-06 08:00:00.000,08:00,29.580000000074506
2025-06-06 09:00:00.000,09:00,29.379999999981372
2025-06-06 10:00:00.000,10:00,31.420000000018625
2025-06-06 11:00:00.000,11:00,31.82727272725156
2025-06-06 12:00:00.000,12:00,32.79090909084136
2025-06-06 13:00:00.000,13:00,40.60181818180929
2025-06-06 14:00:00.000,14:00,41.23999999999069
2025-06-06 15:00:00.000,15:00,42.10000000009313
2025-06-06 16:00:00.000,16:00,39.590000000013966
2025-06-06 17:00:00.000,17:00,38.98999999992084
2025-06-06 18:00:00.000,18:00,41.62000000001863
2025-06-06 19:00:00.000,19:00,30.490000000060533
2025-06-06 20:00:00.000,20:00,28.5
2025-06-06 21:00:00.000,21:00,31.689999999967405
2025-06-06 22:00:00.000,22:00,33.780000000051224
2025-06-06 23:00:00.000,23:00,34.2049999999057
2025-06-07 00:00:00.000,00:00,28.334999999945286
2025-06-07 01:00:00.000,01:00,27.100000000093132
2025-06-07 02:00:00.000,02:00,27.519999999995342
2025-06-07 03:00:00.000,03:00,27.75000000004657
2025-06-07 04:00:00.000,04:00,27.619999999855647
2025-06-07 05:00:00.000,05:00,33.990000000176956
2025-06-07 06:00:00.000,06:00,31.53999999994412
2025-06-07 07:00:00.000,07:00,29.359999999962746
2025-06-07 08:00:00.000,08:00,30.839999999990688
2025-06-07 09:00:00.000,09:00,40.699999999999996
2025-06-07 10:00:00.000,10:00,41.61999999997206
2025-06-07 11:00:00.000,11:00,59.35555555562282
2025-06-07 12:00:00.000,12:00,68.93444444443772
2025-06-07 13:00:00.000,13:00,69.88999999999069
2025-06-07 14:00:00.000,14:00,63.850000000023286
2025-06-07 15:00:00.000,15:00,65.10000000002329
2025-06-07 16:00:00.000,16:00,60.42999999993481
2025-06-07 17:00:00.000,17:00,56.92999999993481
2025-06-07 18:00:00.000,18:00,55.240000000013964
2025-06-07 19:00:00.000,19:00,53.06000000010245
2025-06-07 20:00:00.000,20:00,51.739999999897556
2025-06-07 21:00:00.000,21:00,43.73000000009779
2025-06-07 22:00:00.000,22:00,37.34999999995343
2025-06-07 23:00:00.000,23:00,37.98999999996158
2025-06-08 00:00:00.000,00:00,30.839999999973223
2025-06-08 01:00:00.000,01:00,31.080000000074506
2025-06-08 02:00:00.000,02:00,29.330000000051225
2025-06-08 03:00:00.000,03:00,31.73000000002794
2025-06-08 04:00:00.000,04:00,30.209999999962747
2025-06-08 05:00:00.000,05:00,36.09000000003725
2025-06-08 06:00:00.000,06:00,34.89999999990687
2025-06-08 07:00:00.000,07:00,30.000000000046565
2025-06-08 08:00:00.000,08:00,30.679999999981373
2025-06-08 09:00:00.000,09:00,51.93999999989755
2025-06-08 10:00:00.000,10:00,63.26000000014901
2025-06-08 11:00:00.000,11:00,63.8
2025-06-08 12:00:00.000,12:00,67.18999999985098
2025-06-08 13:00:00.000,13:00,75.77000000008847
2025-06-08 14:00:00.000,14:00,75.00999999998604
2025-06-08 15:00:00.000,15:00,65.08000000009778
2025-06-08 16:00:00.000,16:00,66.18999999996741
2025-06-08 17:00:00.000,17:00,66.1
2025-06-08 18:00:00.000,18:00,62.049999999906866
2025-06-08 19:00:00.000,19:00,58.330000000074506
2025-06-08 20:00:00.000,20:00,55.58999999994412
2025-06-08 21:00:00.000,21:00,47.690000000013974
2025-06-08 22:00:00.000,22:00,38.120000000041905
2025-06-08 23:00:00.000,23:00,37.12000000001281
2025-06-09 00:00:00.000,00:00,29.799999999959255
2025-06-09 01:00:00.000,01:00,28.209999999962747
2025-06-09 02:00:00.000,02:00,28.72999999995809
2025-06-09 03:00:00.000,03:00,29.020000000088476
2025-06-09 04:00:00.000,04:00,27.67636363643899
2025-06-09 05:00:00.000,05:00,34.823636363514446
2025-06-09 06:00:00.000,06:00,31.22000000011176
2025-06-09 07:00:00.000,07:00,27.979999999981374
2025-06-09 08:00:00.000,08:00,29.379999999934807
2025-06-09 09:00:00.000,09:00,42.05999999996275
2025-06-09 10:00:00.000,10:00,55.12000000006519
2025-06-09 11:00:00.000,11:00,53.759999999962744
2025-06-09 12:00:00.000,12:00,54.380000000051226
2025-06-09 13:00:00.000,13:00,55.63000000000466
2025-06-09 14:00:00.000,14:00,55.910000000055874
2025-06-09 15:00:00.000,15:00,56.48999999996741
2025-06-09 16:00:00.000,16:00,56.38999999994412
2025-06-09 17:00:00.000,17:00,55.26000000005588
2025-06-09 18:00:00.000,18:00,48.71999999992549
2025-06-09 19:00:00.000,19:00,35.45000000004657
2025-06-09 20:00:00.000,20:00,34.5
2025-06-09 21:00:00.000,21:00,32.429999999981376
2025-06-09 22:00:00.000,22:00,35.939999999967405
2025-06-09 23:00:00.000,23:00,34.470000000094295
2025-06-10 00:00:00.000,00:00,28.59000000000815
2025-06-10 01:00:00.000,01:00,27.289999999827707
2025-06-10 02:00:00.000,02:00,27.430000000121073
2025-06-10 03:00:00.000,03:00,28.97000000001863
2025-06-10 04:00:00.000,04:00,28.199999999953434
2025-06-10 05:00:00.000,05:00,35.59000000001397
2025-06-10 06:00:00.000,06:00,31.75999999991618
2025-06-10 07:00:00.000,07:00,29.240000000130387
2025-06-10 08:00:00.000,08:00,30.739999999850987
2025-06-10 09:00:00.000,09:00,34.04000000008382
2025-06-10 10:00:00.000,10:00,36.26000000000931
2025-06-10 11:00:00.000,11:00,36.49999999990687
2025-06-10 12:00:00.000,12:00,36.44000000003725
2025-06-10 13:00:00.000,13:00,42.110000000009315
2025-06-10 14:00:00.000,14:00,48.560000000032595
2025-06-10 15:00:00.000,15:00,53.04000000003725
2025-06-10 16:00:00.000,16:00,49.579999999934806
2025-06-10 17:00:00.000,17:00,50
2025-06-10 18:00:00.000,18:00,49.84000000008382
2025-06-10 19:00:00.000,19:00,38.54000000001397
2025-06-10 20:00:00.000,20:00,33.78999999996741
2025-06-10 21:00:00.000,21:00,32.049999999953435
2025-06-10 22:00:00.000,22:00,35.40000000009313
2025-06-10 23:00:00.000,23:00,35.11499999989174
2025-06-11 00:00:00.000,00:00,28.114999999996506
2025-06-11 01:00:00.000,01:00,27.790000000037253
2025-06-11 02:00:00.000,02:00,27.429999999911526
2025-06-11 03:00:00.000,03:00,29.030000000074505
2025-06-11 04:00:00.000,04:00,28.72999999995809
2025-06-11 05:00:00.000,05:00,34.1400000001071
2025-06-11 06:00:00.000,06:00,30.039999999990684
2025-06-11 07:00:00.000,07:00,28.459999999869613
2025-06-11 08:00:00.000,08:00,28.38000000002794
2025-06-11 09:00:00.000,09:00,32.43999999999069
2025-06-11 10:00:00.000,10:00,35.54000000008382
2025-06-11 11:00:00.000,11:00,35.6
2025-06-11 12:00:00.000,12:00,37.18999999992084
2025-06-11 13:00:00.000,13:00,55.50000000009313
2025-06-11 14:00:00.000,14:00,55.34999999995343
2025-06-11 15:00:00.000,15:00,56.90999999998603
2025-06-11 16:00:00.000,16:00,54.850000000023286
2025-06-11 17:00:00.000,17:00,52.84999999995343
2025-06-11 18:00:00.000,18:00,48.889999999990685
2025-06-11 19:00:00.000,19:00,34.91999999999534
2025-06-11 20:00:00.000,20:00,33.10000000009313
2025-06-11 21:00:00.000,21:00,34.53999999992084
2025-06-11 22:00:00.000,22:00,35.180000000144354
2025-06-11 23:00:00.000,23:00,35.34999999991851
2025-06-12 00:00:00.000,00:00,31.319999999937135
2025-06-12 01:00:00.000,01:00,27.280000000051224
2025-06-12 02:00:00.000,02:00,28.209999999962747
2025-06-12 03:00:00.000,03:00,28.220000000041907
2025-06-12 04:00:00.000,04:00,29.069999999995343
2025-06-12 05:00:00.000,05:00,34.289999999990684
2025-06-12 06:00:00.000,06:00,34.17999999993481
2025-06-12 07:00:00.000,07:00,28.16000000014901
2025-06-12 08:00:00.000,08:00,30.5999999998603
2025-06-12 09:00:00.000,09:00,32.10000000004656
2025-06-12 10:00:00.000,10:00,37.640000000037254
2025-06-12 11:00:00.000,11:00,38.71999999997206
2025-06-12 12:00:00.000,12:00,39.04999999993015
2025-06-12 13:00:00.000,13:00,55.24000000006053
2025-06-12 14:00:00.000,14:00,57.81000000005588
2025-06-12 15:00:00.000,15:00,56.579999999981375
2025-06-12 16:00:00.000,16:00,56.42999999993481
2025-06-12 17:00:00.000,17:00,56.7100000000326
2025-06-12 18:00:00.000,18:00,54.54999999997671
2025-06-12 19:00:00.000,19:00,36.860000000055884
2025-06-12 20:00:00.000,20:00,34.01999999994878
2025-06-12 21:00:00.000,21:00,34.01000000012573
2025-06-12 22:00:00.000,22:00,35.84999999990687
2025-06-12 23:00:00.000,23:00,35.387500000046565
2025-06-13 00:00:00.000,00:00,28.62249999998603
2025-06-13 01:00:00.000,01:00,28.179999999958092
2025-06-13 02:00:00.000,02:00,28.520000000018626
2025-06-13 03:00:00.000,03:00,29.13999999994412
2025-06-13 04:00:00.000,04:00,29.64000000008382
2025-06-13 05:00:00.000,05:00,34.45999999996275
2025-06-13 06:00:00.000,06:00,30.979999999981374
2025-06-13 07:00:00.000,07:00,28.699999999953434
2025-06-13 08:00:00.000,08:00,30.78000000002794
2025-06-13 09:00:00.000,09:00,35.820000000018624
2025-06-13 10:00:00.000,10:00,40.53999999994412
2025-06-13 11:00:00.000,11:00,37.74666666669461
2025-06-13 12:00:00.000,12:00,38.4433333334125
2025-06-13 13:00:00.000,13:00,56.47999999993481
2025-06-13 14:00:00.000,14:00,57.090000000013966
2025-06-13 15:00:00.000,15:00,56.660000000079165
2025-06-13 16:00:00.000,16:00,55.65999999984633
2025-06-13 17:00:00.000,17:00,54.41000000005588
2025-06-13 18:00:00.000,18:00,56.55999999998603
2025-06-13 19:00:00.000,19:00,37.920000000111756
2025-06-13 20:00:00.000,20:00,34.90999999998603
2025-06-13 21:00:00.000,21:00,32.15000000004657
2025-06-13 22:00:00.000,22:00,37.17999999995809
2025-06-13 23:00:00.000,23:00,35.96999999987893
2025-06-14 00:00:00.000,00:00,28.579999999981375
2025-06-14 01:00:00.000,01:00,28.620000000088474
2025-06-14 02:00:00.000,02:00,28.980000000004658
2025-06-14 03:00:00.000,03:00,37.09999999995343
2025-06-14 04:00:00.000,04:00,38.90000000011642
2025-06-14 05:00:00.000,05:00,35.77999999984168
2025-06-14 06:00:00.000,06:00,31.48000000002794
2025-06-14 07:00:00.000,07:00,29.72000000006519
2025-06-14 08:00:00.000,08:00,28.64000000008382
2025-06-14 09:00:00.000,09:00,49.47999999998137
2025-06-14 10:00:00.000,10:00,60.33999999985099
2025-06-14 11:00:00.000,11:00,60.22000000006519
2025-06-14 12:00:00.000,12:00,69.29000000003725
2025-06-14 13:00:00.000,13:00,72.1699999999255
2025-06-14 14:00:00.000,14:00,64.50000000013969
2025-06-14 15:00:00.000,15:00,62.38999999987427
2025-06-14 16:00:00.000,16:00,62.07000000006519
2025-06-14 17:00:00.000,17:00,63.54999999990687
2025-06-14 18:00:00.000,18:00,61.95000000004657
2025-06-14 19:00:00.000,19:00,58.830000000074506
2025-06-14 20:00:00.000,20:00,55.209999999986024
2025-06-14 21:00:00.000,21:00,40.22999999988824
2025-06-14 22:00:00.000,22:00,37.94000000013039
2025-06-14 23:00:00.000,23:00,36.554999999859135
2025-06-15 00:00:00.000,00:00,28.255000000080326
2025-06-15 01:00:00.000,01:00,27.649999999953433
2025-06-15 02:00:00.000,02:00,27.14000000008382
2025-06-15 03:00:00.000,03:00,29.52999999986496
2025-06-15 04:00:00.000,04:00,27.47000000013504
2025-06-15 05:00:00.000,05:00,34.00999999993946
2025-06-15 06:00:00.000,06:00,32.97999999998137
2025-06-15 07:00:00.000,07:00,27.000000000093134
2025-06-15 08:00:00.000,08:00,28.0999999998603
2025-06-15 09:00:00.000,09:00,42.860000000055884
2025-06-15 10:00:00.000,10:00,50.46000000000931
2025-06-15 11:00:00.000,11:00,58.84000000008382
2025-06-15 12:00:00.000,12:00,66.53999999989756
2025-06-15 13:00:00.000,13:00,67.10000000006984
2025-06-15 14:00:00.000,14:00,65.24999999993015
2025-06-15 15:00:00.000,15:00,64.16000000000932
2025-06-15 16:00:00.000,16:00,62.52999999998137
2025-06-15 17:00:00.000,17:00,61.12000000004191
2025-06-15 18:00:00.000,18:00,47.18000000005122
2025-06-15 19:00:00.000,19:00,36.62999999988824
2025-06-15 20:00:00.000,20:00,34.420000000018625
2025-06-15 21:00:00.000,21:00,32.36999999999534
2025-06-15 22:00:00.000,22:00,36.84000000003725
2025-06-15 23:00:00.000,23:00,36.0649999999383
2025-06-16 00:00:00.000,00:00,28.215000000066357
2025-06-16 01:00:00.000,01:00,28.99000000001397
2025-06-16 02:00:00.000,02:00,28.10000000006985
2025-06-16 03:00:00.000,03:00,29.249999999837016
2025-06-16 04:00:00.000,04:00,28.990000000130387
2025-06-16 05:00:00.000,05:00,35.8899999999674
2025-06-16 06:00:00.000,06:00,29.31999999997206
2025-06-16 07:00:00.000,07:00,28.639999999990685
2025-06-16 08:00:00.000,08:00,31.13999999994412
2025-06-16 09:00:00.000,09:00,34.8800000000745
2025-06-16 10:00:00.000,10:00,39.34000000003725
2025-06-16 11:00:00.000,11:00,38.138181818208906
2025-06-16 12:00:00.000,12:00,38.371818181683985
2025-06-16 13:00:00.000,13:00,53.09000000006054
2025-06-16 14:00:00.000,14:00,52.2899999999674
2025-06-16 15:00:00.000,15:00,52.12000000001863
2025-06-16 16:00:00.000,16:00,52.130000000051226
2025-06-16 17:00:00.000,17:00,52.85999999991618
2025-06-16 18:00:00.000,18:00,53.800000000000004
2025-06-16 19:00:00.000,19:00,36.340000000013966
2025-06-16 20:00:00.000,20:00,34.600000000023286
2025-06-16 21:00:00.000,21:00,30.72000000006519
2025-06-16 22:00:00.000,22:00,35.79999999988358
2025-06-16 23:00:00.000,23:00,35.78500000005006
2025-06-17 00:00:00.000,00:00,29.59499999997788
2025-06-17 01:00:00.000,01:00,28.49000000001397
2025-06-17 02:00:00.000,02:00,28.530000000004655
2025-06-17 03:00:00.000,03:00,27.800000000023285
2025-06-17 04:00:00.000,04:00,29.387272727320138
2025-06-17 05:00:00.000,05:00,36.432727272745055
2025-06-17 06:00:00.000,06:00,31
2025-06-17 07:00:00.000,07:00,28.959999999962747
2025-06-17 08:00:00.000,08:00,29.859999999962746
2025-06-17 09:00:00.000,09:00,33.260000000102444
2025-06-17 10:00:00.000,10:00,37.61999999997206
2025-06-17 11:00:00.000,11:00,37.240000000037256
2025-06-17 12:00:00.000,12:00,39.21999999997206
2025-06-17 13:00:00.000,13:00,53.619999999855644
2025-06-17 14:00:00.000,14:00,53.450000000046565
2025-06-17 15:00:00.000,15:00,53.89000000006054
2025-06-17 16:00:00.000,16:00,53.01000000000931
2025-06-17 17:00:00.000,17:00,54.719999999948776
2025-06-17 18:00:00.000,18:00,53.54000000006054
2025-06-17 19:00:00.000,19:00,37.459999999986024
2025-06-17 20:00:00.000,20:00,34.80999999996275
2025-06-17 21:00:00.000,21:00,32.46999999997206
2025-06-17 22:00:00.000,22:00,35.60000000009313
2025-06-17 23:00:00.000,23:00,36.309999999933645
2025-06-18 00:00:00.000,00:00,28.620000000001163
2025-06-18 01:00:00.000,01:00,28.249999999953435
2025-06-18 02:00:00.000,02:00,28.81000000012573
2025-06-18 03:00:00.000,03:00,28.659999999892896
2025-06-18 04:00:00.000,04:00,28.580000000074506
2025-06-18 05:00:00.000,05:00,36.37999999995809
2025-06-18 06:00:00.000,06:00,31.460000000055878
2025-06-18 07:00:00.000,07:00,25.959999999962747
2025-06-18 08:00:00.000,08:00,22.05999999991618
2025-06-18 09:00:00.000,09:00,25.000000000046565
2025-06-18 10:00:00.000,10:00,29.040000000037253
2025-06-18 11:00:00.000,11:00,34.080000000074506
2025-06-18 12:00:00.000,12:00,39.53999999992084
2025-06-18 13:00:00.000,13:00,48.72999999995809
2025-06-18 14:00:00.000,14:00,49.46000000000931
2025-06-18 15:00:00.000,15:00,56.34000000008382
2025-06-18 16:00:00.000,16:00,54.63999999996741
2025-06-18 17:00:00.000,17:00,58.39999999990687
2025-06-18 18:00:00.000,18:00,54.949999999999996
2025-06-18 19:00:00.000,19:00,38.6
2025-06-18 20:00:00.000,20:00,35.87000000011176
2025-06-18 21:00:00.000,21:00,33.90999999998603
2025-06-18 22:00:00.000,22:00,36.82999999991152
2025-06-18 23:00:00.000,23:00,38.22999999998137
2025-06-19 00:00:00.000,00:00,37.70000000016298
2025-06-19 01:00:00.000,01:00,37.889999999897555
2025-06-19 02:00:00.000,02:00,37.130000000097795
2025-06-19 03:00:00.000,03:00,33.89999999983702
2025-06-19 04:00:00.000,04:00,29.33000000002794
2025-06-19 05:00:00.000,05:00,37.91000000005588
2025-06-19 06:00:00.000,06:00,33.12000000001863
2025-06-19 07:00:00.000,07:00,31.820000000065193
2025-06-19 08:00:00.000,08:00,30.839999999897554
2025-06-19 09:00:00.000,09:00,34.60000000009313
2025-06-19 10:00:00.000,10:00,37.699999999860296
2025-06-19 11:00:00.000,11:00,39.26000000007705
2025-06-19 12:00:00.000,12:00,39.599999999932265
2025-06-19 13:00:00.000,13:00,48.030000000051224
2025-06-19 14:00:00.000,14:00,56.47999999995809
2025-06-19 15:00:00.000,15:00,58.5600000000326
2025-06-19 16:00:00.000,16:00,58.250000000023284
2025-06-19 17:00:00.000,17:00,56.36999999994878
2025-06-19 18:00:00.000,18:00,56.38000000009779
2025-06-19 19:00:00.000,19:00,38.83999999989756
2025-06-19 20:00:00.000,20:00,35.55999999998603
2025-06-19 21:00:00.000,21:00,31.980000000051223
2025-06-19 22:00:00.000,22:00,36.93000000005122
2025-06-19 23:00:00.000,23:00,36.73250000000117
2025-06-20 00:00:00.000,00:00,37.197499999956925
2025-06-20 01:00:00.000,01:00,32.94000000003726
2025-06-20 02:00:00.000,02:00,29.00999999998603
2025-06-20 03:00:00.000,03:00,29.420000000018625
2025-06-20 04:00:00.000,04:00,28.629999999864957
2025-06-20 05:00:00.000,05:00,36.41000000014901
2025-06-20 06:00:00.000,06:00,31.4
2025-06-20 07:00:00.000,07:00,29.839999999944123
2025-06-20 08:00:00.000,08:00,30.179999999934807
2025-06-20 09:00:00.000,09:00,33.5
2025-06-20 10:00:00.000,10:00,37.35999999996275
2025-06-20 11:00:00.000,11:00,40.78000000012107
2025-06-20 12:00:00.000,12:00,41.129999999911526
2025-06-20 13:00:00.000,13:00,55.4
2025-06-20 14:00:00.000,14:00,58.5400000001071
2025-06-20 15:00:00.000,15:00,55.7100000000326
2025-06-20 16:00:00.000,16:00,56.39999999990687
2025-06-20 17:00:00.000,17:00,57.98999999992083
2025-06-20 18:00:00.000,18:00,59.08000000014435
2025-06-20 19:00:00.000,19:00,44.1899999999674
2025-06-20 20:00:00.000,20:00,38.830000000074506
2025-06-20 21:00:00.000,21:00,35.689999999874274
2025-06-20 22:00:00.000,22:00,41.079999999981375
2025-06-20 23:00:00.000,23:00,39.36749999996973
2025-06-21 00:00:00.000,00:00,32.51250000012806
2025-06-21 01:00:00.000,01:00,31.28000000002794
2025-06-21 02:00:00.000,02:00,31.88999999992084
2025-06-21 03:00:00.000,03:00,30.379999999911522
2025-06-21 04:00:00.000,04:00,31.030000000004655
2025-06-21 05:00:00.000,05:00,37.32000000008847
2025-06-21 06:00:00.000,06:00,33.10000000004656
2025-06-21 07:00:00.000,07:00,30.679999999934807
2025-06-21 08:00:00.000,08:00,32.72000000006519
2025-06-21 09:00:00.000,09:00,38.87999999988824
2025-06-21 10:00:00.000,10:00,51.460000000009316
2025-06-21 11:00:00.000,11:00,64.56000000005588
2025-06-21 12:00:00.000,12:00,62.67999999993481
2025-06-21 13:00:00.000,13:00,65.2
2025-06-21 14:00:00.000,14:00,61.26000000012573
2025-06-21 15:00:00.000,15:00,57.36999999990221
2025-06-21 16:00:00.000,16:00,54.02999999995809
2025-06-21 17:00:00.000,17:00,52.410000000172296
2025-06-21 18:00:00.000,18:00,47.77999999988824
2025-06-21 19:00:00.000,19:00,47.13000000005122
2025-06-21 20:00:00.000,20:00,46.59000000001397
2025-06-21 21:00:00.000,21:00,35.2599999998929
2025-06-21 22:00:00.000,22:00,37.3
2025-06-21 23:00:00.000,23:00,37.02750000001397
2025-06-22 00:00:00.000,00:00,37.25250000003725
2025-06-22 01:00:00.000,01:00,35.8699999999255
2025-06-22 02:00:00.000,02:00,34.34000000017695
2025-06-22 03:00:00.000,03:00,28.879999999911526
2025-06-22 04:00:00.000,04:00,29.810909090857866
2025-06-22 05:00:00.000,05:00,36.54909090922129
2025-06-22 06:00:00.000,06:00,35.51999999997206
2025-06-22 07:00:00.000,07:00,29.359999999962746
2025-06-22 08:00:00.000,08:00,31.439999999897555
2025-06-22 09:00:00.000,09:00,46.24000000008382
2025-06-22 10:00:00.000,10:00,58.8800000000745
2025-06-22 11:00:00.000,11:00,63.93999999985098
2025-06-22 12:00:00.000,12:00,71.61000000005588
2025-06-22 13:00:00.000,13:00,78.2299999999581
2025-06-22 14:00:00.000,14:00,72.25000000004657
2025-06-22 15:00:00.000,15:00,67.95000000004657
2025-06-22 16:00:00.000,16:00,64.9399999999674
2025-06-22 17:00:00.000,17:00,63.34999999995343
2025-06-22 18:00:00.000,18:00,54.10999999998603
2025-06-22 19:00:00.000,19:00,38.77000000004191
2025-06-22 20:00:00.000,20:00,37.169999999925494
2025-06-22 21:00:00.000,21:00,33.300000000093135
2025-06-22 22:00:00.000,22:00,37.8700000000652
2025-06-22 23:00:00.000,23:00,38.529999999864955
2025-06-23 00:00:00.000,00:00,31.680000000074507
2025-06-23 01:00:00.000,01:00,30.080000000074506
2025-06-23 02:00:00.000,02:00,30.12999999988824
2025-06-23 03:00:00.000,03:00,29.880000000121072
2025-06-23 04:00:00.000,04:00,30.019999999995342
2025-06-23 05:00:00.000,05:00,36.64999999990687
2025-06-23 06:00:00.000,06:00,33.04000000003725
2025-06-23 07:00:00.000,07:00,31.4
2025-06-23 08:00:00.000,08:00,34.09999999990687
2025-06-23 09:00:00.000,09:00,34.74000000008382
2025-06-23 10:00:00.000,10:00,38.53999999989755
2025-06-23 11:00:00.000,11:00,39.140000000083816
2025-06-23 12:00:00.000,12:00,41.65000000009313
2025-06-23 13:00:00.000,13:00,55.66999999985565
2025-06-23 14:00:00.000,14:00,57.389999999990685
2025-06-23 15:00:00.000,15:00,57.65
2025-06-23 16:00:00.000,16:00,57.830000000074506
2025-06-23 17:00:00.000,17:00,57.049999999953435
2025-06-23 18:00:00.000,18:00,58.780000000097786
2025-06-23 19:00:00.000,19:00,41.02999999988824
2025-06-23 20:00:00.000,20:00,38.660000000079165
2025-06-23 21:00:00.000,21:00,34.09000000001397
2025-06-23 22:00:00.000,22:00,38.01999999994877
2025-06-23 23:00:00.000,23:00,37.57999999995227
2025-06-24 00:00:00.000,00:00,38.2600000000617
2025-06-24 01:00:00.000,01:00,36.33000000002794
2025-06-24 02:00:00.000,02:00,37.29000000003725
2025-06-24 03:00:00.000,03:00,36.649999999976714
2025-06-24 04:00:00.000,04:00,37.72999999995809
2025-06-24 05:00:00.000,05:00,36.59999999995343
2025-06-24 06:00:00.000,06:00,34.56000000010245
2025-06-24 07:00:00.000,07:00,32.75999999991618
2025-06-24 08:00:00.000,08:00,30.760000000102444
2025-06-24 09:00:00.000,09:00,33.77999999993481
2025-06-24 10:00:00.000,10:00,38.3800000000745
2025-06-24 11:00:00.000,11:00,43.579999999934806
2025-06-24 12:00:00.000,12:00,47.63999999994412
2025-06-24 13:00:00.000,13:00,58.17000000004191
2025-06-24 14:00:00.000,14:00,62.0099999998929
2025-06-24 15:00:00.000,15:00,65.1300000000745
2025-06-24 16:00:00.000,16:00,62.01000000007916
2025-06-24 17:00:00.000,17:00,63.73999999999069
2025-06-24 18:00:00.000,18:00,64
2025-06-24 19:00:00.000,19:00,48.189999999920836
2025-06-24 20:00:00.000,20:00,39.920000000065194
2025-06-24 21:00:00.000,21:00,36.53999999994412
2025-06-24 22:00:00.000,22:00,40.169999999925494
2025-06-24 23:00:00.000,23:00,39.75000000005239
2025-06-25 00:00:00.000,00:00,39.74999999994761
2025-06-25 01:00:00.000,01:00,39.210000000055885
2025-06-25 02:00:00.000,02:00,38.72999999995809
2025-06-25 03:00:00.000,03:00,39.00999999998603
2025-06-25 04:00:00.000,04:00,38.55
2025-06-25 05:00:00.000,05:00,40.240000000037256
2025-06-25 06:00:00.000,06:00,38.800000000046566
2025-06-25 07:00:00.000,07:00,33.84000000008382
2025-06-25 08:00:00.000,08:00,33.99999999995343
2025-06-25 09:00:00.000,09:00,34.699999999953434
2025-06-25 10:00:00.000,10:00,35.580000000074506
2025-06-25 11:00:00.000,11:00,40.93999999985099
2025-06-25 12:00:00.000,12:00,41.85000000009313
2025-06-25 13:00:00.000,13:00,52.560000000079164
2025-06-25 14:00:00.000,14:00,56.169999999925494
2025-06-25 15:00:00.000,15:00,56.35
2025-06-25 16:00:00.000,16:00,59.21999999990221
2025-06-25 17:00:00.000,17:00,58.170000000158325
2025-06-25 18:00:00.000,18:00,53.48000000002794
2025-06-25 19:00:00.000,19:00,37.32999999991152
2025-06-25 20:00:00.000,20:00,36.53999999994412
2025-06-25 21:00:00.000,21:00,33.81000000005588
2025-06-25 22:00:00.000,22:00,36.89000000006054
2025-06-25 23:00:00.000,23:00,36.04249999984749
2025-06-26 00:00:00.000,00:00,36.29750000005006
2025-06-26 01:00:00.000,01:00,37.430000000004654
2025-06-26 02:00:00.000,02:00,38.539999999990684
2025-06-26 03:00:00.000,03:00,35.689999999967405
2025-06-26 04:00:00.000,04:00,35.710000000149016
2025-06-26 05:00:00.000,05:00,35.47999999988824
2025-06-26 06:00:00.000,06:00,32.54000000003725
2025-06-26 07:00:00.000,07:00,29.479999999981374
2025-06-26 08:00:00.000,08:00,28.700000000093134
2025-06-26 09:00:00.000,09:00,32.39999999995344
2025-06-26 10:00:00.000,10:00,35.32000000006519
2025-06-26 11:00:00.000,11:00,35.6199999999255
2025-06-26 12:00:00.000,12:00,50.23807860265981
2025-06-26 13:00:00.000,13:00,50.64628820961918
2025-06-26 14:00:00.000,14:00,50.64628820961918
2025-06-26 15:00:00.000,15:00,50.78934497805057
2025-06-26 16:00:00.000,16:00,54.969999999995345
2025-06-26 17:00:00.000,17:00,57
2025-06-26 18:00:00.000,18:00,55.26000000003259
2025-06-26 19:00:00.000,19:00,38.56999999997206
2025-06-26 20:00:00.000,20:00,32.900000000116414
2025-06-26 21:00:00.000,21:00,30.579999999888244
2025-06-26 22:00:00.000,22:00,34.420000000111756
2025-06-26 23:00:00.000,23:00,34.315555555388954
2025-06-27 00:00:00.000,00:00,35.14444444462036
2025-06-27 01:00:00.000,01:00,33.58999999987427
2025-06-27 02:00:00.000,02:00,33.640000000083816
2025-06-27 03:00:00.000,03:00,33.72999999995809
2025-06-27 04:00:00.000,04:00,33.89999999990687
2025-06-27 05:00:00.000,05:00,34.68000000012107
2025-06-27 06:00:00.000,06:00,30.279999999981374
2025-06-27 07:00:00.000,07:00,32.480000000074504
2025-06-27 08:00:00.000,08:00,35.61999999997206
2025-06-27 09:00:00.000,09:00,37.53999999989755
2025-06-27 10:00:00.000,10:00,41.420000000018625
2025-06-27 11:00:00.000,11:00,37.200000000046565
2025-06-27 12:00:00.000,12:00,38.03999999992084
2025-06-27 13:00:00.000,13:00,54.030000000051224
2025-06-27 14:00:00.000,14:00,58.10999999993947
2025-06-27 15:00:00.000,15:00,59.39000000006053
2025-06-27 16:00:00.000,16:00,59.99999999994567
2025-06-27 17:00:00.000,17:00,59.91000000004036
2025-06-27 18:00:00.000,18:00,60.10000000009313
2025-06-27 19:00:00.000,19:00,44.6899999999674
2025-06-27 20:00:00.000,20:00,39.519999999925496
2025-06-27 21:00:00.000,21:00,36.62000000004191
2025-06-27 22:00:00.000,22:00,40.57000000006519
2025-06-27 23:00:00.000,23:00,39.58999999997322
2025-06-28 00:00:00.000,00:00,34.40999999991036
2025-06-28 01:00:00.000,01:00,34.539999999990684
2025-06-28 02:00:00.000,02:00,40.1399999999674
2025-06-28 03:00:00.000,03:00,32.94000000003725
2025-06-28 04:00:00.000,04:00,32.469999999995345
2025-06-28 05:00:00.000,05:00,39.21000000010245
2025-06-28 06:00:00.000,06:00,35.079999999934806
2025-06-28 07:00:00.000,07:00,31.819999999925493
2025-06-28 08:00:00.000,08:00,32.84000000003725
2025-06-28 09:00:00.000,09:00,38.2
2025-06-28 10:00:00.000,10:00,50.480000000027935
2025-06-28 11:00:00.000,11:00,64.7200000000652
2025-06-28 12:00:00.000,12:00,79.95
2025-06-28 13:00:00.000,13:00,86.22999999998137
2025-06-28 14:00:00.000,14:00,77.94999999995343
2025-06-28 15:00:00.000,15:00,70.14000000008382
2025-06-28 16:00:00.000,16:00,66.09000000001397
2025-06-28 17:00:00.000,17:00,67.59000000001397
2025-06-28 18:00:00.000,18:00,64.34999999995344
2025-06-28 19:00:00.000,19:00,60.70999999998603
2025-06-28 20:00:00.000,20:00,52.109999999962746
2025-06-28 21:00:00.000,21:00,39.399999999976714
2025-06-28 22:00:00.000,22:00,39.85
2025-06-28 23:00:00.000,23:00,38.34250000008033
2025-06-29 00:00:00.000,00:00,32.84750000002678
2025-06-29 01:00:00.000,01:00,30.86999999983236
2025-06-29 02:00:00.000,02:00,30.44000000001397
2025-06-29 03:00:00.000,03:00,30.059999999986033
2025-06-29 04:00:00.000,04:00,30.870000000135043
2025-06-29 05:00:00.000,05:00,36.39999999995344
2025-06-29 06:00:00.000,06:00,32.67999999993481
2025-06-29 07:00:00.000,07:00,30.260000000102444
2025-06-29 08:00:00.000,08:00,32.56000000000931
2025-06-29 09:00:00.000,09:00,45.299999999953435
2025-06-29 10:00:00.000,10:00,52.81999999997206
2025-06-29 11:00:00.000,11:00,59.09999999995343
2025-06-29 12:00:00.000,12:00,64.0500000001397
2025-06-29 13:00:00.000,13:00,66.1
2025-06-29 14:00:00.000,14:00,63.6399999999674
2025-06-29 15:00:00.000,15:00,66.12999999993481
2025-06-29 16:00:00.000,16:00,64.90999999993946
2025-06-29 17:00:00.000,17:00,63.300000000046566
2025-06-29 18:00:00.000,18:00,56.030000000051224
2025-06-29 19:00:00.000,19:00,39.040000000013976
2025-06-29 20:00:00.000,20:00,32.48999999992083
2025-06-29 21:00:00.000,21:00,30.28000000009779
2025-06-29 22:00:00.000,22:00,34.5
2025-06-29 23:00:00.000,23:00,33.24749999991618
2025-06-30 00:00:00.000,00:00,28.28249999997206
2025-06-30 01:00:00.000,01:00,26.97000000011176
2025-06-30 02:00:00.000,02:00,33.07999999995809
2025-06-30 03:00:00.000,03:00,30.69000000008382
2025-06-30 04:00:00.000,04:00,27.21999999990221
2025-06-30 05:00:00.000,05:00,34.21999999997206
2025-06-30 06:00:00.000,06:00,29.13999999999069
2025-06-30 07:00:00.000,07:00,26.980000000074504
2025-06-30 08:00:00.000,08:00,28.420000000065194
2025-06-30 09:00:00.000,09:00,31.71999999992549
2025-06-30 10:00:00.000,10:00,43.24000000008382
2025-06-30 11:00:00.000,11:00,45.727272727124564
2025-06-30 12:00:00.000,12:00,45.83272727276834
2025-06-30 13:00:00.000,13:00,48.68000000007451
2025-06-30 14:00:00.000,14:00,55.02999999988825
2025-06-30 15:00:00.000,15:00,59.11999999997206
2025-06-30 16:00:00.000,16:00,53.11000000012572
2025-06-30 17:00:00.000,17:00,53.48999999992084
2025-06-30 18:00:00.000,18:00,53.420000000065194
2025-06-30 19:00:00.000,19:00,46.31999999994878
2025-06-30 20:00:00.000,20:00,41.26000000007916
2025-06-30 21:00:00.000,21:00,38.42999999993481
2025-06-30 22:00:00.000,22:00,42.08999999999069
2025-06-30 23:00:00.000,23:00,40.402499999967404
2025-07-01 00:00:00.000,00:00,35.36750000005122
2025-07-01 01:00:00.000,01:00,34.01999999999534
2025-07-01 02:00:00.000,02:00,32.85000000004657
2025-07-01 03:00:00.000,03:00,30.16999999987893
2025-07-01 04:00:00.000,04:00,29.752727272877976
2025-07-01 05:00:00.000,05:00,37.58727272720584
2025-07-01 06:00:00.000,06:00,33.22000000006519
2025-07-01 07:00:00.000,07:00,30.85999999996275
2025-07-01 08:00:00.000,08:00,31.939999999990686
2025-07-01 09:00:00.000,09:00,35.50000000004657
2025-07-01 10:00:00.000,10:00,38.5
2025-07-01 11:00:00.000,11:00,38.50999999998603
2025-07-01 12:00:00.000,12:00,36.80999999984633
2025-07-01 13:00:00.000,13:00,39.08000000009779
2025-07-01 14:00:00.000,14:00,37.460000000009316
2025-07-01 15:00:00.000,15:00,41.43999999999069
2025-07-01 16:00:00.000,16:00,41.9399999999674
2025-07-01 17:00:00.000,17:00,46.430000000027945
2025-07-01 18:00:00.000,18:00,46.049999999906866
2025-07-01 19:00:00.000,19:00,46.3400000001071
2025-07-01 20:00:00.000,20:00,42.98000000000465
2025-07-01 21:00:00.000,21:00,38.12999999988824
2025-07-01 22:00:00.000,22:00,41.170000000158325
2025-07-01 23:00:00.000,23:00,41.66749999985332
2025-07-02 00:00:00.000,00:00,33.25250000016531
2025-07-02 01:00:00.000,01:00,35.75999999982305
2025-07-02 02:00:00.000,02:00,31.9500000001397
2025-07-02 03:00:00.000,03:00,32.45999999998603
2025-07-02 04:00:00.000,04:00,31.1
2025-07-02 05:00:00.000,05:00,38.99000000006054
2025-07-02 06:00:00.000,06:00,35.1199999999255
2025-07-02 07:00:00.000,07:00,31.680000000074507
2025-07-02 08:00:00.000,08:00,31.559999999869614
2025-07-02 09:00:00.000,09:00,32.37999999998137
2025-07-02 10:00:00.000,10:00,35.47999999998137
2025-07-02 11:00:00.000,11:00,34.260000000102444
2025-07-02 12:00:00.000,12:00,34.55000000002328
2025-07-02 13:00:00.000,13:00,44.72999999991153
2025-07-02 14:00:00.000,14:00,43.389999999944116
2025-07-02 15:00:00.000,15:00,41.770000000065195
2025-07-02 16:00:00.000,16:00,47.22999999998137
2025-07-02 17:00:00.000,17:00,47.72000000011176
2025-07-02 18:00:00.000,18:00,44.75999999993946
2025-07-02 19:00:00.000,19:00,38.999999999976716
2025-07-02 20:00:00.000,20:00,31.20999999998603
2025-07-02 21:00:00.000,21:00,32.35000000004656
2025-07-02 22:00:00.000,22:00,37.72000000006519
2025-07-02 23:00:00.000,23:00,37.01499999995576
2025-07-03 00:00:00.000,00:00,30.934999999927822
2025-07-03 01:00:00.000,01:00,29.88000000002794
2025-07-03 02:00:00.000,02:00,29.879999999934807
2025-07-03 03:00:00.000,03:00,29.92000000011176
2025-07-03 04:00:00.000,04:00,29
2025-07-03 05:00:00.000,05:00,34.73999999999069
2025-07-03 06:00:00.000,06:00,33.979999999934805
2025-07-03 07:00:00.000,07:00,30.140000000130385
2025-07-03 08:00:00.000,08:00,28.259999999962748
2025-07-03 09:00:00.000,09:00,30.039999999944122
2025-07-03 10:00:00.000,10:00,32.200000000046565
2025-07-03 11:00:00.000,11:00,31.99999999990687
2025-07-03 12:00:00.000,12:00,32.39999999995344
2025-07-03 13:00:00.000,13:00,42.840000000153665
2025-07-03 14:00:00.000,14:00,37.87999999995809
2025-07-03 15:00:00.000,15:00,38.300000000046566
2025-07-03 16:00:00.000,16:00,39.67999999984168
2025-07-03 17:00:00.000,17:00,39.190000000107105
2025-07-03 18:00:00.000,18:00,40.46999999997206
2025-07-03 19:00:00.000,19:00,33.11000000007916
2025-07-03 20:00:00.000,20:00,29.039999999897553
2025-07-03 21:00:00.000,21:00,29.270000000065195
2025-07-03 22:00:00.000,22:00,33.959999999892894
2025-07-03 23:00:00.000,23:00,32.61000000009081
2025-07-04 00:00:00.000,00:00,33.100000000081494
2025-07-04 01:00:00.000,01:00,35.01999999999534
2025-07-04 02:00:00.000,02:00,26.60999999998603
2025-07-04 03:00:00.000,03:00,25.89999999993015
2025-07-04 04:00:00.000,04:00,26.13999999994412
2025-07-04 05:00:00.000,05:00,32.64000000006054
2025-07-04 06:00:00.000,06:00,30.380000000074503
2025-07-04 07:00:00.000,07:00,26.95999999991618
2025-07-04 08:00:00.000,08:00,25.720000000018626
2025-07-04 09:00:00.000,09:00,27.820000000065193
2025-07-04 10:00:00.000,10:00,27.179999999841677
2025-07-04 11:00:00.000,11:00,27.460000000102447
2025-07-04 12:00:00.000,12:00,28.130000000051222
2025-07-04 13:00:00.000,13:00,31.209999999869616
2025-07-04 14:00:00.000,14:00,38.00000000004657
2025-07-04 15:00:00.000,15:00,40.21000000003259
2025-07-04 16:00:00.000,16:00,42.280000000051224
2025-07-04 17:00:00.000,17:00,40.369999999948774
2025-07-04 18:00:00.000,18:00,42.890000000037254
2025-07-04 19:00:00.000,19:00,31.399999999883587
2025-07-04 20:00:00.000,20:00,27.75000000002328
2025-07-04 21:00:00.000,21:00,29.08000000002794
2025-07-04 22:00:00.000,22:00,34.70999999998603
2025-07-04 23:00:00.000,23:00,27.681154111923174
2025-07-05 00:00:00.000,00:00,-30.932964754664834
2025-07-05 01:00:00.000,01:00,-30.932964754664834
2025-07-05 02:00:00.000,02:00,-30.932964754664834
2025-07-05 03:00:00.000,03:00,-30.932964754664834
2025-07-05 04:00:00.000,04:00,-30.932964754664834
2025-07-05 05:00:00.000,05:00,-30.932964754664834
2025-07-05 06:00:00.000,06:00,-30.932964754664834
2025-07-05 07:00:00.000,07:00,-30.932964754664834
2025-07-05 08:00:00.000,08:00,-30.932964754664834
2025-07-05 09:00:00.000,09:00,-30.932964754664834
2025-07-05 10:00:00.000,10:00,-30.932964754664834
2025-07-05 11:00:00.000,11:00,-30.932964754664834
2025-07-05 12:00:00.000,12:00,-30.932964754664834
2025-07-05 13:00:00.000,13:00,-30.932964754664834
2025-07-05 14:00:00.000,14:00,-30.932964754664834
2025-07-05 15:00:00.000,15:00,-30.932964754664834
2025-07-05 16:00:00.000,16:00,-30.932964754664834
2025-07-05 17:00:00.000,17:00,-30.932964754664834
2025-07-05 18:00:00.000,18:00,-30.932964754664834
2025-07-05 19:00:00.000,19:00,-30.932964754664834
2025-07-05 20:00:00.000,20:00,-30.932964754664834
2025-07-05 21:00:00.000,21:00,-30.932964754664834
2025-07-05 22:00:00.000,22:00,-30.932964754664834
2025-07-05 23:00:00.000,23:00,-30.932964754664834
2025-07-06 00:00:00.000,00:00,0
2025-07-06 01:00:00.000,01:00,0
2025-07-06 02:00:00.000,02:00,0
2025-07-06 03:00:00.000,03:00,0
2025-07-06 04:00:00.000,04:00,0
2025-07-06 05:00:00.000,05:00,0
2025-07-06 06:00:00.000,06:00,0
2025-07-06 07:00:00.000,07:00,0
2025-07-06 08:00:00.000,08:00,0
2025-07-06 09:00:00.000,09:00,0
2025-07-06 10:00:00.000,10:00,0
2025-07-06 11:00:00.000,11:00,0
2025-07-06 12:00:00.000,12:00,0
2025-07-06 13:00:00.000,13:00,0
2025-07-06 14:00:00.000,14:00,0
2025-07-06 15:00:00.000,15:00,0
2025-07-06 16:00:00.000,16:00,0
2025-07-06 17:00:00.000,17:00,0
2025-07-06 18:00:00.000,18:00,0
2025-07-06 19:00:00.000,19:00,0
2025-07-06 20:00:00.000,20:00,0
2025-07-06 21:00:00.000,21:00,0
2025-07-06 22:00:00.000,22:00,0
2025-07-06 23:00:00.000,23:00,0
2025-07-07 00:00:00.000,00:00,224.8948374760994
2025-07-07 01:00:00.000,01:00,337.34225621414913
2025-07-07 02:00:00.000,02:00,337.34225621414913
2025-07-07 03:00:00.000,03:00,337.34225621414913
2025-07-07 04:00:00.000,04:00,337.34225621414913
2025-07-07 05:00:00.000,05:00,337.34225621414913
2025-07-07 06:00:00.000,06:00,337.34225621414913
2025-07-07 07:00:00.000,07:00,337.34225621414913
2025-07-07 08:00:00.000,08:00,337.34225621414913
2025-07-07 09:00:00.000,09:00,485.05711281072143
2025-07-07 10:00:00.000,10:00,45.330000000121075
2025-07-07 11:00:00.000,11:00,63.569999999995346
2025-07-07 12:00:00.000,12:00,77.94999999986031
2025-07-07 13:00:00.000,13:00,80.98000000007451
2025-07-07 14:00:00.000,14:00,69.69999999995343
2025-07-07 15:00:00.000,15:00,62.62000000001862
2025-07-07 16:00:00.000,16:00,67.05999999996274
2025-07-07 17:00:00.000,17:00,65.96000000010244
2025-07-07 18:00:00.000,18:00,66.63999999985099
2025-07-07 19:00:00.000,19:00,60.22000000001863
2025-07-07 20:00:00.000,20:00,59.140000000130385
2025-07-07 21:00:00.000,21:00,39.000000000023284
2025-07-07 22:00:00.000,22:00,38.409999999939465
2025-07-07 23:00:00.000,23:00,37.90499999998137
2025-07-08 00:00:00.000,00:00,31.835000000032597
2025-07-08 01:00:00.000,01:00,33.39999999993015
2025-07-08 02:00:00.000,02:00,32.199999999953434
2025-07-08 03:00:00.000,03:00,32.050000000000004
2025-07-08 04:00:00.000,04:00,31.870000000135043
2025-07-08 05:00:00.000,05:00,35.80999999998603
2025-07-08 06:00:00.000,06:00,33.699999999906865
2025-07-08 07:00:00.000,07:00,34.8000000001397
2025-07-08 08:00:00.000,08:00,31.460000000009316
2025-07-08 09:00:00.000,09:00,33.53999999985099
2025-07-08 10:00:00.000,10:00,47.86000000014901
2025-07-08 11:00:00.000,11:00,65.48181818165732
2025-07-08 12:00:00.000,12:00,76.51818181829611
2025-07-08 13:00:00.000,13:00,84.8099999998929
2025-07-08 14:00:00.000,14:00,76.04454545465255
2025-07-08 15:00:00.000,15:00,70.07545454545921
2025-07-08 16:00:00.000,16:00,65.11000000000931
2025-07-08 17:00:00.000,17:00,67.68000000000465
2025-07-08 18:00:00.000,18:00,69.2899999999674
2025-07-08 19:00:00.000,19:00,62.340000000060535
2025-07-08 20:00:00.000,20:00,58.13999999996741
2025-07-08 21:00:00.000,21:00,39.61000000003259
2025-07-08 22:00:00.000,22:00,39.2499999998603
2025-07-08 23:00:00.000,23:00,37.450000000087314
2025-07-09 00:00:00.000,00:00,32.15999999987544
2025-07-09 01:00:00.000,01:00,32.88000000012107
2025-07-09 02:00:00.000,02:00,30.619999999878928
2025-07-09 03:00:00.000,03:00,30.600000000093132
2025-07-09 04:00:00.000,04:00,30.219999999948776
2025-07-09 05:00:00.000,05:00,35.28000000000466
2025-07-09 06:00:00.000,06:00,32.12000000001863
2025-07-09 07:00:00.000,07:00,30.86000000000931
2025-07-09 08:00:00.000,08:00,29.660000000102446
2025-07-09 09:00:00.000,09:00,40.05999999996275
2025-07-09 10:00:00.000,10:00,49.599999999999994
2025-07-09 11:00:00.000,11:00,63.539999999990684
2025-07-09 12:00:00.000,12:00,75.5499999998603
2025-07-09 13:00:00.000,13:00,79.67000000006519
2025-07-09 14:00:00.000,14:00,71.80000000009314
2025-07-09 15:00:00.000,15:00,69.62999999984167
2025-07-09 16:00:00.000,16:00,70.1900000001071
2025-07-09 17:00:00.000,17:00,65.28000000005122
2025-07-09 18:00:00.000,18:00,67.44999999993016
2025-07-09 19:00:00.000,19:00,61.749999999976716
2025-07-09 20:00:00.000,20:00,56.57999999993481
2025-07-09 21:00:00.000,21:00,39.48000000002794
2025-07-09 22:00:00.000,22:00,39.75000000009313
2025-07-09 23:00:00.000,23:00,39.045000000065194
2025-07-10 00:00:00.000,00:00,32.77499999995344
2025-07-10 01:00:00.000,01:00,33.810000000032595
2025-07-10 02:00:00.000,02:00,31.279999999841674
2025-07-10 03:00:00.000,03:00,31.3600000000326
2025-07-10 04:00:00.000,04:00,31.280000000051224
2025-07-10 05:00:00.000,05:00,36.499999999976716
2025-07-10 06:00:00.000,06:00,33.1
2025-07-10 07:00:00.000,07:00,30.180000000074504
2025-07-10 08:00:00.000,08:00,31.9
2025-07-10 09:00:00.000,09:00,40.799999999906866
2025-07-10 10:00:00.000,10:00,49.72000000001863
2025-07-10 11:00:00.000,11:00,63.2800000000745
2025-07-10 12:00:00.000,12:00,75.28999999999068
2025-07-10 13:00:00.000,13:00,79.2599999998929
2025-07-10 14:00:00.000,14:00,74.83000000002794
2025-07-10 15:00:00.000,15:00,66.99000000008382
2025-07-10 16:00:00.000,16:00,63.37999999998138
2025-07-10 17:00:00.000,17:00,62.539999999874276
2025-07-10 18:00:00.000,18:00,65.85
2025-07-10 19:00:00.000,19:00,61.240000000013964
2025-07-10 20:00:00.000,20:00,57.33000000014436
2025-07-10 21:00:00.000,21:00,37.589999999967404
2025-07-10 22:00:00.000,22:00,38.409999999939465
2025-07-10 23:00:00.000,23:00,37.667499999934805
2025-07-11 00:00:00.000,00:00,31.37250000005588
2025-07-11 01:00:00.000,01:00,32.37000000011176
2025-07-11 02:00:00.000,02:00,31.21999999997206
2025-07-11 03:00:00.000,03:00,30.899999999906868
2025-07-11 04:00:00.000,04:00,30.272727272706106
2025-07-11 05:00:00.000,05:00,35.76727272728458
2025-07-11 06:00:00.000,06:00,33.56000000010245
2025-07-11 07:00:00.000,07:00,30.039999999897553
2025-07-11 08:00:00.000,08:00,31.400000000093133
2025-07-11 09:00:00.000,09:00,40.48000000002794
2025-07-11 10:00:00.000,10:00,47.85999999991618
2025-07-11 11:00:00.000,11:00,65.38363636359995
2025-07-11 12:00:00.000,12:00,73.80636363641402
2025-07-11 13:00:00.000,13:00,78.87999999991152
2025-07-11 14:00:00.000,14:00,73.95000000004657
2025-07-11 15:00:00.000,15:00,68.1900000001071
2025-07-11 16:00:00.000,16:00,65.67999999995808
2025-07-11 17:00:00.000,17:00,67.42000000004191
2025-07-11 18:00:00.000,18:00,65.07999999995809
2025-07-11 19:00:00.000,19:00,60.04999999993015
2025-07-11 20:00:00.000,20:00,55.930000000097785
2025-07-11 21:00:00.000,21:00,40.09999999995343
2025-07-11 22:00:00.000,22:00,39.699999999953434
2025-07-11 23:00:00.000,23:00,37.76250000011642
2025-07-12 00:00:00.000,00:00,36.847499999939465
2025-07-12 01:00:00.000,01:00,38.22999999995809
2025-07-12 02:00:00.000,02:00,37.2600000000326
2025-07-12 03:00:00.000,03:00,36.439999999920836
2025-07-12 04:00:00.000,04:00,37.07000000008848
2025-07-12 05:00:00.000,05:00,37.919999999925494
2025-07-12 06:00:00.000,06:00,36.740000000037256
2025-07-12 07:00:00.000,07:00,33.93999999994412
2025-07-12 08:00:00.000,08:00,30.300000000046566
2025-07-12 09:00:00.000,09:00,39.18000000007451
2025-07-12 10:00:00.000,10:00,49.15999999991618
2025-07-12 11:00:00.000,11:00,56.04000000013039
2025-07-12 12:00:00.000,12:00,69.68999999994412
2025-07-12 13:00:00.000,13:00,82.15
2025-07-12 14:00:00.000,14:00,75.08000000005123
2025-07-12 15:00:00.000,15:00,69.60999999991618
2025-07-12 16:00:00.000,16:00,68.92999999991153
2025-07-12 17:00:00.000,17:00,68.4700000000419
2025-07-12 18:00:00.000,18:00,66.54000000003725
2025-07-12 19:00:00.000,19:00,62.89000000001397
2025-07-12 20:00:00.000,20:00,59.89999999990687
2025-07-12 21:00:00.000,21:00,40.940000000107105
2025-07-12 22:00:00.000,22:00,42.16000000007916
2025-07-12 23:00:00.000,23:00,39.92499999998254
2025-07-13 00:00:00.000,00:00,31.98499999984051
2025-07-13 01:00:00.000,01:00,32.560000000079164
2025-07-13 02:00:00.000,02:00,31.39999999993015
2025-07-13 03:00:00.000,03:00,30.529999999981374
2025-07-13 04:00:00.000,04:00,30.45
2025-07-13 05:00:00.000,05:00,36.69000000013038
2025-07-13 06:00:00.000,06:00,34.17999999993481
2025-07-13 07:00:00.000,07:00,30.78000000012107
2025-07-13 08:00:00.000,08:00,32.03999999999069
2025-07-13 09:00:00.000,09:00,36.41999999983236
2025-07-13 10:00:00.000,10:00,53.08000000002794
2025-07-13 11:00:00.000,11:00,63.8800000000745
2025-07-13 12:00:00.000,12:00,75.9399999999674
2025-07-13 13:00:00.000,13:00,83.42000000006519
2025-07-13 14:00:00.000,14:00,78.14999999997673
2025-07-13 15:00:00.000,15:00,70.3199999999255
2025-07-13 16:00:00.000,16:00,65.63000000005123
2025-07-13 17:00:00.000,17:00,68.91000000000932
2025-07-13 18:00:00.000,18:00,65.36000000007917
2025-07-13 19:00:00.000,19:00,64.40999999993946
2025-07-13 20:00:00.000,20:00,58.87999999993481
2025-07-13 21:00:00.000,21:00,38.97999999998137
2025-07-13 22:00:00.000,22:00,39.430000000097785
2025-07-13 23:00:00.000,23:00,38.12500000004657
2025-07-14 00:00:00.000,00:00,29.89499999983236
2025-07-14 01:00:00.000,01:00,30.620000000065193
2025-07-14 02:00:00.000,02:00,29.439999999920836
2025-07-14 03:00:00.000,03:00,28.83000000005122
2025-07-14 04:00:00.000,04:00,28.521818181948568
2025-07-14 05:00:00.000,05:00,36.13818181815388
2025-07-14 06:00:00.000,06:00,33.68000000002794
2025-07-14 07:00:00.000,07:00,29.37999999988824
2025-07-14 08:00:00.000,08:00,29.7
2025-07-14 09:00:00.000,09:00,39.79999999995343
2025-07-14 10:00:00.000,10:00,44.94000000013039
2025-07-14 11:00:00.000,11:00,55.799999999860304
2025-07-14 12:00:00.000,12:00,73.39000000015366
2025-07-14 13:00:00.000,13:00,75.37999999993481
2025-07-14 14:00:00.000,14:00,73.39999999990687
2025-07-14 15:00:00.000,15:00,68.7700000000419
2025-07-14 16:00:00.000,16:00,66.98000000005122
2025-07-14 17:00:00.000,17:00,67.01999999994878
2025-07-14 18:00:00.000,18:00,63.82000000008847
2025-07-14 19:00:00.000,19:00,61.12999999988824
2025-07-14 20:00:00.000,20:00,57.78000000007451
2025-07-14 21:00:00.000,21:00,38.269999999925496
2025-07-14 22:00:00.000,22:00,38.37000000006519
2025-07-14 23:00:00.000,23:00,38.51835526319981
2025-07-15 00:00:00.000,00:00,36.41447368421052
2025-07-15 01:00:00.000,01:00,36.41447368421052
2025-07-15 02:00:00.000,02:00,36.41447368421052
2025-07-15 03:00:00.000,03:00,36.41447368421052
2025-07-15 04:00:00.000,04:00,36.41447368421052
2025-07-15 05:00:00.000,05:00,36.41447368421052
2025-07-15 06:00:00.000,06:00,36.41447368421052
2025-07-15 07:00:00.000,07:00,36.41447368421052
2025-07-15 08:00:00.000,08:00,36.41447368421052
2025-07-15 09:00:00.000,09:00,36.41447368421052
2025-07-15 10:00:00.000,10:00,46.366907894699594
2025-07-15 11:00:00.000,11:00,65.21000000007916
2025-07-15 12:00:00.000,12:00,76.81999999990222
2025-07-15 13:00:00.000,13:00,79.42000000004191
2025-07-15 14:00:00.000,14:00,76.7233333333887
2025-07-15 15:00:00.000,15:00,67.74666666665321
2025-07-15 16:00:00.000,16:00,66.13999999994412
2025-07-15 17:00:00.000,17:00,66.2799999999348
2025-07-15 18:00:00.000,18:00,62.62000000011176
2025-07-15 19:00:00.000,19:00,59.259999999962744
2025-07-15 20:00:00.000,20:00,58.519999999925496
2025-07-15 21:00:00.000,21:00,39.52000000001863
2025-07-15 22:00:00.000,22:00,38.560000000032595
2025-07-15 23:00:00.000,23:00,37.79500000004191
2025-07-16 00:00:00.000,00:00,29.2249999998603
2025-07-16 01:00:00.000,01:00,29.100000000093132
2025-07-16 02:00:00.000,02:00,29.429999999911523
2025-07-16 03:00:00.000,03:00,28.31000000005588
2025-07-16 04:00:00.000,04:00,28.200000000023284
2025-07-16 05:00:00.000,05:00,36.12000000006519
2025-07-16 06:00:00.000,06:00,31.239999999897556
2025-07-16 07:00:00.000,07:00,30.020000000065192
2025-07-16 08:00:00.000,08:00,30.93999999989755
2025-07-16 09:00:00.000,09:00,41.06000000005588
2025-07-16 10:00:00.000,10:00,49.539999999944115
2025-07-16 11:00:00.000,11:00,63.82000000006519
2025-07-16 12:00:00.000,12:00,74.05000000006984
2025-07-16 13:00:00.000,13:00,80.97999999988824
2025-07-16 14:00:00.000,14:00,79.01000000003259
2025-07-16 15:00:00.000,15:00,70.86000000005588
2025-07-16 16:00:00.000,16:00,69.65
2025-07-16 17:00:00.000,17:00,70.90999999998603
2025-07-16 18:00:00.000,18:00,67.84999999995344
2025-07-16 19:00:00.000,19:00,62.08000000009779
2025-07-16 20:00:00.000,20:00,58.569999999855646
2025-07-16 21:00:00.000,21:00,38.90000000004657
2025-07-16 22:00:00.000,22:00,38.75000000009313
2025-07-16 23:00:00.000,23:00,39.85999999999185
2025-07-17 00:00:00.000,00:00,37.759999999956925
2025-07-17 01:00:00.000,01:00,37
2025-07-17 02:00:00.000,02:00,37.509999999986036
2025-07-17 03:00:00.000,03:00,36.879999999911526
2025-07-17 04:00:00.000,04:00,35.76363636378876
2025-07-17 05:00:00.000,05:00,36.556363636323
2025-07-17 06:00:00.000,06:00,36.2800000000745
2025-07-17 07:00:00.000,07:00,35.019999999832365
2025-07-17 08:00:00.000,08:00,33.28000000012107
2025-07-17 09:00:00.000,09:00,35.53999999994412
2025-07-17 10:00:00.000,10:00,52.200000000046565
2025-07-17 11:00:00.000,11:00,65.51999999987893
2025-07-17 12:00:00.000,12:00,77.6810958904263
2025-07-17 13:00:00.000,13:00,77.83561643838169
2025-07-17 14:00:00.000,14:00,77.83561643838169
2025-07-17 15:00:00.000,15:00,75.54767123290347
2025-07-17 16:00:00.000,16:00,70.21999999994878
2025-07-17 17:00:00.000,17:00,69.37000000013504
2025-07-17 18:00:00.000,18:00,71.67999999995808
2025-07-17 19:00:00.000,19:00,62.809999999939464
2025-07-17 20:00:00.000,20:00,62.580000000074506
2025-07-17 21:00:00.000,21:00,43
2025-07-17 22:00:00.000,22:00,42.1
2025-07-17 23:00:00.000,23:00,40.39111111100453
2025-07-18 00:00:00.000,00:00,32.31888888884181
2025-07-18 01:00:00.000,01:00,32.230000000167635
2025-07-18 02:00:00.000,02:00,31.04000000001397
2025-07-18 03:00:00.000,03:00,29.819999999832362
2025-07-18 04:00:00.000,04:00,29.470909091030162
2025-07-18 05:00:00.000,05:00,36.48909090902572
2025-07-18 06:00:00.000,06:00,33.8800000000745
2025-07-18 07:00:00.000,07:00,30.979999999981374
2025-07-18 08:00:00.000,08:00,31.960000000009316
2025-07-18 09:00:00.000,09:00,38.50000000004657
2025-07-18 10:00:00.000,10:00,49.479999999841674
2025-07-18 11:00:00.000,11:00,64.89777777776018
2025-07-18 12:00:00.000,12:00,72.42222222239815
2025-07-18 13:00:00.000,13:00,78.18999999992083
2025-07-18 14:00:00.000,14:00,76.7899999999674
2025-07-18 15:00:00.000,15:00,68.9799999999581
2025-07-18 16:00:00.000,16:00,67.65000000004656
2025-07-18 17:00:00.000,17:00,70.59000000001397
2025-07-18 18:00:00.000,18:00,67.80999999996274
2025-07-18 19:00:00.000,19:00,62.500000000116415
2025-07-18 20:00:00.000,20:00,60.42999999993481
2025-07-18 21:00:00.000,21:00,40.97999999998137
2025-07-18 22:00:00.000,22:00,40.619999999972066
2025-07-18 23:00:00.000,23:00,39.73499999993946
2025-07-19 00:00:00.000,00:00,33.0250000001397
2025-07-19 01:00:00.000,01:00,32.28000000002794
2025-07-19 02:00:00.000,02:00,31.22999999995809
2025-07-19 03:00:00.000,03:00,30.209999999962747
2025-07-19 04:00:00.000,04:00,36.98000000005123
2025-07-19 05:00:00.000,05:00,44.43999999994412
2025-07-19 06:00:00.000,06:00,45.759999999962744
2025-07-19 07:00:00.000,07:00,42.7
2025-07-19 08:00:00.000,08:00,40.78000000002794
2025-07-19 09:00:00.000,09:00,36.460000000009316
2025-07-19 10:00:00.000,10:00,48.519999999925496
2025-07-19 11:00:00.000,11:00,62.96000000014901
2025-07-19 12:00:00.000,12:00,79.23999999992084
2025-07-19 13:00:00.000,13:00,82.08000000005123
2025-07-19 14:00:00.000,14:00,76.03999999994411
2025-07-19 15:00:00.000,15:00,72.05999999993946
2025-07-19 16:00:00.000,16:00,67.23000000014436
2025-07-19 17:00:00.000,17:00,68.04999999995343
2025-07-19 18:00:00.000,18:00,66.26999999999535
2025-07-19 19:00:00.000,19:00,58.60000000002328
2025-07-19 20:00:00.000,20:00,58.21000000005588
2025-07-19 21:00:00.000,21:00,39.42999999984168
2025-07-19 22:00:00.000,22:00,38.0100000000326
2025-07-19 23:00:00.000,23:00,37.560000000026776
2025-07-20 00:00:00.000,00:00,29.19000000008964
2025-07-20 01:00:00.000,01:00,29.010000000009313
2025-07-20 02:00:00.000,02:00,29.5999999998603
2025-07-20 03:00:00.000,03:00,28.030000000004655
2025-07-20 04:00:00.000,04:00,29.64272727277765
2025-07-20 05:00:00.000,05:00,43.627272727264256
2025-07-20 06:00:00.000,06:00,43.23999999994412
2025-07-20 07:00:00.000,07:00,40.640000000130385
2025-07-20 08:00:00.000,08:00,38.460000000009316
2025-07-20 09:00:00.000,09:00,50.39999999990687
2025-07-20 10:00:00.000,10:00,47.26000000000931
2025-07-20 11:00:00.000,11:00,60.089999999920835
2025-07-20 12:00:00.000,12:00,70.7500000001397
2025-07-20 13:00:00.000,13:00,76.25999999984633
2025-07-20 14:00:00.000,14:00,73.7100000000326
2025-07-20 15:00:00.000,15:00,67.81999999999535
2025-07-20 16:00:00.000,16:00,64.46000000010244
2025-07-20 17:00:00.000,17:00,56.31000000000932
2025-07-20 18:00:00.000,18:00,51.2
2025-07-20 19:00:00.000,19:00,44.7399999999674
2025-07-20 20:00:00.000,20:00,49.45999999993946
2025-07-20 21:00:00.000,21:00,37.77000000004191
2025-07-20 22:00:00.000,22:00,38.11000000005588
2025-07-20 23:00:00.000,23:00,37.38249999991967
2025-07-21 00:00:00.000,00:00,30.01750000010361
2025-07-21 01:00:00.000,01:00,29.599999999883586
2025-07-21 02:00:00.000,02:00,30.209999999962747
2025-07-21 03:00:00.000,03:00,31.32000000011176
2025-07-21 04:00:00.000,04:00,32.880000000051226
2025-07-21 05:00:00.000,05:00,35.64999999990687
2025-07-21 06:00:00.000,06:00,35.13999999994412
2025-07-21 07:00:00.000,07:00,29.01999999997206
2025-07-21 08:00:00.000,08:00,30.76000000005588
2025-07-21 09:00:00.000,09:00,39.77999999998137
2025-07-21 10:00:00.000,10:00,45.540000000130384
2025-07-21 11:00:00.000,11:00,62.8999999998603
2025-07-21 12:00:00.000,12:00,74.69000000001397
2025-07-21 13:00:00.000,13:00,61.13000000000466
2025-07-21 14:00:00.000,14:00,61.980000000074504
2025-07-21 15:00:00.000,15:00,58.65000000002328
2025-07-21 16:00:00.000,16:00,68.06999999990221
2025-07-21 17:00:00.000,17:00,65.18000000002795
2025-07-21 18:00:00.000,18:00,64.0200000000652
2025-07-21 19:00:00.000,19:00,59.43999999999069
2025-07-21 20:00:00.000,20:00,62.16999999994878
2025-07-21 21:00:00.000,21:00,42.5399999999674
2025-07-21 22:00:00.000,22:00,41.35
2025-07-21 23:00:00.000,23:00,39.82500000012224
2025-07-22 00:00:00.000,00:00,36.844999999849826
2025-07-22 01:00:00.000,01:00,37.969999999995345
2025-07-22 02:00:00.000,02:00,38.60000000006985
2025-07-22 03:00:00.000,03:00,37.29000000006053
2025-07-22 04:00:00.000,04:00,36.83000000002794
2025-07-22 05:00:00.000,05:00,37.41999999994878
2025-07-22 06:00:00.000,06:00,37.77999999998137
2025-07-22 07:00:00.000,07:00,35.06000000000932
2025-07-22 08:00:00.000,08:00,33.72000000006519
2025-07-22 09:00:00.000,09:00,43.239999999897556
2025-07-22 10:00:00.000,10:00,50.61999999992549
2025-07-22 11:00:00.000,11:00,65.44000000017695
2025-07-22 12:00:00.000,12:00,75.26999999990221
2025-07-22 13:00:00.000,13:00,82.2799999999348
2025-07-22 14:00:00.000,14:00,80.7200000000652
2025-07-22 15:00:00.000,15:00,69.56999999999535
2025-07-22 16:00:00.000,16:00,67.37000000011176
2025-07-22 17:00:00.000,17:00,69.85999999984634
2025-07-22 18:00:00.000,18:00,66.02000000011176
2025-07-22 19:00:00.000,19:00,62.300000000000004
2025-07-22 20:00:00.000,20:00,61.03000000002794
2025-07-22 21:00:00.000,21:00,43.15999999998603
2025-07-22 22:00:00.000,22:00,41.24000000001397
2025-07-22 23:00:00.000,23:00,40.702499999845166
2025-07-23 00:00:00.000,00:00,34.10750000000117
2025-07-23 01:00:00.000,01:00,33.27000000004191
2025-07-23 02:00:00.000,02:00,33.80000000002329
2025-07-23 03:00:00.000,03:00,32.31000000005588
2025-07-23 04:00:00.000,04:00,31.929999999981376
2025-07-23 05:00:00.000,05:00,39.539999999990684
2025-07-23 06:00:00.000,06:00,38.679999999981376
2025-07-23 07:00:00.000,07:00,33.859999999916184
2025-07-23 08:00:00.000,08:00,34.54000000017695
2025-07-23 09:00:00.000,09:00,43.03999999985099
2025-07-23 10:00:00.000,10:00,46.02000000006519
2025-07-23 11:00:00.000,11:00,64.10000000004656
2025-07-23 12:00:00.000,12:00,79.34999999997672
2025-07-23 13:00:00.000,13:00,80.59000000001396
2025-07-23 14:00:00.000,14:00,72.58999999987427
2025-07-23 15:00:00.000,15:00,57.340000000107096
2025-07-23 16:00:00.000,16:00,48.93999999994412
2025-07-23 17:00:00.000,17:00,65.08000000002794
2025-07-23 18:00:00.000,18:00,52.86000000007916
2025-07-23 19:00:00.000,19:00,40.28999999987427
2025-07-23 20:00:00.000,20:00,55.66999999999535
2025-07-23 21:00:00.000,21:00,40.54000000001397
2025-07-23 22:00:00.000,22:00,39.98000000000466
2025-07-23 23:00:00.000,23:00,39.17458333336593
2025-07-24 00:00:00.000,00:00,32.12541666665736
2025-07-24 01:00:00.000,01:00,31.38999999992084
2025-07-24 02:00:00.000,02:00,30.83000000005122
2025-07-24 03:00:00.000,03:00,29.890000000130385
2025-07-24 04:00:00.000,04:00,29.519999999995342
2025-07-24 05:00:00.000,05:00,35.47999999995809
2025-07-24 06:00:00.000,06:00,35.359999999869615
2025-07-24 07:00:00.000,07:00,31.480000000074504
2025-07-24 08:00:00.000,08:00,33.06000000010245
2025-07-24 09:00:00.000,09:00,32.49999999990687
2025-07-24 10:00:00.000,10:00,48.53999999994412
2025-07-24 11:00:00.000,11:00,63.43999999999069
2025-07-24 12:00:00.000,12:00,73.00888888891787
2025-07-24 13:00:00.000,13:00,71.9611111110542
2025-07-24 14:00:00.000,14:00,75.68000000007451
2025-07-24 15:00:00.000,15:00,70.90999999993946
2025-07-24 16:00:00.000,16:00,67.15
2025-07-24 17:00:00.000,17:00,65.08000000014435
2025-07-24 18:00:00.000,18:00,63.85999999998603
2025-07-24 19:00:00.000,19:00,59.57999999998137
2025-07-24 20:00:00.000,20:00,59.74000000001397
2025-07-24 21:00:00.000,21:00,41.25
2025-07-24 22:00:00.000,22:00,39.52999999995809
2025-07-24 23:00:00.000,23:00,38.8199999999546
2025-07-25 00:00:00.000,00:00,30.81999999996624
2025-07-25 01:00:00.000,01:00,29.539999999990687
2025-07-25 02:00:00.000,02:00,29.11000000007916
2025-07-25 03:00:00.000,03:00,28.379999999911526
2025-07-25 04:00:00.000,04:00,27.890000000130385
2025-07-25 05:00:00.000,05:00,34.40999999986961
2025-07-25 06:00:00.000,06:00,33.76000000000931
2025-07-25 07:00:00.000,07:00,30.00000000009313
2025-07-25 08:00:00.000,08:00,32.01999999997206
2025-07-25 09:00:00.000,09:00,34.1199999999255
2025-07-25 10:00:00.000,10:00,48.0000000001397
2025-07-25 11:00:00.000,11:00,63.2363636363975
2025-07-25 12:00:00.000,12:00,77.92363636351868
2025-07-25 13:00:00.000,13:00,84.46999999997206
2025-07-25 14:00:00.000,14:00,80.00000000011642
2025-07-25 15:00:00.000,15:00,73.93999999992084
2025-07-25 16:00:00.000,16:00,67.25000000009312
2025-07-25 17:00:00.000,17:00,66.18999999992084
2025-07-25 18:00:00.000,18:00,64.04999999997672
2025-07-25 19:00:00.000,19:00,61.70000000006985
2025-07-25 20:00:00.000,20:00,58.699999999953434
2025-07-25 21:00:00.000,21:00,42.5299999999348
2025-07-25 22:00:00.000,22:00,40.57000000001863
2025-07-25 23:00:00.000,23:00,39.227500000072176
2025-07-26 00:00:00.000,00:00,31.802499999955764
2025-07-26 01:00:00.000,01:00,30.900000000116414
2025-07-26 02:00:00.000,02:00,31.379999999911526
2025-07-26 03:00:00.000,03:00,29.010000000009313
2025-07-26 04:00:00.000,04:00,29.120000000088474
2025-07-26 05:00:00.000,05:00,34.859999999962746
2025-07-26 06:00:00.000,06:00,35.35999999996275
2025-07-26 07:00:00.000,07:00,28.379999999934807
2025-07-26 08:00:00.000,08:00,32.58000000002794
2025-07-26 09:00:00.000,09:00,37.77999999998137
2025-07-26 10:00:00.000,10:00,50.359999999962746
2025-07-26 11:00:00.000,11:00,67.60000000004656
2025-07-26 12:00:00.000,12:00,82.35000000009313
2025-07-26 13:00:00.000,13:00,88.14000000001397
2025-07-26 14:00:00.000,14:00,85.0599999998929
2025-07-26 15:00:00.000,15:00,77.48999999999069
2025-07-26 16:00:00.000,16:00,71.35000000006985
2025-07-26 17:00:00.000,17:00,73.85000000004656
2025-07-26 18:00:00.000,18:00,69.93999999992084
2025-07-26 19:00:00.000,19:00,62.10000000004656
2025-07-26 20:00:00.000,20:00,61.88999999987427
2025-07-26 21:00:00.000,21:00,46.0900000001071
2025-07-26 22:00:00.000,22:00,39.43000000005122
2025-07-26 23:00:00.000,23:00,39.914999999891734
2025-07-27 00:00:00.000,00:00,31.304999999940627
2025-07-27 01:00:00.000,01:00,30.41000000012573
2025-07-27 02:00:00.000,02:00,31.519999999878927
2025-07-27 03:00:00.000,03:00,29.73000000016764
2025-07-27 04:00:00.000,04:00,33.46999999997206
2025-07-27 05:00:00.000,05:00,37.419999999925494
2025-07-27 06:00:00.000,06:00,35.93999999994412
2025-07-27 07:00:00.000,07:00,30.620000000065193
2025-07-27 08:00:00.000,08:00,38.72000000006519
2025-07-27 09:00:00.000,09:00,39.579999999888244
2025-07-27 10:00:00.000,10:00,53.700000000093134
2025-07-27 11:00:00.000,11:00,65.19999999988359
2025-07-27 12:00:00.000,12:00,77.60999999998603
2025-07-27 13:00:00.000,13:00,80.81000000003259
2025-07-27 14:00:00.000,14:00,76.79000000001398
2025-07-27 15:00:00.000,15:00,67.95
2025-07-27 16:00:00.000,16:00,65.5500000001397
2025-07-27 17:00:00.000,17:00,64.14999999981373
2025-07-27 18:00:00.000,18:00,60.820000000111754
2025-07-27 19:00:00.000,19:00,57.15999999991618
2025-07-27 20:00:00.000,20:00,57.800000000046566
2025-07-27 21:00:00.000,21:00,40.690000000013974
2025-07-27 22:00:00.000,22:00,38.48000000000465
2025-07-27 23:00:00.000,23:00,37.312499999930154
2025-07-28 00:00:00.000,00:00,29.65750000006519
2025-07-28 01:00:00.000,01:00,29.019999999995346
2025-07-28 02:00:00.000,02:00,29.879999999934807
2025-07-28 03:00:00.000,03:00,29.190000000153667
2025-07-28 04:00:00.000,04:00,27.38999999992084
2025-07-28 05:00:00.000,05:00,34.44000000008382
2025-07-28 06:00:00.000,06:00,32.95999999996275
2025-07-28 07:00:00.000,07:00,30.080000000027937
2025-07-28 08:00:00.000,08:00,37.62000000001863
2025-07-28 09:00:00.000,09:00,45.77999999993481
2025-07-28 10:00:00.000,10:00,49.099999999999994
2025-07-28 11:00:00.000,11:00,62.70000000002328
2025-07-28 12:00:00.000,12:00,78.87000000004191
2025-07-28 13:00:00.000,13:00,82.10999999989289
2025-07-28 14:00:00.000,14:00,78.33999999992083
2025-07-28 15:00:00.000,15:00,71.44000000015367
2025-07-28 16:00:00.000,16:00,69.07999999993481
2025-07-28 17:00:00.000,17:00,67.19999999995343
2025-07-28 18:00:00.000,18:00,64.26000000010245
2025-07-28 19:00:00.000,19:00,60.439999999967405
2025-07-28 20:00:00.000,20:00,59.92999999993481
2025-07-28 21:00:00.000,21:00,44.13000000002794
2025-07-28 22:00:00.000,22:00,40.05000000006985
2025-07-28 23:00:00.000,23:00,38.757499999867285
2025-07-29 00:00:00.000,00:00,30.902500000048896
2025-07-29 01:00:00.000,01:00,30.130000000074503
2025-07-29 02:00:00.000,02:00,30.679999999958092
2025-07-29 03:00:00.000,03:00,30.300000000046566
2025-07-29 04:00:00.000,04:00,29.579999999981375
2025-07-29 05:00:00.000,05:00,35.89999999995343
2025-07-29 06:00:00.000,06:00,35.96000000005588
2025-07-29 07:00:00.000,07:00,30.139999999990685
2025-07-29 08:00:00.000,08:00,29.85999999991618
2025-07-29 09:00:00.000,09:00,30.240000000130387
2025-07-29 10:00:00.000,10:00,49.01999999990433
2025-07-29 11:00:00.000,11:00,64.24000000005842
2025-07-29 12:00:00.000,12:00,80.25999999991618
2025-07-29 13:00:00.000,13:00,86.95000000004657
2025-07-29 14:00:00.000,14:00,81.51000000003259
2025-07-29 15:00:00.000,15:00,71.77999999988825
2025-07-29 16:00:00.000,16:00,68.94000000013038
2025-07-29 17:00:00.000,17:00,70.80999999996274
2025-07-29 18:00:00.000,18:00,65.78000000000466
2025-07-29 19:00:00.000,19:00,59.18000000002794
2025-07-29 20:00:00.000,20:00,58.65999999991618
2025-07-29 21:00:00.000,21:00,43.32000000006519
2025-07-29 22:00:00.000,22:00,39.84999999995343
2025-07-29 23:00:00.000,23:00,39.12000000001281
2025-07-30 00:00:00.000,00:00,31.479999999917347
2025-07-30 01:00:00.000,01:00,35.31000000005588
2025-07-30 02:00:00.000,02:00,30.620000000065197
2025-07-30 03:00:00.000,03:00,29.729999999958093
2025-07-30 04:00:00.000,04:00,29.09000000008382
2025-07-30 05:00:00.000,05:00,36.009999999962744
2025-07-30 06:00:00.000,06:00,35.43999999994412
2025-07-30 07:00:00.000,07:00,30.859999999962746
2025-07-30 08:00:00.000,08:00,30.960000000055878
2025-07-30 09:00:00.000,09:00,35.460000000055885
2025-07-30 10:00:00.000,10:00,46.81999999987893
2025-07-30 11:00:00.000,11:00,66.16000000000932
2025-07-30 12:00:00.000,12:00,73.57000000001862
2025-07-30 13:00:00.000,13:00,82.81999999997205
2025-07-30 14:00:00.000,14:00,81.63000000002795
2025-07-30 15:00:00.000,15:00,71.32999999995809
2025-07-30 16:00:00.000,16:00,67.47000000004192
2025-07-30 17:00:00.000,17:00,67.3700000000419
2025-07-30 18:00:00.000,18:00,63.650000000000006
2025-07-30 19:00:00.000,19:00,59.819999999995346
2025-07-30 20:00:00.000,20:00,58.48000000000466
2025-07-30 21:00:00.000,21:00,40.51000000000931
2025-07-30 22:00:00.000,22:00,39.16999999994878
2025-07-30 23:00:00.000,23:00,38.16499999996158
2025-07-31 00:00:00.000,00:00,29.915000000043072
2025-07-31 01:00:00.000,01:00,29.830000000121075
2025-07-31 02:00:00.000,02:00,36.43999999999069
2025-07-31 03:00:00.000,03:00,35.919999999925494
2025-07-31 04:00:00.000,04:00,35.45181818174579
2025-07-31 05:00:00.000,05:00,35.898181818184355
2025-07-31 06:00:00.000,06:00,35.980000000074504
2025-07-31 07:00:00.000,07:00,33.21999999992549
2025-07-31 08:00:00.000,08:00,32.800000000093135
2025-07-31 09:00:00.000,09:00,37.9
2025-07-31 10:00:00.000,10:00,45.1199999999255
2025-07-31 11:00:00.000,11:00,65.11818181832152
2025-07-31 12:00:00.000,12:00,77.38181818172505
2025-07-31 13:00:00.000,13:00,83.45000000009314
2025-07-31 14:00:00.000,14:00,79.78999999987427
2025-07-31 15:00:00.000,15:00,70.70999999998602
2025-07-31 16:00:00.000,16:00,67.7899999999674
2025-07-31 17:00:00.000,17:00,64.68000000002795
2025-07-31 18:00:00.000,18:00,63.58000000009779
2025-07-31 19:00:00.000,19:00,58.34999999995343
2025-07-31 20:00:00.000,20:00,57.83999999992084
2025-07-31 21:00:00.000,21:00,45.2900000001071
2025-07-31 22:00:00.000,22:00,40.37000000006519
2025-07-31 23:00:00.000,23:00,40.18749999981374
2025-08-01 00:00:00.000,00:00,31.382500000041908
2025-08-01 01:00:00.000,01:00,30.800000000046566
2025-08-01 02:00:00.000,02:00,31.34999999993015
2025-08-01 03:00:00.000,03:00,30.029999999981374
2025-08-01 04:00:00.000,04:00,30.27000000004191
2025-08-01 05:00:00.000,05:00,37.090000000060535
2025-08-01 06:00:00.000,06:00,36.00000000004657
2025-08-01 07:00:00.000,07:00,30.73999999994412
2025-08-01 08:00:00.000,08:00,32.200000000046565
2025-08-01 09:00:00.000,09:00,33.56000000000931
2025-08-01 10:00:00.000,10:00,46.02000000001863
2025-08-01 11:00:00.000,11:00,63.83818181804804
2025-08-01 12:00:00.000,12:00,76.05181818184951
2025-08-01 13:00:00.000,13:00,75.93000000002795
2025-08-01 14:00:00.000,14:00,74.92999999993481
2025-08-01 15:00:00.000,15:00,71.38000000014435
2025-08-01 16:00:00.000,16:00,66.80999999991617
2025-08-01 17:00:00.000,17:00,68.16000000005587
2025-08-01 18:00:00.000,18:00,66.32999999998137
2025-08-01 19:00:00.000,19:00,58.69999999990687
2025-08-01 20:00:00.000,20:00,58.72999999998137
2025-08-01 21:00:00.000,21:00,42.99000000006053
2025-08-01 22:00:00.000,22:00,38.250000000023284
2025-08-01 23:00:00.000,23:00,37.7324999999546
2025-08-02 00:00:00.000,00:00,30.04750000000349
2025-08-02 01:00:00.000,01:00,29.150000000069852
2025-08-02 02:00:00.000,02:00,29.980000000004658
2025-08-02 03:00:00.000,03:00,28.33000000005122
2025-08-02 04:00:00.000,04:00,28.007272727175785
2025-08-02 05:00:00.000,05:00,34.95272727276368
2025-08-02 06:00:00.000,06:00,33.820000000018624
2025-08-02 07:00:00.000,07:00,28.059999999869614
2025-08-02 08:00:00.000,08:00,36.080000000121075
2025-08-02 09:00:00.000,09:00,41.87999999988824
2025-08-02 10:00:00.000,10:00,48.77999999998137
2025-08-02 11:00:00.000,11:00,63.700000000093134
2025-08-02 12:00:00.000,12:00,75.67000000001863
2025-08-02 13:00:00.000,13:00,81.55999999996274
2025-08-02 14:00:00.000,14:00,75.68000000000465
2025-08-02 15:00:00.000,15:00,70.06000000000931
2025-08-02 16:00:00.000,16:00,66.55000000006984
2025-08-02 17:00:00.000,17:00,67.2799999999348
2025-08-02 18:00:00.000,18:00,63.199999999906865
2025-08-02 19:00:00.000,19:00,58.3
2025-08-02 20:00:00.000,20:00,53.87000000011176
2025-08-02 21:00:00.000,21:00,42.49000000006053
2025-08-02 22:00:00.000,22:00,38.26999999985564
2025-08-02 23:00:00.000,23:00,38.28250000002445
2025-08-03 00:00:00.000,00:00,30.10749999998952
2025-08-03 01:00:00.000,01:00,29.32000000004191
2025-08-03 02:00:00.000,02:00,29.55000000009313
2025-08-03 03:00:00.000,03:00,30.97999999986496
2025-08-03 04:00:00.000,04:00,35.22999999995809
2025-08-03 05:00:00.000,05:00,35.4
2025-08-03 06:00:00.000,06:00,35.62000000011176
2025-08-03 07:00:00.000,07:00,32.919999999925494
2025-08-03 08:00:00.000,08:00,30.579999999981375
2025-08-03 09:00:00.000,09:00,30.840000000130388
2025-08-03 10:00:00.000,10:00,48.5999999998603
2025-08-03 11:00:00.000,11:00,63.94000000013038
2025-08-03 12:00:00.000,12:00,77.00999999991618
2025-08-03 13:00:00.000,13:00,83.05000000011641
2025-08-03 14:00:00.000,14:00,74.66999999994879
2025-08-03 15:00:00.000,15:00,72.05999999993946
2025-08-03 16:00:00.000,16:00,68.19000000008381
2025-08-03 17:00:00.000,17:00,67.75999999998604
2025-08-03 18:00:00.000,18:00,64.71000000000932
2025-08-03 19:00:00.000,19:00,59.67999999995809
2025-08-03 20:00:00.000,20:00,60.15
2025-08-03 21:00:00.000,21:00,43.550000000046566
2025-08-03 22:00:00.000,22:00,39.24000000001397
2025-08-03 23:00:00.000,23:00,38.63515933230208
2025-08-04 00:00:00.000,00:00,30.901365705606096
2025-08-04 01:00:00.000,01:00,30.901365705606096
2025-08-04 02:00:00.000,02:00,30.901365705606096
2025-08-04 03:00:00.000,03:00,30.901365705606096
2025-08-04 04:00:00.000,04:00,30.901365705606096
2025-08-04 05:00:00.000,05:00,30.901365705606096
2025-08-04 06:00:00.000,06:00,30.901365705606096
2025-08-04 07:00:00.000,07:00,30.901365705606096
2025-08-04 08:00:00.000,08:00,30.901365705606096
2025-08-04 09:00:00.000,09:00,30.901365705606096
2025-08-04 10:00:00.000,10:00,84.292294722595
2025-08-04 11:00:00.000,11:00,73.3488888889396
2025-08-04 12:00:00.000,12:00,80.2899999999907
2025-08-04 13:00:00.000,13:00,85.61000000005588
2025-08-04 14:00:00.000,14:00,81.69999999990688
2025-08-04 15:00:00.000,15:00,74.8000000001397
2025-08-04 16:00:00.000,16:00,73.03999999985099
2025-08-04 17:00:00.000,17:00,75.24000000003726
2025-08-04 18:00:00.000,18:00,70.24000000003726
2025-08-04 19:00:00.000,19:00,63.4
2025-08-04 20:00:00.000,20:00,64.08000000002794
2025-08-04 21:00:00.000,21:00,54.83999999994412
2025-08-04 22:00:00.000,22:00,42.040000000130384
2025-08-04 23:00:00.000,23:00,40.89749999984633
2025-08-05 00:00:00.000,00:00,36.602499999990684
2025-08-05 01:00:00.000,01:00,31.730000000167635
2025-08-05 02:00:00.000,02:00,31.30999999982305
2025-08-05 03:00:00.000,03:00,31.72000000018161
2025-08-05 04:00:00.000,04:00,30.679999999958092
2025-08-05 05:00:00.000,05:00,36.95999999993946
2025-08-05 06:00:00.000,06:00,36.34000000008382
2025-08-05 07:00:00.000,07:00,31.879999999934807
2025-08-05 08:00:00.000,08:00,31.980000000074504
2025-08-05 09:00:00.000,09:00,34.639999999897555
2025-08-05 10:00:00.000,10:00,59.17999999993481
2025-08-05 11:00:00.000,11:00,63.6400000001459
2025-08-05 12:00:00.000,12:00,82.29999999984477
2025-08-05 13:00:00.000,13:00,87.93000000009779
2025-08-05 14:00:00.000,14:00,84.8300000000745
2025-08-05 15:00:00.000,15:00,72.97999999998137
2025-08-05 16:00:00.000,16:00,67.1699999999255
2025-08-05 17:00:00.000,17:00,71.36999999999534
2025-08-05 18:00:00.000,18:00,67.8800000000978
2025-08-05 19:00:00.000,19:00,62.2599999998929
2025-08-05 20:00:00.000,20:00,61.27999999993481
2025-08-05 21:00:00.000,21:00,50.99000000001397
2025-08-05 22:00:00.000,22:00,39.20999999998603
2025-08-05 23:00:00.000,23:00,38.30000000008731
2025-08-06 00:00:00.000,00:00,33.60000000000582
2025-08-06 01:00:00.000,01:00,29.209999999962747
2025-08-06 02:00:00.000,02:00,28.019999999995342
2025-08-06 03:00:00.000,03:00,29.800000000046566
2025-08-06 04:00:00.000,04:00,28.24272727270145
2025-08-06 05:00:00.000,05:00,35.56727272737771
2025-08-06 06:00:00.000,06:00,34.17999999993481
2025-08-06 07:00:00.000,07:00,29.719999999925495
2025-08-06 08:00:00.000,08:00,29.100000000093132
2025-08-06 09:00:00.000,09:00,35.039999999990684
2025-08-06 10:00:00.000,10:00,59.54000000003725
2025-08-06 11:00:00.000,11:00,66.21333333328883
2025-08-06 12:00:00.000,12:00,79.19666666665063
2025-08-06 13:00:00.000,13:00,84.1100000000326
2025-08-06 14:00:00.000,14:00,80
2025-08-06 15:00:00.000,15:00,74.39999999993015
2025-08-06 16:00:00.000,16:00,66.37000000011176
2025-08-06 17:00:00.000,17:00,66.46999999997206
2025-08-06 18:00:00.000,18:00,65.74000000001396
2025-08-06 19:00:00.000,19:00,60.199999999906865
2025-08-06 20:00:00.000,20:00,59.6399999999674
2025-08-06 21:00:00.000,21:00,49.51000000012573
2025-08-06 22:00:00.000,22:00,38.79999999988358
2025-08-06 23:00:00.000,23:00,37.64250000010361
2025-08-07 00:00:00.000,00:00,32.387500000040745
2025-08-07 01:00:00.000,01:00,28.299999999813735
2025-08-07 02:00:00.000,02:00,27.9500000001397
2025-08-07 03:00:00.000,03:00,29.38999999992084
2025-08-07 04:00:00.000,04:00,28.59000000008382
2025-08-07 05:00:00.000,05:00,36.09000000001397
2025-08-07 06:00:00.000,06:00,34.95999999996275
2025-08-07 07:00:00.000,07:00,29.26000000005588
2025-08-07 08:00:00.000,08:00,31.71999999997206
2025-08-07 09:00:00.000,09:00,34.759999999962744
2025-08-07 10:00:00.000,10:00,57.639999999990685
2025-08-07 11:00:00.000,11:00,63.80999999996275
2025-08-07 12:00:00.000,12:00,80.97999999993482
2025-08-07 13:00:00.000,13:00,85.52000000011175
2025-08-07 14:00:00.000,14:00,79.54000000001398
2025-08-07 15:00:00.000,15:00,74.76999999997206
2025-08-07 16:00:00.000,16:00,71.12000000008848
2025-08-07 17:00:00.000,17:00,74.57999999991152
2025-08-07 18:00:00.000,18:00,67.48000000002794
2025-08-07 19:00:00.000,19:00,61.57000000001863
2025-08-07 20:00:00.000,20:00,62.03999999989755
2025-08-07 21:00:00.000,21:00,55.71999999997206
2025-08-07 22:00:00.000,22:00,38.35000000011642
2025-08-07 23:00:00.000,23:00,36.872499999922
2025-08-08 00:00:00.000,00:00,32.19750000007334
2025-08-08 01:00:00.000,01:00,28.189999999967405
2025-08-08 02:00:00.000,02:00,27.630000000074507
2025-08-08 03:00:00.000,03:00,34.15999999996275
2025-08-08 04:00:00.000,04:00,27.390000000037254
2025-08-08 05:00:00.000,05:00,34.45999999996275
2025-08-08 06:00:00.000,06:00,33.53999999994412
2025-08-08 07:00:00.000,07:00,28.219999999925495
2025-08-08 08:00:00.000,08:00,28.540000000037253
2025-08-08 09:00:00.000,09:00,30.84000000008382
2025-08-08 10:00:00.000,10:00,55.68000000002794
2025-08-08 11:00:00.000,11:00,66
2025-08-08 12:00:00.000,12:00,82.58999999985099
2025-08-08 13:00:00.000,13:00,86.95000000004657
2025-08-08 14:00:00.000,14:00,77.41000000012573
2025-08-08 15:00:00.000,15:00,71.01999999994878
2025-08-08 16:00:00.000,16:00,73.18000000000465
2025-08-08 17:00:00.000,17:00,71.95999999996275
2025-08-08 18:00:00.000,18:00,66.87000000001862
2025-08-08 19:00:00.000,19:00,60.160000000079165
2025-08-08 20:00:00.000,20:00,59.719999999902214
2025-08-08 21:00:00.000,21:00,54.83999999994412
2025-08-08 22:00:00.000,22:00,40.13000000012107
2025-08-08 23:00:00.000,23:00,38.16000000000931
2025-08-09 00:00:00.000,00:00,33.56999999992549
2025-08-09 01:00:00.000,01:00,30
2025-08-09 02:00:00.000,02:00,32.96000000007916
2025-08-09 03:00:00.000,03:00,38.02000000001863
2025-08-09 04:00:00.000,04:00,36.055555555410685
2025-08-09 05:00:00.000,05:00,35.96444444451481
2025-08-09 06:00:00.000,06:00,36.04000000003725
2025-08-09 07:00:00.000,07:00,33.419999999925494
2025-08-09 08:00:00.000,08:00,29.659999999962746
2025-08-09 09:00:00.000,09:00,32.860000000102445
2025-08-09 10:00:00.000,10:00,57.2
2025-08-09 11:00:00.000,11:00,69.82999999993481
2025-08-09 12:00:00.000,12:00,80.48999999996741
2025-08-09 13:00:00.000,13:00,90.16000000007917
2025-08-09 14:00:00.000,14:00,82.35999999998603
2025-08-09 15:00:00.000,15:00,78.49000000003726
2025-08-09 16:00:00.000,16:00,71.50999999991618
2025-08-09 17:00:00.000,17:00,73.01999999999535
2025-08-09 18:00:00.000,18:00,71.06999999997205
2025-08-09 19:00:00.000,19:00,63.26000000012573
2025-08-09 20:00:00.000,20:00,62.58999999999069
2025-08-09 21:00:00.000,21:00,54.45999999998603
2025-08-09 22:00:00.000,22:00,40.28999999996741
2025-08-09 23:00:00.000,23:00,40.6324999999837
2025-08-10 00:00:00.000,00:00,34.607500000006986
2025-08-10 01:00:00.000,01:00,29.61000000007916
2025-08-10 02:00:00.000,02:00,28.809999999846333
2025-08-10 03:00:00.000,03:00,31.73000000012107
2025-08-10 04:00:00.000,04:00,41.534545454520476
2025-08-10 05:00:00.000,05:00,44.14545454539105
2025-08-10 06:00:00.000,06:00,41.58000000012107
2025-08-10 07:00:00.000,07:00,35.359999999869615
2025-08-10 08:00:00.000,08:00,32.28000000012107
2025-08-10 09:00:00.000,09:00,40.21999999987892
2025-08-10 10:00:00.000,10:00,49.50000000009313
2025-08-10 11:00:00.000,11:00,69.51999999992549
2025-08-10 12:00:00.000,12:00,82.55999999998603
2025-08-10 13:00:00.000,13:00,85.46999999997206
2025-08-10 14:00:00.000,14:00,84.26000000012573
2025-08-10 15:00:00.000,15:00,78.5299999999581
2025-08-10 16:00:00.000,16:00,73.71000000005589
2025-08-10 17:00:00.000,17:00,73.36999999987893
2025-08-10 18:00:00.000,18:00,68.81000000007916
2025-08-10 19:00:00.000,19:00,64.89999999993015
2025-08-10 20:00:00.000,20:00,62.26000000010245
2025-08-10 21:00:00.000,21:00,55.97999999998137
2025-08-10 22:00:00.000,22:00,41.51999999994877
2025-08-10 23:00:00.000,23:00,40.3575000000943
2025-08-11 00:00:00.000,00:00,34.80249999996158
2025-08-11 01:00:00.000,01:00,30.599999999883586
2025-08-11 02:00:00.000,02:00,31.04000000008382
2025-08-11 03:00:00.000,03:00,31.939999999920836
2025-08-11 04:00:00.000,04:00,30.710000000149012
2025-08-11 05:00:00.000,05:00,36.359999999869615
2025-08-11 06:00:00.000,06:00,35.50000000004657
2025-08-11 07:00:00.000,07:00,30.64000000008382
2025-08-11 08:00:00.000,08:00,29.699999999953434
2025-08-11 09:00:00.000,09:00,36.47999999988824
2025-08-11 10:00:00.000,10:00,60.800000000093135
2025-08-11 11:00:00.000,11:00,67.94999999993016
2025-08-11 12:00:00.000,12:00,85.38000000009778
2025-08-11 13:00:00.000,13:00,93.51999999994878
2025-08-11 14:00:00.000,14:00,81.5200000000652
2025-08-11 15:00:00.000,15:00,78.62999999991152
2025-08-11 16:00:00.000,16:00,74.7200000000652
2025-08-11 17:00:00.000,17:00,72.96999999992549
2025-08-11 18:00:00.000,18:00,72.27000000001863
2025-08-11 19:00:00.000,19:00,65.08000000012107
2025-08-11 20:00:00.000,20:00,60.52999999995809
2025-08-11 21:00:00.000,21:00,56.089999999920835
2025-08-11 22:00:00.000,22:00,41.229999999934805
2025-08-11 23:00:00.000,23:00,40.23750000012224
2025-08-12 00:00:00.000,00:00,34.88250000005937
2025-08-12 01:00:00.000,01:00,30.80999999982305
2025-08-12 02:00:00.000,02:00,31.280000000051224
2025-08-12 03:00:00.000,03:00,32.82000000004191
2025-08-12 04:00:00.000,04:00,29.60181818172039
2025-08-12 05:00:00.000,05:00,37.13818181820045
2025-08-12 06:00:00.000,06:00,36.56000000005588
2025-08-12 07:00:00.000,07:00,31.7
2025-08-12 08:00:00.000,08:00,32.15999999996275
2025-08-12 09:00:00.000,09:00,37.16000000000931
2025-08-12 10:00:00.000,10:00,56.78000000012107
2025-08-12 11:00:00.000,11:00,70.41999999994665
2025-08-12 12:00:00.000,12:00,91.74000000001608
2025-08-12 13:00:00.000,13:00,93.95999999996275
2025-08-12 14:00:00.000,14:00,91.5899999999674
2025-08-12 15:00:00.000,15:00,84.34000000003725
2025-08-12 16:00:00.000,16:00,84.7799999999581
2025-08-12 17:00:00.000,17:00,75.91999999997206
2025-08-12 18:00:00.000,18:00,73.14000000013039
2025-08-12 19:00:00.000,19:00,67.06999999997205
2025-08-12 20:00:00.000,20:00,63.00999999991618
2025-08-12 21:00:00.000,21:00,59.12999999998137
2025-08-12 22:00:00.000,22:00,44.85000000011642
2025-08-12 23:00:00.000,23:00,41.55749999991385
2025-08-13 00:00:00.000,00:00,36.36250000003493
2025-08-13 01:00:00.000,01:00,32.960000000009316
2025-08-13 02:00:00.000,02:00,37.38999999999069
2025-08-13 03:00:00.000,03:00,39.35000000004656
2025-08-13 04:00:00.000,04:00,37.34999999990687
2025-08-13 05:00:00.000,05:00,46.48000000002794
2025-08-13 06:00:00.000,06:00,46.420000000111756
2025-08-13 07:00:00.000,07:00,37.519999999972065
2025-08-13 08:00:00.000,08:00,40.01999999987893
2025-08-13 09:00:00.000,09:00,44.94000000003725
2025-08-13 10:00:00.000,10:00,57.78000000007451
2025-08-13 11:00:00.000,11:00,71.17999999988824
2025-08-13 12:00:00.000,12:00,88.37000000008848
2025-08-13 13:00:00.000,13:00,86.74000000006053
2025-08-13 14:00:00.000,14:00,81.93999999992084
2025-08-13 15:00:00.000,15:00,76.34999999995344
2025-08-13 16:00:00.000,16:00,77.46000000007916
2025-08-13 17:00:00.000,17:00,70.5
2025-08-13 18:00:00.000,18:00,69.8199999999255
2025-08-13 19:00:00.000,19:00,65.57000000008848
2025-08-13 20:00:00.000,20:00,64.34999999995344
2025-08-13 21:00:00.000,21:00,57.23999999992084
2025-08-13 22:00:00.000,22:00,42.39000000001397
2025-08-13 23:00:00.000,23:00,39.67999999996391
2025-08-14 00:00:00.000,00:00,36.80000000018045
2025-08-14 01:00:00.000,01:00,31.389999999827708
2025-08-14 02:00:00.000,02:00,29.890000000130385
2025-08-14 03:00:00.000,03:00,31.27000000004191
2025-08-14 04:00:00.000,04:00,30.439999999990686
2025-08-14 05:00:00.000,05:00,37.87999999998137
2025-08-14 06:00:00.000,06:00,35.39999999995343
2025-08-14 07:00:00.000,07:00,29.77999999993481
2025-08-14 08:00:00.000,08:00,31.080000000074506
2025-08-14 09:00:00.000,09:00,34.83999999999069
2025-08-14 10:00:00.000,10:00,59.21999999992549
2025-08-14 11:00:00.000,11:00,68.75999999996274
2025-08-14 12:00:00.000,12:00,89.25
2025-08-14 13:00:00.000,13:00,94.43000000009779
2025-08-14 14:00:00.000,14:00,85.87999999993481
2025-08-14 15:00:00.000,15:00,79.25000000004657
2025-08-14 16:00:00.000,16:00,75.36999999994877
2025-08-14 17:00:00.000,17:00,73.82000000015833
2025-08-14 18:00:00.000,18:00,73.15999999984632
2025-08-14 19:00:00.000,19:00,65.79000000015367
2025-08-14 20:00:00.000,20:00,62.77999999988824
2025-08-14 21:00:00.000,21:00,57.350000000023286
2025-08-14 22:00:00.000,22:00,42.33999999994412
2025-08-14 23:00:00.000,23:00,39.53000000012107
2025-08-15 00:00:00.000,00:00,37.259999999962744
2025-08-15 01:00:00.000,01:00,32.05
2025-08-15 02:00:00.000,02:00,31.429999999934807
2025-08-15 03:00:00.000,03:00,34.45999999998603
2025-08-15 04:00:00.000,04:00,30.670000000065194
2025-08-15 05:00:00.000,05:00,37.91999999997206
2025-08-15 06:00:00.000,06:00,37.26000000000931
2025-08-15 07:00:00.000,07:00,30.920000000018625
2025-08-15 08:00:00.000,08:00,33.320000000018624
2025-08-15 09:00:00.000,09:00,34.08000000002794
2025-08-15 10:00:00.000,10:00,61.199999999906865
2025-08-15 11:00:00.000,11:00,67.99999999995343
2025-08-15 12:00:00.000,12:00,84.01000000010245
2025-08-15 13:00:00.000,13:00,86.93999999994412
2025-08-15 14:00:00.000,14:00,87.45
2025-08-15 15:00:00.000,15:00,73.2700000000419
2025-08-15 16:00:00.000,16:00,75.69999999995343
2025-08-15 17:00:00.000,17:00,73.55999999998603
2025-08-15 18:00:00.000,18:00,70.69000000006054
2025-08-15 19:00:00.000,19:00,65.07000000001862
2025-08-15 20:00:00.000,20:00,63.27999999993481
2025-08-15 21:00:00.000,21:00,57.1100000000326
2025-08-15 22:00:00.000,22:00,44.469999999995345
2025-08-15 23:00:00.000,23:00,39.60500000005122
2025-08-16 00:00:00.000,00:00,35.77499999995344
2025-08-16 01:00:00.000,01:00,32.719999999948776
2025-08-16 02:00:00.000,02:00,31.450000000139696
2025-08-16 03:00:00.000,03:00,30.75999999982305
2025-08-16 04:00:00.000,04:00,31.074545454549263
2025-08-16 05:00:00.000,05:00,38.18545454548334
2025-08-16 06:00:00.000,06:00,35.98000000012107
2025-08-16 07:00:00.000,07:00,28.98000000002794
2025-08-16 08:00:00.000,08:00,29.87999999988824
2025-08-16 09:00:00.000,09:00,36.28000000007451
2025-08-16 10:00:00.000,10:00,62.68000000002794
2025-08-16 11:00:00.000,11:00,67.23999999994412
2025-08-16 12:00:00.000,12:00,87.15999999993946
2025-08-16 13:00:00.000,13:00,91.64000000008382
2025-08-16 14:00:00.000,14:00,88.13999999994412
2025-08-16 15:00:00.000,15:00,78.05999999998603
2025-08-16 16:00:00.000,16:00,74.12999999995809
2025-08-16 17:00:00.000,17:00,75.68000000012107
2025-08-16 18:00:00.000,18:00,70.67999999991153
2025-08-16 19:00:00.000,19:00,62.109999999962746
2025-08-16 20:00:00.000,20:00,61.77000000001863
2025-08-16 21:00:00.000,21:00,54.85000000004656
2025-08-16 22:00:00.000,22:00,41.280000000051224
2025-08-16 23:00:00.000,23:00,39.29500000004191
2025-08-17 00:00:00.000,00:00,35.694999999855646
2025-08-17 01:00:00.000,01:00,31.33000000005122
2025-08-17 02:00:00.000,02:00,29.310000000032595
2025-08-17 03:00:00.000,03:00,30.25000000004657
2025-08-17 04:00:00.000,04:00,31.712727272626942
2025-08-17 05:00:00.000,05:00,37.02727272720076
2025-08-17 06:00:00.000,06:00,34.980000000074504
2025-08-17 07:00:00.000,07:00,28.580000000074506
2025-08-17 08:00:00.000,08:00,30.240000000037252
2025-08-17 09:00:00.000,09:00,36.67999999993481
2025-08-17 10:00:00.000,10:00,56.51999999997206
2025-08-17 11:00:00.000,11:00,68.42000000001863
2025-08-17 12:00:00.000,12:00,73.66999999999534
2025-08-17 13:00:00.000,13:00,83.33999999992083
2025-08-17 14:00:00.000,14:00,77.99000000003726
2025-08-17 15:00:00.000,15:00,74.27000000008847
2025-08-17 16:00:00.000,16:00,74.8099999998929
2025-08-17 17:00:00.000,17:00,71.67000000006519
2025-08-17 18:00:00.000,18:00,68.48999999992084
2025-08-17 19:00:00.000,19:00,61.5
2025-08-17 20:00:00.000,20:00,61.87999999998138
2025-08-17 21:00:00.000,21:00,54.890000000083816
2025-08-17 22:00:00.000,22:00,41.48999999999069
2025-08-17 23:00:00.000,23:00,39.85499999995809
2025-08-18 00:00:00.000,00:00,34.98500000012573
2025-08-18 01:00:00.000,01:00,30.889999999920835
2025-08-18 02:00:00.000,02:00,29.90999999991618
2025-08-18 03:00:00.000,03:00,30.20000000016298
2025-08-18 04:00:00.000,04:00,30.46999999992549
2025-08-18 05:00:00.000,05:00,36.429999999958085
2025-08-18 06:00:00.000,06:00,35.73999999999069
2025-08-18 07:00:00.000,07:00,29.300000000046566
2025-08-18 08:00:00.000,08:00,30.980000000074504
2025-08-18 09:00:00.000,09:00,38.8999999998603
2025-08-18 10:00:00.000,10:00,59.30888888897478
2025-08-18 11:00:00.000,11:00,68.46444444442685
2025-08-18 12:00:00.000,12:00,82.196666666617
2025-08-18 13:00:00.000,13:00,88.74000000006053
2025-08-18 14:00:00.000,14:00,82.99999999995343
2025-08-18 15:00:00.000,15:00,77.25000000009314
2025-08-18 16:00:00.000,16:00,73.0899999999674
2025-08-18 17:00:00.000,17:00,71.88999999999069
2025-08-18 18:00:00.000,18:00,68.77000000004192
2025-08-18 19:00:00.000,19:00,61.92000000001863
2025-08-18 20:00:00.000,20:00,60.38999999982771
2025-08-18 21:00:00.000,21:00,55.49000000006053
2025-08-18 22:00:00.000,22:00,40.72000000001863
2025-08-18 23:00:00.000,23:00,38.74000000001979
2025-08-19 00:00:00.000,00:00,35.870000000036086
2025-08-19 01:00:00.000,01:00,30.669999999878925
2025-08-19 02:00:00.000,02:00,28.790000000037253
2025-08-19 03:00:00.000,03:00,30.300000000046566
2025-08-19 04:00:00.000,04:00,31.709999999962747
2025-08-19 05:00:00.000,05:00,36.33000000000465
2025-08-19 06:00:00.000,06:00,35.08000000002794
2025-08-19 07:00:00.000,07:00,30.460000000009313
2025-08-19 08:00:00.000,08:00,30.54000000008382
2025-08-19 09:00:00.000,09:00,33.93999999999069
2025-08-19 10:00:00.000,10:00,57.7799999999348
2025-08-19 11:00:00.000,11:00,63.32545454544439
2025-08-19 12:00:00.000,12:00,79.43454545458822
2025-08-19 13:00:00.000,13:00,88.67000000004191
2025-08-19 14:00:00.000,14:00,83.42999999988824
2025-08-19 15:00:00.000,15:00,74.11000000007915
2025-08-19 16:00:00.000,16:00,68.68999999987427
2025-08-19 17:00:00.000,17:00,71.23000000014436
2025-08-19 18:00:00.000,18:00,65.4399999999674
2025-08-19 19:00:00.000,19:00,60.689999999874274
2025-08-19 20:00:00.000,20:00,55.880000000144356
2025-08-19 21:00:00.000,21:00,52.75
2025-08-19 22:00:00.000,22:00,42.189999999874274
2025-08-19 23:00:00.000,23:00,38.15366782012861
2025-08-20 00:00:00.000,00:00,32.688581314869225
2025-08-20 01:00:00.000,01:00,32.688581314869225
2025-08-20 02:00:00.000,02:00,32.688581314869225
2025-08-20 03:00:00.000,03:00,32.688581314869225
2025-08-20 04:00:00.000,04:00,32.688581314869225
2025-08-20 05:00:00.000,05:00,32.688581314869225
2025-08-20 06:00:00.000,06:00,32.688581314869225
2025-08-20 07:00:00.000,07:00,32.688581314869225
2025-08-20 08:00:00.000,08:00,32.688581314869225
2025-08-20 09:00:00.000,09:00,38.17910034619272
2025-08-20 10:00:00.000,10:00,57.269999999925496
2025-08-20 11:00:00.000,11:00,66.31000000007917
2025-08-20 12:00:00.000,12:00,84.92999999986496
2025-08-20 13:00:00.000,13:00,87.52000000013504
2025-08-20 14:00:00.000,14:00,83.37999999995809
2025-08-20 15:00:00.000,15:00,75.37999999998138
2025-08-20 16:00:00.000,16:00,61.539999999990684
2025-08-20 17:00:00.000,17:00,47.859999999962746
2025-08-20 18:00:00.000,18:00,40.06000000010245
2025-08-20 19:00:00.000,19:00,40
2025-08-20 20:00:00.000,20:00,52.73999999999069
2025-08-20 21:00:00.000,21:00,50.27999999998137
2025-08-20 22:00:00.000,22:00,37.419999999972056
2025-08-20 23:00:00.000,23:00,35.65750000006519
2025-08-21 00:00:00.000,00:00,32.182499999855644
2025-08-21 01:00:00.000,01:00,29.960000000009316
2025-08-21 02:00:00.000,02:00,29.84000000003725
2025-08-21 03:00:00.000,03:00,31.139999999967404
2025-08-21 04:00:00.000,04:00,31.840000000130388
2025-08-21 05:00:00.000,05:00,36.77999999988824
2025-08-21 06:00:00.000,06:00,35.33999999999069
2025-08-21 07:00:00.000,07:00,30.540000000083822
2025-08-21 08:00:00.000,08:00,34.17999999993481
2025-08-21 09:00:00.000,09:00,34.759999999916175
2025-08-21 10:00:00.000,10:00,54.68000000016764
2025-08-21 11:00:00.000,11:00,57.629090908974064
2025-08-21 12:00:00.000,12:00,76.61090909097005
2025-08-21 13:00:00.000,13:00,80.35
2025-08-21 14:00:00.000,14:00,77.84000000006054
2025-08-21 15:00:00.000,15:00,67.56999999985564
2025-08-21 16:00:00.000,16:00,67.93000000002795
2025-08-21 17:00:00.000,17:00,69.28000000000466
2025-08-21 18:00:00.000,18:00,60.269999999972065
2025-08-21 19:00:00.000,19:00,53.27000000004191
2025-08-21 20:00:00.000,20:00,56.2
2025-08-21 21:00:00.000,21:00,52.09000000003725
2025-08-21 22:00:00.000,22:00,40.249999999930154
2025-08-21 23:00:00.000,23:00,38.54250000001048
2025-08-22 00:00:00.000,00:00,33.39750000005006
2025-08-22 01:00:00.000,01:00,30.58999999994412
2025-08-22 02:00:00.000,02:00,35.780000000051224
2025-08-22 03:00:00.000,03:00,36.77000000004191
2025-08-22 04:00:00.000,04:00,37.069999999995346
2025-08-22 05:00:00.000,05:00,36.38000000000466
2025-08-22 06:00:00.000,06:00,36.079999999888244
2025-08-22 07:00:00.000,07:00,33.21999999997206
2025-08-22 08:00:00.000,08:00,30.100000000186263
2025-08-22 09:00:00.000,09:00,31.21999999997206
2025-08-22 10:00:00.000,10:00,57.87999999988824
2025-08-22 11:00:00.000,11:00,63.97272727271458
2025-08-22 12:00:00.000,12:00,81.47727272742513
2025-08-22 13:00:00.000,13:00,81.84999999995343
2025-08-22 14:00:00.000,14:00,77.50999999991619
2025-08-22 15:00:00.000,15:00,70.02000000001863
2025-08-22 16:00:00.000,16:00,68.79000000001396
2025-08-22 17:00:00.000,17:00,66.51000000003259
2025-08-22 18:00:00.000,18:00,63.49999999995343
2025-08-22 19:00:00.000,19:00,58.15
2025-08-22 20:00:00.000,20:00,59.51000000005588
2025-08-22 21:00:00.000,21:00,53.509999999962744
2025-08-22 22:00:00.000,22:00,39.74000000001397
2025-08-22 23:00:00.000,23:00,37.447499999951106
2025-08-23 00:00:00.000,00:00,32.71250000008149
2025-08-23 01:00:00.000,01:00,29.069999999878927
2025-08-23 02:00:00.000,02:00,29.24000000015367
2025-08-23 03:00:00.000,03:00,29.789999999827707
2025-08-23 04:00:00.000,04:00,31.600000000093132
2025-08-23 05:00:00.000,05:00,35.320000000018624
2025-08-23 06:00:00.000,06:00,34.300000000046566
2025-08-23 07:00:00.000,07:00,29.33999999994412
2025-08-23 08:00:00.000,08:00,29.439999999897555
2025-08-23 09:00:00.000,09:00,39.420000000065194
2025-08-23 10:00:00.000,10:00,52.140000000083816
2025-08-23 11:00:00.000,11:00,63.48000000002794
2025-08-23 12:00:00.000,12:00,72.76999999985564
2025-08-23 13:00:00.000,13:00,77.53000000009779
2025-08-23 14:00:00.000,14:00,68.22999999998137
2025-08-23 15:00:00.000,15:00,67.75999999996274
2025-08-23 16:00:00.000,16:00,65.97000000001863
2025-08-23 17:00:00.000,17:00,65.05999999998603
2025-08-23 18:00:00.000,18:00,59.93000000005122
2025-08-23 19:00:00.000,19:00,55.65
2025-08-23 20:00:00.000,20:00,55.77999999993481
2025-08-23 21:00:00.000,21:00,51.84000000001397
2025-08-23 22:00:00.000,22:00,39.81999999999534
2025-08-23 23:00:00.000,23:00,37.23250000008848
2025-08-24 00:00:00.000,00:00,32.3274999999674
2025-08-24 01:00:00.000,01:00,28.189999999967405
2025-08-24 02:00:00.000,02:00,27.120000000088478
2025-08-24 03:00:00.000,03:00,34.329999999981375
2025-08-24 04:00:00.000,04:00,34.94999999983702
2025-08-24 05:00:00.000,05:00,33.71000000012573
2025-08-24 06:00:00.000,06:00,33.06000000005588
2025-08-24 07:00:00.000,07:00,28.299999999906866
2025-08-24 08:00:00.000,08:00,27.38000000002794
2025-08-24 09:00:00.000,09:00,28.979999999981374
2025-08-24 10:00:00.000,10:00,55.09999999990686
2025-08-24 11:00:00.000,11:00,61.740000000037256
2025-08-24 12:00:00.000,12:00,68.77000000011176
2025-08-24 13:00:00.000,13:00,75.35999999991617
2025-08-24 14:00:00.000,14:00,71.55000000006984
2025-08-24 15:00:00.000,15:00,70.64999999999999
2025-08-24 16:00:00.000,16:00,67.96999999999534
2025-08-24 17:00:00.000,17:00,70.68999999987427
2025-08-24 18:00:00.000,18:00,61.8400000001071
2025-08-24 19:00:00.000,19:00,56.6099999998929
2025-08-24 20:00:00.000,20:00,57.3900000001071
2025-08-24 21:00:00.000,21:00,50.76999999987893
2025-08-24 22:00:00.000,22:00,39.26000000012573
2025-08-24 23:00:00.000,23:00,37.15250000001979
2025-08-25 00:00:00.000,00:00,32.467499999905705
2025-08-25 01:00:00.000,01:00,28.22999999995809
2025-08-25 02:00:00.000,02:00,27.710000000172293
2025-08-25 03:00:00.000,03:00,27.619999999878928
2025-08-25 04:00:00.000,04:00,34.15000000002328
2025-08-25 05:00:00.000,05:00,34.73000000002794
2025-08-25 06:00:00.000,06:00,36.359999999962746
2025-08-25 07:00:00.000,07:00,32.639999999990685
2025-08-25 08:00:00.000,08:00,29.300000000093135
2025-08-25 09:00:00.000,09:00,42.23999999989755
2025-08-25 10:00:00.000,10:00,53.60000000009313
2025-08-25 11:00:00.000,11:00,64.07999999988824
2025-08-25 12:00:00.000,12:00,72.55000000002329
2025-08-25 13:00:00.000,13:00,80.25999999993947
2025-08-25 14:00:00.000,14:00,79.15000000004656
2025-08-25 15:00:00.000,15:00,74.99000000008382
2025-08-25 16:00:00.000,16:00,70.31999999994878
2025-08-25 17:00:00.000,17:00,71.82000000004192
2025-08-25 18:00:00.000,18:00,64.41999999997206
2025-08-25 19:00:00.000,19:00,59.39000000001397
2025-08-25 20:00:00.000,20:00,60.10999999998603
2025-08-25 21:00:00.000,21:00,53.689999999967405
2025-08-25 22:00:00.000,22:00,40.72000000006519
2025-08-25 23:00:00.000,23:00,38.6149999999674
2025-08-26 00:00:00.000,00:00,33.844999999948776
2025-08-26 01:00:00.000,01:00,29.610000000102445
2025-08-26 02:00:00.000,02:00,31.680000000027942
2025-08-26 03:00:00.000,03:00,36.38999999992084
2025-08-26 04:00:00.000,04:00,38.060000000079164
2025-08-26 05:00:00.000,05:00,36.159999999939465
2025-08-26 06:00:00.000,06:00,36.59999999990687
2025-08-26 07:00:00.000,07:00,33.200000000093134
2025-08-26 08:00:00.000,08:00,32.579999999981375
2025-08-26 09:00:00.000,09:00,41.62000000001863
2025-08-26 10:00:00.000,10:00,56.59999999990687
2025-08-26 11:00:00.000,11:00,63.88000000002794
2025-08-26 12:00:00.000,12:00,77.94000000010709
2025-08-26 13:00:00.000,13:00,75.79999999995343
2025-08-26 14:00:00.000,14:00,76.16000000007917
2025-08-26 15:00:00.000,15:00,72.41999999985565
2025-08-26 16:00:00.000,16:00,70.33000000000466
2025-08-26 17:00:00.000,17:00,71.39000000006054
2025-08-26 18:00:00.000,18:00,66.90000000002328
2025-08-26 19:00:00.000,19:00,60.62999999995809
2025-08-26 20:00:00.000,20:00,59.83000000005123
2025-08-26 21:00:00.000,21:00,54.6499999998603
2025-08-26 22:00:00.000,22:00,42.04000000006054
2025-08-26 23:00:00.000,23:00,38.39749999999767
2025-08-27 00:00:00.000,00:00,34.20250000007218
2025-08-27 01:00:00.000,01:00,29.81000000005588
2025-08-27 02:00:00.000,02:00,29.399999999906868
2025-08-27 03:00:00.000,03:00,29.419999999925494
2025-08-27 04:00:00.000,04:00,31.630000000167637
2025-08-27 05:00:00.000,05:00,35.64999999981374
2025-08-27 06:00:00.000,06:00,35.020000000065195
2025-08-27 07:00:00.000,07:00,28.880000000121072
2025-08-27 08:00:00.000,08:00,30.959999999962747
2025-08-27 09:00:00.000,09:00,32.039999999990684
2025-08-27 10:00:00.000,10:00,61.299999999953435
2025-08-27 11:00:00.000,11:00,63.27999999998137
2025-08-27 12:00:00.000,12:00,75.46999999992549
2025-08-27 13:00:00.000,13:00,79.39000000010711
2025-08-27 14:00:00.000,14:00,75.23000000005123
2025-08-27 15:00:00.000,15:00,66.90999999998603
2025-08-27 16:00:00.000,16:00,67.89999999997671
2025-08-27 17:00:00.000,17:00,65.75000000002329
2025-08-27 18:00:00.000,18:00,61.80999999986962
2025-08-27 19:00:00.000,19:00,57.880000000144356
2025-08-27 20:00:00.000,20:00,58.05999999991618
2025-08-27 21:00:00.000,21:00,52.820000000018624
2025-08-27 22:00:00.000,22:00,40.13999999992084
2025-08-27 23:00:00.000,23:00,37.73499999998603
2025-08-28 00:00:00.000,00:00,33.41500000006054
2025-08-28 01:00:00.000,01:00,28.52999999998137
2025-08-28 02:00:00.000,02:00,28.430000000144357
2025-08-28 03:00:00.000,03:00,28.5
2025-08-28 04:00:00.000,04:00,29.479999999981374
2025-08-28 05:00:00.000,05:00,34.829999999981375
2025-08-28 06:00:00.000,06:00,34.53999999985099
2025-08-28 07:00:00.000,07:00,27.720000000158322
2025-08-28 08:00:00.000,08:00,30.699999999860303
2025-08-28 09:00:00.000,09:00,30.498181818222456
2025-08-28 10:00:00.000,10:00,58.70181818182411
2025-08-28 11:00:00.000,11:00,63.04000000008382
2025-08-28 12:00:00.000,12:00,79.26999999994878
2025-08-28 13:00:00.000,13:00,78.96999999999534
2025-08-28 14:00:00.000,14:00,74.84999999995343
2025-08-28 15:00:00.000,15:00,68.62000000004191
2025-08-28 16:00:00.000,16:00,65.0200000000419
2025-08-28 17:00:00.000,17:00,65.99999999988358
2025-08-28 18:00:00.000,18:00,63.5000000001397
2025-08-28 19:00:00.000,19:00,57.389999999990685
2025-08-28 20:00:00.000,20:00,56.999999999883585
2025-08-28 21:00:00.000,21:00,51.08000000002794
2025-08-28 22:00:00.000,22:00,39.280000000051224
2025-08-28 23:00:00.000,23:00,36.83500000007916
2025-08-29 00:00:00.000,00:00,32.424999999813735
2025-08-29 01:00:00.000,01:00,27.750000000186265
2025-08-29 02:00:00.000,02:00,27.679999999958092
2025-08-29 03:00:00.000,03:00,27.360000000032596
2025-08-29 04:00:00.000,04:00,27.24999999983702
2025-08-29 05:00:00.000,05:00,32.81999999999534
2025-08-29 06:00:00.000,06:00,31.520000000158326
2025-08-29 07:00:00.000,07:00,26.019999999878927
2025-08-29 08:00:00.000,08:00,29.600000000046563
2025-08-29 09:00:00.000,09:00,35.28000000002794
2025-08-29 10:00:00.000,10:00,43.09999999995344
2025-08-29 11:00:00.000,11:00,61.16000000010244
2025-08-29 12:00:00.000,12:00,64.57999999988824
2025-08-29 13:00:00.000,13:00,63.62000000004191
2025-08-29 14:00:00.000,14:00,59.73000000000466
2025-08-29 15:00:00.000,15:00,51.03999999992084
2025-08-29 16:00:00.000,16:00,62.31000000000931
2025-08-29 17:00:00.000,17:00,63.25000000006985
2025-08-29 18:00:00.000,18:00,58.4300000000745
2025-08-29 19:00:00.000,19:00,55.169999999925494
2025-08-29 20:00:00.000,20:00,40.40999999996275
2025-08-29 21:00:00.000,21:00,38.33999999999069
2025-08-29 22:00:00.000,22:00,37.249999999976716
2025-08-29 23:00:00.000,23:00,35.19250000009197
2025-08-30 00:00:00.000,00:00,30.62749999999651
2025-08-30 01:00:00.000,01:00,27.07999999988824
2025-08-30 02:00:00.000,02:00,26.790000000037253
2025-08-30 03:00:00.000,03:00,27.199999999953434
2025-08-30 04:00:00.000,04:00,28.390000000130385
2025-08-30 05:00:00.000,05:00,34.4499999998603
2025-08-30 06:00:00.000,06:00,33.72000000001863
2025-08-30 07:00:00.000,07:00,27.160000000055877
2025-08-30 08:00:00.000,08:00,28.61999999997206
2025-08-30 09:00:00.000,09:00,38.660000000055874
2025-08-30 10:00:00.000,10:00,40.40000000004657
2025-08-30 11:00:00.000,11:00,56.63999999985099
2025-08-30 12:00:00.000,12:00,67.23000000014436
2025-08-30 13:00:00.000,13:00,73.17999999993481
2025-08-30 14:00:00.000,14:00,66.56999999994878
2025-08-30 15:00:00.000,15:00,59.4600000000326
2025-08-30 16:00:00.000,16:00,58.16999999997206
2025-08-30 17:00:00.000,17:00,60.08000000009779
2025-08-30 18:00:00.000,18:00,54.499999999976716
2025-08-30 19:00:00.000,19:00,51.48000000005123
2025-08-30 20:00:00.000,20:00,36.67999999998137
2025-08-30 21:00:00.000,21:00,37.17999999995809
2025-08-30 22:00:00.000,22:00,37.03000000002794
2025-08-30 23:00:00.000,23:00,35.58999999993248
2025-08-31 00:00:00.000,00:00,30.720000000076833
2025-08-31 01:00:00.000,01:00,27.099999999883586
2025-08-31 02:00:00.000,02:00,27.120000000065193
2025-08-31 03:00:00.000,03:00,27.580000000097787
2025-08-31 04:00:00.000,04:00,29.049999999883585
2025-08-31 05:00:00.000,05:00,34.760000000102444
2025-08-31 06:00:00.000,06:00,33.55999999986962
2025-08-31 07:00:00.000,07:00,27.220000000111757
2025-08-31 08:00:00.000,08:00,27.759999999869613
2025-08-31 09:00:00.000,09:00,28.78000000002794
2025-08-31 10:00:00.000,10:00,40.71999999997206
2025-08-31 11:00:00.000,11:00,48.639999999990685
2025-08-31 12:00:00.000,12:00,51.570000000018624
2025-08-31 13:00:00.000,13:00,50.53000000009779
2025-08-31 14:00:00.000,14:00,46.45999999993946
2025-08-31 15:00:00.000,15:00,46.660000000079165
2025-08-31 16:00:00.000,16:00,49.55999999991618
2025-08-31 17:00:00.000,17:00,53.7899999999674
2025-08-31 18:00:00.000,18:00,49.08000000009779
2025-08-31 19:00:00.000,19:00,44.04000000001397
2025-08-31 20:00:00.000,20:00,32.39999999990687
2025-08-31 21:00:00.000,21:00,35.11000000012573
2025-08-31 22:00:00.000,22:00,36.2399999998277
2025-08-31 23:00:00.000,23:00,35.625000000128054
2025-09-01 00:00:00.000,00:00,31.89500000005355
2025-09-01 01:00:00.000,01:00,27.489999999990687
2025-09-01 02:00:00.000,02:00,27.929999999911526
2025-09-01 03:00:00.000,03:00,28.070000000088477
2025-09-01 04:00:00.000,04:00,29.589999999874273
2025-09-01 05:00:00.000,05:00,34.82000000006519
2025-09-01 06:00:00.000,06:00,33.539999999990684
2025-09-01 07:00:00.000,07:00,27.640000000083816
2025-09-01 08:00:00.000,08:00,28.4999999998603
2025-09-01 09:00:00.000,09:00,30.240000000037252
2025-09-01 10:00:00.000,10:00,37.58000000002794
2025-09-01 11:00:00.000,11:00,35.71636363628998
2025-09-01 12:00:00.000,12:00,35.87474747475077
2025-09-01 13:00:00.000,13:00,37.08888888898719
2025-09-01 14:00:00.000,14:00,41.15
2025-09-01 15:00:00.000,15:00,40.42999999993481
2025-09-01 16:00:00.000,16:00,40.31999999997206
2025-09-01 17:00:00.000,17:00,40.72000000001863
2025-09-01 18:00:00.000,18:00,39.8900000001071
2025-09-01 19:00:00.000,19:00,30.239999999967402
2025-09-01 20:00:00.000,20:00,29.57999999995809
2025-09-01 21:00:00.000,21:00,34.22999999998137
2025-09-01 22:00:00.000,22:00,36.01999999999534
2025-09-01 23:00:00.000,23:00,35.03249999993132
2025-09-02 00:00:00.000,00:00,31.337500000180444
2025-09-02 01:00:00.000,01:00,27.469999999995345
2025-09-02 02:00:00.000,02:00,27.319999999832362
2025-09-02 03:00:00.000,03:00,28.09000000008382
2025-09-02 04:00:00.000,04:00,29.51444444453292
2025-09-02 05:00:00.000,05:00,34.855555555555554
2025-09-02 06:00:00.000,06:00,34.079999999841675
2025-09-02 07:00:00.000,07:00,28.039999999990684
2025-09-02 08:00:00.000,08:00,27.800000000046566
2025-09-02 09:00:00.000,09:00,27.62000000006519
2025-09-02 10:00:00.000,10:00,30.779999999981374
2025-09-02 11:00:00.000,11:00,29.21333333330436
2025-09-02 12:00:00.000,12:00,31.386666666672358
2025-09-02 13:00:00.000,13:00,30.320000000018627
2025-09-02 14:00:00.000,14:00,30.679999999981373
2025-09-02 15:00:00.000,15:00,33.25999999998603
2025-09-02 16:00:00.000,16:00,36.040000000083815
2025-09-02 17:00:00.000,17:00,40.479999999841674
2025-09-02 18:00:00.000,18:00,38.16000000007916
2025-09-02 19:00:00.000,19:00,30.25000000004657
2025-09-02 20:00:00.000,20:00,31.61999999990221
2025-09-02 21:00:00.000,21:00,34.8600000000326
2025-09-02 22:00:00.000,22:00,35.40999999998603
2025-09-02 23:00:00.000,23:00,35.762499999994176
2025-09-03 00:00:00.000,00:00,31.98750000014552
2025-09-03 01:00:00.000,01:00,27.609999999869615
2025-09-03 02:00:00.000,02:00,27.719999999948776
2025-09-03 03:00:00.000,03:00,28.050000000093135
2025-09-03 04:00:00.000,04:00,28.790000000037253
2025-09-03 05:00:00.000,05:00,34.91999999990222
2025-09-03 06:00:00.000,06:00,34.04000000003725
2025-09-03 07:00:00.000,07:00,29.019999999972057
2025-09-03 08:00:00.000,08:00,28.420000000018625
2025-09-03 09:00:00.000,09:00,28.51999999997206
2025-09-03 10:00:00.000,10:00,34.6000000001397
2025-09-03 11:00:00.000,11:00,35.83999999994412
2025-09-03 12:00:00.000,12:00,34.43999999999069
2025-09-03 13:00:00.000,13:00,41.689999999967405
2025-09-03 14:00:00.000,14:00,46.30999999996274
2025-09-03 15:00:00.000,15:00,40.40000000004657
2025-09-03 16:00:00.000,16:00,35.58999999999069
2025-09-03 17:00:00.000,17:00,39.87999999998137
2025-09-03 18:00:00.000,18:00,35.43000000009779
2025-09-03 19:00:00.000,19:00,33.91999999985564
2025-09-03 20:00:00.000,20:00,37.02000000004191
2025-09-03 21:00:00.000,21:00,36.570000000018624
2025-09-03 22:00:00.000,22:00,36.300000000046566
2025-09-03 23:00:00.000,23:00,36.007500000018624
2025-09-04 00:00:00.000,00:00,31.52249999991618
2025-09-04 01:00:00.000,01:00,28.080000000074506
2025-09-04 02:00:00.000,02:00,28
2025-09-04 03:00:00.000,03:00,28.12999999988824
2025-09-04 04:00:00.000,04:00,28.520909090890463
2025-09-04 05:00:00.000,05:00,35.689090909211984
2025-09-04 06:00:00.000,06:00,34.48000000002794
2025-09-04 07:00:00.000,07:00,28.419999999925494
2025-09-04 08:00:00.000,08:00,28.800000000046566
2025-09-04 09:00:00.000,09:00,29.35999999991618
2025-09-04 10:00:00.000,10:00,34.93999999999069
2025-09-04 11:00:00.000,11:00,36.3000000001397
2025-09-04 12:00:00.000,12:00,34.08999999999069
2025-09-04 13:00:00.000,13:00,39.619999999948774
2025-09-04 14:00:00.000,14:00,44.150000000000006
2025-09-04 15:00:00.000,15:00,46.7799999999348
2025-09-04 16:00:00.000,16:00,47.35
2025-09-04 17:00:00.000,17:00,47.41000000010245
2025-09-04 18:00:00.000,18:00,42.11999999999534
2025-09-04 19:00:00.000,19:00,33.49999999995343
2025-09-04 20:00:00.000,20:00,36.719999999995345
2025-09-04 21:00:00.000,21:00,36.5100000000326
2025-09-04 22:00:00.000,22:00,35.809999999892895
2025-09-04 23:00:00.000,23:00,35.98500000016065
2025-09-05 00:00:00.000,00:00,31.625000000011642
2025-09-05 01:00:00.000,01:00,28.389999999897555
2025-09-05 02:00:00.000,02:00,28.480000000004658
2025-09-05 03:00:00.000,03:00,28.419999999925494
2025-09-05 04:00:00.000,04:00,29.12000000013504
2025-09-05 05:00:00.000,05:00,36.759999999962744
2025-09-05 06:00:00.000,06:00,35.93999999994412
2025-09-05 07:00:00.000,07:00,28.679999999981373
2025-09-05 08:00:00.000,08:00,29
2025-09-05 09:00:00.000,09:00,29.820000000018627
2025-09-05 10:00:00.000,10:00,32.18000000012107
2025-09-05 11:00:00.000,11:00,34.5999999998603
2025-09-05 12:00:00.000,12:00,33.569999999995346
2025-09-05 13:00:00.000,13:00,39.35000000004656
2025-09-05 14:00:00.000,14:00,41.07000000006519
2025-09-05 15:00:00.000,15:00,41.859999999869615
2025-09-05 16:00:00.000,16:00,43.19000000008382
2025-09-05 17:00:00.000,17:00,41.57000000008847
2025-09-05 18:00:00.000,18:00,40.52999999995809
2025-09-05 19:00:00.000,19:00,33.81999999994878
2025-09-05 20:00:00.000,20:00,36.689999999967405
2025-09-05 21:00:00.000,21:00,37.24000000001397
2025-09-05 22:00:00.000,22:00,36.48000000005122
2025-09-05 23:00:00.000,23:00,37.32750000001397
2025-09-06 00:00:00.000,00:00,31.98249999990221
2025-09-06 01:00:00.000,01:00,28.91000000012573
2025-09-06 02:00:00.000,02:00,28.21999999997206
2025-09-06 03:00:00.000,03:00,29.379999999911526
2025-09-06 04:00:00.000,04:00,29.390000000130385
2025-09-06 05:00:00.000,05:00,36.719999999995345
2025-09-06 06:00:00.000,06:00,35.239999999897556
2025-09-06 07:00:00.000,07:00,28.899999999953433
2025-09-06 08:00:00.000,08:00,30.68000000012107
2025-09-06 09:00:00.000,09:00,30.920000000018625
2025-09-06 10:00:00.000,10:00,46.71999999983236
2025-09-06 11:00:00.000,11:00,57.520000000065195
2025-09-06 12:00:00.000,12:00,70.29000000006053
2025-09-06 13:00:00.000,13:00,79.15999999993946
2025-09-06 14:00:00.000,14:00,71.55
2025-09-06 15:00:00.000,15:00,64.36999999994877
2025-09-06 16:00:00.000,16:00,64.9000000001397
2025-09-06 17:00:00.000,17:00,64.57999999991154
2025-09-06 18:00:00.000,18:00,63.93000000012107
2025-09-06 19:00:00.000,19:00,57.689999999874274
2025-09-06 20:00:00.000,20:00,51.97000000006519
2025-09-06 21:00:00.000,21:00,39.49999999995343
2025-09-06 22:00:00.000,22:00,37.409999999986034
2025-09-06 23:00:00.000,23:00,37.179999999946446
2025-09-07 00:00:00.000,00:00,31.890000000048893
2025-09-07 01:00:00.000,01:00,27.8100000000326
2025-09-07 02:00:00.000,02:00,27.90999999991618
2025-09-07 03:00:00.000,03:00,27.810000000032595
2025-09-07 04:00:00.000,04:00,28.510000000079163
2025-09-07 05:00:00.000,05:00,36.43999999989755
2025-09-07 06:00:00.000,06:00,34.640000000130385
2025-09-07 07:00:00.000,07:00,28.34000000003725
2025-09-07 08:00:00.000,08:00,28.819999999925493
2025-09-07 09:00:00.000,09:00,37.44000000003725
2025-09-07 10:00:00.000,10:00,52.03999999994412
2025-09-07 11:00:00.000,11:00,64.67999999998138
2025-09-07 12:00:00.000,12:00,74.5299999999581
2025-09-07 13:00:00.000,13:00,74.67999999998138
2025-09-07 14:00:00.000,14:00,68.44000000001397
2025-09-07 15:00:00.000,15:00,67.30000000004657
2025-09-07 16:00:00.000,16:00,64.75000000004657
2025-09-07 17:00:00.000,17:00,58.09999999997672
2025-09-07 18:00:00.000,18:00,48.009999999962744
2025-09-07 19:00:00.000,19:00,35.34999999995344
2025-09-07 20:00:00.000,20:00,37.22000000015833
2025-09-07 21:00:00.000,21:00,37.53999999982771
2025-09-07 22:00:00.000,22:00,36.01000000007916
2025-09-07 23:00:00.000,23:00,36.627500000060536
2025-09-08 00:00:00.000,00:00,31.89250000002794
2025-09-08 01:00:00.000,01:00,28.010000000009313
2025-09-08 02:00:00.000,02:00,27.609999999869615
2025-09-08 03:00:00.000,03:00,28.390000000130385
2025-09-08 04:00:00.000,04:00,29.326666666577673
2025-09-08 05:00:00.000,05:00,35.03333333329194
2025-09-08 06:00:00.000,06:00,33.40000000009313
2025-09-08 07:00:00.000,07:00,27.320000000018624
2025-09-08 08:00:00.000,08:00,28.179999999981376
2025-09-08 09:00:00.000,09:00,28.28000000002794
2025-09-08 10:00:00.000,10:00,35.17999999988824
2025-09-08 11:00:00.000,11:00,34.16727272733538
2025-09-08 12:00:00.000,12:00,33.51272727273913
2025-09-08 13:00:00.000,13:00,37.889999999990685
2025-09-08 14:00:00.000,14:00,39.65
2025-09-08 15:00:00.000,15:00,39.45000000002328
2025-09-08 16:00:00.000,16:00,43.199999999953434
2025-09-08 17:00:00.000,17:00,40.279999999958086
2025-09-08 18:00:00.000,18:00,38.57000000006519
2025-09-08 19:00:00.000,19:00,34.13000000000466
2025-09-08 20:00:00.000,20:00,36.76999999990221
2025-09-08 21:00:00.000,21:00,36.24000000001397
2025-09-08 22:00:00.000,22:00,36.48000000005123
2025-09-08 23:00:00.000,23:00,35.262499999994176
2025-09-09 00:00:00.000,00:00,35.56750000008033
2025-09-09 01:00:00.000,01:00,31.849999999976717
2025-09-09 02:00:00.000,02:00,28.049999999860304
2025-09-09 03:00:00.000,03:00,28.660000000172296
2025-09-09 04:00:00.000,04:00,29.546363636364482
2025-09-09 05:00:00.000,05:00,36.84363636353307
2025-09-09 06:00:00.000,06:00,34.68000000007451
2025-09-09 07:00:00.000,07:00,28.379999999934807
2025-09-09 08:00:00.000,08:00,28.93999999994412
2025-09-09 09:00:00.000,09:00,29.84000000008382
2025-09-09 10:00:00.000,10:00,31.459999999916178
2025-09-09 11:00:00.000,11:00,34.610909090999684
2025-09-09 12:00:00.000,12:00,33.74909090903291
2025-09-09 13:00:00.000,13:00,39.28000000002794
2025-09-09 14:00:00.000,14:00,47.73999999999069
2025-09-09 15:00:00.000,15:00,48.98999999992084
2025-09-09 16:00:00.000,16:00,46.98000000012107
2025-09-09 17:00:00.000,17:00,45.61999999992549
2025-09-09 18:00:00.000,18:00,41.48000000005123
2025-09-09 19:00:00.000,19:00,34.310000000032595
2025-09-09 20:00:00.000,20:00,36.11000000005588
2025-09-09 21:00:00.000,21:00,36.27999999988825
2025-09-09 22:00:00.000,22:00,38.29000000001397
2025-09-09 23:00:00.000,23:00,38.01750000005122
2025-09-10 00:00:00.000,00:00,34.5374999998603
2025-09-10 01:00:00.000,01:00,30.125
2025-09-10 02:00:00.000,02:00,30.537500000107684
2025-09-10 03:00:00.000,03:00,31.00694444442989
2025-09-10 04:00:00.000,04:00,32.382828282773254
2025-09-10 05:00:00.000,05:00,37.45734265735829
2025-09-10 06:00:00.000,06:00,36.05222672072516
2025-09-10 07:00:00.000,07:00,30.621297429576074
2025-09-10 08:00:00.000,08:00,30.732336655610048
2025-09-10 09:00:00.000,09:00,32.513523809507134
2025-09-10 10:00:00.000,10:00,35.218448979586974
2025-09-10 11:00:00.000,11:00,34.819369202195304
2025-09-10 12:00:00.000,12:00,36.80131907308783
2025-09-10 13:00:00.000,13:00,41.25686274518204
2025-09-10 14:00:00.000,14:00,44.15294117644868
2025-09-10 15:00:00.000,15:00,42.080904977321545
2025-09-10 16:00:00.000,16:00,43.76472527483981
2025-09-10 17:00:00.000,17:00,43.971428571268916
2025-09-10 18:00:00.000,18:00,41.615507246358185
2025-09-10 19:00:00.000,19:00,37.47826086956522
2025-09-10 20:00:00.000,20:00,38.6231884057971
2025-09-10 21:00:00.000,21:00,40.18935926773456
2025-09-10 22:00:00.000,22:00,39.9553915276222
2025-09-10 23:00:00.000,23:00,40.3902439025753
2025-09-11 00:00:00.000,00:00,39.98393113342337
2025-09-11 01:00:00.000,01:00,38.105711849970675
2025-09-11 02:00:00.000,02:00,34.84192692382059
2025-09-11 03:00:00.000,03:00,33.25758998428219
2025-09-11 04:00:00.000,04:00,34.53333333336438
2025-09-11 05:00:00.000,05:00,40.18737373743183
2025-09-11 06:00:00.000,06:00,38.50632614809781
2025-09-11 07:00:00.000,07:00,33.64948453602487
2025-09-11 08:00:00.000,08:00,35.04873477041218
2025-09-11 09:00:00.000,09:00,36.26552315613999
2025-09-11 10:00:00.000,10:00,43.0188679245283
2025-09-11 11:00:00.000,11:00,40.66019766395351
2025-09-11 12:00:00.000,12:00,35.94285714280392
2025-09-11 13:00:00.000,13:00,41.255357142862124
2025-09-11 14:00:00.000,14:00,45.050000000046566
2025-09-11 15:00:00.000,15:00,45.42467948719889
2025-09-11 16:00:00.000,16:00,45.692307692307686
2025-09-11 17:00:00.000,17:00,43.53717948714844
2025-09-11 18:00:00.000,18:00,40.51999999992549
2025-09-11 19:00:00.000,19:00,40.51999999992549
2025-09-11 20:00:00.000,20:00,37.88723004697822
2025-09-11 21:00:00.000,21:00,37.647887323983014
2025-09-11 22:00:00.000,22:00,38.13770314193634
2025-09-11 23:00:00.000,23:00,38.53846153844362
2025-09-12 00:00:00.000,00:00,38.53846153844362
2025-09-12 01:00:00.000,01:00,34.76978021976127
2025-09-12 02:00:00.000,02:00,34.57142857140958
2025-09-12 03:00:00.000,03:00,35.05218135159814
2025-09-12 04:00:00.000,04:00,35.532934131786725
2025-09-12 05:00:00.000,05:00,35.532934131786725
2025-09-12 06:00:00.000,06:00,34.62230947941607
2025-09-12 07:00:00.000,07:00,34.26229508196721
2025-09-12 08:00:00.000,08:00,34.26229508196721
2025-09-12 09:00:00.000,09:00,37.743002044630174
2025-09-12 10:00:00.000,10:00,39.483355525961656
2025-09-12 11:00:00.000,11:00,39.483355525961656
2025-09-12 12:00:00.000,12:00,39.483355525961656
2025-09-12 13:00:00.000,13:00,39.483355525961656
2025-09-12 14:00:00.000,14:00,39.483355525961656
2025-09-12 15:00:00.000,15:00,39.483355525961656
2025-09-12 16:00:00.000,16:00,39.483355525961656
2025-09-12 17:00:00.000,17:00,39.483355525961656
2025-09-12 18:00:00.000,18:00,39.483355525961656
2025-09-12 19:00:00.000,19:00,39.483355525961656
2025-09-12 20:00:00.000,20:00,39.483355525961656
2025-09-12 21:00:00.000,21:00,38.9608521970674
2025-09-12 22:00:00.000,22:00,38.66999999994878
2025-09-12 23:00:00.000,23:00,38.44000000013038
2025-09-13 00:00:00.000,00:00,34.19999999988359
2025-09-13 01:00:00.000,01:00,30.800000000046566
2025-09-13 02:00:00.000,02:00,30.59000000008382
2025-09-13 03:00:00.000,03:00,31.489999999990687
2025-09-13 04:00:00.000,04:00,32.969999999995345
2025-09-13 05:00:00.000,05:00,38.97999999995809
2025-09-13 06:00:00.000,06:00,38.859999999916184
2025-09-13 07:00:00.000,07:00,35.12000000006519
2025-09-13 08:00:00.000,08:00,32.04000000003725
2025-09-13 09:00:00.000,09:00,34.299999999860304
2025-09-13 10:00:00.000,10:00,47.86000000014901
2025-09-13 11:00:00.000,11:00,60.53999999989756
2025-09-13 12:00:00.000,12:00,66.6700000000652
2025-09-13 13:00:00.000,13:00,72.0600000000326
2025-09-13 14:00:00.000,14:00,70.43999999996741
2025-09-13 15:00:00.000,15:00,61.629999999958095
2025-09-13 16:00:00.000,16:00,57.01999999999534
2025-09-13 17:00:00.000,17:00,60.059999999939464
2025-09-13 18:00:00.000,18:00,54.74000000001397
2025-09-13 19:00:00.000,19:00,54.59000000003725
2025-09-13 20:00:00.000,20:00,53.560000000079164
2025-09-13 21:00:00.000,21:00,39.53999999989755
2025-09-13 22:00:00.000,22:00,39.610000000102445
2025-09-13 23:00:00.000,23:00,39.38249999991967
2025-09-14 00:00:00.000,00:00,34.677499999996506
2025-09-14 01:00:00.000,01:00,30.890000000107104
2025-09-14 02:00:00.000,02:00,30.649999999976714
2025-09-14 03:00:00.000,03:00,30.609999999869615
2025-09-14 04:00:00.000,04:00,31.364545454586516
2025-09-14 05:00:00.000,05:00,38.96545454541814
2025-09-14 06:00:00.000,06:00,38.54000000008382
2025-09-14 07:00:00.000,07:00,34.73999999999069
2025-09-14 08:00:00.000,08:00,31.460000000009313
2025-09-14 09:00:00.000,09:00,35.179999999981376
2025-09-14 10:00:00.000,10:00,49.23999999999069
2025-09-14 11:00:00.000,11:00,58.180000000004654
2025-09-14 12:00:00.000,12:00,62.689999999920836
2025-09-14 13:00:00.000,13:00,63.71000000003259
2025-09-14 14:00:00.000,14:00,61.16999999999535
2025-09-14 15:00:00.000,15:00,60.76999999997206
2025-09-14 16:00:00.000,16:00,59.060000000172295
2025-09-14 17:00:00.000,17:00,52.52999999998137
2025-09-14 18:00:00.000,18:00,41.10999999984634
2025-09-14 19:00:00.000,19:00,34.43000000009779
2025-09-14 20:00:00.000,20:00,40.23000000002794
2025-09-14 21:00:00.000,21:00,38.70999999998603
2025-09-14 22:00:00.000,22:00,39.189999999920836
2025-09-14 23:00:00.000,23:00,39.44000000000815
2025-09-15 00:00:00.000,00:00,34.82999999996391
2025-09-15 01:00:00.000,01:00,30.200000000162984
2025-09-15 02:00:00.000,02:00,29.69999999997672
2025-09-15 03:00:00.000,03:00,29.869999999902213
2025-09-15 04:00:00.000,04:00,29.480000000121073
2025-09-15 05:00:00.000,05:00,37.23999999999069
2025-09-15 06:00:00.000,06:00,36.480000000027935
2025-09-15 07:00:00.000,07:00,33.699999999906865
2025-09-15 08:00:00.000,08:00,30.200000000046565
2025-09-15 09:00:00.000,09:00,29.31999999997206
2025-09-15 10:00:00.000,10:00,30.27999999988824
2025-09-15 11:00:00.000,11:00,30.460000000149012
2025-09-15 12:00:00.000,12:00,28.112727272624827
2025-09-15 13:00:00.000,13:00,28.9572727272541
2025-09-15 14:00:00.000,14:00,28.990000000083818
2025-09-15 15:00:00.000,15:00,28.260000000009313
2025-09-15 16:00:00.000,16:00,29.87999999995809
2025-09-15 17:00:00.000,17:00,28.489999999920837
2025-09-15 18:00:00.000,18:00,28.4000000001397
2025-09-15 19:00:00.000,19:00,28.12999999988824
2025-09-15 20:00:00.000,20:00,30.910000000032596
2025-09-15 21:00:00.000,21:00,35.57000000006519
2025-09-15 22:00:00.000,22:00,36.47999999988824
2025-09-15 23:00:00.000,23:00,36.497500000172295
2025-09-16 00:00:00.000,00:00,35.66249999995343
2025-09-16 01:00:00.000,01:00,32.73999999987427
2025-09-16 02:00:00.000,02:00,28.86000000012573
2025-09-16 03:00:00.000,03:00,29.249999999953435
2025-09-16 04:00:00.000,04:00,29.05000000009313
2025-09-16 05:00:00.000,05:00,37.11999999983236
2025-09-16 06:00:00.000,06:00,36.5
2025-09-16 07:00:00.000,07:00,32.44000000013038
2025-09-16 08:00:00.000,08:00,28.879999999934807
2025-09-16 09:00:00.000,09:00,28.820000000065193
2025-09-16 10:00:00.000,10:00,32.079999999934806
2025-09-16 11:00:00.000,11:00,30.450909090859138
2025-09-16 12:00:00.000,12:00,30.0290909091688
2025-09-16 13:00:00.000,13:00,28.899999999976718
2025-09-16 14:00:00.000,14:00,29.130000000051222
2025-09-16 15:00:00.000,15:00,27.4599999998929
2025-09-16 16:00:00.000,16:00,28.48000000012107
2025-09-16 17:00:00.000,17:00,27.57999999993481
2025-09-16 18:00:00.000,18:00,26.270000000018626
2025-09-16 19:00:00.000,19:00,26.459999999892897
2025-09-16 20:00:00.000,20:00,30.350000000046567
2025-09-16 21:00:00.000,21:00,34.330000000074506
2025-09-16 22:00:00.000,22:00,35.45000000002328
2025-09-16 23:00:00.000,23:00,34.55749999987311
2025-09-17 00:00:00.000,00:00,30.972500000108266
2025-09-17 01:00:00.000,01:00,27.40999999991618
2025-09-17 02:00:00.000,02:00,26.790000000060537
2025-09-17 03:00:00.000,03:00,27.219999999948776
2025-09-17 04:00:00.000,04:00,27.679999999958092
2025-09-17 05:00:00.000,05:00,35.3
2025-09-17 06:00:00.000,06:00,35.78000000002794
2025-09-17 07:00:00.000,07:00,31.34000000008382
2025-09-17 08:00:00.000,08:00,28.320000000065193
2025-09-17 09:00:00.000,09:00,27.539999999990684
2025-09-17 10:00:00.000,10:00,30.619999999832363
2025-09-17 11:00:00.000,11:00,28.660000000032593
2025-09-17 12:00:00.000,12:00,27.790000000130387
2025-09-17 13:00:00.000,13:00,26.62999999988824
2025-09-17 14:00:00.000,14:00,27.199999999953434
2025-09-17 15:00:00.000,15:00,27.260000000172294
2025-09-17 16:00:00.000,16:00,27.239999999827706
2025-09-17 17:00:00.000,17:00,28.070000000065193
2025-09-17 18:00:00.000,18:00,26.789999999967403
2025-09-17 19:00:00.000,19:00,26.349999999999998
2025-09-17 20:00:00.000,20:00,30.000000000046565
2025-09-17 21:00:00.000,21:00,34.22999999998137
2025-09-17 22:00:00.000,22:00,34.6399999999674
2025-09-17 23:00:00.000,23:00,35.46750000002212
2025-09-18 00:00:00.000,00:00,35.042500000080324
2025-09-18 01:00:00.000,01:00,34.89999999990687
2025-09-18 02:00:00.000,02:00,27.52000000013504
2025-09-18 03:00:00.000,03:00,26.719999999948776
2025-09-18 04:00:00.000,04:00,28.66999999994878
2025-09-18 05:00:00.000,05:00,35.820000000018624
2025-09-18 06:00:00.000,06:00,34.9
2025-09-18 07:00:00.000,07:00,32.96000000005588
2025-09-18 08:00:00.000,08:00,28.13999999999069
2025-09-18 09:00:00.000,09:00,28.159999999869612
2025-09-18 10:00:00.000,10:00,31.52545454557138
2025-09-18 11:00:00.000,11:00,30.85454545440999
2025-09-18 12:00:00.000,12:00,29.200000000080433
2025-09-18 13:00:00.000,13:00,32.24000000004995
2025-09-18 14:00:00.000,14:00,36.53999999994412
2025-09-18 15:00:00.000,15:00,34.76000000000931
2025-09-18 16:00:00.000,16:00,37.10000000004657
2025-09-18 17:00:00.000,17:00,38.126666666660455
2025-09-18 18:00:00.000,18:00,37.583333333209154
2025-09-18 19:00:00.000,19:00,29.650000000186264
2025-09-18 20:00:00.000,20:00,34.7
2025-09-18 21:00:00.000,21:00,34.62999999988824
2025-09-18 22:00:00.000,22:00,34.22000000006519
2025-09-18 23:00:00.000,23:00,35.71249999988358
2025-09-19 00:00:00.000,00:00,28.397500000032597
2025-09-19 01:00:00.000,01:00,27.900000000116414
2025-09-19 02:00:00.000,02:00,27.79999999983702
2025-09-19 03:00:00.000,03:00,28
2025-09-19 04:00:00.000,04:00,28.240000000037256
2025-09-19 05:00:00.000,05:00,35.920000000065194
2025-09-19 06:00:00.000,06:00,34.93999999994412
2025-09-19 07:00:00.000,07:00,31.540000000037253
2025-09-19 08:00:00.000,08:00,28.320000000018627
2025-09-19 09:00:00.000,09:00,28.480000000027943
2025-09-19 10:00:00.000,10:00,30.454545454532752
2025-09-19 11:00:00.000,11:00,29.73545454543465
2025-09-19 12:00:00.000,12:00,29.429999999934807
2025-09-19 13:00:00.000,13:00,37.96000000003259
2025-09-19 14:00:00.000,14:00,46.90999999998603
2025-09-19 15:00:00.000,15:00,45.199999999953434
2025-09-19 16:00:00.000,16:00,46.830000000074506
2025-09-19 17:00:00.000,17:00,47.25999999993947
2025-09-19 18:00:00.000,18:00,38.82000000015832
2025-09-19 19:00:00.000,19:00,31.779999999841678
2025-09-19 20:00:00.000,20:00,35.05000000011641
2025-09-19 21:00:00.000,21:00,35.1399999999674
2025-09-19 22:00:00.000,22:00,36.05999999998603
2025-09-19 23:00:00.000,23:00,36.13249999994296
2025-09-20 00:00:00.000,00:00,28.25749999997788
2025-09-20 01:00:00.000,01:00,27.220000000158326
2025-09-20 02:00:00.000,02:00,27.38999999992084
2025-09-20 03:00:00.000,03:00,28.03000000000466
2025-09-20 04:00:00.000,04:00,27.199999999953434
2025-09-20 05:00:00.000,05:00,35.3
2025-09-20 06:00:00.000,06:00,34.980000000121066
2025-09-20 07:00:00.000,07:00,31.379999999934807
2025-09-20 08:00:00.000,08:00,28.460000000009316
2025-09-20 09:00:00.000,09:00,28.33999999994412
2025-09-20 10:00:00.000,10:00,44.460000000009316
2025-09-20 11:00:00.000,11:00,57.12000000006519
2025-09-20 12:00:00.000,12:00,68.42999999995808
2025-09-20 13:00:00.000,13:00,74.4799999999348
2025-09-20 14:00:00.000,14:00,74.0700000000419
2025-09-20 15:00:00.000,15:00,62.64999999995344
2025-09-20 16:00:00.000,16:00,49.130000000144356
2025-09-20 17:00:00.000,17:00,45.6399999998277
2025-09-20 18:00:00.000,18:00,51.39000000006054
2025-09-20 19:00:00.000,19:00,50.40999999998603
2025-09-20 20:00:00.000,20:00,49.85000000009313
2025-09-20 21:00:00.000,21:00,37.30999999991619
2025-09-20 22:00:00.000,22:00,36.96999999997206
2025-09-20 23:00:00.000,23:00,36.80750000006519
2025-09-21 00:00:00.000,00:00,28.23249999994878
2025-09-21 01:00:00.000,01:00,27.37000000004191
2025-09-21 02:00:00.000,02:00,28.010000000009313
2025-09-21 03:00:00.000,03:00,28.369999999925493
2025-09-21 04:00:00.000,04:00,28.09000000008382
2025-09-21 05:00:00.000,05:00,35.48999999994412
2025-09-21 06:00:00.000,06:00,35.77999999998137
2025-09-21 07:00:00.000,07:00,32.52000000001863
2025-09-21 08:00:00.000,08:00,28.300000000139697
2025-09-21 09:00:00.000,09:00,30.159999999962746
2025-09-21 10:00:00.000,10:00,39.85999999991618
2025-09-21 11:00:00.000,11:00,48.97999999998137
2025-09-21 12:00:00.000,12:00,46.610000000009315
2025-09-21 13:00:00.000,13:00,47.37999999995809
2025-09-21 14:00:00.000,14:00,47.43000000009779
2025-09-21 15:00:00.000,15:00,48.6399999999674
2025-09-21 16:00:00.000,16:00,48.57000000006519
2025-09-21 17:00:00.000,17:00,50.16999999999535
2025-09-21 18:00:00.000,18:00,41.329999999934806
2025-09-21 19:00:00.000,19:00,31.60999999998603
2025-09-21 20:00:00.000,20:00,35.61999999997206
2025-09-21 21:00:00.000,21:00,36.77000000008848
2025-09-21 22:00:00.000,22:00,36.7799999999348
2025-09-21 23:00:00.000,23:00,37.314999999961586
2025-09-22 00:00:00.000,00:00,30.114999999996506
2025-09-22 01:00:00.000,01:00,28.489999999990687
2025-09-22 02:00:00.000,02:00,28.510000000009313
2025-09-22 03:00:00.000,03:00,28.8100000000326
2025-09-22 04:00:00.000,04:00,29.54000000008382
2025-09-22 05:00:00.000,05:00,28.929999999934807
2025-09-22 06:00:00.000,06:00,28.61999999997206
2025-09-22 07:00:00.000,07:00,29.000000000093134
2025-09-22 08:00:00.000,08:00,28.360000000055877
2025-09-22 09:00:00.000,09:00,28.399999999906868
2025-09-22 10:00:00.000,10:00,30.18000000002794
2025-09-22 11:00:00.000,11:00,30.060000000009314
2025-09-22 12:00:00.000,12:00,29.960000000009313
2025-09-22 13:00:00.000,13:00,30.539999999874272
2025-09-22 14:00:00.000,14:00,28.770000000041907
2025-09-22 15:00:00.000,15:00,29.080000000074506
2025-09-22 16:00:00.000,16:00,28.709999999869616
2025-09-22 17:00:00.000,17:00,28.450000000046565
2025-09-22 18:00:00.000,18:00,28.87000000011176
2025-09-22 19:00:00.000,19:00,27.859999999869615
2025-09-22 20:00:00.000,20:00,28.080000000144356
2025-09-22 21:00:00.000,21:00,28.919999999855648
2025-09-22 22:00:00.000,22:00,28.550000000116416
2025-09-22 23:00:00.000,23:00,28.919999999937136
2025-09-23 00:00:00.000,00:00,28.30000000005821
2025-09-23 01:00:00.000,01:00,27.699999999953434
2025-09-23 02:00:00.000,02:00,26.64000000008382
2025-09-23 03:00:00.000,03:00,27.460000000009313
2025-09-23 04:00:00.000,04:00,26.940909090815957
2025-09-23 05:00:00.000,05:00,27.629090909109536
2025-09-23 06:00:00.000,06:00,27.27999999988824
2025-09-23 07:00:00.000,07:00,27.440000000130382
2025-09-23 08:00:00.000,08:00,26.71999999997206
2025-09-23 09:00:00.000,09:00,27.43999999999069
2025-09-23 10:00:00.000,10:00,27.83999999994412
2025-09-23 11:00:00.000,11:00,28.178181818157263
2025-09-23 12:00:00.000,12:00,26.421818181959154
2025-09-23 13:00:00.000,13:00,26.959999999892897
2025-09-23 14:00:00.000,14:00,27.880000000027938
2025-09-23 15:00:00.000,15:00,26.33000000000466
2025-09-23 16:00:00.000,16:00,27.219999999948776
2025-09-23 17:00:00.000,17:00,29.25000000009313
2025-09-23 18:00:00.000,18:00,27.029999999958093
2025-09-23 19:00:00.000,19:00,27.300000000046566
2025-09-23 20:00:00.000,20:00,27
2025-09-23 21:00:00.000,21:00,27.339999999920835
2025-09-23 22:00:00.000,22:00,27.519999999995346
2025-09-23 23:00:00.000,23:00,28.692500000051222
2025-09-24 00:00:00.000,00:00,28.177499999967402
2025-09-24 01:00:00.000,01:00,28
2025-09-24 02:00:00.000,02:00,27.33000000002794
2025-09-24 03:00:00.000,03:00,27.600000000093132
2025-09-24 04:00:00.000,04:00,27.26999999990221
2025-09-24 05:00:00.000,05:00,27.91999999997206
2025-09-24 06:00:00.000,06:00,26.860000000102445
2025-09-24 07:00:00.000,07:00,27.23999999985099
2025-09-24 08:00:00.000,08:00,27.160000000102443
2025-09-24 09:00:00.000,09:00,27.459999999962747
2025-09-24 10:00:00.000,10:00,28.57999999998137
2025-09-24 11:00:00.000,11:00,27.82000000004191
2025-09-24 12:00:00.000,12:00,27.599999999930148
2025-09-24 13:00:00.000,13:00,27
2025-09-24 14:00:00.000,14:00,28.44000000001397
2025-09-24 15:00:00.000,15:00,27.100000000023282
2025-09-24 16:00:00.000,16:00,28.32000000004191
2025-09-24 17:00:00.000,17:00,28.609999999892896
2025-09-24 18:00:00.000,18:00,26.820000000158327
2025-09-24 19:00:00.000,19:00,27.1399999999674
2025-09-24 20:00:00.000,20:00,27.399999999906868
2025-09-24 21:00:00.000,21:00,33.36999999999534
2025-09-24 22:00:00.000,22:00,34.530000000004655
2025-09-24 23:00:00.000,23:00,34.4900000001071
2025-09-25 00:00:00.000,00:00,33.95
2025-09-25 01:00:00.000,01:00,33.92999999991152
2025-09-25 02:00:00.000,02:00,33.48000000000466
2025-09-25 03:00:00.000,03:00,33.68999999994412
2025-09-25 04:00:00.000,04:00,33.59545454553921
2025-09-25 05:00:00.000,05:00,28.054545454460786
2025-09-25 06:00:00.000,06:00,28.50000000018626
2025-09-25 07:00:00.000,07:00,34.43999999989756
2025-09-25 08:00:00.000,08:00,30.399999999953433
2025-09-25 09:00:00.000,09:00,27.42000000011176
2025-09-25 10:00:00.000,10:00,28.919999999925494
2025-09-25 11:00:00.000,11:00,30.83000000009779
2025-09-25 12:00:00.000,12:00,29.15
2025-09-25 13:00:00.000,13:00,32.53999999992084
2025-09-25 14:00:00.000,14:00,36.150000000000006
2025-09-25 15:00:00.000,15:00,34.66999999999534
2025-09-25 16:00:00.000,16:00,34.29999999997672
2025-09-25 17:00:00.000,17:00,34.7899999999674
2025-09-25 18:00:00.000,18:00,33.38000000002794
2025-09-25 19:00:00.000,19:00,31.34000000008382
2025-09-25 20:00:00.000,20:00,35.32999999991152
2025-09-25 21:00:00.000,21:00,35.40000000006985
2025-09-25 22:00:00.000,22:00,35.38000000002794
2025-09-25 23:00:00.000,23:00,35.534999999945285
2025-09-26 00:00:00.000,00:00,34.46499999998487
2025-09-26 01:00:00.000,01:00,34.5
2025-09-26 02:00:00.000,02:00,34.88999999992084
2025-09-26 03:00:00.000,03:00,27.430000000051223
2025-09-26 04:00:00.000,04:00,27.199999999953434
2025-09-26 05:00:00.000,05:00,35.0000000001397
2025-09-26 06:00:00.000,06:00,34.33999999985099
2025-09-26 07:00:00.000,07:00,32.00000000004657
2025-09-26 08:00:00.000,08:00,28.300000000046566
2025-09-26 09:00:00.000,09:00,28.379999999934807
2025-09-26 10:00:00.000,10:00,29.720000000018626
2025-09-26 11:00:00.000,11:00,31.281818181784317
2025-09-26 12:00:00.000,12:00,29.17818181834141
2025-09-26 13:00:00.000,13:00,33.0099999998929
2025-09-26 14:00:00.000,14:00,37.95999999996275
2025-09-26 15:00:00.000,15:00,35.670000000158325
2025-09-26 16:00:00.000,16:00,38.00999999984633
2025-09-26 17:00:00.000,17:00,38.160000000079165
2025-09-26 18:00:00.000,18:00,34.98999999992084
2025-09-26 19:00:00.000,19:00,31.34000000015367
2025-09-26 20:00:00.000,20:00,34.70999999998603
2025-09-26 21:00:00.000,21:00,35.049999999953435
2025-09-26 22:00:00.000,22:00,35.16999999999535
2025-09-26 23:00:00.000,23:00,35.070000000018624
2025-09-27 00:00:00.000,00:00,27.55
2025-09-27 01:00:00.000,01:00,27.209999999962747
2025-09-27 02:00:00.000,02:00,27.209999999939463
2025-09-27 03:00:00.000,03:00,27.77000000004191
2025-09-27 04:00:00.000,04:00,27.419999999925494
2025-09-27 05:00:00.000,05:00,35.020000000158326
2025-09-27 06:00:00.000,06:00,34.39999999990687
2025-09-27 07:00:00.000,07:00,31.32000000011176
2025-09-27 08:00:00.000,08:00,27.83999999985099
2025-09-27 09:00:00.000,09:00,32.360000000149014
2025-09-27 10:00:00.000,10:00,39.5
2025-09-27 11:00:00.000,11:00,58.83999999982771
2025-09-27 12:00:00.000,12:00,68.27000000001863
2025-09-27 13:00:00.000,13:00,78.07000000006519
2025-09-27 14:00:00.000,14:00,66.02000000008847
2025-09-27 15:00:00.000,15:00,60.5999999998603
2025-09-27 16:00:00.000,16:00,57.15
2025-09-27 17:00:00.000,17:00,59.35
2025-09-27 18:00:00.000,18:00,54.589999999967404
2025-09-27 19:00:00.000,19:00,51.63000000009779
2025-09-27 20:00:00.000,20:00,46.88999999992084
2025-09-27 21:00:00.000,21:00,37.5400000001071
2025-09-27 22:00:00.000,22:00,37.05999999998603
2025-09-27 23:00:00.000,23:00,36.914999999891734
2025-09-28 00:00:00.000,00:00,28.31500000015949
2025-09-28 01:00:00.000,01:00,27.619999999878928
2025-09-28 02:00:00.000,02:00,27.020000000088473
2025-09-28 03:00:00.000,03:00,27.63999999987427
2025-09-28 04:00:00.000,04:00,26.020000000018626
2025-09-28 05:00:00.000,05:00,34.91999999997206
2025-09-28 06:00:00.000,06:00,34.22000000006519
2025-09-28 07:00:00.000,07:00,31.54000000008382
2025-09-28 08:00:00.000,08:00,28.859999999869615
2025-09-28 09:00:00.000,09:00,28.839999999990688
2025-09-28 10:00:00.000,10:00,38.68000000016764
2025-09-28 11:00:00.000,11:00,48.09999999990687
2025-09-28 12:00:00.000,12:00,48.35
2025-09-28 13:00:00.000,13:00,48.22000000006519
2025-09-28 14:00:00.000,14:00,49.47999999988824
2025-09-28 15:00:00.000,15:00,49.57000000006519
2025-09-28 16:00:00.000,16:00,49.399999999976714
2025-09-28 17:00:00.000,17:00,50.11999999997206
2025-09-28 18:00:00.000,18:00,40.9
2025-09-28 19:00:00.000,19:00,31.83000000005122
2025-09-28 20:00:00.000,20:00,36.61000000000931
2025-09-28 21:00:00.000,21:00,36.2200000000652
2025-09-28 22:00:00.000,22:00,35.56999999990221
2025-09-28 23:00:00.000,23:00,36.23000000009779
2025-09-29 00:00:00.000,00:00,27.939999999897555
2025-09-29 01:00:00.000,01:00,27.49000000001397
2025-09-29 02:00:00.000,02:00,26.82000000004191
2025-09-29 03:00:00.000,03:00,27.260000000032598
2025-09-29 04:00:00.000,04:00,26.509999999986032
2025-09-29 05:00:00.000,05:00,27.919999999878925
2025-09-29 06:00:00.000,06:00,26.5
2025-09-29 07:00:00.000,07:00,27.68000000012107
2025-09-29 08:00:00.000,08:00,26.71999999997206
2025-09-29 09:00:00.000,09:00,29.219999999925495
2025-09-29 10:00:00.000,10:00,31.340000000130388
2025-09-29 11:00:00.000,11:00,32.67999999993481
2025-09-29 12:00:00.000,12:00,28.41090909083882
2025-09-29 13:00:00.000,13:00,29.259090909086673
2025-09-29 14:00:00.000,14:00,28.169999999995344
2025-09-29 15:00:00.000,15:00,27.930000000097788
2025-09-29 16:00:00.000,16:00,27.8099999998929
2025-09-29 17:00:00.000,17:00,28.789999999967403
2025-09-29 18:00:00.000,18:00,27.94000000001397
2025-09-29 19:00:00.000,19:00,27.31000000012573
2025-09-29 20:00:00.000,20:00,27.360000000032596
2025-09-29 21:00:00.000,21:00,27.739999999827706
2025-09-29 22:00:00.000,22:00,27.290000000130384
2025-09-29 23:00:00.000,23:00,28.772499999869616
2025-09-30 00:00:00.000,00:00,27.057500000088474
2025-09-30 01:00:00.000,01:00,26.929999999911526
2025-09-30 02:00:00.000,02:00,26.17000000018161
2025-09-30 03:00:00.000,03:00,26.12999999986496
2025-09-30 04:00:00.000,04:00,25.850000000046563
2025-09-30 05:00:00.000,05:00,27.239999999944118
2025-09-30 06:00:00.000,06:00,26.840000000130388
2025-09-30 07:00:00.000,07:00,26.479999999981374
2025-09-30 08:00:00.000,08:00,27.57999999988824
2025-09-30 09:00:00.000,09:00,28.520000000018626
2025-09-30 10:00:00.000,10:00,27.800000000046566
2025-09-30 11:00:00.000,11:00,28.60363636365245
2025-09-30 12:00:00.000,12:00,28.15636363633358
2025-09-30 13:00:00.000,13:00,28.239999999990687
2025-09-30 14:00:00.000,14:00,27.94000000001397
2025-09-30 15:00:00.000,15:00,28.130000000051222
2025-09-30 16:00:00.000,16:00,27.899999999976718
2025-09-30 17:00:00.000,17:00,29.830000000004656
2025-09-30 18:00:00.000,18:00,27.300000000046566
2025-09-30 19:00:00.000,19:00,27.299999999883585
2025-09-30 20:00:00.000,20:00,27.260000000102444
2025-09-30 21:00:00.000,21:00,27.609999999939465
2025-09-30 22:00:00.000,22:00,27.830000000074506
2025-09-30 23:00:00.000,23:00,28.577499999880093
2025-10-01 00:00:00.000,00:00,27.09250000009197
2025-10-01 01:00:00.000,01:00,27.199999999953434
2025-10-01 02:00:00.000,02:00,26.399999999906868
2025-10-01 03:00:00.000,03:00,26.019999999995346
2025-10-01 04:00:00.000,04:00,25.9500000001397
2025-10-01 05:00:00.000,05:00,27.300000000046566
2025-10-01 06:00:00.000,06:00,26.419999999925494
2025-10-01 07:00:00.000,07:00,26.540000000037253
2025-10-01 08:00:00.000,08:00,26.419999999925494
2025-10-01 09:00:00.000,09:00,26.21999999997206
2025-10-01 10:00:00.000,10:00,27.360000000102445
2025-10-01 11:00:00.000,11:00,29.17636363626119
2025-10-01 12:00:00.000,12:00,25.84363636371087
2025-10-01 13:00:00.000,13:00,26.399999999906868
2025-10-01 14:00:00.000,14:00,27.050000000116412
2025-10-01 15:00:00.000,15:00,28.429999999934807
2025-10-01 16:00:00.000,16:00,27.869999999948774
2025-10-01 17:00:00.000,17:00,31.010000000079163
2025-10-01 18:00:00.000,18:00,26.849999999953432
2025-10-01 19:00:00.000,19:00,26.590000000013973
2025-10-01 20:00:00.000,20:00,27.57999999995809
2025-10-01 21:00:00.000,21:00,32.77000000008847
2025-10-01 22:00:00.000,22:00,32.98999999992084
2025-10-01 23:00:00.000,23:00,33.730000000062866
2025-10-02 00:00:00.000,00:00,32.4699999999837
2025-10-02 01:00:00.000,01:00,33.620000000088474
2025-10-02 02:00:00.000,02:00,31.709999999962747
2025-10-02 03:00:00.000,03:00,31.399999999906868
2025-10-02 04:00:00.000,04:00,30.97000000001863
2025-10-02 05:00:00.000,05:00,33.15999999996275
2025-10-02 06:00:00.000,06:00,31.16000000005588
2025-10-02 07:00:00.000,07:00,31.26000000005588
2025-10-02 08:00:00.000,08:00,25.899999999953437
2025-10-02 09:00:00.000,09:00,25.340000000037254
2025-10-02 10:00:00.000,10:00,28.400000000000002
2025-10-02 11:00:00.000,11:00,29.869999999995343
2025-10-02 12:00:00.000,12:00,29.71999999990221
2025-10-02 13:00:00.000,13:00,38.420000000158325
2025-10-02 14:00:00.000,14:00,43.05999999998603
2025-10-02 15:00:00.000,15:00,41.12999999988824
2025-10-02 16:00:00.000,16:00,46.880000000027934
2025-10-02 17:00:00.000,17:00,45.46999999997206
2025-10-02 18:00:00.000,18:00,39.47999999998137
2025-10-02 19:00:00.000,19:00,29.589999999990688
2025-10-02 20:00:00.000,20:00,34.48000000012107
2025-10-02 21:00:00.000,21:00,34.24999999986031
2025-10-02 22:00:00.000,22:00,35.24000000006053
2025-10-02 23:00:00.000,23:00,35.43249999994878
2025-10-03 00:00:00.000,00:00,34.07750000006054
2025-10-03 01:00:00.000,01:00,34.74000000006053
2025-10-03 02:00:00.000,02:00,34.320000000041915
2025-10-03 03:00:00.000,03:00,34.299999999813735
2025-10-03 04:00:00.000,04:00,31.340000000176953
2025-10-03 05:00:00.000,05:00,34.759999999916175
2025-10-03 06:00:00.000,06:00,32.76000000005588
2025-10-03 07:00:00.000,07:00,31.88000000002794
2025-10-03 08:00:00.000,08:00,26.8999999998603
2025-10-03 09:00:00.000,09:00,23.979999999981374
2025-10-03 10:00:00.000,10:00,27.960000000009313
2025-10-03 11:00:00.000,11:00,27.930000000144354
2025-10-03 12:00:00.000,12:00,27.719999999948776
2025-10-03 13:00:00.000,13:00,35.309999999986026
2025-10-03 14:00:00.000,14:00,42.660000000079165
2025-10-03 15:00:00.000,15:00,42.00999999984633
2025-10-03 16:00:00.000,16:00,43.8600000000326
2025-10-03 17:00:00.000,17:00,44.079999999934806
2025-10-03 18:00:00.000,18:00,36.560000000172295
2025-10-03 19:00:00.000,19:00,32.88999999987427
2025-10-03 20:00:00.000,20:00,34.84000000008382
2025-10-03 21:00:00.000,21:00,34.98999999999069
2025-10-03 22:00:00.000,22:00,35.43999999994412
2025-10-03 23:00:00.000,23:00,41.480000000080324
2025-10-04 00:00:00.000,00:00,40.469999999989525
2025-10-04 01:00:00.000,01:00,40.67999999995809
2025-10-04 02:00:00.000,02:00,38.50999999991618
2025-10-04 03:00:00.000,03:00,33.410000000125734
2025-10-04 04:00:00.000,04:00,32.79999999993015
2025-10-04 05:00:00.000,05:00,40.24000000008382
2025-10-04 06:00:00.000,06:00,39.45999999996275
2025-10-04 07:00:00.000,07:00,39.49999999990687
2025-10-04 08:00:00.000,08:00,35.26000000014901
2025-10-04 09:00:00.000,09:00,33.06000000000931
2025-10-04 10:00:00.000,10:00,34.81999999997206
2025-10-04 11:00:00.000,11:00,44.65818181807937
2025-10-04 12:00:00.000,12:00,48.10181818181353
2025-10-04 13:00:00.000,13:00,48.37999999995809
2025-10-04 14:00:00.000,14:00,46.94000000013038
2025-10-04 15:00:00.000,15:00,48.85
2025-10-04 16:00:00.000,16:00,48.91999999990221
2025-10-04 17:00:00.000,17:00,48.61000000012573
2025-10-04 18:00:00.000,18:00,47.699999999953434
2025-10-04 19:00:00.000,19:00,43.31999999994878
2025-10-04 20:00:00.000,20:00,38.660000000079165
2025-10-04 21:00:00.000,21:00,37.5999999998603
2025-10-04 22:00:00.000,22:00,36.170000000158325
2025-10-04 23:00:00.000,23:00,35.192499999928984
2025-10-05 00:00:00.000,00:00,26.81749999996391
2025-10-05 01:00:00.000,01:00,26.489999999990687
2025-10-05 02:00:00.000,02:00,25.620000000088474
2025-10-05 03:00:00.000,03:00,25.699999999953434
2025-10-05 04:00:00.000,04:00,25.790000000037253
2025-10-05 05:00:00.000,05:00,32.579999999981375
2025-10-05 06:00:00.000,06:00,32.43999999999069
2025-10-05 07:00:00.000,07:00,31.480000000027943
2025-10-05 08:00:00.000,08:00,29.5
2025-10-05 09:00:00.000,09:00,28
2025-10-05 10:00:00.000,10:00,37.199999999953434
2025-10-05 11:00:00.000,11:00,47.39272727282633
2025-10-05 12:00:00.000,12:00,47.39727272721092
2025-10-05 13:00:00.000,13:00,50.27000000001863
2025-10-05 14:00:00.000,14:00,49.06000000005588
2025-10-05 15:00:00.000,15:00,53.46999999997206
2025-10-05 16:00:00.000,16:00,48.94000000001397
2025-10-05 17:00:00.000,17:00,49.70999999998603
2025-10-05 18:00:00.000,18:00,33.91999999999534
2025-10-05 19:00:00.000,19:00,32.88999999987427
2025-10-05 20:00:00.000,20:00,35.48000000005122
2025-10-05 21:00:00.000,21:00,35.819999999995346
2025-10-05 22:00:00.000,22:00,35.100000000023286
2025-10-05 23:00:00.000,23:00,35.53250000008265
2025-10-06 00:00:00.000,00:00,26.597499999991854
2025-10-06 01:00:00.000,01:00,25.94000000001397
2025-10-06 02:00:00.000,02:00,25.17999999986496
2025-10-06 03:00:00.000,03:00,26.639999999967404
2025-10-06 04:00:00.000,04:00,25.820000000018627
2025-10-06 05:00:00.000,05:00,27.36000000005588
2025-10-06 06:00:00.000,06:00,26.260000000055882
2025-10-06 07:00:00.000,07:00,26.5
2025-10-06 08:00:00.000,08:00,26.57999999988824
2025-10-06 09:00:00.000,09:00,26.72000000011176
2025-10-06 10:00:00.000,10:00,27.200000000000003
2025-10-06 11:00:00.000,11:00,27.16727272715758
2025-10-06 12:00:00.000,12:00,25.992727272735316
2025-10-06 13:00:00.000,13:00,27.230000000144354
2025-10-06 14:00:00.000,14:00,28.81999999997206
2025-10-06 15:00:00.000,15:00,27.219999999902214
2025-10-06 16:00:00.000,16:00,27.69000000003725
2025-10-06 17:00:00.000,17:00,28.569999999902212
2025-10-06 18:00:00.000,18:00,26.770000000088476
2025-10-06 19:00:00.000,19:00,30.95000000006985
2025-10-06 20:00:00.000,20:00,34.189999999874274
2025-10-06 21:00:00.000,21:00,34.43000000009779
2025-10-06 22:00:00.000,22:00,34.910000000055874
2025-10-06 23:00:00.000,23:00,35.637499999906865
2025-10-07 00:00:00.000,00:00,34.08250000008848
2025-10-07 01:00:00.000,01:00,25.749999999860304
2025-10-07 02:00:00.000,02:00,26.08000000009779
2025-10-07 03:00:00.000,03:00,25.290000000037253
2025-10-07 04:00:00.000,04:00,25.31999999997206
2025-10-07 05:00:00.000,05:00,26.5
2025-10-07 06:00:00.000,06:00,25.320000000018624
2025-10-07 07:00:00.000,07:00,26.219999999925495
2025-10-07 08:00:00.000,08:00,25.779999999981374
2025-10-07 09:00:00.000,09:00,25.63999999994412
2025-10-07 10:00:00.000,10:00,28.440000000130382
2025-10-07 11:00:00.000,11:00,29.959999999962747
2025-10-07 12:00:00.000,12:00,28.769999999995342
2025-10-07 13:00:00.000,13:00,28.409999999986027
2025-10-07 14:00:00.000,14:00,27.96999999997206
2025-10-07 15:00:00.000,15:00,29.300000000046566
2025-10-07 16:00:00.000,16:00,30.899999999976718
2025-10-07 17:00:00.000,17:00,30.15
2025-10-07 18:00:00.000,18:00,27.98000000005122
2025-10-07 19:00:00.000,19:00,31.569999999948777
2025-10-07 20:00:00.000,20:00,35.370000000041905
2025-10-07 21:00:00.000,21:00,34.92999999993481
2025-10-07 22:00:00.000,22:00,36.47000000004191
2025-10-07 23:00:00.000,23:00,36.32249999998021
2025-10-08 00:00:00.000,00:00,34.84749999992201
2025-10-08 01:00:00.000,01:00,31.6
2025-10-08 02:00:00.000,02:00,26.220000000158326
2025-10-08 03:00:00.000,03:00,26.12999999988824
2025-10-08 04:00:00.000,04:00,26.639999999944123
2025-10-08 05:00:00.000,05:00,27.30000000009313
2025-10-08 06:00:00.000,06:00,26.13999999994412
2025-10-08 07:00:00.000,07:00,25.36000000014901
2025-10-08 08:00:00.000,08:00,32.419999999878925
2025-10-08 09:00:00.000,09:00,31.000000000093134
2025-10-08 10:00:00.000,10:00,29.259999999869613
2025-10-08 11:00:00.000,11:00,29.10999999998603
2025-10-08 12:00:00.000,12:00,28.4000000001397
2025-10-08 13:00:00.000,13:00,28.85
2025-10-08 14:00:00.000,14:00,28.659999999846335
2025-10-08 15:00:00.000,15:00,28.760000000172294
2025-10-08 16:00:00.000,16:00,28.0999999998603
2025-10-08 17:00:00.000,17:00,28.830000000074506
2025-10-08 18:00:00.000,18:00,27.800000000046566
2025-10-08 19:00:00.000,19:00,27.270000000018626
2025-10-08 20:00:00.000,20:00,27.06999999990221
2025-10-08 21:00:00.000,21:00,26.819999999925496
2025-10-08 22:00:00.000,22:00,27.610000000172292
2025-10-08 23:00:00.000,23:00,27.714999999949942
2025-10-09 00:00:00.000,00:00,27.975000000017463
2025-10-09 01:00:00.000,01:00,27.369999999902213
2025-10-09 02:00:00.000,02:00,26.33000000005122
2025-10-09 03:00:00.000,03:00,26.480000000004658
2025-10-09 04:00:00.000,04:00,26.549999999976716
2025-10-09 05:00:00.000,05:00,33.46000000010244
2025-10-09 06:00:00.000,06:00,32.87999999993481
2025-10-09 07:00:00.000,07:00,31.179999999981376
2025-10-09 08:00:00.000,08:00,26.11999999997206
2025-10-09 09:00:00.000,09:00,27.679999999934807
2025-10-09 10:00:00.000,10:00,30.17272727288814
2025-10-09 11:00:00.000,11:00,30.997272727270186
2025-10-09 12:00:00.000,12:00,31.269999999855642
2025-10-09 13:00:00.000,13:00,33.526666666699256
2025-10-09 14:00:00.000,14:00,43.293333333389214
2025-10-09 15:00:00.000,15:00,45.38000000002794
2025-10-09 16:00:00.000,16:00,46.26000000000931
2025-10-09 17:00:00.000,17:00,45.73999999992084
2025-10-09 18:00:00.000,18:00,39.76999999999534
2025-10-09 19:00:00.000,19:00,36.25999999998603
2025-10-09 20:00:00.000,20:00,35.54000000003725
2025-10-09 21:00:00.000,21:00,35.190000000107105
2025-10-09 22:00:00.000,22:00,36.03999999987427
2025-10-09 23:00:00.000,23:00,35.42250000007334
2025-10-10 00:00:00.000,00:00,34.93750000000583
2025-10-10 01:00:00.000,01:00,34.39999999990687
2025-10-10 02:00:00.000,02:00,34.58000000009779
2025-10-10 03:00:00.000,03:00,27.44000000003725
2025-10-10 04:00:00.000,04:00,27.499999999976716
2025-10-10 05:00:00.000,05:00,33.59999999995344
2025-10-10 06:00:00.000,06:00,33.76000000005588
2025-10-10 07:00:00.000,07:00,32.27999999988824
2025-10-10 08:00:00.000,08:00,26.979999999981374
2025-10-10 09:00:00.000,09:00,26.320000000065193
2025-10-10 10:00:00.000,10:00,29.567272727318446
2025-10-10 11:00:00.000,11:00,32.339393939411345
2025-10-10 12:00:00.000,12:00,30.47333333327487
2025-10-10 13:00:00.000,13:00,38.54000000001397
2025-10-10 14:00:00.000,14:00,46.280000000051224
2025-10-10 15:00:00.000,15:00,45.28999999996741
2025-10-10 16:00:00.000,16:00,46.22999999998137
2025-10-10 17:00:00.000,17:00,44.81999999997206
2025-10-10 18:00:00.000,18:00,37.35000000009313
2025-10-10 19:00:00.000,19:00,34.78999999994412
2025-10-10 20:00:00.000,20:00,35.94000000001397
2025-10-10 21:00:00.000,21:00,36.05999999998603
2025-10-10 22:00:00.000,22:00,36.22999999998137
2025-10-10 23:00:00.000,23:00,36.49249999997555
2025-10-11 00:00:00.000,00:00,27.867500000057042
2025-10-11 01:00:00.000,01:00,27.389999999897555
2025-10-11 02:00:00.000,02:00,27.480000000004658
2025-10-11 03:00:00.000,03:00,27.410000000125727
2025-10-11 04:00:00.000,04:00,27.149999999883583
2025-10-11 05:00:00.000,05:00,34.37999999998137
2025-10-11 06:00:00.000,06:00,33.54000000008382
2025-10-11 07:00:00.000,07:00,31.899999999953433
2025-10-11 08:00:00.000,08:00,28.799999999953435
2025-10-11 09:00:00.000,09:00,28.42000000011176
2025-10-11 10:00:00.000,10:00,41.48999999987427
2025-10-11 11:00:00.000,11:00,51.700000000139696
2025-10-11 12:00:00.000,12:00,47.5999999998603
2025-10-11 13:00:00.000,13:00,47.88000000002794
2025-10-11 14:00:00.000,14:00,48.79000000001397
2025-10-11 15:00:00.000,15:00,50.250000000023284
2025-10-11 16:00:00.000,16:00,50.24000000006054
2025-10-11 17:00:00.000,17:00,51.89999999990687
2025-10-11 18:00:00.000,18:00,52.89999999995344
2025-10-11 19:00:00.000,19:00,49.76000000007916
2025-10-11 20:00:00.000,20:00,41.13999999992084
2025-10-11 21:00:00.000,21:00,36.03000000002794
2025-10-11 22:00:00.000,22:00,37.32000000015832
2025-10-11 23:00:00.000,23:00,35.96249999994761
2025-10-12 00:00:00.000,00:00,27.277499999949942
2025-10-12 01:00:00.000,01:00,27.100000000093132
2025-10-12 02:00:00.000,02:00,26.589999999874273
2025-10-12 03:00:00.000,03:00,26.709999999962747
2025-10-12 04:00:00.000,04:00,26.519999999995342
2025-10-12 05:00:00.000,05:00,34.26000000010245
2025-10-12 06:00:00.000,06:00,34.26000000005588
2025-10-12 07:00:00.000,07:00,32.539999999944115
2025-10-12 08:00:00.000,08:00,28.260000000009313
2025-10-12 09:00:00.000,09:00,28.33999999994412
2025-10-12 10:00:00.000,10:00,38.5100000000326
2025-10-12 11:00:00.000,11:00,49.500000000023284
2025-10-12 12:00:00.000,12:00,47.890000000037254
2025-10-12 13:00:00.000,13:00,49.46999999997206
2025-10-12 14:00:00.000,14:00,50.56999999990221
2025-10-12 15:00:00.000,15:00,49.96000000012573
2025-10-12 16:00:00.000,16:00,50.53000000002794
2025-10-12 17:00:00.000,17:00,50.83999999987427
2025-10-12 18:00:00.000,18:00,34.06000000012573
2025-10-12 19:00:00.000,19:00,36.7199999999255
2025-10-12 20:00:00.000,20:00,38.68999999994412
2025-10-12 21:00:00.000,21:00,38.38999999999069
2025-10-12 22:00:00.000,22:00,38.97000000004191
2025-10-12 23:00:00.000,23:00,39.01750000005122
2025-10-13 00:00:00.000,00:00,30.07249999998603
2025-10-13 01:00:00.000,01:00,29.970000000018626
2025-10-13 02:00:00.000,02:00,29.310000000032595
2025-10-13 03:00:00.000,03:00,28.80999999982305
2025-10-13 04:00:00.000,04:00,29.12000000011176
2025-10-13 05:00:00.000,05:00,29.579999999981375
2025-10-13 06:00:00.000,06:00,28.56000000005588
2025-10-13 07:00:00.000,07:00,29.039999999897553
2025-10-13 08:00:00.000,08:00,28.78000000002794
2025-10-13 09:00:00.000,09:00,29.37999999993481
2025-10-13 10:00:00.000,10:00,31.5
2025-10-13 11:00:00.000,11:00,30.58000000002794
2025-10-13 12:00:00.000,12:00,29.319999999995343
2025-10-13 13:00:00.000,13:00,29.110000000009315
2025-10-13 14:00:00.000,14:00,28.389999999990685
2025-10-13 15:00:00.000,15:00,28.740000000060537
2025-10-13 16:00:00.000,16:00,29.33000000000466
2025-10-13 17:00:00.000,17:00,30.89000000006054
2025-10-13 18:00:00.000,18:00,29.549999999953435
2025-10-13 19:00:00.000,19:00,34.0300000000745
2025-10-13 20:00:00.000,20:00,35.699999999953434
2025-10-13 21:00:00.000,21:00,35.31999999992549
2025-10-13 22:00:00.000,22:00,34.21000000003259
2025-10-13 23:00:00.000,23:00,34.53250000008265
2025-10-14 00:00:00.000,00:00,33.28749999981956
2025-10-14 01:00:00.000,01:00,26.880000000051222
2025-10-14 02:00:00.000,02:00,26.400000000116414
2025-10-14 03:00:00.000,03:00,26.38999999992084
2025-10-14 04:00:00.000,04:00,26.54000000001397
2025-10-14 05:00:00.000,05:00,27.799999999953435
2025-10-14 06:00:00.000,06:00,33.580000000121075
2025-10-14 07:00:00.000,07:00,33.89999999995344
2025-10-14 08:00:00.000,08:00,27.520000000018626
2025-10-14 09:00:00.000,09:00,26.87999999988824
2025-10-14 10:00:00.000,10:00,27.259999999962744
2025-10-14 11:00:00.000,11:00,28.081818181902847
2025-10-14 12:00:00.000,12:00,26.76818181814372
2025-10-14 13:00:00.000,13:00,26.570000000065193
2025-10-14 14:00:00.000,14:00,26.539999999944122
2025-10-14 15:00:00.000,15:00,26
2025-10-14 16:00:00.000,16:00,26.99000000008382
2025-10-14 17:00:00.000,17:00,28.369999999948778
2025-10-14 18:00:00.000,18:00,26.72000000006519
2025-10-14 19:00:00.000,19:00,31.88999999992084
2025-10-14 20:00:00.000,20:00,34.60000000002328
2025-10-14 21:00:00.000,21:00,34.94000000001397
2025-10-14 22:00:00.000,22:00,27.710000000009313
2025-10-14 23:00:00.000,23:00,27.205714285712954
2025-10-15 00:00:00.000,00:00,26.86428571421254
2025-10-15 01:00:00.000,01:00,26.100000000093132
2025-10-15 02:00:00.000,02:00,26.049999999860304
2025-10-15 03:00:00.000,03:00,26.200000000186265
2025-10-15 04:00:00.000,04:00,27.11999999997206
2025-10-15 05:00:00.000,05:00,26.92545454533432
2025-10-15 06:00:00.000,06:00,26.324545454595828
2025-10-15 07:00:00.000,07:00,26.896666666702366
2025-10-15 08:00:00.000,08:00,33.43333333330652
2025-10-15 09:00:00.000,09:00,27.849999999995767
2025-10-15 10:00:00.000,10:00,27.390000000037254
2025-10-15 11:00:00.000,11:00,28.10999999998603
2025-10-15 12:00:00.000,12:00,28.400000000023283
2025-10-15 13:00:00.000,13:00,28.52999999988824
2025-10-15 14:00:00.000,14:00,28.186666666669772
2025-10-15 15:00:00.000,15:00,28.41515151517127
2025-10-15 16:00:00.000,16:00,28.80765550243713
2025-10-15 17:00:00.000,17:00,30.148026315711355
2025-10-15 18:00:00.000,18:00,28.48068181822997
2025-10-15 19:00:00.000,19:00,33.541818181901576
2025-10-15 20:00:00.000,20:00,34.63999999991307
2025-10-15 21:00:00.000,21:00,35.202702702799186
2025-10-15 22:00:00.000,22:00,35.39485827285978
2025-10-15 23:00:00.000,23:00,35.929939024339475
2025-10-16 00:00:00.000,00:00,34.60583333338145
2025-10-16 01:00:00.000,01:00,35.00909090914877
2025-10-16 02:00:00.000,02:00,27.926806526772552
2025-10-16 03:00:00.000,03:00,26.62773892778137
2025-10-16 04:00:00.000,04:00,27.597474747299774
2025-10-16 05:00:00.000,05:00,34.205555555555556
2025-10-16 06:00:00.000,06:00,34.23500000004424
2025-10-16 07:00:00.000,07:00,32.01500000004889
2025-10-16 08:00:00.000,08:00,30.6065217390535
2025-10-16 09:00:00.000,09:00,32.68558352407376
2025-10-16 10:00:00.000,10:00,38.157894736872734
2025-10-16 11:00:00.000,11:00,36.85686274501495
2025-10-16 12:00:00.000,12:00,30.15686274515282
2025-10-16 13:00:00.000,13:00,36.23257080610351
2025-10-16 14:00:00.000,14:00,40.540242165251954
2025-10-16 15:00:00.000,15:00,39.75656498675263
2025-10-16 16:00:00.000,16:00,39.427484786936084
2025-10-16 17:00:00.000,17:00,41.32464986007568
2025-10-16 18:00:00.000,18:00,37.4014832162794
2025-10-16 19:00:00.000,19:00,35.80327868843298
2025-10-16 20:00:00.000,20:00,37.868852459016395
2025-10-16 21:00:00.000,21:00,37.41396004089775
2025-10-16 22:00:00.000,22:00,38.205795095026694
2025-10-16 23:00:00.000,23:00,38.03639240505335
2025-10-17 00:00:00.000,00:00,37.63432203388282
2025-10-17 01:00:00.000,01:00,37.64246368043616
2025-10-17 02:00:00.000,02:00,37.45331632647942
2025-10-17 03:00:00.000,03:00,32.17823129255629
2025-10-17 04:00:00.000,04:00,32.94577114433467
2025-10-17 05:00:00.000,05:00,35.92645107796516
2025-10-17 06:00:00.000,06:00,37.666666666666664
2025-10-17 07:00:00.000,07:00,34.31266149861217
2025-10-17 08:00:00.000,08:00,33.48462847420407
2025-10-17 09:00:00.000,09:00,32.99048780495613
2025-10-17 10:00:00.000,10:00,33.599999999970585
2025-10-17 11:00:00.000,11:00,32.72842105258452
2025-10-17 12:00:00.000,12:00,32.267024491864575
2025-10-17 13:00:00.000,13:00,39.32673267323967
2025-10-17 14:00:00.000,14:00,40.94825656480087
2025-10-17 15:00:00.000,15:00,44.191304347923264
2025-10-17 16:00:00.000,16:00,43.89334023466431
2025-10-17 17:00:00.000,17:00,43.47619047610178
2025-10-17 18:00:00.000,18:00,41.09444444441044
2025-10-17 19:00:00.000,19:00,35.95488721812914
2025-10-17 20:00:00.000,20:00,36.14932655386214
2025-10-17 21:00:00.000,21:00,37.89928057545916
2025-10-17 22:00:00.000,22:00,37.89928057545916
2025-10-17 23:00:00.000,23:00,36.78079650566647
2025-10-18 00:00:00.000,00:00,36.471428571468486
2025-10-18 01:00:00.000,01:00,37.400896452554264
2025-10-18 02:00:00.000,02:00,38.5369127516591
2025-10-18 03:00:00.000,03:00,38.5369127516591
2025-10-18 04:00:00.000,04:00,38.419154953374175
2025-10-18 05:00:00.000,05:00,38.41509433964021
2025-10-18 06:00:00.000,06:00,37.491981132076944
2025-10-18 07:00:00.000,07:00,35.49999999996674
2025-10-18 08:00:00.000,08:00,35.49999999996674
2025-10-18 09:00:00.000,09:00,44.215942028985125
2025-10-18 10:00:00.000,10:00,52.36956521742168
2025-10-18 11:00:00.000,11:00,52.36956521742168
2025-10-18 12:00:00.000,12:00,54.46777699862094
2025-10-18 13:00:00.000,13:00,57.03225806453115
2025-10-18 14:00:00.000,14:00,57.03225806453115
2025-10-18 15:00:00.000,15:00,56.67750979802459
2025-10-18 16:00:00.000,16:00,56.018691588798106
2025-10-18 17:00:00.000,17:00,56.018691588798106
2025-10-18 18:00:00.000,18:00,56.018691588798106
2025-10-18 19:00:00.000,19:00,45.81439930659636
2025-10-18 20:00:00.000,20:00,42.9919354838597
2025-10-18 21:00:00.000,21:00,42.9919354838597
2025-10-18 22:00:00.000,22:00,42.9919354838597
2025-10-18 23:00:00.000,23:00,38.69995519712867
2025-10-19 00:00:00.000,00:00,36.388888888888886
2025-10-19 01:00:00.000,01:00,36.388888888888886
2025-10-19 02:00:00.000,02:00,36.388888888888886
2025-10-19 03:00:00.000,03:00,36.388888888888886
2025-10-19 04:00:00.000,04:00,36.388888888888886
2025-10-19 05:00:00.000,05:00,36.388888888888886
2025-10-19 06:00:00.000,06:00,36.388888888888886
2025-10-19 07:00:00.000,07:00,36.388888888888886
2025-10-19 08:00:00.000,08:00,34.83611111106455
2025-10-19 09:00:00.000,09:00,36.609999999962746
2025-10-19 10:00:00.000,10:00,55.53000000002794
2025-10-19 11:00:00.000,11:00,57.859999999916184
2025-10-19 12:00:00.000,12:00,55.520000000111764
2025-10-19 13:00:00.000,13:00,57.76000000005588
2025-10-19 14:00:00.000,14:00,55.59999999990686
2025-10-19 15:00:00.000,15:00,56.40000000009313
2025-10-19 16:00:00.000,16:00,56.359999999916184
2025-10-19 17:00:00.000,17:00,57.299999999953435
2025-10-19 18:00:00.000,18:00,55.639999999990685
2025-10-19 19:00:00.000,19:00,50.860000000102445
2025-10-19 20:00:00.000,20:00,41.669999999925494
2025-10-19 21:00:00.000,21:00,39.27000000001863
2025-10-19 22:00:00.000,22:00,39.71000000003259
2025-10-19 23:00:00.000,23:00,39.51000000007334
2025-10-20 00:00:00.000,00:00,31.90999999982887
2025-10-20 01:00:00.000,01:00,30.11000000007916
2025-10-20 02:00:00.000,02:00,30.379999999911526
2025-10-20 03:00:00.000,03:00,30.030000000004655
2025-10-20 04:00:00.000,04:00,30.090000000153665
2025-10-20 05:00:00.000,05:00,37.9
2025-10-20 06:00:00.000,06:00,37.65999999996275
2025-10-20 07:00:00.000,07:00,36.04000000003725
2025-10-20 08:00:00.000,08:00,36.83999999999069
2025-10-20 09:00:00.000,09:00,40.0999999998603
2025-10-20 10:00:00.000,10:00,61.27636363640089
2025-10-20 11:00:00.000,11:00,61.61363636377606
2025-10-20 12:00:00.000,12:00,67.96999999990221
2025-10-20 13:00:00.000,13:00,76.19000000008381
2025-10-20 14:00:00.000,14:00,69.46999999994878
2025-10-20 15:00:00.000,15:00,67.84999999990687
2025-10-20 16:00:00.000,16:00,56.96000000012573
2025-10-20 17:00:00.000,17:00,62.89999999995344
2025-10-20 18:00:00.000,18:00,60.42999999993481
2025-10-20 19:00:00.000,19:00,54.59000000003725
2025-10-20 20:00:00.000,20:00,44.45999999996275
2025-10-20 21:00:00.000,21:00,42.630000000051226
2025-10-20 22:00:00.000,22:00,42.62000000001863
2025-10-20 23:00:00.000,23:00,42.72999999989406
2025-10-21 00:00:00.000,00:00,33.39000000005471
2025-10-21 01:00:00.000,01:00,33
2025-10-21 02:00:00.000,02:00,33.30000000002329
2025-10-21 03:00:00.000,03:00,33.839999999920835
2025-10-21 04:00:00.000,04:00,33.46000000003259
2025-10-21 05:00:00.000,05:00,42.200000000093134
2025-10-21 06:00:00.000,06:00,40.71999999997206
2025-10-21 07:00:00.000,07:00,41.91999999997206
2025-10-21 08:00:00.000,08:00,41.22000000011176
2025-10-21 09:00:00.000,09:00,44.139999999850986
2025-10-21 10:00:00.000,10:00,62.65000000011642
2025-10-21 11:00:00.000,11:00,65.25999999998604
2025-10-21 12:00:00.000,12:00,74.8299999999348
2025-10-21 13:00:00.000,13:00,76.76999999997206
2025-10-21 14:00:00.000,14:00,74.49999999995343
2025-10-21 15:00:00.000,15:00,68.07000000008847
2025-10-21 16:00:00.000,16:00,64.34000000008382
2025-10-21 17:00:00.000,17:00,63.619999999972066
2025-10-21 18:00:00.000,18:00,60.95999999996275
2025-10-21 19:00:00.000,19:00,52.91999999994877
2025-10-21 20:00:00.000,20:00,40.78000000009779
2025-10-21 21:00:00.000,21:00,38.92000000001863
2025-10-21 22:00:00.000,22:00,38.96999999997206
2025-10-21 23:00:00.000,23:00,38.95750000002445
2025-10-22 00:00:00.000,00:00,30.022499999933643
2025-10-22 01:00:00.000,01:00,29.969999999995345
2025-10-22 02:00:00.000,02:00,29.820000000041908
2025-10-22 03:00:00.000,03:00,29.57999999986496
2025-10-22 04:00:00.000,04:00,29.36000000012573
2025-10-22 05:00:00.000,05:00,39.799999999906866
2025-10-22 06:00:00.000,06:00,39.45999999996275
2025-10-22 07:00:00.000,07:00,39.460000000009316
2025-10-22 08:00:00.000,08:00,38.140000000130385
2025-10-22 09:00:00.000,09:00,36.06000000000932
2025-10-22 10:00:00.000,10:00,62.43999999994412
2025-10-22 11:00:00.000,11:00,62.139999999990685
2025-10-22 12:00:00.000,12:00,65.38999999999069
2025-10-22 13:00:00.000,13:00,74.83000000000466
2025-10-22 14:00:00.000,14:00,65.75999999996274
2025-10-22 15:00:00.000,15:00,58.490000000037256
2025-10-22 16:00:00.000,16:00,57.0100000000326
2025-10-22 17:00:00.000,17:00,54.50999999991618
2025-10-22 18:00:00.000,18:00,51.54000000003725
2025-10-22 19:00:00.000,19:00,48.40999999996274
2025-10-22 20:00:00.000,20:00,42.02000000011176
2025-10-22 21:00:00.000,21:00,39.65
2025-10-22 22:00:00.000,22:00,40.049999999953435
2025-10-22 23:00:00.000,23:00,40.11
2025-10-23 00:00:00.000,00:00,40.11
2025-10-23 01:00:00.000,01:00,40.11
2025-10-23 02:00:00.000,02:00,40.11
2025-10-23 03:00:00.000,03:00,40.11
2025-10-23 04:00:00.000,04:00,40.11
2025-10-23 05:00:00.000,05:00,40.11
2025-10-23 06:00:00.000,06:00,40.11
2025-10-23 07:00:00.000,07:00,40.11
2025-10-23 08:00:00.000,08:00,40.11
2025-10-23 09:00:00.000,09:00,40.11
2025-10-23 10:00:00.000,10:00,40.11
2025-10-23 11:00:00.000,11:00,40.11
2025-10-23 12:00:00.000,12:00,40.11
2025-10-23 13:00:00.000,13:00,40.11
2025-10-23 14:00:00.000,14:00,40.11
2025-10-23 15:00:00.000,15:00,40.11
2025-10-23 16:00:00.000,16:00,40.11
2025-10-23 17:00:00.000,17:00,40.11
2025-10-23 18:00:00.000,18:00,40.11
2025-10-23 19:00:00.000,19:00,40.11
2025-10-23 20:00:00.000,20:00,40.11
2025-10-23 21:00:00.000,21:00,40.11
2025-10-23 22:00:00.000,22:00,40.11
2025-10-23 23:00:00.000,23:00,40.11
2025-10-24 00:00:00.000,00:00,40.11
2025-10-24 01:00:00.000,01:00,40.11
2025-10-24 02:00:00.000,02:00,40.11
2025-10-24 03:00:00.000,03:00,40.11
2025-10-24 04:00:00.000,04:00,40.11
2025-10-24 05:00:00.000,05:00,40.11
2025-10-24 06:00:00.000,06:00,40.11
2025-10-24 07:00:00.000,07:00,40.11
2025-10-24 08:00:00.000,08:00,40.11
2025-10-24 09:00:00.000,09:00,37.769999999925496
2025-10-24 10:00:00.000,10:00,63.830000000074506
2025-10-24 11:00:00.000,11:00,61.66545454539697
2025-10-24 12:00:00.000,12:00,69.2745454545937
2025-10-24 13:00:00.000,13:00,73.33999999989756
2025-10-24 14:00:00.000,14:00,70.15999999996274
2025-10-24 15:00:00.000,15:00,65.18000000002795
2025-10-24 16:00:00.000,16:00,60.640000000083816
2025-10-24 17:00:00.000,17:00,62.45999999991618
2025-10-24 18:00:00.000,18:00,55.64545454549264
2025-10-24 19:00:00.000,19:00,55.98454545455858
2025-10-24 20:00:00.000,20:00,45.89000000006053
2025-10-24 21:00:00.000,21:00,42.859999999869615
2025-10-24 22:00:00.000,22:00,42.23000000014436
2025-10-24 23:00:00.000,23:00,42.33999999983352
2025-10-25 00:00:00.000,00:00,40.17000000017579
2025-10-25 01:00:00.000,01:00,40.68999999994412
2025-10-25 02:00:00.000,02:00,40.69999999997671
2025-10-25 03:00:00.000,03:00,40.18999999994412
2025-10-25 04:00:00.000,04:00,40.40000000009313
2025-10-25 05:00:00.000,05:00,41.199999999953434
2025-10-25 06:00:00.000,06:00,40.259999999962744
2025-10-25 07:00:00.000,07:00,40.580000000074506
2025-10-25 08:00:00.000,08:00,39.320000000018624
2025-10-25 09:00:00.000,09:00,38.65999999991618
2025-10-25 10:00:00.000,10:00,62.82000000006519
2025-10-25 11:00:00.000,11:00,65.49000000001396
2025-10-25 12:00:00.000,12:00,76.66000000000932
2025-10-25 13:00:00.000,13:00,79.5599999998929
2025-10-25 14:00:00.000,14:00,68.42000000004191
2025-10-25 15:00:00.000,15:00,63.70000000006985
2025-10-25 16:00:00.000,16:00,60.81999999997206
2025-10-25 17:00:00.000,17:00,60.15
2025-10-25 18:00:00.000,18:00,58.110000000009315
2025-10-25 19:00:00.000,19:00,52.40999999991618
2025-10-25 20:00:00.000,20:00,44.490000000083825
2025-10-25 21:00:00.000,21:00,42.75999999993947
2025-10-25 22:00:00.000,22:00,42.47000000004191
2025-10-25 23:00:00.000,23:00,42.232499999925494
2025-10-26 00:00:00.000,00:00,33.517500000121075
2025-10-26 02:00:00.000,02:00,33.1799999999581
2025-10-26 02:00:00.000,02:00,62.761428571349406
2025-10-26 02:00:00.000,02:00,5.142857142857142
2025-10-26 03:00:00.000,03:00,33.46571428578879
2025-10-26 04:00:00.000,04:00,36.26000000005588
2025-10-26 05:00:00.000,05:00,42.73999999999069
2025-10-26 06:00:00.000,06:00,43.359999999916184
2025-10-26 07:00:00.000,07:00,40.60000000004656
2025-10-26 08:00:00.000,08:00,41.979999999888236
2025-10-26 09:00:00.000,09:00,43.77999999998137
2025-10-26 10:00:00.000,10:00,70.05555555569525
2025-10-26 11:00:00.000,11:00,67.64444444430475
2025-10-26 12:00:00.000,12:00,73.73000000014436
2025-10-26 13:00:00.000,13:00,79.89999999995344
2025-10-26 14:00:00.000,14:00,75.01999999990221
2025-10-26 15:00:00.000,15:00,71.39000000006052
2025-10-26 16:00:00.000,16:00,69.99000000008381
2025-10-26 17:00:00.000,17:00,71.85999999986961
2025-10-26 18:00:00.000,18:00,69.5
2025-10-26 19:00:00.000,19:00,62.07000000015832
2025-10-26 20:00:00.000,20:00,49.34999999995343
2025-10-26 21:00:00.000,21:00,47.059999999986026
2025-10-26 22:00:00.000,22:00,47.26000000000931
2025-10-26 23:00:00.000,23:00,43.6324999999837
2025-10-27 00:00:00.000,00:00,41.387499999895226
2025-10-27 01:00:00.000,01:00,42.02000000001863
2025-10-27 02:00:00.000,02:00,41.6300000000745
2025-10-27 03:00:00.000,03:00,41.70999999996275
2025-10-27 04:00:00.000,04:00,41.72999999998137
2025-10-27 05:00:00.000,05:00,42.48000000002794
2025-10-27 06:00:00.000,06:00,42.67999999993481
2025-10-27 07:00:00.000,07:00,42.00000000004657
2025-10-27 08:00:00.000,08:00,35.799999999953435
2025-10-27 09:00:00.000,09:00,39.78000000002794
2025-10-27 10:00:00.000,10:00,68.64000000003725
2025-10-27 11:00:00.000,11:00,68.08000000012106
2025-10-27 12:00:00.000,12:00,74.00999999984634
2025-10-27 13:00:00.000,13:00,78.61000000012574
2025-10-27 14:00:00.000,14:00,72.56999999985564
2025-10-27 15:00:00.000,15:00,68.4100000001723
2025-10-27 16:00:00.000,16:00,67.30999999989291
2025-10-27 17:00:00.000,17:00,66.9700000000419
2025-10-27 18:00:00.000,18:00,64.42000000001862
2025-10-27 19:00:00.000,19:00,54.449999999906865
2025-10-27 20:00:00.000,20:00,43.0500000001397
2025-10-27 21:00:00.000,21:00,41.62999999988824
2025-10-27 22:00:00.000,22:00,43.019999999925496
2025-10-27 23:00:00.000,23:00,41.5625
2025-10-28 00:00:00.000,00:00,34.007500000135046
2025-10-28 01:00:00.000,01:00,32.93999999992084
2025-10-28 02:00:00.000,02:00,33.48999999999069
2025-10-28 03:00:00.000,03:00,33.800000000046566
2025-10-28 04:00:00.000,04:00,34.19000000003726
2025-10-28 05:00:00.000,05:00,39.859999999869615
2025-10-28 06:00:00.000,06:00,39.800000000046566
2025-10-28 07:00:00.000,07:00,40.640000000083816
2025-10-28 08:00:00.000,08:00,35.41999999997206
2025-10-28 09:00:00.000,09:00,45.179999999981376
2025-10-28 10:00:00.000,10:00,60.699999999953434
2025-10-28 11:00:00.000,11:00,67.39999999997671
2025-10-28 12:00:00.000,12:00,78.64000000013039
2025-10-28 13:00:00.000,13:00,85.09999999993016
2025-10-28 14:00:00.000,14:00,75.55000000004657
2025-10-28 15:00:00.000,15:00,64.23999999996741
2025-10-28 16:00:00.000,16:00,63.2299999999581
2025-10-28 17:00:00.000,17:00,64.57999999998137
2025-10-28 18:00:00.000,18:00,65.58000000009778
2025-10-28 19:00:00.000,19:00,54.20000000004657
2025-10-28 20:00:00.000,20:00,44.4399999999674
2025-10-28 21:00:00.000,21:00,43.0999999998603
2025-10-28 22:00:00.000,22:00,44.60000000009313
2025-10-28 23:00:00.000,23:00,40.25000000005239
2025-10-29 00:00:00.000,00:00,32.2099999998638
2025-10-29 01:00:00.000,01:00,32.09000000008382
2025-10-29 02:00:00.000,02:00,32.38999999992084
2025-10-29 03:00:00.000,03:00,32.32000000004191
2025-10-29 04:00:00.000,04:00,33.86000000005588
2025-10-29 05:00:00.000,05:00,40.599999999999994
2025-10-29 06:00:00.000,06:00,40.699999999953434
2025-10-29 07:00:00.000,07:00,41.77999999993481
2025-10-29 08:00:00.000,08:00,36.640000000083816
2025-10-29 09:00:00.000,09:00,39.06000000005588
2025-10-29 10:00:00.000,10:00,68.11999999992548
2025-10-29 11:00:00.000,11:00,66.31000000003259
2025-10-29 12:00:00.000,12:00,78.20999999996275
2025-10-29 13:00:00.000,13:00,79.75
2025-10-29 14:00:00.000,14:00,69.23000000009779
2025-10-29 15:00:00.000,15:00,66.18999999987427
2025-10-29 16:00:00.000,16:00,65.75000000013969
2025-10-29 17:00:00.000,17:00,64.47999999988824
2025-10-29 18:00:00.000,18:00,60.000000000069846
2025-10-29 19:00:00.000,19:00,49.80999999986962
2025-10-29 20:00:00.000,20:00,44.35000000018627
2025-10-29 21:00:00.000,21:00,42.7399999998277
2025-10-29 22:00:00.000,22:00,44.5400000001071
2025-10-29 23:00:00.000,23:00,40.732499999925494
2025-10-30 00:00:00.000,00:00,33.20750000008847
2025-10-30 01:00:00.000,01:00,32.449999999906865
2025-10-30 02:00:00.000,02:00,32.800000000046566
2025-10-30 03:00:00.000,03:00,33.56000000007916
2025-10-30 04:00:00.000,04:00,34.06999999997206
2025-10-30 05:00:00.000,05:00,40.56000000000932
2025-10-30 06:00:00.000,06:00,41.27999999998137
2025-10-30 07:00:00.000,07:00,43.07999999988824
2025-10-30 08:00:00.000,08:00,37.62000000011176
2025-10-30 09:00:00.000,09:00,44.6199999999255
2025-10-30 10:00:00.000,10:00,69.50000000004655
2025-10-30 11:00:00.000,11:00,66.50000000006985
2025-10-30 12:00:00.000,12:00,83.09999999990686
2025-10-30 13:00:00.000,13:00,79.4399999999674
2025-10-30 14:00:00.000,14:00,71.22000000001863
2025-10-30 15:00:00.000,15:00,68.31999999999535
2025-10-30 16:00:00.000,16:00,68.38000000002793
2025-10-30 17:00:00.000,17:00,68.57999999991152
2025-10-30 18:00:00.000,18:00,68.45000000004656
2025-10-30 19:00:00.000,19:00,57.77000000006519
2025-10-30 20:00:00.000,20:00,46.8600000000326
2025-10-30 21:00:00.000,21:00,45.88000000002794
2025-10-30 22:00:00.000,22:00,46.89999999990687
2025-10-30 23:00:00.000,23:00,42.74000000009546
2025-10-31 00:00:00.000,00:00,34.89999999982538
2025-10-31 01:00:00.000,01:00,36.110000000102445
2025-10-31 02:00:00.000,02:00,36.91999999990222
2025-10-31 03:00:00.000,03:00,34.60000000009313
2025-10-31 04:00:00.000,04:00,35.93000000005122
2025-10-31 05:00:00.000,05:00,42.359999999916184
2025-10-31 06:00:00.000,06:00,42.62000000006519
2025-10-31 07:00:00.000,07:00,43.36000000005588
2025-10-31 08:00:00.000,08:00,39.919999999925494
2025-10-31 09:00:00.000,09:00,42.84000000003725
2025-10-31 10:00:00.000,10:00,65.61999999987893
2025-10-31 11:00:00.000,11:00,67.77555555556384
2025-10-31 12:00:00.000,12:00,76.9144444444967
2025-10-31 13:00:00.000,13:00,72.29000000008382
2025-10-31 14:00:00.000,14:00,67.62999999984167
2025-10-31 15:00:00.000,15:00,63.90999999998602
2025-10-31 16:00:00.000,16:00,62.5100000000326
2025-10-31 17:00:00.000,17:00,62.40000000002328
2025-10-31 18:00:00.000,18:00,65.84000000003726
2025-10-31 19:00:00.000,19:00,56.53999999996741
2025-10-31 20:00:00.000,20:00,47.16000000007916
2025-10-31 21:00:00.000,21:00,44.60999999993946
2025-10-31 22:00:00.000,22:00,44.819999999995346
2025-10-31 23:00:00.000,23:00,41.232499999925494
2025-11-01 00:00:00.000,00:00,32.94750000005588
2025-11-01 01:00:00.000,01:00,33.390000000130385
2025-11-01 02:00:00.000,02:00,33.509999999986036
2025-11-01 03:00:00.000,03:00,33.03000000000466
2025-11-01 04:00:00.000,04:00,33.869999999972066
2025-11-01 05:00:00.000,05:00,39.13999999994412
2025-11-01 06:00:00.000,06:00,39.03999999994412
2025-11-01 07:00:00.000,07:00,40.760000000102444
2025-11-01 08:00:00.000,08:00,39.15999999991618
2025-11-01 09:00:00.000,09:00,37.55999999996274
2025-11-01 10:00:00.000,10:00,56.520000000158326
2025-11-01 11:00:00.000,11:00,63.759999999823044
2025-11-01 12:00:00.000,12:00,64.78000000014435
2025-11-01 13:00:00.000,13:00,66.6399999999674
2025-11-01 14:00:00.000,14:00,66.46999999999534
2025-11-01 15:00:00.000,15:00,63.669999999925494
2025-11-01 16:00:00.000,16:00,63.3600000000326
2025-11-01 17:00:00.000,17:00,66.06999999994878
2025-11-01 18:00:00.000,18:00,68.17000000011177
2025-11-01 19:00:00.000,19:00,54.94999999990687
2025-11-01 20:00:00.000,20:00,43.0500000001397
2025-11-01 21:00:00.000,21:00,40.56999999990221
2025-11-01 22:00:00.000,22:00,42.02999999995809
2025-11-01 23:00:00.000,23:00,39.1149999999674
2025-11-02 00:00:00.000,00:00,31.225000000093132
2025-11-02 01:00:00.000,01:00,31.110000000079165
2025-11-02 02:00:00.000,02:00,31.879999999911526
2025-11-02 03:00:00.000,03:00,31.030000000004655
2025-11-02 04:00:00.000,04:00,32.38000000000466
2025-11-02 05:00:00.000,05:00,37.33999999999069
2025-11-02 06:00:00.000,06:00,37.45999999991618
2025-11-02 07:00:00.000,07:00,38.2200000000652
2025-11-02 08:00:00.000,08:00,31.68000000012107
2025-11-02 09:00:00.000,09:00,34.29999999990687
2025-11-02 10:00:00.000,10:00,49.772727272782305
2025-11-02 11:00:00.000,11:00,48.43727272729686
2025-11-02 12:00:00.000,12:00,46.66999999994877
2025-11-02 13:00:00.000,13:00,47.600000000023286
2025-11-02 14:00:00.000,14:00,47.07999999998137
2025-11-02 15:00:00.000,15:00,47.16999999999534
2025-11-02 16:00:00.000,16:00,50.95000000002328
2025-11-02 17:00:00.000,17:00,40.37999999998138
2025-11-02 18:00:00.000,18:00,43.570000000018624
2025-11-02 19:00:00.000,19:00,43.399999999976714
2025-11-02 20:00:00.000,20:00,43.57999999993481
2025-11-02 21:00:00.000,21:00,44.100000000069855
2025-11-02 22:00:00.000,22:00,44.77000000001863
2025-11-02 23:00:00.000,23:00,43.020000000030265
2025-11-03 00:00:00.000,00:00,36.209999999881255
2025-11-03 01:00:00.000,01:00,35.620000000088474
2025-11-03 02:00:00.000,02:00,36.06999999985565
2025-11-03 03:00:00.000,03:00,36.31000000005588
2025-11-03 04:00:00.000,04:00,36.65000000004657
2025-11-03 05:00:00.000,05:00,42.04000000003725
2025-11-03 06:00:00.000,06:00,43.479999999934805
2025-11-03 07:00:00.000,07:00,41.1
2025-11-03 08:00:00.000,08:00,35.8199999999255
2025-11-03 09:00:00.000,09:00,36.700000000186265
2025-11-03 10:00:00.000,10:00,35.67999999988824
2025-11-03 11:00:00.000,11:00,33.483636363608426
2025-11-03 12:00:00.000,12:00,33.1463636364428
2025-11-03 13:00:00.000,13:00,33.94999999993015
2025-11-03 14:00:00.000,14:00,34.93000000009779
2025-11-03 15:00:00.000,15:00,34.34999999995344
2025-11-03 16:00:00.000,16:00,32.96999999997206
2025-11-03 17:00:00.000,17:00,32.67000000004191
2025-11-03 18:00:00.000,18:00,37.31999999992549
2025-11-03 19:00:00.000,19:00,37.46000000012573
2025-11-03 20:00:00.000,20:00,37.70999999986961
2025-11-03 21:00:00.000,21:00,38.07000000006519
2025-11-03 22:00:00.000,22:00,39.309999999892895
2025-11-03 23:00:00.000,23:00,37.900000000098956
2025-11-04 00:00:00.000,00:00,31.639999999984866
2025-11-04 01:00:00.000,01:00,32.08000000009779
2025-11-04 02:00:00.000,02:00,33.0999999998603
2025-11-04 03:00:00.000,03:00,32.820000000041915
2025-11-04 04:00:00.000,04:00,33.68999999994412
2025-11-04 05:00:00.000,05:00,38.900000000000006
2025-11-04 06:00:00.000,06:00,39.44000000008382
2025-11-04 07:00:00.000,07:00,38.400000000000006
2025-11-04 08:00:00.000,08:00,32.84000000003725
2025-11-04 09:00:00.000,09:00,34.22000000001863
2025-11-04 10:00:00.000,10:00,33.77999999984168
2025-11-04 11:00:00.000,11:00,31.720000000158322
2025-11-04 12:00:00.000,12:00,32.28999999994412
2025-11-04 13:00:00.000,13:00,31.869999999948778
2025-11-04 14:00:00.000,14:00,31.5
2025-11-04 15:00:00.000,15:00,31.490000000083818
2025-11-04 16:00:00.000,16:00,31.649999999883583
2025-11-04 17:00:00.000,17:00,33.37000000015833
2025-11-04 18:00:00.000,18:00,38.34999999995343
2025-11-04 19:00:00.000,19:00,38.71000000003259
2025-11-04 20:00:00.000,20:00,38.92999999993481
2025-11-04 21:00:00.000,21:00,38.51000000007916
2025-11-04 22:00:00.000,22:00,40.35909090898508
2025-11-04 23:00:00.000,23:00,37.790909090968356
2025-11-05 00:00:00.000,00:00,31.480000000004658
2025-11-05 01:00:00.000,01:00,31.679999999958092
2025-11-05 02:00:00.000,02:00,30.27999999993481
2025-11-05 03:00:00.000,03:00,30.65999999996275
2025-11-05 04:00:00.000,04:00,31.700000000186265
2025-11-05 05:00:00.000,05:00,37.1199999999255
2025-11-05 06:00:00.000,06:00,36.99000000006053
2025-11-05 07:00:00.000,07:00,37.29999999988358
2025-11-05 08:00:00.000,08:00,32.87000000006519
2025-11-05 09:00:00.000,09:00,32.37555555553279
2025-11-05 10:00:00.000,10:00,33.3644444444579
2025-11-05 11:00:00.000,11:00,30.695789473665585
2025-11-05 12:00:00.000,12:00,31.044210526348383
2025-11-05 13:00:00.000,13:00,31.454285714279727
2025-11-05 14:00:00.000,14:00,30.785714285780813
2025-11-05 15:00:00.000,15:00,30.991666666658908
2025-11-05 16:00:00.000,16:00,31.813095238009865
2025-11-05 17:00:00.000,17:00,34.42857142857143
2025-11-05 18:00:00.000,18:00,37.67634408606807
2025-11-05 19:00:00.000,19:00,38.09032258069173
2025-11-05 20:00:00.000,20:00,37.0999999998603
2025-11-05 21:00:00.000,21:00,37.84418604655061
2025-11-05 22:00:00.000,22:00,38.01970284234086
2025-11-05 23:00:00.000,23:00,37.03611111118748
2025-11-06 00:00:00.000,00:00,30.899999999967605
2025-11-06 01:00:00.000,01:00,30.419999999925494
2025-11-06 02:00:00.000,02:00,30.989999999990687
2025-11-06 03:00:00.000,03:00,30.870000000135043
2025-11-06 04:00:00.000,04:00,31.260000000032598
2025-11-06 05:00:00.000,05:00,36.67999999993481
2025-11-06 06:00:00.000,06:00,38.07999999998137
2025-11-06 07:00:00.000,07:00,37.65999999996275
2025-11-06 08:00:00.000,08:00,34.56000000005588
2025-11-06 09:00:00.000,09:00,33.57999999993481
2025-11-06 10:00:00.000,10:00,33.960000000009316
2025-11-06 11:00:00.000,11:00,31.900000000046568
2025-11-06 12:00:00.000,12:00,31.34000000003725
2025-11-06 13:00:00.000,13:00,32.21000000003259
2025-11-06 14:00:00.000,14:00,31.759999999939467
2025-11-06 15:00:00.000,15:00,32.30999999996275
2025-11-06 16:00:00.000,16:00,33.199999999953434
2025-11-06 17:00:00.000,17:00,35.16999999997206
2025-11-06 18:00:00.000,18:00,38.050000000139704
2025-11-06 19:00:00.000,19:00,38.06999999990221
2025-11-06 20:00:00.000,20:00,38.2100000000326
2025-11-06 21:00:00.000,21:00,38.83000000000466
2025-11-06 22:00:00.000,22:00,39.44000000001397
2025-11-06 23:00:00.000,23:00,37.66250000005239
2025-11-07 00:00:00.000,00:00,31.387500000040745
2025-11-07 01:00:00.000,01:00,31.469999999995345
2025-11-07 02:00:00.000,02:00,31.619999999878928
2025-11-07 03:00:00.000,03:00,31.59000000008382
2025-11-07 04:00:00.000,04:00,32.81999999990221
2025-11-07 05:00:00.000,05:00,37.8800000000745
2025-11-07 06:00:00.000,06:00,37.18000000002794
2025-11-07 07:00:00.000,07:00,37.9
2025-11-07 08:00:00.000,08:00,35.09999999990686
2025-11-07 09:00:00.000,09:00,33.490000000083825
2025-11-07 10:00:00.000,10:00,33.800000000046566
2025-11-07 11:00:00.000,11:00,30.583333333193636
2025-11-07 12:00:00.000,12:00,33.97937569676699
2025-11-07 13:00:00.000,13:00,34.0133779264214
2025-11-07 14:00:00.000,14:00,34.0133779264214
2025-11-07 15:00:00.000,15:00,34.0133779264214
2025-11-07 16:00:00.000,16:00,34.0133779264214
2025-11-07 17:00:00.000,17:00,34.0133779264214
2025-11-07 18:00:00.000,18:00,34.0133779264214
2025-11-07 19:00:00.000,19:00,34.0133779264214
2025-11-07 20:00:00.000,20:00,34.0133779264214
2025-11-07 21:00:00.000,21:00,34.0133779264214
2025-11-07 22:00:00.000,22:00,38.89688963211168
2025-11-07 23:00:00.000,23:00,37.28999999996741
2025-11-08 00:00:00.000,00:00,31.73000000016764
2025-11-08 01:00:00.000,01:00,31.629999999864957
2025-11-08 02:00:00.000,02:00,31.430000000121076
2025-11-08 03:00:00.000,03:00,31.189999999967405
2025-11-08 04:00:00.000,04:00,32.03999999989755
2025-11-08 05:00:00.000,05:00,38.1
2025-11-08 06:00:00.000,06:00,38.640000000083816
2025-11-08 07:00:00.000,07:00,38.95999999991618
2025-11-08 08:00:00.000,08:00,36.7
2025-11-08 09:00:00.000,09:00,38.9
2025-11-08 10:00:00.000,10:00,53.393333333472
2025-11-08 11:00:00.000,11:00,52.79666666661182
2025-11-08 12:00:00.000,12:00,54.33999999992084
2025-11-08 13:00:00.000,13:00,55.19000000003726
2025-11-08 14:00:00.000,14:00,55.6399999999674
2025-11-08 15:00:00.000,15:00,54.47000000004191
2025-11-08 16:00:00.000,16:00,55.52999999995809
2025-11-08 17:00:00.000,17:00,57.940000000060536
2025-11-08 18:00:00.000,18:00,61.240000000013964
2025-11-08 19:00:00.000,19:00,52.45333333327435
2025-11-08 20:00:00.000,20:00,45.66666666666667
2025-11-08 21:00:00.000,21:00,44.110000000110205
2025-11-08 22:00:00.000,22:00,43.6399999999674
2025-11-08 23:00:00.000,23:00,41.60000000000582
2025-11-09 00:00:00.000,00:00,35.07999999999883
2025-11-09 01:00:00.000,01:00,35.66999999994878
2025-11-09 02:00:00.000,02:00,35.89999999990687
2025-11-09 03:00:00.000,03:00,36.9000000001397
2025-11-09 04:00:00.000,04:00,37.03999999994412
2025-11-09 05:00:00.000,05:00,43.2199999999255
2025-11-09 06:00:00.000,06:00,43.84000000003725
2025-11-09 07:00:00.000,07:00,43.080000000074506
2025-11-09 08:00:00.000,08:00,39.87999999998138
2025-11-09 09:00:00.000,09:00,42.90000000004656
2025-11-09 10:00:00.000,10:00,58.830909090887076
2025-11-09 11:00:00.000,11:00,60.339090909061696
2025-11-09 12:00:00.000,12:00,58.579999999934806
2025-11-09 13:00:00.000,13:00,57.5
2025-11-09 14:00:00.000,14:00,55.60000000009313
2025-11-09 15:00:00.000,15:00,53.160000000032596
2025-11-09 16:00:00.000,16:00,50.40999999998603
2025-11-09 17:00:00.000,17:00,53.06999999994878
2025-11-09 18:00:00.000,18:00,55.76999999997206
2025-11-09 19:00:00.000,19:00,50.52999999998137
2025-11-09 20:00:00.000,20:00,44.75000000009314
2025-11-09 21:00:00.000,21:00,43.199999999953434
2025-11-09 22:00:00.000,22:00,43
2025-11-09 23:00:00.000,23:00,41.037500000087306
2025-11-10 00:00:00.000,00:00,35.112500000005824
2025-11-10 01:00:00.000,01:00,34.379999999911526
2025-11-10 02:00:00.000,02:00,34.40999999991618
2025-11-10 03:00:00.000,03:00,34.910000000125734
2025-11-10 04:00:00.000,04:00,34.9499999998603
2025-11-10 05:00:00.000,05:00,41.04000000017695
2025-11-10 06:00:00.000,06:00,42.33999999989756
2025-11-10 07:00:00.000,07:00,43.5
2025-11-10 08:00:00.000,08:00,40.05999999996275
2025-11-10 09:00:00.000,09:00,43.56000000000931
2025-11-10 10:00:00.000,10:00,56.5
2025-11-10 11:00:00.000,11:00,56.78000000005122
2025-11-10 12:00:00.000,12:00,56.10999999996275
2025-11-10 13:00:00.000,13:00,54.250000000069846
2025-11-10 14:00:00.000,14:00,54.56000000005588
2025-11-10 15:00:00.000,15:00,54.029999999958086
2025-11-10 16:00:00.000,16:00,55.30999999996275
2025-11-10 17:00:00.000,17:00,58.38000000000466
2025-11-10 18:00:00.000,18:00,59.99999999995343
2025-11-10 19:00:00.000,19:00,53.050000000046566
2025-11-10 20:00:00.000,20:00,44.40999999998603
2025-11-10 21:00:00.000,21:00,42.15
2025-11-10 22:00:00.000,22:00,43.880000000027934
2025-11-10 23:00:00.000,23:00,40.96499999992084
2025-11-11 00:00:00.000,00:00,34.27499999995344
2025-11-11 01:00:00.000,01:00,34.300000000046566
2025-11-11 02:00:00.000,02:00,34.09000000008382
2025-11-11 03:00:00.000,03:00,33.25999999996275
2025-11-11 04:00:00.000,04:00,34.97999999998137
2025-11-11 05:00:00.000,05:00,40.4
2025-11-11 06:00:00.000,06:00,40.97999999998137
2025-11-11 07:00:00.000,07:00,41.179999999981376
2025-11-11 08:00:00.000,08:00,35.33999999999069
2025-11-11 09:00:00.000,09:00,36.36000000005588
2025-11-11 10:00:00.000,10:00,51.960000000009316
2025-11-11 11:00:00.000,11:00,50.14999999990687
2025-11-11 12:00:00.000,12:00,49.72000000006519
2025-11-11 13:00:00.000,13:00,49.56000000005588
2025-11-11 14:00:00.000,14:00,49.669999999925494
2025-11-11 15:00:00.000,15:00,49.47000000004191
2025-11-11 16:00:00.000,16:00,50.01000000000931
2025-11-11 17:00:00.000,17:00,40.81999999994878
2025-11-11 18:00:00.000,18:00,40.810000000079164
2025-11-11 19:00:00.000,19:00,39.94000000001397
2025-11-11 20:00:00.000,20:00,39.25999999993947
2025-11-11 21:00:00.000,21:00,37.89000000006054
2025-11-11 22:00:00.000,22:00,38.81999999997206
2025-11-11 23:00:00.000,23:00,37.18624999994839
2025-11-12 00:00:00.000,00:00,31.683750000000387
2025-11-12 01:00:00.000,01:00,31.019999999995342
2025-11-12 02:00:00.000,02:00,30.980000000004658
2025-11-12 03:00:00.000,03:00,31.400000000116417
2025-11-12 04:00:00.000,04:00,31.90999999999379
2025-11-12 05:00:00.000,05:00,37.05999999997827
2025-11-12 06:00:00.000,06:00,38.5
2025-11-12 07:00:00.000,07:00,37.5999999998603
2025-11-12 08:00:00.000,08:00,32.56000000005588
2025-11-12 09:00:00.000,09:00,30.78000000002794
2025-11-12 10:00:00.000,10:00,30.85999999991618
2025-11-12 11:00:00.000,11:00,29.5000000001397
2025-11-12 12:00:00.000,12:00,29.779999999911524
2025-11-12 13:00:00.000,13:00,30.420000000018625
2025-11-12 14:00:00.000,14:00,30.409999999986027
2025-11-12 15:00:00.000,15:00,30.700000000023284
2025-11-12 16:00:00.000,16:00,30.81000000005588
2025-11-12 17:00:00.000,17:00,32.979999999888236
2025-11-12 18:00:00.000,18:00,36.5
2025-11-12 19:00:00.000,19:00,36.5400000001071
2025-11-12 20:00:00.000,20:00,36.669999999925494
2025-11-12 21:00:00.000,21:00,36.869999999948774
2025-11-12 22:00:00.000,22:00,37.77000000001863
2025-11-12 23:00:00.000,23:00,37.32750000001397
2025-11-13 00:00:00.000,00:00,30.572500000009313
2025-11-13 01:00:00.000,01:00,30.219999999948776
2025-11-13 02:00:00.000,02:00,29.9000000001397
2025-11-13 03:00:00.000,03:00,30
2025-11-13 04:00:00.000,04:00,30.569999999948777
2025-11-13 05:00:00.000,05:00,36.61999999997206
2025-11-13 06:00:00.000,06:00,36.88000000012107
2025-11-13 07:00:00.000,07:00,35.859999999823046
2025-11-13 08:00:00.000,08:00,30.4000000001397
2025-11-13 09:00:00.000,09:00,30.920000000018625
2025-11-13 10:00:00.000,10:00,31.239999999850987
2025-11-13 11:00:00.000,11:00,30.060000000009314
2025-11-13 12:00:00.000,12:00,29.780000000144355
2025-11-13 13:00:00.000,13:00,30.56999999990221
2025-11-13 14:00:00.000,14:00,29.860000000032596
2025-11-13 15:00:00.000,15:00,30.180000000004657
2025-11-13 16:00:00.000,16:00,30.94999999993015
2025-11-13 17:00:00.000,17:00,34.12000000001862
2025-11-13 18:00:00.000,18:00,38.66999999999534
2025-11-13 19:00:00.000,19:00,39.27000000001863
2025-11-13 20:00:00.000,20:00,39.28999999996741
2025-11-13 21:00:00.000,21:00,39.180000000004654
2025-11-13 22:00:00.000,22:00,39.53000000002794
2025-11-13 23:00:00.000,23:00,38.432500000071016
2025-11-14 00:00:00.000,00:00,34.27808823532952
2025-11-14 01:00:00.000,01:00,34.447058823521196
2025-11-14 02:00:00.000,02:00,34.447058823521196
2025-11-14 03:00:00.000,03:00,34.447058823521196
2025-11-14 04:00:00.000,04:00,34.447058823521196
2025-11-14 05:00:00.000,05:00,34.447058823521196
2025-11-14 06:00:00.000,06:00,34.447058823521196
2025-11-14 07:00:00.000,07:00,34.447058823521196
2025-11-14 08:00:00.000,08:00,34.447058823521196
2025-11-14 09:00:00.000,09:00,34.447058823521196
2025-11-14 10:00:00.000,10:00,34.447058823521196
2025-11-14 11:00:00.000,11:00,32.83882352945272
2025-11-14 12:00:00.000,12:00,30.12999999986496
2025-11-14 13:00:00.000,13:00,31.94000000001397
2025-11-14 14:00:00.000,14:00,32.910000000125734
2025-11-14 15:00:00.000,15:00,30.659999999939462
2025-11-14 16:00:00.000,16:00,33.55999999996274
2025-11-14 17:00:00.000,17:00,36.32000000011176
2025-11-14 18:00:00.000,18:00,40.59999999990687
2025-11-14 19:00:00.000,19:00,39.44000000008382
2025-11-14 20:00:00.000,20:00,39.53999999989756
2025-11-14 21:00:00.000,21:00,39.48000000002794
2025-11-14 22:00:00.000,22:00,40.800000000093135
2025-11-14 23:00:00.000,23:00,39.544999999844
2025-11-15 00:00:00.000,00:00,33.4950000001234
2025-11-15 01:00:00.000,01:00,33.35000000004656
2025-11-15 02:00:00.000,02:00,33.07999999986496
2025-11-15 03:00:00.000,03:00,33.51000000000931
2025-11-15 04:00:00.000,04:00,33.78000000012108
2025-11-15 05:00:00.000,05:00,40.25999999991618
2025-11-15 06:00:00.000,06:00,39.820000000018624
2025-11-15 07:00:00.000,07:00,39.7
2025-11-15 08:00:00.000,08:00,39.79999999995343
2025-11-15 09:00:00.000,09:00,39.09999999995343
2025-11-15 10:00:00.000,10:00,38.860000000102445
2025-11-15 11:00:00.000,11:00,37.05000000002328
2025-11-15 12:00:00.000,12:00,46.27222929940496
2025-11-15 13:00:00.000,13:00,46.52866242038216
2025-11-15 14:00:00.000,14:00,46.52866242038216
2025-11-15 15:00:00.000,15:00,46.52866242038216
2025-11-15 16:00:00.000,16:00,46.52866242038216
2025-11-15 17:00:00.000,17:00,46.52866242038216
2025-11-15 18:00:00.000,18:00,46.52866242038216
2025-11-15 19:00:00.000,19:00,46.52866242038216
2025-11-15 20:00:00.000,20:00,46.52866242038216
2025-11-15 21:00:00.000,21:00,46.52866242038216
2025-11-15 22:00:00.000,22:00,44.33980891719745
2025-11-15 23:00:00.000,23:00,38.98999999989755
2025-11-16 00:00:00.000,00:00,33.37000000004191
2025-11-16 01:00:00.000,01:00,32.31000000005588
2025-11-16 02:00:00.000,02:00,32.38999999992084
2025-11-16 03:00:00.000,03:00,32.5
2025-11-16 04:00:00.000,04:00,32.81999999992549
2025-11-16 05:00:00.000,05:00,40.44000000008381
2025-11-16 06:00:00.000,06:00,41.33999999989756
2025-11-16 07:00:00.000,07:00,41.800000000046566
2025-11-16 08:00:00.000,08:00,41.12000000001863
2025-11-16 09:00:00.000,09:00,37.860000000102445
2025-11-16 10:00:00.000,10:00,40.699999999999996
2025-11-16 11:00:00.000,11:00,47.123636363472116
2025-11-16 12:00:00.000,12:00,45.94636363647666
2025-11-16 13:00:00.000,13:00,45.03999999987427
2025-11-16 14:00:00.000,14:00,44.59000000001397
2025-11-16 15:00:00.000,15:00,46.88000000002794
2025-11-16 16:00:00.000,16:00,45.37999999995809
2025-11-16 17:00:00.000,17:00,39.93000000012107
2025-11-16 18:00:00.000,18:00,40.78999999996741
2025-11-16 19:00:00.000,19:00,40.96999999997206
2025-11-16 20:00:00.000,20:00,40.63000000005122
2025-11-16 21:00:00.000,21:00,41.03000000002794
2025-11-16 22:00:00.000,22:00,40.87999999995809
2025-11-16 23:00:00.000,23:00,39.25750000007101
2025-11-17 00:00:00.000,00:00,32.792499999975554
2025-11-17 01:00:00.000,01:00,32.67999999995809
2025-11-17 02:00:00.000,02:00,32.78000000002794
2025-11-17 03:00:00.000,03:00,32.61999999987893
2025-11-17 04:00:00.000,04:00,33.360000000009315
2025-11-17 05:00:00.000,05:00,38.58000000016764
2025-11-17 06:00:00.000,06:00,39.7199999999255
2025-11-17 07:00:00.000,07:00,39.5
2025-11-17 08:00:00.000,08:00,36.17999999993481
2025-11-17 09:00:00.000,09:00,34.260000000102444
2025-11-17 10:00:00.000,10:00,35.119999999972066
2025-11-17 11:00:00.000,11:00,33.229999999934805
2025-11-17 12:00:00.000,12:00,33.81999999997206
2025-11-17 13:00:00.000,13:00,36.55000000011642
2025-11-17 14:00:00.000,14:00,36.07999999993481
2025-11-17 15:00:00.000,15:00,34.240000000013964
2025-11-17 16:00:00.000,16:00,36.08000000002794
2025-11-17 17:00:00.000,17:00,37.339999999920835
2025-11-17 18:00:00.000,18:00,40.3600000000326
2025-11-17 19:00:00.000,19:00,40.94000000001397
2025-11-17 20:00:00.000,20:00,41.43000000009779
2025-11-17 21:00:00.000,21:00,41.10999999993946
2025-11-17 22:00:00.000,22:00,43.31999999997206
2025-11-17 23:00:00.000,23:00,42.27000000000116
2025-11-18 00:00:00.000,00:00,35.96999999991967
2025-11-18 01:00:00.000,01:00,35.810000000032595
2025-11-18 02:00:00.000,02:00,36.48000000000466
2025-11-18 03:00:00.000,03:00,37.060000000079164
2025-11-18 04:00:00.000,04:00,37.33000000000466
2025-11-18 05:00:00.000,05:00,44.41999999987893
2025-11-18 06:00:00.000,06:00,44.22000000015832
2025-11-18 07:00:00.000,07:00,45.65999999996275
2025-11-18 08:00:00.000,08:00,40.02000000001863
2025-11-18 09:00:00.000,09:00,40.52000000001863
2025-11-18 10:00:00.000,10:00,38.27999999984168
2025-11-18 11:00:00.000,11:00,37.24666666669461
2025-11-18 12:00:00.000,12:00,36.6933333334125
2025-11-18 13:00:00.000,13:00,36.300000000046566
2025-11-18 14:00:00.000,14:00,36.46999999997206
2025-11-18 15:00:00.000,15:00,35.72999999998137
2025-11-18 16:00:00.000,16:00,36.68999999992084
2025-11-18 17:00:00.000,17:00,38.88000000002794
2025-11-18 18:00:00.000,18:00,42.66000000007916
2025-11-18 19:00:00.000,19:00,43.019999999925496
2025-11-18 20:00:00.000,20:00,43.59000000001397
2025-11-18 21:00:00.000,21:00,43.57000000006519
2025-11-18 22:00:00.000,22:00,44.89999999995344
2025-11-18 23:00:00.000,23:00,43.86749999991153
2025-11-19 00:00:00.000,00:00,38.232500000158325
2025-11-19 01:00:00.000,01:00,37.61999999987893
2025-11-19 02:00:00.000,02:00,37.11000000007917
2025-11-19 03:00:00.000,03:00,37.48000000000466
2025-11-19 04:00:00.000,04:00,36.53999999996741
2025-11-19 05:00:00.000,05:00,42.71999999992549
2025-11-19 06:00:00.000,06:00,42.55999999996275
2025-11-19 07:00:00.000,07:00,42.54000000003725
2025-11-19 08:00:00.000,08:00,39.06000000010245
2025-11-19 09:00:00.000,09:00,36.700000000046565
2025-11-19 10:00:00.000,10:00,36.799999999953435
2025-11-19 11:00:00.000,11:00,35.590909090870994
2025-11-19 12:00:00.000,12:00,36.639090909133664
2025-11-19 13:00:00.000,13:00,36.28999999996741
2025-11-19 14:00:00.000,14:00,34.62999999988824
2025-11-19 15:00:00.000,15:00,35.420000000065194
2025-11-19 16:00:00.000,16:00,36.579999999981375
2025-11-19 17:00:00.000,17:00,38.61000000000931
2025-11-19 18:00:00.000,18:00,41
2025-11-19 19:00:00.000,19:00,43.640000000130385
2025-11-19 20:00:00.000,20:00,43.62999999988824
2025-11-19 21:00:00.000,21:00,44.31999999997206
2025-11-19 22:00:00.000,22:00,44.72999999998137
2025-11-19 23:00:00.000,23:00,43.34500000003027
2025-11-20 00:00:00.000,00:00,38.75499999994645
2025-11-20 01:00:00.000,01:00,38.960000000009316
2025-11-20 02:00:00.000,02:00,38.800000000046566
2025-11-20 03:00:00.000,03:00,39
2025-11-20 04:00:00.000,04:00,40.100000000023286
2025-11-20 05:00:00.000,05:00,44.920000000018625
2025-11-20 06:00:00.000,06:00,47.29999999990687
2025-11-20 07:00:00.000,07:00,46.62000000006519
2025-11-20 08:00:00.000,08:00,42.04000000008382
2025-11-20 09:00:00.000,09:00,44.1199999999255
2025-11-20 10:00:00.000,10:00,42.96000000005588
2025-11-20 11:00:00.000,11:00,46.43999999989755
2025-11-20 12:00:00.000,12:00,36.98000000005122
2025-11-20 13:00:00.000,13:00,37.18000000005122
2025-11-20 14:00:00.000,14:00,47.25999999998603
2025-11-20 15:00:00.000,15:00,39.07999999988824
2025-11-20 16:00:00.000,16:00,39.6000000001397
2025-11-20 17:00:00.000,17:00,41.73999999999069
2025-11-20 18:00:00.000,18:00,45.87999999998138
2025-11-20 19:00:00.000,19:00,46.429999999981376
2025-11-20 20:00:00.000,20:00,46.839999999920835
2025-11-20 21:00:00.000,21:00,47.74000000006053
2025-11-20 22:00:00.000,22:00,50.08999999999069
2025-11-20 23:00:00.000,23:00,48.22750000006636
2025-11-21 00:00:00.000,00:00,48.14249999995227
2025-11-21 01:00:00.000,01:00,48.969999999995345
2025-11-21 02:00:00.000,02:00,40.03999999992084
2025-11-21 03:00:00.000,03:00,39.132727272814904
2025-11-21 04:00:00.000,04:00,40.76727272725495
2025-11-21 05:00:00.000,05:00,46.58000000002794
2025-11-21 06:00:00.000,06:00,47.02000000001863
2025-11-21 07:00:00.000,07:00,47.859999999916184
2025-11-21 08:00:00.000,08:00,48.56000000010245
2025-11-21 09:00:00.000,09:00,52.17999999988824
2025-11-21 10:00:00.000,10:00,46.496363636478776
2025-11-21 11:00:00.000,11:00,47.80363636359107
2025-11-21 12:00:00.000,12:00,37.600000000023286
2025-11-21 13:00:00.000,13:00,35.41000000000931
2025-11-21 14:00:00.000,14:00,35.75999999998603
2025-11-21 15:00:00.000,15:00,36.01999999994878
2025-11-21 16:00:00.000,16:00,36.90999999998603
2025-11-21 17:00:00.000,17:00,37.54999999995343
2025-11-21 18:00:00.000,18:00,41.25000000009313
2025-11-21 19:00:00.000,19:00,40.85
2025-11-21 20:00:00.000,20:00,41.83000000000466
2025-11-21 21:00:00.000,21:00,41.06999999990221
2025-11-21 22:00:00.000,22:00,42.24000000006053
2025-11-21 23:00:00.000,23:00,40.73250000000698
2025-11-22 00:00:00.000,00:00,35.68750000010478
2025-11-22 01:00:00.000,01:00,35.39999999990687
2025-11-22 02:00:00.000,02:00,36.280000000051224
2025-11-22 03:00:00.000,03:00,36.83999999989756
2025-11-22 04:00:00.000,04:00,37.77000000013504
2025-11-22 05:00:00.000,05:00,43.5999999998603
2025-11-22 06:00:00.000,06:00,45.12000000006519
2025-11-22 07:00:00.000,07:00,44.60000000004656
2025-11-22 08:00:00.000,08:00,42.33999999985099
2025-11-22 09:00:00.000,09:00,44.080000000074506
2025-11-22 10:00:00.000,10:00,45.27999999993481
2025-11-22 11:00:00.000,11:00,42.88000000000466
2025-11-22 12:00:00.000,12:00,51.780000000144355
2025-11-22 13:00:00.000,13:00,53.03000000002794
2025-11-22 14:00:00.000,14:00,52.199999999953434
2025-11-22 15:00:00.000,15:00,52.5
2025-11-22 16:00:00.000,16:00,54.689999999920836
2025-11-22 17:00:00.000,17:00,57.39999999995343
2025-11-22 18:00:00.000,18:00,57.28000000007451
2025-11-22 19:00:00.000,19:00,43.62999999995809
2025-11-22 20:00:00.000,20:00,40.37000000011176
2025-11-22 21:00:00.000,21:00,39.77999999991928
2025-11-22 22:00:00.000,22:00,40.289999999982925
2025-11-22 23:00:00.000,23:00,38.472499999980215
2025-11-23 00:00:00.000,00:00,39.57749999997323
2025-11-23 01:00:00.000,01:00,39.32000000004191
2025-11-23 02:00:00.000,02:00,36.93000000002794
2025-11-23 03:00:00.000,03:00,30.40999999991618
2025-11-23 04:00:00.000,04:00,30.860000000149014
2025-11-23 05:00:00.000,05:00,36.37999999998138
2025-11-23 06:00:00.000,06:00,38.22000000001863
2025-11-23 07:00:00.000,07:00,37.199999999999996
2025-11-23 08:00:00.000,08:00,37.78000000002794
2025-11-23 09:00:00.000,09:00,36.83999999985099
2025-11-23 10:00:00.000,10:00,40.16000000010244
2025-11-23 11:00:00.000,11:00,45.31999999994878
2025-11-23 12:00:00.000,12:00,45.77000000001863
2025-11-23 13:00:00.000,13:00,48.03000000002794
2025-11-23 14:00:00.000,14:00,48.909999999986034
2025-11-23 15:00:00.000,15:00,46.97000000004191
2025-11-23 16:00:00.000,16:00,46.34999999995343
2025-11-23 17:00:00.000,17:00,38.939999999967405
2025-11-23 18:00:00.000,18:00,41.8600000000326
2025-11-23 19:00:00.000,19:00,41.130000000051226
2025-11-23 20:00:00.000,20:00,41.329999999841675
2025-11-23 21:00:00.000,21:00,41.200000000186265
2025-11-23 22:00:00.000,22:00,42.57999999991153
2025-11-23 23:00:00.000,23:00,40.22000000006519
2025-11-24 00:00:00.000,00:00,34.43999999985098
2025-11-24 01:00:00.000,01:00,34.41999999999535
2025-11-24 02:00:00.000,02:00,33.72000000015832
2025-11-24 03:00:00.000,03:00,33.71999999997206
2025-11-24 04:00:00.000,04:00,35.46999999997206
2025-11-24 05:00:00.000,05:00,40.83999999989756
2025-11-24 06:00:00.000,06:00,40.02000000001863
2025-11-24 07:00:00.000,07:00,40.140000000083816
2025-11-24 08:00:00.000,08:00,35.7
2025-11-24 09:00:00.000,09:00,33.84000000003725
2025-11-24 10:00:00.000,10:00,34.37999999998138
2025-11-24 11:00:00.000,11:00,33.187272727243936
2025-11-24 12:00:00.000,12:00,32.55272727274674
2025-11-24 13:00:00.000,13:00,32.74999999990687
2025-11-24 14:00:00.000,14:00,32.650000000000006
2025-11-24 15:00:00.000,15:00,36.28000000009779
2025-11-24 16:00:00.000,16:00,38.3600000000326
2025-11-24 17:00:00.000,17:00,32.94999999988359
2025-11-24 18:00:00.000,18:00,34.52000000008847
2025-11-24 19:00:00.000,19:00,34.15999999991618
2025-11-24 20:00:00.000,20:00,34.3600000000326
2025-11-24 21:00:00.000,21:00,33.839999999920835
2025-11-24 22:00:00.000,22:00,35.49000000013039
2025-11-24 23:00:00.000,23:00,33.45999999991618
2025-11-25 00:00:00.000,00:00,33.550000000093135
2025-11-25 01:00:00.000,01:00,34.109999999869615
2025-11-25 02:00:00.000,02:00,33.51000000000931
2025-11-25 03:00:00.000,03:00,35.560000000079164
2025-11-25 04:00:00.000,04:00,33.469999999995345
2025-11-25 05:00:00.000,05:00,34.04000000008382
2025-11-25 06:00:00.000,06:00,33.299999999860304
2025-11-25 07:00:00.000,07:00,34.28000000012107
2025-11-25 08:00:00.000,08:00,34.31999999987893
2025-11-25 09:00:00.000,09:00,35.47999999998137
2025-11-25 10:00:00.000,10:00,35.28000000012107
2025-11-25 11:00:00.000,11:00,34.97999999998137
2025-11-25 12:00:00.000,12:00,33.409999999939465
2025-11-25 13:00:00.000,13:00,34.630000000051226
2025-11-25 14:00:00.000,14:00,34.22999999998137
2025-11-25 15:00:00.000,15:00,34.45999999996275
2025-11-25 16:00:00.000,16:00,33.409999999986034
2025-11-25 17:00:00.000,17:00,33.400000000116414
2025-11-25 18:00:00.000,18:00,39.44000000001397
2025-11-25 19:00:00.000,19:00,39.75999999993947
2025-11-25 20:00:00.000,20:00,41.29000000001397
2025-11-25 21:00:00.000,21:00,40.92999999993481
2025-11-25 22:00:00.000,22:00,37.059999999939464
2025-11-25 23:00:00.000,23:00,34.80000000008731
2025-11-26 00:00:00.000,00:00,35.14000000008964
2025-11-26 01:00:00.000,01:00,35.98000000000466
2025-11-26 02:00:00.000,02:00,36.11999999987893
2025-11-26 03:00:00.000,03:00,36.95090909092052
2025-11-26 04:00:00.000,04:00,38.20909090906551
2025-11-26 05:00:00.000,05:00,37.380000000027934
2025-11-26 06:00:00.000,06:00,37.8
2025-11-26 07:00:00.000,07:00,38.04000000003725
2025-11-26 08:00:00.000,08:00,41.619999999972066
2025-11-26 09:00:00.000,09:00,40.58000000002794
2025-11-26 10:00:00.000,10:00,39.41333333323192
2025-11-26 11:00:00.000,11:00,38.02666666668892
2025-11-26 12:00:00.000,12:00,37.17000000011176
2025-11-26 13:00:00.000,13:00,35.839999999920835
2025-11-26 14:00:00.000,14:00,36.42000000008848
2025-11-26 15:00:00.000,15:00,36.1399999999674
2025-11-26 16:00:00.000,16:00,37.23999999999069
2025-11-26 17:00:00.000,17:00,36.16999999999534
2025-11-26 18:00:00.000,18:00,36.920000000018625
2025-11-26 19:00:00.000,19:00,37.41999999990221
2025-11-26 20:00:00.000,20:00,37.65
2025-11-26 21:00:00.000,21:00,36.84000000008382
2025-11-26 22:00:00.000,22:00,39.24999999997672
2025-11-26 23:00:00.000,23:00,36.679999999998834
2025-11-27 00:00:00.000,00:00,37.88999999992666
2025-11-27 01:00:00.000,01:00,37.5827272728149
2025-11-27 02:00:00.000,02:00,39.36727272725495
2025-11-27 03:00:00.000,03:00,38.81999999992549
2025-11-27 04:00:00.000,04:00,40.32000000006519
2025-11-27 05:00:00.000,05:00,37.170000000018625
2025-11-27 06:00:00.000,06:00,38.96999999997206
2025-11-27 07:00:00.000,07:00,38.56000000010244
2025-11-27 08:00:00.000,08:00,39.85999999991618
2025-11-27 09:00:00.000,09:00,41.29636363640258
2025-11-27 10:00:00.000,10:00,41.218181818194516
2025-11-27 11:00:00.000,11:00,40.49545454548206
2025-11-27 12:00:00.000,12:00,39.01315789473072
2025-11-27 13:00:00.000,13:00,40.189016018283404
2025-11-27 14:00:00.000,14:00,46.5173913043539
2025-11-27 15:00:00.000,15:00,43.790434782571445
2025-11-27 16:00:00.000,16:00,37.19000000001397
2025-11-27 17:00:00.000,17:00,36.177272727257915
2025-11-27 18:00:00.000,18:00,36.09058441556597
2025-11-27 19:00:00.000,19:00,35.8821428570724
2025-11-27 20:00:00.000,20:00,36.7820512820947
2025-11-27 21:00:00.000,21:00,37.305182760567654
2025-11-27 22:00:00.000,22:00,37.12592385214266
2025-11-27 23:00:00.000,23:00,35.58451652378693
2025-11-28 00:00:00.000,00:00,34.905450581469566
2025-11-28 01:00:00.000,01:00,35.5111607143512
2025-11-28 02:00:00.000,02:00,35.07571428574378
2025-11-28 03:00:00.000,03:00,35.483333333279006
2025-11-28 04:00:00.000,04:00,35.56476190473574
2025-11-28 05:00:00.000,05:00,35.40580720094608
2025-11-28 06:00:00.000,06:00,34.77148217630116
2025-11-28 07:00:00.000,07:00,40.60683760679103
2025-11-28 08:00:00.000,08:00,37.21777777783572
2025-11-28 09:00:00.000,09:00,36.441818181807854
2025-11-28 10:00:00.000,10:00,37.648370497379474
2025-11-28 11:00:00.000,11:00,35.679426705370105
2025-11-28 12:00:00.000,12:00,34.62311188815083
2025-11-28 13:00:00.000,13:00,34.93218500802867
2025-11-28 14:00:00.000,14:00,34.52382011364411
2025-11-28 15:00:00.000,15:00,34.56610631526997
2025-11-28 16:00:00.000,16:00,33.98801843314818
2025-11-28 17:00:00.000,17:00,33.56168831170948
2025-11-28 18:00:00.000,18:00,33.05366350073788
2025-11-28 19:00:00.000,19:00,34.36123548914124
2025-11-28 20:00:00.000,20:00,33.58333333337214
2025-11-28 21:00:00.000,21:00,34.84379756466255
2025-11-28 22:00:00.000,22:00,34.66388977381868
2025-11-28 23:00:00.000,23:00,34.17977878620523
2025-11-29 00:00:00.000,00:00,33.21951219522417
2025-11-29 01:00:00.000,01:00,33.00999698887752
2025-11-29 02:00:00.000,02:00,32.50259985469536
2025-11-29 03:00:00.000,03:00,32.138823529291784
2025-11-29 04:00:00.000,04:00,35.22352941186332
2025-11-29 05:00:00.000,05:00,38.05071078434988
2025-11-29 06:00:00.000,06:00,39.65731060605807
2025-11-29 07:00:00.000,07:00,38.78181818174198
2025-11-29 08:00:00.000,08:00,38.653280632359824
2025-11-29 09:00:00.000,09:00,38.1391304348312
2025-11-29 10:00:00.000,10:00,39.09244197453629
2025-11-29 11:00:00.000,11:00,41.503759398496236
2025-11-29 12:00:00.000,12:00,41.92573099415334
2025-11-29 13:00:00.000,13:00,47.83333333335274
2025-11-29 14:00:00.000,14:00,47.83333333335274
2025-11-29 15:00:00.000,15:00,52.0233918128352
2025-11-29 16:00:00.000,16:00,54.11842105257644
2025-11-29 17:00:00.000,17:00,53.352631578899576
2025-11-29 18:00:00.000,18:00,48.375
2025-11-29 19:00:00.000,19:00,48.375
2025-11-29 20:00:00.000,20:00,44.77391304349446
2025-11-29 21:00:00.000,21:00,40.65838509320241
2025-11-29 22:00:00.000,22:00,40.65838509320241
2025-11-29 23:00:00.000,23:00,36.09780161869197
2025-11-30 00:00:00.000,00:00,34.83636363638057
2025-11-30 01:00:00.000,01:00,34.757373737389074
2025-11-30 02:00:00.000,02:00,32.46666666663562
2025-11-30 03:00:00.000,03:00,32.46666666663562
2025-11-30 04:00:00.000,04:00,32.710812603618876
2025-11-30 05:00:00.000,05:00,39.791044776133305
2025-11-30 06:00:00.000,06:00,39.791044776133305
2025-11-30 07:00:00.000,07:00,39.791044776133305
2025-11-30 08:00:00.000,08:00,38.72176448077664
2025-11-30 09:00:00.000,09:00,38.22624434390404
2025-11-30 10:00:00.000,10:00,38.22624434390404
2025-11-30 11:00:00.000,11:00,38.22624434390404
2025-11-30 12:00:00.000,12:00,42.94456762750065
2025-11-30 13:00:00.000,13:00,42.94456762750065
2025-11-30 14:00:00.000,14:00,42.94456762750065
2025-11-30 15:00:00.000,15:00,42.94456762750065
2025-11-30 16:00:00.000,16:00,42.94456762750065
2025-11-30 17:00:00.000,17:00,42.94456762750065
2025-11-30 18:00:00.000,18:00,42.94456762750065
2025-11-30 19:00:00.000,19:00,40.36802660736039
2025-11-30 20:00:00.000,20:00,39.25000000004657
2025-11-30 21:00:00.000,21:00,39.900000000116414
2025-11-30 22:00:00.000,22:00,40.42999999993481
2025-11-30 23:00:00.000,23:00,39.50666666674014
2025-12-01 00:00:00.000,00:00,33.353333333292454
2025-12-01 01:00:00.000,01:00,33.40999999991618
2025-12-01 02:00:00.000,02:00,33.85000000004656
2025-12-01 03:00:00.000,03:00,33.13999999994412
2025-12-01 04:00:00.000,04:00,34.74000000006053
2025-12-01 05:00:00.000,05:00,32.66000000005588
2025-12-01 06:00:00.000,06:00,33.980000000027935
2025-12-01 07:00:00.000,07:00,32.89999999990687
2025-12-01 08:00:00.000,08:00,34.47999999998137
2025-12-01 09:00:00.000,09:00,36.48000000007451
2025-12-01 10:00:00.000,10:00,37.8199999999255
2025-12-01 11:00:00.000,11:00,34.15000000006985
2025-12-01 12:00:00.000,12:00,33.54999999997672
2025-12-01 13:00:00.000,13:00,32.25999999993947
2025-12-01 14:00:00.000,14:00,32.21000000003259
2025-12-01 15:00:00.000,15:00,31.710000000032597
2025-12-01 16:00:00.000,16:00,32.950000000046565
2025-12-01 17:00:00.000,17:00,31.079999999981375
2025-12-01 18:00:00.000,18:00,32.12999999988824
2025-12-01 19:00:00.000,19:00,31.679999999958092
2025-12-01 20:00:00.000,20:00,32.950000000093134
2025-12-01 21:00:00.000,21:00,31.929999999934807
2025-12-01 22:00:00.000,22:00,33.87000000011176
2025-12-01 23:00:00.000,23:00,31.137499999988357
2025-12-02 00:00:00.000,00:00,30.602499999885914
2025-12-02 01:00:00.000,01:00,30.00999999998603
2025-12-02 02:00:00.000,02:00,30.24000000017695
2025-12-02 03:00:00.000,03:00,30.13272727262229
2025-12-02 04:00:00.000,04:00,31.847272727312514
2025-12-02 05:00:00.000,05:00,29.960000000055878
2025-12-02 06:00:00.000,06:00,30.35999999991618
2025-12-02 07:00:00.000,07:00,30.680000000074507
2025-12-02 08:00:00.000,08:00,31.460000000009313
2025-12-02 09:00:00.000,09:00,32.05999999986962
2025-12-02 10:00:00.000,10:00,29.793333333378865
2025-12-02 11:00:00.000,11:00,34.86666666658388
2025-12-02 12:00:00.000,12:00,38.5500000001397
2025-12-02 13:00:00.000,13:00,38.12999999988824
2025-12-02 14:00:00.000,14:00,38.630000000051226
2025-12-02 15:00:00.000,15:00,38.90999999998603
2025-12-02 16:00:00.000,16:00,35.710000000009316
2025-12-02 17:00:00.000,17:00,28.22000000011176
2025-12-02 18:00:00.000,18:00,27.679999999958092
2025-12-02 19:00:00.000,19:00,28.929999999934807
2025-12-02 20:00:00.000,20:00,27.65
2025-12-02 21:00:00.000,21:00,27.950000000093134
2025-12-02 22:00:00.000,22:00,29.440000000013967
2025-12-02 23:00:00.000,23:00,27.724999999947613
2025-12-03 00:00:00.000,00:00,26.634999999875436
2025-12-03 01:00:00.000,01:00,25.740000000176956
2025-12-03 02:00:00.000,02:00,26.969999999995345
2025-12-03 03:00:00.000,03:00,26.775454545421102
2025-12-03 04:00:00.000,04:00,28.394545454527673
2025-12-03 05:00:00.000,05:00,26.27999999993481
2025-12-03 06:00:00.000,06:00,27.699999999953434
2025-12-03 07:00:00.000,07:00,27.48000000002794
2025-12-03 08:00:00.000,08:00,32.26000000010245
2025-12-03 09:00:00.000,09:00,41.359999999916184
2025-12-03 10:00:00.000,10:00,32.77999999998137
2025-12-03 11:00:00.000,11:00,39.28000000002794
2025-12-03 12:00:00.000,12:00,33.65300970871422
2025-12-03 13:00:00.000,13:00,33.08737864078122
2025-12-03 14:00:00.000,14:00,33.08737864078122
2025-12-03 15:00:00.000,15:00,33.08737864078122
2025-12-03 16:00:00.000,16:00,33.08737864078122
2025-12-03 17:00:00.000,17:00,33.08737864078122
2025-12-03 18:00:00.000,18:00,33.08737864078122
2025-12-03 19:00:00.000,19:00,33.08737864078122
2025-12-03 20:00:00.000,20:00,33.08737864078122
2025-12-03 21:00:00.000,21:00,33.08737864078122
2025-12-03 22:00:00.000,22:00,34.060582524347936
2025-12-03 23:00:00.000,23:00,31.86999999983236
2025-12-04 00:00:00.000,00:00,30.110000000102445
2025-12-04 01:00:00.000,01:00,29.959999999916185
2025-12-04 02:00:00.000,02:00,29.029999999981374
2025-12-04 03:00:00.000,03:00,30.130000000167637
2025-12-04 04:00:00.000,04:00,30.29999999990687
2025-12-04 05:00:00.000,05:00,29.22000000011176
2025-12-04 06:00:00.000,06:00,28.73999999994412
2025-12-04 07:00:00.000,07:00,29.28000000002794
2025-12-04 08:00:00.000,08:00,28.520000000018626
2025-12-04 09:00:00.000,09:00,36.139999999944116
2025-12-04 10:00:00.000,10:00,36.56000000000931
2025-12-04 11:00:00.000,11:00,33.35090909085914
2025-12-04 12:00:00.000,12:00,32.9458833619338
2025-12-04 13:00:00.000,13:00,33.301886792452834
2025-12-04 14:00:00.000,14:00,33.301886792452834
2025-12-04 15:00:00.000,15:00,33.301886792452834
2025-12-04 16:00:00.000,16:00,33.301886792452834
2025-12-04 17:00:00.000,17:00,32.405660377405056
2025-12-04 18:00:00.000,18:00,31.65999999996275
2025-12-04 19:00:00.000,19:00,32.069999999995346
2025-12-04 20:00:00.000,20:00,31.679999999958092
2025-12-04 21:00:00.000,21:00,33.079999999981375
2025-12-04 22:00:00.000,22:00,32.65999999996275
2025-12-04 23:00:00.000,23:00,32.78888888895098
2025-12-05 00:00:00.000,00:00,31.36111111123529
2025-12-05 01:00:00.000,01:00,31.439999999897555
2025-12-05 02:00:00.000,02:00,30.739999999967402
2025-12-05 03:00:00.000,03:00,32.71000000003259
2025-12-05 04:00:00.000,04:00,32.5
2025-12-05 05:00:00.000,05:00,31.95999999991618
2025-12-05 06:00:00.000,06:00,39.040000000130384
2025-12-05 07:00:00.000,07:00,39.800000000046566
2025-12-05 08:00:00.000,08:00,34.75999999991618
2025-12-05 09:00:00.000,09:00,35.06000000005588
2025-12-05 10:00:00.000,10:00,34.21999999987892
2025-12-05 11:00:00.000,11:00,34.48000000005122
2025-12-05 12:00:00.000,12:00,32.3600000000326
2025-12-05 13:00:00.000,13:00,31.94999999993015
2025-12-05 14:00:00.000,14:00,31.020000000065192
2025-12-05 15:00:00.000,15:00,31.22999999995809
2025-12-05 16:00:00.000,16:00,32.68000000002794
2025-12-05 17:00:00.000,17:00,30.680000000004657
2025-12-05 18:00:00.000,18:00,31.789999999967407
2025-12-05 19:00:00.000,19:00,31.040000000107103
2025-12-05 20:00:00.000,20:00,31.929999999934807
2025-12-05 21:00:00.000,21:00,31.87999999995809
2025-12-05 22:00:00.000,22:00,32.28000000012107
2025-12-05 23:00:00.000,23:00,30.887499999895226
2025-12-06 00:00:00.000,00:00,29.372499999927825
2025-12-06 01:00:00.000,01:00,29.340000000037254
2025-12-06 02:00:00.000,02:00,29.330000000051225
2025-12-06 03:00:00.000,03:00,31.02000000008848
2025-12-06 04:00:00.000,04:00,30.769999999925496
2025-12-06 05:00:00.000,05:00,36.77999999988824
2025-12-06 06:00:00.000,06:00,37.06000000010245
2025-12-06 07:00:00.000,07:00,36.77999999993481
2025-12-06 08:00:00.000,08:00,36.54000000003725
2025-12-06 09:00:00.000,09:00,34.32000000011176
2025-12-06 10:00:00.000,10:00,41.67999999993481
2025-12-06 11:00:00.000,11:00,42.11999999997206
2025-12-06 12:00:00.000,12:00,47.85
2025-12-06 13:00:00.000,13:00,47.619999999972066
2025-12-06 14:00:00.000,14:00,46.42000000008848
2025-12-06 15:00:00.000,15:00,50.829999999888244
2025-12-06 16:00:00.000,16:00,50.209999999986024
2025-12-06 17:00:00.000,17:00,56.49000000001397
2025-12-06 18:00:00.000,18:00,52.21333333344664
2025-12-06 19:00:00.000,19:00,47.60666666659527
2025-12-06 20:00:00.000,20:00,44.339999999944126
2025-12-06 21:00:00.000,21:00,38.88666666679394
2025-12-06 22:00:00.000,22:00,35.09333333323399
2025-12-06 23:00:00.000,23:00,33.90250000012456
2025-12-07 00:00:00.000,00:00,32.75749999983818
2025-12-07 01:00:00.000,01:00,25.169999999995344
2025-12-07 02:00:00.000,02:00,23.620000000088478
2025-12-07 03:00:00.000,03:00,24.260000000032598
2025-12-07 04:00:00.000,04:00,24.809999999939464
2025-12-07 05:00:00.000,05:00,30.86000000010245
2025-12-07 06:00:00.000,06:00,31.799999999906866
2025-12-07 07:00:00.000,07:00,30.92000000006519
2025-12-07 08:00:00.000,08:00,29.040000000037253
2025-12-07 09:00:00.000,09:00,27.91999999987893
2025-12-07 10:00:00.000,10:00,32.46000000005588
2025-12-07 11:00:00.000,11:00,37.12000000006519
2025-12-07 12:00:00.000,12:00,38.329999999888244
2025-12-07 13:00:00.000,13:00,38.460000000055885
2025-12-07 14:00:00.000,14:00,32.92999999995809
2025-12-07 15:00:00.000,15:00,34.51000000000931
2025-12-07 16:00:00.000,16:00,31.57999999995809
2025-12-07 17:00:00.000,17:00,34.390000000083816
2025-12-07 18:00:00.000,18:00,32.529999999958086
2025-12-07 19:00:00.000,19:00,31.740000000013968
2025-12-07 20:00:00.000,20:00,31.989999999920837
2025-12-07 21:00:00.000,21:00,32.23000000002794
2025-12-07 22:00:00.000,22:00,31.18000000002794
2025-12-07 23:00:00.000,23:00,29.084166666757664
2025-12-08 00:00:00.000,00:00,22.765833333172488
2025-12-08 01:00:00.000,01:00,22.59000000008382
2025-12-08 02:00:00.000,02:00,21.569999999995346
2025-12-08 03:00:00.000,03:00,22.819999999902212
2025-12-08 04:00:00.000,04:00,23.150000000093137
2025-12-08 05:00:00.000,05:00,21.329999999981375
2025-12-08 06:00:00.000,06:00,28.28000000007451
2025-12-08 07:00:00.000,07:00,29.55999999996275
2025-12-08 08:00:00.000,08:00,24.459999999962747
2025-12-08 09:00:00.000,09:00,24.1
2025-12-08 10:00:00.000,10:00,24.88000000002794
2025-12-08 11:00:00.000,11:00,24.56000000005588
2025-12-08 12:00:00.000,12:00,22.379999999841672
2025-12-08 13:00:00.000,13:00,22.460000000125728
2025-12-08 14:00:00.000,14:00,22.83999999992084
2025-12-08 15:00:00.000,15:00,23.87000000011176
2025-12-08 16:00:00.000,16:00,24.429999999934807
2025-12-08 17:00:00.000,17:00,30.44999999990687
2025-12-08 18:00:00.000,18:00,30.330000000074506
2025-12-08 19:00:00.000,19:00,24.029999999981374
2025-12-08 20:00:00.000,20:00,24.770000000018626
2025-12-08 21:00:00.000,21:00,26.81000000005588
2025-12-08 22:00:00.000,22:00,26.569999999925493
2025-12-08 23:00:00.000,23:00,25.815000000048894
2025-12-09 00:00:00.000,00:00,25.07500000008149
2025-12-09 01:00:00.000,01:00,24.129999999864957
2025-12-09 02:00:00.000,02:00,24.14000000008382
2025-12-09 03:00:00.000,03:00,26.430000000004657
2025-12-09 04:00:00.000,04:00,24.68999999999069
2025-12-09 05:00:00.000,05:00,24.360000000009315
2025-12-09 06:00:00.000,06:00,31.939999999897555
2025-12-09 07:00:00.000,07:00,30.56000000010245
2025-12-09 08:00:00.000,08:00,26.419999999925494
2025-12-09 09:00:00.000,09:00,25.12000000006519
2025-12-09 10:00:00.000,10:00,24.620000000018628
2025-12-09 11:00:00.000,11:00,23.399999999906864
2025-12-09 12:00:00.000,12:00,23.08000000009779
2025-12-09 13:00:00.000,13:00,22.71999999990221
2025-12-09 14:00:00.000,14:00,22.790000000130384
2025-12-09 15:00:00.000,15:00,24.24999999990687
2025-12-09 16:00:00.000,16:00,23.950000000046565
2025-12-09 17:00:00.000,17:00,30.189999999967405
2025-12-09 18:00:00.000,18:00,30
2025-12-09 19:00:00.000,19:00,29.729999999981374
2025-12-09 20:00:00.000,20:00,30.460000000055878
2025-12-09 21:00:00.000,21:00,31.38000000002794
2025-12-09 22:00:00.000,22:00,32.590000000013966
2025-12-09 23:00:00.000,23:00,30.21249999993597
2025-12-10 00:00:00.000,00:00,29.8774999999383
2025-12-10 01:00:00.000,01:00,21.95000000002328
2025-12-10 02:00:00.000,02:00,21.05
2025-12-10 03:00:00.000,03:00,22.430000000004657
2025-12-10 04:00:00.000,04:00,22.500000000023284
2025-12-10 05:00:00.000,05:00,22.019999999925496
2025-12-10 06:00:00.000,06:00,28.12000000011176
2025-12-10 07:00:00.000,07:00,29.13999999985099
2025-12-10 08:00:00.000,08:00,24.44000000017695
2025-12-10 09:00:00.000,09:00,24.079999999888244
2025-12-10 10:00:00.000,10:00,25.800000000046566
2025-12-10 11:00:00.000,11:00,24
2025-12-10 12:00:00.000,12:00,23.710000000032597
2025-12-10 13:00:00.000,13:00,23.739999999897556
2025-12-10 14:00:00.000,14:00,23.37000000011176
2025-12-10 15:00:00.000,15:00,23.199999999953434
2025-12-10 16:00:00.000,16:00,24.360000000032596
2025-12-10 17:00:00.000,17:00,23.83999999992084
2025-12-10 18:00:00.000,18:00,23.84000000008382
2025-12-10 19:00:00.000,19:00,25
2025-12-10 20:00:00.000,20:00,26.009999999916182
2025-12-10 21:00:00.000,21:00,26.319999999995346
2025-12-10 22:00:00.000,22:00,27.640000000130385
2025-12-10 23:00:00.000,23:00,26.84999999991269
2025-12-11 00:00:00.000,00:00,25.76000000002678
2025-12-11 01:00:00.000,01:00,25.089999999874273
2025-12-11 02:00:00.000,02:00,24.22000000018161
2025-12-11 03:00:00.000,03:00,26.000000000000004
2025-12-11 04:00:00.000,04:00,25.84999999993015
2025-12-11 05:00:00.000,05:00,25.159999999962746
2025-12-11 06:00:00.000,06:00,32.099999999999994
2025-12-11 07:00:00.000,07:00,31.819999999972065
2025-12-11 08:00:00.000,08:00,26.580000000027937
2025-12-11 09:00:00.000,09:00,27.520000000111757
2025-12-11 10:00:00.000,10:00,27.71999999987893
2025-12-11 11:00:00.000,11:00,25.68999999999069
2025-12-11 12:00:00.000,12:00,26.040000000037253
2025-12-11 13:00:00.000,13:00,26
2025-12-11 14:00:00.000,14:00,25.100000000093132
2025-12-11 15:00:00.000,15:00,26.65999999984633
2025-12-11 16:00:00.000,16:00,25.92000000008848
2025-12-11 17:00:00.000,17:00,31.05
2025-12-11 18:00:00.000,18:00,32.07000000006519
2025-12-11 19:00:00.000,19:00,30.069999999855646
2025-12-11 20:00:00.000,20:00,25.05000000006985
2025-12-11 21:00:00.000,21:00,25.110000000009315
2025-12-11 22:00:00.000,22:00,26.929999999934807
2025-12-11 23:00:00.000,23:00,26.577500000124566
2025-12-12 00:00:00.000,00:00,25.642499999963913
2025-12-12 01:00:00.000,01:00,25
2025-12-12 02:00:00.000,02:00,24.87000000004191
2025-12-12 03:00:00.000,03:00,25.859999999916184
2025-12-12 04:00:00.000,04:00,24.879999999934807
2025-12-12 05:00:00.000,05:00,23.960000000009313
2025-12-12 06:00:00.000,06:00,31.900000000046568
2025-12-12 07:00:00.000,07:00,32.39999999990687
2025-12-12 08:00:00.000,08:00,27.8
2025-12-12 09:00:00.000,09:00,29.600000000186263
2025-12-12 10:00:00.000,10:00,31.699999999953437
2025-12-12 11:00:00.000,11:00,30.544444444434095
2025-12-12 12:00:00.000,12:00,26.44555555548674
2025-12-12 13:00:00.000,13:00,25.590000000013973
2025-12-12 14:00:00.000,14:00,26.280000000097786
2025-12-12 15:00:00.000,15:00,25.979999999841677
2025-12-12 16:00:00.000,16:00,26.39000000006054
2025-12-12 17:00:00.000,17:00,27.270000000065192
2025-12-12 18:00:00.000,18:00,26.4599999998929
2025-12-12 19:00:00.000,19:00,26.81000000012573
2025-12-12 20:00:00.000,20:00,28.349999999953436
2025-12-12 21:00:00.000,21:00,29.139999999967404
2025-12-12 22:00:00.000,22:00,29.330000000074506
2025-12-12 23:00:00.000,23:00,29.534999999869616
2025-12-13 00:00:00.000,00:00,27.474999999976717
2025-12-13 01:00:00.000,01:00,27.5
2025-12-13 02:00:00.000,02:00,27.64000000008382
2025-12-13 03:00:00.000,03:00,28.520000000018626
2025-12-13 04:00:00.000,04:00,30.259999999962744
2025-12-13 05:00:00.000,05:00,35.21636363638311
2025-12-13 06:00:00.000,06:00,36.18363636359361
2025-12-13 07:00:00.000,07:00,36.90000000011642
2025-12-13 08:00:00.000,08:00,37.880000000027934
2025-12-13 09:00:00.000,09:00,36.17999999988824
2025-12-13 10:00:00.000,10:00,37.88000000002794
2025-12-13 11:00:00.000,11:00,37.567272727191444
2025-12-13 12:00:00.000,12:00,45.37272727279924
2025-12-13 13:00:00.000,13:00,47.20999999992782
2025-12-13 14:00:00.000,14:00,46.13000000008614
2025-12-13 15:00:00.000,15:00,48.10736842096514
2025-12-13 16:00:00.000,16:00,48.27081339715191
2025-12-13 17:00:00.000,17:00,52.98981818189505
2025-12-13 18:00:00.000,18:00,50.555636363644155
2025-12-13 19:00:00.000,19:00,42.99090909094296
2025-12-13 20:00:00.000,20:00,40.49717868323114
2025-12-13 21:00:00.000,21:00,39.26117908792156
2025-12-13 22:00:00.000,22:00,40.3400379507047
2025-12-13 23:00:00.000,23:00,38.50420168073879
2025-12-14 00:00:00.000,00:00,32.49785714276035
2025-12-14 01:00:00.000,01:00,30.4450000001234
2025-12-14 02:00:00.000,02:00,31.34482758616033
2025-12-14 03:00:00.000,03:00,32.05517241375171
2025-12-14 04:00:00.000,04:00,33.388888888888886
2025-12-14 05:00:00.000,05:00,38.30788530470089
2025-12-14 06:00:00.000,06:00,38.85095307915137
2025-12-14 07:00:00.000,07:00,38.826631701675936
2025-12-14 08:00:00.000,08:00,39.576803816286244
2025-12-14 09:00:00.000,09:00,37.97383720938463
2025-12-14 10:00:00.000,10:00,41.44749999991036
2025-12-14 11:00:00.000,11:00,52.26321428575736
2025-12-14 12:00:00.000,12:00,52.49761904758161
2025-12-14 13:00:00.000,13:00,52.80128205118337
2025-12-14 14:00:00.000,14:00,50.20409429281091
2025-12-14 15:00:00.000,15:00,50.56129032266326
2025-12-14 16:00:00.000,16:00,45.27647058826268
2025-12-14 17:00:00.000,17:00,40.17836812148984
2025-12-14 18:00:00.000,18:00,38.92821213775167
2025-12-14 19:00:00.000,19:00,38.68952979766911
2025-12-14 20:00:00.000,20:00,39.25692755151747
2025-12-14 21:00:00.000,21:00,38.229508196751844
2025-12-14 22:00:00.000,22:00,36.33643815201192
2025-12-14 23:00:00.000,23:00,33.65282131661442
2025-12-15 00:00:00.000,00:00,31.711298606016143
2025-12-15 01:00:00.000,01:00,30.609656301145662
2025-12-15 02:00:00.000,02:00,31.364102564071523
2025-12-15 03:00:00.000,03:00,32.52666666668374
2025-12-15 04:00:00.000,04:00,32.90666666674272
2025-12-15 05:00:00.000,05:00,33.61502347405598
2025-12-15 06:00:00.000,06:00,35.572855313574465
2025-12-15 07:00:00.000,07:00,36.294264069312845
2025-12-15 08:00:00.000,08:00,31.35714285740895
2025-12-15 09:00:00.000,09:00,30.29404761910527
2025-12-15 10:00:00.000,10:00,29.33493975893291
2025-12-15 11:00:00.000,11:00,28.265060240694556
2025-12-15 12:00:00.000,12:00,26.4255319151314
2025-12-15 13:00:00.000,13:00,26.75405992195111
2025-12-15 14:00:00.000,14:00,27.183673469330735
2025-12-15 15:00:00.000,15:00,26.72782380268852
2025-12-15 16:00:00.000,16:00,26.827180121779406
2025-12-15 17:00:00.000,17:00,28.442307692468884
2025-12-15 18:00:00.000,18:00,28.05370879125082
2025-12-15 19:00:00.000,19:00,27.428571428421755
2025-12-15 20:00:00.000,20:00,28.017912087817535
2025-12-15 21:00:00.000,21:00,28.569230769187783
2025-12-15 22:00:00.000,22:00,28.49068965514447
2025-12-15 23:00:00.000,23:00,28.344827586206897
2025-12-16 00:00:00.000,00:00,28.344827586206897
2025-12-16 01:00:00.000,01:00,27.251974012993504
2025-12-16 02:00:00.000,02:00,27.17391304347826
2025-12-16 03:00:00.000,03:00,27.977692166664536
2025-12-16 04:00:00.000,04:00,28.44303797482501
2025-12-16 05:00:00.000,05:00,28.44303797482501
2025-12-16 06:00:00.000,06:00,33.89473684197455
2025-12-16 07:00:00.000,07:00,33.89473684197455
2025-12-16 08:00:00.000,08:00,33.26107576622782
2025-12-16 09:00:00.000,09:00,29.67032967032967
2025-12-16 10:00:00.000,10:00,29.67032967032967
2025-12-16 11:00:00.000,11:00,29.411821511824805
2025-12-16 12:00:00.000,12:00,27.454545454573676
2025-12-16 13:00:00.000,13:00,27.454545454573676
2025-12-16 14:00:00.000,14:00,27.454545454573676
2025-12-16 15:00:00.000,15:00,30.350000000005174
2025-12-16 16:00:00.000,16:00,30.999999999999996
2025-12-16 17:00:00.000,17:00,30.999999999999996
2025-12-16 18:00:00.000,18:00,32.06252115061916
2025-12-16 19:00:00.000,19:00,34.355329949323675
2025-12-16 20:00:00.000,20:00,34.355329949323675
2025-12-16 21:00:00.000,21:00,34.16923450231874
2025-12-16 22:00:00.000,22:00,28.77246653917557
2025-12-16 23:00:00.000,23:00,28.77246653917557
2025-12-17 00:00:00.000,00:00,28.77246653917557
2025-12-17 01:00:00.000,01:00,28.77246653917557
2025-12-17 02:00:00.000,02:00,28.77246653917557
2025-12-17 03:00:00.000,03:00,28.77246653917557
2025-12-17 04:00:00.000,04:00,28.77246653917557
2025-12-17 05:00:00.000,05:00,28.77246653917557
2025-12-17 06:00:00.000,06:00,31.131185468501833
2025-12-17 07:00:00.000,07:00,34.31999999983236
2025-12-17 08:00:00.000,08:00,31.389999999944123
2025-12-17 09:00:00.000,09:00,29.510000000335275
2025-12-17 10:00:00.000,10:00,30.789999999804422
2025-12-17 11:00:00.000,11:00,29.740000000130387
2025-12-17 12:00:00.000,12:00,28.699999999813734
2025-12-17 13:00:00.000,13:00,29.28000000026077
2025-12-17 14:00:00.000,14:00,28.37999999979511
2025-12-17 15:00:00.000,15:00,30.460000000055878
2025-12-17 16:00:00.000,16:00,29.640000000037254
2025-12-17 17:00:00.000,17:00,30.259999999869613
2025-12-17 18:00:00.000,18:00,29.799999999906866
2025-12-17 19:00:00.000,19:00,29.500000000046565
2025-12-17 20:00:00.000,20:00,31
2025-12-17 21:00:00.000,21:00,30.610000000102445
2025-12-17 22:00:00.000,22:00,31.019999999878927
2025-12-17 23:00:00.000,23:00,28.33000000019092
2025-12-18 00:00:00.000,00:00,28.430000000004657
2025-12-18 01:00:00.000,01:00,26.399999999906868
2025-12-18 02:00:00.000,02:00,26.210000000195578
2025-12-18 03:00:00.000,03:00,28.16999999973923
2025-12-18 04:00:00.000,04:00,26.710000000102447
2025-12-18 05:00:00.000,05:00,28.27999999979511
2025-12-18 06:00:00.000,06:00,33.22000000001863
2025-12-18 07:00:00.000,07:00,32.86000000024214
2025-12-18 08:00:00.000,08:00,32.1199999999255
2025-12-18 09:00:00.000,09:00,27.799999999906866
2025-12-18 10:00:00.000,10:00,28.22000000011176
2025-12-18 11:00:00.000,11:00,26.16000000005588
2025-12-18 12:00:00.000,12:00,26.283636363494125
2025-12-18 13:00:00.000,13:00,25.916363636273044
2025-12-18 14:00:00.000,14:00,26.740000000223517
2025-12-18 15:00:00.000,15:00,26.660000000009312
2025-12-18 16:00:00.000,16:00,27.429999999934807
2025-12-18 17:00:00.000,17:00,31.80000000009313
2025-12-18 18:00:00.000,18:00,33.66999999983236
2025-12-18 19:00:00.000,19:00,33.38000000002794
2025-12-18 20:00:00.000,20:00,32.45999999996275
2025-12-18 21:00:00.000,21:00,33.84000000017695
2025-12-18 22:00:00.000,22:00,34.72999999988824
2025-12-18 23:00:00.000,23:00,33.510000000195575
2025-12-19 00:00:00.000,00:00,33.109999999729915
2025-12-19 01:00:00.000,01:00,34.889999999897555
2025-12-19 02:00:00.000,02:00,34
2025-12-19 03:00:00.000,03:00,26.15
2025-12-19 04:00:00.000,04:00,26.070000000298023
2025-12-19 05:00:00.000,05:00,25.319999999925493
2025-12-19 06:00:00.000,06:00,32.07999999988824
2025-12-19 07:00:00.000,07:00,32.97999999998137
2025-12-19 08:00:00.000,08:00,33.66000000024214
2025-12-19 09:00:00.000,09:00,30.539999999944122
2025-12-19 10:00:00.000,10:00,30.119999999925493
2025-12-19 11:00:00.000,11:00,27.319999999832362
2025-12-19 12:00:00.000,12:00,27.889999999990685
2025-12-19 13:00:00.000,13:00,27.16000000014901
2025-12-19 14:00:00.000,14:00,27.040000000037253
2025-12-19 15:00:00.000,15:00,28.570000000065193
2025-12-19 16:00:00.000,16:00,28.37999999974854
2025-12-19 17:00:00.000,17:00,34.44000000022352
2025-12-19 18:00:00.000,18:00,36.48000000012107
2025-12-19 19:00:00.000,19:00,36.1999999997206
2025-12-19 20:00:00.000,20:00,36.74999999990687
2025-12-19 21:00:00.000,21:00,37.520000000344595
2025-12-19 22:00:00.000,22:00,36.15
2025-12-19 23:00:00.000,23:00,35.32999999976019
2025-12-20 00:00:00.000,00:00,34.760000000230505
2025-12-20 01:00:00.000,01:00,35.359999999916184
2025-12-20 02:00:00.000,02:00,35.02000000001863
2025-12-20 03:00:00.000,03:00,27.639999999990685
2025-12-20 04:00:00.000,04:00,27.606363636255264
2025-12-20 05:00:00.000,05:00,26.363636363577097
2025-12-20 06:00:00.000,06:00,33.99999999990686
2025-12-20 07:00:00.000,07:00,34.40000000037253
2025-12-20 08:00:00.000,08:00,37.65999999977648
2025-12-20 09:00:00.000,09:00,35.5
2025-12-20 10:00:00.000,10:00,37.81999999992549
2025-12-20 11:00:00.000,11:00,46.20181818192994
2025-12-20 12:00:00.000,12:00,47.668181818274945
2025-12-20 13:00:00.000,13:00,49.43999999989755
2025-12-20 14:00:00.000,14:00,50.760000000102444
2025-12-20 15:00:00.000,15:00,47.92999999993481
2025-12-20 16:00:00.000,16:00,49.889999999897555
2025-12-20 17:00:00.000,17:00,57.06000000019557
2025-12-20 18:00:00.000,18:00,56.92999999993481
2025-12-20 19:00:00.000,19:00,41.140000000037254
2025-12-20 20:00:00.000,20:00,38.66000000000932
2025-12-20 21:00:00.000,21:00,37.80999999996274
2025-12-20 22:00:00.000,22:00,39.15999999986961
2025-12-20 23:00:00.000,23:00,31.495000000123397
2025-12-21 00:00:00.000,00:00,33.8550000000163
2025-12-21 01:00:00.000,01:00,32.829999999748544
2025-12-21 02:00:00.000,02:00,27.680000000167638
2025-12-21 03:00:00.000,03:00,28.919999999925494
2025-12-21 04:00:00.000,04:00,27.930000000214203
2025-12-21 05:00:00.000,05:00,27.05999999968335
2025-12-21 06:00:00.000,06:00,33.8800000000745
2025-12-21 07:00:00.000,07:00,35.81999999992549
2025-12-21 08:00:00.000,08:00,38.72000000029802
2025-12-21 09:00:00.000,09:00,34.01999999992549
2025-12-21 10:00:00.000,10:00,38.06000000014901
2025-12-21 11:00:00.000,11:00,47.259999999962744
2025-12-21 12:00:00.000,12:00,45.62999999988824
2025-12-21 13:00:00.000,13:00,48.59999999990687
2025-12-21 14:00:00.000,14:00,48.10999999996275
2025-12-21 15:00:00.000,15:00,47.480000000167635
2025-12-21 16:00:00.000,16:00,40.24999999976717
2025-12-21 17:00:00.000,17:00,52.50000000009313
2025-12-21 18:00:00.000,18:00,54.22000000006519
2025-12-21 19:00:00.000,19:00,39.93999999999069
2025-12-21 20:00:00.000,20:00,36.85000000004656
2025-12-21 21:00:00.000,21:00,36.57000000006519
2025-12-21 22:00:00.000,22:00,36.079999999934806
2025-12-21 23:00:00.000,23:00,30.97249999977648
2025-12-22 00:00:00.000,00:00,28.46750000002794
2025-12-22 01:00:00.000,01:00,27.070000000065193
2025-12-22 02:00:00.000,02:00,27.399999999906868
2025-12-22 03:00:00.000,03:00,27.610000000102445
2025-12-22 04:00:00.000,04:00,27.46999999997206
2025-12-22 05:00:00.000,05:00,27.98000000026077
2025-12-22 06:00:00.000,06:00,33.799999999720605
2025-12-22 07:00:00.000,07:00,35.980000000074504
2025-12-22 08:00:00.000,08:00,36.16000000005588
2025-12-22 09:00:00.000,09:00,32.34000000013039
2025-12-22 10:00:00.000,10:00,33.91999999973923
2025-12-22 11:00:00.000,11:00,45.77000000020489
2025-12-22 12:00:00.000,12:00,51.50972602746053
2025-12-22 13:00:00.000,13:00,51.726027397209236
2025-12-22 14:00:00.000,14:00,51.726027397209236
2025-12-22 15:00:00.000,15:00,51.726027397209236
2025-12-22 16:00:00.000,16:00,51.726027397209236
2025-12-22 17:00:00.000,17:00,51.726027397209236
2025-12-22 18:00:00.000,18:00,51.726027397209236
2025-12-22 19:00:00.000,19:00,45.69410958929332
2025-12-22 20:00:00.000,20:00,40.5
2025-12-22 21:00:00.000,21:00,40.55
2025-12-22 22:00:00.000,22:00,40.02999999998137
2025-12-22 23:00:00.000,23:00,33.81999999978579
2025-12-23 00:00:00.000,00:00,29.770000000158326
2025-12-23 01:00:00.000,01:00,30.11000000014901
2025-12-23 02:00:00.000,02:00,30.609999999683353
2025-12-23 03:00:00.000,03:00,31.39000000031665
2025-12-23 04:00:00.000,04:00,31.53000000002794
2025-12-23 05:00:00.000,05:00,31.05999999968335
2025-12-23 06:00:00.000,06:00,38.42000000001863
2025-12-23 07:00:00.000,07:00,40.599999999999994
2025-12-23 08:00:00.000,08:00,39.8800000000745
2025-12-23 09:00:00.000,09:00,34.05999999996275
2025-12-23 10:00:00.000,10:00,37.660000000055874
2025-12-23 11:00:00.000,11:00,52.12909090894867
2025-12-23 12:00:00.000,12:00,53.31090909094888
2025-12-23 13:00:00.000,13:00,53.230000000214204
2025-12-23 14:00:00.000,14:00,53.30999999996275
2025-12-23 15:00:00.000,15:00,54.30999999982305
2025-12-23 16:00:00.000,16:00,55.87000000001863
2025-12-23 17:00:00.000,17:00,59.71000000019558
2025-12-23 18:00:00.000,18:00,59.30999999996275
2025-12-23 19:00:00.000,19:00,49.43999999985099
2025-12-23 20:00:00.000,20:00,46.07000000006519
2025-12-23 21:00:00.000,21:00,46.25000000009313
2025-12-23 22:00:00.000,22:00,45.859999999869615
2025-12-23 23:00:00.000,23:00,40.932500000228174
2025-12-24 00:00:00.000,00:00,37.76749999981839
2025-12-24 01:00:00.000,01:00,36.60000000009313
2025-12-24 02:00:00.000,02:00,36.550000000093135
2025-12-24 03:00:00.000,03:00,37.60999999968335
2025-12-24 04:00:00.000,04:00,36.54000000003725
2025-12-24 05:00:00.000,05:00,37.32000000029802
2025-12-24 06:00:00.000,06:00,42.800000000000004
2025-12-24 07:00:00.000,07:00,44.5
2025-12-24 08:00:00.000,08:00,43.93999999966473
2025-12-24 09:00:00.000,09:00,41.66000000014901
2025-12-24 10:00:00.000,10:00,49.00000000009313
2025-12-24 11:00:00.000,11:00,52.449999999813734
2025-12-24 12:00:00.000,12:00,51.82000000015833
2025-12-24 13:00:00.000,13:00,53.2
2025-12-24 14:00:00.000,14:00,48.01000000005588
2025-12-24 15:00:00.000,15:00,46.929999999748546
2025-12-24 16:00:00.000,16:00,46.59000000013039
2025-12-24 17:00:00.000,17:00,51.02999999984168
2025-12-24 18:00:00.000,18:00,41.7500000002794
2025-12-24 19:00:00.000,19:00,41.449999999953434
2025-12-24 20:00:00.000,20:00,41.82000000011176
2025-12-24 21:00:00.000,21:00,41.65
2025-12-24 22:00:00.000,22:00,41.17999999988824
2025-12-24 23:00:00.000,23:00,41.55749999994878
2025-12-25 00:00:00.000,00:00,42.752499999827705
2025-12-25 01:00:00.000,01:00,36.139999999990685
2025-12-25 02:00:00.000,02:00,35.95
2025-12-25 03:00:00.000,03:00,45.53000000016763
2025-12-25 04:00:00.000,04:00,44.28090909076431
2025-12-25 05:00:00.000,05:00,45.68909090911461
2025-12-25 06:00:00.000,06:00,45.26000000005588
2025-12-25 07:00:00.000,07:00,46.30000000018626
2025-12-25 08:00:00.000,08:00,47.61999999983236
2025-12-25 09:00:00.000,09:00,44.18000000016764
2025-12-25 10:00:00.000,10:00,49.67999999979511
2025-12-25 11:00:00.000,11:00,51.200000000186265
2025-12-25 12:00:00.000,12:00,53.81999999983236
2025-12-25 13:00:00.000,13:00,56.730000000214204
2025-12-25 14:00:00.000,14:00,56.73000000002794
2025-12-25 15:00:00.000,15:00,64.03999999971128
2025-12-25 16:00:00.000,16:00,57.419999999972056
2025-12-25 17:00:00.000,17:00,65.05
2025-12-25 18:00:00.000,18:00,61.670000000204894
2025-12-25 19:00:00.000,19:00,48.93999999999069
2025-12-25 20:00:00.000,20:00,46.299999999813735
2025-12-25 21:00:00.000,21:00,45.47000000011176
2025-12-25 22:00:00.000,22:00,45
2025-12-25 23:00:00.000,23:00,38.83499999999768
2025-12-26 00:00:00.000,00:00,37.51500000000233
2025-12-26 01:00:00.000,01:00,38.420000000018625
2025-12-26 02:00:00.000,02:00,38.09000000008382
2025-12-26 03:00:00.000,03:00,39.10000000009313
2025-12-26 04:00:00.000,04:00,38.56999999973923
2025-12-26 05:00:00.000,05:00,39.140000000037254
2025-12-26 06:00:00.000,06:00,46.420000000204894
2025-12-26 07:00:00.000,07:00,47.579999999701975
2025-12-26 08:00:00.000,08:00,48.3
2025-12-26 09:00:00.000,09:00,55.62000000020489
2025-12-26 10:00:00.000,10:00,58.65999999977649
2025-12-26 11:00:00.000,11:00,63.80000000018626
2025-12-26 12:00:00.000,12:00,69.58999999999068
2025-12-26 13:00:00.000,13:00,74.9100000000093
2025-12-26 14:00:00.000,14:00,74.13999999999069
2025-12-26 15:00:00.000,15:00,73.01999999987893
2025-12-26 16:00:00.000,16:00,70.82000000015833
2025-12-26 17:00:00.000,17:00,76.26999999992549
2025-12-26 18:00:00.000,18:00,68.51999999987892
2025-12-26 19:00:00.000,19:00,59.03000000026077
2025-12-26 20:00:00.000,20:00,55.269999999925496
2025-12-26 21:00:00.000,21:00,55.86999999987893
2025-12-26 22:00:00.000,22:00,53.81000000000931
2025-12-26 23:00:00.000,23:00,48.834999999974386
2025-12-27 00:00:00.000,00:00,44.71500000025844
2025-12-27 01:00:00.000,01:00,45.110000000009315
2025-12-27 02:00:00.000,02:00,44.25999999991618
2025-12-27 03:00:00.000,03:00,45.48999999999069
2025-12-27 04:00:00.000,04:00,44.25999999986962
2025-12-27 05:00:00.000,05:00,43.700000000186265
2025-12-27 06:00:00.000,06:00,51.75999999968335
2025-12-27 07:00:00.000,07:00,50.940000000316644
2025-12-27 08:00:00.000,08:00,55.05999999996275
2025-12-27 09:00:00.000,09:00,50.979999999701974
2025-12-27 10:00:00.000,10:00,66.88000000016764
2025-12-27 11:00:00.000,11:00,69.96444444462864
2025-12-27 12:00:00.000,12:00,77.43555555541792
2025-12-27 13:00:00.000,13:00,92.06999999997205
2025-12-27 14:00:00.000,14:00,89.77000000015833
2025-12-27 15:00:00.000,15:00,84.01999999987893
2025-12-27 16:00:00.000,16:00,82.2200000000652
2025-12-27 17:00:00.000,17:00,81.26999999992549
2025-12-27 18:00:00.000,18:00,75.07999999993481
2025-12-27 19:00:00.000,19:00,62.63000000002794
2025-12-27 20:00:00.000,20:00,62.109999999823046
2025-12-27 21:00:00.000,21:00,58.97000000011175
2025-12-27 22:00:00.000,22:00,59.05999999991619
2025-12-27 23:00:00.000,23:00,53.27000000021653
2025-12-28 00:00:00.000,00:00,49.05000000003493
2025-12-28 01:00:00.000,01:00,49.87999999988824
2025-12-28 02:00:00.000,02:00,47.5
2025-12-28 03:00:00.000,03:00,51.01000000000931
2025-12-28 04:00:00.000,04:00,47.62999999993481
2025-12-28 05:00:00.000,05:00,49.22000000011176
2025-12-28 06:00:00.000,06:00,56.039999999944115
2025-12-28 07:00:00.000,07:00,56.18000000016764
2025-12-28 08:00:00.000,08:00,60.95999999968335
2025-12-28 09:00:00.000,09:00,55.9000000002794
2025-12-28 10:00:00.000,10:00,77.96181818182495
2025-12-28 11:00:00.000,11:00,73.78181818174198
2025-12-28 12:00:00.000,12:00,76.93914141416764
2025-12-28 13:00:00.000,13:00,77.05555555552968
2025-12-28 14:00:00.000,14:00,77.05555555552968
2025-12-28 15:00:00.000,15:00,77.05555555552968
2025-12-28 16:00:00.000,16:00,77.05555555552968
2025-12-28 17:00:00.000,17:00,77.05555555552968
2025-12-28 18:00:00.000,18:00,77.05555555552968
2025-12-28 19:00:00.000,19:00,77.05555555552968
2025-12-28 20:00:00.000,20:00,77.05555555552968
2025-12-28 21:00:00.000,21:00,77.05555555552968
2025-12-28 22:00:00.000,22:00,74.7672222224517
2025-12-28 23:00:00.000,23:00,53.58999999985099
2025-12-29 00:00:00.000,00:00,48.460000000009316
2025-12-29 01:00:00.000,01:00,49.6200000000652
2025-12-29 02:00:00.000,02:00,49.12000000015833
2025-12-29 03:00:00.000,03:00,50.96999999992549
2025-12-29 04:00:00.000,04:00,48.429999999888246
2025-12-29 05:00:00.000,05:00,49.019999999925496
2025-12-29 06:00:00.000,06:00,56.05999999996275
2025-12-29 07:00:00.000,07:00,58.96000000033528
2025-12-29 08:00:00.000,08:00,57.83999999985099
2025-12-29 09:00:00.000,09:00,56.03999999985099
2025-12-29 10:00:00.000,10:00,75.82000000001862
2025-12-29 11:00:00.000,11:00,74.70000000011007
2025-12-29 12:00:00.000,12:00,90.54000000002031
2025-12-29 13:00:00.000,13:00,94.76999999997207
2025-12-29 14:00:00.000,14:00,91.05000000004657
2025-12-29 15:00:00.000,15:00,86.28999999994411
2025-12-29 16:00:00.000,16:00,83.61999999987893
2025-12-29 17:00:00.000,17:00,86.42999999993481
2025-12-29 18:00:00.000,18:00,78.77000000025146
2025-12-29 19:00:00.000,19:00,62.06000000000931
2025-12-29 20:00:00.000,20:00,56.15999999986961
2025-12-29 21:00:00.000,21:00,56.27000000006519
2025-12-29 22:00:00.000,22:00,55.3499999998603
2025-12-29 23:00:00.000,23:00,47.74000000013039
2025-12-30 00:00:00.000,00:00,44.45999999991618
2025-12-30 01:00:00.000,01:00,44.66000000014901
2025-12-30 02:00:00.000,02:00,44.39999999995344
2025-12-30 03:00:00.000,03:00,45.39999999990687
2025-12-30 04:00:00.000,04:00,43.87000000011176
2025-12-30 05:00:00.000,05:00,45.10000000009313
2025-12-30 06:00:00.000,06:00,52.27999999998137
2025-12-30 07:00:00.000,07:00,54.55999999996275
2025-12-30 08:00:00.000,08:00,52.71999999983236
2025-12-30 09:00:00.000,09:00,54.84000000022352
2025-12-30 10:00:00.000,10:00,73.27999999979511
2025-12-30 11:00:00.000,11:00,83.7
2025-12-30 12:00:00.000,12:00,93.6
2025-12-30 13:00:00.000,13:00,93.87999999988824
2025-12-30 14:00:00.000,14:00,87.62000000034459
2025-12-30 15:00:00.000,15:00,83.8499999997206
2025-12-30 16:00:00.000,16:00,79.60000000009313
2025-12-30 17:00:00.000,17:00,82.23999999989755
2025-12-30 18:00:00.000,18:00,77.58000000026077
2025-12-30 19:00:00.000,19:00,62.799999999906866
2025-12-30 20:00:00.000,20:00,57.98999999999069
2025-12-30 21:00:00.000,21:00,56.200000000046565
2025-12-30 22:00:00.000,22:00,54.98999999999069
2025-12-30 23:00:00.000,23:00,50.27999999984168
2025-12-31 00:00:00.000,00:00,47.670000000158325
2025-12-31 01:00:00.000,01:00,46.84999999995343
2025-12-31 02:00:00.000,02:00,47.7500000001397
2025-12-31 03:00:00.000,03:00,47.709999999776485
2025-12-31 04:00:00.000,04:00,46.45000000023283
2025-12-31 05:00:00.000,05:00,47.43999999994412
2025-12-31 06:00:00.000,06:00,53.519999999832365
2025-12-31 07:00:00.000,07:00,60.73999999994412
2025-12-31 08:00:00.000,08:00,63.38000000016764
2025-12-31 09:00:00.000,09:00,65.06000000005588
2025-12-31 10:00:00.000,10:00,66.34000000003726
2025-12-31 11:00:00.000,11:00,84.7945454543033
2025-12-31 12:00:00.000,12:00,101.34545454536142
2025-12-31 13:00:00.000,13:00,104.02000000034458
2025-12-31 14:00:00.000,14:00,103.14999999981373
2025-12-31 15:00:00.000,15:00,100.96000000014901
2025-12-31 16:00:00.000,16:00,95.97999999998137
2025-12-31 17:00:00.000,17:00,95.3
2025-12-31 18:00:00.000,18:00,86.99999999990686
2025-12-31 19:00:00.000,19:00,61.71999999983236
2025-12-31 20:00:00.000,20:00,56.78000000012107
2025-12-31 21:00:00.000,21:00,55.47999999998137
2025-12-31 22:00:00.000,22:00,55.37000000006519
2025-12-31 23:00:00.000,23:00,53.10249999981606
