Date,Hour,F06/F14_ELEC_General TGBT [kWh] [F06/F14 - ADM1 et ADM2]
2025-01-01 00:00:00.000,00:00,25.850000000046567
2025-01-01 01:00:00.000,01:00,26.819999999832362
2025-01-01 02:00:00.000,02:00,29.570000000065193
2025-01-01 03:00:00.000,03:00,27.280000000051224
2025-01-01 04:00:00.000,04:00,43.550000000046566
2025-01-01 05:00:00.000,05:00,42.23999999982771
2025-01-01 06:00:00.000,06:00,41.27000000015832
2025-01-01 07:00:00.000,07:00,63.21999999987893
2025-01-01 08:00:00.000,08:00,55.360000000009315
2025-01-01 09:00:00.000,09:00,56.61999999997206
2025-01-01 10:00:00.000,10:00,55.26000000005588
2025-01-01 11:00:00.000,11:00,51.90000000004656
2025-01-01 12:00:00.000,12:00,52.319999999878924
2025-01-01 13:00:00.000,13:00,53.50000000004657
2025-01-01 14:00:00.000,14:00,46.04000000003725
2025-01-01 15:00:00.000,15:00,48.810000000079164
2025-01-01 16:00:00.000,16:00,43.65999999986961
2025-01-01 17:00:00.000,17:00,44.250000000116415
2025-01-01 18:00:00.000,18:00,47.839999999967404
2025-01-01 19:00:00.000,19:00,40.86999999999534
2025-01-01 20:00:00.000,20:00,30.049999999953435
2025-01-01 21:00:00.000,21:00,29.70000000006985
2025-01-01 22:00:00.000,22:00,29.119999999855644
2025-01-01 23:00:00.000,23:00,27.65000000008149
2025-01-02 00:00:00.000,00:00,25.32000000005355
2025-01-02 01:00:00.000,01:00,25.40999999991618
2025-01-02 02:00:00.000,02:00,25
2025-01-02 03:00:00.000,03:00,24.800000000046566
2025-01-02 04:00:00.000,04:00,38.53999999992084
2025-01-02 05:00:00.000,05:00,30.25
2025-01-02 06:00:00.000,06:00,32.47000000011176
2025-01-02 07:00:00.000,07:00,52.62000000001863
2025-01-02 08:00:00.000,08:00,52.31999999997206
2025-01-02 09:00:00.000,09:00,52.639999999897555
2025-01-02 10:00:00.000,10:00,54.16000000014901
2025-01-02 11:00:00.000,11:00,62.1999999998603
2025-01-02 12:00:00.000,12:00,56.26000000000931
2025-01-02 13:00:00.000,13:00,52.61000000005588
2025-01-02 14:00:00.000,14:00,55.049999999906866
2025-01-02 15:00:00.000,15:00,50.020000000065195
2025-01-02 16:00:00.000,16:00,49.7
2025-01-02 17:00:00.000,17:00,47.7399999999674
2025-01-02 18:00:00.000,18:00,41.27000000008847
2025-01-02 19:00:00.000,19:00,35.639999999990685
2025-01-02 20:00:00.000,20:00,24.849999999953432
2025-01-02 21:00:00.000,21:00,25.480000000121073
2025-01-02 22:00:00.000,22:00,25.269999999855646
2025-01-02 23:00:00.000,23:00,24.22999999995809
2025-01-03 00:00:00.000,00:00,23.650000000093133
2025-01-03 01:00:00.000,01:00,28.349999999906867
2025-01-03 02:00:00.000,02:00,26.980000000144354
2025-01-03 03:00:00.000,03:00,27.429999999981376
2025-01-03 04:00:00.000,04:00,38.67000000004191
2025-01-03 05:00:00.000,05:00,35.98000000000466
2025-01-03 06:00:00.000,06:00,38.860000000009315
2025-01-03 07:00:00.000,07:00,56.559999999939464
2025-01-03 08:00:00.000,08:00,55.760000000055875
2025-01-03 09:00:00.000,09:00,59.16000000000932
2025-01-03 10:00:00.000,10:00,61.17999999988824
2025-01-03 11:00:00.000,11:00,57.84000000003725
2025-01-03 12:00:00.000,12:00,55.3
2025-01-03 13:00:00.000,13:00,51.76999999999534
2025-01-03 14:00:00.000,14:00,49.02999999995809
2025-01-03 15:00:00.000,15:00,47.97000000004191
2025-01-03 16:00:00.000,16:00,55.71000000007916
2025-01-03 17:00:00.000,17:00,47.729999999934805
2025-01-03 18:00:00.000,18:00,52.43000000005122
2025-01-03 19:00:00.000,19:00,42.939999999874274
2025-01-03 20:00:00.000,20:00,30.360000000032596
2025-01-03 21:00:00.000,21:00,31.369999999948778
2025-01-03 22:00:00.000,22:00,28.390000000060535
2025-01-03 23:00:00.000,23:00,31.142499999998837
2025-01-04 00:00:00.000,00:00,33.727499999973226
2025-01-04 01:00:00.000,01:00,28.47000000011176
2025-01-04 02:00:00.000,02:00,28.879999999911526
2025-01-04 03:00:00.000,03:00,29.300000000046566
2025-01-04 04:00:00.000,04:00,37.69999999993015
2025-01-04 05:00:00.000,05:00,38.70000000006985
2025-01-04 06:00:00.000,06:00,39.160000000055874
2025-01-04 07:00:00.000,07:00,48.97999999998137
2025-01-04 08:00:00.000,08:00,50.75999999996275
2025-01-04 09:00:00.000,09:00,48.880000000027934
2025-01-04 10:00:00.000,10:00,48.23999999999069
2025-01-04 11:00:00.000,11:00,48.66000000000931
2025-01-04 12:00:00.000,12:00,43.66888888890648
2025-01-04 13:00:00.000,13:00,41.82111111106092
2025-01-04 14:00:00.000,14:00,41.44000000001397
2025-01-04 15:00:00.000,15:00,41.77000000001863
2025-01-04 16:00:00.000,16:00,38.830000000027944
2025-01-04 17:00:00.000,17:00,32.029999999958086
2025-01-04 18:00:00.000,18:00,31.369999999948778
2025-01-04 19:00:00.000,19:00,28.91999999997206
2025-01-04 20:00:00.000,20:00,24.740000000060537
2025-01-04 21:00:00.000,21:00,24.53000000002794
2025-01-04 22:00:00.000,22:00,24.2499999998603
2025-01-04 23:00:00.000,23:00,22.60999999998603
2025-01-05 00:00:00.000,00:00,23.120000000018628
2025-01-05 01:00:00.000,01:00,22.61000000007916
2025-01-05 02:00:00.000,02:00,23.28000000002794
2025-01-05 03:00:00.000,03:00,22.55
2025-01-05 04:00:00.000,04:00,20.300000000046566
2025-01-05 05:00:00.000,05:00,24.410000000009312
2025-01-05 06:00:00.000,06:00,23.929999999911526
2025-01-05 07:00:00.000,07:00,27.020000000065195
2025-01-05 08:00:00.000,08:00,28.319999999972058
2025-01-05 09:00:00.000,09:00,24.800000000046566
2025-01-05 10:00:00.000,10:00,26.859999999916184
2025-01-05 11:00:00.000,11:00,24.799999999953435
2025-01-05 12:00:00.000,12:00,24.98000000002794
2025-01-05 13:00:00.000,13:00,24.76999999997206
2025-01-05 14:00:00.000,14:00,22.44000000001397
2025-01-05 15:00:00.000,15:00,22.259999999939463
2025-01-05 16:00:00.000,16:00,22.460000000172297
2025-01-05 17:00:00.000,17:00,25.55999999998603
2025-01-05 18:00:00.000,18:00,25.539999999874272
2025-01-05 19:00:00.000,19:00,26.020000000111757
2025-01-05 20:00:00.000,20:00,23.769999999855646
2025-01-05 21:00:00.000,21:00,22.68000000002794
2025-01-05 22:00:00.000,22:00,23.759999999986032
2025-01-05 23:00:00.000,23:00,23.48500000007916
2025-01-06 00:00:00.000,00:00,22.025
2025-01-06 01:00:00.000,01:00,23.9
2025-01-06 02:00:00.000,02:00,19.460000000032597
2025-01-06 03:00:00.000,03:00,22.920000000018625
2025-01-06 04:00:00.000,04:00,31.32999999986496
2025-01-06 05:00:00.000,05:00,28.490000000037256
2025-01-06 06:00:00.000,06:00,28.42000000013504
2025-01-06 07:00:00.000,07:00,43.759999999986036
2025-01-06 08:00:00.000,08:00,50.26999999987893
2025-01-06 09:00:00.000,09:00,48.05999999996275
2025-01-06 10:00:00.000,10:00,53.12000000006519
2025-01-06 11:00:00.000,11:00,57.26000000000931
2025-01-06 12:00:00.000,12:00,52.12000000006519
2025-01-06 13:00:00.000,13:00,47.95999999991618
2025-01-06 14:00:00.000,14:00,49.202222222203595
2025-01-06 15:00:00.000,15:00,44.42777777787091
2025-01-06 16:00:00.000,16:00,42.820000000018624
2025-01-06 17:00:00.000,17:00,46.80999999986961
2025-01-06 18:00:00.000,18:00,42.790000000013976
2025-01-06 19:00:00.000,19:00,33.36000000005588
2025-01-06 20:00:00.000,20:00,22.97999999995809
2025-01-06 21:00:00.000,21:00,25.55000000006985
2025-01-06 22:00:00.000,22:00,21.68999999987427
2025-01-06 23:00:00.000,23:00,22.650000000093133
2025-01-07 00:00:00.000,00:00,21.15
2025-01-07 01:00:00.000,01:00,20.5
2025-01-07 02:00:00.000,02:00,21.489999999990687
2025-01-07 03:00:00.000,03:00,20.709999999962747
2025-01-07 04:00:00.000,04:00,34.34000000008382
2025-01-07 05:00:00.000,05:00,33.39999999993015
2025-01-07 06:00:00.000,06:00,32.45000000002328
2025-01-07 07:00:00.000,07:00,49.71999999997206
2025-01-07 08:00:00.000,08:00,56.22000000006519
2025-01-07 09:00:00.000,09:00,64.15999999991618
2025-01-07 10:00:00.000,10:00,63.55999999996274
2025-01-07 11:00:00.000,11:00,54.7200000000652
2025-01-07 12:00:00.000,12:00,47.73999999999069
2025-01-07 13:00:00.000,13:00,44.139999999944116
2025-01-07 14:00:00.000,14:00,48.020000000065195
2025-01-07 15:00:00.000,15:00,41.539999999990684
2025-01-07 16:00:00.000,16:00,38.36000000005588
2025-01-07 17:00:00.000,17:00,38.939999999920836
2025-01-07 18:00:00.000,18:00,37.480000000074504
2025-01-07 19:00:00.000,19:00,29.790000000037253
2025-01-07 20:00:00.000,20:00,23.90999999998603
2025-01-07 21:00:00.000,21:00,23.579999999934806
2025-01-07 22:00:00.000,22:00,22.839999999990688
2025-01-07 23:00:00.000,23:00,22.564999999990686
2025-01-08 00:00:00.000,00:00,21.535000000009312
2025-01-08 01:00:00.000,01:00,21.5
2025-01-08 02:00:00.000,02:00,21.18999999994412
2025-01-08 03:00:00.000,03:00,21.69000000017695
2025-01-08 04:00:00.000,04:00,27.939999999874274
2025-01-08 05:00:00.000,05:00,29.09777777787143
2025-01-08 06:00:00.000,06:00,26.962222222254297
2025-01-08 07:00:00.000,07:00,38.859999999823046
2025-01-08 08:00:00.000,08:00,35.48000000002794
2025-01-08 09:00:00.000,09:00,44.66000000014901
2025-01-08 10:00:00.000,10:00,45.01999999987893
2025-01-08 11:00:00.000,11:00,43.25
2025-01-08 12:00:00.000,12:00,35.40999999998603
2025-01-08 13:00:00.000,13:00,36.98000000000465
2025-01-08 14:00:00.000,14:00,38.700000000046565
2025-01-08 15:00:00.000,15:00,39.299999999953435
2025-01-08 16:00:00.000,16:00,37.709090909069744
2025-01-08 17:00:00.000,17:00,37.85090909093957
2025-01-08 18:00:00.000,18:00,35.73999999999069
2025-01-08 19:00:00.000,19:00,30
2025-01-08 20:00:00.000,20:00,23.600000000050798
2025-01-08 21:00:00.000,21:00,22.057142857160795
2025-01-08 22:00:00.000,22:00,22.442857142765117
2025-01-08 23:00:00.000,23:00,22.480000000004658
2025-01-09 00:00:00.000,00:00,21.76166666675126
2025-01-09 01:00:00.000,01:00,22.758333333260712
2025-01-09 02:00:00.000,02:00,21.592307692296437
2025-01-09 03:00:00.000,03:00,22.36856187305516
2025-01-09 04:00:00.000,04:00,25.039130434689984
2025-01-09 05:00:00.000,05:00,24.97500000007858
2025-01-09 06:00:00.000,06:00,24.55357142841136
2025-01-09 07:00:00.000,07:00,38.68354978366126
2025-01-09 08:00:00.000,08:00,36.65537878778943
2025-01-09 09:00:00.000,09:00,45.89916666664454
2025-01-09 10:00:00.000,10:00,46.65555555562282
2025-01-09 11:00:00.000,11:00,43.72899728995334
2025-01-09 12:00:00.000,12:00,44.503325942438096
2025-01-09 13:00:00.000,13:00,46.34545454536565
2025-01-09 14:00:00.000,14:00,48.857142857102936
2025-01-09 15:00:00.000,15:00,47.14285714299019
2025-01-09 16:00:00.000,16:00,44.510416666598765
2025-01-09 17:00:00.000,17:00,37.92958333331996
2025-01-09 18:00:00.000,18:00,37.116862745204884
2025-01-09 19:00:00.000,19:00,31.694922969147143
2025-01-09 20:00:00.000,20:00,24.400941558340534
2025-01-09 21:00:00.000,21:00,21.51076479074109
2025-01-09 22:00:00.000,22:00,21.533118106101277
2025-01-09 23:00:00.000,23:00,21.81650458461113
2025-01-10 00:00:00.000,00:00,21.567654476734905
2025-01-10 01:00:00.000,01:00,21.950139860112802
2025-01-10 02:00:00.000,02:00,21.48220566322863
2025-01-10 03:00:00.000,03:00,21.893442622786694
2025-01-10 04:00:00.000,04:00,32.879156908686696
2025-01-10 05:00:00.000,05:00,32.212793177049825
2025-01-10 06:00:00.000,06:00,37.77841561420622
2025-01-10 07:00:00.000,07:00,45.39064449062026
2025-01-10 08:00:00.000,08:00,52.92132132135154
2025-01-10 09:00:00.000,09:00,54.44444444444445
2025-01-10 10:00:00.000,10:00,56.750877192919965
2025-01-10 11:00:00.000,11:00,59.38555691557089
2025-01-10 12:00:00.000,12:00,60.408357558222384
2025-01-10 13:00:00.000,13:00,57.1875
2025-01-10 14:00:00.000,14:00,51.48006465517241
2025-01-10 15:00:00.000,15:00,46.8103448275862
2025-01-10 16:00:00.000,16:00,45.10196551720692
2025-01-10 17:00:00.000,17:00,44.039999999944115
2025-01-10 18:00:00.000,18:00,33.639692307669094
2025-01-10 19:00:00.000,19:00,33.09230769228619
2025-01-10 20:00:00.000,20:00,26.520781250063738
2025-01-10 21:00:00.000,21:00,24.70312500008731
2025-01-10 22:00:00.000,22:00,23.493950892835812
2025-01-10 23:00:00.000,23:00,22.84285714277732
2025-01-11 00:00:00.000,00:00,22.79155521778354
2025-01-11 01:00:00.000,01:00,22.6808510638496
2025-01-11 02:00:00.000,02:00,22.6808510638496
2025-01-11 03:00:00.000,03:00,26.990465454905586
2025-01-11 04:00:00.000,04:00,27.13907284770062
2025-01-11 05:00:00.000,05:00,31.009823399568674
2025-01-11 06:00:00.000,06:00,35.74074074074074
2025-01-11 07:00:00.000,07:00,35.74074074074074
2025-01-11 08:00:00.000,08:00,39.34989106751347
2025-01-11 09:00:00.000,09:00,40.55294117643772
2025-01-11 10:00:00.000,10:00,40.55294117643772
2025-01-11 11:00:00.000,11:00,38.00575585075218
2025-01-11 12:00:00.000,12:00,37.77419354841713
2025-01-11 13:00:00.000,13:00,37.77419354841713
2025-01-11 14:00:00.000,14:00,38.24462365590898
2025-01-11 15:00:00.000,15:00,38.35023041473368
2025-01-11 16:00:00.000,16:00,38.35023041473368
2025-01-11 17:00:00.000,17:00,37.56869497009195
2025-01-11 18:00:00.000,18:00,34.44255319152502
2025-01-11 19:00:00.000,19:00,34.44255319152502
2025-01-11 20:00:00.000,20:00,34.44255319152502
2025-01-11 21:00:00.000,21:00,31.91110251453233
2025-01-11 22:00:00.000,22:00,25.508021390374328
2025-01-11 23:00:00.000,23:00,25.508021390374328
2025-01-12 00:00:00.000,00:00,25.056684491792343
2025-01-12 01:00:00.000,01:00,25.720000000088476
2025-01-12 02:00:00.000,02:00,30.53000000009779
2025-01-12 03:00:00.000,03:00,29.379999999911526
2025-01-12 04:00:00.000,04:00,29.55
2025-01-12 05:00:00.000,05:00,27.279999999911524
2025-01-12 06:00:00.000,06:00,29.820000000041908
2025-01-12 07:00:00.000,07:00,29.900000000116414
2025-01-12 08:00:00.000,08:00,32.21999999983236
2025-01-12 09:00:00.000,09:00,32.080000000121075
2025-01-12 10:00:00.000,10:00,29.48000000002794
2025-01-12 11:00:00.000,11:00,30.0999999998603
2025-01-12 12:00:00.000,12:00,27.320000000158323
2025-01-12 13:00:00.000,13:00,26.9
2025-01-12 14:00:00.000,14:00,25.459999999916178
2025-01-12 15:00:00.000,15:00,25.960000000102447
2025-01-12 16:00:00.000,16:00,26.05999999998603
2025-01-12 17:00:00.000,17:00,27.759999999939463
2025-01-12 18:00:00.000,18:00,28.09999999993015
2025-01-12 19:00:00.000,19:00,26.510000000032598
2025-01-12 20:00:00.000,20:00,23.520000000111757
2025-01-12 21:00:00.000,21:00,24.229999999958093
2025-01-12 22:00:00.000,22:00,26.309999999962745
2025-01-12 23:00:00.000,23:00,29.40999999998603
2025-01-13 00:00:00.000,00:00,29.080000000074506
2025-01-13 01:00:00.000,01:00,27.90999999984633
2025-01-13 02:00:00.000,02:00,30.010000000079163
2025-01-13 03:00:00.000,03:00,30.240000000037252
2025-01-13 04:00:00.000,04:00,49.21999999997206
2025-01-13 05:00:00.000,05:00,57.730000000074504
2025-01-13 06:00:00.000,06:00,61.509999999823044
2025-01-13 07:00:00.000,07:00,64.42000000011176
2025-01-13 08:00:00.000,08:00,68.3199999999255
2025-01-13 09:00:00.000,09:00,84.22000000011175
2025-01-13 10:00:00.000,10:00,74.11999999987893
2025-01-13 11:00:00.000,11:00,74.76000000000931
2025-01-13 12:00:00.000,12:00,61.77834061134005
2025-01-13 13:00:00.000,13:00,61.46724890832135
2025-01-13 14:00:00.000,14:00,61.46724890832135
2025-01-13 15:00:00.000,15:00,60.61716157211505
2025-01-13 16:00:00.000,16:00,58.9
2025-01-13 17:00:00.000,17:00,59.00000000004657
2025-01-13 18:00:00.000,18:00,55.459999999869616
2025-01-13 19:00:00.000,19:00,52.79000000008382
2025-01-13 20:00:00.000,20:00,49.740000000037256
2025-01-13 21:00:00.000,21:00,47.27999999986496
2025-01-13 22:00:00.000,22:00,37.32000000006519
2025-01-13 23:00:00.000,23:00,37.23999999995446
2025-01-14 00:00:00.000,00:00,35.40000000012935
2025-01-14 01:00:00.000,01:00,35.359999999916184
2025-01-14 02:00:00.000,02:00,35.55
2025-01-14 03:00:00.000,03:00,35.66999999994878
2025-01-14 04:00:00.000,04:00,56.46000000012573
2025-01-14 05:00:00.000,05:00,60.48999999999069
2025-01-14 06:00:00.000,06:00,61.547777777749836
2025-01-14 07:00:00.000,07:00,63.68222222218497
2025-01-14 08:00:00.000,08:00,76.71999999997206
2025-01-14 09:00:00.000,09:00,77.44000000003726
2025-01-14 10:00:00.000,10:00,81.39999999999999
2025-01-14 11:00:00.000,11:00,77.59999999990687
2025-01-14 12:00:00.000,12:00,71.56000000000931
2025-01-14 13:00:00.000,13:00,68.70181818184105
2025-01-14 14:00:00.000,14:00,69.91818181813102
2025-01-14 15:00:00.000,15:00,63.22000000011175
2025-01-14 16:00:00.000,16:00,63.02000000001863
2025-01-14 17:00:00.000,17:00,63.76999999990221
2025-01-14 18:00:00.000,18:00,60.06000000005588
2025-01-14 19:00:00.000,19:00,50.9700000000652
2025-01-14 20:00:00.000,20:00,43.08999999999069
2025-01-14 21:00:00.000,21:00,44.25999999991618
2025-01-14 22:00:00.000,22:00,36.079999999981375
2025-01-14 23:00:00.000,23:00,37.55500000002212
2025-01-15 00:00:00.000,00:00,37.285000000038416
2025-01-15 01:00:00.000,01:00,38.19000000003726
2025-01-15 02:00:00.000,02:00,38.719999999948776
2025-01-15 03:00:00.000,03:00,37.90999999991618
2025-01-15 04:00:00.000,04:00,56.34000000003725
2025-01-15 05:00:00.000,05:00,58.030000000144355
2025-01-15 06:00:00.000,06:00,60.49999999995343
2025-01-15 07:00:00.000,07:00,64.5199999999255
2025-01-15 08:00:00.000,08:00,73.82000000001862
2025-01-15 09:00:00.000,09:00,77.84000000008382
2025-01-15 10:00:00.000,10:00,81.17999999998138
2025-01-15 11:00:00.000,11:00,77.67999999988824
2025-01-15 12:00:00.000,12:00,69.65999999996274
2025-01-15 13:00:00.000,13:00,60.76363636366176
2025-01-15 14:00:00.000,14:00,63.16636363645931
2025-01-15 15:00:00.000,15:00,57.78000000005122
2025-01-15 16:00:00.000,16:00,56.84999999995344
2025-01-15 17:00:00.000,17:00,50.8
2025-01-15 18:00:00.000,18:00,3.0399999999208376
2025-01-15 19:00:00.000,19:00,0
2025-01-15 20:00:00.000,20:00,0
2025-01-15 21:00:00.000,21:00,0
2025-01-15 22:00:00.000,22:00,26.170000000018625
2025-01-15 23:00:00.000,23:00,35.27999999999302
2025-01-16 00:00:00.000,00:00,37.21000000004424
2025-01-16 01:00:00.000,01:00,37.16999999994877
2025-01-16 02:00:00.000,02:00,34.42000000004191
2025-01-16 03:00:00.000,03:00,36.01000000007916
2025-01-16 04:00:00.000,04:00,47.89000000001397
2025-01-16 05:00:00.000,05:00,39.439999999827705
2025-01-16 06:00:00.000,06:00,47.15
2025-01-16 07:00:00.000,07:00,54.18000000005122
2025-01-16 08:00:00.000,08:00,63.360000000102445
2025-01-16 09:00:00.000,09:00,62.73999999994412
2025-01-16 10:00:00.000,10:00,73.79999999995343
2025-01-16 11:00:00.000,11:00,65.9
2025-01-16 12:00:00.000,12:00,60.140000000083816
2025-01-16 13:00:00.000,13:00,55.29000000003725
2025-01-16 14:00:00.000,14:00,57.129999999911526
2025-01-16 15:00:00.000,15:00,60.20999999991618
2025-01-16 16:00:00.000,16:00,56.06000000012573
2025-01-16 17:00:00.000,17:00,55.579999999981375
2025-01-16 18:00:00.000,18:00,58.88999999992084
2025-01-16 19:00:00.000,19:00,44.930000000144354
2025-01-16 20:00:00.000,20:00,36.689999999874274
2025-01-16 21:00:00.000,21:00,34.810000000079164
2025-01-16 22:00:00.000,22:00,33.27999999993481
2025-01-16 23:00:00.000,23:00,37.920000000024444
2025-01-17 00:00:00.000,00:00,41.02999999995227
2025-01-17 01:00:00.000,01:00,41.16000000000932
2025-01-17 02:00:00.000,02:00,43.9
2025-01-17 03:00:00.000,03:00,46.42000000011176
2025-01-17 04:00:00.000,04:00,57.64999999993015
2025-01-17 05:00:00.000,05:00,52.16999999994878
2025-01-17 06:00:00.000,06:00,58.26000000003259
2025-01-17 07:00:00.000,07:00,57.43999999994412
2025-01-17 08:00:00.000,08:00,62.160000000055874
2025-01-17 09:00:00.000,09:00,68.36000000005589
2025-01-17 10:00:00.000,10:00,72.39999999990687
2025-01-17 11:00:00.000,11:00,65.33999999999068
2025-01-17 12:00:00.000,12:00,59.12000000011176
2025-01-17 13:00:00.000,13:00,54.5999999998603
2025-01-17 14:00:00.000,14:00,49.61000000007916
2025-01-17 15:00:00.000,15:00,47.02000000004191
2025-01-17 16:00:00.000,16:00,49.359999999869615
2025-01-17 17:00:00.000,17:00,48.800000000046566
2025-01-17 18:00:00.000,18:00,48.72000000004191
2025-01-17 19:00:00.000,19:00,35.600000000023286
2025-01-17 20:00:00.000,20:00,35.44999999997672
2025-01-17 21:00:00.000,21:00,34.23000000005122
2025-01-17 22:00:00.000,22:00,31.21999999990221
2025-01-17 23:00:00.000,23:00,39.6491489362145
2025-01-18 00:00:00.000,00:00,41.580851063929856
2025-01-18 01:00:00.000,01:00,40.449999999953434
2025-01-18 02:00:00.000,02:00,43.219999999948776
2025-01-18 03:00:00.000,03:00,44.3699999999255
2025-01-18 04:00:00.000,04:00,50.10000000006985
2025-01-18 05:00:00.000,05:00,47.88000000000466
2025-01-18 06:00:00.000,06:00,48.11000000007916
2025-01-18 07:00:00.000,07:00,53.239999999850994
2025-01-18 08:00:00.000,08:00,50.85000000004657
2025-01-18 09:00:00.000,09:00,49.980000000121066
2025-01-18 10:00:00.000,10:00,49.55999999996274
2025-01-18 11:00:00.000,11:00,51.05999999991619
2025-01-18 12:00:00.000,12:00,48.68000000002794
2025-01-18 13:00:00.000,13:00,50.080000000074506
2025-01-18 14:00:00.000,14:00,48.07999999988824
2025-01-18 15:00:00.000,15:00,46.67000000004191
2025-01-18 16:00:00.000,16:00,47.91000000000932
2025-01-18 17:00:00.000,17:00,47.57999999995809
2025-01-18 18:00:00.000,18:00,49.45999999996275
2025-01-18 19:00:00.000,19:00,44.33000000002794
2025-01-18 20:00:00.000,20:00,42.90999999998603
2025-01-18 21:00:00.000,21:00,38.70000000002329
2025-01-18 22:00:00.000,22:00,35.21000000003259
2025-01-18 23:00:00.000,23:00,37.07000000008848
2025-01-19 00:00:00.000,00:00,37.28999999989755
2025-01-19 01:00:00.000,01:00,41.42000000001863
2025-01-19 02:00:00.000,02:00,39.159999999939465
2025-01-19 03:00:00.000,03:00,41.9000000001397
2025-01-19 04:00:00.000,04:00,41.67999999986496
2025-01-19 05:00:00.000,05:00,40.20999999996275
2025-01-19 06:00:00.000,06:00,40.91999999999534
2025-01-19 07:00:00.000,07:00,43.51999999999535
2025-01-19 08:00:00.000,08:00,40.2
2025-01-19 09:00:00.000,09:00,43.52000000001863
2025-01-19 10:00:00.000,10:00,42.78000000016764
2025-01-19 11:00:00.000,11:00,41.95999999991618
2025-01-19 12:00:00.000,12:00,42.33999999989756
2025-01-19 13:00:00.000,13:00,40.200000000139696
2025-01-19 14:00:00.000,14:00,37.300000000000004
2025-01-19 15:00:00.000,15:00,38.54999999995343
2025-01-19 16:00:00.000,16:00,39.75000000009313
2025-01-19 17:00:00.000,17:00,38.71999999992549
2025-01-19 18:00:00.000,18:00,42.77000000004191
2025-01-19 19:00:00.000,19:00,42.45999999993946
2025-01-19 20:00:00.000,20:00,43.819999999995346
2025-01-19 21:00:00.000,21:00,44.04999999995343
2025-01-19 22:00:00.000,22:00,43.990000000083825
2025-01-19 23:00:00.000,23:00,44.27750000003725
2025-01-20 00:00:00.000,00:00,44.35249999992084
2025-01-20 01:00:00.000,01:00,45.90999999991618
2025-01-20 02:00:00.000,02:00,44.7600000001723
2025-01-20 03:00:00.000,03:00,47.05999999996274
2025-01-20 04:00:00.000,04:00,59.89999999990687
2025-01-20 05:00:00.000,05:00,58.420000000018625
2025-01-20 06:00:00.000,06:00,61.49999999995343
2025-01-20 07:00:00.000,07:00,60.45000000016298
2025-01-20 08:00:00.000,08:00,70.91999999983236
2025-01-20 09:00:00.000,09:00,80.98000000016764
2025-01-20 10:00:00.000,10:00,87.33999999989756
2025-01-20 11:00:00.000,11:00,80.42000000001863
2025-01-20 12:00:00.000,12:00,69.56000000005588
2025-01-20 13:00:00.000,13:00,62.903636363559315
2025-01-20 14:00:00.000,14:00,58.656363636449996
2025-01-20 15:00:00.000,15:00,56.48999999992083
2025-01-20 16:00:00.000,16:00,54.280000000051224
2025-01-20 17:00:00.000,17:00,53.15999999991618
2025-01-20 18:00:00.000,18:00,54.10999999998603
2025-01-20 19:00:00.000,19:00,42.17000000004191
2025-01-20 20:00:00.000,20:00,33.64000000001397
2025-01-20 21:00:00.000,21:00,32.34999999995343
2025-01-20 22:00:00.000,22:00,29.750000000023284
2025-01-20 23:00:00.000,23:00,32.53000000002794
2025-01-21 00:00:00.000,00:00,31.120000000088474
2025-01-21 01:00:00.000,01:00,35.50999999986962
2025-01-21 02:00:00.000,02:00,36.87000000013504
2025-01-21 03:00:00.000,03:00,39.51999999994878
2025-01-21 04:00:00.000,04:00,56.51999999987893
2025-01-21 05:00:00.000,05:00,57.05000000011641
2025-01-21 06:00:00.000,06:00,53.029999999911524
2025-01-21 07:00:00.000,07:00,59.90727272726468
2025-01-21 08:00:00.000,08:00,69.73272727279586
2025-01-21 09:00:00.000,09:00,74.74000000008382
2025-01-21 10:00:00.000,10:00,65.85999999991618
2025-01-21 11:00:00.000,11:00,64.23999999989755
2025-01-21 12:00:00.000,12:00,42.35389507154642
2025-01-21 13:00:00.000,13:00,41.952305246427336
2025-01-21 14:00:00.000,14:00,41.952305246427336
2025-01-21 15:00:00.000,15:00,41.952305246427336
2025-01-21 16:00:00.000,16:00,41.952305246427336
2025-01-21 17:00:00.000,17:00,41.952305246427336
2025-01-21 18:00:00.000,18:00,41.952305246427336
2025-01-21 19:00:00.000,19:00,41.952305246427336
2025-01-21 20:00:00.000,20:00,41.952305246427336
2025-01-21 21:00:00.000,21:00,41.952305246427336
2025-01-21 22:00:00.000,22:00,33.28535771066343
2025-01-21 23:00:00.000,23:00,23.310000000032595
2025-01-22 00:00:00.000,00:00,24.11000000007916
2025-01-22 01:00:00.000,01:00,23.49000000001397
2025-01-22 02:00:00.000,02:00,23.719999999948776
2025-01-22 03:00:00.000,03:00,23.730000000051223
2025-01-22 04:00:00.000,04:00,34.40999999991618
2025-01-22 05:00:00.000,05:00,32.11999999990221
2025-01-22 06:00:00.000,06:00,36.18000000005122
2025-01-22 07:00:00.000,07:00,53.68000000005122
2025-01-22 08:00:00.000,08:00,53.679999999981376
2025-01-22 09:00:00.000,09:00,62.8
2025-01-22 10:00:00.000,10:00,50.54000000008382
2025-01-22 11:00:00.000,11:00,47.81999999987893
2025-01-22 12:00:00.000,12:00,45.84000000013038
2025-01-22 13:00:00.000,13:00,42.639999999897555
2025-01-22 14:00:00.000,14:00,41.260000000102444
2025-01-22 15:00:00.000,15:00,39.91999999999535
2025-01-22 16:00:00.000,16:00,44.14000000001397
2025-01-22 17:00:00.000,17:00,43.80999999984633
2025-01-22 18:00:00.000,18:00,37.700000000139696
2025-01-22 19:00:00.000,19:00,27.959999999869616
2025-01-22 20:00:00.000,20:00,23.270000000018626
2025-01-22 21:00:00.000,21:00,22.010000000032598
2025-01-22 22:00:00.000,22:00,22.510000000079163
2025-01-22 23:00:00.000,23:00,23.439999999973224
2025-01-23 00:00:00.000,00:00,22.429999999905704
2025-01-23 01:00:00.000,01:00,23.310000000032595
2025-01-23 02:00:00.000,02:00,23.25000000004657
2025-01-23 03:00:00.000,03:00,23.38999999992084
2025-01-23 04:00:00.000,04:00,35.35000000011642
2025-01-23 05:00:00.000,05:00,33.56999999987893
2025-01-23 06:00:00.000,06:00,32.920000000018625
2025-01-23 07:00:00.000,07:00,52.3800000000745
2025-01-23 08:00:00.000,08:00,52.11999999987893
2025-01-23 09:00:00.000,09:00,55.7800000000745
2025-01-23 10:00:00.000,10:00,51.37999999998137
2025-01-23 11:00:00.000,11:00,44.21999999992549
2025-01-23 12:00:00.000,12:00,43.640000000083816
2025-01-23 13:00:00.000,13:00,44.79999999995343
2025-01-23 14:00:00.000,14:00,35.06000000010245
2025-01-23 15:00:00.000,15:00,37.93999999999068
2025-01-23 16:00:00.000,16:00,39.45
2025-01-23 17:00:00.000,17:00,37.41000000000931
2025-01-23 18:00:00.000,18:00,33.26999999997206
2025-01-23 19:00:00.000,19:00,27.68999999994412
2025-01-23 20:00:00.000,20:00,24.600000000116417
2025-01-23 21:00:00.000,21:00,23.5599999998929
2025-01-23 22:00:00.000,22:00,22.869999999948778
2025-01-23 23:00:00.000,23:00,23.310000000084983
2025-01-24 00:00:00.000,00:00,23.419999999919675
2025-01-24 01:00:00.000,01:00,22.670000000158325
2025-01-24 02:00:00.000,02:00,23.039999999990687
2025-01-24 03:00:00.000,03:00,23.549999999883585
2025-01-24 04:00:00.000,04:00,38.33999999999069
2025-01-24 05:00:00.000,05:00,34.82000000004191
2025-01-24 06:00:00.000,06:00,36.27111111108421
2025-01-24 07:00:00.000,07:00,50.76888888899961
2025-01-24 08:00:00.000,08:00,48.420000000018625
2025-01-24 09:00:00.000,09:00,51.59999999990687
2025-01-24 10:00:00.000,10:00,50.56000000005588
2025-01-24 11:00:00.000,11:00,48.859999999962746
2025-01-24 12:00:00.000,12:00,42.299999999953435
2025-01-24 13:00:00.000,13:00,39.420000000018625
2025-01-24 14:00:00.000,14:00,42.65999999996275
2025-01-24 15:00:00.000,15:00,38.69000000001397
2025-01-24 16:00:00.000,16:00,30.540000000037253
2025-01-24 17:00:00.000,17:00,29.86000000005588
2025-01-24 18:00:00.000,18:00,31.24999999990687
2025-01-24 19:00:00.000,19:00,27.79000000008382
2025-01-24 20:00:00.000,20:00,22.65999999991618
2025-01-24 21:00:00.000,21:00,20.05999999998603
2025-01-24 22:00:00.000,22:00,20.16000000007916
2025-01-24 23:00:00.000,23:00,20.18999999999651
2025-01-25 00:00:00.000,00:00,20.2800000000454
2025-01-25 01:00:00.000,01:00,20.049999999883585
2025-01-25 02:00:00.000,02:00,20.14000000008382
2025-01-25 03:00:00.000,03:00,20.10999999986962
2025-01-25 04:00:00.000,04:00,22.750000000046565
2025-01-25 05:00:00.000,05:00,22.580000000074506
2025-01-25 06:00:00.000,06:00,24.650000000046568
2025-01-25 07:00:00.000,07:00,29.219999999855645
2025-01-25 08:00:00.000,08:00,29.599999999999998
2025-01-25 09:00:00.000,09:00,28.860000000102445
2025-01-25 10:00:00.000,10:00,30.16000000005588
2025-01-25 11:00:00.000,11:00,28.519999999925492
2025-01-25 12:00:00.000,12:00,28.08000000002794
2025-01-25 13:00:00.000,13:00,29.57999999993481
2025-01-25 14:00:00.000,14:00,28.26000000005588
2025-01-25 15:00:00.000,15:00,28.920000000018625
2025-01-25 16:00:00.000,16:00,28.750000000023284
2025-01-25 17:00:00.000,17:00,28.740000000013968
2025-01-25 18:00:00.000,18:00,29.419999999902213
2025-01-25 19:00:00.000,19:00,26.00999999998603
2025-01-25 20:00:00.000,20:00,22.570000000065193
2025-01-25 21:00:00.000,21:00,23.569999999902212
2025-01-25 22:00:00.000,22:00,21.96999999997206
2025-01-25 23:00:00.000,23:00,22.23499999998603
2025-01-26 00:00:00.000,00:00,21.51500000001397
2025-01-26 01:00:00.000,01:00,22.810000000032595
2025-01-26 02:00:00.000,02:00,23.050000000093135
2025-01-26 03:00:00.000,03:00,22.149999999860302
2025-01-26 04:00:00.000,04:00,22.510000000009313
2025-01-26 05:00:00.000,05:00,26.44000000008382
2025-01-26 06:00:00.000,06:00,26.98888888887854
2025-01-26 07:00:00.000,07:00,32.811111111168024
2025-01-26 08:00:00.000,08:00,30.820000000018627
2025-01-26 09:00:00.000,09:00,31.019999999878927
2025-01-26 10:00:00.000,10:00,30.08000000012107
2025-01-26 11:00:00.000,11:00,29.63999999985099
2025-01-26 12:00:00.000,12:00,28.040000000130384
2025-01-26 13:00:00.000,13:00,27.836363636325537
2025-01-26 14:00:00.000,14:00,24.527272727298126
2025-01-26 15:00:00.000,15:00,24.136363636422903
2025-01-26 16:00:00.000,16:00,24.46999999997206
2025-01-26 17:00:00.000,17:00,23.65999999991618
2025-01-26 18:00:00.000,18:00,26.28000000009779
2025-01-26 19:00:00.000,19:00,27.349999999999998
2025-01-26 20:00:00.000,20:00,25.009999999869613
2025-01-26 21:00:00.000,21:00,25.45000000002328
2025-01-26 22:00:00.000,22:00,24.100000000093132
2025-01-26 23:00:00.000,23:00,24.77999999993481
2025-01-27 00:00:00.000,00:00,21.75000000009313
2025-01-27 01:00:00.000,01:00,21.019999999995342
2025-01-27 02:00:00.000,02:00,21.15999999996275
2025-01-27 03:00:00.000,03:00,20.709999999939463
2025-01-27 04:00:00.000,04:00,39.53999999996741
2025-01-27 05:00:00.000,05:00,33.51000000007917
2025-01-27 06:00:00.000,06:00,35.32999999991153
2025-01-27 07:00:00.000,07:00,43.39818181826267
2025-01-27 08:00:00.000,08:00,41.80181818185374
2025-01-27 09:00:00.000,09:00,48.21999999987893
2025-01-27 10:00:00.000,10:00,51.200000000093134
2025-01-27 11:00:00.000,11:00,41.11999999997206
2025-01-27 12:00:00.000,12:00,36.179999999981376
2025-01-27 13:00:00.000,13:00,39.23999999994412
2025-01-27 14:00:00.000,14:00,39.73111111122287
2025-01-27 15:00:00.000,15:00,49.343434343455506
2025-01-27 16:00:00.000,16:00,49.16545454540544
2025-01-27 17:00:00.000,17:00,41.43000000002794
2025-01-27 18:00:00.000,18:00,40.940000000013974
2025-01-27 19:00:00.000,19:00,34.18999999994412
2025-01-27 20:00:00.000,20:00,29.429999999981373
2025-01-27 21:00:00.000,21:00,28.31000000007916
2025-01-27 22:00:00.000,22:00,26.059999999986033
2025-01-27 23:00:00.000,23:00,25.41999999990221
2025-01-28 00:00:00.000,00:00,21.839999999967404
2025-01-28 01:00:00.000,01:00,23.310000000032595
2025-01-28 02:00:00.000,02:00,22.840000000130384
2025-01-28 03:00:00.000,03:00,23.369999999925493
2025-01-28 04:00:00.000,04:00,41.64999999995344
2025-01-28 05:00:00.000,05:00,33.91999999999534
2025-01-28 06:00:00.000,06:00,38.60000000011642
2025-01-28 07:00:00.000,07:00,49.08999999994412
2025-01-28 08:00:00.000,08:00,52.84000000003726
2025-01-28 09:00:00.000,09:00,57.8999999998603
2025-01-28 10:00:00.000,10:00,54.18000000016764
2025-01-28 11:00:00.000,11:00,49.53999999994412
2025-01-28 12:00:00.000,12:00,45.639999999897555
2025-01-28 13:00:00.000,13:00,41.34000000013039
2025-01-28 14:00:00.000,14:00,45.51999999997206
2025-01-28 15:00:00.000,15:00,40.98000000000466
2025-01-28 16:00:00.000,16:00,43.38999999987427
2025-01-28 17:00:00.000,17:00,42.42000000008848
2025-01-28 18:00:00.000,18:00,38.400000000069845
2025-01-28 19:00:00.000,19:00,30.119999999902213
2025-01-28 20:00:00.000,20:00,23.84000000008382
2025-01-28 21:00:00.000,21:00,23.329999999911525
2025-01-28 22:00:00.000,22:00,24.550000000116416
2025-01-28 23:00:00.000,23:00,23.29000000001397
2025-01-29 00:00:00.000,00:00,23.209999999869616
2025-01-29 01:00:00.000,01:00,22.989999999990687
2025-01-29 02:00:00.000,02:00,25.15000000009313
2025-01-29 03:00:00.000,03:00,23.499999999860304
2025-01-29 04:00:00.000,04:00,39.450000000093134
2025-01-29 05:00:00.000,05:00,32.58000000000466
2025-01-29 06:00:00.000,06:00,41.00888888879628
2025-01-29 07:00:00.000,07:00,48.574747474788865
2025-01-29 08:00:00.000,08:00,49.936363636410206
2025-01-29 09:00:00.000,09:00,55.799999999953435
2025-01-29 10:00:00.000,10:00,57.139999999990685
2025-01-29 11:00:00.000,11:00,51.859999999962746
2025-01-29 12:00:00.000,12:00,49.00000000004657
2025-01-29 13:00:00.000,13:00,44.980000000027935
2025-01-29 14:00:00.000,14:00,50.10999999998603
2025-01-29 15:00:00.000,15:00,42.63000000000466
2025-01-29 16:00:00.000,16:00,48.31000000000932
2025-01-29 17:00:00.000,17:00,45.52000000011176
2025-01-29 18:00:00.000,18:00,45.47999999988824
2025-01-29 19:00:00.000,19:00,32.38000000000466
2025-01-29 20:00:00.000,20:00,25.130000000051222
2025-01-29 21:00:00.000,21:00,23.68999999994412
2025-01-29 22:00:00.000,22:00,24.019999999925492
2025-01-29 23:00:00.000,23:00,24.137500000180445
2025-01-30 00:00:00.000,00:00,23.812499999819558
2025-01-30 01:00:00.000,01:00,24.37000000013504
2025-01-30 02:00:00.000,02:00,24.480000000004658
2025-01-30 03:00:00.000,03:00,25.119999999878928
2025-01-30 04:00:00.000,04:00,40.45000000016299
2025-01-30 05:00:00.000,05:00,35.379999999818395
2025-01-30 06:00:00.000,06:00,45.51000000012573
2025-01-30 07:00:00.000,07:00,57.750000000023284
2025-01-30 08:00:00.000,08:00,60.34000000003725
2025-01-30 09:00:00.000,09:00,57.59999999981374
2025-01-30 10:00:00.000,10:00,54.53000000002794
2025-01-30 11:00:00.000,11:00,45.68000000002794
2025-01-30 12:00:00.000,12:00,38.35157407402639
2025-01-30 13:00:00.000,13:00,38.06481481482344
2025-01-30 14:00:00.000,14:00,38.06481481482344
2025-01-30 15:00:00.000,15:00,38.06481481482344
2025-01-30 16:00:00.000,16:00,38.06481481482344
2025-01-30 17:00:00.000,17:00,38.06481481482344
2025-01-30 18:00:00.000,18:00,38.06481481482344
2025-01-30 19:00:00.000,19:00,38.06481481482344
2025-01-30 20:00:00.000,20:00,38.06481481482344
2025-01-30 21:00:00.000,21:00,38.06481481482344
2025-01-30 22:00:00.000,22:00,35.955092592693056
2025-01-30 23:00:00.000,23:00,22.51999999990221
2025-01-31 00:00:00.000,00:00,22.419999999925494
2025-01-31 01:00:00.000,01:00,23.190000000153667
2025-01-31 02:00:00.000,02:00,23.099999999883586
2025-01-31 03:00:00.000,03:00,24.159999999962746
2025-01-31 04:00:00.000,04:00,42.22000000011176
2025-01-31 05:00:00.000,05:00,39.48000000000466
2025-01-31 06:00:00.000,06:00,42.42999999995809
2025-01-31 07:00:00.000,07:00,59.03999999996741
2025-01-31 08:00:00.000,08:00,66.52000000001863
2025-01-31 09:00:00.000,09:00,63.480000000074504
2025-01-31 10:00:00.000,10:00,64.95999999996275
2025-01-31 11:00:00.000,11:00,54.15999999991618
2025-01-31 12:00:00.000,12:00,49.18000000002794
2025-01-31 13:00:00.000,13:00,43.240000000096515
2025-01-31 14:00:00.000,14:00,51.23999999997799
2025-01-31 15:00:00.000,15:00,45.269999999925496
2025-01-31 16:00:00.000,16:00,47.20000000011642
2025-01-31 17:00:00.000,17:00,42.189999999920836
2025-01-31 18:00:00.000,18:00,44.08000000005122
2025-01-31 19:00:00.000,19:00,29.049999999883585
2025-01-31 20:00:00.000,20:00,24.45000000006985
2025-01-31 21:00:00.000,21:00,23.57999999995809
2025-01-31 22:00:00.000,22:00,23.40000000006985
2025-01-31 23:00:00.000,23:00,23.090000000054715
2025-02-01 00:00:00.000,00:00,23.059999999875437
2025-02-01 01:00:00.000,01:00,22.900000000116414
2025-02-01 02:00:00.000,02:00,23.22999999995809
2025-02-01 03:00:00.000,03:00,23.240000000037252
2025-02-01 04:00:00.000,04:00,34.27999999993481
2025-02-01 05:00:00.000,05:00,32.16999999994878
2025-02-01 06:00:00.000,06:00,33.080000000074506
2025-02-01 07:00:00.000,07:00,40.66999999994877
2025-02-01 08:00:00.000,08:00,40.140000000083816
2025-02-01 09:00:00.000,09:00,38.199999999953434
2025-02-01 10:00:00.000,10:00,39.359999999962746
2025-02-01 11:00:00.000,11:00,34.859999999962746
2025-02-01 12:00:00.000,12:00,36.740000000037256
2025-02-01 13:00:00.000,13:00,33.8800000000745
2025-02-01 14:00:00.000,14:00,31.08000000002794
2025-02-01 15:00:00.000,15:00,32.79999999993015
2025-02-01 16:00:00.000,16:00,36.00999999993947
2025-02-01 17:00:00.000,17:00,36.810000000079164
2025-02-01 18:00:00.000,18:00,36.95999999993946
2025-02-01 19:00:00.000,19:00,30.150000000093133
2025-02-01 20:00:00.000,20:00,29.91999999990221
2025-02-01 21:00:00.000,21:00,26.100000000046567
2025-02-01 22:00:00.000,22:00,24.729999999981374
2025-02-01 23:00:00.000,23:00,26.07999999995809
2025-02-02 00:00:00.000,00:00,26.600000000093132
2025-02-02 01:00:00.000,01:00,25.379999999911526
2025-02-02 02:00:00.000,02:00,29.07999999995809
2025-02-02 03:00:00.000,03:00,32.28000000016763
2025-02-02 04:00:00.000,04:00,31.799999999953435
2025-02-02 05:00:00.000,05:00,27.67000000004191
2025-02-02 06:00:00.000,06:00,34.53999999987427
2025-02-02 07:00:00.000,07:00,36.35909090911631
2025-02-02 08:00:00.000,08:00,36.790909090837125
2025-02-02 09:00:00.000,09:00,34.300000000186266
2025-02-02 10:00:00.000,10:00,37.239999999897556
2025-02-02 11:00:00.000,11:00,34.200000000093134
2025-02-02 12:00:00.000,12:00,32.699999999953434
2025-02-02 13:00:00.000,13:00,33.12000000001863
2025-02-02 14:00:00.000,14:00,30.267272727242247
2025-02-02 15:00:00.000,15:00,28.44272727269722
2025-02-02 16:00:00.000,16:00,31.10999999993946
2025-02-02 17:00:00.000,17:00,30.960000000102447
2025-02-02 18:00:00.000,18:00,33.6399999999674
2025-02-02 19:00:00.000,19:00,32.91000000005588
2025-02-02 20:00:00.000,20:00,27.450000000000003
2025-02-02 21:00:00.000,21:00,28.599999999953432
2025-02-02 22:00:00.000,22:00,33.660000000079165
2025-02-02 23:00:00.000,23:00,33.587499999918506
2025-02-03 00:00:00.000,00:00,30.57249999999767
2025-02-03 01:00:00.000,01:00,35.73999999994412
2025-02-03 02:00:00.000,02:00,33.810000000125726
2025-02-03 03:00:00.000,03:00,36.67999999995809
2025-02-03 04:00:00.000,04:00,57.61999999999534
2025-02-03 05:00:00.000,05:00,56.97000000001863
2025-02-03 06:00:00.000,06:00,58.679999999958085
2025-02-03 07:00:00.000,07:00,60.84000000003726
2025-02-03 08:00:00.000,08:00,65.98000000002794
2025-02-03 09:00:00.000,09:00,43.12000000001862
2025-02-03 10:00:00.000,10:00,21.83999999985099
2025-02-03 11:00:00.000,11:00,71.38000000012107
2025-02-03 12:00:00.000,12:00,34.440366713693955
2025-02-03 13:00:00.000,13:00,33.579689703792425
2025-02-03 14:00:00.000,14:00,33.579689703792425
2025-02-03 15:00:00.000,15:00,33.579689703792425
2025-02-03 16:00:00.000,16:00,33.579689703792425
2025-02-03 17:00:00.000,17:00,33.579689703792425
2025-02-03 18:00:00.000,18:00,33.579689703792425
2025-02-03 19:00:00.000,19:00,33.579689703792425
2025-02-03 20:00:00.000,20:00,33.579689703792425
2025-02-03 21:00:00.000,21:00,33.579689703792425
2025-02-03 22:00:00.000,22:00,33.579689703792425
2025-02-03 23:00:00.000,23:00,33.04273624822356
2025-02-04 00:00:00.000,00:00,25.47000000013504
2025-02-04 01:00:00.000,01:00,26.549999999883585
2025-02-04 02:00:00.000,02:00,26.37000000004191
2025-02-04 03:00:00.000,03:00,26.09000000008382
2025-02-04 04:00:00.000,04:00,26.149999999953437
2025-02-04 05:00:00.000,05:00,25.8600000000326
2025-02-04 06:00:00.000,06:00,26.209999999962747
2025-02-04 07:00:00.000,07:00,27.180000000074504
2025-02-04 08:00:00.000,08:00,35.259999999962744
2025-02-04 09:00:00.000,09:00,78.95999999991618
2025-02-04 10:00:00.000,10:00,85.01999999997206
2025-02-04 11:00:00.000,11:00,85.02000000011176
2025-02-04 12:00:00.000,12:00,83.24000000003726
2025-02-04 13:00:00.000,13:00,80.81090909085574
2025-02-04 14:00:00.000,14:00,81.649090909107
2025-02-04 15:00:00.000,15:00,64.31999999999533
2025-02-04 16:00:00.000,16:00,64.80999999996274
2025-02-04 17:00:00.000,17:00,58.280000000051224
2025-02-04 18:00:00.000,18:00,61.40999999998603
2025-02-04 19:00:00.000,19:00,46.09000000001397
2025-02-04 20:00:00.000,20:00,39.62000000001863
2025-02-04 21:00:00.000,21:00,39.20999999998603
2025-02-04 22:00:00.000,22:00,41.349999999883586
2025-02-04 23:00:00.000,23:00,45.9574999999837
2025-02-05 00:00:00.000,00:00,49.71250000012806
2025-02-05 01:00:00.000,01:00,48.57999999986495
2025-02-05 02:00:00.000,02:00,51.43000000000466
2025-02-05 03:00:00.000,03:00,50.21000000017229
2025-02-05 04:00:00.000,04:00,58.18999999994412
2025-02-05 05:00:00.000,05:00,52.460000000009316
2025-02-05 06:00:00.000,06:00,56.13000000005122
2025-02-05 07:00:00.000,07:00,62.83999999999069
2025-02-05 08:00:00.000,08:00,70.43999999989755
2025-02-05 09:00:00.000,09:00,80.49999999995343
2025-02-05 10:00:00.000,10:00,70.14000000008382
2025-02-05 11:00:00.000,11:00,63.679999999981376
2025-02-05 12:00:00.000,12:00,48.21999999992549
2025-02-05 13:00:00.000,13:00,43.90000000009313
2025-02-05 14:00:00.000,14:00,43.870000000041905
2025-02-05 15:00:00.000,15:00,41.97999999993481
2025-02-05 16:00:00.000,16:00,39.05000000002328
2025-02-05 17:00:00.000,17:00,39.339999999967404
2025-02-05 18:00:00.000,18:00,45.11000000000931
2025-02-05 19:00:00.000,19:00,35.53999999996741
2025-02-05 20:00:00.000,20:00,28.520000000088476
2025-02-05 21:00:00.000,21:00,26.549999999976716
2025-02-05 22:00:00.000,22:00,24.220000000065195
2025-02-05 23:00:00.000,23:00,23.712499999895225
2025-02-06 00:00:00.000,00:00,22.42749999993248
2025-02-06 01:00:00.000,01:00,23.11000000007916
2025-02-06 02:00:00.000,02:00,25.10999999996275
2025-02-06 03:00:00.000,03:00,26.430000000121073
2025-02-06 04:00:00.000,04:00,38.149999999906875
2025-02-06 05:00:00.000,05:00,34.18000000009779
2025-02-06 06:00:00.000,06:00,38.23000000000466
2025-02-06 07:00:00.000,07:00,52.96999999983236
2025-02-06 08:00:00.000,08:00,51.04000000013039
2025-02-06 09:00:00.000,09:00,61.319999999972055
2025-02-06 10:00:00.000,10:00,62.73999999999069
2025-02-06 11:00:00.000,11:00,59.300000000000004
2025-02-06 12:00:00.000,12:00,51.480000000074504
2025-02-06 13:00:00.000,13:00,49.15999999991618
2025-02-06 14:00:00.000,14:00,52.139999999990685
2025-02-06 15:00:00.000,15:00,52.24999999995343
2025-02-06 16:00:00.000,16:00,52.120000000041905
2025-02-06 17:00:00.000,17:00,51.13000000009779
2025-02-06 18:00:00.000,18:00,49.719999999902214
2025-02-06 19:00:00.000,19:00,38.030000000004655
2025-02-06 20:00:00.000,20:00,27.789999999967407
2025-02-06 21:00:00.000,21:00,26.140000000083816
2025-02-06 22:00:00.000,22:00,24.649999999883587
2025-02-06 23:00:00.000,23:00,24.057500000012805
2025-02-07 00:00:00.000,00:00,29.042500000103608
2025-02-07 01:00:00.000,01:00,28.18999999994412
2025-02-07 02:00:00.000,02:00,30.779999999911524
2025-02-07 03:00:00.000,03:00,30.340000000060538
2025-02-07 04:00:00.000,04:00,47.88000000007451
2025-02-07 05:00:00.000,05:00,36.1
2025-02-07 06:00:00.000,06:00,42.76000000000931
2025-02-07 07:00:00.000,07:00,56.69999999988358
2025-02-07 08:00:00.000,08:00,54.28000000012107
2025-02-07 09:00:00.000,09:00,63
2025-02-07 10:00:00.000,10:00,67.17999999998138
2025-02-07 11:00:00.000,11:00,60.66000000000931
2025-02-07 12:00:00.000,12:00,60.75999999986961
2025-02-07 13:00:00.000,13:00,54.47000000001863
2025-02-07 14:00:00.000,14:00,55.190000000060536
2025-02-07 15:00:00.000,15:00,58.030000000051224
2025-02-07 16:00:00.000,16:00,54.570000000018624
2025-02-07 17:00:00.000,17:00,49.55999999998603
2025-02-07 18:00:00.000,18:00,49.04999999997671
2025-02-07 19:00:00.000,19:00,40.6200000000652
2025-02-07 20:00:00.000,20:00,31.21999999990221
2025-02-07 21:00:00.000,21:00,31.100000000023282
2025-02-07 22:00:00.000,22:00,27.450000000046565
2025-02-07 23:00:00.000,23:00,26.429999999899884
2025-02-08 00:00:00.000,00:00,30.20000000008149
2025-02-08 01:00:00.000,01:00,31.210000000032593
2025-02-08 02:00:00.000,02:00,29.24999999995343
2025-02-08 03:00:00.000,03:00,32.0099999998929
2025-02-08 04:00:00.000,04:00,41.95999999998603
2025-02-08 05:00:00.000,05:00,43.22000000004191
2025-02-08 06:00:00.000,06:00,45.34000000013039
2025-02-08 07:00:00.000,07:00,49.11999999987893
2025-02-08 08:00:00.000,08:00,53.63999999994412
2025-02-08 09:00:00.000,09:00,51
2025-02-08 10:00:00.000,10:00,47.2800000000745
2025-02-08 11:00:00.000,11:00,45.76000000000931
2025-02-08 12:00:00.000,12:00,41.520000000065195
2025-02-08 13:00:00.000,13:00,39.80363636367362
2025-02-08 14:00:00.000,14:00,33.336363636363636
2025-02-08 15:00:00.000,15:00,36.57999999991152
2025-02-08 16:00:00.000,16:00,36.91999999990221
2025-02-08 17:00:00.000,17:00,40.660000000079165
2025-02-08 18:00:00.000,18:00,42.45000000009313
2025-02-08 19:00:00.000,19:00,36.279999999958086
2025-02-08 20:00:00.000,20:00,32.66999999999534
2025-02-08 21:00:00.000,21:00,33.01999999999534
2025-02-08 22:00:00.000,22:00,29.269999999972057
2025-02-08 23:00:00.000,23:00,28.549999999953435
2025-02-09 00:00:00.000,00:00,28.519999999995342
2025-02-09 01:00:00.000,01:00,29.46000000012573
2025-02-09 02:00:00.000,02:00,30.349999999930148
2025-02-09 03:00:00.000,03:00,29.379999999911526
2025-02-09 04:00:00.000,04:00,30
2025-02-09 05:00:00.000,05:00,28.939999999990686
2025-02-09 06:00:00.000,06:00,29.390000000130385
2025-02-09 07:00:00.000,07:00,38.10000000004656
2025-02-09 08:00:00.000,08:00,36.11999999997206
2025-02-09 09:00:00.000,09:00,38.47999999988824
2025-02-09 10:00:00.000,10:00,38.16000000010244
2025-02-09 11:00:00.000,11:00,37.200000000046565
2025-02-09 12:00:00.000,12:00,35.359999999869615
2025-02-09 13:00:00.000,13:00,33.570000000018624
2025-02-09 14:00:00.000,14:00,31.52999999995809
2025-02-09 15:00:00.000,15:00,31.78000000009779
2025-02-09 16:00:00.000,16:00,31.269999999925496
2025-02-09 17:00:00.000,17:00,32.420000000065194
2025-02-09 18:00:00.000,18:00,33.3600000000326
2025-02-09 19:00:00.000,19:00,31.8
2025-02-09 20:00:00.000,20:00,29.62999999988824
2025-02-09 21:00:00.000,21:00,29.239999999990687
2025-02-09 22:00:00.000,22:00,30.44000000001397
2025-02-09 23:00:00.000,23:00,29.550000000017462
2025-02-10 00:00:00.000,00:00,29.199999999935972
2025-02-10 01:00:00.000,01:00,28.910000000125727
2025-02-10 02:00:00.000,02:00,29.109999999962746
2025-02-10 03:00:00.000,03:00,29.09000000008382
2025-02-10 04:00:00.000,04:00,47.28999999987427
2025-02-10 05:00:00.000,05:00,44.98000000012107
2025-02-10 06:00:00.000,06:00,46.90333333321743
2025-02-10 07:00:00.000,07:00,53.42666666671737
2025-02-10 08:00:00.000,08:00,51.74000000008382
2025-02-10 09:00:00.000,09:00,53.55999999996275
2025-02-10 10:00:00.000,10:00,55.95999999991618
2025-02-10 11:00:00.000,11:00,51.360000000009315
2025-02-10 12:00:00.000,12:00,43.15808139532875
2025-02-10 13:00:00.000,13:00,43.177325581403466
2025-02-10 14:00:00.000,14:00,43.177325581403466
2025-02-10 15:00:00.000,15:00,43.177325581403466
2025-02-10 16:00:00.000,16:00,43.177325581403466
2025-02-10 17:00:00.000,17:00,43.177325581403466
2025-02-10 18:00:00.000,18:00,43.177325581403466
2025-02-10 19:00:00.000,19:00,43.177325581403466
2025-02-10 20:00:00.000,20:00,43.177325581403466
2025-02-10 21:00:00.000,21:00,43.177325581403466
2025-02-10 22:00:00.000,22:00,43.177325581403466
2025-02-10 23:00:00.000,23:00,42.46139006328931
2025-02-11 00:00:00.000,00:00,35.977272727412426
2025-02-11 01:00:00.000,01:00,36.18999999994412
2025-02-11 02:00:00.000,02:00,35.88999999992084
2025-02-11 03:00:00.000,03:00,36.660000000079165
2025-02-11 04:00:00.000,04:00,53.349999999930155
2025-02-11 05:00:00.000,05:00,49.26999999999535
2025-02-11 06:00:00.000,06:00,50.490000000083825
2025-02-11 07:00:00.000,07:00,59.579999999934806
2025-02-11 08:00:00.000,08:00,72.02000000015832
2025-02-11 09:00:00.000,09:00,66.83999999994413
2025-02-11 10:00:00.000,10:00,71.33999999994413
2025-02-11 11:00:00.000,11:00,68.4200000000652
2025-02-11 12:00:00.000,12:00,58.71999999992549
2025-02-11 13:00:00.000,13:00,61.17999999993481
2025-02-11 14:00:00.000,14:00,55.730000000121066
2025-02-11 15:00:00.000,15:00,52.33000000000466
2025-02-11 16:00:00.000,16:00,53.589999999967404
2025-02-11 17:00:00.000,17:00,46.27999999993481
2025-02-11 18:00:00.000,18:00,47.04000000006054
2025-02-11 19:00:00.000,19:00,37.01000000003259
2025-02-11 20:00:00.000,20:00,30.21999999997206
2025-02-11 21:00:00.000,21:00,25.300000000046566
2025-02-11 22:00:00.000,22:00,25.869999999948778
2025-02-11 23:00:00.000,23:00,23.592500000004655
2025-02-12 00:00:00.000,00:00,24.017500000004656
2025-02-12 01:00:00.000,01:00,28.43999999999069
2025-02-12 02:00:00.000,02:00,27.230000000051223
2025-02-12 03:00:00.000,03:00,28.589999999874273
2025-02-12 04:00:00.000,04:00,40.969999999995345
2025-02-12 05:00:00.000,05:00,39.38000000012107
2025-02-12 06:00:00.000,06:00,42.95999999996275
2025-02-12 07:00:00.000,07:00,56.20454545460049
2025-02-12 08:00:00.000,08:00,55.605454545362264
2025-02-12 09:00:00.000,09:00,58.800000000046566
2025-02-12 10:00:00.000,10:00,53.78000000007451
2025-02-12 11:00:00.000,11:00,42.359999999869615
2025-02-12 12:00:00.000,12:00,37.480000000121066
2025-02-12 13:00:00.000,13:00,41.52000000001863
2025-02-12 14:00:00.000,14:00,45.56999999997206
2025-02-12 15:00:00.000,15:00,37.219999999855645
2025-02-12 16:00:00.000,16:00,35.85
2025-02-12 17:00:00.000,17:00,35.15
2025-02-12 18:00:00.000,18:00,36.23000000002794
2025-02-12 19:00:00.000,19:00,26.989999999990687
2025-02-12 20:00:00.000,20:00,25.16000000007916
2025-02-12 21:00:00.000,21:00,24.59000000001397
2025-02-12 22:00:00.000,22:00,23.459999999962747
2025-02-12 23:00:00.000,23:00,22.180000000051223
2025-02-13 00:00:00.000,00:00,22.799999999953435
2025-02-13 01:00:00.000,01:00,22.539999999990684
2025-02-13 02:00:00.000,02:00,22.280000000051224
2025-02-13 03:00:00.000,03:00,23.619999999948778
2025-02-13 04:00:00.000,04:00,30.750000000046565
2025-02-13 05:00:00.000,05:00,27.239999999967402
2025-02-13 06:00:00.000,06:00,32.82000000008848
2025-02-13 07:00:00.000,07:00,47.82272727254101
2025-02-13 08:00:00.000,08:00,44.907272727300665
2025-02-13 09:00:00.000,09:00,53.02000000001863
2025-02-13 10:00:00.000,10:00,47.61999999997206
2025-02-13 11:00:00.000,11:00,49.679999999981376
2025-02-13 12:00:00.000,12:00,41.23636363641444
2025-02-13 13:00:00.000,13:00,48.51363636367869
2025-02-13 14:00:00.000,14:00,45.89000000001397
2025-02-13 15:00:00.000,15:00,48.019999999925496
2025-02-13 16:00:00.000,16:00,43.41000000012573
2025-02-13 17:00:00.000,17:00,43.37999999998138
2025-02-13 18:00:00.000,18:00,40.169999999925494
2025-02-13 19:00:00.000,19:00,29.950000000023284
2025-02-13 20:00:00.000,20:00,26.510000000009313
2025-02-13 21:00:00.000,21:00,24.56000000005588
2025-02-13 22:00:00.000,22:00,24.349999999953432
2025-02-13 23:00:00.000,23:00,22.86000000007334
2025-02-14 00:00:00.000,00:00,23.239999999833525
2025-02-14 01:00:00.000,01:00,23.509999999986032
2025-02-14 02:00:00.000,02:00,23.31000000005588
2025-02-14 03:00:00.000,03:00,27.500000000069846
2025-02-14 04:00:00.000,04:00,35.21999999997206
2025-02-14 05:00:00.000,05:00,33.62000000004191
2025-02-14 06:00:00.000,06:00,38.049999999860304
2025-02-14 07:00:00.000,07:00,50.34000000008382
2025-02-14 08:00:00.000,08:00,50.019999999925496
2025-02-14 09:00:00.000,09:00,60.140000000176954
2025-02-14 10:00:00.000,10:00,54.37999999993481
2025-02-14 11:00:00.000,11:00,50.99999999995344
2025-02-14 12:00:00.000,12:00,53.419999999925494
2025-02-14 13:00:00.000,13:00,48.13000000012107
2025-02-14 14:00:00.000,14:00,45.070000000018624
2025-02-14 15:00:00.000,15:00,46.23999999987427
2025-02-14 16:00:00.000,16:00,43.2600000001723
2025-02-14 17:00:00.000,17:00,41.72999999988824
2025-02-14 18:00:00.000,18:00,41.25999999998603
2025-02-14 19:00:00.000,19:00,31.710000000125728
2025-02-14 20:00:00.000,20:00,25.359999999869615
2025-02-14 21:00:00.000,21:00,24.93999999994412
2025-02-14 22:00:00.000,22:00,24
2025-02-14 23:00:00.000,23:00,22.150000000040745
2025-02-15 00:00:00.000,00:00,23.060000000084983
2025-02-15 01:00:00.000,01:00,23.27000000004191
2025-02-15 02:00:00.000,02:00,30.779999999934805
2025-02-15 03:00:00.000,03:00,31.5
2025-02-15 04:00:00.000,04:00,40.80999999991619
2025-02-15 05:00:00.000,05:00,43.15000000002328
2025-02-15 06:00:00.000,06:00,49.00000000009313
2025-02-15 07:00:00.000,07:00,49.879999999911526
2025-02-15 08:00:00.000,08:00,48.72000000001862
2025-02-15 09:00:00.000,09:00,40.31999999997206
2025-02-15 10:00:00.000,10:00,39.980000000074504
2025-02-15 11:00:00.000,11:00,38.63999999994412
2025-02-15 12:00:00.000,12:00,34.39999999995344
2025-02-15 13:00:00.000,13:00,29.870000000065193
2025-02-15 14:00:00.000,14:00,25.61000000005588
2025-02-15 15:00:00.000,15:00,29.209999999869613
2025-02-15 16:00:00.000,16:00,29
2025-02-15 17:00:00.000,17:00,31.54000000015367
2025-02-15 18:00:00.000,18:00,34.5
2025-02-15 19:00:00.000,19:00,31.130000000004657
2025-02-15 20:00:00.000,20:00,28.96999999997206
2025-02-15 21:00:00.000,21:00,28.539999999944122
2025-02-15 22:00:00.000,22:00,29.16000000007916
2025-02-15 23:00:00.000,23:00,27.235000000026776
2025-02-16 00:00:00.000,00:00,27.354999999824212
2025-02-16 01:00:00.000,01:00,28.59000000017695
2025-02-16 02:00:00.000,02:00,30.41999999990221
2025-02-16 03:00:00.000,03:00,29.060000000009314
2025-02-16 04:00:00.000,04:00,34.43000000007451
2025-02-16 05:00:00.000,05:00,34.98999999992084
2025-02-16 06:00:00.000,06:00,34.97545454545074
2025-02-16 07:00:00.000,07:00,38.25454545446078
2025-02-16 08:00:00.000,08:00,37.68000000016764
2025-02-16 09:00:00.000,09:00,37.31999999983236
2025-02-16 10:00:00.000,10:00,31.740000000037252
2025-02-16 11:00:00.000,11:00,28.2000000001397
2025-02-16 12:00:00.000,12:00,26.91999999983236
2025-02-16 13:00:00.000,13:00,24.70000000004657
2025-02-16 14:00:00.000,14:00,23.730000000074504
2025-02-16 15:00:00.000,15:00,24.069999999902212
2025-02-16 16:00:00.000,16:00,23.639999999967404
2025-02-16 17:00:00.000,17:00,26.660000000125727
2025-02-16 18:00:00.000,18:00,30.740000000060537
2025-02-16 19:00:00.000,19:00,29.409999999939465
2025-02-16 20:00:00.000,20:00,28.88999999987427
2025-02-16 21:00:00.000,21:00,27.200000000186265
2025-02-16 22:00:00.000,22:00,29.02999999995809
2025-02-16 23:00:00.000,23:00,28.988795620478676
2025-02-17 00:00:00.000,00:00,43.01824817517227
2025-02-17 01:00:00.000,01:00,43.01824817517227
2025-02-17 02:00:00.000,02:00,43.01824817517227
2025-02-17 03:00:00.000,03:00,43.01824817517227
2025-02-17 04:00:00.000,04:00,43.01824817517227
2025-02-17 05:00:00.000,05:00,43.01824817517227
2025-02-17 06:00:00.000,06:00,43.01824817517227
2025-02-17 07:00:00.000,07:00,43.01824817517227
2025-02-17 08:00:00.000,08:00,43.01824817517227
2025-02-17 09:00:00.000,09:00,67.25697080288694
2025-02-17 10:00:00.000,10:00,57.879999999958095
2025-02-17 11:00:00.000,11:00,57.95000000011642
2025-02-17 12:00:00.000,12:00,46.919999999878925
2025-02-17 13:00:00.000,13:00,41.790000000130384
2025-02-17 14:00:00.000,14:00,36.19999999993015
2025-02-17 15:00:00.000,15:00,38.23999999999069
2025-02-17 16:00:00.000,16:00,35.539999999990684
2025-02-17 17:00:00.000,17:00,40.080000000074506
2025-02-17 18:00:00.000,18:00,41.199999999999996
2025-02-17 19:00:00.000,19:00,34
2025-02-17 20:00:00.000,20:00,28.84000000003725
2025-02-17 21:00:00.000,21:00,27.879999999934807
2025-02-17 22:00:00.000,22:00,26.979999999934805
2025-02-17 23:00:00.000,23:00,26.9975000000617
2025-02-18 00:00:00.000,00:00,25.052499999984867
2025-02-18 01:00:00.000,01:00,23.90999999991618
2025-02-18 02:00:00.000,02:00,25.210000000172293
2025-02-18 03:00:00.000,03:00,25.329999999911525
2025-02-18 04:00:00.000,04:00,48.67999999993481
2025-02-18 05:00:00.000,05:00,40.66000000014901
2025-02-18 06:00:00.000,06:00,49.6290909089402
2025-02-18 07:00:00.000,07:00,66.21090909100391
2025-02-18 08:00:00.000,08:00,63.320000000018624
2025-02-18 09:00:00.000,09:00,58.859999999869615
2025-02-18 10:00:00.000,10:00,58.760000000102444
2025-02-18 11:00:00.000,11:00,46.99999999995343
2025-02-18 12:00:00.000,12:00,43.003636363720176
2025-02-18 13:00:00.000,13:00,36.60636363638226
2025-02-18 14:00:00.000,14:00,34.049999999953435
2025-02-18 15:00:00.000,15:00,34.50999999991618
2025-02-18 16:00:00.000,16:00,35.40000000009314
2025-02-18 17:00:00.000,17:00,37.90999999998603
2025-02-18 18:00:00.000,18:00,39.41999999994878
2025-02-18 19:00:00.000,19:00,33.18000000005122
2025-02-18 20:00:00.000,20:00,24.920000000018625
2025-02-18 21:00:00.000,21:00,23.579999999981375
2025-02-18 22:00:00.000,22:00,23.349999999953432
2025-02-18 23:00:00.000,23:00,24.10361313871932
2025-02-19 00:00:00.000,00:00,35.945255474457646
2025-02-19 01:00:00.000,01:00,35.945255474457646
2025-02-19 02:00:00.000,02:00,35.945255474457646
2025-02-19 03:00:00.000,03:00,35.945255474457646
2025-02-19 04:00:00.000,04:00,35.945255474457646
2025-02-19 05:00:00.000,05:00,35.945255474457646
2025-02-19 06:00:00.000,06:00,35.945255474457646
2025-02-19 07:00:00.000,07:00,35.945255474457646
2025-02-19 08:00:00.000,08:00,35.945255474457646
2025-02-19 09:00:00.000,09:00,46.19908759119439
2025-02-19 10:00:00.000,10:00,41.31000000000932
2025-02-19 11:00:00.000,11:00,35.70999999991618
2025-02-19 12:00:00.000,12:00,29.630000000074507
2025-02-19 13:00:00.000,13:00,32.26000000000931
2025-02-19 14:00:00.000,14:00,39.16999999994878
2025-02-19 15:00:00.000,15:00,40.79999999997671
2025-02-19 16:00:00.000,16:00,35.9
2025-02-19 17:00:00.000,17:00,34.579999999981375
2025-02-19 18:00:00.000,18:00,32.52000000011176
2025-02-19 19:00:00.000,19:00,24.85999999991618
2025-02-19 20:00:00.000,20:00,22.66000000005588
2025-02-19 21:00:00.000,21:00,21.4
2025-02-19 22:00:00.000,22:00,21.78000000002794
2025-02-19 23:00:00.000,23:00,20.007500000018627
2025-02-20 00:00:00.000,00:00,22.23250000004191
2025-02-20 01:00:00.000,01:00,20.839999999827704
2025-02-20 02:00:00.000,02:00,21.03000000000466
2025-02-20 03:00:00.000,03:00,22.400000000000002
2025-02-20 04:00:00.000,04:00,29.469999999995345
2025-02-20 05:00:00.000,05:00,27.969999999995345
2025-02-20 06:00:00.000,06:00,30.890000000176954
2025-02-20 07:00:00.000,07:00,43.73999999987427
2025-02-20 08:00:00.000,08:00,40.639999999990685
2025-02-20 09:00:00.000,09:00,35.78000000012107
2025-02-20 10:00:00.000,10:00,35.859999999962746
2025-02-20 11:00:00.000,11:00,38.76000000000931
2025-02-20 12:00:00.000,12:00,32.05454545457932
2025-02-20 13:00:00.000,13:00,30.415454545439307
2025-02-20 14:00:00.000,14:00,32.45999999996275
2025-02-20 15:00:00.000,15:00,25.849999999953432
2025-02-20 16:00:00.000,16:00,27.480000000051223
2025-02-20 17:00:00.000,17:00,32.40999999998603
2025-02-20 18:00:00.000,18:00,26.07999999988824
2025-02-20 19:00:00.000,19:00,23.330000000074506
2025-02-20 20:00:00.000,20:00,21.40000000006985
2025-02-20 21:00:00.000,21:00,20.15999999991618
2025-02-20 22:00:00.000,22:00,19.83000000000466
2025-02-20 23:00:00.000,23:00,19.053404255372847
2025-02-21 00:00:00.000,00:00,19.676595744701658
2025-02-21 01:00:00.000,01:00,18.77999999986496
2025-02-21 02:00:00.000,02:00,20.17000000018161
2025-02-21 03:00:00.000,03:00,18.82999999981839
2025-02-21 04:00:00.000,04:00,23.410000000009312
2025-02-21 05:00:00.000,05:00,24.59000000008382
2025-02-21 06:00:00.000,06:00,28.970000000088476
2025-02-21 07:00:00.000,07:00,39.47222222217566
2025-02-21 08:00:00.000,08:00,34.09777777774984
2025-02-21 09:00:00.000,09:00,43.699999999953434
2025-02-21 10:00:00.000,10:00,37.300000000046566
2025-02-21 11:00:00.000,11:00,37.240000000037256
2025-02-21 12:00:00.000,12:00,32.8
2025-02-21 13:00:00.000,13:00,31.999999999906866
2025-02-21 14:00:00.000,14:00,31.95
2025-02-21 15:00:00.000,15:00,30.550000000116416
2025-02-21 16:00:00.000,16:00,30.079999999981375
2025-02-21 17:00:00.000,17:00,27.480000000004654
2025-02-21 18:00:00.000,18:00,26.829999999841675
2025-02-21 19:00:00.000,19:00,23.870000000065193
2025-02-21 20:00:00.000,20:00,21.260000000009313
2025-02-21 21:00:00.000,21:00,19.169999999925494
2025-02-21 22:00:00.000,22:00,20.330000000074506
2025-02-21 23:00:00.000,23:00,19.42000000011176
2025-02-22 00:00:00.000,00:00,19.089999999897554
2025-02-22 01:00:00.000,01:00,19.77000000004191
2025-02-22 02:00:00.000,02:00,19.03000000000466
2025-02-22 03:00:00.000,03:00,19.689999999967405
2025-02-22 04:00:00.000,04:00,20.110000000079165
2025-02-22 05:00:00.000,05:00,23.52999999986496
2025-02-22 06:00:00.000,06:00,24.870000000018628
2025-02-22 07:00:00.000,07:00,29.390000000107104
2025-02-22 08:00:00.000,08:00,29.179999999888242
2025-02-22 09:00:00.000,09:00,27.920000000018625
2025-02-22 10:00:00.000,10:00,26.73999999994412
2025-02-22 11:00:00.000,11:00,27.36000000005588
2025-02-22 12:00:00.000,12:00,26.460000000102443
2025-02-22 13:00:00.000,13:00,29.87999999988824
2025-02-22 14:00:00.000,14:00,30.38000000002794
2025-02-22 15:00:00.000,15:00,26.83999999992084
2025-02-22 16:00:00.000,16:00,23.190000000060536
2025-02-22 17:00:00.000,17:00,22.5
2025-02-22 18:00:00.000,18:00,23.05999999998603
2025-02-22 19:00:00.000,19:00,22.630000000051222
2025-02-22 20:00:00.000,20:00,21.59999999993015
2025-02-22 21:00:00.000,21:00,22.930000000097788
2025-02-22 22:00:00.000,22:00,21
2025-02-22 23:00:00.000,23:00,20.47765957447502
2025-02-23 00:00:00.000,00:00,21.07234042552498
2025-02-23 01:00:00.000,01:00,19.97000000004191
2025-02-23 02:00:00.000,02:00,20.069999999878927
2025-02-23 03:00:00.000,03:00,21.600000000069848
2025-02-23 04:00:00.000,04:00,20.379999999911526
2025-02-23 05:00:00.000,05:00,22.520000000018626
2025-02-23 06:00:00.000,06:00,22.100000000069848
2025-02-23 07:00:00.000,07:00,30.180000000027942
2025-02-23 08:00:00.000,08:00,27.199999999906865
2025-02-23 09:00:00.000,09:00,25.380000000027938
2025-02-23 10:00:00.000,10:00,24.56000000005588
2025-02-23 11:00:00.000,11:00,24.139999999897555
2025-02-23 12:00:00.000,12:00,23.4000000001397
2025-02-23 13:00:00.000,13:00,22.05999999991618
2025-02-23 14:00:00.000,14:00,20.69000000008382
2025-02-23 15:00:00.000,15:00,19.869999999878928
2025-02-23 16:00:00.000,16:00,21.360000000032596
2025-02-23 17:00:00.000,17:00,20.509999999916182
2025-02-23 18:00:00.000,18:00,23.610000000172295
2025-02-23 19:00:00.000,19:00,22.209999999986028
2025-02-23 20:00:00.000,20:00,21.519999999925496
2025-02-23 21:00:00.000,21:00,25.47000000004191
2025-02-23 22:00:00.000,22:00,24.96999999997206
2025-02-23 23:00:00.000,23:00,24.23000000002794
2025-02-24 00:00:00.000,00:00,23.049999999906866
2025-02-24 01:00:00.000,01:00,19.620000000088478
2025-02-24 02:00:00.000,02:00,21.069999999878927
2025-02-24 03:00:00.000,03:00,20.570000000088477
2025-02-24 04:00:00.000,04:00,38.59999999995344
2025-02-24 05:00:00.000,05:00,32.05000000006985
2025-02-24 06:00:00.000,06:00,34.10666666666511
2025-02-24 07:00:00.000,07:00,45.313333333283666
2025-02-24 08:00:00.000,08:00,40.54000000003725
2025-02-24 09:00:00.000,09:00,43.95999999996275
2025-02-24 10:00:00.000,10:00,40.06000000000931
2025-02-24 11:00:00.000,11:00,38.21999999992549
2025-02-24 12:00:00.000,12:00,37.48401114206701
2025-02-24 13:00:00.000,13:00,37.28690807800999
2025-02-24 14:00:00.000,14:00,37.28690807800999
2025-02-24 15:00:00.000,15:00,37.28690807800999
2025-02-24 16:00:00.000,16:00,37.28690807800999
2025-02-24 17:00:00.000,17:00,37.28690807800999
2025-02-24 18:00:00.000,18:00,28.30144846792492
2025-02-24 19:00:00.000,19:00,25.92000000004191
2025-02-24 20:00:00.000,20:00,21.340000000037257
2025-02-24 21:00:00.000,21:00,21.71000000005588
2025-02-24 22:00:00.000,22:00,20.079999999981375
2025-02-24 23:00:00.000,23:00,20.269999999925496
2025-02-25 00:00:00.000,00:00,19.720000000088476
2025-02-25 01:00:00.000,01:00,19.299999999953435
2025-02-25 02:00:00.000,02:00,20.720000000041914
2025-02-25 03:00:00.000,03:00,19.919999999925494
2025-02-25 04:00:00.000,04:00,26.85
2025-02-25 05:00:00.000,05:00,25.710000000079162
2025-02-25 06:00:00.000,06:00,28.839999999874273
2025-02-25 07:00:00.000,07:00,37.40000000009313
2025-02-25 08:00:00.000,08:00,41.9999999998603
2025-02-25 09:00:00.000,09:00,48.360000000102445
2025-02-25 10:00:00.000,10:00,47.53999999994412
2025-02-25 11:00:00.000,11:00,50.06000000005588
2025-02-25 12:00:00.000,12:00,46.75999999991618
2025-02-25 13:00:00.000,13:00,50.49272727282633
2025-02-25 14:00:00.000,14:00,45.827272727331994
2025-02-25 15:00:00.000,15:00,40.97999999988824
2025-02-25 16:00:00.000,16:00,45.77999999998137
2025-02-25 17:00:00.000,17:00,47.32999999995809
2025-02-25 18:00:00.000,18:00,40.190000000107105
2025-02-25 19:00:00.000,19:00,33.4
2025-02-25 20:00:00.000,20:00,26.21999999987893
2025-02-25 21:00:00.000,21:00,23.190000000060536
2025-02-25 22:00:00.000,22:00,23.070000000065193
2025-02-25 23:00:00.000,23:00,21.852499999891734
2025-02-26 00:00:00.000,00:00,21.92750000011292
2025-02-26 01:00:00.000,01:00,22.510000000009313
2025-02-26 02:00:00.000,02:00,22.15999999996275
2025-02-26 03:00:00.000,03:00,22.799999999906866
2025-02-26 04:00:00.000,04:00,39.19000000003725
2025-02-26 05:00:00.000,05:00,35.82000000006519
2025-02-26 06:00:00.000,06:00,38.20000000004657
2025-02-26 07:00:00.000,07:00,59
2025-02-26 08:00:00.000,08:00,52.59999999995344
2025-02-26 09:00:00.000,09:00,41.99999999995343
2025-02-26 10:00:00.000,10:00,44.06000000000931
2025-02-26 11:00:00.000,11:00,38.740000000037256
2025-02-26 12:00:00.000,12:00,35.33999999989756
2025-02-26 13:00:00.000,13:00,29.02000000011176
2025-02-26 14:00:00.000,14:00,43.23999999992083
2025-02-26 15:00:00.000,15:00,45.170000000111756
2025-02-26 16:00:00.000,16:00,29.739999999967402
2025-02-26 17:00:00.000,17:00,38.06999999992549
2025-02-26 18:00:00.000,18:00,38.72000000001863
2025-02-26 19:00:00.000,19:00,27.150000000023283
2025-02-26 20:00:00.000,20:00,24.11999999997206
2025-02-26 21:00:00.000,21:00,22.300000000046566
2025-02-26 22:00:00.000,22:00,22.570000000065193
2025-02-26 23:00:00.000,23:00,21.539999999833526
2025-02-27 00:00:00.000,00:00,21.549999999994178
2025-02-27 01:00:00.000,01:00,21.210000000172293
2025-02-27 02:00:00.000,02:00,21.669999999972063
2025-02-27 03:00:00.000,03:00,22.619999999948778
2025-02-27 04:00:00.000,04:00,37.950000000046565
2025-02-27 05:00:00.000,05:00,35.33999999994412
2025-02-27 06:00:00.000,06:00,40.70545454544269
2025-02-27 07:00:00.000,07:00,60.11454545457593
2025-02-27 08:00:00.000,08:00,46.56000000000931
2025-02-27 09:00:00.000,09:00,48.55999999996274
2025-02-27 10:00:00.000,10:00,54.739999999944125
2025-02-27 11:00:00.000,11:00,46.660000000055874
2025-02-27 12:00:00.000,12:00,46.72000000006519
2025-02-27 13:00:00.000,13:00,39.18999999999068
2025-02-27 14:00:00.000,14:00,37.11999999999534
2025-02-27 15:00:00.000,15:00,28.24999999993015
2025-02-27 16:00:00.000,16:00,29.270000000018626
2025-02-27 17:00:00.000,17:00,32
2025-02-27 18:00:00.000,18:00,28.69000000003725
2025-02-27 19:00:00.000,19:00,27.77000000004191
2025-02-27 20:00:00.000,20:00,23.549999999953435
2025-02-27 21:00:00.000,21:00,22.09000000001397
2025-02-27 22:00:00.000,22:00,22.58999999994412
2025-02-27 23:00:00.000,23:00,21.330000000115252
2025-02-28 00:00:00.000,00:00,21.31999999983818
2025-02-28 01:00:00.000,01:00,21.560000000079164
2025-02-28 02:00:00.000,02:00,21.95999999998603
2025-02-28 03:00:00.000,03:00,23.05000000009313
2025-02-28 04:00:00.000,04:00,36.779999999911524
2025-02-28 05:00:00.000,05:00,35.700000000093134
2025-02-28 06:00:00.000,06:00,40.719999999855645
2025-02-28 07:00:00.000,07:00,60.16000000005588
2025-02-28 08:00:00.000,08:00,50.199999999906865
2025-02-28 09:00:00.000,09:00,57.34000000008382
2025-02-28 10:00:00.000,10:00,48.89999999995344
2025-02-28 11:00:00.000,11:00,44.72000000011176
2025-02-28 12:00:00.000,12:00,41.16727272730998
2025-02-28 13:00:00.000,13:00,35.36272727255498
2025-02-28 14:00:00.000,14:00,35.770000000065195
2025-02-28 15:00:00.000,15:00,35.42000000004191
2025-02-28 16:00:00.000,16:00,37.189999999967405
2025-02-28 17:00:00.000,17:00,35.559999999939464
2025-02-28 18:00:00.000,18:00,34.08000000002794
2025-02-28 19:00:00.000,19:00,29.590000000037254
2025-02-28 20:00:00.000,20:00,23.669999999995344
2025-02-28 21:00:00.000,21:00,23
2025-02-28 22:00:00.000,22:00,22.520000000041907
2025-02-28 23:00:00.000,23:00,22.909999999869616
2025-03-01 00:00:00.000,00:00,20.930000000051223
2025-03-01 01:00:00.000,01:00,22.199999999953434
2025-03-01 02:00:00.000,02:00,21.73000000016764
2025-03-01 03:00:00.000,03:00,22.569999999878927
2025-03-01 04:00:00.000,04:00,31.85
2025-03-01 05:00:00.000,05:00,32.689999999967405
2025-03-01 06:00:00.000,06:00,32.884545454560694
2025-03-01 07:00:00.000,07:00,43.265454545439304
2025-03-01 08:00:00.000,08:00,41.74000000013038
2025-03-01 09:00:00.000,09:00,38.979999999934805
2025-03-01 10:00:00.000,10:00,34.99999999995343
2025-03-01 11:00:00.000,11:00,33.32000000011176
2025-03-01 12:00:00.000,12:00,31.906666666683222
2025-03-01 13:00:00.000,13:00,29.60333333332609
2025-03-01 14:00:00.000,14:00,28.759999999939463
2025-03-01 15:00:00.000,15:00,30.65999999991618
2025-03-01 16:00:00.000,16:00,29.580000000144356
2025-03-01 17:00:00.000,17:00,30.569999999902212
2025-03-01 18:00:00.000,18:00,30.90999999998603
2025-03-01 19:00:00.000,19:00,26.940000000083817
2025-03-01 20:00:00.000,20:00,23.769999999925496
2025-03-01 21:00:00.000,21:00,22.040000000037253
2025-03-01 22:00:00.000,22:00,23.03000000002794
2025-03-01 23:00:00.000,23:00,23.194999999878927
2025-03-02 00:00:00.000,00:00,21.925000000139697
2025-03-02 01:00:00.000,01:00,21.8100000000326
2025-03-02 02:00:00.000,02:00,25.039999999967403
2025-03-02 03:00:00.000,03:00,27.749999999953435
2025-03-02 04:00:00.000,04:00,27.319999999925493
2025-03-02 05:00:00.000,05:00,28.569999999995346
2025-03-02 06:00:00.000,06:00,28.560000000079164
2025-03-02 07:00:00.000,07:00,37.23999999999069
2025-03-02 08:00:00.000,08:00,36.05999999991618
2025-03-02 09:00:00.000,09:00,32.28000000007451
2025-03-02 10:00:00.000,10:00,27.159999999962746
2025-03-02 11:00:00.000,11:00,25.64000000003725
2025-03-02 12:00:00.000,12:00,26.05999999996275
2025-03-02 13:00:00.000,13:00,23.690000000060536
2025-03-02 14:00:00.000,14:00,24.09000000001397
2025-03-02 15:00:00.000,15:00,23.919999999902213
2025-03-02 16:00:00.000,16:00,28.160000000125727
2025-03-02 17:00:00.000,17:00,24.71999999990221
2025-03-02 18:00:00.000,18:00,24.59000000001397
2025-03-02 19:00:00.000,19:00,28.110000000102445
2025-03-02 20:00:00.000,20:00,27.429999999934807
2025-03-02 21:00:00.000,21:00,28.100000000093132
2025-03-02 22:00:00.000,22:00,29.479999999888243
2025-03-02 23:00:00.000,23:00,29.37000000011176
2025-03-03 00:00:00.000,00:00,27.23999999994412
2025-03-03 01:00:00.000,01:00,28.720000000041907
2025-03-03 02:00:00.000,02:00,28.27999999995809
2025-03-03 03:00:00.000,03:00,31.769999999925496
2025-03-03 04:00:00.000,04:00,47.160000000032596
2025-03-03 05:00:00.000,05:00,55.16000000005588
2025-03-03 06:00:00.000,06:00,54.57909090896349
2025-03-03 07:00:00.000,07:00,58.71090909100391
2025-03-03 08:00:00.000,08:00,61.93999999989755
2025-03-03 09:00:00.000,09:00,62.360000000102445
2025-03-03 10:00:00.000,10:00,61.2
2025-03-03 11:00:00.000,11:00,58.539999999944115
2025-03-03 12:00:00.000,12:00,50.519999999972065
2025-03-03 13:00:00.000,13:00,46.930000000004654
2025-03-03 14:00:00.000,14:00,45.22000000006519
2025-03-03 15:00:00.000,15:00,43.66999999994878
2025-03-03 16:00:00.000,16:00,37.92000000004191
2025-03-03 17:00:00.000,17:00,34.83000000000466
2025-03-03 18:00:00.000,18:00,35.25999999998603
2025-03-03 19:00:00.000,19:00,30.15999999998603
2025-03-03 20:00:00.000,20:00,26.750000000023284
2025-03-03 21:00:00.000,21:00,31.039999999990687
2025-03-03 22:00:00.000,22:00,29.980000000051223
2025-03-03 23:00:00.000,23:00,30.222500000003492
2025-03-04 00:00:00.000,00:00,28.42749999992666
2025-03-04 01:00:00.000,01:00,28.93000000012107
2025-03-04 02:00:00.000,02:00,29.089999999874273
2025-03-04 03:00:00.000,03:00,29.04000000008382
2025-03-04 04:00:00.000,04:00,45.95999999986961
2025-03-04 05:00:00.000,05:00,41.65000000009314
2025-03-04 06:00:00.000,06:00,45.29454545446841
2025-03-04 07:00:00.000,07:00,47.605454545438455
2025-03-04 08:00:00.000,08:00,55.24000000013038
2025-03-04 09:00:00.000,09:00,49.15999999991618
2025-03-04 10:00:00.000,10:00,53.09999999995343
2025-03-04 11:00:00.000,11:00,43.020000000158326
2025-03-04 12:00:00.000,12:00,37.11999999992549
2025-03-04 13:00:00.000,13:00,34.84999999990687
2025-03-04 14:00:00.000,14:00,34.9000000001397
2025-03-04 15:00:00.000,15:00,32.62999999988824
2025-03-04 16:00:00.000,16:00,32.090000000060535
2025-03-04 17:00:00.000,17:00,30.41999999997206
2025-03-04 18:00:00.000,18:00,25.199999999953434
2025-03-04 19:00:00.000,19:00,24.460000000079162
2025-03-04 20:00:00.000,20:00,21.80999999996275
2025-03-04 21:00:00.000,21:00,23.52999999995809
2025-03-04 22:00:00.000,22:00,24.55999999998603
2025-03-04 23:00:00.000,23:00,27.350000000046567
2025-03-05 00:00:00.000,00:00,22.87000000004191
2025-03-05 01:00:00.000,01:00,23.780000000051224
2025-03-05 02:00:00.000,02:00,24.459999999916185
2025-03-05 03:00:00.000,03:00,23.68999999994412
2025-03-05 04:00:00.000,04:00,37.91000000010245
2025-03-05 05:00:00.000,05:00,37.88999999999069
2025-03-05 06:00:00.000,06:00,38.62000000004191
2025-03-05 07:00:00.000,07:00,53.48909090902784
2025-03-05 08:00:00.000,08:00,47.59090909083712
2025-03-05 09:00:00.000,09:00,57.04000000003725
2025-03-05 10:00:00.000,10:00,50.6800000000745
2025-03-05 11:00:00.000,11:00,39.84000000003725
2025-03-05 12:00:00.000,12:00,32.69000000003725
2025-03-05 13:00:00.000,13:00,27.879999999841672
2025-03-05 14:00:00.000,14:00,28.70999999998603
2025-03-05 15:00:00.000,15:00,30.22000000006519
2025-03-05 16:00:00.000,16:00,28.45000000004657
2025-03-05 17:00:00.000,17:00,28.32999999988824
2025-03-05 18:00:00.000,18:00,29.05999999998603
2025-03-05 19:00:00.000,19:00,25.26000000012573
2025-03-05 20:00:00.000,20:00,22.429999999934807
2025-03-05 21:00:00.000,21:00,21.930000000097788
2025-03-05 22:00:00.000,22:00,22.27999999993481
2025-03-05 23:00:00.000,23:00,22.899999999953433
2025-03-06 00:00:00.000,00:00,20.65
2025-03-06 01:00:00.000,01:00,21.13000000009779
2025-03-06 02:00:00.000,02:00,21.559999999869618
2025-03-06 03:00:00.000,03:00,21.969999999995345
2025-03-06 04:00:00.000,04:00,34.84000000013039
2025-03-06 05:00:00.000,05:00,32.469999999995345
2025-03-06 06:00:00.000,06:00,38.00000000004657
2025-03-06 07:00:00.000,07:00,52.18000000000466
2025-03-06 08:00:00.000,08:00,45.03999999994412
2025-03-06 09:00:00.000,09:00,44.039999999990684
2025-03-06 10:00:00.000,10:00,46.6199999999255
2025-03-06 11:00:00.000,11:00,40.56000000005588
2025-03-06 12:00:00.000,12:00,34.54000000003725
2025-03-06 13:00:00.000,13:00,30.11999999997206
2025-03-06 14:00:00.000,14:00,28.210000000032597
2025-03-06 15:00:00.000,15:00,28.88000000002794
2025-03-06 16:00:00.000,16:00,29.639999999967404
2025-03-06 17:00:00.000,17:00,30.010000000032594
2025-03-06 18:00:00.000,18:00,22.82999999995809
2025-03-06 19:00:00.000,19:00,23.5
2025-03-06 20:00:00.000,20:00,21.959999999962747
2025-03-06 21:00:00.000,21:00,20.96999999997206
2025-03-06 22:00:00.000,22:00,20.899999999976718
2025-03-06 23:00:00.000,23:00,21.442500000121072
2025-03-07 00:00:00.000,00:00,20.097499999892896
2025-03-07 01:00:00.000,01:00,19.930000000121073
2025-03-07 02:00:00.000,02:00,20.139999999967404
2025-03-07 03:00:00.000,03:00,20.019999999995342
2025-03-07 04:00:00.000,04:00,21.879999999911526
2025-03-07 05:00:00.000,05:00,26.380000000121072
2025-03-07 06:00:00.000,06:00,26.65999999984633
2025-03-07 07:00:00.000,07:00,36.170000000111756
2025-03-07 08:00:00.000,08:00,35.95999999996275
2025-03-07 09:00:00.000,09:00,31.479999999981374
2025-03-07 10:00:00.000,10:00,31.359999999962746
2025-03-07 11:00:00.000,11:00,27.940000000037255
2025-03-07 12:00:00.000,12:00,26.700000000046565
2025-03-07 13:00:00.000,13:00,23.97454545455985
2025-03-07 14:00:00.000,14:00,26.955454545351678
2025-03-07 15:00:00.000,15:00,23.789999999967403
2025-03-07 16:00:00.000,16:00,24.360000000032596
2025-03-07 17:00:00.000,17:00,21.06000000005588
2025-03-07 18:00:00.000,18:00,23.149999999976718
2025-03-07 19:00:00.000,19:00,24.700000000023284
2025-03-07 20:00:00.000,20:00,25.100000000023282
2025-03-07 21:00:00.000,21:00,23.12000000004191
2025-03-07 22:00:00.000,22:00,24.079999999911525
2025-03-07 23:00:00.000,23:00,24.129999999934807
2025-03-08 00:00:00.000,00:00,20.37000000018161
2025-03-08 01:00:00.000,01:00,19.30999999982305
2025-03-08 02:00:00.000,02:00,19.510000000009317
2025-03-08 03:00:00.000,03:00,19.500000000000004
2025-03-08 04:00:00.000,04:00,22.40999999998603
2025-03-08 05:00:00.000,05:00,22.840000000060535
2025-03-08 06:00:00.000,06:00,25.08000000005122
2025-03-08 07:00:00.000,07:00,32.27999999993481
2025-03-08 08:00:00.000,08:00,27.239999999990687
2025-03-08 09:00:00.000,09:00,26.860000000009315
2025-03-08 10:00:00.000,10:00,26.659999999962746
2025-03-08 11:00:00.000,11:00,24.260000000009313
2025-03-08 12:00:00.000,12:00,21.039999999990687
2025-03-08 13:00:00.000,13:00,19.140000000083816
2025-03-08 14:00:00.000,14:00,22.760000000032598
2025-03-08 15:00:00.000,15:00,20.70999999998603
2025-03-08 16:00:00.000,16:00,19.770000000018626
2025-03-08 17:00:00.000,17:00,20.519999999995342
2025-03-08 18:00:00.000,18:00,21.15
2025-03-08 19:00:00.000,19:00,20.33999999992084
2025-03-08 20:00:00.000,20:00,20.570000000065193
2025-03-08 21:00:00.000,21:00,20.289999999967403
2025-03-08 22:00:00.000,22:00,20.570000000065193
2025-03-08 23:00:00.000,23:00,20.319999999855646
2025-03-09 00:00:00.000,00:00,18.87000000018161
2025-03-09 01:00:00.000,01:00,18.819999999832362
2025-03-09 02:00:00.000,02:00,19.45
2025-03-09 03:00:00.000,03:00,19.240000000153668
2025-03-09 04:00:00.000,04:00,19.020000000018626
2025-03-09 05:00:00.000,05:00,20.269999999832365
2025-03-09 06:00:00.000,06:00,21.170000000158325
2025-03-09 07:00:00.000,07:00,22.419999999832363
2025-03-09 08:00:00.000,08:00,22.04000000008382
2025-03-09 09:00:00.000,09:00,21.620000000018628
2025-03-09 10:00:00.000,10:00,22.240000000037252
2025-03-09 11:00:00.000,11:00,22.05999999996275
2025-03-09 12:00:00.000,12:00,22.240000000037252
2025-03-09 13:00:00.000,13:00,22.90999999991618
2025-03-09 14:00:00.000,14:00,23.240000000013968
2025-03-09 15:00:00.000,15:00,22.80999999996275
2025-03-09 16:00:00.000,16:00,22.640000000130385
2025-03-09 17:00:00.000,17:00,22.289999999967403
2025-03-09 18:00:00.000,18:00,22.680000000004657
2025-03-09 19:00:00.000,19:00,23.549999999976716
2025-03-09 20:00:00.000,20:00,20.96999999997206
2025-03-09 21:00:00.000,21:00,21.259999999939463
2025-03-09 22:00:00.000,22:00,21.710000000032597
2025-03-09 23:00:00.000,23:00,21.58000000002794
2025-03-10 00:00:00.000,00:00,20.060000000046564
2025-03-10 01:00:00.000,01:00,20.28999999990687
2025-03-10 02:00:00.000,02:00,20.41000000012573
2025-03-10 03:00:00.000,03:00,20.859999999916184
2025-03-10 04:00:00.000,04:00,40.70999999991618
2025-03-10 05:00:00.000,05:00,41.65000000009314
2025-03-10 06:00:00.000,06:00,37.52909090909472
2025-03-10 07:00:00.000,07:00,54.327272727217704
2025-03-10 08:00:00.000,08:00,52.32363636373881
2025-03-10 09:00:00.000,09:00,43.8
2025-03-10 10:00:00.000,10:00,43.459999999916185
2025-03-10 11:00:00.000,11:00,37.92000000006519
2025-03-10 12:00:00.000,12:00,37.579999999981375
2025-03-10 13:00:00.000,13:00,34.10000000004657
2025-03-10 14:00:00.000,14:00,30.719999999995345
2025-03-10 15:00:00.000,15:00,29.65
2025-03-10 16:00:00.000,16:00,30.46999999997206
2025-03-10 17:00:00.000,17:00,28.199999999953434
2025-03-10 18:00:00.000,18:00,29.740000000060537
2025-03-10 19:00:00.000,19:00,25.349999999906867
2025-03-10 20:00:00.000,20:00,20.5
2025-03-10 21:00:00.000,21:00,21.229999999981374
2025-03-10 22:00:00.000,22:00,21.130000000051222
2025-03-10 23:00:00.000,23:00,21.590000000107104
2025-03-11 00:00:00.000,00:00,20.899999999813737
2025-03-11 01:00:00.000,01:00,21.020000000018626
2025-03-11 02:00:00.000,02:00,21.32000000004191
2025-03-11 03:00:00.000,03:00,20.659999999939465
2025-03-11 04:00:00.000,04:00,34.050000000093135
2025-03-11 05:00:00.000,05:00,34.61000000007916
2025-03-11 06:00:00.000,06:00,35.867272727176626
2025-03-11 07:00:00.000,07:00,53.97272727279078
2025-03-11 08:00:00.000,08:00,41.72000000001863
2025-03-11 09:00:00.000,09:00,42.93999999989755
2025-03-11 10:00:00.000,10:00,37.860000000102445
2025-03-11 11:00:00.000,11:00,33.18000000002794
2025-03-11 12:00:00.000,12:00,36.33999999985099
2025-03-11 13:00:00.000,13:00,29.41999999997206
2025-03-11 14:00:00.000,14:00,26.450000000023284
2025-03-11 15:00:00.000,15:00,28.76000000005588
2025-03-11 16:00:00.000,16:00,30.330000000004656
2025-03-11 17:00:00.000,17:00,27.229999999934808
2025-03-11 18:00:00.000,18:00,22.830000000004656
2025-03-11 19:00:00.000,19:00,22.09000000001397
2025-03-11 20:00:00.000,20:00,21.579999999981375
2025-03-11 21:00:00.000,21:00,21.050000000069847
2025-03-11 22:00:00.000,22:00,21.479999999958093
2025-03-11 23:00:00.000,23:00,21.240000000037252
2025-03-12 00:00:00.000,00:00,20.639999999990685
2025-03-12 01:00:00.000,01:00,20.340000000060538
2025-03-12 02:00:00.000,02:00,20.68999999994412
2025-03-12 03:00:00.000,03:00,21.43000000000466
2025-03-12 04:00:00.000,04:00,32.90999999991618
2025-03-12 05:00:00.000,05:00,27.91999999999534
2025-03-12 06:00:00.000,06:00,34.2
2025-03-12 07:00:00.000,07:00,43.590000000013966
2025-03-12 08:00:00.000,08:00,49.34000000003726
2025-03-12 09:00:00.000,09:00,48.87999999998137
2025-03-12 10:00:00.000,10:00,58.68000000012107
2025-03-12 11:00:00.000,11:00,55.05999999996275
2025-03-12 12:00:00.000,12:00,56.97999999988824
2025-03-12 13:00:00.000,13:00,54.20363636367785
2025-03-12 14:00:00.000,14:00,57.316363636387344
2025-03-12 15:00:00.000,15:00,50.63000000005122
2025-03-12 16:00:00.000,16:00,48.75999999993947
2025-03-12 17:00:00.000,17:00,47.11000000000931
2025-03-12 18:00:00.000,18:00,44.37000000006519
2025-03-12 19:00:00.000,19:00,35.77999999995809
2025-03-12 20:00:00.000,20:00,27.13999999999069
2025-03-12 21:00:00.000,21:00,24.759999999939463
2025-03-12 22:00:00.000,22:00,25.110000000102445
2025-03-12 23:00:00.000,23:00,25.059999999869614
2025-03-13 00:00:00.000,00:00,24.770000000181607
2025-03-13 01:00:00.000,01:00,24.019999999995346
2025-03-13 02:00:00.000,02:00,24.5
2025-03-13 03:00:00.000,03:00,24.709999999823047
2025-03-13 04:00:00.000,04:00,36.81000000005588
2025-03-13 05:00:00.000,05:00,38.93999999999069
2025-03-13 06:00:00.000,06:00,39.45909090917557
2025-03-13 07:00:00.000,07:00,59.55090909092687
2025-03-13 08:00:00.000,08:00,53.15999999996274
2025-03-13 09:00:00.000,09:00,49.400000000000006
2025-03-13 10:00:00.000,10:00,46.31999999992549
2025-03-13 11:00:00.000,11:00,43.46000000000931
2025-03-13 12:00:00.000,12:00,49.88000000012107
2025-03-13 13:00:00.000,13:00,37.519999999832365
2025-03-13 14:00:00.000,14:00,43.540000000130384
2025-03-13 15:00:00.000,15:00,40.77999999993481
2025-03-13 16:00:00.000,16:00,44.65
2025-03-13 17:00:00.000,17:00,38.439999999967405
2025-03-13 18:00:00.000,18:00,33.439999999967405
2025-03-13 19:00:00.000,19:00,30.410000000125727
2025-03-13 20:00:00.000,20:00,23.44000000001397
2025-03-13 21:00:00.000,21:00,26.489999999920837
2025-03-13 22:00:00.000,22:00,23.90999999998603
2025-03-13 23:00:00.000,23:00,24.2
2025-03-14 00:00:00.000,00:00,22.619999999995343
2025-03-14 01:00:00.000,01:00,23.280000000051224
2025-03-14 02:00:00.000,02:00,24.260000000032594
2025-03-14 03:00:00.000,03:00,24.079999999888244
2025-03-14 04:00:00.000,04:00,46.39000000015367
2025-03-14 05:00:00.000,05:00,45.07999999995809
2025-03-14 06:00:00.000,06:00,44.979999999934805
2025-03-14 07:00:00.000,07:00,63.72999999998137
2025-03-14 08:00:00.000,08:00,64.43999999996741
2025-03-14 09:00:00.000,09:00,57.26000000014901
2025-03-14 10:00:00.000,10:00,46.99999999995343
2025-03-14 11:00:00.000,11:00,52.48000000002794
2025-03-14 12:00:00.000,12:00,46.2
2025-03-14 13:00:00.000,13:00,39.92727272717959
2025-03-14 14:00:00.000,14:00,41.642727272769186
2025-03-14 15:00:00.000,15:00,46.160000000055874
2025-03-14 16:00:00.000,16:00,44.76000000000931
2025-03-14 17:00:00.000,17:00,45.53999999999069
2025-03-14 18:00:00.000,18:00,43.09999999997672
2025-03-14 19:00:00.000,19:00,36.410000000032596
2025-03-14 20:00:00.000,20:00,30.489999999967402
2025-03-14 21:00:00.000,21:00,29.729999999911524
2025-03-14 22:00:00.000,22:00,28.1900000001071
2025-03-14 23:00:00.000,23:00,29.35
2025-03-15 00:00:00.000,00:00,26.360000000032596
2025-03-15 01:00:00.000,01:00,26.069999999995346
2025-03-15 02:00:00.000,02:00,24.65999999996275
2025-03-15 03:00:00.000,03:00,24.67999999995809
2025-03-15 04:00:00.000,04:00,35.57999999995809
2025-03-15 05:00:00.000,05:00,36.330000000121075
2025-03-15 06:00:00.000,06:00,37.08999999987427
2025-03-15 07:00:00.000,07:00,47.43000000005122
2025-03-15 08:00:00.000,08:00,44.579999999981375
2025-03-15 09:00:00.000,09:00,43.10000000004656
2025-03-15 10:00:00.000,10:00,41.33999999999069
2025-03-15 11:00:00.000,11:00,40.698181818218224
2025-03-15 12:00:00.000,12:00,37.12181818173055
2025-03-15 13:00:00.000,13:00,37.04000000006054
2025-03-15 14:00:00.000,14:00,37.57999999991152
2025-03-15 15:00:00.000,15:00,37.86000000007917
2025-03-15 16:00:00.000,16:00,38.470000000041914
2025-03-15 17:00:00.000,17:00,38.48000000000466
2025-03-15 18:00:00.000,18:00,40.08999999989756
2025-03-15 19:00:00.000,19:00,31.92000000008848
2025-03-15 20:00:00.000,20:00,27.65999999991618
2025-03-15 21:00:00.000,21:00,25.890000000060535
2025-03-15 22:00:00.000,22:00,25.579999999911525
2025-03-15 23:00:00.000,23:00,26.29000000001397
2025-03-16 00:00:00.000,00:00,23.69000000008382
2025-03-16 01:00:00.000,01:00,25.109999999869615
2025-03-16 02:00:00.000,02:00,24.9000000001397
2025-03-16 03:00:00.000,03:00,29.409999999986027
2025-03-16 04:00:00.000,04:00,27.679999999958092
2025-03-16 05:00:00.000,05:00,30.27000000004191
2025-03-16 06:00:00.000,06:00,34.099999999883586
2025-03-16 07:00:00.000,07:00,40.34000000008382
2025-03-16 08:00:00.000,08:00,38.760000000055875
2025-03-16 09:00:00.000,09:00,40.15999999996275
2025-03-16 10:00:00.000,10:00,38.45999999991618
2025-03-16 11:00:00.000,11:00,38.76000000000931
2025-03-16 12:00:00.000,12:00,40.26909090920605
2025-03-16 13:00:00.000,13:00,37.60090909092899
2025-03-16 14:00:00.000,14:00,39.15999999991618
2025-03-16 15:00:00.000,15:00,37.600000000023286
2025-03-16 16:00:00.000,16:00,37.09999999993015
2025-03-16 17:00:00.000,17:00,36.610000000102445
2025-03-16 18:00:00.000,18:00,34.80999999991618
2025-03-16 19:00:00.000,19:00,34.45
2025-03-16 20:00:00.000,20:00,30.580000000027937
2025-03-16 21:00:00.000,21:00,30.99000000008382
2025-03-16 22:00:00.000,22:00,31.199999999953434
2025-03-16 23:00:00.000,23:00,31.789999999967403
2025-03-17 00:00:00.000,00:00,35.280000000004655
2025-03-17 01:00:00.000,01:00,35.150000000000006
2025-03-17 02:00:00.000,02:00,37.889999999990685
2025-03-17 03:00:00.000,03:00,42.06000000007916
2025-03-17 04:00:00.000,04:00,60.47999999988824
2025-03-17 05:00:00.000,05:00,55.800000000046566
2025-03-17 06:00:00.000,06:00,64.94999999995343
2025-03-17 07:00:00.000,07:00,61.329999999981375
2025-03-17 08:00:00.000,08:00,69.90000000004656
2025-03-17 09:00:00.000,09:00,73.53999999999068
2025-03-17 10:00:00.000,10:00,78.72000000011175
2025-03-17 11:00:00.000,11:00,67.41999999997206
2025-03-17 12:00:00.000,12:00,55.83999999999068
2025-03-17 13:00:00.000,13:00,54.89454545455731
2025-03-17 14:00:00.000,14:00,44.36545454540544
2025-03-17 15:00:00.000,15:00,36.06999999994878
2025-03-17 16:00:00.000,16:00,46.09000000003725
2025-03-17 17:00:00.000,17:00,43.04000000001397
2025-03-17 18:00:00.000,18:00,44.57999999993481
2025-03-17 19:00:00.000,19:00,36.350000000139694
2025-03-17 20:00:00.000,20:00,30.519999999855646
2025-03-17 21:00:00.000,21:00,28.34000000001397
2025-03-17 22:00:00.000,22:00,26.17000000008848
2025-03-17 23:00:00.000,23:00,25.469999999919672
2025-03-18 00:00:00.000,00:00,26.60000000007567
2025-03-18 01:00:00.000,01:00,25.91999999990221
2025-03-18 02:00:00.000,02:00,26.300000000046566
2025-03-18 03:00:00.000,03:00,25.58000000009779
2025-03-18 04:00:00.000,04:00,50.66999999999535
2025-03-18 05:00:00.000,05:00,45.2899999998277
2025-03-18 06:00:00.000,06:00,47.51000000003259
2025-03-18 07:00:00.000,07:00,61.30000000006985
2025-03-18 08:00:00.000,08:00,61.55999999996275
2025-03-18 09:00:00.000,09:00,51.84000000008382
2025-03-18 10:00:00.000,10:00,47.019999999925496
2025-03-18 11:00:00.000,11:00,41.55999999996275
2025-03-18 12:00:00.000,12:00,34.38000000002794
2025-03-18 13:00:00.000,13:00,32.27555555560005
2025-03-18 14:00:00.000,14:00,33.87444444439995
2025-03-18 15:00:00.000,15:00,33.05000000006985
2025-03-18 16:00:00.000,16:00,27.889999999897555
2025-03-18 17:00:00.000,17:00,28.270000000018626
2025-03-18 18:00:00.000,18:00,29.740000000013968
2025-03-18 19:00:00.000,19:00,27.739999999990687
2025-03-18 20:00:00.000,20:00,25.1900000001071
2025-03-18 21:00:00.000,21:00,23.509999999869613
2025-03-18 22:00:00.000,22:00,22.94000000001397
2025-03-18 23:00:00.000,23:00,23.589999999984865
2025-03-19 00:00:00.000,00:00,23.570000000094296
2025-03-19 01:00:00.000,01:00,23.85999999991618
2025-03-19 02:00:00.000,02:00,23.739999999967406
2025-03-19 03:00:00.000,03:00,24.530000000074505
2025-03-19 04:00:00.000,04:00,31.33000000005122
2025-03-19 05:00:00.000,05:00,28.919999999995344
2025-03-19 06:00:00.000,06:00,33.14999999990687
2025-03-19 07:00:00.000,07:00,48.62999999998137
2025-03-19 08:00:00.000,08:00,40.06000000000931
2025-03-19 09:00:00.000,09:00,35.02000000011176
2025-03-19 10:00:00.000,10:00,32.75999999986961
2025-03-19 11:00:00.000,11:00,31.920000000018625
2025-03-19 12:00:00.000,12:00,30.340000000037254
2025-03-19 13:00:00.000,13:00,27.9
2025-03-19 14:00:00.000,14:00,26.909999999939462
2025-03-19 15:00:00.000,15:00,22.26000000012573
2025-03-19 16:00:00.000,16:00,22.549999999953435
2025-03-19 17:00:00.000,17:00,21.549999999906866
2025-03-19 18:00:00.000,18:00,23.260000000172298
2025-03-19 19:00:00.000,19:00,22.5
2025-03-19 20:00:00.000,20:00,18.09000000001397
2025-03-19 21:00:00.000,21:00,18.389999999827705
2025-03-19 22:00:00.000,22:00,17.610000000172292
2025-03-19 23:00:00.000,23:00,19.199999999813734
2025-03-20 00:00:00.000,00:00,18.39000000017695
2025-03-20 01:00:00.000,01:00,19.469999999995345
2025-03-20 02:00:00.000,02:00,19.40999999991618
2025-03-20 03:00:00.000,03:00,20.159999999962746
2025-03-20 04:00:00.000,04:00,26.569999999948777
2025-03-20 05:00:00.000,05:00,25.0000000001397
2025-03-20 06:00:00.000,06:00,30.21999999999534
2025-03-20 07:00:00.000,07:00,39.51999999999534
2025-03-20 08:00:00.000,08:00,41.43999999989755
2025-03-20 09:00:00.000,09:00,42.640000000130385
2025-03-20 10:00:00.000,10:00,37.98000000002794
2025-03-20 11:00:00.000,11:00,34.61999999983236
2025-03-20 12:00:00.000,12:00,29.2000000001397
2025-03-20 13:00:00.000,13:00,26.634545454539523
2025-03-20 14:00:00.000,14:00,25.285454545362683
2025-03-20 15:00:00.000,15:00,29.339999999967404
2025-03-20 16:00:00.000,16:00,30.640000000083816
2025-03-20 17:00:00.000,17:00,26.89000000006054
2025-03-20 18:00:00.000,18:00,24.11999999997206
2025-03-20 19:00:00.000,19:00,23.74999999993015
2025-03-20 20:00:00.000,20:00,20.90000000006985
2025-03-20 21:00:00.000,21:00,20.139999999967404
2025-03-20 22:00:00.000,22:00,19.55999999998603
2025-03-20 23:00:00.000,23:00,20.19500000003027
2025-03-21 00:00:00.000,00:00,19.684999999974387
2025-03-21 01:00:00.000,01:00,18.429999999911523
2025-03-21 02:00:00.000,02:00,19.489999999990687
2025-03-21 03:00:00.000,03:00,19.180000000167638
2025-03-21 04:00:00.000,04:00,20.980000000004658
2025-03-21 05:00:00.000,05:00,20.71999999994878
2025-03-21 06:00:00.000,06:00,23.220000000041914
2025-03-21 07:00:00.000,07:00,32.97999999998137
2025-03-21 08:00:00.000,08:00,34.151111111112144
2025-03-21 09:00:00.000,09:00,41.84888888879472
2025-03-21 10:00:00.000,10:00,32.00000000004657
2025-03-21 11:00:00.000,11:00,33.50000000004657
2025-03-21 12:00:00.000,12:00,32.759999999962744
2025-03-21 13:00:00.000,13:00,32.352727272729815
2025-03-21 14:00:00.000,14:00,30.8672727271724
2025-03-21 15:00:00.000,15:00,27.67000000004191
2025-03-21 16:00:00.000,16:00,27.660000000032596
2025-03-21 17:00:00.000,17:00,24.889999999990685
2025-03-21 18:00:00.000,18:00,23.97000000004191
2025-03-21 19:00:00.000,19:00,20.69000000003725
2025-03-21 20:00:00.000,20:00,22.979999999888243
2025-03-21 21:00:00.000,21:00,21.81000000007916
2025-03-21 22:00:00.000,22:00,20.770000000018626
2025-03-21 23:00:00.000,23:00,21.032499999937137
2025-03-22 00:00:00.000,00:00,19.237499999965074
2025-03-22 01:00:00.000,01:00,19.53000000000466
2025-03-22 02:00:00.000,02:00,19.699999999953434
2025-03-22 03:00:00.000,03:00,20.100000000093132
2025-03-22 04:00:00.000,04:00,20.60000000006985
2025-03-22 05:00:00.000,05:00,22.359999999916184
2025-03-22 06:00:00.000,06:00,23.970000000088476
2025-03-22 07:00:00.000,07:00,28.417272727155467
2025-03-22 08:00:00.000,08:00,26.392727272783997
2025-03-22 09:00:00.000,09:00,26.36000000005588
2025-03-22 10:00:00.000,10:00,25
2025-03-22 11:00:00.000,11:00,25.91999999987893
2025-03-22 12:00:00.000,12:00,26.299999999953435
2025-03-22 13:00:00.000,13:00,24.78000000009779
2025-03-22 14:00:00.000,14:00,25.489999999967406
2025-03-22 15:00:00.000,15:00,24.210000000032597
2025-03-22 16:00:00.000,16:00,24.139999999990685
2025-03-22 17:00:00.000,17:00,24.739999999990687
2025-03-22 18:00:00.000,18:00,25.749999999976716
2025-03-22 19:00:00.000,19:00,24.490000000083818
2025-03-22 20:00:00.000,20:00,21.950000000046565
2025-03-22 21:00:00.000,21:00,22.15999999984633
2025-03-22 22:00:00.000,22:00,21.590000000060538
2025-03-22 23:00:00.000,23:00,-63.361702127613015
2025-03-23 00:00:00.000,00:00,-470.63829787234044
2025-03-23 01:00:00.000,01:00,0
2025-03-23 02:00:00.000,02:00,0
2025-03-23 03:00:00.000,03:00,0
2025-03-23 04:00:00.000,04:00,0
2025-03-23 05:00:00.000,05:00,0
2025-03-23 06:00:00.000,06:00,0
2025-03-23 07:00:00.000,07:00,0
2025-03-23 08:00:00.000,08:00,0
2025-03-23 09:00:00.000,09:00,0
2025-03-23 10:00:00.000,10:00,0
2025-03-23 11:00:00.000,11:00,0
2025-03-23 12:00:00.000,12:00,0
2025-03-23 13:00:00.000,13:00,0
2025-03-23 14:00:00.000,14:00,0
2025-03-23 15:00:00.000,15:00,0
2025-03-23 16:00:00.000,16:00,0
2025-03-23 17:00:00.000,17:00,0
2025-03-23 18:00:00.000,18:00,0
2025-03-23 19:00:00.000,19:00,0
2025-03-23 20:00:00.000,20:00,0
2025-03-23 21:00:00.000,21:00,0
2025-03-23 22:00:00.000,22:00,0
2025-03-23 23:00:00.000,23:00,0
2025-03-24 00:00:00.000,00:00,88.82780410742201
2025-03-24 01:00:00.000,01:00,133.241706161133
2025-03-24 02:00:00.000,02:00,133.241706161133
2025-03-24 03:00:00.000,03:00,133.241706161133
2025-03-24 04:00:00.000,04:00,133.241706161133
2025-03-24 05:00:00.000,05:00,133.241706161133
2025-03-24 06:00:00.000,06:00,133.241706161133
2025-03-24 07:00:00.000,07:00,133.241706161133
2025-03-24 08:00:00.000,08:00,133.241706161133
2025-03-24 09:00:00.000,09:00,133.241706161133
2025-03-24 10:00:00.000,10:00,122.98572933125926
2025-03-24 11:00:00.000,11:00,44.54111111107955
2025-03-24 12:00:00.000,12:00,44.28000000002794
2025-03-24 13:00:00.000,13:00,42.190000000060536
2025-03-24 14:00:00.000,14:00,42.51999999999534
2025-03-24 15:00:00.000,15:00,41.369999999948774
2025-03-24 16:00:00.000,16:00,38.23000000002794
2025-03-24 17:00:00.000,17:00,38.00727272722447
2025-03-24 18:00:00.000,18:00,33.35272727273828
2025-03-24 19:00:00.000,19:00,26.019999999878927
2025-03-24 20:00:00.000,20:00,24.620000000065193
2025-03-24 21:00:00.000,21:00,24.979999999981374
2025-03-24 22:00:00.000,22:00,25.080000000074506
2025-03-24 23:00:00.000,23:00,25.51999999997206
2025-03-25 00:00:00.000,00:00,23.230000000074504
2025-03-25 01:00:00.000,01:00,20.53000000000466
2025-03-25 02:00:00.000,02:00,20.20999999996275
2025-03-25 03:00:00.000,03:00,20.27000000004191
2025-03-25 04:00:00.000,04:00,28.950000000000003
2025-03-25 05:00:00.000,05:00,26.429999999911526
2025-03-25 06:00:00.000,06:00,29.02000000004191
2025-03-25 07:00:00.000,07:00,42.43272727263075
2025-03-25 08:00:00.000,08:00,37.647272727304056
2025-03-25 09:00:00.000,09:00,43.920000000018625
2025-03-25 10:00:00.000,10:00,44.55999999996274
2025-03-25 11:00:00.000,11:00,41.00000000004657
2025-03-25 12:00:00.000,12:00,43.86000000000931
2025-03-25 13:00:00.000,13:00,38.539999999990684
2025-03-25 14:00:00.000,14:00,44.13999999992084
2025-03-25 15:00:00.000,15:00,39.530000000097786
2025-03-25 16:00:00.000,16:00,36.91999999990221
2025-03-25 17:00:00.000,17:00,34.07000000011176
2025-03-25 18:00:00.000,18:00,31.819999999948777
2025-03-25 19:00:00.000,19:00,28.880000000097787
2025-03-25 20:00:00.000,20:00,23.44000000001397
2025-03-25 21:00:00.000,21:00,24.329999999841675
2025-03-25 22:00:00.000,22:00,23.430000000097788
2025-03-25 23:00:00.000,23:00,23.839999999967404
2025-03-26 00:00:00.000,00:00,22.139999999990685
2025-03-26 01:00:00.000,01:00,22.780000000051224
2025-03-26 02:00:00.000,02:00,22.22999999995809
2025-03-26 03:00:00.000,03:00,22.780000000051224
2025-03-26 04:00:00.000,04:00,26.90999999998603
2025-03-26 05:00:00.000,05:00,27.549999999883582
2025-03-26 06:00:00.000,06:00,32.16000000012573
2025-03-26 07:00:00.000,07:00,38.02272727262144
2025-03-26 08:00:00.000,08:00,38.90727272731337
2025-03-26 09:00:00.000,09:00,46.34000000003725
2025-03-26 10:00:00.000,10:00,41.98000000007451
2025-03-26 11:00:00.000,11:00,40.05999999996274
2025-03-26 12:00:00.000,12:00,41.13090909090825
2025-03-26 13:00:00.000,13:00,31.949090909119697
2025-03-26 14:00:00.000,14:00,40.76999999999534
2025-03-26 15:00:00.000,15:00,36.81999999992549
2025-03-26 16:00:00.000,16:00,34.629999999958095
2025-03-26 17:00:00.000,17:00,38.139999999944116
2025-03-26 18:00:00.000,18:00,36.450000000186265
2025-03-26 19:00:00.000,19:00,24.69999999990687
2025-03-26 20:00:00.000,20:00,21.38000000002794
2025-03-26 21:00:00.000,21:00,21.889999999990685
2025-03-26 22:00:00.000,22:00,22.199999999953434
2025-03-26 23:00:00.000,23:00,21.380000000074507
2025-03-27 00:00:00.000,00:00,21.55999999991618
2025-03-27 01:00:00.000,01:00,21.800000000046566
2025-03-27 02:00:00.000,02:00,21.18999999994412
2025-03-27 03:00:00.000,03:00,21.149999999953437
2025-03-27 04:00:00.000,04:00,28.760000000055882
2025-03-27 05:00:00.000,05:00,30.409999999986027
2025-03-27 06:00:00.000,06:00,34.870000000088474
2025-03-27 07:00:00.000,07:00,43.98727272728204
2025-03-27 08:00:00.000,08:00,33.152727272708646
2025-03-27 09:00:00.000,09:00,38.03999999999069
2025-03-27 10:00:00.000,10:00,36.45999999996275
2025-03-27 11:00:00.000,11:00,36.760000000102444
2025-03-27 12:00:00.000,12:00,27.599999999906867
2025-03-27 13:00:00.000,13:00,27.44181818189523
2025-03-27 14:00:00.000,14:00,25.61818181820722
2025-03-27 15:00:00.000,15:00,33
2025-03-27 16:00:00.000,16:00,26.949999999813734
2025-03-27 17:00:00.000,17:00,28.600000000093132
2025-03-27 18:00:00.000,18:00,25.259999999962748
2025-03-27 19:00:00.000,19:00,20.43999999994412
2025-03-27 20:00:00.000,20:00,20.790000000130387
2025-03-27 21:00:00.000,21:00,19.869999999948778
2025-03-27 22:00:00.000,22:00,20.210000000032597
2025-03-27 23:00:00.000,23:00,19.979999999934808
2025-03-28 00:00:00.000,00:00,18.990000000037252
2025-03-28 01:00:00.000,01:00,18.33000000005122
2025-03-28 02:00:00.000,02:00,19.089999999874273
2025-03-28 03:00:00.000,03:00,19.70000000004657
2025-03-28 04:00:00.000,04:00,31.700000000116415
2025-03-28 05:00:00.000,05:00,29.14000000001397
2025-03-28 06:00:00.000,06:00,36.99999999990686
2025-03-28 07:00:00.000,07:00,45.6136363636279
2025-03-28 08:00:00.000,08:00,39.01636363630691
2025-03-28 09:00:00.000,09:00,47.90000000004656
2025-03-28 10:00:00.000,10:00,45.920000000018625
2025-03-28 11:00:00.000,11:00,43.94000000008381
2025-03-28 12:00:00.000,12:00,32.01999999997206
2025-03-28 13:00:00.000,13:00,32.67999999988824
2025-03-28 14:00:00.000,14:00,32.52000000004191
2025-03-28 15:00:00.000,15:00,25.969999999995345
2025-03-28 16:00:00.000,16:00,29.939999999967405
2025-03-28 17:00:00.000,17:00,30.5
2025-03-28 18:00:00.000,18:00,23.050000000069847
2025-03-28 19:00:00.000,19:00,25.069999999902212
2025-03-28 20:00:00.000,20:00,21.630000000051222
2025-03-28 21:00:00.000,21:00,22.03000000002794
2025-03-28 22:00:00.000,22:00,22.079999999981375
2025-03-28 23:00:00.000,23:00,22.66999999997206
2025-03-29 00:00:00.000,00:00,20.540000000130384
2025-03-29 01:00:00.000,01:00,21.619999999878928
2025-03-29 02:00:00.000,02:00,21.179999999958092
2025-03-29 03:00:00.000,03:00,21.969999999995345
2025-03-29 04:00:00.000,04:00,29.64000000017695
2025-03-29 05:00:00.000,05:00,30.119999999855644
2025-03-29 06:00:00.000,06:00,32.180000000144354
2025-03-29 07:00:00.000,07:00,38.62999999984168
2025-03-29 08:00:00.000,08:00,35.5
2025-03-29 09:00:00.000,09:00,28.479999999981374
2025-03-29 10:00:00.000,10:00,26.739999999990687
2025-03-29 11:00:00.000,11:00,30.880000000121072
2025-03-29 12:00:00.000,12:00,26.479999999981374
2025-03-29 13:00:00.000,13:00,22.99999999990687
2025-03-29 14:00:00.000,14:00,27.710000000149012
2025-03-29 15:00:00.000,15:00,27.44000000001397
2025-03-29 16:00:00.000,16:00,25.319999999925493
2025-03-29 17:00:00.000,17:00,22.839999999990688
2025-03-29 18:00:00.000,18:00,22.819999999925493
2025-03-29 19:00:00.000,19:00,22.140000000130385
2025-03-29 20:00:00.000,20:00,23.68999999994412
2025-03-29 21:00:00.000,21:00,22.789999999967403
2025-03-29 22:00:00.000,22:00,21.710000000032597
2025-03-29 23:00:00.000,23:00,22.380000000004657
2025-03-30 00:00:00.000,00:00,20.55999999991618
2025-03-30 00:00:00.000,00:00,20.790000000037253
2025-03-30 03:00:00.000,03:00,20.800000000046566
2025-03-30 04:00:00.000,04:00,21.600000000093132
2025-03-30 05:00:00.000,05:00,22.93999999999069
2025-03-30 06:00:00.000,06:00,23.519999999878927
2025-03-30 07:00:00.000,07:00,29.971818181855436
2025-03-30 08:00:00.000,08:00,27.738181818200445
2025-03-30 09:00:00.000,09:00,25.620000000018628
2025-03-30 10:00:00.000,10:00,23.039999999990687
2025-03-30 11:00:00.000,11:00,22.779999999934805
2025-03-30 12:00:00.000,12:00,22.42000000001863
2025-03-30 13:00:00.000,13:00,22.1644444444372
2025-03-30 14:00:00.000,14:00,21.77555555560005
2025-03-30 15:00:00.000,15:00,22.610000000009315
2025-03-30 16:00:00.000,16:00,22.379999999911526
2025-03-30 17:00:00.000,17:00,22.489999999967402
2025-03-30 18:00:00.000,18:00,23.270000000088476
2025-03-30 19:00:00.000,19:00,21.539999999990687
2025-03-30 20:00:00.000,20:00,21.960000000009313
2025-03-30 21:00:00.000,21:00,21.849999999953432
2025-03-30 22:00:00.000,22:00,21.830000000004656
2025-03-30 23:00:00.000,23:00,21.9500000001397
2025-03-31 00:00:00.000,00:00,20.15
2025-03-31 01:00:00.000,01:00,20.349999999813736
2025-03-31 02:00:00.000,02:00,20.75000000004657
2025-03-31 03:00:00.000,03:00,22.010000000079163
2025-03-31 04:00:00.000,04:00,41.430000000004654
2025-03-31 05:00:00.000,05:00,45.7
2025-03-31 06:00:00.000,06:00,43.95
2025-03-31 07:00:00.000,07:00,57.460000000009316
2025-03-31 08:00:00.000,08:00,57.880000000027934
2025-03-31 09:00:00.000,09:00,57.93999999994412
2025-03-31 10:00:00.000,10:00,45.260000000055875
2025-03-31 11:00:00.000,11:00,42.39999999995344
2025-03-31 12:00:00.000,12:00,36.81999999987893
2025-03-31 13:00:00.000,13:00,28.910000000055877
2025-03-31 14:00:00.000,14:00,28.360000000009315
2025-03-31 15:00:00.000,15:00,28.319999999995343
2025-03-31 16:00:00.000,16:00,30.010000000079163
2025-03-31 17:00:00.000,17:00,28.389999999990685
2025-03-31 18:00:00.000,18:00,24.309999999916183
2025-03-31 19:00:00.000,19:00,21.26000000012573
2025-03-31 20:00:00.000,20:00,20.529999999841674
2025-03-31 21:00:00.000,21:00,20.08000000009779
2025-03-31 22:00:00.000,22:00,19.6399999999674
2025-03-31 23:00:00.000,23:00,20.52749999993248
2025-04-01 00:00:00.000,00:00,18.4325000001234
2025-04-01 01:00:00.000,01:00,19.089999999874273
2025-04-01 02:00:00.000,02:00,19.030000000004655
2025-04-01 03:00:00.000,03:00,19.95999999998603
2025-04-01 04:00:00.000,04:00,26.31000000012573
2025-04-01 05:00:00.000,05:00,27.6099999998929
2025-04-01 06:00:00.000,06:00,30.2
2025-04-01 07:00:00.000,07:00,47.43000000002794
2025-04-01 08:00:00.000,08:00,42
2025-04-01 09:00:00.000,09:00,40.39999999995344
2025-04-01 10:00:00.000,10:00,39.08000000012107
2025-04-01 11:00:00.000,11:00,36.65999999996275
2025-04-01 12:00:00.000,12:00,29.58727272726934
2025-04-01 13:00:00.000,13:00,27.128282828305878
2025-04-01 14:00:00.000,14:00,29.664444444406154
2025-04-01 15:00:00.000,15:00,31.279999999981374
2025-04-01 16:00:00.000,16:00,31.400000000093133
2025-04-01 17:00:00.000,17:00,28.09000000001397
2025-04-01 18:00:00.000,18:00,27.909999999939465
2025-04-01 19:00:00.000,19:00,22.980000000004654
2025-04-01 20:00:00.000,20:00,20.330000000074506
2025-04-01 21:00:00.000,21:00,19.46999999997206
2025-04-01 22:00:00.000,22:00,21.039999999944122
2025-04-01 23:00:00.000,23:00,21.130000000091968
2025-04-02 00:00:00.000,00:00,19.109999999875434
2025-04-02 01:00:00.000,01:00,20.100000000069848
2025-04-02 02:00:00.000,02:00,20.38999999992084
2025-04-02 03:00:00.000,03:00,20.65999999996275
2025-04-02 04:00:00.000,04:00,28.15000000016298
2025-04-02 05:00:00.000,05:00,27.53000000000466
2025-04-02 06:00:00.000,06:00,31.680000000004654
2025-04-02 07:00:00.000,07:00,46.2390909090617
2025-04-02 08:00:00.000,08:00,39.430909090933646
2025-04-02 09:00:00.000,09:00,38.85999999991618
2025-04-02 10:00:00.000,10:00,34.359999999916184
2025-04-02 11:00:00.000,11:00,32.760000000149006
2025-04-02 12:00:00.000,12:00,31.099999999953432
2025-04-02 13:00:00.000,13:00,27.989999999920837
2025-04-02 14:00:00.000,14:00,32.15000000004657
2025-04-02 15:00:00.000,15:00,35.440000000013974
2025-04-02 16:00:00.000,16:00,33.2200000000652
2025-04-02 17:00:00.000,17:00,33.5
2025-04-02 18:00:00.000,18:00,29.789999999967403
2025-04-02 19:00:00.000,19:00,25.04999999993015
2025-04-02 20:00:00.000,20:00,28.27000000004191
2025-04-02 21:00:00.000,21:00,26.639999999944123
2025-04-02 22:00:00.000,22:00,25.070000000065193
2025-04-02 23:00:00.000,23:00,24.159999999892896
2025-04-03 00:00:00.000,00:00,22.240000000083818
2025-04-03 01:00:00.000,01:00,19.540000000013972
2025-04-03 02:00:00.000,02:00,19.649999999953433
2025-04-03 03:00:00.000,03:00,19.3100000000326
2025-04-03 04:00:00.000,04:00,26.020000000018626
2025-04-03 05:00:00.000,05:00,24.159999999939465
2025-04-03 06:00:00.000,06:00,29.160000000125727
2025-04-03 07:00:00.000,07:00,36.189999999874274
2025-04-03 08:00:00.000,08:00,36.55000000011642
2025-04-03 09:00:00.000,09:00,35.019999999878934
2025-04-03 10:00:00.000,10:00,42.980000000074504
2025-04-03 11:00:00.000,11:00,40.139999999897555
2025-04-03 12:00:00.000,12:00,27.380000000074507
2025-04-03 13:00:00.000,13:00,26.278181818250395
2025-04-03 14:00:00.000,14:00,32.101818181777546
2025-04-03 15:00:00.000,15:00,28.720000000018626
2025-04-03 16:00:00.000,16:00,22.979999999911524
2025-04-03 17:00:00.000,17:00,21.230000000144354
2025-04-03 18:00:00.000,18:00,25.509999999846332
2025-04-03 19:00:00.000,19:00,20.410000000009312
2025-04-03 20:00:00.000,20:00,20.110000000102445
2025-04-03 21:00:00.000,21:00,19.429999999934807
2025-04-03 22:00:00.000,22:00,19.600000000093132
2025-04-03 23:00:00.000,23:00,19.152499999990688
2025-04-04 00:00:00.000,00:00,18.32749999985099
2025-04-04 01:00:00.000,01:00,17.720000000158326
2025-04-04 02:00:00.000,02:00,18.569999999878927
2025-04-04 03:00:00.000,03:00,18.489999999990687
2025-04-04 04:00:00.000,04:00,20.44000000001397
2025-04-04 05:00:00.000,05:00,21.219999999948776
2025-04-04 06:00:00.000,06:00,25.03666666671375
2025-04-04 07:00:00.000,07:00,29.924242424360017
2025-04-04 08:00:00.000,08:00,30.66909090907059
2025-04-04 09:00:00.000,09:00,31.84000000003725
2025-04-04 10:00:00.000,10:00,31.479999999888243
2025-04-04 11:00:00.000,11:00,27.4
2025-04-04 12:00:00.000,12:00,26.080000000074506
2025-04-04 13:00:00.000,13:00,22.93090909077278
2025-04-04 14:00:00.000,14:00,20.45909090907821
2025-04-04 15:00:00.000,15:00,20.330000000074506
2025-04-04 16:00:00.000,16:00,19.690000000037255
2025-04-04 17:00:00.000,17:00,18.55999999998603
2025-04-04 18:00:00.000,18:00,18.309999999962745
2025-04-04 19:00:00.000,19:00,18.280000000051224
2025-04-04 20:00:00.000,20:00,18.94999999993015
2025-04-04 21:00:00.000,21:00,16.90000000006985
2025-04-04 22:00:00.000,22:00,19.240000000060533
2025-04-04 23:00:00.000,23:00,19.49000000001397
2025-04-05 00:00:00.000,00:00,17.10999999991618
2025-04-05 01:00:00.000,01:00,17.5
2025-04-05 02:00:00.000,02:00,17.529999999981374
2025-04-05 03:00:00.000,03:00,17.960000000009313
2025-04-05 04:00:00.000,04:00,18.969999999995345
2025-04-05 05:00:00.000,05:00,20.199999999953437
2025-04-05 06:00:00.000,06:00,23.55999999996275
2025-04-05 07:00:00.000,07:00,24.660000000079165
2025-04-05 08:00:00.000,08:00,23.67000000006519
2025-04-05 09:00:00.000,09:00,25.77999999988824
2025-04-05 10:00:00.000,10:00,25.9
2025-04-05 11:00:00.000,11:00,22.020000000018626
2025-04-05 12:00:00.000,12:00,21.71999999997206
2025-04-05 13:00:00.000,13:00,20.042222222287414
2025-04-05 14:00:00.000,14:00,19.217777777698615
2025-04-05 15:00:00.000,15:00,17.65
2025-04-05 16:00:00.000,16:00,16.960000000125728
2025-04-05 17:00:00.000,17:00,15.96999999997206
2025-04-05 18:00:00.000,18:00,15.169999999995344
2025-04-05 19:00:00.000,19:00,18.24999999990687
2025-04-05 20:00:00.000,20:00,17.22000000006519
2025-04-05 21:00:00.000,21:00,19.210000000032597
2025-04-05 22:00:00.000,22:00,18.6399999999674
2025-04-05 23:00:00.000,23:00,19.189999999967405
2025-04-06 00:00:00.000,00:00,17.120000000135043
2025-04-06 01:00:00.000,01:00,17.66999999994878
2025-04-06 02:00:00.000,02:00,17.619999999878928
2025-04-06 03:00:00.000,03:00,17.59000000008382
2025-04-06 04:00:00.000,04:00,17.800000000046566
2025-04-06 05:00:00.000,05:00,19.469999999995345
2025-04-06 06:00:00.000,06:00,18.90999999991618
2025-04-06 07:00:00.000,07:00,18.620000000088478
2025-04-06 08:00:00.000,08:00,20.11999999997206
2025-04-06 09:00:00.000,09:00,17.679999999888242
2025-04-06 10:00:00.000,10:00,17.62000000011176
2025-04-06 11:00:00.000,11:00,18.039999999990687
2025-04-06 12:00:00.000,12:00,17.5
2025-04-06 13:00:00.000,13:00,15.884444444342
2025-04-06 14:00:00.000,14:00,15.805555555555555
2025-04-06 15:00:00.000,15:00,15.410000000055879
2025-04-06 16:00:00.000,16:00,14.720000000065193
2025-04-06 17:00:00.000,17:00,14.459999999892897
2025-04-06 18:00:00.000,18:00,14.640000000130385
2025-04-06 19:00:00.000,19:00,15.019999999995344
2025-04-06 20:00:00.000,20:00,18.169999999925494
2025-04-06 21:00:00.000,21:00,17.760000000009313
2025-04-06 22:00:00.000,22:00,18.210000000032597
2025-04-06 23:00:00.000,23:00,19.260000000032598
2025-04-07 00:00:00.000,00:00,17.399999999953433
2025-04-07 01:00:00.000,01:00,18.189999999967405
2025-04-07 02:00:00.000,02:00,18.10000000006985
2025-04-07 03:00:00.000,03:00,18.359999999916184
2025-04-07 04:00:00.000,04:00,27.430000000004657
2025-04-07 05:00:00.000,05:00,31.450000000093134
2025-04-07 06:00:00.000,06:00,35.62000000004191
2025-04-07 07:00:00.000,07:00,35.1136363635517
2025-04-07 08:00:00.000,08:00,39.13636363626203
2025-04-07 09:00:00.000,09:00,33.50000000018626
2025-04-07 10:00:00.000,10:00,30.63999999994412
2025-04-07 11:00:00.000,11:00,31.48000000002794
2025-04-07 12:00:00.000,12:00,24.060000000009314
2025-04-07 13:00:00.000,13:00,21.620000000018628
2025-04-07 14:00:00.000,14:00,22.245454545454546
2025-04-07 15:00:00.000,15:00,22.254545454545454
2025-04-07 16:00:00.000,16:00,22.11999999997206
2025-04-07 17:00:00.000,17:00,19.989999999920837
2025-04-07 18:00:00.000,18:00,17.280000000051224
2025-04-07 19:00:00.000,19:00,16.709999999869616
2025-04-07 20:00:00.000,20:00,18.580000000144352
2025-04-07 21:00:00.000,21:00,18.889999999897555
2025-04-07 22:00:00.000,22:00,18.770000000018626
2025-04-07 23:00:00.000,23:00,19.95999999998603
2025-04-08 00:00:00.000,00:00,17.02000000004191
2025-04-08 01:00:00.000,01:00,17.379999999911526
2025-04-08 02:00:00.000,02:00,16.92000000013504
2025-04-08 03:00:00.000,03:00,17.649999999953433
2025-04-08 04:00:00.000,04:00,27.109999999962746
2025-04-08 05:00:00.000,05:00,30.710000000032597
2025-04-08 06:00:00.000,06:00,32.10000000004656
2025-04-08 07:00:00.000,07:00,40.86999999987893
2025-04-08 08:00:00.000,08:00,37.4
2025-04-08 09:00:00.000,09:00,31.980000000027943
2025-04-08 10:00:00.000,10:00,32.24000000013039
2025-04-08 11:00:00.000,11:00,31.020000000018626
2025-04-08 12:00:00.000,12:00,29.539999999897553
2025-04-08 13:00:00.000,13:00,27.450000000023284
2025-04-08 14:00:00.000,14:00,25.59000000001397
2025-04-08 15:00:00.000,15:00,23.389999999990685
2025-04-08 16:00:00.000,16:00,21.83999999994412
2025-04-08 17:00:00.000,17:00,18.69000000003725
2025-04-08 18:00:00.000,18:00,19.199999999953434
2025-04-08 19:00:00.000,19:00,17.87000000011176
2025-04-08 20:00:00.000,20:00,17.899999999906868
2025-04-08 21:00:00.000,21:00,18.53000000002794
2025-04-08 22:00:00.000,22:00,17.899999999906868
2025-04-08 23:00:00.000,23:00,18.600000000186263
2025-04-09 00:00:00.000,00:00,16.929999999958092
2025-04-09 01:00:00.000,01:00,17.089999999874273
2025-04-09 02:00:00.000,02:00,17.09000000008382
2025-04-09 03:00:00.000,03:00,17.27000000004191
2025-04-09 04:00:00.000,04:00,28.099999999953432
2025-04-09 05:00:00.000,05:00,31.369999999995343
2025-04-09 06:00:00.000,06:00,34.40000000009313
2025-04-09 07:00:00.000,07:00,37.20454545439729
2025-04-09 08:00:00.000,08:00,36.14545454541644
2025-04-09 09:00:00.000,09:00,32.200000000093134
2025-04-09 10:00:00.000,10:00,31.88000000002794
2025-04-09 11:00:00.000,11:00,29.95999999991618
2025-04-09 12:00:00.000,12:00,23.94000000003725
2025-04-09 13:00:00.000,13:00,24.780000000074505
2025-04-09 14:00:00.000,14:00,24.449999999883588
2025-04-09 15:00:00.000,15:00,25.590000000060535
2025-04-09 16:00:00.000,16:00,24.430000000051223
2025-04-09 17:00:00.000,17:00,22.289999999967403
2025-04-09 18:00:00.000,18:00,18.279999999888243
2025-04-09 19:00:00.000,19:00,17.590000000013973
2025-04-09 20:00:00.000,20:00,18.250000000139696
2025-04-09 21:00:00.000,21:00,18.289999999967407
2025-04-09 22:00:00.000,22:00,17.739999999990687
2025-04-09 23:00:00.000,23:00,18.129999999981372
2025-04-10 00:00:00.000,00:00,16.399999999953433
2025-04-10 01:00:00.000,01:00,16.430000000121073
2025-04-10 02:00:00.000,02:00,16.480000000004658
2025-04-10 03:00:00.000,03:00,16.809999999846333
2025-04-10 04:00:00.000,04:00,18.170000000158325
2025-04-10 05:00:00.000,05:00,19.679999999958092
2025-04-10 06:00:00.000,06:00,27.319999999878927
2025-04-10 07:00:00.000,07:00,29.55000000002328
2025-04-10 08:00:00.000,08:00,31.22000000011176
2025-04-10 09:00:00.000,09:00,31.460000000009313
2025-04-10 10:00:00.000,10:00,29.69999999990687
2025-04-10 11:00:00.000,11:00,30.760000000009313
2025-04-10 12:00:00.000,12:00,25.55999999996275
2025-04-10 13:00:00.000,13:00,22.480000000074504
2025-04-10 14:00:00.000,14:00,23.339999999967404
2025-04-10 15:00:00.000,15:00,23.47000000004191
2025-04-10 16:00:00.000,16:00,23.429999999934807
2025-04-10 17:00:00.000,17:00,20.28000000005122
2025-04-10 18:00:00.000,18:00,18.52999999995809
2025-04-10 19:00:00.000,19:00,16.66000000007916
2025-04-10 20:00:00.000,20:00,17.669999999995344
2025-04-10 21:00:00.000,21:00,18.669999999925494
2025-04-10 22:00:00.000,22:00,17.06000000005588
2025-04-10 23:00:00.000,23:00,18.36999999997206
2025-04-11 00:00:00.000,00:00,16.510000000032598
2025-04-11 01:00:00.000,01:00,17.099999999883586
2025-04-11 02:00:00.000,02:00,16.82000000004191
2025-04-11 03:00:00.000,03:00,17.16999999994878
2025-04-11 04:00:00.000,04:00,18.49000000001397
2025-04-11 05:00:00.000,05:00,21.680000000167638
2025-04-11 06:00:00.000,06:00,25.839999999874273
2025-04-11 07:00:00.000,07:00,28.669999999972063
2025-04-11 08:00:00.000,08:00,30.540000000037253
2025-04-11 09:00:00.000,09:00,29.420000000111756
2025-04-11 10:00:00.000,10:00,28.23999999985099
2025-04-11 11:00:00.000,11:00,25.78000000012107
2025-04-11 12:00:00.000,12:00,23.180000000027942
2025-04-11 13:00:00.000,13:00,20.30545454532416
2025-04-11 14:00:00.000,14:00,21.24454545462927
2025-04-11 15:00:00.000,15:00,21.299999999883585
2025-04-11 16:00:00.000,16:00,22.1900000001071
2025-04-11 17:00:00.000,17:00,19.319999999925496
2025-04-11 18:00:00.000,18:00,17.08000000009779
2025-04-11 19:00:00.000,19:00,16.559999999869614
2025-04-11 20:00:00.000,20:00,22.2500000001397
2025-04-11 21:00:00.000,21:00,22.289999999967403
2025-04-11 22:00:00.000,22:00,22.089999999990688
2025-04-11 23:00:00.000,23:00,22.10499999996973
2025-04-12 00:00:00.000,00:00,20.64499999996042
2025-04-12 01:00:00.000,01:00,18.980000000144354
2025-04-12 02:00:00.000,02:00,17.399999999906868
2025-04-12 03:00:00.000,03:00,17.040000000037253
2025-04-12 04:00:00.000,04:00,18.200000000046565
2025-04-12 05:00:00.000,05:00,19.459999999916178
2025-04-12 06:00:00.000,06:00,20.74444444452723
2025-04-12 07:00:00.000,07:00,19.099999999937914
2025-04-12 08:00:00.000,08:00,18.755555555496052
2025-04-12 09:00:00.000,09:00,18.799999999968954
2025-04-12 10:00:00.000,10:00,19.22000000013504
2025-04-12 11:00:00.000,11:00,18.87499999993015
2025-04-12 12:00:00.000,12:00,23.59700000004377
2025-04-12 13:00:00.000,13:00,19.150857142851287
2025-04-12 14:00:00.000,14:00,18.45329670317389
2025-04-12 15:00:00.000,15:00,19.019846153857472
2025-04-12 16:00:00.000,16:00,18.57150000007823
2025-04-12 17:00:00.000,17:00,19.90224358974956
2025-04-12 18:00:00.000,18:00,19.89110747412679
2025-04-12 19:00:00.000,19:00,19.54597820450946
2025-04-12 20:00:00.000,20:00,20.338170731535023
2025-04-12 21:00:00.000,21:00,20.743000000161118
2025-04-12 22:00:00.000,22:00,20.05353846146367
2025-04-12 23:00:00.000,23:00,20.674825174834943
2025-04-13 00:00:00.000,00:00,19.366666666662432
2025-04-13 01:00:00.000,01:00,18.95946969689006
2025-04-13 02:00:00.000,02:00,19.292338709679765
2025-04-13 03:00:00.000,03:00,19.029536290452654
2025-04-13 04:00:00.000,04:00,19.50481418907588
2025-04-13 05:00:00.000,05:00,20.21081081081207
2025-04-13 06:00:00.000,06:00,20.4186046512765
2025-04-13 07:00:00.000,07:00,9.0813953487235
2025-04-13 08:00:00.000,08:00,0
2025-04-13 09:00:00.000,09:00,0
2025-04-13 10:00:00.000,10:00,0
2025-04-13 11:00:00.000,11:00,0
2025-04-13 12:00:00.000,12:00,0
2025-04-13 13:00:00.000,13:00,0
2025-04-13 14:00:00.000,14:00,0
2025-04-13 15:00:00.000,15:00,0
2025-04-13 16:00:00.000,16:00,0
2025-04-13 17:00:00.000,17:00,0
2025-04-13 18:00:00.000,18:00,204.2222222222481
2025-04-13 19:00:00.000,19:00,17.277777777891608
2025-04-13 20:00:00.000,20:00,18
2025-04-13 21:00:00.000,21:00,19.43999999994412
2025-04-13 22:00:00.000,22:00,18.799999999883582
2025-04-13 23:00:00.000,23:00,19.560000000079164
2025-04-14 00:00:00.000,00:00,18.09230769221456
2025-04-14 01:00:00.000,01:00,17.739731142707058
2025-04-14 02:00:00.000,02:00,17.88349514573957
2025-04-14 03:00:00.000,03:00,22.715293087101113
2025-04-14 04:00:00.000,04:00,23.458646616541348
2025-04-14 05:00:00.000,05:00,27.17870813397129
2025-04-14 06:00:00.000,06:00,29.18181818181819
2025-04-14 07:00:00.000,07:00,30.323103448244392
2025-04-14 08:00:00.000,08:00,30.57931034478905
2025-04-14 09:00:00.000,09:00,29.232093249111212
2025-04-14 10:00:00.000,10:00,27.211267605594447
2025-04-14 11:00:00.000,11:00,27.183972187517668
2025-04-14 12:00:00.000,12:00,26.39240506329114
2025-04-14 13:00:00.000,13:00,26.39240506329114
2025-04-14 14:00:00.000,14:00,25.287294889833433
2025-04-14 15:00:00.000,15:00,23.62962962964687
2025-04-14 16:00:00.000,16:00,23.62962962964687
2025-04-14 17:00:00.000,17:00,21.167460317455514
2025-04-14 18:00:00.000,18:00,20.11224489794493
2025-04-14 19:00:00.000,19:00,20.11224489794493
2025-04-14 20:00:00.000,20:00,19.44855167874095
2025-04-14 21:00:00.000,21:00,18.580645161320366
2025-04-14 22:00:00.000,22:00,18.580645161320366
2025-04-14 23:00:00.000,23:00,18.26817785528459
2025-04-15 00:00:00.000,00:00,17.643243243213043
2025-04-15 01:00:00.000,01:00,17.643243243213043
2025-04-15 02:00:00.000,02:00,18.190178911292858
2025-04-15 03:00:00.000,03:00,19.83098591553231
2025-04-15 04:00:00.000,04:00,19.83098591553231
2025-04-15 05:00:00.000,05:00,19.83098591553231
2025-04-15 06:00:00.000,06:00,24.683506300988345
2025-04-15 07:00:00.000,07:00,26.763157894755214
2025-04-15 08:00:00.000,08:00,27.604518371403792
2025-04-15 09:00:00.000,09:00,31.811320754646697
2025-04-15 10:00:00.000,10:00,31.811320754646697
2025-04-15 11:00:00.000,11:00,30.298344038504766
2025-04-15 12:00:00.000,12:00,28.882978723404253
2025-04-15 13:00:00.000,13:00,28.882978723404253
2025-04-15 14:00:00.000,14:00,27.910675163282217
2025-04-15 15:00:00.000,15:00,26.346534653520674
2025-04-15 16:00:00.000,16:00,26.346534653520674
2025-04-15 17:00:00.000,17:00,26.245224785690194
2025-04-15 18:00:00.000,18:00,20.26794258369196
2025-04-15 19:00:00.000,19:00,20.26794258369196
2025-04-15 20:00:00.000,20:00,20.26794258369196
2025-04-15 21:00:00.000,21:00,23.33222765316026
2025-04-15 22:00:00.000,22:00,26.01347708894502
2025-04-15 23:00:00.000,23:00,26.01347708894502
2025-04-16 00:00:00.000,00:00,26.01347708894502
2025-04-16 01:00:00.000,01:00,26.01347708894502
2025-04-16 02:00:00.000,02:00,26.01347708894502
2025-04-16 03:00:00.000,03:00,26.01347708894502
2025-04-16 04:00:00.000,04:00,26.01347708894502
2025-04-16 05:00:00.000,05:00,26.01347708894502
2025-04-16 06:00:00.000,06:00,26.01347708894502
2025-04-16 07:00:00.000,07:00,26.01347708894502
2025-04-16 08:00:00.000,08:00,26.01347708894502
2025-04-16 09:00:00.000,09:00,28.177897574120852
2025-04-16 10:00:00.000,10:00,34.4
2025-04-16 11:00:00.000,11:00,31.23000000009779
2025-04-16 12:00:00.000,12:00,30.080000000074506
2025-04-16 13:00:00.000,13:00,26.71999999997206
2025-04-16 14:00:00.000,14:00,28.889999999897555
2025-04-16 15:00:00.000,15:00,30.160000000032596
2025-04-16 16:00:00.000,16:00,29.539999999944122
2025-04-16 17:00:00.000,17:00,26.000000000046565
2025-04-16 18:00:00.000,18:00,23.200000000046565
2025-04-16 19:00:00.000,19:00,20.7
2025-04-16 20:00:00.000,20:00,19.659999999962746
2025-04-16 21:00:00.000,21:00,20.44000000008382
2025-04-16 22:00:00.000,22:00,20.07999999988824
2025-04-16 23:00:00.000,23:00,20.537499999965075
2025-04-17 00:00:00.000,00:00,19.132500000076835
2025-04-17 01:00:00.000,01:00,19.429999999911526
2025-04-17 02:00:00.000,02:00,18.91000000012573
2025-04-17 03:00:00.000,03:00,19.76000000005588
2025-04-17 04:00:00.000,04:00,28.9
2025-04-17 05:00:00.000,05:00,29.879999999911526
2025-04-17 06:00:00.000,06:00,31.409999999962746
2025-04-17 07:00:00.000,07:00,44.580000000074506
2025-04-17 08:00:00.000,08:00,33.739999999897556
2025-04-17 09:00:00.000,09:00,40.90000000009313
2025-04-17 10:00:00.000,10:00,29.839999999990688
2025-04-17 11:00:00.000,11:00,32.25999999991618
2025-04-17 12:00:00.000,12:00,30.390000000060535
2025-04-17 13:00:00.000,13:00,30.669999999925494
2025-04-17 14:00:00.000,14:00,30.700000000116415
2025-04-17 15:00:00.000,15:00,27.760000000009313
2025-04-17 16:00:00.000,16:00,26.369999999902213
2025-04-17 17:00:00.000,17:00,22.65
2025-04-17 18:00:00.000,18:00,20.389999999990685
2025-04-17 19:00:00.000,19:00,18.630000000121072
2025-04-17 20:00:00.000,20:00,19.069999999902212
2025-04-17 21:00:00.000,21:00,20.130000000051222
2025-04-17 22:00:00.000,22:00,19.44000000001397
2025-04-17 23:00:00.000,23:00,19.820000000018627
2025-04-18 00:00:00.000,00:00,18.689999999990686
2025-04-18 01:00:00.000,01:00,18.019999999995346
2025-04-18 02:00:00.000,02:00,18.66999999997206
2025-04-18 03:00:00.000,03:00,18.90999999991618
2025-04-18 04:00:00.000,04:00,26.940000000153667
2025-04-18 05:00:00.000,05:00,26.519999999925496
2025-04-18 06:00:00.000,06:00,33.45999999991618
2025-04-18 07:00:00.000,07:00,40.33000000012107
2025-04-18 08:00:00.000,08:00,31.43999999994412
2025-04-18 09:00:00.000,09:00,31.739999999944118
2025-04-18 10:00:00.000,10:00,26.820000000111758
2025-04-18 11:00:00.000,11:00,25.999999999906866
2025-04-18 12:00:00.000,12:00,24.660000000102446
2025-04-18 13:00:00.000,13:00,25.919999999925494
2025-04-18 14:00:00.000,14:00,23.450000000093134
2025-04-18 15:00:00.000,15:00,22.83999999992084
2025-04-18 16:00:00.000,16:00,22.849999999953432
2025-04-18 17:00:00.000,17:00,18.390000000060535
2025-04-18 18:00:00.000,18:00,20.379999999981376
2025-04-18 19:00:00.000,19:00,19.72000000011176
2025-04-18 20:00:00.000,20:00,21.649999999813737
2025-04-18 21:00:00.000,21:00,23.22000000006519
2025-04-18 22:00:00.000,22:00,21.639999999967404
2025-04-18 23:00:00.000,23:00,23.240000000107102
2025-04-19 00:00:00.000,00:00,21.32999999995809
2025-04-19 01:00:00.000,01:00,20.05
2025-04-19 02:00:00.000,02:00,17.61000000007916
2025-04-19 03:00:00.000,03:00,17.609999999869615
2025-04-19 04:00:00.000,04:00,18.77000000004191
2025-04-19 05:00:00.000,05:00,20.359999999916184
2025-04-19 06:00:00.000,06:00,21.26000000005588
2025-04-19 07:00:00.000,07:00,20.630000000097787
2025-04-19 08:00:00.000,08:00,20.85999999991618
2025-04-19 09:00:00.000,09:00,21.920000000018625
2025-04-19 10:00:00.000,10:00,24.360000000009315
2025-04-19 11:00:00.000,11:00,28.039999999944122
2025-04-19 12:00:00.000,12:00,27.120000000065193
2025-04-19 13:00:00.000,13:00,25.77999999993481
2025-04-19 14:00:00.000,14:00,22.580000000097787
2025-04-19 15:00:00.000,15:00,25.079999999981375
2025-04-19 16:00:00.000,16:00,23.59999999993015
2025-04-19 17:00:00.000,17:00,22.450000000023284
2025-04-19 18:00:00.000,18:00,21.910000000009312
2025-04-19 19:00:00.000,19:00,20.73999999994412
2025-04-19 20:00:00.000,20:00,19.31000000012573
2025-04-19 21:00:00.000,21:00,19.729999999981374
2025-04-19 22:00:00.000,22:00,19.699999999953434
2025-04-19 23:00:00.000,23:00,19.50000000009313
2025-04-20 00:00:00.000,00:00,17.7
2025-04-20 01:00:00.000,01:00,18.5
2025-04-20 02:00:00.000,02:00,18.0999999998603
2025-04-20 03:00:00.000,03:00,18.649999999953437
2025-04-20 04:00:00.000,04:00,18.340000000060535
2025-04-20 05:00:00.000,05:00,20.370000000111762
2025-04-20 06:00:00.000,06:00,20.599999999976717
2025-04-20 07:00:00.000,07:00,23.6999999998603
2025-04-20 08:00:00.000,08:00,24.060000000149014
2025-04-20 09:00:00.000,09:00,27.75999999991618
2025-04-20 10:00:00.000,10:00,27.34000000008382
2025-04-20 11:00:00.000,11:00,27.359999999869615
2025-04-20 12:00:00.000,12:00,26.201818181828344
2025-04-20 13:00:00.000,13:00,26.94818181817166
2025-04-20 14:00:00.000,14:00,27.070000000065193
2025-04-20 15:00:00.000,15:00,24.540000000037253
2025-04-20 16:00:00.000,16:00,24.27999999995809
2025-04-20 17:00:00.000,17:00,20.11000000005588
2025-04-20 18:00:00.000,18:00,19.549999999953435
2025-04-20 19:00:00.000,19:00,20.450000000046565
2025-04-20 20:00:00.000,20:00,20.44999999993015
2025-04-20 21:00:00.000,21:00,20.710000000032597
2025-04-20 22:00:00.000,22:00,20.46999999997206
2025-04-20 23:00:00.000,23:00,20.77750000002561
2025-04-21 00:00:00.000,00:00,19.282499999937137
2025-04-21 01:00:00.000,01:00,19.560000000102445
2025-04-21 02:00:00.000,02:00,19.5
2025-04-21 03:00:00.000,03:00,20.109999999939465
2025-04-21 04:00:00.000,04:00,31.680000000097788
2025-04-21 05:00:00.000,05:00,25.85999999991618
2025-04-21 06:00:00.000,06:00,29.499999999953435
2025-04-21 07:00:00.000,07:00,39.21545454556419
2025-04-21 08:00:00.000,08:00,31.734545454459095
2025-04-21 09:00:00.000,09:00,31.800000000046566
2025-04-21 10:00:00.000,10:00,33.43999999999069
2025-04-21 11:00:00.000,11:00,30.579999999981375
2025-04-21 12:00:00.000,12:00,27.620000000018628
2025-04-21 13:00:00.000,13:00,23.44000000001397
2025-04-21 14:00:00.000,14:00,24.809999999939464
2025-04-21 15:00:00.000,15:00,26.53000000002794
2025-04-21 16:00:00.000,16:00,24.390000000060535
2025-04-21 17:00:00.000,17:00,24.8099999998929
2025-04-21 18:00:00.000,18:00,24.180000000074504
2025-04-21 19:00:00.000,19:00,21.810000000009314
2025-04-21 20:00:00.000,20:00,19.74999999993015
2025-04-21 21:00:00.000,21:00,20.5
2025-04-21 22:00:00.000,22:00,19.570000000065193
2025-04-21 23:00:00.000,23:00,20.589999999874273
2025-04-22 00:00:00.000,00:00,18.56000000012573
2025-04-22 01:00:00.000,01:00,18.530000000004655
2025-04-22 02:00:00.000,02:00,19.089999999874273
2025-04-22 03:00:00.000,03:00,19.26000000005588
2025-04-22 04:00:00.000,04:00,21.989999999990687
2025-04-22 05:00:00.000,05:00,23.039999999990687
2025-04-22 06:00:00.000,06:00,27.496666666723062
2025-04-22 07:00:00.000,07:00,31.89333333338404
2025-04-22 08:00:00.000,08:00,31.9999999998603
2025-04-22 09:00:00.000,09:00,37.52000000015832
2025-04-22 10:00:00.000,10:00,43.67999999984167
2025-04-22 11:00:00.000,11:00,36.56000000005588
2025-04-22 12:00:00.000,12:00,32.54000000008382
2025-04-22 13:00:00.000,13:00,29.803636363559317
2025-04-22 14:00:00.000,14:00,28.766363636436022
2025-04-22 15:00:00.000,15:00,25.979999999911524
2025-04-22 16:00:00.000,16:00,28.680000000004657
2025-04-22 17:00:00.000,17:00,28.42000000001863
2025-04-22 18:00:00.000,18:00,22.930000000051223
2025-04-22 19:00:00.000,19:00,19.97999999995809
2025-04-22 20:00:00.000,20:00,20.130000000051222
2025-04-22 21:00:00.000,21:00,20.860000000032596
2025-04-22 22:00:00.000,22:00,20.899999999906868
2025-04-22 23:00:00.000,23:00,21.38999999992084
2025-04-23 00:00:00.000,00:00,19.460000000055878
2025-04-23 01:00:00.000,01:00,20.310000000032595
2025-04-23 02:00:00.000,02:00,20.30000000004657
2025-04-23 03:00:00.000,03:00,20.159999999962746
2025-04-23 04:00:00.000,04:00,25.04000000008382
2025-04-23 05:00:00.000,05:00,25.199999999953434
2025-04-23 06:00:00.000,06:00,28.83000000000466
2025-04-23 07:00:00.000,07:00,34.460000000009316
2025-04-23 08:00:00.000,08:00,33.139999999850986
2025-04-23 09:00:00.000,09:00,44.18000000002794
2025-04-23 10:00:00.000,10:00,43.860000000009315
2025-04-23 11:00:00.000,11:00,36.56000000005588
2025-04-23 12:00:00.000,12:00,37.93636363631707
2025-04-23 13:00:00.000,13:00,29.723636363715524
2025-04-23 14:00:00.000,14:00,26.639999999874274
2025-04-23 15:00:00.000,15:00,24.240000000060537
2025-04-23 16:00:00.000,16:00,25.61999999997206
2025-04-23 17:00:00.000,17:00,25.680000000074507
2025-04-23 18:00:00.000,18:00,24.909999999939462
2025-04-23 19:00:00.000,19:00,22.4000000001397
2025-04-23 20:00:00.000,20:00,19.769999999855646
2025-04-23 21:00:00.000,21:00,20.230000000144354
2025-04-23 22:00:00.000,22:00,19.859999999869615
2025-04-23 23:00:00.000,23:00,20.89000000008382
2025-04-24 00:00:00.000,00:00,19.689999999990686
2025-04-24 01:00:00.000,01:00,19.379999999911526
2025-04-24 02:00:00.000,02:00,20.19999999997672
2025-04-24 03:00:00.000,03:00,20.42000000011176
2025-04-24 04:00:00.000,04:00,23.39000000001397
2025-04-24 05:00:00.000,05:00,23.5999999998603
2025-04-24 06:00:00.000,06:00,28.240000000130387
2025-04-24 07:00:00.000,07:00,33.91999999999535
2025-04-24 08:00:00.000,08:00,30.759999999962748
2025-04-24 09:00:00.000,09:00,36.83999999994412
2025-04-24 10:00:00.000,10:00,34.200000000046565
2025-04-24 11:00:00.000,11:00,30.579999999934806
2025-04-24 12:00:00.000,12:00,25.179999999981373
2025-04-24 13:00:00.000,13:00,24.560000000032595
2025-04-24 14:00:00.000,14:00,25.780000000121074
2025-04-24 15:00:00.000,15:00,25.169999999925494
2025-04-24 16:00:00.000,16:00,24.390000000060535
2025-04-24 17:00:00.000,17:00,23.18999999987427
2025-04-24 18:00:00.000,18:00,19.950000000046565
2025-04-24 19:00:00.000,19:00,19.83000000000466
2025-04-24 20:00:00.000,20:00,21.26000000005588
2025-04-24 21:00:00.000,21:00,22.019999999878927
2025-04-24 22:00:00.000,22:00,21.03000000002794
2025-04-24 23:00:00.000,23:00,19.42000000011176
2025-04-25 00:00:00.000,00:00,17.82727272713303
2025-04-25 01:00:00.000,01:00,18.76272727278781
2025-04-25 02:00:00.000,02:00,18.16999999994878
2025-04-25 03:00:00.000,03:00,19.480000000004658
2025-04-25 04:00:00.000,04:00,22.710000000172293
2025-04-25 05:00:00.000,05:00,25.93999999999069
2025-04-25 06:00:00.000,06:00,30.589999999920842
2025-04-25 07:00:00.000,07:00,35.499999999976716
2025-04-25 08:00:00.000,08:00,30.620000000018628
2025-04-25 09:00:00.000,09:00,30.81999999997206
2025-04-25 10:00:00.000,10:00,25.679999999981373
2025-04-25 11:00:00.000,11:00,25.5
2025-04-25 12:00:00.000,12:00,23.060000000009314
2025-04-25 13:00:00.000,13:00,22.65
2025-04-25 14:00:00.000,14:00,23.660000000009315
2025-04-25 15:00:00.000,15:00,20.910000000009312
2025-04-25 16:00:00.000,16:00,20.199999999953434
2025-04-25 17:00:00.000,17:00,18.220000000065195
2025-04-25 18:00:00.000,18:00,18.590000000013973
2025-04-25 19:00:00.000,19:00,15.860000000032596
2025-04-25 20:00:00.000,20:00,16.639999999967404
2025-04-25 21:00:00.000,21:00,17.959999999939463
2025-04-25 22:00:00.000,22:00,20.669999999995344
2025-04-25 23:00:00.000,23:00,21.880000000004657
2025-04-26 00:00:00.000,00:00,19.859999999962746
2025-04-26 01:00:00.000,01:00,20.220000000158326
2025-04-26 02:00:00.000,02:00,17.05
2025-04-26 03:00:00.000,03:00,17.07999999988824
2025-04-26 04:00:00.000,04:00,18.989999999990687
2025-04-26 05:00:00.000,05:00,20.119999999972062
2025-04-26 06:00:00.000,06:00,21.389999999990685
2025-04-26 07:00:00.000,07:00,24.335454545470633
2025-04-26 08:00:00.000,08:00,22.834545454641127
2025-04-26 09:00:00.000,09:00,23.419999999878925
2025-04-26 10:00:00.000,10:00,22.94000000017695
2025-04-26 11:00:00.000,11:00,18.199999999953434
2025-04-26 12:00:00.000,12:00,20.77999999998137
2025-04-26 13:00:00.000,13:00,16.340000000060535
2025-04-26 14:00:00.000,14:00,16.62999999988824
2025-04-26 15:00:00.000,15:00,17.010000000079163
2025-04-26 16:00:00.000,16:00,16.739999999990687
2025-04-26 17:00:00.000,17:00,17.120000000041912
2025-04-26 18:00:00.000,18:00,16.5
2025-04-26 19:00:00.000,19:00,16.669999999925494
2025-04-26 20:00:00.000,20:00,17.56999999990221
2025-04-26 21:00:00.000,21:00,18.31000000012573
2025-04-26 22:00:00.000,22:00,18.53000000002794
2025-04-26 23:00:00.000,23:00,18.3599999998929
2025-04-27 00:00:00.000,00:00,16.140000000130385
2025-04-27 01:00:00.000,01:00,16.66999999994878
2025-04-27 02:00:00.000,02:00,16.49000000001397
2025-04-27 03:00:00.000,03:00,16.840000000037254
2025-04-27 04:00:00.000,04:00,17.379999999911526
2025-04-27 05:00:00.000,05:00,19.66999999997206
2025-04-27 06:00:00.000,06:00,19.63999999994412
2025-04-27 07:00:00.000,07:00,20.310000000079164
2025-04-27 08:00:00.000,08:00,21.020000000065192
2025-04-27 09:00:00.000,09:00,20.65999999991618
2025-04-27 10:00:00.000,10:00,17.44000000003725
2025-04-27 11:00:00.000,11:00,16.403636363669385
2025-04-27 12:00:00.000,12:00,16.07636363631199
2025-04-27 13:00:00.000,13:00,17.419999999925494
2025-04-27 14:00:00.000,14:00,15.090000000037254
2025-04-27 15:00:00.000,15:00,15.370000000111759
2025-04-27 16:00:00.000,16:00,15.979999999888241
2025-04-27 17:00:00.000,17:00,16.379999999981372
2025-04-27 18:00:00.000,18:00,17.610000000102445
2025-04-27 19:00:00.000,19:00,15.18999999994412
2025-04-27 20:00:00.000,20:00,15.46999999997206
2025-04-27 21:00:00.000,21:00,16.639999999967404
2025-04-27 22:00:00.000,22:00,16.440000000013967
2025-04-27 23:00:00.000,23:00,17.570000000158323
2025-04-28 00:00:00.000,00:00,15.449999999953434
2025-04-28 01:00:00.000,01:00,16.95
2025-04-28 02:00:00.000,02:00,17.12999999986496
2025-04-28 03:00:00.000,03:00,16.460000000009313
2025-04-28 04:00:00.000,04:00,19.84000000003725
2025-04-28 05:00:00.000,05:00,20.33000000012107
2025-04-28 06:00:00.000,06:00,29.95999999991618
2025-04-28 07:00:00.000,07:00,31.061818181746638
2025-04-28 08:00:00.000,08:00,24.77818181826733
2025-04-28 09:00:00.000,09:00,29.580000000074506
2025-04-28 10:00:00.000,10:00,28.499999999906866
2025-04-28 11:00:00.000,11:00,27.939999999990686
2025-04-28 12:00:00.000,12:00,21.80000000009313
2025-04-28 13:00:00.000,13:00,21.192727272678166
2025-04-28 14:00:00.000,14:00,20.11818181812255
2025-04-28 15:00:00.000,15:00,20.759090909124776
2025-04-28 16:00:00.000,16:00,20.03000000002794
2025-04-28 17:00:00.000,17:00,18.22000000006519
2025-04-28 18:00:00.000,18:00,18.05999999998603
2025-04-28 19:00:00.000,19:00,15.159999999916181
2025-04-28 20:00:00.000,20:00,15.780000000097788
2025-04-28 21:00:00.000,21:00,16.859999999869615
2025-04-28 22:00:00.000,22:00,17.140000000130385
2025-04-28 23:00:00.000,23:00,17.4999999998603
2025-04-29 00:00:00.000,00:00,15.24000000001397
2025-04-29 01:00:00.000,01:00,15.120000000065193
2025-04-29 02:00:00.000,02:00,15.089999999874271
2025-04-29 03:00:00.000,03:00,15.27000000004191
2025-04-29 04:00:00.000,04:00,16.92000000013504
2025-04-29 05:00:00.000,05:00,18.259999999823048
2025-04-29 06:00:00.000,06:00,21.39000000008382
2025-04-29 07:00:00.000,07:00,19.955454545540057
2025-04-29 08:00:00.000,08:00,18.394545454553075
2025-04-29 09:00:00.000,09:00,22.27999999993481
2025-04-29 10:00:00.000,10:00,21.740000000037252
2025-04-29 11:00:00.000,11:00,21.87999999988824
2025-04-29 12:00:00.000,12:00,19.160000000055877
2025-04-29 13:00:00.000,13:00,19.099999999953436
2025-04-29 14:00:00.000,14:00,19.240000000013968
2025-04-29 15:00:00.000,15:00,20.040000000037253
2025-04-29 16:00:00.000,16:00,19.890000000060535
2025-04-29 17:00:00.000,17:00,17.98999999992084
2025-04-29 18:00:00.000,18:00,16.420000000018625
2025-04-29 19:00:00.000,19:00,14.830000000074506
2025-04-29 20:00:00.000,20:00,15.079999999981373
2025-04-29 21:00:00.000,21:00,15.989999999920837
2025-04-29 22:00:00.000,22:00,15.31000000005588
2025-04-29 23:00:00.000,23:00,17.010000000009313
2025-04-30 00:00:00.000,00:00,14.369999999878928
2025-04-30 01:00:00.000,01:00,14.310000000032597
2025-04-30 02:00:00.000,02:00,14.560000000079162
2025-04-30 03:00:00.000,03:00,14.419999999925494
2025-04-30 04:00:00.000,04:00,16.09000000008382
2025-04-30 05:00:00.000,05:00,17.679999999958092
2025-04-30 06:00:00.000,06:00,17.489999999990687
2025-04-30 07:00:00.000,07:00,16.399999999930152
2025-04-30 08:00:00.000,08:00,17.460000000102447
2025-04-30 09:00:00.000,09:00,21.699999999953434
2025-04-30 10:00:00.000,10:00,19.880000000074503
2025-04-30 11:00:00.000,11:00,19.939999999990686
2025-04-30 12:00:00.000,12:00,19.16719999996759
2025-04-30 13:00:00.000,13:00,19.103999999966472
2025-04-30 14:00:00.000,14:00,19.103999999966472
2025-04-30 15:00:00.000,15:00,19.103999999966472
2025-04-30 16:00:00.000,16:00,19.940800000058488
2025-04-30 17:00:00.000,17:00,17.960000000102443
2025-04-30 18:00:00.000,18:00,15.919999999832362
2025-04-30 19:00:00.000,19:00,15
2025-04-30 20:00:00.000,20:00,14.450000000186265
2025-04-30 21:00:00.000,21:00,16.12999999988824
2025-04-30 22:00:00.000,22:00,15.31000000005588
2025-04-30 23:00:00.000,23:00,15.909999999916181
2025-05-01 00:00:00.000,00:00,13.780000000004657
2025-05-01 01:00:00.000,01:00,14.17999999995809
2025-05-01 02:00:00.000,02:00,13.930000000121073
2025-05-01 03:00:00.000,03:00,14.16999999997206
2025-05-01 04:00:00.000,04:00,15.659999999939464
2025-05-01 05:00:00.000,05:00,17.070000000088477
2025-05-01 06:00:00.000,06:00,17.04000000001397
2025-05-01 07:00:00.000,07:00,16.469999999995345
2025-05-01 08:00:00.000,08:00,16.41999999997206
2025-05-01 09:00:00.000,09:00,16.01999999997206
2025-05-01 10:00:00.000,10:00,16.580000000074506
2025-05-01 11:00:00.000,11:00,16.239999999990687
2025-05-01 12:00:00.000,12:00,16.199999999953434
2025-05-01 13:00:00.000,13:00,16
2025-05-01 14:00:00.000,14:00,15.976363636295059
2025-05-01 15:00:00.000,15:00,15.893636363677002
2025-05-01 16:00:00.000,16:00,15.860000000032597
2025-05-01 17:00:00.000,17:00,16.27363636358853
2025-05-01 18:00:00.000,18:00,15.756363636369564
2025-05-01 19:00:00.000,19:00,18.3900000001071
2025-05-01 20:00:00.000,20:00,19.649999999883583
2025-05-01 21:00:00.000,21:00,19.810000000009314
2025-05-01 22:00:00.000,22:00,19.240000000060533
2025-05-01 23:00:00.000,23:00,17.089999999874273
2025-05-02 00:00:00.000,00:00,13.980000000167639
2025-05-02 01:00:00.000,01:00,13.99000000001397
2025-05-02 02:00:00.000,02:00,14.309999999823049
2025-05-02 03:00:00.000,03:00,14.350000000139698
2025-05-02 04:00:00.000,04:00,15.699999999953434
2025-05-02 05:00:00.000,05:00,17.609999999962746
2025-05-02 06:00:00.000,06:00,17.69000000008382
2025-05-02 07:00:00.000,07:00,16.290000000037253
2025-05-02 08:00:00.000,08:00,17.159999999986027
2025-05-02 09:00:00.000,09:00,20.579999999888244
2025-05-02 10:00:00.000,10:00,20.100000000093132
2025-05-02 11:00:00.000,11:00,21.6
2025-05-02 12:00:00.000,12:00,19.439999999990686
2025-05-02 13:00:00.000,13:00,18.28181818181818
2025-05-02 14:00:00.000,14:00,19.288181818130596
2025-05-02 15:00:00.000,15:00,19.529999999958093
2025-05-02 16:00:00.000,16:00,19.070000000065193
2025-05-02 17:00:00.000,17:00,17.319999999995346
2025-05-02 18:00:00.000,18:00,15.959999999892897
2025-05-02 19:00:00.000,19:00,14.630000000121072
2025-05-02 20:00:00.000,20:00,15.040000000037253
2025-05-02 21:00:00.000,21:00,15.5
2025-05-02 22:00:00.000,22:00,14.979999999888241
2025-05-02 23:00:00.000,23:00,15.599999999953434
2025-05-03 00:00:00.000,00:00,13.470000000181608
2025-05-03 01:00:00.000,01:00,13.599999999860302
2025-05-03 02:00:00.000,02:00,14.070000000088475
2025-05-03 03:00:00.000,03:00,14.85999999991618
2025-05-03 04:00:00.000,04:00,15.330000000051223
2025-05-03 05:00:00.000,05:00,16.5
2025-05-03 06:00:00.000,06:00,16.50999999998603
2025-05-03 07:00:00.000,07:00,15.100000000093132
2025-05-03 08:00:00.000,08:00,15.21999999997206
2025-05-03 09:00:00.000,09:00,15.739999999990687
2025-05-03 10:00:00.000,10:00,15.78000000002794
2025-05-03 11:00:00.000,11:00,15.399999999906868
2025-05-03 12:00:00.000,12:00,15.540000000037253
2025-05-03 13:00:00.000,13:00,15.398181818256324
2025-05-03 14:00:00.000,14:00,15.361818181752989
2025-05-03 15:00:00.000,15:00,15.839999999920838
2025-05-03 16:00:00.000,16:00,15.330000000004656
2025-05-03 17:00:00.000,17:00,15.44000000001397
2025-05-03 18:00:00.000,18:00,14.920000000018625
2025-05-03 19:00:00.000,19:00,14.199999999953434
2025-05-03 20:00:00.000,20:00,14.81000000012573
2025-05-03 21:00:00.000,21:00,15.899999999906868
2025-05-03 22:00:00.000,22:00,15.070000000065193
2025-05-03 23:00:00.000,23:00,16.81000000005588
2025-05-04 00:00:00.000,00:00,13.869999999855645
2025-05-04 01:00:00.000,01:00,14.290000000060536
2025-05-04 02:00:00.000,02:00,14.120000000065193
2025-05-04 03:00:00.000,03:00,14.07999999988824
2025-05-04 04:00:00.000,04:00,14.110000000079163
2025-05-04 05:00:00.000,05:00,15.760000000032596
2025-05-04 06:00:00.000,06:00,15.530000000004657
2025-05-04 07:00:00.000,07:00,14.299999999837018
2025-05-04 08:00:00.000,08:00,14.120000000111759
2025-05-04 09:00:00.000,09:00,14.539999999990687
2025-05-04 10:00:00.000,10:00,15.139999999990685
2025-05-04 11:00:00.000,11:00,15.199999999953434
2025-05-04 12:00:00.000,12:00,14.560000000009314
2025-05-04 13:00:00.000,13:00,14.470909090881998
2025-05-04 14:00:00.000,14:00,14.081818181830881
2025-05-04 15:00:00.000,15:00,14.53727272730109
2025-05-04 16:00:00.000,16:00,14.610000000009313
2025-05-04 17:00:00.000,17:00,14.5
2025-05-04 18:00:00.000,18:00,14.609999999939463
2025-05-04 19:00:00.000,19:00,14.390000000060537
2025-05-04 20:00:00.000,20:00,16.6399999999674
2025-05-04 21:00:00.000,21:00,15.96000000005588
2025-05-04 22:00:00.000,22:00,15.03999999994412
2025-05-04 23:00:00.000,23:00,16.33999999994412
2025-05-05 00:00:00.000,00:00,14.69000000001397
2025-05-05 01:00:00.000,01:00,14.270000000158324
2025-05-05 02:00:00.000,02:00,14.89999999993015
2025-05-05 03:00:00.000,03:00,14.790000000037253
2025-05-05 04:00:00.000,04:00,18.45999999998603
2025-05-05 05:00:00.000,05:00,20.480000000004658
2025-05-05 06:00:00.000,06:00,25.090000000037254
2025-05-05 07:00:00.000,07:00,22.24727272720669
2025-05-05 08:00:00.000,08:00,26.67272727262567
2025-05-05 09:00:00.000,09:00,30.820000000111758
2025-05-05 10:00:00.000,10:00,31.9
2025-05-05 11:00:00.000,11:00,28.159999999962746
2025-05-05 12:00:00.000,12:00,25.900000000093133
2025-05-05 13:00:00.000,13:00,23.21999999987893
2025-05-05 14:00:00.000,14:00,22.920000000018625
2025-05-05 15:00:00.000,15:00,24.099999999976717
2025-05-05 16:00:00.000,16:00,23.500000000116415
2025-05-05 17:00:00.000,17:00,20.07999999993481
2025-05-05 18:00:00.000,18:00,20.46999999997206
2025-05-05 19:00:00.000,19:00,17.519999999948777
2025-05-05 20:00:00.000,20:00,17.770000000018626
2025-05-05 21:00:00.000,21:00,18.5
2025-05-05 22:00:00.000,22:00,17.53000000002794
2025-05-05 23:00:00.000,23:00,18.710000000125728
2025-05-06 00:00:00.000,00:00,16.169999999995344
2025-05-06 01:00:00.000,01:00,16.429999999911523
2025-05-06 02:00:00.000,02:00,17.980000000004658
2025-05-06 03:00:00.000,03:00,17.199999999953434
2025-05-06 04:00:00.000,04:00,18.519999999995342
2025-05-06 05:00:00.000,05:00,20.330000000121075
2025-05-06 06:00:00.000,06:00,24.35
2025-05-06 07:00:00.000,07:00,23.638181818162344
2025-05-06 08:00:00.000,08:00,27.62181818170727
2025-05-06 09:00:00.000,09:00,30.8
2025-05-06 10:00:00.000,10:00,30.5
2025-05-06 11:00:00.000,11:00,30.000000000046565
2025-05-06 12:00:00.000,12:00,24.93999999999069
2025-05-06 13:00:00.000,13:00,19.99777777771362
2025-05-06 14:00:00.000,14:00,25.43222222238417
2025-05-06 15:00:00.000,15:00,30.579999999934806
2025-05-06 16:00:00.000,16:00,27.899999999906868
2025-05-06 17:00:00.000,17:00,21.83000000002794
2025-05-06 18:00:00.000,18:00,19.24000000001397
2025-05-06 19:00:00.000,19:00,17.96999999997206
2025-05-06 20:00:00.000,20:00,17.44000000001397
2025-05-06 21:00:00.000,21:00,18.630000000051226
2025-05-06 22:00:00.000,22:00,17.800000000046566
2025-05-06 23:00:00.000,23:00,18.4
2025-05-07 00:00:00.000,00:00,17.2999999998603
2025-05-07 01:00:00.000,01:00,16.710000000172297
2025-05-07 02:00:00.000,02:00,16.929999999911523
2025-05-07 03:00:00.000,03:00,16.970000000018626
2025-05-07 04:00:00.000,04:00,18.28000000002794
2025-05-07 05:00:00.000,05:00,20.069999999878927
2025-05-07 06:00:00.000,06:00,22.860000000009315
2025-05-07 07:00:00.000,07:00,22.680000000121073
2025-05-07 08:00:00.000,08:00,24.299999999906866
2025-05-07 09:00:00.000,09:00,25.080000000074506
2025-05-07 10:00:00.000,10:00,29.01999999997206
2025-05-07 11:00:00.000,11:00,24.679999999981373
2025-05-07 12:00:00.000,12:00,22.41999999997206
2025-05-07 13:00:00.000,13:00,20.177777777876084
2025-05-07 14:00:00.000,14:00,25.052222222198424
2025-05-07 15:00:00.000,15:00,20.449999999976715
2025-05-07 16:00:00.000,16:00,20.88000000002794
2025-05-07 17:00:00.000,17:00,20.8
2025-05-07 18:00:00.000,18:00,18.03000000002794
2025-05-07 19:00:00.000,19:00,15.319999999925493
2025-05-07 20:00:00.000,20:00,14.980000000051223
2025-05-07 21:00:00.000,21:00,16.03000000002794
2025-05-07 22:00:00.000,22:00,15.539999999874272
2025-05-07 23:00:00.000,23:00,16.34000000001397
2025-05-08 00:00:00.000,00:00,14.840000000083819
2025-05-08 01:00:00.000,01:00,15.109999999869615
2025-05-08 02:00:00.000,02:00,15.010000000009313
2025-05-08 03:00:00.000,03:00,15.45
2025-05-08 04:00:00.000,04:00,17.72000000004191
2025-05-08 05:00:00.000,05:00,20.439999999990686
2025-05-08 06:00:00.000,06:00,24.39000000001397
2025-05-08 07:00:00.000,07:00,24.36727272727188
2025-05-08 08:00:00.000,08:00,20.392727272784
2025-05-08 09:00:00.000,09:00,19.35999999991618
2025-05-08 10:00:00.000,10:00,19.360000000102445
2025-05-08 11:00:00.000,11:00,21.299999999906866
2025-05-08 12:00:00.000,12:00,20.72000000011176
2025-05-08 13:00:00.000,13:00,17.950000000023284
2025-05-08 14:00:00.000,14:00,18.07999999993481
2025-05-08 15:00:00.000,15:00,16.300000000046566
2025-05-08 16:00:00.000,16:00,16.739999999990687
2025-05-08 17:00:00.000,17:00,16.359999999869615
2025-05-08 18:00:00.000,18:00,15.960000000125728
2025-05-08 19:00:00.000,19:00,15.46999999997206
2025-05-08 20:00:00.000,20:00,15.569999999902212
2025-05-08 21:00:00.000,21:00,15.730000000144354
2025-05-08 22:00:00.000,22:00,15.099999999930152
2025-05-08 23:00:00.000,23:00,16.380000000051222
2025-05-09 00:00:00.000,00:00,14.159999999916181
2025-05-09 01:00:00.000,01:00,14.290000000037253
2025-05-09 02:00:00.000,02:00,15.45
2025-05-09 03:00:00.000,03:00,15.409999999916181
2025-05-09 04:00:00.000,04:00,17.969999999995345
2025-05-09 05:00:00.000,05:00,20.81000000012573
2025-05-09 06:00:00.000,06:00,24.73999999992084
2025-05-09 07:00:00.000,07:00,30.70636363646481
2025-05-09 08:00:00.000,08:00,24.20363636352122
2025-05-09 09:00:00.000,09:00,25.479999999981374
2025-05-09 10:00:00.000,10:00,24.860000000055877
2025-05-09 11:00:00.000,11:00,24.719999999925495
2025-05-09 12:00:00.000,12:00,21.520000000018626
2025-05-09 13:00:00.000,13:00,21.640000000037254
2025-05-09 14:00:00.000,14:00,22.67999999995809
2025-05-09 15:00:00.000,15:00,20.210000000032597
2025-05-09 16:00:00.000,16:00,20.49000000008382
2025-05-09 17:00:00.000,17:00,17.74999999993015
2025-05-09 18:00:00.000,18:00,16.229999999981374
2025-05-09 19:00:00.000,19:00,15.400000000069848
2025-05-09 20:00:00.000,20:00,16.210000000032597
2025-05-09 21:00:00.000,21:00,16.359999999869615
2025-05-09 22:00:00.000,22:00,14.960000000125728
2025-05-09 23:00:00.000,23:00,15.69255319143586
2025-05-10 00:00:00.000,00:00,14.457446808471007
2025-05-10 01:00:00.000,01:00,14.360000000079163
2025-05-10 02:00:00.000,02:00,14
2025-05-10 03:00:00.000,03:00,14.5
2025-05-10 04:00:00.000,04:00,15.099999999883584
2025-05-10 05:00:00.000,05:00,17.150000000162983
2025-05-10 06:00:00.000,06:00,17.759999999846332
2025-05-10 07:00:00.000,07:00,15.480000000121072
2025-05-10 08:00:00.000,08:00,15.03000000002794
2025-05-10 09:00:00.000,09:00,17.079999999981375
2025-05-10 10:00:00.000,10:00,16.49999999990687
2025-05-10 11:00:00.000,11:00,16
2025-05-10 12:00:00.000,12:00,15.900000000093133
2025-05-10 13:00:00.000,13:00,15.520000000018626
2025-05-10 14:00:00.000,14:00,15.338181818200445
2025-05-10 15:00:00.000,15:00,15.871818181762302
2025-05-10 16:00:00.000,16:00,15.729999999981374
2025-05-10 17:00:00.000,17:00,15.53000000002794
2025-05-10 18:00:00.000,18:00,14.869999999948778
2025-05-10 19:00:00.000,19:00,14.52000000004191
2025-05-10 20:00:00.000,20:00,15.779999999934807
2025-05-10 21:00:00.000,21:00,17.560000000032595
2025-05-10 22:00:00.000,22:00,19.8600000000326
2025-05-10 23:00:00.000,23:00,19.859999999962746
2025-05-11 00:00:00.000,00:00,18.099999999906867
2025-05-11 01:00:00.000,01:00,18.180000000167638
2025-05-11 02:00:00.000,02:00,16.879999999841676
2025-05-11 03:00:00.000,03:00,14.220000000158326
2025-05-11 04:00:00.000,04:00,14.480000000004656
2025-05-11 05:00:00.000,05:00,15.689999999967403
2025-05-11 06:00:00.000,06:00,16.069999999878927
2025-05-11 07:00:00.000,07:00,14.730000000167639
2025-05-11 08:00:00.000,08:00,14.269999999972061
2025-05-11 09:00:00.000,09:00,14.980000000027939
2025-05-11 10:00:00.000,10:00,14.339999999850988
2025-05-11 11:00:00.000,11:00,14.680000000121073
2025-05-11 12:00:00.000,12:00,14.520000000018626
2025-05-11 13:00:00.000,13:00,14.548888888748156
2025-05-11 14:00:00.000,14:00,14.491111111102832
2025-05-11 15:00:00.000,15:00,14.600000000093132
2025-05-11 16:00:00.000,16:00,14.93999999994412
2025-05-11 17:00:00.000,17:00,14.729999999981374
2025-05-11 18:00:00.000,18:00,14.540000000107103
2025-05-11 19:00:00.000,19:00,14.68999999987427
2025-05-11 20:00:00.000,20:00,14.670000000158325
2025-05-11 21:00:00.000,21:00,15.899999999906868
2025-05-11 22:00:00.000,22:00,15.639999999967404
2025-05-11 23:00:00.000,23:00,16.30999999998603
2025-05-12 00:00:00.000,00:00,14.459999999962747
2025-05-12 01:00:00.000,01:00,14.580000000074506
2025-05-12 02:00:00.000,02:00,14.63000000009779
2025-05-12 03:00:00.000,03:00,14.67999999995809
2025-05-12 04:00:00.000,04:00,16.369999999902213
2025-05-12 05:00:00.000,05:00,19.36000000012573
2025-05-12 06:00:00.000,06:00,21.259999999916182
2025-05-12 07:00:00.000,07:00,19.53999999992084
2025-05-12 08:00:00.000,08:00,20.519999999995342
2025-05-12 09:00:00.000,09:00,27.580000000074506
2025-05-12 10:00:00.000,10:00,29.16000000005588
2025-05-12 11:00:00.000,11:00,30.259999999916182
2025-05-12 12:00:00.000,12:00,25.740000000130387
2025-05-12 13:00:00.000,13:00,23.91999999997206
2025-05-12 14:00:00.000,14:00,26.729999999864955
2025-05-12 15:00:00.000,15:00,24.62000000004191
2025-05-12 16:00:00.000,16:00,24.92000000001863
2025-05-12 17:00:00.000,17:00,22.550000000069847
2025-05-12 18:00:00.000,18:00,20.399999999976718
2025-05-12 19:00:00.000,19:00,18.58999999994412
2025-05-12 20:00:00.000,20:00,16.459999999962747
2025-05-12 21:00:00.000,21:00,17.600000000093132
2025-05-12 22:00:00.000,22:00,17.4599999998929
2025-05-12 23:00:00.000,23:00,18.41000000007916
2025-05-13 00:00:00.000,00:00,15.760000000009313
2025-05-13 01:00:00.000,01:00,16.18999999994412
2025-05-13 02:00:00.000,02:00,16.199999999953434
2025-05-13 03:00:00.000,03:00,16.930000000004657
2025-05-13 04:00:00.000,04:00,18.710000000172293
2025-05-13 05:00:00.000,05:00,19.089999999874273
2025-05-13 06:00:00.000,06:00,22.539999999967407
2025-05-13 07:00:00.000,07:00,23.225454545537517
2025-05-13 08:00:00.000,08:00,21.83454545456493
2025-05-13 09:00:00.000,09:00,28.93999999999069
2025-05-13 10:00:00.000,10:00,27.820000000065193
2025-05-13 11:00:00.000,11:00,25.379999999841676
2025-05-13 12:00:00.000,12:00,20.740000000083818
2025-05-13 13:00:00.000,13:00,20.539999999975162
2025-05-13 14:00:00.000,14:00,20.85000000006209
2025-05-13 15:00:00.000,15:00,21.270000000018626
2025-05-13 16:00:00.000,16:00,21.209999999869616
2025-05-13 17:00:00.000,17:00,22.490000000083818
2025-05-13 18:00:00.000,18:00,21.21999999990221
2025-05-13 19:00:00.000,19:00,19.49000000008382
2025-05-13 20:00:00.000,20:00,16.819999999995343
2025-05-13 21:00:00.000,21:00,16.80999999996275
2025-05-13 22:00:00.000,22:00,17.02999999995809
2025-05-13 23:00:00.000,23:00,16.91000000007916
2025-05-14 00:00:00.000,00:00,15.230000000004656
2025-05-14 01:00:00.000,01:00,15.519999999995344
2025-05-14 02:00:00.000,02:00,15.399999999906868
2025-05-14 03:00:00.000,03:00,15.570000000088475
2025-05-14 04:00:00.000,04:00,18.399999999930152
2025-05-14 05:00:00.000,05:00,22.120000000041912
2025-05-14 06:00:00.000,06:00,27.51000000012573
2025-05-14 07:00:00.000,07:00,18.586363636202773
2025-05-14 08:00:00.000,08:00,22.363636363704096
2025-05-14 09:00:00.000,09:00,27.539999999944122
2025-05-14 10:00:00.000,10:00,26.27999999998137
2025-05-14 11:00:00.000,11:00,25.57999999998137
2025-05-14 12:00:00.000,12:00,23.380000000074507
2025-05-14 13:00:00.000,13:00,20.330000000016298
2025-05-14 14:00:00.000,14:00,21.710000000020955
2025-05-14 15:00:00.000,15:00,24.060000000009314
2025-05-14 16:00:00.000,16:00,20.599999999953432
2025-05-14 17:00:00.000,17:00,18.660000000079165
2025-05-14 18:00:00.000,18:00,17.079999999934806
2025-05-14 19:00:00.000,19:00,15.330000000004656
2025-05-14 20:00:00.000,20:00,15.210000000032597
2025-05-14 21:00:00.000,21:00,18.194545454487457
2025-05-14 22:00:00.000,22:00,17.16545454554514
2025-05-14 23:00:00.000,23:00,17.78000000002794
2025-05-15 00:00:00.000,00:00,15.599999999906867
2025-05-15 01:00:00.000,01:00,15.660000000079163
2025-05-15 02:00:00.000,02:00,15.309999999846331
2025-05-15 03:00:00.000,03:00,15.650000000162981
2025-05-15 04:00:00.000,04:00,17.38999999992084
2025-05-15 05:00:00.000,05:00,19.28000000002794
2025-05-15 06:00:00.000,06:00,18.749999999953435
2025-05-15 07:00:00.000,07:00,17.514545454601333
2025-05-15 08:00:00.000,08:00,21.523232323134017
2025-05-15 09:00:00.000,09:00,24.882222222283275
2025-05-15 10:00:00.000,10:00,23.860000000009315
2025-05-15 11:00:00.000,11:00,24.659999999962746
2025-05-15 12:00:00.000,12:00,21.201818181790244
2025-05-15 13:00:00.000,13:00,18.478181818237697
2025-05-15 14:00:00.000,14:00,20.162222222259473
2025-05-15 15:00:00.000,15:00,20.527777777824344
2025-05-15 16:00:00.000,16:00,20.959999999892897
2025-05-15 17:00:00.000,17:00,18.690000000107105
2025-05-15 18:00:00.000,18:00,16.849999999953432
2025-05-15 19:00:00.000,19:00,14.929999999934807
2025-05-15 20:00:00.000,20:00,15.010000000079163
2025-05-15 21:00:00.000,21:00,15.389999999990687
2025-05-15 22:00:00.000,22:00,14.53000000002794
2025-05-15 23:00:00.000,23:00,15.19000000001397
2025-05-16 00:00:00.000,00:00,13.39090909076516
2025-05-16 01:00:00.000,01:00,13.299090909132396
2025-05-16 02:00:00.000,02:00,13.389999999920837
2025-05-16 03:00:00.000,03:00,13.590000000083819
2025-05-16 04:00:00.000,04:00,14.689999999967403
2025-05-16 05:00:00.000,05:00,16.469999999995345
2025-05-16 06:00:00.000,06:00,15.920000000135042
2025-05-16 07:00:00.000,07:00,15.072222222082523
2025-05-16 08:00:00.000,08:00,19.217777777768465
2025-05-16 09:00:00.000,09:00,21.959999999962747
2025-05-16 10:00:00.000,10:00,23.220000000158326
2025-05-16 11:00:00.000,11:00,22.639999999897555
2025-05-16 12:00:00.000,12:00,19.400000000046568
2025-05-16 13:00:00.000,13:00,18.32888888879679
2025-05-16 14:00:00.000,14:00,20.12222222228431
2025-05-16 15:00:00.000,15:00,19.37888888897012
2025-05-16 16:00:00.000,16:00,20.58999999994412
2025-05-16 17:00:00.000,17:00,17.010000000032598
2025-05-16 18:00:00.000,18:00,15.389999999897555
2025-05-16 19:00:00.000,19:00,14.508888888897168
2025-05-16 20:00:00.000,20:00,13.92111111120062
2025-05-16 21:00:00.000,21:00,14.369999999948778
2025-05-16 22:00:00.000,22:00,14.270000000018626
2025-05-16 23:00:00.000,23:00,15.149999999906868
2025-05-17 00:00:00.000,00:00,12.79000000001397
2025-05-17 01:00:00.000,01:00,13.390000000130385
2025-05-17 02:00:00.000,02:00,13.109999999869615
2025-05-17 03:00:00.000,03:00,13.180000000167638
2025-05-17 04:00:00.000,04:00,17.119999999948778
2025-05-17 05:00:00.000,05:00,17.919999999925494
2025-05-17 06:00:00.000,06:00,19.55999999996275
2025-05-17 07:00:00.000,07:00,20.393636363732035
2025-05-17 08:00:00.000,08:00,16.71636363632384
2025-05-17 09:00:00.000,09:00,15.639999999990687
2025-05-17 10:00:00.000,10:00,15
2025-05-17 11:00:00.000,11:00,15.040000000083818
2025-05-17 12:00:00.000,12:00,15.059999999962749
2025-05-17 13:00:00.000,13:00,14.899999999953433
2025-05-17 14:00:00.000,14:00,14.830000000074506
2025-05-17 15:00:00.000,15:00,15.02999999995809
2025-05-17 16:00:00.000,16:00,15.270000000088476
2025-05-17 17:00:00.000,17:00,14.96999999997206
2025-05-17 18:00:00.000,18:00,14.289999999967403
2025-05-17 19:00:00.000,19:00,14.300000000046566
2025-05-17 20:00:00.000,20:00,13.929999999934807
2025-05-17 21:00:00.000,21:00,14.549999999953435
2025-05-17 22:00:00.000,22:00,14.289999999967403
2025-05-17 23:00:00.000,23:00,14.920000000158325
2025-05-18 00:00:00.000,00:00,13.169999999902211
2025-05-18 01:00:00.000,01:00,13.22999999995809
2025-05-18 02:00:00.000,02:00,12.980000000004656
2025-05-18 03:00:00.000,03:00,13.300000000046566
2025-05-18 04:00:00.000,04:00,13.389999999920837
2025-05-18 05:00:00.000,05:00,14.790000000037253
2025-05-18 06:00:00.000,06:00,14.019999999995344
2025-05-18 07:00:00.000,07:00,13.238181818299926
2025-05-18 08:00:00.000,08:00,13.521818181686104
2025-05-18 09:00:00.000,09:00,13.520000000018626
2025-05-18 10:00:00.000,10:00,13.5
2025-05-18 11:00:00.000,11:00,13.860000000102445
2025-05-18 12:00:00.000,12:00,13.980000000027939
2025-05-18 13:00:00.000,13:00,13.459999999916182
2025-05-18 14:00:00.000,14:00,13.280000000004655
2025-05-18 15:00:00.000,15:00,13.839999999920838
2025-05-18 16:00:00.000,16:00,13.460000000125728
2025-05-18 17:00:00.000,17:00,13.569999999902212
2025-05-18 18:00:00.000,18:00,13.93999999994412
2025-05-18 19:00:00.000,19:00,13.830000000074506
2025-05-18 20:00:00.000,20:00,13.360000000032596
2025-05-18 21:00:00.000,21:00,14.139999999967404
2025-05-18 22:00:00.000,22:00,14.370000000111759
2025-05-18 23:00:00.000,23:00,14.849999999860302
2025-05-19 00:00:00.000,00:00,13.080000000051223
2025-05-19 01:00:00.000,01:00,13.10000000006985
2025-05-19 02:00:00.000,02:00,13.010000000009313
2025-05-19 03:00:00.000,03:00,13.269999999832361
2025-05-19 04:00:00.000,04:00,17.33000000012107
2025-05-19 05:00:00.000,05:00,19.830000000051225
2025-05-19 06:00:00.000,06:00,18.40999999991618
2025-05-19 07:00:00.000,07:00,19.069999999936076
2025-05-19 08:00:00.000,08:00,18.940000000003387
2025-05-19 09:00:00.000,09:00,21.54181818181903
2025-05-19 10:00:00.000,10:00,25.078181818199596
2025-05-19 11:00:00.000,11:00,27.06000000005588
2025-05-19 12:00:00.000,12:00,20.839999999897554
2025-05-19 13:00:00.000,13:00,19.91272727286612
2025-05-19 14:00:00.000,14:00,20.84727272728289
2025-05-19 15:00:00.000,15:00,21.229999999981374
2025-05-19 16:00:00.000,16:00,20.65999999991618
2025-05-19 17:00:00.000,17:00,18.88999999999069
2025-05-19 18:00:00.000,18:00,16.789999999967407
2025-05-19 19:00:00.000,19:00,15.370000000111759
2025-05-19 20:00:00.000,20:00,16.399999999906868
2025-05-19 21:00:00.000,21:00,15.660000000079162
2025-05-19 22:00:00.000,22:00,15.369999999948778
2025-05-19 23:00:00.000,23:00,16.110000000032596
2025-05-20 00:00:00.000,00:00,14.340000000083819
2025-05-20 01:00:00.000,01:00,14.22999999995809
2025-05-20 02:00:00.000,02:00,14.199999999953434
2025-05-20 03:00:00.000,03:00,14.560000000079162
2025-05-20 04:00:00.000,04:00,17.569999999878927
2025-05-20 05:00:00.000,05:00,19.86000000012573
2025-05-20 06:00:00.000,06:00,20.559999999869618
2025-05-20 07:00:00.000,07:00,18.952727272799663
2025-05-20 08:00:00.000,08:00,20.587272727260874
2025-05-20 09:00:00.000,09:00,21.4
2025-05-20 10:00:00.000,10:00,20.699999999953434
2025-05-20 11:00:00.000,11:00,22.539999999990687
2025-05-20 12:00:00.000,12:00,19.58000000002794
2025-05-20 13:00:00.000,13:00,19.186666666674945
2025-05-20 14:00:00.000,14:00,20.703333333339025
2025-05-20 15:00:00.000,15:00,24.430000000097788
2025-05-20 16:00:00.000,16:00,23.879999999911522
2025-05-20 17:00:00.000,17:00,18.899999999976718
2025-05-20 18:00:00.000,18:00,19.759999999939463
2025-05-20 19:00:00.000,19:00,17.850000000116417
2025-05-20 20:00:00.000,20:00,17.97999999995809
2025-05-20 21:00:00.000,21:00,19.040000000037253
2025-05-20 22:00:00.000,22:00,18.3600000000326
2025-05-20 23:00:00.000,23:00,19.129999999981372
2025-05-21 00:00:00.000,00:00,17.08999999992084
2025-05-21 01:00:00.000,01:00,17.209999999939463
2025-05-21 02:00:00.000,02:00,17.13000000009779
2025-05-21 03:00:00.000,03:00,17.28000000002794
2025-05-21 04:00:00.000,04:00,18.869999999925493
2025-05-21 05:00:00.000,05:00,20.000000000000004
2025-05-21 06:00:00.000,06:00,19.580000000074506
2025-05-21 07:00:00.000,07:00,19.189999999967405
2025-05-21 08:00:00.000,08:00,22.710000000055878
2025-05-21 09:00:00.000,09:00,23.759999999869613
2025-05-21 10:00:00.000,10:00,23.580000000074506
2025-05-21 11:00:00.000,11:00,25
2025-05-21 12:00:00.000,12:00,22.49999999990687
2025-05-21 13:00:00.000,13:00,22.28000000012107
2025-05-21 14:00:00.000,14:00,23.029090909156103
2025-05-21 15:00:00.000,15:00,24.160909090764736
2025-05-21 16:00:00.000,16:00,27.409999999986027
2025-05-21 17:00:00.000,17:00,25.750000000093134
2025-05-21 18:00:00.000,18:00,23.229999999911524
2025-05-21 19:00:00.000,19:00,20.62000000004191
2025-05-21 20:00:00.000,20:00,18.490000000083818
2025-05-21 21:00:00.000,21:00,20.85999999991618
2025-05-21 22:00:00.000,22:00,22.55999999998603
2025-05-21 23:00:00.000,23:00,23.51000000012573
2025-05-22 00:00:00.000,00:00,22.809999999939464
2025-05-22 01:00:00.000,01:00,22.530000000004655
2025-05-22 02:00:00.000,02:00,23.549999999883585
2025-05-22 03:00:00.000,03:00,20.10999999998603
2025-05-22 04:00:00.000,04:00,19.17000000018161
2025-05-22 05:00:00.000,05:00,20.5
2025-05-22 06:00:00.000,06:00,20.089999999874273
2025-05-22 07:00:00.000,07:00,20.43999999997799
2025-05-22 08:00:00.000,08:00,22.46000000006858
2025-05-22 09:00:00.000,09:00,25.719999999925495
2025-05-22 10:00:00.000,10:00,29.80000000009313
2025-05-22 11:00:00.000,11:00,27.999999999953435
2025-05-22 12:00:00.000,12:00,25.899999999953433
2025-05-22 13:00:00.000,13:00,22.56000000014901
2025-05-22 14:00:00.000,14:00,24.73999999992084
2025-05-22 15:00:00.000,15:00,24.12000000004191
2025-05-22 16:00:00.000,16:00,24.12999999988824
2025-05-22 17:00:00.000,17:00,22.61999999997206
2025-05-22 18:00:00.000,18:00,20.0500000001397
2025-05-22 19:00:00.000,19:00,18
2025-05-22 20:00:00.000,20:00,17.360000000032596
2025-05-22 21:00:00.000,21:00,18.07999999998137
2025-05-22 22:00:00.000,22:00,17.5999999998603
2025-05-22 23:00:00.000,23:00,18.155744681009487
2025-05-23 00:00:00.000,00:00,16.704255319116243
2025-05-23 01:00:00.000,01:00,16.510000000032598
2025-05-23 02:00:00.000,02:00,16.72999999995809
2025-05-23 03:00:00.000,03:00,16.869999999925493
2025-05-23 04:00:00.000,04:00,18.380000000121072
2025-05-23 05:00:00.000,05:00,19.88999999992084
2025-05-23 06:00:00.000,06:00,21.930000000074507
2025-05-23 07:00:00.000,07:00,19.150000000000002
2025-05-23 08:00:00.000,08:00,20.539999999874276
2025-05-23 09:00:00.000,09:00,23.200000000093134
2025-05-23 10:00:00.000,10:00,24.199999999953434
2025-05-23 11:00:00.000,11:00,24.199999999953434
2025-05-23 12:00:00.000,12:00,23.460000000102447
2025-05-23 13:00:00.000,13:00,21.7
2025-05-23 14:00:00.000,14:00,24.019999999878927
2025-05-23 15:00:00.000,15:00,22.810000000079164
2025-05-23 16:00:00.000,16:00,22.6463636364047
2025-05-23 17:00:00.000,17:00,20.643636363562702
2025-05-23 18:00:00.000,18:00,19.229999999981374
2025-05-23 19:00:00.000,19:00,17.92000000001863
2025-05-23 20:00:00.000,20:00,17.600000000023282
2025-05-23 21:00:00.000,21:00,18.00999999991618
2025-05-23 22:00:00.000,22:00,17.930000000097788
2025-05-23 23:00:00.000,23:00,18.43000000002794
2025-05-24 00:00:00.000,00:00,16.70999999998603
2025-05-24 01:00:00.000,01:00,17
2025-05-24 02:00:00.000,02:00,16.510000000009313
2025-05-24 03:00:00.000,03:00,17.010000000009313
2025-05-24 04:00:00.000,04:00,18.089999999874273
2025-05-24 05:00:00.000,05:00,19.450000000000003
2025-05-24 06:00:00.000,06:00,18.92000000011176
2025-05-24 07:00:00.000,07:00,17.664545454461635
2025-05-24 08:00:00.000,08:00,17.74545454550111
2025-05-24 09:00:00.000,09:00,18.399999999906868
2025-05-24 10:00:00.000,10:00,18.920000000018625
2025-05-24 11:00:00.000,11:00,21.120000000065193
2025-05-24 12:00:00.000,12:00,19.660000000102443
2025-05-24 13:00:00.000,13:00,18.01999999997206
2025-05-24 14:00:00.000,14:00,18.21999999990221
2025-05-24 15:00:00.000,15:00,18.05000000006985
2025-05-24 16:00:00.000,16:00,15.359999999869615
2025-05-24 17:00:00.000,17:00,15.300000000046566
2025-05-24 18:00:00.000,18:00,14.94000000001397
2025-05-24 19:00:00.000,19:00,18.310000000125726
2025-05-24 20:00:00.000,20:00,17.329999999841675
2025-05-24 21:00:00.000,21:00,17.740000000060537
2025-05-24 22:00:00.000,22:00,17.58999999994412
2025-05-24 23:00:00.000,23:00,18.4400000001071
2025-05-25 00:00:00.000,00:00,16.599999999906867
2025-05-25 01:00:00.000,01:00,16.63000000009779
2025-05-25 02:00:00.000,02:00,16.709999999939463
2025-05-25 03:00:00.000,03:00,16.58000000009779
2025-05-25 04:00:00.000,04:00,16.980000000004658
2025-05-25 05:00:00.000,05:00,18.289999999827707
2025-05-25 06:00:00.000,06:00,17.440000000130386
2025-05-25 07:00:00.000,07:00,16.879999999911526
2025-05-25 08:00:00.000,08:00,16.75
2025-05-25 09:00:00.000,09:00,16.880000000121072
2025-05-25 10:00:00.000,10:00,17.35999999991618
2025-05-25 11:00:00.000,11:00,17.36000000005588
2025-05-25 12:00:00.000,12:00,17.28000000002794
2025-05-25 13:00:00.000,13:00,16.93777777777674
2025-05-25 14:00:00.000,14:00,17.476767676706057
2025-05-25 15:00:00.000,15:00,16.805454545512543
2025-05-25 16:00:00.000,16:00,16.829999999841675
2025-05-25 17:00:00.000,17:00,17.140000000130385
2025-05-25 18:00:00.000,18:00,17.169999999995344
2025-05-25 19:00:00.000,19:00,16.959999999892897
2025-05-25 20:00:00.000,20:00,16.70000000002328
2025-05-25 21:00:00.000,21:00,17.90999999998603
2025-05-25 22:00:00.000,22:00,17.730000000144354
2025-05-25 23:00:00.000,23:00,18.4
2025-05-26 00:00:00.000,00:00,16.82999999986496
2025-05-26 01:00:00.000,01:00,16.780000000051224
2025-05-26 02:00:00.000,02:00,16.620000000065193
2025-05-26 03:00:00.000,03:00,16.759999999846332
2025-05-26 04:00:00.000,04:00,18.420000000111756
2025-05-26 05:00:00.000,05:00,21.029999999888243
2025-05-26 06:00:00.000,06:00,19.860000000032596
2025-05-26 07:00:00.000,07:00,18.560000000079164
2025-05-26 08:00:00.000,08:00,22.730909090800296
2025-05-26 09:00:00.000,09:00,25.529090909185733
2025-05-26 10:00:00.000,10:00,24.619999999925493
2025-05-26 11:00:00.000,11:00,25.44000000008382
2025-05-26 12:00:00.000,12:00,22.620000000065193
2025-05-26 13:00:00.000,13:00,23.77999999998137
2025-05-26 14:00:00.000,14:00,24.679999999911523
2025-05-26 15:00:00.000,15:00,23.770000000018626
2025-05-26 16:00:00.000,16:00,27.320000000041908
2025-05-26 17:00:00.000,17:00,25.819999999925496
2025-05-26 18:00:00.000,18:00,22.90000000009313
2025-05-26 19:00:00.000,19:00,17.96999999997206
2025-05-26 20:00:00.000,20:00,18.219999999902214
2025-05-26 21:00:00.000,21:00,18.310000000125726
2025-05-26 22:00:00.000,22:00,18.09999999993015
2025-05-26 23:00:00.000,23:00,18.730000000004658
2025-05-27 00:00:00.000,00:00,17.000000000046565
2025-05-27 01:00:00.000,01:00,16.83000000002794
2025-05-27 02:00:00.000,02:00,17.07999999988824
2025-05-27 03:00:00.000,03:00,17.00999999998603
2025-05-27 04:00:00.000,04:00,18.750000000046565
2025-05-27 05:00:00.000,05:00,20.010000000009317
2025-05-27 06:00:00.000,06:00,19.199999999953434
2025-05-27 07:00:00.000,07:00,19.16999999994878
2025-05-27 08:00:00.000,08:00,21.995454545526513
2025-05-27 09:00:00.000,09:00,23.5145454544828
2025-05-27 10:00:00.000,10:00,23.260000000149013
2025-05-27 11:00:00.000,11:00,23.779999999841674
2025-05-27 12:00:00.000,12:00,22.5000000001397
2025-05-27 13:00:00.000,13:00,21.28000000002794
2025-05-27 14:00:00.000,14:00,22.90888888879886
2025-05-27 15:00:00.000,15:00,28.741111111154574
2025-05-27 16:00:00.000,16:00,30.399999999906868
2025-05-27 17:00:00.000,17:00,27.940000000130386
2025-05-27 18:00:00.000,18:00,24.71999999990221
2025-05-27 19:00:00.000,19:00,21.18000000002794
2025-05-27 20:00:00.000,20:00,18.207777777865218
2025-05-27 21:00:00.000,21:00,17.222222222232567
2025-05-27 22:00:00.000,22:00,17.65999999984633
2025-05-27 23:00:00.000,23:00,18.34000000001397
2025-05-28 00:00:00.000,00:00,17.61000000012573
2025-05-28 01:00:00.000,01:00,18.189999999967405
2025-05-28 02:00:00.000,02:00,18.199999999953434
2025-05-28 03:00:00.000,03:00,18.300000000046566
2025-05-28 04:00:00.000,04:00,19.869999999902213
2025-05-28 05:00:00.000,05:00,20.9000000001397
2025-05-28 06:00:00.000,06:00,20.769999999832365
2025-05-28 07:00:00.000,07:00,23.59000000008382
2025-05-28 08:00:00.000,08:00,20.789999999967403
2025-05-28 09:00:00.000,09:00,23.979999999981374
2025-05-28 10:00:00.000,10:00,24.599999999953432
2025-05-28 11:00:00.000,11:00,25.780000000167636
2025-05-28 12:00:00.000,12:00,22.859999999869615
2025-05-28 13:00:00.000,13:00,22.180000000121073
2025-05-28 14:00:00.000,14:00,22.909999999869616
2025-05-28 15:00:00.000,15:00,20.989999999990687
2025-05-28 16:00:00.000,16:00,20.21999999999534
2025-05-28 17:00:00.000,17:00,18.6900000001071
2025-05-28 18:00:00.000,18:00,16.55999999998603
2025-05-28 19:00:00.000,19:00,15.330000000004656
2025-05-28 20:00:00.000,20:00,15.429999999934807
2025-05-28 21:00:00.000,21:00,15.370000000111759
2025-05-28 22:00:00.000,22:00,16.739999999897556
2025-05-28 23:00:00.000,23:00,17.040000000130384
2025-05-29 00:00:00.000,00:00,14.629999999911524
2025-05-29 01:00:00.000,01:00,14.840000000037254
2025-05-29 02:00:00.000,02:00,14.77000000004191
2025-05-29 03:00:00.000,03:00,15.379999999911524
2025-05-29 04:00:00.000,04:00,16.419999999925494
2025-05-29 05:00:00.000,05:00,18.080000000074506
2025-05-29 06:00:00.000,06:00,17.99000000001397
2025-05-29 07:00:00.000,07:00,17.110000000079165
2025-05-29 08:00:00.000,08:00,17.61333333328625
2025-05-29 09:00:00.000,09:00,17.26666666667184
2025-05-29 10:00:00.000,10:00,18.93999999999069
2025-05-29 11:00:00.000,11:00,19.259999999962744
2025-05-29 12:00:00.000,12:00,18.35999999991618
2025-05-29 13:00:00.000,13:00,18.039999999990687
2025-05-29 14:00:00.000,14:00,17.460000000172293
2025-05-29 15:00:00.000,15:00,17.569999999902212
2025-05-29 16:00:00.000,16:00,17.02999999995809
2025-05-29 17:00:00.000,17:00,17.130000000121072
2025-05-29 18:00:00.000,18:00,16.53999999987427
2025-05-29 19:00:00.000,19:00,16.630000000051222
2025-05-29 20:00:00.000,20:00,16.05999999998603
2025-05-29 21:00:00.000,21:00,16.869999999948778
2025-05-29 22:00:00.000,22:00,15.800000000046566
2025-05-29 23:00:00.000,23:00,16.009999999939463
2025-05-30 00:00:00.000,00:00,14.940000000176951
2025-05-30 01:00:00.000,01:00,15.019999999995344
2025-05-30 02:00:00.000,02:00,15.069999999878927
2025-05-30 03:00:00.000,03:00,15.110000000079163
2025-05-30 04:00:00.000,04:00,16.84999999993015
2025-05-30 05:00:00.000,05:00,19.400000000116417
2025-05-30 06:00:00.000,06:00,17.229999999958093
2025-05-30 07:00:00.000,07:00,16.989999999990687
2025-05-30 08:00:00.000,08:00,17.289999999874272
2025-05-30 09:00:00.000,09:00,21.64000000017695
2025-05-30 10:00:00.000,10:00,19.399999999906868
2025-05-30 11:00:00.000,11:00,19.5
2025-05-30 12:00:00.000,12:00,18.539999999990687
2025-05-30 13:00:00.000,13:00,20.32999999995809
2025-05-30 14:00:00.000,14:00,25.07000000011176
2025-05-30 15:00:00.000,15:00,25.62000000004191
2025-05-30 16:00:00.000,16:00,24.429999999934807
2025-05-30 17:00:00.000,17:00,21.69000000003725
2025-05-30 18:00:00.000,18:00,20.71999999990221
2025-05-30 19:00:00.000,19:00,19.609999999939465
2025-05-30 20:00:00.000,20:00,18.850000000186267
2025-05-30 21:00:00.000,21:00,17.159999999846335
2025-05-30 22:00:00.000,22:00,15.770000000088475
2025-05-30 23:00:00.000,23:00,16.170000000018625
2025-05-31 00:00:00.000,00:00,14.459999999962747
2025-05-31 01:00:00.000,01:00,14.709999999939464
2025-05-31 02:00:00.000,02:00,14.570000000088475
2025-05-31 03:00:00.000,03:00,14.699999999953434
2025-05-31 04:00:00.000,04:00,19.910000000009312
2025-05-31 05:00:00.000,05:00,20.32000000004191
2025-05-31 06:00:00.000,06:00,19.429999999911523
2025-05-31 07:00:00.000,07:00,18.09000000008382
2025-05-31 08:00:00.000,08:00,17.700909090816804
2025-05-31 09:00:00.000,09:00,17.369090909201823
2025-05-31 10:00:00.000,10:00,16.77999999988824
2025-05-31 11:00:00.000,11:00,16.539999999990687
2025-05-31 12:00:00.000,12:00,16.960000000009313
2025-05-31 13:00:00.000,13:00,17.180000000121073
2025-05-31 14:00:00.000,14:00,17.209999999986028
2025-05-31 15:00:00.000,15:00,17.66999999999534
2025-05-31 16:00:00.000,16:00,17.377777777679473
2025-05-31 17:00:00.000,17:00,16.452222222325187
2025-05-31 18:00:00.000,18:00,16.18999999994412
2025-05-31 19:00:00.000,19:00,15.630000000051222
2025-05-31 20:00:00.000,20:00,15.669999999925494
2025-05-31 21:00:00.000,21:00,15.740000000060537
2025-05-31 22:00:00.000,22:00,15.55999999998603
2025-05-31 23:00:00.000,23:00,15.679999999934807
2025-06-01 00:00:00.000,00:00,15.640000000130385
2025-06-01 01:00:00.000,01:00,14.519999999995344
2025-06-01 02:00:00.000,02:00,14.369999999925493
2025-06-01 03:00:00.000,03:00,14.039999999990687
2025-06-01 04:00:00.000,04:00,14.300000000046566
2025-06-01 05:00:00.000,05:00,15.77000000004191
2025-06-01 06:00:00.000,06:00,15.119999999878928
2025-06-01 07:00:00.000,07:00,14.209999999962747
2025-06-01 08:00:00.000,08:00,14.193636363732036
2025-06-01 09:00:00.000,09:00,14.376363636286591
2025-06-01 10:00:00.000,10:00,14.380000000121072
2025-06-01 11:00:00.000,11:00,14.35999999991618
2025-06-01 12:00:00.000,12:00,14.71999999997206
2025-06-01 13:00:00.000,13:00,15.039999999990687
2025-06-01 14:00:00.000,14:00,15.159999999962746
2025-06-01 15:00:00.000,15:00,14.818181818181818
2025-06-01 16:00:00.000,16:00,14.601818181976506
2025-06-01 17:00:00.000,17:00,14.959999999962747
2025-06-01 18:00:00.000,18:00,15.040000000037253
2025-06-01 19:00:00.000,19:00,14.699999999953434
2025-06-01 20:00:00.000,20:00,14.19818181807006
2025-06-01 21:00:00.000,21:00,15.141818181850777
2025-06-01 22:00:00.000,22:00,16.980000000051223
2025-06-01 23:00:00.000,23:00,19.460000000055878
2025-06-02 00:00:00.000,00:00,18.189999999990686
2025-06-02 01:00:00.000,01:00,18
2025-06-02 02:00:00.000,02:00,17.81000000005588
2025-06-02 03:00:00.000,03:00,18.389999999897555
2025-06-02 04:00:00.000,04:00,19.899999999930152
2025-06-02 05:00:00.000,05:00,20.95999999998603
2025-06-02 06:00:00.000,06:00,18.870000000041912
2025-06-02 07:00:00.000,07:00,17.370000000135043
2025-06-02 08:00:00.000,08:00,19.06999999987893
2025-06-02 09:00:00.000,09:00,23.36000000005588
2025-06-02 10:00:00.000,10:00,22.05999999996275
2025-06-02 11:00:00.000,11:00,20.71999999997206
2025-06-02 12:00:00.000,12:00,19.58000000002794
2025-06-02 13:00:00.000,13:00,18.597777777832622
2025-06-02 14:00:00.000,14:00,20.982222222102184
2025-06-02 15:00:00.000,15:00,21.060000000102445
2025-06-02 16:00:00.000,16:00,20.4466666665963
2025-06-02 17:00:00.000,17:00,18.26666666681154
2025-06-02 18:00:00.000,18:00,16.386666666638725
2025-06-02 19:00:00.000,19:00,14.96999999997206
2025-06-02 20:00:00.000,20:00,13.919999999925494
2025-06-02 21:00:00.000,21:00,14.370000000041909
2025-06-02 22:00:00.000,22:00,14.369999999948778
2025-06-02 23:00:00.000,23:00,15.25
2025-06-03 00:00:00.000,00:00,13.840000000083819
2025-06-03 01:00:00.000,01:00,13.239999999967404
2025-06-03 02:00:00.000,02:00,13.5
2025-06-03 03:00:00.000,03:00,13.68999999994412
2025-06-03 04:00:00.000,04:00,14.970000000018626
2025-06-03 05:00:00.000,05:00,16.580000000074506
2025-06-03 06:00:00.000,06:00,15.739999999967404
2025-06-03 07:00:00.000,07:00,15.090000000083819
2025-06-03 08:00:00.000,08:00,17.40999999982305
2025-06-03 09:00:00.000,09:00,21.120000000158324
2025-06-03 10:00:00.000,10:00,21.960000000009313
2025-06-03 11:00:00.000,11:00,21.979999999934808
2025-06-03 12:00:00.000,12:00,20.51999999997206
2025-06-03 13:00:00.000,13:00,20.839999999990688
2025-06-03 14:00:00.000,14:00,24.72000000007366
2025-06-03 15:00:00.000,15:00,25.481818181737747
2025-06-03 16:00:00.000,16:00,23.618181818160654
2025-06-03 17:00:00.000,17:00,19.379999999981372
2025-06-03 18:00:00.000,18:00,20.460000000125728
2025-06-03 19:00:00.000,19:00,17.426666666621653
2025-06-03 20:00:00.000,20:00,14.5
2025-06-03 21:00:00.000,21:00,15.383333333224678
2025-06-03 22:00:00.000,22:00,15.140000000130385
2025-06-03 23:00:00.000,23:00,15.510000000009313
2025-06-04 00:00:00.000,00:00,15.629999999911524
2025-06-04 01:00:00.000,01:00,15.600000000093132
2025-06-04 02:00:00.000,02:00,15.909999999916181
2025-06-04 03:00:00.000,03:00,15.32000000004191
2025-06-04 04:00:00.000,04:00,15.580000000074506
2025-06-04 05:00:00.000,05:00,16.679999999958092
2025-06-04 06:00:00.000,06:00,16.22999999995809
2025-06-04 07:00:00.000,07:00,15.95
2025-06-04 08:00:00.000,08:00,18.83999999994412
2025-06-04 09:00:00.000,09:00,20.960000000009313
2025-06-04 10:00:00.000,10:00,20.800000000046566
2025-06-04 11:00:00.000,11:00,20.699999999953434
2025-06-04 12:00:00.000,12:00,19.98000000012107
2025-06-04 13:00:00.000,13:00,20.760000000009313
2025-06-04 14:00:00.000,14:00,23.719999999995345
2025-06-04 15:00:00.000,15:00,23.83999999992084
2025-06-04 16:00:00.000,16:00,24.136363636389035
2025-06-04 17:00:00.000,17:00,18.783636363583025
2025-06-04 18:00:00.000,18:00,15.660000000079162
2025-06-04 19:00:00.000,19:00,14.669999999995344
2025-06-04 20:00:00.000,20:00,14.330000000004656
2025-06-04 21:00:00.000,21:00,14.399999999976718
2025-06-04 22:00:00.000,22:00,14.5
2025-06-04 23:00:00.000,23:00,15.419999999925494
2025-06-05 00:00:00.000,00:00,14.75
2025-06-05 01:00:00.000,01:00,14.910000000125729
2025-06-05 02:00:00.000,02:00,14.879999999911524
2025-06-05 03:00:00.000,03:00,13.63000000009779
2025-06-05 04:00:00.000,04:00,14.989999999990687
2025-06-05 05:00:00.000,05:00,16.179999999958092
2025-06-05 06:00:00.000,06:00,15.909999999916181
2025-06-05 07:00:00.000,07:00,15.49000000001397
2025-06-05 08:00:00.000,08:00,19.137777777727592
2025-06-05 09:00:00.000,09:00,20.222222222305007
2025-06-05 10:00:00.000,10:00,21.179999999981373
2025-06-05 11:00:00.000,11:00,21.56000000005588
2025-06-05 12:00:00.000,12:00,19.239999999897556
2025-06-05 13:00:00.000,13:00,18.380000000121072
2025-06-05 14:00:00.000,14:00,19.989999999897552
2025-06-05 15:00:00.000,15:00,20.570000000065193
2025-06-05 16:00:00.000,16:00,20.15999999991618
2025-06-05 17:00:00.000,17:00,18.619999999972062
2025-06-05 18:00:00.000,18:00,16.480000000074504
2025-06-05 19:00:00.000,19:00,15.270000000018626
2025-06-05 20:00:00.000,20:00,14.800000000046566
2025-06-05 21:00:00.000,21:00,15.46999999997206
2025-06-05 22:00:00.000,22:00,14.68999999994412
2025-06-05 23:00:00.000,23:00,15.18999999994412
2025-06-06 00:00:00.000,00:00,13.690000000130386
2025-06-06 01:00:00.000,01:00,13.67999999995809
2025-06-06 02:00:00.000,02:00,13.590000000083819
2025-06-06 03:00:00.000,03:00,13.879999999911524
2025-06-06 04:00:00.000,04:00,15.010000000009313
2025-06-06 05:00:00.000,05:00,16.85999999991618
2025-06-06 06:00:00.000,06:00,16.73000000016764
2025-06-06 07:00:00.000,07:00,15.389999999920837
2025-06-06 08:00:00.000,08:00,17.560000000079164
2025-06-06 09:00:00.000,09:00,20.449999999860303
2025-06-06 10:00:00.000,10:00,22.30000000009313
2025-06-06 11:00:00.000,11:00,22.659999999962746
2025-06-06 12:00:00.000,12:00,21.200000000093134
2025-06-06 13:00:00.000,13:00,20.5
2025-06-06 14:00:00.000,14:00,23.509090908997777
2025-06-06 15:00:00.000,15:00,23.699999999953434
2025-06-06 16:00:00.000,16:00,23.490909091002223
2025-06-06 17:00:00.000,17:00,20.911111111049024
2025-06-06 18:00:00.000,18:00,18.61888888893235
2025-06-06 19:00:00.000,19:00,14.658888888897167
2025-06-06 20:00:00.000,20:00,13.751111111042295
2025-06-06 21:00:00.000,21:00,14.35
2025-06-06 22:00:00.000,22:00,14.259999999939463
2025-06-06 23:00:00.000,23:00,14.850000000093132
2025-06-07 00:00:00.000,00:00,12.989999999967404
2025-06-07 01:00:00.000,01:00,13
2025-06-07 02:00:00.000,02:00,13.300000000023283
2025-06-07 03:00:00.000,03:00,12.980000000004656
2025-06-07 04:00:00.000,04:00,13.889999999920837
2025-06-07 05:00:00.000,05:00,15.580000000074506
2025-06-07 06:00:00.000,06:00,14.840000000060536
2025-06-07 07:00:00.000,07:00,13.989999999990687
2025-06-07 08:00:00.000,08:00,15.375454545319503
2025-06-07 09:00:00.000,09:00,14.834545454666527
2025-06-07 10:00:00.000,10:00,15.07999999988824
2025-06-07 11:00:00.000,11:00,15.680000000074507
2025-06-07 12:00:00.000,12:00,14.839999999944121
2025-06-07 13:00:00.000,13:00,14.840000000037254
2025-06-07 14:00:00.000,14:00,14.56000000005588
2025-06-07 15:00:00.000,15:00,15.329090908995237
2025-06-07 16:00:00.000,16:00,15.55757575761762
2025-06-07 17:00:00.000,17:00,14.606060606044142
2025-06-07 18:00:00.000,18:00,14.107272727366283
2025-06-07 19:00:00.000,19:00,13.829999999911525
2025-06-07 20:00:00.000,20:00,13.630000000051222
2025-06-07 21:00:00.000,21:00,14.109999999939465
2025-06-07 22:00:00.000,22:00,14.130000000051222
2025-06-07 23:00:00.000,23:00,14.520000000088476
2025-06-08 00:00:00.000,00:00,13.179999999911525
2025-06-08 01:00:00.000,01:00,13.290000000037253
2025-06-08 02:00:00.000,02:00,13.310000000032597
2025-06-08 03:00:00.000,03:00,13.089999999874271
2025-06-08 04:00:00.000,04:00,13.480000000004656
2025-06-08 05:00:00.000,05:00,14.81000000005588
2025-06-08 06:00:00.000,06:00,14.219999999948778
2025-06-08 07:00:00.000,07:00,13.189999999967403
2025-06-08 08:00:00.000,08:00,13.270000000018626
2025-06-08 09:00:00.000,09:00,13.240000000130385
2025-06-08 10:00:00.000,10:00,13.379999999934807
2025-06-08 11:00:00.000,11:00,13.35999999991618
2025-06-08 12:00:00.000,12:00,13.320000000018627
2025-06-08 13:00:00.000,13:00,13.5
2025-06-08 14:00:00.000,14:00,13.470000000018626
2025-06-08 15:00:00.000,15:00,13.55999999998603
2025-06-08 16:00:00.000,16:00,13.46999999997206
2025-06-08 17:00:00.000,17:00,13.47000000004191
2025-06-08 18:00:00.000,18:00,13.600000000023282
2025-06-08 19:00:00.000,19:00,13.699999999953434
2025-06-08 20:00:00.000,20:00,13.460000000125728
2025-06-08 21:00:00.000,21:00,14.419999999902211
2025-06-08 22:00:00.000,22:00,14.289999999967403
2025-06-08 23:00:00.000,23:00,14.820000000065193
2025-06-09 00:00:00.000,00:00,13.060000000032597
2025-06-09 01:00:00.000,01:00,12.929999999934807
2025-06-09 02:00:00.000,02:00,13
2025-06-09 03:00:00.000,03:00,13.28000000002794
2025-06-09 04:00:00.000,04:00,14.590000000083819
2025-06-09 05:00:00.000,05:00,16.94000000001397
2025-06-09 06:00:00.000,06:00,16.829999999818394
2025-06-09 07:00:00.000,07:00,14.800000000046566
2025-06-09 08:00:00.000,08:00,14.489999999967404
2025-06-09 09:00:00.000,09:00,15.380000000121072
2025-06-09 10:00:00.000,10:00,15.479999999981374
2025-06-09 11:00:00.000,11:00,15.699999999953434
2025-06-09 12:00:00.000,12:00,16.12000000011176
2025-06-09 13:00:00.000,13:00,15.5
2025-06-09 14:00:00.000,14:00,16.09999999996378
2025-06-09 15:00:00.000,15:00,15.349999999989652
2025-06-09 16:00:00.000,16:00,15.599999999860302
2025-06-09 17:00:00.000,17:00,17.180000000074507
2025-06-09 18:00:00.000,18:00,16.660000000079165
2025-06-09 19:00:00.000,19:00,16.299999999976716
2025-06-09 20:00:00.000,20:00,16.399999999976718
2025-06-09 21:00:00.000,21:00,15.259999999939463
2025-06-09 22:00:00.000,22:00,15.430000000097788
2025-06-09 23:00:00.000,23:00,15.519999999855646
2025-06-10 00:00:00.000,00:00,13.580000000051223
2025-06-10 01:00:00.000,01:00,13.880000000121072
2025-06-10 02:00:00.000,02:00,13.829999999841675
2025-06-10 03:00:00.000,03:00,13.95999999998603
2025-06-10 04:00:00.000,04:00,18.26000000005588
2025-06-10 05:00:00.000,05:00,18.78000000002794
2025-06-10 06:00:00.000,06:00,17.54000000001397
2025-06-10 07:00:00.000,07:00,16.09000000008382
2025-06-10 08:00:00.000,08:00,18.679999999864958
2025-06-10 09:00:00.000,09:00,22.28000000002794
2025-06-10 10:00:00.000,10:00,21.36000000005588
2025-06-10 11:00:00.000,11:00,20.63999999994412
2025-06-10 12:00:00.000,12:00,20.70000000009313
2025-06-10 13:00:00.000,13:00,20.479999999888243
2025-06-10 14:00:00.000,14:00,25.230909090933643
2025-06-10 15:00:00.000,15:00,25.46363636370833
2025-06-10 16:00:00.000,16:00,24.099999999860298
2025-06-10 17:00:00.000,17:00,21.08545454559551
2025-06-10 18:00:00.000,18:00,17.909999999939465
2025-06-10 19:00:00.000,19:00,17.194444444444443
2025-06-10 20:00:00.000,20:00,15.535555555536929
2025-06-10 21:00:00.000,21:00,15.650000000046566
2025-06-10 22:00:00.000,22:00,16.079999999934806
2025-06-10 23:00:00.000,23:00,15.989999999990687
2025-06-11 00:00:00.000,00:00,14.730000000004656
2025-06-11 01:00:00.000,01:00,14.630000000074507
2025-06-11 02:00:00.000,02:00,14.31000000005588
2025-06-11 03:00:00.000,03:00,14.74999999983702
2025-06-11 04:00:00.000,04:00,20.110000000149014
2025-06-11 05:00:00.000,05:00,21.689999999967405
2025-06-11 06:00:00.000,06:00,20.069999999995343
2025-06-11 07:00:00.000,07:00,19.169999999972063
2025-06-11 08:00:00.000,08:00,19.900000000046568
2025-06-11 09:00:00.000,09:00,23.160000000009312
2025-06-11 10:00:00.000,10:00,23.459999999869616
2025-06-11 11:00:00.000,11:00,22.460000000009313
2025-06-11 12:00:00.000,12:00,22.760000000149013
2025-06-11 13:00:00.000,13:00,23.299999999906866
2025-06-11 14:00:00.000,14:00,29.309090909057044
2025-06-11 15:00:00.000,15:00,35.59090909089639
2025-06-11 16:00:00.000,16:00,33.26999999999534
2025-06-11 17:00:00.000,17:00,25.430000000051223
2025-06-11 18:00:00.000,18:00,20.269999999972057
2025-06-11 19:00:00.000,19:00,17.860000000032596
2025-06-11 20:00:00.000,20:00,17.129999999958088
2025-06-11 21:00:00.000,21:00,16.540000000037253
2025-06-11 22:00:00.000,22:00,15.810000000079162
2025-06-11 23:00:00.000,23:00,16.289999999874272
2025-06-12 00:00:00.000,00:00,14.550000000046566
2025-06-12 01:00:00.000,01:00,14.610000000079163
2025-06-12 02:00:00.000,02:00,14.779999999841674
2025-06-12 03:00:00.000,03:00,15.160000000172296
2025-06-12 04:00:00.000,04:00,20.95999999998603
2025-06-12 05:00:00.000,05:00,22.07999999988824
2025-06-12 06:00:00.000,06:00,20.73999999994412
2025-06-12 07:00:00.000,07:00,19.41000000012573
2025-06-12 08:00:00.000,08:00,20.56999999987893
2025-06-12 09:00:00.000,09:00,24.3
2025-06-12 10:00:00.000,10:00,28.5
2025-06-12 11:00:00.000,11:00,29.200000000093134
2025-06-12 12:00:00.000,12:00,27.539999999990684
2025-06-12 13:00:00.000,13:00,26.699999999953434
2025-06-12 14:00:00.000,14:00,28.54444444450136
2025-06-12 15:00:00.000,15:00,30.066666666677012
2025-06-12 16:00:00.000,16:00,29.748888888947352
2025-06-12 17:00:00.000,17:00,25.82999999995809
2025-06-12 18:00:00.000,18:00,21.09000000001397
2025-06-12 19:00:00.000,19:00,19.429999999934807
2025-06-12 20:00:00.000,20:00,18.97000000004191
2025-06-12 21:00:00.000,21:00,17.280000000051224
2025-06-12 22:00:00.000,22:00,16.789999999967403
2025-06-12 23:00:00.000,23:00,16.75
2025-06-13 00:00:00.000,00:00,15.52000000004191
2025-06-13 01:00:00.000,01:00,15.439999999920838
2025-06-13 02:00:00.000,02:00,15.60000000006985
2025-06-13 03:00:00.000,03:00,15.619999999972059
2025-06-13 04:00:00.000,04:00,24.929999999981373
2025-06-13 05:00:00.000,05:00,24.290000000060537
2025-06-13 06:00:00.000,06:00,22.859999999823046
2025-06-13 07:00:00.000,07:00,22.93999999999069
2025-06-13 08:00:00.000,08:00,24.74000000017695
2025-06-13 09:00:00.000,09:00,25.75999999982305
2025-06-13 10:00:00.000,10:00,27.16000000014901
2025-06-13 11:00:00.000,11:00,29.2
2025-06-13 12:00:00.000,12:00,26.93999999989755
2025-06-13 13:00:00.000,13:00,27.963636363589796
2025-06-13 14:00:00.000,14:00,36.67636363651731
2025-06-13 15:00:00.000,15:00,37.50999999984633
2025-06-13 16:00:00.000,16:00,36.170000000111756
2025-06-13 17:00:00.000,17:00,28.04999999993015
2025-06-13 18:00:00.000,18:00,24.330000000004656
2025-06-13 19:00:00.000,19:00,22.66000000007916
2025-06-13 20:00:00.000,20:00,21.019999999948777
2025-06-13 21:00:00.000,21:00,18.020000000111757
2025-06-13 22:00:00.000,22:00,17.389999999827708
2025-06-13 23:00:00.000,23:00,17.510000000172294
2025-06-14 00:00:00.000,00:00,15.149999999906868
2025-06-14 01:00:00.000,01:00,15.780000000051222
2025-06-14 02:00:00.000,02:00,15.22999999995809
2025-06-14 03:00:00.000,03:00,15.379999999911524
2025-06-14 04:00:00.000,04:00,21.130000000167637
2025-06-14 05:00:00.000,05:00,22.059999999869618
2025-06-14 06:00:00.000,06:00,20.290000000037253
2025-06-14 07:00:00.000,07:00,19.850000000046567
2025-06-14 08:00:00.000,08:00,19.76999999990221
2025-06-14 09:00:00.000,09:00,19.979999999981377
2025-06-14 10:00:00.000,10:00,19.780000000167636
2025-06-14 11:00:00.000,11:00,19.9
2025-06-14 12:00:00.000,12:00,19.559999999962745
2025-06-14 13:00:00.000,13:00,18.639999999897555
2025-06-14 14:00:00.000,14:00,19.51000000012573
2025-06-14 15:00:00.000,15:00,19.65999999991618
2025-06-14 16:00:00.000,16:00,19.199999999953434
2025-06-14 17:00:00.000,17:00,19.110000000102445
2025-06-14 18:00:00.000,18:00,18.379999999981376
2025-06-14 19:00:00.000,19:00,17.369999999948778
2025-06-14 20:00:00.000,20:00,17.540000000037253
2025-06-14 21:00:00.000,21:00,16.319999999995346
2025-06-14 22:00:00.000,22:00,19.680000000004657
2025-06-14 23:00:00.000,23:00,20.629999999981372
2025-06-15 00:00:00.000,00:00,18.760000000079163
2025-06-15 01:00:00.000,01:00,19.019999999995346
2025-06-15 02:00:00.000,02:00,19.079999999888244
2025-06-15 03:00:00.000,03:00,18.910000000125727
2025-06-15 04:00:00.000,04:00,15.18999999987427
2025-06-15 05:00:00.000,05:00,16.45999999998603
2025-06-15 06:00:00.000,06:00,16.14000000008382
2025-06-15 07:00:00.000,07:00,14.599999999883584
2025-06-15 08:00:00.000,08:00,14.980000000167639
2025-06-15 09:00:00.000,09:00,14.85999999991618
2025-06-15 10:00:00.000,10:00,14.820000000018627
2025-06-15 11:00:00.000,11:00,15.019999999925494
2025-06-15 12:00:00.000,12:00,15.559999999962747
2025-06-15 13:00:00.000,13:00,15.080000000074506
2025-06-15 14:00:00.000,14:00,15
2025-06-15 15:00:00.000,15:00,15.46999999997206
2025-06-15 16:00:00.000,16:00,15.40999999998603
2025-06-15 17:00:00.000,17:00,15.050000000139697
2025-06-15 18:00:00.000,18:00,15.069999999902212
2025-06-15 19:00:00.000,19:00,15.109999999939465
2025-06-15 20:00:00.000,20:00,15.230000000144354
2025-06-15 21:00:00.000,21:00,15.369999999948778
2025-06-15 22:00:00.000,22:00,16.19000000003725
2025-06-15 23:00:00.000,23:00,16.319999999902212
2025-06-16 00:00:00.000,00:00,14.660000000125729
2025-06-16 01:00:00.000,01:00,14.599999999883584
2025-06-16 02:00:00.000,02:00,14.580000000074506
2025-06-16 03:00:00.000,03:00,14.879999999911524
2025-06-16 04:00:00.000,04:00,24.599999999976717
2025-06-16 05:00:00.000,05:00,25.140000000153666
2025-06-16 06:00:00.000,06:00,22.80999999996275
2025-06-16 07:00:00.000,07:00,21.039999999874276
2025-06-16 08:00:00.000,08:00,24.630000000074503
2025-06-16 09:00:00.000,09:00,26.28000000002794
2025-06-16 10:00:00.000,10:00,25.540000000037253
2025-06-16 11:00:00.000,11:00,27.3
2025-06-16 12:00:00.000,12:00,26.2999999998603
2025-06-16 13:00:00.000,13:00,24.640000000176954
2025-06-16 14:00:00.000,14:00,27.889999999920835
2025-06-16 15:00:00.000,15:00,29.119090909144674
2025-06-16 16:00:00.000,16:00,28.580909090808763
2025-06-16 17:00:00.000,17:00,25.24000000001397
2025-06-16 18:00:00.000,18:00,21.61000000005588
2025-06-16 19:00:00.000,19:00,19.429999999934807
2025-06-16 20:00:00.000,20:00,19.369999999948778
2025-06-16 21:00:00.000,21:00,17.630000000051222
2025-06-16 22:00:00.000,22:00,18.1900000001071
2025-06-16 23:00:00.000,23:00,18.639999999827705
2025-06-17 00:00:00.000,00:00,16.42000000018161
2025-06-17 01:00:00.000,01:00,16.50999999998603
2025-06-17 02:00:00.000,02:00,16.57999999988824
2025-06-17 03:00:00.000,03:00,16.480000000004658
2025-06-17 04:00:00.000,04:00,24.300000000116416
2025-06-17 05:00:00.000,05:00,24.709999999962747
2025-06-17 06:00:00.000,06:00,21.400000000046568
2025-06-17 07:00:00.000,07:00,20.109090909082443
2025-06-17 08:00:00.000,08:00,24.190909090731292
2025-06-17 09:00:00.000,09:00,23.840000000037254
2025-06-17 10:00:00.000,10:00,24.44000000003725
2025-06-17 11:00:00.000,11:00,25.93999999999069
2025-06-17 12:00:00.000,12:00,24.900000000046564
2025-06-17 13:00:00.000,13:00,26.460000000055878
2025-06-17 14:00:00.000,14:00,28.959999999892897
2025-06-17 15:00:00.000,15:00,31.680000000004657
2025-06-17 16:00:00.000,16:00,33.70000000002328
2025-06-17 17:00:00.000,17:00,29.999999999953435
2025-06-17 18:00:00.000,18:00,22.73000000009779
2025-06-17 19:00:00.000,19:00,20.216666666563185
2025-06-17 20:00:00.000,20:00,19.543333333376275
2025-06-17 21:00:00.000,21:00,17.22000000006519
2025-06-17 22:00:00.000,22:00,16.859999999869615
2025-06-17 23:00:00.000,23:00,17.710000000125728
2025-06-18 00:00:00.000,00:00,15.849999999860302
2025-06-18 01:00:00.000,01:00,15.600000000093132
2025-06-18 02:00:00.000,02:00,15.879999999911524
2025-06-18 03:00:00.000,03:00,16.060000000079164
2025-06-18 04:00:00.000,04:00,24.789999999920838
2025-06-18 05:00:00.000,05:00,26.70000000016298
2025-06-18 06:00:00.000,06:00,24.269999999972057
2025-06-18 07:00:00.000,07:00,22.260000000032598
2025-06-18 08:00:00.000,08:00,26.149999999953433
2025-06-18 09:00:00.000,09:00,27.159999999892896
2025-06-18 10:00:00.000,10:00,28.820000000018624
2025-06-18 11:00:00.000,11:00,28.960000000102447
2025-06-18 12:00:00.000,12:00,28.27999999993481
2025-06-18 13:00:00.000,13:00,29.980000000074504
2025-06-18 14:00:00.000,14:00,32.740000000037256
2025-06-18 15:00:00.000,15:00,33.727272727205
2025-06-18 16:00:00.000,16:00,32.04272727276707
2025-06-18 17:00:00.000,17:00,27.939999999967405
2025-06-18 18:00:00.000,18:00,23.570000000018624
2025-06-18 19:00:00.000,19:00,20.229999999981374
2025-06-18 20:00:00.000,20:00,20
2025-06-18 21:00:00.000,21:00,16.819999999995343
2025-06-18 22:00:00.000,22:00,16.11999999997206
2025-06-18 23:00:00.000,23:00,17.350000000093132
2025-06-19 00:00:00.000,00:00,16.529999999818394
2025-06-19 01:00:00.000,01:00,16.70000000016298
2025-06-19 02:00:00.000,02:00,16.88999999992084
2025-06-19 03:00:00.000,03:00,16.38999999992084
2025-06-19 04:00:00.000,04:00,25.280000000121074
2025-06-19 05:00:00.000,05:00,26.389999999920835
2025-06-19 06:00:00.000,06:00,23.660000000079165
2025-06-19 07:00:00.000,07:00,23.049999999883585
2025-06-19 08:00:00.000,08:00,27.309999999986033
2025-06-19 09:00:00.000,09:00,27.34000000017695
2025-06-19 10:00:00.000,10:00,27.779999999841674
2025-06-19 11:00:00.000,11:00,34.94000000013038
2025-06-19 12:00:00.000,12:00,31.74909090900963
2025-06-19 13:00:00.000,13:00,34.13090909087862
2025-06-19 14:00:00.000,14:00,37.91999999999535
2025-06-19 15:00:00.000,15:00,44.699999999999996
2025-06-19 16:00:00.000,16:00,43.64000000015367
2025-06-19 17:00:00.000,17:00,37.049999999860304
2025-06-19 18:00:00.000,18:00,29.990000000107102
2025-06-19 19:00:00.000,19:00,25.56999999990221
2025-06-19 20:00:00.000,20:00,24.889999999990685
2025-06-19 21:00:00.000,21:00,18.600000000046563
2025-06-19 22:00:00.000,22:00,18.630000000051222
2025-06-19 23:00:00.000,23:00,18.37000000004191
2025-06-20 00:00:00.000,00:00,17.899999999953433
2025-06-20 01:00:00.000,01:00,17.039999999990687
2025-06-20 02:00:00.000,02:00,16.99000000001397
2025-06-20 03:00:00.000,03:00,17.119999999948778
2025-06-20 04:00:00.000,04:00,24.33999999992084
2025-06-20 05:00:00.000,05:00,24.009999999986032
2025-06-20 06:00:00.000,06:00,22.430000000144354
2025-06-20 07:00:00.000,07:00,23.23000000002794
2025-06-20 08:00:00.000,08:00,27.106666666628897
2025-06-20 09:00:00.000,09:00,30.15333333331057
2025-06-20 10:00:00.000,10:00,34.1199999999255
2025-06-20 11:00:00.000,11:00,36.72000000006519
2025-06-20 12:00:00.000,12:00,34.72000000006519
2025-06-20 13:00:00.000,13:00,35.87555555552762
2025-06-20 14:00:00.000,14:00,39.294444444491006
2025-06-20 15:00:00.000,15:00,39.62999999988824
2025-06-20 16:00:00.000,16:00,39.199999999953434
2025-06-20 17:00:00.000,17:00,34.530000000144355
2025-06-20 18:00:00.000,18:00,30.11999999997206
2025-06-20 19:00:00.000,19:00,29.169999999995344
2025-06-20 20:00:00.000,20:00,27.539999999990687
2025-06-20 21:00:00.000,21:00,22.519999999948777
2025-06-20 22:00:00.000,22:00,20.879999999981372
2025-06-20 23:00:00.000,23:00,20.760000000032598
2025-06-21 00:00:00.000,00:00,18.47000000004191
2025-06-21 01:00:00.000,01:00,18.699999999953434
2025-06-21 02:00:00.000,02:00,18.320000000041908
2025-06-21 03:00:00.000,03:00,18.819999999925496
2025-06-21 04:00:00.000,04:00,23.140000000083816
2025-06-21 05:00:00.000,05:00,23.859999999916184
2025-06-21 06:00:00.000,06:00,22.039999999990684
2025-06-21 07:00:00.000,07:00,21.669999999972063
2025-06-21 08:00:00.000,08:00,23.880000000044873
2025-06-21 09:00:00.000,09:00,25.22000000004826
2025-06-21 10:00:00.000,10:00,27.119999999925493
2025-06-21 11:00:00.000,11:00,29.4000000001397
2025-06-21 12:00:00.000,12:00,29.07999999988824
2025-06-21 13:00:00.000,13:00,29.820000000111758
2025-06-21 14:00:00.000,14:00,29.839999999944123
2025-06-21 15:00:00.000,15:00,29.949999999976715
2025-06-21 16:00:00.000,16:00,30.989999999967406
2025-06-21 17:00:00.000,17:00,31.56000000005588
2025-06-21 18:00:00.000,18:00,30.72000000006519
2025-06-21 19:00:00.000,19:00,30.569999999902212
2025-06-21 20:00:00.000,20:00,29.17999999995809
2025-06-21 21:00:00.000,21:00,24.310000000079164
2025-06-21 22:00:00.000,22:00,22.62999999988824
2025-06-21 23:00:00.000,23:00,22.410000000032596
2025-06-22 00:00:00.000,00:00,19.480000000051223
2025-06-22 01:00:00.000,01:00,18.41999999990221
2025-06-22 02:00:00.000,02:00,18.81000000005588
2025-06-22 03:00:00.000,03:00,18.10000000006985
2025-06-22 04:00:00.000,04:00,18.480000000004658
2025-06-22 05:00:00.000,05:00,20.260000000055882
2025-06-22 06:00:00.000,06:00,19.349999999813736
2025-06-22 07:00:00.000,07:00,18.69000000017695
2025-06-22 08:00:00.000,08:00,18.229999999888243
2025-06-22 09:00:00.000,09:00,18.340000000037254
2025-06-22 10:00:00.000,10:00,18.300000000046566
2025-06-22 11:00:00.000,11:00,19.3
2025-06-22 12:00:00.000,12:00,19.480000000027943
2025-06-22 13:00:00.000,13:00,19.879999999934807
2025-06-22 14:00:00.000,14:00,20.660000000009315
2025-06-22 15:00:00.000,15:00,21
2025-06-22 16:00:00.000,16:00,21.239999999990687
2025-06-22 17:00:00.000,17:00,21.899999999976718
2025-06-22 18:00:00.000,18:00,22.02999999995809
2025-06-22 19:00:00.000,19:00,21.177272727285427
2025-06-22 20:00:00.000,20:00,20.65272727278908
2025-06-22 21:00:00.000,21:00,20.189999999920836
2025-06-22 22:00:00.000,22:00,23.889999999990685
2025-06-22 23:00:00.000,23:00,24.14000000001397
2025-06-23 00:00:00.000,00:00,21.930000000051223
2025-06-23 01:00:00.000,01:00,22.199999999953434
2025-06-23 02:00:00.000,02:00,18.670000000088475
2025-06-23 03:00:00.000,03:00,19.239999999920837
2025-06-23 04:00:00.000,04:00,26.450000000116415
2025-06-23 05:00:00.000,05:00,27.229999999841674
2025-06-23 06:00:00.000,06:00,26.05999999998603
2025-06-23 07:00:00.000,07:00,25.380000000144356
2025-06-23 08:00:00.000,08:00,28.5999999998603
2025-06-23 09:00:00.000,09:00,25.400000000046564
2025-06-23 10:00:00.000,10:00,25.079999999981375
2025-06-23 11:00:00.000,11:00,24.920000000018625
2025-06-23 12:00:00.000,12:00,28.119999999972062
2025-06-23 13:00:00.000,13:00,31.9000000001397
2025-06-23 14:00:00.000,14:00,38.860000000009315
2025-06-23 15:00:00.000,15:00,38.03777777766809
2025-06-23 16:00:00.000,16:00,36.22222222229466
2025-06-23 17:00:00.000,17:00,32.78999999992084
2025-06-23 18:00:00.000,18:00,24.76000000012573
2025-06-23 19:00:00.000,19:00,21.399999999906868
2025-06-23 20:00:00.000,20:00,20.729999999981374
2025-06-23 21:00:00.000,21:00,16.61000000005588
2025-06-23 22:00:00.000,22:00,16.65999999991618
2025-06-23 23:00:00.000,23:00,17.350000000093132
2025-06-24 00:00:00.000,00:00,16.7999999998603
2025-06-24 01:00:00.000,01:00,16.91000000012573
2025-06-24 02:00:00.000,02:00,16.90999999991618
2025-06-24 03:00:00.000,03:00,18.35
2025-06-24 04:00:00.000,04:00,27.669999999972063
2025-06-24 05:00:00.000,05:00,26.33000000002794
2025-06-24 06:00:00.000,06:00,23.040000000013972
2025-06-24 07:00:00.000,07:00,23.390000000130385
2025-06-24 08:00:00.000,08:00,25.9999999999238
2025-06-24 09:00:00.000,09:00,24.060000000038944
2025-06-24 10:00:00.000,10:00,25.519999999925496
2025-06-24 11:00:00.000,11:00,29.179999999934807
2025-06-24 12:00:00.000,12:00,27.862222222321563
2025-06-24 13:00:00.000,13:00,30.800000000020695
2025-06-24 14:00:00.000,14:00,32.737777777820725
2025-06-24 15:00:00.000,15:00,33.92999999993481
2025-06-24 16:00:00.000,16:00,33.600000000023286
2025-06-24 17:00:00.000,17:00,28.589999999967404
2025-06-24 18:00:00.000,18:00,24.210000000055878
2025-06-24 19:00:00.000,19:00,22.02999999995809
2025-06-24 20:00:00.000,20:00,22.169999999995344
2025-06-24 21:00:00.000,21:00,18.819999999925493
2025-06-24 22:00:00.000,22:00,17.879999999981372
2025-06-24 23:00:00.000,23:00,17.80999999998603
2025-06-25 00:00:00.000,00:00,17.600000000139698
2025-06-25 01:00:00.000,01:00,17.88999999992084
2025-06-25 02:00:00.000,02:00,17.709999999939463
2025-06-25 03:00:00.000,03:00,19.44000000008382
2025-06-25 04:00:00.000,04:00,30.58000000009779
2025-06-25 05:00:00.000,05:00,29.45999999998603
2025-06-25 06:00:00.000,06:00,27.09000000001397
2025-06-25 07:00:00.000,07:00,26.379999999911526
2025-06-25 08:00:00.000,08:00,27.605555555648685
2025-06-25 09:00:00.000,09:00,26.924444444332686
2025-06-25 10:00:00.000,10:00,29.880000000027938
2025-06-25 11:00:00.000,11:00,34.360000000009315
2025-06-25 12:00:00.000,12:00,33.360000000009315
2025-06-25 13:00:00.000,13:00,35.43999999989756
2025-06-25 14:00:00.000,14:00,43.28000000012107
2025-06-25 15:00:00.000,15:00,48.22999999998137
2025-06-25 16:00:00.000,16:00,45.48000000000466
2025-06-25 17:00:00.000,17:00,36.82999999998137
2025-06-25 18:00:00.000,18:00,29.67999999995809
2025-06-25 19:00:00.000,19:00,25.350000000023286
2025-06-25 20:00:00.000,20:00,24.40000000006985
2025-06-25 21:00:00.000,21:00,20.709999999986028
2025-06-25 22:00:00.000,22:00,19.62000000004191
2025-06-25 23:00:00.000,23:00,19.4999999998603
2025-06-26 00:00:00.000,00:00,18.87999999995809
2025-06-26 01:00:00.000,01:00,18.92000000013504
2025-06-26 02:00:00.000,02:00,19.359999999916184
2025-06-26 03:00:00.000,03:00,20.640000000037254
2025-06-26 04:00:00.000,04:00,29.840000000037254
2025-06-26 05:00:00.000,05:00,27.71999999997206
2025-06-26 06:00:00.000,06:00,24.729999999958093
2025-06-26 07:00:00.000,07:00,25.989999999990687
2025-06-26 08:00:00.000,08:00,25.48000000009779
2025-06-26 09:00:00.000,09:00,27.199999999860303
2025-06-26 10:00:00.000,10:00,27.720000000158322
2025-06-26 11:00:00.000,11:00,29.279999999841674
2025-06-26 12:00:00.000,12:00,29.278596491254298
2025-06-26 13:00:00.000,13:00,29.31578947372098
2025-06-26 14:00:00.000,14:00,29.31578947372098
2025-06-26 15:00:00.000,15:00,29.629824561387583
2025-06-26 16:00:00.000,16:00,30.969999999995345
2025-06-26 17:00:00.000,17:00,25.94000000003725
2025-06-26 18:00:00.000,18:00,22.12999999988824
2025-06-26 19:00:00.000,19:00,20.73000000016764
2025-06-26 20:00:00.000,20:00,20.199999999953437
2025-06-26 21:00:00.000,21:00,17.820000000041908
2025-06-26 22:00:00.000,22:00,17.539999999990687
2025-06-26 23:00:00.000,23:00,17.369999999878928
2025-06-27 00:00:00.000,00:00,17.770000000088476
2025-06-27 01:00:00.000,01:00,17.919999999925494
2025-06-27 02:00:00.000,02:00,17.83000000002794
2025-06-27 03:00:00.000,03:00,19.539999999967403
2025-06-27 04:00:00.000,04:00,26.469999999995345
2025-06-27 05:00:00.000,05:00,26.130000000074507
2025-06-27 06:00:00.000,06:00,23.58000000000466
2025-06-27 07:00:00.000,07:00,18.369090908960526
2025-06-27 08:00:00.000,08:00,19.050909091058102
2025-06-27 09:00:00.000,09:00,23.020000000018626
2025-06-27 10:00:00.000,10:00,22.2999999998603
2025-06-27 11:00:00.000,11:00,23.100000000139698
2025-06-27 12:00:00.000,12:00,20.499999999860304
2025-06-27 13:00:00.000,13:00,21.76000000012573
2025-06-27 14:00:00.000,14:00,26.249999999906866
2025-06-27 15:00:00.000,15:00,28.44000000001397
2025-06-27 16:00:00.000,16:00,28.36090909086422
2025-06-27 17:00:00.000,17:00,29.619090909187005
2025-06-27 18:00:00.000,18:00,27.529999999981374
2025-06-27 19:00:00.000,19:00,25.330000000004656
2025-06-27 20:00:00.000,20:00,24.53000000002794
2025-06-27 21:00:00.000,21:00,18.32999999995809
2025-06-27 22:00:00.000,22:00,17.09000000001397
2025-06-27 23:00:00.000,23:00,17.479999999981374
2025-06-28 00:00:00.000,00:00,15.850000000093132
2025-06-28 01:00:00.000,01:00,15.769999999832361
2025-06-28 02:00:00.000,02:00,15.610000000079163
2025-06-28 03:00:00.000,03:00,16.419999999995344
2025-06-28 04:00:00.000,04:00,21.019999999995346
2025-06-28 05:00:00.000,05:00,22.169999999972063
2025-06-28 06:00:00.000,06:00,19.65000000006985
2025-06-28 07:00:00.000,07:00,19.379999999911526
2025-06-28 08:00:00.000,08:00,19.710000000079162
2025-06-28 09:00:00.000,09:00,20.639999999897555
2025-06-28 10:00:00.000,10:00,21.66000000014901
2025-06-28 11:00:00.000,11:00,22.879999999934807
2025-06-28 12:00:00.000,12:00,23.879999999934807
2025-06-28 13:00:00.000,13:00,23.360000000102445
2025-06-28 14:00:00.000,14:00,22.62999999995809
2025-06-28 15:00:00.000,15:00,22.989999999990687
2025-06-28 16:00:00.000,16:00,23.78000000009779
2025-06-28 17:00:00.000,17:00,24.58999999994412
2025-06-28 18:00:00.000,18:00,23.239999999897556
2025-06-28 19:00:00.000,19:00,24.03000000002794
2025-06-28 20:00:00.000,20:00,22.389999999990685
2025-06-28 21:00:00.000,21:00,18.980000000074508
2025-06-28 22:00:00.000,22:00,18.389999999990685
2025-06-28 23:00:00.000,23:00,18.679999999934807
2025-06-29 00:00:00.000,00:00,16.24000000001397
2025-06-29 01:00:00.000,01:00,16.77000000004191
2025-06-29 02:00:00.000,02:00,16.21999999994878
2025-06-29 03:00:00.000,03:00,15.989999999990687
2025-06-29 04:00:00.000,04:00,15.71999999997206
2025-06-29 05:00:00.000,05:00,17.570000000088477
2025-06-29 06:00:00.000,06:00,16.23999999994412
2025-06-29 07:00:00.000,07:00,15.77000000004191
2025-06-29 08:00:00.000,08:00,16.159999999939465
2025-06-29 09:00:00.000,09:00,16.640000000130385
2025-06-29 10:00:00.000,10:00,16.95999999991618
2025-06-29 11:00:00.000,11:00,19.180000000074507
2025-06-29 12:00:00.000,12:00,20.35999999991618
2025-06-29 13:00:00.000,13:00,20.5
2025-06-29 14:00:00.000,14:00,21.960000000055878
2025-06-29 15:00:00.000,15:00,20.710000000032597
2025-06-29 16:00:00.000,16:00,23.039999999874272
2025-06-29 17:00:00.000,17:00,22.820000000158323
2025-06-29 18:00:00.000,18:00,23.37999999995809
2025-06-29 19:00:00.000,19:00,22.359999999869615
2025-06-29 20:00:00.000,20:00,21.09000000001397
2025-06-29 21:00:00.000,21:00,19.700000000116415
2025-06-29 22:00:00.000,22:00,19.819999999995343
2025-06-29 23:00:00.000,23:00,19.799999999906866
2025-06-30 00:00:00.000,00:00,18.090000000130384
2025-06-30 01:00:00.000,01:00,18.030000000004655
2025-06-30 02:00:00.000,02:00,17.29999999983702
2025-06-30 03:00:00.000,03:00,18.91000000007916
2025-06-30 04:00:00.000,04:00,28.729999999958093
2025-06-30 05:00:00.000,05:00,28.930000000004654
2025-06-30 06:00:00.000,06:00,27.470000000111757
2025-06-30 07:00:00.000,07:00,25.209999999962747
2025-06-30 08:00:00.000,08:00,30.230000000051223
2025-06-30 09:00:00.000,09:00,32.919999999878925
2025-06-30 10:00:00.000,10:00,36.740000000037256
2025-06-30 11:00:00.000,11:00,38.579999999934806
2025-06-30 12:00:00.000,12:00,40.71555555561143
2025-06-30 13:00:00.000,13:00,39.68444444438856
2025-06-30 14:00:00.000,14:00,44.550000000093135
2025-06-30 15:00:00.000,15:00,46.06000000005588
2025-06-30 16:00:00.000,16:00,45.11999999997206
2025-06-30 17:00:00.000,17:00,38.48999999987427
2025-06-30 18:00:00.000,18:00,30.86000000005588
2025-06-30 19:00:00.000,19:00,27.38999999999069
2025-06-30 20:00:00.000,20:00,26.03000000002794
2025-06-30 21:00:00.000,21:00,19.759999999892898
2025-06-30 22:00:00.000,22:00,18.360000000032596
2025-06-30 23:00:00.000,23:00,17.9400000001071
2025-07-01 00:00:00.000,00:00,16.789999999874272
2025-07-01 01:00:00.000,01:00,16.030000000004655
2025-07-01 02:00:00.000,02:00,16
2025-07-01 03:00:00.000,03:00,17.44000000008382
2025-07-01 04:00:00.000,04:00,27.899999999906868
2025-07-01 05:00:00.000,05:00,27.800000000046566
2025-07-01 06:00:00.000,06:00,24.83000000002794
2025-07-01 07:00:00.000,07:00,24.889999999920835
2025-07-01 08:00:00.000,08:00,29.660000000125727
2025-07-01 09:00:00.000,09:00,37.99999999990686
2025-07-01 10:00:00.000,10:00,40.12000000001863
2025-07-01 11:00:00.000,11:00,43.52000000001863
2025-07-01 12:00:00.000,12:00,44.50000000004657
2025-07-01 13:00:00.000,13:00,46.91999999997206
2025-07-01 14:00:00.000,14:00,50.49000000006053
2025-07-01 15:00:00.000,15:00,53.24999999990687
2025-07-01 16:00:00.000,16:00,51.84000000003725
2025-07-01 17:00:00.000,17:00,45.65000000002328
2025-07-01 18:00:00.000,18:00,35.4099999998929
2025-07-01 19:00:00.000,19:00,31.700000000116415
2025-07-01 20:00:00.000,20:00,30.18999999994412
2025-07-01 21:00:00.000,21:00,20.888181818268176
2025-07-01 22:00:00.000,22:00,18.541818181736478
2025-07-01 23:00:00.000,23:00,18.739999999920837
2025-07-02 00:00:00.000,00:00,16.230000000004658
2025-07-02 01:00:00.000,01:00,16.680000000167638
2025-07-02 02:00:00.000,02:00,16.12999999988824
2025-07-02 03:00:00.000,03:00,18.600000000023282
2025-07-02 04:00:00.000,04:00,28.94999999993015
2025-07-02 05:00:00.000,05:00,27.650000000162983
2025-07-02 06:00:00.000,06:00,25.44999999990687
2025-07-02 07:00:00.000,07:00,25.270000000041907
2025-07-02 08:00:00.000,08:00,29.495555555517786
2025-07-02 09:00:00.000,09:00,31.76444444451481
2025-07-02 10:00:00.000,10:00,33.0999999998603
2025-07-02 11:00:00.000,11:00,35.76000000005588
2025-07-02 12:00:00.000,12:00,35.39999999995344
2025-07-02 13:00:00.000,13:00,31.864444444582073
2025-07-02 14:00:00.000,14:00,35.955555555483116
2025-07-02 15:00:00.000,15:00,32.3
2025-07-02 16:00:00.000,16:00,30.429999999934807
2025-07-02 17:00:00.000,17:00,26.100000000046567
2025-07-02 18:00:00.000,18:00,22.75000000002328
2025-07-02 19:00:00.000,19:00,19.800000000046566
2025-07-02 20:00:00.000,20:00,19.069999999902212
2025-07-02 21:00:00.000,21:00,16.310000000079164
2025-07-02 22:00:00.000,22:00,19.609999999939465
2025-07-02 23:00:00.000,23:00,20.730000000074504
2025-07-03 00:00:00.000,00:00,19.259999999869613
2025-07-03 01:00:00.000,01:00,19.510000000009313
2025-07-03 02:00:00.000,02:00,18.8600000000326
2025-07-03 03:00:00.000,03:00,17.250000000116415
2025-07-03 04:00:00.000,04:00,24.520000000018626
2025-07-03 05:00:00.000,05:00,27.439999999990686
2025-07-03 06:00:00.000,06:00,25.259999999962748
2025-07-03 07:00:00.000,07:00,22.539999999990684
2025-07-03 08:00:00.000,08:00,24.820000000018627
2025-07-03 09:00:00.000,09:00,24.139999999897555
2025-07-03 10:00:00.000,10:00,24.360000000102445
2025-07-03 11:00:00.000,11:00,24.94000000003725
2025-07-03 12:00:00.000,12:00,24.859999999823046
2025-07-03 13:00:00.000,13:00,28.739999999990687
2025-07-03 14:00:00.000,14:00,33.4000000001397
2025-07-03 15:00:00.000,15:00,33.199999999906865
2025-07-03 16:00:00.000,16:00,35.16999999999534
2025-07-03 17:00:00.000,17:00,31.05000000002328
2025-07-03 18:00:00.000,18:00,27.079999999934806
2025-07-03 19:00:00.000,19:00,25.270000000088476
2025-07-03 20:00:00.000,20:00,20.110000000055877
2025-07-03 21:00:00.000,21:00,16.910000000009312
2025-07-03 22:00:00.000,22:00,16.959999999892897
2025-07-03 23:00:00.000,23:00,17.25
2025-07-04 00:00:00.000,00:00,17.01000000005588
2025-07-04 01:00:00.000,01:00,16.929999999911523
2025-07-04 02:00:00.000,02:00,15.130000000074507
2025-07-04 03:00:00.000,03:00,16.810000000009314
2025-07-04 04:00:00.000,04:00,24.21999999994878
2025-07-04 05:00:00.000,05:00,24.4000000001397
2025-07-04 06:00:00.000,06:00,21.759999999939463
2025-07-04 07:00:00.000,07:00,22.77000000004191
2025-07-04 08:00:00.000,08:00,24.989999999990687
2025-07-04 09:00:00.000,09:00,23.679999999888242
2025-07-04 10:00:00.000,10:00,24.659999999962746
2025-07-04 11:00:00.000,11:00,25.9000000001397
2025-07-04 12:00:00.000,12:00,25.57999999988824
2025-07-04 13:00:00.000,13:00,27.96000000014901
2025-07-04 14:00:00.000,14:00,30.009090908942742
2025-07-04 15:00:00.000,15:00,29.79090909101069
2025-07-04 16:00:00.000,16:00,28.289999999967403
2025-07-04 17:00:00.000,17:00,24.930000000051223
2025-07-04 18:00:00.000,18:00,20.759999999939463
2025-07-04 19:00:00.000,19:00,18.800000000046566
2025-07-04 20:00:00.000,20:00,18.15
2025-07-04 21:00:00.000,21:00,16.359999999869615
2025-07-04 22:00:00.000,22:00,16.760000000172294
2025-07-04 23:00:00.000,23:00,12.125259156783613
2025-07-05 00:00:00.000,00:00,-21.640635798199312
2025-07-05 01:00:00.000,01:00,-21.640635798199312
2025-07-05 02:00:00.000,02:00,-21.640635798199312
2025-07-05 03:00:00.000,03:00,-21.640635798199312
2025-07-05 04:00:00.000,04:00,-21.640635798199312
2025-07-05 05:00:00.000,05:00,-21.640635798199312
2025-07-05 06:00:00.000,06:00,-21.640635798199312
2025-07-05 07:00:00.000,07:00,-21.640635798199312
2025-07-05 08:00:00.000,08:00,-21.640635798199312
2025-07-05 09:00:00.000,09:00,-21.640635798199312
2025-07-05 10:00:00.000,10:00,-21.640635798199312
2025-07-05 11:00:00.000,11:00,-21.640635798199312
2025-07-05 12:00:00.000,12:00,-21.640635798199312
2025-07-05 13:00:00.000,13:00,-21.640635798199312
2025-07-05 14:00:00.000,14:00,-21.640635798199312
2025-07-05 15:00:00.000,15:00,-21.640635798199312
2025-07-05 16:00:00.000,16:00,-21.640635798199312
2025-07-05 17:00:00.000,17:00,-21.640635798199312
2025-07-05 18:00:00.000,18:00,-21.640635798199312
2025-07-05 19:00:00.000,19:00,-21.640635798199312
2025-07-05 20:00:00.000,20:00,-21.640635798199312
2025-07-05 21:00:00.000,21:00,-21.640635798199312
2025-07-05 22:00:00.000,22:00,-21.640635798199312
2025-07-05 23:00:00.000,23:00,-21.640635798199312
2025-07-06 00:00:00.000,00:00,0
2025-07-06 01:00:00.000,01:00,0
2025-07-06 02:00:00.000,02:00,0
2025-07-06 03:00:00.000,03:00,0
2025-07-06 04:00:00.000,04:00,0
2025-07-06 05:00:00.000,05:00,0
2025-07-06 06:00:00.000,06:00,0
2025-07-06 07:00:00.000,07:00,0
2025-07-06 08:00:00.000,08:00,0
2025-07-06 09:00:00.000,09:00,0
2025-07-06 10:00:00.000,10:00,0
2025-07-06 11:00:00.000,11:00,0
2025-07-06 12:00:00.000,12:00,0
2025-07-06 13:00:00.000,13:00,0
2025-07-06 14:00:00.000,14:00,0
2025-07-06 15:00:00.000,15:00,0
2025-07-06 16:00:00.000,16:00,0
2025-07-06 17:00:00.000,17:00,0
2025-07-06 18:00:00.000,18:00,0
2025-07-06 19:00:00.000,19:00,0
2025-07-06 20:00:00.000,20:00,0
2025-07-06 21:00:00.000,21:00,0
2025-07-06 22:00:00.000,22:00,0
2025-07-06 23:00:00.000,23:00,0
2025-07-07 00:00:00.000,00:00,113.42256214149141
2025-07-07 01:00:00.000,01:00,170.1338432122371
2025-07-07 02:00:00.000,02:00,170.1338432122371
2025-07-07 03:00:00.000,03:00,170.1338432122371
2025-07-07 04:00:00.000,04:00,170.1338432122371
2025-07-07 05:00:00.000,05:00,170.1338432122371
2025-07-07 06:00:00.000,06:00,170.1338432122371
2025-07-07 07:00:00.000,07:00,170.1338432122371
2025-07-07 08:00:00.000,08:00,170.1338432122371
2025-07-07 09:00:00.000,09:00,31.196692160486126
2025-07-07 10:00:00.000,10:00,22.059999999986033
2025-07-07 11:00:00.000,11:00,22.5
2025-07-07 12:00:00.000,12:00,21.120000000088478
2025-07-07 13:00:00.000,13:00,20.77000000004191
2025-07-07 14:00:00.000,14:00,25.319999999925496
2025-07-07 15:00:00.000,15:00,25.90999999991618
2025-07-07 16:00:00.000,16:00,25.470000000111757
2025-07-07 17:00:00.000,17:00,24.039999999990687
2025-07-07 18:00:00.000,18:00,22.639999999990685
2025-07-07 19:00:00.000,19:00,20.499999999953435
2025-07-07 20:00:00.000,20:00,17.260000000009313
2025-07-07 21:00:00.000,21:00,15.380000000074507
2025-07-07 22:00:00.000,22:00,15.139999999850989
2025-07-07 23:00:00.000,23:00,15.700000000186265
2025-07-08 00:00:00.000,00:00,13.959999999939464
2025-07-08 01:00:00.000,01:00,14.099999999883584
2025-07-08 02:00:00.000,02:00,13.82000000004191
2025-07-08 03:00:00.000,03:00,15.52999999995809
2025-07-08 04:00:00.000,04:00,21.83000000005122
2025-07-08 05:00:00.000,05:00,21.910000000125727
2025-07-08 06:00:00.000,06:00,18.94999999990687
2025-07-08 07:00:00.000,07:00,18.01818181823685
2025-07-08 08:00:00.000,08:00,19.45454545446079
2025-07-08 09:00:00.000,09:00,19.64727272732099
2025-07-08 10:00:00.000,10:00,21.619999999925493
2025-07-08 11:00:00.000,11:00,21.300000000046566
2025-07-08 12:00:00.000,12:00,20.58000000002794
2025-07-08 13:00:00.000,13:00,21.299999999906866
2025-07-08 14:00:00.000,14:00,24.480000000082974
2025-07-08 15:00:00.000,15:00,22.52999999999619
2025-07-08 16:00:00.000,16:00,22.59000000001397
2025-07-08 17:00:00.000,17:00,20.459999999962747
2025-07-08 18:00:00.000,18:00,17.58000000009779
2025-07-08 19:00:00.000,19:00,16.929999999934807
2025-07-08 20:00:00.000,20:00,16.699999999953434
2025-07-08 21:00:00.000,21:00,15.710000000032595
2025-07-08 22:00:00.000,22:00,16.05999999998603
2025-07-08 23:00:00.000,23:00,16.34000000001397
2025-07-09 00:00:00.000,00:00,14.769999999995344
2025-07-09 01:00:00.000,01:00,14.77000000004191
2025-07-09 02:00:00.000,02:00,15.089999999874271
2025-07-09 03:00:00.000,03:00,15.880000000004657
2025-07-09 04:00:00.000,04:00,22.630000000074507
2025-07-09 05:00:00.000,05:00,22.480000000004658
2025-07-09 06:00:00.000,06:00,19.710000000079162
2025-07-09 07:00:00.000,07:00,18.26999999983236
2025-07-09 08:00:00.000,08:00,20.040000000130387
2025-07-09 09:00:00.000,09:00,20.35999999991618
2025-07-09 10:00:00.000,10:00,20.420000000111756
2025-07-09 11:00:00.000,11:00,20.879999999934807
2025-07-09 12:00:00.000,12:00,19.900000000046568
2025-07-09 13:00:00.000,13:00,20.87999999988824
2025-07-09 14:00:00.000,14:00,24.770000000018626
2025-07-09 15:00:00.000,15:00,27.100000000093132
2025-07-09 16:00:00.000,16:00,26.17727272726003
2025-07-09 17:00:00.000,17:00,20.782727272656153
2025-07-09 18:00:00.000,18:00,19.96999999997206
2025-07-09 19:00:00.000,19:00,19.980000000004658
2025-07-09 20:00:00.000,20:00,16.800000000046566
2025-07-09 21:00:00.000,21:00,15.220000000065191
2025-07-09 22:00:00.000,22:00,15.539999999944122
2025-07-09 23:00:00.000,23:00,16.27999999995809
2025-07-10 00:00:00.000,00:00,14.25
2025-07-10 01:00:00.000,01:00,14.22999999995809
2025-07-10 02:00:00.000,02:00,14.469999999995343
2025-07-10 03:00:00.000,03:00,15.84000000001397
2025-07-10 04:00:00.000,04:00,23.33000000002794
2025-07-10 05:00:00.000,05:00,24.460000000009313
2025-07-10 06:00:00.000,06:00,21.69000000008382
2025-07-10 07:00:00.000,07:00,18.33000000005122
2025-07-10 08:00:00.000,08:00,20.977777777632905
2025-07-10 09:00:00.000,09:00,22.46222222226465
2025-07-10 10:00:00.000,10:00,21.560000000009314
2025-07-10 11:00:00.000,11:00,21.520000000065192
2025-07-10 12:00:00.000,12:00,20.739999999897556
2025-07-10 13:00:00.000,13:00,22.459999999962747
2025-07-10 14:00:00.000,14:00,28.224444444436166
2025-07-10 15:00:00.000,15:00,27.9155555557175
2025-07-10 16:00:00.000,16:00,28.859999999869615
2025-07-10 17:00:00.000,17:00,25.17000000011176
2025-07-10 18:00:00.000,18:00,19.969999999925495
2025-07-10 19:00:00.000,19:00,14.690000000107101
2025-07-10 20:00:00.000,20:00,14.799999999813735
2025-07-10 21:00:00.000,21:00,14.400000000139698
2025-07-10 22:00:00.000,22:00,18.030000000004655
2025-07-10 23:00:00.000,23:00,19.41999999994878
2025-07-11 00:00:00.000,00:00,18.010000000032598
2025-07-11 01:00:00.000,01:00,17.589999999874273
2025-07-11 02:00:00.000,02:00,15.46000000012573
2025-07-11 03:00:00.000,03:00,15.640000000060535
2025-07-11 04:00:00.000,04:00,22.43999999989755
2025-07-11 05:00:00.000,05:00,24.550000000093135
2025-07-11 06:00:00.000,06:00,20.429999999841677
2025-07-11 07:00:00.000,07:00,19.429999999981376
2025-07-11 08:00:00.000,08:00,22.5500000001397
2025-07-11 09:00:00.000,09:00,21.260000000009313
2025-07-11 10:00:00.000,10:00,22.960000000009313
2025-07-11 11:00:00.000,11:00,25.699999999860303
2025-07-11 12:00:00.000,12:00,25.480000000053337
2025-07-11 13:00:00.000,13:00,26.16363636368293
2025-07-11 14:00:00.000,14:00,30.43636363643137
2025-07-11 15:00:00.000,15:00,30.229999999911524
2025-07-11 16:00:00.000,16:00,27.77999999995809
2025-07-11 17:00:00.000,17:00,22.820000000088477
2025-07-11 18:00:00.000,18:00,19.83000000002794
2025-07-11 19:00:00.000,19:00,18.27999999993481
2025-07-11 20:00:00.000,20:00,17.55999999998603
2025-07-11 21:00:00.000,21:00,15.079999999934808
2025-07-11 22:00:00.000,22:00,14.800000000046566
2025-07-11 23:00:00.000,23:00,15.71999999997206
2025-07-12 00:00:00.000,00:00,13.670000000135042
2025-07-12 01:00:00.000,01:00,13.899999999906868
2025-07-12 02:00:00.000,02:00,13.81000000005588
2025-07-12 03:00:00.000,03:00,14.72000000004191
2025-07-12 04:00:00.000,04:00,18.299999999813735
2025-07-12 05:00:00.000,05:00,18.9000000001397
2025-07-12 06:00:00.000,06:00,17.33000000002794
2025-07-12 07:00:00.000,07:00,17.470000000018626
2025-07-12 08:00:00.000,08:00,17.936363636300136
2025-07-12 09:00:00.000,09:00,16.823636363662608
2025-07-12 10:00:00.000,10:00,17.819999999925493
2025-07-12 11:00:00.000,11:00,18.280000000074505
2025-07-12 12:00:00.000,12:00,19.059999999962745
2025-07-12 13:00:00.000,13:00,18.9
2025-07-12 14:00:00.000,14:00,19.889999999967404
2025-07-12 15:00:00.000,15:00,19.1900000001071
2025-07-12 16:00:00.000,16:00,19.311111111002457
2025-07-12 17:00:00.000,17:00,20.878888888918382
2025-07-12 18:00:00.000,18:00,19.179999999958092
2025-07-12 19:00:00.000,19:00,19.839999999990685
2025-07-12 20:00:00.000,20:00,18.720000000065195
2025-07-12 21:00:00.000,21:00,16.399999999906868
2025-07-12 22:00:00.000,22:00,15.720000000065193
2025-07-12 23:00:00.000,23:00,16.050000000046566
2025-07-13 00:00:00.000,00:00,14.369999999878928
2025-07-13 01:00:00.000,01:00,14.590000000083819
2025-07-13 02:00:00.000,02:00,14.489999999990687
2025-07-13 03:00:00.000,03:00,14.209999999962747
2025-07-13 04:00:00.000,04:00,14.50999999998603
2025-07-13 05:00:00.000,05:00,15.67999999995809
2025-07-13 06:00:00.000,06:00,14.830000000051223
2025-07-13 07:00:00.000,07:00,13.790000000037253
2025-07-13 08:00:00.000,08:00,13.730000000004656
2025-07-13 09:00:00.000,09:00,14.399999999906868
2025-07-13 10:00:00.000,10:00,14.660000000149012
2025-07-13 11:00:00.000,11:00,14.399999999860302
2025-07-13 12:00:00.000,12:00,14.380000000121072
2025-07-13 13:00:00.000,13:00,15.63999999994412
2025-07-13 14:00:00.000,14:00,14.739999999990687
2025-07-13 15:00:00.000,15:00,15.459999999962747
2025-07-13 16:00:00.000,16:00,16.180000000004657
2025-07-13 17:00:00.000,17:00,16.630000000121072
2025-07-13 18:00:00.000,18:00,15.459999999892897
2025-07-13 19:00:00.000,19:00,15.400000000139698
2025-07-13 20:00:00.000,20:00,14.789999999967403
2025-07-13 21:00:00.000,21:00,14.949999999860303
2025-07-13 22:00:00.000,22:00,15.630000000051222
2025-07-13 23:00:00.000,23:00,16.679999999934807
2025-07-14 00:00:00.000,00:00,14.160000000125729
2025-07-14 01:00:00.000,01:00,14.790000000060536
2025-07-14 02:00:00.000,02:00,14.029999999981374
2025-07-14 03:00:00.000,03:00,16.280000000004655
2025-07-14 04:00:00.000,04:00,25.399999999930152
2025-07-14 05:00:00.000,05:00,26.389999999897555
2025-07-14 06:00:00.000,06:00,24.58000000000466
2025-07-14 07:00:00.000,07:00,23.36000000012573
2025-07-14 08:00:00.000,08:00,23.670000000018625
2025-07-14 09:00:00.000,09:00,22.5
2025-07-14 10:00:00.000,10:00,22.320000000018627
2025-07-14 11:00:00.000,11:00,22.759999999869613
2025-07-14 12:00:00.000,12:00,23.5
2025-07-14 13:00:00.000,13:00,23.480000000074504
2025-07-14 14:00:00.000,14:00,23.18909090897915
2025-07-14 15:00:00.000,15:00,23.490909091002223
2025-07-14 16:00:00.000,16:00,23.929999999934807
2025-07-14 17:00:00.000,17:00,23.330000000004656
2025-07-14 18:00:00.000,18:00,22.4000000001397
2025-07-14 19:00:00.000,19:00,21.859999999869615
2025-07-14 20:00:00.000,20:00,21.020000000111757
2025-07-14 21:00:00.000,21:00,15.579999999934808
2025-07-14 22:00:00.000,22:00,15.739999999990687
2025-07-14 23:00:00.000,23:00,16.588764415170477
2025-07-15 00:00:00.000,00:00,19.27512355848435
2025-07-15 01:00:00.000,01:00,19.27512355848435
2025-07-15 02:00:00.000,02:00,19.27512355848435
2025-07-15 03:00:00.000,03:00,19.27512355848435
2025-07-15 04:00:00.000,04:00,19.27512355848435
2025-07-15 05:00:00.000,05:00,19.27512355848435
2025-07-15 06:00:00.000,06:00,19.27512355848435
2025-07-15 07:00:00.000,07:00,19.27512355848435
2025-07-15 08:00:00.000,08:00,19.27512355848435
2025-07-15 09:00:00.000,09:00,19.27512355848435
2025-07-15 10:00:00.000,10:00,21.44000000003725
2025-07-15 11:00:00.000,11:00,21.869999999925497
2025-07-15 12:00:00.000,12:00,21.709999999962747
2025-07-15 13:00:00.000,13:00,21.00999999998603
2025-07-15 14:00:00.000,14:00,23.890000000130385
2025-07-15 15:00:00.000,15:00,24.469999999995345
2025-07-15 16:00:00.000,16:00,23.72999999995809
2025-07-15 17:00:00.000,17:00,19.71636363630056
2025-07-15 18:00:00.000,18:00,17.463636363750663
2025-07-15 19:00:00.000,19:00,15.21999999997206
2025-07-15 20:00:00.000,20:00,15.3
2025-07-15 21:00:00.000,21:00,14.83999999994412
2025-07-15 22:00:00.000,22:00,14.64000000008382
2025-07-15 23:00:00.000,23:00,15
2025-07-16 00:00:00.000,00:00,13.369999999878928
2025-07-16 01:00:00.000,01:00,13.60000000006985
2025-07-16 02:00:00.000,02:00,13.709999999962747
2025-07-16 03:00:00.000,03:00,15.400000000093133
2025-07-16 04:00:00.000,04:00,21.95999999991618
2025-07-16 05:00:00.000,05:00,23.100000000069848
2025-07-16 06:00:00.000,06:00,19.86000000005588
2025-07-16 07:00:00.000,07:00,20.149999999953437
2025-07-16 08:00:00.000,08:00,22.740000000037256
2025-07-16 09:00:00.000,09:00,23.769999999878927
2025-07-16 10:00:00.000,10:00,22.380000000121072
2025-07-16 11:00:00.000,11:00,22.679999999934807
2025-07-16 12:00:00.000,12:00,22.040000000037253
2025-07-16 13:00:00.000,13:00,23.021818181753837
2025-07-16 14:00:00.000,14:00,25.718181818215683
2025-07-16 15:00:00.000,15:00,25.95000000006773
2025-07-16 16:00:00.000,16:00,25.61666666663045
2025-07-16 17:00:00.000,17:00,21.40333333327176
2025-07-16 18:00:00.000,18:00,17.52000000004191
2025-07-16 19:00:00.000,19:00,16.429999999934807
2025-07-16 20:00:00.000,20:00,16.399999999976718
2025-07-16 21:00:00.000,21:00,15.270000000018626
2025-07-16 22:00:00.000,22:00,15.330000000004656
2025-07-16 23:00:00.000,23:00,16.28000000002794
2025-07-17 00:00:00.000,00:00,14.530000000051222
2025-07-17 01:00:00.000,01:00,14.539999999990687
2025-07-17 02:00:00.000,02:00,14.300000000046566
2025-07-17 03:00:00.000,03:00,16.409999999869616
2025-07-17 04:00:00.000,04:00,25.100000000093132
2025-07-17 05:00:00.000,05:00,26.57999999986496
2025-07-17 06:00:00.000,06:00,23.310000000172295
2025-07-17 07:00:00.000,07:00,21.5499999998603
2025-07-17 08:00:00.000,08:00,24.340000000060535
2025-07-17 09:00:00.000,09:00,24.1
2025-07-17 10:00:00.000,10:00,22.740000000037252
2025-07-17 11:00:00.000,11:00,25.240000000037252
2025-07-17 12:00:00.000,12:00,29.727579908685108
2025-07-17 13:00:00.000,13:00,29.86301369863013
2025-07-17 14:00:00.000,14:00,29.86301369863013
2025-07-17 15:00:00.000,15:00,31.616392693886972
2025-07-17 16:00:00.000,16:00,36.38000000012107
2025-07-17 17:00:00.000,17:00,27.7
2025-07-17 18:00:00.000,18:00,21.569999999995343
2025-07-17 19:00:00.000,19:00,20.30000000004657
2025-07-17 20:00:00.000,20:00,18.94999999993015
2025-07-17 21:00:00.000,21:00,16.120000000065193
2025-07-17 22:00:00.000,22:00,16.06090909077532
2025-07-17 23:00:00.000,23:00,16.709090909243308
2025-07-18 00:00:00.000,00:00,15.049999999813735
2025-07-18 01:00:00.000,01:00,14.910000000125729
2025-07-18 02:00:00.000,02:00,15.290000000060536
2025-07-18 03:00:00.000,03:00,17.009999999939463
2025-07-18 04:00:00.000,04:00,26.899999999930152
2025-07-18 05:00:00.000,05:00,26.18999999994412
2025-07-18 06:00:00.000,06:00,23.840000000060535
2025-07-18 07:00:00.000,07:00,22.487777777758634
2025-07-18 08:00:00.000,08:00,24.162222222311215
2025-07-18 09:00:00.000,09:00,24.739999999944118
2025-07-18 10:00:00.000,10:00,24.72000000006519
2025-07-18 11:00:00.000,11:00,25.539999999990684
2025-07-18 12:00:00.000,12:00,25.699999999953434
2025-07-18 13:00:00.000,13:00,25.178181818233465
2025-07-18 14:00:00.000,14:00,31.661818181827073
2025-07-18 15:00:00.000,15:00,31.239999999897556
2025-07-18 16:00:00.000,16:00,32.3600000000326
2025-07-18 17:00:00.000,17:00,27.160000000032596
2025-07-18 18:00:00.000,18:00,21.930000000051223
2025-07-18 19:00:00.000,19:00,19.56999999990221
2025-07-18 20:00:00.000,20:00,19.53000000002794
2025-07-18 21:00:00.000,21:00,16.58999999994412
2025-07-18 22:00:00.000,22:00,19.86000000007916
2025-07-18 23:00:00.000,23:00,21.479999999934808
2025-07-19 00:00:00.000,00:00,19.37999999995809
2025-07-19 01:00:00.000,01:00,19.250000000162984
2025-07-19 02:00:00.000,02:00,15.419999999925494
2025-07-19 03:00:00.000,03:00,15.910000000009314
2025-07-19 04:00:00.000,04:00,20.899999999906868
2025-07-19 05:00:00.000,05:00,21.560000000079164
2025-07-19 06:00:00.000,06:00,20.180000000097788
2025-07-19 07:00:00.000,07:00,19.159999999939465
2025-07-19 08:00:00.000,08:00,19.212727272665045
2025-07-19 09:00:00.000,09:00,17.227272727302363
2025-07-19 10:00:00.000,10:00,18.479999999981374
2025-07-19 11:00:00.000,11:00,18.780000000074505
2025-07-19 12:00:00.000,12:00,19.179999999934807
2025-07-19 13:00:00.000,13:00,19.241818181734363
2025-07-19 14:00:00.000,14:00,20.80909090910361
2025-07-19 15:00:00.000,15:00,21.45909090907821
2025-07-19 16:00:00.000,16:00,20.630000000121072
2025-07-19 17:00:00.000,17:00,20.119999999972062
2025-07-19 18:00:00.000,18:00,18.660000000079165
2025-07-19 19:00:00.000,19:00,17.94000000001397
2025-07-19 20:00:00.000,20:00,17.569999999902212
2025-07-19 21:00:00.000,21:00,17.130000000051222
2025-07-19 22:00:00.000,22:00,16.21999999990221
2025-07-19 23:00:00.000,23:00,17.11750000003958
2025-07-20 00:00:00.000,00:00,15.522500000020955
2025-07-20 01:00:00.000,01:00,15.570000000065193
2025-07-20 02:00:00.000,02:00,15.199999999976717
2025-07-20 03:00:00.000,03:00,15.22999999995809
2025-07-20 04:00:00.000,04:00,15.10000000006985
2025-07-20 05:00:00.000,05:00,16.729999999841674
2025-07-20 06:00:00.000,06:00,16.170000000088475
2025-07-20 07:00:00.000,07:00,14.699999999953434
2025-07-20 08:00:00.000,08:00,14.660000000102446
2025-07-20 09:00:00.000,09:00,15.099999999906867
2025-07-20 10:00:00.000,10:00,15.960000000009313
2025-07-20 11:00:00.000,11:00,16.820000000111758
2025-07-20 12:00:00.000,12:00,16.51999999997206
2025-07-20 13:00:00.000,13:00,16.960000000009313
2025-07-20 14:00:00.000,14:00,16.780000000004655
2025-07-20 15:00:00.000,15:00,16.46999999997206
2025-07-20 16:00:00.000,16:00,16.459999999962747
2025-07-20 17:00:00.000,17:00,16.770000000018626
2025-07-20 18:00:00.000,18:00,16.929999999934807
2025-07-20 19:00:00.000,19:00,16.5
2025-07-20 20:00:00.000,20:00,16.25000000009313
2025-07-20 21:00:00.000,21:00,16.620000000018628
2025-07-20 22:00:00.000,22:00,17.03999999987427
2025-07-20 23:00:00.000,23:00,18.00000000009313
2025-07-21 00:00:00.000,00:00,15.53000000002794
2025-07-21 01:00:00.000,01:00,15.409999999916181
2025-07-21 02:00:00.000,02:00,15.800000000046566
2025-07-21 03:00:00.000,03:00,17.239999999920837
2025-07-21 04:00:00.000,04:00,24.440000000130386
2025-07-21 05:00:00.000,05:00,25.149999999953433
2025-07-21 06:00:00.000,06:00,23.66999999987893
2025-07-21 07:00:00.000,07:00,21.369090909254737
2025-07-21 08:00:00.000,08:00,21.790909090824425
2025-07-21 09:00:00.000,09:00,21.620000000018628
2025-07-21 10:00:00.000,10:00,20.23999999994412
2025-07-21 11:00:00.000,11:00,20.840000000130384
2025-07-21 12:00:00.000,12:00,19.83999999985099
2025-07-21 13:00:00.000,13:00,19.50545454546386
2025-07-21 14:00:00.000,14:00,20.664545454554766
2025-07-21 15:00:00.000,15:00,21.210000000032597
2025-07-21 16:00:00.000,16:00,20.430000000097788
2025-07-21 17:00:00.000,17:00,17.879999999911526
2025-07-21 18:00:00.000,18:00,16.24999999993015
2025-07-21 19:00:00.000,19:00,14.840000000083819
2025-07-21 20:00:00.000,20:00,14.599999999930152
2025-07-21 21:00:00.000,21:00,14.730000000144354
2025-07-21 22:00:00.000,22:00,14.769999999855646
2025-07-21 23:00:00.000,23:00,16.080000000004656
2025-07-22 00:00:00.000,00:00,13.57000000004191
2025-07-22 01:00:00.000,01:00,14.27000000004191
2025-07-22 02:00:00.000,02:00,14.019999999995344
2025-07-22 03:00:00.000,03:00,15.93999999987427
2025-07-22 04:00:00.000,04:00,22.530000000004655
2025-07-22 05:00:00.000,05:00,23.890000000130385
2025-07-22 06:00:00.000,06:00,20.989999999920837
2025-07-22 07:00:00.000,07:00,18.526363636383955
2025-07-22 08:00:00.000,08:00,20.363636363653296
2025-07-22 09:00:00.000,09:00,23.04000000008382
2025-07-22 10:00:00.000,10:00,20.33999999994412
2025-07-22 11:00:00.000,11:00,20.33999999994412
2025-07-22 12:00:00.000,12:00,19.14000000008382
2025-07-22 13:00:00.000,13:00,18.112727272650226
2025-07-22 14:00:00.000,14:00,20.47727272734046
2025-07-22 15:00:00.000,15:00,21.800000000046566
2025-07-22 16:00:00.000,16:00,21.199999999953434
2025-07-22 17:00:00.000,17:00,18.179999999958092
2025-07-22 18:00:00.000,18:00,15.920000000088475
2025-07-22 19:00:00.000,19:00,15.129999999888241
2025-07-22 20:00:00.000,20:00,15.330000000004656
2025-07-22 21:00:00.000,21:00,15.279999999934809
2025-07-22 22:00:00.000,22:00,15.230000000144354
2025-07-22 23:00:00.000,23:00,15.879999999888241
2025-07-23 00:00:00.000,00:00,14.47999999995809
2025-07-23 01:00:00.000,01:00,14.49000000001397
2025-07-23 02:00:00.000,02:00,14.28000000002794
2025-07-23 03:00:00.000,03:00,16.210000000125728
2025-07-23 04:00:00.000,04:00,24.05
2025-07-23 05:00:00.000,05:00,25.35999999991618
2025-07-23 06:00:00.000,06:00,22.940000000037255
2025-07-23 07:00:00.000,07:00,19.379999999934807
2025-07-23 08:00:00.000,08:00,20.39000000001397
2025-07-23 09:00:00.000,09:00,20.21999999997206
2025-07-23 10:00:00.000,10:00,21.380000000121072
2025-07-23 11:00:00.000,11:00,21.739999999944118
2025-07-23 12:00:00.000,12:00,19.535555555552452
2025-07-23 13:00:00.000,13:00,19.444444444416224
2025-07-23 14:00:00.000,14:00,20.899999999966134
2025-07-23 15:00:00.000,15:00,20.980000000074504
2025-07-23 16:00:00.000,16:00,20.570000000065193
2025-07-23 17:00:00.000,17:00,18.779999999888243
2025-07-23 18:00:00.000,18:00,17.360000000032596
2025-07-23 19:00:00.000,19:00,16.44000000001397
2025-07-23 20:00:00.000,20:00,16.19000000003725
2025-07-23 21:00:00.000,21:00,15.359999999869615
2025-07-23 22:00:00.000,22:00,14.870000000111759
2025-07-23 23:00:00.000,23:00,15.297916666580326
2025-07-24 00:00:00.000,00:00,14.552083333279977
2025-07-24 01:00:00.000,01:00,13.970000000181608
2025-07-24 02:00:00.000,02:00,13.819999999832362
2025-07-24 03:00:00.000,03:00,15.720000000111758
2025-07-24 04:00:00.000,04:00,21.72999999995809
2025-07-24 05:00:00.000,05:00,22.5
2025-07-24 06:00:00.000,06:00,19.590000000013973
2025-07-24 07:00:00.000,07:00,17.524545454587365
2025-07-24 08:00:00.000,08:00,20.39545454540798
2025-07-24 09:00:00.000,09:00,19.109999999916184
2025-07-24 10:00:00.000,10:00,20.220000000158322
2025-07-24 11:00:00.000,11:00,19.779999999841678
2025-07-24 12:00:00.000,12:00,18.860000000102445
2025-07-24 13:00:00.000,13:00,18.540000000037253
2025-07-24 14:00:00.000,14:00,19.95000000002328
2025-07-24 15:00:00.000,15:00,19.959999999892897
2025-07-24 16:00:00.000,16:00,19.55000000002328
2025-07-24 17:00:00.000,17:00,19.15
2025-07-24 18:00:00.000,18:00,16.990000000083818
2025-07-24 19:00:00.000,19:00,16.259999999939463
2025-07-24 20:00:00.000,20:00,16.09999999993015
2025-07-24 21:00:00.000,21:00,15.239999999990687
2025-07-24 22:00:00.000,22:00,15.06000000005588
2025-07-24 23:00:00.000,23:00,16.479999999911524
2025-07-25 00:00:00.000,00:00,13.950000000186265
2025-07-25 01:00:00.000,01:00,14.22999999995809
2025-07-25 02:00:00.000,02:00,14.099999999860302
2025-07-25 03:00:00.000,03:00,15.810000000009314
2025-07-25 04:00:00.000,04:00,22.92000000011176
2025-07-25 05:00:00.000,05:00,22.429999999934807
2025-07-25 06:00:00.000,06:00,19.66000000007916
2025-07-25 07:00:00.000,07:00,17.739999999897556
2025-07-25 08:00:00.000,08:00,18.78000000012107
2025-07-25 09:00:00.000,09:00,20.239999999850987
2025-07-25 10:00:00.000,10:00,20.800000000046566
2025-07-25 11:00:00.000,11:00,19.980000000074504
2025-07-25 12:00:00.000,12:00,19.420000000018625
2025-07-25 13:00:00.000,13:00,17.6511111110811
2025-07-25 14:00:00.000,14:00,20.09888888880248
2025-07-25 15:00:00.000,15:00,20.200000000023284
2025-07-25 16:00:00.000,16:00,19.700000000116415
2025-07-25 17:00:00.000,17:00,18.15999999991618
2025-07-25 18:00:00.000,18:00,16.780000000051224
2025-07-25 19:00:00.000,19:00,15.46999999997206
2025-07-25 20:00:00.000,20:00,15.459999999962747
2025-07-25 21:00:00.000,21:00,15.35
2025-07-25 22:00:00.000,22:00,14.819999999925495
2025-07-25 23:00:00.000,23:00,15.650000000139698
2025-07-26 00:00:00.000,00:00,13.769999999995344
2025-07-26 01:00:00.000,01:00,13.899999999906868
2025-07-26 02:00:00.000,02:00,13.800000000046566
2025-07-26 03:00:00.000,03:00,14.599999999953432
2025-07-26 04:00:00.000,04:00,18.610000000102445
2025-07-26 05:00:00.000,05:00,19.8100000000326
2025-07-26 06:00:00.000,06:00,17.069999999995343
2025-07-26 07:00:00.000,07:00,15.659999999962746
2025-07-26 08:00:00.000,08:00,16.789090909104033
2025-07-26 09:00:00.000,09:00,16.250909090909936
2025-07-26 10:00:00.000,10:00,17.879999999934807
2025-07-26 11:00:00.000,11:00,17.580000000074506
2025-07-26 12:00:00.000,12:00,17.48000000002794
2025-07-26 13:00:00.000,13:00,17.109090908930042
2025-07-26 14:00:00.000,14:00,17.290909091023387
2025-07-26 15:00:00.000,15:00,16.8600000000326
2025-07-26 16:00:00.000,16:00,17.379999999958088
2025-07-26 17:00:00.000,17:00,17.65999999991618
2025-07-26 18:00:00.000,18:00,16.490000000083818
2025-07-26 19:00:00.000,19:00,16.229999999981374
2025-07-26 20:00:00.000,20:00,16.479999999888243
2025-07-26 21:00:00.000,21:00,15.950000000046566
2025-07-26 22:00:00.000,22:00,14.830000000074506
2025-07-26 23:00:00.000,23:00,15.169999999925494
2025-07-27 00:00:00.000,00:00,14.090000000083819
2025-07-27 01:00:00.000,01:00,13.840000000037254
2025-07-27 02:00:00.000,02:00,13.799999999837018
2025-07-27 03:00:00.000,03:00,13.600000000093132
2025-07-27 04:00:00.000,04:00,13.489999999990687
2025-07-27 05:00:00.000,05:00,15.349999999930152
2025-07-27 06:00:00.000,06:00,15.130000000074507
2025-07-27 07:00:00.000,07:00,13.22999999995809
2025-07-27 08:00:00.000,08:00,13.680000000097788
2025-07-27 09:00:00.000,09:00,13.619999999925493
2025-07-27 10:00:00.000,10:00,14.13999999994412
2025-07-27 11:00:00.000,11:00,14.160000000149012
2025-07-27 12:00:00.000,12:00,13.9927272725935
2025-07-27 13:00:00.000,13:00,13.737272727318024
2025-07-27 14:00:00.000,14:00,14.070000000065193
2025-07-27 15:00:00.000,15:00,14.399999999976718
2025-07-27 16:00:00.000,16:00,14.130000000051222
2025-07-27 17:00:00.000,17:00,13.929999999934807
2025-07-27 18:00:00.000,18:00,13.839999999920838
2025-07-27 19:00:00.000,19:00,14.170000000158325
2025-07-27 20:00:00.000,20:00,14.229999999911524
2025-07-27 21:00:00.000,21:00,14.669999999995344
2025-07-27 22:00:00.000,22:00,14.630000000051222
2025-07-27 23:00:00.000,23:00,15.669999999995344
2025-07-28 00:00:00.000,00:00,14.109999999869615
2025-07-28 01:00:00.000,01:00,13.900000000116416
2025-07-28 02:00:00.000,02:00,13.709999999962747
2025-07-28 03:00:00.000,03:00,15.24999999993015
2025-07-28 04:00:00.000,04:00,22.690000000153667
2025-07-28 05:00:00.000,05:00,23.109999999869615
2025-07-28 06:00:00.000,06:00,20.980000000144354
2025-07-28 07:00:00.000,07:00,17.979999999981374
2025-07-28 08:00:00.000,08:00,20.659999999869616
2025-07-28 09:00:00.000,09:00,22.36000000005588
2025-07-28 10:00:00.000,10:00,20.479999999934808
2025-07-28 11:00:00.000,11:00,20.06000000005588
2025-07-28 12:00:00.000,12:00,19.259999999962744
2025-07-28 13:00:00.000,13:00,18.92000000011176
2025-07-28 14:00:00.000,14:00,21.669999999995344
2025-07-28 15:00:00.000,15:00,22.649999999976718
2025-07-28 16:00:00.000,16:00,22.419999999925494
2025-07-28 17:00:00.000,17:00,19.480000000004654
2025-07-28 18:00:00.000,18:00,16.780000000051224
2025-07-28 19:00:00.000,19:00,15.199999999953434
2025-07-28 20:00:00.000,20:00,15.270000000088476
2025-07-28 21:00:00.000,21:00,15.139999999967403
2025-07-28 22:00:00.000,22:00,18.33999999992084
2025-07-28 23:00:00.000,23:00,19.530000000051224
2025-07-29 00:00:00.000,00:00,17.41999999994878
2025-07-29 01:00:00.000,01:00,18.08000000009779
2025-07-29 02:00:00.000,02:00,15.459999999916182
2025-07-29 03:00:00.000,03:00,15.53999999994412
2025-07-29 04:00:00.000,04:00,22.350000000046563
2025-07-29 05:00:00.000,05:00,22.100000000093132
2025-07-29 06:00:00.000,06:00,20.249999999953435
2025-07-29 07:00:00.000,07:00,17.172727272651073
2025-07-29 08:00:00.000,08:00,19.88727272726511
2025-07-29 09:00:00.000,09:00,21.820000000111758
2025-07-29 10:00:00.000,10:00,21.539999999990684
2025-07-29 11:00:00.000,11:00,20.659999999962746
2025-07-29 12:00:00.000,12:00,20.820000000065193
2025-07-29 13:00:00.000,13:00,19.699999999953434
2025-07-29 14:00:00.000,14:00,24.729999999981374
2025-07-29 15:00:00.000,15:00,22.550000000069847
2025-07-29 16:00:00.000,16:00,21.509999999916182
2025-07-29 17:00:00.000,17:00,18.70999999998603
2025-07-29 18:00:00.000,18:00,18.05999999998603
2025-07-29 19:00:00.000,19:00,17.139999999967404
2025-07-29 20:00:00.000,20:00,17.44000000001397
2025-07-29 21:00:00.000,21:00,16.420000000018625
2025-07-29 22:00:00.000,22:00,15.860000000032596
2025-07-29 23:00:00.000,23:00,16.380000000121072
2025-07-30 00:00:00.000,00:00,14.93999999994412
2025-07-30 01:00:00.000,01:00,15.119999999878928
2025-07-30 02:00:00.000,02:00,14.880000000121072
2025-07-30 03:00:00.000,03:00,16.449999999883584
2025-07-30 04:00:00.000,04:00,23.720000000158326
2025-07-30 05:00:00.000,05:00,25.149999999953433
2025-07-30 06:00:00.000,06:00,22.2099999998929
2025-07-30 07:00:00.000,07:00,18.900000000116414
2025-07-30 08:00:00.000,08:00,19.749999999883585
2025-07-30 09:00:00.000,09:00,21.640000000130385
2025-07-30 10:00:00.000,10:00,19.979999999934808
2025-07-30 11:00:00.000,11:00,19.919999999925494
2025-07-30 12:00:00.000,12:00,18.42000000011176
2025-07-30 13:00:00.000,13:00,18.979999999888243
2025-07-30 14:00:00.000,14:00,20.560000000102445
2025-07-30 15:00:00.000,15:00,20.59000000001397
2025-07-30 16:00:00.000,16:00,20.800000000046566
2025-07-30 17:00:00.000,17:00,18.429999999934807
2025-07-30 18:00:00.000,18:00,17.549999999906866
2025-07-30 19:00:00.000,19:00,15.860000000032596
2025-07-30 20:00:00.000,20:00,15.300000000046566
2025-07-30 21:00:00.000,21:00,15.609999999939465
2025-07-30 22:00:00.000,22:00,15.729999999981374
2025-07-30 23:00:00.000,23:00,16.510000000172294
2025-07-31 00:00:00.000,00:00,14.169999999902211
2025-07-31 01:00:00.000,01:00,14.290000000037253
2025-07-31 02:00:00.000,02:00,14.699999999976717
2025-07-31 03:00:00.000,03:00,16.12000000004191
2025-07-31 04:00:00.000,04:00,22.8600000000326
2025-07-31 05:00:00.000,05:00,24.269999999832365
2025-07-31 06:00:00.000,06:00,20.70000000009313
2025-07-31 07:00:00.000,07:00,18.344545454629273
2025-07-31 08:00:00.000,08:00,20.065454545286908
2025-07-31 09:00:00.000,09:00,20.1
2025-07-31 10:00:00.000,10:00,19.380000000121072
2025-07-31 11:00:00.000,11:00,19.800000000046566
2025-07-31 12:00:00.000,12:00,18.899999999813737
2025-07-31 13:00:00.000,13:00,18.400000000173563
2025-07-31 14:00:00.000,14:00,22.72999999997079
2025-07-31 15:00:00.000,15:00,23.699999999953434
2025-07-31 16:00:00.000,16:00,23.420000000088475
2025-07-31 17:00:00.000,17:00,20.15
2025-07-31 18:00:00.000,18:00,17.489999999920837
2025-07-31 19:00:00.000,19:00,16.270000000018626
2025-07-31 20:00:00.000,20:00,15.429999999934807
2025-07-31 21:00:00.000,21:00,15.360000000032596
2025-07-31 22:00:00.000,22:00,15.369999999948778
2025-07-31 23:00:00.000,23:00,16.480000000144354
2025-08-01 00:00:00.000,00:00,14.149999999906868
2025-08-01 01:00:00.000,01:00,14.030000000004657
2025-08-01 02:00:00.000,02:00,13.889999999920837
2025-08-01 03:00:00.000,03:00,16.200000000116415
2025-08-01 04:00:00.000,04:00,23.060000000009314
2025-08-01 05:00:00.000,05:00,24.569999999855646
2025-08-01 06:00:00.000,06:00,21.599999999999998
2025-08-01 07:00:00.000,07:00,19.540000000083822
2025-08-01 08:00:00.000,08:00,20.599999999953436
2025-08-01 09:00:00.000,09:00,21.06000000005588
2025-08-01 10:00:00.000,10:00,21
2025-08-01 11:00:00.000,11:00,20.71999999997206
2025-08-01 12:00:00.000,12:00,20.060000000009314
2025-08-01 13:00:00.000,13:00,18.230000000051223
2025-08-01 14:00:00.000,14:00,22.479999999888243
2025-08-01 15:00:00.000,15:00,23.510000000079163
2025-08-01 16:00:00.000,16:00,24.019999999948777
2025-08-01 17:00:00.000,17:00,19.08000000009779
2025-08-01 18:00:00.000,18:00,17.62999999988824
2025-08-01 19:00:00.000,19:00,16.90000000006985
2025-08-01 20:00:00.000,20:00,16.729999999981374
2025-08-01 21:00:00.000,21:00,16.100000000093132
2025-08-01 22:00:00.000,22:00,15.399999999906868
2025-08-01 23:00:00.000,23:00,16.140000000060535
2025-08-02 00:00:00.000,00:00,13.869999999878928
2025-08-02 01:00:00.000,01:00,14.10000000006985
2025-08-02 02:00:00.000,02:00,14.39999999993015
2025-08-02 03:00:00.000,03:00,14.740000000037252
2025-08-02 04:00:00.000,04:00,18.09000000008382
2025-08-02 05:00:00.000,05:00,18.57999999986496
2025-08-02 06:00:00.000,06:00,17.47000000013504
2025-08-02 07:00:00.000,07:00,15.53000000002794
2025-08-02 08:00:00.000,08:00,16.2999999998603
2025-08-02 09:00:00.000,09:00,16.28000000002794
2025-08-02 10:00:00.000,10:00,16.960000000009313
2025-08-02 11:00:00.000,11:00,16.699999999953434
2025-08-02 12:00:00.000,12:00,16.740000000130387
2025-08-02 13:00:00.000,13:00,16.77999999988824
2025-08-02 14:00:00.000,14:00,16.560000000102445
2025-08-02 15:00:00.000,15:00,16.959999999892897
2025-08-02 16:00:00.000,16:00,16.66999999999534
2025-08-02 17:00:00.000,17:00,17.670000000158325
2025-08-02 18:00:00.000,18:00,16.359999999869615
2025-08-02 19:00:00.000,19:00,15.90000000006985
2025-08-02 20:00:00.000,20:00,16
2025-08-02 21:00:00.000,21:00,16.12999999988824
2025-08-02 22:00:00.000,22:00,15.470000000041908
2025-08-02 23:00:00.000,23:00,15.940000000037253
2025-08-03 00:00:00.000,00:00,14.260000000009313
2025-08-03 01:00:00.000,01:00,14.570000000065193
2025-08-03 02:00:00.000,02:00,14.459999999916182
2025-08-03 03:00:00.000,03:00,14.189999999967403
2025-08-03 04:00:00.000,04:00,13.880000000121072
2025-08-03 05:00:00.000,05:00,15.659999999962746
2025-08-03 06:00:00.000,06:00,15.259999999962748
2025-08-03 07:00:00.000,07:00,13.879999999911524
2025-08-03 08:00:00.000,08:00,13.680000000121073
2025-08-03 09:00:00.000,09:00,14.28000000002794
2025-08-03 10:00:00.000,10:00,14.5
2025-08-03 11:00:00.000,11:00,14.899999999999999
2025-08-03 12:00:00.000,12:00,14.120000000018628
2025-08-03 13:00:00.000,13:00,14.348888888794722
2025-08-03 14:00:00.000,14:00,14.531111111140085
2025-08-03 15:00:00.000,15:00,14.830000000074506
2025-08-03 16:00:00.000,16:00,14.729999999911524
2025-08-03 17:00:00.000,17:00,14.47000000004191
2025-08-03 18:00:00.000,18:00,14.699999999953434
2025-08-03 19:00:00.000,19:00,14.899999999906868
2025-08-03 20:00:00.000,20:00,14.930000000097788
2025-08-03 21:00:00.000,21:00,15.749999999976717
2025-08-03 22:00:00.000,22:00,15.389999999990687
2025-08-03 23:00:00.000,23:00,16.597905918176757
2025-08-04 00:00:00.000,00:00,19.010622154763013
2025-08-04 01:00:00.000,01:00,19.010622154763013
2025-08-04 02:00:00.000,02:00,19.010622154763013
2025-08-04 03:00:00.000,03:00,19.010622154763013
2025-08-04 04:00:00.000,04:00,19.010622154763013
2025-08-04 05:00:00.000,05:00,19.010622154763013
2025-08-04 06:00:00.000,06:00,19.010622154763013
2025-08-04 07:00:00.000,07:00,19.010622154763013
2025-08-04 08:00:00.000,08:00,19.010622154763013
2025-08-04 09:00:00.000,09:00,19.010622154763013
2025-08-04 10:00:00.000,10:00,19.498094756474345
2025-08-04 11:00:00.000,11:00,22.527777777793297
2025-08-04 12:00:00.000,12:00,21.179999999958092
2025-08-04 13:00:00.000,13:00,21.18999999994412
2025-08-04 14:00:00.000,14:00,26.330000000144356
2025-08-04 15:00:00.000,15:00,27.95999999998603
2025-08-04 16:00:00.000,16:00,28.809999999846333
2025-08-04 17:00:00.000,17:00,26.100000000093132
2025-08-04 18:00:00.000,18:00,21.579999999934806
2025-08-04 19:00:00.000,19:00,19.32000000011176
2025-08-04 20:00:00.000,20:00,19.17999999988824
2025-08-04 21:00:00.000,21:00,15.500000000139698
2025-08-04 22:00:00.000,22:00,14.639999999850989
2025-08-04 23:00:00.000,23:00,15.560000000102445
2025-08-05 00:00:00.000,00:00,14.459999999962747
2025-08-05 01:00:00.000,01:00,14.379999999911524
2025-08-05 02:00:00.000,02:00,13.930000000121073
2025-08-05 03:00:00.000,03:00,15.249999999906867
2025-08-05 04:00:00.000,04:00,21.830000000051225
2025-08-05 05:00:00.000,05:00,23.16999999994878
2025-08-05 06:00:00.000,06:00,20.480000000144354
2025-08-05 07:00:00.000,07:00,18.179999999958092
2025-08-05 08:00:00.000,08:00,20.57999999991153
2025-08-05 09:00:00.000,09:00,21.380000000121072
2025-08-05 10:00:00.000,10:00,20.879999999934807
2025-08-05 11:00:00.000,11:00,21.319999999925493
2025-08-05 12:00:00.000,12:00,20.405454545510427
2025-08-05 13:00:00.000,13:00,21.53636363635517
2025-08-05 14:00:00.000,14:00,24.98818181820891
2025-08-05 15:00:00.000,15:00,24.53999999994412
2025-08-05 16:00:00.000,16:00,24.600000000023282
2025-08-05 17:00:00.000,17:00,21.46999999999534
2025-08-05 18:00:00.000,18:00,18.679999999958092
2025-08-05 19:00:00.000,19:00,17.330000000074506
2025-08-05 20:00:00.000,20:00,17.239999999990687
2025-08-05 21:00:00.000,21:00,15.920000000088475
2025-08-05 22:00:00.000,22:00,14.659999999846331
2025-08-05 23:00:00.000,23:00,15.540000000107103
2025-08-06 00:00:00.000,00:00,15.00999999998603
2025-08-06 01:00:00.000,01:00,14.290000000060536
2025-08-06 02:00:00.000,02:00,14.00999999998603
2025-08-06 03:00:00.000,03:00,15.279999999911524
2025-08-06 04:00:00.000,04:00,22.59000000008382
2025-08-06 05:00:00.000,05:00,23.759999999846332
2025-08-06 06:00:00.000,06:00,21.42000000004191
2025-08-06 07:00:00.000,07:00,19.24454545453614
2025-08-06 08:00:00.000,08:00,19.945454545547676
2025-08-06 09:00:00.000,09:00,21.060000000009314
2025-08-06 10:00:00.000,10:00,19.760000000009313
2025-08-06 11:00:00.000,11:00,19.919999999925494
2025-08-06 12:00:00.000,12:00,18.700000000093134
2025-08-06 13:00:00.000,13:00,18.65999999982305
2025-08-06 14:00:00.000,14:00,20.960000000125728
2025-08-06 15:00:00.000,15:00,22.53000000002794
2025-08-06 16:00:00.000,16:00,21.68999999987427
2025-08-06 17:00:00.000,17:00,19.890000000060535
2025-08-06 18:00:00.000,18:00,16.819999999925493
2025-08-06 19:00:00.000,19:00,15.690000000107101
2025-08-06 20:00:00.000,20:00,15.369999999878928
2025-08-06 21:00:00.000,21:00,15.130000000121072
2025-08-06 22:00:00.000,22:00,14.570000000065193
2025-08-06 23:00:00.000,23:00,15.649999999906868
2025-08-07 00:00:00.000,00:00,14.57000000004191
2025-08-07 01:00:00.000,01:00,14.119999999878928
2025-08-07 02:00:00.000,02:00,13.78000000002794
2025-08-07 03:00:00.000,03:00,15.160000000055879
2025-08-07 04:00:00.000,04:00,21.820000000041908
2025-08-07 05:00:00.000,05:00,22.199999999953434
2025-08-07 06:00:00.000,06:00,19.55
2025-08-07 07:00:00.000,07:00,17.399999999906868
2025-08-07 08:00:00.000,08:00,19.160000000009312
2025-08-07 09:00:00.000,09:00,21.600000000139698
2025-08-07 10:00:00.000,10:00,21.159999999962746
2025-08-07 11:00:00.000,11:00,22.040000000037253
2025-08-07 12:00:00.000,12:00,22.619999999878928
2025-08-07 13:00:00.000,13:00,22.34000000001397
2025-08-07 14:00:00.000,14:00,28.770000000018626
2025-08-07 15:00:00.000,15:00,27.699999999953434
2025-08-07 16:00:00.000,16:00,28.230000000144354
2025-08-07 17:00:00.000,17:00,23.599999999883586
2025-08-07 18:00:00.000,18:00,19.26999999997206
2025-08-07 19:00:00.000,19:00,15.830000000074506
2025-08-07 20:00:00.000,20:00,16.270000000018626
2025-08-07 21:00:00.000,21:00,16.070000000065193
2025-08-07 22:00:00.000,22:00,15.419999999855644
2025-08-07 23:00:00.000,23:00,16.21999999997206
2025-08-08 00:00:00.000,00:00,15.260000000009313
2025-08-08 01:00:00.000,01:00,14.690000000176951
2025-08-08 02:00:00.000,02:00,14.599999999860302
2025-08-08 03:00:00.000,03:00,16.210000000125728
2025-08-08 04:00:00.000,04:00,22.85999999984633
2025-08-08 05:00:00.000,05:00,23.410000000125727
2025-08-08 06:00:00.000,06:00,20.860000000032596
2025-08-08 07:00:00.000,07:00,17.84636363625865
2025-08-08 08:00:00.000,08:00,20.823636363620277
2025-08-08 09:00:00.000,09:00,21.900000000046568
2025-08-08 10:00:00.000,10:00,21.799999999906866
2025-08-08 11:00:00.000,11:00,22.76000000005588
2025-08-08 12:00:00.000,12:00,23.340000000037254
2025-08-08 13:00:00.000,13:00,22.58000000002794
2025-08-08 14:00:00.000,14:00,28.659999999962746
2025-08-08 15:00:00.000,15:00,31.139999999967404
2025-08-08 16:00:00.000,16:00,28.849999999953432
2025-08-08 17:00:00.000,17:00,22.460000000079162
2025-08-08 18:00:00.000,18:00,20.25000000009313
2025-08-08 19:00:00.000,19:00,19.239999999827706
2025-08-08 20:00:00.000,20:00,18.700000000116418
2025-08-08 21:00:00.000,21:00,19.069999999902212
2025-08-08 22:00:00.000,22:00,18.52000000011176
2025-08-08 23:00:00.000,23:00,19.069999999995343
2025-08-09 00:00:00.000,00:00,18.409999999962746
2025-08-09 01:00:00.000,01:00,17.979999999981374
2025-08-09 02:00:00.000,02:00,16.570000000018627
2025-08-09 03:00:00.000,03:00,14.439999999990686
2025-08-09 04:00:00.000,04:00,18.120000000088478
2025-08-09 05:00:00.000,05:00,19.16999999994878
2025-08-09 06:00:00.000,06:00,17.83000000005122
2025-08-09 07:00:00.000,07:00,17.369999999902213
2025-08-09 08:00:00.000,08:00,16.989999999990687
2025-08-09 09:00:00.000,09:00,16.3
2025-08-09 10:00:00.000,10:00,17.54000000008382
2025-08-09 11:00:00.000,11:00,18.71999999987893
2025-08-09 12:00:00.000,12:00,18.51999999997206
2025-08-09 13:00:00.000,13:00,20.250000000069846
2025-08-09 14:00:00.000,14:00,20.300000000046566
2025-08-09 15:00:00.000,15:00,20.46999999997206
2025-08-09 16:00:00.000,16:00,21.139999999967404
2025-08-09 17:00:00.000,17:00,21.6900000001071
2025-08-09 18:00:00.000,18:00,19.0999999998603
2025-08-09 19:00:00.000,19:00,18.630000000121072
2025-08-09 20:00:00.000,20:00,18.729999999911524
2025-08-09 21:00:00.000,21:00,17.899999999976718
2025-08-09 22:00:00.000,22:00,16.250000000023284
2025-08-09 23:00:00.000,23:00,17.179999999934807
2025-08-10 00:00:00.000,00:00,15.660000000125729
2025-08-10 01:00:00.000,01:00,15.480000000004656
2025-08-10 02:00:00.000,02:00,15.389999999920837
2025-08-10 03:00:00.000,03:00,14.830000000051223
2025-08-10 04:00:00.000,04:00,14.790000000037253
2025-08-10 05:00:00.000,05:00,16.27000000004191
2025-08-10 06:00:00.000,06:00,16.019999999995342
2025-08-10 07:00:00.000,07:00,14.719999999948778
2025-08-10 08:00:00.000,08:00,14.580000000051221
2025-08-10 09:00:00.000,09:00,15.299999999906868
2025-08-10 10:00:00.000,10:00,15.399999999953435
2025-08-10 11:00:00.000,11:00,15.740000000130385
2025-08-10 12:00:00.000,12:00,15.619999999878928
2025-08-10 13:00:00.000,13:00,15.544444444537577
2025-08-10 14:00:00.000,14:00,16.285555555443796
2025-08-10 15:00:00.000,15:00,16.260000000102444
2025-08-10 16:00:00.000,16:00,15.859999999869615
2025-08-10 17:00:00.000,17:00,16.240000000060537
2025-08-10 18:00:00.000,18:00,16.96999999997206
2025-08-10 19:00:00.000,19:00,16.330000000074506
2025-08-10 20:00:00.000,20:00,15.830000000004656
2025-08-10 21:00:00.000,21:00,16.569999999902212
2025-08-10 22:00:00.000,22:00,16.03000000002794
2025-08-10 23:00:00.000,23:00,17.080000000004656
2025-08-11 00:00:00.000,00:00,15.630000000121072
2025-08-11 01:00:00.000,01:00,15.030000000004657
2025-08-11 02:00:00.000,02:00,15.5
2025-08-11 03:00:00.000,03:00,16.629999999841676
2025-08-11 04:00:00.000,04:00,23.519999999995346
2025-08-11 05:00:00.000,05:00,24.27000000004191
2025-08-11 06:00:00.000,06:00,23.46000000012573
2025-08-11 07:00:00.000,07:00,21.087272727197373
2025-08-11 08:00:00.000,08:00,23.192727272737432
2025-08-11 09:00:00.000,09:00,25.4
2025-08-11 10:00:00.000,10:00,25.679999999981373
2025-08-11 11:00:00.000,11:00,29.960000000055878
2025-08-11 12:00:00.000,12:00,30.040000000037253
2025-08-11 13:00:00.000,13:00,28.579999999911525
2025-08-11 14:00:00.000,14:00,34.079999999981375
2025-08-11 15:00:00.000,15:00,35.62000000001863
2025-08-11 16:00:00.000,16:00,34.66999999994878
2025-08-11 17:00:00.000,17:00,29.37000000006519
2025-08-11 18:00:00.000,18:00,25.65999999991618
2025-08-11 19:00:00.000,19:00,23.850000000116417
2025-08-11 20:00:00.000,20:00,22.519999999948777
2025-08-11 21:00:00.000,21:00,17.980000000004658
2025-08-11 22:00:00.000,22:00,15.549999999976716
2025-08-11 23:00:00.000,23:00,16.419999999925494
2025-08-12 00:00:00.000,00:00,15.74000000001397
2025-08-12 01:00:00.000,01:00,15.32000000004191
2025-08-12 02:00:00.000,02:00,14.900000000116416
2025-08-12 03:00:00.000,03:00,16.539999999967403
2025-08-12 04:00:00.000,04:00,25.579999999864956
2025-08-12 05:00:00.000,05:00,25.5
2025-08-12 06:00:00.000,06:00,23.44222222234174
2025-08-12 07:00:00.000,07:00,20.714141414089205
2025-08-12 08:00:00.000,08:00,23.223636363620276
2025-08-12 09:00:00.000,09:00,24.88000000002794
2025-08-12 10:00:00.000,10:00,22.879999999934807
2025-08-12 11:00:00.000,11:00,24.939999999990686
2025-08-12 12:00:00.000,12:00,26.120000000158328
2025-08-12 13:00:00.000,13:00,30.93999999994412
2025-08-12 14:00:00.000,14:00,37.25999999998603
2025-08-12 15:00:00.000,15:00,39.09000000001397
2025-08-12 16:00:00.000,16:00,39.359999999916184
2025-08-12 17:00:00.000,17:00,34.930000000004654
2025-08-12 18:00:00.000,18:00,28.67000000011176
2025-08-12 19:00:00.000,19:00,22.359999999869615
2025-08-12 20:00:00.000,20:00,21.020000000111757
2025-08-12 21:00:00.000,21:00,18.39000000006054
2025-08-12 22:00:00.000,22:00,17.08999999994412
2025-08-12 23:00:00.000,23:00,17.81000000005588
2025-08-13 00:00:00.000,00:00,16.429999999958092
2025-08-13 01:00:00.000,01:00,15.810000000032597
2025-08-13 02:00:00.000,02:00,15.809999999823049
2025-08-13 03:00:00.000,03:00,17.62000000004191
2025-08-13 04:00:00.000,04:00,27.300000000046566
2025-08-13 05:00:00.000,05:00,28.34999999993015
2025-08-13 06:00:00.000,06:00,26.20000000006985
2025-08-13 07:00:00.000,07:00,24.460000000009313
2025-08-13 08:00:00.000,08:00,24.19999999997672
2025-08-13 09:00:00.000,09:00,29
2025-08-13 10:00:00.000,10:00,29.960000000055878
2025-08-13 11:00:00.000,11:00,30.99999999990687
2025-08-13 12:00:00.000,12:00,28.44000000003725
2025-08-13 13:00:00.000,13:00,25.94727272732522
2025-08-13 14:00:00.000,14:00,28.332727272656154
2025-08-13 15:00:00.000,15:00,31.010000000009313
2025-08-13 16:00:00.000,16:00,30.03000000002794
2025-08-13 17:00:00.000,17:00,28.310000000079164
2025-08-13 18:00:00.000,18:00,25.17999999995809
2025-08-13 19:00:00.000,19:00,21.610000000009315
2025-08-13 20:00:00.000,20:00,20.379999999981372
2025-08-13 21:00:00.000,21:00,17.13999999992084
2025-08-13 22:00:00.000,22:00,15.600000000023282
2025-08-13 23:00:00.000,23:00,16.679999999934807
2025-08-14 00:00:00.000,00:00,15.56000000005588
2025-08-14 01:00:00.000,01:00,15.00999999998603
2025-08-14 02:00:00.000,02:00,14.480000000004656
2025-08-14 03:00:00.000,03:00,16.509999999962748
2025-08-14 04:00:00.000,04:00,24.130000000074507
2025-08-14 05:00:00.000,05:00,24.990000000013968
2025-08-14 06:00:00.000,06:00,24.160000000079165
2025-08-14 07:00:00.000,07:00,23.02999999986496
2025-08-14 08:00:00.000,08:00,22.349999999976717
2025-08-14 09:00:00.000,09:00,24.640000000130385
2025-08-14 10:00:00.000,10:00,25.379999999934807
2025-08-14 11:00:00.000,11:00,27.460000000102447
2025-08-14 12:00:00.000,12:00,27.979999999888243
2025-08-14 13:00:00.000,13:00,30.28000000002794
2025-08-14 14:00:00.000,14:00,33.47000000004191
2025-08-14 15:00:00.000,15:00,35.709999999869616
2025-08-14 16:00:00.000,16:00,36.08000000009779
2025-08-14 17:00:00.000,17:00,31.160000000032596
2025-08-14 18:00:00.000,18:00,25.079999999934806
2025-08-14 19:00:00.000,19:00,24.579999999981375
2025-08-14 20:00:00.000,20:00,24.09000000001397
2025-08-14 21:00:00.000,21:00,17.430000000051223
2025-08-14 22:00:00.000,22:00,15.489999999920837
2025-08-14 23:00:00.000,23:00,16.262500000040745
2025-08-15 00:00:00.000,00:00,16.12750000008964
2025-08-15 01:00:00.000,01:00,15.089999999874271
2025-08-15 02:00:00.000,02:00,14.72999999995809
2025-08-15 03:00:00.000,03:00,16.339999999990688
2025-08-15 04:00:00.000,04:00,26.09000000008382
2025-08-15 05:00:00.000,05:00,25.209999999962747
2025-08-15 06:00:00.000,06:00,22.18000000009779
2025-08-15 07:00:00.000,07:00,21.73000000002794
2025-08-15 08:00:00.000,08:00,21.26999999990221
2025-08-15 09:00:00.000,09:00,21.319999999925493
2025-08-15 10:00:00.000,10:00,23.42000000011176
2025-08-15 11:00:00.000,11:00,25.060000000009314
2025-08-15 12:00:00.000,12:00,26.400000000046568
2025-08-15 13:00:00.000,13:00,28.156363636242563
2025-08-15 14:00:00.000,14:00,30.813636363729497
2025-08-15 15:00:00.000,15:00,31.729999999981374
2025-08-15 16:00:00.000,16:00,30.459999999892897
2025-08-15 17:00:00.000,17:00,30.87000000011176
2025-08-15 18:00:00.000,18:00,28.3
2025-08-15 19:00:00.000,19:00,27.249999999906866
2025-08-15 20:00:00.000,20:00,26.08000000009779
2025-08-15 21:00:00.000,21:00,18.789999999990687
2025-08-15 22:00:00.000,22:00,17.139999999967404
2025-08-15 23:00:00.000,23:00,17.730000000004658
2025-08-16 00:00:00.000,00:00,16.830000000074506
2025-08-16 01:00:00.000,01:00,16.589999999874273
2025-08-16 02:00:00.000,02:00,16.209999999962747
2025-08-16 03:00:00.000,03:00,16.350000000139698
2025-08-16 04:00:00.000,04:00,21.68999999994412
2025-08-16 05:00:00.000,05:00,22.26000000005588
2025-08-16 06:00:00.000,06:00,20.73999999994412
2025-08-16 07:00:00.000,07:00,18.530000000004655
2025-08-16 08:00:00.000,08:00,18.7
2025-08-16 09:00:00.000,09:00,17.920000000018625
2025-08-16 10:00:00.000,10:00,18.86000000000931
2025-08-16 11:00:00.000,11:00,20.01999999987893
2025-08-16 12:00:00.000,12:00,20.720000000158322
2025-08-16 13:00:00.000,13:00,21.352727272640912
2025-08-16 14:00:00.000,14:00,22.027272727293894
2025-08-16 15:00:00.000,15:00,22.349999999953432
2025-08-16 16:00:00.000,16:00,22.860000000032596
2025-08-16 17:00:00.000,17:00,21.710000000032597
2025-08-16 18:00:00.000,18:00,19.59000000001397
2025-08-16 19:00:00.000,19:00,18.68999999987427
2025-08-16 20:00:00.000,20:00,18.340000000153665
2025-08-16 21:00:00.000,21:00,17.889999999990685
2025-08-16 22:00:00.000,22:00,16.760000000009313
2025-08-16 23:00:00.000,23:00,16.922499999887076
2025-08-17 00:00:00.000,00:00,16.447500000131548
2025-08-17 01:00:00.000,01:00,15.599999999883584
2025-08-17 02:00:00.000,02:00,15.78000000002794
2025-08-17 03:00:00.000,03:00,15.800000000046566
2025-08-17 04:00:00.000,04:00,15.510000000009313
2025-08-17 05:00:00.000,05:00,16.969999999995345
2025-08-17 06:00:00.000,06:00,16.83000000005122
2025-08-17 07:00:00.000,07:00,15.029999999841674
2025-08-17 08:00:00.000,08:00,15.419999999972061
2025-08-17 09:00:00.000,09:00,14.740000000083818
2025-08-17 10:00:00.000,10:00,15.199999999953434
2025-08-17 11:00:00.000,11:00,15.659999999962746
2025-08-17 12:00:00.000,12:00,15.760000000055879
2025-08-17 13:00:00.000,13:00,16.760000000055882
2025-08-17 14:00:00.000,14:00,17.04000000001397
2025-08-17 15:00:00.000,15:00,17
2025-08-17 16:00:00.000,16:00,17.399999999906868
2025-08-17 17:00:00.000,17:00,16.9000000001397
2025-08-17 18:00:00.000,18:00,16.799999999883585
2025-08-17 19:00:00.000,19:00,16.46999999997206
2025-08-17 20:00:00.000,20:00,16.490000000083818
2025-08-17 21:00:00.000,21:00,18.460000000009313
2025-08-17 22:00:00.000,22:00,20.589999999944123
2025-08-17 23:00:00.000,23:00,21.230000000074504
2025-08-18 00:00:00.000,00:00,19.859999999962746
2025-08-18 01:00:00.000,01:00,19.419999999902213
2025-08-18 02:00:00.000,02:00,19.4000000001397
2025-08-18 03:00:00.000,03:00,17.08999999994412
2025-08-18 04:00:00.000,04:00,25.13000000009779
2025-08-18 05:00:00.000,05:00,27.259999999823048
2025-08-18 06:00:00.000,06:00,25.950000000116415
2025-08-18 07:00:00.000,07:00,23.90999999991618
2025-08-18 08:00:00.000,08:00,23.20000000006985
2025-08-18 09:00:00.000,09:00,23.7
2025-08-18 10:00:00.000,10:00,23.4
2025-08-18 11:00:00.000,11:00,23.06571428573557
2025-08-18 12:00:00.000,12:00,22.63428571431099
2025-08-18 13:00:00.000,13:00,22.824444444462035
2025-08-18 14:00:00.000,14:00,30.8555555554469
2025-08-18 15:00:00.000,15:00,31.049999999979306
2025-08-18 16:00:00.000,16:00,31.229999999981374
2025-08-18 17:00:00.000,17:00,26.180000000144354
2025-08-18 18:00:00.000,18:00,21.549999999906866
2025-08-18 19:00:00.000,19:00,19.669999999995344
2025-08-18 20:00:00.000,20:00,18.630000000051222
2025-08-18 21:00:00.000,21:00,17.74999999993015
2025-08-18 22:00:00.000,22:00,16.420000000018625
2025-08-18 23:00:00.000,23:00,17.71999999997206
2025-08-19 00:00:00.000,00:00,17.19000000001397
2025-08-19 01:00:00.000,01:00,16.34000000003725
2025-08-19 02:00:00.000,02:00,15.810000000032597
2025-08-19 03:00:00.000,03:00,18.19999999993015
2025-08-19 04:00:00.000,04:00,25.759999999939463
2025-08-19 05:00:00.000,05:00,25.87000000013504
2025-08-19 06:00:00.000,06:00,23.850000000046567
2025-08-19 07:00:00.000,07:00,22.80999999982305
2025-08-19 08:00:00.000,08:00,24.203333333380417
2025-08-19 09:00:00.000,09:00,23.346666666642864
2025-08-19 10:00:00.000,10:00,23.000000000093134
2025-08-19 11:00:00.000,11:00,22.11999999997206
2025-08-19 12:00:00.000,12:00,21.31999999997206
2025-08-19 13:00:00.000,13:00,20.860000000102445
2025-08-19 14:00:00.000,14:00,24.679999999864958
2025-08-19 15:00:00.000,15:00,24.240000000060537
2025-08-19 16:00:00.000,16:00,24.300000000046566
2025-08-19 17:00:00.000,17:00,20.879999999981372
2025-08-19 18:00:00.000,18:00,19.049999999906866
2025-08-19 19:00:00.000,19:00,17.460000000125728
2025-08-19 20:00:00.000,20:00,17.40999999998603
2025-08-19 21:00:00.000,21:00,17.069999999902212
2025-08-19 22:00:00.000,22:00,15.840000000037252
2025-08-19 23:00:00.000,23:00,17.37096885819033
2025-08-20 00:00:00.000,00:00,20.408304498255394
2025-08-20 01:00:00.000,01:00,20.408304498255394
2025-08-20 02:00:00.000,02:00,20.408304498255394
2025-08-20 03:00:00.000,03:00,20.408304498255394
2025-08-20 04:00:00.000,04:00,20.408304498255394
2025-08-20 05:00:00.000,05:00,20.408304498255394
2025-08-20 06:00:00.000,06:00,20.408304498255394
2025-08-20 07:00:00.000,07:00,20.408304498255394
2025-08-20 08:00:00.000,08:00,20.408304498255394
2025-08-20 09:00:00.000,09:00,21.66429065745058
2025-08-20 10:00:00.000,10:00,23.979999999981374
2025-08-20 11:00:00.000,11:00,25.880000000144353
2025-08-20 12:00:00.000,12:00,21.370000000041912
2025-08-20 13:00:00.000,13:00,22.179999999818392
2025-08-20 14:00:00.000,14:00,28.110000000079165
2025-08-20 15:00:00.000,15:00,27
2025-08-20 16:00:00.000,16:00,26.88000000002794
2025-08-20 17:00:00.000,17:00,22.55999999996275
2025-08-20 18:00:00.000,18:00,20.360000000009315
2025-08-20 19:00:00.000,19:00,16.879999999981372
2025-08-20 20:00:00.000,20:00,15.659999999962746
2025-08-20 21:00:00.000,21:00,16.84000000008382
2025-08-20 22:00:00.000,22:00,15.419999999925494
2025-08-20 23:00:00.000,23:00,15.86000000005588
2025-08-21 00:00:00.000,00:00,15.25
2025-08-21 01:00:00.000,01:00,14.919999999925494
2025-08-21 02:00:00.000,02:00,14.580000000074506
2025-08-21 03:00:00.000,03:00,15.930000000074505
2025-08-21 04:00:00.000,04:00,24.619999999878928
2025-08-21 05:00:00.000,05:00,25.460000000009313
2025-08-21 06:00:00.000,06:00,21.876363636379722
2025-08-21 07:00:00.000,07:00,18.63030303041733
2025-08-21 08:00:00.000,08:00,20.25333333321226
2025-08-21 09:00:00.000,09:00,22.240000000037252
2025-08-21 10:00:00.000,10:00,21.560000000009314
2025-08-21 11:00:00.000,11:00,21.25999999991618
2025-08-21 12:00:00.000,12:00,20.74000000008382
2025-08-21 13:00:00.000,13:00,21.068888888896133
2025-08-21 14:00:00.000,14:00,25.744444444439267
2025-08-21 15:00:00.000,15:00,24.276666666585434
2025-08-21 16:00:00.000,16:00,24.729999999981374
2025-08-21 17:00:00.000,17:00,23.110000000125726
2025-08-21 18:00:00.000,18:00,20.989999999920837
2025-08-21 19:00:00.000,19:00,19.180000000027942
2025-08-21 20:00:00.000,20:00,16.349999999999998
2025-08-21 21:00:00.000,21:00,17.58999999994412
2025-08-21 22:00:00.000,22:00,16.200000000023284
2025-08-21 23:00:00.000,23:00,17.139999999990685
2025-08-22 00:00:00.000,00:00,15.640000000130385
2025-08-22 01:00:00.000,01:00,15.799999999837018
2025-08-22 02:00:00.000,02:00,15.200000000162982
2025-08-22 03:00:00.000,03:00,16.85
2025-08-22 04:00:00.000,04:00,23.419999999925494
2025-08-22 05:00:00.000,05:00,24.68999999994412
2025-08-22 06:00:00.000,06:00,21.799999999953435
2025-08-22 07:00:00.000,07:00,18.41818181833422
2025-08-22 08:00:00.000,08:00,20.341818181814794
2025-08-22 09:00:00.000,09:00,22.57999999988824
2025-08-22 10:00:00.000,10:00,21.680000000074507
2025-08-22 11:00:00.000,11:00,21.280000000074505
2025-08-22 12:00:00.000,12:00,18.47999999988824
2025-08-22 13:00:00.000,13:00,18.760000000055882
2025-08-22 14:00:00.000,14:00,21.21999999997206
2025-08-22 15:00:00.000,15:00,21.470000000018626
2025-08-22 16:00:00.000,16:00,21.989999999990687
2025-08-22 17:00:00.000,17:00,17.910000000032596
2025-08-22 18:00:00.000,18:00,16.789999999967403
2025-08-22 19:00:00.000,19:00,16.079999999981375
2025-08-22 20:00:00.000,20:00,16.229999999981374
2025-08-22 21:00:00.000,21:00,17.02999999995809
2025-08-22 22:00:00.000,22:00,15.690000000107101
2025-08-22 23:00:00.000,23:00,16.8499999998603
2025-08-23 00:00:00.000,00:00,15.650000000139698
2025-08-23 01:00:00.000,01:00,15.209999999962747
2025-08-23 02:00:00.000,02:00,14.889999999897555
2025-08-23 03:00:00.000,03:00,15.650000000186264
2025-08-23 04:00:00.000,04:00,18.789999999827707
2025-08-23 05:00:00.000,05:00,19.790000000037253
2025-08-23 06:00:00.000,06:00,18.060000000009314
2025-08-23 07:00:00.000,07:00,16.790000000037253
2025-08-23 08:00:00.000,08:00,16.389999999967404
2025-08-23 09:00:00.000,09:00,18.06000000005588
2025-08-23 10:00:00.000,10:00,18.199999999953434
2025-08-23 11:00:00.000,11:00,17.820000000065193
2025-08-23 12:00:00.000,12:00,17.299999999953435
2025-08-23 13:00:00.000,13:00,15.829999999981373
2025-08-23 14:00:00.000,14:00,17.5
2025-08-23 15:00:00.000,15:00,16.19000000003725
2025-08-23 16:00:00.000,16:00,15.97000000004191
2025-08-23 17:00:00.000,17:00,16.53999999987427
2025-08-23 18:00:00.000,18:00,17.03000000002794
2025-08-23 19:00:00.000,19:00,16.529999999958093
2025-08-23 20:00:00.000,20:00,16.510000000079163
2025-08-23 21:00:00.000,21:00,16.349999999953432
2025-08-23 22:00:00.000,22:00,15.360000000032596
2025-08-23 23:00:00.000,23:00,15.889999999967404
2025-08-24 00:00:00.000,00:00,15.350000000093132
2025-08-24 01:00:00.000,01:00,14.699999999953434
2025-08-24 02:00:00.000,02:00,14.620000000088476
2025-08-24 03:00:00.000,03:00,14.199999999953434
2025-08-24 04:00:00.000,04:00,14.209999999962747
2025-08-24 05:00:00.000,05:00,16.159999999962746
2025-08-24 06:00:00.000,06:00,15.620000000065193
2025-08-24 07:00:00.000,07:00,14.569999999878927
2025-08-24 08:00:00.000,08:00,14.415454545543021
2025-08-24 09:00:00.000,09:00,14.894545454489576
2025-08-24 10:00:00.000,10:00,14.959999999962747
2025-08-24 11:00:00.000,11:00,15.220000000158326
2025-08-24 12:00:00.000,12:00,15.139999999990685
2025-08-24 13:00:00.000,13:00,15.158181818219072
2025-08-24 14:00:00.000,14:00,15.501818181720393
2025-08-24 15:00:00.000,15:00,15.52999999995809
2025-08-24 16:00:00.000,16:00,15.400000000139698
2025-08-24 17:00:00.000,17:00,15.569999999902212
2025-08-24 18:00:00.000,18:00,15.229999999911524
2025-08-24 19:00:00.000,19:00,15.53000000002794
2025-08-24 20:00:00.000,20:00,15.38000000002794
2025-08-24 21:00:00.000,21:00,16.739999999990687
2025-08-24 22:00:00.000,22:00,15.20999999998603
2025-08-24 23:00:00.000,23:00,16.139999999967404
2025-08-25 00:00:00.000,00:00,15.610000000102445
2025-08-25 01:00:00.000,01:00,14.879999999911524
2025-08-25 02:00:00.000,02:00,14.60000000006985
2025-08-25 03:00:00.000,03:00,16.380000000004657
2025-08-25 04:00:00.000,04:00,22.709999999962747
2025-08-25 05:00:00.000,05:00,23.59000000008382
2025-08-25 06:00:00.000,06:00,22.350000000046567
2025-08-25 07:00:00.000,07:00,18.40999999991618
2025-08-25 08:00:00.000,08:00,19.819999999917734
2025-08-25 09:00:00.000,09:00,22.320000000096236
2025-08-25 10:00:00.000,10:00,20.399999999906868
2025-08-25 11:00:00.000,11:00,19.520000000018626
2025-08-25 12:00:00.000,12:00,19.900000000093133
2025-08-25 13:00:00.000,13:00,22.43777777781296
2025-08-25 14:00:00.000,14:00,26.994949494923624
2025-08-25 15:00:00.000,15:00,27.297272727291354
2025-08-25 16:00:00.000,16:00,25.699999999953434
2025-08-25 17:00:00.000,17:00,20.86999999990221
2025-08-25 18:00:00.000,18:00,17.050000000139697
2025-08-25 19:00:00.000,19:00,15.599999999860302
2025-08-25 20:00:00.000,20:00,15.670000000158325
2025-08-25 21:00:00.000,21:00,17.40999999998603
2025-08-25 22:00:00.000,22:00,18.359999999869615
2025-08-25 23:00:00.000,23:00,19.670000000018625
2025-08-26 00:00:00.000,00:00,18.47000000004191
2025-08-26 01:00:00.000,01:00,15.799999999953434
2025-08-26 02:00:00.000,02:00,13.510000000009313
2025-08-26 03:00:00.000,03:00,15.420000000088475
2025-08-26 04:00:00.000,04:00,23.790000000037253
2025-08-26 05:00:00.000,05:00,24.619999999878928
2025-08-26 06:00:00.000,06:00,21.099999999999998
2025-08-26 07:00:00.000,07:00,18.469999999995345
2025-08-26 08:00:00.000,08:00,20.565454545572656
2025-08-26 09:00:00.000,09:00,26.63454545445063
2025-08-26 10:00:00.000,10:00,24.49999999995343
2025-08-26 11:00:00.000,11:00,22.34000000013038
2025-08-26 12:00:00.000,12:00,19.239999999897552
2025-08-26 13:00:00.000,13:00,21.830909090959043
2025-08-26 14:00:00.000,14:00,25.063636363589797
2025-08-26 15:00:00.000,15:00,24.015454545507037
2025-08-26 16:00:00.000,16:00,25.399999999976718
2025-08-26 17:00:00.000,17:00,21.96999999992549
2025-08-26 18:00:00.000,18:00,17.850000000116417
2025-08-26 19:00:00.000,19:00,17.110000000009315
2025-08-26 20:00:00.000,20:00,16.569999999902212
2025-08-26 21:00:00.000,21:00,16.70999999998603
2025-08-26 22:00:00.000,22:00,14.690000000037253
2025-08-26 23:00:00.000,23:00,15.26749999995227
2025-08-27 00:00:00.000,00:00,15.022499999991851
2025-08-27 01:00:00.000,01:00,14.469999999995343
2025-08-27 02:00:00.000,02:00,14.13000000009779
2025-08-27 03:00:00.000,03:00,16.019999999948777
2025-08-27 04:00:00.000,04:00,23.060000000009314
2025-08-27 05:00:00.000,05:00,24.439999999990686
2025-08-27 06:00:00.000,06:00,22.210000000079162
2025-08-27 07:00:00.000,07:00,18.629999999981372
2025-08-27 08:00:00.000,08:00,20.88000000006604
2025-08-27 09:00:00.000,09:00,21.1999999998222
2025-08-27 10:00:00.000,10:00,21.460000000009313
2025-08-27 11:00:00.000,11:00,20.800000000046566
2025-08-27 12:00:00.000,12:00,19.420000000018625
2025-08-27 13:00:00.000,13:00,18.997777777760188
2025-08-27 14:00:00.000,14:00,23.231313131302784
2025-08-27 15:00:00.000,15:00,26.95757575763267
2025-08-27 16:00:00.000,16:00,25.74333333340215
2025-08-27 17:00:00.000,17:00,21.42999999988824
2025-08-27 18:00:00.000,18:00,18.250000000093134
2025-08-27 19:00:00.000,19:00,17
2025-08-27 20:00:00.000,20:00,16.879999999958088
2025-08-27 21:00:00.000,21:00,16.819999999995346
2025-08-27 22:00:00.000,22:00,15.220000000065191
2025-08-27 23:00:00.000,23:00,15.339999999920838
2025-08-28 00:00:00.000,00:00,15.120000000088476
2025-08-28 01:00:00.000,01:00,14.379999999911524
2025-08-28 02:00:00.000,02:00,14.590000000083819
2025-08-28 03:00:00.000,03:00,16.429999999864958
2025-08-28 04:00:00.000,04:00,23.13000000009779
2025-08-28 05:00:00.000,05:00,26.270000000041907
2025-08-28 06:00:00.000,06:00,22.249999999860304
2025-08-28 07:00:00.000,07:00,18.26000000005588
2025-08-28 08:00:00.000,08:00,21.065454545382156
2025-08-28 09:00:00.000,09:00,23.474545454631812
2025-08-28 10:00:00.000,10:00,20.860000000009315
2025-08-28 11:00:00.000,11:00,21.36000000005588
2025-08-28 12:00:00.000,12:00,18.93999999989755
2025-08-28 13:00:00.000,13:00,18.83999999994412
2025-08-28 14:00:00.000,14:00,22.010000000009313
2025-08-28 15:00:00.000,15:00,22.647777777806752
2025-08-28 16:00:00.000,16:00,21.302222222239813
2025-08-28 17:00:00.000,17:00,18.66000000007916
2025-08-28 18:00:00.000,18:00,16.77999999988824
2025-08-28 19:00:00.000,19:00,15.770000000018626
2025-08-28 20:00:00.000,20:00,15.680000000004656
2025-08-28 21:00:00.000,21:00,16.450000000046565
2025-08-28 22:00:00.000,22:00,14.120000000041909
2025-08-28 23:00:00.000,23:00,15.022499999857974
2025-08-29 00:00:00.000,00:00,14.797500000044238
2025-08-29 01:00:00.000,01:00,14
2025-08-29 02:00:00.000,02:00,13.810000000032597
2025-08-29 03:00:00.000,03:00,15.509999999962748
2025-08-29 04:00:00.000,04:00,22.950000000116418
2025-08-29 05:00:00.000,05:00,23.88999999992084
2025-08-29 06:00:00.000,06:00,20.77999999995809
2025-08-29 07:00:00.000,07:00,17.53636363639327
2025-08-29 08:00:00.000,08:00,19.683636363671923
2025-08-29 09:00:00.000,09:00,21.15999999991618
2025-08-29 10:00:00.000,10:00,20.360000000102445
2025-08-29 11:00:00.000,11:00,20.059999999869614
2025-08-29 12:00:00.000,12:00,18.70000000009313
2025-08-29 13:00:00.000,13:00,20.01999999997206
2025-08-29 14:00:00.000,14:00,23.210000000032593
2025-08-29 15:00:00.000,15:00,23.09999999993015
2025-08-29 16:00:00.000,16:00,21.080000000097787
2025-08-29 17:00:00.000,17:00,16.980000000004658
2025-08-29 18:00:00.000,18:00,15.489999999990687
2025-08-29 19:00:00.000,19:00,14.729999999911524
2025-08-29 20:00:00.000,20:00,15.28000000009779
2025-08-29 21:00:00.000,21:00,14.729999999981374
2025-08-29 22:00:00.000,22:00,15.139999999967404
2025-08-29 23:00:00.000,23:00,15.239999999920837
2025-08-30 00:00:00.000,00:00,13.980000000167639
2025-08-30 01:00:00.000,01:00,13.510000000009313
2025-08-30 02:00:00.000,02:00,13.389999999920837
2025-08-30 03:00:00.000,03:00,14.609999999962746
2025-08-30 04:00:00.000,04:00,17.22999999995809
2025-08-30 05:00:00.000,05:00,18.380000000121072
2025-08-30 06:00:00.000,06:00,16.87000000004191
2025-08-30 07:00:00.000,07:00,15.18999999994412
2025-08-30 08:00:00.000,08:00,16.000000000023284
2025-08-30 09:00:00.000,09:00,16.359999999962746
2025-08-30 10:00:00.000,10:00,16.719999999925495
2025-08-30 11:00:00.000,11:00,16.820000000065193
2025-08-30 12:00:00.000,12:00,16.760000000009313
2025-08-30 13:00:00.000,13:00,17.32444444444134
2025-08-30 14:00:00.000,14:00,17.08555555556797
2025-08-30 15:00:00.000,15:00,17.399999999906868
2025-08-30 16:00:00.000,16:00,17.230000000144358
2025-08-30 17:00:00.000,17:00,17.199999999953434
2025-08-30 18:00:00.000,18:00,17.360000000032596
2025-08-30 19:00:00.000,19:00,17.44000000001397
2025-08-30 20:00:00.000,20:00,17.47999999988824
2025-08-30 21:00:00.000,21:00,15.409999999939464
2025-08-30 22:00:00.000,22:00,15.210000000032597
2025-08-30 23:00:00.000,23:00,15.34000000001397
2025-08-31 00:00:00.000,00:00,13.97999999995809
2025-08-31 01:00:00.000,01:00,13.31000000005588
2025-08-31 02:00:00.000,02:00,13.60000000006985
2025-08-31 03:00:00.000,03:00,13.480000000004656
2025-08-31 04:00:00.000,04:00,13.879999999911524
2025-08-31 05:00:00.000,05:00,15
2025-08-31 06:00:00.000,06:00,14.440000000130386
2025-08-31 07:00:00.000,07:00,13.589999999874271
2025-08-31 08:00:00.000,08:00,13.33818181820256
2025-08-31 09:00:00.000,09:00,13.541818181895227
2025-08-31 10:00:00.000,10:00,13.57999999988824
2025-08-31 11:00:00.000,11:00,13.540000000037253
2025-08-31 12:00:00.000,12:00,13.660000000102446
2025-08-31 13:00:00.000,13:00,13.339999999850988
2025-08-31 14:00:00.000,14:00,13.060000000032595
2025-08-31 15:00:00.000,15:00,13.60000000009313
2025-08-31 16:00:00.000,16:00,13.669999999925494
2025-08-31 17:00:00.000,17:00,13.740000000060537
2025-08-31 18:00:00.000,18:00,13.360000000032596
2025-08-31 19:00:00.000,19:00,13.329999999841675
2025-08-31 20:00:00.000,20:00,14.110000000172295
2025-08-31 21:00:00.000,21:00,14.52999999995809
2025-08-31 22:00:00.000,22:00,14.729999999981374
2025-08-31 23:00:00.000,23:00,14.952499999996508
2025-09-01 00:00:00.000,00:00,14.407499999919674
2025-09-01 01:00:00.000,01:00,13.590000000083819
2025-09-01 02:00:00.000,02:00,13.119999999878928
2025-09-01 03:00:00.000,03:00,14.560000000172295
2025-09-01 04:00:00.000,04:00,19.93999999992084
2025-09-01 05:00:00.000,05:00,20.77000000004191
2025-09-01 06:00:00.000,06:00,18.49999999990687
2025-09-01 07:00:00.000,07:00,16.538888888976846
2025-09-01 08:00:00.000,08:00,18.351111111060405
2025-09-01 09:00:00.000,09:00,20.740000000037252
2025-09-01 10:00:00.000,10:00,20.15999999991618
2025-09-01 11:00:00.000,11:00,22.000000000046565
2025-09-01 12:00:00.000,12:00,20.859999999962746
2025-09-01 13:00:00.000,13:00,19.240000000130387
2025-09-01 14:00:00.000,14:00,22.960000000009313
2025-09-01 15:00:00.000,15:00,22.93999999989755
2025-09-01 16:00:00.000,16:00,21.720000000088476
2025-09-01 17:00:00.000,17:00,20.909999999939465
2025-09-01 18:00:00.000,18:00,18.760000000009313
2025-09-01 19:00:00.000,19:00,15.439999999967403
2025-09-01 20:00:00.000,20:00,14.25222222216479
2025-09-01 21:00:00.000,21:00,14.297777777788644
2025-09-01 22:00:00.000,22:00,14.96999999997206
2025-09-01 23:00:00.000,23:00,15.410000000079162
2025-09-02 00:00:00.000,00:00,13.880000000074507
2025-09-02 01:00:00.000,01:00,13.109999999892898
2025-09-02 02:00:00.000,02:00,13.380000000121072
2025-09-02 03:00:00.000,03:00,14.30999999991618
2025-09-02 04:00:00.000,04:00,17.429999999911523
2025-09-02 05:00:00.000,05:00,19.180000000167638
2025-09-02 06:00:00.000,06:00,18.259999999962748
2025-09-02 07:00:00.000,07:00,16.38999999992084
2025-09-02 08:00:00.000,08:00,17.720000000088476
2025-09-02 09:00:00.000,09:00,20.179999999934807
2025-09-02 10:00:00.000,10:00,21.320000000065193
2025-09-02 11:00:00.000,11:00,20.91999999997206
2025-09-02 12:00:00.000,12:00,19.079999999934806
2025-09-02 13:00:00.000,13:00,18.280000000121074
2025-09-02 14:00:00.000,14:00,23.319999999972058
2025-09-02 15:00:00.000,15:00,24.939999999850986
2025-09-02 16:00:00.000,16:00,24.330000000074506
2025-09-02 17:00:00.000,17:00,20.35999999998603
2025-09-02 18:00:00.000,18:00,15.759999999939463
2025-09-02 19:00:00.000,19:00,14.330000000074506
2025-09-02 20:00:00.000,20:00,14.870000000111759
2025-09-02 21:00:00.000,21:00,15
2025-09-02 22:00:00.000,22:00,15.038888888744017
2025-09-02 23:00:00.000,23:00,15.311111111116285
2025-09-03 00:00:00.000,00:00,14.080000000051223
2025-09-03 01:00:00.000,01:00,13.399999999906868
2025-09-03 02:00:00.000,02:00,13.410000000125729
2025-09-03 03:00:00.000,03:00,14.680000000051223
2025-09-03 04:00:00.000,04:00,18.429999999911523
2025-09-03 05:00:00.000,05:00,20.550000000093135
2025-09-03 06:00:00.000,06:00,18.979999999911527
2025-09-03 07:00:00.000,07:00,17.570000000088477
2025-09-03 08:00:00.000,08:00,20.619999999878928
2025-09-03 09:00:00.000,09:00,24.699999999953434
2025-09-03 10:00:00.000,10:00,23.680000000167638
2025-09-03 11:00:00.000,11:00,24.099999999953432
2025-09-03 12:00:00.000,12:00,21.739999999990687
2025-09-03 13:00:00.000,13:00,20.939999999990686
2025-09-03 14:00:00.000,14:00,21.910000000009312
2025-09-03 15:00:00.000,15:00,20.319999999995343
2025-09-03 16:00:00.000,16:00,22.89909090910488
2025-09-03 17:00:00.000,17:00,21.14090909076939
2025-09-03 18:00:00.000,18:00,19.304545454613187
2025-09-03 19:00:00.000,19:00,15.625454545507885
2025-09-03 20:00:00.000,20:00,15.864444444369939
2025-09-03 21:00:00.000,21:00,14.805555555555555
2025-09-03 22:00:00.000,22:00,15.340000000083819
2025-09-03 23:00:00.000,23:00,15.609999999869615
2025-09-04 00:00:00.000,00:00,14.56000000005588
2025-09-04 01:00:00.000,01:00,14.199999999953434
2025-09-04 02:00:00.000,02:00,13.810000000032597
2025-09-04 03:00:00.000,03:00,14.800000000139697
2025-09-04 04:00:00.000,04:00,18.239999999944118
2025-09-04 05:00:00.000,05:00,20.240000000060533
2025-09-04 06:00:00.000,06:00,17.989999999897556
2025-09-04 07:00:00.000,07:00,16.480000000004658
2025-09-04 08:00:00.000,08:00,18.66000000007916
2025-09-04 09:00:00.000,09:00,20.7999999998603
2025-09-04 10:00:00.000,10:00,19.1
2025-09-04 11:00:00.000,11:00,19.160000000102446
2025-09-04 12:00:00.000,12:00,18.679999999934807
2025-09-04 13:00:00.000,13:00,18.807272727359933
2025-09-04 14:00:00.000,14:00,19.982727272630754
2025-09-04 15:00:00.000,15:00,19.739999999990687
2025-09-04 16:00:00.000,16:00,20.53000000002794
2025-09-04 17:00:00.000,17:00,18.61000000005588
2025-09-04 18:00:00.000,18:00,15.919999999925494
2025-09-04 19:00:00.000,19:00,18.089999999990688
2025-09-04 20:00:00.000,20:00,18.940000000013967
2025-09-04 21:00:00.000,21:00,18.770000000018626
2025-09-04 22:00:00.000,22:00,19.100000000093132
2025-09-04 23:00:00.000,23:00,19.189999999967405
2025-09-05 00:00:00.000,00:00,17.540000000037253
2025-09-05 01:00:00.000,01:00,13.439999999920838
2025-09-05 02:00:00.000,02:00,13.590000000083819
2025-09-05 03:00:00.000,03:00,14.21999999983236
2025-09-05 04:00:00.000,04:00,17.33000000002794
2025-09-05 05:00:00.000,05:00,18.480000000004658
2025-09-05 06:00:00.000,06:00,17.86000000005588
2025-09-05 07:00:00.000,07:00,16.119999999925493
2025-09-05 08:00:00.000,08:00,17.229999999981374
2025-09-05 09:00:00.000,09:00,18.93000000002794
2025-09-05 10:00:00.000,10:00,20.12000000011176
2025-09-05 11:00:00.000,11:00,19.419999999925494
2025-09-05 12:00:00.000,12:00,18.64000000003725
2025-09-05 13:00:00.000,13:00,16.819999999995343
2025-09-05 14:00:00.000,14:00,19.493333333272798
2025-09-05 15:00:00.000,15:00,18.846666666694606
2025-09-05 16:00:00.000,16:00,18.490000000037256
2025-09-05 17:00:00.000,17:00,16.67444444451895
2025-09-05 18:00:00.000,18:00,14.895555555499676
2025-09-05 19:00:00.000,19:00,14
2025-09-05 20:00:00.000,20:00,14.47999999995809
2025-09-05 21:00:00.000,21:00,14.52999999995809
2025-09-05 22:00:00.000,22:00,15.05999999998603
2025-09-05 23:00:00.000,23:00,14.990000000060537
2025-09-06 00:00:00.000,00:00,13.89000000008382
2025-09-06 01:00:00.000,01:00,13.480000000004656
2025-09-06 02:00:00.000,02:00,13.50999999998603
2025-09-06 03:00:00.000,03:00,13.589999999874271
2025-09-06 04:00:00.000,04:00,13.900000000139698
2025-09-06 05:00:00.000,05:00,15.86999999990221
2025-09-06 06:00:00.000,06:00,15.330000000051223
2025-09-06 07:00:00.000,07:00,14.089999999874271
2025-09-06 08:00:00.000,08:00,14.239999999990687
2025-09-06 09:00:00.000,09:00,14.62222222236192
2025-09-06 10:00:00.000,10:00,14.577777777824345
2025-09-06 11:00:00.000,11:00,14.339999999850988
2025-09-06 12:00:00.000,12:00,14.900000000093133
2025-09-06 13:00:00.000,13:00,14.74888888893442
2025-09-06 14:00:00.000,14:00,14.561111110935194
2025-09-06 15:00:00.000,15:00,15
2025-09-06 16:00:00.000,16:00,14.930000000097788
2025-09-06 17:00:00.000,17:00,14.770000000088476
2025-09-06 18:00:00.000,18:00,14.93999999994412
2025-09-06 19:00:00.000,19:00,14.789999999967403
2025-09-06 20:00:00.000,20:00,15.169999999995344
2025-09-06 21:00:00.000,21:00,14.459999999962747
2025-09-06 22:00:00.000,22:00,15.040000000037253
2025-09-06 23:00:00.000,23:00,15.350000000093132
2025-09-07 00:00:00.000,00:00,14.079999999818392
2025-09-07 01:00:00.000,01:00,13.400000000139698
2025-09-07 02:00:00.000,02:00,13.699999999953434
2025-09-07 03:00:00.000,03:00,13.199999999953434
2025-09-07 04:00:00.000,04:00,13.380000000121072
2025-09-07 05:00:00.000,05:00,15.17999999995809
2025-09-07 06:00:00.000,06:00,14.749999999953435
2025-09-07 07:00:00.000,07:00,13.49000000001397
2025-09-07 08:00:00.000,08:00,13.459999999939463
2025-09-07 09:00:00.000,09:00,14.060000000102445
2025-09-07 10:00:00.000,10:00,13.939999999897555
2025-09-07 11:00:00.000,11:00,14.179999999981373
2025-09-07 12:00:00.000,12:00,13.92000000011176
2025-09-07 13:00:00.000,13:00,13.826666666603543
2025-09-07 14:00:00.000,14:00,13.978787878822216
2025-09-07 15:00:00.000,15:00,14.20454545463012
2025-09-07 16:00:00.000,16:00,14.061111110935194
2025-09-07 17:00:00.000,17:00,13.658888888967017
2025-09-07 18:00:00.000,18:00,14.040000000037253
2025-09-07 19:00:00.000,19:00,14.059999999986031
2025-09-07 20:00:00.000,20:00,15.850000000046567
2025-09-07 21:00:00.000,21:00,15.369999999902213
2025-09-07 22:00:00.000,22:00,15.460000000125728
2025-09-07 23:00:00.000,23:00,15.25
2025-09-08 00:00:00.000,00:00,14.379999999864959
2025-09-08 01:00:00.000,01:00,13.890000000130385
2025-09-08 02:00:00.000,02:00,13.589999999874271
2025-09-08 03:00:00.000,03:00,14.81000000012573
2025-09-08 04:00:00.000,04:00,18.929999999911523
2025-09-08 05:00:00.000,05:00,21.43999999999069
2025-09-08 06:00:00.000,06:00,19.880000000051226
2025-09-08 07:00:00.000,07:00,16.689999999967405
2025-09-08 08:00:00.000,08:00,17.790000000037253
2025-09-08 09:00:00.000,09:00,20.440000000037255
2025-09-08 10:00:00.000,10:00,19.899999999906868
2025-09-08 11:00:00.000,11:00,20.320000000065193
2025-09-08 12:00:00.000,12:00,19.07999999998137
2025-09-08 13:00:00.000,13:00,19.359999999962746
2025-09-08 14:00:00.000,14:00,24.222222222237743
2025-09-08 15:00:00.000,15:00,23.61414141415129
2025-09-08 16:00:00.000,16:00,22.20363636364822
2025-09-08 17:00:00.000,17:00,17.379999999981372
2025-09-08 18:00:00.000,18:00,15.770000000018626
2025-09-08 19:00:00.000,19:00,14.055454545442693
2025-09-08 20:00:00.000,20:00,15.014545454459519
2025-09-08 21:00:00.000,21:00,15.06000000005588
2025-09-08 22:00:00.000,22:00,15.299999999976716
2025-09-08 23:00:00.000,23:00,15.380000000121072
2025-09-09 00:00:00.000,00:00,15.029999999818392
2025-09-09 01:00:00.000,01:00,14.530000000004657
2025-09-09 02:00:00.000,02:00,13.890000000130385
2025-09-09 03:00:00.000,03:00,14.439999999990686
2025-09-09 04:00:00.000,04:00,18.32000000004191
2025-09-09 05:00:00.000,05:00,18.980000000004654
2025-09-09 06:00:00.000,06:00,17.839999999827707
2025-09-09 07:00:00.000,07:00,16
2025-09-09 08:00:00.000,08:00,17.988181818232196
2025-09-09 09:00:00.000,09:00,20.861818181837656
2025-09-09 10:00:00.000,10:00,19.980000000074504
2025-09-09 11:00:00.000,11:00,20.099999999906867
2025-09-09 12:00:00.000,12:00,18.860000000055877
2025-09-09 13:00:00.000,13:00,17.668888888927178
2025-09-09 14:00:00.000,14:00,21.551111111044882
2025-09-09 15:00:00.000,15:00,23.38999999999069
2025-09-09 16:00:00.000,16:00,23.710000000032597
2025-09-09 17:00:00.000,17:00,22.139999999920835
2025-09-09 18:00:00.000,18:00,19.09000000001397
2025-09-09 19:00:00.000,19:00,15.24000000001397
2025-09-09 20:00:00.000,20:00,14.812222222331911
2025-09-09 21:00:00.000,21:00,14.727777777705342
2025-09-09 22:00:00.000,22:00,15
2025-09-09 23:00:00.000,23:00,15.149999999906868
2025-09-10 00:00:00.000,00:00,14.337500000052387
2025-09-10 01:00:00.000,01:00,13.306944444423102
2025-09-10 02:00:00.000,02:00,13.38055555562783
2025-09-10 03:00:00.000,03:00,14.564189189156352
2025-09-10 04:00:00.000,04:00,17.01081081081891
2025-09-10 05:00:00.000,05:00,18.89999999992142
2025-09-10 06:00:00.000,06:00,17.51891891894283
2025-09-10 07:00:00.000,07:00,16.422941546173448
2025-09-10 08:00:00.000,08:00,17.79228587647434
2025-09-10 09:00:00.000,09:00,21.41385365852859
2025-09-10 10:00:00.000,10:00,23.352000000067058
2025-09-10 11:00:00.000,11:00,24.09629629625145
2025-09-10 12:00:00.000,12:00,21.92331154683193
2025-09-10 13:00:00.000,13:00,20.343550051560324
2025-09-10 14:00:00.000,14:00,22.348782403770617
2025-09-10 15:00:00.000,15:00,22.742747201473616
2025-09-10 16:00:00.000,16:00,22.357812499925785
2025-09-10 17:00:00.000,17:00,22.08333333333334
2025-09-10 18:00:00.000,18:00,20.756405472716043
2025-09-10 19:00:00.000,19:00,16.3763326226817
2025-09-10 20:00:00.000,20:00,15.285714285714285
2025-09-10 21:00:00.000,21:00,15.145714285657075
2025-09-10 22:00:00.000,22:00,15.183749999944121
2025-09-10 23:00:00.000,23:00,15.375
2025-09-11 00:00:00.000,00:00,15.150815217502657
2025-09-11 01:00:00.000,01:00,14.997101449272662
2025-09-11 02:00:00.000,02:00,14.161111111047731
2025-09-11 03:00:00.000,03:00,15.24494949493068
2025-09-11 04:00:00.000,04:00,17.454545454608958
2025-09-11 05:00:00.000,05:00,19.021003134768907
2025-09-11 06:00:00.000,06:00,17.53110558122835
2025-09-11 07:00:00.000,07:00,15.958762886626742
2025-09-11 08:00:00.000,08:00,18.725492033742814
2025-09-11 09:00:00.000,09:00,19.199825174812638
2025-09-11 10:00:00.000,10:00,19.557692307638575
2025-09-11 11:00:00.000,11:00,18.663461538448107
2025-09-11 12:00:00.000,12:00,17.769230769257636
2025-09-11 13:00:00.000,13:00,19.466815003202612
2025-09-11 14:00:00.000,14:00,19.98347107440326
2025-09-11 15:00:00.000,15:00,21.472790845475533
2025-09-11 16:00:00.000,16:00,21.969230769166288
2025-09-11 17:00:00.000,17:00,17.903846153819288
2025-09-11 18:00:00.000,18:00,15
2025-09-11 19:00:00.000,19:00,14.960714285719275
2025-09-11 20:00:00.000,20:00,14.5285714286313
2025-09-11 21:00:00.000,21:00,14.5285714286313
2025-09-11 22:00:00.000,22:00,14.82445054947895
2025-09-11 23:00:00.000,23:00,14.923076923094834
2025-09-12 00:00:00.000,00:00,14.784615384619205
2025-09-12 01:00:00.000,01:00,13.999999999923977
2025-09-12 02:00:00.000,02:00,13.999999999923977
2025-09-12 03:00:00.000,03:00,16.23658536583085
2025-09-12 04:00:00.000,04:00,17.195121951219516
2025-09-12 05:00:00.000,05:00,17.195121951219516
2025-09-12 06:00:00.000,06:00,17.23615415712168
2025-09-12 07:00:00.000,07:00,17.237569060773478
2025-09-12 08:00:00.000,08:00,17.237569060773478
2025-09-12 09:00:00.000,09:00,17.872699835056878
2025-09-12 10:00:00.000,10:00,17.906127770545478
2025-09-12 11:00:00.000,11:00,17.906127770545478
2025-09-12 12:00:00.000,12:00,17.906127770545478
2025-09-12 13:00:00.000,13:00,17.906127770545478
2025-09-12 14:00:00.000,14:00,17.906127770545478
2025-09-12 15:00:00.000,15:00,17.906127770545478
2025-09-12 16:00:00.000,16:00,17.906127770545478
2025-09-12 17:00:00.000,17:00,17.906127770545478
2025-09-12 18:00:00.000,18:00,17.906127770545478
2025-09-12 19:00:00.000,19:00,17.906127770545478
2025-09-12 20:00:00.000,20:00,17.906127770545478
2025-09-12 21:00:00.000,21:00,17.421773142121232
2025-09-12 22:00:00.000,22:00,14.780000000004657
2025-09-12 23:00:00.000,23:00,15.02000000004191
2025-09-13 00:00:00.000,00:00,14.159999999916181
2025-09-13 01:00:00.000,01:00,13.709999999939464
2025-09-13 02:00:00.000,02:00,13.21999999997206
2025-09-13 03:00:00.000,03:00,13.660000000172294
2025-09-13 04:00:00.000,04:00,14.199999999953434
2025-09-13 05:00:00.000,05:00,15.67999999995809
2025-09-13 06:00:00.000,06:00,15.719999999948778
2025-09-13 07:00:00.000,07:00,14.920000000135042
2025-09-13 08:00:00.000,08:00,14.349999999883584
2025-09-13 09:00:00.000,09:00,14.380000000121072
2025-09-13 10:00:00.000,10:00,14.419999999925494
2025-09-13 11:00:00.000,11:00,14.580000000074506
2025-09-13 12:00:00.000,12:00,14.439999999897555
2025-09-13 13:00:00.000,13:00,15.080000000074506
2025-09-13 14:00:00.000,14:00,14.499999999883585
2025-09-13 15:00:00.000,15:00,14.730000000144354
2025-09-13 16:00:00.000,16:00,14.52999999995809
2025-09-13 17:00:00.000,17:00,14.929999999934807
2025-09-13 18:00:00.000,18:00,14.330000000074506
2025-09-13 19:00:00.000,19:00,15.24999999990687
2025-09-13 20:00:00.000,20:00,15.940000000013969
2025-09-13 21:00:00.000,21:00,14.65
2025-09-13 22:00:00.000,22:00,14.540000000037253
2025-09-13 23:00:00.000,23:00,14.979999999981374
2025-09-14 00:00:00.000,00:00,14.080000000051223
2025-09-14 01:00:00.000,01:00,13.889999999897555
2025-09-14 02:00:00.000,02:00,14.060000000102445
2025-09-14 03:00:00.000,03:00,13.259999999939465
2025-09-14 04:00:00.000,04:00,13.199999999976717
2025-09-14 05:00:00.000,05:00,14.870000000111759
2025-09-14 06:00:00.000,06:00,15.04909090892708
2025-09-14 07:00:00.000,07:00,14.590909090993756
2025-09-14 08:00:00.000,08:00,13.660000000055879
2025-09-14 09:00:00.000,09:00,13.5
2025-09-14 10:00:00.000,10:00,13.5
2025-09-14 11:00:00.000,11:00,13.779999999888242
2025-09-14 12:00:00.000,12:00,15.050000000116416
2025-09-14 13:00:00.000,13:00,14.819999999925493
2025-09-14 14:00:00.000,14:00,13.630000000051224
2025-09-14 15:00:00.000,15:00,13.839999999990686
2025-09-14 16:00:00.000,16:00,14.02999999995809
2025-09-14 17:00:00.000,17:00,14.010000000079163
2025-09-14 18:00:00.000,18:00,15.599999999930152
2025-09-14 19:00:00.000,19:00,15.600000000023282
2025-09-14 20:00:00.000,20:00,15.53000000002794
2025-09-14 21:00:00.000,21:00,14.899999999906868
2025-09-14 22:00:00.000,22:00,14.900000000139698
2025-09-14 23:00:00.000,23:00,15.012499999982538
2025-09-15 00:00:00.000,00:00,14.397499999933643
2025-09-15 01:00:00.000,01:00,13.310000000032597
2025-09-15 02:00:00.000,02:00,13.399999999906868
2025-09-15 03:00:00.000,03:00,14.230000000051223
2025-09-15 04:00:00.000,04:00,18.5
2025-09-15 05:00:00.000,05:00,19.570000000088477
2025-09-15 06:00:00.000,06:00,17.94999999993015
2025-09-15 07:00:00.000,07:00,17.08000000005381
2025-09-15 08:00:00.000,08:00,18.169999999969473
2025-09-15 09:00:00.000,09:00,21.89000000001397
2025-09-15 10:00:00.000,10:00,23.039999999897553
2025-09-15 11:00:00.000,11:00,25.580000000074506
2025-09-15 12:00:00.000,12:00,20.979999999934808
2025-09-15 13:00:00.000,13:00,19.940000000130386
2025-09-15 14:00:00.000,14:00,21.133333333167762
2025-09-15 15:00:00.000,15:00,23.766666666832233
2025-09-15 16:00:00.000,16:00,23.21999999992549
2025-09-15 17:00:00.000,17:00,21.519999999925496
2025-09-15 18:00:00.000,18:00,17.760000000102444
2025-09-15 19:00:00.000,19:00,14.080000000004656
2025-09-15 20:00:00.000,20:00,14.90999999998603
2025-09-15 21:00:00.000,21:00,15.289999999967403
2025-09-15 22:00:00.000,22:00,15.169999999995344
2025-09-15 23:00:00.000,23:00,15.212499999965075
2025-09-16 00:00:00.000,00:00,15.177499999955762
2025-09-16 01:00:00.000,01:00,14.720000000158326
2025-09-16 02:00:00.000,02:00,13.510000000009313
2025-09-16 03:00:00.000,03:00,13.86999999990221
2025-09-16 04:00:00.000,04:00,15.100000000093132
2025-09-16 05:00:00.000,05:00,16.319999999878927
2025-09-16 06:00:00.000,06:00,21.88000000002794
2025-09-16 07:00:00.000,07:00,24.18000000002794
2025-09-16 08:00:00.000,08:00,22.56000000005588
2025-09-16 09:00:00.000,09:00,25.159999999869616
2025-09-16 10:00:00.000,10:00,23.21999999997206
2025-09-16 11:00:00.000,11:00,21.820000000111758
2025-09-16 12:00:00.000,12:00,20.35999999996275
2025-09-16 13:00:00.000,13:00,18.610000000009315
2025-09-16 14:00:00.000,14:00,20.899999999906868
2025-09-16 15:00:00.000,15:00,21.570000000065193
2025-09-16 16:00:00.000,16:00,20.519999999948777
2025-09-16 17:00:00.000,17:00,18.740000000060537
2025-09-16 18:00:00.000,18:00,16.870000000065193
2025-09-16 19:00:00.000,19:00,14.629999999888241
2025-09-16 20:00:00.000,20:00,14.94000000001397
2025-09-16 21:00:00.000,21:00,15.130000000051222
2025-09-16 22:00:00.000,22:00,15.169999999995344
2025-09-16 23:00:00.000,23:00,15.330000000004656
2025-09-17 00:00:00.000,00:00,14.419999999925494
2025-09-17 01:00:00.000,01:00,13.610000000079163
2025-09-17 02:00:00.000,02:00,13.5
2025-09-17 03:00:00.000,03:00,14.690000000037251
2025-09-17 04:00:00.000,04:00,15.979999999911524
2025-09-17 05:00:00.000,05:00,17.490000000037252
2025-09-17 06:00:00.000,06:00,23.859999999916184
2025-09-17 07:00:00.000,07:00,24.66000000014901
2025-09-17 08:00:00.000,08:00,22.73999999994412
2025-09-17 09:00:00.000,09:00,22.979999999981374
2025-09-17 10:00:00.000,10:00,26.100000000093132
2025-09-17 11:00:00.000,11:00,24.57999999988824
2025-09-17 12:00:00.000,12:00,21.479999999981374
2025-09-17 13:00:00.000,13:00,21.299999999976716
2025-09-17 14:00:00.000,14:00,25.470000000041907
2025-09-17 15:00:00.000,15:00,24.58000000009779
2025-09-17 16:00:00.000,16:00,20.519999999878927
2025-09-17 17:00:00.000,17:00,18.289999999967403
2025-09-17 18:00:00.000,18:00,16.18000000002794
2025-09-17 19:00:00.000,19:00,13.960000000125728
2025-09-17 20:00:00.000,20:00,15.109999999939465
2025-09-17 21:00:00.000,21:00,15.100000000093132
2025-09-17 22:00:00.000,22:00,14.96999999997206
2025-09-17 23:00:00.000,23:00,15.03000000002794
2025-09-18 00:00:00.000,00:00,15.099999999860302
2025-09-18 01:00:00.000,01:00,14.910000000125729
2025-09-18 02:00:00.000,02:00,13.329999999841675
2025-09-18 03:00:00.000,03:00,13.750000000046565
2025-09-18 04:00:00.000,04:00,15.699999999953434
2025-09-18 05:00:00.000,05:00,17.70000000002328
2025-09-18 06:00:00.000,06:00,22.42000000011176
2025-09-18 07:00:00.000,07:00,24.07999999993481
2025-09-18 08:00:00.000,08:00,21.320000000018624
2025-09-18 09:00:00.000,09:00,23.24000000008382
2025-09-18 10:00:00.000,10:00,19.699999999953434
2025-09-18 11:00:00.000,11:00,19.010000000032594
2025-09-18 12:00:00.000,12:00,18.869999999948778
2025-09-18 13:00:00.000,13:00,18.229999999911527
2025-09-18 14:00:00.000,14:00,22.890000000107104
2025-09-18 15:00:00.000,15:00,24.62999999988824
2025-09-18 16:00:00.000,16:00,24.570000000065193
2025-09-18 17:00:00.000,17:00,21.510000000032594
2025-09-18 18:00:00.000,18:00,19.59999999993015
2025-09-18 19:00:00.000,19:00,15.570000000018627
2025-09-18 20:00:00.000,20:00,15.739999999990687
2025-09-18 21:00:00.000,21:00,15.729999999981374
2025-09-18 22:00:00.000,22:00,15.400000000139698
2025-09-18 23:00:00.000,23:00,15.099999999860302
2025-09-19 00:00:00.000,00:00,13.910000000125729
2025-09-19 01:00:00.000,01:00,13.799999999837018
2025-09-19 02:00:00.000,02:00,13.730000000167639
2025-09-19 03:00:00.000,03:00,13.960000000009313
2025-09-19 04:00:00.000,04:00,15.109999999869615
2025-09-19 05:00:00.000,05:00,16.379999999981372
2025-09-19 06:00:00.000,06:00,20.680000000074507
2025-09-19 07:00:00.000,07:00,19.27999999988824
2025-09-19 08:00:00.000,08:00,19.82000000011176
2025-09-19 09:00:00.000,09:00,21.07999999988824
2025-09-19 10:00:00.000,10:00,20.9000000001397
2025-09-19 11:00:00.000,11:00,20.119999999878928
2025-09-19 12:00:00.000,12:00,19.680000000074504
2025-09-19 13:00:00.000,13:00,20.129999999981376
2025-09-19 14:00:00.000,14:00,28.429999999981373
2025-09-19 15:00:00.000,15:00,26.920000000018625
2025-09-19 16:00:00.000,16:00,25.96999999997206
2025-09-19 17:00:00.000,17:00,18.140000000107104
2025-09-19 18:00:00.000,18:00,15.799999999976716
2025-09-19 19:00:00.000,19:00,15.09000000001397
2025-09-19 20:00:00.000,20:00,17.029999999911524
2025-09-19 21:00:00.000,21:00,19.570000000065193
2025-09-19 22:00:00.000,22:00,19.190000000037255
2025-09-19 23:00:00.000,23:00,19.017499999934806
2025-09-20 00:00:00.000,00:00,17.532499999995345
2025-09-20 01:00:00.000,01:00,17.600000000093132
2025-09-20 02:00:00.000,02:00,17.429999999911523
2025-09-20 03:00:00.000,03:00,13.620000000088476
2025-09-20 04:00:00.000,04:00,14.569999999878927
2025-09-20 05:00:00.000,05:00,15.605454545487142
2025-09-20 06:00:00.000,06:00,15.994545454629275
2025-09-20 07:00:00.000,07:00,15.71999999997206
2025-09-20 08:00:00.000,08:00,14.659999999869616
2025-09-20 09:00:00.000,09:00,14.960000000009313
2025-09-20 10:00:00.000,10:00,14.94000000008382
2025-09-20 11:00:00.000,11:00,14.879999999934807
2025-09-20 12:00:00.000,12:00,15.03000000009779
2025-09-20 13:00:00.000,13:00,14.919999999855644
2025-09-20 14:00:00.000,14:00,15.5
2025-09-20 15:00:00.000,15:00,15.270000000088476
2025-09-20 16:00:00.000,16:00,14.759999999939463
2025-09-20 17:00:00.000,17:00,15.40999999998603
2025-09-20 18:00:00.000,18:00,15.09000000001397
2025-09-20 19:00:00.000,19:00,14.740000000060537
2025-09-20 20:00:00.000,20:00,15.860000000032596
2025-09-20 21:00:00.000,21:00,14.229999999911524
2025-09-20 22:00:00.000,22:00,15.210000000032597
2025-09-20 23:00:00.000,23:00,15.479999999981374
2025-09-21 00:00:00.000,00:00,13.080000000051223
2025-09-21 01:00:00.000,01:00,13.889999999920837
2025-09-21 02:00:00.000,02:00,13.210000000149012
2025-09-21 03:00:00.000,03:00,13.789999999850988
2025-09-21 04:00:00.000,04:00,13.220000000158326
2025-09-21 05:00:00.000,05:00,14.939999999990686
2025-09-21 06:00:00.000,06:00,15.020000000018626
2025-09-21 07:00:00.000,07:00,14.219999999948778
2025-09-21 08:00:00.000,08:00,13.269999999995342
2025-09-21 09:00:00.000,09:00,13.73999999994412
2025-09-21 10:00:00.000,10:00,13.440000000037253
2025-09-21 11:00:00.000,11:00,13.640000000037253
2025-09-21 12:00:00.000,12:00,13.879999999934807
2025-09-21 13:00:00.000,13:00,13.78000000002794
2025-09-21 14:00:00.000,14:00,13.41999999990221
2025-09-21 15:00:00.000,15:00,13.770000000018626
2025-09-21 16:00:00.000,16:00,13.630000000121072
2025-09-21 17:00:00.000,17:00,13.739999999990687
2025-09-21 18:00:00.000,18:00,13.489999999920839
2025-09-21 19:00:00.000,19:00,13.680000000074505
2025-09-21 20:00:00.000,20:00,14.794444444304746
2025-09-21 21:00:00.000,21:00,15.075555555574182
2025-09-21 22:00:00.000,22:00,14.729999999981374
2025-09-21 23:00:00.000,23:00,15.450000000186265
2025-09-22 00:00:00.000,00:00,13.179999999911525
2025-09-22 01:00:00.000,01:00,13.379999999911524
2025-09-22 02:00:00.000,02:00,13.210000000172295
2025-09-22 03:00:00.000,03:00,13.480000000004656
2025-09-22 04:00:00.000,04:00,14.989999999990687
2025-09-22 05:00:00.000,05:00,14.719999999948778
2025-09-22 06:00:00.000,06:00,20.51999999997206
2025-09-22 07:00:00.000,07:00,21.26999999994878
2025-09-22 08:00:00.000,08:00,19.95000000001552
2025-09-22 09:00:00.000,09:00,25.199999999984477
2025-09-22 10:00:00.000,10:00,24.240000000130383
2025-09-22 11:00:00.000,11:00,22.979999999934808
2025-09-22 12:00:00.000,12:00,18.83999999994412
2025-09-22 13:00:00.000,13:00,18.300000000046566
2025-09-22 14:00:00.000,14:00,19.180000000004654
2025-09-22 15:00:00.000,15:00,19.33000000000466
2025-09-22 16:00:00.000,16:00,20.929999999981373
2025-09-22 17:00:00.000,17:00,19.039999999990687
2025-09-22 18:00:00.000,18:00,16.839999999990688
2025-09-22 19:00:00.000,19:00,14.840000000037254
2025-09-22 20:00:00.000,20:00,14.879999999888241
2025-09-22 21:00:00.000,21:00,14.080000000074506
2025-09-22 22:00:00.000,22:00,14
2025-09-22 23:00:00.000,23:00,14.419999999925494
2025-09-23 00:00:00.000,00:00,13.850000000093132
2025-09-23 01:00:00.000,01:00,14.209999999962747
2025-09-23 02:00:00.000,02:00,13.699999999953434
2025-09-23 03:00:00.000,03:00,15.090000000176952
2025-09-23 04:00:00.000,04:00,18.66999999994878
2025-09-23 05:00:00.000,05:00,16.319999999948777
2025-09-23 06:00:00.000,06:00,24.530000000051224
2025-09-23 07:00:00.000,07:00,26.141111111064028
2025-09-23 08:00:00.000,08:00,27.028888888931316
2025-09-23 09:00:00.000,09:00,28.619999999972062
2025-09-23 10:00:00.000,10:00,27.379999999934807
2025-09-23 11:00:00.000,11:00,28.100000000046567
2025-09-23 12:00:00.000,12:00,26.29999999995343
2025-09-23 13:00:00.000,13:00,28.4
2025-09-23 14:00:00.000,14:00,30.12000000011176
2025-09-23 15:00:00.000,15:00,23.21999999999534
2025-09-23 16:00:00.000,16:00,22.71999999994878
2025-09-23 17:00:00.000,17:00,22.100000000046567
2025-09-23 18:00:00.000,18:00,19.759999999939463
2025-09-23 19:00:00.000,19:00,14.812727272821673
2025-09-23 20:00:00.000,20:00,14.10727272719695
2025-09-23 21:00:00.000,21:00,13.899999999976718
2025-09-23 22:00:00.000,22:00,13.630000000051222
2025-09-23 23:00:00.000,23:00,13.69000000001397
2025-09-24 00:00:00.000,00:00,13.379999999864959
2025-09-24 01:00:00.000,01:00,13.800000000046566
2025-09-24 02:00:00.000,02:00,13.5
2025-09-24 03:00:00.000,03:00,15.89000000008382
2025-09-24 04:00:00.000,04:00,18.759999999962748
2025-09-24 05:00:00.000,05:00,16.99999999990687
2025-09-24 06:00:00.000,06:00,24.900000000162983
2025-09-24 07:00:00.000,07:00,29.597272727189754
2025-09-24 08:00:00.000,08:00,27.332727272791615
2025-09-24 09:00:00.000,09:00,30.219999999925495
2025-09-24 10:00:00.000,10:00,25.31999999997206
2025-09-24 11:00:00.000,11:00,25.699999999953434
2025-09-24 12:00:00.000,12:00,24.200000000139696
2025-09-24 13:00:00.000,13:00,28.34000000001397
2025-09-24 14:00:00.000,14:00,29.68999999987427
2025-09-24 15:00:00.000,15:00,26.800000000046566
2025-09-24 16:00:00.000,16:00,28.510000000032598
2025-09-24 17:00:00.000,17:00,24.87000000006519
2025-09-24 18:00:00.000,18:00,21.429999999934807
2025-09-24 19:00:00.000,19:00,15.539999999990686
2025-09-24 20:00:00.000,20:00,15.97000000004191
2025-09-24 21:00:00.000,21:00,15.770000000018626
2025-09-24 22:00:00.000,22:00,16.03000000002794
2025-09-24 23:00:00.000,23:00,16.549999999813735
2025-09-25 00:00:00.000,00:00,16.050000000046566
2025-09-25 01:00:00.000,01:00,16.969999999995345
2025-09-25 02:00:00.000,02:00,15.72999999995809
2025-09-25 03:00:00.000,03:00,18.960000000172293
2025-09-25 04:00:00.000,04:00,20.41999999997206
2025-09-25 05:00:00.000,05:00,21.209999999916178
2025-09-25 06:00:00.000,06:00,26.32363636370706
2025-09-25 07:00:00.000,07:00,33.45858585851671
2025-09-25 08:00:00.000,08:00,30.317777777846075
2025-09-25 09:00:00.000,09:00,33.46000000005588
2025-09-25 10:00:00.000,10:00,37.61999999987893
2025-09-25 11:00:00.000,11:00,35.21999999997206
2025-09-25 12:00:00.000,12:00,28.404444444489975
2025-09-25 13:00:00.000,13:00,22.755555555565905
2025-09-25 14:00:00.000,14:00,27.189999999920836
2025-09-25 15:00:00.000,15:00,27.170000000158325
2025-09-25 16:00:00.000,16:00,27.279999999888243
2025-09-25 17:00:00.000,17:00,22.110000000125726
2025-09-25 18:00:00.000,18:00,19.16999999987893
2025-09-25 19:00:00.000,19:00,15.369999999948778
2025-09-25 20:00:00.000,20:00,17.240000000060533
2025-09-25 21:00:00.000,21:00,15.789999999967405
2025-09-25 22:00:00.000,22:00,16.140000000130385
2025-09-25 23:00:00.000,23:00,16.739999999920837
2025-09-26 00:00:00.000,00:00,15.639999999920837
2025-09-26 01:00:00.000,01:00,16.95999999998603
2025-09-26 02:00:00.000,02:00,16.13000000009779
2025-09-26 03:00:00.000,03:00,16.099999999953432
2025-09-26 04:00:00.000,04:00,17.880000000051222
2025-09-26 05:00:00.000,05:00,20
2025-09-26 06:00:00.000,06:00,26.579999999911525
2025-09-26 07:00:00.000,07:00,29.8900000001071
2025-09-26 08:00:00.000,08:00,31.63999999999069
2025-09-26 09:00:00.000,09:00,31.34000000003725
2025-09-26 10:00:00.000,10:00,38.93999999985099
2025-09-26 11:00:00.000,11:00,37.60000000009313
2025-09-26 12:00:00.000,12:00,35.281818181758915
2025-09-26 13:00:00.000,13:00,25.518181818241082
2025-09-26 14:00:00.000,14:00,29.86000000007916
2025-09-26 15:00:00.000,15:00,32.29999999988359
2025-09-26 16:00:00.000,16:00,29.73000000009779
2025-09-26 17:00:00.000,17:00,26.54999999990687
2025-09-26 18:00:00.000,18:00,22.90000000006985
2025-09-26 19:00:00.000,19:00,20.669999999948775
2025-09-26 20:00:00.000,20:00,19.830000000074506
2025-09-26 21:00:00.000,21:00,18.62999999988824
2025-09-26 22:00:00.000,22:00,18.430000000097788
2025-09-26 23:00:00.000,23:00,18.599999999982536
2025-09-27 00:00:00.000,00:00,16.81000000005006
2025-09-27 01:00:00.000,01:00,16.88999999992084
2025-09-27 02:00:00.000,02:00,16.61000000007916
2025-09-27 03:00:00.000,03:00,17.4
2025-09-27 04:00:00.000,04:00,17.77999999995809
2025-09-27 05:00:00.000,05:00,19.669999999972063
2025-09-27 06:00:00.000,06:00,24.294545454451477
2025-09-27 07:00:00.000,07:00,26.565454545604403
2025-09-27 08:00:00.000,08:00,27.899999999860302
2025-09-27 09:00:00.000,09:00,25.700000000093134
2025-09-27 10:00:00.000,10:00,26.5
2025-09-27 11:00:00.000,11:00,23.39818181813779
2025-09-27 12:00:00.000,12:00,22.38181818182806
2025-09-27 13:00:00.000,13:00,22.7699999999643
2025-09-27 14:00:00.000,14:00,21.81000000007916
2025-09-27 15:00:00.000,15:00,22.71999999987893
2025-09-27 16:00:00.000,16:00,21.950000000046565
2025-09-27 17:00:00.000,17:00,22.19000000008382
2025-09-27 18:00:00.000,18:00,22.24999999993015
2025-09-27 19:00:00.000,19:00,18.420000000018625
2025-09-27 20:00:00.000,20:00,18.95000000004657
2025-09-27 21:00:00.000,21:00,17.96999999997206
2025-09-27 22:00:00.000,22:00,18.12999999995809
2025-09-27 23:00:00.000,23:00,18.240000000083818
2025-09-28 00:00:00.000,00:00,16.119999999902213
2025-09-28 01:00:00.000,01:00,16.960000000009313
2025-09-28 02:00:00.000,02:00,16.440000000130386
2025-09-28 03:00:00.000,03:00,16.40999999991618
2025-09-28 04:00:00.000,04:00,16.600000000069848
2025-09-28 05:00:00.000,05:00,18.149999999976718
2025-09-28 06:00:00.000,06:00,18.256363636342044
2025-09-28 07:00:00.000,07:00,17.183636363625357
2025-09-28 08:00:00.000,08:00,18.35999999991618
2025-09-28 09:00:00.000,09:00,17.92000000011176
2025-09-28 10:00:00.000,10:00,18.5999999998603
2025-09-28 11:00:00.000,11:00,17.160000000102446
2025-09-28 12:00:00.000,12:00,16.419999999925494
2025-09-28 13:00:00.000,13:00,16.040000000060534
2025-09-28 14:00:00.000,14:00,17.72000000004191
2025-09-28 15:00:00.000,15:00,18.59000000001397
2025-09-28 16:00:00.000,16:00,17.5
2025-09-28 17:00:00.000,17:00,16.959999999962747
2025-09-28 18:00:00.000,18:00,16.570000000065193
2025-09-28 19:00:00.000,19:00,17.37999999995809
2025-09-28 20:00:00.000,20:00,17.53000000002794
2025-09-28 21:00:00.000,21:00,18.259999999939463
2025-09-28 22:00:00.000,22:00,18.300000000046566
2025-09-28 23:00:00.000,23:00,18.18249999989639
2025-09-29 00:00:00.000,00:00,16.817500000057045
2025-09-29 01:00:00.000,01:00,16.699999999953434
2025-09-29 02:00:00.000,02:00,16.390000000130385
2025-09-29 03:00:00.000,03:00,18.8
2025-09-29 04:00:00.000,04:00,23.559999999916183
2025-09-29 05:00:00.000,05:00,22.95000000006985
2025-09-29 06:00:00.000,06:00,31.25888888876264
2025-09-29 07:00:00.000,07:00,39.1511111112001
2025-09-29 08:00:00.000,08:00,38.99999999990687
2025-09-29 09:00:00.000,09:00,35.58000000002794
2025-09-29 10:00:00.000,10:00,36.200000000093134
2025-09-29 11:00:00.000,11:00,29.21999999987893
2025-09-29 12:00:00.000,12:00,25.539999999990684
2025-09-29 13:00:00.000,13:00,23.28000000002794
2025-09-29 14:00:00.000,14:00,22.676363636455918
2025-09-29 15:00:00.000,15:00,26.42363636349751
2025-09-29 16:00:00.000,16:00,25.48000000002794
2025-09-29 17:00:00.000,17:00,19.560000000013545
2025-09-29 18:00:00.000,18:00,18.44000000003302
2025-09-29 19:00:00.000,19:00,16.300000000046566
2025-09-29 20:00:00.000,20:00,16.741818181827497
2025-09-29 21:00:00.000,21:00,18.01818181804212
2025-09-29 22:00:00.000,22:00,17.16000000007916
2025-09-29 23:00:00.000,23:00,17.539999999967403
2025-09-30 00:00:00.000,00:00,17.590000000130384
2025-09-30 01:00:00.000,01:00,18.510000000009313
2025-09-30 02:00:00.000,02:00,18.389999999897555
2025-09-30 03:00:00.000,03:00,19.960000000102447
2025-09-30 04:00:00.000,04:00,23.77999999995809
2025-09-30 05:00:00.000,05:00,23.07999999986496
2025-09-30 06:00:00.000,06:00,31.590000000130384
2025-09-30 07:00:00.000,07:00,37.799999999860304
2025-09-30 08:00:00.000,08:00,45.06000000014901
2025-09-30 09:00:00.000,09:00,36.09999999990687
2025-09-30 10:00:00.000,10:00,34.56000000000931
2025-09-30 11:00:00.000,11:00,31.580000000121075
2025-09-30 12:00:00.000,12:00,22.79999999995343
2025-09-30 13:00:00.000,13:00,25
2025-09-30 14:00:00.000,14:00,23.49999999990687
2025-09-30 15:00:00.000,15:00,23.699999999953434
2025-09-30 16:00:00.000,16:00,24.270000000088476
2025-09-30 17:00:00.000,17:00,22.129999999942566
2025-09-30 18:00:00.000,18:00,19.218181818243902
2025-09-30 19:00:00.000,19:00,16.071818181785584
2025-09-30 20:00:00.000,20:00,16.639999999967404
2025-09-30 21:00:00.000,21:00,15.630000000051224
2025-09-30 22:00:00.000,22:00,17.139999999967404
2025-09-30 23:00:00.000,23:00,17.025000000116414
2025-10-01 00:00:00.000,00:00,17.564999999897555
2025-10-01 01:00:00.000,01:00,19.179999999958092
2025-10-01 02:00:00.000,02:00,18.420000000111763
2025-10-01 03:00:00.000,03:00,20.01999999997206
2025-10-01 04:00:00.000,04:00,23.400000000023283
2025-10-01 05:00:00.000,05:00,23.010000000009313
2025-10-01 06:00:00.000,06:00,34.81999999994878
2025-10-01 07:00:00.000,07:00,37.180000000004654
2025-10-01 08:00:00.000,08:00,37.279999999911524
2025-10-01 09:00:00.000,09:00,33.360000000149014
2025-10-01 10:00:00.000,10:00,29.499999999953435
2025-10-01 11:00:00.000,11:00,26.16000000005588
2025-10-01 12:00:00.000,12:00,23.69818181806159
2025-10-01 13:00:00.000,13:00,20.30181818189184
2025-10-01 14:00:00.000,14:00,23.59000000001397
2025-10-01 15:00:00.000,15:00,20.069999999902212
2025-10-01 16:00:00.000,16:00,24.586666666649073
2025-10-01 17:00:00.000,17:00,23.533333333441988
2025-10-01 18:00:00.000,18:00,20.088888888919932
2025-10-01 19:00:00.000,19:00,17.833333333255723
2025-10-01 20:00:00.000,20:00,16.617777777812442
2025-10-01 21:00:00.000,21:00,18.1099999998929
2025-10-01 22:00:00.000,22:00,16.660000000125727
2025-10-01 23:00:00.000,23:00,18.1899999999674
2025-10-02 00:00:00.000,00:00,17.000000000046565
2025-10-02 01:00:00.000,01:00,18.030000000004655
2025-10-02 02:00:00.000,02:00,17.899999999906868
2025-10-02 03:00:00.000,03:00,20.110000000032596
2025-10-02 04:00:00.000,04:00,24.110000000102445
2025-10-02 05:00:00.000,05:00,23.45999999998603
2025-10-02 06:00:00.000,06:00,32.76000000000931
2025-10-02 07:00:00.000,07:00,36.2099999998929
2025-10-02 08:00:00.000,08:00,35.860000000009315
2025-10-02 09:00:00.000,09:00,32.979999999934805
2025-10-02 10:00:00.000,10:00,30.840000000037254
2025-10-02 11:00:00.000,11:00,24.260000000055882
2025-10-02 12:00:00.000,12:00,19.180000000074507
2025-10-02 13:00:00.000,13:00,18.069999999902212
2025-10-02 14:00:00.000,14:00,19.139999999967404
2025-10-02 15:00:00.000,15:00,23.530000000004655
2025-10-02 16:00:00.000,16:00,20.83000000002794
2025-10-02 17:00:00.000,17:00,21.48000000005122
2025-10-02 18:00:00.000,18:00,19.15
2025-10-02 19:00:00.000,19:00,18.300000000046566
2025-10-02 20:00:00.000,20:00,18.539999999874272
2025-10-02 21:00:00.000,21:00,18.87000000011176
2025-10-02 22:00:00.000,22:00,18.729999999981374
2025-10-02 23:00:00.000,23:00,18.847499999939465
2025-10-03 00:00:00.000,00:00,18.792500000051223
2025-10-03 01:00:00.000,01:00,19
2025-10-03 02:00:00.000,02:00,19.310000000032595
2025-10-03 03:00:00.000,03:00,20.85
2025-10-03 04:00:00.000,04:00,21.15
2025-10-03 05:00:00.000,05:00,21.159999999962746
2025-10-03 06:00:00.000,06:00,30.450000000046565
2025-10-03 07:00:00.000,07:00,31.899999999953433
2025-10-03 08:00:00.000,08:00,30.86000000000931
2025-10-03 09:00:00.000,09:00,32.740000000037256
2025-10-03 10:00:00.000,10:00,30.8
2025-10-03 11:00:00.000,11:00,25.179999999981376
2025-10-03 12:00:00.000,12:00,22.765454545473172
2025-10-03 13:00:00.000,13:00,20.804545454452324
2025-10-03 14:00:00.000,14:00,23.81999999997206
2025-10-03 15:00:00.000,15:00,22.850000000023282
2025-10-03 16:00:00.000,16:00,21.52000000004191
2025-10-03 17:00:00.000,17:00,19.139999999967404
2025-10-03 18:00:00.000,18:00,17.980000000074504
2025-10-03 19:00:00.000,19:00,18.579999999981375
2025-10-03 20:00:00.000,20:00,18.06999999990221
2025-10-03 21:00:00.000,21:00,17.640000000130385
2025-10-03 22:00:00.000,22:00,18.9599999998929
2025-10-03 23:00:00.000,23:00,17.290000000060537
2025-10-04 00:00:00.000,00:00,17.31999999987893
2025-10-04 01:00:00.000,01:00,17.680000000167638
2025-10-04 02:00:00.000,02:00,16.039999999990687
2025-10-04 03:00:00.000,03:00,16.480000000004658
2025-10-04 04:00:00.000,04:00,17.289999999827707
2025-10-04 05:00:00.000,05:00,18.010000000009313
2025-10-04 06:00:00.000,06:00,20.68000000002794
2025-10-04 07:00:00.000,07:00,23.020000000018626
2025-10-04 08:00:00.000,08:00,21.900000000046568
2025-10-04 09:00:00.000,09:00,20.700000000046565
2025-10-04 10:00:00.000,10:00,22.55999999991618
2025-10-04 11:00:00.000,11:00,22.039999999990687
2025-10-04 12:00:00.000,12:00,21.230000000074504
2025-10-04 13:00:00.000,13:00,20.169999999925494
2025-10-04 14:00:00.000,14:00,20.56000000005588
2025-10-04 15:00:00.000,15:00,21.02999999995809
2025-10-04 16:00:00.000,16:00,19.319999999995343
2025-10-04 17:00:00.000,17:00,15.830000000004656
2025-10-04 18:00:00.000,18:00,16.77999999993481
2025-10-04 19:00:00.000,19:00,18.170000000158325
2025-10-04 20:00:00.000,20:00,21.509999999916182
2025-10-04 21:00:00.000,21:00,20.729999999911524
2025-10-04 22:00:00.000,22:00,21.210000000032597
2025-10-04 23:00:00.000,23:00,21.14000000001397
2025-10-05 00:00:00.000,00:00,20.040000000130384
2025-10-05 01:00:00.000,01:00,20.429999999911526
2025-10-05 02:00:00.000,02:00,20.699999999953434
2025-10-05 03:00:00.000,03:00,16.020000000018626
2025-10-05 04:00:00.000,04:00,16.630000000074507
2025-10-05 05:00:00.000,05:00,19.349999999906867
2025-10-05 06:00:00.000,06:00,18.810000000079164
2025-10-05 07:00:00.000,07:00,20.019999999878927
2025-10-05 08:00:00.000,08:00,20.240000000176952
2025-10-05 09:00:00.000,09:00,19.519999999972057
2025-10-05 10:00:00.000,10:00,19.27999999988824
2025-10-05 11:00:00.000,11:00,18.700000000046565
2025-10-05 12:00:00.000,12:00,16.239999999990687
2025-10-05 13:00:00.000,13:00,16.74000000001397
2025-10-05 14:00:00.000,14:00,17.1399999999674
2025-10-05 15:00:00.000,15:00,16.430000000097788
2025-10-05 16:00:00.000,16:00,16.15999999984633
2025-10-05 17:00:00.000,17:00,15.510000000079163
2025-10-05 18:00:00.000,18:00,19.970000000041907
2025-10-05 19:00:00.000,19:00,17.669999999925494
2025-10-05 20:00:00.000,20:00,18.699999999953434
2025-10-05 21:00:00.000,21:00,17.930000000097788
2025-10-05 22:00:00.000,22:00,17.360000000032596
2025-10-05 23:00:00.000,23:00,18.90999999991618
2025-10-06 00:00:00.000,00:00,17.889999999967404
2025-10-06 01:00:00.000,01:00,17.720000000158326
2025-10-06 02:00:00.000,02:00,17.79999999983702
2025-10-06 03:00:00.000,03:00,19.870000000088474
2025-10-06 04:00:00.000,04:00,34.29999999995343
2025-10-06 05:00:00.000,05:00,27.740000000130387
2025-10-06 06:00:00.000,06:00,35.22999999991153
2025-10-06 07:00:00.000,07:00,39.38999999994412
2025-10-06 08:00:00.000,08:00,47.260000000014486
2025-10-06 09:00:00.000,09:00,33.43999999998552
2025-10-06 10:00:00.000,10:00,32.00000000004657
2025-10-06 11:00:00.000,11:00,36.080000000074506
2025-10-06 12:00:00.000,12:00,28.04666666651869
2025-10-06 13:00:00.000,13:00,24.833333333416117
2025-10-06 14:00:00.000,14:00,22.349999999953432
2025-10-06 15:00:00.000,15:00,22.97000000006519
2025-10-06 16:00:00.000,16:00,21.989999999944118
2025-10-06 17:00:00.000,17:00,22.000000000116415
2025-10-06 18:00:00.000,18:00,19.059999999986033
2025-10-06 19:00:00.000,19:00,17.019999999948777
2025-10-06 20:00:00.000,20:00,17.540000000037253
2025-10-06 21:00:00.000,21:00,17.59999999993015
2025-10-06 22:00:00.000,22:00,19.070000000065193
2025-10-06 23:00:00.000,23:00,18.875000000034923
2025-10-07 00:00:00.000,00:00,18.614999999885914
2025-10-07 01:00:00.000,01:00,17.22999999995809
2025-10-07 02:00:00.000,02:00,17.290000000037253
2025-10-07 03:00:00.000,03:00,19.140000000037254
2025-10-07 04:00:00.000,04:00,24.40999999991618
2025-10-07 05:00:00.000,05:00,22.32000000004191
2025-10-07 06:00:00.000,06:00,32.080000000121075
2025-10-07 07:00:00.000,07:00,36.27999999995809
2025-10-07 08:00:00.000,08:00,35.65999999986962
2025-10-07 09:00:00.000,09:00,36.080000000074506
2025-10-07 10:00:00.000,10:00,31.279999999981374
2025-10-07 11:00:00.000,11:00,28.34000000008382
2025-10-07 12:00:00.000,12:00,23.719999999878926
2025-10-07 13:00:00.000,13:00,22.60222222238986
2025-10-07 14:00:00.000,14:00,21.32777777763808
2025-10-07 15:00:00.000,15:00,19.91666666674945
2025-10-07 16:00:00.000,16:00,19.503333333269175
2025-10-07 17:00:00.000,17:00,19.018888888973745
2025-10-07 18:00:00.000,18:00,18.84111111105885
2025-10-07 19:00:00.000,19:00,15.760000000009313
2025-10-07 20:00:00.000,20:00,16.199999999953434
2025-10-07 21:00:00.000,21:00,16.07999999998137
2025-10-07 22:00:00.000,22:00,15.980000000004656
2025-10-07 23:00:00.000,23:00,16.149999999965075
2025-10-08 00:00:00.000,00:00,15.930000000132715
2025-10-08 01:00:00.000,01:00,16.40999999991618
2025-10-08 02:00:00.000,02:00,16.60000000006985
2025-10-08 03:00:00.000,03:00,17.319999999925496
2025-10-08 04:00:00.000,04:00,19.019999999995346
2025-10-08 05:00:00.000,05:00,19.019999999995346
2025-10-08 06:00:00.000,06:00,26.081818181847815
2025-10-08 07:00:00.000,07:00,31.358181818142874
2025-10-08 08:00:00.000,08:00,31.480000000074504
2025-10-08 09:00:00.000,09:00,31.960000000009313
2025-10-08 10:00:00.000,10:00,25.719999999878926
2025-10-08 11:00:00.000,11:00,25.68000000002794
2025-10-08 12:00:00.000,12:00,22.34222222233398
2025-10-08 13:00:00.000,13:00,19.897777777796403
2025-10-08 14:00:00.000,14:00,22.469999999948776
2025-10-08 15:00:00.000,15:00,22.600000000023286
2025-10-08 16:00:00.000,16:00,20.549999999976716
2025-10-08 17:00:00.000,17:00,18.959999999892897
2025-10-08 18:00:00.000,18:00,18.090000000060535
2025-10-08 19:00:00.000,19:00,15.85999999998603
2025-10-08 20:00:00.000,20:00,15.229999999981374
2025-10-08 21:00:00.000,21:00,14.65
2025-10-08 22:00:00.000,22:00,15.020000000158324
2025-10-08 23:00:00.000,23:00,15.662499999947613
2025-10-09 00:00:00.000,00:00,16.327500000043074
2025-10-09 01:00:00.000,01:00,15.439999999990686
2025-10-09 02:00:00.000,02:00,15.349999999837017
2025-10-09 03:00:00.000,03:00,17.01000000007916
2025-10-09 04:00:00.000,04:00,19.480000000004658
2025-10-09 05:00:00.000,05:00,20.40999999991618
2025-10-09 06:00:00.000,06:00,29.32555555571647
2025-10-09 07:00:00.000,07:00,33.32444444435338
2025-10-09 08:00:00.000,08:00,28.1
2025-10-09 09:00:00.000,09:00,33.66000000010244
2025-10-09 10:00:00.000,10:00,31.71999999987893
2025-10-09 11:00:00.000,11:00,27.210000000102447
2025-10-09 12:00:00.000,12:00,23.729999999981374
2025-10-09 13:00:00.000,13:00,22.899999999906868
2025-10-09 14:00:00.000,14:00,23.319999999995343
2025-10-09 15:00:00.000,15:00,22.17000000008848
2025-10-09 16:00:00.000,16:00,22.47999999995809
2025-10-09 17:00:00.000,17:00,22.810000000009314
2025-10-09 18:00:00.000,18:00,19.420000000088475
2025-10-09 19:00:00.000,19:00,18.90999999998603
2025-10-09 20:00:00.000,20:00,18.52999999995809
2025-10-09 21:00:00.000,21:00,17.789999999967403
2025-10-09 22:00:00.000,22:00,18.369999999948778
2025-10-09 23:00:00.000,23:00,18.24999999997672
2025-10-10 00:00:00.000,00:00,20.019999999995342
2025-10-10 01:00:00.000,01:00,20.469999999995345
2025-10-10 02:00:00.000,02:00,20.720000000158326
2025-10-10 03:00:00.000,03:00,21.809999999869618
2025-10-10 04:00:00.000,04:00,25.25000000009313
2025-10-10 05:00:00.000,05:00,26.48999999992084
2025-10-10 06:00:00.000,06:00,33.27000000001863
2025-10-10 07:00:00.000,07:00,41.40000000004656
2025-10-10 08:00:00.000,08:00,38.61999999987893
2025-10-10 09:00:00.000,09:00,36.96000000014901
2025-10-10 10:00:00.000,10:00,33.52000000001863
2025-10-10 11:00:00.000,11:00,24.299999999906866
2025-10-10 12:00:00.000,12:00,23.259999999962748
2025-10-10 13:00:00.000,13:00,22.490000000107102
2025-10-10 14:00:00.000,14:00,22.48999999994412
2025-10-10 15:00:00.000,15:00,21.6399999999674
2025-10-10 16:00:00.000,16:00,21.61999999997206
2025-10-10 17:00:00.000,17:00,19.270000000018626
2025-10-10 18:00:00.000,18:00,18.14000000008382
2025-10-10 19:00:00.000,19:00,17.16999999999534
2025-10-10 20:00:00.000,20:00,16.770000000018626
2025-10-10 21:00:00.000,21:00,16.729999999981374
2025-10-10 22:00:00.000,22:00,16.830000000004656
2025-10-10 23:00:00.000,23:00,17.047500000044238
2025-10-11 00:00:00.000,00:00,15.922499999927824
2025-10-11 01:00:00.000,01:00,16.05000000006985
2025-10-11 02:00:00.000,02:00,17.309999999846333
2025-10-11 03:00:00.000,03:00,16.190000000153667
2025-10-11 04:00:00.000,04:00,18.019999999995346
2025-10-11 05:00:00.000,05:00,19.420000000018625
2025-10-11 06:00:00.000,06:00,23.527777777736386
2025-10-11 07:00:00.000,07:00,27.44222222218911
2025-10-11 08:00:00.000,08:00,25.480000000074504
2025-10-11 09:00:00.000,09:00,22.899999999953433
2025-10-11 10:00:00.000,10:00,22.67777777778295
2025-10-11 11:00:00.000,11:00,22.40222222210529
2025-10-11 12:00:00.000,12:00,23.480000000074504
2025-10-11 13:00:00.000,13:00,23.270000000041907
2025-10-11 14:00:00.000,14:00,24.269999999855646
2025-10-11 15:00:00.000,15:00,23.700000000186265
2025-10-11 16:00:00.000,16:00,23.119999999855644
2025-10-11 17:00:00.000,17:00,23.22000000006519
2025-10-11 18:00:00.000,18:00,21.899999999906868
2025-10-11 19:00:00.000,19:00,19.52000000011176
2025-10-11 20:00:00.000,20:00,19.240000000013968
2025-10-11 21:00:00.000,21:00,17.71999999990221
2025-10-11 22:00:00.000,22:00,19.150000000046568
2025-10-11 23:00:00.000,23:00,19.03000000005122
2025-10-12 00:00:00.000,00:00,17.269999999878927
2025-10-12 01:00:00.000,01:00,18.290000000037253
2025-10-12 02:00:00.000,02:00,18.360000000032596
2025-10-12 03:00:00.000,03:00,18.189999999967405
2025-10-12 04:00:00.000,04:00,18.489999999990687
2025-10-12 05:00:00.000,05:00,19.880000000121072
2025-10-12 06:00:00.000,06:00,19.51999999986623
2025-10-12 07:00:00.000,07:00,21.82000000007789
2025-10-12 08:00:00.000,08:00,21.28000000007451
2025-10-12 09:00:00.000,09:00,20.219999999925495
2025-10-12 10:00:00.000,10:00,20.5
2025-10-12 11:00:00.000,11:00,19.919999999925494
2025-10-12 12:00:00.000,12:00,19.68727272737094
2025-10-12 13:00:00.000,13:00,17.62828282826119
2025-10-12 14:00:00.000,14:00,16.634444444484284
2025-10-12 15:00:00.000,15:00,15.489999999920837
2025-10-12 16:00:00.000,16:00,15.340000000083819
2025-10-12 17:00:00.000,17:00,15.03000000002794
2025-10-12 18:00:00.000,18:00,16.049999999953435
2025-10-12 19:00:00.000,19:00,16.789999999967403
2025-10-12 20:00:00.000,20:00,17.369999999948778
2025-10-12 21:00:00.000,21:00,18.140000000130385
2025-10-12 22:00:00.000,22:00,18.12999999988824
2025-10-12 23:00:00.000,23:00,18.819999999925493
2025-10-13 00:00:00.000,00:00,18.440000000013967
2025-10-13 01:00:00.000,01:00,17.800000000046566
2025-10-13 02:00:00.000,02:00,17.529999999981374
2025-10-13 03:00:00.000,03:00,20.1500000001397
2025-10-13 04:00:00.000,04:00,30.98999999992084
2025-10-13 05:00:00.000,05:00,24.249999999953435
2025-10-13 06:00:00.000,06:00,35.05000000006985
2025-10-13 07:00:00.000,07:00,42.19454545443666
2025-10-13 08:00:00.000,08:00,41.72545454555869
2025-10-13 09:00:00.000,09:00,38.89999999990687
2025-10-13 10:00:00.000,10:00,39.300000000093135
2025-10-13 11:00:00.000,11:00,37.72000000006519
2025-10-13 12:00:00.000,12:00,33.359999999916184
2025-10-13 13:00:00.000,13:00,26.56000000000931
2025-10-13 14:00:00.000,14:00,25.379999999934803
2025-10-13 15:00:00.000,15:00,22.630000000051222
2025-10-13 16:00:00.000,16:00,25.05000000002328
2025-10-13 17:00:00.000,17:00,22.34999999990687
2025-10-13 18:00:00.000,18:00,18.87000000011176
2025-10-13 19:00:00.000,19:00,17.459999999892897
2025-10-13 20:00:00.000,20:00,17
2025-10-13 21:00:00.000,21:00,17.517777777827966
2025-10-13 22:00:00.000,22:00,17.332222222172035
2025-10-13 23:00:00.000,23:00,17.689999999967405
2025-10-14 00:00:00.000,00:00,17.38000000016764
2025-10-14 01:00:00.000,01:00,15.530000000004655
2025-10-14 02:00:00.000,02:00,17.699999999953434
2025-10-14 03:00:00.000,03:00,20.540000000060537
2025-10-14 04:00:00.000,04:00,26.299999999953435
2025-10-14 05:00:00.000,05:00,25.16999999987893
2025-10-14 06:00:00.000,06:00,31.50000000002328
2025-10-14 07:00:00.000,07:00,37.660000000032596
2025-10-14 08:00:00.000,08:00,36.70000000004657
2025-10-14 09:00:00.000,09:00,38.77999999998137
2025-10-14 10:00:00.000,10:00,39.49999999990686
2025-10-14 11:00:00.000,11:00,33.200000000093134
2025-10-14 12:00:00.000,12:00,28.27999999998137
2025-10-14 13:00:00.000,13:00,26.79999999997672
2025-10-14 14:00:00.000,14:00,24.19000000008382
2025-10-14 15:00:00.000,15:00,27.85
2025-10-14 16:00:00.000,16:00,24.749999999883585
2025-10-14 17:00:00.000,17:00,24.83000000005122
2025-10-14 18:00:00.000,18:00,26.15
2025-10-14 19:00:00.000,19:00,20.190000000060536
2025-10-14 20:00:00.000,20:00,19.479999999888243
2025-10-14 21:00:00.000,21:00,18.320000000158327
2025-10-14 22:00:00.000,22:00,16.679999999958092
2025-10-14 23:00:00.000,23:00,17.23249999987893
2025-10-15 00:00:00.000,00:00,18.157500000158322
2025-10-15 01:00:00.000,01:00,18.439999999920836
2025-10-15 02:00:00.000,02:00,18.580000000074506
2025-10-15 03:00:00.000,03:00,20.743333333332302
2025-10-15 04:00:00.000,04:00,27.42666666654663
2025-10-15 05:00:00.000,05:00,24.700000000093134
2025-10-15 06:00:00.000,06:00,35.8999999998603
2025-10-15 07:00:00.000,07:00,41.82000000013504
2025-10-15 08:00:00.000,08:00,42.67454545458737
2025-10-15 09:00:00.000,09:00,40.38545454542195
2025-10-15 10:00:00.000,10:00,37.41454545451879
2025-10-15 11:00:00.000,11:00,37.28545454545794
2025-10-15 12:00:00.000,12:00,28.79999999990687
2025-10-15 13:00:00.000,13:00,27.993333333456476
2025-10-15 14:00:00.000,14:00,28.21666666656448
2025-10-15 15:00:00.000,15:00,26.104545454616364
2025-10-15 16:00:00.000,16:00,29.571770334865285
2025-10-15 17:00:00.000,17:00,30.085448916463022
2025-10-15 18:00:00.000,18:00,30.988235294113537
2025-10-15 19:00:00.000,19:00,24.180645161282058
2025-10-15 20:00:00.000,20:00,23.619354838615976
2025-10-15 21:00:00.000,21:00,22.900000000094202
2025-10-15 22:00:00.000,22:00,21.756097561053224
2025-10-15 23:00:00.000,23:00,19.60104529606746
2025-10-16 00:00:00.000,00:00,19.147402597400784
2025-10-16 01:00:00.000,01:00,19.695454545422265
2025-10-16 02:00:00.000,02:00,19.870370370414562
2025-10-16 03:00:00.000,03:00,22.70841750841406
2025-10-16 04:00:00.000,04:00,26.90692640692641
2025-10-16 05:00:00.000,05:00,25.24505494510151
2025-10-16 06:00:00.000,06:00,34.71557223269197
2025-10-16 07:00:00.000,07:00,39.08442776725907
2025-10-16 08:00:00.000,08:00,43.14096989961631
2025-10-16 09:00:00.000,09:00,34.93659420296182
2025-10-16 10:00:00.000,10:00,31.15984848484743
2025-10-16 11:00:00.000,11:00,29.84358288763517
2025-10-16 12:00:00.000,12:00,25.180235294197576
2025-10-16 13:00:00.000,13:00,25.513555555473495
2025-10-16 14:00:00.000,14:00,28.182679738668313
2025-10-16 15:00:00.000,15:00,26.801595214249218
2025-10-16 16:00:00.000,16:00,26.812130275938642
2025-10-16 17:00:00.000,17:00,25.144070961764154
2025-10-16 18:00:00.000,18:00,22.070634920598145
2025-10-16 19:00:00.000,19:00,21.41984126987287
2025-10-16 20:00:00.000,20:00,17.276395289169905
2025-10-16 21:00:00.000,21:00,18.387096774193548
2025-10-16 22:00:00.000,22:00,18.92307692314856
2025-10-16 23:00:00.000,23:00,18.15154994255783
2025-10-17 00:00:00.000,00:00,18.28130533771106
2025-10-17 01:00:00.000,01:00,18.898613251174567
2025-10-17 02:00:00.000,02:00,18.673454545378178
2025-10-17 03:00:00.000,03:00,22.15200000005109
2025-10-17 04:00:00.000,04:00,24.721492537395704
2025-10-17 05:00:00.000,05:00,28.17666838224474
2025-10-17 06:00:00.000,06:00,31.649111807700418
2025-10-17 07:00:00.000,07:00,43.09090909087734
2025-10-17 08:00:00.000,08:00,40.09889135258307
2025-10-17 09:00:00.000,09:00,37.76484172290047
2025-10-17 10:00:00.000,10:00,35.93617021264707
2025-10-17 11:00:00.000,11:00,30.995744680817378
2025-10-17 12:00:00.000,12:00,28.43017021277434
2025-10-17 13:00:00.000,13:00,24.96000000005588
2025-10-17 14:00:00.000,14:00,25.846000000040515
2025-10-17 15:00:00.000,15:00,26.793103448299952
2025-10-17 16:00:00.000,16:00,24.06889655173498
2025-10-17 17:00:00.000,17:00,21.84
2025-10-17 18:00:00.000,18:00,20.532210526305985
2025-10-17 19:00:00.000,19:00,19.037593984941395
2025-10-17 20:00:00.000,20:00,19.09571373688123
2025-10-17 21:00:00.000,21:00,19.270072992700726
2025-10-17 22:00:00.000,22:00,19.270072992700726
2025-10-17 23:00:00.000,23:00,18.966973447621918
2025-10-18 00:00:00.000,00:00,18.956521739170928
2025-10-18 01:00:00.000,01:00,20.18550724639031
2025-10-18 02:00:00.000,02:00,20.8
2025-10-18 03:00:00.000,03:00,21.58016877636247
2025-10-18 04:00:00.000,04:00,25.481012658174798
2025-10-18 05:00:00.000,05:00,25.481012658174798
2025-10-18 06:00:00.000,06:00,30.237805907166305
2025-10-18 07:00:00.000,07:00,34.40000000003387
2025-10-18 08:00:00.000,08:00,34.40000000003387
2025-10-18 09:00:00.000,09:00,32.843550724621224
2025-10-18 10:00:00.000,10:00,32.4130434782305
2025-10-18 11:00:00.000,11:00,32.4130434782305
2025-10-18 12:00:00.000,12:00,28.279394576918023
2025-10-18 13:00:00.000,13:00,26.645161290352625
2025-10-18 14:00:00.000,14:00,26.645161290352625
2025-10-18 15:00:00.000,15:00,25.257170982873816
2025-10-18 16:00:00.000,16:00,24.394366197143746
2025-10-18 17:00:00.000,17:00,24.394366197143746
2025-10-18 18:00:00.000,18:00,24.066034301007633
2025-10-18 19:00:00.000,19:00,19.46938775510204
2025-10-18 20:00:00.000,20:00,19.46938775510204
2025-10-18 21:00:00.000,21:00,19.46938775510204
2025-10-18 22:00:00.000,22:00,19.46938775510204
2025-10-18 23:00:00.000,23:00,21.11145408163756
2025-10-19 00:00:00.000,00:00,21.139285714290704
2025-10-19 01:00:00.000,01:00,21.139285714290704
2025-10-19 02:00:00.000,02:00,21.139285714290704
2025-10-19 03:00:00.000,03:00,21.139285714290704
2025-10-19 04:00:00.000,04:00,21.139285714290704
2025-10-19 05:00:00.000,05:00,21.139285714290704
2025-10-19 06:00:00.000,06:00,21.139285714290704
2025-10-19 07:00:00.000,07:00,21.139285714290704
2025-10-19 08:00:00.000,08:00,21.82875000005297
2025-10-19 09:00:00.000,09:00,21.070000000088477
2025-10-19 10:00:00.000,10:00,20.989999999897556
2025-10-19 11:00:00.000,11:00,19.38999999992084
2025-10-19 12:00:00.000,12:00,19.700000000162984
2025-10-19 13:00:00.000,13:00,19.419999999832363
2025-10-19 14:00:00.000,14:00,19.08000000002794
2025-10-19 15:00:00.000,15:00,19.28000000002794
2025-10-19 16:00:00.000,16:00,19.140000000083816
2025-10-19 17:00:00.000,17:00,18.21999999997206
2025-10-19 18:00:00.000,18:00,17.619999999925497
2025-10-19 19:00:00.000,19:00,19.42000000011176
2025-10-19 20:00:00.000,20:00,19.419999999925494
2025-10-19 21:00:00.000,21:00,17.93999999994412
2025-10-19 22:00:00.000,22:00,18.679999999981373
2025-10-19 23:00:00.000,23:00,19.100000000186263
2025-10-20 00:00:00.000,00:00,16.619999999902213
2025-10-20 01:00:00.000,01:00,17.199999999953434
2025-10-20 02:00:00.000,02:00,17.390000000130385
2025-10-20 03:00:00.000,03:00,19.39000000001397
2025-10-20 04:00:00.000,04:00,22.079999999981375
2025-10-20 05:00:00.000,05:00,21.659999999962746
2025-10-20 06:00:00.000,06:00,32.04000000003725
2025-10-20 07:00:00.000,07:00,33.02000000001863
2025-10-20 08:00:00.000,08:00,32.639999999990685
2025-10-20 09:00:00.000,09:00,33.65999999996275
2025-10-20 10:00:00.000,10:00,31.720000000018626
2025-10-20 11:00:00.000,11:00,29.139999999944123
2025-10-20 12:00:00.000,12:00,28.71999999997206
2025-10-20 13:00:00.000,13:00,24.69000000003725
2025-10-20 14:00:00.000,14:00,24.98999999992084
2025-10-20 15:00:00.000,15:00,26.079999999981375
2025-10-20 16:00:00.000,16:00,24.44000000001397
2025-10-20 17:00:00.000,17:00,22.600000000046567
2025-10-20 18:00:00.000,18:00,22.620000000018628
2025-10-20 19:00:00.000,19:00,22.800000000046566
2025-10-20 20:00:00.000,20:00,21.77999999988824
2025-10-20 21:00:00.000,21:00,18.310000000079164
2025-10-20 22:00:00.000,22:00,19.680000000004657
2025-10-20 23:00:00.000,23:00,19.730000000074504
2025-10-21 00:00:00.000,00:00,17.41999999994878
2025-10-21 01:00:00.000,01:00,17.989999999990687
2025-10-21 02:00:00.000,02:00,17.69999999997672
2025-10-21 03:00:00.000,03:00,19.060000000079164
2025-10-21 04:00:00.000,04:00,20.179999999958092
2025-10-21 05:00:00.000,05:00,21.00999999998603
2025-10-21 06:00:00.000,06:00,30.77999999988824
2025-10-21 07:00:00.000,07:00,31.92363636369859
2025-10-21 08:00:00.000,08:00,31.256363636399193
2025-10-21 09:00:00.000,09:00,30.640000000037254
2025-10-21 10:00:00.000,10:00,29.620000000018628
2025-10-21 11:00:00.000,11:00,27.459999999916178
2025-10-21 12:00:00.000,12:00,23.460000000055878
2025-10-21 13:00:00.000,13:00,24.85
2025-10-21 14:00:00.000,14:00,25.920000000018625
2025-10-21 15:00:00.000,15:00,26.659999999962746
2025-10-21 16:00:00.000,16:00,26.44999999997672
2025-10-21 17:00:00.000,17:00,22.379999999981376
2025-10-21 18:00:00.000,18:00,25.060000000032595
2025-10-21 19:00:00.000,19:00,20.600000000046567
2025-10-21 20:00:00.000,20:00,18.15
2025-10-21 21:00:00.000,21:00,21.77999999993481
2025-10-21 22:00:00.000,22:00,22.80999999996275
2025-10-21 23:00:00.000,23:00,22.56499999999069
2025-10-22 00:00:00.000,00:00,22.01500000001397
2025-10-22 01:00:00.000,01:00,17.670000000065194
2025-10-22 02:00:00.000,02:00,17.119999999878928
2025-10-22 03:00:00.000,03:00,18.460000000009316
2025-10-22 04:00:00.000,04:00,19.989999999990687
2025-10-22 05:00:00.000,05:00,20.27000000004191
2025-10-22 06:00:00.000,06:00,28.450000000046565
2025-10-22 07:00:00.000,07:00,28.380000000074503
2025-10-22 08:00:00.000,08:00,26.520000000018626
2025-10-22 09:00:00.000,09:00,27.81999999997206
2025-10-22 10:00:00.000,10:00,26.819999999878927
2025-10-22 11:00:00.000,11:00,26.2
2025-10-22 12:00:00.000,12:00,23.026666666732893
2025-10-22 13:00:00.000,13:00,19.61333333330436
2025-10-22 14:00:00.000,14:00,22.87000000011176
2025-10-22 15:00:00.000,15:00,24.12999999993481
2025-10-22 16:00:00.000,16:00,26.570000000065193
2025-10-22 17:00:00.000,17:00,24.1099999998929
2025-10-22 18:00:00.000,18:00,23.630000000051222
2025-10-22 19:00:00.000,19:00,20.80999999991618
2025-10-22 20:00:00.000,20:00,18.40999999998603
2025-10-22 21:00:00.000,21:00,16.939999999967405
2025-10-22 22:00:00.000,22:00,16.070000000065193
2025-10-22 23:00:00.000,23:00,-62.01148936172769
2025-10-23 00:00:00.000,00:00,-442.8085106383375
2025-10-23 01:00:00.000,01:00,0
2025-10-23 02:00:00.000,02:00,0
2025-10-23 03:00:00.000,03:00,0
2025-10-23 04:00:00.000,04:00,0
2025-10-23 05:00:00.000,05:00,0
2025-10-23 06:00:00.000,06:00,0
2025-10-23 07:00:00.000,07:00,0
2025-10-23 08:00:00.000,08:00,0
2025-10-23 09:00:00.000,09:00,0
2025-10-23 10:00:00.000,10:00,0
2025-10-23 11:00:00.000,11:00,0
2025-10-23 12:00:00.000,12:00,0
2025-10-23 13:00:00.000,13:00,0
2025-10-23 14:00:00.000,14:00,0
2025-10-23 15:00:00.000,15:00,0
2025-10-23 16:00:00.000,16:00,0
2025-10-23 17:00:00.000,17:00,0
2025-10-23 18:00:00.000,18:00,0
2025-10-23 19:00:00.000,19:00,0
2025-10-23 20:00:00.000,20:00,0
2025-10-23 21:00:00.000,21:00,0
2025-10-23 22:00:00.000,22:00,0
2025-10-23 23:00:00.000,23:00,0
2025-10-24 00:00:00.000,00:00,108.27642276423143
2025-10-24 01:00:00.000,01:00,162.41463414634714
2025-10-24 02:00:00.000,02:00,162.41463414634714
2025-10-24 03:00:00.000,03:00,162.41463414634714
2025-10-24 04:00:00.000,04:00,162.41463414634714
2025-10-24 05:00:00.000,05:00,162.41463414634714
2025-10-24 06:00:00.000,06:00,162.41463414634714
2025-10-24 07:00:00.000,07:00,162.41463414634714
2025-10-24 08:00:00.000,08:00,102.87113821143171
2025-10-24 09:00:00.000,09:00,36.11000000007917
2025-10-24 10:00:00.000,10:00,35.34999999993015
2025-10-24 11:00:00.000,11:00,32.20000000006985
2025-10-24 12:00:00.000,12:00,30.449999999930153
2025-10-24 13:00:00.000,13:00,24.49999999990687
2025-10-24 14:00:00.000,14:00,31.94000000003725
2025-10-24 15:00:00.000,15:00,32.679999999981376
2025-10-24 16:00:00.000,16:00,29.000000000139696
2025-10-24 17:00:00.000,17:00,24.93999999994412
2025-10-24 18:00:00.000,18:00,22.800000000046566
2025-10-24 19:00:00.000,19:00,19.391111111025225
2025-10-24 20:00:00.000,20:00,19.02888888897012
2025-10-24 21:00:00.000,21:00,18.459999999892897
2025-10-24 22:00:00.000,22:00,18.97000000004191
2025-10-24 23:00:00.000,23:00,19.33000000009779
2025-10-25 00:00:00.000,00:00,16.999999999813735
2025-10-25 01:00:00.000,01:00,18.450000000000003
2025-10-25 02:00:00.000,02:00,19.410000000125727
2025-10-25 03:00:00.000,03:00,19.84999999993015
2025-10-25 04:00:00.000,04:00,20.69000000008382
2025-10-25 05:00:00.000,05:00,18.969999999995345
2025-10-25 06:00:00.000,06:00,27.489999999967402
2025-10-25 07:00:00.000,07:00,26.919999999925494
2025-10-25 08:00:00.000,08:00,31.42000000011176
2025-10-25 09:00:00.000,09:00,26.27999999988824
2025-10-25 10:00:00.000,10:00,25.94000000008382
2025-10-25 11:00:00.000,11:00,24.960000000009313
2025-10-25 12:00:00.000,12:00,25.610909090923485
2025-10-25 13:00:00.000,13:00,24.559090909048578
2025-10-25 14:00:00.000,14:00,24.079999999934806
2025-10-25 15:00:00.000,15:00,21.990000000083818
2025-10-25 16:00:00.000,16:00,21.069999999902212
2025-10-25 17:00:00.000,17:00,21.66000000007916
2025-10-25 18:00:00.000,18:00,19.600000000093132
2025-10-25 19:00:00.000,19:00,19.739999999827702
2025-10-25 20:00:00.000,20:00,23.740000000060537
2025-10-25 21:00:00.000,21:00,22.09000000001397
2025-10-25 22:00:00.000,22:00,22.259999999939467
2025-10-25 23:00:00.000,23:00,22.720000000158326
2025-10-26 00:00:00.000,00:00,22.029999999911524
2025-10-26 02:00:00.000,02:00,21.800000000046566
2025-10-26 02:00:00.000,02:00,40.54571428565708
2025-10-26 02:00:00.000,02:00,3.1714285713886574
2025-10-26 03:00:00.000,03:00,21.9828571429077
2025-10-26 04:00:00.000,04:00,20.030000000004655
2025-10-26 05:00:00.000,05:00,21.570000000065193
2025-10-26 06:00:00.000,06:00,23.709999999869616
2025-10-26 07:00:00.000,07:00,22.600000000093132
2025-10-26 08:00:00.000,08:00,20.94000000003725
2025-10-26 09:00:00.000,09:00,21.400000000000002
2025-10-26 10:00:00.000,10:00,20.499999999906866
2025-10-26 11:00:00.000,11:00,19.408888888917865
2025-10-26 12:00:00.000,12:00,20.601111111114733
2025-10-26 13:00:00.000,13:00,19.6099999998929
2025-10-26 14:00:00.000,14:00,19.070000000065193
2025-10-26 15:00:00.000,15:00,20.010000000079163
2025-10-26 16:00:00.000,16:00,19.659999999962746
2025-10-26 17:00:00.000,17:00,21.22000000006519
2025-10-26 18:00:00.000,18:00,22.799999999883585
2025-10-26 19:00:00.000,19:00,22.58999999994412
2025-10-26 20:00:00.000,20:00,21.570000000065193
2025-10-26 21:00:00.000,21:00,21.019999999948777
2025-10-26 22:00:00.000,22:00,22.150000000046568
2025-10-26 23:00:00.000,23:00,21.660000000119908
2025-10-27 00:00:00.000,00:00,20.289999999833526
2025-10-27 01:00:00.000,01:00,20.77000000004191
2025-10-27 02:00:00.000,02:00,20.24999999995343
2025-10-27 03:00:00.000,03:00,22.690000000037255
2025-10-27 04:00:00.000,04:00,27.76999999997206
2025-10-27 05:00:00.000,05:00,23.850000000116413
2025-10-27 06:00:00.000,06:00,38.55727272716309
2025-10-27 07:00:00.000,07:00,39.83272727285089
2025-10-27 08:00:00.000,08:00,32.740000000037256
2025-10-27 09:00:00.000,09:00,35.6
2025-10-27 10:00:00.000,10:00,33.37999999998137
2025-10-27 11:00:00.000,11:00,35.27999999984168
2025-10-27 12:00:00.000,12:00,35.44000000003725
2025-10-27 13:00:00.000,13:00,31.120000000018628
2025-10-27 14:00:00.000,14:00,33.15000000004657
2025-10-27 15:00:00.000,15:00,29.45
2025-10-27 16:00:00.000,16:00,29.90999999998603
2025-10-27 17:00:00.000,17:00,27.95999999991618
2025-10-27 18:00:00.000,18:00,30.48000000009779
2025-10-27 19:00:00.000,19:00,24.04999999993015
2025-10-27 20:00:00.000,20:00,21.66000000007916
2025-10-27 21:00:00.000,21:00,20.190000000037255
2025-10-27 22:00:00.000,22:00,20.769999999855646
2025-10-27 23:00:00.000,23:00,20.86000000012573
2025-10-28 00:00:00.000,00:00,19.069999999902212
2025-10-28 01:00:00.000,01:00,19.709999999962747
2025-10-28 02:00:00.000,02:00,19
2025-10-28 03:00:00.000,03:00,22.95
2025-10-28 04:00:00.000,04:00,24.460000000009313
2025-10-28 05:00:00.000,05:00,24.250000000162984
2025-10-28 06:00:00.000,06:00,35.11999999999534
2025-10-28 07:00:00.000,07:00,36.23999999982771
2025-10-28 08:00:00.000,08:00,34.08000000002794
2025-10-28 09:00:00.000,09:00,31.539999999990687
2025-10-28 10:00:00.000,10:00,29.26000000005588
2025-10-28 11:00:00.000,11:00,33.41999999997206
2025-10-28 12:00:00.000,12:00,30.05999999996275
2025-10-28 13:00:00.000,13:00,31.33000000009779
2025-10-28 14:00:00.000,14:00,31.19999999990687
2025-10-28 15:00:00.000,15:00,27.750000000093134
2025-10-28 16:00:00.000,16:00,27.759999999939463
2025-10-28 17:00:00.000,17:00,26.51000000012573
2025-10-28 18:00:00.000,18:00,25.69999999990687
2025-10-28 19:00:00.000,19:00,24.789999999967403
2025-10-28 20:00:00.000,20:00,25.05999999998603
2025-10-28 21:00:00.000,21:00,20.25000000009313
2025-10-28 22:00:00.000,22:00,20.869999999948778
2025-10-28 23:00:00.000,23:00,20.694999999989523
2025-10-29 00:00:00.000,00:00,19.885000000108267
2025-10-29 01:00:00.000,01:00,20.010000000009317
2025-10-29 02:00:00.000,02:00,19.789999999827707
2025-10-29 03:00:00.000,03:00,23.95000000016298
2025-10-29 04:00:00.000,04:00,25.99999999983702
2025-10-29 05:00:00.000,05:00,28.630000000051222
2025-10-29 06:00:00.000,06:00,39.94000000001397
2025-10-29 07:00:00.000,07:00,40.859999999962746
2025-10-29 08:00:00.000,08:00,43.8000000001397
2025-10-29 09:00:00.000,09:00,38.66000000000931
2025-10-29 10:00:00.000,10:00,37.83999999989756
2025-10-29 11:00:00.000,11:00,32.26000000000931
2025-10-29 12:00:00.000,12:00,31.759999999962748
2025-10-29 13:00:00.000,13:00,31.51999999997206
2025-10-29 14:00:00.000,14:00,33.610000000102445
2025-10-29 15:00:00.000,15:00,32.36000000005588
2025-10-29 16:00:00.000,16:00,30.009999999892898
2025-10-29 17:00:00.000,17:00,28.160000000032596
2025-10-29 18:00:00.000,18:00,29.229999999981374
2025-10-29 19:00:00.000,19:00,23.510000000032598
2025-10-29 20:00:00.000,20:00,22.90999999998603
2025-10-29 21:00:00.000,21:00,20.609999999962746
2025-10-29 22:00:00.000,22:00,21.109999999939465
2025-10-29 23:00:00.000,23:00,21.17250000013155
2025-10-30 00:00:00.000,00:00,20.107499999873106
2025-10-30 01:00:00.000,01:00,20.09000000008382
2025-10-30 02:00:00.000,02:00,19.719999999948776
2025-10-30 03:00:00.000,03:00,23.05999999996275
2025-10-30 04:00:00.000,04:00,25.890000000130385
2025-10-30 05:00:00.000,05:00,28.059999999869618
2025-10-30 06:00:00.000,06:00,38.650000000116414
2025-10-30 07:00:00.000,07:00,41.37999999988824
2025-10-30 08:00:00.000,08:00,37.200000000139696
2025-10-30 09:00:00.000,09:00,35.53999999985099
2025-10-30 10:00:00.000,10:00,33.00000000004657
2025-10-30 11:00:00.000,11:00,28.840000000130388
2025-10-30 12:00:00.000,12:00,26.37999999988824
2025-10-30 13:00:00.000,13:00,24.83000000000466
2025-10-30 14:00:00.000,14:00,26.240000000060533
2025-10-30 15:00:00.000,15:00,26.04999999990687
2025-10-30 16:00:00.000,16:00,29.52000000004191
2025-10-30 17:00:00.000,17:00,22.97000000004191
2025-10-30 18:00:00.000,18:00,26.119999999925493
2025-10-30 19:00:00.000,19:00,22.870000000065193
2025-10-30 20:00:00.000,20:00,21.819999999925496
2025-10-30 21:00:00.000,21:00,21.83000000005122
2025-10-30 22:00:00.000,22:00,23.680000000074507
2025-10-30 23:00:00.000,23:00,23.164999999839345
2025-10-31 00:00:00.000,00:00,22.554999999993015
2025-10-31 01:00:00.000,01:00,21.55
2025-10-31 02:00:00.000,02:00,18.890000000130385
2025-10-31 03:00:00.000,03:00,21.369999999995343
2025-10-31 04:00:00.000,04:00,25.27000000004191
2025-10-31 05:00:00.000,05:00,25.471818181645887
2025-10-31 06:00:00.000,06:00,35.37818181819113
2025-10-31 07:00:00.000,07:00,37.520000000065195
2025-10-31 08:00:00.000,08:00,32.99999999995343
2025-10-31 09:00:00.000,09:00,32.71999999997206
2025-10-31 10:00:00.000,10:00,33.52000000001863
2025-10-31 11:00:00.000,11:00,27.980000000074504
2025-10-31 12:00:00.000,12:00,26.649999999953433
2025-10-31 13:00:00.000,13:00,24.630000000051226
2025-10-31 14:00:00.000,14:00,26.890000000060535
2025-10-31 15:00:00.000,15:00,25.24999999993015
2025-10-31 16:00:00.000,16:00,27.60999999998603
2025-10-31 17:00:00.000,17:00,23.149999999953433
2025-10-31 18:00:00.000,18:00,21.09000000001397
2025-10-31 19:00:00.000,19:00,18.5
2025-10-31 20:00:00.000,20:00,18.430000000097788
2025-10-31 21:00:00.000,21:00,17.05999999998603
2025-10-31 22:00:00.000,22:00,17.339999999920835
2025-10-31 23:00:00.000,23:00,17.200000000046565
2025-11-01 00:00:00.000,00:00,16.739999999990687
2025-11-01 01:00:00.000,01:00,15.790000000060536
2025-11-01 02:00:00.000,02:00,15.699999999953434
2025-11-01 03:00:00.000,03:00,16.199999999953434
2025-11-01 04:00:00.000,04:00,16.900000000116414
2025-11-01 05:00:00.000,05:00,17.99000000001397
2025-11-01 06:00:00.000,06:00,21.279999999911524
2025-11-01 07:00:00.000,07:00,22.960000000055878
2025-11-01 08:00:00.000,08:00,23.27999999993481
2025-11-01 09:00:00.000,09:00,21.71999999997206
2025-11-01 10:00:00.000,10:00,22.960000000009313
2025-11-01 11:00:00.000,11:00,23.91999999997206
2025-11-01 12:00:00.000,12:00,22.76000000005588
2025-11-01 13:00:00.000,13:00,21.769999999995346
2025-11-01 14:00:00.000,14:00,24.630000000051222
2025-11-01 15:00:00.000,15:00,23.229999999981374
2025-11-01 16:00:00.000,16:00,24.139999999967404
2025-11-01 17:00:00.000,17:00,23.31000000005588
2025-11-01 18:00:00.000,18:00,26.30999999991618
2025-11-01 19:00:00.000,19:00,20.259999999939463
2025-11-01 20:00:00.000,20:00,20.21000000005588
2025-11-01 21:00:00.000,21:00,17.200000000116415
2025-11-01 22:00:00.000,22:00,17.809999999892895
2025-11-01 23:00:00.000,23:00,18.492499999940627
2025-11-02 00:00:00.000,00:00,17.387500000040745
2025-11-02 01:00:00.000,01:00,15.900000000139698
2025-11-02 02:00:00.000,02:00,16.209999999939463
2025-11-02 03:00:00.000,03:00,15.99000000001397
2025-11-02 04:00:00.000,04:00,16.379999999911526
2025-11-02 05:00:00.000,05:00,17.649999999953433
2025-11-02 06:00:00.000,06:00,18.65636363648175
2025-11-02 07:00:00.000,07:00,18.263636363699863
2025-11-02 08:00:00.000,08:00,17
2025-11-02 09:00:00.000,09:00,20.219999999832364
2025-11-02 10:00:00.000,10:00,19.66000000014901
2025-11-02 11:00:00.000,11:00,18.579999999934806
2025-11-02 12:00:00.000,12:00,17.36222222215082
2025-11-02 13:00:00.000,13:00,17.667777777900405
2025-11-02 14:00:00.000,14:00,18.41999999990221
2025-11-02 15:00:00.000,15:00,18.720000000065195
2025-11-02 16:00:00.000,16:00,17.93999999994412
2025-11-02 17:00:00.000,17:00,18.169999999995344
2025-11-02 18:00:00.000,18:00,21.549999999953435
2025-11-02 19:00:00.000,19:00,19.05999999998603
2025-11-02 20:00:00.000,20:00,19.41000000005588
2025-11-02 21:00:00.000,21:00,19.670000000088475
2025-11-02 22:00:00.000,22:00,19.889999999897555
2025-11-02 23:00:00.000,23:00,20.880000000004657
2025-11-03 00:00:00.000,00:00,19.389999999967404
2025-11-03 01:00:00.000,01:00,19.03999999999069
2025-11-03 02:00:00.000,02:00,19.27000000004191
2025-11-03 03:00:00.000,03:00,23.939999999967405
2025-11-03 04:00:00.000,04:00,26.25999999998603
2025-11-03 05:00:00.000,05:00,25.070000000181608
2025-11-03 06:00:00.000,06:00,34.084545454524715
2025-11-03 07:00:00.000,07:00,40.9854545453775
2025-11-03 08:00:00.000,08:00,36.800000000093135
2025-11-03 09:00:00.000,09:00,36.639999999897555
2025-11-03 10:00:00.000,10:00,39.82000000011176
2025-11-03 11:00:00.000,11:00,34.0999999998603
2025-11-03 12:00:00.000,12:00,32.34000000008382
2025-11-03 13:00:00.000,13:00,26.178181818064132
2025-11-03 14:00:00.000,14:00,27.321818181912587
2025-11-03 15:00:00.000,15:00,27.929999999934807
2025-11-03 16:00:00.000,16:00,31.510000000079163
2025-11-03 17:00:00.000,17:00,31.130000000051222
2025-11-03 18:00:00.000,18:00,30.139999999920835
2025-11-03 19:00:00.000,19:00,21.050000000093135
2025-11-03 20:00:00.000,20:00,19.739999999827702
2025-11-03 21:00:00.000,21:00,19.270000000018626
2025-11-03 22:00:00.000,22:00,20.169999999995344
2025-11-03 23:00:00.000,23:00,19.857500000140863
2025-11-04 00:00:00.000,00:00,19.23249999996624
2025-11-04 01:00:00.000,01:00,19.030000000004655
2025-11-04 02:00:00.000,02:00,18.65999999996275
2025-11-04 03:00:00.000,03:00,24.55999999991618
2025-11-04 04:00:00.000,04:00,31.37000000004191
2025-11-04 05:00:00.000,05:00,29.72111111117475
2025-11-04 06:00:00.000,06:00,38.50888888887647
2025-11-04 07:00:00.000,07:00,42.02000000001863
2025-11-04 08:00:00.000,08:00,42.299999999906866
2025-11-04 09:00:00.000,09:00,36.66000000014901
2025-11-04 10:00:00.000,10:00,29.759999999962748
2025-11-04 11:00:00.000,11:00,28.58000000002794
2025-11-04 12:00:00.000,12:00,24.139999999897555
2025-11-04 13:00:00.000,13:00,25.55000000002328
2025-11-04 14:00:00.000,14:00,27.77999999993481
2025-11-04 15:00:00.000,15:00,27.710000000055878
2025-11-04 16:00:00.000,16:00,29.22000000004191
2025-11-04 17:00:00.000,17:00,28.729999999934808
2025-11-04 18:00:00.000,18:00,26.680000000074504
2025-11-04 19:00:00.000,19:00,20.51999999990221
2025-11-04 20:00:00.000,20:00,18.330000000004656
2025-11-04 21:00:00.000,21:00,17.59000000001397
2025-11-04 22:00:00.000,22:00,18.420000000065194
2025-11-04 23:00:00.000,23:00,18.66499999992472
2025-11-05 00:00:00.000,00:00,16.174999999949556
2025-11-05 01:00:00.000,01:00,16.700000000186265
2025-11-05 02:00:00.000,02:00,16.399999999906868
2025-11-05 03:00:00.000,03:00,18.170000000065194
2025-11-05 04:00:00.000,04:00,20.179999999888242
2025-11-05 05:00:00.000,05:00,23.199999999953434
2025-11-05 06:00:00.000,06:00,25.409090909251773
2025-11-05 07:00:00.000,07:00,26.70909090898931
2025-11-05 08:00:00.000,08:00,25.931818181852048
2025-11-05 09:00:00.000,09:00,30.28333333330229
2025-11-05 10:00:00.000,10:00,30.193939394021236
2025-11-05 11:00:00.000,11:00,27.830622009518578
2025-11-05 12:00:00.000,12:00,28.017105263064764
2025-11-05 13:00:00.000,13:00,26.640000000142027
2025-11-05 14:00:00.000,14:00,23.99409090903355
2025-11-05 15:00:00.000,15:00,23.79090909101069
2025-11-05 16:00:00.000,16:00,25.5999999998603
2025-11-05 17:00:00.000,17:00,26.884000000022347
2025-11-05 18:00:00.000,18:00,21.715999999954366
2025-11-05 19:00:00.000,19:00,18.615384615545807
2025-11-05 20:00:00.000,20:00,18.698901098766516
2025-11-05 21:00:00.000,21:00,17.990365448548225
2025-11-05 22:00:00.000,22:00,18.008985200845665
2025-11-05 23:00:00.000,23:00,18.436363636293784
2025-11-06 00:00:00.000,00:00,16.75000000016298
2025-11-06 01:00:00.000,01:00,18.369999999902213
2025-11-06 02:00:00.000,02:00,17.45999999991618
2025-11-06 03:00:00.000,03:00,18.840000000130384
2025-11-06 04:00:00.000,04:00,19.609999999869615
2025-11-06 05:00:00.000,05:00,22.110000000172295
2025-11-06 06:00:00.000,06:00,26.749999999860304
2025-11-06 07:00:00.000,07:00,24.639999999990685
2025-11-06 08:00:00.000,08:00,26.680000000027942
2025-11-06 09:00:00.000,09:00,32.68000000012107
2025-11-06 10:00:00.000,10:00,31.219999999878926
2025-11-06 11:00:00.000,11:00,33.04000000008382
2025-11-06 12:00:00.000,12:00,27.980000000027943
2025-11-06 13:00:00.000,13:00,27.047272727155885
2025-11-06 14:00:00.000,14:00,29.462727272690444
2025-11-06 15:00:00.000,15:00,33.58000000014436
2025-11-06 16:00:00.000,16:00,32.00999999986961
2025-11-06 17:00:00.000,17:00,32.57000000006519
2025-11-06 18:00:00.000,18:00,29.68000000002794
2025-11-06 19:00:00.000,19:00,25.3
2025-11-06 20:00:00.000,20:00,20.67999999995809
2025-11-06 21:00:00.000,21:00,20
2025-11-06 22:00:00.000,22:00,20.369999999948778
2025-11-06 23:00:00.000,23:00,19.920000000140863
2025-11-07 00:00:00.000,00:00,18.50000000001746
2025-11-07 01:00:00.000,01:00,18.299999999813735
2025-11-07 02:00:00.000,02:00,18.680000000167638
2025-11-07 03:00:00.000,03:00,20.229999999841677
2025-11-07 04:00:00.000,04:00,20.65363636376675
2025-11-07 05:00:00.000,05:00,22.97636363630776
2025-11-07 06:00:00.000,06:00,27.06000000010245
2025-11-07 07:00:00.000,07:00,28.059999999962745
2025-11-07 08:00:00.000,08:00,29.820000000018627
2025-11-07 09:00:00.000,09:00,33.55999999986962
2025-11-07 10:00:00.000,10:00,33.430000000004654
2025-11-07 11:00:00.000,11:00,33.76999999997206
2025-11-07 12:00:00.000,12:00,25.465685618719558
2025-11-07 13:00:00.000,13:00,25.16387959866687
2025-11-07 14:00:00.000,14:00,25.16387959866687
2025-11-07 15:00:00.000,15:00,25.16387959866687
2025-11-07 16:00:00.000,16:00,25.16387959866687
2025-11-07 17:00:00.000,17:00,25.16387959866687
2025-11-07 18:00:00.000,18:00,25.16387959866687
2025-11-07 19:00:00.000,19:00,25.16387959866687
2025-11-07 20:00:00.000,20:00,25.16387959866687
2025-11-07 21:00:00.000,21:00,25.16387959866687
2025-11-07 22:00:00.000,22:00,19.389397993353025
2025-11-07 23:00:00.000,23:00,18.820000000041908
2025-11-08 00:00:00.000,00:00,17.40999999991618
2025-11-08 01:00:00.000,01:00,17.31000000005588
2025-11-08 02:00:00.000,02:00,17.11000000007916
2025-11-08 03:00:00.000,03:00,17.480000000004658
2025-11-08 04:00:00.000,04:00,18.709999999939466
2025-11-08 05:00:00.000,05:00,20.30999999998603
2025-11-08 06:00:00.000,06:00,21.919999999925494
2025-11-08 07:00:00.000,07:00,23.040000000130384
2025-11-08 08:00:00.000,08:00,21.699999999906865
2025-11-08 09:00:00.000,09:00,25.840000000037254
2025-11-08 10:00:00.000,10:00,28.799999999953435
2025-11-08 11:00:00.000,11:00,24.44000000008382
2025-11-08 12:00:00.000,12:00,22.57999999986496
2025-11-08 13:00:00.000,13:00,22.420000000018625
2025-11-08 14:00:00.000,14:00,24.66000000007916
2025-11-08 15:00:00.000,15:00,23.549999999953435
2025-11-08 16:00:00.000,16:00,20.699999999976715
2025-11-08 17:00:00.000,17:00,20.420000000065194
2025-11-08 18:00:00.000,18:00,24.620000000018628
2025-11-08 19:00:00.000,19:00,21.570000000018624
2025-11-08 20:00:00.000,20:00,20.03000000002794
2025-11-08 21:00:00.000,21:00,18.529999999958093
2025-11-08 22:00:00.000,22:00,21.399999999976714
2025-11-08 23:00:00.000,23:00,19.13499999997439
2025-11-09 00:00:00.000,00:00,19.305000000062865
2025-11-09 01:00:00.000,01:00,20.399999999906868
2025-11-09 02:00:00.000,02:00,19.519999999995342
2025-11-09 03:00:00.000,03:00,19.390000000130385
2025-11-09 04:00:00.000,04:00,20.5
2025-11-09 05:00:00.000,05:00,21.209999999869616
2025-11-09 06:00:00.000,06:00,22.820000000065193
2025-11-09 07:00:00.000,07:00,25.099999999906867
2025-11-09 08:00:00.000,08:00,22.680000000121073
2025-11-09 09:00:00.000,09:00,23.800000000046566
2025-11-09 10:00:00.000,10:00,23.039999999850988
2025-11-09 11:00:00.000,11:00,21.3
2025-11-09 12:00:00.000,12:00,21.410000000009312
2025-11-09 13:00:00.000,13:00,17.70999999998603
2025-11-09 14:00:00.000,14:00,19.20000000002328
2025-11-09 15:00:00.000,15:00,17.770000000018626
2025-11-09 16:00:00.000,16:00,19.37000000011176
2025-11-09 17:00:00.000,17:00,20.069999999878927
2025-11-09 18:00:00.000,18:00,22.609999999962746
2025-11-09 19:00:00.000,19:00,22.070000000065193
2025-11-09 20:00:00.000,20:00,22.27999999993481
2025-11-09 21:00:00.000,21:00,20.170000000158325
2025-11-09 22:00:00.000,22:00,20.109999999892896
2025-11-09 23:00:00.000,23:00,21.364999999984867
2025-11-10 00:00:00.000,00:00,19.90500000010361
2025-11-10 01:00:00.000,01:00,18.599999999883586
2025-11-10 02:00:00.000,02:00,19.139999999967404
2025-11-10 03:00:00.000,03:00,26.740000000083818
2025-11-10 04:00:00.000,04:00,36.62999999998137
2025-11-10 05:00:00.000,05:00,34.75000000004657
2025-11-10 06:00:00.000,06:00,40.49999999995343
2025-11-10 07:00:00.000,07:00,43.78000000002794
2025-11-10 08:00:00.000,08:00,38.480000000074504
2025-11-10 09:00:00.000,09:00,40.27999999984168
2025-11-10 10:00:00.000,10:00,36.24000000013039
2025-11-10 11:00:00.000,11:00,40.079999999934806
2025-11-10 12:00:00.000,12:00,33.369999999948774
2025-11-10 13:00:00.000,13:00,31.020000000088476
2025-11-10 14:00:00.000,14:00,30.77999999995809
2025-11-10 15:00:00.000,15:00,34.250000000069846
2025-11-10 16:00:00.000,16:00,34.95999999993946
2025-11-10 17:00:00.000,17:00,34.350000000023286
2025-11-10 18:00:00.000,18:00,28.640000000037254
2025-11-10 19:00:00.000,19:00,22.18000000002794
2025-11-10 20:00:00.000,20:00,23.109999999939465
2025-11-10 21:00:00.000,21:00,18.61999999997206
2025-11-10 22:00:00.000,22:00,19.330000000074506
2025-11-10 23:00:00.000,23:00,19.752499999880094
2025-11-11 00:00:00.000,00:00,18.427500000124564
2025-11-11 01:00:00.000,01:00,17.699999999953434
2025-11-11 02:00:00.000,02:00,18.089999999874273
2025-11-11 03:00:00.000,03:00,22.68000000012107
2025-11-11 04:00:00.000,04:00,26.109999999916184
2025-11-11 05:00:00.000,05:00,24.15727272728585
2025-11-11 06:00:00.000,06:00,32.33272727282125
2025-11-11 07:00:00.000,07:00,31.7
2025-11-11 08:00:00.000,08:00,31.57999999988824
2025-11-11 09:00:00.000,09:00,27.460000000149012
2025-11-11 10:00:00.000,10:00,25.379999999841676
2025-11-11 11:00:00.000,11:00,25.500000000046565
2025-11-11 12:00:00.000,12:00,20.01000000005588
2025-11-11 13:00:00.000,13:00,21.59000000001397
2025-11-11 14:00:00.000,14:00,21.41999999990221
2025-11-11 15:00:00.000,15:00,22.81000000007916
2025-11-11 16:00:00.000,16:00,21.899999999953437
2025-11-11 17:00:00.000,17:00,22.300000000046566
2025-11-11 18:00:00.000,18:00,26.03000000002794
2025-11-11 19:00:00.000,19:00,25.899999999906868
2025-11-11 20:00:00.000,20:00,25.90000000006985
2025-11-11 21:00:00.000,21:00,23.899999999976718
2025-11-11 22:00:00.000,22:00,24.630000000051222
2025-11-11 23:00:00.000,23:00,23.53212765942308
2025-11-12 00:00:00.000,00:00,20.397872340558294
2025-11-12 01:00:00.000,01:00,18.98000000002794
2025-11-12 02:00:00.000,02:00,18.419999999925494
2025-11-12 03:00:00.000,03:00,22.850000000093132
2025-11-12 04:00:00.000,04:00,26.67999999986496
2025-11-12 05:00:00.000,05:00,27.330000000121075
2025-11-12 06:00:00.000,06:00,31.739999999967406
2025-11-12 07:00:00.000,07:00,34.12000000001863
2025-11-12 08:00:00.000,08:00,38.46000000000931
2025-11-12 09:00:00.000,09:00,37.5
2025-11-12 10:00:00.000,10:00,36.459999999869616
2025-11-12 11:00:00.000,11:00,33.40000000009314
2025-11-12 12:00:00.000,12:00,30.820000000018627
2025-11-12 13:00:00.000,13:00,28.6
2025-11-12 14:00:00.000,14:00,28.069999999925493
2025-11-12 15:00:00.000,15:00,29.020000000111757
2025-11-12 16:00:00.000,16:00,27.509999999846332
2025-11-12 17:00:00.000,17:00,26.95000000004657
2025-11-12 18:00:00.000,18:00,23.360000000032596
2025-11-12 19:00:00.000,19:00,21.049999999976716
2025-11-12 20:00:00.000,20:00,20.860000000032596
2025-11-12 21:00:00.000,21:00,19.52999999995809
2025-11-12 22:00:00.000,22:00,19.630000000051226
2025-11-12 23:00:00.000,23:00,19.434999999887076
2025-11-13 00:00:00.000,00:00,18.71500000015949
2025-11-13 01:00:00.000,01:00,17.80999999982305
2025-11-13 02:00:00.000,02:00,18.290000000060537
2025-11-13 03:00:00.000,03:00,19.439999999990686
2025-11-13 04:00:00.000,04:00,21.030000000004655
2025-11-13 05:00:00.000,05:00,22.65999999996275
2025-11-13 06:00:00.000,06:00,26.991111111273575
2025-11-13 07:00:00.000,07:00,28.3688888887823
2025-11-13 08:00:00.000,08:00,27.28000000007451
2025-11-13 09:00:00.000,09:00,29.399999999953433
2025-11-13 10:00:00.000,10:00,34.93999999994412
2025-11-13 11:00:00.000,11:00,29.220000000111757
2025-11-13 12:00:00.000,12:00,23.05999999991618
2025-11-13 13:00:00.000,13:00,26.038181818242776
2025-11-13 14:00:00.000,14:00,23.971818181696687
2025-11-13 15:00:00.000,15:00,24.980000000051223
2025-11-13 16:00:00.000,16:00,24.53000000002794
2025-11-13 17:00:00.000,17:00,23.240000000060537
2025-11-13 18:00:00.000,18:00,23.330000000004656
2025-11-13 19:00:00.000,19:00,18.689999999897555
2025-11-13 20:00:00.000,20:00,17.920000000065194
2025-11-13 21:00:00.000,21:00,17.38999999999069
2025-11-13 22:00:00.000,22:00,17.459999999962747
2025-11-13 23:00:00.000,23:00,17.22000000006519
2025-11-14 00:00:00.000,00:00,19.196029411635692
2025-11-14 01:00:00.000,01:00,20.532352941192904
2025-11-14 02:00:00.000,02:00,20.532352941192904
2025-11-14 03:00:00.000,03:00,20.532352941192904
2025-11-14 04:00:00.000,04:00,20.532352941192904
2025-11-14 05:00:00.000,05:00,20.532352941192904
2025-11-14 06:00:00.000,06:00,20.532352941192904
2025-11-14 07:00:00.000,07:00,20.532352941192904
2025-11-14 08:00:00.000,08:00,20.532352941192904
2025-11-14 09:00:00.000,09:00,20.532352941192904
2025-11-14 10:00:00.000,10:00,20.532352941192904
2025-11-14 11:00:00.000,11:00,21.620441176472504
2025-11-14 12:00:00.000,12:00,24.719999999948776
2025-11-14 13:00:00.000,13:00,23.22999999995809
2025-11-14 14:00:00.000,14:00,24.149999999976718
2025-11-14 15:00:00.000,15:00,25.290000000037253
2025-11-14 16:00:00.000,16:00,25.55000000006985
2025-11-14 17:00:00.000,17:00,26.549999999906866
2025-11-14 18:00:00.000,18:00,22.72000000011176
2025-11-14 19:00:00.000,19:00,18.33999999985099
2025-11-14 20:00:00.000,20:00,17.26000000005588
2025-11-14 21:00:00.000,21:00,17.319999999925493
2025-11-14 22:00:00.000,22:00,17.520000000018626
2025-11-14 23:00:00.000,23:00,17.00444444458828
2025-11-15 00:00:00.000,00:00,16.175555555509508
2025-11-15 01:00:00.000,01:00,16.039999999990687
2025-11-15 02:00:00.000,02:00,15.889999999920837
2025-11-15 03:00:00.000,03:00,18.16999999997206
2025-11-15 04:00:00.000,04:00,17.019999999995342
2025-11-15 05:00:00.000,05:00,18.160000000172296
2025-11-15 06:00:00.000,06:00,20.27999999993481
2025-11-15 07:00:00.000,07:00,19.880000000027938
2025-11-15 08:00:00.000,08:00,18.739999999897556
2025-11-15 09:00:00.000,09:00,18.800000000139697
2025-11-15 10:00:00.000,10:00,17.479999999888243
2025-11-15 11:00:00.000,11:00,15.800000000046566
2025-11-15 12:00:00.000,12:00,17.246868044525137
2025-11-15 13:00:00.000,13:00,17.303656597765357
2025-11-15 14:00:00.000,14:00,17.303656597765357
2025-11-15 15:00:00.000,15:00,17.303656597765357
2025-11-15 16:00:00.000,16:00,17.303656597765357
2025-11-15 17:00:00.000,17:00,17.303656597765357
2025-11-15 18:00:00.000,18:00,17.303656597765357
2025-11-15 19:00:00.000,19:00,17.303656597765357
2025-11-15 20:00:00.000,20:00,17.303656597765357
2025-11-15 21:00:00.000,21:00,17.303656597765357
2025-11-15 22:00:00.000,22:00,18.830222575479503
2025-11-15 23:00:00.000,23:00,19.050000000000004
2025-11-16 00:00:00.000,00:00,15.720000000158326
2025-11-16 01:00:00.000,01:00,16.83999999992084
2025-11-16 02:00:00.000,02:00,16.919999999925494
2025-11-16 03:00:00.000,03:00,16.200000000162984
2025-11-16 04:00:00.000,04:00,16.379999999911526
2025-11-16 05:00:00.000,05:00,18.300000000046566
2025-11-16 06:00:00.000,06:00,19.539999999990687
2025-11-16 07:00:00.000,07:00,21.579999999981375
2025-11-16 08:00:00.000,08:00,20.17999999988824
2025-11-16 09:00:00.000,09:00,16.440000000130386
2025-11-16 10:00:00.000,10:00,16.320000000018627
2025-11-16 11:00:00.000,11:00,18.659999999962746
2025-11-16 12:00:00.000,12:00,16.24999999993015
2025-11-16 13:00:00.000,13:00,16.020000000111757
2025-11-16 14:00:00.000,14:00,17.75999999998603
2025-11-16 15:00:00.000,15:00,19.20999999998603
2025-11-16 16:00:00.000,16:00,17.770000000018626
2025-11-16 17:00:00.000,17:00,19.139999999967404
2025-11-16 18:00:00.000,18:00,17.789999999967403
2025-11-16 19:00:00.000,19:00,17.5
2025-11-16 20:00:00.000,20:00,18.779999999934805
2025-11-16 21:00:00.000,21:00,18
2025-11-16 22:00:00.000,22:00,17.700000000116415
2025-11-16 23:00:00.000,23:00,20.234999999933642
2025-11-17 00:00:00.000,00:00,16.925000000122235
2025-11-17 01:00:00.000,01:00,16.619999999855647
2025-11-17 02:00:00.000,02:00,17.290000000060537
2025-11-17 03:00:00.000,03:00,21.320000000065193
2025-11-17 04:00:00.000,04:00,29.73999999987427
2025-11-17 05:00:00.000,05:00,25.229999999958093
2025-11-17 06:00:00.000,06:00,37.14000000003725
2025-11-17 07:00:00.000,07:00,37.820000000111754
2025-11-17 08:00:00.000,08:00,43.33999999994412
2025-11-17 09:00:00.000,09:00,47.07999999993481
2025-11-17 10:00:00.000,10:00,46.28000000012107
2025-11-17 11:00:00.000,11:00,39.77999999988824
2025-11-17 12:00:00.000,12:00,38.700000000139696
2025-11-17 13:00:00.000,13:00,32.73777777770948
2025-11-17 14:00:00.000,14:00,36.6822222222393
2025-11-17 15:00:00.000,15:00,34.33999999987427
2025-11-17 16:00:00.000,16:00,40.22000000015832
2025-11-17 17:00:00.000,17:00,33.579999999934806
2025-11-17 18:00:00.000,18:00,31.259999999962748
2025-11-17 19:00:00.000,19:00,24.08999999994412
2025-11-17 20:00:00.000,20:00,25.070000000088477
2025-11-17 21:00:00.000,21:00,23.010000000009313
2025-11-17 22:00:00.000,22:00,24
2025-11-17 23:00:00.000,23:00,23.369999999908032
2025-11-18 00:00:00.000,00:00,22.04000000000815
2025-11-18 01:00:00.000,01:00,22.110000000079165
2025-11-18 02:00:00.000,02:00,22.240000000037256
2025-11-18 03:00:00.000,03:00,29.72999999995809
2025-11-18 04:00:00.000,04:00,50.81000000005588
2025-11-18 05:00:00.000,05:00,41.54999999993015
2025-11-18 06:00:00.000,06:00,48.37999999993481
2025-11-18 07:00:00.000,07:00,52.32000000015832
2025-11-18 08:00:00.000,08:00,65.21999999997206
2025-11-18 09:00:00.000,09:00,62.199999999860296
2025-11-18 10:00:00.000,10:00,52.140000000130385
2025-11-18 11:00:00.000,11:00,49.21999999992549
2025-11-18 12:00:00.000,12:00,43.11777777783573
2025-11-18 13:00:00.000,13:00,43.142222222220155
2025-11-18 14:00:00.000,14:00,36.90999999991618
2025-11-18 15:00:00.000,15:00,42.38000000000466
2025-11-18 16:00:00.000,16:00,45.060000000032595
2025-11-18 17:00:00.000,17:00,44.969999999995345
2025-11-18 18:00:00.000,18:00,41.51000000003259
2025-11-18 19:00:00.000,19:00,28.989999999920837
2025-11-18 20:00:00.000,20:00,30.33000000002794
2025-11-18 21:00:00.000,21:00,22.530000000144355
2025-11-18 22:00:00.000,22:00,21.319999999925493
2025-11-18 23:00:00.000,23:00,21.76750000002794
2025-11-19 00:00:00.000,00:00,20.54249999986496
2025-11-19 01:00:00.000,01:00,20.130000000097787
2025-11-19 02:00:00.000,02:00,20.21999999994878
2025-11-19 03:00:00.000,03:00,27.17000000008848
2025-11-19 04:00:00.000,04:00,42.8600000000326
2025-11-19 05:00:00.000,05:00,38.00999999993946
2025-11-19 06:00:00.000,06:00,45.71999999992549
2025-11-19 07:00:00.000,07:00,52.73999999999069
2025-11-19 08:00:00.000,08:00,54.23999999999069
2025-11-19 09:00:00.000,09:00,56.600000000139694
2025-11-19 10:00:00.000,10:00,52.13999999994412
2025-11-19 11:00:00.000,11:00,47.76000000000931
2025-11-19 12:00:00.000,12:00,45
2025-11-19 13:00:00.000,13:00,41.359999999962746
2025-11-19 14:00:00.000,14:00,39.67999999995809
2025-11-19 15:00:00.000,15:00,41.97000000006519
2025-11-19 16:00:00.000,16:00,48.76000000000931
2025-11-19 17:00:00.000,17:00,44.58000000005122
2025-11-19 18:00:00.000,18:00,43.78999999996741
2025-11-19 19:00:00.000,19:00,31.02999999998137
2025-11-19 20:00:00.000,20:00,31.909999999939465
2025-11-19 21:00:00.000,21:00,25.070000000018627
2025-11-19 22:00:00.000,22:00,24.019999999948777
2025-11-19 23:00:00.000,23:00,23.91000000014901
2025-11-20 00:00:00.000,00:00,22.599999999883586
2025-11-20 01:00:00.000,01:00,23.56000000007916
2025-11-20 02:00:00.000,02:00,22.739999999967402
2025-11-20 03:00:00.000,03:00,30.340000000037257
2025-11-20 04:00:00.000,04:00,47.63999999987428
2025-11-20 05:00:00.000,05:00,51.46000000007916
2025-11-20 06:00:00.000,06:00,56.97999999993481
2025-11-20 07:00:00.000,07:00,60.10000000004656
2025-11-20 08:00:00.000,08:00,61.44000000008382
2025-11-20 09:00:00.000,09:00,61.679999999981376
2025-11-20 10:00:00.000,10:00,58.59999999995343
2025-11-20 11:00:00.000,11:00,56.16000000005588
2025-11-20 12:00:00.000,12:00,52.059999999892895
2025-11-20 13:00:00.000,13:00,51.53000000002794
2025-11-20 14:00:00.000,14:00,46.46000000007916
2025-11-20 15:00:00.000,15:00,50.00000000004657
2025-11-20 16:00:00.000,16:00,52.849999999999994
2025-11-20 17:00:00.000,17:00,47.40999999998603
2025-11-20 18:00:00.000,18:00,43.9
2025-11-20 19:00:00.000,19:00,29.909999999892896
2025-11-20 20:00:00.000,20:00,30.989999999967406
2025-11-20 21:00:00.000,21:00,25.850000000023282
2025-11-20 22:00:00.000,22:00,26.05999999998603
2025-11-20 23:00:00.000,23:00,24.29250000002212
2025-11-21 00:00:00.000,00:00,26.257500000024447
2025-11-21 01:00:00.000,01:00,25.63000000009779
2025-11-21 02:00:00.000,02:00,23.609999999869615
2025-11-21 03:00:00.000,03:00,32.27000000011176
2025-11-21 04:00:00.000,04:00,48.81999999987893
2025-11-21 05:00:00.000,05:00,56.360000000009315
2025-11-21 06:00:00.000,06:00,55.739999999944125
2025-11-21 07:00:00.000,07:00,58.6800000000745
2025-11-21 08:00:00.000,08:00,60.95999999996275
2025-11-21 09:00:00.000,09:00,68.9000000001397
2025-11-21 10:00:00.000,10:00,62.71999999997206
2025-11-21 11:00:00.000,11:00,59.13999999998033
2025-11-21 12:00:00.000,12:00,52.000000000056914
2025-11-21 13:00:00.000,13:00,49.519999999925496
2025-11-21 14:00:00.000,14:00,49.72999999998137
2025-11-21 15:00:00.000,15:00,54.909999999939465
2025-11-21 16:00:00.000,16:00,50.8
2025-11-21 17:00:00.000,17:00,46.57000000006519
2025-11-21 18:00:00.000,18:00,45.10999999996275
2025-11-21 19:00:00.000,19:00,29.790000000037253
2025-11-21 20:00:00.000,20:00,34.120000000088474
2025-11-21 21:00:00.000,21:00,25.159999999869612
2025-11-21 22:00:00.000,22:00,24.790000000130387
2025-11-21 23:00:00.000,23:00,25.39999999986612
2025-11-22 00:00:00.000,00:00,24.010000000003494
2025-11-22 01:00:00.000,01:00,24.37000000011176
2025-11-22 02:00:00.000,02:00,23.70999999996275
2025-11-22 03:00:00.000,03:00,28.099999999930148
2025-11-22 04:00:00.000,04:00,41.309999999939464
2025-11-22 05:00:00.000,05:00,39.44000000003726
2025-11-22 06:00:00.000,06:00,43.41999999997206
2025-11-22 07:00:00.000,07:00,46.16000000010244
2025-11-22 08:00:00.000,08:00,45.78000000002794
2025-11-22 09:00:00.000,09:00,43.16000000000932
2025-11-22 10:00:00.000,10:00,41.71999999992549
2025-11-22 11:00:00.000,11:00,37.60000000004656
2025-11-22 12:00:00.000,12:00,37.98999999992084
2025-11-22 13:00:00.000,13:00,38.02000000008847
2025-11-22 14:00:00.000,14:00,36.359999999869615
2025-11-22 15:00:00.000,15:00,37.63000000012107
2025-11-22 16:00:00.000,16:00,37.490000000037256
2025-11-22 17:00:00.000,17:00,38.70999999991618
2025-11-22 18:00:00.000,18:00,40.86000000007917
2025-11-22 19:00:00.000,19:00,35.63000000000466
2025-11-22 20:00:00.000,20:00,36.01999999994877
2025-11-22 21:00:00.000,21:00,28.24000000001397
2025-11-22 22:00:00.000,22:00,27.899999999906868
2025-11-22 23:00:00.000,23:00,27.70750000013504
2025-11-23 00:00:00.000,00:00,28.162499999976717
2025-11-23 01:00:00.000,01:00,28.45999999991618
2025-11-23 02:00:00.000,02:00,28.149999999953433
2025-11-23 03:00:00.000,03:00,26.28000000016764
2025-11-23 04:00:00.000,04:00,24.94999999990687
2025-11-23 05:00:00.000,05:00,25.820000000065193
2025-11-23 06:00:00.000,06:00,28.87999999993481
2025-11-23 07:00:00.000,07:00,31.900000000046564
2025-11-23 08:00:00.000,08:00,31.279999999981374
2025-11-23 09:00:00.000,09:00,31.119999999925493
2025-11-23 10:00:00.000,10:00,34.22000000006519
2025-11-23 11:00:00.000,11:00,31.739999999944118
2025-11-23 12:00:00.000,12:00,29.39000000001397
2025-11-23 13:00:00.000,13:00,31.119999999972062
2025-11-23 14:00:00.000,14:00,28.740000000060537
2025-11-23 15:00:00.000,15:00,28.789999999967403
2025-11-23 16:00:00.000,16:00,28.3
2025-11-23 17:00:00.000,17:00,29.019999999995342
2025-11-23 18:00:00.000,18:00,29.920000000065194
2025-11-23 19:00:00.000,19:00,25.41999999997206
2025-11-23 20:00:00.000,20:00,25.330000000004656
2025-11-23 21:00:00.000,21:00,25.700000000023284
2025-11-23 22:00:00.000,22:00,26.099999999906867
2025-11-23 23:00:00.000,23:00,26.357500000012806
2025-11-24 00:00:00.000,00:00,24.932500000140863
2025-11-24 01:00:00.000,01:00,24.88999999992084
2025-11-24 02:00:00.000,02:00,24.989999999990687
2025-11-24 03:00:00.000,03:00,30.399999999906868
2025-11-24 04:00:00.000,04:00,48.470000000135045
2025-11-24 05:00:00.000,05:00,43.359999999916184
2025-11-24 06:00:00.000,06:00,46.95000000002328
2025-11-24 07:00:00.000,07:00,51.580000000074506
2025-11-24 08:00:00.000,08:00,52.45999999996275
2025-11-24 09:00:00.000,09:00,61.50000000004657
2025-11-24 10:00:00.000,10:00,53.25999999986961
2025-11-24 11:00:00.000,11:00,49.9000000001397
2025-11-24 12:00:00.000,12:00,47.87999999984167
2025-11-24 13:00:00.000,13:00,43.31000000014901
2025-11-24 14:00:00.000,14:00,44.599999999883586
2025-11-24 15:00:00.000,15:00,45.04000000003725
2025-11-24 16:00:00.000,16:00,45.03000000002794
2025-11-24 17:00:00.000,17:00,43.51000000003259
2025-11-24 18:00:00.000,18:00,38.68999999999069
2025-11-24 19:00:00.000,19:00,27.760000000009313
2025-11-24 20:00:00.000,20:00,28.339999999874273
2025-11-24 21:00:00.000,21:00,24.910000000172296
2025-11-24 22:00:00.000,22:00,22.869999999878928
2025-11-24 23:00:00.000,23:00,23.967500000068686
2025-11-25 00:00:00.000,00:00,23.232499999954598
2025-11-25 01:00:00.000,01:00,23.76000000005588
2025-11-25 02:00:00.000,02:00,23.350000000023286
2025-11-25 03:00:00.000,03:00,29.79999999983702
2025-11-25 04:00:00.000,04:00,40.910000000172296
2025-11-25 05:00:00.000,05:00,40.31999999987893
2025-11-25 06:00:00.000,06:00,44.860000000102445
2025-11-25 07:00:00.000,07:00,54.1199999999255
2025-11-25 08:00:00.000,08:00,56.68000000002794
2025-11-25 09:00:00.000,09:00,53.72000000001863
2025-11-25 10:00:00.000,10:00,49.07999999998137
2025-11-25 11:00:00.000,11:00,41.26000000000931
2025-11-25 12:00:00.000,12:00,39.18000000002794
2025-11-25 13:00:00.000,13:00,38.59999999997672
2025-11-25 14:00:00.000,14:00,41.71000000003259
2025-11-25 15:00:00.000,15:00,42.33999999992084
2025-11-25 16:00:00.000,16:00,46.5400000001071
2025-11-25 17:00:00.000,17:00,43.879999999911526
2025-11-25 18:00:00.000,18:00,37.40999999996274
2025-11-25 19:00:00.000,19:00,31.420000000111756
2025-11-25 20:00:00.000,20:00,36.98999999987427
2025-11-25 21:00:00.000,21:00,28.170000000111756
2025-11-25 22:00:00.000,22:00,23.969999999995345
2025-11-25 23:00:00.000,23:00,23.922499999927823
2025-11-26 00:00:00.000,00:00,24.14749999997439
2025-11-26 01:00:00.000,01:00,25.850000000116417
2025-11-26 02:00:00.000,02:00,24.58000000000466
2025-11-26 03:00:00.000,03:00,32.96999999992549
2025-11-26 04:00:00.000,04:00,51.520000000065195
2025-11-26 05:00:00.000,05:00,51.15999999996274
2025-11-26 06:00:00.000,06:00,56.019999999972065
2025-11-26 07:00:00.000,07:00,55.8800000000745
2025-11-26 08:00:00.000,08:00,62.3
2025-11-26 09:00:00.000,09:00,65.21999999987892
2025-11-26 10:00:00.000,10:00,56.88000000007451
2025-11-26 11:00:00.000,11:00,54.287272727294734
2025-11-26 12:00:00.000,12:00,49.3827272727006
2025-11-26 13:00:00.000,13:00,46.01999999994878
2025-11-26 14:00:00.000,14:00,42.539999999990684
2025-11-26 15:00:00.000,15:00,43.03000000002794
2025-11-26 16:00:00.000,16:00,41.48000000005123
2025-11-26 17:00:00.000,17:00,46.71999999990221
2025-11-26 18:00:00.000,18:00,42.48000000005123
2025-11-26 19:00:00.000,19:00,31.16000000005588
2025-11-26 20:00:00.000,20:00,32.920000000018625
2025-11-26 21:00:00.000,21:00,22.91999999997206
2025-11-26 22:00:00.000,22:00,21.429999999934807
2025-11-26 23:00:00.000,23:00,22.302499999984867
2025-11-27 00:00:00.000,00:00,22.557499999977882
2025-11-27 01:00:00.000,01:00,24.06000000010245
2025-11-27 02:00:00.000,02:00,25.629999999864957
2025-11-27 03:00:00.000,03:00,30.63999999999069
2025-11-27 04:00:00.000,04:00,49.62000000011176
2025-11-27 05:00:00.000,05:00,51.63454545450566
2025-11-27 06:00:00.000,06:00,53.1727272727823
2025-11-27 07:00:00.000,07:00,61.602727272674784
2025-11-27 08:00:00.000,08:00,61.269999999941014
2025-11-27 09:00:00.000,09:00,75.21818181816629
2025-11-27 10:00:00.000,10:00,62.99090909100646
2025-11-27 11:00:00.000,11:00,57.03636363633401
2025-11-27 12:00:00.000,12:00,51.38086124396611
2025-11-27 13:00:00.000,13:00,45.86064073238234
2025-11-27 14:00:00.000,14:00,48.80849802366636
2025-11-27 15:00:00.000,15:00,43.09454545453509
2025-11-27 16:00:00.000,16:00,43.29695652177223
2025-11-27 17:00:00.000,17:00,38.95546772065039
2025-11-27 18:00:00.000,18:00,34.31313131316424
2025-11-27 19:00:00.000,19:00,25.675873015891938
2025-11-27 20:00:00.000,20:00,26.081391941316106
2025-11-27 21:00:00.000,21:00,22.38079650845608
2025-11-27 22:00:00.000,22:00,20.469540873479854
2025-11-27 23:00:00.000,23:00,21.03229665069598
2025-11-28 00:00:00.000,00:00,21.054545454588315
2025-11-28 01:00:00.000,01:00,20.71666666670353
2025-11-28 02:00:00.000,02:00,20.875268817173257
2025-11-28 03:00:00.000,03:00,27.35461624026857
2025-11-28 04:00:00.000,04:00,39.60344827590814
2025-11-28 05:00:00.000,05:00,34.109523809404074
2025-11-28 06:00:00.000,06:00,41.36996337007723
2025-11-28 07:00:00.000,07:00,48.16596736586631
2025-11-28 08:00:00.000,08:00,50.458989899115394
2025-11-28 09:00:00.000,09:00,56.497478632371205
2025-11-28 10:00:00.000,10:00,51.858454281626265
2025-11-28 11:00:00.000,11:00,49.89256381790219
2025-11-28 12:00:00.000,12:00,43.98102108769317
2025-11-28 13:00:00.000,13:00,41.22465842556773
2025-11-28 14:00:00.000,14:00,41.44137931039862
2025-11-28 15:00:00.000,15:00,39.51147540977614
2025-11-28 16:00:00.000,16:00,36.825621364318266
2025-11-28 17:00:00.000,17:00,34.464395763178366
2025-11-28 18:00:00.000,18:00,29.970149253766092
2025-11-28 19:00:00.000,19:00,24.874933551319394
2025-11-28 20:00:00.000,20:00,22.684931506925864
2025-11-28 21:00:00.000,21:00,21.554207436406866
2025-11-28 22:00:00.000,22:00,21.267774086331087
2025-11-28 23:00:00.000,23:00,21.322121383959054
2025-11-29 00:00:00.000,00:00,21.58536585365853
2025-11-29 01:00:00.000,01:00,21.342638848075225
2025-11-29 02:00:00.000,02:00,21.696385542186967
2025-11-29 03:00:00.000,03:00,22.46941176474402
2025-11-29 04:00:00.000,04:00,25.12941176477162
2025-11-29 05:00:00.000,05:00,26.767110536539835
2025-11-29 06:00:00.000,06:00,28.941273141256783
2025-11-29 07:00:00.000,07:00,34.64864864857314
2025-11-29 08:00:00.000,08:00,33.97718762238391
2025-11-29 09:00:00.000,09:00,32.8173913044207
2025-11-29 10:00:00.000,10:00,31.813474991829665
2025-11-29 11:00:00.000,11:00,30.5864661653295
2025-11-29 12:00:00.000,12:00,30.459553138109385
2025-11-29 13:00:00.000,13:00,30.042553191529
2025-11-29 14:00:00.000,14:00,30.042553191529
2025-11-29 15:00:00.000,15:00,30.2474481991263
2025-11-29 16:00:00.000,16:00,30.274509803903303
2025-11-29 17:00:00.000,17:00,29.491182636564467
2025-11-29 18:00:00.000,18:00,27.924528301886784
2025-11-29 19:00:00.000,19:00,27.924528301886784
2025-11-29 20:00:00.000,20:00,24.81252038204081
2025-11-29 21:00:00.000,21:00,23.370370370404867
2025-11-29 22:00:00.000,22:00,23.370370370404867
2025-11-29 23:00:00.000,23:00,22.132098765415716
2025-11-30 00:00:00.000,00:00,22.111111111093866
2025-11-30 01:00:00.000,01:00,21.95126867197454
2025-11-30 02:00:00.000,02:00,21.54696132596685
2025-11-30 03:00:00.000,03:00,21.54696132596685
2025-11-30 04:00:00.000,04:00,22.64331602765956
2025-11-30 05:00:00.000,05:00,25.658291457314515
2025-11-30 06:00:00.000,06:00,25.658291457314515
2025-11-30 07:00:00.000,07:00,25.658291457314515
2025-11-30 08:00:00.000,08:00,26.341900747956476
2025-11-30 09:00:00.000,09:00,26.377880184306054
2025-11-30 10:00:00.000,10:00,26.377880184306054
2025-11-30 11:00:00.000,11:00,26.107546449832626
2025-11-30 12:00:00.000,12:00,25.566878980885786
2025-11-30 13:00:00.000,13:00,25.566878980885786
2025-11-30 14:00:00.000,14:00,25.566878980885786
2025-11-30 15:00:00.000,15:00,25.566878980885786
2025-11-30 16:00:00.000,16:00,25.566878980885786
2025-11-30 17:00:00.000,17:00,25.566878980885786
2025-11-30 18:00:00.000,18:00,25.566878980885786
2025-11-30 19:00:00.000,19:00,24.479554140096383
2025-11-30 20:00:00.000,20:00,25.11000000007916
2025-11-30 21:00:00.000,21:00,23.509999999986032
2025-11-30 22:00:00.000,22:00,24.189999999967405
2025-11-30 23:00:00.000,23:00,24.239999999967406
2025-12-01 00:00:00.000,00:00,23.320000000041908
2025-12-01 01:00:00.000,01:00,22.469999999995345
2025-12-01 02:00:00.000,02:00,23.519999999995342
2025-12-01 03:00:00.000,03:00,27.880000000051222
2025-12-01 04:00:00.000,04:00,50.08999999994412
2025-12-01 05:00:00.000,05:00,53.10909090922215
2025-12-01 06:00:00.000,06:00,56.35090909074061
2025-12-01 07:00:00.000,07:00,57.62000000015833
2025-12-01 08:00:00.000,08:00,66.49999999995343
2025-12-01 09:00:00.000,09:00,71.40000000004656
2025-12-01 10:00:00.000,10:00,65.13999999985099
2025-12-01 11:00:00.000,11:00,65.36000000005588
2025-12-01 12:00:00.000,12:00,63.699999999953434
2025-12-01 13:00:00.000,13:00,53.62000000015833
2025-12-01 14:00:00.000,14:00,57.049999999906866
2025-12-01 15:00:00.000,15:00,54.199999999906865
2025-12-01 16:00:00.000,16:00,55.26000000017229
2025-12-01 17:00:00.000,17:00,47.19999999990687
2025-12-01 18:00:00.000,18:00,39.56000000000931
2025-12-01 19:00:00.000,19:00,27.12000000004191
2025-12-01 20:00:00.000,20:00,28.589999999944123
2025-12-01 21:00:00.000,21:00,24.08000000005122
2025-12-01 22:00:00.000,22:00,23.680000000004657
2025-12-01 23:00:00.000,23:00,22.709999999892897
2025-12-02 00:00:00.000,00:00,23.290000000037253
2025-12-02 01:00:00.000,01:00,23.77000000004191
2025-12-02 02:00:00.000,02:00,23.86999999990221
2025-12-02 03:00:00.000,03:00,29.91000000005588
2025-12-02 04:00:00.000,04:00,40.53000000012107
2025-12-02 05:00:00.000,05:00,35.75999999993947
2025-12-02 06:00:00.000,06:00,43.71999999997206
2025-12-02 07:00:00.000,07:00,52.320000000018624
2025-12-02 08:00:00.000,08:00,59.23999999999069
2025-12-02 09:00:00.000,09:00,58.699999999999996
2025-12-02 10:00:00.000,10:00,53.71999999997206
2025-12-02 11:00:00.000,11:00,56.88000000002794
2025-12-02 12:00:00.000,12:00,50.71999999997206
2025-12-02 13:00:00.000,13:00,48.19000000008382
2025-12-02 14:00:00.000,14:00,50.03999999987427
2025-12-02 15:00:00.000,15:00,51.590000000060535
2025-12-02 16:00:00.000,16:00,45.96000000007916
2025-12-02 17:00:00.000,17:00,45.35
2025-12-02 18:00:00.000,18:00,41.899999999860306
2025-12-02 19:00:00.000,19:00,25.58000000002794
2025-12-02 20:00:00.000,20:00,26.66999999997206
2025-12-02 21:00:00.000,21:00,22.36000000005588
2025-12-02 22:00:00.000,22:00,21.81000000005588
2025-12-02 23:00:00.000,23:00,21.719999999942956
2025-12-03 00:00:00.000,00:00,21.88999999992666
2025-12-03 01:00:00.000,01:00,21.810000000032595
2025-12-03 02:00:00.000,02:00,22.22000000004191
2025-12-03 03:00:00.000,03:00,27.50000000004657
2025-12-03 04:00:00.000,04:00,34.669999999925494
2025-12-03 05:00:00.000,05:00,30.859999999939465
2025-12-03 06:00:00.000,06:00,41.38000000002794
2025-12-03 07:00:00.000,07:00,45.73999999999069
2025-12-03 08:00:00.000,08:00,47.640000000130385
2025-12-03 09:00:00.000,09:00,51.580000000027944
2025-12-03 10:00:00.000,10:00,47.259999999962744
2025-12-03 11:00:00.000,11:00,45.25999999991618
2025-12-03 12:00:00.000,12:00,38.264071082386
2025-12-03 13:00:00.000,13:00,37.78352180937447
2025-12-03 14:00:00.000,14:00,37.78352180937447
2025-12-03 15:00:00.000,15:00,37.78352180937447
2025-12-03 16:00:00.000,16:00,37.78352180937447
2025-12-03 17:00:00.000,17:00,37.78352180937447
2025-12-03 18:00:00.000,18:00,37.78352180937447
2025-12-03 19:00:00.000,19:00,37.78352180937447
2025-12-03 20:00:00.000,20:00,37.78352180937447
2025-12-03 21:00:00.000,21:00,37.78352180937447
2025-12-03 22:00:00.000,22:00,29.64423263332297
2025-12-03 23:00:00.000,23:00,26.619999999948778
2025-12-04 00:00:00.000,00:00,25.650000000093133
2025-12-04 01:00:00.000,01:00,25.559999999869614
2025-12-04 02:00:00.000,02:00,24.87000000004191
2025-12-04 03:00:00.000,03:00,31.95999999991618
2025-12-04 04:00:00.000,04:00,36.96000000017229
2025-12-04 05:00:00.000,05:00,35.1999999998603
2025-12-04 06:00:00.000,06:00,45.080000000121075
2025-12-04 07:00:00.000,07:00,50.23999999985099
2025-12-04 08:00:00.000,08:00,49.700000000139696
2025-12-04 09:00:00.000,09:00,55.27999999988824
2025-12-04 10:00:00.000,10:00,49.44000000013038
2025-12-04 11:00:00.000,11:00,46.76000000000931
2025-12-04 12:00:00.000,12:00,45.61454545453783
2025-12-04 13:00:00.000,13:00,45.780564263305365
2025-12-04 14:00:00.000,14:00,45.780564263305365
2025-12-04 15:00:00.000,15:00,45.780564263305365
2025-12-04 16:00:00.000,16:00,45.780564263305365
2025-12-04 17:00:00.000,17:00,45.57319749220345
2025-12-04 18:00:00.000,18:00,38.23999999987427
2025-12-04 19:00:00.000,19:00,27.000000000046565
2025-12-04 20:00:00.000,20:00,28.86000000012573
2025-12-04 21:00:00.000,21:00,24.07727272709493
2025-12-04 22:00:00.000,22:00,23.652727272886445
2025-12-04 23:00:00.000,23:00,23.231111111036604
2025-12-05 00:00:00.000,00:00,23.8088888889308
2025-12-05 01:00:00.000,01:00,24.800000000046566
2025-12-05 02:00:00.000,02:00,24.899999999906868
2025-12-05 03:00:00.000,03:00,29.94000000003725
2025-12-05 04:00:00.000,04:00,46.55999999991619
2025-12-05 05:00:00.000,05:00,38.000000000023284
2025-12-05 06:00:00.000,06:00,49.48000000007451
2025-12-05 07:00:00.000,07:00,56.180000000027945
2025-12-05 08:00:00.000,08:00,59.46000000000931
2025-12-05 09:00:00.000,09:00,59.17999999993481
2025-12-05 10:00:00.000,10:00,53.81999999992549
2025-12-05 11:00:00.000,11:00,50.72000000011176
2025-12-05 12:00:00.000,12:00,43.459999999916185
2025-12-05 13:00:00.000,13:00,39.25000000004656
2025-12-05 14:00:00.000,14:00,39.39000000001397
2025-12-05 15:00:00.000,15:00,42.52999999988824
2025-12-05 16:00:00.000,16:00,43.25000000009314
2025-12-05 17:00:00.000,17:00,39.539999999990684
2025-12-05 18:00:00.000,18:00,37.24000000001397
2025-12-05 19:00:00.000,19:00,25.660000000032596
2025-12-05 20:00:00.000,20:00,26.039999999897553
2025-12-05 21:00:00.000,21:00,21.87000000011176
2025-12-05 22:00:00.000,22:00,21.61999999997206
2025-12-05 23:00:00.000,23:00,20.652500000019792
2025-12-06 00:00:00.000,00:00,20.787500000040744
2025-12-06 01:00:00.000,01:00,21.969999999995345
2025-12-06 02:00:00.000,02:00,20.749999999953435
2025-12-06 03:00:00.000,03:00,22.680000000051223
2025-12-06 04:00:00.000,04:00,24.069999999995343
2025-12-06 05:00:00.000,05:00,24.679999999958092
2025-12-06 06:00:00.000,06:00,29.519999999972057
2025-12-06 07:00:00.000,07:00,31.480000000074508
2025-12-06 08:00:00.000,08:00,31.139999999990685
2025-12-06 09:00:00.000,09:00,30.039999999897553
2025-12-06 10:00:00.000,10:00,28.540000000037253
2025-12-06 11:00:00.000,11:00,28.939999999990686
2025-12-06 12:00:00.000,12:00,28.769999999995342
2025-12-06 13:00:00.000,13:00,28.789999999967403
2025-12-06 14:00:00.000,14:00,28.38000000002794
2025-12-06 15:00:00.000,15:00,28.770000000018626
2025-12-06 16:00:00.000,16:00,29.47000000004191
2025-12-06 17:00:00.000,17:00,30.68999999987427
2025-12-06 18:00:00.000,18:00,29.84000000008382
2025-12-06 19:00:00.000,19:00,23.51999999990221
2025-12-06 20:00:00.000,20:00,23.040000000107103
2025-12-06 21:00:00.000,21:00,21.849999999953432
2025-12-06 22:00:00.000,22:00,21.180000000004657
2025-12-06 23:00:00.000,23:00,21.552500000048894
2025-12-07 00:00:00.000,00:00,22.37749999993248
2025-12-07 01:00:00.000,01:00,20.46000000012573
2025-12-07 02:00:00.000,02:00,20.109999999869615
2025-12-07 03:00:00.000,03:00,20.28000000002794
2025-12-07 04:00:00.000,04:00,21.31000000005588
2025-12-07 05:00:00.000,05:00,20.729999999888243
2025-12-07 06:00:00.000,06:00,22.620000000158324
2025-12-07 07:00:00.000,07:00,23.719999999925495
2025-12-07 08:00:00.000,08:00,23.98000000002794
2025-12-07 09:00:00.000,09:00,22.51999999997206
2025-12-07 10:00:00.000,10:00,19.839999999990688
2025-12-07 11:00:00.000,11:00,19.600000000046563
2025-12-07 12:00:00.000,12:00,19.579999999888244
2025-12-07 13:00:00.000,13:00,20.14000000003725
2025-12-07 14:00:00.000,14:00,20.300000000046566
2025-12-07 15:00:00.000,15:00,19.660000000009315
2025-12-07 16:00:00.000,16:00,20.00999999991618
2025-12-07 17:00:00.000,17:00,21.169999999995344
2025-12-07 18:00:00.000,18:00,21.96999999997206
2025-12-07 19:00:00.000,19:00,21.53000000002794
2025-12-07 20:00:00.000,20:00,21.130000000051222
2025-12-07 21:00:00.000,21:00,21.190000000037255
2025-12-07 22:00:00.000,22:00,21.749999999976716
2025-12-07 23:00:00.000,23:00,21.83340425522592
2025-12-08 00:00:00.000,00:00,19.876595744853248
2025-12-08 01:00:00.000,01:00,19.259999999869613
2025-12-08 02:00:00.000,02:00,19.53000000000466
2025-12-08 03:00:00.000,03:00,24.810000000079164
2025-12-08 04:00:00.000,04:00,30.930000000027942
2025-12-08 05:00:00.000,05:00,24.040000000013972
2025-12-08 06:00:00.000,06:00,34.609999999916184
2025-12-08 07:00:00.000,07:00,34.042222222207215
2025-12-08 08:00:00.000,08:00,37.19777777771362
2025-12-08 09:00:00.000,09:00,38.84000000003725
2025-12-08 10:00:00.000,10:00,38.50000000009313
2025-12-08 11:00:00.000,11:00,36.799999999860304
2025-12-08 12:00:00.000,12:00,34.74000000008382
2025-12-08 13:00:00.000,13:00,31.844444444361663
2025-12-08 14:00:00.000,14:00,36.38555555557315
2025-12-08 15:00:00.000,15:00,34.71000000003259
2025-12-08 16:00:00.000,16:00,35.84000000008382
2025-12-08 17:00:00.000,17:00,32.15999999986961
2025-12-08 18:00:00.000,18:00,30.450000000046565
2025-12-08 19:00:00.000,19:00,22.76000000012573
2025-12-08 20:00:00.000,20:00,22.589999999827707
2025-12-08 21:00:00.000,21:00,21.470000000158322
2025-12-08 22:00:00.000,22:00,20.269999999855646
2025-12-08 23:00:00.000,23:00,20.482500000024448
2025-12-09 00:00:00.000,00:00,20.80750000003609
2025-12-09 01:00:00.000,01:00,20.689999999967405
2025-12-09 02:00:00.000,02:00,20.850000000116417
2025-12-09 03:00:00.000,03:00,25.129999999841676
2025-12-09 04:00:00.000,04:00,33.100000000069855
2025-12-09 05:00:00.000,05:00,31.800000000046566
2025-12-09 06:00:00.000,06:00,36.88000000002794
2025-12-09 07:00:00.000,07:00,38.01999999987893
2025-12-09 08:00:00.000,08:00,40.800000000093135
2025-12-09 09:00:00.000,09:00,41.47999999998137
2025-12-09 10:00:00.000,10:00,36.09999999995344
2025-12-09 11:00:00.000,11:00,32.860000000009315
2025-12-09 12:00:00.000,12:00,32.800000000093135
2025-12-09 13:00:00.000,13:00,31.449999999976715
2025-12-09 14:00:00.000,14:00,34.10999999998603
2025-12-09 15:00:00.000,15:00,36.369999999948774
2025-12-09 16:00:00.000,16:00,35.24000000006053
2025-12-09 17:00:00.000,17:00,35.26999999997206
2025-12-09 18:00:00.000,18:00,34.54000000006054
2025-12-09 19:00:00.000,19:00,25.339999999874273
2025-12-09 20:00:00.000,20:00,24.630000000051222
2025-12-09 21:00:00.000,21:00,23.270000000088476
2025-12-09 22:00:00.000,22:00,23.05999999998603
2025-12-09 23:00:00.000,23:00,22.82750000001397
2025-12-10 00:00:00.000,00:00,22.33249999990221
2025-12-10 01:00:00.000,01:00,22.11000000007916
2025-12-10 02:00:00.000,02:00,21.540000000013972
2025-12-10 03:00:00.000,03:00,23.769999999902215
2025-12-10 04:00:00.000,04:00,24.469999999925495
2025-12-10 05:00:00.000,05:00,25.05000000009313
2025-12-10 06:00:00.000,06:00,32.94000000003725
2025-12-10 07:00:00.000,07:00,32.11999999997206
2025-12-10 08:00:00.000,08:00,30.520000000018626
2025-12-10 09:00:00.000,09:00,36.320000000018624
2025-12-10 10:00:00.000,10:00,40.71999999987892
2025-12-10 11:00:00.000,11:00,36.41999999997206
2025-12-10 12:00:00.000,12:00,39.78888888895615
2025-12-10 13:00:00.000,13:00,36.933333333322985
2025-12-10 14:00:00.000,14:00,34.507777777865215
2025-12-10 15:00:00.000,15:00,34.64999999988359
2025-12-10 16:00:00.000,16:00,34.290000000130384
2025-12-10 17:00:00.000,17:00,32.95
2025-12-10 18:00:00.000,18:00,29.299999999883585
2025-12-10 19:00:00.000,19:00,23.470000000088476
2025-12-10 20:00:00.000,20:00,23.269999999925496
2025-12-10 21:00:00.000,21:00,21.02999999995809
2025-12-10 22:00:00.000,22:00,21.230000000144354
2025-12-10 23:00:00.000,23:00,21.154999999923167
2025-12-11 00:00:00.000,00:00,21.06500000009546
2025-12-11 01:00:00.000,01:00,21.40999999991618
2025-12-11 02:00:00.000,02:00,21.600000000093132
2025-12-11 03:00:00.000,03:00,26.87999999995809
2025-12-11 04:00:00.000,04:00,30.629999999981372
2025-12-11 05:00:00.000,05:00,28.340000000060535
2025-12-11 06:00:00.000,06:00,39.41999999983236
2025-12-11 07:00:00.000,07:00,41.579999999981375
2025-12-11 08:00:00.000,08:00,42.30000000009313
2025-12-11 09:00:00.000,09:00,50.8800000000745
2025-12-11 10:00:00.000,10:00,47.83999999989756
2025-12-11 11:00:00.000,11:00,44.06000000010245
2025-12-11 12:00:00.000,12:00,37.45999999996275
2025-12-11 13:00:00.000,13:00,33.989999999897556
2025-12-11 14:00:00.000,14:00,38.38000000002794
2025-12-11 15:00:00.000,15:00,38.110000000102445
2025-12-11 16:00:00.000,16:00,34.719999999855645
2025-12-11 17:00:00.000,17:00,37.2100000000326
2025-12-11 18:00:00.000,18:00,32.13000000005122
2025-12-11 19:00:00.000,19:00,24.810000000032595
2025-12-11 20:00:00.000,20:00,22
2025-12-11 21:00:00.000,21:00,19.919999999925494
2025-12-11 22:00:00.000,22:00,20
2025-12-11 23:00:00.000,23:00,20.102500000078
2025-12-12 00:00:00.000,00:00,20.62749999994994
2025-12-12 01:00:00.000,01:00,20.689999999967405
2025-12-12 02:00:00.000,02:00,20.620000000088474
2025-12-12 03:00:00.000,03:00,25.629999999911526
2025-12-12 04:00:00.000,04:00,32.17999999995809
2025-12-12 05:00:00.000,05:00,29.010000000032594
2025-12-12 06:00:00.000,06:00,38.71000000003259
2025-12-12 07:00:00.000,07:00,40.27999999993481
2025-12-12 08:00:00.000,08:00,44.760000000102444
2025-12-12 09:00:00.000,09:00,47.03999999989755
2025-12-12 10:00:00.000,10:00,41.96000000010245
2025-12-12 11:00:00.000,11:00,36.31999999992549
2025-12-12 12:00:00.000,12:00,34.38000000000466
2025-12-12 13:00:00.000,13:00,34.79000000001397
2025-12-12 14:00:00.000,14:00,35.3600000000326
2025-12-12 15:00:00.000,15:00,32.63000000000466
2025-12-12 16:00:00.000,16:00,32.079999999934806
2025-12-12 17:00:00.000,17:00,32.450000000093134
2025-12-12 18:00:00.000,18:00,27.630000000004657
2025-12-12 19:00:00.000,19:00,21.459999999962747
2025-12-12 20:00:00.000,20:00,21.229999999911524
2025-12-12 21:00:00.000,21:00,20.240000000060537
2025-12-12 22:00:00.000,22:00,19.819999999995343
2025-12-12 23:00:00.000,23:00,20.652499999949942
2025-12-13 00:00:00.000,00:00,19.987499999994178
2025-12-13 01:00:00.000,01:00,20.41000000012573
2025-12-13 02:00:00.000,02:00,20.20999999996275
2025-12-13 03:00:00.000,03:00,26.29000000001397
2025-12-13 04:00:00.000,04:00,29.56000000005588
2025-12-13 05:00:00.000,05:00,31.519999999878927
2025-12-13 06:00:00.000,06:00,37.9000000001397
2025-12-13 07:00:00.000,07:00,41.39636363633908
2025-12-13 08:00:00.000,08:00,41.43636363626204
2025-12-13 09:00:00.000,09:00,32.260606060679436
2025-12-13 10:00:00.000,10:00,30.166666666589055
2025-12-13 11:00:00.000,11:00,26.9000000001397
2025-12-13 12:00:00.000,12:00,26.639999999897555
2025-12-13 13:00:00.000,13:00,22.22000000006519
2025-12-13 14:00:00.000,14:00,24.839999999897557
2025-12-13 15:00:00.000,15:00,26.01052631584339
2025-12-13 16:00:00.000,16:00,27.103110047886105
2025-12-13 17:00:00.000,17:00,32.04053030307687
2025-12-13 18:00:00.000,18:00,33.20037878782376
2025-12-13 19:00:00.000,19:00,31.9063241106804
2025-12-13 20:00:00.000,20:00,34.58751753143062
2025-12-13 21:00:00.000,21:00,31.991612903249536
2025-12-13 22:00:00.000,22:00,35.151666666674046
2025-12-13 23:00:00.000,23:00,32.29924242422743
2025-12-14 00:00:00.000,00:00,31.066233766310567
2025-12-14 01:00:00.000,01:00,32.39285714277399
2025-12-14 02:00:00.000,02:00,31.49444444459018
2025-12-14 03:00:00.000,03:00,32.06590038304019
2025-12-14 04:00:00.000,04:00,31.90344827588455
2025-12-14 05:00:00.000,05:00,33.961206896648065
2025-12-14 06:00:00.000,06:00,34.64999999990687
2025-12-14 07:00:00.000,07:00,33.58026315782857
2025-12-14 08:00:00.000,08:00,31.73194614443854
2025-12-14 09:00:00.000,09:00,31.225290697796925
2025-12-14 10:00:00.000,10:00,32.20579268289346
2025-12-14 11:00:00.000,11:00,28.288850174109967
2025-12-14 12:00:00.000,12:00,26.3271708684903
2025-12-14 13:00:00.000,13:00,28.415686274349106
2025-12-14 14:00:00.000,14:00,29.627419354863495
2025-12-14 15:00:00.000,15:00,28.00258064527621
2025-12-14 16:00:00.000,16:00,27.57784313727225
2025-12-14 17:00:00.000,17:00,26.45667299174349
2025-12-14 18:00:00.000,18:00,28.090656284746863
2025-12-14 19:00:00.000,19:00,28.589988876606554
2025-12-14 20:00:00.000,20:00,27.05483870963836
2025-12-14 21:00:00.000,21:00,26.879999999927296
2025-12-14 22:00:00.000,22:00,26.46923076922002
2025-12-14 23:00:00.000,23:00,26.24243589746527
2025-12-15 00:00:00.000,00:00,26.460416666703527
2025-12-15 01:00:00.000,01:00,26.24203431375345
2025-12-15 02:00:00.000,02:00,26.039215686187262
2025-12-15 03:00:00.000,03:00,33.90056497169096
2025-12-15 04:00:00.000,04:00,42.82235169497339
2025-12-15 05:00:00.000,05:00,45.46286764702468
2025-12-15 06:00:00.000,06:00,48.87575414784142
2025-12-15 07:00:00.000,07:00,52.245128205195904
2025-12-15 08:00:00.000,08:00,55.19999999996711
2025-12-15 09:00:00.000,09:00,49.46731707310729
2025-12-15 10:00:00.000,10:00,45.68554006970223
2025-12-15 11:00:00.000,11:00,42.18540372679181
2025-12-15 12:00:00.000,12:00,36.78260869559143
2025-12-15 13:00:00.000,13:00,36.54943971312313
2025-12-15 14:00:00.000,14:00,36.37113402064736
2025-12-15 15:00:00.000,15:00,36.91267434811722
2025-12-15 16:00:00.000,16:00,36.60588235296838
2025-12-15 17:00:00.000,17:00,35.60000000002662
2025-12-15 18:00:00.000,18:00,29.96666666662823
2025-12-15 19:00:00.000,19:00,24.333333333229845
2025-12-15 20:00:00.000,20:00,21.515384615353575
2025-12-15 21:00:00.000,21:00,20.307692307692317
2025-12-15 22:00:00.000,22:00,20.276923076943774
2025-12-15 23:00:00.000,23:00,20.2500000000388
2025-12-16 00:00:00.000,00:00,20.28043478264772
2025-12-16 01:00:00.000,01:00,20.47826086960571
2025-12-16 02:00:00.000,02:00,20.47826086960571
2025-12-16 03:00:00.000,03:00,31.1694537346331
2025-12-16 04:00:00.000,04:00,33.30769230763858
2025-12-16 05:00:00.000,05:00,36.03589743585624
2025-12-16 06:00:00.000,06:00,45
2025-12-16 07:00:00.000,07:00,45
2025-12-16 08:00:00.000,08:00,45.12737430166973
2025-12-16 09:00:00.000,09:00,45.318435754174324
2025-12-16 10:00:00.000,10:00,45.318435754174324
2025-12-16 11:00:00.000,11:00,41.02325418995831
2025-12-16 12:00:00.000,12:00,35.01000000005589
2025-12-16 13:00:00.000,13:00,35.01000000005589
2025-12-16 14:00:00.000,14:00,34.84014150948519
2025-12-16 15:00:00.000,15:00,32.971698113207545
2025-12-16 16:00:00.000,16:00,32.971698113207545
2025-12-16 17:00:00.000,17:00,32.971698113207545
2025-12-16 18:00:00.000,18:00,28.666645594210678
2025-12-16 19:00:00.000,19:00,25.144329896849612
2025-12-16 20:00:00.000,20:00,25.144329896849612
2025-12-16 21:00:00.000,21:00,24.750233345414095
2025-12-16 22:00:00.000,22:00,23.899814471263777
2025-12-16 23:00:00.000,23:00,23.899814471263777
2025-12-17 00:00:00.000,00:00,23.899814471263777
2025-12-17 01:00:00.000,01:00,23.899814471263777
2025-12-17 02:00:00.000,02:00,23.899814471263777
2025-12-17 03:00:00.000,03:00,23.899814471263777
2025-12-17 04:00:00.000,04:00,23.899814471263777
2025-12-17 05:00:00.000,05:00,23.899814471263777
2025-12-17 06:00:00.000,06:00,30.233209647322923
2025-12-17 07:00:00.000,07:00,39.17000000004191
2025-12-17 08:00:00.000,08:00,39.649999999976714
2025-12-17 09:00:00.000,09:00,41.670000000158325
2025-12-17 10:00:00.000,10:00,48.209999999916185
2025-12-17 11:00:00.000,11:00,49.019999999925496
2025-12-17 12:00:00.000,12:00,45.15
2025-12-17 13:00:00.000,13:00,44.38000000012107
2025-12-17 14:00:00.000,14:00,46.88000000000466
2025-12-17 15:00:00.000,15:00,41.16999999994878
2025-12-17 16:00:00.000,16:00,45.199999999999996
2025-12-17 17:00:00.000,17:00,42.84000000008382
2025-12-17 18:00:00.000,18:00,35.91999999997206
2025-12-17 19:00:00.000,19:00,24.299999999999997
2025-12-17 20:00:00.000,20:00,27.939999999897555
2025-12-17 21:00:00.000,21:00,23.490000000060533
2025-12-17 22:00:00.000,22:00,22.360000000032596
2025-12-17 23:00:00.000,23:00,23.249999999953435
2025-12-18 00:00:00.000,00:00,22.819999999948777
2025-12-18 01:00:00.000,01:00,22.81000000005588
2025-12-18 02:00:00.000,02:00,23.760000000032598
2025-12-18 03:00:00.000,03:00,28.12000000004191
2025-12-18 04:00:00.000,04:00,34.40999999991618
2025-12-18 05:00:00.000,05:00,30.15
2025-12-18 06:00:00.000,06:00,37.890000000083816
2025-12-18 07:00:00.000,07:00,40.95999999984633
2025-12-18 08:00:00.000,08:00,39.860000000009315
2025-12-18 09:00:00.000,09:00,50.800000000046566
2025-12-18 10:00:00.000,10:00,46.94000000008381
2025-12-18 11:00:00.000,11:00,40.26000000000931
2025-12-18 12:00:00.000,12:00,35.33999999999069
2025-12-18 13:00:00.000,13:00,34.23999999994412
2025-12-18 14:00:00.000,14:00,34.43999999989755
2025-12-18 15:00:00.000,15:00,32.50000000011383
2025-12-18 16:00:00.000,16:00,37.05555555558142
2025-12-18 17:00:00.000,17:00,34.904444444383905
2025-12-18 18:00:00.000,18:00,32.77000000004191
2025-12-18 19:00:00.000,19:00,25.579999999934806
2025-12-18 20:00:00.000,20:00,24.49000000008382
2025-12-18 21:00:00.000,21:00,22.899999999906868
2025-12-18 22:00:00.000,22:00,22.70999999998603
2025-12-18 23:00:00.000,23:00,23.89000000015367
2025-12-19 00:00:00.000,00:00,22.77999999995809
2025-12-19 01:00:00.000,01:00,23.529999999981374
2025-12-19 02:00:00.000,02:00,25.83999999992084
2025-12-19 03:00:00.000,03:00,26.290000000037253
2025-12-19 04:00:00.000,04:00,25.030000000004655
2025-12-19 05:00:00.000,05:00,26.100000000093132
2025-12-19 06:00:00.000,06:00,35.199999999906865
2025-12-19 07:00:00.000,07:00,37.07000000008848
2025-12-19 08:00:00.000,08:00,36.07999999993481
2025-12-19 09:00:00.000,09:00,39.45999999991618
2025-12-19 10:00:00.000,10:00,44.61999999997206
2025-12-19 11:00:00.000,11:00,41.56000000010244
2025-12-19 12:00:00.000,12:00,40.739999999944125
2025-12-19 13:00:00.000,13:00,39.227272727310826
2025-12-19 14:00:00.000,14:00,37.25272727276368
2025-12-19 15:00:00.000,15:00,32.31000000000931
2025-12-19 16:00:00.000,16:00,32.1199999999255
2025-12-19 17:00:00.000,17:00,35.51000000000931
2025-12-19 18:00:00.000,18:00,32.480000000074504
2025-12-19 19:00:00.000,19:00,27.039999999990687
2025-12-19 20:00:00.000,20:00,27.729999999981374
2025-12-19 21:00:00.000,21:00,25.569999999902212
2025-12-19 22:00:00.000,22:00,25.730000000144354
2025-12-19 23:00:00.000,23:00,27.454999999975552
2025-12-20 00:00:00.000,00:00,28.194999999954597
2025-12-20 01:00:00.000,01:00,26.850000000046567
2025-12-20 02:00:00.000,02:00,27.519999999878927
2025-12-20 03:00:00.000,03:00,27.70000000016298
2025-12-20 04:00:00.000,04:00,28.35999999982305
2025-12-20 05:00:00.000,05:00,29.290000000060537
2025-12-20 06:00:00.000,06:00,33.09000000008382
2025-12-20 07:00:00.000,07:00,31.569999999855646
2025-12-20 08:00:00.000,08:00,31.540000000176953
2025-12-20 09:00:00.000,09:00,31.179999999981373
2025-12-20 10:00:00.000,10:00,27.419999999878925
2025-12-20 11:00:00.000,11:00,29.599999999999998
2025-12-20 12:00:00.000,12:00,27.679999999981376
2025-12-20 13:00:00.000,13:00,28.360000000149014
2025-12-20 14:00:00.000,14:00,27.029999999911524
2025-12-20 15:00:00.000,15:00,26.319999999995343
2025-12-20 16:00:00.000,16:00,29.129999999981372
2025-12-20 17:00:00.000,17:00,28.679999999958092
2025-12-20 18:00:00.000,18:00,30.050000000139697
2025-12-20 19:00:00.000,19:00,29.33999999992084
2025-12-20 20:00:00.000,20:00,31.650000000046568
2025-12-20 21:00:00.000,21:00,30.420000000018625
2025-12-20 22:00:00.000,22:00,29.899999999906868
2025-12-20 23:00:00.000,23:00,28.262499999953434
2025-12-21 00:00:00.000,00:00,28.367500000144354
2025-12-21 01:00:00.000,01:00,28.85999999991618
2025-12-21 02:00:00.000,02:00,28.67000000006519
2025-12-21 03:00:00.000,03:00,28.34999999993015
2025-12-21 04:00:00.000,04:00,27.860000000032596
2025-12-21 05:00:00.000,05:00,28.169999999972063
2025-12-21 06:00:00.000,06:00,30.95999999998603
2025-12-21 07:00:00.000,07:00,28.779999999981374
2025-12-21 08:00:00.000,08:00,29.68000000012107
2025-12-21 09:00:00.000,09:00,28.379999999934807
2025-12-21 10:00:00.000,10:00,30.360000000009315
2025-12-21 11:00:00.000,11:00,27.619999999925497
2025-12-21 12:00:00.000,12:00,26.599999999999998
2025-12-21 13:00:00.000,13:00,25.250000000023284
2025-12-21 14:00:00.000,14:00,24.79000000008382
2025-12-21 15:00:00.000,15:00,24.459999999939463
2025-12-21 16:00:00.000,16:00,24.620000000041912
2025-12-21 17:00:00.000,17:00,26.07999999998137
2025-12-21 18:00:00.000,18:00,26.40000000006985
2025-12-21 19:00:00.000,19:00,26.579999999981375
2025-12-21 20:00:00.000,20:00,27.409999999939465
2025-12-21 21:00:00.000,21:00,27.309999999962745
2025-12-21 22:00:00.000,22:00,28.300000000046566
2025-12-21 23:00:00.000,23:00,26.90499999995227
2025-12-22 00:00:00.000,00:00,26.69499999997788
2025-12-22 01:00:00.000,01:00,27.11000000007916
2025-12-22 02:00:00.000,02:00,27.290000000037253
2025-12-22 03:00:00.000,03:00,32.24999999990687
2025-12-22 04:00:00.000,04:00,43.52000000008847
2025-12-22 05:00:00.000,05:00,33.05999999991619
2025-12-22 06:00:00.000,06:00,46.050000000046566
2025-12-22 07:00:00.000,07:00,45.43999999994412
2025-12-22 08:00:00.000,08:00,46.819999999972055
2025-12-22 09:00:00.000,09:00,46.98000000016764
2025-12-22 10:00:00.000,10:00,49.27999999993481
2025-12-22 11:00:00.000,11:00,50.0799999999221
2025-12-22 12:00:00.000,12:00,42.50821917808884
2025-12-22 13:00:00.000,13:00,42.21917808218541
2025-12-22 14:00:00.000,14:00,42.21917808218541
2025-12-22 15:00:00.000,15:00,42.21917808218541
2025-12-22 16:00:00.000,16:00,42.21917808218541
2025-12-22 17:00:00.000,17:00,42.21917808218541
2025-12-22 18:00:00.000,18:00,42.21917808218541
2025-12-22 19:00:00.000,19:00,32.16671232889527
2025-12-22 20:00:00.000,20:00,32.1399999999674
2025-12-22 21:00:00.000,21:00,27.039999999920838
2025-12-22 22:00:00.000,22:00,29.86000000012573
2025-12-22 23:00:00.000,23:00,30.16999999994878
2025-12-23 00:00:00.000,00:00,29.709999999962747
2025-12-23 01:00:00.000,01:00,30.489999999990687
2025-12-23 02:00:00.000,02:00,31.790000000037253
2025-12-23 03:00:00.000,03:00,37.35000000009313
2025-12-23 04:00:00.000,04:00,46.37999999986496
2025-12-23 05:00:00.000,05:00,39.210000000055885
2025-12-23 06:00:00.000,06:00,49.970000000041914
2025-12-23 07:00:00.000,07:00,50.75999999986961
2025-12-23 08:00:00.000,08:00,53.86000000005588
2025-12-23 09:00:00.000,09:00,55.320000000018624
2025-12-23 10:00:00.000,10:00,54.73999999999069
2025-12-23 11:00:00.000,11:00,52.580000000074506
2025-12-23 12:00:00.000,12:00,45.31999999992549
2025-12-23 13:00:00.000,13:00,43.82000000009106
2025-12-23 14:00:00.000,14:00,48.72999999986237
2025-12-23 15:00:00.000,15:00,49.54000000003725
2025-12-23 16:00:00.000,16:00,49.01999999994877
2025-12-23 17:00:00.000,17:00,44.910000000172296
2025-12-23 18:00:00.000,18:00,36.069999999855646
2025-12-23 19:00:00.000,19:00,31.000000000116415
2025-12-23 20:00:00.000,20:00,34.29000000001397
2025-12-23 21:00:00.000,21:00,28.39000000001397
2025-12-23 22:00:00.000,22:00,29.009999999846332
2025-12-23 23:00:00.000,23:00,28.94000000001397
2025-12-24 00:00:00.000,00:00,30.189999999967405
2025-12-24 01:00:00.000,01:00,31.670000000158325
2025-12-24 02:00:00.000,02:00,31.21999999997206
2025-12-24 03:00:00.000,03:00,38.23999999987427
2025-12-24 04:00:00.000,04:00,44.17000000011176
2025-12-24 05:00:00.000,05:00,43.749999999930154
2025-12-24 06:00:00.000,06:00,50.100000000023286
2025-12-24 07:00:00.000,07:00,51.293333333394386
2025-12-24 08:00:00.000,08:00,50.94666666654974
2025-12-24 09:00:00.000,09:00,55.10000000004656
2025-12-24 10:00:00.000,10:00,53.700000000046565
2025-12-24 11:00:00.000,11:00,53.73999999994412
2025-12-24 12:00:00.000,12:00,50.360000000102445
2025-12-24 13:00:00.000,13:00,50.02000000001863
2025-12-24 14:00:00.000,14:00,45.53999999992084
2025-12-24 15:00:00.000,15:00,46.75
2025-12-24 16:00:00.000,16:00,45.169999999925494
2025-12-24 17:00:00.000,17:00,46.77000000011176
2025-12-24 18:00:00.000,18:00,46.81000000000931
2025-12-24 19:00:00.000,19:00,36.309999999892895
2025-12-24 20:00:00.000,20:00,39.13000000009779
2025-12-24 21:00:00.000,21:00,31.769999999995342
2025-12-24 22:00:00.000,22:00,30.479999999888243
2025-12-24 23:00:00.000,23:00,32.457500000076834
2025-12-25 00:00:00.000,00:00,37.13250000007683
2025-12-25 01:00:00.000,01:00,33.78999999982771
2025-12-25 02:00:00.000,02:00,36.84000000013039
2025-12-25 03:00:00.000,03:00,43.199999999906865
2025-12-25 04:00:00.000,04:00,55.65000000004657
2025-12-25 05:00:00.000,05:00,53.77999999995809
2025-12-25 06:00:00.000,06:00,61.009999999962744
2025-12-25 07:00:00.000,07:00,54.26999999999534
2025-12-25 08:00:00.000,08:00,57.78000000007451
2025-12-25 09:00:00.000,09:00,54.520000000065195
2025-12-25 10:00:00.000,10:00,55.49999999995344
2025-12-25 11:00:00.000,11:00,54.9
2025-12-25 12:00:00.000,12:00,54.49999999990687
2025-12-25 13:00:00.000,13:00,54.30666666676083
2025-12-25 14:00:00.000,14:00,50.793333333309015
2025-12-25 15:00:00.000,15:00,51.810000000079164
2025-12-25 16:00:00.000,16:00,49.59999999993015
2025-12-25 17:00:00.000,17:00,52.12000000001863
2025-12-25 18:00:00.000,18:00,46.49999999995343
2025-12-25 19:00:00.000,19:00,36.83000000000466
2025-12-25 20:00:00.000,20:00,37.28000000002794
2025-12-25 21:00:00.000,21:00,29.18000000002794
2025-12-25 22:00:00.000,22:00,29.27999999993481
2025-12-25 23:00:00.000,23:00,30.540000000037253
2025-12-26 00:00:00.000,00:00,34.49000000008382
2025-12-26 01:00:00.000,01:00,33.64999999988359
2025-12-26 02:00:00.000,02:00,34.70999999993946
2025-12-26 03:00:00.000,03:00,46.27000000004192
2025-12-26 04:00:00.000,04:00,59.720000000088476
2025-12-26 05:00:00.000,05:00,55.919999999925494
2025-12-26 06:00:00.000,06:00,55.85999999998603
2025-12-26 07:00:00.000,07:00,57.70000000006985
2025-12-26 08:00:00.000,08:00,64.43999999999069
2025-12-26 09:00:00.000,09:00,63.519999999925496
2025-12-26 10:00:00.000,10:00,65.44000000008381
2025-12-26 11:00:00.000,11:00,59.419999999925494
2025-12-26 12:00:00.000,12:00,51.70000000009313
2025-12-26 13:00:00.000,13:00,51.76999999990221
2025-12-26 14:00:00.000,14:00,62.24000000006054
2025-12-26 15:00:00.000,15:00,60.280000000051224
2025-12-26 16:00:00.000,16:00,59.46000000000931
2025-12-26 17:00:00.000,17:00,52.38999999994412
2025-12-26 18:00:00.000,18:00,54.370000000088474
2025-12-26 19:00:00.000,19:00,42.1599999998929
2025-12-26 20:00:00.000,20:00,44.93000000005122
2025-12-26 21:00:00.000,21:00,31.239999999967406
2025-12-26 22:00:00.000,22:00,33.65000000004657
2025-12-26 23:00:00.000,23:00,32.569999999855646
2025-12-27 00:00:00.000,00:00,31.680000000167638
2025-12-27 01:00:00.000,01:00,35.44000000001397
2025-12-27 02:00:00.000,02:00,33.229999999958096
2025-12-27 03:00:00.000,03:00,39.55000000004657
2025-12-27 04:00:00.000,04:00,45.17999999986496
2025-12-27 05:00:00.000,05:00,43.70999999996275
2025-12-27 06:00:00.000,06:00,47.560000000172295
2025-12-27 07:00:00.000,07:00,45.329999999841675
2025-12-27 08:00:00.000,08:00,47.28000000012108
2025-12-27 09:00:00.000,09:00,45.49999999990687
2025-12-27 10:00:00.000,10:00,44.53999999999069
2025-12-27 11:00:00.000,11:00,42.420000000018625
2025-12-27 12:00:00.000,12:00,44.47999999998137
2025-12-27 13:00:00.000,13:00,44.10000000009313
2025-12-27 14:00:00.000,14:00,45.17999999995809
2025-12-27 15:00:00.000,15:00,41.800000000046566
2025-12-27 16:00:00.000,16:00,43.859999999869615
2025-12-27 17:00:00.000,17:00,41.790000000130384
2025-12-27 18:00:00.000,18:00,46.31999999999534
2025-12-27 19:00:00.000,19:00,37.530000000004655
2025-12-27 20:00:00.000,20:00,39.69999999997671
2025-12-27 21:00:00.000,21:00,27.380000000051222
2025-12-27 22:00:00.000,22:00,29.369999999925493
2025-12-27 23:00:00.000,23:00,26.669999999908033
2025-12-28 00:00:00.000,00:00,27.40000000013388
2025-12-28 01:00:00.000,01:00,31.719999999902214
2025-12-28 02:00:00.000,02:00,30.86000000012573
2025-12-28 03:00:00.000,03:00,34.56999999992549
2025-12-28 04:00:00.000,04:00,31.520000000088473
2025-12-28 05:00:00.000,05:00,36.05999999996275
2025-12-28 06:00:00.000,06:00,41.00999999998603
2025-12-28 07:00:00.000,07:00,41.319999999878924
2025-12-28 08:00:00.000,08:00,42.53999999999069
2025-12-28 09:00:00.000,09:00,41.84000000017695
2025-12-28 10:00:00.000,10:00,42.31999999987893
2025-12-28 11:00:00.000,11:00,37.66000000010244
2025-12-28 12:00:00.000,12:00,35.00592592593719
2025-12-28 13:00:00.000,13:00,34.88888888887164
2025-12-28 14:00:00.000,14:00,34.88888888887164
2025-12-28 15:00:00.000,15:00,34.88888888887164
2025-12-28 16:00:00.000,16:00,34.88888888887164
2025-12-28 17:00:00.000,17:00,34.88888888887164
2025-12-28 18:00:00.000,18:00,34.88888888887164
2025-12-28 19:00:00.000,19:00,34.88888888887164
2025-12-28 20:00:00.000,20:00,34.88888888887164
2025-12-28 21:00:00.000,21:00,34.88888888887164
2025-12-28 22:00:00.000,22:00,33.67407407415283
2025-12-28 23:00:00.000,23:00,37.28999999992084
2025-12-29 00:00:00.000,00:00,34.08999999999069
2025-12-29 01:00:00.000,01:00,35.08000000016764
2025-12-29 02:00:00.000,02:00,35.28999999996741
2025-12-29 03:00:00.000,03:00,41.47999999991153
2025-12-29 04:00:00.000,04:00,56.390000000037254
2025-12-29 05:00:00.000,05:00,54.72000000004191
2025-12-29 06:00:00.000,06:00,60.06000000005071
2025-12-29 07:00:00.000,07:00,59.37999999993998
2025-12-29 08:00:00.000,08:00,63.139999999990685
2025-12-29 09:00:00.000,09:00,79.24000000003726
2025-12-29 10:00:00.000,10:00,78.15999999991618
2025-12-29 11:00:00.000,11:00,85.35999999996275
2025-12-29 12:00:00.000,12:00,80.03999999999068
2025-12-29 13:00:00.000,13:00,77.38000000012107
2025-12-29 14:00:00.000,14:00,77.92999999988824
2025-12-29 15:00:00.000,15:00,74.26999999997207
2025-12-29 16:00:00.000,16:00,74.29000000013038
2025-12-29 17:00:00.000,17:00,70.92999999998138
2025-12-29 18:00:00.000,18:00,63.829999999888244
2025-12-29 19:00:00.000,19:00,50.4
2025-12-29 20:00:00.000,20:00,52.43000000007451
2025-12-29 21:00:00.000,21:00,43.40000000002328
2025-12-29 22:00:00.000,22:00,47.2
2025-12-29 23:00:00.000,23:00,44.070000000001166
2025-12-30 00:00:00.000,00:00,46.31000000000349
2025-12-30 01:00:00.000,01:00,47.53999999989756
2025-12-30 02:00:00.000,02:00,46.280000000051224
2025-12-30 03:00:00.000,03:00,53.20000000004657
2025-12-30 04:00:00.000,04:00,65.68999999992084
2025-12-30 05:00:00.000,05:00,58.52999999998138
2025-12-30 06:00:00.000,06:00,65.91000000012573
2025-12-30 07:00:00.000,07:00,68.16999999990222
2025-12-30 08:00:00.000,08:00,69.58000000002795
2025-12-30 09:00:00.000,09:00,76.62000000001863
2025-12-30 10:00:00.000,10:00,69.77999999998137
2025-12-30 11:00:00.000,11:00,77.27999999998137
2025-12-30 12:00:00.000,12:00,67.52000000001863
2025-12-30 13:00:00.000,13:00,61.63090909097174
2025-12-30 14:00:00.000,14:00,64.95909090911208
2025-12-30 15:00:00.000,15:00,60.540000000013976
2025-12-30 16:00:00.000,16:00,56.40999999998603
2025-12-30 17:00:00.000,17:00,57.72000000001863
2025-12-30 18:00:00.000,18:00,52.57999999998137
2025-12-30 19:00:00.000,19:00,37.690000000013974
2025-12-30 20:00:00.000,20:00,38.059999999986026
2025-12-30 21:00:00.000,21:00,29.80999999991618
2025-12-30 22:00:00.000,22:00,30.85999999998603
2025-12-30 23:00:00.000,23:00,29.942500000045403
2025-12-31 00:00:00.000,00:00,32.68750000009895
2025-12-31 01:00:00.000,01:00,36.469999999855645
2025-12-31 02:00:00.000,02:00,39.17000000004191
2025-12-31 03:00:00.000,03:00,43.109999999916184
2025-12-31 04:00:00.000,04:00,61.780000000144355
2025-12-31 05:00:00.000,05:00,61.350000000023286
2025-12-31 06:00:00.000,06:00,67.8700000000017
2025-12-31 07:00:00.000,07:00,66.49999999983066
2025-12-31 08:00:00.000,08:00,65.78000000012108
2025-12-31 09:00:00.000,09:00,77.59999999995343
2025-12-31 10:00:00.000,10:00,73.67999999993481
2025-12-31 11:00:00.000,11:00,70.76000000005588
2025-12-31 12:00:00.000,12:00,65.51333333326814
2025-12-31 13:00:00.000,13:00,61.34666666674117
2025-12-31 14:00:00.000,14:00,65.31000000007916
2025-12-31 15:00:00.000,15:00,61.209999999986024
2025-12-31 16:00:00.000,16:00,59.35
2025-12-31 17:00:00.000,17:00,59.97999999988824
2025-12-31 18:00:00.000,18:00,55.45
2025-12-31 19:00:00.000,19:00,45.08000000009778
2025-12-31 20:00:00.000,20:00,51.35
2025-12-31 21:00:00.000,21:00,43.54999999990687
2025-12-31 22:00:00.000,22:00,46.06000000005588
2025-12-31 23:00:00.000,23:00,45.20499999991735
