Date,Hour,A11_ELEC_General_Chenil [kWh] [A11_Nouveau Chenil GSF]
2025-01-01 00:00:00.000,00:00,14.7
2025-01-01 01:00:00.000,01:00,14
2025-01-01 02:00:00.000,02:00,14
2025-01-01 03:00:00.000,03:00,14.754545454545454
2025-01-01 04:00:00.000,04:00,14.145454545454545
2025-01-01 05:00:00.000,05:00,14
2025-01-01 06:00:00.000,06:00,16.4
2025-01-01 07:00:00.000,07:00,25.2
2025-01-01 08:00:00.000,08:00,22
2025-01-01 09:00:00.000,09:00,35.2
2025-01-01 10:00:00.000,10:00,51
2025-01-01 11:00:00.000,11:00,51.6
2025-01-01 12:00:00.000,12:00,53.2
2025-01-01 13:00:00.000,13:00,50.4
2025-01-01 14:00:00.000,14:00,23.799999999999997
2025-01-01 15:00:00.000,15:00,17
2025-01-01 16:00:00.000,16:00,19.8
2025-01-01 17:00:00.000,17:00,19.2
2025-01-01 18:00:00.000,18:00,16.2
2025-01-01 19:00:00.000,19:00,13.8
2025-01-01 20:00:00.000,20:00,13
2025-01-01 21:00:00.000,21:00,13.2
2025-01-01 22:00:00.000,22:00,13
2025-01-01 23:00:00.000,23:00,13.4
2025-01-02 00:00:00.000,00:00,12.7
2025-01-02 01:00:00.000,01:00,12.100000000000001
2025-01-02 02:00:00.000,02:00,13.899999999999999
2025-01-02 03:00:00.000,03:00,11.936363636363637
2025-01-02 04:00:00.000,04:00,12.963636363636363
2025-01-02 05:00:00.000,05:00,12
2025-01-02 06:00:00.000,06:00,12.8
2025-01-02 07:00:00.000,07:00,16
2025-01-02 08:00:00.000,08:00,25.6
2025-01-02 09:00:00.000,09:00,25.8
2025-01-02 10:00:00.000,10:00,52.400000000000006
2025-01-02 11:00:00.000,11:00,47.599999999999994
2025-01-02 12:00:00.000,12:00,48.400000000000006
2025-01-02 13:00:00.000,13:00,42
2025-01-02 14:00:00.000,14:00,34
2025-01-02 15:00:00.000,15:00,19.2
2025-01-02 16:00:00.000,16:00,18
2025-01-02 17:00:00.000,17:00,19
2025-01-02 18:00:00.000,18:00,17
2025-01-02 19:00:00.000,19:00,15
2025-01-02 20:00:00.000,20:00,15
2025-01-02 21:00:00.000,21:00,13.2
2025-01-02 22:00:00.000,22:00,12
2025-01-02 23:00:00.000,23:00,13.4
2025-01-03 00:00:00.000,00:00,11.7
2025-01-03 01:00:00.000,01:00,12.200000000000001
2025-01-03 02:00:00.000,02:00,12.9
2025-01-03 03:00:00.000,03:00,11.836363636363636
2025-01-03 04:00:00.000,04:00,11.963636363636363
2025-01-03 05:00:00.000,05:00,12.2
2025-01-03 06:00:00.000,06:00,14.2
2025-01-03 07:00:00.000,07:00,23.4
2025-01-03 08:00:00.000,08:00,45.800000000000004
2025-01-03 09:00:00.000,09:00,34.6
2025-01-03 10:00:00.000,10:00,24.4
2025-01-03 11:00:00.000,11:00,40
2025-01-03 12:00:00.000,12:00,51
2025-01-03 13:00:00.000,13:00,47.199999999999996
2025-01-03 14:00:00.000,14:00,28
2025-01-03 15:00:00.000,15:00,15.2
2025-01-03 16:00:00.000,16:00,18.6
2025-01-03 17:00:00.000,17:00,21
2025-01-03 18:00:00.000,18:00,18.2
2025-01-03 19:00:00.000,19:00,17.8
2025-01-03 20:00:00.000,20:00,16.2
2025-01-03 21:00:00.000,21:00,16
2025-01-03 22:00:00.000,22:00,14.2
2025-01-03 23:00:00.000,23:00,15.4
2025-01-04 00:00:00.000,00:00,13.818181818181818
2025-01-04 01:00:00.000,01:00,14.881818181818183
2025-01-04 02:00:00.000,02:00,14.100000000000001
2025-01-04 03:00:00.000,03:00,14.654545454545453
2025-01-04 04:00:00.000,04:00,14.145454545454545
2025-01-04 05:00:00.000,05:00,15
2025-01-04 06:00:00.000,06:00,14.8
2025-01-04 07:00:00.000,07:00,18
2025-01-04 08:00:00.000,08:00,28.8
2025-01-04 09:00:00.000,09:00,22.2
2025-01-04 10:00:00.000,10:00,33.8
2025-01-04 11:00:00.000,11:00,30
2025-01-04 12:00:00.000,12:00,55.199999999999996
2025-01-04 13:00:00.000,13:00,51.6
2025-01-04 14:00:00.000,14:00,53.4
2025-01-04 15:00:00.000,15:00,45.2
2025-01-04 16:00:00.000,16:00,23.599999999999998
2025-01-04 17:00:00.000,17:00,23
2025-01-04 18:00:00.000,18:00,15.4
2025-01-04 19:00:00.000,19:00,13.8
2025-01-04 20:00:00.000,20:00,13.2
2025-01-04 21:00:00.000,21:00,14
2025-01-04 22:00:00.000,22:00,13
2025-01-04 23:00:00.000,23:00,14.4
2025-01-05 00:00:00.000,00:00,12.8
2025-01-05 01:00:00.000,01:00,14
2025-01-05 02:00:00.000,02:00,12.899999999999999
2025-01-05 03:00:00.000,03:00,12.936363636363637
2025-01-05 04:00:00.000,04:00,12.963636363636363
2025-01-05 05:00:00.000,05:00,13
2025-01-05 06:00:00.000,06:00,13.8
2025-01-05 07:00:00.000,07:00,14.2
2025-01-05 08:00:00.000,08:00,15
2025-01-05 09:00:00.000,09:00,14
2025-01-05 10:00:00.000,10:00,30.799999999999997
2025-01-05 11:00:00.000,11:00,50
2025-01-05 12:00:00.000,12:00,51.8
2025-01-05 13:00:00.000,13:00,51.199999999999996
2025-01-05 14:00:00.000,14:00,35.8
2025-01-05 15:00:00.000,15:00,19.2
2025-01-05 16:00:00.000,16:00,18
2025-01-05 17:00:00.000,17:00,17
2025-01-05 18:00:00.000,18:00,17.2
2025-01-05 19:00:00.000,19:00,15.8
2025-01-05 20:00:00.000,20:00,14.2
2025-01-05 21:00:00.000,21:00,12
2025-01-05 22:00:00.000,22:00,12
2025-01-05 23:00:00.000,23:00,12.4
2025-01-06 00:00:00.000,00:00,12.7
2025-01-06 01:00:00.000,01:00,12.100000000000001
2025-01-06 02:00:00.000,02:00,12
2025-01-06 03:00:00.000,03:00,13
2025-01-06 04:00:00.000,04:00,11.799999999999999
2025-01-06 05:00:00.000,05:00,12
2025-01-06 06:00:00.000,06:00,12
2025-01-06 07:00:00.000,07:00,14.8
2025-01-06 08:00:00.000,08:00,15
2025-01-06 09:00:00.000,09:00,15.2
2025-01-06 10:00:00.000,10:00,10
2025-01-06 11:00:00.000,11:00,10.200000000000001
2025-01-06 12:00:00.000,12:00,9.799999999999999
2025-01-06 13:00:00.000,13:00,10
2025-01-06 14:00:00.000,14:00,10
2025-01-06 15:00:00.000,15:00,9.200000000000001
2025-01-06 16:00:00.000,16:00,10
2025-01-06 17:00:00.000,17:00,10
2025-01-06 18:00:00.000,18:00,10.799999999999999
2025-01-06 19:00:00.000,19:00,10
2025-01-06 20:00:00.000,20:00,10
2025-01-06 21:00:00.000,21:00,11
2025-01-06 22:00:00.000,22:00,10
2025-01-06 23:00:00.000,23:00,10.4
2025-01-07 00:00:00.000,00:00,9.909090909090908
2025-01-07 01:00:00.000,01:00,10.89090909090909
2025-01-07 02:00:00.000,02:00,10.1
2025-01-07 03:00:00.000,03:00,10.736363636363636
2025-01-07 04:00:00.000,04:00,9.963636363636363
2025-01-07 05:00:00.000,05:00,11
2025-01-07 06:00:00.000,06:00,10
2025-01-07 07:00:00.000,07:00,11
2025-01-07 08:00:00.000,08:00,11
2025-01-07 09:00:00.000,09:00,10.200000000000001
2025-01-07 10:00:00.000,10:00,10.8
2025-01-07 11:00:00.000,11:00,10.2
2025-01-07 12:00:00.000,12:00,9.799999999999999
2025-01-07 13:00:00.000,13:00,10.200000000000001
2025-01-07 14:00:00.000,14:00,9.799999999999999
2025-01-07 15:00:00.000,15:00,10.200000000000001
2025-01-07 16:00:00.000,16:00,10.799999999999999
2025-01-07 17:00:00.000,17:00,11
2025-01-07 18:00:00.000,18:00,12
2025-01-07 19:00:00.000,19:00,11
2025-01-07 20:00:00.000,20:00,10.200000000000001
2025-01-07 21:00:00.000,21:00,11.799999999999999
2025-01-07 22:00:00.000,22:00,11
2025-01-07 23:00:00.000,23:00,10.4
2025-01-08 00:00:00.000,00:00,11.818181818181818
2025-01-08 01:00:00.000,01:00,10.981818181818182
2025-01-08 02:00:00.000,02:00,11.1
2025-01-08 03:00:00.000,03:00,11.736363636363636
2025-01-08 04:00:00.000,04:00,10.963636363636363
2025-01-08 05:00:00.000,05:00,11
2025-01-08 06:00:00.000,06:00,10
2025-01-08 07:00:00.000,07:00,11
2025-01-08 08:00:00.000,08:00,11
2025-01-08 09:00:00.000,09:00,10
2025-01-08 10:00:00.000,10:00,10
2025-01-08 11:00:00.000,11:00,10
2025-01-08 12:00:00.000,12:00,9.200000000000001
2025-01-08 13:00:00.000,13:00,10
2025-01-08 14:00:00.000,14:00,17.7
2025-01-08 15:00:00.000,15:00,35.9
2025-01-08 16:00:00.000,16:00,15
2025-01-08 17:00:00.000,17:00,15.2
2025-01-08 18:00:00.000,18:00,15
2025-01-08 19:00:00.000,19:00,14
2025-01-08 20:00:00.000,20:00,13
2025-01-08 21:00:00.000,21:00,13
2025-01-08 22:00:00.000,22:00,12
2025-01-08 23:00:00.000,23:00,13.4
2025-01-09 00:00:00.000,00:00,11.818181818181818
2025-01-09 01:00:00.000,01:00,12.881818181818183
2025-01-09 02:00:00.000,02:00,12.100000000000001
2025-01-09 03:00:00.000,03:00,13
2025-01-09 04:00:00.000,04:00,12.8
2025-01-09 05:00:00.000,05:00,12
2025-01-09 06:00:00.000,06:00,13
2025-01-09 07:00:00.000,07:00,14
2025-01-09 08:00:00.000,08:00,18.799999999999997
2025-01-09 09:00:00.000,09:00,20
2025-01-09 10:00:00.000,10:00,21.6
2025-01-09 11:00:00.000,11:00,20.4
2025-01-09 12:00:00.000,12:00,18
2025-01-09 13:00:00.000,13:00,22.400000000000002
2025-01-09 14:00:00.000,14:00,50.6
2025-01-09 15:00:00.000,15:00,48.6
2025-01-09 16:00:00.000,16:00,20.4
2025-01-09 17:00:00.000,17:00,14.2
2025-01-09 18:00:00.000,18:00,13.8
2025-01-09 19:00:00.000,19:00,13.2
2025-01-09 20:00:00.000,20:00,13.8
2025-01-09 21:00:00.000,21:00,13
2025-01-09 22:00:00.000,22:00,14.2
2025-01-09 23:00:00.000,23:00,13.4
2025-01-10 00:00:00.000,00:00,12.818181818181818
2025-01-10 01:00:00.000,01:00,12.98181818181818
2025-01-10 02:00:00.000,02:00,14
2025-01-10 03:00:00.000,03:00,13.9
2025-01-10 04:00:00.000,04:00,12.9
2025-01-10 05:00:00.000,05:00,14
2025-01-10 06:00:00.000,06:00,13
2025-01-10 07:00:00.000,07:00,14
2025-01-10 08:00:00.000,08:00,14
2025-01-10 09:00:00.000,09:00,15.8
2025-01-10 10:00:00.000,10:00,16
2025-01-10 11:00:00.000,11:00,13.2
2025-01-10 12:00:00.000,12:00,14.8
2025-01-10 13:00:00.000,13:00,15
2025-01-10 14:00:00.000,14:00,14.2
2025-01-10 15:00:00.000,15:00,16
2025-01-10 16:00:00.000,16:00,14
2025-01-10 17:00:00.000,17:00,14
2025-01-10 18:00:00.000,18:00,13
2025-01-10 19:00:00.000,19:00,12
2025-01-10 20:00:00.000,20:00,12
2025-01-10 21:00:00.000,21:00,12
2025-01-10 22:00:00.000,22:00,12
2025-01-10 23:00:00.000,23:00,11.4
2025-01-11 00:00:00.000,00:00,11.818181818181818
2025-01-11 01:00:00.000,01:00,11.981818181818182
2025-01-11 02:00:00.000,02:00,12
2025-01-11 03:00:00.000,03:00,11.836363636363636
2025-01-11 04:00:00.000,04:00,11.963636363636363
2025-01-11 05:00:00.000,05:00,12
2025-01-11 06:00:00.000,06:00,11
2025-01-11 07:00:00.000,07:00,14.8
2025-01-11 08:00:00.000,08:00,15
2025-01-11 09:00:00.000,09:00,39.6
2025-01-11 10:00:00.000,10:00,56.2
2025-01-11 11:00:00.000,11:00,43.199999999999996
2025-01-11 12:00:00.000,12:00,15.2
2025-01-11 13:00:00.000,13:00,14.8
2025-01-11 14:00:00.000,14:00,14.2
2025-01-11 15:00:00.000,15:00,13
2025-01-11 16:00:00.000,16:00,11.8
2025-01-11 17:00:00.000,17:00,12.2
2025-01-11 18:00:00.000,18:00,12
2025-01-11 19:00:00.000,19:00,13
2025-01-11 20:00:00.000,20:00,12
2025-01-11 21:00:00.000,21:00,12
2025-01-11 22:00:00.000,22:00,13
2025-01-11 23:00:00.000,23:00,13.4
2025-01-12 00:00:00.000,00:00,11.818181818181818
2025-01-12 01:00:00.000,01:00,12.981818181818182
2025-01-12 02:00:00.000,02:00,12
2025-01-12 03:00:00.000,03:00,12.899999999999999
2025-01-12 04:00:00.000,04:00,11.9
2025-01-12 05:00:00.000,05:00,12
2025-01-12 06:00:00.000,06:00,13
2025-01-12 07:00:00.000,07:00,12
2025-01-12 08:00:00.000,08:00,12
2025-01-12 09:00:00.000,09:00,13
2025-01-12 10:00:00.000,10:00,12
2025-01-12 11:00:00.000,11:00,12
2025-01-12 12:00:00.000,12:00,12
2025-01-12 13:00:00.000,13:00,12
2025-01-12 14:00:00.000,14:00,11.2
2025-01-12 15:00:00.000,15:00,11.799999999999999
2025-01-12 16:00:00.000,16:00,12
2025-01-12 17:00:00.000,17:00,12
2025-01-12 18:00:00.000,18:00,12
2025-01-12 19:00:00.000,19:00,12
2025-01-12 20:00:00.000,20:00,12
2025-01-12 21:00:00.000,21:00,12
2025-01-12 22:00:00.000,22:00,13
2025-01-12 23:00:00.000,23:00,12.4
2025-01-13 00:00:00.000,00:00,12.8
2025-01-13 01:00:00.000,01:00,12
2025-01-13 02:00:00.000,02:00,13.899999999999999
2025-01-13 03:00:00.000,03:00,12.754545454545454
2025-01-13 04:00:00.000,04:00,13.145454545454545
2025-01-13 05:00:00.000,05:00,12.600000000000001
2025-01-13 06:00:00.000,06:00,13.200000000000001
2025-01-13 07:00:00.000,07:00,14.2
2025-01-13 08:00:00.000,08:00,17
2025-01-13 09:00:00.000,09:00,40.599999999999994
2025-01-13 10:00:00.000,10:00,54.199999999999996
2025-01-13 11:00:00.000,11:00,16.2
2025-01-13 12:00:00.000,12:00,15.8
2025-01-13 13:00:00.000,13:00,15
2025-01-13 14:00:00.000,14:00,14.2
2025-01-13 15:00:00.000,15:00,13
2025-01-13 16:00:00.000,16:00,11
2025-01-13 17:00:00.000,17:00,13
2025-01-13 18:00:00.000,18:00,12.8
2025-01-13 19:00:00.000,19:00,13.2
2025-01-13 20:00:00.000,20:00,13
2025-01-13 21:00:00.000,21:00,13
2025-01-13 22:00:00.000,22:00,13
2025-01-13 23:00:00.000,23:00,13.4
2025-01-14 00:00:00.000,00:00,12.818181818181818
2025-01-14 01:00:00.000,01:00,12.981818181818182
2025-01-14 02:00:00.000,02:00,13
2025-01-14 03:00:00.000,03:00,14
2025-01-14 04:00:00.000,04:00,13.799999999999999
2025-01-14 05:00:00.000,05:00,13
2025-01-14 06:00:00.000,06:00,13.8
2025-01-14 07:00:00.000,07:00,14
2025-01-14 08:00:00.000,08:00,14
2025-01-14 09:00:00.000,09:00,16
2025-01-14 10:00:00.000,10:00,17.2
2025-01-14 11:00:00.000,11:00,15
2025-01-14 12:00:00.000,12:00,13.4
2025-01-14 13:00:00.000,13:00,16.4
2025-01-14 14:00:00.000,14:00,15
2025-01-14 15:00:00.000,15:00,14.2
2025-01-14 16:00:00.000,16:00,10.200000000000001
2025-01-14 17:00:00.000,17:00,10.799999999999999
2025-01-14 18:00:00.000,18:00,11
2025-01-14 19:00:00.000,19:00,11
2025-01-14 20:00:00.000,20:00,11
2025-01-14 21:00:00.000,21:00,12
2025-01-14 22:00:00.000,22:00,11.200000000000001
2025-01-14 23:00:00.000,23:00,11.2
2025-01-15 00:00:00.000,00:00,12.8
2025-01-15 01:00:00.000,01:00,11.899999999999999
2025-01-15 02:00:00.000,02:00,12.100000000000001
2025-01-15 03:00:00.000,03:00,12.654545454545453
2025-01-15 04:00:00.000,04:00,12.145454545454545
2025-01-15 05:00:00.000,05:00,13
2025-01-15 06:00:00.000,06:00,12
2025-01-15 07:00:00.000,07:00,13
2025-01-15 08:00:00.000,08:00,13
2025-01-15 09:00:00.000,09:00,13
2025-01-15 10:00:00.000,10:00,13.8
2025-01-15 11:00:00.000,11:00,14.2
2025-01-15 12:00:00.000,12:00,14
2025-01-15 13:00:00.000,13:00,13
2025-01-15 14:00:00.000,14:00,14.8
2025-01-15 15:00:00.000,15:00,15
2025-01-15 16:00:00.000,16:00,12.4
2025-01-15 17:00:00.000,17:00,11.8
2025-01-15 18:00:00.000,18:00,12
2025-01-15 19:00:00.000,19:00,13
2025-01-15 20:00:00.000,20:00,11
2025-01-15 21:00:00.000,21:00,13
2025-01-15 22:00:00.000,22:00,12
2025-01-15 23:00:00.000,23:00,12.4
2025-01-16 00:00:00.000,00:00,11.8
2025-01-16 01:00:00.000,01:00,12
2025-01-16 02:00:00.000,02:00,12
2025-01-16 03:00:00.000,03:00,11.799999999999999
2025-01-16 04:00:00.000,04:00,12.200000000000001
2025-01-16 05:00:00.000,05:00,11.799999999999999
2025-01-16 06:00:00.000,06:00,13
2025-01-16 07:00:00.000,07:00,14.600000000000001
2025-01-16 08:00:00.000,08:00,17.2
2025-01-16 09:00:00.000,09:00,16
2025-01-16 10:00:00.000,10:00,15.2
2025-01-16 11:00:00.000,11:00,14
2025-01-16 12:00:00.000,12:00,13
2025-01-16 13:00:00.000,13:00,13
2025-01-16 14:00:00.000,14:00,11
2025-01-16 15:00:00.000,15:00,11
2025-01-16 16:00:00.000,16:00,13
2025-01-16 17:00:00.000,17:00,13
2025-01-16 18:00:00.000,18:00,12
2025-01-16 19:00:00.000,19:00,11.8
2025-01-16 20:00:00.000,20:00,11.2
2025-01-16 21:00:00.000,21:00,12
2025-01-16 22:00:00.000,22:00,12
2025-01-16 23:00:00.000,23:00,12.4
2025-01-17 00:00:00.000,00:00,12.8
2025-01-17 01:00:00.000,01:00,12
2025-01-17 02:00:00.000,02:00,13
2025-01-17 03:00:00.000,03:00,12.836363636363636
2025-01-17 04:00:00.000,04:00,11.963636363636363
2025-01-17 05:00:00.000,05:00,14
2025-01-17 06:00:00.000,06:00,13.8
2025-01-17 07:00:00.000,07:00,15
2025-01-17 08:00:00.000,08:00,16.2
2025-01-17 09:00:00.000,09:00,15.8
2025-01-17 10:00:00.000,10:00,15
2025-01-17 11:00:00.000,11:00,14
2025-01-17 12:00:00.000,12:00,12.2
2025-01-17 13:00:00.000,13:00,13
2025-01-17 14:00:00.000,14:00,11
2025-01-17 15:00:00.000,15:00,11
2025-01-17 16:00:00.000,16:00,11
2025-01-17 17:00:00.000,17:00,12
2025-01-17 18:00:00.000,18:00,12
2025-01-17 19:00:00.000,19:00,12
2025-01-17 20:00:00.000,20:00,12
2025-01-17 21:00:00.000,21:00,12.8
2025-01-17 22:00:00.000,22:00,13
2025-01-17 23:00:00.000,23:00,13.6
2025-01-18 00:00:00.000,00:00,13.7
2025-01-18 01:00:00.000,01:00,13.100000000000001
2025-01-18 02:00:00.000,02:00,14
2025-01-18 03:00:00.000,03:00,13.799999999999999
2025-01-18 04:00:00.000,04:00,14
2025-01-18 05:00:00.000,05:00,14
2025-01-18 06:00:00.000,06:00,14
2025-01-18 07:00:00.000,07:00,18.4
2025-01-18 08:00:00.000,08:00,23.2
2025-01-18 09:00:00.000,09:00,50
2025-01-18 10:00:00.000,10:00,30.2
2025-01-18 11:00:00.000,11:00,18.8
2025-01-18 12:00:00.000,12:00,19.2
2025-01-18 13:00:00.000,13:00,19
2025-01-18 14:00:00.000,14:00,17.2
2025-01-18 15:00:00.000,15:00,13
2025-01-18 16:00:00.000,16:00,11
2025-01-18 17:00:00.000,17:00,11
2025-01-18 18:00:00.000,18:00,12
2025-01-18 19:00:00.000,19:00,11
2025-01-18 20:00:00.000,20:00,12
2025-01-18 21:00:00.000,21:00,11
2025-01-18 22:00:00.000,22:00,12
2025-01-18 23:00:00.000,23:00,12.4
2025-01-19 00:00:00.000,00:00,10.9
2025-01-19 01:00:00.000,01:00,12.9
2025-01-19 02:00:00.000,02:00,11.1
2025-01-19 03:00:00.000,03:00,12.5
2025-01-19 04:00:00.000,04:00,12.2
2025-01-19 05:00:00.000,05:00,11
2025-01-19 06:00:00.000,06:00,13.8
2025-01-19 07:00:00.000,07:00,11.4
2025-01-19 08:00:00.000,08:00,13.799999999999999
2025-01-19 09:00:00.000,09:00,13
2025-01-19 10:00:00.000,10:00,13.8
2025-01-19 11:00:00.000,11:00,12.2
2025-01-19 12:00:00.000,12:00,13
2025-01-19 13:00:00.000,13:00,13
2025-01-19 14:00:00.000,14:00,13.8
2025-01-19 15:00:00.000,15:00,13.2
2025-01-19 16:00:00.000,16:00,12
2025-01-19 17:00:00.000,17:00,11
2025-01-19 18:00:00.000,18:00,12
2025-01-19 19:00:00.000,19:00,12
2025-01-19 20:00:00.000,20:00,13
2025-01-19 21:00:00.000,21:00,12.8
2025-01-19 22:00:00.000,22:00,12.2
2025-01-19 23:00:00.000,23:00,12.4
2025-01-20 00:00:00.000,00:00,12.2
2025-01-20 01:00:00.000,01:00,13.600000000000001
2025-01-20 02:00:00.000,02:00,12
2025-01-20 03:00:00.000,03:00,12.799999999999999
2025-01-20 04:00:00.000,04:00,13.8
2025-01-20 05:00:00.000,05:00,12.2
2025-01-20 06:00:00.000,06:00,13
2025-01-20 07:00:00.000,07:00,14.8
2025-01-20 08:00:00.000,08:00,16
2025-01-20 09:00:00.000,09:00,39
2025-01-20 10:00:00.000,10:00,21
2025-01-20 11:00:00.000,11:00,16
2025-01-20 12:00:00.000,12:00,15
2025-01-20 13:00:00.000,13:00,14
2025-01-20 14:00:00.000,14:00,13.2
2025-01-20 15:00:00.000,15:00,10.200000000000001
2025-01-20 16:00:00.000,16:00,10.799999999999999
2025-01-20 17:00:00.000,17:00,10
2025-01-20 18:00:00.000,18:00,11
2025-01-20 19:00:00.000,19:00,11
2025-01-20 20:00:00.000,20:00,12
2025-01-20 21:00:00.000,21:00,11
2025-01-20 22:00:00.000,22:00,12
2025-01-20 23:00:00.000,23:00,12.4
2025-01-21 00:00:00.000,00:00,11.8
2025-01-21 01:00:00.000,01:00,13
2025-01-21 02:00:00.000,02:00,12
2025-01-21 03:00:00.000,03:00,13.6
2025-01-21 04:00:00.000,04:00,12.2
2025-01-21 05:00:00.000,05:00,13
2025-01-21 06:00:00.000,06:00,13
2025-01-21 07:00:00.000,07:00,13
2025-01-21 08:00:00.000,08:00,12.600000000000001
2025-01-21 09:00:00.000,09:00,13.4
2025-01-21 10:00:00.000,10:00,13
2025-01-21 11:00:00.000,11:00,11.200000000000001
2025-01-21 12:00:00.000,12:00,10.8
2025-01-21 13:00:00.000,13:00,10.2
2025-01-21 14:00:00.000,14:00,10
2025-01-21 15:00:00.000,15:00,9.8
2025-01-21 16:00:00.000,16:00,10
2025-01-21 17:00:00.000,17:00,9.200000000000001
2025-01-21 18:00:00.000,18:00,9.799999999999999
2025-01-21 19:00:00.000,19:00,10.200000000000001
2025-01-21 20:00:00.000,20:00,9.799999999999999
2025-01-21 21:00:00.000,21:00,10
2025-01-21 22:00:00.000,22:00,11
2025-01-21 23:00:00.000,23:00,9.4
2025-01-22 00:00:00.000,00:00,8.9
2025-01-22 01:00:00.000,01:00,10.9
2025-01-22 02:00:00.000,02:00,9.1
2025-01-22 03:00:00.000,03:00,9.7
2025-01-22 04:00:00.000,04:00,9.200000000000001
2025-01-22 05:00:00.000,05:00,10.799999999999999
2025-01-22 06:00:00.000,06:00,10
2025-01-22 07:00:00.000,07:00,10
2025-01-22 08:00:00.000,08:00,10.200000000000001
2025-01-22 09:00:00.000,09:00,10
2025-01-22 10:00:00.000,10:00,9
2025-01-22 11:00:00.000,11:00,9
2025-01-22 12:00:00.000,12:00,9.8
2025-01-22 13:00:00.000,13:00,8
2025-01-22 14:00:00.000,14:00,8.200000000000001
2025-01-22 15:00:00.000,15:00,8.8
2025-01-22 16:00:00.000,16:00,9
2025-01-22 17:00:00.000,17:00,8.200000000000001
2025-01-22 18:00:00.000,18:00,8.8
2025-01-22 19:00:00.000,19:00,9.2
2025-01-22 20:00:00.000,20:00,9
2025-01-22 21:00:00.000,21:00,9
2025-01-22 22:00:00.000,22:00,9
2025-01-22 23:00:00.000,23:00,10.2
2025-01-23 00:00:00.000,00:00,9.8
2025-01-23 01:00:00.000,01:00,9.100000000000001
2025-01-23 02:00:00.000,02:00,10
2025-01-23 03:00:00.000,03:00,10.7
2025-01-23 04:00:00.000,04:00,11
2025-01-23 05:00:00.000,05:00,10
2025-01-23 06:00:00.000,06:00,10
2025-01-23 07:00:00.000,07:00,12.8
2025-01-23 08:00:00.000,08:00,13.2
2025-01-23 09:00:00.000,09:00,12
2025-01-23 10:00:00.000,10:00,10
2025-01-23 11:00:00.000,11:00,10
2025-01-23 12:00:00.000,12:00,10
2025-01-23 13:00:00.000,13:00,9
2025-01-23 14:00:00.000,14:00,9
2025-01-23 15:00:00.000,15:00,9.200000000000001
2025-01-23 16:00:00.000,16:00,8.8
2025-01-23 17:00:00.000,17:00,9.200000000000001
2025-01-23 18:00:00.000,18:00,8.8
2025-01-23 19:00:00.000,19:00,9.2
2025-01-23 20:00:00.000,20:00,10
2025-01-23 21:00:00.000,21:00,9
2025-01-23 22:00:00.000,22:00,9.8
2025-01-23 23:00:00.000,23:00,9.4
2025-01-24 00:00:00.000,00:00,9.9
2025-01-24 01:00:00.000,01:00,9.9
2025-01-24 02:00:00.000,02:00,9.100000000000001
2025-01-24 03:00:00.000,03:00,10.736363636363636
2025-01-24 04:00:00.000,04:00,9.163636363636364
2025-01-24 05:00:00.000,05:00,9.799999999999999
2025-01-24 06:00:00.000,06:00,10
2025-01-24 07:00:00.000,07:00,10
2025-01-24 08:00:00.000,08:00,9
2025-01-24 09:00:00.000,09:00,10
2025-01-24 10:00:00.000,10:00,9.2
2025-01-24 11:00:00.000,11:00,9.8
2025-01-24 12:00:00.000,12:00,9.2
2025-01-24 13:00:00.000,13:00,8
2025-01-24 14:00:00.000,14:00,8
2025-01-24 15:00:00.000,15:00,9
2025-01-24 16:00:00.000,16:00,8
2025-01-24 17:00:00.000,17:00,8.8
2025-01-24 18:00:00.000,18:00,8.2
2025-01-24 19:00:00.000,19:00,9
2025-01-24 20:00:00.000,20:00,8.8
2025-01-24 21:00:00.000,21:00,8.200000000000001
2025-01-24 22:00:00.000,22:00,9
2025-01-24 23:00:00.000,23:00,8.2
2025-01-25 00:00:00.000,00:00,8.8
2025-01-25 01:00:00.000,01:00,9
2025-01-25 02:00:00.000,02:00,8.1
2025-01-25 03:00:00.000,03:00,8.9
2025-01-25 04:00:00.000,04:00,9
2025-01-25 05:00:00.000,05:00,8.8
2025-01-25 06:00:00.000,06:00,9
2025-01-25 07:00:00.000,07:00,10
2025-01-25 08:00:00.000,08:00,11
2025-01-25 09:00:00.000,09:00,10
2025-01-25 10:00:00.000,10:00,9
2025-01-25 11:00:00.000,11:00,9
2025-01-25 12:00:00.000,12:00,7.4
2025-01-25 13:00:00.000,13:00,9.6
2025-01-25 14:00:00.000,14:00,8.200000000000001
2025-01-25 15:00:00.000,15:00,9
2025-01-25 16:00:00.000,16:00,7
2025-01-25 17:00:00.000,17:00,9
2025-01-25 18:00:00.000,18:00,8.8
2025-01-25 19:00:00.000,19:00,10
2025-01-25 20:00:00.000,20:00,9.200000000000001
2025-01-25 21:00:00.000,21:00,10
2025-01-25 22:00:00.000,22:00,10.8
2025-01-25 23:00:00.000,23:00,10.4
2025-01-26 00:00:00.000,00:00,10.8
2025-01-26 01:00:00.000,01:00,10.1
2025-01-26 02:00:00.000,02:00,10.9
2025-01-26 03:00:00.000,03:00,11
2025-01-26 04:00:00.000,04:00,10.8
2025-01-26 05:00:00.000,05:00,10
2025-01-26 06:00:00.000,06:00,11
2025-01-26 07:00:00.000,07:00,10
2025-01-26 08:00:00.000,08:00,10
2025-01-26 09:00:00.000,09:00,10
2025-01-26 10:00:00.000,10:00,10
2025-01-26 11:00:00.000,11:00,9.200000000000001
2025-01-26 12:00:00.000,12:00,10
2025-01-26 13:00:00.000,13:00,9.8
2025-01-26 14:00:00.000,14:00,9
2025-01-26 15:00:00.000,15:00,9
2025-01-26 16:00:00.000,16:00,9.200000000000001
2025-01-26 17:00:00.000,17:00,9
2025-01-26 18:00:00.000,18:00,9
2025-01-26 19:00:00.000,19:00,9.8
2025-01-26 20:00:00.000,20:00,9
2025-01-26 21:00:00.000,21:00,9.2
2025-01-26 22:00:00.000,22:00,9
2025-01-26 23:00:00.000,23:00,9.2
2025-01-27 00:00:00.000,00:00,8.8
2025-01-27 01:00:00.000,01:00,8.100000000000001
2025-01-27 02:00:00.000,02:00,9
2025-01-27 03:00:00.000,03:00,8.9
2025-01-27 04:00:00.000,04:00,8.8
2025-01-27 05:00:00.000,05:00,8.200000000000001
2025-01-27 06:00:00.000,06:00,9
2025-01-27 07:00:00.000,07:00,10
2025-01-27 08:00:00.000,08:00,11.799999999999999
2025-01-27 09:00:00.000,09:00,35.8
2025-01-27 10:00:00.000,10:00,39.2
2025-01-27 11:00:00.000,11:00,11.200000000000001
2025-01-27 12:00:00.000,12:00,11.799999999999999
2025-01-27 13:00:00.000,13:00,10
2025-01-27 14:00:00.000,14:00,8.200000000000001
2025-01-27 15:00:00.000,15:00,9
2025-01-27 16:00:00.000,16:00,8.8
2025-01-27 17:00:00.000,17:00,9.200000000000001
2025-01-27 18:00:00.000,18:00,9.799999999999999
2025-01-27 19:00:00.000,19:00,9
2025-01-27 20:00:00.000,20:00,9
2025-01-27 21:00:00.000,21:00,10
2025-01-27 22:00:00.000,22:00,9
2025-01-27 23:00:00.000,23:00,9.4
2025-01-28 00:00:00.000,00:00,8.9
2025-01-28 01:00:00.000,01:00,9
2025-01-28 02:00:00.000,02:00,10.9
2025-01-28 03:00:00.000,03:00,9
2025-01-28 04:00:00.000,04:00,9.799999999999999
2025-01-28 05:00:00.000,05:00,10
2025-01-28 06:00:00.000,06:00,9.2
2025-01-28 07:00:00.000,07:00,9.8
2025-01-28 08:00:00.000,08:00,10
2025-01-28 09:00:00.000,09:00,9.2
2025-01-28 10:00:00.000,10:00,9.799999999999999
2025-01-28 11:00:00.000,11:00,10.200000000000001
2025-01-28 12:00:00.000,12:00,9
2025-01-28 13:00:00.000,13:00,9
2025-01-28 14:00:00.000,14:00,8.2
2025-01-28 15:00:00.000,15:00,8.8
2025-01-28 16:00:00.000,16:00,8.8
2025-01-28 17:00:00.000,17:00,9.2
2025-01-28 18:00:00.000,18:00,8.8
2025-01-28 19:00:00.000,19:00,9
2025-01-28 20:00:00.000,20:00,9
2025-01-28 21:00:00.000,21:00,9.200000000000001
2025-01-28 22:00:00.000,22:00,9.8
2025-01-28 23:00:00.000,23:00,9.4
2025-01-29 00:00:00.000,00:00,8.9
2025-01-29 01:00:00.000,01:00,10
2025-01-29 02:00:00.000,02:00,9.9
2025-01-29 03:00:00.000,03:00,9
2025-01-29 04:00:00.000,04:00,10
2025-01-29 05:00:00.000,05:00,10.799999999999999
2025-01-29 06:00:00.000,06:00,9.200000000000001
2025-01-29 07:00:00.000,07:00,9.799999999999999
2025-01-29 08:00:00.000,08:00,9
2025-01-29 09:00:00.000,09:00,10.200000000000001
2025-01-29 10:00:00.000,10:00,9.8
2025-01-29 11:00:00.000,11:00,9.200000000000001
2025-01-29 12:00:00.000,12:00,9.799999999999999
2025-01-29 13:00:00.000,13:00,10
2025-01-29 14:00:00.000,14:00,9.200000000000001
2025-01-29 15:00:00.000,15:00,9.8
2025-01-29 16:00:00.000,16:00,9.200000000000001
2025-01-29 17:00:00.000,17:00,9.8
2025-01-29 18:00:00.000,18:00,10
2025-01-29 19:00:00.000,19:00,10
2025-01-29 20:00:00.000,20:00,10
2025-01-29 21:00:00.000,21:00,9.200000000000001
2025-01-29 22:00:00.000,22:00,10
2025-01-29 23:00:00.000,23:00,9.2
2025-01-30 00:00:00.000,00:00,9.9
2025-01-30 01:00:00.000,01:00,10
2025-01-30 02:00:00.000,02:00,10.9
2025-01-30 03:00:00.000,03:00,9.8
2025-01-30 04:00:00.000,04:00,10.200000000000001
2025-01-30 05:00:00.000,05:00,10.799999999999999
2025-01-30 06:00:00.000,06:00,10
2025-01-30 07:00:00.000,07:00,13
2025-01-30 08:00:00.000,08:00,14.8
2025-01-30 09:00:00.000,09:00,15.2
2025-01-30 10:00:00.000,10:00,13.8
2025-01-30 11:00:00.000,11:00,14.2
2025-01-30 12:00:00.000,12:00,13
2025-01-30 13:00:00.000,13:00,13
2025-01-30 14:00:00.000,14:00,14
2025-01-30 15:00:00.000,15:00,13
2025-01-30 16:00:00.000,16:00,11.2
2025-01-30 17:00:00.000,17:00,9
2025-01-30 18:00:00.000,18:00,10.799999999999999
2025-01-30 19:00:00.000,19:00,9
2025-01-30 20:00:00.000,20:00,10
2025-01-30 21:00:00.000,21:00,9.2
2025-01-30 22:00:00.000,22:00,9.799999999999999
2025-01-30 23:00:00.000,23:00,10.4
2025-01-31 00:00:00.000,00:00,9.9
2025-01-31 01:00:00.000,01:00,11.9
2025-01-31 02:00:00.000,02:00,12
2025-01-31 03:00:00.000,03:00,10.799999999999999
2025-01-31 04:00:00.000,04:00,13
2025-01-31 05:00:00.000,05:00,12
2025-01-31 06:00:00.000,06:00,12
2025-01-31 07:00:00.000,07:00,12.8
2025-01-31 08:00:00.000,08:00,12.2
2025-01-31 09:00:00.000,09:00,12
2025-01-31 10:00:00.000,10:00,12
2025-01-31 11:00:00.000,11:00,11
2025-01-31 12:00:00.000,12:00,13
2025-01-31 13:00:00.000,13:00,11.200000000000001
2025-01-31 14:00:00.000,14:00,12.799999999999999
2025-01-31 15:00:00.000,15:00,13
2025-01-31 16:00:00.000,16:00,11
2025-01-31 17:00:00.000,17:00,8.4
2025-01-31 18:00:00.000,18:00,12.6
2025-01-31 19:00:00.000,19:00,10.200000000000001
2025-01-31 20:00:00.000,20:00,10.799999999999999
2025-01-31 21:00:00.000,21:00,11
2025-01-31 22:00:00.000,22:00,11
2025-01-31 23:00:00.000,23:00,11.4
2025-02-01 00:00:00.000,00:00,10.8
2025-02-01 01:00:00.000,01:00,12
2025-02-01 02:00:00.000,02:00,12
2025-02-01 03:00:00.000,03:00,10.8
2025-02-01 04:00:00.000,04:00,11
2025-02-01 05:00:00.000,05:00,12
2025-02-01 06:00:00.000,06:00,12
2025-02-01 07:00:00.000,07:00,13
2025-02-01 08:00:00.000,08:00,15
2025-02-01 09:00:00.000,09:00,24.799999999999997
2025-02-01 10:00:00.000,10:00,42
2025-02-01 11:00:00.000,11:00,18.8
2025-02-01 12:00:00.000,12:00,21
2025-02-01 13:00:00.000,13:00,17.4
2025-02-01 14:00:00.000,14:00,13
2025-02-01 15:00:00.000,15:00,12
2025-02-01 16:00:00.000,16:00,11
2025-02-01 17:00:00.000,17:00,12
2025-02-01 18:00:00.000,18:00,11
2025-02-01 19:00:00.000,19:00,12
2025-02-01 20:00:00.000,20:00,12
2025-02-01 21:00:00.000,21:00,12
2025-02-01 22:00:00.000,22:00,12
2025-02-01 23:00:00.000,23:00,12.4
2025-02-02 00:00:00.000,00:00,12.8
2025-02-02 01:00:00.000,01:00,13
2025-02-02 02:00:00.000,02:00,14
2025-02-02 03:00:00.000,03:00,11.2
2025-02-02 04:00:00.000,04:00,14.4
2025-02-02 05:00:00.000,05:00,13.2
2025-02-02 06:00:00.000,06:00,13
2025-02-02 07:00:00.000,07:00,13
2025-02-02 08:00:00.000,08:00,14
2025-02-02 09:00:00.000,09:00,13
2025-02-02 10:00:00.000,10:00,13
2025-02-02 11:00:00.000,11:00,13
2025-02-02 12:00:00.000,12:00,13
2025-02-02 13:00:00.000,13:00,12
2025-02-02 14:00:00.000,14:00,11
2025-02-02 15:00:00.000,15:00,12
2025-02-02 16:00:00.000,16:00,11
2025-02-02 17:00:00.000,17:00,11
2025-02-02 18:00:00.000,18:00,12
2025-02-02 19:00:00.000,19:00,12
2025-02-02 20:00:00.000,20:00,13
2025-02-02 21:00:00.000,21:00,12
2025-02-02 22:00:00.000,22:00,14
2025-02-02 23:00:00.000,23:00,12.4
2025-02-03 00:00:00.000,00:00,12.8
2025-02-03 01:00:00.000,01:00,13
2025-02-03 02:00:00.000,02:00,13
2025-02-03 03:00:00.000,03:00,13.799999999999999
2025-02-03 04:00:00.000,04:00,13
2025-02-03 05:00:00.000,05:00,13
2025-02-03 06:00:00.000,06:00,14
2025-02-03 07:00:00.000,07:00,15
2025-02-03 08:00:00.000,08:00,19.599999999999998
2025-02-03 09:00:00.000,09:00,21.2
2025-02-03 10:00:00.000,10:00,17
2025-02-03 11:00:00.000,11:00,16
2025-02-03 12:00:00.000,12:00,16
2025-02-03 13:00:00.000,13:00,14.6
2025-02-03 14:00:00.000,14:00,16.4
2025-02-03 15:00:00.000,15:00,14.2
2025-02-03 16:00:00.000,16:00,13
2025-02-03 17:00:00.000,17:00,14
2025-02-03 18:00:00.000,18:00,13
2025-02-03 19:00:00.000,19:00,14
2025-02-03 20:00:00.000,20:00,14
2025-02-03 21:00:00.000,21:00,14
2025-02-03 22:00:00.000,22:00,14
2025-02-03 23:00:00.000,23:00,14.4
2025-02-04 00:00:00.000,00:00,13.8
2025-02-04 01:00:00.000,01:00,14
2025-02-04 02:00:00.000,02:00,14.899999999999999
2025-02-04 03:00:00.000,03:00,14.700000000000001
2025-02-04 04:00:00.000,04:00,14.2
2025-02-04 05:00:00.000,05:00,14.8
2025-02-04 06:00:00.000,06:00,14.2
2025-02-04 07:00:00.000,07:00,18.8
2025-02-04 08:00:00.000,08:00,41.800000000000004
2025-02-04 09:00:00.000,09:00,20.2
2025-02-04 10:00:00.000,10:00,27
2025-02-04 11:00:00.000,11:00,26.8
2025-02-04 12:00:00.000,12:00,21
2025-02-04 13:00:00.000,13:00,20.6
2025-02-04 14:00:00.000,14:00,18.8
2025-02-04 15:00:00.000,15:00,15
2025-02-04 16:00:00.000,16:00,13.8
2025-02-04 17:00:00.000,17:00,13.7
2025-02-04 18:00:00.000,18:00,14
2025-02-04 19:00:00.000,19:00,13
2025-02-04 20:00:00.000,20:00,13
2025-02-04 21:00:00.000,21:00,14
2025-02-04 22:00:00.000,22:00,14.3
2025-02-04 23:00:00.000,23:00,13.6
2025-02-05 00:00:00.000,00:00,14.8
2025-02-05 01:00:00.000,01:00,14
2025-02-05 02:00:00.000,02:00,14.899999999999999
2025-02-05 03:00:00.000,03:00,13.9
2025-02-05 04:00:00.000,04:00,14
2025-02-05 05:00:00.000,05:00,15
2025-02-05 06:00:00.000,06:00,14.8
2025-02-05 07:00:00.000,07:00,14.2
2025-02-05 08:00:00.000,08:00,24.6
2025-02-05 09:00:00.000,09:00,47
2025-02-05 10:00:00.000,10:00,35.199999999999996
2025-02-05 11:00:00.000,11:00,21
2025-02-05 12:00:00.000,12:00,14.2
2025-02-05 13:00:00.000,13:00,18.8
2025-02-05 14:00:00.000,14:00,19
2025-02-05 15:00:00.000,15:00,15.2
2025-02-05 16:00:00.000,16:00,13
2025-02-05 17:00:00.000,17:00,12
2025-02-05 18:00:00.000,18:00,9.8
2025-02-05 19:00:00.000,19:00,11
2025-02-05 20:00:00.000,20:00,11
2025-02-05 21:00:00.000,21:00,11
2025-02-05 22:00:00.000,22:00,10.299999999999999
2025-02-05 23:00:00.000,23:00,11.3
2025-02-06 00:00:00.000,00:00,11.8
2025-02-06 01:00:00.000,01:00,11
2025-02-06 02:00:00.000,02:00,11.018181818181818
2025-02-06 03:00:00.000,03:00,11.781818181818181
2025-02-06 04:00:00.000,04:00,11
2025-02-06 05:00:00.000,05:00,12
2025-02-06 06:00:00.000,06:00,11
2025-02-06 07:00:00.000,07:00,14
2025-02-06 08:00:00.000,08:00,16.8
2025-02-06 09:00:00.000,09:00,16.2
2025-02-06 10:00:00.000,10:00,19.2
2025-02-06 11:00:00.000,11:00,25.4
2025-02-06 12:00:00.000,12:00,19.40377358490566
2025-02-06 13:00:00.000,13:00,19.245283018867926
2025-02-06 14:00:00.000,14:00,18.150943396226417
2025-02-06 15:00:00.000,15:00,15.8
2025-02-06 16:00:00.000,16:00,16.9
2025-02-06 17:00:00.000,17:00,14.700000000000001
2025-02-06 18:00:00.000,18:00,12.2
2025-02-06 19:00:00.000,19:00,11
2025-02-06 20:00:00.000,20:00,11
2025-02-06 21:00:00.000,21:00,11
2025-02-06 22:00:00.000,22:00,12
2025-02-06 23:00:00.000,23:00,11.4
2025-02-07 00:00:00.000,00:00,11.8
2025-02-07 01:00:00.000,01:00,12
2025-02-07 02:00:00.000,02:00,12
2025-02-07 03:00:00.000,03:00,11.799999999999999
2025-02-07 04:00:00.000,04:00,12
2025-02-07 05:00:00.000,05:00,12.8
2025-02-07 06:00:00.000,06:00,11.2
2025-02-07 07:00:00.000,07:00,12
2025-02-07 08:00:00.000,08:00,14
2025-02-07 09:00:00.000,09:00,27
2025-02-07 10:00:00.000,10:00,31.599999999999998
2025-02-07 11:00:00.000,11:00,21.2
2025-02-07 12:00:00.000,12:00,20
2025-02-07 13:00:00.000,13:00,19
2025-02-07 14:00:00.000,14:00,14.2
2025-02-07 15:00:00.000,15:00,15
2025-02-07 16:00:00.000,16:00,14
2025-02-07 17:00:00.000,17:00,10.127272727272727
2025-02-07 18:00:00.000,18:00,9.972727272727273
2025-02-07 19:00:00.000,19:00,9.700000000000001
2025-02-07 20:00:00.000,20:00,10
2025-02-07 21:00:00.000,21:00,9
2025-02-07 22:00:00.000,22:00,10
2025-02-07 23:00:00.000,23:00,9.6
2025-02-08 00:00:00.000,00:00,10.8
2025-02-08 01:00:00.000,01:00,10.1
2025-02-08 02:00:00.000,02:00,10.9
2025-02-08 03:00:00.000,03:00,9.799999999999999
2025-02-08 04:00:00.000,04:00,10.200000000000001
2025-02-08 05:00:00.000,05:00,10.8
2025-02-08 06:00:00.000,06:00,11
2025-02-08 07:00:00.000,07:00,28.799999999999997
2025-02-08 08:00:00.000,08:00,19.8
2025-02-08 09:00:00.000,09:00,20
2025-02-08 10:00:00.000,10:00,20
2025-02-08 11:00:00.000,11:00,38.199999999999996
2025-02-08 12:00:00.000,12:00,18
2025-02-08 13:00:00.000,13:00,17
2025-02-08 14:00:00.000,14:00,16
2025-02-08 15:00:00.000,15:00,17.8
2025-02-08 16:00:00.000,16:00,17.2
2025-02-08 17:00:00.000,17:00,16.7
2025-02-08 18:00:00.000,18:00,15.3
2025-02-08 19:00:00.000,19:00,15.7
2025-02-08 20:00:00.000,20:00,15.3
2025-02-08 21:00:00.000,21:00,15
2025-02-08 22:00:00.000,22:00,15
2025-02-08 23:00:00.000,23:00,13.6
2025-02-09 00:00:00.000,00:00,14.8
2025-02-09 01:00:00.000,01:00,14.899999999999999
2025-02-09 02:00:00.000,02:00,13.936363636363637
2025-02-09 03:00:00.000,03:00,14.763636363636364
2025-02-09 04:00:00.000,04:00,14
2025-02-09 05:00:00.000,05:00,14.2
2025-02-09 06:00:00.000,06:00,14.8
2025-02-09 07:00:00.000,07:00,17
2025-02-09 08:00:00.000,08:00,29
2025-02-09 09:00:00.000,09:00,46.8
2025-02-09 10:00:00.000,10:00,35
2025-02-09 11:00:00.000,11:00,45
2025-02-09 12:00:00.000,12:00,54
2025-02-09 13:00:00.000,13:00,48.199999999999996
2025-02-09 14:00:00.000,14:00,30
2025-02-09 15:00:00.000,15:00,19
2025-02-09 16:00:00.000,16:00,21
2025-02-09 17:00:00.000,17:00,18
2025-02-09 18:00:00.000,18:00,18
2025-02-09 19:00:00.000,19:00,13.1
2025-02-09 20:00:00.000,20:00,14.6
2025-02-09 21:00:00.000,21:00,11.600000000000001
2025-02-09 22:00:00.000,22:00,11.700000000000001
2025-02-09 23:00:00.000,23:00,10.6
2025-02-10 00:00:00.000,00:00,11.8
2025-02-10 01:00:00.000,01:00,11
2025-02-10 02:00:00.000,02:00,11
2025-02-10 03:00:00.000,03:00,11.799999999999999
2025-02-10 04:00:00.000,04:00,11
2025-02-10 05:00:00.000,05:00,12
2025-02-10 06:00:00.000,06:00,11
2025-02-10 07:00:00.000,07:00,13.8
2025-02-10 08:00:00.000,08:00,22.6
2025-02-10 09:00:00.000,09:00,44.4
2025-02-10 10:00:00.000,10:00,19
2025-02-10 11:00:00.000,11:00,34
2025-02-10 12:00:00.000,12:00,49.2
2025-02-10 13:00:00.000,13:00,26
2025-02-10 14:00:00.000,14:00,18.4
2025-02-10 15:00:00.000,15:00,20.6
2025-02-10 16:00:00.000,16:00,15
2025-02-10 17:00:00.000,17:00,11.8
2025-02-10 18:00:00.000,18:00,12
2025-02-10 19:00:00.000,19:00,13
2025-02-10 20:00:00.000,20:00,13.7
2025-02-10 21:00:00.000,21:00,13.3
2025-02-10 22:00:00.000,22:00,13
2025-02-10 23:00:00.000,23:00,13.6
2025-02-11 00:00:00.000,00:00,12.8
2025-02-11 01:00:00.000,01:00,14
2025-02-11 02:00:00.000,02:00,13.899999999999999
2025-02-11 03:00:00.000,03:00,12.9
2025-02-11 04:00:00.000,04:00,14.8
2025-02-11 05:00:00.000,05:00,14.2
2025-02-11 06:00:00.000,06:00,13.8
2025-02-11 07:00:00.000,07:00,25
2025-02-11 08:00:00.000,08:00,20.8
2025-02-11 09:00:00.000,09:00,36.2
2025-02-11 10:00:00.000,10:00,36
2025-02-11 11:00:00.000,11:00,37
2025-02-11 12:00:00.000,12:00,47.2
2025-02-11 13:00:00.000,13:00,47.8
2025-02-11 14:00:00.000,14:00,48.8
2025-02-11 15:00:00.000,15:00,31
2025-02-11 16:00:00.000,16:00,15.4
2025-02-11 17:00:00.000,17:00,15.581818181818182
2025-02-11 18:00:00.000,18:00,17.21818181818182
2025-02-11 19:00:00.000,19:00,17.7
2025-02-11 20:00:00.000,20:00,13.3
2025-02-11 21:00:00.000,21:00,13
2025-02-11 22:00:00.000,22:00,13
2025-02-11 23:00:00.000,23:00,11.6
2025-02-12 00:00:00.000,00:00,11.9
2025-02-12 01:00:00.000,01:00,12.9
2025-02-12 02:00:00.000,02:00,12.899999999999999
2025-02-12 03:00:00.000,03:00,12.9
2025-02-12 04:00:00.000,04:00,13
2025-02-12 05:00:00.000,05:00,13
2025-02-12 06:00:00.000,06:00,17
2025-02-12 07:00:00.000,07:00,21.8
2025-02-12 08:00:00.000,08:00,24.6
2025-02-12 09:00:00.000,09:00,34.4
2025-02-12 10:00:00.000,10:00,39
2025-02-12 11:00:00.000,11:00,37
2025-02-12 12:00:00.000,12:00,45
2025-02-12 13:00:00.000,13:00,48
2025-02-12 14:00:00.000,14:00,42.2
2025-02-12 15:00:00.000,15:00,14
2025-02-12 16:00:00.000,16:00,16
2025-02-12 17:00:00.000,17:00,16.5
2025-02-12 18:00:00.000,18:00,15.3
2025-02-12 19:00:00.000,19:00,11
2025-02-12 20:00:00.000,20:00,13
2025-02-12 21:00:00.000,21:00,12
2025-02-12 22:00:00.000,22:00,12
2025-02-12 23:00:00.000,23:00,10.6
2025-02-13 00:00:00.000,00:00,10.9
2025-02-13 01:00:00.000,01:00,11.9
2025-02-13 02:00:00.000,02:00,10.836363636363636
2025-02-13 03:00:00.000,03:00,11.963636363636363
2025-02-13 04:00:00.000,04:00,11
2025-02-13 05:00:00.000,05:00,11
2025-02-13 06:00:00.000,06:00,12
2025-02-13 07:00:00.000,07:00,14.8
2025-02-13 08:00:00.000,08:00,32.6
2025-02-13 09:00:00.000,09:00,32.2
2025-02-13 10:00:00.000,10:00,19.2
2025-02-13 11:00:00.000,11:00,34
2025-02-13 12:00:00.000,12:00,45.8
2025-02-13 13:00:00.000,13:00,44.4
2025-02-13 14:00:00.000,14:00,18.733333333333334
2025-02-13 15:00:00.000,15:00,14.266666666666666
2025-02-13 16:00:00.000,16:00,17.5
2025-02-13 17:00:00.000,17:00,16.3
2025-02-13 18:00:00.000,18:00,14
2025-02-13 19:00:00.000,19:00,13
2025-02-13 20:00:00.000,20:00,13
2025-02-13 21:00:00.000,21:00,13
2025-02-13 22:00:00.000,22:00,13
2025-02-13 23:00:00.000,23:00,12.6
2025-02-14 00:00:00.000,00:00,12.8
2025-02-14 01:00:00.000,01:00,12
2025-02-14 02:00:00.000,02:00,13
2025-02-14 03:00:00.000,03:00,12.799999999999999
2025-02-14 04:00:00.000,04:00,13
2025-02-14 05:00:00.000,05:00,13
2025-02-14 06:00:00.000,06:00,13
2025-02-14 07:00:00.000,07:00,24.799999999999997
2025-02-14 08:00:00.000,08:00,21.8
2025-02-14 09:00:00.000,09:00,40
2025-02-14 10:00:00.000,10:00,39
2025-02-14 11:00:00.000,11:00,35.8
2025-02-14 12:00:00.000,12:00,52.4
2025-02-14 13:00:00.000,13:00,49.2
2025-02-14 14:00:00.000,14:00,17
2025-02-14 15:00:00.000,15:00,13.8
2025-02-14 16:00:00.000,16:00,14.933333333333334
2025-02-14 17:00:00.000,17:00,15.066666666666666
2025-02-14 18:00:00.000,18:00,16.7
2025-02-14 19:00:00.000,19:00,14.3
2025-02-14 20:00:00.000,20:00,14.7
2025-02-14 21:00:00.000,21:00,14
2025-02-14 22:00:00.000,22:00,14.3
2025-02-14 23:00:00.000,23:00,13.6
2025-02-15 00:00:00.000,00:00,13.7
2025-02-15 01:00:00.000,01:00,13.8
2025-02-15 02:00:00.000,02:00,14.3
2025-02-15 03:00:00.000,03:00,13.799999999999999
2025-02-15 04:00:00.000,04:00,14.8
2025-02-15 05:00:00.000,05:00,14.2
2025-02-15 06:00:00.000,06:00,17.4
2025-02-15 07:00:00.000,07:00,27
2025-02-15 08:00:00.000,08:00,55
2025-02-15 09:00:00.000,09:00,27
2025-02-15 10:00:00.000,10:00,22.4
2025-02-15 11:00:00.000,11:00,45.6
2025-02-15 12:00:00.000,12:00,53.2
2025-02-15 13:00:00.000,13:00,50.199999999999996
2025-02-15 14:00:00.000,14:00,24
2025-02-15 15:00:00.000,15:00,15
2025-02-15 16:00:00.000,16:00,18.933333333333334
2025-02-15 17:00:00.000,17:00,18.06666666666667
2025-02-15 18:00:00.000,18:00,19.400000000000002
2025-02-15 19:00:00.000,19:00,17.3
2025-02-15 20:00:00.000,20:00,17
2025-02-15 21:00:00.000,21:00,17
2025-02-15 22:00:00.000,22:00,16.3
2025-02-15 23:00:00.000,23:00,15.6
2025-02-16 00:00:00.000,00:00,14.8
2025-02-16 01:00:00.000,01:00,15.899999999999999
2025-02-16 02:00:00.000,02:00,14.936363636363637
2025-02-16 03:00:00.000,03:00,15.763636363636364
2025-02-16 04:00:00.000,04:00,16
2025-02-16 05:00:00.000,05:00,15.2
2025-02-16 06:00:00.000,06:00,16.8
2025-02-16 07:00:00.000,07:00,25.8
2025-02-16 08:00:00.000,08:00,23.8
2025-02-16 09:00:00.000,09:00,59
2025-02-16 10:00:00.000,10:00,52
2025-02-16 11:00:00.000,11:00,39.4
2025-02-16 12:00:00.000,12:00,51.4
2025-02-16 13:00:00.000,13:00,47.800000000000004
2025-02-16 14:00:00.000,14:00,46
2025-02-16 15:00:00.000,15:00,24
2025-02-16 16:00:00.000,16:00,16.733333333333334
2025-02-16 17:00:00.000,17:00,17.766666666666666
2025-02-16 18:00:00.000,18:00,16
2025-02-16 19:00:00.000,19:00,15
2025-02-16 20:00:00.000,20:00,15.3
2025-02-16 21:00:00.000,21:00,16
2025-02-16 22:00:00.000,22:00,14.7
2025-02-16 23:00:00.000,23:00,10.9
2025-02-17 00:00:00.000,00:00,16.7
2025-02-17 01:00:00.000,01:00,14.100000000000001
2025-02-17 02:00:00.000,02:00,14.654545454545453
2025-02-17 03:00:00.000,03:00,14.145454545454545
2025-02-17 04:00:00.000,04:00,14
2025-02-17 05:00:00.000,05:00,15
2025-02-17 06:00:00.000,06:00,14.8
2025-02-17 07:00:00.000,07:00,18
2025-02-17 08:00:00.000,08:00,36.400000000000006
2025-02-17 09:00:00.000,09:00,59.2
2025-02-17 10:00:00.000,10:00,55.2
2025-02-17 11:00:00.000,11:00,42
2025-02-17 12:00:00.000,12:00,51
2025-02-17 13:00:00.000,13:00,49
2025-02-17 14:00:00.000,14:00,46
2025-02-17 15:00:00.000,15:00,16.200000000000003
2025-02-17 16:00:00.000,16:00,15
2025-02-17 17:00:00.000,17:00,15
2025-02-17 18:00:00.000,18:00,17
2025-02-17 19:00:00.000,19:00,14.7
2025-02-17 20:00:00.000,20:00,14.3
2025-02-17 21:00:00.000,21:00,15
2025-02-17 22:00:00.000,22:00,14
2025-02-17 23:00:00.000,23:00,13.6
2025-02-18 00:00:00.000,00:00,14.8
2025-02-18 01:00:00.000,01:00,14
2025-02-18 02:00:00.000,02:00,14.836363636363636
2025-02-18 03:00:00.000,03:00,14.763636363636364
2025-02-18 04:00:00.000,04:00,14.2
2025-02-18 05:00:00.000,05:00,14.8
2025-02-18 06:00:00.000,06:00,15
2025-02-18 07:00:00.000,07:00,25.8
2025-02-18 08:00:00.000,08:00,33.6
2025-02-18 09:00:00.000,09:00,47.6
2025-02-18 10:00:00.000,10:00,21
2025-02-18 11:00:00.000,11:00,36.8
2025-02-18 12:00:00.000,12:00,50.199999999999996
2025-02-18 13:00:00.000,13:00,47.2
2025-02-18 14:00:00.000,14:00,36.8
2025-02-18 15:00:00.000,15:00,11.2
2025-02-18 16:00:00.000,16:00,17.733333333333334
2025-02-18 17:00:00.000,17:00,17.766666666666666
2025-02-18 18:00:00.000,18:00,18
2025-02-18 19:00:00.000,19:00,15.3
2025-02-18 20:00:00.000,20:00,14.7
2025-02-18 21:00:00.000,21:00,14
2025-02-18 22:00:00.000,22:00,13.3
2025-02-18 23:00:00.000,23:00,9.6
2025-02-19 00:00:00.000,00:00,14.8
2025-02-19 01:00:00.000,01:00,13
2025-02-19 02:00:00.000,02:00,13
2025-02-19 03:00:00.000,03:00,12.799999999999999
2025-02-19 04:00:00.000,04:00,13
2025-02-19 05:00:00.000,05:00,13
2025-02-19 06:00:00.000,06:00,15.4
2025-02-19 07:00:00.000,07:00,23.2
2025-02-19 08:00:00.000,08:00,24.2
2025-02-19 09:00:00.000,09:00,45.8
2025-02-19 10:00:00.000,10:00,51.599999999999994
2025-02-19 11:00:00.000,11:00,49.6
2025-02-19 12:00:00.000,12:00,47
2025-02-19 13:00:00.000,13:00,42.2
2025-02-19 14:00:00.000,14:00,42.8
2025-02-19 15:00:00.000,15:00,39.71111111111111
2025-02-19 16:00:00.000,16:00,17.444444444444446
2025-02-19 17:00:00.000,17:00,16.844444444444445
2025-02-19 18:00:00.000,18:00,13
2025-02-19 19:00:00.000,19:00,11
2025-02-19 20:00:00.000,20:00,11
2025-02-19 21:00:00.000,21:00,11
2025-02-19 22:00:00.000,22:00,11
2025-02-19 23:00:00.000,23:00,11.6
2025-02-20 00:00:00.000,00:00,11.8
2025-02-20 01:00:00.000,01:00,11.1
2025-02-20 02:00:00.000,02:00,11.736363636363636
2025-02-20 03:00:00.000,03:00,11.963636363636363
2025-02-20 04:00:00.000,04:00,12
2025-02-20 05:00:00.000,05:00,12
2025-02-20 06:00:00.000,06:00,11
2025-02-20 07:00:00.000,07:00,15.8
2025-02-20 08:00:00.000,08:00,28
2025-02-20 09:00:00.000,09:00,40
2025-02-20 10:00:00.000,10:00,17
2025-02-20 11:00:00.000,11:00,31.200000000000003
2025-02-20 12:00:00.000,12:00,28.799999999999997
2025-02-20 13:00:00.000,13:00,23.200000000000003
2025-02-20 14:00:00.000,14:00,43
2025-02-20 15:00:00.000,15:00,36
2025-02-20 16:00:00.000,16:00,10.177777777777779
2025-02-20 17:00:00.000,17:00,10.777777777777777
2025-02-20 18:00:00.000,18:00,10.544444444444444
2025-02-20 19:00:00.000,19:00,13.3
2025-02-20 20:00:00.000,20:00,7
2025-02-20 21:00:00.000,21:00,11
2025-02-20 22:00:00.000,22:00,7.3
2025-02-20 23:00:00.000,23:00,9.3
2025-02-21 00:00:00.000,00:00,6.8
2025-02-21 01:00:00.000,01:00,10
2025-02-21 02:00:00.000,02:00,10
2025-02-21 03:00:00.000,03:00,10
2025-02-21 04:00:00.000,04:00,10.8
2025-02-21 05:00:00.000,05:00,10
2025-02-21 06:00:00.000,06:00,12.600000000000001
2025-02-21 07:00:00.000,07:00,23.2
2025-02-21 08:00:00.000,08:00,21
2025-02-21 09:00:00.000,09:00,30.200000000000003
2025-02-21 10:00:00.000,10:00,48.8
2025-02-21 11:00:00.000,11:00,40
2025-02-21 12:00:00.000,12:00,47
2025-02-21 13:00:00.000,13:00,45.2
2025-02-21 14:00:00.000,14:00,22
2025-02-21 15:00:00.000,15:00,10.955555555555556
2025-02-21 16:00:00.000,16:00,12.777777777777779
2025-02-21 17:00:00.000,17:00,15.066666666666666
2025-02-21 18:00:00.000,18:00,13.299999999999999
2025-02-21 19:00:00.000,19:00,8.7
2025-02-21 20:00:00.000,20:00,8.3
2025-02-21 21:00:00.000,21:00,8.7
2025-02-21 22:00:00.000,22:00,10
2025-02-21 23:00:00.000,23:00,7.6
2025-02-22 00:00:00.000,00:00,8.9
2025-02-22 01:00:00.000,01:00,10
2025-02-22 02:00:00.000,02:00,8.899999999999999
2025-02-22 03:00:00.000,03:00,9.8
2025-02-22 04:00:00.000,04:00,10.2
2025-02-22 05:00:00.000,05:00,9.8
2025-02-22 06:00:00.000,06:00,12.6
2025-02-22 07:00:00.000,07:00,21.200000000000003
2025-02-22 08:00:00.000,08:00,26
2025-02-22 09:00:00.000,09:00,44.4
2025-02-22 10:00:00.000,10:00,18.599999999999998
2025-02-22 11:00:00.000,11:00,33
2025-02-22 12:00:00.000,12:00,48.2
2025-02-22 13:00:00.000,13:00,42.8
2025-02-22 14:00:00.000,14:00,13.2
2025-02-22 15:00:00.000,15:00,13
2025-02-22 16:00:00.000,16:00,12
2025-02-22 17:00:00.000,17:00,11.8
2025-02-22 18:00:00.000,18:00,6.3
2025-02-22 19:00:00.000,19:00,9.3
2025-02-22 20:00:00.000,20:00,8.4
2025-02-22 21:00:00.000,21:00,11
2025-02-22 22:00:00.000,22:00,8
2025-02-22 23:00:00.000,23:00,10.6
2025-02-23 00:00:00.000,00:00,10.8
2025-02-23 01:00:00.000,01:00,10
2025-02-23 02:00:00.000,02:00,12
2025-02-23 03:00:00.000,03:00,10.799999999999999
2025-02-23 04:00:00.000,04:00,12
2025-02-23 05:00:00.000,05:00,12
2025-02-23 06:00:00.000,06:00,12
2025-02-23 07:00:00.000,07:00,23.799999999999997
2025-02-23 08:00:00.000,08:00,22.6
2025-02-23 09:00:00.000,09:00,37.2
2025-02-23 10:00:00.000,10:00,47.199999999999996
2025-02-23 11:00:00.000,11:00,46
2025-02-23 12:00:00.000,12:00,45
2025-02-23 13:00:00.000,13:00,47.8
2025-02-23 14:00:00.000,14:00,43.2
2025-02-23 15:00:00.000,15:00,17
2025-02-23 16:00:00.000,16:00,16.155555555555555
2025-02-23 17:00:00.000,17:00,14.844444444444445
2025-02-23 18:00:00.000,18:00,10.299999999999999
2025-02-23 19:00:00.000,19:00,11
2025-02-23 20:00:00.000,20:00,10.700000000000001
2025-02-23 21:00:00.000,21:00,11
2025-02-23 22:00:00.000,22:00,10.299999999999999
2025-02-23 23:00:00.000,23:00,11.3
2025-02-24 00:00:00.000,00:00,10.8
2025-02-24 01:00:00.000,01:00,11
2025-02-24 02:00:00.000,02:00,11
2025-02-24 03:00:00.000,03:00,10.8
2025-02-24 04:00:00.000,04:00,10.200000000000001
2025-02-24 05:00:00.000,05:00,10.799999999999999
2025-02-24 06:00:00.000,06:00,11
2025-02-24 07:00:00.000,07:00,20.799999999999997
2025-02-24 08:00:00.000,08:00,20.8
2025-02-24 09:00:00.000,09:00,27.8
2025-02-24 10:00:00.000,10:00,45.2
2025-02-24 11:00:00.000,11:00,52
2025-02-24 12:00:00.000,12:00,33.55067750677506
2025-02-24 13:00:00.000,13:00,32.845528455284544
2025-02-24 14:00:00.000,14:00,32.845528455284544
2025-02-24 15:00:00.000,15:00,32.845528455284544
2025-02-24 16:00:00.000,16:00,32.845528455284544
2025-02-24 17:00:00.000,17:00,32.845528455284544
2025-02-24 18:00:00.000,18:00,18.821680216802168
2025-02-24 19:00:00.000,19:00,12
2025-02-24 20:00:00.000,20:00,10.799999999999999
2025-02-24 21:00:00.000,21:00,11.200000000000001
2025-02-24 22:00:00.000,22:00,11.799999999999999
2025-02-24 23:00:00.000,23:00,10.4
2025-02-25 00:00:00.000,00:00,10.8
2025-02-25 01:00:00.000,01:00,11.1
2025-02-25 02:00:00.000,02:00,11.736363636363636
2025-02-25 03:00:00.000,03:00,10.963636363636363
2025-02-25 04:00:00.000,04:00,10.200000000000001
2025-02-25 05:00:00.000,05:00,10.8
2025-02-25 06:00:00.000,06:00,11
2025-02-25 07:00:00.000,07:00,22.599999999999998
2025-02-25 08:00:00.000,08:00,24.6
2025-02-25 09:00:00.000,09:00,54.2
2025-02-25 10:00:00.000,10:00,45
2025-02-25 11:00:00.000,11:00,43.2
2025-02-25 12:00:00.000,12:00,51
2025-02-25 13:00:00.000,13:00,47.599999999999994
2025-02-25 14:00:00.000,14:00,39.800000000000004
2025-02-25 15:00:00.000,15:00,49.62222222222222
2025-02-25 16:00:00.000,16:00,33.577777777777776
2025-02-25 17:00:00.000,17:00,19.3
2025-02-25 18:00:00.000,18:00,13.3
2025-02-25 19:00:00.000,19:00,13
2025-02-25 20:00:00.000,20:00,14
2025-02-25 21:00:00.000,21:00,13.7
2025-02-25 22:00:00.000,22:00,13.3
2025-02-25 23:00:00.000,23:00,13.6
2025-02-26 00:00:00.000,00:00,13.7
2025-02-26 01:00:00.000,01:00,13.100000000000001
2025-02-26 02:00:00.000,02:00,13.654545454545453
2025-02-26 03:00:00.000,03:00,14.145454545454545
2025-02-26 04:00:00.000,04:00,14
2025-02-26 05:00:00.000,05:00,14.8
2025-02-26 06:00:00.000,06:00,14.2
2025-02-26 07:00:00.000,07:00,28.4
2025-02-26 08:00:00.000,08:00,46.8
2025-02-26 09:00:00.000,09:00,32.4
2025-02-26 10:00:00.000,10:00,22
2025-02-26 11:00:00.000,11:00,43
2025-02-26 12:00:00.000,12:00,50.199999999999996
2025-02-26 13:00:00.000,13:00,48.2
2025-02-26 14:00:00.000,14:00,33.8
2025-02-26 15:00:00.000,15:00,18
2025-02-26 16:00:00.000,16:00,19.700000000000003
2025-02-26 17:00:00.000,17:00,15.3
2025-02-26 18:00:00.000,18:00,15.7
2025-02-26 19:00:00.000,19:00,16
2025-02-26 20:00:00.000,20:00,17
2025-02-26 21:00:00.000,21:00,16
2025-02-26 22:00:00.000,22:00,15.3
2025-02-26 23:00:00.000,23:00,15.6
2025-02-27 00:00:00.000,00:00,14.7
2025-02-27 01:00:00.000,01:00,14.100000000000001
2025-02-27 02:00:00.000,02:00,16
2025-02-27 03:00:00.000,03:00,14.799999999999999
2025-02-27 04:00:00.000,04:00,16.8
2025-02-27 05:00:00.000,05:00,16
2025-02-27 06:00:00.000,06:00,17
2025-02-27 07:00:00.000,07:00,20
2025-02-27 08:00:00.000,08:00,26.400000000000002
2025-02-27 09:00:00.000,09:00,43.4
2025-02-27 10:00:00.000,10:00,26
2025-02-27 11:00:00.000,11:00,43
2025-02-27 12:00:00.000,12:00,42.199999999999996
2025-02-27 13:00:00.000,13:00,48.8
2025-02-27 14:00:00.000,14:00,27.400000000000002
2025-02-27 15:00:00.000,15:00,13.8
2025-02-27 16:00:00.000,16:00,16
2025-02-27 17:00:00.000,17:00,15.7
2025-02-27 18:00:00.000,18:00,12.3
2025-02-27 19:00:00.000,19:00,12
2025-02-27 20:00:00.000,20:00,13
2025-02-27 21:00:00.000,21:00,12
2025-02-27 22:00:00.000,22:00,13
2025-02-27 23:00:00.000,23:00,11.6
2025-02-28 00:00:00.000,00:00,12.8
2025-02-28 01:00:00.000,01:00,12
2025-02-28 02:00:00.000,02:00,12.654545454545453
2025-02-28 03:00:00.000,03:00,13.145454545454545
2025-02-28 04:00:00.000,04:00,14
2025-02-28 05:00:00.000,05:00,13
2025-02-28 06:00:00.000,06:00,14.8
2025-02-28 07:00:00.000,07:00,15.2
2025-02-28 08:00:00.000,08:00,25.4
2025-02-28 09:00:00.000,09:00,21.4
2025-02-28 10:00:00.000,10:00,23.2
2025-02-28 11:00:00.000,11:00,50.8
2025-02-28 12:00:00.000,12:00,49
2025-02-28 13:00:00.000,13:00,45
2025-02-28 14:00:00.000,14:00,47
2025-02-28 15:00:00.000,15:00,44
2025-02-28 16:00:00.000,16:00,35.800000000000004
2025-02-28 17:00:00.000,17:00,20.6
2025-02-28 18:00:00.000,18:00,16.6
2025-02-28 19:00:00.000,19:00,13
2025-02-28 20:00:00.000,20:00,14
2025-02-28 21:00:00.000,21:00,14
2025-02-28 22:00:00.000,22:00,13.7
2025-02-28 23:00:00.000,23:00,12.9
2025-03-01 00:00:00.000,00:00,13.8
2025-03-01 01:00:00.000,01:00,14
2025-03-01 02:00:00.000,02:00,13.836363636363636
2025-03-01 03:00:00.000,03:00,13.963636363636363
2025-03-01 04:00:00.000,04:00,14
2025-03-01 05:00:00.000,05:00,14
2025-03-01 06:00:00.000,06:00,14.8
2025-03-01 07:00:00.000,07:00,26.8
2025-03-01 08:00:00.000,08:00,39.8
2025-03-01 09:00:00.000,09:00,33.2
2025-03-01 10:00:00.000,10:00,27
2025-03-01 11:00:00.000,11:00,47
2025-03-01 12:00:00.000,12:00,53.199999999999996
2025-03-01 13:00:00.000,13:00,50.4
2025-03-01 14:00:00.000,14:00,17.6
2025-03-01 15:00:00.000,15:00,16
2025-03-01 16:00:00.000,16:00,20.50909090909091
2025-03-01 17:00:00.000,17:00,23.19090909090909
2025-03-01 18:00:00.000,18:00,15.3
2025-03-01 19:00:00.000,19:00,15.7
2025-03-01 20:00:00.000,20:00,15.3
2025-03-01 21:00:00.000,21:00,15.7
2025-03-01 22:00:00.000,22:00,15
2025-03-01 23:00:00.000,23:00,14.9
2025-03-02 00:00:00.000,00:00,14.8
2025-03-02 01:00:00.000,01:00,16
2025-03-02 02:00:00.000,02:00,16.9
2025-03-02 03:00:00.000,03:00,15.700000000000001
2025-03-02 04:00:00.000,04:00,15.8
2025-03-02 05:00:00.000,05:00,16.2
2025-03-02 06:00:00.000,06:00,16
2025-03-02 07:00:00.000,07:00,18
2025-03-02 08:00:00.000,08:00,25.8
2025-03-02 09:00:00.000,09:00,50
2025-03-02 10:00:00.000,10:00,45.199999999999996
2025-03-02 11:00:00.000,11:00,45.8
2025-03-02 12:00:00.000,12:00,56
2025-03-02 13:00:00.000,13:00,50.6
2025-03-02 14:00:00.000,14:00,18.599999999999998
2025-03-02 15:00:00.000,15:00,16
2025-03-02 16:00:00.000,16:00,17.8
2025-03-02 17:00:00.000,17:00,18.70909090909091
2025-03-02 18:00:00.000,18:00,11.09090909090909
2025-03-02 19:00:00.000,19:00,22.4
2025-03-02 20:00:00.000,20:00,15.7
2025-03-02 21:00:00.000,21:00,16.3
2025-03-02 22:00:00.000,22:00,15.7
2025-03-02 23:00:00.000,23:00,14.9
2025-03-03 00:00:00.000,00:00,15.7
2025-03-03 01:00:00.000,01:00,16
2025-03-03 02:00:00.000,02:00,14.936363636363637
2025-03-03 03:00:00.000,03:00,16.763636363636362
2025-03-03 04:00:00.000,04:00,16
2025-03-03 05:00:00.000,05:00,16
2025-03-03 06:00:00.000,06:00,18.6
2025-03-03 07:00:00.000,07:00,26.2
2025-03-03 08:00:00.000,08:00,46
2025-03-03 09:00:00.000,09:00,23
2025-03-03 10:00:00.000,10:00,21.2
2025-03-03 11:00:00.000,11:00,40.6
2025-03-03 12:00:00.000,12:00,59
2025-03-03 13:00:00.000,13:00,42.2
2025-03-03 14:00:00.000,14:00,17.4
2025-03-03 15:00:00.000,15:00,16.8
2025-03-03 16:00:00.000,16:00,19
2025-03-03 17:00:00.000,17:00,20
2025-03-03 18:00:00.000,18:00,15.7
2025-03-03 19:00:00.000,19:00,13.3
2025-03-03 20:00:00.000,20:00,14.7
2025-03-03 21:00:00.000,21:00,14.3
2025-03-03 22:00:00.000,22:00,13.7
2025-03-03 23:00:00.000,23:00,13.9
2025-03-04 00:00:00.000,00:00,13.8
2025-03-04 01:00:00.000,01:00,14
2025-03-04 02:00:00.000,02:00,14
2025-03-04 03:00:00.000,03:00,14.6
2025-03-04 04:00:00.000,04:00,14
2025-03-04 05:00:00.000,05:00,15
2025-03-04 06:00:00.000,06:00,15
2025-03-04 07:00:00.000,07:00,28.8
2025-03-04 08:00:00.000,08:00,25
2025-03-04 09:00:00.000,09:00,41.2
2025-03-04 10:00:00.000,10:00,19
2025-03-04 11:00:00.000,11:00,37.8
2025-03-04 12:00:00.000,12:00,49.4
2025-03-04 13:00:00.000,13:00,46
2025-03-04 14:00:00.000,14:00,43.8
2025-03-04 15:00:00.000,15:00,32
2025-03-04 16:00:00.000,16:00,18
2025-03-04 17:00:00.000,17:00,13.2
2025-03-04 18:00:00.000,18:00,11.8
2025-03-04 19:00:00.000,19:00,13
2025-03-04 20:00:00.000,20:00,13
2025-03-04 21:00:00.000,21:00,12
2025-03-04 22:00:00.000,22:00,11.6
2025-03-04 23:00:00.000,23:00,15
2025-03-05 00:00:00.000,00:00,11.8
2025-03-05 01:00:00.000,01:00,14
2025-03-05 02:00:00.000,02:00,14
2025-03-05 03:00:00.000,03:00,15.6
2025-03-05 04:00:00.000,04:00,15
2025-03-05 05:00:00.000,05:00,16
2025-03-05 06:00:00.000,06:00,16
2025-03-05 07:00:00.000,07:00,17
2025-03-05 08:00:00.000,08:00,21.2
2025-03-05 09:00:00.000,09:00,45.8
2025-03-05 10:00:00.000,10:00,19.8
2025-03-05 11:00:00.000,11:00,44
2025-03-05 12:00:00.000,12:00,49.2
2025-03-05 13:00:00.000,13:00,38
2025-03-05 14:00:00.000,14:00,13.2
2025-03-05 15:00:00.000,15:00,12
2025-03-05 16:00:00.000,16:00,11
2025-03-05 17:00:00.000,17:00,7.4
2025-03-05 18:00:00.000,18:00,5.4
2025-03-05 19:00:00.000,19:00,8.299999999999999
2025-03-05 20:00:00.000,20:00,9.7
2025-03-05 21:00:00.000,21:00,8.299999999999999
2025-03-05 22:00:00.000,22:00,11.700000000000001
2025-03-05 23:00:00.000,23:00,10.6
2025-03-06 00:00:00.000,00:00,11.8
2025-03-06 01:00:00.000,01:00,11
2025-03-06 02:00:00.000,02:00,12
2025-03-06 03:00:00.000,03:00,11.799999999999999
2025-03-06 04:00:00.000,04:00,12
2025-03-06 05:00:00.000,05:00,12
2025-03-06 06:00:00.000,06:00,12.8
2025-03-06 07:00:00.000,07:00,16
2025-03-06 08:00:00.000,08:00,35.8
2025-03-06 09:00:00.000,09:00,38
2025-03-06 10:00:00.000,10:00,21
2025-03-06 11:00:00.000,11:00,43.199999999999996
2025-03-06 12:00:00.000,12:00,48
2025-03-06 13:00:00.000,13:00,44.4
2025-03-06 14:00:00.000,14:00,13.799999999999999
2025-03-06 15:00:00.000,15:00,12
2025-03-06 16:00:00.000,16:00,10
2025-03-06 17:00:00.000,17:00,4.4
2025-03-06 18:00:00.000,18:00,3
2025-03-06 19:00:00.000,19:00,2.7
2025-03-06 20:00:00.000,20:00,3
2025-03-06 21:00:00.000,21:00,3.3
2025-03-06 22:00:00.000,22:00,3.7
2025-03-06 23:00:00.000,23:00,8.3
2025-03-07 00:00:00.000,00:00,5.9
2025-03-07 01:00:00.000,01:00,9
2025-03-07 02:00:00.000,02:00,7
2025-03-07 03:00:00.000,03:00,8.899999999999999
2025-03-07 04:00:00.000,04:00,9.799999999999999
2025-03-07 05:00:00.000,05:00,9.2
2025-03-07 06:00:00.000,06:00,11.6
2025-03-07 07:00:00.000,07:00,19
2025-03-07 08:00:00.000,08:00,29
2025-03-07 09:00:00.000,09:00,32.2
2025-03-07 10:00:00.000,10:00,16
2025-03-07 11:00:00.000,11:00,39
2025-03-07 12:00:00.000,12:00,43
2025-03-07 13:00:00.000,13:00,40.199999999999996
2025-03-07 14:00:00.000,14:00,13
2025-03-07 15:00:00.000,15:00,9.6
2025-03-07 16:00:00.000,16:00,9.4
2025-03-07 17:00:00.000,17:00,4.2
2025-03-07 18:00:00.000,18:00,2.8
2025-03-07 19:00:00.000,19:00,5.9
2025-03-07 20:00:00.000,20:00,3.3
2025-03-07 21:00:00.000,21:00,3
2025-03-07 22:00:00.000,22:00,5.7
2025-03-07 23:00:00.000,23:00,4.3
2025-03-08 00:00:00.000,00:00,6.9
2025-03-08 01:00:00.000,01:00,8
2025-03-08 02:00:00.000,02:00,7.8999999999999995
2025-03-08 03:00:00.000,03:00,9
2025-03-08 04:00:00.000,04:00,9.8
2025-03-08 05:00:00.000,05:00,10
2025-03-08 06:00:00.000,06:00,9.200000000000001
2025-03-08 07:00:00.000,07:00,20.599999999999998
2025-03-08 08:00:00.000,08:00,42.6
2025-03-08 09:00:00.000,09:00,39.4
2025-03-08 10:00:00.000,10:00,18
2025-03-08 11:00:00.000,11:00,36
2025-03-08 12:00:00.000,12:00,45.2
2025-03-08 13:00:00.000,13:00,20
2025-03-08 14:00:00.000,14:00,11
2025-03-08 15:00:00.000,15:00,10.200000000000001
2025-03-08 16:00:00.000,16:00,5.2
2025-03-08 17:00:00.000,17:00,3.8
2025-03-08 18:00:00.000,18:00,3.2
2025-03-08 19:00:00.000,19:00,3.7
2025-03-08 20:00:00.000,20:00,3
2025-03-08 21:00:00.000,21:00,4
2025-03-08 22:00:00.000,22:00,5
2025-03-08 23:00:00.000,23:00,7.3
2025-03-09 00:00:00.000,00:00,6.9
2025-03-09 01:00:00.000,01:00,6
2025-03-09 02:00:00.000,02:00,8
2025-03-09 03:00:00.000,03:00,7.8999999999999995
2025-03-09 04:00:00.000,04:00,9
2025-03-09 05:00:00.000,05:00,9
2025-03-09 06:00:00.000,06:00,9
2025-03-09 07:00:00.000,07:00,19.8
2025-03-09 08:00:00.000,08:00,16
2025-03-09 09:00:00.000,09:00,37.8
2025-03-09 10:00:00.000,10:00,37
2025-03-09 11:00:00.000,11:00,34
2025-03-09 12:00:00.000,12:00,48
2025-03-09 13:00:00.000,13:00,45.400000000000006
2025-03-09 14:00:00.000,14:00,20.4
2025-03-09 15:00:00.000,15:00,16.2
2025-03-09 16:00:00.000,16:00,19
2025-03-09 17:00:00.000,17:00,16.054545454545455
2025-03-09 18:00:00.000,18:00,12.945454545454545
2025-03-09 19:00:00.000,19:00,13.7
2025-03-09 20:00:00.000,20:00,11.6
2025-03-09 21:00:00.000,21:00,10
2025-03-09 22:00:00.000,22:00,10.700000000000001
2025-03-09 23:00:00.000,23:00,10.6
2025-03-10 00:00:00.000,00:00,10.8
2025-03-10 01:00:00.000,01:00,11
2025-03-10 02:00:00.000,02:00,11.018181818181818
2025-03-10 03:00:00.000,03:00,10.98181818181818
2025-03-10 04:00:00.000,04:00,12.799999999999999
2025-03-10 05:00:00.000,05:00,11.200000000000001
2025-03-10 06:00:00.000,06:00,11.799999999999999
2025-03-10 07:00:00.000,07:00,14.8
2025-03-10 08:00:00.000,08:00,15
2025-03-10 09:00:00.000,09:00,30.8
2025-03-10 10:00:00.000,10:00,54.199999999999996
2025-03-10 11:00:00.000,11:00,30
2025-03-10 12:00:00.000,12:00,32.2
2025-03-10 13:00:00.000,13:00,13
2025-03-10 14:00:00.000,14:00,12.600000000000001
2025-03-10 15:00:00.000,15:00,12.6
2025-03-10 16:00:00.000,16:00,8.2
2025-03-10 17:00:00.000,17:00,2
2025-03-10 18:00:00.000,18:00,6.7
2025-03-10 19:00:00.000,19:00,5.7
2025-03-10 20:00:00.000,20:00,7
2025-03-10 21:00:00.000,21:00,7.3
2025-03-10 22:00:00.000,22:00,10
2025-03-10 23:00:00.000,23:00,8.3
2025-03-11 00:00:00.000,00:00,11.8
2025-03-11 01:00:00.000,01:00,11
2025-03-11 02:00:00.000,02:00,12
2025-03-11 03:00:00.000,03:00,11.799999999999999
2025-03-11 04:00:00.000,04:00,12
2025-03-11 05:00:00.000,05:00,13
2025-03-11 06:00:00.000,06:00,13
2025-03-11 07:00:00.000,07:00,16.8
2025-03-11 08:00:00.000,08:00,21.6
2025-03-11 09:00:00.000,09:00,23.2
2025-03-11 10:00:00.000,10:00,22
2025-03-11 11:00:00.000,11:00,37.2
2025-03-11 12:00:00.000,12:00,20.200000000000003
2025-03-11 13:00:00.000,13:00,10
2025-03-11 14:00:00.000,14:00,10
2025-03-11 15:00:00.000,15:00,11
2025-03-11 16:00:00.000,16:00,5.4
2025-03-11 17:00:00.000,17:00,3.8
2025-03-11 18:00:00.000,18:00,4.9
2025-03-11 19:00:00.000,19:00,4
2025-03-11 20:00:00.000,20:00,8
2025-03-11 21:00:00.000,21:00,8
2025-03-11 22:00:00.000,22:00,7
2025-03-11 23:00:00.000,23:00,8.3
2025-03-12 00:00:00.000,00:00,10.8
2025-03-12 01:00:00.000,01:00,8.1
2025-03-12 02:00:00.000,02:00,11
2025-03-12 03:00:00.000,03:00,12.7
2025-03-12 04:00:00.000,04:00,12
2025-03-12 05:00:00.000,05:00,11.600000000000001
2025-03-12 06:00:00.000,06:00,12.4
2025-03-12 07:00:00.000,07:00,12
2025-03-12 08:00:00.000,08:00,12
2025-03-12 09:00:00.000,09:00,14.8
2025-03-12 10:00:00.000,10:00,14.2
2025-03-12 11:00:00.000,11:00,37.599999999999994
2025-03-12 12:00:00.000,12:00,22
2025-03-12 13:00:00.000,13:00,19.2
2025-03-12 14:00:00.000,14:00,18
2025-03-12 15:00:00.000,15:00,20.200000000000003
2025-03-12 16:00:00.000,16:00,21
2025-03-12 17:00:00.000,17:00,14
2025-03-12 18:00:00.000,18:00,13.5
2025-03-12 19:00:00.000,19:00,14
2025-03-12 20:00:00.000,20:00,15
2025-03-12 21:00:00.000,21:00,14.3
2025-03-12 22:00:00.000,22:00,14
2025-03-12 23:00:00.000,23:00,14.6
2025-03-13 00:00:00.000,00:00,13.8
2025-03-13 01:00:00.000,01:00,14
2025-03-13 02:00:00.000,02:00,14.899999999999999
2025-03-13 03:00:00.000,03:00,13.700000000000001
2025-03-13 04:00:00.000,04:00,2.6
2025-03-13 05:00:00.000,05:00,0
2025-03-13 06:00:00.000,06:00,39.6
2025-03-13 07:00:00.000,07:00,19.2
2025-03-13 08:00:00.000,08:00,22.4
2025-03-13 09:00:00.000,09:00,21
2025-03-13 10:00:00.000,10:00,26
2025-03-13 11:00:00.000,11:00,54.8
2025-03-13 12:00:00.000,12:00,36.4
2025-03-13 13:00:00.000,13:00,21
2025-03-13 14:00:00.000,14:00,18
2025-03-13 15:00:00.000,15:00,18
2025-03-13 16:00:00.000,16:00,15
2025-03-13 17:00:00.000,17:00,12
2025-03-13 18:00:00.000,18:00,13
2025-03-13 19:00:00.000,19:00,13.7
2025-03-13 20:00:00.000,20:00,17
2025-03-13 21:00:00.000,21:00,14.3
2025-03-13 22:00:00.000,22:00,15
2025-03-13 23:00:00.000,23:00,13.6
2025-03-14 00:00:00.000,00:00,15.7
2025-03-14 01:00:00.000,01:00,15
2025-03-14 02:00:00.000,02:00,15.936363636363637
2025-03-14 03:00:00.000,03:00,15.963636363636363
2025-03-14 04:00:00.000,04:00,16
2025-03-14 05:00:00.000,05:00,16.8
2025-03-14 06:00:00.000,06:00,16.2
2025-03-14 07:00:00.000,07:00,16.8
2025-03-14 08:00:00.000,08:00,22.400000000000002
2025-03-14 09:00:00.000,09:00,23.4
2025-03-14 10:00:00.000,10:00,29
2025-03-14 11:00:00.000,11:00,37.8
2025-03-14 12:00:00.000,12:00,55.2
2025-03-14 13:00:00.000,13:00,25.2
2025-03-14 14:00:00.000,14:00,21
2025-03-14 15:00:00.000,15:00,21.8
2025-03-14 16:00:00.000,16:00,25.981818181818184
2025-03-14 17:00:00.000,17:00,16.918181818181818
2025-03-14 18:00:00.000,18:00,17.7
2025-03-14 19:00:00.000,19:00,18.3
2025-03-14 20:00:00.000,20:00,19
2025-03-14 21:00:00.000,21:00,18.3
2025-03-14 22:00:00.000,22:00,14
2025-03-14 23:00:00.000,23:00,14.6
2025-03-15 00:00:00.000,00:00,13.7
2025-03-15 01:00:00.000,01:00,14.100000000000001
2025-03-15 02:00:00.000,02:00,14
2025-03-15 03:00:00.000,03:00,14.6
2025-03-15 04:00:00.000,04:00,15
2025-03-15 05:00:00.000,05:00,14
2025-03-15 06:00:00.000,06:00,14.2
2025-03-15 07:00:00.000,07:00,24.799999999999997
2025-03-15 08:00:00.000,08:00,20.8
2025-03-15 09:00:00.000,09:00,26
2025-03-15 10:00:00.000,10:00,22
2025-03-15 11:00:00.000,11:00,44
2025-03-15 12:00:00.000,12:00,54.199999999999996
2025-03-15 13:00:00.000,13:00,53.6
2025-03-15 14:00:00.000,14:00,18.2
2025-03-15 15:00:00.000,15:00,22
2025-03-15 16:00:00.000,16:00,18.9
2025-03-15 17:00:00.000,17:00,16.3
2025-03-15 18:00:00.000,18:00,14.7
2025-03-15 19:00:00.000,19:00,15
2025-03-15 20:00:00.000,20:00,15
2025-03-15 21:00:00.000,21:00,16
2025-03-15 22:00:00.000,22:00,14.3
2025-03-15 23:00:00.000,23:00,15.6
2025-03-16 00:00:00.000,00:00,14.7
2025-03-16 01:00:00.000,01:00,15
2025-03-16 02:00:00.000,02:00,15.100000000000001
2025-03-16 03:00:00.000,03:00,15.6
2025-03-16 04:00:00.000,04:00,16
2025-03-16 05:00:00.000,05:00,16
2025-03-16 06:00:00.000,06:00,17
2025-03-16 07:00:00.000,07:00,19
2025-03-16 08:00:00.000,08:00,27.8
2025-03-16 09:00:00.000,09:00,47.8
2025-03-16 10:00:00.000,10:00,58.2
2025-03-16 11:00:00.000,11:00,59.8
2025-03-16 12:00:00.000,12:00,58.2
2025-03-16 13:00:00.000,13:00,54
2025-03-16 14:00:00.000,14:00,51.4
2025-03-16 15:00:00.000,15:00,19.799999999999997
2025-03-16 16:00:00.000,16:00,21.8
2025-03-16 17:00:00.000,17:00,21.900000000000002
2025-03-16 18:00:00.000,18:00,19
2025-03-16 19:00:00.000,19:00,15.3
2025-03-16 20:00:00.000,20:00,15.7
2025-03-16 21:00:00.000,21:00,16
2025-03-16 22:00:00.000,22:00,14.3
2025-03-16 23:00:00.000,23:00,15.6
2025-03-17 00:00:00.000,00:00,14.7
2025-03-17 01:00:00.000,01:00,16
2025-03-17 02:00:00.000,02:00,14.936363636363637
2025-03-17 03:00:00.000,03:00,15.963636363636363
2025-03-17 04:00:00.000,04:00,15.8
2025-03-17 05:00:00.000,05:00,15
2025-03-17 06:00:00.000,06:00,15.2
2025-03-17 07:00:00.000,07:00,23.4
2025-03-17 08:00:00.000,08:00,24.2
2025-03-17 09:00:00.000,09:00,56
2025-03-17 10:00:00.000,10:00,31
2025-03-17 11:00:00.000,11:00,25.200000000000003
2025-03-17 12:00:00.000,12:00,48.8
2025-03-17 13:00:00.000,13:00,21.2
2025-03-17 14:00:00.000,14:00,18
2025-03-17 15:00:00.000,15:00,21
2025-03-17 16:00:00.000,16:00,20.711111111111112
2025-03-17 17:00:00.000,17:00,16.28888888888889
2025-03-17 18:00:00.000,18:00,14.7
2025-03-17 19:00:00.000,19:00,15
2025-03-17 20:00:00.000,20:00,16
2025-03-17 21:00:00.000,21:00,16
2025-03-17 22:00:00.000,22:00,14.3
2025-03-17 23:00:00.000,23:00,15.6
2025-03-18 00:00:00.000,00:00,14.7
2025-03-18 01:00:00.000,01:00,15
2025-03-18 02:00:00.000,02:00,14.936363636363637
2025-03-18 03:00:00.000,03:00,15.763636363636364
2025-03-18 04:00:00.000,04:00,15.2
2025-03-18 05:00:00.000,05:00,15.8
2025-03-18 06:00:00.000,06:00,16
2025-03-18 07:00:00.000,07:00,25.8
2025-03-18 08:00:00.000,08:00,19.8
2025-03-18 09:00:00.000,09:00,24.2
2025-03-18 10:00:00.000,10:00,23.4
2025-03-18 11:00:00.000,11:00,50.599999999999994
2025-03-18 12:00:00.000,12:00,38.199999999999996
2025-03-18 13:00:00.000,13:00,12.2
2025-03-18 14:00:00.000,14:00,13
2025-03-18 15:00:00.000,15:00,14
2025-03-18 16:00:00.000,16:00,14
2025-03-18 17:00:00.000,17:00,9.955555555555556
2025-03-18 18:00:00.000,18:00,10.844444444444445
2025-03-18 19:00:00.000,19:00,11
2025-03-18 20:00:00.000,20:00,12
2025-03-18 21:00:00.000,21:00,11
2025-03-18 22:00:00.000,22:00,12
2025-03-18 23:00:00.000,23:00,11.6
2025-03-19 00:00:00.000,00:00,10.8
2025-03-19 01:00:00.000,01:00,9
2025-03-19 02:00:00.000,02:00,12
2025-03-19 03:00:00.000,03:00,10.799999999999999
2025-03-19 04:00:00.000,04:00,12.8
2025-03-19 05:00:00.000,05:00,12.2
2025-03-19 06:00:00.000,06:00,23.799999999999997
2025-03-19 07:00:00.000,07:00,44.2
2025-03-19 08:00:00.000,08:00,32.6
2025-03-19 09:00:00.000,09:00,51
2025-03-19 10:00:00.000,10:00,41.4
2025-03-19 11:00:00.000,11:00,31.799999999999997
2025-03-19 12:00:00.000,12:00,45.400000000000006
2025-03-19 13:00:00.000,13:00,16.2
2025-03-19 14:00:00.000,14:00,14.6
2025-03-19 15:00:00.000,15:00,14.8
2025-03-19 16:00:00.000,16:00,12.2
2025-03-19 17:00:00.000,17:00,5.1
2025-03-19 18:00:00.000,18:00,4
2025-03-19 19:00:00.000,19:00,4
2025-03-19 20:00:00.000,20:00,5.3
2025-03-19 21:00:00.000,21:00,5
2025-03-19 22:00:00.000,22:00,5.7
2025-03-19 23:00:00.000,23:00,6.3
2025-03-20 00:00:00.000,00:00,11.8
2025-03-20 01:00:00.000,01:00,8.1
2025-03-20 02:00:00.000,02:00,12.9
2025-03-20 03:00:00.000,03:00,8.8
2025-03-20 04:00:00.000,04:00,13
2025-03-20 05:00:00.000,05:00,12
2025-03-20 06:00:00.000,06:00,13
2025-03-20 07:00:00.000,07:00,21.8
2025-03-20 08:00:00.000,08:00,35
2025-03-20 09:00:00.000,09:00,49
2025-03-20 10:00:00.000,10:00,36
2025-03-20 11:00:00.000,11:00,39
2025-03-20 12:00:00.000,12:00,40
2025-03-20 13:00:00.000,13:00,24
2025-03-20 14:00:00.000,14:00,12.2
2025-03-20 15:00:00.000,15:00,11
2025-03-20 16:00:00.000,16:00,9.2
2025-03-20 17:00:00.000,17:00,5.9
2025-03-20 18:00:00.000,18:00,5
2025-03-20 19:00:00.000,19:00,4
2025-03-20 20:00:00.000,20:00,8.7
2025-03-20 21:00:00.000,21:00,7.3
2025-03-20 22:00:00.000,22:00,9.700000000000001
2025-03-20 23:00:00.000,23:00,7.6
2025-03-21 00:00:00.000,00:00,8.9
2025-03-21 01:00:00.000,01:00,9.899999999999999
2025-03-21 02:00:00.000,02:00,8.2
2025-03-21 03:00:00.000,03:00,11.6
2025-03-21 04:00:00.000,04:00,11
2025-03-21 05:00:00.000,05:00,12
2025-03-21 06:00:00.000,06:00,11
2025-03-21 07:00:00.000,07:00,21
2025-03-21 08:00:00.000,08:00,28.799999999999997
2025-03-21 09:00:00.000,09:00,50.8
2025-03-21 10:00:00.000,10:00,37.199999999999996
2025-03-21 11:00:00.000,11:00,41
2025-03-21 12:00:00.000,12:00,41
2025-03-21 13:00:00.000,13:00,14.2
2025-03-21 14:00:00.000,14:00,16
2025-03-21 15:00:00.000,15:00,14
2025-03-21 16:00:00.000,16:00,11.8
2025-03-21 17:00:00.000,17:00,12.3
2025-03-21 18:00:00.000,18:00,10.700000000000001
2025-03-21 19:00:00.000,19:00,7.3
2025-03-21 20:00:00.000,20:00,8
2025-03-21 21:00:00.000,21:00,11.700000000000001
2025-03-21 22:00:00.000,22:00,7.3
2025-03-21 23:00:00.000,23:00,10.3
2025-03-22 00:00:00.000,00:00,9.8
2025-03-22 01:00:00.000,01:00,11
2025-03-22 02:00:00.000,02:00,10.018181818181818
2025-03-22 03:00:00.000,03:00,8.98181818181818
2025-03-22 04:00:00.000,04:00,11.799999999999999
2025-03-22 05:00:00.000,05:00,11
2025-03-22 06:00:00.000,06:00,13.4
2025-03-22 07:00:00.000,07:00,18.4
2025-03-22 08:00:00.000,08:00,17
2025-03-22 09:00:00.000,09:00,16
2025-03-22 10:00:00.000,10:00,16.6
2025-03-22 11:00:00.000,11:00,47.2
2025-03-22 12:00:00.000,12:00,53
2025-03-22 13:00:00.000,13:00,54
2025-03-22 14:00:00.000,14:00,18.133333333333333
2025-03-22 15:00:00.000,15:00,16.848484848484848
2025-03-22 16:00:00.000,16:00,16.918181818181818
2025-03-22 17:00:00.000,17:00,12.3
2025-03-22 18:00:00.000,18:00,12
2025-03-22 19:00:00.000,19:00,11
2025-03-22 20:00:00.000,20:00,13
2025-03-22 21:00:00.000,21:00,20.1
2025-03-22 22:00:00.000,22:00,30.9
2025-03-22 23:00:00.000,23:00,13.6
2025-03-23 00:00:00.000,00:00,13.8
2025-03-23 01:00:00.000,01:00,14.899999999999999
2025-03-23 02:00:00.000,02:00,13.936363636363637
2025-03-23 03:00:00.000,03:00,12.163636363636364
2025-03-23 04:00:00.000,04:00,10.799999999999999
2025-03-23 05:00:00.000,05:00,12
2025-03-23 06:00:00.000,06:00,11
2025-03-23 07:00:00.000,07:00,22.799999999999997
2025-03-23 08:00:00.000,08:00,25.200000000000003
2025-03-23 09:00:00.000,09:00,43
2025-03-23 10:00:00.000,10:00,22.6
2025-03-23 11:00:00.000,11:00,31.200000000000003
2025-03-23 12:00:00.000,12:00,48
2025-03-23 13:00:00.000,13:00,44.41818181818182
2025-03-23 14:00:00.000,14:00,13.95959595959596
2025-03-23 15:00:00.000,15:00,12.322222222222223
2025-03-23 16:00:00.000,16:00,15
2025-03-23 17:00:00.000,17:00,11.6
2025-03-23 18:00:00.000,18:00,7
2025-03-23 19:00:00.000,19:00,6.699999999999999
2025-03-23 20:00:00.000,20:00,8.3
2025-03-23 21:00:00.000,21:00,11.700000000000001
2025-03-23 22:00:00.000,22:00,7.3
2025-03-23 23:00:00.000,23:00,11.3
2025-03-24 00:00:00.000,00:00,7
2025-03-24 01:00:00.000,01:00,10.7
2025-03-24 02:00:00.000,02:00,9.118181818181819
2025-03-24 03:00:00.000,03:00,10.781818181818181
2025-03-24 04:00:00.000,04:00,10.200000000000001
2025-03-24 05:00:00.000,05:00,10
2025-03-24 06:00:00.000,06:00,10.8
2025-03-24 07:00:00.000,07:00,20
2025-03-24 08:00:00.000,08:00,17.8
2025-03-24 09:00:00.000,09:00,42
2025-03-24 10:00:00.000,10:00,20
2025-03-24 11:00:00.000,11:00,33.6
2025-03-24 12:00:00.000,12:00,37.4
2025-03-24 13:00:00.000,13:00,22.200000000000003
2025-03-24 14:00:00.000,14:00,15.8
2025-03-24 15:00:00.000,15:00,14.781818181818181
2025-03-24 16:00:00.000,16:00,13.218181818181819
2025-03-24 17:00:00.000,17:00,12
2025-03-24 18:00:00.000,18:00,8
2025-03-24 19:00:00.000,19:00,7.6
2025-03-24 20:00:00.000,20:00,10.4
2025-03-24 21:00:00.000,21:00,7
2025-03-24 22:00:00.000,22:00,11
2025-03-24 23:00:00.000,23:00,9.6
2025-03-25 00:00:00.000,00:00,10.8
2025-03-25 01:00:00.000,01:00,11
2025-03-25 02:00:00.000,02:00,10.836363636363636
2025-03-25 03:00:00.000,03:00,11.763636363636364
2025-03-25 04:00:00.000,04:00,10.2
2025-03-25 05:00:00.000,05:00,11
2025-03-25 06:00:00.000,06:00,10
2025-03-25 07:00:00.000,07:00,11
2025-03-25 08:00:00.000,08:00,19.599999999999998
2025-03-25 09:00:00.000,09:00,20.2
2025-03-25 10:00:00.000,10:00,20.8
2025-03-25 11:00:00.000,11:00,41.199999999999996
2025-03-25 12:00:00.000,12:00,44.2
2025-03-25 13:00:00.000,13:00,18
2025-03-25 14:00:00.000,14:00,16.6
2025-03-25 15:00:00.000,15:00,17.900000000000002
2025-03-25 16:00:00.000,16:00,20
2025-03-25 17:00:00.000,17:00,15.3
2025-03-25 18:00:00.000,18:00,13
2025-03-25 19:00:00.000,19:00,12
2025-03-25 20:00:00.000,20:00,11
2025-03-25 21:00:00.000,21:00,10.299999999999999
2025-03-25 22:00:00.000,22:00,10.700000000000001
2025-03-25 23:00:00.000,23:00,10.6
2025-03-26 00:00:00.000,00:00,10.8
2025-03-26 01:00:00.000,01:00,10
2025-03-26 02:00:00.000,02:00,10.836363636363636
2025-03-26 03:00:00.000,03:00,10.963636363636363
2025-03-26 04:00:00.000,04:00,10.2
2025-03-26 05:00:00.000,05:00,11.8
2025-03-26 06:00:00.000,06:00,11
2025-03-26 07:00:00.000,07:00,20.799999999999997
2025-03-26 08:00:00.000,08:00,18
2025-03-26 09:00:00.000,09:00,15
2025-03-26 10:00:00.000,10:00,38.2
2025-03-26 11:00:00.000,11:00,46.8
2025-03-26 12:00:00.000,12:00,26.200000000000003
2025-03-26 13:00:00.000,13:00,10
2025-03-26 14:00:00.000,14:00,11.955555555555556
2025-03-26 15:00:00.000,15:00,13.544444444444444
2025-03-26 16:00:00.000,16:00,10.6
2025-03-26 17:00:00.000,17:00,11.700000000000001
2025-03-26 18:00:00.000,18:00,11.299999999999999
2025-03-26 19:00:00.000,19:00,9
2025-03-26 20:00:00.000,20:00,9
2025-03-26 21:00:00.000,21:00,10
2025-03-26 22:00:00.000,22:00,9.7
2025-03-26 23:00:00.000,23:00,7.6
2025-03-27 00:00:00.000,00:00,9.9
2025-03-27 01:00:00.000,01:00,11.9
2025-03-27 02:00:00.000,02:00,10.836363636363636
2025-03-27 03:00:00.000,03:00,10.963636363636363
2025-03-27 04:00:00.000,04:00,11
2025-03-27 05:00:00.000,05:00,12
2025-03-27 06:00:00.000,06:00,13
2025-03-27 07:00:00.000,07:00,15.8
2025-03-27 08:00:00.000,08:00,23
2025-03-27 09:00:00.000,09:00,22.8
2025-03-27 10:00:00.000,10:00,25
2025-03-27 11:00:00.000,11:00,41.2
2025-03-27 12:00:00.000,12:00,42
2025-03-27 13:00:00.000,13:00,13.2
2025-03-27 14:00:00.000,14:00,14.733333333333334
2025-03-27 15:00:00.000,15:00,16.766666666666666
2025-03-27 16:00:00.000,16:00,12
2025-03-27 17:00:00.000,17:00,10.3
2025-03-27 18:00:00.000,18:00,9.3
2025-03-27 19:00:00.000,19:00,10.7
2025-03-27 20:00:00.000,20:00,10.299999999999999
2025-03-27 21:00:00.000,21:00,10
2025-03-27 22:00:00.000,22:00,9.7
2025-03-27 23:00:00.000,23:00,11.6
2025-03-28 00:00:00.000,00:00,11.8
2025-03-28 01:00:00.000,01:00,12
2025-03-28 02:00:00.000,02:00,10.836363636363636
2025-03-28 03:00:00.000,03:00,12.963636363636363
2025-03-28 04:00:00.000,04:00,13
2025-03-28 05:00:00.000,05:00,13
2025-03-28 06:00:00.000,06:00,12
2025-03-28 07:00:00.000,07:00,14
2025-03-28 08:00:00.000,08:00,16.4
2025-03-28 09:00:00.000,09:00,25.2
2025-03-28 10:00:00.000,10:00,23
2025-03-28 11:00:00.000,11:00,47
2025-03-28 12:00:00.000,12:00,45.4
2025-03-28 13:00:00.000,13:00,15.8
2025-03-28 14:00:00.000,14:00,16
2025-03-28 15:00:00.000,15:00,16
2025-03-28 16:00:00.000,16:00,14
2025-03-28 17:00:00.000,17:00,13
2025-03-28 18:00:00.000,18:00,12
2025-03-28 19:00:00.000,19:00,12
2025-03-28 20:00:00.000,20:00,13
2025-03-28 21:00:00.000,21:00,13
2025-03-28 22:00:00.000,22:00,13
2025-03-28 23:00:00.000,23:00,13.6
2025-03-29 00:00:00.000,00:00,13.7
2025-03-29 01:00:00.000,01:00,13.100000000000001
2025-03-29 02:00:00.000,02:00,14.654545454545453
2025-03-29 03:00:00.000,03:00,14.945454545454545
2025-03-29 04:00:00.000,04:00,14.2
2025-03-29 05:00:00.000,05:00,15
2025-03-29 06:00:00.000,06:00,14.8
2025-03-29 07:00:00.000,07:00,19.8
2025-03-29 08:00:00.000,08:00,38.2
2025-03-29 09:00:00.000,09:00,55.8
2025-03-29 10:00:00.000,10:00,46
2025-03-29 11:00:00.000,11:00,50
2025-03-29 12:00:00.000,12:00,49.199999999999996
2025-03-29 13:00:00.000,13:00,49
2025-03-29 14:00:00.000,14:00,48.82222222222222
2025-03-29 15:00:00.000,15:00,35.95959595959596
2025-03-29 16:00:00.000,16:00,19.91818181818182
2025-03-29 17:00:00.000,17:00,19
2025-03-29 18:00:00.000,18:00,14.3
2025-03-29 19:00:00.000,19:00,13
2025-03-29 20:00:00.000,20:00,14
2025-03-29 21:00:00.000,21:00,12
2025-03-29 22:00:00.000,22:00,12.7
2025-03-29 23:00:00.000,23:00,11.9
2025-03-30 00:00:00.000,00:00,12.8
2025-03-30 00:00:00.000,00:00,14
2025-03-30 03:00:00.000,03:00,14
2025-03-30 04:00:00.000,04:00,14.6
2025-03-30 05:00:00.000,05:00,14
2025-03-30 06:00:00.000,06:00,14
2025-03-30 07:00:00.000,07:00,25
2025-03-30 08:00:00.000,08:00,31.8
2025-03-30 09:00:00.000,09:00,51.8
2025-03-30 10:00:00.000,10:00,42.4
2025-03-30 11:00:00.000,11:00,50
2025-03-30 12:00:00.000,12:00,51.8
2025-03-30 13:00:00.000,13:00,52
2025-03-30 14:00:00.000,14:00,51.199999999999996
2025-03-30 15:00:00.000,15:00,51.8
2025-03-30 16:00:00.000,16:00,28.133333333333333
2025-03-30 17:00:00.000,17:00,16.766666666666666
2025-03-30 18:00:00.000,18:00,13.3
2025-03-30 19:00:00.000,19:00,13
2025-03-30 20:00:00.000,20:00,8
2025-03-30 21:00:00.000,21:00,10
2025-03-30 22:00:00.000,22:00,9.299999999999999
2025-03-30 23:00:00.000,23:00,10.3
2025-03-31 00:00:00.000,00:00,11.8
2025-03-31 01:00:00.000,01:00,12
2025-03-31 02:00:00.000,02:00,12.836363636363636
2025-03-31 03:00:00.000,03:00,11.963636363636363
2025-03-31 04:00:00.000,04:00,13
2025-03-31 05:00:00.000,05:00,14.8
2025-03-31 06:00:00.000,06:00,14
2025-03-31 07:00:00.000,07:00,23
2025-03-31 08:00:00.000,08:00,20.8
2025-03-31 09:00:00.000,09:00,26.2
2025-03-31 10:00:00.000,10:00,42
2025-03-31 11:00:00.000,11:00,38.8
2025-03-31 12:00:00.000,12:00,29.400000000000002
2025-03-31 13:00:00.000,13:00,14
2025-03-31 14:00:00.000,14:00,13.955555555555556
2025-03-31 15:00:00.000,15:00,13.844444444444445
2025-03-31 16:00:00.000,16:00,11
2025-03-31 17:00:00.000,17:00,9.3
2025-03-31 18:00:00.000,18:00,2.3
2025-03-31 19:00:00.000,19:00,3
2025-03-31 20:00:00.000,20:00,6.4
2025-03-31 21:00:00.000,21:00,7
2025-03-31 22:00:00.000,22:00,8.3
2025-03-31 23:00:00.000,23:00,6.3
2025-04-01 00:00:00.000,00:00,6.9
2025-04-01 01:00:00.000,01:00,9.9
2025-04-01 02:00:00.000,02:00,7.836363636363637
2025-04-01 03:00:00.000,03:00,10.963636363636363
2025-04-01 04:00:00.000,04:00,11
2025-04-01 05:00:00.000,05:00,11
2025-04-01 06:00:00.000,06:00,11
2025-04-01 07:00:00.000,07:00,13
2025-04-01 08:00:00.000,08:00,12.8
2025-04-01 09:00:00.000,09:00,21
2025-04-01 10:00:00.000,10:00,18.6
2025-04-01 11:00:00.000,11:00,39.4
2025-04-01 12:00:00.000,12:00,47.2
2025-04-01 13:00:00.000,13:00,16
2025-04-01 14:00:00.000,14:00,13
2025-04-01 15:00:00.000,15:00,12.955555555555556
2025-04-01 16:00:00.000,16:00,12.844444444444445
2025-04-01 17:00:00.000,17:00,13
2025-04-01 18:00:00.000,18:00,9
2025-04-01 19:00:00.000,19:00,7.3
2025-04-01 20:00:00.000,20:00,5.699999999999999
2025-04-01 21:00:00.000,21:00,6.6
2025-04-01 22:00:00.000,22:00,8
2025-04-01 23:00:00.000,23:00,10
2025-04-02 00:00:00.000,00:00,6.9
2025-04-02 01:00:00.000,01:00,10
2025-04-02 02:00:00.000,02:00,11.9
2025-04-02 03:00:00.000,03:00,9.799999999999999
2025-04-02 04:00:00.000,04:00,10.8
2025-04-02 05:00:00.000,05:00,10.4
2025-04-02 06:00:00.000,06:00,11.8
2025-04-02 07:00:00.000,07:00,17.4
2025-04-02 08:00:00.000,08:00,48
2025-04-02 09:00:00.000,09:00,24.6
2025-04-02 10:00:00.000,10:00,16.8
2025-04-02 11:00:00.000,11:00,46
2025-04-02 12:00:00.000,12:00,40.4
2025-04-02 13:00:00.000,13:00,17.8
2025-04-02 14:00:00.000,14:00,14
2025-04-02 15:00:00.000,15:00,14.6
2025-04-02 16:00:00.000,16:00,16.2
2025-04-02 17:00:00.000,17:00,9.299999999999999
2025-04-02 18:00:00.000,18:00,7.699999999999999
2025-04-02 19:00:00.000,19:00,10
2025-04-02 20:00:00.000,20:00,7.3
2025-04-02 21:00:00.000,21:00,9.700000000000001
2025-04-02 22:00:00.000,22:00,10
2025-04-02 23:00:00.000,23:00,9.6
2025-04-03 00:00:00.000,00:00,9.8
2025-04-03 01:00:00.000,01:00,10
2025-04-03 02:00:00.000,02:00,10
2025-04-03 03:00:00.000,03:00,8.8
2025-04-03 04:00:00.000,04:00,11
2025-04-03 05:00:00.000,05:00,9.200000000000001
2025-04-03 06:00:00.000,06:00,9.8
2025-04-03 07:00:00.000,07:00,15
2025-04-03 08:00:00.000,08:00,19.6
2025-04-03 09:00:00.000,09:00,23.2
2025-04-03 10:00:00.000,10:00,24
2025-04-03 11:00:00.000,11:00,50
2025-04-03 12:00:00.000,12:00,39.2
2025-04-03 13:00:00.000,13:00,14.8
2025-04-03 14:00:00.000,14:00,13.933333333333334
2025-04-03 15:00:00.000,15:00,18.066666666666666
2025-04-03 16:00:00.000,16:00,16.933333333333334
2025-04-03 17:00:00.000,17:00,10.366666666666665
2025-04-03 18:00:00.000,18:00,6
2025-04-03 19:00:00.000,19:00,6
2025-04-03 20:00:00.000,20:00,5.3
2025-04-03 21:00:00.000,21:00,4.7
2025-04-03 22:00:00.000,22:00,5.3
2025-04-03 23:00:00.000,23:00,5
2025-04-04 00:00:00.000,00:00,5.9
2025-04-04 01:00:00.000,01:00,5
2025-04-04 02:00:00.000,02:00,6.9
2025-04-04 03:00:00.000,03:00,10.8
2025-04-04 04:00:00.000,04:00,10
2025-04-04 05:00:00.000,05:00,10
2025-04-04 06:00:00.000,06:00,12
2025-04-04 07:00:00.000,07:00,13.8
2025-04-04 08:00:00.000,08:00,15.2
2025-04-04 09:00:00.000,09:00,22.599999999999998
2025-04-04 10:00:00.000,10:00,30.6
2025-04-04 11:00:00.000,11:00,29.6
2025-04-04 12:00:00.000,12:00,36.2
2025-04-04 13:00:00.000,13:00,13
2025-04-04 14:00:00.000,14:00,13
2025-04-04 15:00:00.000,15:00,10
2025-04-04 16:00:00.000,16:00,10.177777777777779
2025-04-04 17:00:00.000,17:00,13.622222222222222
2025-04-04 18:00:00.000,18:00,8.3
2025-04-04 19:00:00.000,19:00,4.3
2025-04-04 20:00:00.000,20:00,3
2025-04-04 21:00:00.000,21:00,3
2025-04-04 22:00:00.000,22:00,3.7
2025-04-04 23:00:00.000,23:00,3.3
2025-04-05 00:00:00.000,00:00,2
2025-04-05 01:00:00.000,01:00,3.9
2025-04-05 02:00:00.000,02:00,3.1
2025-04-05 03:00:00.000,03:00,5.6
2025-04-05 04:00:00.000,04:00,10
2025-04-05 05:00:00.000,05:00,9
2025-04-05 06:00:00.000,06:00,10
2025-04-05 07:00:00.000,07:00,11.8
2025-04-05 08:00:00.000,08:00,30.200000000000003
2025-04-05 09:00:00.000,09:00,16
2025-04-05 10:00:00.000,10:00,15
2025-04-05 11:00:00.000,11:00,37.8
2025-04-05 12:00:00.000,12:00,39.2
2025-04-05 13:00:00.000,13:00,14
2025-04-05 14:00:00.000,14:00,11.8
2025-04-05 15:00:00.000,15:00,10
2025-04-05 16:00:00.000,16:00,10.3
2025-04-05 17:00:00.000,17:00,6
2025-04-05 18:00:00.000,18:00,3
2025-04-05 19:00:00.000,19:00,28.200000000000003
2025-04-05 20:00:00.000,20:00,16.799999999999997
2025-04-05 21:00:00.000,21:00,7
2025-04-05 22:00:00.000,22:00,9
2025-04-05 23:00:00.000,23:00,6.3
2025-04-06 00:00:00.000,00:00,1.9
2025-04-06 01:00:00.000,01:00,3
2025-04-06 02:00:00.000,02:00,2.918181818181818
2025-04-06 03:00:00.000,03:00,2.1818181818181817
2025-04-06 04:00:00.000,04:00,3.8
2025-04-06 05:00:00.000,05:00,3
2025-04-06 06:00:00.000,06:00,3.2
2025-04-06 07:00:00.000,07:00,4.8
2025-04-06 08:00:00.000,08:00,4
2025-04-06 09:00:00.000,09:00,23
2025-04-06 10:00:00.000,10:00,11.799999999999999
2025-04-06 11:00:00.000,11:00,24
2025-04-06 12:00:00.000,12:00,40.3
2025-04-06 13:00:00.000,13:00,31.8
2025-04-06 14:00:00.000,14:00,7.0777777777777775
2025-04-06 15:00:00.000,15:00,7.622222222222223
2025-04-06 16:00:00.000,16:00,9.299999999999999
2025-04-06 17:00:00.000,17:00,3.3
2025-04-06 18:00:00.000,18:00,3.7
2025-04-06 19:00:00.000,19:00,5
2025-04-06 20:00:00.000,20:00,3
2025-04-06 21:00:00.000,21:00,4
2025-04-06 22:00:00.000,22:00,3
2025-04-06 23:00:00.000,23:00,2.3
2025-04-07 00:00:00.000,00:00,2.9
2025-04-07 01:00:00.000,01:00,2.1
2025-04-07 02:00:00.000,02:00,3
2025-04-07 03:00:00.000,03:00,3.8
2025-04-07 04:00:00.000,04:00,3.2
2025-04-07 05:00:00.000,05:00,4
2025-04-07 06:00:00.000,06:00,4
2025-04-07 07:00:00.000,07:00,11.6
2025-04-07 08:00:00.000,08:00,14
2025-04-07 09:00:00.000,09:00,27.2
2025-04-07 10:00:00.000,10:00,13.8
2025-04-07 11:00:00.000,11:00,34
2025-04-07 12:00:00.000,12:00,27.200000000000003
2025-04-07 13:00:00.000,13:00,5.977777777777778
2025-04-07 14:00:00.000,14:00,7
2025-04-07 15:00:00.000,15:00,7.222222222222222
2025-04-07 16:00:00.000,16:00,3
2025-04-07 17:00:00.000,17:00,3
2025-04-07 18:00:00.000,18:00,2
2025-04-07 19:00:00.000,19:00,2.7
2025-04-07 20:00:00.000,20:00,2.3
2025-04-07 21:00:00.000,21:00,3
2025-04-07 22:00:00.000,22:00,2
2025-04-07 23:00:00.000,23:00,3
2025-04-08 00:00:00.000,00:00,2.9
2025-04-08 01:00:00.000,01:00,3
2025-04-08 02:00:00.000,02:00,3.1
2025-04-08 03:00:00.000,03:00,3
2025-04-08 04:00:00.000,04:00,3.8
2025-04-08 05:00:00.000,05:00,4.2
2025-04-08 06:00:00.000,06:00,3.8
2025-04-08 07:00:00.000,07:00,1.2
2025-04-08 08:00:00.000,08:00,0
2025-04-08 09:00:00.000,09:00,0
2025-04-08 10:00:00.000,10:00,0
2025-04-08 11:00:00.000,11:00,0
2025-04-08 12:00:00.000,12:00,0
2025-04-08 13:00:00.000,13:00,0
2025-04-08 14:00:00.000,14:00,0
2025-04-08 15:00:00.000,15:00,0
2025-04-08 16:00:00.000,16:00,0
2025-04-08 17:00:00.000,17:00,0
2025-04-08 18:00:00.000,18:00,0
2025-04-08 19:00:00.000,19:00,0
2025-04-08 20:00:00.000,20:00,0
2025-04-08 21:00:00.000,21:00,0
2025-04-08 22:00:00.000,22:00,0
2025-04-08 23:00:00.000,23:00,0
2025-04-09 00:00:00.000,00:00,0
2025-04-09 01:00:00.000,01:00,0
2025-04-09 02:00:00.000,02:00,0
2025-04-09 03:00:00.000,03:00,0
2025-04-09 04:00:00.000,04:00,0
2025-04-09 05:00:00.000,05:00,0
2025-04-09 06:00:00.000,06:00,0
2025-04-09 07:00:00.000,07:00,0
2025-04-09 08:00:00.000,08:00,337.6
2025-04-09 09:00:00.000,09:00,22
2025-04-09 10:00:00.000,10:00,17
2025-04-09 11:00:00.000,11:00,39.8
2025-04-09 12:00:00.000,12:00,42.93333333333334
2025-04-09 13:00:00.000,13:00,23.555555555555557
2025-04-09 14:00:00.000,14:00,36.31111111111111
2025-04-09 15:00:00.000,15:00,11.200000000000001
2025-04-09 16:00:00.000,16:00,13
2025-04-09 17:00:00.000,17:00,7.3
2025-04-09 18:00:00.000,18:00,5
2025-04-09 19:00:00.000,19:00,4.3
2025-04-09 20:00:00.000,20:00,4
2025-04-09 21:00:00.000,21:00,5.7
2025-04-09 22:00:00.000,22:00,4
2025-04-09 23:00:00.000,23:00,4.3
2025-04-10 00:00:00.000,00:00,4
2025-04-10 01:00:00.000,01:00,4.9
2025-04-10 02:00:00.000,02:00,4.918181818181818
2025-04-10 03:00:00.000,03:00,4.9818181818181815
2025-04-10 04:00:00.000,04:00,5
2025-04-10 05:00:00.000,05:00,5
2025-04-10 06:00:00.000,06:00,6
2025-04-10 07:00:00.000,07:00,15.799999999999999
2025-04-10 08:00:00.000,08:00,29
2025-04-10 09:00:00.000,09:00,20
2025-04-10 10:00:00.000,10:00,12.854545454545455
2025-04-10 11:00:00.000,11:00,24.145454545454548
2025-04-10 12:00:00.000,12:00,46.84444444444444
2025-04-10 13:00:00.000,13:00,30.333333333333336
2025-04-10 14:00:00.000,14:00,15.622222222222222
2025-04-10 15:00:00.000,15:00,24.5
2025-04-10 16:00:00.000,16:00,17.5
2025-04-10 17:00:00.000,17:00,10.299999999999999
2025-04-10 18:00:00.000,18:00,4.3
2025-04-10 19:00:00.000,19:00,2
2025-04-10 20:00:00.000,20:00,2.7
2025-04-10 21:00:00.000,21:00,5
2025-04-10 22:00:00.000,22:00,7
2025-04-10 23:00:00.000,23:00,3.3
2025-04-11 00:00:00.000,00:00,3.9
2025-04-11 01:00:00.000,01:00,4.1
2025-04-11 02:00:00.000,02:00,4.8
2025-04-11 03:00:00.000,03:00,5
2025-04-11 04:00:00.000,04:00,5
2025-04-11 05:00:00.000,05:00,5
2025-04-11 06:00:00.000,06:00,6
2025-04-11 07:00:00.000,07:00,5.927272727272728
2025-04-11 08:00:00.000,08:00,19.606060606060606
2025-04-11 09:00:00.000,09:00,25.166666666666664
2025-04-11 10:00:00.000,10:00,14.9
2025-04-11 11:00:00.000,11:00,35.2
2025-04-11 12:00:00.000,12:00,43.06666666666666
2025-04-11 13:00:00.000,13:00,13.111111111111112
2025-04-11 14:00:00.000,14:00,6.622222222222222
2025-04-11 15:00:00.000,15:00,15
2025-04-11 16:00:00.000,16:00,18
2025-04-11 17:00:00.000,17:00,7.3
2025-04-11 18:00:00.000,18:00,6
2025-04-11 19:00:00.000,19:00,2.3
2025-04-11 20:00:00.000,20:00,4
2025-04-11 21:00:00.000,21:00,4.7
2025-04-11 22:00:00.000,22:00,2
2025-04-11 23:00:00.000,23:00,2.3
2025-04-12 00:00:00.000,00:00,3
2025-04-12 01:00:00.000,01:00,3
2025-04-12 02:00:00.000,02:00,3
2025-04-12 03:00:00.000,03:00,3
2025-04-12 04:00:00.000,04:00,3.8
2025-04-12 05:00:00.000,05:00,3.2
2025-04-12 06:00:00.000,06:00,5.6
2025-04-12 07:00:00.000,07:00,15
2025-04-12 08:00:00.000,08:00,43
2025-04-12 09:00:00.000,09:00,31
2025-04-12 10:00:00.000,10:00,11.854545454545455
2025-04-12 11:00:00.000,11:00,36.945454545454545
2025-04-12 12:00:00.000,12:00,44.2
2025-04-12 13:00:00.000,13:00,22.2
2025-04-12 14:00:00.000,14:00,13.899999999999999
2025-04-12 15:00:00.000,15:00,15.700000000000001
2025-04-12 16:00:00.000,16:00,14
2025-04-12 17:00:00.000,17:00,11
2025-04-12 18:00:00.000,18:00,7.3
2025-04-12 19:00:00.000,19:00,4.3
2025-04-12 20:00:00.000,20:00,5.7
2025-04-12 21:00:00.000,21:00,4
2025-04-12 22:00:00.000,22:00,4
2025-04-12 23:00:00.000,23:00,5.3
2025-04-13 00:00:00.000,00:00,3
2025-04-13 01:00:00.000,01:00,4
2025-04-13 02:00:00.000,02:00,4.818181818181818
2025-04-13 03:00:00.000,03:00,3.9818181818181815
2025-04-13 04:00:00.000,04:00,0.2
2025-04-13 05:00:00.000,05:00,0
2025-04-13 06:00:00.000,06:00,13.8
2025-04-13 07:00:00.000,07:00,3.2
2025-04-13 08:00:00.000,08:00,0
2025-04-13 09:00:00.000,09:00,0
2025-04-13 10:00:00.000,10:00,0
2025-04-13 11:00:00.000,11:00,0
2025-04-13 12:00:00.000,12:00,0
2025-04-13 13:00:00.000,13:00,0
2025-04-13 14:00:00.000,14:00,0
2025-04-13 15:00:00.000,15:00,0
2025-04-13 16:00:00.000,16:00,0
2025-04-13 17:00:00.000,17:00,0
2025-04-13 18:00:00.000,18:00,252
2025-04-13 19:00:00.000,19:00,5.7
2025-04-13 20:00:00.000,20:00,6
2025-04-13 21:00:00.000,21:00,6
2025-04-13 22:00:00.000,22:00,7
2025-04-13 23:00:00.000,23:00,6.3
2025-04-14 00:00:00.000,00:00,4.9
2025-04-14 01:00:00.000,01:00,5
2025-04-14 02:00:00.000,02:00,5.1
2025-04-14 03:00:00.000,03:00,5.8
2025-04-14 04:00:00.000,04:00,6
2025-04-14 05:00:00.000,05:00,6
2025-04-14 06:00:00.000,06:00,6
2025-04-14 07:00:00.000,07:00,13.799999999999999
2025-04-14 08:00:00.000,08:00,25.21818181818182
2025-04-14 09:00:00.000,09:00,24.515151515151512
2025-04-14 10:00:00.000,10:00,15.266666666666666
2025-04-14 11:00:00.000,11:00,25
2025-04-14 12:00:00.000,12:00,39.49090909090909
2025-04-14 13:00:00.000,13:00,36.7979797979798
2025-04-14 14:00:00.000,14:00,31.81111111111111
2025-04-14 15:00:00.000,15:00,9
2025-04-14 16:00:00.000,16:00,10.7
2025-04-14 17:00:00.000,17:00,13
2025-04-14 18:00:00.000,18:00,12
2025-04-14 19:00:00.000,19:00,5.6
2025-04-14 20:00:00.000,20:00,4.7
2025-04-14 21:00:00.000,21:00,5
2025-04-14 22:00:00.000,22:00,7
2025-04-14 23:00:00.000,23:00,4.3
2025-04-15 00:00:00.000,00:00,4.9
2025-04-15 01:00:00.000,01:00,5
2025-04-15 02:00:00.000,02:00,4.9
2025-04-15 03:00:00.000,03:00,5.2
2025-04-15 04:00:00.000,04:00,5.8
2025-04-15 05:00:00.000,05:00,5
2025-04-15 06:00:00.000,06:00,6
2025-04-15 07:00:00.000,07:00,12.4
2025-04-15 08:00:00.000,08:00,15.200000000000001
2025-04-15 09:00:00.000,09:00,29.6
2025-04-15 10:00:00.000,10:00,24.90909090909091
2025-04-15 11:00:00.000,11:00,39.868686868686865
2025-04-15 12:00:00.000,12:00,44.666666666666664
2025-04-15 13:00:00.000,13:00,23.955555555555556
2025-04-15 14:00:00.000,14:00,31.400000000000002
2025-04-15 15:00:00.000,15:00,23.599999999999998
2025-04-15 16:00:00.000,16:00,13.7
2025-04-15 17:00:00.000,17:00,14.3
2025-04-15 18:00:00.000,18:00,13
2025-04-15 19:00:00.000,19:00,11
2025-04-15 20:00:00.000,20:00,7.3
2025-04-15 21:00:00.000,21:00,8
2025-04-15 22:00:00.000,22:00,9
2025-04-15 23:00:00.000,23:00,8.3
2025-04-16 00:00:00.000,00:00,7.8
2025-04-16 01:00:00.000,01:00,7.1000000000000005
2025-04-16 02:00:00.000,02:00,7.736363636363636
2025-04-16 03:00:00.000,03:00,8.163636363636364
2025-04-16 04:00:00.000,04:00,4.2
2025-04-16 05:00:00.000,05:00,0
2025-04-16 06:00:00.000,06:00,16.8
2025-04-16 07:00:00.000,07:00,20.599999999999998
2025-04-16 08:00:00.000,08:00,35
2025-04-16 09:00:00.000,09:00,33.93333333333334
2025-04-16 10:00:00.000,10:00,16.222222222222225
2025-04-16 11:00:00.000,11:00,31.888888888888886
2025-04-16 12:00:00.000,12:00,43.15555555555556
2025-04-16 13:00:00.000,13:00,40.06666666666666
2025-04-16 14:00:00.000,14:00,13.033333333333331
2025-04-16 15:00:00.000,15:00,6
2025-04-16 16:00:00.000,16:00,10
2025-04-16 17:00:00.000,17:00,9
2025-04-16 18:00:00.000,18:00,7
2025-04-16 19:00:00.000,19:00,7.699999999999999
2025-04-16 20:00:00.000,20:00,8.3
2025-04-16 21:00:00.000,21:00,10.7
2025-04-16 22:00:00.000,22:00,10
2025-04-16 23:00:00.000,23:00,9.6
2025-04-17 00:00:00.000,00:00,6.9
2025-04-17 01:00:00.000,01:00,8.899999999999999
2025-04-17 02:00:00.000,02:00,7.836363636363636
2025-04-17 03:00:00.000,03:00,8.163636363636364
2025-04-17 04:00:00.000,04:00,9
2025-04-17 05:00:00.000,05:00,8.8
2025-04-17 06:00:00.000,06:00,9
2025-04-17 07:00:00.000,07:00,12
2025-04-17 08:00:00.000,08:00,21.62222222222222
2025-04-17 09:00:00.000,09:00,28.87777777777778
2025-04-17 10:00:00.000,10:00,18.299999999999997
2025-04-17 11:00:00.000,11:00,41.82222222222222
2025-04-17 12:00:00.000,12:00,46
2025-04-17 13:00:00.000,13:00,38.87777777777778
2025-04-17 14:00:00.000,14:00,19.599999999999998
2025-04-17 15:00:00.000,15:00,7
2025-04-17 16:00:00.000,16:00,9.7
2025-04-17 17:00:00.000,17:00,13
2025-04-17 18:00:00.000,18:00,10.299999999999999
2025-04-17 19:00:00.000,19:00,8
2025-04-17 20:00:00.000,20:00,8.7
2025-04-17 21:00:00.000,21:00,8.3
2025-04-17 22:00:00.000,22:00,9
2025-04-17 23:00:00.000,23:00,9.3
2025-04-18 00:00:00.000,00:00,6.9
2025-04-18 01:00:00.000,01:00,8
2025-04-18 02:00:00.000,02:00,6.918181818181818
2025-04-18 03:00:00.000,03:00,7.9818181818181815
2025-04-18 04:00:00.000,04:00,8
2025-04-18 05:00:00.000,05:00,8
2025-04-18 06:00:00.000,06:00,8.8
2025-04-18 07:00:00.000,07:00,16.8
2025-04-18 08:00:00.000,08:00,24.8
2025-04-18 09:00:00.000,09:00,16.200000000000003
2025-04-18 10:00:00.000,10:00,19.6
2025-04-18 11:00:00.000,11:00,27
2025-04-18 12:00:00.000,12:00,34.8
2025-04-18 13:00:00.000,13:00,35.4
2025-04-18 14:00:00.000,14:00,19.8
2025-04-18 15:00:00.000,15:00,4
2025-04-18 16:00:00.000,16:00,5.7
2025-04-18 17:00:00.000,17:00,7
2025-04-18 18:00:00.000,18:00,4
2025-04-18 19:00:00.000,19:00,2
2025-04-18 20:00:00.000,20:00,3.3
2025-04-18 21:00:00.000,21:00,3.7
2025-04-18 22:00:00.000,22:00,5
2025-04-18 23:00:00.000,23:00,4.3
2025-04-19 00:00:00.000,00:00,4
2025-04-19 01:00:00.000,01:00,4
2025-04-19 02:00:00.000,02:00,4
2025-04-19 03:00:00.000,03:00,4
2025-04-19 04:00:00.000,04:00,4.8
2025-04-19 05:00:00.000,05:00,5
2025-04-19 06:00:00.000,06:00,4
2025-04-19 07:00:00.000,07:00,6.800000000000001
2025-04-19 08:00:00.000,08:00,20.622222222222224
2025-04-19 09:00:00.000,09:00,33.577777777777776
2025-04-19 10:00:00.000,10:00,35.422222222222224
2025-04-19 11:00:00.000,11:00,21.37777777777778
2025-04-19 12:00:00.000,12:00,41.763636363636365
2025-04-19 13:00:00.000,13:00,40.83636363636364
2025-04-19 14:00:00.000,14:00,41.699999999999996
2025-04-19 15:00:00.000,15:00,12.799999999999999
2025-04-19 16:00:00.000,16:00,12.700000000000001
2025-04-19 17:00:00.000,17:00,10.299999999999999
2025-04-19 18:00:00.000,18:00,8
2025-04-19 19:00:00.000,19:00,7
2025-04-19 20:00:00.000,20:00,7.699999999999999
2025-04-19 21:00:00.000,21:00,7.3
2025-04-19 22:00:00.000,22:00,6
2025-04-19 23:00:00.000,23:00,5.3
2025-04-20 00:00:00.000,00:00,4.9
2025-04-20 01:00:00.000,01:00,5
2025-04-20 02:00:00.000,02:00,4.918181818181818
2025-04-20 03:00:00.000,03:00,5.9818181818181815
2025-04-20 04:00:00.000,04:00,6
2025-04-20 05:00:00.000,05:00,6
2025-04-20 06:00:00.000,06:00,7
2025-04-20 07:00:00.000,07:00,13.899999999999999
2025-04-20 08:00:00.000,08:00,16.3
2025-04-20 09:00:00.000,09:00,36.6
2025-04-20 10:00:00.000,10:00,44.8
2025-04-20 11:00:00.000,11:00,46.2
2025-04-20 12:00:00.000,12:00,46.62222222222222
2025-04-20 13:00:00.000,13:00,44.67777777777778
2025-04-20 14:00:00.000,14:00,31.5
2025-04-20 15:00:00.000,15:00,13
2025-04-20 16:00:00.000,16:00,14
2025-04-20 17:00:00.000,17:00,13.299999999999999
2025-04-20 18:00:00.000,18:00,11
2025-04-20 19:00:00.000,19:00,9
2025-04-20 20:00:00.000,20:00,8
2025-04-20 21:00:00.000,21:00,10.700000000000001
2025-04-20 22:00:00.000,22:00,8
2025-04-20 23:00:00.000,23:00,6.6
2025-04-21 00:00:00.000,00:00,6.9
2025-04-21 01:00:00.000,01:00,7
2025-04-21 02:00:00.000,02:00,6.9
2025-04-21 03:00:00.000,03:00,6
2025-04-21 04:00:00.000,04:00,7
2025-04-21 05:00:00.000,05:00,7.800000000000001
2025-04-21 06:00:00.000,06:00,29.599999999999998
2025-04-21 07:00:00.000,07:00,17.6
2025-04-21 08:00:00.000,08:00,37.422222222222224
2025-04-21 09:00:00.000,09:00,38.17777777777778
2025-04-21 10:00:00.000,10:00,41
2025-04-21 11:00:00.000,11:00,35.2
2025-04-21 12:00:00.000,12:00,36.490909090909085
2025-04-21 13:00:00.000,13:00,41.40909090909091
2025-04-21 14:00:00.000,14:00,32.4
2025-04-21 15:00:00.000,15:00,30.200000000000003
2025-04-21 16:00:00.000,16:00,15
2025-04-21 17:00:00.000,17:00,7.6000000000000005
2025-04-21 18:00:00.000,18:00,8
2025-04-21 19:00:00.000,19:00,7
2025-04-21 20:00:00.000,20:00,8.7
2025-04-21 21:00:00.000,21:00,8.299999999999999
2025-04-21 22:00:00.000,22:00,9.7
2025-04-21 23:00:00.000,23:00,10.6
2025-04-22 00:00:00.000,00:00,7.8
2025-04-22 01:00:00.000,01:00,9
2025-04-22 02:00:00.000,02:00,8.836363636363636
2025-04-22 03:00:00.000,03:00,8.963636363636363
2025-04-22 04:00:00.000,04:00,9.200000000000001
2025-04-22 05:00:00.000,05:00,10.799999999999999
2025-04-22 06:00:00.000,06:00,9.8
2025-04-22 07:00:00.000,07:00,17
2025-04-22 08:00:00.000,08:00,35.8
2025-04-22 09:00:00.000,09:00,45.8
2025-04-22 10:00:00.000,10:00,27.727272727272727
2025-04-22 11:00:00.000,11:00,28.717171717171716
2025-04-22 12:00:00.000,12:00,40.77777777777778
2025-04-22 13:00:00.000,13:00,38.22222222222222
2025-04-22 14:00:00.000,14:00,22.255555555555556
2025-04-22 15:00:00.000,15:00,9.7
2025-04-22 16:00:00.000,16:00,14
2025-04-22 17:00:00.000,17:00,10.3
2025-04-22 18:00:00.000,18:00,5
2025-04-22 19:00:00.000,19:00,4.3
2025-04-22 20:00:00.000,20:00,5.7
2025-04-22 21:00:00.000,21:00,6
2025-04-22 22:00:00.000,22:00,7
2025-04-22 23:00:00.000,23:00,5.3
2025-04-23 00:00:00.000,00:00,4.9
2025-04-23 01:00:00.000,01:00,6
2025-04-23 02:00:00.000,02:00,5.8999999999999995
2025-04-23 03:00:00.000,03:00,6
2025-04-23 04:00:00.000,04:00,6
2025-04-23 05:00:00.000,05:00,6
2025-04-23 06:00:00.000,06:00,6
2025-04-23 07:00:00.000,07:00,10.755555555555555
2025-04-23 08:00:00.000,08:00,18.84444444444444
2025-04-23 09:00:00.000,09:00,26
2025-04-23 10:00:00.000,10:00,41.2
2025-04-23 11:00:00.000,11:00,32.62222222222222
2025-04-23 12:00:00.000,12:00,42.977777777777774
2025-04-23 13:00:00.000,13:00,35.2
2025-04-23 14:00:00.000,14:00,20
2025-04-23 15:00:00.000,15:00,9
2025-04-23 16:00:00.000,16:00,12
2025-04-23 17:00:00.000,17:00,9.3
2025-04-23 18:00:00.000,18:00,4.699999999999999
2025-04-23 19:00:00.000,19:00,4.3
2025-04-23 20:00:00.000,20:00,3
2025-04-23 21:00:00.000,21:00,5
2025-04-23 22:00:00.000,22:00,4.3
2025-04-23 23:00:00.000,23:00,5
2025-04-24 00:00:00.000,00:00,4.9
2025-04-24 01:00:00.000,01:00,5
2025-04-24 02:00:00.000,02:00,5.1
2025-04-24 03:00:00.000,03:00,5.8
2025-04-24 04:00:00.000,04:00,6
2025-04-24 05:00:00.000,05:00,6
2025-04-24 06:00:00.000,06:00,6
2025-04-24 07:00:00.000,07:00,7.7555555555555555
2025-04-24 08:00:00.000,08:00,4.444444444444445
2025-04-24 09:00:00.000,09:00,0
2025-04-24 10:00:00.000,10:00,0
2025-04-24 11:00:00.000,11:00,99.44444444444444
2025-04-24 12:00:00.000,12:00,42.15555555555556
2025-04-24 13:00:00.000,13:00,34.8
2025-04-24 14:00:00.000,14:00,8
2025-04-24 15:00:00.000,15:00,12.7
2025-04-24 16:00:00.000,16:00,14.3
2025-04-24 17:00:00.000,17:00,6.3
2025-04-24 18:00:00.000,18:00,4
2025-04-24 19:00:00.000,19:00,4.3
2025-04-24 20:00:00.000,20:00,4.7
2025-04-24 21:00:00.000,21:00,5
2025-04-24 22:00:00.000,22:00,3
2025-04-24 23:00:00.000,23:00,4.3
2025-04-25 00:00:00.000,00:00,3.9
2025-04-25 01:00:00.000,01:00,4
2025-04-25 02:00:00.000,02:00,5.918181818181818
2025-04-25 03:00:00.000,03:00,4.181818181818182
2025-04-25 04:00:00.000,04:00,6.6
2025-04-25 05:00:00.000,05:00,6.2
2025-04-25 06:00:00.000,06:00,7
2025-04-25 07:00:00.000,07:00,15.533333333333333
2025-04-25 08:00:00.000,08:00,17.266666666666666
2025-04-25 09:00:00.000,09:00,13.200000000000001
2025-04-25 10:00:00.000,10:00,19.8
2025-04-25 11:00:00.000,11:00,25.84444444444444
2025-04-25 12:00:00.000,12:00,37.355555555555554
2025-04-25 13:00:00.000,13:00,26.977777777777778
2025-04-25 14:00:00.000,14:00,5.222222222222222
2025-04-25 15:00:00.000,15:00,7.4
2025-04-25 16:00:00.000,16:00,5.6
2025-04-25 17:00:00.000,17:00,4
2025-04-25 18:00:00.000,18:00,2.7
2025-04-25 19:00:00.000,19:00,2.3
2025-04-25 20:00:00.000,20:00,2.7
2025-04-25 21:00:00.000,21:00,5
2025-04-25 22:00:00.000,22:00,8.3
2025-04-25 23:00:00.000,23:00,4
2025-04-26 00:00:00.000,00:00,4
2025-04-26 01:00:00.000,01:00,4
2025-04-26 02:00:00.000,02:00,4.8
2025-04-26 03:00:00.000,03:00,4.2
2025-04-26 04:00:00.000,04:00,5.8
2025-04-26 05:00:00.000,05:00,5
2025-04-26 06:00:00.000,06:00,6
2025-04-26 07:00:00.000,07:00,6.7555555555555555
2025-04-26 08:00:00.000,08:00,11.044444444444444
2025-04-26 09:00:00.000,09:00,19
2025-04-26 10:00:00.000,10:00,19.581818181818182
2025-04-26 11:00:00.000,11:00,26.262626262626263
2025-04-26 12:00:00.000,12:00,42.22222222222222
2025-04-26 13:00:00.000,13:00,22.73333333333333
2025-04-26 14:00:00.000,14:00,10
2025-04-26 15:00:00.000,15:00,5.3
2025-04-26 16:00:00.000,16:00,6.3
2025-04-26 17:00:00.000,17:00,4
2025-04-26 18:00:00.000,18:00,4.7
2025-04-26 19:00:00.000,19:00,5
2025-04-26 20:00:00.000,20:00,6
2025-04-26 21:00:00.000,21:00,5
2025-04-26 22:00:00.000,22:00,6.699999999999999
2025-04-26 23:00:00.000,23:00,5.6
2025-04-27 00:00:00.000,00:00,4
2025-04-27 01:00:00.000,01:00,5.9
2025-04-27 02:00:00.000,02:00,4.8999999999999995
2025-04-27 03:00:00.000,03:00,6
2025-04-27 04:00:00.000,04:00,7
2025-04-27 05:00:00.000,05:00,7
2025-04-27 06:00:00.000,06:00,7.800000000000001
2025-04-27 07:00:00.000,07:00,8.955555555555556
2025-04-27 08:00:00.000,08:00,10.844444444444445
2025-04-27 09:00:00.000,09:00,14.2
2025-04-27 10:00:00.000,10:00,20.2
2025-04-27 11:00:00.000,11:00,29.2
2025-04-27 12:00:00.000,12:00,37.09090909090909
2025-04-27 13:00:00.000,13:00,36.10909090909091
2025-04-27 14:00:00.000,14:00,20.5
2025-04-27 15:00:00.000,15:00,8
2025-04-27 16:00:00.000,16:00,8
2025-04-27 17:00:00.000,17:00,7.3
2025-04-27 18:00:00.000,18:00,4.7
2025-04-27 19:00:00.000,19:00,2.3
2025-04-27 20:00:00.000,20:00,3.7
2025-04-27 21:00:00.000,21:00,4
2025-04-27 22:00:00.000,22:00,4
2025-04-27 23:00:00.000,23:00,4.3
2025-04-28 00:00:00.000,00:00,3.9
2025-04-28 01:00:00.000,01:00,4.1
2025-04-28 02:00:00.000,02:00,4.8
2025-04-28 03:00:00.000,03:00,4
2025-04-28 04:00:00.000,04:00,6
2025-04-28 05:00:00.000,05:00,5
2025-04-28 06:00:00.000,06:00,6.800000000000001
2025-04-28 07:00:00.000,07:00,7.177777777777778
2025-04-28 08:00:00.000,08:00,11.822222222222221
2025-04-28 09:00:00.000,09:00,13
2025-04-28 10:00:00.000,10:00,8.200000000000001
2025-04-28 11:00:00.000,11:00,31
2025-04-28 12:00:00.000,12:00,32
2025-04-28 13:00:00.000,13:00,16
2025-04-28 14:00:00.000,14:00,9.927272727272726
2025-04-28 15:00:00.000,15:00,10
2025-04-28 16:00:00.000,16:00,4.2727272727272725
2025-04-28 17:00:00.000,17:00,1
2025-04-28 18:00:00.000,18:00,1.7
2025-04-28 19:00:00.000,19:00,1.3
2025-04-28 20:00:00.000,20:00,1
2025-04-28 21:00:00.000,21:00,2
2025-04-28 22:00:00.000,22:00,2.7
2025-04-28 23:00:00.000,23:00,2.3
2025-04-29 00:00:00.000,00:00,2
2025-04-29 01:00:00.000,01:00,2
2025-04-29 02:00:00.000,02:00,3
2025-04-29 03:00:00.000,03:00,2.8
2025-04-29 04:00:00.000,04:00,3
2025-04-29 05:00:00.000,05:00,3
2025-04-29 06:00:00.000,06:00,4
2025-04-29 07:00:00.000,07:00,6.6
2025-04-29 08:00:00.000,08:00,13.2
2025-04-29 09:00:00.000,09:00,10.200000000000001
2025-04-29 10:00:00.000,10:00,9.799999999999999
2025-04-29 11:00:00.000,11:00,18.6
2025-04-29 12:00:00.000,12:00,35.8
2025-04-29 13:00:00.000,13:00,24.8
2025-04-29 14:00:00.000,14:00,3.2
2025-04-29 15:00:00.000,15:00,6.7
2025-04-29 16:00:00.000,16:00,6
2025-04-29 17:00:00.000,17:00,3
2025-04-29 18:00:00.000,18:00,2.3
2025-04-29 19:00:00.000,19:00,2
2025-04-29 20:00:00.000,20:00,2.7
2025-04-29 21:00:00.000,21:00,3
2025-04-29 22:00:00.000,22:00,2.3
2025-04-29 23:00:00.000,23:00,2
2025-04-30 00:00:00.000,00:00,1.9
2025-04-30 01:00:00.000,01:00,1.1
2025-04-30 02:00:00.000,02:00,2
2025-04-30 03:00:00.000,03:00,2
2025-04-30 04:00:00.000,04:00,1.8
2025-04-30 05:00:00.000,05:00,2.2
2025-04-30 06:00:00.000,06:00,4.6
2025-04-30 07:00:00.000,07:00,10.955555555555556
2025-04-30 08:00:00.000,08:00,8.244444444444444
2025-04-30 09:00:00.000,09:00,8.8
2025-04-30 10:00:00.000,10:00,8.177777777777777
2025-04-30 11:00:00.000,11:00,23.022222222222222
2025-04-30 12:00:00.000,12:00,30.8
2025-04-30 13:00:00.000,13:00,27.58181818181818
2025-04-30 14:00:00.000,14:00,31.01818181818182
2025-04-30 15:00:00.000,15:00,29.2
2025-04-30 16:00:00.000,16:00,7
2025-04-30 17:00:00.000,17:00,4.6
2025-04-30 18:00:00.000,18:00,2.7
2025-04-30 19:00:00.000,19:00,1.3
2025-04-30 20:00:00.000,20:00,2
2025-04-30 21:00:00.000,21:00,1
2025-04-30 22:00:00.000,22:00,2.7
2025-04-30 23:00:00.000,23:00,1.3
2025-05-01 00:00:00.000,00:00,1.9
2025-05-01 01:00:00.000,01:00,1
2025-05-01 02:00:00.000,02:00,1.1
2025-05-01 03:00:00.000,03:00,2.8
2025-05-01 04:00:00.000,04:00,2
2025-05-01 05:00:00.000,05:00,2.2
2025-05-01 06:00:00.000,06:00,2.8
2025-05-01 07:00:00.000,07:00,3.2
2025-05-01 08:00:00.000,08:00,13.6
2025-05-01 09:00:00.000,09:00,8.2
2025-05-01 10:00:00.000,10:00,7.927272727272728
2025-05-01 11:00:00.000,11:00,25.872727272727275
2025-05-01 12:00:00.000,12:00,31.599999999999998
2025-05-01 13:00:00.000,13:00,23.8
2025-05-01 14:00:00.000,14:00,5.7
2025-05-01 15:00:00.000,15:00,6.699999999999999
2025-05-01 16:00:00.000,16:00,7.3
2025-05-01 17:00:00.000,17:00,4.3
2025-05-01 18:00:00.000,18:00,2
2025-05-01 19:00:00.000,19:00,3
2025-05-01 20:00:00.000,20:00,2
2025-05-01 21:00:00.000,21:00,3.7
2025-05-01 22:00:00.000,22:00,3
2025-05-01 23:00:00.000,23:00,2.3
2025-05-02 00:00:00.000,00:00,2
2025-05-02 01:00:00.000,01:00,1.9
2025-05-02 02:00:00.000,02:00,1.1
2025-05-02 03:00:00.000,03:00,2.8
2025-05-02 04:00:00.000,04:00,2.2
2025-05-02 05:00:00.000,05:00,2.8
2025-05-02 06:00:00.000,06:00,3
2025-05-02 07:00:00.000,07:00,3.2
2025-05-02 08:00:00.000,08:00,4
2025-05-02 09:00:00.000,09:00,4
2025-05-02 10:00:00.000,10:00,5.7272727272727275
2025-05-02 11:00:00.000,11:00,18.181818181818183
2025-05-02 12:00:00.000,12:00,13.272727272727272
2025-05-02 13:00:00.000,13:00,16.918181818181818
2025-05-02 14:00:00.000,14:00,9.3
2025-05-02 15:00:00.000,15:00,31.8
2025-05-02 16:00:00.000,16:00,30.6
2025-05-02 17:00:00.000,17:00,19.9
2025-05-02 18:00:00.000,18:00,6
2025-05-02 19:00:00.000,19:00,6
2025-05-02 20:00:00.000,20:00,5
2025-05-02 21:00:00.000,21:00,2.3
2025-05-02 22:00:00.000,22:00,2.7
2025-05-02 23:00:00.000,23:00,2.3
2025-05-03 00:00:00.000,00:00,2
2025-05-03 01:00:00.000,01:00,1
2025-05-03 02:00:00.000,02:00,2
2025-05-03 03:00:00.000,03:00,2
2025-05-03 04:00:00.000,04:00,1
2025-05-03 05:00:00.000,05:00,3
2025-05-03 06:00:00.000,06:00,2
2025-05-03 07:00:00.000,07:00,13.777777777777779
2025-05-03 08:00:00.000,08:00,10.022222222222222
2025-05-03 09:00:00.000,09:00,11.799999999999999
2025-05-03 10:00:00.000,10:00,15
2025-05-03 11:00:00.000,11:00,26
2025-05-03 12:00:00.000,12:00,36.199999999999996
2025-05-03 13:00:00.000,13:00,22.927272727272726
2025-05-03 14:00:00.000,14:00,4.2727272727272725
2025-05-03 15:00:00.000,15:00,6.7
2025-05-03 16:00:00.000,16:00,4
2025-05-03 17:00:00.000,17:00,3
2025-05-03 18:00:00.000,18:00,2.3
2025-05-03 19:00:00.000,19:00,3
2025-05-03 20:00:00.000,20:00,1.7
2025-05-03 21:00:00.000,21:00,3.3
2025-05-03 22:00:00.000,22:00,3
2025-05-03 23:00:00.000,23:00,2
2025-05-04 00:00:00.000,00:00,2
2025-05-04 01:00:00.000,01:00,3
2025-05-04 02:00:00.000,02:00,2
2025-05-04 03:00:00.000,03:00,2.8
2025-05-04 04:00:00.000,04:00,3
2025-05-04 05:00:00.000,05:00,3
2025-05-04 06:00:00.000,06:00,3
2025-05-04 07:00:00.000,07:00,3.977777777777778
2025-05-04 08:00:00.000,08:00,11.022222222222222
2025-05-04 09:00:00.000,09:00,9
2025-05-04 10:00:00.000,10:00,8.927272727272726
2025-05-04 11:00:00.000,11:00,27.072727272727274
2025-05-04 12:00:00.000,12:00,35.56363636363636
2025-05-04 13:00:00.000,13:00,29.336363636363636
2025-05-04 14:00:00.000,14:00,8
2025-05-04 15:00:00.000,15:00,9
2025-05-04 16:00:00.000,16:00,4.3
2025-05-04 17:00:00.000,17:00,4.7
2025-05-04 18:00:00.000,18:00,3
2025-05-04 19:00:00.000,19:00,4
2025-05-04 20:00:00.000,20:00,5
2025-05-04 21:00:00.000,21:00,4
2025-05-04 22:00:00.000,22:00,4
2025-05-04 23:00:00.000,23:00,2.3
2025-05-05 00:00:00.000,00:00,3
2025-05-05 01:00:00.000,01:00,2.9
2025-05-05 02:00:00.000,02:00,3.1
2025-05-05 03:00:00.000,03:00,3.8
2025-05-05 04:00:00.000,04:00,3.2
2025-05-05 05:00:00.000,05:00,3.8
2025-05-05 06:00:00.000,06:00,3.2
2025-05-05 07:00:00.000,07:00,4.8
2025-05-05 08:00:00.000,08:00,14.799999999999999
2025-05-05 09:00:00.000,09:00,25
2025-05-05 10:00:00.000,10:00,19
2025-05-05 11:00:00.000,11:00,37
2025-05-05 12:00:00.000,12:00,30
2025-05-05 13:00:00.000,13:00,10.127272727272727
2025-05-05 14:00:00.000,14:00,9.672727272727274
2025-05-05 15:00:00.000,15:00,8
2025-05-05 16:00:00.000,16:00,7.3
2025-05-05 17:00:00.000,17:00,7
2025-05-05 18:00:00.000,18:00,5
2025-05-05 19:00:00.000,19:00,6
2025-05-05 20:00:00.000,20:00,5
2025-05-05 21:00:00.000,21:00,5
2025-05-05 22:00:00.000,22:00,6.699999999999999
2025-05-05 23:00:00.000,23:00,5.6
2025-05-06 00:00:00.000,00:00,4.9
2025-05-06 01:00:00.000,01:00,5
2025-05-06 02:00:00.000,02:00,4.1
2025-05-06 03:00:00.000,03:00,4.8
2025-05-06 04:00:00.000,04:00,4.2
2025-05-06 05:00:00.000,05:00,5.8
2025-05-06 06:00:00.000,06:00,5
2025-05-06 07:00:00.000,07:00,5
2025-05-06 08:00:00.000,08:00,11.799999999999999
2025-05-06 09:00:00.000,09:00,12
2025-05-06 10:00:00.000,10:00,16.200000000000003
2025-05-06 11:00:00.000,11:00,25
2025-05-06 12:00:00.000,12:00,39.290909090909096
2025-05-06 13:00:00.000,13:00,29.636363636363633
2025-05-06 14:00:00.000,14:00,7.972727272727273
2025-05-06 15:00:00.000,15:00,8.7
2025-05-06 16:00:00.000,16:00,9
2025-05-06 17:00:00.000,17:00,8
2025-05-06 18:00:00.000,18:00,7.3
2025-05-06 19:00:00.000,19:00,4.3
2025-05-06 20:00:00.000,20:00,4.7
2025-05-06 21:00:00.000,21:00,4
2025-05-06 22:00:00.000,22:00,5
2025-05-06 23:00:00.000,23:00,5.3
2025-05-07 00:00:00.000,00:00,4.9
2025-05-07 01:00:00.000,01:00,5
2025-05-07 02:00:00.000,02:00,5.9
2025-05-07 03:00:00.000,03:00,5
2025-05-07 04:00:00.000,04:00,3.2
2025-05-07 05:00:00.000,05:00,0
2025-05-07 06:00:00.000,06:00,0
2025-05-07 07:00:00.000,07:00,17.6
2025-05-07 08:00:00.000,08:00,21.4
2025-05-07 09:00:00.000,09:00,11.555555555555555
2025-05-07 10:00:00.000,10:00,12.044444444444444
2025-05-07 11:00:00.000,11:00,39
2025-05-07 12:00:00.000,12:00,34.8
2025-05-07 13:00:00.000,13:00,7.327272727272727
2025-05-07 14:00:00.000,14:00,5.672727272727272
2025-05-07 15:00:00.000,15:00,9.299999999999999
2025-05-07 16:00:00.000,16:00,7
2025-05-07 17:00:00.000,17:00,4.3
2025-05-07 18:00:00.000,18:00,4
2025-05-07 19:00:00.000,19:00,4
2025-05-07 20:00:00.000,20:00,3.7
2025-05-07 21:00:00.000,21:00,4
2025-05-07 22:00:00.000,22:00,4.3
2025-05-07 23:00:00.000,23:00,5
2025-05-08 00:00:00.000,00:00,4
2025-05-08 01:00:00.000,01:00,5
2025-05-08 02:00:00.000,02:00,5.8
2025-05-08 03:00:00.000,03:00,6.800000000000001
2025-05-08 04:00:00.000,04:00,7
2025-05-08 05:00:00.000,05:00,6.2
2025-05-08 06:00:00.000,06:00,8
2025-05-08 07:00:00.000,07:00,10
2025-05-08 08:00:00.000,08:00,21.799999999999997
2025-05-08 09:00:00.000,09:00,19.2
2025-05-08 10:00:00.000,10:00,13.533333333333333
2025-05-08 11:00:00.000,11:00,29.266666666666666
2025-05-08 12:00:00.000,12:00,40.3
2025-05-08 13:00:00.000,13:00,16.799999999999997
2025-05-08 14:00:00.000,14:00,9
2025-05-08 15:00:00.000,15:00,7
2025-05-08 16:00:00.000,16:00,8
2025-05-08 17:00:00.000,17:00,4
2025-05-08 18:00:00.000,18:00,4
2025-05-08 19:00:00.000,19:00,3
2025-05-08 20:00:00.000,20:00,3.3
2025-05-08 21:00:00.000,21:00,4
2025-05-08 22:00:00.000,22:00,5.7
2025-05-08 23:00:00.000,23:00,5.3
2025-05-09 00:00:00.000,00:00,4.9
2025-05-09 01:00:00.000,01:00,6
2025-05-09 02:00:00.000,02:00,5.8999999999999995
2025-05-09 03:00:00.000,03:00,7
2025-05-09 04:00:00.000,04:00,7
2025-05-09 05:00:00.000,05:00,7
2025-05-09 06:00:00.000,06:00,7.800000000000001
2025-05-09 07:00:00.000,07:00,9.2
2025-05-09 08:00:00.000,08:00,9.755555555555555
2025-05-09 09:00:00.000,09:00,24.044444444444444
2025-05-09 10:00:00.000,10:00,18.799999999999997
2025-05-09 11:00:00.000,11:00,24.200000000000003
2025-05-09 12:00:00.000,12:00,41.199999999999996
2025-05-09 13:00:00.000,13:00,36.836363636363636
2025-05-09 14:00:00.000,14:00,17.563636363636363
2025-05-09 15:00:00.000,15:00,17.200000000000003
2025-05-09 16:00:00.000,16:00,9.299999999999999
2025-05-09 17:00:00.000,17:00,6
2025-05-09 18:00:00.000,18:00,7
2025-05-09 19:00:00.000,19:00,5
2025-05-09 20:00:00.000,20:00,3
2025-05-09 21:00:00.000,21:00,4
2025-05-09 22:00:00.000,22:00,4.3
2025-05-09 23:00:00.000,23:00,4
2025-05-10 00:00:00.000,00:00,3.9
2025-05-10 01:00:00.000,01:00,3.1
2025-05-10 02:00:00.000,02:00,4.8
2025-05-10 03:00:00.000,03:00,3.2
2025-05-10 04:00:00.000,04:00,3.8
2025-05-10 05:00:00.000,05:00,4.2
2025-05-10 06:00:00.000,06:00,3.8
2025-05-10 07:00:00.000,07:00,14.755555555555555
2025-05-10 08:00:00.000,08:00,40.888888888888886
2025-05-10 09:00:00.000,09:00,43.15555555555556
2025-05-10 10:00:00.000,10:00,26.177777777777777
2025-05-10 11:00:00.000,11:00,26.022222222222222
2025-05-10 12:00:00.000,12:00,37
2025-05-10 13:00:00.000,13:00,31.4
2025-05-10 14:00:00.000,14:00,9.5
2025-05-10 15:00:00.000,15:00,4
2025-05-10 16:00:00.000,16:00,9.700000000000001
2025-05-10 17:00:00.000,17:00,7.3
2025-05-10 18:00:00.000,18:00,2
2025-05-10 19:00:00.000,19:00,2.3
2025-05-10 20:00:00.000,20:00,2
2025-05-10 21:00:00.000,21:00,2.7
2025-05-10 22:00:00.000,22:00,3
2025-05-10 23:00:00.000,23:00,3.3
2025-05-11 00:00:00.000,00:00,2.9
2025-05-11 01:00:00.000,01:00,2.1
2025-05-11 02:00:00.000,02:00,3
2025-05-11 03:00:00.000,03:00,3.8
2025-05-11 04:00:00.000,04:00,3
2025-05-11 05:00:00.000,05:00,3
2025-05-11 06:00:00.000,06:00,3
2025-05-11 07:00:00.000,07:00,4
2025-05-11 08:00:00.000,08:00,11.6
2025-05-11 09:00:00.000,09:00,22.200000000000003
2025-05-11 10:00:00.000,10:00,29.4
2025-05-11 11:00:00.000,11:00,41.6
2025-05-11 12:00:00.000,12:00,41.3
2025-05-11 13:00:00.000,13:00,43.544444444444444
2025-05-11 14:00:00.000,14:00,39.75555555555556
2025-05-11 15:00:00.000,15:00,21.2
2025-05-11 16:00:00.000,16:00,6.3
2025-05-11 17:00:00.000,17:00,5
2025-05-11 18:00:00.000,18:00,4.3
2025-05-11 19:00:00.000,19:00,4.7
2025-05-11 20:00:00.000,20:00,4
2025-05-11 21:00:00.000,21:00,4
2025-05-11 22:00:00.000,22:00,4
2025-05-11 23:00:00.000,23:00,3.3
2025-05-12 00:00:00.000,00:00,4
2025-05-12 01:00:00.000,01:00,4
2025-05-12 02:00:00.000,02:00,3.8
2025-05-12 03:00:00.000,03:00,4
2025-05-12 04:00:00.000,04:00,4
2025-05-12 05:00:00.000,05:00,4
2025-05-12 06:00:00.000,06:00,4.2
2025-05-12 07:00:00.000,07:00,14.6
2025-05-12 08:00:00.000,08:00,10.955555555555556
2025-05-12 09:00:00.000,09:00,24.044444444444444
2025-05-12 10:00:00.000,10:00,14.8
2025-05-12 11:00:00.000,11:00,27.6
2025-05-12 12:00:00.000,12:00,18.8
2025-05-12 13:00:00.000,13:00,18.8
2025-05-12 14:00:00.000,14:00,8.177777777777779
2025-05-12 15:00:00.000,15:00,8.622222222222222
2025-05-12 16:00:00.000,16:00,5.3
2025-05-12 17:00:00.000,17:00,3
2025-05-12 18:00:00.000,18:00,2.3
2025-05-12 19:00:00.000,19:00,4
2025-05-12 20:00:00.000,20:00,3.7
2025-05-12 21:00:00.000,21:00,4
2025-05-12 22:00:00.000,22:00,4
2025-05-12 23:00:00.000,23:00,4.3
2025-05-13 00:00:00.000,00:00,3.9
2025-05-13 01:00:00.000,01:00,4
2025-05-13 02:00:00.000,02:00,3.1
2025-05-13 03:00:00.000,03:00,4.8
2025-05-13 04:00:00.000,04:00,4
2025-05-13 05:00:00.000,05:00,4
2025-05-13 06:00:00.000,06:00,3.2
2025-05-13 07:00:00.000,07:00,14.6
2025-05-13 08:00:00.000,08:00,9.200000000000001
2025-05-13 09:00:00.000,09:00,9
2025-05-13 10:00:00.000,10:00,9
2025-05-13 11:00:00.000,11:00,19.4
2025-05-13 12:00:00.000,12:00,26.400000000000002
2025-05-13 13:00:00.000,13:00,10.1
2025-05-13 14:00:00.000,14:00,6
2025-05-13 15:00:00.000,15:00,8
2025-05-13 16:00:00.000,16:00,7
2025-05-13 17:00:00.000,17:00,4
2025-05-13 18:00:00.000,18:00,2.3
2025-05-13 19:00:00.000,19:00,2
2025-05-13 20:00:00.000,20:00,1.7
2025-05-13 21:00:00.000,21:00,2.3
2025-05-13 22:00:00.000,22:00,2
2025-05-13 23:00:00.000,23:00,2
2025-05-14 00:00:00.000,00:00,3.9
2025-05-14 01:00:00.000,01:00,3
2025-05-14 02:00:00.000,02:00,2.918181818181818
2025-05-14 03:00:00.000,03:00,3.1818181818181817
2025-05-14 04:00:00.000,04:00,3.8
2025-05-14 05:00:00.000,05:00,4.2
2025-05-14 06:00:00.000,06:00,4.8
2025-05-14 07:00:00.000,07:00,11
2025-05-14 08:00:00.000,08:00,9.799999999999999
2025-05-14 09:00:00.000,09:00,9.2
2025-05-14 10:00:00.000,10:00,9
2025-05-14 11:00:00.000,11:00,19.799999999999997
2025-05-14 12:00:00.000,12:00,19.599999999999998
2025-05-14 13:00:00.000,13:00,8.527272727272727
2025-05-14 14:00:00.000,14:00,5.05050505050505
2025-05-14 15:00:00.000,15:00,4.9222222222222225
2025-05-14 16:00:00.000,16:00,2.3
2025-05-14 17:00:00.000,17:00,3
2025-05-14 18:00:00.000,18:00,1.7
2025-05-14 19:00:00.000,19:00,1.3
2025-05-14 20:00:00.000,20:00,2
2025-05-14 21:00:00.000,21:00,1
2025-05-14 22:00:00.000,22:00,2
2025-05-14 23:00:00.000,23:00,2
2025-05-15 00:00:00.000,00:00,1.9
2025-05-15 01:00:00.000,01:00,3
2025-05-15 02:00:00.000,02:00,2.1
2025-05-15 03:00:00.000,03:00,3
2025-05-15 04:00:00.000,04:00,4
2025-05-15 05:00:00.000,05:00,3.8
2025-05-15 06:00:00.000,06:00,4
2025-05-15 07:00:00.000,07:00,13
2025-05-15 08:00:00.000,08:00,9.799999999999999
2025-05-15 09:00:00.000,09:00,14.200000000000001
2025-05-15 10:00:00.000,10:00,10
2025-05-15 11:00:00.000,11:00,19
2025-05-15 12:00:00.000,12:00,27.927272727272726
2025-05-15 13:00:00.000,13:00,3.2727272727272725
2025-05-15 14:00:00.000,14:00,4.777777777777778
2025-05-15 15:00:00.000,15:00,6.9222222222222225
2025-05-15 16:00:00.000,16:00,2.3
2025-05-15 17:00:00.000,17:00,2
2025-05-15 18:00:00.000,18:00,1.7
2025-05-15 19:00:00.000,19:00,1.3
2025-05-15 20:00:00.000,20:00,2
2025-05-15 21:00:00.000,21:00,1.7
2025-05-15 22:00:00.000,22:00,2.3
2025-05-15 23:00:00.000,23:00,2
2025-05-16 00:00:00.000,00:00,2
2025-05-16 01:00:00.000,01:00,3
2025-05-16 02:00:00.000,02:00,3
2025-05-16 03:00:00.000,03:00,2.8
2025-05-16 04:00:00.000,04:00,4
2025-05-16 05:00:00.000,05:00,3
2025-05-16 06:00:00.000,06:00,3.2
2025-05-16 07:00:00.000,07:00,3.8
2025-05-16 08:00:00.000,08:00,8.466666666666667
2025-05-16 09:00:00.000,09:00,19.333333333333336
2025-05-16 10:00:00.000,10:00,11
2025-05-16 11:00:00.000,11:00,32
2025-05-16 12:00:00.000,12:00,18.2
2025-05-16 13:00:00.000,13:00,4.977777777777778
2025-05-16 14:00:00.000,14:00,2.2222222222222223
2025-05-16 15:00:00.000,15:00,2
2025-05-16 16:00:00.000,16:00,2
2025-05-16 17:00:00.000,17:00,1
2025-05-16 18:00:00.000,18:00,3.7
2025-05-16 19:00:00.000,19:00,2.3
2025-05-16 20:00:00.000,20:00,4.7
2025-05-16 21:00:00.000,21:00,3
2025-05-16 22:00:00.000,22:00,3
2025-05-16 23:00:00.000,23:00,3.3
2025-05-17 00:00:00.000,00:00,2.9
2025-05-17 01:00:00.000,01:00,3
2025-05-17 02:00:00.000,02:00,3.1
2025-05-17 03:00:00.000,03:00,3
2025-05-17 04:00:00.000,04:00,3
2025-05-17 05:00:00.000,05:00,4
2025-05-17 06:00:00.000,06:00,5.6
2025-05-17 07:00:00.000,07:00,13.177777777777779
2025-05-17 08:00:00.000,08:00,17.822222222222223
2025-05-17 09:00:00.000,09:00,12.854545454545455
2025-05-17 10:00:00.000,10:00,11.345454545454546
2025-05-17 11:00:00.000,11:00,35
2025-05-17 12:00:00.000,12:00,30.08888888888889
2025-05-17 13:00:00.000,13:00,22.11111111111111
2025-05-17 14:00:00.000,14:00,6.7
2025-05-17 15:00:00.000,15:00,3.3
2025-05-17 16:00:00.000,16:00,2
2025-05-17 17:00:00.000,17:00,2.7
2025-05-17 18:00:00.000,18:00,1.3
2025-05-17 19:00:00.000,19:00,2.7
2025-05-17 20:00:00.000,20:00,1.3
2025-05-17 21:00:00.000,21:00,4
2025-05-17 22:00:00.000,22:00,3.7
2025-05-17 23:00:00.000,23:00,4.3
2025-05-18 00:00:00.000,00:00,2
2025-05-18 01:00:00.000,01:00,3
2025-05-18 02:00:00.000,02:00,3
2025-05-18 03:00:00.000,03:00,3.8
2025-05-18 04:00:00.000,04:00,3.2
2025-05-18 05:00:00.000,05:00,3.8
2025-05-18 06:00:00.000,06:00,3.2
2025-05-18 07:00:00.000,07:00,13.6
2025-05-18 08:00:00.000,08:00,28
2025-05-18 09:00:00.000,09:00,44.8
2025-05-18 10:00:00.000,10:00,28.400000000000002
2025-05-18 11:00:00.000,11:00,31.799999999999997
2025-05-18 12:00:00.000,12:00,37.06666666666666
2025-05-18 13:00:00.000,13:00,33.03333333333334
2025-05-18 14:00:00.000,14:00,7
2025-05-18 15:00:00.000,15:00,6.3
2025-05-18 16:00:00.000,16:00,6.7
2025-05-18 17:00:00.000,17:00,2.3
2025-05-18 18:00:00.000,18:00,2
2025-05-18 19:00:00.000,19:00,2
2025-05-18 20:00:00.000,20:00,1.7
2025-05-18 21:00:00.000,21:00,2
2025-05-18 22:00:00.000,22:00,3
2025-05-18 23:00:00.000,23:00,3.3
2025-05-19 00:00:00.000,00:00,3.9
2025-05-19 01:00:00.000,01:00,2.1
2025-05-19 02:00:00.000,02:00,3
2025-05-19 03:00:00.000,03:00,3
2025-05-19 04:00:00.000,04:00,3
2025-05-19 05:00:00.000,05:00,3
2025-05-19 06:00:00.000,06:00,3.8
2025-05-19 07:00:00.000,07:00,11
2025-05-19 08:00:00.000,08:00,9.927272727272726
2025-05-19 09:00:00.000,09:00,10.828282828282829
2025-05-19 10:00:00.000,10:00,12.044444444444444
2025-05-19 11:00:00.000,11:00,24
2025-05-19 12:00:00.000,12:00,33.8
2025-05-19 13:00:00.000,13:00,6.6
2025-05-19 14:00:00.000,14:00,5.7
2025-05-19 15:00:00.000,15:00,4
2025-05-19 16:00:00.000,16:00,4.3
2025-05-19 17:00:00.000,17:00,2.7
2025-05-19 18:00:00.000,18:00,2
2025-05-19 19:00:00.000,19:00,3
2025-05-19 20:00:00.000,20:00,3
2025-05-19 21:00:00.000,21:00,2.3
2025-05-19 22:00:00.000,22:00,2.7
2025-05-19 23:00:00.000,23:00,3.3
2025-05-20 00:00:00.000,00:00,1.9
2025-05-20 01:00:00.000,01:00,2.1
2025-05-20 02:00:00.000,02:00,2
2025-05-20 03:00:00.000,03:00,2
2025-05-20 04:00:00.000,04:00,4
2025-05-20 05:00:00.000,05:00,3
2025-05-20 06:00:00.000,06:00,3.8
2025-05-20 07:00:00.000,07:00,9
2025-05-20 08:00:00.000,08:00,9
2025-05-20 09:00:00.000,09:00,8.977777777777778
2025-05-20 10:00:00.000,10:00,8.822222222222223
2025-05-20 11:00:00.000,11:00,29.2
2025-05-20 12:00:00.000,12:00,23
2025-05-20 13:00:00.000,13:00,5.9
2025-05-20 14:00:00.000,14:00,5
2025-05-20 15:00:00.000,15:00,3
2025-05-20 16:00:00.000,16:00,2.3
2025-05-20 17:00:00.000,17:00,2.7
2025-05-20 18:00:00.000,18:00,2.3
2025-05-20 19:00:00.000,19:00,2.7
2025-05-20 20:00:00.000,20:00,2.3
2025-05-20 21:00:00.000,21:00,3
2025-05-20 22:00:00.000,22:00,3
2025-05-20 23:00:00.000,23:00,4
2025-05-21 00:00:00.000,00:00,1
2025-05-21 01:00:00.000,01:00,3
2025-05-21 02:00:00.000,02:00,3
2025-05-21 03:00:00.000,03:00,3
2025-05-21 04:00:00.000,04:00,2.8
2025-05-21 05:00:00.000,05:00,3.2
2025-05-21 06:00:00.000,06:00,4
2025-05-21 07:00:00.000,07:00,12.8
2025-05-21 08:00:00.000,08:00,21.8
2025-05-21 09:00:00.000,09:00,9
2025-05-21 10:00:00.000,10:00,9.2
2025-05-21 11:00:00.000,11:00,24.8
2025-05-21 12:00:00.000,12:00,7.4
2025-05-21 13:00:00.000,13:00,5
2025-05-21 14:00:00.000,14:00,6.555555555555555
2025-05-21 15:00:00.000,15:00,7.144444444444445
2025-05-21 16:00:00.000,16:00,3
2025-05-21 17:00:00.000,17:00,3
2025-05-21 18:00:00.000,18:00,3.3
2025-05-21 19:00:00.000,19:00,3.7
2025-05-21 20:00:00.000,20:00,3
2025-05-21 21:00:00.000,21:00,3
2025-05-21 22:00:00.000,22:00,3.3
2025-05-21 23:00:00.000,23:00,4
2025-05-22 00:00:00.000,00:00,3.9
2025-05-22 01:00:00.000,01:00,5
2025-05-22 02:00:00.000,02:00,5.1
2025-05-22 03:00:00.000,03:00,5.8
2025-05-22 04:00:00.000,04:00,5
2025-05-22 05:00:00.000,05:00,5
2025-05-22 06:00:00.000,06:00,6
2025-05-22 07:00:00.000,07:00,12.799999999999999
2025-05-22 08:00:00.000,08:00,11
2025-05-22 09:00:00.000,09:00,11.177777777777777
2025-05-22 10:00:00.000,10:00,11.777777777777777
2025-05-22 11:00:00.000,11:00,23.244444444444444
2025-05-22 12:00:00.000,12:00,16.977777777777778
2025-05-22 13:00:00.000,13:00,6.222222222222222
2025-05-22 14:00:00.000,14:00,4.8
2025-05-22 15:00:00.000,15:00,4.2
2025-05-22 16:00:00.000,16:00,3
2025-05-22 17:00:00.000,17:00,2
2025-05-22 18:00:00.000,18:00,3
2025-05-22 19:00:00.000,19:00,2
2025-05-22 20:00:00.000,20:00,2
2025-05-22 21:00:00.000,21:00,1.7
2025-05-22 22:00:00.000,22:00,2.3
2025-05-22 23:00:00.000,23:00,2
2025-05-23 00:00:00.000,00:00,3
2025-05-23 01:00:00.000,01:00,3.9
2025-05-23 02:00:00.000,02:00,3.1
2025-05-23 03:00:00.000,03:00,3.8
2025-05-23 04:00:00.000,04:00,4
2025-05-23 05:00:00.000,05:00,4
2025-05-23 06:00:00.000,06:00,4.2
2025-05-23 07:00:00.000,07:00,4.8
2025-05-23 08:00:00.000,08:00,6.977777777777778
2025-05-23 09:00:00.000,09:00,11.822222222222221
2025-05-23 10:00:00.000,10:00,9.200000000000001
2025-05-23 11:00:00.000,11:00,28.4
2025-05-23 12:00:00.000,12:00,21.400000000000002
2025-05-23 13:00:00.000,13:00,7.955555555555556
2025-05-23 14:00:00.000,14:00,7.222222222222222
2025-05-23 15:00:00.000,15:00,5.9222222222222225
2025-05-23 16:00:00.000,16:00,4.3
2025-05-23 17:00:00.000,17:00,2.7
2025-05-23 18:00:00.000,18:00,2.3
2025-05-23 19:00:00.000,19:00,3
2025-05-23 20:00:00.000,20:00,2
2025-05-23 21:00:00.000,21:00,2.7
2025-05-23 22:00:00.000,22:00,3.3
2025-05-23 23:00:00.000,23:00,3
2025-05-24 00:00:00.000,00:00,3
2025-05-24 01:00:00.000,01:00,3
2025-05-24 02:00:00.000,02:00,3
2025-05-24 03:00:00.000,03:00,3.8
2025-05-24 04:00:00.000,04:00,3.2
2025-05-24 05:00:00.000,05:00,3
2025-05-24 06:00:00.000,06:00,6.4
2025-05-24 07:00:00.000,07:00,13.2
2025-05-24 08:00:00.000,08:00,9.955555555555556
2025-05-24 09:00:00.000,09:00,25.644444444444446
2025-05-24 10:00:00.000,10:00,19.6
2025-05-24 11:00:00.000,11:00,27
2025-05-24 12:00:00.000,12:00,36.2
2025-05-24 13:00:00.000,13:00,10
2025-05-24 14:00:00.000,14:00,4.7
2025-05-24 15:00:00.000,15:00,7.027272727272727
2025-05-24 16:00:00.000,16:00,4.2727272727272725
2025-05-24 17:00:00.000,17:00,2
2025-05-24 18:00:00.000,18:00,2
2025-05-24 19:00:00.000,19:00,2
2025-05-24 20:00:00.000,20:00,2.7
2025-05-24 21:00:00.000,21:00,2
2025-05-24 22:00:00.000,22:00,3.3
2025-05-24 23:00:00.000,23:00,4
2025-05-25 00:00:00.000,00:00,3
2025-05-25 01:00:00.000,01:00,2.9
2025-05-25 02:00:00.000,02:00,2.1
2025-05-25 03:00:00.000,03:00,3
2025-05-25 04:00:00.000,04:00,3
2025-05-25 05:00:00.000,05:00,3.8
2025-05-25 06:00:00.000,06:00,3.2
2025-05-25 07:00:00.000,07:00,12.8
2025-05-25 08:00:00.000,08:00,19.799999999999997
2025-05-25 09:00:00.000,09:00,35
2025-05-25 10:00:00.000,10:00,12.8
2025-05-25 11:00:00.000,11:00,35.2
2025-05-25 12:00:00.000,12:00,38.2
2025-05-25 13:00:00.000,13:00,23
2025-05-25 14:00:00.000,14:00,6.7555555555555555
2025-05-25 15:00:00.000,15:00,8.222222222222221
2025-05-25 16:00:00.000,16:00,11.92222222222222
2025-05-25 17:00:00.000,17:00,7
2025-05-25 18:00:00.000,18:00,3
2025-05-25 19:00:00.000,19:00,2
2025-05-25 20:00:00.000,20:00,2.3
2025-05-25 21:00:00.000,21:00,2
2025-05-25 22:00:00.000,22:00,2.7
2025-05-25 23:00:00.000,23:00,2.3
2025-05-26 00:00:00.000,00:00,2
2025-05-26 01:00:00.000,01:00,3
2025-05-26 02:00:00.000,02:00,3
2025-05-26 03:00:00.000,03:00,3
2025-05-26 04:00:00.000,04:00,4
2025-05-26 05:00:00.000,05:00,3
2025-05-26 06:00:00.000,06:00,3.8
2025-05-26 07:00:00.000,07:00,5
2025-05-26 08:00:00.000,08:00,6.800000000000001
2025-05-26 09:00:00.000,09:00,6.2
2025-05-26 10:00:00.000,10:00,10.755555555555555
2025-05-26 11:00:00.000,11:00,9.044444444444444
2025-05-26 12:00:00.000,12:00,24.2
2025-05-26 13:00:00.000,13:00,6
2025-05-26 14:00:00.000,14:00,6
2025-05-26 15:00:00.000,15:00,4.2
2025-05-26 16:00:00.000,16:00,2.7
2025-05-26 17:00:00.000,17:00,2.3
2025-05-26 18:00:00.000,18:00,2
2025-05-26 19:00:00.000,19:00,2.7
2025-05-26 20:00:00.000,20:00,2.3
2025-05-26 21:00:00.000,21:00,3
2025-05-26 22:00:00.000,22:00,3.7
2025-05-26 23:00:00.000,23:00,4.3
2025-05-27 00:00:00.000,00:00,3.9
2025-05-27 01:00:00.000,01:00,3.1
2025-05-27 02:00:00.000,02:00,4.8
2025-05-27 03:00:00.000,03:00,4.2
2025-05-27 04:00:00.000,04:00,4.8
2025-05-27 05:00:00.000,05:00,4
2025-05-27 06:00:00.000,06:00,5
2025-05-27 07:00:00.000,07:00,5
2025-05-27 08:00:00.000,08:00,5.800000000000001
2025-05-27 09:00:00.000,09:00,11.2
2025-05-27 10:00:00.000,10:00,9
2025-05-27 11:00:00.000,11:00,27
2025-05-27 12:00:00.000,12:00,35.2
2025-05-27 13:00:00.000,13:00,19.8
2025-05-27 14:00:00.000,14:00,10.755555555555555
2025-05-27 15:00:00.000,15:00,7.222222222222222
2025-05-27 16:00:00.000,16:00,4
2025-05-27 17:00:00.000,17:00,2.922222222222222
2025-05-27 18:00:00.000,18:00,2.3
2025-05-27 19:00:00.000,19:00,2.7
2025-05-27 20:00:00.000,20:00,1.3
2025-05-27 21:00:00.000,21:00,3
2025-05-27 22:00:00.000,22:00,2
2025-05-27 23:00:00.000,23:00,3
2025-05-28 00:00:00.000,00:00,2
2025-05-28 01:00:00.000,01:00,3
2025-05-28 02:00:00.000,02:00,3.8181818181818183
2025-05-28 03:00:00.000,03:00,2.9818181818181815
2025-05-28 04:00:00.000,04:00,3.2
2025-05-28 05:00:00.000,05:00,3
2025-05-28 06:00:00.000,06:00,3.8
2025-05-28 07:00:00.000,07:00,4
2025-05-28 08:00:00.000,08:00,9.2
2025-05-28 09:00:00.000,09:00,6.8
2025-05-28 10:00:00.000,10:00,5.927272727272728
2025-05-28 11:00:00.000,11:00,20.672727272727272
2025-05-28 12:00:00.000,12:00,33.6
2025-05-28 13:00:00.000,13:00,7.8
2025-05-28 14:00:00.000,14:00,2.977777777777778
2025-05-28 15:00:00.000,15:00,5.94949494949495
2025-05-28 16:00:00.000,16:00,2.9727272727272727
2025-05-28 17:00:00.000,17:00,3.3
2025-05-28 18:00:00.000,18:00,1.7
2025-05-28 19:00:00.000,19:00,2.3
2025-05-28 20:00:00.000,20:00,2
2025-05-28 21:00:00.000,21:00,3
2025-05-28 22:00:00.000,22:00,3.7
2025-05-28 23:00:00.000,23:00,4.3
2025-05-29 00:00:00.000,00:00,2
2025-05-29 01:00:00.000,01:00,2.9
2025-05-29 02:00:00.000,02:00,2.1
2025-05-29 03:00:00.000,03:00,2
2025-05-29 04:00:00.000,04:00,2.8
2025-05-29 05:00:00.000,05:00,2
2025-05-29 06:00:00.000,06:00,3
2025-05-29 07:00:00.000,07:00,3.2
2025-05-29 08:00:00.000,08:00,12.6
2025-05-29 09:00:00.000,09:00,8.177777777777777
2025-05-29 10:00:00.000,10:00,9.022222222222222
2025-05-29 11:00:00.000,11:00,16
2025-05-29 12:00:00.000,12:00,36
2025-05-29 13:00:00.000,13:00,35.08888888888889
2025-05-29 14:00:00.000,14:00,27.91111111111111
2025-05-29 15:00:00.000,15:00,20.654545454545456
2025-05-29 16:00:00.000,16:00,7.245454545454545
2025-05-29 17:00:00.000,17:00,6
2025-05-29 18:00:00.000,18:00,4
2025-05-29 19:00:00.000,19:00,4
2025-05-29 20:00:00.000,20:00,2.3
2025-05-29 21:00:00.000,21:00,2.7
2025-05-29 22:00:00.000,22:00,2.3
2025-05-29 23:00:00.000,23:00,4
2025-05-30 00:00:00.000,00:00,1.9
2025-05-30 01:00:00.000,01:00,1.1
2025-05-30 02:00:00.000,02:00,2
2025-05-30 03:00:00.000,03:00,2
2025-05-30 04:00:00.000,04:00,2
2025-05-30 05:00:00.000,05:00,3
2025-05-30 06:00:00.000,06:00,3
2025-05-30 07:00:00.000,07:00,3.7777777777777777
2025-05-30 08:00:00.000,08:00,12.022222222222222
2025-05-30 09:00:00.000,09:00,8
2025-05-30 10:00:00.000,10:00,10
2025-05-30 11:00:00.000,11:00,25.8
2025-05-30 12:00:00.000,12:00,34.2
2025-05-30 13:00:00.000,13:00,34
2025-05-30 14:00:00.000,14:00,36
2025-05-30 15:00:00.000,15:00,9.9
2025-05-30 16:00:00.000,16:00,10
2025-05-30 17:00:00.000,17:00,4.3
2025-05-30 18:00:00.000,18:00,2.7
2025-05-30 19:00:00.000,19:00,2
2025-05-30 20:00:00.000,20:00,2.3
2025-05-30 21:00:00.000,21:00,2
2025-05-30 22:00:00.000,22:00,3.7
2025-05-30 23:00:00.000,23:00,3.3
2025-05-31 00:00:00.000,00:00,2
2025-05-31 01:00:00.000,01:00,2
2025-05-31 02:00:00.000,02:00,1
2025-05-31 03:00:00.000,03:00,1
2025-05-31 04:00:00.000,04:00,2
2025-05-31 05:00:00.000,05:00,1
2025-05-31 06:00:00.000,06:00,1.8
2025-05-31 07:00:00.000,07:00,13
2025-05-31 08:00:00.000,08:00,24.4
2025-05-31 09:00:00.000,09:00,14
2025-05-31 10:00:00.000,10:00,9.4
2025-05-31 11:00:00.000,11:00,26.2
2025-05-31 12:00:00.000,12:00,29.2
2025-05-31 13:00:00.000,13:00,33.8
2025-05-31 14:00:00.000,14:00,28
2025-05-31 15:00:00.000,15:00,7
2025-05-31 16:00:00.000,16:00,7.927272727272728
2025-05-31 17:00:00.000,17:00,5.972727272727273
2025-05-31 18:00:00.000,18:00,3
2025-05-31 19:00:00.000,19:00,2.3
2025-05-31 20:00:00.000,20:00,1.7
2025-05-31 21:00:00.000,21:00,1.3
2025-05-31 22:00:00.000,22:00,3
2025-05-31 23:00:00.000,23:00,2
2025-06-01 00:00:00.000,00:00,1.9999999999999998
2025-06-01 01:00:00.000,01:00,2
2025-06-01 02:00:00.000,02:00,1.8181818181818181
2025-06-01 03:00:00.000,03:00,2.1818181818181817
2025-06-01 04:00:00.000,04:00,2
2025-06-01 05:00:00.000,05:00,2
2025-06-01 06:00:00.000,06:00,2.8
2025-06-01 07:00:00.000,07:00,2.2
2025-06-01 08:00:00.000,08:00,16.727272727272727
2025-06-01 09:00:00.000,09:00,15.872727272727273
2025-06-01 10:00:00.000,10:00,11
2025-06-01 11:00:00.000,11:00,28.200000000000003
2025-06-01 12:00:00.000,12:00,36
2025-06-01 13:00:00.000,13:00,33.2
2025-06-01 14:00:00.000,14:00,28.599999999999998
2025-06-01 15:00:00.000,15:00,6.955555555555556
2025-06-01 16:00:00.000,16:00,7.144444444444444
2025-06-01 17:00:00.000,17:00,6
2025-06-01 18:00:00.000,18:00,4.3
2025-06-01 19:00:00.000,19:00,2.9999999999999996
2025-06-01 20:00:00.000,20:00,2
2025-06-01 21:00:00.000,21:00,1.7
2025-06-01 22:00:00.000,22:00,2.3
2025-06-01 23:00:00.000,23:00,2
2025-06-02 00:00:00.000,00:00,1.9
2025-06-02 01:00:00.000,01:00,2
2025-06-02 02:00:00.000,02:00,1.918181818181818
2025-06-02 03:00:00.000,03:00,2.1818181818181817
2025-06-02 04:00:00.000,04:00,2.8
2025-06-02 05:00:00.000,05:00,3
2025-06-02 06:00:00.000,06:00,2.2
2025-06-02 07:00:00.000,07:00,3.8
2025-06-02 08:00:00.000,08:00,9.8
2025-06-02 09:00:00.000,09:00,8.2
2025-06-02 10:00:00.000,10:00,8.977777777777778
2025-06-02 11:00:00.000,11:00,17.822222222222223
2025-06-02 12:00:00.000,12:00,37.2
2025-06-02 13:00:00.000,13:00,17.9
2025-06-02 14:00:00.000,14:00,9.7
2025-06-02 15:00:00.000,15:00,6.3
2025-06-02 16:00:00.000,16:00,7
2025-06-02 17:00:00.000,17:00,4
2025-06-02 18:00:00.000,18:00,3.3
2025-06-02 19:00:00.000,19:00,3.7
2025-06-02 20:00:00.000,20:00,4.3
2025-06-02 21:00:00.000,21:00,4
2025-06-02 22:00:00.000,22:00,4
2025-06-02 23:00:00.000,23:00,4
2025-06-03 00:00:00.000,00:00,3.9000000000000004
2025-06-03 01:00:00.000,01:00,5
2025-06-03 02:00:00.000,02:00,5.9
2025-06-03 03:00:00.000,03:00,5.2
2025-06-03 04:00:00.000,04:00,5.8
2025-06-03 05:00:00.000,05:00,5.8
2025-06-03 06:00:00.000,06:00,6.2
2025-06-03 07:00:00.000,07:00,10.8
2025-06-03 08:00:00.000,08:00,9
2025-06-03 09:00:00.000,09:00,8.2
2025-06-03 10:00:00.000,10:00,8.8
2025-06-03 11:00:00.000,11:00,26.066666666666666
2025-06-03 12:00:00.000,12:00,10.133333333333333
2025-06-03 13:00:00.000,13:00,7.800000000000001
2025-06-03 14:00:00.000,14:00,6.1
2025-06-03 15:00:00.000,15:00,7
2025-06-03 16:00:00.000,16:00,4.3
2025-06-03 17:00:00.000,17:00,3
2025-06-03 18:00:00.000,18:00,2.7
2025-06-03 19:00:00.000,19:00,1
2025-06-03 20:00:00.000,20:00,1.3
2025-06-03 21:00:00.000,21:00,2
2025-06-03 22:00:00.000,22:00,1.7
2025-06-03 23:00:00.000,23:00,2.3
2025-06-04 00:00:00.000,00:00,1.8999999999999997
2025-06-04 01:00:00.000,01:00,2.1
2025-06-04 02:00:00.000,02:00,2
2025-06-04 03:00:00.000,03:00,2.8
2025-06-04 04:00:00.000,04:00,3
2025-06-04 05:00:00.000,05:00,2.2
2025-06-04 06:00:00.000,06:00,2.8
2025-06-04 07:00:00.000,07:00,2
2025-06-04 08:00:00.000,08:00,12
2025-06-04 09:00:00.000,09:00,8
2025-06-04 10:00:00.000,10:00,16.8
2025-06-04 11:00:00.000,11:00,29.200000000000003
2025-06-04 12:00:00.000,12:00,23
2025-06-04 13:00:00.000,13:00,6
2025-06-04 14:00:00.000,14:00,5.9
2025-06-04 15:00:00.000,15:00,5.3
2025-06-04 16:00:00.000,16:00,2.7
2025-06-04 17:00:00.000,17:00,2.3
2025-06-04 18:00:00.000,18:00,2
2025-06-04 19:00:00.000,19:00,2
2025-06-04 20:00:00.000,20:00,2
2025-06-04 21:00:00.000,21:00,2
2025-06-04 22:00:00.000,22:00,2
2025-06-04 23:00:00.000,23:00,3
2025-06-05 00:00:00.000,00:00,2
2025-06-05 01:00:00.000,01:00,2.9
2025-06-05 02:00:00.000,02:00,2.1
2025-06-05 03:00:00.000,03:00,2.8
2025-06-05 04:00:00.000,04:00,2.2
2025-06-05 05:00:00.000,05:00,2
2025-06-05 06:00:00.000,06:00,2.8
2025-06-05 07:00:00.000,07:00,32.8
2025-06-05 08:00:00.000,08:00,33.400000000000006
2025-06-05 09:00:00.000,09:00,34.8
2025-06-05 10:00:00.000,10:00,31.799999999999997
2025-06-05 11:00:00.000,11:00,30
2025-06-05 12:00:00.000,12:00,25.200000000000003
2025-06-05 13:00:00.000,13:00,15
2025-06-05 14:00:00.000,14:00,13.2
2025-06-05 15:00:00.000,15:00,16.4
2025-06-05 16:00:00.000,16:00,11.3
2025-06-05 17:00:00.000,17:00,7
2025-06-05 18:00:00.000,18:00,5
2025-06-05 19:00:00.000,19:00,4.3
2025-06-05 20:00:00.000,20:00,1
2025-06-05 21:00:00.000,21:00,2
2025-06-05 22:00:00.000,22:00,2
2025-06-05 23:00:00.000,23:00,2
2025-06-06 00:00:00.000,00:00,1.9999999999999998
2025-06-06 01:00:00.000,01:00,2
2025-06-06 02:00:00.000,02:00,1.8
2025-06-06 03:00:00.000,03:00,2
2025-06-06 04:00:00.000,04:00,1.2
2025-06-06 05:00:00.000,05:00,2
2025-06-06 06:00:00.000,06:00,2
2025-06-06 07:00:00.000,07:00,2.8
2025-06-06 08:00:00.000,08:00,8.400000000000002
2025-06-06 09:00:00.000,09:00,14.6
2025-06-06 10:00:00.000,10:00,11.8
2025-06-06 11:00:00.000,11:00,22.2
2025-06-06 12:00:00.000,12:00,4.977777777777778
2025-06-06 13:00:00.000,13:00,2.2222222222222223
2025-06-06 14:00:00.000,14:00,2
2025-06-06 15:00:00.000,15:00,2.7
2025-06-06 16:00:00.000,16:00,2
2025-06-06 17:00:00.000,17:00,2.3
2025-06-06 18:00:00.000,18:00,2
2025-06-06 19:00:00.000,19:00,2
2025-06-06 20:00:00.000,20:00,2
2025-06-06 21:00:00.000,21:00,2
2025-06-06 22:00:00.000,22:00,2
2025-06-06 23:00:00.000,23:00,3
2025-06-07 00:00:00.000,00:00,2
2025-06-07 01:00:00.000,01:00,2
2025-06-07 02:00:00.000,02:00,2.8
2025-06-07 03:00:00.000,03:00,2
2025-06-07 04:00:00.000,04:00,2
2025-06-07 05:00:00.000,05:00,2
2025-06-07 06:00:00.000,06:00,2.2
2025-06-07 07:00:00.000,07:00,11.799999999999999
2025-06-07 08:00:00.000,08:00,7.999999999999999
2025-06-07 09:00:00.000,09:00,13
2025-06-07 10:00:00.000,10:00,11
2025-06-07 11:00:00.000,11:00,24.866666666666667
2025-06-07 12:00:00.000,12:00,35.96969696969697
2025-06-07 13:00:00.000,13:00,12.063636363636364
2025-06-07 14:00:00.000,14:00,4
2025-06-07 15:00:00.000,15:00,7
2025-06-07 16:00:00.000,16:00,4
2025-06-07 17:00:00.000,17:00,4
2025-06-07 18:00:00.000,18:00,2
2025-06-07 19:00:00.000,19:00,2
2025-06-07 20:00:00.000,20:00,2.3
2025-06-07 21:00:00.000,21:00,2.7
2025-06-07 22:00:00.000,22:00,3.3
2025-06-07 23:00:00.000,23:00,3
2025-06-08 00:00:00.000,00:00,2.8999999999999995
2025-06-08 01:00:00.000,01:00,2
2025-06-08 02:00:00.000,02:00,1.9
2025-06-08 03:00:00.000,03:00,2
2025-06-08 04:00:00.000,04:00,2.2
2025-06-08 05:00:00.000,05:00,2
2025-06-08 06:00:00.000,06:00,3
2025-06-08 07:00:00.000,07:00,3.7777777777777777
2025-06-08 08:00:00.000,08:00,13.777777777777779
2025-06-08 09:00:00.000,09:00,14.244444444444444
2025-06-08 10:00:00.000,10:00,7.977777777777778
2025-06-08 11:00:00.000,11:00,22.22222222222222
2025-06-08 12:00:00.000,12:00,36.900000000000006
2025-06-08 13:00:00.000,13:00,33.6
2025-06-08 14:00:00.000,14:00,35.400000000000006
2025-06-08 15:00:00.000,15:00,13.8
2025-06-08 16:00:00.000,16:00,5
2025-06-08 17:00:00.000,17:00,4
2025-06-08 18:00:00.000,18:00,4
2025-06-08 19:00:00.000,19:00,1.3
2025-06-08 20:00:00.000,20:00,1.7
2025-06-08 21:00:00.000,21:00,1.3
2025-06-08 22:00:00.000,22:00,3
2025-06-08 23:00:00.000,23:00,3
2025-06-09 00:00:00.000,00:00,1.9
2025-06-09 01:00:00.000,01:00,2.1
2025-06-09 02:00:00.000,02:00,2.8
2025-06-09 03:00:00.000,03:00,3
2025-06-09 04:00:00.000,04:00,3
2025-06-09 05:00:00.000,05:00,3
2025-06-09 06:00:00.000,06:00,3
2025-06-09 07:00:00.000,07:00,9.977777777777778
2025-06-09 08:00:00.000,08:00,15.222222222222221
2025-06-09 09:00:00.000,09:00,12.8
2025-06-09 10:00:00.000,10:00,13.8
2025-06-09 11:00:00.000,11:00,27.2
2025-06-09 12:00:00.000,12:00,34
2025-06-09 13:00:00.000,13:00,32.4
2025-06-09 14:00:00.000,14:00,22.5
2025-06-09 15:00:00.000,15:00,5
2025-06-09 16:00:00.000,16:00,5
2025-06-09 17:00:00.000,17:00,5.3
2025-06-09 18:00:00.000,18:00,2
2025-06-09 19:00:00.000,19:00,2
2025-06-09 20:00:00.000,20:00,2
2025-06-09 21:00:00.000,21:00,2.7
2025-06-09 22:00:00.000,22:00,1
2025-06-09 23:00:00.000,23:00,0.3
2025-06-10 00:00:00.000,00:00,2.9
2025-06-10 01:00:00.000,01:00,2
2025-06-10 02:00:00.000,02:00,1.9
2025-06-10 03:00:00.000,03:00,3
2025-06-10 04:00:00.000,04:00,2.2
2025-06-10 05:00:00.000,05:00,2.8
2025-06-10 06:00:00.000,06:00,3
2025-06-10 07:00:00.000,07:00,3.2
2025-06-10 08:00:00.000,08:00,10.6
2025-06-10 09:00:00.000,09:00,11.2
2025-06-10 10:00:00.000,10:00,8.8
2025-06-10 11:00:00.000,11:00,23.2
2025-06-10 12:00:00.000,12:00,19
2025-06-10 13:00:00.000,13:00,5.9
2025-06-10 14:00:00.000,14:00,9
2025-06-10 15:00:00.000,15:00,6
2025-06-10 16:00:00.000,16:00,5
2025-06-10 17:00:00.000,17:00,2
2025-06-10 18:00:00.000,18:00,2
2025-06-10 19:00:00.000,19:00,2.3
2025-06-10 20:00:00.000,20:00,2
2025-06-10 21:00:00.000,21:00,2
2025-06-10 22:00:00.000,22:00,0.7
2025-06-10 23:00:00.000,23:00,1.3
2025-06-11 00:00:00.000,00:00,1
2025-06-11 01:00:00.000,01:00,1
2025-06-11 02:00:00.000,02:00,2
2025-06-11 03:00:00.000,03:00,1
2025-06-11 04:00:00.000,04:00,3
2025-06-11 05:00:00.000,05:00,1.25
2025-06-11 06:00:00.000,06:00,1.75
2025-06-11 07:00:00.000,07:00,2
2025-06-11 08:00:00.000,08:00,6.8
2025-06-11 09:00:00.000,09:00,22
2025-06-11 10:00:00.000,10:00,15
2025-06-11 11:00:00.000,11:00,26
2025-06-11 12:00:00.000,12:00,29.8
2025-06-11 13:00:00.000,13:00,12.399999999999999
2025-06-11 14:00:00.000,14:00,6.699999999999999
2025-06-11 15:00:00.000,15:00,5
2025-06-11 16:00:00.000,16:00,3.3
2025-06-11 17:00:00.000,17:00,1.7
2025-06-11 18:00:00.000,18:00,2.3
2025-06-11 19:00:00.000,19:00,1
2025-06-11 20:00:00.000,20:00,1.7
2025-06-11 21:00:00.000,21:00,0.3
2025-06-11 22:00:00.000,22:00,1.7
2025-06-11 23:00:00.000,23:00,1.3
2025-06-12 00:00:00.000,00:00,1
2025-06-12 01:00:00.000,01:00,1
2025-06-12 02:00:00.000,02:00,2
2025-06-12 03:00:00.000,03:00,1
2025-06-12 04:00:00.000,04:00,1
2025-06-12 05:00:00.000,05:00,1
2025-06-12 06:00:00.000,06:00,1
2025-06-12 07:00:00.000,07:00,2.8
2025-06-12 08:00:00.000,08:00,2
2025-06-12 09:00:00.000,09:00,16.8
2025-06-12 10:00:00.000,10:00,8.599999999999998
2025-06-12 11:00:00.000,11:00,22.599999999999998
2025-06-12 12:00:00.000,12:00,36.023529411764706
2025-06-12 13:00:00.000,13:00,22.976470588235294
2025-06-12 14:00:00.000,14:00,6.654545454545454
2025-06-12 15:00:00.000,15:00,7.245454545454544
2025-06-12 16:00:00.000,16:00,7
2025-06-12 17:00:00.000,17:00,5
2025-06-12 18:00:00.000,18:00,3.3
2025-06-12 19:00:00.000,19:00,1.7
2025-06-12 20:00:00.000,20:00,2.3
2025-06-12 21:00:00.000,21:00,2
2025-06-12 22:00:00.000,22:00,2
2025-06-12 23:00:00.000,23:00,2
2025-06-13 00:00:00.000,00:00,1.9
2025-06-13 01:00:00.000,01:00,1.1
2025-06-13 02:00:00.000,02:00,1.9
2025-06-13 03:00:00.000,03:00,1.1
2025-06-13 04:00:00.000,04:00,2
2025-06-13 05:00:00.000,05:00,2
2025-06-13 06:00:00.000,06:00,2
2025-06-13 07:00:00.000,07:00,2
2025-06-13 08:00:00.000,08:00,6.8
2025-06-13 09:00:00.000,09:00,6.075
2025-06-13 10:00:00.000,10:00,3.925
2025-06-13 11:00:00.000,11:00,23.2
2025-06-13 12:00:00.000,12:00,31.8
2025-06-13 13:00:00.000,13:00,10.276923076923076
2025-06-13 14:00:00.000,14:00,4.623076923076923
2025-06-13 15:00:00.000,15:00,8
2025-06-13 16:00:00.000,16:00,5.3
2025-06-13 17:00:00.000,17:00,5
2025-06-13 18:00:00.000,18:00,5
2025-06-13 19:00:00.000,19:00,4.7
2025-06-13 20:00:00.000,20:00,4
2025-06-13 21:00:00.000,21:00,3.7000000000000006
2025-06-13 22:00:00.000,22:00,4.6
2025-06-13 23:00:00.000,23:00,4
2025-06-14 00:00:00.000,00:00,2.8999999999999995
2025-06-14 01:00:00.000,01:00,3
2025-06-14 02:00:00.000,02:00,2.9
2025-06-14 03:00:00.000,03:00,3
2025-06-14 04:00:00.000,04:00,3
2025-06-14 05:00:00.000,05:00,3.9999999999999996
2025-06-14 06:00:00.000,06:00,2.2
2025-06-14 07:00:00.000,07:00,3.9999999999999996
2025-06-14 08:00:00.000,08:00,10.6
2025-06-14 09:00:00.000,09:00,15
2025-06-14 10:00:00.000,10:00,11
2025-06-14 11:00:00.000,11:00,27.2
2025-06-14 12:00:00.000,12:00,36
2025-06-14 13:00:00.000,13:00,18
2025-06-14 14:00:00.000,14:00,7
2025-06-14 15:00:00.000,15:00,11.654545454545454
2025-06-14 16:00:00.000,16:00,6.245454545454546
2025-06-14 17:00:00.000,17:00,2.3
2025-06-14 18:00:00.000,18:00,1
2025-06-14 19:00:00.000,19:00,1
2025-06-14 20:00:00.000,20:00,2
2025-06-14 21:00:00.000,21:00,1
2025-06-14 22:00:00.000,22:00,1
2025-06-14 23:00:00.000,23:00,2
2025-06-15 00:00:00.000,00:00,1.9500000000000002
2025-06-15 01:00:00.000,01:00,0.35
2025-06-15 02:00:00.000,02:00,1.65
2025-06-15 03:00:00.000,03:00,2.05
2025-06-15 04:00:00.000,04:00,1
2025-06-15 05:00:00.000,05:00,2
2025-06-15 06:00:00.000,06:00,2.8
2025-06-15 07:00:00.000,07:00,10
2025-06-15 08:00:00.000,08:00,16.799999999999997
2025-06-15 09:00:00.000,09:00,11.4
2025-06-15 10:00:00.000,10:00,9.8
2025-06-15 11:00:00.000,11:00,26
2025-06-15 12:00:00.000,12:00,33.4
2025-06-15 13:00:00.000,13:00,17.2
2025-06-15 14:00:00.000,14:00,3.6000000000000005
2025-06-15 15:00:00.000,15:00,5
2025-06-15 16:00:00.000,16:00,5.7
2025-06-15 17:00:00.000,17:00,3
2025-06-15 18:00:00.000,18:00,2
2025-06-15 19:00:00.000,19:00,3
2025-06-15 20:00:00.000,20:00,2
2025-06-15 21:00:00.000,21:00,0.6499999999999999
2025-06-15 22:00:00.000,22:00,1.65
2025-06-15 23:00:00.000,23:00,1
2025-06-16 00:00:00.000,00:00,1.9
2025-06-16 01:00:00.000,01:00,2.1
2025-06-16 02:00:00.000,02:00,2
2025-06-16 03:00:00.000,03:00,2
2025-06-16 04:00:00.000,04:00,2.9
2025-06-16 05:00:00.000,05:00,3
2025-06-16 06:00:00.000,06:00,2.9000000000000004
2025-06-16 07:00:00.000,07:00,10
2025-06-16 08:00:00.000,08:00,5.533333333333333
2025-06-16 09:00:00.000,09:00,8.366666666666667
2025-06-16 10:00:00.000,10:00,15.100000000000001
2025-06-16 11:00:00.000,11:00,19
2025-06-16 12:00:00.000,12:00,27.799999999999997
2025-06-16 13:00:00.000,13:00,14.177777777777779
2025-06-16 14:00:00.000,14:00,9.822222222222223
2025-06-16 15:00:00.000,15:00,6.4
2025-06-16 16:00:00.000,16:00,5.7
2025-06-16 17:00:00.000,17:00,5
2025-06-16 18:00:00.000,18:00,3.3
2025-06-16 19:00:00.000,19:00,4.7
2025-06-16 20:00:00.000,20:00,3.3
2025-06-16 21:00:00.000,21:00,4
2025-06-16 22:00:00.000,22:00,4
2025-06-16 23:00:00.000,23:00,3
2025-06-17 00:00:00.000,00:00,2.9230769230769234
2025-06-17 01:00:00.000,01:00,3.076923076923077
2025-06-17 02:00:00.000,02:00,3
2025-06-17 03:00:00.000,03:00,3.9999999999999996
2025-06-17 04:00:00.000,04:00,4
2025-06-17 05:00:00.000,05:00,3.8
2025-06-17 06:00:00.000,06:00,3.2
2025-06-17 07:00:00.000,07:00,10.8
2025-06-17 08:00:00.000,08:00,10.399999999999999
2025-06-17 09:00:00.000,09:00,8.6
2025-06-17 10:00:00.000,10:00,18.8
2025-06-17 11:00:00.000,11:00,32
2025-06-17 12:00:00.000,12:00,30.2
2025-06-17 13:00:00.000,13:00,8
2025-06-17 14:00:00.000,14:00,8
2025-06-17 15:00:00.000,15:00,8.6
2025-06-17 16:00:00.000,16:00,5.3
2025-06-17 17:00:00.000,17:00,4.3
2025-06-17 18:00:00.000,18:00,3.7
2025-06-17 19:00:00.000,19:00,4
2025-06-17 20:00:00.000,20:00,3.3
2025-06-17 21:00:00.000,21:00,2.769230769230769
2025-06-17 22:00:00.000,22:00,4.230769230769231
2025-06-17 23:00:00.000,23:00,3
2025-06-18 00:00:00.000,00:00,2
2025-06-18 01:00:00.000,01:00,2.3125
2025-06-18 02:00:00.000,02:00,1.9541666666666666
2025-06-18 03:00:00.000,03:00,1.7333333333333334
2025-06-18 04:00:00.000,04:00,2.8
2025-06-18 05:00:00.000,05:00,2.2
2025-06-18 06:00:00.000,06:00,2
2025-06-18 07:00:00.000,07:00,7.8
2025-06-18 08:00:00.000,08:00,7
2025-06-18 09:00:00.000,09:00,7.533333333333333
2025-06-18 10:00:00.000,10:00,10.266666666666666
2025-06-18 11:00:00.000,11:00,14.6
2025-06-18 12:00:00.000,12:00,21.4
2025-06-18 13:00:00.000,13:00,17.955555555555556
2025-06-18 14:00:00.000,14:00,7.844444444444444
2025-06-18 15:00:00.000,15:00,11
2025-06-18 16:00:00.000,16:00,8.3
2025-06-18 17:00:00.000,17:00,5
2025-06-18 18:00:00.000,18:00,3.3
2025-06-18 19:00:00.000,19:00,3.3499999999999996
2025-06-18 20:00:00.000,20:00,4.65
2025-06-18 21:00:00.000,21:00,4
2025-06-18 22:00:00.000,22:00,3.7
2025-06-18 23:00:00.000,23:00,2.3
2025-06-19 00:00:00.000,00:00,3
2025-06-19 01:00:00.000,01:00,2
2025-06-19 02:00:00.000,02:00,2.428571428571429
2025-06-19 03:00:00.000,03:00,1.5714285714285714
2025-06-19 04:00:00.000,04:00,2
2025-06-19 05:00:00.000,05:00,3
2025-06-19 06:00:00.000,06:00,2
2025-06-19 07:00:00.000,07:00,6.8
2025-06-19 08:00:00.000,08:00,8.8
2025-06-19 09:00:00.000,09:00,8.177777777777777
2025-06-19 10:00:00.000,10:00,7.622222222222222
2025-06-19 11:00:00.000,11:00,14.799999999999999
2025-06-19 12:00:00.000,12:00,21
2025-06-19 13:00:00.000,13:00,7.6
2025-06-19 14:00:00.000,14:00,7.654545454545454
2025-06-19 15:00:00.000,15:00,8.145454545454546
2025-06-19 16:00:00.000,16:00,7.1
2025-06-19 17:00:00.000,17:00,5.3
2025-06-19 18:00:00.000,18:00,4
2025-06-19 19:00:00.000,19:00,4.7
2025-06-19 20:00:00.000,20:00,4.123529411764705
2025-06-19 21:00:00.000,21:00,3.9457013574660635
2025-06-19 22:00:00.000,22:00,4.930769230769231
2025-06-19 23:00:00.000,23:00,4.3
2025-06-20 00:00:00.000,00:00,4.45
2025-06-20 01:00:00.000,01:00,2.5500000000000003
2025-06-20 02:00:00.000,02:00,3.8181818181818183
2025-06-20 03:00:00.000,03:00,2.1818181818181817
2025-06-20 04:00:00.000,04:00,2.8
2025-06-20 05:00:00.000,05:00,3
2025-06-20 06:00:00.000,06:00,6
2025-06-20 07:00:00.000,07:00,6
2025-06-20 08:00:00.000,08:00,7.8
2025-06-20 09:00:00.000,09:00,17.6
2025-06-20 10:00:00.000,10:00,10.6
2025-06-20 11:00:00.000,11:00,15
2025-06-20 12:00:00.000,12:00,12
2025-06-20 13:00:00.000,13:00,16.4
2025-06-20 14:00:00.000,14:00,16.254545454545454
2025-06-20 15:00:00.000,15:00,13.945454545454545
2025-06-20 16:00:00.000,16:00,16
2025-06-20 17:00:00.000,17:00,8
2025-06-20 18:00:00.000,18:00,7.3
2025-06-20 19:00:00.000,19:00,7.7
2025-06-20 20:00:00.000,20:00,6.3
2025-06-20 21:00:00.000,21:00,4
2025-06-20 22:00:00.000,22:00,4
2025-06-20 23:00:00.000,23:00,4.3
2025-06-21 00:00:00.000,00:00,2.9
2025-06-21 01:00:00.000,01:00,3.1
2025-06-21 02:00:00.000,02:00,3.8
2025-06-21 03:00:00.000,03:00,3.2
2025-06-21 04:00:00.000,04:00,3
2025-06-21 05:00:00.000,05:00,3
2025-06-21 06:00:00.000,06:00,2.8
2025-06-21 07:00:00.000,07:00,9
2025-06-21 08:00:00.000,08:00,10.600000000000001
2025-06-21 09:00:00.000,09:00,17.8
2025-06-21 10:00:00.000,10:00,14.6
2025-06-21 11:00:00.000,11:00,18.6
2025-06-21 12:00:00.000,12:00,16
2025-06-21 13:00:00.000,13:00,15.155555555555555
2025-06-21 14:00:00.000,14:00,12.244444444444444
2025-06-21 15:00:00.000,15:00,8.599999999999998
2025-06-21 16:00:00.000,16:00,10
2025-06-21 17:00:00.000,17:00,8.3
2025-06-21 18:00:00.000,18:00,9
2025-06-21 19:00:00.000,19:00,5
2025-06-21 20:00:00.000,20:00,4
2025-06-21 21:00:00.000,21:00,5
2025-06-21 22:00:00.000,22:00,5
2025-06-21 23:00:00.000,23:00,3.3
2025-06-22 00:00:00.000,00:00,3.9
2025-06-22 01:00:00.000,01:00,3.1
2025-06-22 02:00:00.000,02:00,2.8
2025-06-22 03:00:00.000,03:00,3.046153846153846
2025-06-22 04:00:00.000,04:00,3.5538461538461537
2025-06-22 05:00:00.000,05:00,2.5999999999999996
2025-06-22 06:00:00.000,06:00,3
2025-06-22 07:00:00.000,07:00,8.6
2025-06-22 08:00:00.000,08:00,9.2
2025-06-22 09:00:00.000,09:00,9
2025-06-22 10:00:00.000,10:00,9.8
2025-06-22 11:00:00.000,11:00,25.4
2025-06-22 12:00:00.000,12:00,13.6
2025-06-22 13:00:00.000,13:00,11.2
2025-06-22 14:00:00.000,14:00,13.199999999999998
2025-06-22 15:00:00.000,15:00,22.4
2025-06-22 16:00:00.000,16:00,16.15555555555556
2025-06-22 17:00:00.000,17:00,10.144444444444446
2025-06-22 18:00:00.000,18:00,9.7
2025-06-22 19:00:00.000,19:00,6.3
2025-06-22 20:00:00.000,20:00,3.3
2025-06-22 21:00:00.000,21:00,3
2025-06-22 22:00:00.000,22:00,3
2025-06-22 23:00:00.000,23:00,3
2025-06-23 00:00:00.000,00:00,2.6666666666666665
2025-06-23 01:00:00.000,01:00,2.3333333333333335
2025-06-23 02:00:00.000,02:00,2
2025-06-23 03:00:00.000,03:00,2.9000000000000004
2025-06-23 04:00:00.000,04:00,3.9000000000000004
2025-06-23 05:00:00.000,05:00,3
2025-06-23 06:00:00.000,06:00,3.2
2025-06-23 07:00:00.000,07:00,4
2025-06-23 08:00:00.000,08:00,5.4
2025-06-23 09:00:00.000,09:00,10.011764705882353
2025-06-23 10:00:00.000,10:00,11.388235294117646
2025-06-23 11:00:00.000,11:00,17.6
2025-06-23 12:00:00.000,12:00,16.400000000000002
2025-06-23 13:00:00.000,13:00,8
2025-06-23 14:00:00.000,14:00,12.8
2025-06-23 15:00:00.000,15:00,8.955555555555556
2025-06-23 16:00:00.000,16:00,4.144444444444445
2025-06-23 17:00:00.000,17:00,5
2025-06-23 18:00:00.000,18:00,5
2025-06-23 19:00:00.000,19:00,4
2025-06-23 20:00:00.000,20:00,4.15
2025-06-23 21:00:00.000,21:00,4
2025-06-23 22:00:00.000,22:00,3.15
2025-06-23 23:00:00.000,23:00,3
2025-06-24 00:00:00.000,00:00,3.9000000000000004
2025-06-24 01:00:00.000,01:00,3
2025-06-24 02:00:00.000,02:00,2.918181818181818
2025-06-24 03:00:00.000,03:00,3.981818181818182
2025-06-24 04:00:00.000,04:00,4.2
2025-06-24 05:00:00.000,05:00,4.8
2025-06-24 06:00:00.000,06:00,4
2025-06-24 07:00:00.000,07:00,5
2025-06-24 08:00:00.000,08:00,3
2025-06-24 09:00:00.000,09:00,10.8
2025-06-24 10:00:00.000,10:00,17.2
2025-06-24 11:00:00.000,11:00,32
2025-06-24 12:00:00.000,12:00,30.4
2025-06-24 13:00:00.000,13:00,12.399999999999999
2025-06-24 14:00:00.000,14:00,9.8
2025-06-24 15:00:00.000,15:00,14.299999999999999
2025-06-24 16:00:00.000,16:00,4.3
2025-06-24 17:00:00.000,17:00,5
2025-06-24 18:00:00.000,18:00,4.7
2025-06-24 19:00:00.000,19:00,4.15
2025-06-24 20:00:00.000,20:00,3.85
2025-06-24 21:00:00.000,21:00,4.3
2025-06-24 22:00:00.000,22:00,3.7
2025-06-24 23:00:00.000,23:00,5.3
2025-06-25 00:00:00.000,00:00,3
2025-06-25 01:00:00.000,01:00,2.3
2025-06-25 02:00:00.000,02:00,2.7
2025-06-25 03:00:00.000,03:00,2.4
2025-06-25 04:00:00.000,04:00,2.4
2025-06-25 05:00:00.000,05:00,3
2025-06-25 06:00:00.000,06:00,2.2
2025-06-25 07:00:00.000,07:00,3
2025-06-25 08:00:00.000,08:00,4.8
2025-06-25 09:00:00.000,09:00,19.6
2025-06-25 10:00:00.000,10:00,15.541176470588233
2025-06-25 11:00:00.000,11:00,29.658823529411762
2025-06-25 12:00:00.000,12:00,31.4
2025-06-25 13:00:00.000,13:00,24.6
2025-06-25 14:00:00.000,14:00,8.177777777777777
2025-06-25 15:00:00.000,15:00,7.9222222222222225
2025-06-25 16:00:00.000,16:00,10.7
2025-06-25 17:00:00.000,17:00,6.3
2025-06-25 18:00:00.000,18:00,6
2025-06-25 19:00:00.000,19:00,5.535294117647059
2025-06-25 20:00:00.000,20:00,4.464705882352941
2025-06-25 21:00:00.000,21:00,4
2025-06-25 22:00:00.000,22:00,4.3
2025-06-25 23:00:00.000,23:00,5
2025-06-26 00:00:00.000,00:00,3.1538461538461537
2025-06-26 01:00:00.000,01:00,2.746153846153846
2025-06-26 02:00:00.000,02:00,2.9
2025-06-26 03:00:00.000,03:00,3
2025-06-26 04:00:00.000,04:00,2.2
2025-06-26 05:00:00.000,05:00,2.8
2025-06-26 06:00:00.000,06:00,3
2025-06-26 07:00:00.000,07:00,2.2
2025-06-26 08:00:00.000,08:00,2
2025-06-26 09:00:00.000,09:00,12.8
2025-06-26 10:00:00.000,10:00,15
2025-06-26 11:00:00.000,11:00,13.2
2025-06-26 12:00:00.000,12:00,32.63636363636364
2025-06-26 13:00:00.000,13:00,25.252525252525253
2025-06-26 14:00:00.000,14:00,26.51111111111111
2025-06-26 15:00:00.000,15:00,11
2025-06-26 16:00:00.000,16:00,7.3
2025-06-26 17:00:00.000,17:00,7
2025-06-26 18:00:00.000,18:00,5
2025-06-26 19:00:00.000,19:00,2.3
2025-06-26 20:00:00.000,20:00,1.7
2025-06-26 21:00:00.000,21:00,2.3
2025-06-26 22:00:00.000,22:00,2
2025-06-26 23:00:00.000,23:00,2
2025-06-27 00:00:00.000,00:00,1
2025-06-27 01:00:00.000,01:00,1
2025-06-27 02:00:00.000,02:00,1.8
2025-06-27 03:00:00.000,03:00,1.1
2025-06-27 04:00:00.000,04:00,1.9
2025-06-27 05:00:00.000,05:00,2
2025-06-27 06:00:00.000,06:00,1.2
2025-06-27 07:00:00.000,07:00,2
2025-06-27 08:00:00.000,08:00,2.8
2025-06-27 09:00:00.000,09:00,10
2025-06-27 10:00:00.000,10:00,14
2025-06-27 11:00:00.000,11:00,21.5
2025-06-27 12:00:00.000,12:00,31.500000000000004
2025-06-27 13:00:00.000,13:00,31
2025-06-27 14:00:00.000,14:00,33
2025-06-27 15:00:00.000,15:00,9.927272727272728
2025-06-27 16:00:00.000,16:00,7.272727272727273
2025-06-27 17:00:00.000,17:00,4.7
2025-06-27 18:00:00.000,18:00,5.3
2025-06-27 19:00:00.000,19:00,3
2025-06-27 20:00:00.000,20:00,3
2025-06-27 21:00:00.000,21:00,2
2025-06-27 22:00:00.000,22:00,2
2025-06-27 23:00:00.000,23:00,3
2025-06-28 00:00:00.000,00:00,1.8999999999999997
2025-06-28 01:00:00.000,01:00,2.1
2025-06-28 02:00:00.000,02:00,2.8
2025-06-28 03:00:00.000,03:00,2
2025-06-28 04:00:00.000,04:00,2.2
2025-06-28 05:00:00.000,05:00,2.8
2025-06-28 06:00:00.000,06:00,2
2025-06-28 07:00:00.000,07:00,3
2025-06-28 08:00:00.000,08:00,3
2025-06-28 09:00:00.000,09:00,12.8
2025-06-28 10:00:00.000,10:00,10.5875
2025-06-28 11:00:00.000,11:00,26.6125
2025-06-28 12:00:00.000,12:00,32.2
2025-06-28 13:00:00.000,13:00,20
2025-06-28 14:00:00.000,14:00,12.6
2025-06-28 15:00:00.000,15:00,8.177777777777777
2025-06-28 16:00:00.000,16:00,6.622222222222222
2025-06-28 17:00:00.000,17:00,5.3
2025-06-28 18:00:00.000,18:00,3
2025-06-28 19:00:00.000,19:00,3.3
2025-06-28 20:00:00.000,20:00,3
2025-06-28 21:00:00.000,21:00,3
2025-06-28 22:00:00.000,22:00,2.7
2025-06-28 23:00:00.000,23:00,2.3
2025-06-29 00:00:00.000,00:00,1.8999999999999997
2025-06-29 01:00:00.000,01:00,3
2025-06-29 02:00:00.000,02:00,1.5
2025-06-29 03:00:00.000,03:00,2.5999999999999996
2025-06-29 04:00:00.000,04:00,2.8823529411764706
2025-06-29 05:00:00.000,05:00,2.117647058823529
2025-06-29 06:00:00.000,06:00,2
2025-06-29 07:00:00.000,07:00,3
2025-06-29 08:00:00.000,08:00,16.8
2025-06-29 09:00:00.000,09:00,16
2025-06-29 10:00:00.000,10:00,9.8
2025-06-29 11:00:00.000,11:00,16.2
2025-06-29 12:00:00.000,12:00,32
2025-06-29 13:00:00.000,13:00,31
2025-06-29 14:00:00.000,14:00,25.599999999999998
2025-06-29 15:00:00.000,15:00,10
2025-06-29 16:00:00.000,16:00,9.3
2025-06-29 17:00:00.000,17:00,8
2025-06-29 18:00:00.000,18:00,6
2025-06-29 19:00:00.000,19:00,5.3
2025-06-29 20:00:00.000,20:00,5
2025-06-29 21:00:00.000,21:00,4.7
2025-06-29 22:00:00.000,22:00,4
2025-06-29 23:00:00.000,23:00,3.3
2025-06-30 00:00:00.000,00:00,2.9
2025-06-30 01:00:00.000,01:00,3.1
2025-06-30 02:00:00.000,02:00,3
2025-06-30 03:00:00.000,03:00,3
2025-06-30 04:00:00.000,04:00,3
2025-06-30 05:00:00.000,05:00,3.9
2025-06-30 06:00:00.000,06:00,2.9000000000000004
2025-06-30 07:00:00.000,07:00,5.6
2025-06-30 08:00:00.000,08:00,12.2
2025-06-30 09:00:00.000,09:00,10.784615384615385
2025-06-30 10:00:00.000,10:00,14.415384615384616
2025-06-30 11:00:00.000,11:00,26
2025-06-30 12:00:00.000,12:00,23.3125
2025-06-30 13:00:00.000,13:00,22.875
2025-06-30 14:00:00.000,14:00,18.467045454545453
2025-06-30 15:00:00.000,15:00,8.345454545454546
2025-06-30 16:00:00.000,16:00,8
2025-06-30 17:00:00.000,17:00,6
2025-06-30 18:00:00.000,18:00,4
2025-06-30 19:00:00.000,19:00,4
2025-06-30 20:00:00.000,20:00,3.6
2025-06-30 21:00:00.000,21:00,3.6714285714285717
2025-06-30 22:00:00.000,22:00,3.928571428571429
2025-06-30 23:00:00.000,23:00,4
2025-07-01 00:00:00.000,00:00,2
2025-07-01 01:00:00.000,01:00,3
2025-07-01 02:00:00.000,02:00,2
2025-07-01 03:00:00.000,03:00,3.8
2025-07-01 04:00:00.000,04:00,2
2025-07-01 05:00:00.000,05:00,2.2
2025-07-01 06:00:00.000,06:00,2.8
2025-07-01 07:00:00.000,07:00,7.800000000000001
2025-07-01 08:00:00.000,08:00,8.2
2025-07-01 09:00:00.000,09:00,9
2025-07-01 10:00:00.000,10:00,15.999999999999998
2025-07-01 11:00:00.000,11:00,17
2025-07-01 12:00:00.000,12:00,27.200000000000003
2025-07-01 13:00:00.000,13:00,12.600000000000001
2025-07-01 14:00:00.000,14:00,8.2
2025-07-01 15:00:00.000,15:00,6
2025-07-01 16:00:00.000,16:00,6.670588235294117
2025-07-01 17:00:00.000,17:00,5.229411764705882
2025-07-01 18:00:00.000,18:00,4.3
2025-07-01 19:00:00.000,19:00,5.7
2025-07-01 20:00:00.000,20:00,5
2025-07-01 21:00:00.000,21:00,4
2025-07-01 22:00:00.000,22:00,5.3
2025-07-01 23:00:00.000,23:00,4
2025-07-02 00:00:00.000,00:00,2
2025-07-02 01:00:00.000,01:00,3
2025-07-02 02:00:00.000,02:00,3
2025-07-02 03:00:00.000,03:00,2
2025-07-02 04:00:00.000,04:00,3
2025-07-02 05:00:00.000,05:00,2.8
2025-07-02 06:00:00.000,06:00,2.2
2025-07-02 07:00:00.000,07:00,2.8
2025-07-02 08:00:00.000,08:00,10
2025-07-02 09:00:00.000,09:00,8
2025-07-02 10:00:00.000,10:00,18.6
2025-07-02 11:00:00.000,11:00,22.799999999999997
2025-07-02 12:00:00.000,12:00,11.8
2025-07-02 13:00:00.000,13:00,6.8
2025-07-02 14:00:00.000,14:00,7
2025-07-02 15:00:00.000,15:00,5
2025-07-02 16:00:00.000,16:00,4.2
2025-07-02 17:00:00.000,17:00,4
2025-07-02 18:00:00.000,18:00,4.7
2025-07-02 19:00:00.000,19:00,3.3
2025-07-02 20:00:00.000,20:00,3.7
2025-07-02 21:00:00.000,21:00,4.3
2025-07-02 22:00:00.000,22:00,4.7
2025-07-02 23:00:00.000,23:00,3.3
2025-07-03 00:00:00.000,00:00,4
2025-07-03 01:00:00.000,01:00,3
2025-07-03 02:00:00.000,02:00,3.8181818181818183
2025-07-03 03:00:00.000,03:00,3.1818181818181817
2025-07-03 04:00:00.000,04:00,3.8
2025-07-03 05:00:00.000,05:00,3
2025-07-03 06:00:00.000,06:00,4.6
2025-07-03 07:00:00.000,07:00,13
2025-07-03 08:00:00.000,08:00,18.6
2025-07-03 09:00:00.000,09:00,11.8
2025-07-03 10:00:00.000,10:00,20.4
2025-07-03 11:00:00.000,11:00,17.6
2025-07-03 12:00:00.000,12:00,25.200000000000003
2025-07-03 13:00:00.000,13:00,24.6
2025-07-03 14:00:00.000,14:00,10
2025-07-03 15:00:00.000,15:00,10.2
2025-07-03 16:00:00.000,16:00,8
2025-07-03 17:00:00.000,17:00,5.2
2025-07-03 18:00:00.000,18:00,5.7
2025-07-03 19:00:00.000,19:00,6
2025-07-03 20:00:00.000,20:00,6
2025-07-03 21:00:00.000,21:00,4.3
2025-07-03 22:00:00.000,22:00,5.7
2025-07-03 23:00:00.000,23:00,6.3
2025-07-04 00:00:00.000,00:00,4.9
2025-07-04 01:00:00.000,01:00,4.550000000000001
2025-07-04 02:00:00.000,02:00,4.3500000000000005
2025-07-04 03:00:00.000,03:00,5
2025-07-04 04:00:00.000,04:00,6
2025-07-04 05:00:00.000,05:00,4
2025-07-04 06:00:00.000,06:00,5
2025-07-04 07:00:00.000,07:00,5
2025-07-04 08:00:00.000,08:00,13.8
2025-07-04 09:00:00.000,09:00,8
2025-07-04 10:00:00.000,10:00,10.553846153846154
2025-07-04 11:00:00.000,11:00,21.64615384615384
2025-07-04 12:00:00.000,12:00,34
2025-07-04 13:00:00.000,13:00,11.8
2025-07-04 14:00:00.000,14:00,8
2025-07-04 15:00:00.000,15:00,11
2025-07-04 16:00:00.000,16:00,5.4
2025-07-04 17:00:00.000,17:00,4
2025-07-04 18:00:00.000,18:00,3
2025-07-04 19:00:00.000,19:00,4
2025-07-04 20:00:00.000,20:00,2.7
2025-07-04 21:00:00.000,21:00,2.3
2025-07-04 22:00:00.000,22:00,3
2025-07-04 23:00:00.000,23:00,3
2025-07-05 00:00:00.000,00:00,0.9999999999999999
2025-07-05 01:00:00.000,01:00,2
2025-07-05 02:00:00.000,02:00,2.818181818181818
2025-07-05 03:00:00.000,03:00,3.1818181818181817
2025-07-05 04:00:00.000,04:00,3
2025-07-05 05:00:00.000,05:00,3
2025-07-05 06:00:00.000,06:00,4.6
2025-07-05 07:00:00.000,07:00,9.2
2025-07-05 08:00:00.000,08:00,11
2025-07-05 09:00:00.000,09:00,16
2025-07-05 10:00:00.000,10:00,6
2025-07-05 11:00:00.000,11:00,20.4
2025-07-05 12:00:00.000,12:00,33.8
2025-07-05 13:00:00.000,13:00,29.8
2025-07-05 14:00:00.000,14:00,16
2025-07-05 15:00:00.000,15:00,7.199999999999999
2025-07-05 16:00:00.000,16:00,4.7272727272727275
2025-07-05 17:00:00.000,17:00,5.2727272727272725
2025-07-05 18:00:00.000,18:00,3
2025-07-05 19:00:00.000,19:00,3
2025-07-05 20:00:00.000,20:00,3
2025-07-05 21:00:00.000,21:00,3
2025-07-05 22:00:00.000,22:00,3.7
2025-07-05 23:00:00.000,23:00,2.3
2025-07-06 00:00:00.000,00:00,2
2025-07-06 01:00:00.000,01:00,2
2025-07-06 02:00:00.000,02:00,2
2025-07-06 03:00:00.000,03:00,2
2025-07-06 04:00:00.000,04:00,2
2025-07-06 05:00:00.000,05:00,2.8
2025-07-06 06:00:00.000,06:00,2.2
2025-07-06 07:00:00.000,07:00,4.6
2025-07-06 08:00:00.000,08:00,16.2
2025-07-06 09:00:00.000,09:00,8
2025-07-06 10:00:00.000,10:00,8
2025-07-06 11:00:00.000,11:00,16
2025-07-06 12:00:00.000,12:00,33
2025-07-06 13:00:00.000,13:00,26.8
2025-07-06 14:00:00.000,14:00,22.6
2025-07-06 15:00:00.000,15:00,19.577777777777776
2025-07-06 16:00:00.000,16:00,5.777777777777778
2025-07-06 17:00:00.000,17:00,6.144444444444444
2025-07-06 18:00:00.000,18:00,2.3
2025-07-06 19:00:00.000,19:00,3
2025-07-06 20:00:00.000,20:00,3
2025-07-06 21:00:00.000,21:00,2.7
2025-07-06 22:00:00.000,22:00,2.3
2025-07-06 23:00:00.000,23:00,3
2025-07-07 00:00:00.000,00:00,2.8999999999999995
2025-07-07 01:00:00.000,01:00,3.1
2025-07-07 02:00:00.000,02:00,3
2025-07-07 03:00:00.000,03:00,3
2025-07-07 04:00:00.000,04:00,4
2025-07-07 05:00:00.000,05:00,3
2025-07-07 06:00:00.000,06:00,3.8
2025-07-07 07:00:00.000,07:00,6.6000000000000005
2025-07-07 08:00:00.000,08:00,13.2
2025-07-07 09:00:00.000,09:00,9
2025-07-07 10:00:00.000,10:00,16.4
2025-07-07 11:00:00.000,11:00,11.2
2025-07-07 12:00:00.000,12:00,20.8
2025-07-07 13:00:00.000,13:00,29
2025-07-07 14:00:00.000,14:00,26.6
2025-07-07 15:00:00.000,15:00,6.2
2025-07-07 16:00:00.000,16:00,5
2025-07-07 17:00:00.000,17:00,2.9272727272727272
2025-07-07 18:00:00.000,18:00,2.2727272727272725
2025-07-07 19:00:00.000,19:00,3
2025-07-07 20:00:00.000,20:00,2
2025-07-07 21:00:00.000,21:00,3
2025-07-07 22:00:00.000,22:00,2
2025-07-07 23:00:00.000,23:00,3
2025-07-08 00:00:00.000,00:00,3.9000000000000004
2025-07-08 01:00:00.000,01:00,3
2025-07-08 02:00:00.000,02:00,3.918181818181818
2025-07-08 03:00:00.000,03:00,3.981818181818182
2025-07-08 04:00:00.000,04:00,4.08235294117647
2025-07-08 05:00:00.000,05:00,3.9176470588235297
2025-07-08 06:00:00.000,06:00,3
2025-07-08 07:00:00.000,07:00,10.399999999999999
2025-07-08 08:00:00.000,08:00,15.600000000000001
2025-07-08 09:00:00.000,09:00,9.8
2025-07-08 10:00:00.000,10:00,7.2
2025-07-08 11:00:00.000,11:00,21.199999999999996
2025-07-08 12:00:00.000,12:00,33
2025-07-08 13:00:00.000,13:00,29
2025-07-08 14:00:00.000,14:00,23.8
2025-07-08 15:00:00.000,15:00,13
2025-07-08 16:00:00.000,16:00,9.927272727272726
2025-07-08 17:00:00.000,17:00,6.167464114832535
2025-07-08 18:00:00.000,18:00,2.105263157894737
2025-07-08 19:00:00.000,19:00,3
2025-07-08 20:00:00.000,20:00,2
2025-07-08 21:00:00.000,21:00,2.7
2025-07-08 22:00:00.000,22:00,3
2025-07-08 23:00:00.000,23:00,3.3
2025-07-09 00:00:00.000,00:00,2
2025-07-09 01:00:00.000,01:00,3
2025-07-09 02:00:00.000,02:00,3.8
2025-07-09 03:00:00.000,03:00,3
2025-07-09 04:00:00.000,04:00,4
2025-07-09 05:00:00.000,05:00,4
2025-07-09 06:00:00.000,06:00,10
2025-07-09 07:00:00.000,07:00,15
2025-07-09 08:00:00.000,08:00,19.8
2025-07-09 09:00:00.000,09:00,10.2
2025-07-09 10:00:00.000,10:00,6.000000000000001
2025-07-09 11:00:00.000,11:00,21
2025-07-09 12:00:00.000,12:00,27.023529411764706
2025-07-09 13:00:00.000,13:00,27.976470588235294
2025-07-09 14:00:00.000,14:00,14
2025-07-09 15:00:00.000,15:00,8
2025-07-09 16:00:00.000,16:00,9
2025-07-09 17:00:00.000,17:00,7.9
2025-07-09 18:00:00.000,18:00,7.3
2025-07-09 19:00:00.000,19:00,5.7
2025-07-09 20:00:00.000,20:00,3
2025-07-09 21:00:00.000,21:00,2.3
2025-07-09 22:00:00.000,22:00,2.7
2025-07-09 23:00:00.000,23:00,3.3
2025-07-10 00:00:00.000,00:00,2
2025-07-10 01:00:00.000,01:00,2.6666666666666665
2025-07-10 02:00:00.000,02:00,3.2333333333333334
2025-07-10 03:00:00.000,03:00,3.3307692307692314
2025-07-10 04:00:00.000,04:00,2.769230769230769
2025-07-10 05:00:00.000,05:00,3
2025-07-10 06:00:00.000,06:00,9.600000000000001
2025-07-10 07:00:00.000,07:00,13.2
2025-07-10 08:00:00.000,08:00,9.8
2025-07-10 09:00:00.000,09:00,7.2
2025-07-10 10:00:00.000,10:00,7
2025-07-10 11:00:00.000,11:00,26.999999999999996
2025-07-10 12:00:00.000,12:00,31.2
2025-07-10 13:00:00.000,13:00,34
2025-07-10 14:00:00.000,14:00,20.6
2025-07-10 15:00:00.000,15:00,14
2025-07-10 16:00:00.000,16:00,9
2025-07-10 17:00:00.000,17:00,6.2
2025-07-10 18:00:00.000,18:00,5.8999999999999995
2025-07-10 19:00:00.000,19:00,7
2025-07-10 20:00:00.000,20:00,6
2025-07-10 21:00:00.000,21:00,5
2025-07-10 22:00:00.000,22:00,7.7
2025-07-10 23:00:00.000,23:00,6.6
2025-07-11 00:00:00.000,00:00,4.9
2025-07-11 01:00:00.000,01:00,4.3
2025-07-11 02:00:00.000,02:00,5.68235294117647
2025-07-11 03:00:00.000,03:00,6
2025-07-11 04:00:00.000,04:00,5.161125319693094
2025-07-11 05:00:00.000,05:00,6.756521739130434
2025-07-11 06:00:00.000,06:00,5.8
2025-07-11 07:00:00.000,07:00,10.4
2025-07-11 08:00:00.000,08:00,11.8
2025-07-11 09:00:00.000,09:00,7
2025-07-11 10:00:00.000,10:00,7
2025-07-11 11:00:00.000,11:00,27
2025-07-11 12:00:00.000,12:00,28.2
2025-07-11 13:00:00.000,13:00,33
2025-07-11 14:00:00.000,14:00,33.2
2025-07-11 15:00:00.000,15:00,9.4
2025-07-11 16:00:00.000,16:00,6.2
2025-07-11 17:00:00.000,17:00,4.2
2025-07-11 18:00:00.000,18:00,3
2025-07-11 19:00:00.000,19:00,3
2025-07-11 20:00:00.000,20:00,3
2025-07-11 21:00:00.000,21:00,3.7
2025-07-11 22:00:00.000,22:00,2.3
2025-07-11 23:00:00.000,23:00,2
2025-07-12 00:00:00.000,00:00,3
2025-07-12 01:00:00.000,01:00,2
2025-07-12 02:00:00.000,02:00,2
2025-07-12 03:00:00.000,03:00,2.6153846153846154
2025-07-12 04:00:00.000,04:00,1.3846153846153846
2025-07-12 05:00:00.000,05:00,2
2025-07-12 06:00:00.000,06:00,2
2025-07-12 07:00:00.000,07:00,8.399999999999999
2025-07-12 08:00:00.000,08:00,32.2
2025-07-12 09:00:00.000,09:00,40
2025-07-12 10:00:00.000,10:00,31.8
2025-07-12 11:00:00.000,11:00,26.2
2025-07-12 12:00:00.000,12:00,36
2025-07-12 13:00:00.000,13:00,32.599999999999994
2025-07-12 14:00:00.000,14:00,25.4
2025-07-12 15:00:00.000,15:00,10
2025-07-12 16:00:00.000,16:00,11
2025-07-12 17:00:00.000,17:00,9
2025-07-12 18:00:00.000,18:00,5.2
2025-07-12 19:00:00.000,19:00,5.9
2025-07-12 20:00:00.000,20:00,4
2025-07-12 21:00:00.000,21:00,5
2025-07-12 22:00:00.000,22:00,5.3
2025-07-12 23:00:00.000,23:00,6
2025-07-13 00:00:00.000,00:00,4.9
2025-07-13 01:00:00.000,01:00,5
2025-07-13 02:00:00.000,02:00,3.918181818181818
2025-07-13 03:00:00.000,03:00,4.981818181818182
2025-07-13 04:00:00.000,04:00,4
2025-07-13 05:00:00.000,05:00,4.2
2025-07-13 06:00:00.000,06:00,3.8
2025-07-13 07:00:00.000,07:00,6.800000000000001
2025-07-13 08:00:00.000,08:00,16.4
2025-07-13 09:00:00.000,09:00,31
2025-07-13 10:00:00.000,10:00,22.8
2025-07-13 11:00:00.000,11:00,19.4
2025-07-13 12:00:00.000,12:00,33.599999999999994
2025-07-13 13:00:00.000,13:00,26.4
2025-07-13 14:00:00.000,14:00,26.8
2025-07-13 15:00:00.000,15:00,31.8
2025-07-13 16:00:00.000,16:00,7
2025-07-13 17:00:00.000,17:00,3
2025-07-13 18:00:00.000,18:00,2.9272727272727277
2025-07-13 19:00:00.000,19:00,3.2727272727272725
2025-07-13 20:00:00.000,20:00,2.7
2025-07-13 21:00:00.000,21:00,3
2025-07-13 22:00:00.000,22:00,2.3
2025-07-13 23:00:00.000,23:00,3
2025-07-14 00:00:00.000,00:00,1.9999999999999998
2025-07-14 01:00:00.000,01:00,2
2025-07-14 02:00:00.000,02:00,2
2025-07-14 03:00:00.000,03:00,2
2025-07-14 04:00:00.000,04:00,2
2025-07-14 05:00:00.000,05:00,2
2025-07-14 06:00:00.000,06:00,3
2025-07-14 07:00:00.000,07:00,9.8
2025-07-14 08:00:00.000,08:00,14.8
2025-07-14 09:00:00.000,09:00,10
2025-07-14 10:00:00.000,10:00,6.2
2025-07-14 11:00:00.000,11:00,15.200000000000001
2025-07-14 12:00:00.000,12:00,33.8
2025-07-14 13:00:00.000,13:00,31.599999999999998
2025-07-14 14:00:00.000,14:00,20.4
2025-07-14 15:00:00.000,15:00,8
2025-07-14 16:00:00.000,16:00,7
2025-07-14 17:00:00.000,17:00,4.2
2025-07-14 18:00:00.000,18:00,3.7
2025-07-14 19:00:00.000,19:00,2.3
2025-07-14 20:00:00.000,20:00,2.7
2025-07-14 21:00:00.000,21:00,2.3
2025-07-14 22:00:00.000,22:00,2.7
2025-07-14 23:00:00.000,23:00,2.3
2025-07-15 00:00:00.000,00:00,2
2025-07-15 01:00:00.000,01:00,2
2025-07-15 02:00:00.000,02:00,1.9
2025-07-15 03:00:00.000,03:00,2.9
2025-07-15 04:00:00.000,04:00,2.2
2025-07-15 05:00:00.000,05:00,3
2025-07-15 06:00:00.000,06:00,3.8
2025-07-15 07:00:00.000,07:00,13.6
2025-07-15 08:00:00.000,08:00,8.4
2025-07-15 09:00:00.000,09:00,9
2025-07-15 10:00:00.000,10:00,8
2025-07-15 11:00:00.000,11:00,21.2
2025-07-15 12:00:00.000,12:00,25.6
2025-07-15 13:00:00.000,13:00,7.2
2025-07-15 14:00:00.000,14:00,5
2025-07-15 15:00:00.000,15:00,7
2025-07-15 16:00:00.000,16:00,5.977777777777778
2025-07-15 17:00:00.000,17:00,3.022222222222222
2025-07-15 18:00:00.000,18:00,2.2
2025-07-15 19:00:00.000,19:00,2.7
2025-07-15 20:00:00.000,20:00,2
2025-07-15 21:00:00.000,21:00,2.3
2025-07-15 22:00:00.000,22:00,3
2025-07-15 23:00:00.000,23:00,3
2025-07-16 00:00:00.000,00:00,2
2025-07-16 01:00:00.000,01:00,2
2025-07-16 02:00:00.000,02:00,2
2025-07-16 03:00:00.000,03:00,2.8
2025-07-16 04:00:00.000,04:00,2.2
2025-07-16 05:00:00.000,05:00,3.8
2025-07-16 06:00:00.000,06:00,3.2
2025-07-16 07:00:00.000,07:00,7.6000000000000005
2025-07-16 08:00:00.000,08:00,31.4
2025-07-16 09:00:00.000,09:00,29.799999999999997
2025-07-16 10:00:00.000,10:00,10.430769230769231
2025-07-16 11:00:00.000,11:00,29.369230769230768
2025-07-16 12:00:00.000,12:00,35.2
2025-07-16 13:00:00.000,13:00,18.8
2025-07-16 14:00:00.000,14:00,10.2
2025-07-16 15:00:00.000,15:00,9.8
2025-07-16 16:00:00.000,16:00,11
2025-07-16 17:00:00.000,17:00,9.127272727272727
2025-07-16 18:00:00.000,18:00,9.972727272727273
2025-07-16 19:00:00.000,19:00,9
2025-07-16 20:00:00.000,20:00,8.7
2025-07-16 21:00:00.000,21:00,8.3
2025-07-16 22:00:00.000,22:00,7
2025-07-16 23:00:00.000,23:00,7.3
2025-07-17 00:00:00.000,00:00,5.9
2025-07-17 01:00:00.000,01:00,5
2025-07-17 02:00:00.000,02:00,5.918181818181818
2025-07-17 03:00:00.000,03:00,4.981818181818182
2025-07-17 04:00:00.000,04:00,6
2025-07-17 05:00:00.000,05:00,5
2025-07-17 06:00:00.000,06:00,6.8
2025-07-17 07:00:00.000,07:00,6.2
2025-07-17 08:00:00.000,08:00,11
2025-07-17 09:00:00.000,09:00,7
2025-07-17 10:00:00.000,10:00,10.8
2025-07-17 11:00:00.000,11:00,23.200000000000006
2025-07-17 12:00:00.000,12:00,33
2025-07-17 13:00:00.000,13:00,28.6
2025-07-17 14:00:00.000,14:00,9.2
2025-07-17 15:00:00.000,15:00,11
2025-07-17 16:00:00.000,16:00,15
2025-07-17 17:00:00.000,17:00,10
2025-07-17 18:00:00.000,18:00,7.1
2025-07-17 19:00:00.000,19:00,6.7
2025-07-17 20:00:00.000,20:00,7.3
2025-07-17 21:00:00.000,21:00,6.7
2025-07-17 22:00:00.000,22:00,7.3
2025-07-17 23:00:00.000,23:00,6.3
2025-07-18 00:00:00.000,00:00,6.9
2025-07-18 01:00:00.000,01:00,5.1
2025-07-18 02:00:00.000,02:00,6
2025-07-18 03:00:00.000,03:00,5.8
2025-07-18 04:00:00.000,04:00,5.4941176470588236
2025-07-18 05:00:00.000,05:00,5.705882352941177
2025-07-18 06:00:00.000,06:00,5.8
2025-07-18 07:00:00.000,07:00,11.8
2025-07-18 08:00:00.000,08:00,11.2
2025-07-18 09:00:00.000,09:00,7.8
2025-07-18 10:00:00.000,10:00,6.2
2025-07-18 11:00:00.000,11:00,21
2025-07-18 12:00:00.000,12:00,34.2
2025-07-18 13:00:00.000,13:00,26.8
2025-07-18 14:00:00.000,14:00,9
2025-07-18 15:00:00.000,15:00,9
2025-07-18 16:00:00.000,16:00,8
2025-07-18 17:00:00.000,17:00,5
2025-07-18 18:00:00.000,18:00,2.9
2025-07-18 19:00:00.000,19:00,4
2025-07-18 20:00:00.000,20:00,3.3
2025-07-18 21:00:00.000,21:00,3
2025-07-18 22:00:00.000,22:00,3.7
2025-07-18 23:00:00.000,23:00,4.3
2025-07-19 00:00:00.000,00:00,2.9000000000000004
2025-07-19 01:00:00.000,01:00,2
2025-07-19 02:00:00.000,02:00,2.05
2025-07-19 03:00:00.000,03:00,3.05
2025-07-19 04:00:00.000,04:00,2
2025-07-19 05:00:00.000,05:00,2.8
2025-07-19 06:00:00.000,06:00,5.4
2025-07-19 07:00:00.000,07:00,9.399999999999999
2025-07-19 08:00:00.000,08:00,12
2025-07-19 09:00:00.000,09:00,7.2
2025-07-19 10:00:00.000,10:00,6
2025-07-19 11:00:00.000,11:00,16.800000000000004
2025-07-19 12:00:00.000,12:00,22.6
2025-07-19 13:00:00.000,13:00,15.6
2025-07-19 14:00:00.000,14:00,7
2025-07-19 15:00:00.000,15:00,6
2025-07-19 16:00:00.000,16:00,4
2025-07-19 17:00:00.000,17:00,2.9272727272727272
2025-07-19 18:00:00.000,18:00,3.2727272727272725
2025-07-19 19:00:00.000,19:00,3
2025-07-19 20:00:00.000,20:00,3
2025-07-19 21:00:00.000,21:00,3
2025-07-19 22:00:00.000,22:00,3
2025-07-19 23:00:00.000,23:00,4
2025-07-20 00:00:00.000,00:00,1.9
2025-07-20 01:00:00.000,01:00,2
2025-07-20 02:00:00.000,02:00,2.9000000000000004
2025-07-20 03:00:00.000,03:00,2
2025-07-20 04:00:00.000,04:00,2.2
2025-07-20 05:00:00.000,05:00,2
2025-07-20 06:00:00.000,06:00,3.8
2025-07-20 07:00:00.000,07:00,9.4
2025-07-20 08:00:00.000,08:00,19.2
2025-07-20 09:00:00.000,09:00,9.2
2025-07-20 10:00:00.000,10:00,9.2
2025-07-20 11:00:00.000,11:00,26.2
2025-07-20 12:00:00.000,12:00,32
2025-07-20 13:00:00.000,13:00,18
2025-07-20 14:00:00.000,14:00,7.6
2025-07-20 15:00:00.000,15:00,8
2025-07-20 16:00:00.000,16:00,7.2
2025-07-20 17:00:00.000,17:00,4.9
2025-07-20 18:00:00.000,18:00,2.3
2025-07-20 19:00:00.000,19:00,2.7
2025-07-20 20:00:00.000,20:00,3
2025-07-20 21:00:00.000,21:00,2.3
2025-07-20 22:00:00.000,22:00,2.7
2025-07-20 23:00:00.000,23:00,2.3
2025-07-21 00:00:00.000,00:00,2
2025-07-21 01:00:00.000,01:00,3.9
2025-07-21 02:00:00.000,02:00,2.9
2025-07-21 03:00:00.000,03:00,2.2
2025-07-21 04:00:00.000,04:00,2.8
2025-07-21 05:00:00.000,05:00,2.2
2025-07-21 06:00:00.000,06:00,2.8
2025-07-21 07:00:00.000,07:00,7.2
2025-07-21 08:00:00.000,08:00,10.6
2025-07-21 09:00:00.000,09:00,10
2025-07-21 10:00:00.000,10:00,11.6
2025-07-21 11:00:00.000,11:00,23.799999999999997
2025-07-21 12:00:00.000,12:00,14.600000000000001
2025-07-21 13:00:00.000,13:00,13
2025-07-21 14:00:00.000,14:00,10
2025-07-21 15:00:00.000,15:00,8.2
2025-07-21 16:00:00.000,16:00,6
2025-07-21 17:00:00.000,17:00,2.9272727272727272
2025-07-21 18:00:00.000,18:00,3.9727272727272727
2025-07-21 19:00:00.000,19:00,3
2025-07-21 20:00:00.000,20:00,3.3
2025-07-21 21:00:00.000,21:00,2.7
2025-07-21 22:00:00.000,22:00,3.3
2025-07-21 23:00:00.000,23:00,4
2025-07-22 00:00:00.000,00:00,2.9
2025-07-22 01:00:00.000,01:00,3
2025-07-22 02:00:00.000,02:00,2.9000000000000004
2025-07-22 03:00:00.000,03:00,3.2
2025-07-22 04:00:00.000,04:00,3.8000000000000003
2025-07-22 05:00:00.000,05:00,3
2025-07-22 06:00:00.000,06:00,3.2
2025-07-22 07:00:00.000,07:00,4.6
2025-07-22 08:00:00.000,08:00,15.200000000000001
2025-07-22 09:00:00.000,09:00,9
2025-07-22 10:00:00.000,10:00,9
2025-07-22 11:00:00.000,11:00,15.2
2025-07-22 12:00:00.000,12:00,23
2025-07-22 13:00:00.000,13:00,33
2025-07-22 14:00:00.000,14:00,31.8
2025-07-22 15:00:00.000,15:00,12.8
2025-07-22 16:00:00.000,16:00,12
2025-07-22 17:00:00.000,17:00,10.2
2025-07-22 18:00:00.000,18:00,4.977777777777778
2025-07-22 19:00:00.000,19:00,2.9222222222222225
2025-07-22 20:00:00.000,20:00,3.3
2025-07-22 21:00:00.000,21:00,3.7
2025-07-22 22:00:00.000,22:00,4.3
2025-07-22 23:00:00.000,23:00,4.636363636363637
2025-07-23 00:00:00.000,00:00,3.3136363636363635
2025-07-23 01:00:00.000,01:00,3.0500000000000003
2025-07-23 02:00:00.000,02:00,3.818181818181818
2025-07-23 03:00:00.000,03:00,3.1818181818181817
2025-07-23 04:00:00.000,04:00,4.8
2025-07-23 05:00:00.000,05:00,3.2
2025-07-23 06:00:00.000,06:00,8.600000000000001
2025-07-23 07:00:00.000,07:00,19.4
2025-07-23 08:00:00.000,08:00,13.6
2025-07-23 09:00:00.000,09:00,10
2025-07-23 10:00:00.000,10:00,9
2025-07-23 11:00:00.000,11:00,25.200000000000003
2025-07-23 12:00:00.000,12:00,33.2
2025-07-23 13:00:00.000,13:00,31.2
2025-07-23 14:00:00.000,14:00,26
2025-07-23 15:00:00.000,15:00,17.2
2025-07-23 16:00:00.000,16:00,13.327272727272728
2025-07-23 17:00:00.000,17:00,7
2025-07-23 18:00:00.000,18:00,4.972727272727273
2025-07-23 19:00:00.000,19:00,6
2025-07-23 20:00:00.000,20:00,6
2025-07-23 21:00:00.000,21:00,6
2025-07-23 22:00:00.000,22:00,6
2025-07-23 23:00:00.000,23:00,7.300000000000001
2025-07-24 00:00:00.000,00:00,4.9
2025-07-24 01:00:00.000,01:00,5
2025-07-24 02:00:00.000,02:00,5.6
2025-07-24 03:00:00.000,03:00,5.382352941176471
2025-07-24 04:00:00.000,04:00,4.91764705882353
2025-07-24 05:00:00.000,05:00,5
2025-07-24 06:00:00.000,06:00,9.399999999999999
2025-07-24 07:00:00.000,07:00,16.6
2025-07-24 08:00:00.000,08:00,14.8
2025-07-24 09:00:00.000,09:00,11
2025-07-24 10:00:00.000,10:00,9.2
2025-07-24 11:00:00.000,11:00,20
2025-07-24 12:00:00.000,12:00,38.8
2025-07-24 13:00:00.000,13:00,34.2
2025-07-24 14:00:00.000,14:00,31
2025-07-24 15:00:00.000,15:00,18
2025-07-24 16:00:00.000,16:00,7
2025-07-24 17:00:00.000,17:00,3.2
2025-07-24 18:00:00.000,18:00,3.7
2025-07-24 19:00:00.000,19:00,3.3
2025-07-24 20:00:00.000,20:00,3
2025-07-24 21:00:00.000,21:00,3.7
2025-07-24 22:00:00.000,22:00,4
2025-07-24 23:00:00.000,23:00,4.3
2025-07-25 00:00:00.000,00:00,3
2025-07-25 01:00:00.000,01:00,2.9
2025-07-25 02:00:00.000,02:00,3.1
2025-07-25 03:00:00.000,03:00,3.900000000000001
2025-07-25 04:00:00.000,04:00,3.8999999999999995
2025-07-25 05:00:00.000,05:00,4
2025-07-25 06:00:00.000,06:00,4
2025-07-25 07:00:00.000,07:00,13.4
2025-07-25 08:00:00.000,08:00,12.600000000000001
2025-07-25 09:00:00.000,09:00,9.8
2025-07-25 10:00:00.000,10:00,7.4
2025-07-25 11:00:00.000,11:00,23.8
2025-07-25 12:00:00.000,12:00,35
2025-07-25 13:00:00.000,13:00,35
2025-07-25 14:00:00.000,14:00,26.381818181818183
2025-07-25 15:00:00.000,15:00,11.418181818181818
2025-07-25 16:00:00.000,16:00,8.2
2025-07-25 17:00:00.000,17:00,7
2025-07-25 18:00:00.000,18:00,6.6
2025-07-25 19:00:00.000,19:00,6.3
2025-07-25 20:00:00.000,20:00,8
2025-07-25 21:00:00.000,21:00,6
2025-07-25 22:00:00.000,22:00,7
2025-07-25 23:00:00.000,23:00,7.3
2025-07-26 00:00:00.000,00:00,5.9
2025-07-26 01:00:00.000,01:00,5.9
2025-07-26 02:00:00.000,02:00,5.018181818181818
2025-07-26 03:00:00.000,03:00,5.981818181818182
2025-07-26 04:00:00.000,04:00,6
2025-07-26 05:00:00.000,05:00,6
2025-07-26 06:00:00.000,06:00,8.8
2025-07-26 07:00:00.000,07:00,9
2025-07-26 08:00:00.000,08:00,14
2025-07-26 09:00:00.000,09:00,10.2
2025-07-26 10:00:00.000,10:00,8.8
2025-07-26 11:00:00.000,11:00,15.7
2025-07-26 12:00:00.000,12:00,24.5
2025-07-26 13:00:00.000,13:00,32.8
2025-07-26 14:00:00.000,14:00,13.2
2025-07-26 15:00:00.000,15:00,12
2025-07-26 16:00:00.000,16:00,8.2
2025-07-26 17:00:00.000,17:00,6
2025-07-26 18:00:00.000,18:00,5.7
2025-07-26 19:00:00.000,19:00,6
2025-07-26 20:00:00.000,20:00,6
2025-07-26 21:00:00.000,21:00,5
2025-07-26 22:00:00.000,22:00,7
2025-07-26 23:00:00.000,23:00,6.3
2025-07-27 00:00:00.000,00:00,7
2025-07-27 01:00:00.000,01:00,4.9
2025-07-27 02:00:00.000,02:00,4.918181818181818
2025-07-27 03:00:00.000,03:00,5.081818181818182
2025-07-27 04:00:00.000,04:00,4.9
2025-07-27 05:00:00.000,05:00,7
2025-07-27 06:00:00.000,06:00,5
2025-07-27 07:00:00.000,07:00,11
2025-07-27 08:00:00.000,08:00,10.2
2025-07-27 09:00:00.000,09:00,7.800000000000001
2025-07-27 10:00:00.000,10:00,7
2025-07-27 11:00:00.000,11:00,18.4
2025-07-27 12:00:00.000,12:00,28.799999999999997
2025-07-27 13:00:00.000,13:00,31
2025-07-27 14:00:00.000,14:00,13.8
2025-07-27 15:00:00.000,15:00,11.381818181818181
2025-07-27 16:00:00.000,16:00,12.518181818181818
2025-07-27 17:00:00.000,17:00,8.7
2025-07-27 18:00:00.000,18:00,6.3
2025-07-27 19:00:00.000,19:00,7
2025-07-27 20:00:00.000,20:00,6.3
2025-07-27 21:00:00.000,21:00,6.699999999999999
2025-07-27 22:00:00.000,22:00,6.3
2025-07-27 23:00:00.000,23:00,7
2025-07-28 00:00:00.000,00:00,4.9
2025-07-28 01:00:00.000,01:00,7
2025-07-28 02:00:00.000,02:00,6.1
2025-07-28 03:00:00.000,03:00,6.8
2025-07-28 04:00:00.000,04:00,6
2025-07-28 05:00:00.000,05:00,7.6
2025-07-28 06:00:00.000,06:00,7.4
2025-07-28 07:00:00.000,07:00,8.8
2025-07-28 08:00:00.000,08:00,9.2
2025-07-28 09:00:00.000,09:00,9.8
2025-07-28 10:00:00.000,10:00,8.2
2025-07-28 11:00:00.000,11:00,26.2
2025-07-28 12:00:00.000,12:00,32.2
2025-07-28 13:00:00.000,13:00,32.6
2025-07-28 14:00:00.000,14:00,11
2025-07-28 15:00:00.000,15:00,8
2025-07-28 16:00:00.000,16:00,9
2025-07-28 17:00:00.000,17:00,8.6
2025-07-28 18:00:00.000,18:00,7.3
2025-07-28 19:00:00.000,19:00,5
2025-07-28 20:00:00.000,20:00,6
2025-07-28 21:00:00.000,21:00,6
2025-07-28 22:00:00.000,22:00,6.7
2025-07-28 23:00:00.000,23:00,5.6
2025-07-29 00:00:00.000,00:00,4.9
2025-07-29 01:00:00.000,01:00,6
2025-07-29 02:00:00.000,02:00,4.918181818181818
2025-07-29 03:00:00.000,03:00,6.9818181818181815
2025-07-29 04:00:00.000,04:00,6.9
2025-07-29 05:00:00.000,05:00,6.1
2025-07-29 06:00:00.000,06:00,7
2025-07-29 07:00:00.000,07:00,7
2025-07-29 08:00:00.000,08:00,18
2025-07-29 09:00:00.000,09:00,7
2025-07-29 10:00:00.000,10:00,6
2025-07-29 11:00:00.000,11:00,24
2025-07-29 12:00:00.000,12:00,34.2
2025-07-29 13:00:00.000,13:00,34.8
2025-07-29 14:00:00.000,14:00,13
2025-07-29 15:00:00.000,15:00,11.6
2025-07-29 16:00:00.000,16:00,11.054545454545455
2025-07-29 17:00:00.000,17:00,7.999999999999999
2025-07-29 18:00:00.000,18:00,5.245454545454545
2025-07-29 19:00:00.000,19:00,6
2025-07-29 20:00:00.000,20:00,7
2025-07-29 21:00:00.000,21:00,6
2025-07-29 22:00:00.000,22:00,7
2025-07-29 23:00:00.000,23:00,8.299999999999999
2025-07-30 00:00:00.000,00:00,3.9
2025-07-30 01:00:00.000,01:00,5.1
2025-07-30 02:00:00.000,02:00,5.9
2025-07-30 03:00:00.000,03:00,5.8999999999999995
2025-07-30 04:00:00.000,04:00,5
2025-07-30 05:00:00.000,05:00,6
2025-07-30 06:00:00.000,06:00,5
2025-07-30 07:00:00.000,07:00,17
2025-07-30 08:00:00.000,08:00,18.8
2025-07-30 09:00:00.000,09:00,11.2
2025-07-30 10:00:00.000,10:00,8
2025-07-30 11:00:00.000,11:00,26.4
2025-07-30 12:00:00.000,12:00,31.8
2025-07-30 13:00:00.000,13:00,31
2025-07-30 14:00:00.000,14:00,25.6
2025-07-30 15:00:00.000,15:00,9.2
2025-07-30 16:00:00.000,16:00,8
2025-07-30 17:00:00.000,17:00,4.2
2025-07-30 18:00:00.000,18:00,3.7
2025-07-30 19:00:00.000,19:00,3
2025-07-30 20:00:00.000,20:00,2.3
2025-07-30 21:00:00.000,21:00,2.7
2025-07-30 22:00:00.000,22:00,3
2025-07-30 23:00:00.000,23:00,4.3
2025-07-31 00:00:00.000,00:00,2
2025-07-31 01:00:00.000,01:00,2
2025-07-31 02:00:00.000,02:00,3
2025-07-31 03:00:00.000,03:00,2.8
2025-07-31 04:00:00.000,04:00,3
2025-07-31 05:00:00.000,05:00,3
2025-07-31 06:00:00.000,06:00,4
2025-07-31 07:00:00.000,07:00,15.4
2025-07-31 08:00:00.000,08:00,14.2
2025-07-31 09:00:00.000,09:00,11.2
2025-07-31 10:00:00.000,10:00,14
2025-07-31 11:00:00.000,11:00,25
2025-07-31 12:00:00.000,12:00,34.199999999999996
2025-07-31 13:00:00.000,13:00,31.4
2025-07-31 14:00:00.000,14:00,27.6
2025-07-31 15:00:00.000,15:00,8
2025-07-31 16:00:00.000,16:00,7.9
2025-07-31 17:00:00.000,17:00,5.0777777777777775
2025-07-31 18:00:00.000,18:00,2.9222222222222225
2025-07-31 19:00:00.000,19:00,3
2025-07-31 20:00:00.000,20:00,2.3
2025-07-31 21:00:00.000,21:00,3
2025-07-31 22:00:00.000,22:00,3.7
2025-07-31 23:00:00.000,23:00,3.3
2025-08-01 00:00:00.000,00:00,2
2025-08-01 01:00:00.000,01:00,3
2025-08-01 02:00:00.000,02:00,2
2025-08-01 03:00:00.000,03:00,3
2025-08-01 04:00:00.000,04:00,3
2025-08-01 05:00:00.000,05:00,3
2025-08-01 06:00:00.000,06:00,2.8
2025-08-01 07:00:00.000,07:00,4
2025-08-01 08:00:00.000,08:00,16.6
2025-08-01 09:00:00.000,09:00,7.2
2025-08-01 10:00:00.000,10:00,7
2025-08-01 11:00:00.000,11:00,23.2
2025-08-01 12:00:00.000,12:00,34
2025-08-01 13:00:00.000,13:00,31.4
2025-08-01 14:00:00.000,14:00,28
2025-08-01 15:00:00.000,15:00,15.133333333333333
2025-08-01 16:00:00.000,16:00,11.266666666666666
2025-08-01 17:00:00.000,17:00,6.1
2025-08-01 18:00:00.000,18:00,3.3
2025-08-01 19:00:00.000,19:00,2
2025-08-01 20:00:00.000,20:00,3
2025-08-01 21:00:00.000,21:00,3
2025-08-01 22:00:00.000,22:00,3
2025-08-01 23:00:00.000,23:00,4
2025-08-02 00:00:00.000,00:00,2.9
2025-08-02 01:00:00.000,01:00,3.1
2025-08-02 02:00:00.000,02:00,3
2025-08-02 03:00:00.000,03:00,3.8
2025-08-02 04:00:00.000,04:00,5
2025-08-02 05:00:00.000,05:00,3.2
2025-08-02 06:00:00.000,06:00,4.8
2025-08-02 07:00:00.000,07:00,12
2025-08-02 08:00:00.000,08:00,12.8
2025-08-02 09:00:00.000,09:00,8.2
2025-08-02 10:00:00.000,10:00,5.8
2025-08-02 11:00:00.000,11:00,21
2025-08-02 12:00:00.000,12:00,34.2
2025-08-02 13:00:00.000,13:00,33.8
2025-08-02 14:00:00.000,14:00,34.2
2025-08-02 15:00:00.000,15:00,18.654545454545456
2025-08-02 16:00:00.000,16:00,12.145454545454546
2025-08-02 17:00:00.000,17:00,11.1
2025-08-02 18:00:00.000,18:00,7
2025-08-02 19:00:00.000,19:00,6
2025-08-02 20:00:00.000,20:00,5
2025-08-02 21:00:00.000,21:00,4
2025-08-02 22:00:00.000,22:00,4
2025-08-02 23:00:00.000,23:00,4.3
2025-08-03 00:00:00.000,00:00,5.9
2025-08-03 01:00:00.000,01:00,4
2025-08-03 02:00:00.000,02:00,5
2025-08-03 03:00:00.000,03:00,4.988888888888889
2025-08-03 04:00:00.000,04:00,5.911111111111111
2025-08-03 05:00:00.000,05:00,6
2025-08-03 06:00:00.000,06:00,9.399999999999999
2025-08-03 07:00:00.000,07:00,19.4
2025-08-03 08:00:00.000,08:00,11
2025-08-03 09:00:00.000,09:00,10
2025-08-03 10:00:00.000,10:00,10.2
2025-08-03 11:00:00.000,11:00,22.400000000000002
2025-08-03 12:00:00.000,12:00,37.599999999999994
2025-08-03 13:00:00.000,13:00,31
2025-08-03 14:00:00.000,14:00,37
2025-08-03 15:00:00.000,15:00,14.8
2025-08-03 16:00:00.000,16:00,15
2025-08-03 17:00:00.000,17:00,11.2
2025-08-03 18:00:00.000,18:00,8
2025-08-03 19:00:00.000,19:00,6
2025-08-03 20:00:00.000,20:00,4
2025-08-03 21:00:00.000,21:00,5
2025-08-03 22:00:00.000,22:00,6
2025-08-03 23:00:00.000,23:00,5.035994194484761
2025-08-04 00:00:00.000,00:00,6.269956458635704
2025-08-04 01:00:00.000,01:00,6.269956458635704
2025-08-04 02:00:00.000,02:00,6.269956458635704
2025-08-04 03:00:00.000,03:00,6.269956458635704
2025-08-04 04:00:00.000,04:00,6.269956458635704
2025-08-04 05:00:00.000,05:00,6.269956458635704
2025-08-04 06:00:00.000,06:00,6.269956458635704
2025-08-04 07:00:00.000,07:00,6.269956458635704
2025-08-04 08:00:00.000,08:00,6.269956458635704
2025-08-04 09:00:00.000,09:00,6.269956458635704
2025-08-04 10:00:00.000,10:00,6.269956458635704
2025-08-04 11:00:00.000,11:00,25.994484760522496
2025-08-04 12:00:00.000,12:00,27
2025-08-04 13:00:00.000,13:00,23
2025-08-04 14:00:00.000,14:00,8
2025-08-04 15:00:00.000,15:00,8.8
2025-08-04 16:00:00.000,16:00,8.2
2025-08-04 17:00:00.000,17:00,6
2025-08-04 18:00:00.000,18:00,3.2
2025-08-04 19:00:00.000,19:00,3.8
2025-08-04 20:00:00.000,20:00,2.977777777777778
2025-08-04 21:00:00.000,21:00,3.2222222222222223
2025-08-04 22:00:00.000,22:00,4.800000000000001
2025-08-04 23:00:00.000,23:00,4.199999999999999
2025-08-05 00:00:00.000,00:00,3.9000000000000004
2025-08-05 01:00:00.000,01:00,2
2025-08-05 02:00:00.000,02:00,2
2025-08-05 03:00:00.000,03:00,2.5
2025-08-05 04:00:00.000,04:00,2.4
2025-08-05 05:00:00.000,05:00,3.2
2025-08-05 06:00:00.000,06:00,7
2025-08-05 07:00:00.000,07:00,12.799999999999999
2025-08-05 08:00:00.000,08:00,7
2025-08-05 09:00:00.000,09:00,7
2025-08-05 10:00:00.000,10:00,6
2025-08-05 11:00:00.000,11:00,22
2025-08-05 12:00:00.000,12:00,36
2025-08-05 13:00:00.000,13:00,37
2025-08-05 14:00:00.000,14:00,23
2025-08-05 15:00:00.000,15:00,12.8
2025-08-05 16:00:00.000,16:00,11.2
2025-08-05 17:00:00.000,17:00,4
2025-08-05 18:00:00.000,18:00,1.9777777777777779
2025-08-05 19:00:00.000,19:00,2.9222222222222225
2025-08-05 20:00:00.000,20:00,2.3
2025-08-05 21:00:00.000,21:00,2
2025-08-05 22:00:00.000,22:00,3
2025-08-05 23:00:00.000,23:00,3
2025-08-06 00:00:00.000,00:00,3.8999999999999995
2025-08-06 01:00:00.000,01:00,2.4529411764705884
2025-08-06 02:00:00.000,02:00,2.6470588235294117
2025-08-06 03:00:00.000,03:00,3.3333333333333335
2025-08-06 04:00:00.000,04:00,3.466666666666667
2025-08-06 05:00:00.000,05:00,3.2
2025-08-06 06:00:00.000,06:00,3.8
2025-08-06 07:00:00.000,07:00,16.6
2025-08-06 08:00:00.000,08:00,10.2
2025-08-06 09:00:00.000,09:00,10.2
2025-08-06 10:00:00.000,10:00,19.199999999999996
2025-08-06 11:00:00.000,11:00,36.8
2025-08-06 12:00:00.000,12:00,36
2025-08-06 13:00:00.000,13:00,33.4
2025-08-06 14:00:00.000,14:00,10.600000000000001
2025-08-06 15:00:00.000,15:00,11.654545454545454
2025-08-06 16:00:00.000,16:00,8.345454545454546
2025-08-06 17:00:00.000,17:00,2.2
2025-08-06 18:00:00.000,18:00,2
2025-08-06 19:00:00.000,19:00,3
2025-08-06 20:00:00.000,20:00,2
2025-08-06 21:00:00.000,21:00,2.7
2025-08-06 22:00:00.000,22:00,3
2025-08-06 23:00:00.000,23:00,3.3
2025-08-07 00:00:00.000,00:00,3.9000000000000004
2025-08-07 01:00:00.000,01:00,3
2025-08-07 02:00:00.000,02:00,2.1
2025-08-07 03:00:00.000,03:00,4
2025-08-07 04:00:00.000,04:00,2.8
2025-08-07 05:00:00.000,05:00,4
2025-08-07 06:00:00.000,06:00,4
2025-08-07 07:00:00.000,07:00,9.399999999999999
2025-08-07 08:00:00.000,08:00,19.199999999999996
2025-08-07 09:00:00.000,09:00,14.2
2025-08-07 10:00:00.000,10:00,10
2025-08-07 11:00:00.000,11:00,27.6
2025-08-07 12:00:00.000,12:00,22.400000000000002
2025-08-07 13:00:00.000,13:00,17.200000000000003
2025-08-07 14:00:00.000,14:00,9
2025-08-07 15:00:00.000,15:00,12.8
2025-08-07 16:00:00.000,16:00,10
2025-08-07 17:00:00.000,17:00,8.4
2025-08-07 18:00:00.000,18:00,3.8
2025-08-07 19:00:00.000,19:00,3.2
2025-08-07 20:00:00.000,20:00,3
2025-08-07 21:00:00.000,21:00,3.7
2025-08-07 22:00:00.000,22:00,3.3
2025-08-07 23:00:00.000,23:00,4
2025-08-08 00:00:00.000,00:00,2.9000000000000004
2025-08-08 01:00:00.000,01:00,2.1
2025-08-08 02:00:00.000,02:00,2
2025-08-08 03:00:00.000,03:00,2
2025-08-08 04:00:00.000,04:00,3.8
2025-08-08 05:00:00.000,05:00,3
2025-08-08 06:00:00.000,06:00,3
2025-08-08 07:00:00.000,07:00,5.8
2025-08-08 08:00:00.000,08:00,16.2
2025-08-08 09:00:00.000,09:00,10
2025-08-08 10:00:00.000,10:00,10
2025-08-08 11:00:00.000,11:00,27.73846153846154
2025-08-08 12:00:00.000,12:00,36.261538461538464
2025-08-08 13:00:00.000,13:00,36
2025-08-08 14:00:00.000,14:00,28.8
2025-08-08 15:00:00.000,15:00,10
2025-08-08 16:00:00.000,16:00,9.2
2025-08-08 17:00:00.000,17:00,8
2025-08-08 18:00:00.000,18:00,4
2025-08-08 19:00:00.000,19:00,2.1999999999999997
2025-08-08 20:00:00.000,20:00,3
2025-08-08 21:00:00.000,21:00,3
2025-08-08 22:00:00.000,22:00,3.7
2025-08-08 23:00:00.000,23:00,3.3
2025-08-09 00:00:00.000,00:00,2.9000000000000004
2025-08-09 01:00:00.000,01:00,2
2025-08-09 02:00:00.000,02:00,2.1
2025-08-09 03:00:00.000,03:00,2.8
2025-08-09 04:00:00.000,04:00,2
2025-08-09 05:00:00.000,05:00,3
2025-08-09 06:00:00.000,06:00,4.6
2025-08-09 07:00:00.000,07:00,15.4
2025-08-09 08:00:00.000,08:00,10
2025-08-09 09:00:00.000,09:00,9.8
2025-08-09 10:00:00.000,10:00,8
2025-08-09 11:00:00.000,11:00,32.2
2025-08-09 12:00:00.000,12:00,27.2
2025-08-09 13:00:00.000,13:00,30.8
2025-08-09 14:00:00.000,14:00,22
2025-08-09 15:00:00.000,15:00,12.8
2025-08-09 16:00:00.000,16:00,11
2025-08-09 17:00:00.000,17:00,8.2
2025-08-09 18:00:00.000,18:00,2.2
2025-08-09 19:00:00.000,19:00,3.7
2025-08-09 20:00:00.000,20:00,3
2025-08-09 21:00:00.000,21:00,3
2025-08-09 22:00:00.000,22:00,4
2025-08-09 23:00:00.000,23:00,3.3
2025-08-10 00:00:00.000,00:00,3.9000000000000004
2025-08-10 01:00:00.000,01:00,2.1
2025-08-10 02:00:00.000,02:00,2
2025-08-10 03:00:00.000,03:00,2
2025-08-10 04:00:00.000,04:00,2.8
2025-08-10 05:00:00.000,05:00,2.2
2025-08-10 06:00:00.000,06:00,2.8
2025-08-10 07:00:00.000,07:00,13.799999999999997
2025-08-10 08:00:00.000,08:00,10.2
2025-08-10 09:00:00.000,09:00,11
2025-08-10 10:00:00.000,10:00,12.2
2025-08-10 11:00:00.000,11:00,30
2025-08-10 12:00:00.000,12:00,32.8
2025-08-10 13:00:00.000,13:00,35
2025-08-10 14:00:00.000,14:00,19
2025-08-10 15:00:00.000,15:00,9.8
2025-08-10 16:00:00.000,16:00,7.2
2025-08-10 17:00:00.000,17:00,5
2025-08-10 18:00:00.000,18:00,3.9272727272727272
2025-08-10 19:00:00.000,19:00,3.9727272727272727
2025-08-10 20:00:00.000,20:00,2.3
2025-08-10 21:00:00.000,21:00,3.7
2025-08-10 22:00:00.000,22:00,4
2025-08-10 23:00:00.000,23:00,3.3
2025-08-11 00:00:00.000,00:00,2.9000000000000004
2025-08-11 01:00:00.000,01:00,2.55
2025-08-11 02:00:00.000,02:00,1.55
2025-08-11 03:00:00.000,03:00,2
2025-08-11 04:00:00.000,04:00,1.8
2025-08-11 05:00:00.000,05:00,2.2
2025-08-11 06:00:00.000,06:00,5.600000000000001
2025-08-11 07:00:00.000,07:00,18
2025-08-11 08:00:00.000,08:00,8.2
2025-08-11 09:00:00.000,09:00,8.8
2025-08-11 10:00:00.000,10:00,7.2
2025-08-11 11:00:00.000,11:00,27
2025-08-11 12:00:00.000,12:00,33.2
2025-08-11 13:00:00.000,13:00,32.666666666666664
2025-08-11 14:00:00.000,14:00,26.933333333333334
2025-08-11 15:00:00.000,15:00,9.2
2025-08-11 16:00:00.000,16:00,9.8
2025-08-11 17:00:00.000,17:00,6.2
2025-08-11 18:00:00.000,18:00,4.9
2025-08-11 19:00:00.000,19:00,4
2025-08-11 20:00:00.000,20:00,2.3
2025-08-11 21:00:00.000,21:00,4
2025-08-11 22:00:00.000,22:00,3.7
2025-08-11 23:00:00.000,23:00,4.3
2025-08-12 00:00:00.000,00:00,2.9
2025-08-12 01:00:00.000,01:00,2.1
2025-08-12 02:00:00.000,02:00,2
2025-08-12 03:00:00.000,03:00,2
2025-08-12 04:00:00.000,04:00,3
2025-08-12 05:00:00.000,05:00,2
2025-08-12 06:00:00.000,06:00,4.3999999999999995
2025-08-12 07:00:00.000,07:00,15.4
2025-08-12 08:00:00.000,08:00,11
2025-08-12 09:00:00.000,09:00,10
2025-08-12 10:00:00.000,10:00,9.8
2025-08-12 11:00:00.000,11:00,29.200000000000003
2025-08-12 12:00:00.000,12:00,29
2025-08-12 13:00:00.000,13:00,30.2
2025-08-12 14:00:00.000,14:00,15.8
2025-08-12 15:00:00.000,15:00,12
2025-08-12 16:00:00.000,16:00,8.8
2025-08-12 17:00:00.000,17:00,6.4
2025-08-12 18:00:00.000,18:00,4
2025-08-12 19:00:00.000,19:00,3
2025-08-12 20:00:00.000,20:00,4.7
2025-08-12 21:00:00.000,21:00,4
2025-08-12 22:00:00.000,22:00,3.3
2025-08-12 23:00:00.000,23:00,5
2025-08-13 00:00:00.000,00:00,2.9
2025-08-13 01:00:00.000,01:00,3
2025-08-13 02:00:00.000,02:00,2.918181818181818
2025-08-13 03:00:00.000,03:00,3.1818181818181817
2025-08-13 04:00:00.000,04:00,2.8
2025-08-13 05:00:00.000,05:00,2.2
2025-08-13 06:00:00.000,06:00,3.8
2025-08-13 07:00:00.000,07:00,16.6
2025-08-13 08:00:00.000,08:00,10.2
2025-08-13 09:00:00.000,09:00,11
2025-08-13 10:00:00.000,10:00,9.2
2025-08-13 11:00:00.000,11:00,22.2
2025-08-13 12:00:00.000,12:00,32.6
2025-08-13 13:00:00.000,13:00,31.200000000000003
2025-08-13 14:00:00.000,14:00,8.927272727272728
2025-08-13 15:00:00.000,15:00,8.272727272727273
2025-08-13 16:00:00.000,16:00,11.6
2025-08-13 17:00:00.000,17:00,6.4
2025-08-13 18:00:00.000,18:00,4
2025-08-13 19:00:00.000,19:00,3
2025-08-13 20:00:00.000,20:00,3
2025-08-13 21:00:00.000,21:00,3
2025-08-13 22:00:00.000,22:00,3.7
2025-08-13 23:00:00.000,23:00,4.3
2025-08-14 00:00:00.000,00:00,1.9
2025-08-14 01:00:00.000,01:00,2.1
2025-08-14 02:00:00.000,02:00,2
2025-08-14 03:00:00.000,03:00,2.8
2025-08-14 04:00:00.000,04:00,2.2
2025-08-14 05:00:00.000,05:00,2
2025-08-14 06:00:00.000,06:00,2.8
2025-08-14 07:00:00.000,07:00,16.4
2025-08-14 08:00:00.000,08:00,10.2
2025-08-14 09:00:00.000,09:00,15.399999999999999
2025-08-14 10:00:00.000,10:00,8
2025-08-14 11:00:00.000,11:00,30.4
2025-08-14 12:00:00.000,12:00,33.599999999999994
2025-08-14 13:00:00.000,13:00,34
2025-08-14 14:00:00.000,14:00,28
2025-08-14 15:00:00.000,15:00,7.927272727272728
2025-08-14 16:00:00.000,16:00,7.972727272727273
2025-08-14 17:00:00.000,17:00,7
2025-08-14 18:00:00.000,18:00,4
2025-08-14 19:00:00.000,19:00,5
2025-08-14 20:00:00.000,20:00,3.3
2025-08-14 21:00:00.000,21:00,3.7
2025-08-14 22:00:00.000,22:00,4
2025-08-14 23:00:00.000,23:00,4.3
2025-08-15 00:00:00.000,00:00,4.9
2025-08-15 01:00:00.000,01:00,3.1
2025-08-15 02:00:00.000,02:00,3
2025-08-15 03:00:00.000,03:00,3.8
2025-08-15 04:00:00.000,04:00,3.2
2025-08-15 05:00:00.000,05:00,3
2025-08-15 06:00:00.000,06:00,2.8
2025-08-15 07:00:00.000,07:00,13.799999999999999
2025-08-15 08:00:00.000,08:00,11
2025-08-15 09:00:00.000,09:00,8.2
2025-08-15 10:00:00.000,10:00,12.2
2025-08-15 11:00:00.000,11:00,32.8
2025-08-15 12:00:00.000,12:00,31
2025-08-15 13:00:00.000,13:00,31.2
2025-08-15 14:00:00.000,14:00,22.454545454545453
2025-08-15 15:00:00.000,15:00,11.945454545454545
2025-08-15 16:00:00.000,16:00,12
2025-08-15 17:00:00.000,17:00,10
2025-08-15 18:00:00.000,18:00,5.3
2025-08-15 19:00:00.000,19:00,3.3
2025-08-15 20:00:00.000,20:00,3.7
2025-08-15 21:00:00.000,21:00,4
2025-08-15 22:00:00.000,22:00,5
2025-08-15 23:00:00.000,23:00,3.3
2025-08-16 00:00:00.000,00:00,3.9000000000000004
2025-08-16 01:00:00.000,01:00,3
2025-08-16 02:00:00.000,02:00,2.9000000000000004
2025-08-16 03:00:00.000,03:00,3
2025-08-16 04:00:00.000,04:00,3
2025-08-16 05:00:00.000,05:00,2.2
2025-08-16 06:00:00.000,06:00,4.6
2025-08-16 07:00:00.000,07:00,14.2
2025-08-16 08:00:00.000,08:00,9.8
2025-08-16 09:00:00.000,09:00,8.2
2025-08-16 10:00:00.000,10:00,6
2025-08-16 11:00:00.000,11:00,28.2
2025-08-16 12:00:00.000,12:00,32
2025-08-16 13:00:00.000,13:00,32
2025-08-16 14:00:00.000,14:00,24.4
2025-08-16 15:00:00.000,15:00,10.155555555555555
2025-08-16 16:00:00.000,16:00,9.244444444444444
2025-08-16 17:00:00.000,17:00,2.9000000000000004
2025-08-16 18:00:00.000,18:00,3.3
2025-08-16 19:00:00.000,19:00,3
2025-08-16 20:00:00.000,20:00,3
2025-08-16 21:00:00.000,21:00,3.7
2025-08-16 22:00:00.000,22:00,3
2025-08-16 23:00:00.000,23:00,4.3
2025-08-17 00:00:00.000,00:00,1.9
2025-08-17 01:00:00.000,01:00,2.1
2025-08-17 02:00:00.000,02:00,1.8
2025-08-17 03:00:00.000,03:00,3
2025-08-17 04:00:00.000,04:00,2
2025-08-17 05:00:00.000,05:00,2
2025-08-17 06:00:00.000,06:00,2
2025-08-17 07:00:00.000,07:00,12.8
2025-08-17 08:00:00.000,08:00,9
2025-08-17 09:00:00.000,09:00,11
2025-08-17 10:00:00.000,10:00,7
2025-08-17 11:00:00.000,11:00,26.2
2025-08-17 12:00:00.000,12:00,30.6
2025-08-17 13:00:00.000,13:00,32.599999999999994
2025-08-17 14:00:00.000,14:00,25.6
2025-08-17 15:00:00.000,15:00,11.799999999999999
2025-08-17 16:00:00.000,16:00,12
2025-08-17 17:00:00.000,17:00,9.3
2025-08-17 18:00:00.000,18:00,6
2025-08-17 19:00:00.000,19:00,3.3
2025-08-17 20:00:00.000,20:00,2.7
2025-08-17 21:00:00.000,21:00,4
2025-08-17 22:00:00.000,22:00,3.3
2025-08-17 23:00:00.000,23:00,3
2025-08-18 00:00:00.000,00:00,1.8999999999999997
2025-08-18 01:00:00.000,01:00,2.1
2025-08-18 02:00:00.000,02:00,2
2025-08-18 03:00:00.000,03:00,2.8
2025-08-18 04:00:00.000,04:00,2
2025-08-18 05:00:00.000,05:00,2.2
2025-08-18 06:00:00.000,06:00,2
2025-08-18 07:00:00.000,07:00,11.600000000000001
2025-08-18 08:00:00.000,08:00,6.199999999999999
2025-08-18 09:00:00.000,09:00,8.6
2025-08-18 10:00:00.000,10:00,18.199999999999996
2025-08-18 11:00:00.000,11:00,27.4
2025-08-18 12:00:00.000,12:00,36.8
2025-08-18 13:00:00.000,13:00,34.8
2025-08-18 14:00:00.000,14:00,16.2
2025-08-18 15:00:00.000,15:00,5.9
2025-08-18 16:00:00.000,16:00,6.3
2025-08-18 17:00:00.000,17:00,4.7
2025-08-18 18:00:00.000,18:00,3.3
2025-08-18 19:00:00.000,19:00,4
2025-08-18 20:00:00.000,20:00,3
2025-08-18 21:00:00.000,21:00,4
2025-08-18 22:00:00.000,22:00,3.7
2025-08-18 23:00:00.000,23:00,4.3
2025-08-19 00:00:00.000,00:00,1.9999999999999998
2025-08-19 01:00:00.000,01:00,2
2025-08-19 02:00:00.000,02:00,2
2025-08-19 03:00:00.000,03:00,2
2025-08-19 04:00:00.000,04:00,2.8
2025-08-19 05:00:00.000,05:00,2.2
2025-08-19 06:00:00.000,06:00,2
2025-08-19 07:00:00.000,07:00,14.399999999999999
2025-08-19 08:00:00.000,08:00,11
2025-08-19 09:00:00.000,09:00,9.4
2025-08-19 10:00:00.000,10:00,8
2025-08-19 11:00:00.000,11:00,21.4
2025-08-19 12:00:00.000,12:00,31.8
2025-08-19 13:00:00.000,13:00,31.4
2025-08-19 14:00:00.000,14:00,24.400000000000002
2025-08-19 15:00:00.000,15:00,17.65454545454545
2025-08-19 16:00:00.000,16:00,13
2025-08-19 17:00:00.000,17:00,8.245454545454546
2025-08-19 18:00:00.000,18:00,3
2025-08-19 19:00:00.000,19:00,2.3
2025-08-19 20:00:00.000,20:00,3.7
2025-08-19 21:00:00.000,21:00,3
2025-08-19 22:00:00.000,22:00,3.3
2025-08-19 23:00:00.000,23:00,4
2025-08-20 00:00:00.000,00:00,2
2025-08-20 01:00:00.000,01:00,2
2025-08-20 02:00:00.000,02:00,2.8000000000000007
2025-08-20 03:00:00.000,03:00,2.2
2025-08-20 04:00:00.000,04:00,3
2025-08-20 05:00:00.000,05:00,2.8
2025-08-20 06:00:00.000,06:00,3
2025-08-20 07:00:00.000,07:00,11.2
2025-08-20 08:00:00.000,08:00,7.800000000000001
2025-08-20 09:00:00.000,09:00,9.8
2025-08-20 10:00:00.000,10:00,11.4
2025-08-20 11:00:00.000,11:00,26.799999999999997
2025-08-20 12:00:00.000,12:00,29.6
2025-08-20 13:00:00.000,13:00,29.599999999999998
2025-08-20 14:00:00.000,14:00,18.6
2025-08-20 15:00:00.000,15:00,10.177777777777777
2025-08-20 16:00:00.000,16:00,5.9222222222222225
2025-08-20 17:00:00.000,17:00,4
2025-08-20 18:00:00.000,18:00,3
2025-08-20 19:00:00.000,19:00,2.3
2025-08-20 20:00:00.000,20:00,2.7
2025-08-20 21:00:00.000,21:00,3.3
2025-08-20 22:00:00.000,22:00,3.7
2025-08-20 23:00:00.000,23:00,4.3
2025-08-21 00:00:00.000,00:00,3.9000000000000004
2025-08-21 01:00:00.000,01:00,4
2025-08-21 02:00:00.000,02:00,2.1
2025-08-21 03:00:00.000,03:00,3
2025-08-21 04:00:00.000,04:00,3.8
2025-08-21 05:00:00.000,05:00,3
2025-08-21 06:00:00.000,06:00,4.6
2025-08-21 07:00:00.000,07:00,14.400000000000002
2025-08-21 08:00:00.000,08:00,10
2025-08-21 09:00:00.000,09:00,12.8
2025-08-21 10:00:00.000,10:00,8.2
2025-08-21 11:00:00.000,11:00,28
2025-08-21 12:00:00.000,12:00,30.2
2025-08-21 13:00:00.000,13:00,29.799999999999997
2025-08-21 14:00:00.000,14:00,31
2025-08-21 15:00:00.000,15:00,11.8
2025-08-21 16:00:00.000,16:00,11.854545454545455
2025-08-21 17:00:00.000,17:00,7.245454545454545
2025-08-21 18:00:00.000,18:00,3
2025-08-21 19:00:00.000,19:00,2.3
2025-08-21 20:00:00.000,20:00,3
2025-08-21 21:00:00.000,21:00,3
2025-08-21 22:00:00.000,22:00,3
2025-08-21 23:00:00.000,23:00,4
2025-08-22 00:00:00.000,00:00,2
2025-08-22 01:00:00.000,01:00,1.9
2025-08-22 02:00:00.000,02:00,2.9
2025-08-22 03:00:00.000,03:00,2
2025-08-22 04:00:00.000,04:00,2
2025-08-22 05:00:00.000,05:00,3
2025-08-22 06:00:00.000,06:00,4.4
2025-08-22 07:00:00.000,07:00,14.399999999999999
2025-08-22 08:00:00.000,08:00,10
2025-08-22 09:00:00.000,09:00,12
2025-08-22 10:00:00.000,10:00,9.2
2025-08-22 11:00:00.000,11:00,30.2
2025-08-22 12:00:00.000,12:00,27.8
2025-08-22 13:00:00.000,13:00,32
2025-08-22 14:00:00.000,14:00,19
2025-08-22 15:00:00.000,15:00,8.755555555555555
2025-08-22 16:00:00.000,16:00,7.171717171717171
2025-08-22 17:00:00.000,17:00,4.972727272727273
2025-08-22 18:00:00.000,18:00,2.3
2025-08-22 19:00:00.000,19:00,2
2025-08-22 20:00:00.000,20:00,3.7
2025-08-22 21:00:00.000,21:00,2.3
2025-08-22 22:00:00.000,22:00,3.7
2025-08-22 23:00:00.000,23:00,3.3
2025-08-23 00:00:00.000,00:00,2
2025-08-23 01:00:00.000,01:00,3.9
2025-08-23 02:00:00.000,02:00,3
2025-08-23 03:00:00.000,03:00,2.9461538461538463
2025-08-23 04:00:00.000,04:00,3.953846153846154
2025-08-23 05:00:00.000,05:00,3.2
2025-08-23 06:00:00.000,06:00,3.8
2025-08-23 07:00:00.000,07:00,9.4
2025-08-23 08:00:00.000,08:00,13.600000000000001
2025-08-23 09:00:00.000,09:00,9
2025-08-23 10:00:00.000,10:00,8.8
2025-08-23 11:00:00.000,11:00,29.763636363636362
2025-08-23 12:00:00.000,12:00,31.636363636363637
2025-08-23 13:00:00.000,13:00,33.8
2025-08-23 14:00:00.000,14:00,12.8
2025-08-23 15:00:00.000,15:00,11.8
2025-08-23 16:00:00.000,16:00,15.7
2025-08-23 17:00:00.000,17:00,9.6
2025-08-23 18:00:00.000,18:00,5
2025-08-23 19:00:00.000,19:00,3.3
2025-08-23 20:00:00.000,20:00,3
2025-08-23 21:00:00.000,21:00,2.7
2025-08-23 22:00:00.000,22:00,3.3
2025-08-23 23:00:00.000,23:00,3
2025-08-24 00:00:00.000,00:00,2.95
2025-08-24 01:00:00.000,01:00,2.05
2025-08-24 02:00:00.000,02:00,2.95
2025-08-24 03:00:00.000,03:00,2.05
2025-08-24 04:00:00.000,04:00,3
2025-08-24 05:00:00.000,05:00,3
2025-08-24 06:00:00.000,06:00,3.8
2025-08-24 07:00:00.000,07:00,13.6
2025-08-24 08:00:00.000,08:00,6.3999999999999995
2025-08-24 09:00:00.000,09:00,7
2025-08-24 10:00:00.000,10:00,7
2025-08-24 11:00:00.000,11:00,28.2
2025-08-24 12:00:00.000,12:00,30
2025-08-24 13:00:00.000,13:00,21.2
2025-08-24 14:00:00.000,14:00,21.400000000000002
2025-08-24 15:00:00.000,15:00,9
2025-08-24 16:00:00.000,16:00,11.8
2025-08-24 17:00:00.000,17:00,8.299999999999999
2025-08-24 18:00:00.000,18:00,4
2025-08-24 19:00:00.000,19:00,3
2025-08-24 20:00:00.000,20:00,2.3
2025-08-24 21:00:00.000,21:00,3.7
2025-08-24 22:00:00.000,22:00,3.3
2025-08-24 23:00:00.000,23:00,3
2025-08-25 00:00:00.000,00:00,2
2025-08-25 01:00:00.000,01:00,2
2025-08-25 02:00:00.000,02:00,2
2025-08-25 03:00:00.000,03:00,2
2025-08-25 04:00:00.000,04:00,3
2025-08-25 05:00:00.000,05:00,3
2025-08-25 06:00:00.000,06:00,2.8
2025-08-25 07:00:00.000,07:00,13
2025-08-25 08:00:00.000,08:00,10
2025-08-25 09:00:00.000,09:00,10
2025-08-25 10:00:00.000,10:00,9
2025-08-25 11:00:00.000,11:00,23.8
2025-08-25 12:00:00.000,12:00,30.4
2025-08-25 13:00:00.000,13:00,28.2
2025-08-25 14:00:00.000,14:00,12.600000000000001
2025-08-25 15:00:00.000,15:00,8.8
2025-08-25 16:00:00.000,16:00,10.1
2025-08-25 17:00:00.000,17:00,3.3
2025-08-25 18:00:00.000,18:00,3
2025-08-25 19:00:00.000,19:00,2.7
2025-08-25 20:00:00.000,20:00,2.3
2025-08-25 21:00:00.000,21:00,3
2025-08-25 22:00:00.000,22:00,3.7
2025-08-25 23:00:00.000,23:00,2.3
2025-08-26 00:00:00.000,00:00,2
2025-08-26 01:00:00.000,01:00,2.9
2025-08-26 02:00:00.000,02:00,2.1
2025-08-26 03:00:00.000,03:00,2.8
2025-08-26 04:00:00.000,04:00,2
2025-08-26 05:00:00.000,05:00,2.2
2025-08-26 06:00:00.000,06:00,4.4
2025-08-26 07:00:00.000,07:00,12.4
2025-08-26 08:00:00.000,08:00,11.399999999999999
2025-08-26 09:00:00.000,09:00,11.4
2025-08-26 10:00:00.000,10:00,7.2
2025-08-26 11:00:00.000,11:00,25.08235294117647
2025-08-26 12:00:00.000,12:00,26.517647058823528
2025-08-26 13:00:00.000,13:00,22.8
2025-08-26 14:00:00.000,14:00,28.8
2025-08-26 15:00:00.000,15:00,22.4
2025-08-26 16:00:00.000,16:00,11.2
2025-08-26 17:00:00.000,17:00,8.100000000000001
2025-08-26 18:00:00.000,18:00,5.3
2025-08-26 19:00:00.000,19:00,3
2025-08-26 20:00:00.000,20:00,3
2025-08-26 21:00:00.000,21:00,4
2025-08-26 22:00:00.000,22:00,3.7
2025-08-26 23:00:00.000,23:00,3.3
2025-08-27 00:00:00.000,00:00,2
2025-08-27 01:00:00.000,01:00,2
2025-08-27 02:00:00.000,02:00,3
2025-08-27 03:00:00.000,03:00,2
2025-08-27 04:00:00.000,04:00,2.8
2025-08-27 05:00:00.000,05:00,3
2025-08-27 06:00:00.000,06:00,3
2025-08-27 07:00:00.000,07:00,3
2025-08-27 08:00:00.000,08:00,12.8
2025-08-27 09:00:00.000,09:00,11
2025-08-27 10:00:00.000,10:00,10.200000000000001
2025-08-27 11:00:00.000,11:00,25
2025-08-27 12:00:00.000,12:00,32.2
2025-08-27 13:00:00.000,13:00,32
2025-08-27 14:00:00.000,14:00,24.6
2025-08-27 15:00:00.000,15:00,8.1
2025-08-27 16:00:00.000,16:00,12.4
2025-08-27 17:00:00.000,17:00,9.3
2025-08-27 18:00:00.000,18:00,5.6
2025-08-27 19:00:00.000,19:00,3
2025-08-27 20:00:00.000,20:00,3
2025-08-27 21:00:00.000,21:00,2.7
2025-08-27 22:00:00.000,22:00,2.3
2025-08-27 23:00:00.000,23:00,3
2025-08-28 00:00:00.000,00:00,2
2025-08-28 01:00:00.000,01:00,3
2025-08-28 02:00:00.000,02:00,2
2025-08-28 03:00:00.000,03:00,2
2025-08-28 04:00:00.000,04:00,2.8
2025-08-28 05:00:00.000,05:00,2.2
2025-08-28 06:00:00.000,06:00,2.8
2025-08-28 07:00:00.000,07:00,12
2025-08-28 08:00:00.000,08:00,9
2025-08-28 09:00:00.000,09:00,20.8
2025-08-28 10:00:00.000,10:00,11
2025-08-28 11:00:00.000,11:00,27.2
2025-08-28 12:00:00.000,12:00,29.2
2025-08-28 13:00:00.000,13:00,31
2025-08-28 14:00:00.000,14:00,29.8
2025-08-28 15:00:00.000,15:00,16.799999999999997
2025-08-28 16:00:00.000,16:00,11.8
2025-08-28 17:00:00.000,17:00,9.299999999999999
2025-08-28 18:00:00.000,18:00,8
2025-08-28 19:00:00.000,19:00,7
2025-08-28 20:00:00.000,20:00,5
2025-08-28 21:00:00.000,21:00,6
2025-08-28 22:00:00.000,22:00,6
2025-08-28 23:00:00.000,23:00,6.3
2025-08-29 00:00:00.000,00:00,4.9
2025-08-29 01:00:00.000,01:00,7
2025-08-29 02:00:00.000,02:00,4.8999999999999995
2025-08-29 03:00:00.000,03:00,5
2025-08-29 04:00:00.000,04:00,6
2025-08-29 05:00:00.000,05:00,5.8
2025-08-29 06:00:00.000,06:00,6.4
2025-08-29 07:00:00.000,07:00,10.2
2025-08-29 08:00:00.000,08:00,9.4
2025-08-29 09:00:00.000,09:00,9.955555555555556
2025-08-29 10:00:00.000,10:00,9.044444444444444
2025-08-29 11:00:00.000,11:00,28.2
2025-08-29 12:00:00.000,12:00,29.866666666666667
2025-08-29 13:00:00.000,13:00,33.13333333333333
2025-08-29 14:00:00.000,14:00,15.799999999999999
2025-08-29 15:00:00.000,15:00,6.800000000000001
2025-08-29 16:00:00.000,16:00,8.299999999999999
2025-08-29 17:00:00.000,17:00,6
2025-08-29 18:00:00.000,18:00,4
2025-08-29 19:00:00.000,19:00,4
2025-08-29 20:00:00.000,20:00,3.3
2025-08-29 21:00:00.000,21:00,3
2025-08-29 22:00:00.000,22:00,3.7
2025-08-29 23:00:00.000,23:00,2.3
2025-08-30 00:00:00.000,00:00,3
2025-08-30 01:00:00.000,01:00,2.9
2025-08-30 02:00:00.000,02:00,2.9000000000000004
2025-08-30 03:00:00.000,03:00,4
2025-08-30 04:00:00.000,04:00,3
2025-08-30 05:00:00.000,05:00,3
2025-08-30 06:00:00.000,06:00,3
2025-08-30 07:00:00.000,07:00,5.2
2025-08-30 08:00:00.000,08:00,8.4
2025-08-30 09:00:00.000,09:00,14.2
2025-08-30 10:00:00.000,10:00,19.8
2025-08-30 11:00:00.000,11:00,31.6
2025-08-30 12:00:00.000,12:00,33
2025-08-30 13:00:00.000,13:00,32
2025-08-30 14:00:00.000,14:00,16.8
2025-08-30 15:00:00.000,15:00,12.6
2025-08-30 16:00:00.000,16:00,12.299999999999999
2025-08-30 17:00:00.000,17:00,8
2025-08-30 18:00:00.000,18:00,3.3
2025-08-30 19:00:00.000,19:00,2.7
2025-08-30 20:00:00.000,20:00,3.3
2025-08-30 21:00:00.000,21:00,3.7
2025-08-30 22:00:00.000,22:00,3
2025-08-30 23:00:00.000,23:00,3.3
2025-08-31 00:00:00.000,00:00,2
2025-08-31 01:00:00.000,01:00,2.9
2025-08-31 02:00:00.000,02:00,2.9
2025-08-31 03:00:00.000,03:00,2.2
2025-08-31 04:00:00.000,04:00,2.8
2025-08-31 05:00:00.000,05:00,2.2
2025-08-31 06:00:00.000,06:00,3
2025-08-31 07:00:00.000,07:00,10.6
2025-08-31 08:00:00.000,08:00,28.2
2025-08-31 09:00:00.000,09:00,31.8
2025-08-31 10:00:00.000,10:00,26.4
2025-08-31 11:00:00.000,11:00,26
2025-08-31 12:00:00.000,12:00,34
2025-08-31 13:00:00.000,13:00,30.8
2025-08-31 14:00:00.000,14:00,18.755555555555556
2025-08-31 15:00:00.000,15:00,12.544444444444444
2025-08-31 16:00:00.000,16:00,16.3
2025-08-31 17:00:00.000,17:00,13.299999999999999
2025-08-31 18:00:00.000,18:00,11
2025-08-31 19:00:00.000,19:00,10
2025-08-31 20:00:00.000,20:00,7
2025-08-31 21:00:00.000,21:00,4
2025-08-31 22:00:00.000,22:00,3
2025-08-31 23:00:00.000,23:00,3.3
2025-09-01 00:00:00.000,00:00,3
2025-09-01 01:00:00.000,01:00,3
2025-09-01 02:00:00.000,02:00,3.8
2025-09-01 03:00:00.000,03:00,3
2025-09-01 04:00:00.000,04:00,3
2025-09-01 05:00:00.000,05:00,3
2025-09-01 06:00:00.000,06:00,2.2
2025-09-01 07:00:00.000,07:00,2.8
2025-09-01 08:00:00.000,08:00,15.4
2025-09-01 09:00:00.000,09:00,34
2025-09-01 10:00:00.000,10:00,32.6
2025-09-01 11:00:00.000,11:00,19
2025-09-01 12:00:00.000,12:00,10
2025-09-01 13:00:00.000,13:00,9.8
2025-09-01 14:00:00.000,14:00,12.2
2025-09-01 15:00:00.000,15:00,10.8
2025-09-01 16:00:00.000,16:00,19.2
2025-09-01 17:00:00.000,17:00,24.4
2025-09-01 18:00:00.000,18:00,32
2025-09-01 19:00:00.000,19:00,9.5
2025-09-01 20:00:00.000,20:00,7
2025-09-01 21:00:00.000,21:00,6.300000000000001
2025-09-01 22:00:00.000,22:00,4
2025-09-01 23:00:00.000,23:00,3
2025-09-02 00:00:00.000,00:00,3.9
2025-09-02 01:00:00.000,01:00,3.55
2025-09-02 02:00:00.000,02:00,2.5500000000000003
2025-09-02 03:00:00.000,03:00,3.8
2025-09-02 04:00:00.000,04:00,3
2025-09-02 05:00:00.000,05:00,3.2
2025-09-02 06:00:00.000,06:00,3.8
2025-09-02 07:00:00.000,07:00,3
2025-09-02 08:00:00.000,08:00,4
2025-09-02 09:00:00.000,09:00,10.8
2025-09-02 10:00:00.000,10:00,21.6
2025-09-02 11:00:00.000,11:00,23.2
2025-09-02 12:00:00.000,12:00,21.6
2025-09-02 13:00:00.000,13:00,23.2
2025-09-02 14:00:00.000,14:00,17.98181818181818
2025-09-02 15:00:00.000,15:00,18
2025-09-02 16:00:00.000,16:00,11.218181818181819
2025-09-02 17:00:00.000,17:00,7.3
2025-09-02 18:00:00.000,18:00,6
2025-09-02 19:00:00.000,19:00,16
2025-09-02 20:00:00.000,20:00,6
2025-09-02 21:00:00.000,21:00,6
2025-09-02 22:00:00.000,22:00,5.65
2025-09-02 23:00:00.000,23:00,5.6499999999999995
2025-09-03 00:00:00.000,00:00,2
2025-09-03 01:00:00.000,01:00,2.9
2025-09-03 02:00:00.000,02:00,2.1
2025-09-03 03:00:00.000,03:00,3
2025-09-03 04:00:00.000,04:00,2.8
2025-09-03 05:00:00.000,05:00,2.2
2025-09-03 06:00:00.000,06:00,2.8
2025-09-03 07:00:00.000,07:00,10.6
2025-09-03 08:00:00.000,08:00,10.2
2025-09-03 09:00:00.000,09:00,9.2
2025-09-03 10:00:00.000,10:00,8
2025-09-03 11:00:00.000,11:00,6.4
2025-09-03 12:00:00.000,12:00,26.2
2025-09-03 13:00:00.000,13:00,11.600000000000001
2025-09-03 14:00:00.000,14:00,5.6
2025-09-03 15:00:00.000,15:00,8.127272727272727
2025-09-03 16:00:00.000,16:00,4.2727272727272725
2025-09-03 17:00:00.000,17:00,2
2025-09-03 18:00:00.000,18:00,2
2025-09-03 19:00:00.000,19:00,1
2025-09-03 20:00:00.000,20:00,2
2025-09-03 21:00:00.000,21:00,2
2025-09-03 22:00:00.000,22:00,2
2025-09-03 23:00:00.000,23:00,1
2025-09-04 00:00:00.000,00:00,1.9
2025-09-04 01:00:00.000,01:00,1.1
2025-09-04 02:00:00.000,02:00,2.8
2025-09-04 03:00:00.000,03:00,1.2
2025-09-04 04:00:00.000,04:00,2
2025-09-04 05:00:00.000,05:00,1
2025-09-04 06:00:00.000,06:00,2
2025-09-04 07:00:00.000,07:00,2
2025-09-04 08:00:00.000,08:00,8.6
2025-09-04 09:00:00.000,09:00,11.2
2025-09-04 10:00:00.000,10:00,17
2025-09-04 11:00:00.000,11:00,24.2
2025-09-04 12:00:00.000,12:00,28.8
2025-09-04 13:00:00.000,13:00,8
2025-09-04 14:00:00.000,14:00,5
2025-09-04 15:00:00.000,15:00,2.2
2025-09-04 16:00:00.000,16:00,1.7
2025-09-04 17:00:00.000,17:00,1
2025-09-04 18:00:00.000,18:00,1
2025-09-04 19:00:00.000,19:00,2
2025-09-04 20:00:00.000,20:00,1.3
2025-09-04 21:00:00.000,21:00,2.7
2025-09-04 22:00:00.000,22:00,1.3
2025-09-04 23:00:00.000,23:00,2
2025-09-05 00:00:00.000,00:00,1.9
2025-09-05 01:00:00.000,01:00,2.1
2025-09-05 02:00:00.000,02:00,2.8
2025-09-05 03:00:00.000,03:00,2
2025-09-05 04:00:00.000,04:00,3
2025-09-05 05:00:00.000,05:00,3
2025-09-05 06:00:00.000,06:00,2
2025-09-05 07:00:00.000,07:00,3
2025-09-05 08:00:00.000,08:00,7.3999999999999995
2025-09-05 09:00:00.000,09:00,12.4
2025-09-05 10:00:00.000,10:00,9
2025-09-05 11:00:00.000,11:00,23.4
2025-09-05 12:00:00.000,12:00,21.8
2025-09-05 13:00:00.000,13:00,6.2
2025-09-05 14:00:00.000,14:00,4.699999999999999
2025-09-05 15:00:00.000,15:00,5
2025-09-05 16:00:00.000,16:00,7
2025-09-05 17:00:00.000,17:00,2
2025-09-05 18:00:00.000,18:00,1.3
2025-09-05 19:00:00.000,19:00,1
2025-09-05 20:00:00.000,20:00,2
2025-09-05 21:00:00.000,21:00,2
2025-09-05 22:00:00.000,22:00,1.7
2025-09-05 23:00:00.000,23:00,2.3
2025-09-06 00:00:00.000,00:00,2
2025-09-06 01:00:00.000,01:00,2
2025-09-06 02:00:00.000,02:00,2
2025-09-06 03:00:00.000,03:00,3
2025-09-06 04:00:00.000,04:00,2.4
2025-09-06 05:00:00.000,05:00,2.3999999999999995
2025-09-06 06:00:00.000,06:00,3
2025-09-06 07:00:00.000,07:00,11.600000000000001
2025-09-06 08:00:00.000,08:00,15.599999999999998
2025-09-06 09:00:00.000,09:00,12.6
2025-09-06 10:00:00.000,10:00,10.2
2025-09-06 11:00:00.000,11:00,28.4
2025-09-06 12:00:00.000,12:00,25.2
2025-09-06 13:00:00.000,13:00,6.4
2025-09-06 14:00:00.000,14:00,7
2025-09-06 15:00:00.000,15:00,3.977777777777778
2025-09-06 16:00:00.000,16:00,2.2222222222222223
2025-09-06 17:00:00.000,17:00,2
2025-09-06 18:00:00.000,18:00,1
2025-09-06 19:00:00.000,19:00,2
2025-09-06 20:00:00.000,20:00,1
2025-09-06 21:00:00.000,21:00,2
2025-09-06 22:00:00.000,22:00,2
2025-09-06 23:00:00.000,23:00,1
2025-09-07 00:00:00.000,00:00,1.9
2025-09-07 01:00:00.000,01:00,2
2025-09-07 02:00:00.000,02:00,1.1
2025-09-07 03:00:00.000,03:00,1
2025-09-07 04:00:00.000,04:00,1.8
2025-09-07 05:00:00.000,05:00,1.2
2025-09-07 06:00:00.000,06:00,2
2025-09-07 07:00:00.000,07:00,1.8
2025-09-07 08:00:00.000,08:00,13.6
2025-09-07 09:00:00.000,09:00,16
2025-09-07 10:00:00.000,10:00,15.600000000000003
2025-09-07 11:00:00.000,11:00,27.18181818181818
2025-09-07 12:00:00.000,12:00,7.310209153033753
2025-09-07 13:00:00.000,13:00,6.833712984054669
2025-09-07 14:00:00.000,14:00,6.833712984054669
2025-09-07 15:00:00.000,15:00,6.833712984054669
2025-09-07 16:00:00.000,16:00,6.833712984054669
2025-09-07 17:00:00.000,17:00,6.833712984054669
2025-09-07 18:00:00.000,18:00,6.833712984054669
2025-09-07 19:00:00.000,19:00,6.833712984054669
2025-09-07 20:00:00.000,20:00,6.833712984054669
2025-09-07 21:00:00.000,21:00,6.833712984054669
2025-09-07 22:00:00.000,22:00,6.833712984054669
2025-09-07 23:00:00.000,23:00,6.833712984054669
2025-09-08 00:00:00.000,00:00,6.833712984054669
2025-09-08 01:00:00.000,01:00,6.833712984054669
2025-09-08 02:00:00.000,02:00,6.833712984054669
2025-09-08 03:00:00.000,03:00,6.833712984054669
2025-09-08 04:00:00.000,04:00,6.833712984054669
2025-09-08 05:00:00.000,05:00,6.833712984054669
2025-09-08 06:00:00.000,06:00,6.833712984054669
2025-09-08 07:00:00.000,07:00,6.833712984054669
2025-09-08 08:00:00.000,08:00,6.833712984054669
2025-09-08 09:00:00.000,09:00,6.833712984054669
2025-09-08 10:00:00.000,10:00,9.9
2025-09-08 11:00:00.000,11:00,19.7
2025-09-08 12:00:00.000,12:00,12.200000000000001
2025-09-08 13:00:00.000,13:00,8.8
2025-09-08 14:00:00.000,14:00,3.4
2025-09-08 15:00:00.000,15:00,4.8
2025-09-08 16:00:00.000,16:00,4
2025-09-08 17:00:00.000,17:00,2.2
2025-09-08 18:00:00.000,18:00,2
2025-09-08 19:00:00.000,19:00,1.8
2025-09-08 20:00:00.000,20:00,2.2
2025-09-08 21:00:00.000,21:00,1.8
2025-09-08 22:00:00.000,22:00,1.2
2025-09-08 23:00:00.000,23:00,2
2025-09-09 00:00:00.000,00:00,2
2025-09-09 01:00:00.000,01:00,2
2025-09-09 02:00:00.000,02:00,2.8181818181818183
2025-09-09 03:00:00.000,03:00,2.9818181818181815
2025-09-09 04:00:00.000,04:00,2.2
2025-09-09 05:00:00.000,05:00,2.8
2025-09-09 06:00:00.000,06:00,3.2
2025-09-09 07:00:00.000,07:00,7.2
2025-09-09 08:00:00.000,08:00,17.2
2025-09-09 09:00:00.000,09:00,21.200000000000003
2025-09-09 10:00:00.000,10:00,16
2025-09-09 11:00:00.000,11:00,28.4
2025-09-09 12:00:00.000,12:00,32
2025-09-09 13:00:00.000,13:00,11
2025-09-09 14:00:00.000,14:00,7.8
2025-09-09 15:00:00.000,15:00,7
2025-09-09 16:00:00.000,16:00,5
2025-09-09 17:00:00.000,17:00,3.2
2025-09-09 18:00:00.000,18:00,1
2025-09-09 19:00:00.000,19:00,2
2025-09-09 20:00:00.000,20:00,2.7
2025-09-09 21:00:00.000,21:00,1.925
2025-09-09 22:00:00.000,22:00,2.225
2025-09-09 23:00:00.000,23:00,1.15
2025-09-10 00:00:00.000,00:00,3
2025-09-10 01:00:00.000,01:00,2.9
2025-09-10 02:00:00.000,02:00,2.1
2025-09-10 03:00:00.000,03:00,3.8
2025-09-10 04:00:00.000,04:00,2.2
2025-09-10 05:00:00.000,05:00,3.8
2025-09-10 06:00:00.000,06:00,7.6
2025-09-10 07:00:00.000,07:00,9.2
2025-09-10 08:00:00.000,08:00,9.2
2025-09-10 09:00:00.000,09:00,15.6
2025-09-10 10:00:00.000,10:00,9.2
2025-09-10 11:00:00.000,11:00,28.6
2025-09-10 12:00:00.000,12:00,18.6
2025-09-10 13:00:00.000,13:00,3
2025-09-10 14:00:00.000,14:00,4.927272727272728
2025-09-10 15:00:00.000,15:00,8.05050505050505
2025-09-10 16:00:00.000,16:00,5.222222222222221
2025-09-10 17:00:00.000,17:00,1.7
2025-09-10 18:00:00.000,18:00,2
2025-09-10 19:00:00.000,19:00,2.3
2025-09-10 20:00:00.000,20:00,2
2025-09-10 21:00:00.000,21:00,1.7
2025-09-10 22:00:00.000,22:00,2.3
2025-09-10 23:00:00.000,23:00,2
2025-09-11 00:00:00.000,00:00,2
2025-09-11 01:00:00.000,01:00,2.9
2025-09-11 02:00:00.000,02:00,1.9
2025-09-11 03:00:00.000,03:00,2
2025-09-11 04:00:00.000,04:00,2.2
2025-09-11 05:00:00.000,05:00,2
2025-09-11 06:00:00.000,06:00,2.8
2025-09-11 07:00:00.000,07:00,3.2
2025-09-11 08:00:00.000,08:00,9.2
2025-09-11 09:00:00.000,09:00,10.4
2025-09-11 10:00:00.000,10:00,22.799999999999997
2025-09-11 11:00:00.000,11:00,27.8
2025-09-11 12:00:00.000,12:00,22.4
2025-09-11 13:00:00.000,13:00,7.2
2025-09-11 14:00:00.000,14:00,6
2025-09-11 15:00:00.000,15:00,7
2025-09-11 16:00:00.000,16:00,6.8999999999999995
2025-09-11 17:00:00.000,17:00,3
2025-09-11 18:00:00.000,18:00,1.3
2025-09-11 19:00:00.000,19:00,2.7
2025-09-11 20:00:00.000,20:00,2
2025-09-11 21:00:00.000,21:00,3.3
2025-09-11 22:00:00.000,22:00,2.7
2025-09-11 23:00:00.000,23:00,2.3
2025-09-12 00:00:00.000,00:00,2
2025-09-12 01:00:00.000,01:00,3
2025-09-12 02:00:00.000,02:00,2.8181818181818183
2025-09-12 03:00:00.000,03:00,2.981818181818182
2025-09-12 04:00:00.000,04:00,2.2
2025-09-12 05:00:00.000,05:00,2.8
2025-09-12 06:00:00.000,06:00,7.6000000000000005
2025-09-12 07:00:00.000,07:00,10.2
2025-09-12 08:00:00.000,08:00,32.4
2025-09-12 09:00:00.000,09:00,25.8
2025-09-12 10:00:00.000,10:00,16.200000000000003
2025-09-12 11:00:00.000,11:00,25.799999999999997
2025-09-12 12:00:00.000,12:00,29
2025-09-12 13:00:00.000,13:00,15.999999999999998
2025-09-12 14:00:00.000,14:00,6
2025-09-12 15:00:00.000,15:00,7
2025-09-12 16:00:00.000,16:00,8.2
2025-09-12 17:00:00.000,17:00,5.7
2025-09-12 18:00:00.000,18:00,3
2025-09-12 19:00:00.000,19:00,4
2025-09-12 20:00:00.000,20:00,3.3
2025-09-12 21:00:00.000,21:00,2.7
2025-09-12 22:00:00.000,22:00,3
2025-09-12 23:00:00.000,23:00,2.3
2025-09-13 00:00:00.000,00:00,3.9000000000000004
2025-09-13 01:00:00.000,01:00,3
2025-09-13 02:00:00.000,02:00,2.9000000000000004
2025-09-13 03:00:00.000,03:00,4
2025-09-13 04:00:00.000,04:00,3
2025-09-13 05:00:00.000,05:00,3
2025-09-13 06:00:00.000,06:00,3.2
2025-09-13 07:00:00.000,07:00,10.8
2025-09-13 08:00:00.000,08:00,17
2025-09-13 09:00:00.000,09:00,22.799999999999997
2025-09-13 10:00:00.000,10:00,13.6
2025-09-13 11:00:00.000,11:00,18.2
2025-09-13 12:00:00.000,12:00,11.4
2025-09-13 13:00:00.000,13:00,7
2025-09-13 14:00:00.000,14:00,10
2025-09-13 15:00:00.000,15:00,5.1000000000000005
2025-09-13 16:00:00.000,16:00,3.9
2025-09-13 17:00:00.000,17:00,9.2
2025-09-13 18:00:00.000,18:00,1.7
2025-09-13 19:00:00.000,19:00,1.3
2025-09-13 20:00:00.000,20:00,2
2025-09-13 21:00:00.000,21:00,2
2025-09-13 22:00:00.000,22:00,2
2025-09-13 23:00:00.000,23:00,3
2025-09-14 00:00:00.000,00:00,1
2025-09-14 01:00:00.000,01:00,2
2025-09-14 02:00:00.000,02:00,2
2025-09-14 03:00:00.000,03:00,2
2025-09-14 04:00:00.000,04:00,2
2025-09-14 05:00:00.000,05:00,2.8
2025-09-14 06:00:00.000,06:00,2.2
2025-09-14 07:00:00.000,07:00,22.799999999999997
2025-09-14 08:00:00.000,08:00,31
2025-09-14 09:00:00.000,09:00,29.4
2025-09-14 10:00:00.000,10:00,30.6
2025-09-14 11:00:00.000,11:00,30.2
2025-09-14 12:00:00.000,12:00,25.799999999999997
2025-09-14 13:00:00.000,13:00,9.366666666666667
2025-09-14 14:00:00.000,14:00,27.03333333333333
2025-09-14 15:00:00.000,15:00,30.8
2025-09-14 16:00:00.000,16:00,31.181818181818183
2025-09-14 17:00:00.000,17:00,8.518181818181818
2025-09-14 18:00:00.000,18:00,6
2025-09-14 19:00:00.000,19:00,6
2025-09-14 20:00:00.000,20:00,4
2025-09-14 21:00:00.000,21:00,3.3
2025-09-14 22:00:00.000,22:00,1.7
2025-09-14 23:00:00.000,23:00,1.3
2025-09-15 00:00:00.000,00:00,2
2025-09-15 01:00:00.000,01:00,1
2025-09-15 02:00:00.000,02:00,2
2025-09-15 03:00:00.000,03:00,2
2025-09-15 04:00:00.000,04:00,1.8
2025-09-15 05:00:00.000,05:00,2.2
2025-09-15 06:00:00.000,06:00,1
2025-09-15 07:00:00.000,07:00,1.8
2025-09-15 08:00:00.000,08:00,2
2025-09-15 09:00:00.000,09:00,4.199999999999999
2025-09-15 10:00:00.000,10:00,8.8
2025-09-15 11:00:00.000,11:00,8
2025-09-15 12:00:00.000,12:00,6.2
2025-09-15 13:00:00.000,13:00,5
2025-09-15 14:00:00.000,14:00,11.90909090909091
2025-09-15 15:00:00.000,15:00,11.545454545454545
2025-09-15 16:00:00.000,16:00,7.345454545454546
2025-09-15 17:00:00.000,17:00,7
2025-09-15 18:00:00.000,18:00,5.2
2025-09-15 19:00:00.000,19:00,2.7777777777777777
2025-09-15 20:00:00.000,20:00,2.9222222222222225
2025-09-15 21:00:00.000,21:00,3.3
2025-09-15 22:00:00.000,22:00,2
2025-09-15 23:00:00.000,23:00,3
2025-09-16 00:00:00.000,00:00,2.9
2025-09-16 01:00:00.000,01:00,2.1
2025-09-16 02:00:00.000,02:00,3
2025-09-16 03:00:00.000,03:00,3
2025-09-16 04:00:00.000,04:00,2.8
2025-09-16 05:00:00.000,05:00,3
2025-09-16 06:00:00.000,06:00,3
2025-09-16 07:00:00.000,07:00,3
2025-09-16 08:00:00.000,08:00,2.2
2025-09-16 09:00:00.000,09:00,32.8
2025-09-16 10:00:00.000,10:00,32
2025-09-16 11:00:00.000,11:00,9
2025-09-16 12:00:00.000,12:00,6
2025-09-16 13:00:00.000,13:00,5
2025-09-16 14:00:00.000,14:00,2
2025-09-16 15:00:00.000,15:00,5
2025-09-16 16:00:00.000,16:00,3.9000000000000004
2025-09-16 17:00:00.000,17:00,2.3
2025-09-16 18:00:00.000,18:00,1.7
2025-09-16 19:00:00.000,19:00,1.3
2025-09-16 20:00:00.000,20:00,1.7
2025-09-16 21:00:00.000,21:00,1.65
2025-09-16 22:00:00.000,22:00,1.65
2025-09-16 23:00:00.000,23:00,2
2025-09-17 00:00:00.000,00:00,2.9
2025-09-17 01:00:00.000,01:00,2.1
2025-09-17 02:00:00.000,02:00,3.3333333333333335
2025-09-17 03:00:00.000,03:00,2.666666666666667
2025-09-17 04:00:00.000,04:00,3.8
2025-09-17 05:00:00.000,05:00,3
2025-09-17 06:00:00.000,06:00,3.2
2025-09-17 07:00:00.000,07:00,3.8
2025-09-17 08:00:00.000,08:00,4
2025-09-17 09:00:00.000,09:00,3
2025-09-17 10:00:00.000,10:00,3.2
2025-09-17 11:00:00.000,11:00,2
2025-09-17 12:00:00.000,12:00,1.8
2025-09-17 13:00:00.000,13:00,1.2
2025-09-17 14:00:00.000,14:00,1
2025-09-17 15:00:00.000,15:00,2.8
2025-09-17 16:00:00.000,16:00,1.2
2025-09-17 17:00:00.000,17:00,2
2025-09-17 18:00:00.000,18:00,1
2025-09-17 19:00:00.000,19:00,1
2025-09-17 20:00:00.000,20:00,2
2025-09-17 21:00:00.000,21:00,1.7
2025-09-17 22:00:00.000,22:00,2
2025-09-17 23:00:00.000,23:00,2.3
2025-09-18 00:00:00.000,00:00,1.9999999999999998
2025-09-18 01:00:00.000,01:00,3
2025-09-18 02:00:00.000,02:00,3
2025-09-18 03:00:00.000,03:00,3
2025-09-18 04:00:00.000,04:00,4
2025-09-18 05:00:00.000,05:00,3
2025-09-18 06:00:00.000,06:00,3
2025-09-18 07:00:00.000,07:00,4.8
2025-09-18 08:00:00.000,08:00,4.2
2025-09-18 09:00:00.000,09:00,12.600000000000001
2025-09-18 10:00:00.000,10:00,8.2
2025-09-18 11:00:00.000,11:00,18.400000000000002
2025-09-18 12:00:00.000,12:00,10.600000000000001
2025-09-18 13:00:00.000,13:00,5
2025-09-18 14:00:00.000,14:00,7
2025-09-18 15:00:00.000,15:00,4
2025-09-18 16:00:00.000,16:00,1.2
2025-09-18 17:00:00.000,17:00,1.7
2025-09-18 18:00:00.000,18:00,2.3
2025-09-18 19:00:00.000,19:00,1
2025-09-18 20:00:00.000,20:00,2
2025-09-18 21:00:00.000,21:00,2
2025-09-18 22:00:00.000,22:00,1
2025-09-18 23:00:00.000,23:00,2
2025-09-19 00:00:00.000,00:00,1.9
2025-09-19 01:00:00.000,01:00,2
2025-09-19 02:00:00.000,02:00,2.1
2025-09-19 03:00:00.000,03:00,3
2025-09-19 04:00:00.000,04:00,2
2025-09-19 05:00:00.000,05:00,3.8
2025-09-19 06:00:00.000,06:00,3
2025-09-19 07:00:00.000,07:00,4
2025-09-19 08:00:00.000,08:00,3
2025-09-19 09:00:00.000,09:00,13.599999999999998
2025-09-19 10:00:00.000,10:00,17.4
2025-09-19 11:00:00.000,11:00,34
2025-09-19 12:00:00.000,12:00,33.2
2025-09-19 13:00:00.000,13:00,26.4
2025-09-19 14:00:00.000,14:00,6.4
2025-09-19 15:00:00.000,15:00,6
2025-09-19 16:00:00.000,16:00,10.3
2025-09-19 17:00:00.000,17:00,11.899999999999999
2025-09-19 18:00:00.000,18:00,7.7
2025-09-19 19:00:00.000,19:00,7
2025-09-19 20:00:00.000,20:00,4
2025-09-19 21:00:00.000,21:00,3.3
2025-09-19 22:00:00.000,22:00,2
2025-09-19 23:00:00.000,23:00,1
2025-09-20 00:00:00.000,00:00,1.9
2025-09-20 01:00:00.000,01:00,1.1
2025-09-20 02:00:00.000,02:00,1
2025-09-20 03:00:00.000,03:00,1
2025-09-20 04:00:00.000,04:00,2
2025-09-20 05:00:00.000,05:00,1
2025-09-20 06:00:00.000,06:00,2
2025-09-20 07:00:00.000,07:00,2
2025-09-20 08:00:00.000,08:00,5.2
2025-09-20 09:00:00.000,09:00,10.6
2025-09-20 10:00:00.000,10:00,11.2
2025-09-20 11:00:00.000,11:00,29
2025-09-20 12:00:00.000,12:00,27.800000000000004
2025-09-20 13:00:00.000,13:00,21.6
2025-09-20 14:00:00.000,14:00,5.6
2025-09-20 15:00:00.000,15:00,6.7
2025-09-20 16:00:00.000,16:00,7.1
2025-09-20 17:00:00.000,17:00,2.2
2025-09-20 18:00:00.000,18:00,2
2025-09-20 19:00:00.000,19:00,1.7
2025-09-20 20:00:00.000,20:00,1.3
2025-09-20 21:00:00.000,21:00,2
2025-09-20 22:00:00.000,22:00,2.7
2025-09-20 23:00:00.000,23:00,2.3
2025-09-21 00:00:00.000,00:00,2.9
2025-09-21 01:00:00.000,01:00,2
2025-09-21 02:00:00.000,02:00,2.1
2025-09-21 03:00:00.000,03:00,2.4
2025-09-21 04:00:00.000,04:00,2.4
2025-09-21 05:00:00.000,05:00,2.2
2025-09-21 06:00:00.000,06:00,2.8
2025-09-21 07:00:00.000,07:00,3
2025-09-21 08:00:00.000,08:00,15
2025-09-21 09:00:00.000,09:00,8.8
2025-09-21 10:00:00.000,10:00,9
2025-09-21 11:00:00.000,11:00,15.399999999999999
2025-09-21 12:00:00.000,12:00,27.4
2025-09-21 13:00:00.000,13:00,26.6
2025-09-21 14:00:00.000,14:00,28.2
2025-09-21 15:00:00.000,15:00,7.6000000000000005
2025-09-21 16:00:00.000,16:00,7.2
2025-09-21 17:00:00.000,17:00,3
2025-09-21 18:00:00.000,18:00,2
2025-09-21 19:00:00.000,19:00,2
2025-09-21 20:00:00.000,20:00,3
2025-09-21 21:00:00.000,21:00,2
2025-09-21 22:00:00.000,22:00,2
2025-09-21 23:00:00.000,23:00,2
2025-09-22 00:00:00.000,00:00,2
2025-09-22 01:00:00.000,01:00,3
2025-09-22 02:00:00.000,02:00,2.8
2025-09-22 03:00:00.000,03:00,2.2
2025-09-22 04:00:00.000,04:00,3
2025-09-22 05:00:00.000,05:00,3
2025-09-22 06:00:00.000,06:00,2.8
2025-09-22 07:00:00.000,07:00,2.2
2025-09-22 08:00:00.000,08:00,2.8
2025-09-22 09:00:00.000,09:00,4
2025-09-22 10:00:00.000,10:00,4
2025-09-22 11:00:00.000,11:00,5
2025-09-22 12:00:00.000,12:00,5.199999999999999
2025-09-22 13:00:00.000,13:00,5.8
2025-09-22 14:00:00.000,14:00,3
2025-09-22 15:00:00.000,15:00,3.9272727272727272
2025-09-22 16:00:00.000,16:00,4.2727272727272725
2025-09-22 17:00:00.000,17:00,2.727272727272727
2025-09-22 18:00:00.000,18:00,1.2727272727272727
2025-09-22 19:00:00.000,19:00,2.7
2025-09-22 20:00:00.000,20:00,1.9999999999999998
2025-09-22 21:00:00.000,21:00,2.3
2025-09-22 22:00:00.000,22:00,3
2025-09-22 23:00:00.000,23:00,4
2025-09-23 00:00:00.000,00:00,2.9
2025-09-23 01:00:00.000,01:00,3
2025-09-23 02:00:00.000,02:00,2.1
2025-09-23 03:00:00.000,03:00,3.833333333333333
2025-09-23 04:00:00.000,04:00,3.166666666666666
2025-09-23 05:00:00.000,05:00,3.8
2025-09-23 06:00:00.000,06:00,3
2025-09-23 07:00:00.000,07:00,4
2025-09-23 08:00:00.000,08:00,3.2
2025-09-23 09:00:00.000,09:00,4.8
2025-09-23 10:00:00.000,10:00,6
2025-09-23 11:00:00.000,11:00,5.8
2025-09-23 12:00:00.000,12:00,6.2
2025-09-23 13:00:00.000,13:00,4.2
2025-09-23 14:00:00.000,14:00,4.8
2025-09-23 15:00:00.000,15:00,6.8
2025-09-23 16:00:00.000,16:00,5.2
2025-09-23 17:00:00.000,17:00,2.2
2025-09-23 18:00:00.000,18:00,3.7
2025-09-23 19:00:00.000,19:00,3
2025-09-23 20:00:00.000,20:00,3.3
2025-09-23 21:00:00.000,21:00,3
2025-09-23 22:00:00.000,22:00,3.7
2025-09-23 23:00:00.000,23:00,3.3
2025-09-24 00:00:00.000,00:00,2
2025-09-24 01:00:00.000,01:00,3.9
2025-09-24 02:00:00.000,02:00,3.1
2025-09-24 03:00:00.000,03:00,4
2025-09-24 04:00:00.000,04:00,3
2025-09-24 05:00:00.000,05:00,3.7
2025-09-24 06:00:00.000,06:00,4
2025-09-24 07:00:00.000,07:00,3
2025-09-24 08:00:00.000,08:00,4.1
2025-09-24 09:00:00.000,09:00,4.2
2025-09-24 10:00:00.000,10:00,4.8
2025-09-24 11:00:00.000,11:00,4
2025-09-24 12:00:00.000,12:00,4
2025-09-24 13:00:00.000,13:00,4
2025-09-24 14:00:00.000,14:00,5
2025-09-24 15:00:00.000,15:00,6
2025-09-24 16:00:00.000,16:00,4.927272727272728
2025-09-24 17:00:00.000,17:00,3.9727272727272727
2025-09-24 18:00:00.000,18:00,5
2025-09-24 19:00:00.000,19:00,4
2025-09-24 20:00:00.000,20:00,5
2025-09-24 21:00:00.000,21:00,5
2025-09-24 22:00:00.000,22:00,5
2025-09-24 23:00:00.000,23:00,4.3
2025-09-25 00:00:00.000,00:00,4.9
2025-09-25 01:00:00.000,01:00,6
2025-09-25 02:00:00.000,02:00,5
2025-09-25 03:00:00.000,03:00,4.9
2025-09-25 04:00:00.000,04:00,4
2025-09-25 05:00:00.000,05:00,5
2025-09-25 06:00:00.000,06:00,5
2025-09-25 07:00:00.000,07:00,6
2025-09-25 08:00:00.000,08:00,7
2025-09-25 09:00:00.000,09:00,6
2025-09-25 10:00:00.000,10:00,8.4
2025-09-25 11:00:00.000,11:00,20.4
2025-09-25 12:00:00.000,12:00,13
2025-09-25 13:00:00.000,13:00,11
2025-09-25 14:00:00.000,14:00,12
2025-09-25 15:00:00.000,15:00,10.854545454545455
2025-09-25 16:00:00.000,16:00,7.945454545454546
2025-09-25 17:00:00.000,17:00,6.3
2025-09-25 18:00:00.000,18:00,4.3
2025-09-25 19:00:00.000,19:00,4
2025-09-25 20:00:00.000,20:00,4.7
2025-09-25 21:00:00.000,21:00,5
2025-09-25 22:00:00.000,22:00,4.2444444444444445
2025-09-25 23:00:00.000,23:00,4.055555555555555
2025-09-26 00:00:00.000,00:00,4
2025-09-26 01:00:00.000,01:00,4.9
2025-09-26 02:00:00.000,02:00,4.5
2025-09-26 03:00:00.000,03:00,4.71111111111111
2025-09-26 04:00:00.000,04:00,4.888888888888889
2025-09-26 05:00:00.000,05:00,4.8
2025-09-26 06:00:00.000,06:00,4
2025-09-26 07:00:00.000,07:00,7.8
2025-09-26 08:00:00.000,08:00,15
2025-09-26 09:00:00.000,09:00,11
2025-09-26 10:00:00.000,10:00,11
2025-09-26 11:00:00.000,11:00,28.799999999999997
2025-09-26 12:00:00.000,12:00,23.4
2025-09-26 13:00:00.000,13:00,28
2025-09-26 14:00:00.000,14:00,9
2025-09-26 15:00:00.000,15:00,7.8
2025-09-26 16:00:00.000,16:00,10.8
2025-09-26 17:00:00.000,17:00,7.3
2025-09-26 18:00:00.000,18:00,5
2025-09-26 19:00:00.000,19:00,4.3
2025-09-26 20:00:00.000,20:00,5.7
2025-09-26 21:00:00.000,21:00,4.3
2025-09-26 22:00:00.000,22:00,4.7
2025-09-26 23:00:00.000,23:00,5.3
2025-09-27 00:00:00.000,00:00,3.9000000000000004
2025-09-27 01:00:00.000,01:00,5
2025-09-27 02:00:00.000,02:00,4.9
2025-09-27 03:00:00.000,03:00,4.2
2025-09-27 04:00:00.000,04:00,4.8
2025-09-27 05:00:00.000,05:00,5
2025-09-27 06:00:00.000,06:00,4.2
2025-09-27 07:00:00.000,07:00,4.8
2025-09-27 08:00:00.000,08:00,7
2025-09-27 09:00:00.000,09:00,7.8
2025-09-27 10:00:00.000,10:00,8
2025-09-27 11:00:00.000,11:00,26.599999999999998
2025-09-27 12:00:00.000,12:00,23
2025-09-27 13:00:00.000,13:00,11.600000000000001
2025-09-27 14:00:00.000,14:00,11
2025-09-27 15:00:00.000,15:00,10.8
2025-09-27 16:00:00.000,16:00,6.2
2025-09-27 17:00:00.000,17:00,3.9
2025-09-27 18:00:00.000,18:00,5
2025-09-27 19:00:00.000,19:00,4
2025-09-27 20:00:00.000,20:00,6.3
2025-09-27 21:00:00.000,21:00,4.7
2025-09-27 22:00:00.000,22:00,5.7
2025-09-27 23:00:00.000,23:00,5.6
2025-09-28 00:00:00.000,00:00,4.9
2025-09-28 01:00:00.000,01:00,5
2025-09-28 02:00:00.000,02:00,5.1
2025-09-28 03:00:00.000,03:00,5.6
2025-09-28 04:00:00.000,04:00,5.2
2025-09-28 05:00:00.000,05:00,5.2
2025-09-28 06:00:00.000,06:00,5.8
2025-09-28 07:00:00.000,07:00,6
2025-09-28 08:00:00.000,08:00,14.399999999999999
2025-09-28 09:00:00.000,09:00,11.600000000000001
2025-09-28 10:00:00.000,10:00,11
2025-09-28 11:00:00.000,11:00,23.200000000000003
2025-09-28 12:00:00.000,12:00,15.4
2025-09-28 13:00:00.000,13:00,31.400000000000002
2025-09-28 14:00:00.000,14:00,8.8
2025-09-28 15:00:00.000,15:00,12
2025-09-28 16:00:00.000,16:00,4.4
2025-09-28 17:00:00.000,17:00,4
2025-09-28 18:00:00.000,18:00,4.7
2025-09-28 19:00:00.000,19:00,4
2025-09-28 20:00:00.000,20:00,4
2025-09-28 21:00:00.000,21:00,5
2025-09-28 22:00:00.000,22:00,4.15
2025-09-28 23:00:00.000,23:00,4.15
2025-09-29 00:00:00.000,00:00,4.9
2025-09-29 01:00:00.000,01:00,5
2025-09-29 02:00:00.000,02:00,4.918181818181818
2025-09-29 03:00:00.000,03:00,5.475935828877005
2025-09-29 04:00:00.000,04:00,4.5058823529411764
2025-09-29 05:00:00.000,05:00,5
2025-09-29 06:00:00.000,06:00,6
2025-09-29 07:00:00.000,07:00,5.644444444444444
2025-09-29 08:00:00.000,08:00,5.355555555555556
2025-09-29 09:00:00.000,09:00,7.199999999999999
2025-09-29 10:00:00.000,10:00,5
2025-09-29 11:00:00.000,11:00,4.8
2025-09-29 12:00:00.000,12:00,6.533333333333333
2025-09-29 13:00:00.000,13:00,7.333333333333335
2025-09-29 14:00:00.000,14:00,3.333333333333333
2025-09-29 15:00:00.000,15:00,4.9
2025-09-29 16:00:00.000,16:00,3.9823529411764707
2025-09-29 17:00:00.000,17:00,2.117647058823529
2025-09-29 18:00:00.000,18:00,2
2025-09-29 19:00:00.000,19:00,1.7
2025-09-29 20:00:00.000,20:00,3.3
2025-09-29 21:00:00.000,21:00,4
2025-09-29 22:00:00.000,22:00,3.6999999999999997
2025-09-29 23:00:00.000,23:00,5.711764705882353
2025-09-30 00:00:00.000,00:00,4.488235294117647
2025-09-30 01:00:00.000,01:00,5
2025-09-30 02:00:00.000,02:00,5
2025-09-30 03:00:00.000,03:00,5.1
2025-09-30 04:00:00.000,04:00,6.8
2025-09-30 05:00:00.000,05:00,5
2025-09-30 06:00:00.000,06:00,6
2025-09-30 07:00:00.000,07:00,5
2025-09-30 08:00:00.000,08:00,5.1
2025-09-30 09:00:00.000,09:00,3.1
2025-09-30 10:00:00.000,10:00,0
2025-09-30 11:00:00.000,11:00,0
2025-09-30 12:00:00.000,12:00,0
2025-09-30 13:00:00.000,13:00,2.5999999999999996
2025-09-30 14:00:00.000,14:00,4.2
2025-09-30 15:00:00.000,15:00,4.2
2025-09-30 16:00:00.000,16:00,1.8
2025-09-30 17:00:00.000,17:00,1.2
2025-09-30 18:00:00.000,18:00,2
2025-09-30 19:00:00.000,19:00,2
2025-09-30 20:00:00.000,20:00,1.7
2025-09-30 21:00:00.000,21:00,3.3
2025-09-30 22:00:00.000,22:00,2
2025-09-30 23:00:00.000,23:00,4
2025-10-01 00:00:00.000,00:00,3.9000000000000004
2025-10-01 01:00:00.000,01:00,3
2025-10-01 02:00:00.000,02:00,3.9
2025-10-01 03:00:00.000,03:00,5
2025-10-01 04:00:00.000,04:00,3.2
2025-10-01 05:00:00.000,05:00,4
2025-10-01 06:00:00.000,06:00,4.8
2025-10-01 07:00:00.000,07:00,5
2025-10-01 08:00:00.000,08:00,5
2025-10-01 09:00:00.000,09:00,6
2025-10-01 10:00:00.000,10:00,4
2025-10-01 11:00:00.000,11:00,3.2
2025-10-01 12:00:00.000,12:00,3.8
2025-10-01 13:00:00.000,13:00,4.2
2025-10-01 14:00:00.000,14:00,3.8
2025-10-01 15:00:00.000,15:00,4.2
2025-10-01 16:00:00.000,16:00,2
2025-10-01 17:00:00.000,17:00,2
2025-10-01 18:00:00.000,18:00,1
2025-10-01 19:00:00.000,19:00,2
2025-10-01 20:00:00.000,20:00,2.7
2025-10-01 21:00:00.000,21:00,2.3
2025-10-01 22:00:00.000,22:00,3
2025-10-01 23:00:00.000,23:00,4
2025-10-02 00:00:00.000,00:00,3
2025-10-02 01:00:00.000,01:00,3.9
2025-10-02 02:00:00.000,02:00,3.9000000000000004
2025-10-02 03:00:00.000,03:00,4.2
2025-10-02 04:00:00.000,04:00,3.8000000000000003
2025-10-02 05:00:00.000,05:00,4
2025-10-02 06:00:00.000,06:00,5
2025-10-02 07:00:00.000,07:00,5.200000000000001
2025-10-02 08:00:00.000,08:00,5.8
2025-10-02 09:00:00.000,09:00,16.8
2025-10-02 10:00:00.000,10:00,17
2025-10-02 11:00:00.000,11:00,12
2025-10-02 12:00:00.000,12:00,10.2
2025-10-02 13:00:00.000,13:00,5
2025-10-02 14:00:00.000,14:00,9
2025-10-02 15:00:00.000,15:00,8
2025-10-02 16:00:00.000,16:00,6.927272727272728
2025-10-02 17:00:00.000,17:00,5.672727272727273
2025-10-02 18:00:00.000,18:00,4.6
2025-10-02 19:00:00.000,19:00,2
2025-10-02 20:00:00.000,20:00,3
2025-10-02 21:00:00.000,21:00,2.7
2025-10-02 22:00:00.000,22:00,3
2025-10-02 23:00:00.000,23:00,3.3
2025-10-03 00:00:00.000,00:00,2.45
2025-10-03 01:00:00.000,01:00,3.5500000000000003
2025-10-03 02:00:00.000,02:00,3.428571428571429
2025-10-03 03:00:00.000,03:00,2.9714285714285715
2025-10-03 04:00:00.000,04:00,3.4000000000000004
2025-10-03 05:00:00.000,05:00,3.2
2025-10-03 06:00:00.000,06:00,3
2025-10-03 07:00:00.000,07:00,3.8
2025-10-03 08:00:00.000,08:00,4
2025-10-03 09:00:00.000,09:00,13.8
2025-10-03 10:00:00.000,10:00,9
2025-10-03 11:00:00.000,11:00,18.2
2025-10-03 12:00:00.000,12:00,13.2
2025-10-03 13:00:00.000,13:00,3
2025-10-03 14:00:00.000,14:00,3.8
2025-10-03 15:00:00.000,15:00,5
2025-10-03 16:00:00.000,16:00,3.2
2025-10-03 17:00:00.000,17:00,4
2025-10-03 18:00:00.000,18:00,3
2025-10-03 19:00:00.000,19:00,2
2025-10-03 20:00:00.000,20:00,2
2025-10-03 21:00:00.000,21:00,2
2025-10-03 22:00:00.000,22:00,2
2025-10-03 23:00:00.000,23:00,1
2025-10-04 00:00:00.000,00:00,2
2025-10-04 01:00:00.000,01:00,2
2025-10-04 02:00:00.000,02:00,1.8181818181818181
2025-10-04 03:00:00.000,03:00,1.9818181818181817
2025-10-04 04:00:00.000,04:00,2.2
2025-10-04 05:00:00.000,05:00,1
2025-10-04 06:00:00.000,06:00,2.8
2025-10-04 07:00:00.000,07:00,2
2025-10-04 08:00:00.000,08:00,6.400000000000001
2025-10-04 09:00:00.000,09:00,11.399999999999999
2025-10-04 10:00:00.000,10:00,10
2025-10-04 11:00:00.000,11:00,20.2
2025-10-04 12:00:00.000,12:00,27
2025-10-04 13:00:00.000,13:00,9.8
2025-10-04 14:00:00.000,14:00,15.2
2025-10-04 15:00:00.000,15:00,7.8
2025-10-04 16:00:00.000,16:00,29.000000000000004
2025-10-04 17:00:00.000,17:00,11.1
2025-10-04 18:00:00.000,18:00,6
2025-10-04 19:00:00.000,19:00,5
2025-10-04 20:00:00.000,20:00,3
2025-10-04 21:00:00.000,21:00,3.3
2025-10-04 22:00:00.000,22:00,3
2025-10-04 23:00:00.000,23:00,3
2025-10-05 00:00:00.000,00:00,3.9
2025-10-05 01:00:00.000,01:00,4.1
2025-10-05 02:00:00.000,02:00,4.799999999999999
2025-10-05 03:00:00.000,03:00,4
2025-10-05 04:00:00.000,04:00,4
2025-10-05 05:00:00.000,05:00,5
2025-10-05 06:00:00.000,06:00,5
2025-10-05 07:00:00.000,07:00,6
2025-10-05 08:00:00.000,08:00,11.600000000000001
2025-10-05 09:00:00.000,09:00,12.2
2025-10-05 10:00:00.000,10:00,10.8
2025-10-05 11:00:00.000,11:00,18.2
2025-10-05 12:00:00.000,12:00,22.6
2025-10-05 13:00:00.000,13:00,20
2025-10-05 14:00:00.000,14:00,24
2025-10-05 15:00:00.000,15:00,28.355555555555558
2025-10-05 16:00:00.000,16:00,7.444444444444445
2025-10-05 17:00:00.000,17:00,3.7
2025-10-05 18:00:00.000,18:00,4
2025-10-05 19:00:00.000,19:00,3
2025-10-05 20:00:00.000,20:00,3
2025-10-05 21:00:00.000,21:00,3
2025-10-05 22:00:00.000,22:00,4
2025-10-05 23:00:00.000,23:00,3.3
2025-10-06 00:00:00.000,00:00,3.9
2025-10-06 01:00:00.000,01:00,4.1
2025-10-06 02:00:00.000,02:00,4.9
2025-10-06 03:00:00.000,03:00,4.1
2025-10-06 04:00:00.000,04:00,5
2025-10-06 05:00:00.000,05:00,4.8
2025-10-06 06:00:00.000,06:00,4
2025-10-06 07:00:00.000,07:00,6
2025-10-06 08:00:00.000,08:00,6
2025-10-06 09:00:00.000,09:00,6
2025-10-06 10:00:00.000,10:00,5
2025-10-06 11:00:00.000,11:00,5
2025-10-06 12:00:00.000,12:00,4.2
2025-10-06 13:00:00.000,13:00,4
2025-10-06 14:00:00.000,14:00,4
2025-10-06 15:00:00.000,15:00,6
2025-10-06 16:00:00.000,16:00,7.8
2025-10-06 17:00:00.000,17:00,8
2025-10-06 18:00:00.000,18:00,5.2
2025-10-06 19:00:00.000,19:00,2.7
2025-10-06 20:00:00.000,20:00,4.711764705882353
2025-10-06 21:00:00.000,21:00,4.588235294117647
2025-10-06 22:00:00.000,22:00,5.7
2025-10-06 23:00:00.000,23:00,5.3
2025-10-07 00:00:00.000,00:00,5.9
2025-10-07 01:00:00.000,01:00,5
2025-10-07 02:00:00.000,02:00,5.7
2025-10-07 03:00:00.000,03:00,5.2
2025-10-07 04:00:00.000,04:00,5.2
2025-10-07 05:00:00.000,05:00,5.8
2025-10-07 06:00:00.000,06:00,5.4941176470588236
2025-10-07 07:00:00.000,07:00,5.5058823529411764
2025-10-07 08:00:00.000,08:00,7
2025-10-07 09:00:00.000,09:00,8.8
2025-10-07 10:00:00.000,10:00,8.799999999999999
2025-10-07 11:00:00.000,11:00,13.2
2025-10-07 12:00:00.000,12:00,11.2
2025-10-07 13:00:00.000,13:00,6
2025-10-07 14:00:00.000,14:00,7
2025-10-07 15:00:00.000,15:00,3.2
2025-10-07 16:00:00.000,16:00,3
2025-10-07 17:00:00.000,17:00,3.7999999999999994
2025-10-07 18:00:00.000,18:00,4.2
2025-10-07 19:00:00.000,19:00,2.7
2025-10-07 20:00:00.000,20:00,3.3
2025-10-07 21:00:00.000,21:00,3.7
2025-10-07 22:00:00.000,22:00,4
2025-10-07 23:00:00.000,23:00,4.2444444444444445
2025-10-08 00:00:00.000,00:00,4.055555555555555
2025-10-08 01:00:00.000,01:00,5.9
2025-10-08 02:00:00.000,02:00,4.9
2025-10-08 03:00:00.000,03:00,4.95
2025-10-08 04:00:00.000,04:00,5.05
2025-10-08 05:00:00.000,05:00,6
2025-10-08 06:00:00.000,06:00,5
2025-10-08 07:00:00.000,07:00,6
2025-10-08 08:00:00.000,08:00,6.8
2025-10-08 09:00:00.000,09:00,8.2
2025-10-08 10:00:00.000,10:00,6.2
2025-10-08 11:00:00.000,11:00,4.8
2025-10-08 12:00:00.000,12:00,4
2025-10-08 13:00:00.000,13:00,3
2025-10-08 14:00:00.000,14:00,5
2025-10-08 15:00:00.000,15:00,6.8
2025-10-08 16:00:00.000,16:00,4.2
2025-10-08 17:00:00.000,17:00,2.2
2025-10-08 18:00:00.000,18:00,2
2025-10-08 19:00:00.000,19:00,3
2025-10-08 20:00:00.000,20:00,3.7
2025-10-08 21:00:00.000,21:00,3.3
2025-10-08 22:00:00.000,22:00,4
2025-10-08 23:00:00.000,23:00,4
2025-10-09 00:00:00.000,00:00,4.9
2025-10-09 01:00:00.000,01:00,5
2025-10-09 02:00:00.000,02:00,3.9000000000000004
2025-10-09 03:00:00.000,03:00,5.2
2025-10-09 04:00:00.000,04:00,5.800000000000001
2025-10-09 05:00:00.000,05:00,6
2025-10-09 06:00:00.000,06:00,5.1
2025-10-09 07:00:00.000,07:00,13.700000000000001
2025-10-09 08:00:00.000,08:00,8.2
2025-10-09 09:00:00.000,09:00,7.8
2025-10-09 10:00:00.000,10:00,6.2
2025-10-09 11:00:00.000,11:00,12.8
2025-10-09 12:00:00.000,12:00,5.199999999999999
2025-10-09 13:00:00.000,13:00,5.2
2025-10-09 14:00:00.000,14:00,5.8
2025-10-09 15:00:00.000,15:00,6
2025-10-09 16:00:00.000,16:00,13.836363636363636
2025-10-09 17:00:00.000,17:00,14.063636363636363
2025-10-09 18:00:00.000,18:00,4.3
2025-10-09 19:00:00.000,19:00,3
2025-10-09 20:00:00.000,20:00,3
2025-10-09 21:00:00.000,21:00,3.7
2025-10-09 22:00:00.000,22:00,3.3
2025-10-09 23:00:00.000,23:00,3
2025-10-10 00:00:00.000,00:00,3.9444444444444446
2025-10-10 01:00:00.000,01:00,4.055555555555555
2025-10-10 02:00:00.000,02:00,4
2025-10-10 03:00:00.000,03:00,4.8
2025-10-10 04:00:00.000,04:00,3
2025-10-10 05:00:00.000,05:00,5
2025-10-10 06:00:00.000,06:00,5
2025-10-10 07:00:00.000,07:00,10.399999999999999
2025-10-10 08:00:00.000,08:00,12.8
2025-10-10 09:00:00.000,09:00,10.6
2025-10-10 10:00:00.000,10:00,8.4
2025-10-10 11:00:00.000,11:00,27
2025-10-10 12:00:00.000,12:00,19.6
2025-10-10 13:00:00.000,13:00,21
2025-10-10 14:00:00.000,14:00,6
2025-10-10 15:00:00.000,15:00,7.2
2025-10-10 16:00:00.000,16:00,5.2
2025-10-10 17:00:00.000,17:00,4.7
2025-10-10 18:00:00.000,18:00,3.3
2025-10-10 19:00:00.000,19:00,3
2025-10-10 20:00:00.000,20:00,3
2025-10-10 21:00:00.000,21:00,3
2025-10-10 22:00:00.000,22:00,2.7
2025-10-10 23:00:00.000,23:00,2.3
2025-10-11 00:00:00.000,00:00,3.9000000000000004
2025-10-11 01:00:00.000,01:00,3
2025-10-11 02:00:00.000,02:00,3.1
2025-10-11 03:00:00.000,03:00,4
2025-10-11 04:00:00.000,04:00,3.8
2025-10-11 05:00:00.000,05:00,4
2025-10-11 06:00:00.000,06:00,3
2025-10-11 07:00:00.000,07:00,5.2
2025-10-11 08:00:00.000,08:00,14.600000000000001
2025-10-11 09:00:00.000,09:00,18
2025-10-11 10:00:00.000,10:00,11.8
2025-10-11 11:00:00.000,11:00,25.6
2025-10-11 12:00:00.000,12:00,33.8
2025-10-11 13:00:00.000,13:00,31.836363636363636
2025-10-11 14:00:00.000,14:00,16.763636363636362
2025-10-11 15:00:00.000,15:00,9
2025-10-11 16:00:00.000,16:00,9
2025-10-11 17:00:00.000,17:00,8.3
2025-10-11 18:00:00.000,18:00,6.3
2025-10-11 19:00:00.000,19:00,4
2025-10-11 20:00:00.000,20:00,5
2025-10-11 21:00:00.000,21:00,4.7
2025-10-11 22:00:00.000,22:00,4.3
2025-10-11 23:00:00.000,23:00,5
2025-10-12 00:00:00.000,00:00,3.9000000000000004
2025-10-12 01:00:00.000,01:00,4.1
2025-10-12 02:00:00.000,02:00,4
2025-10-12 03:00:00.000,03:00,4.8
2025-10-12 04:00:00.000,04:00,5.033333333333333
2025-10-12 05:00:00.000,05:00,3.966666666666667
2025-10-12 06:00:00.000,06:00,5
2025-10-12 07:00:00.000,07:00,17.200000000000003
2025-10-12 08:00:00.000,08:00,23.4
2025-10-12 09:00:00.000,09:00,31.4
2025-10-12 10:00:00.000,10:00,21.799999999999997
2025-10-12 11:00:00.000,11:00,26.399999999999995
2025-10-12 12:00:00.000,12:00,30
2025-10-12 13:00:00.000,13:00,23.4
2025-10-12 14:00:00.000,14:00,21.4
2025-10-12 15:00:00.000,15:00,30
2025-10-12 16:00:00.000,16:00,15.9
2025-10-12 17:00:00.000,17:00,3.3
2025-10-12 18:00:00.000,18:00,3
2025-10-12 19:00:00.000,19:00,1.7
2025-10-12 20:00:00.000,20:00,2.3
2025-10-12 21:00:00.000,21:00,2.7
2025-10-12 22:00:00.000,22:00,3.3
2025-10-12 23:00:00.000,23:00,3
2025-10-13 00:00:00.000,00:00,2.95
2025-10-13 01:00:00.000,01:00,3.9499999999999997
2025-10-13 02:00:00.000,02:00,4.1
2025-10-13 03:00:00.000,03:00,3.8
2025-10-13 04:00:00.000,04:00,3
2025-10-13 05:00:00.000,05:00,4
2025-10-13 06:00:00.000,06:00,5
2025-10-13 07:00:00.000,07:00,4.2
2025-10-13 08:00:00.000,08:00,5
2025-10-13 09:00:00.000,09:00,6
2025-10-13 10:00:00.000,10:00,5.8
2025-10-13 11:00:00.000,11:00,3.2
2025-10-13 12:00:00.000,12:00,3
2025-10-13 13:00:00.000,13:00,3
2025-10-13 14:00:00.000,14:00,2
2025-10-13 15:00:00.000,15:00,4
2025-10-13 16:00:00.000,16:00,7.800000000000001
2025-10-13 17:00:00.000,17:00,6
2025-10-13 18:00:00.000,18:00,4.2
2025-10-13 19:00:00.000,19:00,2
2025-10-13 20:00:00.000,20:00,4
2025-10-13 21:00:00.000,21:00,3.7
2025-10-13 22:00:00.000,22:00,4
2025-10-13 23:00:00.000,23:00,3.711764705882353
2025-10-14 00:00:00.000,00:00,3.488235294117647
2025-10-14 01:00:00.000,01:00,5
2025-10-14 02:00:00.000,02:00,4
2025-10-14 03:00:00.000,03:00,4.9
2025-10-14 04:00:00.000,04:00,4
2025-10-14 05:00:00.000,05:00,4.1
2025-10-14 06:00:00.000,06:00,4.8999999999999995
2025-10-14 07:00:00.000,07:00,5
2025-10-14 08:00:00.000,08:00,4
2025-10-14 09:00:00.000,09:00,7.2
2025-10-14 10:00:00.000,10:00,5.8
2025-10-14 11:00:00.000,11:00,12.8
2025-10-14 12:00:00.000,12:00,12.2
2025-10-14 13:00:00.000,13:00,10.6
2025-10-14 14:00:00.000,14:00,9.200000000000001
2025-10-14 15:00:00.000,15:00,6.2
2025-10-14 16:00:00.000,16:00,5.2
2025-10-14 17:00:00.000,17:00,3
2025-10-14 18:00:00.000,18:00,2.7
2025-10-14 19:00:00.000,19:00,2.3
2025-10-14 20:00:00.000,20:00,4
2025-10-14 21:00:00.000,21:00,3.849999999999999
2025-10-14 22:00:00.000,22:00,3.85
2025-10-14 23:00:00.000,23:00,4.3
2025-10-15 00:00:00.000,00:00,4
2025-10-15 01:00:00.000,01:00,4.9
2025-10-15 02:00:00.000,02:00,5.9
2025-10-15 03:00:00.000,03:00,4
2025-10-15 04:00:00.000,04:00,4.2
2025-10-15 05:00:00.000,05:00,5.444444444444445
2025-10-15 06:00:00.000,06:00,5.155555555555555
2025-10-15 07:00:00.000,07:00,14
2025-10-15 08:00:00.000,08:00,18.6
2025-10-15 09:00:00.000,09:00,32.2
2025-10-15 10:00:00.000,10:00,14.2
2025-10-15 11:00:00.000,11:00,33.4
2025-10-15 12:00:00.000,12:00,33
2025-10-15 13:00:00.000,13:00,33
2025-10-15 14:00:00.000,14:00,32.72727272727273
2025-10-15 15:00:00.000,15:00,5.972727272727273
2025-10-15 16:00:00.000,16:00,8.077777777777778
2025-10-15 17:00:00.000,17:00,10.622222222222224
2025-10-15 18:00:00.000,18:00,5.6
2025-10-15 19:00:00.000,19:00,3
2025-10-15 20:00:00.000,20:00,3.7
2025-10-15 21:00:00.000,21:00,3
2025-10-15 22:00:00.000,22:00,3.3
2025-10-15 23:00:00.000,23:00,4
2025-10-16 00:00:00.000,00:00,4
2025-10-16 01:00:00.000,01:00,4
2025-10-16 02:00:00.000,02:00,4.818181818181818
2025-10-16 03:00:00.000,03:00,4.981818181818182
2025-10-16 04:00:00.000,04:00,4
2025-10-16 05:00:00.000,05:00,6
2025-10-16 06:00:00.000,06:00,5
2025-10-16 07:00:00.000,07:00,14.799999999999999
2025-10-16 08:00:00.000,08:00,13.8
2025-10-16 09:00:00.000,09:00,15.2
2025-10-16 10:00:00.000,10:00,18.2
2025-10-16 11:00:00.000,11:00,22.199999999999996
2025-10-16 12:00:00.000,12:00,26
2025-10-16 13:00:00.000,13:00,21.6
2025-10-16 14:00:00.000,14:00,23.400000000000002
2025-10-16 15:00:00.000,15:00,20.6
2025-10-16 16:00:00.000,16:00,24.8
2025-10-16 17:00:00.000,17:00,28.799999999999994
2025-10-16 18:00:00.000,18:00,34
2025-10-16 19:00:00.000,19:00,28.5
2025-10-16 20:00:00.000,20:00,7
2025-10-16 21:00:00.000,21:00,7
2025-10-16 22:00:00.000,22:00,5
2025-10-16 23:00:00.000,23:00,3.3
2025-10-17 00:00:00.000,00:00,2.9
2025-10-17 01:00:00.000,01:00,5
2025-10-17 02:00:00.000,02:00,3.1
2025-10-17 03:00:00.000,03:00,4.8
2025-10-17 04:00:00.000,04:00,5
2025-10-17 05:00:00.000,05:00,4.2
2025-10-17 06:00:00.000,06:00,6.800000000000001
2025-10-17 07:00:00.000,07:00,7
2025-10-17 08:00:00.000,08:00,7
2025-10-17 09:00:00.000,09:00,15.8
2025-10-17 10:00:00.000,10:00,13.4
2025-10-17 11:00:00.000,11:00,31
2025-10-17 12:00:00.000,12:00,29.2
2025-10-17 13:00:00.000,13:00,13.981818181818184
2025-10-17 14:00:00.000,14:00,19.41818181818182
2025-10-17 15:00:00.000,15:00,9.955555555555556
2025-10-17 16:00:00.000,16:00,9.8989898989899
2025-10-17 17:00:00.000,17:00,5.245454545454546
2025-10-17 18:00:00.000,18:00,4
2025-10-17 19:00:00.000,19:00,4
2025-10-17 20:00:00.000,20:00,4
2025-10-17 21:00:00.000,21:00,4
2025-10-17 22:00:00.000,22:00,5.3
2025-10-17 23:00:00.000,23:00,4
2025-10-18 00:00:00.000,00:00,3.9000000000000004
2025-10-18 01:00:00.000,01:00,5
2025-10-18 02:00:00.000,02:00,4.9
2025-10-18 03:00:00.000,03:00,5
2025-10-18 04:00:00.000,04:00,5
2025-10-18 05:00:00.000,05:00,5
2025-10-18 06:00:00.000,06:00,6
2025-10-18 07:00:00.000,07:00,7
2025-10-18 08:00:00.000,08:00,19.6
2025-10-18 09:00:00.000,09:00,14.2
2025-10-18 10:00:00.000,10:00,12
2025-10-18 11:00:00.000,11:00,15.400000000000002
2025-10-18 12:00:00.000,12:00,14.6
2025-10-18 13:00:00.000,13:00,16.8
2025-10-18 14:00:00.000,14:00,18.2
2025-10-18 15:00:00.000,15:00,13.5
2025-10-18 16:00:00.000,16:00,10.6
2025-10-18 17:00:00.000,17:00,6
2025-10-18 18:00:00.000,18:00,7
2025-10-18 19:00:00.000,19:00,6
2025-10-18 20:00:00.000,20:00,8
2025-10-18 21:00:00.000,21:00,4
2025-10-18 22:00:00.000,22:00,4
2025-10-18 23:00:00.000,23:00,4.3
2025-10-19 00:00:00.000,00:00,4
2025-10-19 01:00:00.000,01:00,4.9
2025-10-19 02:00:00.000,02:00,5.9
2025-10-19 03:00:00.000,03:00,4
2025-10-19 04:00:00.000,04:00,4.2
2025-10-19 05:00:00.000,05:00,5.8
2025-10-19 06:00:00.000,06:00,4
2025-10-19 07:00:00.000,07:00,5
2025-10-19 08:00:00.000,08:00,23
2025-10-19 09:00:00.000,09:00,31.8
2025-10-19 10:00:00.000,10:00,22
2025-10-19 11:00:00.000,11:00,25
2025-10-19 12:00:00.000,12:00,17
2025-10-19 13:00:00.000,13:00,20.200000000000003
2025-10-19 14:00:00.000,14:00,20.563636363636363
2025-10-19 15:00:00.000,15:00,12.436363636363637
2025-10-19 16:00:00.000,16:00,17.6
2025-10-19 17:00:00.000,17:00,11
2025-10-19 18:00:00.000,18:00,6.6
2025-10-19 19:00:00.000,19:00,6.7
2025-10-19 20:00:00.000,20:00,6
2025-10-19 21:00:00.000,21:00,5
2025-10-19 22:00:00.000,22:00,6
2025-10-19 23:00:00.000,23:00,4.3
2025-10-20 00:00:00.000,00:00,3.9000000000000004
2025-10-20 01:00:00.000,01:00,5
2025-10-20 02:00:00.000,02:00,4.8999999999999995
2025-10-20 03:00:00.000,03:00,5
2025-10-20 04:00:00.000,04:00,5.2
2025-10-20 05:00:00.000,05:00,5
2025-10-20 06:00:00.000,06:00,5
2025-10-20 07:00:00.000,07:00,4.8
2025-10-20 08:00:00.000,08:00,10.4
2025-10-20 09:00:00.000,09:00,12.4
2025-10-20 10:00:00.000,10:00,11.4
2025-10-20 11:00:00.000,11:00,33.8
2025-10-20 12:00:00.000,12:00,31.2
2025-10-20 13:00:00.000,13:00,30.636363636363633
2025-10-20 14:00:00.000,14:00,21.563636363636363
2025-10-20 15:00:00.000,15:00,10.2
2025-10-20 16:00:00.000,16:00,8.3
2025-10-20 17:00:00.000,17:00,6
2025-10-20 18:00:00.000,18:00,6
2025-10-20 19:00:00.000,19:00,4
2025-10-20 20:00:00.000,20:00,4
2025-10-20 21:00:00.000,21:00,3.3
2025-10-20 22:00:00.000,22:00,3.7
2025-10-20 23:00:00.000,23:00,3.3
2025-10-21 00:00:00.000,00:00,1.9999999999999998
2025-10-21 01:00:00.000,01:00,2.9
2025-10-21 02:00:00.000,02:00,2.918181818181818
2025-10-21 03:00:00.000,03:00,3.081818181818182
2025-10-21 04:00:00.000,04:00,2.9000000000000004
2025-10-21 05:00:00.000,05:00,3.2
2025-10-21 06:00:00.000,06:00,6
2025-10-21 07:00:00.000,07:00,10.600000000000001
2025-10-21 08:00:00.000,08:00,23.2
2025-10-21 09:00:00.000,09:00,11
2025-10-21 10:00:00.000,10:00,11.8
2025-10-21 11:00:00.000,11:00,30.400000000000002
2025-10-21 12:00:00.000,12:00,29.8
2025-10-21 13:00:00.000,13:00,28
2025-10-21 14:00:00.000,14:00,27.8
2025-10-21 15:00:00.000,15:00,8.2
2025-10-21 16:00:00.000,16:00,7.8999999999999995
2025-10-21 17:00:00.000,17:00,8.7
2025-10-21 18:00:00.000,18:00,4.3
2025-10-21 19:00:00.000,19:00,5
2025-10-21 20:00:00.000,20:00,5
2025-10-21 21:00:00.000,21:00,3.3
2025-10-21 22:00:00.000,22:00,3.7
2025-10-21 23:00:00.000,23:00,2.3
2025-10-22 00:00:00.000,00:00,3
2025-10-22 01:00:00.000,01:00,3
2025-10-22 02:00:00.000,02:00,2
2025-10-22 03:00:00.000,03:00,3
2025-10-22 04:00:00.000,04:00,3
2025-10-22 05:00:00.000,05:00,2.8
2025-10-22 06:00:00.000,06:00,3
2025-10-22 07:00:00.000,07:00,19.2
2025-10-22 08:00:00.000,08:00,26.8
2025-10-22 09:00:00.000,09:00,13.8
2025-10-22 10:00:00.000,10:00,8.2
2025-10-22 11:00:00.000,11:00,24
2025-10-22 12:00:00.000,12:00,29.2
2025-10-22 13:00:00.000,13:00,27
2025-10-22 14:00:00.000,14:00,16.8
2025-10-22 15:00:00.000,15:00,8.8
2025-10-22 16:00:00.000,16:00,7.1
2025-10-22 17:00:00.000,17:00,3
2025-10-22 18:00:00.000,18:00,2.3
2025-10-22 19:00:00.000,19:00,1.7
2025-10-22 20:00:00.000,20:00,2.3
2025-10-22 21:00:00.000,21:00,1.7
2025-10-22 22:00:00.000,22:00,2
2025-10-22 23:00:00.000,23:00,1.3
2025-10-23 00:00:00.000,00:00,2
2025-10-23 01:00:00.000,01:00,2
2025-10-23 02:00:00.000,02:00,2
2025-10-23 03:00:00.000,03:00,2.8
2025-10-23 04:00:00.000,04:00,3
2025-10-23 05:00:00.000,05:00,3
2025-10-23 06:00:00.000,06:00,11
2025-10-23 07:00:00.000,07:00,10
2025-10-23 08:00:00.000,08:00,19
2025-10-23 09:00:00.000,09:00,14
2025-10-23 10:00:00.000,10:00,11.6
2025-10-23 11:00:00.000,11:00,25.4
2025-10-23 12:00:00.000,12:00,27.2
2025-10-23 13:00:00.000,13:00,27.90909090909091
2025-10-23 14:00:00.000,14:00,30.979797979797976
2025-10-23 15:00:00.000,15:00,15.511111111111111
2025-10-23 16:00:00.000,16:00,14
2025-10-23 17:00:00.000,17:00,13
2025-10-23 18:00:00.000,18:00,9.3
2025-10-23 19:00:00.000,19:00,6.3
2025-10-23 20:00:00.000,20:00,6.7
2025-10-23 21:00:00.000,21:00,7.300000000000001
2025-10-23 22:00:00.000,22:00,10.399999999999999
2025-10-23 23:00:00.000,23:00,6.6
2025-10-24 00:00:00.000,00:00,5.9
2025-10-24 01:00:00.000,01:00,8
2025-10-24 02:00:00.000,02:00,6.699999999999999
2025-10-24 03:00:00.000,03:00,7
2025-10-24 04:00:00.000,04:00,7.2
2025-10-24 05:00:00.000,05:00,6.8
2025-10-24 06:00:00.000,06:00,7.2
2025-10-24 07:00:00.000,07:00,7.8
2025-10-24 08:00:00.000,08:00,11.8
2025-10-24 09:00:00.000,09:00,13.2
2025-10-24 10:00:00.000,10:00,9.2
2025-10-24 11:00:00.000,11:00,30.2
2025-10-24 12:00:00.000,12:00,27
2025-10-24 13:00:00.000,13:00,32
2025-10-24 14:00:00.000,14:00,28.799999999999997
2025-10-24 15:00:00.000,15:00,16.8
2025-10-24 16:00:00.000,16:00,34.199999999999996
2025-10-24 17:00:00.000,17:00,37
2025-10-24 18:00:00.000,18:00,22
2025-10-24 19:00:00.000,19:00,24.7
2025-10-24 20:00:00.000,20:00,32.3
2025-10-24 21:00:00.000,21:00,37.1
2025-10-24 22:00:00.000,22:00,10.8
2025-10-24 23:00:00.000,23:00,4.3
2025-10-25 00:00:00.000,00:00,3.9000000000000004
2025-10-25 01:00:00.000,01:00,4.1
2025-10-25 02:00:00.000,02:00,5
2025-10-25 03:00:00.000,03:00,4.8
2025-10-25 04:00:00.000,04:00,4
2025-10-25 05:00:00.000,05:00,4.2
2025-10-25 06:00:00.000,06:00,4.8
2025-10-25 07:00:00.000,07:00,8.4
2025-10-25 08:00:00.000,08:00,22
2025-10-25 09:00:00.000,09:00,11.4
2025-10-25 10:00:00.000,10:00,13
2025-10-25 11:00:00.000,11:00,26.2
2025-10-25 12:00:00.000,12:00,28
2025-10-25 13:00:00.000,13:00,26
2025-10-25 14:00:00.000,14:00,25.7
2025-10-25 15:00:00.000,15:00,22.9
2025-10-25 16:00:00.000,16:00,15.7
2025-10-25 17:00:00.000,17:00,11.3
2025-10-25 18:00:00.000,18:00,8.3
2025-10-25 19:00:00.000,19:00,7
2025-10-25 20:00:00.000,20:00,6
2025-10-25 21:00:00.000,21:00,6
2025-10-25 22:00:00.000,22:00,6
2025-10-25 23:00:00.000,23:00,6.3
2025-10-26 00:00:00.000,00:00,4.9
2025-10-26 02:00:00.000,02:00,6
2025-10-26 02:00:00.000,02:00,13.214285714285715
2025-10-26 02:00:00.000,02:00,0.8571428571428571
2025-10-26 03:00:00.000,03:00,6.8619047619047615
2025-10-26 04:00:00.000,04:00,8.966666666666667
2025-10-26 05:00:00.000,05:00,7.8
2025-10-26 06:00:00.000,06:00,9
2025-10-26 07:00:00.000,07:00,12.4
2025-10-26 08:00:00.000,08:00,22.6
2025-10-26 09:00:00.000,09:00,14
2025-10-26 10:00:00.000,10:00,13
2025-10-26 11:00:00.000,11:00,40
2025-10-26 12:00:00.000,12:00,37.2
2025-10-26 13:00:00.000,13:00,33
2025-10-26 14:00:00.000,14:00,6.927272727272728
2025-10-26 15:00:00.000,15:00,8.972727272727273
2025-10-26 16:00:00.000,16:00,7.7
2025-10-26 17:00:00.000,17:00,8
2025-10-26 18:00:00.000,18:00,8.3
2025-10-26 19:00:00.000,19:00,7
2025-10-26 20:00:00.000,20:00,8
2025-10-26 21:00:00.000,21:00,6.7
2025-10-26 22:00:00.000,22:00,7
2025-10-26 23:00:00.000,23:00,6.6
2025-10-27 00:00:00.000,00:00,5.9
2025-10-27 01:00:00.000,01:00,7
2025-10-27 02:00:00.000,02:00,7
2025-10-27 03:00:00.000,03:00,5.9
2025-10-27 04:00:00.000,04:00,6.8
2025-10-27 05:00:00.000,05:00,5.2
2025-10-27 06:00:00.000,06:00,6.8
2025-10-27 07:00:00.000,07:00,9.65
2025-10-27 08:00:00.000,08:00,23.35
2025-10-27 09:00:00.000,09:00,14
2025-10-27 10:00:00.000,10:00,15
2025-10-27 11:00:00.000,11:00,32.4
2025-10-27 12:00:00.000,12:00,34.2
2025-10-27 13:00:00.000,13:00,27.4
2025-10-27 14:00:00.000,14:00,11.2
2025-10-27 15:00:00.000,15:00,11.6
2025-10-27 16:00:00.000,16:00,12.7
2025-10-27 17:00:00.000,17:00,6.6
2025-10-27 18:00:00.000,18:00,5.3
2025-10-27 19:00:00.000,19:00,4
2025-10-27 20:00:00.000,20:00,4.7
2025-10-27 21:00:00.000,21:00,4.3
2025-10-27 22:00:00.000,22:00,4.7
2025-10-27 23:00:00.000,23:00,4.3
2025-10-28 00:00:00.000,00:00,3.9000000000000004
2025-10-28 01:00:00.000,01:00,5
2025-10-28 02:00:00.000,02:00,4.1
2025-10-28 03:00:00.000,03:00,4.8
2025-10-28 04:00:00.000,04:00,5
2025-10-28 05:00:00.000,05:00,4
2025-10-28 06:00:00.000,06:00,5
2025-10-28 07:00:00.000,07:00,5
2025-10-28 08:00:00.000,08:00,18.599999999999998
2025-10-28 09:00:00.000,09:00,17
2025-10-28 10:00:00.000,10:00,10.4
2025-10-28 11:00:00.000,11:00,22.2
2025-10-28 12:00:00.000,12:00,26.2
2025-10-28 13:00:00.000,13:00,21.2
2025-10-28 14:00:00.000,14:00,17.7
2025-10-28 15:00:00.000,15:00,12.5
2025-10-28 16:00:00.000,16:00,9.399999999999999
2025-10-28 17:00:00.000,17:00,6.7
2025-10-28 18:00:00.000,18:00,8
2025-10-28 19:00:00.000,19:00,7
2025-10-28 20:00:00.000,20:00,6
2025-10-28 21:00:00.000,21:00,7
2025-10-28 22:00:00.000,22:00,6
2025-10-28 23:00:00.000,23:00,6.3
2025-10-29 00:00:00.000,00:00,5.9
2025-10-29 01:00:00.000,01:00,6.9
2025-10-29 02:00:00.000,02:00,7
2025-10-29 03:00:00.000,03:00,7
2025-10-29 04:00:00.000,04:00,7
2025-10-29 05:00:00.000,05:00,7.8
2025-10-29 06:00:00.000,06:00,7.2
2025-10-29 07:00:00.000,07:00,10
2025-10-29 08:00:00.000,08:00,20.8
2025-10-29 09:00:00.000,09:00,15
2025-10-29 10:00:00.000,10:00,12.8
2025-10-29 11:00:00.000,11:00,35.4
2025-10-29 12:00:00.000,12:00,35.2
2025-10-29 13:00:00.000,13:00,31.636363636363637
2025-10-29 14:00:00.000,14:00,18.818181818181817
2025-10-29 15:00:00.000,15:00,10.945454545454545
2025-10-29 16:00:00.000,16:00,13.3
2025-10-29 17:00:00.000,17:00,7
2025-10-29 18:00:00.000,18:00,6
2025-10-29 19:00:00.000,19:00,5
2025-10-29 20:00:00.000,20:00,6
2025-10-29 21:00:00.000,21:00,6
2025-10-29 22:00:00.000,22:00,6
2025-10-29 23:00:00.000,23:00,6.3
2025-10-30 00:00:00.000,00:00,4.9
2025-10-30 01:00:00.000,01:00,6
2025-10-30 02:00:00.000,02:00,6
2025-10-30 03:00:00.000,03:00,4.9
2025-10-30 04:00:00.000,04:00,6
2025-10-30 05:00:00.000,05:00,6.8
2025-10-30 06:00:00.000,06:00,6.2
2025-10-30 07:00:00.000,07:00,8
2025-10-30 08:00:00.000,08:00,8.6
2025-10-30 09:00:00.000,09:00,17.2
2025-10-30 10:00:00.000,10:00,13
2025-10-30 11:00:00.000,11:00,39
2025-10-30 12:00:00.000,12:00,30.2
2025-10-30 13:00:00.000,13:00,31.4
2025-10-30 14:00:00.000,14:00,24.400000000000002
2025-10-30 15:00:00.000,15:00,10.200000000000001
2025-10-30 16:00:00.000,16:00,9.6
2025-10-30 17:00:00.000,17:00,10.299999999999999
2025-10-30 18:00:00.000,18:00,5
2025-10-30 19:00:00.000,19:00,5
2025-10-30 20:00:00.000,20:00,6
2025-10-30 21:00:00.000,21:00,5
2025-10-30 22:00:00.000,22:00,6
2025-10-30 23:00:00.000,23:00,4.3
2025-10-31 00:00:00.000,00:00,4
2025-10-31 01:00:00.000,01:00,5.9
2025-10-31 02:00:00.000,02:00,3.9000000000000004
2025-10-31 03:00:00.000,03:00,5
2025-10-31 04:00:00.000,04:00,5
2025-10-31 05:00:00.000,05:00,5
2025-10-31 06:00:00.000,06:00,7.6
2025-10-31 07:00:00.000,07:00,13.2
2025-10-31 08:00:00.000,08:00,12.8
2025-10-31 09:00:00.000,09:00,11.2
2025-10-31 10:00:00.000,10:00,19
2025-10-31 11:00:00.000,11:00,23.4
2025-10-31 12:00:00.000,12:00,26.2
2025-10-31 13:00:00.000,13:00,18
2025-10-31 14:00:00.000,14:00,12.254545454545456
2025-10-31 15:00:00.000,15:00,7.2727272727272725
2025-10-31 16:00:00.000,16:00,11.672727272727274
2025-10-31 17:00:00.000,17:00,13
2025-10-31 18:00:00.000,18:00,8
2025-10-31 19:00:00.000,19:00,5.6
2025-10-31 20:00:00.000,20:00,2.7
2025-10-31 21:00:00.000,21:00,3.3
2025-10-31 22:00:00.000,22:00,2.7
2025-10-31 23:00:00.000,23:00,2.3
2025-11-01 00:00:00.000,00:00,2.8999999999999995
2025-11-01 01:00:00.000,01:00,2.1
2025-11-01 02:00:00.000,02:00,2
2025-11-01 03:00:00.000,03:00,3.8
2025-11-01 04:00:00.000,04:00,2.2
2025-11-01 05:00:00.000,05:00,2
2025-11-01 06:00:00.000,06:00,3
2025-11-01 07:00:00.000,07:00,3.8
2025-11-01 08:00:00.000,08:00,5
2025-11-01 09:00:00.000,09:00,6
2025-11-01 10:00:00.000,10:00,31
2025-11-01 11:00:00.000,11:00,32.2
2025-11-01 12:00:00.000,12:00,37.8
2025-11-01 13:00:00.000,13:00,32.2
2025-11-01 14:00:00.000,14:00,33.8
2025-11-01 15:00:00.000,15:00,19.654545454545456
2025-11-01 16:00:00.000,16:00,12.945454545454545
2025-11-01 17:00:00.000,17:00,13.7
2025-11-01 18:00:00.000,18:00,31.099999999999998
2025-11-01 19:00:00.000,19:00,32
2025-11-01 20:00:00.000,20:00,30.6
2025-11-01 21:00:00.000,21:00,18.7
2025-11-01 22:00:00.000,22:00,17.9
2025-11-01 23:00:00.000,23:00,3.5999999999999996
2025-11-02 00:00:00.000,00:00,4
2025-11-02 01:00:00.000,01:00,4
2025-11-02 02:00:00.000,02:00,4
2025-11-02 03:00:00.000,03:00,4
2025-11-02 04:00:00.000,04:00,3.8
2025-11-02 05:00:00.000,05:00,4.2
2025-11-02 06:00:00.000,06:00,4.8
2025-11-02 07:00:00.000,07:00,6
2025-11-02 08:00:00.000,08:00,11.600000000000003
2025-11-02 09:00:00.000,09:00,11.2
2025-11-02 10:00:00.000,10:00,26
2025-11-02 11:00:00.000,11:00,26.4
2025-11-02 12:00:00.000,12:00,36.8
2025-11-02 13:00:00.000,13:00,36
2025-11-02 14:00:00.000,14:00,16
2025-11-02 15:00:00.000,15:00,5.2
2025-11-02 16:00:00.000,16:00,3.7777777777777777
2025-11-02 17:00:00.000,17:00,3.922222222222222
2025-11-02 18:00:00.000,18:00,4
2025-11-02 19:00:00.000,19:00,4
2025-11-02 20:00:00.000,20:00,5
2025-11-02 21:00:00.000,21:00,5
2025-11-02 22:00:00.000,22:00,5
2025-11-02 23:00:00.000,23:00,5.3
2025-11-03 00:00:00.000,00:00,4.9
2025-11-03 01:00:00.000,01:00,5.488888888888889
2025-11-03 02:00:00.000,02:00,4.429292929292929
2025-11-03 03:00:00.000,03:00,5.515151515151516
2025-11-03 04:00:00.000,04:00,4.466666666666667
2025-11-03 05:00:00.000,05:00,6
2025-11-03 06:00:00.000,06:00,4.2
2025-11-03 07:00:00.000,07:00,5.8
2025-11-03 08:00:00.000,08:00,5.2
2025-11-03 09:00:00.000,09:00,5.727272727272727
2025-11-03 10:00:00.000,10:00,6.072727272727272
2025-11-03 11:00:00.000,11:00,6
2025-11-03 12:00:00.000,12:00,4.2
2025-11-03 13:00:00.000,13:00,3
2025-11-03 14:00:00.000,14:00,3.8
2025-11-03 15:00:00.000,15:00,8.654545454545454
2025-11-03 16:00:00.000,16:00,7.895454545454545
2025-11-03 17:00:00.000,17:00,5.35
2025-11-03 18:00:00.000,18:00,4.133333333333333
2025-11-03 19:00:00.000,19:00,2.8666666666666667
2025-11-03 20:00:00.000,20:00,4
2025-11-03 21:00:00.000,21:00,4
2025-11-03 22:00:00.000,22:00,5
2025-11-03 23:00:00.000,23:00,4.3
2025-11-04 00:00:00.000,00:00,5.9
2025-11-04 01:00:00.000,01:00,6
2025-11-04 02:00:00.000,02:00,4.9
2025-11-04 03:00:00.000,03:00,6
2025-11-04 04:00:00.000,04:00,4.2
2025-11-04 05:00:00.000,05:00,5.8
2025-11-04 06:00:00.000,06:00,5
2025-11-04 07:00:00.000,07:00,6
2025-11-04 08:00:00.000,08:00,6
2025-11-04 09:00:00.000,09:00,5.1
2025-11-04 10:00:00.000,10:00,5.9
2025-11-04 11:00:00.000,11:00,2.2
2025-11-04 12:00:00.000,12:00,3.8
2025-11-04 13:00:00.000,13:00,3.2
2025-11-04 14:00:00.000,14:00,2
2025-11-04 15:00:00.000,15:00,2.7
2025-11-04 16:00:00.000,16:00,2.175
2025-11-04 17:00:00.000,17:00,1.9749999999999999
2025-11-04 18:00:00.000,18:00,2.15
2025-11-04 19:00:00.000,19:00,3
2025-11-04 20:00:00.000,20:00,3
2025-11-04 21:00:00.000,21:00,2.7
2025-11-04 22:00:00.000,22:00,4
2025-11-04 23:00:00.000,23:00,3.3
2025-11-05 00:00:00.000,00:00,3
2025-11-05 01:00:00.000,01:00,3.9473684210526314
2025-11-05 02:00:00.000,02:00,3.052631578947368
2025-11-05 03:00:00.000,03:00,3.8
2025-11-05 04:00:00.000,04:00,3.2
2025-11-05 05:00:00.000,05:00,3
2025-11-05 06:00:00.000,06:00,3
2025-11-05 07:00:00.000,07:00,3.7
2025-11-05 08:00:00.000,08:00,3
2025-11-05 09:00:00.000,09:00,4.3
2025-11-05 10:00:00.000,10:00,3
2025-11-05 11:00:00.000,11:00,2
2025-11-05 12:00:00.000,12:00,2.7
2025-11-05 13:00:00.000,13:00,2.3
2025-11-05 14:00:00.000,14:00,3.7
2025-11-05 15:00:00.000,15:00,6
2025-11-05 16:00:00.000,16:00,4.3
2025-11-05 17:00:00.000,17:00,2
2025-11-05 18:00:00.000,18:00,2
2025-11-05 19:00:00.000,19:00,1
2025-11-05 20:00:00.000,20:00,3
2025-11-05 21:00:00.000,21:00,1.6363636363636362
2025-11-05 22:00:00.000,22:00,2.3636363636363633
2025-11-05 23:00:00.000,23:00,-7.130434782608695
2025-11-06 00:00:00.000,00:00,4.830434782608698
2025-11-06 01:00:00.000,01:00,9.65294117647059
2025-11-06 02:00:00.000,02:00,3.6470588235294117
2025-11-06 03:00:00.000,03:00,2.9
2025-11-06 04:00:00.000,04:00,2.1
2025-11-06 05:00:00.000,05:00,3
2025-11-06 06:00:00.000,06:00,3
2025-11-06 07:00:00.000,07:00,3
2025-11-06 08:00:00.000,08:00,4
2025-11-06 09:00:00.000,09:00,4
2025-11-06 10:00:00.000,10:00,5.7
2025-11-06 11:00:00.000,11:00,4
2025-11-06 12:00:00.000,12:00,3
2025-11-06 13:00:00.000,13:00,4
2025-11-06 14:00:00.000,14:00,3
2025-11-06 15:00:00.000,15:00,5.7
2025-11-06 16:00:00.000,16:00,6.3
2025-11-06 17:00:00.000,17:00,4.3
2025-11-06 18:00:00.000,18:00,3
2025-11-06 19:00:00.000,19:00,3
2025-11-06 20:00:00.000,20:00,3
2025-11-06 21:00:00.000,21:00,3.7
2025-11-06 22:00:00.000,22:00,2.966666666666667
2025-11-06 23:00:00.000,23:00,4.333333333333333
2025-11-07 00:00:00.000,00:00,2.9
2025-11-07 01:00:00.000,01:00,2.918181818181818
2025-11-07 02:00:00.000,02:00,3.1818181818181817
2025-11-07 03:00:00.000,03:00,3.4000000000000004
2025-11-07 04:00:00.000,04:00,3.4000000000000004
2025-11-07 05:00:00.000,05:00,3.9
2025-11-07 06:00:00.000,06:00,3
2025-11-07 07:00:00.000,07:00,3.3
2025-11-07 08:00:00.000,08:00,3.7
2025-11-07 09:00:00.000,09:00,5
2025-11-07 10:00:00.000,10:00,4
2025-11-07 11:00:00.000,11:00,4
2025-11-07 12:00:00.000,12:00,6
2025-11-07 13:00:00.000,13:00,4
2025-11-07 14:00:00.000,14:00,5
2025-11-07 15:00:00.000,15:00,4.3
2025-11-07 16:00:00.000,16:00,4.7
2025-11-07 17:00:00.000,17:00,5
2025-11-07 18:00:00.000,18:00,4.9363636363636365
2025-11-07 19:00:00.000,19:00,4.963636363636364
2025-11-07 20:00:00.000,20:00,6
2025-11-07 21:00:00.000,21:00,5
2025-11-07 22:00:00.000,22:00,5.4
2025-11-07 23:00:00.000,23:00,6
2025-11-08 00:00:00.000,00:00,4.9
2025-11-08 01:00:00.000,01:00,5.9
2025-11-08 02:00:00.000,02:00,6
2025-11-08 03:00:00.000,03:00,5
2025-11-08 04:00:00.000,04:00,5.9
2025-11-08 05:00:00.000,05:00,6
2025-11-08 06:00:00.000,06:00,6.300000000000001
2025-11-08 07:00:00.000,07:00,7.1000000000000005
2025-11-08 08:00:00.000,08:00,27.7
2025-11-08 09:00:00.000,09:00,12.600000000000001
2025-11-08 10:00:00.000,10:00,13
2025-11-08 11:00:00.000,11:00,24.799999999999994
2025-11-08 12:00:00.000,12:00,17.5
2025-11-08 13:00:00.000,13:00,5
2025-11-08 14:00:00.000,14:00,5
2025-11-08 15:00:00.000,15:00,6.7
2025-11-08 16:00:00.000,16:00,6.3
2025-11-08 17:00:00.000,17:00,5
2025-11-08 18:00:00.000,18:00,4.3
2025-11-08 19:00:00.000,19:00,4
2025-11-08 20:00:00.000,20:00,5.6
2025-11-08 21:00:00.000,21:00,7
2025-11-08 22:00:00.000,22:00,6
2025-11-08 23:00:00.000,23:00,6.257142857142857
2025-11-09 00:00:00.000,00:00,5.042857142857143
2025-11-09 01:00:00.000,01:00,6.9
2025-11-09 02:00:00.000,02:00,6
2025-11-09 03:00:00.000,03:00,6.8
2025-11-09 04:00:00.000,04:00,6.127272727272727
2025-11-09 05:00:00.000,05:00,5.972727272727273
2025-11-09 06:00:00.000,06:00,7
2025-11-09 07:00:00.000,07:00,8.7
2025-11-09 08:00:00.000,08:00,21
2025-11-09 09:00:00.000,09:00,13.7
2025-11-09 10:00:00.000,10:00,19
2025-11-09 11:00:00.000,11:00,30.799999999999994
2025-11-09 12:00:00.000,12:00,36.3
2025-11-09 13:00:00.000,13:00,31.200000000000003
2025-11-09 14:00:00.000,14:00,8.3
2025-11-09 15:00:00.000,15:00,6.7
2025-11-09 16:00:00.000,16:00,13
2025-11-09 17:00:00.000,17:00,11
2025-11-09 18:00:00.000,18:00,7.3
2025-11-09 19:00:00.000,19:00,8.572727272727272
2025-11-09 20:00:00.000,20:00,8.327272727272728
2025-11-09 21:00:00.000,21:00,8
2025-11-09 22:00:00.000,22:00,7
2025-11-09 23:00:00.000,23:00,7.4
2025-11-10 00:00:00.000,00:00,6.9
2025-11-10 01:00:00.000,01:00,6.988888888888889
2025-11-10 02:00:00.000,02:00,7.911111111111111
2025-11-10 03:00:00.000,03:00,6
2025-11-10 04:00:00.000,04:00,6.9
2025-11-10 05:00:00.000,05:00,8
2025-11-10 06:00:00.000,06:00,8
2025-11-10 07:00:00.000,07:00,8
2025-11-10 08:00:00.000,08:00,8.7
2025-11-10 09:00:00.000,09:00,11.872727272727273
2025-11-10 10:00:00.000,10:00,10.127272727272727
2025-11-10 11:00:00.000,11:00,28.8
2025-11-10 12:00:00.000,12:00,38.7
2025-11-10 13:00:00.000,13:00,36.6
2025-11-10 14:00:00.000,14:00,9.2
2025-11-10 15:00:00.000,15:00,9.7
2025-11-10 16:00:00.000,16:00,12
2025-11-10 17:00:00.000,17:00,10.3
2025-11-10 18:00:00.000,18:00,7
2025-11-10 19:00:00.000,19:00,5.9363636363636365
2025-11-10 20:00:00.000,20:00,5.963636363636364
2025-11-10 21:00:00.000,21:00,6
2025-11-10 22:00:00.000,22:00,6
2025-11-10 23:00:00.000,23:00,5.4
2025-11-11 00:00:00.000,00:00,3.9000000000000004
2025-11-11 01:00:00.000,01:00,5.918181818181818
2025-11-11 02:00:00.000,02:00,4.981818181818182
2025-11-11 03:00:00.000,03:00,5
2025-11-11 04:00:00.000,04:00,5.2
2025-11-11 05:00:00.000,05:00,5.7
2025-11-11 06:00:00.000,06:00,6
2025-11-11 07:00:00.000,07:00,6
2025-11-11 08:00:00.000,08:00,7
2025-11-11 09:00:00.000,09:00,9.7
2025-11-11 10:00:00.000,10:00,16
2025-11-11 11:00:00.000,11:00,18.700000000000003
2025-11-11 12:00:00.000,12:00,17.3
2025-11-11 13:00:00.000,13:00,17.4
2025-11-11 14:00:00.000,14:00,21.700000000000003
2025-11-11 15:00:00.000,15:00,10.9
2025-11-11 16:00:00.000,16:00,6.3
2025-11-11 17:00:00.000,17:00,6
2025-11-11 18:00:00.000,18:00,4
2025-11-11 19:00:00.000,19:00,5.3
2025-11-11 20:00:00.000,20:00,4.7
2025-11-11 21:00:00.000,21:00,4.9363636363636365
2025-11-11 22:00:00.000,22:00,4.963636363636363
2025-11-11 23:00:00.000,23:00,5.775
2025-11-12 00:00:00.000,00:00,4.525
2025-11-12 01:00:00.000,01:00,5
2025-11-12 02:00:00.000,02:00,4.9
2025-11-12 03:00:00.000,03:00,5
2025-11-12 04:00:00.000,04:00,4.8
2025-11-12 05:00:00.000,05:00,5.177777777777777
2025-11-12 06:00:00.000,06:00,4.9222222222222225
2025-11-12 07:00:00.000,07:00,4.3
2025-11-12 08:00:00.000,08:00,4.7
2025-11-12 09:00:00.000,09:00,6
2025-11-12 10:00:00.000,10:00,5
2025-11-12 11:00:00.000,11:00,6
2025-11-12 12:00:00.000,12:00,4
2025-11-12 13:00:00.000,13:00,3.3
2025-11-12 14:00:00.000,14:00,2.7
2025-11-12 15:00:00.000,15:00,3
2025-11-12 16:00:00.000,16:00,1.3
2025-11-12 17:00:00.000,17:00,2
2025-11-12 18:00:00.000,18:00,2
2025-11-12 19:00:00.000,19:00,3
2025-11-12 20:00:00.000,20:00,4
2025-11-12 21:00:00.000,21:00,3
2025-11-12 22:00:00.000,22:00,2.5999999999999996
2025-11-12 23:00:00.000,23:00,3.4
2025-11-13 00:00:00.000,00:00,2.9
2025-11-13 01:00:00.000,01:00,4.1
2025-11-13 02:00:00.000,02:00,3
2025-11-13 03:00:00.000,03:00,3.8
2025-11-13 04:00:00.000,04:00,4
2025-11-13 05:00:00.000,05:00,3.9272727272727277
2025-11-13 06:00:00.000,06:00,4.041958041958042
2025-11-13 07:00:00.000,07:00,3.930769230769231
2025-11-13 08:00:00.000,08:00,5
2025-11-13 09:00:00.000,09:00,4.3
2025-11-13 10:00:00.000,10:00,3.9999999999999996
2025-11-13 11:00:00.000,11:00,4.7
2025-11-13 12:00:00.000,12:00,3.3
2025-11-13 13:00:00.000,13:00,2.7
2025-11-13 14:00:00.000,14:00,2.3
2025-11-13 15:00:00.000,15:00,4.7
2025-11-13 16:00:00.000,16:00,5
2025-11-13 17:00:00.000,17:00,4
2025-11-13 18:00:00.000,18:00,2
2025-11-13 19:00:00.000,19:00,2
2025-11-13 20:00:00.000,20:00,2
2025-11-13 21:00:00.000,21:00,3.3
2025-11-13 22:00:00.000,22:00,3
2025-11-13 23:00:00.000,23:00,3
2025-11-14 00:00:00.000,00:00,3.5808823529411766
2025-11-14 01:00:00.000,01:00,3.9705882352941178
2025-11-14 02:00:00.000,02:00,3.9705882352941178
2025-11-14 03:00:00.000,03:00,3.9705882352941178
2025-11-14 04:00:00.000,04:00,3.9705882352941178
2025-11-14 05:00:00.000,05:00,3.9705882352941178
2025-11-14 06:00:00.000,06:00,3.9705882352941178
2025-11-14 07:00:00.000,07:00,3.9705882352941178
2025-11-14 08:00:00.000,08:00,3.9705882352941178
2025-11-14 09:00:00.000,09:00,3.9705882352941178
2025-11-14 10:00:00.000,10:00,3.9705882352941178
2025-11-14 11:00:00.000,11:00,4.613235294117647
2025-11-14 12:00:00.000,12:00,17.9
2025-11-14 13:00:00.000,13:00,16
2025-11-14 14:00:00.000,14:00,5.199999999999999
2025-11-14 15:00:00.000,15:00,3
2025-11-14 16:00:00.000,16:00,2.7
2025-11-14 17:00:00.000,17:00,3
2025-11-14 18:00:00.000,18:00,2.3
2025-11-14 19:00:00.000,19:00,2
2025-11-14 20:00:00.000,20:00,2.7
2025-11-14 21:00:00.000,21:00,3.3
2025-11-14 22:00:00.000,22:00,4
2025-11-14 23:00:00.000,23:00,4
2025-11-15 00:00:00.000,00:00,4.9
2025-11-15 01:00:00.000,01:00,4.9
2025-11-15 02:00:00.000,02:00,5
2025-11-15 03:00:00.000,03:00,5
2025-11-15 04:00:00.000,04:00,4
2025-11-15 05:00:00.000,05:00,4.199999999999999
2025-11-15 06:00:00.000,06:00,4.7
2025-11-15 07:00:00.000,07:00,13.7
2025-11-15 08:00:00.000,08:00,10
2025-11-15 09:00:00.000,09:00,10.3
2025-11-15 10:00:00.000,10:00,9.7
2025-11-15 11:00:00.000,11:00,17.1
2025-11-15 12:00:00.000,12:00,16.2
2025-11-15 13:00:00.000,13:00,3.3
2025-11-15 14:00:00.000,14:00,4.4
2025-11-15 15:00:00.000,15:00,7.3
2025-11-15 16:00:00.000,16:00,7.7
2025-11-15 17:00:00.000,17:00,5.3
2025-11-15 18:00:00.000,18:00,6
2025-11-15 19:00:00.000,19:00,5
2025-11-15 20:00:00.000,20:00,3.8999999999999995
2025-11-15 21:00:00.000,21:00,7
2025-11-15 22:00:00.000,22:00,5
2025-11-15 23:00:00.000,23:00,6.4
2025-11-16 00:00:00.000,00:00,5.9
2025-11-16 01:00:00.000,01:00,5.9
2025-11-16 02:00:00.000,02:00,7
2025-11-16 03:00:00.000,03:00,6
2025-11-16 04:00:00.000,04:00,5.927272727272728
2025-11-16 05:00:00.000,05:00,5.972727272727273
2025-11-16 06:00:00.000,06:00,7
2025-11-16 07:00:00.000,07:00,7
2025-11-16 08:00:00.000,08:00,18.7
2025-11-16 09:00:00.000,09:00,12
2025-11-16 10:00:00.000,10:00,12
2025-11-16 11:00:00.000,11:00,22.8
2025-11-16 12:00:00.000,12:00,33.2
2025-11-16 13:00:00.000,13:00,6.3
2025-11-16 14:00:00.000,14:00,6
2025-11-16 15:00:00.000,15:00,6
2025-11-16 16:00:00.000,16:00,6
2025-11-16 17:00:00.000,17:00,6
2025-11-16 18:00:00.000,18:00,5
2025-11-16 19:00:00.000,19:00,5
2025-11-16 20:00:00.000,20:00,5
2025-11-16 21:00:00.000,21:00,4.3
2025-11-16 22:00:00.000,22:00,5.666666666666667
2025-11-16 23:00:00.000,23:00,4.333333333333333
2025-11-17 00:00:00.000,00:00,5.9
2025-11-17 01:00:00.000,01:00,5
2025-11-17 02:00:00.000,02:00,4
2025-11-17 03:00:00.000,03:00,4.8999999999999995
2025-11-17 04:00:00.000,04:00,6.033333333333333
2025-11-17 05:00:00.000,05:00,4.166666666666666
2025-11-17 06:00:00.000,06:00,5.699999999999999
2025-11-17 07:00:00.000,07:00,5
2025-11-17 08:00:00.000,08:00,6
2025-11-17 09:00:00.000,09:00,7.7
2025-11-17 10:00:00.000,10:00,6.3
2025-11-17 11:00:00.000,11:00,7
2025-11-17 12:00:00.000,12:00,6
2025-11-17 13:00:00.000,13:00,6
2025-11-17 14:00:00.000,14:00,6.55
2025-11-17 15:00:00.000,15:00,13.15
2025-11-17 16:00:00.000,16:00,10.3
2025-11-17 17:00:00.000,17:00,7
2025-11-17 18:00:00.000,18:00,5.688888888888888
2025-11-17 19:00:00.000,19:00,6.361111111111111
2025-11-17 20:00:00.000,20:00,6
2025-11-17 21:00:00.000,21:00,5.8500000000000005
2025-11-17 22:00:00.000,22:00,7
2025-11-17 23:00:00.000,23:00,7.4
2025-11-18 00:00:00.000,00:00,6.9
2025-11-18 01:00:00.000,01:00,7.9
2025-11-18 02:00:00.000,02:00,8.2
2025-11-18 03:00:00.000,03:00,8.6
2025-11-18 04:00:00.000,04:00,8.2
2025-11-18 05:00:00.000,05:00,9.6
2025-11-18 06:00:00.000,06:00,8.3
2025-11-18 07:00:00.000,07:00,10.7
2025-11-18 08:00:00.000,08:00,9.3
2025-11-18 09:00:00.000,09:00,9.7
2025-11-18 10:00:00.000,10:00,13
2025-11-18 11:00:00.000,11:00,10.3
2025-11-18 12:00:00.000,12:00,10.7
2025-11-18 13:00:00.000,13:00,9
2025-11-18 14:00:00.000,14:00,9.3
2025-11-18 15:00:00.000,15:00,9
2025-11-18 16:00:00.000,16:00,6.15
2025-11-18 17:00:00.000,17:00,7.85
2025-11-18 18:00:00.000,18:00,9
2025-11-18 19:00:00.000,19:00,7.7
2025-11-18 20:00:00.000,20:00,8.26666666666667
2025-11-18 21:00:00.000,21:00,7.933333333333334
2025-11-18 22:00:00.000,22:00,6.955555555555556
2025-11-18 23:00:00.000,23:00,10.444444444444445
2025-11-19 00:00:00.000,00:00,6.9
2025-11-19 01:00:00.000,01:00,7.9
2025-11-19 02:00:00.000,02:00,9
2025-11-19 03:00:00.000,03:00,7.7555555555555555
2025-11-19 04:00:00.000,04:00,7.844444444444444
2025-11-19 05:00:00.000,05:00,7.3
2025-11-19 06:00:00.000,06:00,8
2025-11-19 07:00:00.000,07:00,7.7
2025-11-19 08:00:00.000,08:00,8
2025-11-19 09:00:00.000,09:00,8
2025-11-19 10:00:00.000,10:00,10
2025-11-19 11:00:00.000,11:00,8.3
2025-11-19 12:00:00.000,12:00,8
2025-11-19 13:00:00.000,13:00,6
2025-11-19 14:00:00.000,14:00,9.7
2025-11-19 15:00:00.000,15:00,8.3
2025-11-19 16:00:00.000,16:00,10
2025-11-19 17:00:00.000,17:00,10.7
2025-11-19 18:00:00.000,18:00,10
2025-11-19 19:00:00.000,19:00,9
2025-11-19 20:00:00.000,20:00,9.200000000000001
2025-11-19 21:00:00.000,21:00,9
2025-11-19 22:00:00.000,22:00,11.600000000000001
2025-11-19 23:00:00.000,23:00,9.657142857142857
2025-11-20 00:00:00.000,00:00,8.942857142857143
2025-11-20 01:00:00.000,01:00,10.8
2025-11-20 02:00:00.000,02:00,11
2025-11-20 03:00:00.000,03:00,10.955555555555556
2025-11-20 04:00:00.000,04:00,8.844444444444445
2025-11-20 05:00:00.000,05:00,9
2025-11-20 06:00:00.000,06:00,11
2025-11-20 07:00:00.000,07:00,9.3
2025-11-20 08:00:00.000,08:00,9
2025-11-20 09:00:00.000,09:00,9.7
2025-11-20 10:00:00.000,10:00,9
2025-11-20 11:00:00.000,11:00,8.3
2025-11-20 12:00:00.000,12:00,7.7
2025-11-20 13:00:00.000,13:00,7.3
2025-11-20 14:00:00.000,14:00,7.7
2025-11-20 15:00:00.000,15:00,10
2025-11-20 16:00:00.000,16:00,11
2025-11-20 17:00:00.000,17:00,10
2025-11-20 18:00:00.000,18:00,7.3
2025-11-20 19:00:00.000,19:00,9
2025-11-20 20:00:00.000,20:00,8.899999999999999
2025-11-20 21:00:00.000,21:00,10
2025-11-20 22:00:00.000,22:00,9.6
2025-11-20 23:00:00.000,23:00,10.8
2025-11-21 00:00:00.000,00:00,10.700000000000001
2025-11-21 01:00:00.000,01:00,7.9
2025-11-21 02:00:00.000,02:00,10
2025-11-21 03:00:00.000,03:00,9.1
2025-11-21 04:00:00.000,04:00,9.7
2025-11-21 05:00:00.000,05:00,9
2025-11-21 06:00:00.000,06:00,10
2025-11-21 07:00:00.000,07:00,10
2025-11-21 08:00:00.000,08:00,9
2025-11-21 09:00:00.000,09:00,9
2025-11-21 10:00:00.000,10:00,9
2025-11-21 11:00:00.000,11:00,9.3
2025-11-21 12:00:00.000,12:00,6
2025-11-21 13:00:00.000,13:00,5.9363636363636365
2025-11-21 14:00:00.000,14:00,7.0636363636363635
2025-11-21 15:00:00.000,15:00,6
2025-11-21 16:00:00.000,16:00,7
2025-11-21 17:00:00.000,17:00,7
2025-11-21 18:00:00.000,18:00,7.9363636363636365
2025-11-21 19:00:00.000,19:00,7.563636363636364
2025-11-21 20:00:00.000,20:00,7.4
2025-11-21 21:00:00.000,21:00,8.6
2025-11-21 22:00:00.000,22:00,9
2025-11-21 23:00:00.000,23:00,8.8
2025-11-22 00:00:00.000,00:00,7.9
2025-11-22 01:00:00.000,01:00,8.9
2025-11-22 02:00:00.000,02:00,10.8
2025-11-22 03:00:00.000,03:00,9.8
2025-11-22 04:00:00.000,04:00,10
2025-11-22 05:00:00.000,05:00,10
2025-11-22 06:00:00.000,06:00,11
2025-11-22 07:00:00.000,07:00,12.7
2025-11-22 08:00:00.000,08:00,16.1
2025-11-22 09:00:00.000,09:00,18.9
2025-11-22 10:00:00.000,10:00,16
2025-11-22 11:00:00.000,11:00,30.1
2025-11-22 12:00:00.000,12:00,29.2
2025-11-22 13:00:00.000,13:00,15
2025-11-22 14:00:00.000,14:00,11
2025-11-22 15:00:00.000,15:00,13
2025-11-22 16:00:00.000,16:00,14
2025-11-22 17:00:00.000,17:00,13.3
2025-11-22 18:00:00.000,18:00,7.7
2025-11-22 19:00:00.000,19:00,8.933333333333334
2025-11-22 20:00:00.000,20:00,7.866666666666667
2025-11-22 21:00:00.000,21:00,10
2025-11-22 22:00:00.000,22:00,9
2025-11-22 23:00:00.000,23:00,8.8
2025-11-23 00:00:00.000,00:00,7.9
2025-11-23 01:00:00.000,01:00,8.918181818181818
2025-11-23 02:00:00.000,02:00,8.781818181818181
2025-11-23 03:00:00.000,03:00,8.099999999999998
2025-11-23 04:00:00.000,04:00,9.7
2025-11-23 05:00:00.000,05:00,9
2025-11-23 06:00:00.000,06:00,9
2025-11-23 07:00:00.000,07:00,10.3
2025-11-23 08:00:00.000,08:00,29.200000000000003
2025-11-23 09:00:00.000,09:00,32.3
2025-11-23 10:00:00.000,10:00,38
2025-11-23 11:00:00.000,11:00,34
2025-11-23 12:00:00.000,12:00,32
2025-11-23 13:00:00.000,13:00,36
2025-11-23 14:00:00.000,14:00,32.300000000000004
2025-11-23 15:00:00.000,15:00,26.099999999999998
2025-11-23 16:00:00.000,16:00,17.8
2025-11-23 17:00:00.000,17:00,7.3
2025-11-23 18:00:00.000,18:00,7
2025-11-23 19:00:00.000,19:00,7
2025-11-23 20:00:00.000,20:00,7
2025-11-23 21:00:00.000,21:00,5.9
2025-11-23 22:00:00.000,22:00,6
2025-11-23 23:00:00.000,23:00,6.4
2025-11-24 00:00:00.000,00:00,5.888888888888889
2025-11-24 01:00:00.000,01:00,6.011111111111111
2025-11-24 02:00:00.000,02:00,6.9
2025-11-24 03:00:00.000,03:00,6
2025-11-24 04:00:00.000,04:00,7
2025-11-24 05:00:00.000,05:00,6.8
2025-11-24 06:00:00.000,06:00,6.1
2025-11-24 07:00:00.000,07:00,6
2025-11-24 08:00:00.000,08:00,7
2025-11-24 09:00:00.000,09:00,8
2025-11-24 10:00:00.000,10:00,7
2025-11-24 11:00:00.000,11:00,6.7
2025-11-24 12:00:00.000,12:00,6.3
2025-11-24 13:00:00.000,13:00,5.15
2025-11-24 14:00:00.000,14:00,4.85
2025-11-24 15:00:00.000,15:00,8
2025-11-24 16:00:00.000,16:00,9
2025-11-24 17:00:00.000,17:00,7
2025-11-24 18:00:00.000,18:00,7
2025-11-24 19:00:00.000,19:00,6
2025-11-24 20:00:00.000,20:00,6
2025-11-24 21:00:00.000,21:00,7
2025-11-24 22:00:00.000,22:00,4.9
2025-11-24 23:00:00.000,23:00,6.4
2025-11-25 00:00:00.000,00:00,6.9
2025-11-25 01:00:00.000,01:00,6.9
2025-11-25 02:00:00.000,02:00,6
2025-11-25 03:00:00.000,03:00,6.580952380952381
2025-11-25 04:00:00.000,04:00,6.346320346320347
2025-11-25 05:00:00.000,05:00,6.972727272727273
2025-11-25 06:00:00.000,06:00,6.15
2025-11-25 07:00:00.000,07:00,8.850000000000001
2025-11-25 08:00:00.000,08:00,7.4
2025-11-25 09:00:00.000,09:00,8.3
2025-11-25 10:00:00.000,10:00,6.65
2025-11-25 11:00:00.000,11:00,7.6499999999999995
2025-11-25 12:00:00.000,12:00,7
2025-11-25 13:00:00.000,13:00,6
2025-11-25 14:00:00.000,14:00,7
2025-11-25 15:00:00.000,15:00,6
2025-11-25 16:00:00.000,16:00,7
2025-11-25 17:00:00.000,17:00,7
2025-11-25 18:00:00.000,18:00,9
2025-11-25 19:00:00.000,19:00,6.999999999999999
2025-11-25 20:00:00.000,20:00,7
2025-11-25 21:00:00.000,21:00,8.572727272727272
2025-11-25 22:00:00.000,22:00,8.327272727272728
2025-11-25 23:00:00.000,23:00,8.4
2025-11-26 00:00:00.000,00:00,7.8
2025-11-26 01:00:00.000,01:00,8.088888888888889
2025-11-26 02:00:00.000,02:00,9.711111111111109
2025-11-26 03:00:00.000,03:00,9
2025-11-26 04:00:00.000,04:00,7.800000000000001
2025-11-26 05:00:00.000,05:00,9
2025-11-26 06:00:00.000,06:00,9.3
2025-11-26 07:00:00.000,07:00,10
2025-11-26 08:00:00.000,08:00,10
2025-11-26 09:00:00.000,09:00,10.700000000000001
2025-11-26 10:00:00.000,10:00,10.299999999999999
2025-11-26 11:00:00.000,11:00,10
2025-11-26 12:00:00.000,12:00,7
2025-11-26 13:00:00.000,13:00,7.699999999999999
2025-11-26 14:00:00.000,14:00,6.3
2025-11-26 15:00:00.000,15:00,6.699999999999999
2025-11-26 16:00:00.000,16:00,6.300000000000001
2025-11-26 17:00:00.000,17:00,7
2025-11-26 18:00:00.000,18:00,7
2025-11-26 19:00:00.000,19:00,8
2025-11-26 20:00:00.000,20:00,7.699999999999999
2025-11-26 21:00:00.000,21:00,8.9
2025-11-26 22:00:00.000,22:00,6.9
2025-11-26 23:00:00.000,23:00,8.8
2025-11-27 00:00:00.000,00:00,8.8
2025-11-27 01:00:00.000,01:00,8.836363636363636
2025-11-27 02:00:00.000,02:00,11.113636363636363
2025-11-27 03:00:00.000,03:00,8.704545454545455
2025-11-27 04:00:00.000,04:00,8.245454545454544
2025-11-27 05:00:00.000,05:00,9
2025-11-27 06:00:00.000,06:00,9
2025-11-27 07:00:00.000,07:00,9.700000000000001
2025-11-27 08:00:00.000,08:00,9.299999999999999
2025-11-27 09:00:00.000,09:00,10.700000000000001
2025-11-27 10:00:00.000,10:00,11
2025-11-27 11:00:00.000,11:00,8.3
2025-11-27 12:00:00.000,12:00,8
2025-11-27 13:00:00.000,13:00,6
2025-11-27 14:00:00.000,14:00,6
2025-11-27 15:00:00.000,15:00,10.700000000000001
2025-11-27 16:00:00.000,16:00,11
2025-11-27 17:00:00.000,17:00,8.6
2025-11-27 18:00:00.000,18:00,6.7
2025-11-27 19:00:00.000,19:00,6.699999999999999
2025-11-27 20:00:00.000,20:00,6.3
2025-11-27 21:00:00.000,21:00,7.5
2025-11-27 22:00:00.000,22:00,6.4
2025-11-27 23:00:00.000,23:00,7.4
2025-11-28 00:00:00.000,00:00,6.9
2025-11-28 01:00:00.000,01:00,6.918181818181818
2025-11-28 02:00:00.000,02:00,6.9818181818181815
2025-11-28 03:00:00.000,03:00,7
2025-11-28 04:00:00.000,04:00,7
2025-11-28 05:00:00.000,05:00,5.9
2025-11-28 06:00:00.000,06:00,7.027272727272727
2025-11-28 07:00:00.000,07:00,6.972727272727273
2025-11-28 08:00:00.000,08:00,7
2025-11-28 09:00:00.000,09:00,7.699999999999999
2025-11-28 10:00:00.000,10:00,10
2025-11-28 11:00:00.000,11:00,9.299999999999999
2025-11-28 12:00:00.000,12:00,9.700000000000001
2025-11-28 13:00:00.000,13:00,9
2025-11-28 14:00:00.000,14:00,9
2025-11-28 15:00:00.000,15:00,10
2025-11-28 16:00:00.000,16:00,9
2025-11-28 17:00:00.000,17:00,6.3
2025-11-28 18:00:00.000,18:00,8
2025-11-28 19:00:00.000,19:00,6.9363636363636365
2025-11-28 20:00:00.000,20:00,6.963636363636364
2025-11-28 21:00:00.000,21:00,7
2025-11-28 22:00:00.000,22:00,7
2025-11-28 23:00:00.000,23:00,8.4
2025-11-29 00:00:00.000,00:00,6.8
2025-11-29 01:00:00.000,01:00,6.800000000000001
2025-11-29 02:00:00.000,02:00,6.2
2025-11-29 03:00:00.000,03:00,8
2025-11-29 04:00:00.000,04:00,7
2025-11-29 05:00:00.000,05:00,6.9
2025-11-29 06:00:00.000,06:00,7
2025-11-29 07:00:00.000,07:00,8
2025-11-29 08:00:00.000,08:00,14.8
2025-11-29 09:00:00.000,09:00,21.6
2025-11-29 10:00:00.000,10:00,14.3
2025-11-29 11:00:00.000,11:00,19.5
2025-11-29 12:00:00.000,12:00,27.5
2025-11-29 13:00:00.000,13:00,12.299999999999999
2025-11-29 14:00:00.000,14:00,7.699999999999999
2025-11-29 15:00:00.000,15:00,11
2025-11-29 16:00:00.000,16:00,13
2025-11-29 17:00:00.000,17:00,11
2025-11-29 18:00:00.000,18:00,9.3
2025-11-29 19:00:00.000,19:00,9.572727272727274
2025-11-29 20:00:00.000,20:00,11.927272727272728
2025-11-29 21:00:00.000,21:00,13
2025-11-29 22:00:00.000,22:00,12
2025-11-29 23:00:00.000,23:00,9.8
2025-11-30 00:00:00.000,00:00,10.8
2025-11-30 01:00:00.000,01:00,9.018181818181818
2025-11-30 02:00:00.000,02:00,7.9818181818181815
2025-11-30 03:00:00.000,03:00,7
2025-11-30 04:00:00.000,04:00,8.654545454545454
2025-11-30 05:00:00.000,05:00,7.245454545454545
2025-11-30 06:00:00.000,06:00,8.7
2025-11-30 07:00:00.000,07:00,19
2025-11-30 08:00:00.000,08:00,35.5
2025-11-30 09:00:00.000,09:00,35.2
2025-11-30 10:00:00.000,10:00,36.1
2025-11-30 11:00:00.000,11:00,33.7
2025-11-30 12:00:00.000,12:00,34
2025-11-30 13:00:00.000,13:00,31.5
2025-11-30 14:00:00.000,14:00,30.1
2025-11-30 15:00:00.000,15:00,35
2025-11-30 16:00:00.000,16:00,16.9
2025-11-30 17:00:00.000,17:00,14
2025-11-30 18:00:00.000,18:00,11
2025-11-30 19:00:00.000,19:00,10.933333333333334
2025-11-30 20:00:00.000,20:00,10.066666666666666
2025-11-30 21:00:00.000,21:00,10.799999999999999
2025-11-30 22:00:00.000,22:00,10
2025-11-30 23:00:00.000,23:00,10.8
2025-12-01 00:00:00.000,00:00,10.8
2025-12-01 01:00:00.000,01:00,10.8
2025-12-01 02:00:00.000,02:00,11
2025-12-01 03:00:00.000,03:00,9.854545454545455
2025-12-01 04:00:00.000,04:00,10.945454545454545
2025-12-01 05:00:00.000,05:00,11
2025-12-01 06:00:00.000,06:00,11
2025-12-01 07:00:00.000,07:00,10
2025-12-01 08:00:00.000,08:00,12
2025-12-01 09:00:00.000,09:00,12
2025-12-01 10:00:00.000,10:00,12.7
2025-12-01 11:00:00.000,11:00,14.699999999999998
2025-12-01 12:00:00.000,12:00,10.6
2025-12-01 13:00:00.000,13:00,9
2025-12-01 14:00:00.000,14:00,10
2025-12-01 15:00:00.000,15:00,13
2025-12-01 16:00:00.000,16:00,13
2025-12-01 17:00:00.000,17:00,12
2025-12-01 18:00:00.000,18:00,9
2025-12-01 19:00:00.000,19:00,9.35
2025-12-01 20:00:00.000,20:00,8.85
2025-12-01 21:00:00.000,21:00,11
2025-12-01 22:00:00.000,22:00,9
2025-12-01 23:00:00.000,23:00,9.4
2025-12-02 00:00:00.000,00:00,8.7
2025-12-02 01:00:00.000,01:00,7.9
2025-12-02 02:00:00.000,02:00,9.2
2025-12-02 03:00:00.000,03:00,8.654545454545454
2025-12-02 04:00:00.000,04:00,8.245454545454546
2025-12-02 05:00:00.000,05:00,11
2025-12-02 06:00:00.000,06:00,8.925
2025-12-02 07:00:00.000,07:00,9.075
2025-12-02 08:00:00.000,08:00,8.7
2025-12-02 09:00:00.000,09:00,12
2025-12-02 10:00:00.000,10:00,11
2025-12-02 11:00:00.000,11:00,11
2025-12-02 12:00:00.000,12:00,11.3
2025-12-02 13:00:00.000,13:00,11
2025-12-02 14:00:00.000,14:00,10.7
2025-12-02 15:00:00.000,15:00,9
2025-12-02 16:00:00.000,16:00,9.488888888888889
2025-12-02 17:00:00.000,17:00,7.811111111111111
2025-12-02 18:00:00.000,18:00,8
2025-12-02 19:00:00.000,19:00,8
2025-12-02 20:00:00.000,20:00,8
2025-12-02 21:00:00.000,21:00,7.9
2025-12-02 22:00:00.000,22:00,7.6
2025-12-02 23:00:00.000,23:00,8.8
2025-12-03 00:00:00.000,00:00,6.9
2025-12-03 01:00:00.000,01:00,8.176923076923078
2025-12-03 02:00:00.000,02:00,9.523076923076923
2025-12-03 03:00:00.000,03:00,8.177777777777777
2025-12-03 04:00:00.000,04:00,7.022222222222222
2025-12-03 05:00:00.000,05:00,7.977777777777778
2025-12-03 06:00:00.000,06:00,8.62222222222222
2025-12-03 07:00:00.000,07:00,9
2025-12-03 08:00:00.000,08:00,8
2025-12-03 09:00:00.000,09:00,8.3
2025-12-03 10:00:00.000,10:00,9.7
2025-12-03 11:00:00.000,11:00,11
2025-12-03 12:00:00.000,12:00,10.3
2025-12-03 13:00:00.000,13:00,9
2025-12-03 14:00:00.000,14:00,8
2025-12-03 15:00:00.000,15:00,7
2025-12-03 16:00:00.000,16:00,9.7
2025-12-03 17:00:00.000,17:00,10.3
2025-12-03 18:00:00.000,18:00,9
2025-12-03 19:00:00.000,19:00,9
2025-12-03 20:00:00.000,20:00,10
2025-12-03 21:00:00.000,21:00,9.5
2025-12-03 22:00:00.000,22:00,8.4
2025-12-03 23:00:00.000,23:00,9.4
2025-12-04 00:00:00.000,00:00,6.9
2025-12-04 01:00:00.000,01:00,9.9
2025-12-04 02:00:00.000,02:00,7.8
2025-12-04 03:00:00.000,03:00,9.2
2025-12-04 04:00:00.000,04:00,8.941935483870967
2025-12-04 05:00:00.000,05:00,8.658064516129032
2025-12-04 06:00:00.000,06:00,8.3
2025-12-04 07:00:00.000,07:00,8.7
2025-12-04 08:00:00.000,08:00,9
2025-12-04 09:00:00.000,09:00,10
2025-12-04 10:00:00.000,10:00,15
2025-12-04 11:00:00.000,11:00,12
2025-12-04 12:00:00.000,12:00,11
2025-12-04 13:00:00.000,13:00,8.3
2025-12-04 14:00:00.000,14:00,9
2025-12-04 15:00:00.000,15:00,11.7
2025-12-04 16:00:00.000,16:00,13
2025-12-04 17:00:00.000,17:00,8.3
2025-12-04 18:00:00.000,18:00,8.7
2025-12-04 19:00:00.000,19:00,8.3
2025-12-04 20:00:00.000,20:00,8.7
2025-12-04 21:00:00.000,21:00,9.266666666666666
2025-12-04 22:00:00.000,22:00,7.533333333333332
2025-12-04 23:00:00.000,23:00,9.8
2025-12-05 00:00:00.000,00:00,7.8
2025-12-05 01:00:00.000,01:00,9.018181818181818
2025-12-05 02:00:00.000,02:00,9.959595959595958
2025-12-05 03:00:00.000,03:00,8.822222222222223
2025-12-05 04:00:00.000,04:00,9.8
2025-12-05 05:00:00.000,05:00,9.3
2025-12-05 06:00:00.000,06:00,10.7
2025-12-05 07:00:00.000,07:00,10
2025-12-05 08:00:00.000,08:00,10
2025-12-05 09:00:00.000,09:00,19
2025-12-05 10:00:00.000,10:00,15.7
2025-12-05 11:00:00.000,11:00,35.1
2025-12-05 12:00:00.000,12:00,19.2
2025-12-05 13:00:00.000,13:00,12
2025-12-05 14:00:00.000,14:00,10.3
2025-12-05 15:00:00.000,15:00,8.7
2025-12-05 16:00:00.000,16:00,8.3
2025-12-05 17:00:00.000,17:00,9
2025-12-05 18:00:00.000,18:00,9
2025-12-05 19:00:00.000,19:00,8.7
2025-12-05 20:00:00.000,20:00,8.200000000000001
2025-12-05 21:00:00.000,21:00,8.6
2025-12-05 22:00:00.000,22:00,7.4
2025-12-05 23:00:00.000,23:00,8.4
2025-12-06 00:00:00.000,00:00,7.9
2025-12-06 01:00:00.000,01:00,7.699999999999999
2025-12-06 02:00:00.000,02:00,7.2
2025-12-06 03:00:00.000,03:00,7
2025-12-06 04:00:00.000,04:00,6.927272727272728
2025-12-06 05:00:00.000,05:00,6.972727272727273
2025-12-06 06:00:00.000,06:00,7
2025-12-06 07:00:00.000,07:00,19.700000000000003
2025-12-06 08:00:00.000,08:00,13.7
2025-12-06 09:00:00.000,09:00,34.400000000000006
2025-12-06 10:00:00.000,10:00,16.9
2025-12-06 11:00:00.000,11:00,25.8
2025-12-06 12:00:00.000,12:00,29.2
2025-12-06 13:00:00.000,13:00,15.5
2025-12-06 14:00:00.000,14:00,33.2
2025-12-06 15:00:00.000,15:00,12.3
2025-12-06 16:00:00.000,16:00,11
2025-12-06 17:00:00.000,17:00,13.7
2025-12-06 18:00:00.000,18:00,12.3
2025-12-06 19:00:00.000,19:00,12
2025-12-06 20:00:00.000,20:00,11.8
2025-12-06 21:00:00.000,21:00,12
2025-12-06 22:00:00.000,22:00,11
2025-12-06 23:00:00.000,23:00,11.8
2025-12-07 00:00:00.000,00:00,7.9
2025-12-07 01:00:00.000,01:00,6.9
2025-12-07 02:00:00.000,02:00,9
2025-12-07 03:00:00.000,03:00,7
2025-12-07 04:00:00.000,04:00,8.755555555555556
2025-12-07 05:00:00.000,05:00,7.844444444444443
2025-12-07 06:00:00.000,06:00,7.3
2025-12-07 07:00:00.000,07:00,8.7
2025-12-07 08:00:00.000,08:00,29.500000000000004
2025-12-07 09:00:00.000,09:00,32.5
2025-12-07 10:00:00.000,10:00,12.7
2025-12-07 11:00:00.000,11:00,35.1
2025-12-07 12:00:00.000,12:00,37.7
2025-12-07 13:00:00.000,13:00,34.2
2025-12-07 14:00:00.000,14:00,11.3
2025-12-07 15:00:00.000,15:00,12.3
2025-12-07 16:00:00.000,16:00,7
2025-12-07 17:00:00.000,17:00,5
2025-12-07 18:00:00.000,18:00,5
2025-12-07 19:00:00.000,19:00,6
2025-12-07 20:00:00.000,20:00,5
2025-12-07 21:00:00.000,21:00,5.142105263157895
2025-12-07 22:00:00.000,22:00,5.091228070175438
2025-12-07 23:00:00.000,23:00,5.066666666666666
2025-12-08 00:00:00.000,00:00,5.9
2025-12-08 01:00:00.000,01:00,4.55
2025-12-08 02:00:00.000,02:00,4.35
2025-12-08 03:00:00.000,03:00,6.033333333333333
2025-12-08 04:00:00.000,04:00,4.893939393939394
2025-12-08 05:00:00.000,05:00,5.1060606060606055
2025-12-08 06:00:00.000,06:00,5.866666666666667
2025-12-08 07:00:00.000,07:00,5
2025-12-08 08:00:00.000,08:00,5
2025-12-08 09:00:00.000,09:00,6
2025-12-08 10:00:00.000,10:00,7.7
2025-12-08 11:00:00.000,11:00,6.138461538461538
2025-12-08 12:00:00.000,12:00,5.161538461538462
2025-12-08 13:00:00.000,13:00,6
2025-12-08 14:00:00.000,14:00,4.3
2025-12-08 15:00:00.000,15:00,8.4
2025-12-08 16:00:00.000,16:00,10.3
2025-12-08 17:00:00.000,17:00,7
2025-12-08 18:00:00.000,18:00,5
2025-12-08 19:00:00.000,19:00,5.65
2025-12-08 20:00:00.000,20:00,4.35
2025-12-08 21:00:00.000,21:00,6
2025-12-08 22:00:00.000,22:00,6
2025-12-08 23:00:00.000,23:00,6.300000000000001
2025-12-09 00:00:00.000,00:00,4.9
2025-12-09 01:00:00.000,01:00,5.016666666666667
2025-12-09 02:00:00.000,02:00,5.883333333333333
2025-12-09 03:00:00.000,03:00,6.2
2025-12-09 04:00:00.000,04:00,6
2025-12-09 05:00:00.000,05:00,6.727272727272727
2025-12-09 06:00:00.000,06:00,5.999999999999999
2025-12-09 07:00:00.000,07:00,5.972727272727273
2025-12-09 08:00:00.000,08:00,6.925
2025-12-09 09:00:00.000,09:00,6.074999999999999
2025-12-09 10:00:00.000,10:00,7
2025-12-09 11:00:00.000,11:00,19.7
2025-12-09 12:00:00.000,12:00,8
2025-12-09 13:00:00.000,13:00,7.3
2025-12-09 14:00:00.000,14:00,6.999999999999999
2025-12-09 15:00:00.000,15:00,7
2025-12-09 16:00:00.000,16:00,7
2025-12-09 17:00:00.000,17:00,5
2025-12-09 18:00:00.000,18:00,6
2025-12-09 19:00:00.000,19:00,5
2025-12-09 20:00:00.000,20:00,6.0777777777777775
2025-12-09 21:00:00.000,21:00,6.494949494949495
2025-12-09 22:00:00.000,22:00,6.327272727272727
2025-12-09 23:00:00.000,23:00,6.4
2025-12-10 00:00:00.000,00:00,5.9
2025-12-10 01:00:00.000,01:00,5.253846153846154
2025-12-10 02:00:00.000,02:00,8.179487179487179
2025-12-10 03:00:00.000,03:00,4.666666666666666
2025-12-10 04:00:00.000,04:00,6.8
2025-12-10 05:00:00.000,05:00,7
2025-12-10 06:00:00.000,06:00,5.977777777777778
2025-12-10 07:00:00.000,07:00,5.9222222222222225
2025-12-10 08:00:00.000,08:00,12.7
2025-12-10 09:00:00.000,09:00,27.8
2025-12-10 10:00:00.000,10:00,32
2025-12-10 11:00:00.000,11:00,27.6
2025-12-10 12:00:00.000,12:00,30.7
2025-12-10 13:00:00.000,13:00,13.2
2025-12-10 14:00:00.000,14:00,10.7
2025-12-10 15:00:00.000,15:00,11.7
2025-12-10 16:00:00.000,16:00,36.1
2025-12-10 17:00:00.000,17:00,20.5
2025-12-10 18:00:00.000,18:00,7
2025-12-10 19:00:00.000,19:00,6.7
2025-12-10 20:00:00.000,20:00,5.3
2025-12-10 21:00:00.000,21:00,4.9363636363636365
2025-12-10 22:00:00.000,22:00,6.03030303030303
2025-12-10 23:00:00.000,23:00,5.333333333333334
2025-12-11 00:00:00.000,00:00,5
2025-12-11 01:00:00.000,01:00,6
2025-12-11 02:00:00.000,02:00,5.8
2025-12-11 03:00:00.000,03:00,6
2025-12-11 04:00:00.000,04:00,6.033333333333333
2025-12-11 05:00:00.000,05:00,4.866666666666667
2025-12-11 06:00:00.000,06:00,6.7
2025-12-11 07:00:00.000,07:00,5.3
2025-12-11 08:00:00.000,08:00,7
2025-12-11 09:00:00.000,09:00,6
2025-12-11 10:00:00.000,10:00,6
2025-12-11 11:00:00.000,11:00,6
2025-12-11 12:00:00.000,12:00,6
2025-12-11 13:00:00.000,13:00,6
2025-12-11 14:00:00.000,14:00,5
2025-12-11 15:00:00.000,15:00,7
2025-12-11 16:00:00.000,16:00,8
2025-12-11 17:00:00.000,17:00,5
2025-12-11 18:00:00.000,18:00,5
2025-12-11 19:00:00.000,19:00,5
2025-12-11 20:00:00.000,20:00,5
2025-12-11 21:00:00.000,21:00,4.3
2025-12-11 22:00:00.000,22:00,6
2025-12-11 23:00:00.000,23:00,5
2025-12-12 00:00:00.000,00:00,5.9
2025-12-12 01:00:00.000,01:00,5
2025-12-12 02:00:00.000,02:00,4.933333333333334
2025-12-12 03:00:00.000,03:00,6.166666666666667
2025-12-12 04:00:00.000,04:00,5
2025-12-12 05:00:00.000,05:00,5.699999999999999
2025-12-12 06:00:00.000,06:00,6
2025-12-12 07:00:00.000,07:00,5
2025-12-12 08:00:00.000,08:00,5
2025-12-12 09:00:00.000,09:00,22.5
2025-12-12 10:00:00.000,10:00,34.3
2025-12-12 11:00:00.000,11:00,17.9
2025-12-12 12:00:00.000,12:00,9
2025-12-12 13:00:00.000,13:00,5.3
2025-12-12 14:00:00.000,14:00,3.3
2025-12-12 15:00:00.000,15:00,4
2025-12-12 16:00:00.000,16:00,4.7
2025-12-12 17:00:00.000,17:00,4.3
2025-12-12 18:00:00.000,18:00,4.666666666666667
2025-12-12 19:00:00.000,19:00,3.9696969696969697
2025-12-12 20:00:00.000,20:00,5.363636363636363
2025-12-12 21:00:00.000,21:00,4.6
2025-12-12 22:00:00.000,22:00,6
2025-12-12 23:00:00.000,23:00,5.4
2025-12-13 00:00:00.000,00:00,4.9
2025-12-13 01:00:00.000,01:00,5.7
2025-12-13 02:00:00.000,02:00,5.2
2025-12-13 03:00:00.000,03:00,6.2
2025-12-13 04:00:00.000,04:00,6
2025-12-13 05:00:00.000,05:00,6.7
2025-12-13 06:00:00.000,06:00,6
2025-12-13 07:00:00.000,07:00,7
2025-12-13 08:00:00.000,08:00,17.7
2025-12-13 09:00:00.000,09:00,24.7
2025-12-13 10:00:00.000,10:00,23
2025-12-13 11:00:00.000,11:00,18.3
2025-12-13 12:00:00.000,12:00,16.8
2025-12-13 13:00:00.000,13:00,25.5
2025-12-13 14:00:00.000,14:00,14.7
2025-12-13 15:00:00.000,15:00,11.3
2025-12-13 16:00:00.000,16:00,10.7
2025-12-13 17:00:00.000,17:00,10
2025-12-13 18:00:00.000,18:00,7.266666666666667
2025-12-13 19:00:00.000,19:00,7.96969696969697
2025-12-13 20:00:00.000,20:00,7.963636363636364
2025-12-13 21:00:00.000,21:00,8
2025-12-13 22:00:00.000,22:00,7
2025-12-13 23:00:00.000,23:00,7.4
2025-12-14 00:00:00.000,00:00,6.9
2025-12-14 01:00:00.000,01:00,7.699999999999999
2025-12-14 02:00:00.000,02:00,7.2
2025-12-14 03:00:00.000,03:00,7
2025-12-14 04:00:00.000,04:00,8.600000000000001
2025-12-14 05:00:00.000,05:00,7
2025-12-14 06:00:00.000,06:00,10.1
2025-12-14 07:00:00.000,07:00,19
2025-12-14 08:00:00.000,08:00,26.4
2025-12-14 09:00:00.000,09:00,30.6
2025-12-14 10:00:00.000,10:00,28.700000000000003
2025-12-14 11:00:00.000,11:00,35.7
2025-12-14 12:00:00.000,12:00,36
2025-12-14 13:00:00.000,13:00,33.2
2025-12-14 14:00:00.000,14:00,25.999999999999996
2025-12-14 15:00:00.000,15:00,15.3
2025-12-14 16:00:00.000,16:00,12.3
2025-12-14 17:00:00.000,17:00,7
2025-12-14 18:00:00.000,18:00,7
2025-12-14 19:00:00.000,19:00,7.7
2025-12-14 20:00:00.000,20:00,7.236363636363636
2025-12-14 21:00:00.000,21:00,7.963636363636365
2025-12-14 22:00:00.000,22:00,7
2025-12-14 23:00:00.000,23:00,8.4
2025-12-15 00:00:00.000,00:00,7.9
2025-12-15 01:00:00.000,01:00,8.918181818181818
2025-12-15 02:00:00.000,02:00,7.981818181818183
2025-12-15 03:00:00.000,03:00,7.977777777777778
2025-12-15 04:00:00.000,04:00,8
2025-12-15 05:00:00.000,05:00,7.9222222222222225
2025-12-15 06:00:00.000,06:00,7
2025-12-15 07:00:00.000,07:00,8
2025-12-15 08:00:00.000,08:00,7
2025-12-15 09:00:00.000,09:00,9.7
2025-12-15 10:00:00.000,10:00,9.3
2025-12-15 11:00:00.000,11:00,7
2025-12-15 12:00:00.000,12:00,6
2025-12-15 13:00:00.000,13:00,4.7
2025-12-15 14:00:00.000,14:00,4.3
2025-12-15 15:00:00.000,15:00,8.7
2025-12-15 16:00:00.000,16:00,9.7
2025-12-15 17:00:00.000,17:00,4.9
2025-12-15 18:00:00.000,18:00,4.7
2025-12-15 19:00:00.000,19:00,4
2025-12-15 20:00:00.000,20:00,5
2025-12-15 21:00:00.000,21:00,5.3
2025-12-15 22:00:00.000,22:00,4.7
2025-12-15 23:00:00.000,23:00,5.300000000000001
2025-12-16 00:00:00.000,00:00,4.9
2025-12-16 01:00:00.000,01:00,4.918181818181819
2025-12-16 02:00:00.000,02:00,5.981818181818182
2025-12-16 03:00:00.000,03:00,5
2025-12-16 04:00:00.000,04:00,6
2025-12-16 05:00:00.000,05:00,5.8
2025-12-16 06:00:00.000,06:00,6.1
2025-12-16 07:00:00.000,07:00,5.3
2025-12-16 08:00:00.000,08:00,5.7
2025-12-16 09:00:00.000,09:00,7
2025-12-16 10:00:00.000,10:00,6
2025-12-16 11:00:00.000,11:00,6
2025-12-16 12:00:00.000,12:00,5
2025-12-16 13:00:00.000,13:00,6
2025-12-16 14:00:00.000,14:00,6
2025-12-16 15:00:00.000,15:00,5
2025-12-16 16:00:00.000,16:00,6
2025-12-16 17:00:00.000,17:00,5.3
2025-12-16 18:00:00.000,18:00,4.7
2025-12-16 19:00:00.000,19:00,5
2025-12-16 20:00:00.000,20:00,5.3
2025-12-16 21:00:00.000,21:00,5
2025-12-16 22:00:00.000,22:00,5.7
2025-12-16 23:00:00.000,23:00,5.3
2025-12-17 00:00:00.000,00:00,5.9
2025-12-17 01:00:00.000,01:00,4.918181818181818
2025-12-17 02:00:00.000,02:00,5.981818181818182
2025-12-17 03:00:00.000,03:00,5
2025-12-17 04:00:00.000,04:00,5
2025-12-17 05:00:00.000,05:00,6
2025-12-17 06:00:00.000,06:00,5.9
2025-12-17 07:00:00.000,07:00,5
2025-12-17 08:00:00.000,08:00,6
2025-12-17 09:00:00.000,09:00,7
2025-12-17 10:00:00.000,10:00,7
2025-12-17 11:00:00.000,11:00,7
2025-12-17 12:00:00.000,12:00,6
2025-12-17 13:00:00.000,13:00,6.7
2025-12-17 14:00:00.000,14:00,6.3
2025-12-17 15:00:00.000,15:00,6
2025-12-17 16:00:00.000,16:00,7
2025-12-17 17:00:00.000,17:00,7
2025-12-17 18:00:00.000,18:00,5.7
2025-12-17 19:00:00.000,19:00,5.6
2025-12-17 20:00:00.000,20:00,5.7
2025-12-17 21:00:00.000,21:00,5.3
2025-12-17 22:00:00.000,22:00,5.6
2025-12-17 23:00:00.000,23:00,5.4
2025-12-18 00:00:00.000,00:00,5.9
2025-12-18 01:00:00.000,01:00,5
2025-12-18 02:00:00.000,02:00,5.9
2025-12-18 03:00:00.000,03:00,4.2
2025-12-18 04:00:00.000,04:00,5
2025-12-18 05:00:00.000,05:00,5.777777777777778
2025-12-18 06:00:00.000,06:00,4.94949494949495
2025-12-18 07:00:00.000,07:00,4.2727272727272725
2025-12-18 08:00:00.000,08:00,4.7
2025-12-18 09:00:00.000,09:00,6
2025-12-18 10:00:00.000,10:00,7.7
2025-12-18 11:00:00.000,11:00,5.3
2025-12-18 12:00:00.000,12:00,5
2025-12-18 13:00:00.000,13:00,4
2025-12-18 14:00:00.000,14:00,4
2025-12-18 15:00:00.000,15:00,7
2025-12-18 16:00:00.000,16:00,8
2025-12-18 17:00:00.000,17:00,4
2025-12-18 18:00:00.000,18:00,5
2025-12-18 19:00:00.000,19:00,4
2025-12-18 20:00:00.000,20:00,3.3
2025-12-18 21:00:00.000,21:00,4.7
2025-12-18 22:00:00.000,22:00,3.6000000000000005
2025-12-18 23:00:00.000,23:00,3.6999999999999997
2025-12-19 00:00:00.000,00:00,4
2025-12-19 01:00:00.000,01:00,4
2025-12-19 02:00:00.000,02:00,4.8
2025-12-19 03:00:00.000,03:00,4.2
2025-12-19 04:00:00.000,04:00,4.7272727272727275
2025-12-19 05:00:00.000,05:00,5.272727272727273
2025-12-19 06:00:00.000,06:00,5.7
2025-12-19 07:00:00.000,07:00,6.7
2025-12-19 08:00:00.000,08:00,7
2025-12-19 09:00:00.000,09:00,7.3
2025-12-19 10:00:00.000,10:00,13.399999999999999
2025-12-19 11:00:00.000,11:00,22
2025-12-19 12:00:00.000,12:00,26.7
2025-12-19 13:00:00.000,13:00,21.3
2025-12-19 14:00:00.000,14:00,11.3
2025-12-19 15:00:00.000,15:00,13.7
2025-12-19 16:00:00.000,16:00,21
2025-12-19 17:00:00.000,17:00,11.3
2025-12-19 18:00:00.000,18:00,11
2025-12-19 19:00:00.000,19:00,10
2025-12-19 20:00:00.000,20:00,8.3
2025-12-19 21:00:00.000,21:00,8.5
2025-12-19 22:00:00.000,22:00,10.4
2025-12-19 23:00:00.000,23:00,8.4
2025-12-20 00:00:00.000,00:00,8.8
2025-12-20 01:00:00.000,01:00,9
2025-12-20 02:00:00.000,02:00,8
2025-12-20 03:00:00.000,03:00,10
2025-12-20 04:00:00.000,04:00,8.654545454545453
2025-12-20 05:00:00.000,05:00,8.323232323232322
2025-12-20 06:00:00.000,06:00,8.949494949494948
2025-12-20 07:00:00.000,07:00,9.972727272727273
2025-12-20 08:00:00.000,08:00,12.7
2025-12-20 09:00:00.000,09:00,19
2025-12-20 10:00:00.000,10:00,31.800000000000004
2025-12-20 11:00:00.000,11:00,37.3
2025-12-20 12:00:00.000,12:00,31
2025-12-20 13:00:00.000,13:00,28
2025-12-20 14:00:00.000,14:00,29.9
2025-12-20 15:00:00.000,15:00,20
2025-12-20 16:00:00.000,16:00,32.7
2025-12-20 17:00:00.000,17:00,24.1
2025-12-20 18:00:00.000,18:00,39
2025-12-20 19:00:00.000,19:00,29.2
2025-12-20 20:00:00.000,20:00,11
2025-12-20 21:00:00.000,21:00,10.236363636363636
2025-12-20 22:00:00.000,22:00,8.963636363636365
2025-12-20 23:00:00.000,23:00,4.775
2025-12-21 00:00:00.000,00:00,5.525
2025-12-21 01:00:00.000,01:00,6
2025-12-21 02:00:00.000,02:00,4.9
2025-12-21 03:00:00.000,03:00,6.9
2025-12-21 04:00:00.000,04:00,5.1
2025-12-21 05:00:00.000,05:00,6
2025-12-21 06:00:00.000,06:00,6
2025-12-21 07:00:00.000,07:00,6.6
2025-12-21 08:00:00.000,08:00,16
2025-12-21 09:00:00.000,09:00,12
2025-12-21 10:00:00.000,10:00,12
2025-12-21 11:00:00.000,11:00,28.1
2025-12-21 12:00:00.000,12:00,30
2025-12-21 13:00:00.000,13:00,21.6
2025-12-21 14:00:00.000,14:00,12.3
2025-12-21 15:00:00.000,15:00,11
2025-12-21 16:00:00.000,16:00,11
2025-12-21 17:00:00.000,17:00,9
2025-12-21 18:00:00.000,18:00,7
2025-12-21 19:00:00.000,19:00,7.3
2025-12-21 20:00:00.000,20:00,8
2025-12-21 21:00:00.000,21:00,8
2025-12-21 22:00:00.000,22:00,6.8999999999999995
2025-12-21 23:00:00.000,23:00,5.4
2025-12-22 00:00:00.000,00:00,6.9
2025-12-22 01:00:00.000,01:00,5
2025-12-22 02:00:00.000,02:00,5.8999999999999995
2025-12-22 03:00:00.000,03:00,5.2
2025-12-22 04:00:00.000,04:00,5.8
2025-12-22 05:00:00.000,05:00,6.800000000000001
2025-12-22 06:00:00.000,06:00,5.800000000000001
2025-12-22 07:00:00.000,07:00,7.3
2025-12-22 08:00:00.000,08:00,10.4
2025-12-22 09:00:00.000,09:00,17.3
2025-12-22 10:00:00.000,10:00,12
2025-12-22 11:00:00.000,11:00,28.8
2025-12-22 12:00:00.000,12:00,37
2025-12-22 13:00:00.000,13:00,28.900000000000002
2025-12-22 14:00:00.000,14:00,29.299999999999997
2025-12-22 15:00:00.000,15:00,15
2025-12-22 16:00:00.000,16:00,12.7
2025-12-22 17:00:00.000,17:00,14.3
2025-12-22 18:00:00.000,18:00,11.299999999999999
2025-12-22 19:00:00.000,19:00,8
2025-12-22 20:00:00.000,20:00,8
2025-12-22 21:00:00.000,21:00,7.8999999999999995
2025-12-22 22:00:00.000,22:00,7
2025-12-22 23:00:00.000,23:00,6.4
2025-12-23 00:00:00.000,00:00,5.9
2025-12-23 01:00:00.000,01:00,6.8999999999999995
2025-12-23 02:00:00.000,02:00,7
2025-12-23 03:00:00.000,03:00,7.800000000000001
2025-12-23 04:00:00.000,04:00,7.2
2025-12-23 05:00:00.000,05:00,6.9
2025-12-23 06:00:00.000,06:00,8
2025-12-23 07:00:00.000,07:00,11.700000000000001
2025-12-23 08:00:00.000,08:00,13.7
2025-12-23 09:00:00.000,09:00,19.3
2025-12-23 10:00:00.000,10:00,15
2025-12-23 11:00:00.000,11:00,25.5
2025-12-23 12:00:00.000,12:00,33.6
2025-12-23 13:00:00.000,13:00,33
2025-12-23 14:00:00.000,14:00,26.6
2025-12-23 15:00:00.000,15:00,16
2025-12-23 16:00:00.000,16:00,19
2025-12-23 17:00:00.000,17:00,15.3
2025-12-23 18:00:00.000,18:00,11
2025-12-23 19:00:00.000,19:00,12
2025-12-23 20:00:00.000,20:00,11
2025-12-23 21:00:00.000,21:00,12.799999999999999
2025-12-23 22:00:00.000,22:00,12
2025-12-23 23:00:00.000,23:00,10.8
2025-12-24 00:00:00.000,00:00,11.8
2025-12-24 01:00:00.000,01:00,10.088888888888889
2025-12-24 02:00:00.000,02:00,8.911111111111111
2025-12-24 03:00:00.000,03:00,10.799999999999999
2025-12-24 04:00:00.000,04:00,11
2025-12-24 05:00:00.000,05:00,9.854545454545455
2025-12-24 06:00:00.000,06:00,10.245454545454544
2025-12-24 07:00:00.000,07:00,18.700000000000003
2025-12-24 08:00:00.000,08:00,15.7
2025-12-24 09:00:00.000,09:00,15.3
2025-12-24 10:00:00.000,10:00,16
2025-12-24 11:00:00.000,11:00,22.700000000000003
2025-12-24 12:00:00.000,12:00,24.799999999999997
2025-12-24 13:00:00.000,13:00,26.6
2025-12-24 14:00:00.000,14:00,13.2
2025-12-24 15:00:00.000,15:00,8.7
2025-12-24 16:00:00.000,16:00,9.299999999999999
2025-12-24 17:00:00.000,17:00,8.7
2025-12-24 18:00:00.000,18:00,7.3
2025-12-24 19:00:00.000,19:00,9
2025-12-24 20:00:00.000,20:00,7
2025-12-24 21:00:00.000,21:00,7.5
2025-12-24 22:00:00.000,22:00,7.3999999999999995
2025-12-24 23:00:00.000,23:00,7.4
2025-12-25 00:00:00.000,00:00,7.9
2025-12-25 01:00:00.000,01:00,7.8999999999999995
2025-12-25 02:00:00.000,02:00,9
2025-12-25 03:00:00.000,03:00,8
2025-12-25 04:00:00.000,04:00,8.8
2025-12-25 05:00:00.000,05:00,7.800000000000001
2025-12-25 06:00:00.000,06:00,8
2025-12-25 07:00:00.000,07:00,9.299999999999999
2025-12-25 08:00:00.000,08:00,11.700000000000001
2025-12-25 09:00:00.000,09:00,13
2025-12-25 10:00:00.000,10:00,20.700000000000003
2025-12-25 11:00:00.000,11:00,32.4
2025-12-25 12:00:00.000,12:00,36
2025-12-25 13:00:00.000,13:00,38.4
2025-12-25 14:00:00.000,14:00,35.5
2025-12-25 15:00:00.000,15:00,16
2025-12-25 16:00:00.000,16:00,20.700000000000003
2025-12-25 17:00:00.000,17:00,18
2025-12-25 18:00:00.000,18:00,14.600000000000001
2025-12-25 19:00:00.000,19:00,11.700000000000001
2025-12-25 20:00:00.000,20:00,11.872727272727273
2025-12-25 21:00:00.000,21:00,11.927272727272726
2025-12-25 22:00:00.000,22:00,11
2025-12-25 23:00:00.000,23:00,10.8
2025-12-26 00:00:00.000,00:00,12.8
2025-12-26 01:00:00.000,01:00,10.836363636363636
2025-12-26 02:00:00.000,02:00,11.763636363636364
2025-12-26 03:00:00.000,03:00,12.2
2025-12-26 04:00:00.000,04:00,11.8
2025-12-26 05:00:00.000,05:00,13.054545454545455
2025-12-26 06:00:00.000,06:00,12.645454545454545
2025-12-26 07:00:00.000,07:00,13.3
2025-12-26 08:00:00.000,08:00,22.700000000000003
2025-12-26 09:00:00.000,09:00,14
2025-12-26 10:00:00.000,10:00,14
2025-12-26 11:00:00.000,11:00,26.799999999999997
2025-12-26 12:00:00.000,12:00,38.300000000000004
2025-12-26 13:00:00.000,13:00,26.2
2025-12-26 14:00:00.000,14:00,14
2025-12-26 15:00:00.000,15:00,13
2025-12-26 16:00:00.000,16:00,14
2025-12-26 17:00:00.000,17:00,14.7
2025-12-26 18:00:00.000,18:00,13.3
2025-12-26 19:00:00.000,19:00,12
2025-12-26 20:00:00.000,20:00,13
2025-12-26 21:00:00.000,21:00,12.799999999999999
2025-12-26 22:00:00.000,22:00,13.600000000000001
2025-12-26 23:00:00.000,23:00,12.2
2025-12-27 00:00:00.000,00:00,12.7
2025-12-27 01:00:00.000,01:00,11.9
2025-12-27 02:00:00.000,02:00,13
2025-12-27 03:00:00.000,03:00,12
2025-12-27 04:00:00.000,04:00,12.854545454545455
2025-12-27 05:00:00.000,05:00,11.945454545454545
2025-12-27 06:00:00.000,06:00,13
2025-12-27 07:00:00.000,07:00,20.7
2025-12-27 08:00:00.000,08:00,25
2025-12-27 09:00:00.000,09:00,20
2025-12-27 10:00:00.000,10:00,20
2025-12-27 11:00:00.000,11:00,34.2
2025-12-27 12:00:00.000,12:00,38.9
2025-12-27 13:00:00.000,13:00,30.3
2025-12-27 14:00:00.000,14:00,33
2025-12-27 15:00:00.000,15:00,17.6
2025-12-27 16:00:00.000,16:00,20
2025-12-27 17:00:00.000,17:00,19
2025-12-27 18:00:00.000,18:00,14.3
2025-12-27 19:00:00.000,19:00,12
2025-12-27 20:00:00.000,20:00,10.799999999999999
2025-12-27 21:00:00.000,21:00,12
2025-12-27 22:00:00.000,22:00,11
2025-12-27 23:00:00.000,23:00,10.8
2025-12-28 00:00:00.000,00:00,10.8
2025-12-28 01:00:00.000,01:00,9.799999999999999
2025-12-28 02:00:00.000,02:00,11
2025-12-28 03:00:00.000,03:00,9.2
2025-12-28 04:00:00.000,04:00,10.8
2025-12-28 05:00:00.000,05:00,10.127272727272727
2025-12-28 06:00:00.000,06:00,9.672727272727274
2025-12-28 07:00:00.000,07:00,21.400000000000002
2025-12-28 08:00:00.000,08:00,32.4
2025-12-28 09:00:00.000,09:00,19.6
2025-12-28 10:00:00.000,10:00,16.3
2025-12-28 11:00:00.000,11:00,28.799999999999997
2025-12-28 12:00:00.000,12:00,33.2
2025-12-28 13:00:00.000,13:00,34.5
2025-12-28 14:00:00.000,14:00,21.799999999999997
2025-12-28 15:00:00.000,15:00,18.700000000000003
2025-12-28 16:00:00.000,16:00,12.3
2025-12-28 17:00:00.000,17:00,13
2025-12-28 18:00:00.000,18:00,12
2025-12-28 19:00:00.000,19:00,12
2025-12-28 20:00:00.000,20:00,12.8
2025-12-28 21:00:00.000,21:00,12
2025-12-28 22:00:00.000,22:00,12
2025-12-28 23:00:00.000,23:00,9.8
2025-12-29 00:00:00.000,00:00,9.9
2025-12-29 01:00:00.000,01:00,9.7
2025-12-29 02:00:00.000,02:00,11
2025-12-29 03:00:00.000,03:00,9.2
2025-12-29 04:00:00.000,04:00,9.799999999999999
2025-12-29 05:00:00.000,05:00,10.1
2025-12-29 06:00:00.000,06:00,10
2025-12-29 07:00:00.000,07:00,22.1
2025-12-29 08:00:00.000,08:00,16.3
2025-12-29 09:00:00.000,09:00,21
2025-12-29 10:00:00.000,10:00,17
2025-12-29 11:00:00.000,11:00,31.099999999999998
2025-12-29 12:00:00.000,12:00,40.7
2025-12-29 13:00:00.000,13:00,39
2025-12-29 14:00:00.000,14:00,40.7
2025-12-29 15:00:00.000,15:00,19.2
2025-12-29 16:00:00.000,16:00,21.3
2025-12-29 17:00:00.000,17:00,17.3
2025-12-29 18:00:00.000,18:00,12
2025-12-29 19:00:00.000,19:00,11
2025-12-29 20:00:00.000,20:00,11.8
2025-12-29 21:00:00.000,21:00,13
2025-12-29 22:00:00.000,22:00,12
2025-12-29 23:00:00.000,23:00,9.8
2025-12-30 00:00:00.000,00:00,9.8
2025-12-30 01:00:00.000,01:00,10.01818181818182
2025-12-30 02:00:00.000,02:00,9.781818181818181
2025-12-30 03:00:00.000,03:00,10.127272727272727
2025-12-30 04:00:00.000,04:00,9.972727272727273
2025-12-30 05:00:00.000,05:00,10.7
2025-12-30 06:00:00.000,06:00,10
2025-12-30 07:00:00.000,07:00,21
2025-12-30 08:00:00.000,08:00,18.7
2025-12-30 09:00:00.000,09:00,19
2025-12-30 10:00:00.000,10:00,17.3
2025-12-30 11:00:00.000,11:00,31.8
2025-12-30 12:00:00.000,12:00,35
2025-12-30 13:00:00.000,13:00,28
2025-12-30 14:00:00.000,14:00,34.7
2025-12-30 15:00:00.000,15:00,16.5
2025-12-30 16:00:00.000,16:00,14.399999999999999
2025-12-30 17:00:00.000,17:00,17.3
2025-12-30 18:00:00.000,18:00,11.3
2025-12-30 19:00:00.000,19:00,10.299999999999999
2025-12-30 20:00:00.000,20:00,9.572727272727272
2025-12-30 21:00:00.000,21:00,10.927272727272726
2025-12-30 22:00:00.000,22:00,11
2025-12-30 23:00:00.000,23:00,9.8
2025-12-31 00:00:00.000,00:00,9.8
2025-12-31 01:00:00.000,01:00,9.799999999999999
2025-12-31 02:00:00.000,02:00,10.2
2025-12-31 03:00:00.000,03:00,9.654545454545454
2025-12-31 04:00:00.000,04:00,11.1010101010101
2025-12-31 05:00:00.000,05:00,9.8989898989899
2025-12-31 06:00:00.000,06:00,9.945454545454545
2025-12-31 07:00:00.000,07:00,12
2025-12-31 08:00:00.000,08:00,31.9
2025-12-31 09:00:00.000,09:00,46.6
2025-12-31 10:00:00.000,10:00,44.7
2025-12-31 11:00:00.000,11:00,40.599999999999994
2025-12-31 12:00:00.000,12:00,40.7
2025-12-31 13:00:00.000,13:00,38.3
2025-12-31 14:00:00.000,14:00,31.2
2025-12-31 15:00:00.000,15:00,12
2025-12-31 16:00:00.000,16:00,17
2025-12-31 17:00:00.000,17:00,13
2025-12-31 18:00:00.000,18:00,14.7
2025-12-31 19:00:00.000,19:00,15
2025-12-31 20:00:00.000,20:00,13.3
2025-12-31 21:00:00.000,21:00,13.4
2025-12-31 22:00:00.000,22:00,11.399999999999999
2025-12-31 23:00:00.000,23:00,10.8
