Date,Hour,G08_EC_General Biomasse [kWh] [G08_Chaufferie Biomasse]
2025-01-01 00:00:00.000,00:00,0
2025-01-01 01:00:00.000,01:00,0
2025-01-01 02:00:00.000,02:00,0
2025-01-01 03:00:00.000,03:00,0
2025-01-01 04:00:00.000,04:00,0
2025-01-01 05:00:00.000,05:00,0
2025-01-01 06:00:00.000,06:00,0
2025-01-01 07:00:00.000,07:00,0
2025-01-01 08:00:00.000,08:00,0
2025-01-01 09:00:00.000,09:00,0
2025-01-01 10:00:00.000,10:00,0
2025-01-01 11:00:00.000,11:00,0
2025-01-01 12:00:00.000,12:00,0
2025-01-01 13:00:00.000,13:00,0
2025-01-01 14:00:00.000,14:00,0
2025-01-01 15:00:00.000,15:00,0
2025-01-01 16:00:00.000,16:00,0
2025-01-01 17:00:00.000,17:00,0
2025-01-01 18:00:00.000,18:00,0
2025-01-01 19:00:00.000,19:00,0
2025-01-01 20:00:00.000,20:00,0
2025-01-01 21:00:00.000,21:00,0
2025-01-01 22:00:00.000,22:00,0
2025-01-01 23:00:00.000,23:00,0
2025-01-02 00:00:00.000,00:00,0
2025-01-02 01:00:00.000,01:00,0
2025-01-02 02:00:00.000,02:00,0
2025-01-02 03:00:00.000,03:00,0
2025-01-02 04:00:00.000,04:00,0
2025-01-02 05:00:00.000,05:00,0
2025-01-02 06:00:00.000,06:00,0
2025-01-02 07:00:00.000,07:00,0
2025-01-02 08:00:00.000,08:00,0
2025-01-02 09:00:00.000,09:00,0
2025-01-02 10:00:00.000,10:00,10
2025-01-02 11:00:00.000,11:00,543
2025-01-02 12:00:00.000,12:00,999
2025-01-02 13:00:00.000,13:00,1051
2025-01-02 14:00:00.000,14:00,997
2025-01-02 15:00:00.000,15:00,930
2025-01-02 16:00:00.000,16:00,898
2025-01-02 17:00:00.000,17:00,890
2025-01-02 18:00:00.000,18:00,890
2025-01-02 19:00:00.000,19:00,874
2025-01-02 20:00:00.000,20:00,878
2025-01-02 21:00:00.000,21:00,862
2025-01-02 22:00:00.000,22:00,850
2025-01-02 23:00:00.000,23:00,848
2025-01-03 00:00:00.000,00:00,820
2025-01-03 01:00:00.000,01:00,829
2025-01-03 02:00:00.000,02:00,799
2025-01-03 03:00:00.000,03:00,819
2025-01-03 04:00:00.000,04:00,768
2025-01-03 05:00:00.000,05:00,763
2025-01-03 06:00:00.000,06:00,808
2025-01-03 07:00:00.000,07:00,801
2025-01-03 08:00:00.000,08:00,789
2025-01-03 09:00:00.000,09:00,818
2025-01-03 10:00:00.000,10:00,770
2025-01-03 11:00:00.000,11:00,845
2025-01-03 12:00:00.000,12:00,845
2025-01-03 13:00:00.000,13:00,772
2025-01-03 14:00:00.000,14:00,840
2025-01-03 15:00:00.000,15:00,808
2025-01-03 16:00:00.000,16:00,810
2025-01-03 17:00:00.000,17:00,828
2025-01-03 18:00:00.000,18:00,832
2025-01-03 19:00:00.000,19:00,834
2025-01-03 20:00:00.000,20:00,792
2025-01-03 21:00:00.000,21:00,844
2025-01-03 22:00:00.000,22:00,850
2025-01-03 23:00:00.000,23:00,846
2025-01-04 00:00:00.000,00:00,820
2025-01-04 01:00:00.000,01:00,874
2025-01-04 02:00:00.000,02:00,819
2025-01-04 03:00:00.000,03:00,833
2025-01-04 04:00:00.000,04:00,852
2025-01-04 05:00:00.000,05:00,840
2025-01-04 06:00:00.000,06:00,839
2025-01-04 07:00:00.000,07:00,830
2025-01-04 08:00:00.000,08:00,827
2025-01-04 09:00:00.000,09:00,803
2025-01-04 10:00:00.000,10:00,858
2025-01-04 11:00:00.000,11:00,820
2025-01-04 12:00:00.000,12:00,843.1818181818182
2025-01-04 13:00:00.000,13:00,890
2025-01-04 14:00:00.000,14:00,914.5454545454545
2025-01-04 15:00:00.000,15:00,843.2727272727273
2025-01-04 16:00:00.000,16:00,824
2025-01-04 17:00:00.000,17:00,834
2025-01-04 18:00:00.000,18:00,804
2025-01-04 19:00:00.000,19:00,848
2025-01-04 20:00:00.000,20:00,790
2025-01-04 21:00:00.000,21:00,784
2025-01-04 22:00:00.000,22:00,856
2025-01-04 23:00:00.000,23:00,854
2025-01-05 00:00:00.000,00:00,850
2025-01-05 01:00:00.000,01:00,788
2025-01-05 02:00:00.000,02:00,727
2025-01-05 03:00:00.000,03:00,703
2025-01-05 04:00:00.000,04:00,751
2025-01-05 05:00:00.000,05:00,759
2025-01-05 06:00:00.000,06:00,539
2025-01-05 07:00:00.000,07:00,512
2025-01-05 08:00:00.000,08:00,856
2025-01-05 09:00:00.000,09:00,929
2025-01-05 10:00:00.000,10:00,931
2025-01-05 11:00:00.000,11:00,930
2025-01-05 12:00:00.000,12:00,939
2025-01-05 13:00:00.000,13:00,931
2025-01-05 14:00:00.000,14:00,888.3333333333334
2025-01-05 15:00:00.000,15:00,866.6666666666666
2025-01-05 16:00:00.000,16:00,890
2025-01-05 17:00:00.000,17:00,894
2025-01-05 18:00:00.000,18:00,934
2025-01-05 19:00:00.000,19:00,880
2025-01-05 20:00:00.000,20:00,892
2025-01-05 21:00:00.000,21:00,872
2025-01-05 22:00:00.000,22:00,832
2025-01-05 23:00:00.000,23:00,796
2025-01-06 00:00:00.000,00:00,840
2025-01-06 01:00:00.000,01:00,796
2025-01-06 02:00:00.000,02:00,801
2025-01-06 03:00:00.000,03:00,798
2025-01-06 04:00:00.000,04:00,850
2025-01-06 05:00:00.000,05:00,841
2025-01-06 06:00:00.000,06:00,859
2025-01-06 07:00:00.000,07:00,861
2025-01-06 08:00:00.000,08:00,739
2025-01-06 09:00:00.000,09:00,592
2025-01-06 10:00:00.000,10:00,819
2025-01-06 11:00:00.000,11:00,799.5555555555555
2025-01-06 12:00:00.000,12:00,789.4444444444445
2025-01-06 13:00:00.000,13:00,802
2025-01-06 14:00:00.000,14:00,799
2025-01-06 15:00:00.000,15:00,773
2025-01-06 16:00:00.000,16:00,834
2025-01-06 17:00:00.000,17:00,699
2025-01-06 18:00:00.000,18:00,782
2025-01-06 19:00:00.000,19:00,824
2025-01-06 20:00:00.000,20:00,704
2025-01-06 21:00:00.000,21:00,808
2025-01-06 22:00:00.000,22:00,832
2025-01-06 23:00:00.000,23:00,718
2025-01-07 00:00:00.000,00:00,820
2025-01-07 01:00:00.000,01:00,816
2025-01-07 02:00:00.000,02:00,790
2025-01-07 03:00:00.000,03:00,801
2025-01-07 04:00:00.000,04:00,831
2025-01-07 05:00:00.000,05:00,808
2025-01-07 06:00:00.000,06:00,820
2025-01-07 07:00:00.000,07:00,859
2025-01-07 08:00:00.000,08:00,868
2025-01-07 09:00:00.000,09:00,800
2025-01-07 10:00:00.000,10:00,893
2025-01-07 11:00:00.000,11:00,977
2025-01-07 12:00:00.000,12:00,971
2025-01-07 13:00:00.000,13:00,970
2025-01-07 14:00:00.000,14:00,921
2025-01-07 15:00:00.000,15:00,513
2025-01-07 16:00:00.000,16:00,158
2025-01-07 17:00:00.000,17:00,378
2025-01-07 18:00:00.000,18:00,1046
2025-01-07 19:00:00.000,19:00,306
2025-01-07 20:00:00.000,20:00,750
2025-01-07 21:00:00.000,21:00,992
2025-01-07 22:00:00.000,22:00,528
2025-01-07 23:00:00.000,23:00,84
2025-01-08 00:00:00.000,00:00,70
2025-01-08 01:00:00.000,01:00,20
2025-01-08 02:00:00.000,02:00,10
2025-01-08 03:00:00.000,03:00,0
2025-01-08 04:00:00.000,04:00,10
2025-01-08 05:00:00.000,05:00,100
2025-01-08 06:00:00.000,06:00,10
2025-01-08 07:00:00.000,07:00,0
2025-01-08 08:00:00.000,08:00,10
2025-01-08 09:00:00.000,09:00,99
2025-01-08 10:00:00.000,10:00,414
2025-01-08 11:00:00.000,11:00,597
2025-01-08 12:00:00.000,12:00,1033
2025-01-08 13:00:00.000,13:00,951
2025-01-08 14:00:00.000,14:00,900
2025-01-08 15:00:00.000,15:00,742
2025-01-08 16:00:00.000,16:00,181.27272727272728
2025-01-08 17:00:00.000,17:00,706.7272727272727
2025-01-08 18:00:00.000,18:00,928
2025-01-08 19:00:00.000,19:00,910
2025-01-08 20:00:00.000,20:00,936
2025-01-08 21:00:00.000,21:00,938
2025-01-08 22:00:00.000,22:00,922
2025-01-08 23:00:00.000,23:00,922
2025-01-09 00:00:00.000,00:00,660
2025-01-09 01:00:00.000,01:00,259
2025-01-09 02:00:00.000,02:00,281
2025-01-09 03:00:00.000,03:00,585
2025-01-09 04:00:00.000,04:00,998
2025-01-09 05:00:00.000,05:00,870
2025-01-09 06:00:00.000,06:00,360
2025-01-09 07:00:00.000,07:00,922
2025-01-09 08:00:00.000,08:00,910
2025-01-09 09:00:00.000,09:00,839
2025-01-09 10:00:00.000,10:00,861
2025-01-09 11:00:00.000,11:00,810
2025-01-09 12:00:00.000,12:00,801
2025-01-09 13:00:00.000,13:00,872
2025-01-09 14:00:00.000,14:00,868
2025-01-09 15:00:00.000,15:00,808
2025-01-09 16:00:00.000,16:00,817.1111111111111
2025-01-09 17:00:00.000,17:00,850.8888888888889
2025-01-09 18:00:00.000,18:00,838
2025-01-09 19:00:00.000,19:00,820
2025-01-09 20:00:00.000,20:00,844
2025-01-09 21:00:00.000,21:00,902
2025-01-09 22:00:00.000,22:00,834.9090909090909
2025-01-09 23:00:00.000,23:00,859.0909090909091
2025-01-10 00:00:00.000,00:00,850
2025-01-10 01:00:00.000,01:00,857
2025-01-10 02:00:00.000,02:00,861
2025-01-10 03:00:00.000,03:00,899
2025-01-10 04:00:00.000,04:00,859
2025-01-10 05:00:00.000,05:00,202
2025-01-10 06:00:00.000,06:00,71
2025-01-10 07:00:00.000,07:00,160
2025-01-10 08:00:00.000,08:00,97
2025-01-10 09:00:00.000,09:00,756
2025-01-10 10:00:00.000,10:00,875
2025-01-10 11:00:00.000,11:00,860
2025-01-10 12:00:00.000,12:00,859
2025-01-10 13:00:00.000,13:00,839
2025-01-10 14:00:00.000,14:00,839.4444444444445
2025-01-10 15:00:00.000,15:00,805.5555555555555
2025-01-10 16:00:00.000,16:00,852
2025-01-10 17:00:00.000,17:00,822
2025-01-10 18:00:00.000,18:00,882
2025-01-10 19:00:00.000,19:00,858
2025-01-10 20:00:00.000,20:00,804
2025-01-10 21:00:00.000,21:00,832
2025-01-10 22:00:00.000,22:00,890
2025-01-10 23:00:00.000,23:00,790
2025-01-11 00:00:00.000,00:00,830
2025-01-11 01:00:00.000,01:00,868
2025-01-11 02:00:00.000,02:00,846
2025-01-11 03:00:00.000,03:00,782
2025-01-11 04:00:00.000,04:00,870
2025-01-11 05:00:00.000,05:00,867
2025-01-11 06:00:00.000,06:00,763
2025-01-11 07:00:00.000,07:00,932
2025-01-11 08:00:00.000,08:00,875
2025-01-11 09:00:00.000,09:00,762
2025-01-11 10:00:00.000,10:00,924
2025-01-11 11:00:00.000,11:00,906
2025-01-11 12:00:00.000,12:00,919
2025-01-11 13:00:00.000,13:00,901
2025-01-11 14:00:00.000,14:00,910
2025-01-11 15:00:00.000,15:00,941
2025-01-11 16:00:00.000,16:00,1006.2222222222222
2025-01-11 17:00:00.000,17:00,939.7777777777778
2025-01-11 18:00:00.000,18:00,938
2025-01-11 19:00:00.000,19:00,978
2025-01-11 20:00:00.000,20:00,960
2025-01-11 21:00:00.000,21:00,968
2025-01-11 22:00:00.000,22:00,972
2025-01-11 23:00:00.000,23:00,972
2025-01-12 00:00:00.000,00:00,990
2025-01-12 01:00:00.000,01:00,963
2025-01-12 02:00:00.000,02:00,982
2025-01-12 03:00:00.000,03:00,998
2025-01-12 04:00:00.000,04:00,1020
2025-01-12 05:00:00.000,05:00,1039
2025-01-12 06:00:00.000,06:00,1058
2025-01-12 07:00:00.000,07:00,1082
2025-01-12 08:00:00.000,08:00,1069
2025-01-12 09:00:00.000,09:00,1091
2025-01-12 10:00:00.000,10:00,1080
2025-01-12 11:00:00.000,11:00,1089
2025-01-12 12:00:00.000,12:00,1051
2025-01-12 13:00:00.000,13:00,1033
2025-01-12 14:00:00.000,14:00,1057
2025-01-12 15:00:00.000,15:00,324.3636363636364
2025-01-12 16:00:00.000,16:00,325.6363636363636
2025-01-12 17:00:00.000,17:00,1030
2025-01-12 18:00:00.000,18:00,1032
2025-01-12 19:00:00.000,19:00,1020
2025-01-12 20:00:00.000,20:00,1022
2025-01-12 21:00:00.000,21:00,1010
2025-01-12 22:00:00.000,22:00,1038
2025-01-12 23:00:00.000,23:00,1056
2025-01-13 00:00:00.000,00:00,1050
2025-01-13 01:00:00.000,01:00,1022
2025-01-13 02:00:00.000,02:00,1080
2025-01-13 03:00:00.000,03:00,1040
2025-01-13 04:00:00.000,04:00,1050
2025-01-13 05:00:00.000,05:00,1080
2025-01-13 06:00:00.000,06:00,1060
2025-01-13 07:00:00.000,07:00,1060
2025-01-13 08:00:00.000,08:00,980
2025-01-13 09:00:00.000,09:00,941.3333333333334
2025-01-13 10:00:00.000,10:00,970.6666666666666
2025-01-13 11:00:00.000,11:00,902
2025-01-13 12:00:00.000,12:00,873
2025-01-13 13:00:00.000,13:00,916
2025-01-13 14:00:00.000,14:00,850
2025-01-13 15:00:00.000,15:00,871
2025-01-13 16:00:00.000,16:00,848
2025-01-13 17:00:00.000,17:00,870
2025-01-13 18:00:00.000,18:00,870
2025-01-13 19:00:00.000,19:00,868
2025-01-13 20:00:00.000,20:00,870
2025-01-13 21:00:00.000,21:00,888
2025-01-13 22:00:00.000,22:00,912
2025-01-13 23:00:00.000,23:00,898
2025-01-14 00:00:00.000,00:00,930
2025-01-14 01:00:00.000,01:00,875
2025-01-14 02:00:00.000,02:00,882
2025-01-14 03:00:00.000,03:00,908
2025-01-14 04:00:00.000,04:00,911
2025-01-14 05:00:00.000,05:00,908
2025-01-14 06:00:00.000,06:00,911
2025-01-14 07:00:00.000,07:00,909
2025-01-14 08:00:00.000,08:00,910
2025-01-14 09:00:00.000,09:00,930
2025-01-14 10:00:00.000,10:00,930
2025-01-14 11:00:00.000,11:00,901
2025-01-14 12:00:00.000,12:00,891
2025-01-14 13:00:00.000,13:00,929
2025-01-14 14:00:00.000,14:00,938.3333333333334
2025-01-14 15:00:00.000,15:00,927.5757575757575
2025-01-14 16:00:00.000,16:00,985.0909090909091
2025-01-14 17:00:00.000,17:00,920
2025-01-14 18:00:00.000,18:00,140
2025-01-14 19:00:00.000,19:00,24
2025-01-14 20:00:00.000,20:00,0
2025-01-14 21:00:00.000,21:00,98
2025-01-14 22:00:00.000,22:00,22
2025-01-14 23:00:00.000,23:00,10
2025-01-15 00:00:00.000,00:00,0
2025-01-15 01:00:00.000,01:00,10
2025-01-15 02:00:00.000,02:00,110
2025-01-15 03:00:00.000,03:00,10
2025-01-15 04:00:00.000,04:00,0
2025-01-15 05:00:00.000,05:00,10
2025-01-15 06:00:00.000,06:00,9
2025-01-15 07:00:00.000,07:00,1
2025-01-15 08:00:00.000,08:00,0
2025-01-15 09:00:00.000,09:00,0
2025-01-15 10:00:00.000,10:00,0
2025-01-15 11:00:00.000,11:00,135
2025-01-15 12:00:00.000,12:00,15
2025-01-15 13:00:00.000,13:00,0
2025-01-15 14:00:00.000,14:00,0
2025-01-15 15:00:00.000,15:00,0
2025-01-15 16:00:00.000,16:00,0
2025-01-15 17:00:00.000,17:00,0
2025-01-15 18:00:00.000,18:00,0
2025-01-15 19:00:00.000,19:00,0
2025-01-15 20:00:00.000,20:00,0
2025-01-15 21:00:00.000,21:00,0
2025-01-15 22:00:00.000,22:00,0
2025-01-15 23:00:00.000,23:00,0
2025-01-16 00:00:00.000,00:00,0
2025-01-16 01:00:00.000,01:00,0
2025-01-16 02:00:00.000,02:00,0
2025-01-16 03:00:00.000,03:00,0
2025-01-16 04:00:00.000,04:00,0
2025-01-16 05:00:00.000,05:00,0
2025-01-16 06:00:00.000,06:00,0
2025-01-16 07:00:00.000,07:00,0
2025-01-16 08:00:00.000,08:00,0
2025-01-16 09:00:00.000,09:00,0
2025-01-16 10:00:00.000,10:00,0
2025-01-16 11:00:00.000,11:00,0
2025-01-16 12:00:00.000,12:00,0
2025-01-16 13:00:00.000,13:00,0
2025-01-16 14:00:00.000,14:00,0
2025-01-16 15:00:00.000,15:00,0
2025-01-16 16:00:00.000,16:00,56
2025-01-16 17:00:00.000,17:00,946
2025-01-16 18:00:00.000,18:00,1114
2025-01-16 19:00:00.000,19:00,1090
2025-01-16 20:00:00.000,20:00,1040
2025-01-16 21:00:00.000,21:00,1038
2025-01-16 22:00:00.000,22:00,1050
2025-01-16 23:00:00.000,23:00,986
2025-01-17 00:00:00.000,00:00,990
2025-01-17 01:00:00.000,01:00,993
2025-01-17 02:00:00.000,02:00,1059
2025-01-17 03:00:00.000,03:00,1031
2025-01-17 04:00:00.000,04:00,1089
2025-01-17 05:00:00.000,05:00,1098
2025-01-17 06:00:00.000,06:00,1121
2025-01-17 07:00:00.000,07:00,1169
2025-01-17 08:00:00.000,08:00,1192
2025-01-17 09:00:00.000,09:00,1031
2025-01-17 10:00:00.000,10:00,861
2025-01-17 11:00:00.000,11:00,850
2025-01-17 12:00:00.000,12:00,851
2025-01-17 13:00:00.000,13:00,839
2025-01-17 14:00:00.000,14:00,870
2025-01-17 15:00:00.000,15:00,866
2025-01-17 16:00:00.000,16:00,798
2025-01-17 17:00:00.000,17:00,838
2025-01-17 18:00:00.000,18:00,948
2025-01-17 19:00:00.000,19:00,820
2025-01-17 20:00:00.000,20:00,916
2025-01-17 21:00:00.000,21:00,978
2025-01-17 22:00:00.000,22:00,1018
2025-01-17 23:00:00.000,23:00,1044
2025-01-18 00:00:00.000,00:00,980
2025-01-18 01:00:00.000,01:00,1002
2025-01-18 02:00:00.000,02:00,1000
2025-01-18 03:00:00.000,03:00,1049
2025-01-18 04:00:00.000,04:00,1041
2025-01-18 05:00:00.000,05:00,1072
2025-01-18 06:00:00.000,06:00,1117
2025-01-18 07:00:00.000,07:00,1100
2025-01-18 08:00:00.000,08:00,1100
2025-01-18 09:00:00.000,09:00,1090
2025-01-18 10:00:00.000,10:00,1103
2025-01-18 11:00:00.000,11:00,1071
2025-01-18 12:00:00.000,12:00,1115
2025-01-18 13:00:00.000,13:00,1082
2025-01-18 14:00:00.000,14:00,1118
2025-01-18 15:00:00.000,15:00,1108
2025-01-18 16:00:00.000,16:00,1110
2025-01-18 17:00:00.000,17:00,1096
2025-01-18 18:00:00.000,18:00,1098
2025-01-18 19:00:00.000,19:00,1092
2025-01-18 20:00:00.000,20:00,1118
2025-01-18 21:00:00.000,21:00,1110
2025-01-18 22:00:00.000,22:00,1092
2025-01-18 23:00:00.000,23:00,1126
2025-01-19 00:00:00.000,00:00,1090
2025-01-19 01:00:00.000,01:00,1101
2025-01-19 02:00:00.000,02:00,1090
2025-01-19 03:00:00.000,03:00,1110
2025-01-19 04:00:00.000,04:00,1090
2025-01-19 05:00:00.000,05:00,1080
2025-01-19 06:00:00.000,06:00,1091
2025-01-19 07:00:00.000,07:00,1091
2025-01-19 08:00:00.000,08:00,1099
2025-01-19 09:00:00.000,09:00,1089
2025-01-19 10:00:00.000,10:00,1080
2025-01-19 11:00:00.000,11:00,1081
2025-01-19 12:00:00.000,12:00,1100
2025-01-19 13:00:00.000,13:00,1085.2727272727273
2025-01-19 14:00:00.000,14:00,1076.7272727272727
2025-01-19 15:00:00.000,15:00,1096
2025-01-19 16:00:00.000,16:00,1068
2025-01-19 17:00:00.000,17:00,1094
2025-01-19 18:00:00.000,18:00,1070
2025-01-19 19:00:00.000,19:00,1090
2025-01-19 20:00:00.000,20:00,1082
2025-01-19 21:00:00.000,21:00,1094
2025-01-19 22:00:00.000,22:00,1096
2025-01-19 23:00:00.000,23:00,1096
2025-01-20 00:00:00.000,00:00,1080
2025-01-20 01:00:00.000,01:00,1082
2025-01-20 02:00:00.000,02:00,1080
2025-01-20 03:00:00.000,03:00,1099
2025-01-20 04:00:00.000,04:00,1101
2025-01-20 05:00:00.000,05:00,1089
2025-01-20 06:00:00.000,06:00,217
2025-01-20 07:00:00.000,07:00,12
2025-01-20 08:00:00.000,08:00,10
2025-01-20 09:00:00.000,09:00,110
2025-01-20 10:00:00.000,10:00,0
2025-01-20 11:00:00.000,11:00,212
2025-01-20 12:00:00.000,12:00,934
2025-01-20 13:00:00.000,13:00,1068
2025-01-20 14:00:00.000,14:00,1078
2025-01-20 15:00:00.000,15:00,1085.2727272727273
2025-01-20 16:00:00.000,16:00,1076.7272727272727
2025-01-20 17:00:00.000,17:00,1088
2025-01-20 18:00:00.000,18:00,1082
2025-01-20 19:00:00.000,19:00,1108
2025-01-20 20:00:00.000,20:00,1092
2025-01-20 21:00:00.000,21:00,1088
2025-01-20 22:00:00.000,22:00,1104
2025-01-20 23:00:00.000,23:00,1044
2025-01-21 00:00:00.000,00:00,1140
2025-01-21 01:00:00.000,01:00,1080
2025-01-21 02:00:00.000,02:00,1122
2025-01-21 03:00:00.000,03:00,1108
2025-01-21 04:00:00.000,04:00,1103
2025-01-21 05:00:00.000,05:00,1118
2025-01-21 06:00:00.000,06:00,1091
2025-01-21 07:00:00.000,07:00,1099
2025-01-21 08:00:00.000,08:00,1090
2025-01-21 09:00:00.000,09:00,1092
2025-01-21 10:00:00.000,10:00,1109
2025-01-21 11:00:00.000,11:00,1080
2025-01-21 12:00:00.000,12:00,1089
2025-01-21 13:00:00.000,13:00,1071
2025-01-21 14:00:00.000,14:00,1063
2025-01-21 15:00:00.000,15:00,1034.090909090909
2025-01-21 16:00:00.000,16:00,1056.909090909091
2025-01-21 17:00:00.000,17:00,666
2025-01-21 18:00:00.000,18:00,700
2025-01-21 19:00:00.000,19:00,982
2025-01-21 20:00:00.000,20:00,1004
2025-01-21 21:00:00.000,21:00,998
2025-01-21 22:00:00.000,22:00,952
2025-01-21 23:00:00.000,23:00,962
2025-01-22 00:00:00.000,00:00,910
2025-01-22 01:00:00.000,01:00,816
2025-01-22 02:00:00.000,02:00,830
2025-01-22 03:00:00.000,03:00,792
2025-01-22 04:00:00.000,04:00,344
2025-01-22 05:00:00.000,05:00,734
2025-01-22 06:00:00.000,06:00,869
2025-01-22 07:00:00.000,07:00,909
2025-01-22 08:00:00.000,08:00,979
2025-01-22 09:00:00.000,09:00,1030
2025-01-22 10:00:00.000,10:00,1029
2025-01-22 11:00:00.000,11:00,1011
2025-01-22 12:00:00.000,12:00,1020
2025-01-22 13:00:00.000,13:00,355
2025-01-22 14:00:00.000,14:00,99
2025-01-22 15:00:00.000,15:00,467.54545454545456
2025-01-22 16:00:00.000,16:00,941.4545454545455
2025-01-22 17:00:00.000,17:00,960
2025-01-22 18:00:00.000,18:00,330
2025-01-22 19:00:00.000,19:00,670
2025-01-22 20:00:00.000,20:00,990
2025-01-22 21:00:00.000,21:00,956
2025-01-22 22:00:00.000,22:00,942
2025-01-22 23:00:00.000,23:00,1056
2025-01-23 00:00:00.000,00:00,1070
2025-01-23 01:00:00.000,01:00,1051
2025-01-23 02:00:00.000,02:00,1061
2025-01-23 03:00:00.000,03:00,1090
2025-01-23 04:00:00.000,04:00,1080
2025-01-23 05:00:00.000,05:00,1082
2025-01-23 06:00:00.000,06:00,1088
2025-01-23 07:00:00.000,07:00,1080
2025-01-23 08:00:00.000,08:00,1080
2025-01-23 09:00:00.000,09:00,1090
2025-01-23 10:00:00.000,10:00,1099
2025-01-23 11:00:00.000,11:00,1081
2025-01-23 12:00:00.000,12:00,1070
2025-01-23 13:00:00.000,13:00,1070
2025-01-23 14:00:00.000,14:00,1063.4545454545455
2025-01-23 15:00:00.000,15:00,1078.5454545454545
2025-01-23 16:00:00.000,16:00,1060
2025-01-23 17:00:00.000,17:00,1060
2025-01-23 18:00:00.000,18:00,1050
2025-01-23 19:00:00.000,19:00,1058
2025-01-23 20:00:00.000,20:00,1082
2025-01-23 21:00:00.000,21:00,1060
2025-01-23 22:00:00.000,22:00,1060
2025-01-23 23:00:00.000,23:00,1066
2025-01-24 00:00:00.000,00:00,1050
2025-01-24 01:00:00.000,01:00,1052
2025-01-24 02:00:00.000,02:00,1041
2025-01-24 03:00:00.000,03:00,1060
2025-01-24 04:00:00.000,04:00,1050
2025-01-24 05:00:00.000,05:00,1038
2025-01-24 06:00:00.000,06:00,1034
2025-01-24 07:00:00.000,07:00,1040
2025-01-24 08:00:00.000,08:00,918
2025-01-24 09:00:00.000,09:00,818
2025-01-24 10:00:00.000,10:00,1040.111111111111
2025-01-24 11:00:00.000,11:00,1039.79797979798
2025-01-24 12:00:00.000,12:00,1009.0909090909091
2025-01-24 13:00:00.000,13:00,1034
2025-01-24 14:00:00.000,14:00,1030
2025-01-24 15:00:00.000,15:00,1026
2025-01-24 16:00:00.000,16:00,964
2025-01-24 17:00:00.000,17:00,1022
2025-01-24 18:00:00.000,18:00,984
2025-01-24 19:00:00.000,19:00,1036
2025-01-24 20:00:00.000,20:00,1040
2025-01-24 21:00:00.000,21:00,1038
2025-01-24 22:00:00.000,22:00,1026
2025-01-24 23:00:00.000,23:00,1050
2025-01-25 00:00:00.000,00:00,1013.6363636363636
2025-01-25 01:00:00.000,01:00,1048.3636363636365
2025-01-25 02:00:00.000,02:00,1013
2025-01-25 03:00:00.000,03:00,1058
2025-01-25 04:00:00.000,04:00,1027
2025-01-25 05:00:00.000,05:00,1017.2727272727273
2025-01-25 06:00:00.000,06:00,1040
2025-01-25 07:00:00.000,07:00,1018.7272727272727
2025-01-25 08:00:00.000,08:00,1020
2025-01-25 09:00:00.000,09:00,1020
2025-01-25 10:00:00.000,10:00,1028
2025-01-25 11:00:00.000,11:00,1030
2025-01-25 12:00:00.000,12:00,1022
2025-01-25 13:00:00.000,13:00,1022
2025-01-25 14:00:00.000,14:00,1016
2025-01-25 15:00:00.000,15:00,1026
2025-01-25 16:00:00.000,16:00,1056
2025-01-25 17:00:00.000,17:00,1010
2025-01-25 18:00:00.000,18:00,1018
2025-01-25 19:00:00.000,19:00,1012
2025-01-25 20:00:00.000,20:00,1040
2025-01-25 21:00:00.000,21:00,1046
2025-01-25 22:00:00.000,22:00,1002
2025-01-25 23:00:00.000,23:00,1046
2025-01-26 00:00:00.000,00:00,1043.6363636363635
2025-01-26 01:00:00.000,01:00,1068.3636363636365
2025-01-26 02:00:00.000,02:00,1070
2025-01-26 03:00:00.000,03:00,1071
2025-01-26 04:00:00.000,04:00,1057
2025-01-26 05:00:00.000,05:00,1036
2025-01-26 06:00:00.000,06:00,1052
2025-01-26 07:00:00.000,07:00,1068
2025-01-26 08:00:00.000,08:00,1046
2025-01-26 09:00:00.000,09:00,1030
2025-01-26 10:00:00.000,10:00,1050
2025-01-26 11:00:00.000,11:00,1028
2025-01-26 12:00:00.000,12:00,1054
2025-01-26 13:00:00.000,13:00,1010
2025-01-26 14:00:00.000,14:00,1022
2025-01-26 15:00:00.000,15:00,1048
2025-01-26 16:00:00.000,16:00,1030
2025-01-26 17:00:00.000,17:00,1020
2025-01-26 18:00:00.000,18:00,1032
2025-01-26 19:00:00.000,19:00,1020
2025-01-26 20:00:00.000,20:00,1048
2025-01-26 21:00:00.000,21:00,1030
2025-01-26 22:00:00.000,22:00,1020
2025-01-26 23:00:00.000,23:00,1036
2025-01-27 00:00:00.000,00:00,1020
2025-01-27 01:00:00.000,01:00,1023
2025-01-27 02:00:00.000,02:00,1019
2025-01-27 03:00:00.000,03:00,1031
2025-01-27 04:00:00.000,04:00,1027
2025-01-27 05:00:00.000,05:00,1004
2025-01-27 06:00:00.000,06:00,620
2025-01-27 07:00:00.000,07:00,114
2025-01-27 08:00:00.000,08:00,12
2025-01-27 09:00:00.000,09:00,8
2025-01-27 10:00:00.000,10:00,92
2025-01-27 11:00:00.000,11:00,10
2025-01-27 12:00:00.000,12:00,0
2025-01-27 13:00:00.000,13:00,110
2025-01-27 14:00:00.000,14:00,0
2025-01-27 15:00:00.000,15:00,10
2025-01-27 16:00:00.000,16:00,0
2025-01-27 17:00:00.000,17:00,10
2025-01-27 18:00:00.000,18:00,0
2025-01-27 19:00:00.000,19:00,10
2025-01-27 20:00:00.000,20:00,10
2025-01-27 21:00:00.000,21:00,0
2025-01-27 22:00:00.000,22:00,10
2025-01-27 23:00:00.000,23:00,10
2025-01-28 00:00:00.000,00:00,0
2025-01-28 01:00:00.000,01:00,10
2025-01-28 02:00:00.000,02:00,0
2025-01-28 03:00:00.000,03:00,10
2025-01-28 04:00:00.000,04:00,0
2025-01-28 05:00:00.000,05:00,0
2025-01-28 06:00:00.000,06:00,0
2025-01-28 07:00:00.000,07:00,10
2025-01-28 08:00:00.000,08:00,0
2025-01-28 09:00:00.000,09:00,0
2025-01-28 10:00:00.000,10:00,60
2025-01-28 11:00:00.000,11:00,142
2025-01-28 12:00:00.000,12:00,826
2025-01-28 13:00:00.000,13:00,960
2025-01-28 14:00:00.000,14:00,902
2025-01-28 15:00:00.000,15:00,610
2025-01-28 16:00:00.000,16:00,776
2025-01-28 17:00:00.000,17:00,868
2025-01-28 18:00:00.000,18:00,860
2025-01-28 19:00:00.000,19:00,836
2025-01-28 20:00:00.000,20:00,810
2025-01-28 21:00:00.000,21:00,842
2025-01-28 22:00:00.000,22:00,810
2025-01-28 23:00:00.000,23:00,818
2025-01-29 00:00:00.000,00:00,798.1818181818181
2025-01-29 01:00:00.000,01:00,827.8181818181818
2025-01-29 02:00:00.000,02:00,819
2025-01-29 03:00:00.000,03:00,809.5454545454545
2025-01-29 04:00:00.000,04:00,829.4545454545455
2025-01-29 05:00:00.000,05:00,836
2025-01-29 06:00:00.000,06:00,842
2025-01-29 07:00:00.000,07:00,774
2025-01-29 08:00:00.000,08:00,848
2025-01-29 09:00:00.000,09:00,766
2025-01-29 10:00:00.000,10:00,876
2025-01-29 11:00:00.000,11:00,838
2025-01-29 12:00:00.000,12:00,878
2025-01-29 13:00:00.000,13:00,734
2025-01-29 14:00:00.000,14:00,752
2025-01-29 15:00:00.000,15:00,778
2025-01-29 16:00:00.000,16:00,806
2025-01-29 17:00:00.000,17:00,858
2025-01-29 18:00:00.000,18:00,834
2025-01-29 19:00:00.000,19:00,760
2025-01-29 20:00:00.000,20:00,790
2025-01-29 21:00:00.000,21:00,742
2025-01-29 22:00:00.000,22:00,738
2025-01-29 23:00:00.000,23:00,726
2025-01-30 00:00:00.000,00:00,748.1818181818181
2025-01-30 01:00:00.000,01:00,758.8181818181819
2025-01-30 02:00:00.000,02:00,826
2025-01-30 03:00:00.000,03:00,873.3636363636364
2025-01-30 04:00:00.000,04:00,835.6363636363636
2025-01-30 05:00:00.000,05:00,920
2025-01-30 06:00:00.000,06:00,876
2025-01-30 07:00:00.000,07:00,874
2025-01-30 08:00:00.000,08:00,860
2025-01-30 09:00:00.000,09:00,660
2025-01-30 10:00:00.000,10:00,1022
2025-01-30 11:00:00.000,11:00,844
2025-01-30 12:00:00.000,12:00,882
2025-01-30 13:00:00.000,13:00,902
2025-01-30 14:00:00.000,14:00,898
2025-01-30 15:00:00.000,15:00,840
2025-01-30 16:00:00.000,16:00,882
2025-01-30 17:00:00.000,17:00,858
2025-01-30 18:00:00.000,18:00,876
2025-01-30 19:00:00.000,19:00,968
2025-01-30 20:00:00.000,20:00,992
2025-01-30 21:00:00.000,21:00,1008
2025-01-30 22:00:00.000,22:00,1012
2025-01-30 23:00:00.000,23:00,1034
2025-01-31 00:00:00.000,00:00,985.4545454545455
2025-01-31 01:00:00.000,01:00,998.5454545454545
2025-01-31 02:00:00.000,02:00,958
2025-01-31 03:00:00.000,03:00,1027.090909090909
2025-01-31 04:00:00.000,04:00,1016.9090909090909
2025-01-31 05:00:00.000,05:00,1008
2025-01-31 06:00:00.000,06:00,1030
2025-01-31 07:00:00.000,07:00,1044
2025-01-31 08:00:00.000,08:00,1048
2025-01-31 09:00:00.000,09:00,846
2025-01-31 10:00:00.000,10:00,1008
2025-01-31 11:00:00.000,11:00,1024
2025-01-31 12:00:00.000,12:00,1034
2025-01-31 13:00:00.000,13:00,1028
2025-01-31 14:00:00.000,14:00,1000
2025-01-31 15:00:00.000,15:00,990
2025-01-31 16:00:00.000,16:00,1020
2025-01-31 17:00:00.000,17:00,1000
2025-01-31 18:00:00.000,18:00,602
2025-01-31 19:00:00.000,19:00,82
2025-01-31 20:00:00.000,20:00,306
2025-01-31 21:00:00.000,21:00,970
2025-01-31 22:00:00.000,22:00,1014
2025-01-31 23:00:00.000,23:00,1040
2025-02-01 00:00:00.000,00:00,1013.6363636363636
2025-02-01 01:00:00.000,01:00,1058.3636363636365
2025-02-01 02:00:00.000,02:00,1029
2025-02-01 03:00:00.000,03:00,1056.2727272727273
2025-02-01 04:00:00.000,04:00,1036.7272727272727
2025-02-01 05:00:00.000,05:00,1030
2025-02-01 06:00:00.000,06:00,1026
2025-02-01 07:00:00.000,07:00,1042
2025-02-01 08:00:00.000,08:00,1032
2025-02-01 09:00:00.000,09:00,1030
2025-02-01 10:00:00.000,10:00,1022
2025-02-01 11:00:00.000,11:00,1060
2025-02-01 12:00:00.000,12:00,1030
2025-02-01 13:00:00.000,13:00,1030
2025-02-01 14:00:00.000,14:00,1020
2025-02-01 15:00:00.000,15:00,1028
2025-02-01 16:00:00.000,16:00,1050
2025-02-01 17:00:00.000,17:00,1030
2025-02-01 18:00:00.000,18:00,1022
2025-02-01 19:00:00.000,19:00,1024
2025-02-01 20:00:00.000,20:00,1042
2025-02-01 21:00:00.000,21:00,1014
2025-02-01 22:00:00.000,22:00,980
2025-02-01 23:00:00.000,23:00,984
2025-02-02 00:00:00.000,00:00,954
2025-02-02 01:00:00.000,01:00,999
2025-02-02 02:00:00.000,02:00,980
2025-02-02 03:00:00.000,03:00,1024.2727272727273
2025-02-02 04:00:00.000,04:00,1008.7272727272727
2025-02-02 05:00:00.000,05:00,992
2025-02-02 06:00:00.000,06:00,962
2025-02-02 07:00:00.000,07:00,1016
2025-02-02 08:00:00.000,08:00,970
2025-02-02 09:00:00.000,09:00,980
2025-02-02 10:00:00.000,10:00,1000
2025-02-02 11:00:00.000,11:00,1010
2025-02-02 12:00:00.000,12:00,992
2025-02-02 13:00:00.000,13:00,1008
2025-02-02 14:00:00.000,14:00,1002
2025-02-02 15:00:00.000,15:00,1018
2025-02-02 16:00:00.000,16:00,980
2025-02-02 17:00:00.000,17:00,1000
2025-02-02 18:00:00.000,18:00,1010
2025-02-02 19:00:00.000,19:00,1002
2025-02-02 20:00:00.000,20:00,1008
2025-02-02 21:00:00.000,21:00,1018
2025-02-02 22:00:00.000,22:00,1000
2025-02-02 23:00:00.000,23:00,996
2025-02-03 00:00:00.000,00:00,169.0909090909091
2025-02-03 01:00:00.000,01:00,0.9090909090909092
2025-02-03 02:00:00.000,02:00,10
2025-02-03 03:00:00.000,03:00,110
2025-02-03 04:00:00.000,04:00,0
2025-02-03 05:00:00.000,05:00,10
2025-02-03 06:00:00.000,06:00,100
2025-02-03 07:00:00.000,07:00,10
2025-02-03 08:00:00.000,08:00,0
2025-02-03 09:00:00.000,09:00,10
2025-02-03 10:00:00.000,10:00,10
2025-02-03 11:00:00.000,11:00,0
2025-02-03 12:00:00.000,12:00,108
2025-02-03 13:00:00.000,13:00,688
2025-02-03 14:00:00.000,14:00,990
2025-02-03 15:00:00.000,15:00,1002
2025-02-03 16:00:00.000,16:00,1048
2025-02-03 17:00:00.000,17:00,1030
2025-02-03 18:00:00.000,18:00,1010
2025-02-03 19:00:00.000,19:00,1010
2025-02-03 20:00:00.000,20:00,1010
2025-02-03 21:00:00.000,21:00,992
2025-02-03 22:00:00.000,22:00,1008
2025-02-03 23:00:00.000,23:00,1024
2025-02-04 00:00:00.000,00:00,983
2025-02-04 01:00:00.000,01:00,1020
2025-02-04 02:00:00.000,02:00,990
2025-02-04 03:00:00.000,03:00,1006.0909090909091
2025-02-04 04:00:00.000,04:00,986.9090909090909
2025-02-04 05:00:00.000,05:00,1000
2025-02-04 06:00:00.000,06:00,982
2025-02-04 07:00:00.000,07:00,972
2025-02-04 08:00:00.000,08:00,998
2025-02-04 09:00:00.000,09:00,894
2025-02-04 10:00:00.000,10:00,822
2025-02-04 11:00:00.000,11:00,892
2025-02-04 12:00:00.000,12:00,834
2025-02-04 13:00:00.000,13:00,840
2025-02-04 14:00:00.000,14:00,924
2025-02-04 15:00:00.000,15:00,814
2025-02-04 16:00:00.000,16:00,912
2025-02-04 17:00:00.000,17:00,898
2025-02-04 18:00:00.000,18:00,936
2025-02-04 19:00:00.000,19:00,740
2025-02-04 20:00:00.000,20:00,970
2025-02-04 21:00:00.000,21:00,830
2025-02-04 22:00:00.000,22:00,804
2025-02-04 23:00:00.000,23:00,952
2025-02-05 00:00:00.000,00:00,763
2025-02-05 01:00:00.000,01:00,845
2025-02-05 02:00:00.000,02:00,937
2025-02-05 03:00:00.000,03:00,791
2025-02-05 04:00:00.000,04:00,858
2025-02-05 05:00:00.000,05:00,910
2025-02-05 06:00:00.000,06:00,854
2025-02-05 07:00:00.000,07:00,862
2025-02-05 08:00:00.000,08:00,856
2025-02-05 09:00:00.000,09:00,898
2025-02-05 10:00:00.000,10:00,776
2025-02-05 11:00:00.000,11:00,956
2025-02-05 12:00:00.000,12:00,946
2025-02-05 13:00:00.000,13:00,908
2025-02-05 14:00:00.000,14:00,888
2025-02-05 15:00:00.000,15:00,910
2025-02-05 16:00:00.000,16:00,914
2025-02-05 17:00:00.000,17:00,900
2025-02-05 18:00:00.000,18:00,926
2025-02-05 19:00:00.000,19:00,930
2025-02-05 20:00:00.000,20:00,910
2025-02-05 21:00:00.000,21:00,930
2025-02-05 22:00:00.000,22:00,892
2025-02-05 23:00:00.000,23:00,910
2025-02-06 00:00:00.000,00:00,933
2025-02-06 01:00:00.000,01:00,901
2025-02-06 02:00:00.000,02:00,940
2025-02-06 03:00:00.000,03:00,896
2025-02-06 04:00:00.000,04:00,930
2025-02-06 05:00:00.000,05:00,938
2025-02-06 06:00:00.000,06:00,910
2025-02-06 07:00:00.000,07:00,922
2025-02-06 08:00:00.000,08:00,958
2025-02-06 09:00:00.000,09:00,906
2025-02-06 10:00:00.000,10:00,824
2025-02-06 11:00:00.000,11:00,840
2025-02-06 12:00:00.000,12:00,856.4025157232707
2025-02-06 13:00:00.000,13:00,852.8301886792456
2025-02-06 14:00:00.000,14:00,782.7672955974843
2025-02-06 15:00:00.000,15:00,914
2025-02-06 16:00:00.000,16:00,762
2025-02-06 17:00:00.000,17:00,871
2025-02-06 18:00:00.000,18:00,845
2025-02-06 19:00:00.000,19:00,816
2025-02-06 20:00:00.000,20:00,812
2025-02-06 21:00:00.000,21:00,834
2025-02-06 22:00:00.000,22:00,838
2025-02-06 23:00:00.000,23:00,808
2025-02-07 00:00:00.000,00:00,808
2025-02-07 01:00:00.000,01:00,838
2025-02-07 02:00:00.000,02:00,840
2025-02-07 03:00:00.000,03:00,798
2025-02-07 04:00:00.000,04:00,828
2025-02-07 05:00:00.000,05:00,830
2025-02-07 06:00:00.000,06:00,810
2025-02-07 07:00:00.000,07:00,800
2025-02-07 08:00:00.000,08:00,824
2025-02-07 09:00:00.000,09:00,812
2025-02-07 10:00:00.000,10:00,772
2025-02-07 11:00:00.000,11:00,860
2025-02-07 12:00:00.000,12:00,760
2025-02-07 13:00:00.000,13:00,854
2025-02-07 14:00:00.000,14:00,816
2025-02-07 15:00:00.000,15:00,764
2025-02-07 16:00:00.000,16:00,852
2025-02-07 17:00:00.000,17:00,830
2025-02-07 18:00:00.000,18:00,734
2025-02-07 19:00:00.000,19:00,910
2025-02-07 20:00:00.000,20:00,704
2025-02-07 21:00:00.000,21:00,864
2025-02-07 22:00:00.000,22:00,824
2025-02-07 23:00:00.000,23:00,728
2025-02-08 00:00:00.000,00:00,809
2025-02-08 01:00:00.000,01:00,840
2025-02-08 02:00:00.000,02:00,826
2025-02-08 03:00:00.000,03:00,775
2025-02-08 04:00:00.000,04:00,832
2025-02-08 05:00:00.000,05:00,810
2025-02-08 06:00:00.000,06:00,790
2025-02-08 07:00:00.000,07:00,848
2025-02-08 08:00:00.000,08:00,824
2025-02-08 09:00:00.000,09:00,858
2025-02-08 10:00:00.000,10:00,850
2025-02-08 11:00:00.000,11:00,840
2025-02-08 12:00:00.000,12:00,868
2025-02-08 13:00:00.000,13:00,822
2025-02-08 14:00:00.000,14:00,854
2025-02-08 15:00:00.000,15:00,896
2025-02-08 16:00:00.000,16:00,826
2025-02-08 17:00:00.000,17:00,834
2025-02-08 18:00:00.000,18:00,896
2025-02-08 19:00:00.000,19:00,920
2025-02-08 20:00:00.000,20:00,856
2025-02-08 21:00:00.000,21:00,860
2025-02-08 22:00:00.000,22:00,868
2025-02-08 23:00:00.000,23:00,918
2025-02-09 00:00:00.000,00:00,934
2025-02-09 01:00:00.000,01:00,899
2025-02-09 02:00:00.000,02:00,869
2025-02-09 03:00:00.000,03:00,826
2025-02-09 04:00:00.000,04:00,926
2025-02-09 05:00:00.000,05:00,876
2025-02-09 06:00:00.000,06:00,848
2025-02-09 07:00:00.000,07:00,856
2025-02-09 08:00:00.000,08:00,946
2025-02-09 09:00:00.000,09:00,894
2025-02-09 10:00:00.000,10:00,842
2025-02-09 11:00:00.000,11:00,904
2025-02-09 12:00:00.000,12:00,980
2025-02-09 13:00:00.000,13:00,904
2025-02-09 14:00:00.000,14:00,880
2025-02-09 15:00:00.000,15:00,944
2025-02-09 16:00:00.000,16:00,968
2025-02-09 17:00:00.000,17:00,952
2025-02-09 18:00:00.000,18:00,972
2025-02-09 19:00:00.000,19:00,970
2025-02-09 20:00:00.000,20:00,1006
2025-02-09 21:00:00.000,21:00,930
2025-02-09 22:00:00.000,22:00,804
2025-02-09 23:00:00.000,23:00,610
2025-02-10 00:00:00.000,00:00,538
2025-02-10 01:00:00.000,01:00,550
2025-02-10 02:00:00.000,02:00,132
2025-02-10 03:00:00.000,03:00,0
2025-02-10 04:00:00.000,04:00,10
2025-02-10 05:00:00.000,05:00,110
2025-02-10 06:00:00.000,06:00,0
2025-02-10 07:00:00.000,07:00,10
2025-02-10 08:00:00.000,08:00,0
2025-02-10 09:00:00.000,09:00,10
2025-02-10 10:00:00.000,10:00,10
2025-02-10 11:00:00.000,11:00,120
2025-02-10 12:00:00.000,12:00,420
2025-02-10 13:00:00.000,13:00,928
2025-02-10 14:00:00.000,14:00,970
2025-02-10 15:00:00.000,15:00,982
2025-02-10 16:00:00.000,16:00,1014
2025-02-10 17:00:00.000,17:00,974
2025-02-10 18:00:00.000,18:00,970
2025-02-10 19:00:00.000,19:00,972
2025-02-10 20:00:00.000,20:00,988
2025-02-10 21:00:00.000,21:00,978
2025-02-10 22:00:00.000,22:00,992
2025-02-10 23:00:00.000,23:00,992
2025-02-11 00:00:00.000,00:00,983
2025-02-11 01:00:00.000,01:00,990
2025-02-11 02:00:00.000,02:00,970
2025-02-11 03:00:00.000,03:00,973
2025-02-11 04:00:00.000,04:00,960
2025-02-11 05:00:00.000,05:00,972
2025-02-11 06:00:00.000,06:00,970
2025-02-11 07:00:00.000,07:00,990
2025-02-11 08:00:00.000,08:00,978
2025-02-11 09:00:00.000,09:00,960
2025-02-11 10:00:00.000,10:00,988
2025-02-11 11:00:00.000,11:00,704
2025-02-11 12:00:00.000,12:00,910
2025-02-11 13:00:00.000,13:00,920
2025-02-11 14:00:00.000,14:00,910
2025-02-11 15:00:00.000,15:00,956
2025-02-11 16:00:00.000,16:00,972
2025-02-11 17:00:00.000,17:00,932
2025-02-11 18:00:00.000,18:00,940
2025-02-11 19:00:00.000,19:00,940
2025-02-11 20:00:00.000,20:00,930
2025-02-11 21:00:00.000,21:00,930
2025-02-11 22:00:00.000,22:00,922
2025-02-11 23:00:00.000,23:00,920
2025-02-12 00:00:00.000,00:00,935
2025-02-12 01:00:00.000,01:00,959
2025-02-12 02:00:00.000,02:00,930
2025-02-12 03:00:00.000,03:00,934
2025-02-12 04:00:00.000,04:00,950
2025-02-12 05:00:00.000,05:00,950
2025-02-12 06:00:00.000,06:00,968
2025-02-12 07:00:00.000,07:00,954
2025-02-12 08:00:00.000,08:00,890
2025-02-12 09:00:00.000,09:00,888
2025-02-12 10:00:00.000,10:00,968
2025-02-12 11:00:00.000,11:00,992
2025-02-12 12:00:00.000,12:00,960
2025-02-12 13:00:00.000,13:00,932
2025-02-12 14:00:00.000,14:00,920
2025-02-12 15:00:00.000,15:00,922
2025-02-12 16:00:00.000,16:00,974
2025-02-12 17:00:00.000,17:00,918
2025-02-12 18:00:00.000,18:00,956
2025-02-12 19:00:00.000,19:00,970
2025-02-12 20:00:00.000,20:00,960
2025-02-12 21:00:00.000,21:00,938
2025-02-12 22:00:00.000,22:00,960
2025-02-12 23:00:00.000,23:00,922
2025-02-13 00:00:00.000,00:00,915
2025-02-13 01:00:00.000,01:00,860
2025-02-13 02:00:00.000,02:00,821
2025-02-13 03:00:00.000,03:00,806
2025-02-13 04:00:00.000,04:00,808
2025-02-13 05:00:00.000,05:00,802
2025-02-13 06:00:00.000,06:00,792
2025-02-13 07:00:00.000,07:00,866
2025-02-13 08:00:00.000,08:00,938
2025-02-13 09:00:00.000,09:00,960
2025-02-13 10:00:00.000,10:00,950
2025-02-13 11:00:00.000,11:00,954
2025-02-13 12:00:00.000,12:00,968
2025-02-13 13:00:00.000,13:00,962
2025-02-13 14:00:00.000,14:00,898
2025-02-13 15:00:00.000,15:00,948
2025-02-13 16:00:00.000,16:00,978
2025-02-13 17:00:00.000,17:00,950
2025-02-13 18:00:00.000,18:00,942
2025-02-13 19:00:00.000,19:00,978
2025-02-13 20:00:00.000,20:00,944
2025-02-13 21:00:00.000,21:00,958
2025-02-13 22:00:00.000,22:00,946.4444444444445
2025-02-13 23:00:00.000,23:00,965.5555555555555
2025-02-14 00:00:00.000,00:00,924
2025-02-14 01:00:00.000,01:00,921
2025-02-14 02:00:00.000,02:00,880
2025-02-14 03:00:00.000,03:00,877
2025-02-14 04:00:00.000,04:00,886
2025-02-14 05:00:00.000,05:00,900
2025-02-14 06:00:00.000,06:00,940
2025-02-14 07:00:00.000,07:00,980
2025-02-14 08:00:00.000,08:00,712
2025-02-14 09:00:00.000,09:00,934
2025-02-14 10:00:00.000,10:00,1030
2025-02-14 11:00:00.000,11:00,1030
2025-02-14 12:00:00.000,12:00,972
2025-02-14 13:00:00.000,13:00,982
2025-02-14 14:00:00.000,14:00,988
2025-02-14 15:00:00.000,15:00,992
2025-02-14 16:00:00.000,16:00,970
2025-02-14 17:00:00.000,17:00,988
2025-02-14 18:00:00.000,18:00,980
2025-02-14 19:00:00.000,19:00,1010
2025-02-14 20:00:00.000,20:00,1008
2025-02-14 21:00:00.000,21:00,982
2025-02-14 22:00:00.000,22:00,986
2025-02-14 23:00:00.000,23:00,1028
2025-02-15 00:00:00.000,00:00,983
2025-02-15 01:00:00.000,01:00,1010
2025-02-15 02:00:00.000,02:00,941
2025-02-15 03:00:00.000,03:00,924
2025-02-15 04:00:00.000,04:00,978
2025-02-15 05:00:00.000,05:00,1030
2025-02-15 06:00:00.000,06:00,1034
2025-02-15 07:00:00.000,07:00,1066
2025-02-15 08:00:00.000,08:00,1038
2025-02-15 09:00:00.000,09:00,1050
2025-02-15 10:00:00.000,10:00,1024
2025-02-15 11:00:00.000,11:00,968
2025-02-15 12:00:00.000,12:00,1030
2025-02-15 13:00:00.000,13:00,1020
2025-02-15 14:00:00.000,14:00,1010
2025-02-15 15:00:00.000,15:00,1020
2025-02-15 16:00:00.000,16:00,990
2025-02-15 17:00:00.000,17:00,998
2025-02-15 18:00:00.000,18:00,1014
2025-02-15 19:00:00.000,19:00,1006
2025-02-15 20:00:00.000,20:00,1000
2025-02-15 21:00:00.000,21:00,1020
2025-02-15 22:00:00.000,22:00,1032
2025-02-15 23:00:00.000,23:00,1004
2025-02-16 00:00:00.000,00:00,983
2025-02-16 01:00:00.000,01:00,1001
2025-02-16 02:00:00.000,02:00,961
2025-02-16 03:00:00.000,03:00,979
2025-02-16 04:00:00.000,04:00,1012
2025-02-16 05:00:00.000,05:00,1024
2025-02-16 06:00:00.000,06:00,1054
2025-02-16 07:00:00.000,07:00,1022
2025-02-16 08:00:00.000,08:00,1030
2025-02-16 09:00:00.000,09:00,1028
2025-02-16 10:00:00.000,10:00,1052
2025-02-16 11:00:00.000,11:00,1026
2025-02-16 12:00:00.000,12:00,702
2025-02-16 13:00:00.000,13:00,602
2025-02-16 14:00:00.000,14:00,1040
2025-02-16 15:00:00.000,15:00,1010
2025-02-16 16:00:00.000,16:00,1010
2025-02-16 17:00:00.000,17:00,1024
2025-02-16 18:00:00.000,18:00,1026
2025-02-16 19:00:00.000,19:00,1030
2025-02-16 20:00:00.000,20:00,1020
2025-02-16 21:00:00.000,21:00,1028.4444444444443
2025-02-16 22:00:00.000,22:00,1035.5555555555557
2025-02-16 23:00:00.000,23:00,1010
2025-02-17 00:00:00.000,00:00,995
2025-02-17 01:00:00.000,01:00,1047
2025-02-17 02:00:00.000,02:00,1019
2025-02-17 03:00:00.000,03:00,1015
2025-02-17 04:00:00.000,04:00,1010
2025-02-17 05:00:00.000,05:00,1020
2025-02-17 06:00:00.000,06:00,1028
2025-02-17 07:00:00.000,07:00,1020
2025-02-17 08:00:00.000,08:00,952
2025-02-17 09:00:00.000,09:00,748
2025-02-17 10:00:00.000,10:00,1012
2025-02-17 11:00:00.000,11:00,962
2025-02-17 12:00:00.000,12:00,910
2025-02-17 13:00:00.000,13:00,924
2025-02-17 14:00:00.000,14:00,976
2025-02-17 15:00:00.000,15:00,902
2025-02-17 16:00:00.000,16:00,890
2025-02-17 17:00:00.000,17:00,912
2025-02-17 18:00:00.000,18:00,926
2025-02-17 19:00:00.000,19:00,950
2025-02-17 20:00:00.000,20:00,940
2025-02-17 21:00:00.000,21:00,960
2025-02-17 22:00:00.000,22:00,948.6666666666666
2025-02-17 23:00:00.000,23:00,933.3333333333333
2025-02-18 00:00:00.000,00:00,905
2025-02-18 01:00:00.000,01:00,899
2025-02-18 02:00:00.000,02:00,900
2025-02-18 03:00:00.000,03:00,896
2025-02-18 04:00:00.000,04:00,942
2025-02-18 05:00:00.000,05:00,946
2025-02-18 06:00:00.000,06:00,930
2025-02-18 07:00:00.000,07:00,940
2025-02-18 08:00:00.000,08:00,968
2025-02-18 09:00:00.000,09:00,980
2025-02-18 10:00:00.000,10:00,820
2025-02-18 11:00:00.000,11:00,914
2025-02-18 12:00:00.000,12:00,978
2025-02-18 13:00:00.000,13:00,920
2025-02-18 14:00:00.000,14:00,884
2025-02-18 15:00:00.000,15:00,882
2025-02-18 16:00:00.000,16:00,896
2025-02-18 17:00:00.000,17:00,918
2025-02-18 18:00:00.000,18:00,910
2025-02-18 19:00:00.000,19:00,918
2025-02-18 20:00:00.000,20:00,922
2025-02-18 21:00:00.000,21:00,912
2025-02-18 22:00:00.000,22:00,898.8888888888889
2025-02-18 23:00:00.000,23:00,931.1111111111111
2025-02-19 00:00:00.000,00:00,896
2025-02-19 01:00:00.000,01:00,851
2025-02-19 02:00:00.000,02:00,820
2025-02-19 03:00:00.000,03:00,833
2025-02-19 04:00:00.000,04:00,842
2025-02-19 05:00:00.000,05:00,848
2025-02-19 06:00:00.000,06:00,900
2025-02-19 07:00:00.000,07:00,948
2025-02-19 08:00:00.000,08:00,428
2025-02-19 09:00:00.000,09:00,84
2025-02-19 10:00:00.000,10:00,8
2025-02-19 11:00:00.000,11:00,2
2025-02-19 12:00:00.000,12:00,142
2025-02-19 13:00:00.000,13:00,766
2025-02-19 14:00:00.000,14:00,652
2025-02-19 15:00:00.000,15:00,956
2025-02-19 16:00:00.000,16:00,1010
2025-02-19 17:00:00.000,17:00,1048
2025-02-19 18:00:00.000,18:00,1030
2025-02-19 19:00:00.000,19:00,938
2025-02-19 20:00:00.000,20:00,1028
2025-02-19 21:00:00.000,21:00,1036
2025-02-19 22:00:00.000,22:00,1010
2025-02-19 23:00:00.000,23:00,974
2025-02-20 00:00:00.000,00:00,974
2025-02-20 01:00:00.000,01:00,913
2025-02-20 02:00:00.000,02:00,859
2025-02-20 03:00:00.000,03:00,816
2025-02-20 04:00:00.000,04:00,792
2025-02-20 05:00:00.000,05:00,788
2025-02-20 06:00:00.000,06:00,804
2025-02-20 07:00:00.000,07:00,814
2025-02-20 08:00:00.000,08:00,916
2025-02-20 09:00:00.000,09:00,950
2025-02-20 10:00:00.000,10:00,894
2025-02-20 11:00:00.000,11:00,918
2025-02-20 12:00:00.000,12:00,842
2025-02-20 13:00:00.000,13:00,842
2025-02-20 14:00:00.000,14:00,852
2025-02-20 15:00:00.000,15:00,868
2025-02-20 16:00:00.000,16:00,850
2025-02-20 17:00:00.000,17:00,850
2025-02-20 18:00:00.000,18:00,868
2025-02-20 19:00:00.000,19:00,858
2025-02-20 20:00:00.000,20:00,860
2025-02-20 21:00:00.000,21:00,874
2025-02-20 22:00:00.000,22:00,854.6666666666666
2025-02-20 23:00:00.000,23:00,893.3333333333333
2025-02-21 00:00:00.000,00:00,905
2025-02-21 01:00:00.000,01:00,840
2025-02-21 02:00:00.000,02:00,822
2025-02-21 03:00:00.000,03:00,765
2025-02-21 04:00:00.000,04:00,782
2025-02-21 05:00:00.000,05:00,768
2025-02-21 06:00:00.000,06:00,764
2025-02-21 07:00:00.000,07:00,800
2025-02-21 08:00:00.000,08:00,874
2025-02-21 09:00:00.000,09:00,778
2025-02-21 10:00:00.000,10:00,902
2025-02-21 11:00:00.000,11:00,980
2025-02-21 12:00:00.000,12:00,948
2025-02-21 13:00:00.000,13:00,928
2025-02-21 14:00:00.000,14:00,918
2025-02-21 15:00:00.000,15:00,954
2025-02-21 16:00:00.000,16:00,920
2025-02-21 17:00:00.000,17:00,922
2025-02-21 18:00:00.000,18:00,914
2025-02-21 19:00:00.000,19:00,926
2025-02-21 20:00:00.000,20:00,930
2025-02-21 21:00:00.000,21:00,914
2025-02-21 22:00:00.000,22:00,922.6666666666666
2025-02-21 23:00:00.000,23:00,903.3333333333333
2025-02-22 00:00:00.000,00:00,836
2025-02-22 01:00:00.000,01:00,761
2025-02-22 02:00:00.000,02:00,712
2025-02-22 03:00:00.000,03:00,689
2025-02-22 04:00:00.000,04:00,708
2025-02-22 05:00:00.000,05:00,682
2025-02-22 06:00:00.000,06:00,714
2025-02-22 07:00:00.000,07:00,876
2025-02-22 08:00:00.000,08:00,970
2025-02-22 09:00:00.000,09:00,948
2025-02-22 10:00:00.000,10:00,938
2025-02-22 11:00:00.000,11:00,946
2025-02-22 12:00:00.000,12:00,938
2025-02-22 13:00:00.000,13:00,946
2025-02-22 14:00:00.000,14:00,914
2025-02-22 15:00:00.000,15:00,952
2025-02-22 16:00:00.000,16:00,950
2025-02-22 17:00:00.000,17:00,908
2025-02-22 18:00:00.000,18:00,932
2025-02-22 19:00:00.000,19:00,948
2025-02-22 20:00:00.000,20:00,924
2025-02-22 21:00:00.000,21:00,956
2025-02-22 22:00:00.000,22:00,980
2025-02-22 23:00:00.000,23:00,962
2025-02-23 00:00:00.000,00:00,944
2025-02-23 01:00:00.000,01:00,938
2025-02-23 02:00:00.000,02:00,932
2025-02-23 03:00:00.000,03:00,926
2025-02-23 04:00:00.000,04:00,824
2025-02-23 05:00:00.000,05:00,836
2025-02-23 06:00:00.000,06:00,976
2025-02-23 07:00:00.000,07:00,990
2025-02-23 08:00:00.000,08:00,1018
2025-02-23 09:00:00.000,09:00,1030
2025-02-23 10:00:00.000,10:00,1010
2025-02-23 11:00:00.000,11:00,1012
2025-02-23 12:00:00.000,12:00,1010
2025-02-23 13:00:00.000,13:00,1020
2025-02-23 14:00:00.000,14:00,1000
2025-02-23 15:00:00.000,15:00,1018
2025-02-23 16:00:00.000,16:00,964
2025-02-23 17:00:00.000,17:00,988
2025-02-23 18:00:00.000,18:00,952
2025-02-23 19:00:00.000,19:00,1002
2025-02-23 20:00:00.000,20:00,1012
2025-02-23 21:00:00.000,21:00,1004
2025-02-23 22:00:00.000,22:00,982
2025-02-23 23:00:00.000,23:00,972
2025-02-24 00:00:00.000,00:00,944
2025-02-24 01:00:00.000,01:00,892
2025-02-24 02:00:00.000,02:00,919
2025-02-24 03:00:00.000,03:00,1001
2025-02-24 04:00:00.000,04:00,894
2025-02-24 05:00:00.000,05:00,898
2025-02-24 06:00:00.000,06:00,996
2025-02-24 07:00:00.000,07:00,992
2025-02-24 08:00:00.000,08:00,856
2025-02-24 09:00:00.000,09:00,840
2025-02-24 10:00:00.000,10:00,956
2025-02-24 11:00:00.000,11:00,972
2025-02-24 12:00:00.000,12:00,942.5543478260868
2025-02-24 13:00:00.000,13:00,944.0217391304345
2025-02-24 14:00:00.000,14:00,944.0217391304345
2025-02-24 15:00:00.000,15:00,944.0217391304345
2025-02-24 16:00:00.000,16:00,944.0217391304345
2025-02-24 17:00:00.000,17:00,944.0217391304345
2025-02-24 18:00:00.000,18:00,942.3369565217391
2025-02-24 19:00:00.000,19:00,997
2025-02-24 20:00:00.000,20:00,1001
2025-02-24 21:00:00.000,21:00,993
2025-02-24 22:00:00.000,22:00,990
2025-02-24 23:00:00.000,23:00,1014
2025-02-25 00:00:00.000,00:00,974
2025-02-25 01:00:00.000,01:00,902
2025-02-25 02:00:00.000,02:00,791
2025-02-25 03:00:00.000,03:00,737
2025-02-25 04:00:00.000,04:00,742
2025-02-25 05:00:00.000,05:00,718
2025-02-25 06:00:00.000,06:00,700
2025-02-25 07:00:00.000,07:00,762
2025-02-25 08:00:00.000,08:00,834
2025-02-25 09:00:00.000,09:00,732
2025-02-25 10:00:00.000,10:00,916
2025-02-25 11:00:00.000,11:00,978
2025-02-25 12:00:00.000,12:00,970
2025-02-25 13:00:00.000,13:00,1020
2025-02-25 14:00:00.000,14:00,1050
2025-02-25 15:00:00.000,15:00,1018
2025-02-25 16:00:00.000,16:00,1020
2025-02-25 17:00:00.000,17:00,1022
2025-02-25 18:00:00.000,18:00,1040
2025-02-25 19:00:00.000,19:00,1020
2025-02-25 20:00:00.000,20:00,972
2025-02-25 21:00:00.000,21:00,1046
2025-02-25 22:00:00.000,22:00,1060
2025-02-25 23:00:00.000,23:00,1036
2025-02-26 00:00:00.000,00:00,1032
2025-02-26 01:00:00.000,01:00,1032
2025-02-26 02:00:00.000,02:00,941
2025-02-26 03:00:00.000,03:00,829
2025-02-26 04:00:00.000,04:00,780
2025-02-26 05:00:00.000,05:00,778
2025-02-26 06:00:00.000,06:00,790
2025-02-26 07:00:00.000,07:00,904
2025-02-26 08:00:00.000,08:00,1048
2025-02-26 09:00:00.000,09:00,1046
2025-02-26 10:00:00.000,10:00,1046
2025-02-26 11:00:00.000,11:00,828
2025-02-26 12:00:00.000,12:00,910
2025-02-26 13:00:00.000,13:00,994
2025-02-26 14:00:00.000,14:00,974
2025-02-26 15:00:00.000,15:00,966
2025-02-26 16:00:00.000,16:00,940
2025-02-26 17:00:00.000,17:00,960
2025-02-26 18:00:00.000,18:00,980
2025-02-26 19:00:00.000,19:00,948
2025-02-26 20:00:00.000,20:00,980
2025-02-26 21:00:00.000,21:00,992
2025-02-26 22:00:00.000,22:00,982
2025-02-26 23:00:00.000,23:00,980
2025-02-27 00:00:00.000,00:00,915
2025-02-27 01:00:00.000,01:00,852
2025-02-27 02:00:00.000,02:00,740
2025-02-27 03:00:00.000,03:00,699
2025-02-27 04:00:00.000,04:00,710
2025-02-27 05:00:00.000,05:00,728
2025-02-27 06:00:00.000,06:00,770
2025-02-27 07:00:00.000,07:00,836
2025-02-27 08:00:00.000,08:00,986
2025-02-27 09:00:00.000,09:00,918
2025-02-27 10:00:00.000,10:00,874
2025-02-27 11:00:00.000,11:00,1018
2025-02-27 12:00:00.000,12:00,1028
2025-02-27 13:00:00.000,13:00,982
2025-02-27 14:00:00.000,14:00,1004
2025-02-27 15:00:00.000,15:00,1016
2025-02-27 16:00:00.000,16:00,982
2025-02-27 17:00:00.000,17:00,988
2025-02-27 18:00:00.000,18:00,1010
2025-02-27 19:00:00.000,19:00,1012
2025-02-27 20:00:00.000,20:00,1008
2025-02-27 21:00:00.000,21:00,990
2025-02-27 22:00:00.000,22:00,1010
2025-02-27 23:00:00.000,23:00,994
2025-02-28 00:00:00.000,00:00,935
2025-02-28 01:00:00.000,01:00,842
2025-02-28 02:00:00.000,02:00,740
2025-02-28 03:00:00.000,03:00,691
2025-02-28 04:00:00.000,04:00,698
2025-02-28 05:00:00.000,05:00,728
2025-02-28 06:00:00.000,06:00,772
2025-02-28 07:00:00.000,07:00,902
2025-02-28 08:00:00.000,08:00,1036
2025-02-28 09:00:00.000,09:00,1032
2025-02-28 10:00:00.000,10:00,1040
2025-02-28 11:00:00.000,11:00,1008
2025-02-28 12:00:00.000,12:00,1050
2025-02-28 13:00:00.000,13:00,996
2025-02-28 14:00:00.000,14:00,746
2025-02-28 15:00:00.000,15:00,1044
2025-02-28 16:00:00.000,16:00,1046
2025-02-28 17:00:00.000,17:00,1010
2025-02-28 18:00:00.000,18:00,1000
2025-02-28 19:00:00.000,19:00,1010
2025-02-28 20:00:00.000,20:00,1010
2025-02-28 21:00:00.000,21:00,1008
2025-02-28 22:00:00.000,22:00,1012
2025-02-28 23:00:00.000,23:00,1004
2025-03-01 00:00:00.000,00:00,1023
2025-03-01 01:00:00.000,01:00,1032
2025-03-01 02:00:00.000,02:00,1038
2025-03-01 03:00:00.000,03:00,1015
2025-03-01 04:00:00.000,04:00,1056
2025-03-01 05:00:00.000,05:00,1030
2025-03-01 06:00:00.000,06:00,1042
2025-03-01 07:00:00.000,07:00,1030
2025-03-01 08:00:00.000,08:00,1058
2025-03-01 09:00:00.000,09:00,1040
2025-03-01 10:00:00.000,10:00,1050
2025-03-01 11:00:00.000,11:00,1030
2025-03-01 12:00:00.000,12:00,1070
2025-03-01 13:00:00.000,13:00,1032
2025-03-01 14:00:00.000,14:00,1038
2025-03-01 15:00:00.000,15:00,992
2025-03-01 16:00:00.000,16:00,1024
2025-03-01 17:00:00.000,17:00,1056
2025-03-01 18:00:00.000,18:00,1030
2025-03-01 19:00:00.000,19:00,1038
2025-03-01 20:00:00.000,20:00,1030
2025-03-01 21:00:00.000,21:00,1052
2025-03-01 22:00:00.000,22:00,1040
2025-03-01 23:00:00.000,23:00,1014
2025-03-02 00:00:00.000,00:00,1042
2025-03-02 01:00:00.000,01:00,1019
2025-03-02 02:00:00.000,02:00,1042
2025-03-02 03:00:00.000,03:00,1013
2025-03-02 04:00:00.000,04:00,1044
2025-03-02 05:00:00.000,05:00,1066
2025-03-02 06:00:00.000,06:00,1058
2025-03-02 07:00:00.000,07:00,1050
2025-03-02 08:00:00.000,08:00,1064
2025-03-02 09:00:00.000,09:00,1084
2025-03-02 10:00:00.000,10:00,1044
2025-03-02 11:00:00.000,11:00,1060
2025-03-02 12:00:00.000,12:00,1060
2025-03-02 13:00:00.000,13:00,1078
2025-03-02 14:00:00.000,14:00,1052
2025-03-02 15:00:00.000,15:00,980
2025-03-02 16:00:00.000,16:00,1008
2025-03-02 17:00:00.000,17:00,1014
2025-03-02 18:00:00.000,18:00,1030
2025-03-02 19:00:00.000,19:00,1026
2025-03-02 20:00:00.000,20:00,922
2025-03-02 21:00:00.000,21:00,204
2025-03-02 22:00:00.000,22:00,934
2025-03-02 23:00:00.000,23:00,976
2025-03-03 00:00:00.000,00:00,1033
2025-03-03 01:00:00.000,01:00,1027
2025-03-03 02:00:00.000,02:00,1042
2025-03-03 03:00:00.000,03:00,1044
2025-03-03 04:00:00.000,04:00,1038
2025-03-03 05:00:00.000,05:00,354
2025-03-03 06:00:00.000,06:00,42
2025-03-03 07:00:00.000,07:00,0
2025-03-03 08:00:00.000,08:00,30
2025-03-03 09:00:00.000,09:00,0
2025-03-03 10:00:00.000,10:00,134
2025-03-03 11:00:00.000,11:00,442
2025-03-03 12:00:00.000,12:00,1058
2025-03-03 13:00:00.000,13:00,1070
2025-03-03 14:00:00.000,14:00,1108
2025-03-03 15:00:00.000,15:00,1080
2025-03-03 16:00:00.000,16:00,1080
2025-03-03 17:00:00.000,17:00,1052
2025-03-03 18:00:00.000,18:00,1052
2025-03-03 19:00:00.000,19:00,1050
2025-03-03 20:00:00.000,20:00,1040
2025-03-03 21:00:00.000,21:00,1048
2025-03-03 22:00:00.000,22:00,1024
2025-03-03 23:00:00.000,23:00,992
2025-03-04 00:00:00.000,00:00,866
2025-03-04 01:00:00.000,01:00,791
2025-03-04 02:00:00.000,02:00,770
2025-03-04 03:00:00.000,03:00,917
2025-03-04 04:00:00.000,04:00,1010
2025-03-04 05:00:00.000,05:00,1016
2025-03-04 06:00:00.000,06:00,968
2025-03-04 07:00:00.000,07:00,1056
2025-03-04 08:00:00.000,08:00,1078
2025-03-04 09:00:00.000,09:00,1062
2025-03-04 10:00:00.000,10:00,1030
2025-03-04 11:00:00.000,11:00,930
2025-03-04 12:00:00.000,12:00,886
2025-03-04 13:00:00.000,13:00,890
2025-03-04 14:00:00.000,14:00,880
2025-03-04 15:00:00.000,15:00,880
2025-03-04 16:00:00.000,16:00,918
2025-03-04 17:00:00.000,17:00,880
2025-03-04 18:00:00.000,18:00,872
2025-03-04 19:00:00.000,19:00,898
2025-03-04 20:00:00.000,20:00,892
2025-03-04 21:00:00.000,21:00,900
2025-03-04 22:00:00.000,22:00,900
2025-03-04 23:00:00.000,23:00,910
2025-03-05 00:00:00.000,00:00,846
2025-03-05 01:00:00.000,01:00,771
2025-03-05 02:00:00.000,02:00,691
2025-03-05 03:00:00.000,03:00,690
2025-03-05 04:00:00.000,04:00,708
2025-03-05 05:00:00.000,05:00,716
2025-03-05 06:00:00.000,06:00,840
2025-03-05 07:00:00.000,07:00,920
2025-03-05 08:00:00.000,08:00,966
2025-03-05 09:00:00.000,09:00,956
2025-03-05 10:00:00.000,10:00,826
2025-03-05 11:00:00.000,11:00,928
2025-03-05 12:00:00.000,12:00,980
2025-03-05 13:00:00.000,13:00,970
2025-03-05 14:00:00.000,14:00,950
2025-03-05 15:00:00.000,15:00,950
2025-03-05 16:00:00.000,16:00,932
2025-03-05 17:00:00.000,17:00,842
2025-03-05 18:00:00.000,18:00,878
2025-03-05 19:00:00.000,19:00,842
2025-03-05 20:00:00.000,20:00,802
2025-03-05 21:00:00.000,21:00,750
2025-03-05 22:00:00.000,22:00,854
2025-03-05 23:00:00.000,23:00,902
2025-03-06 00:00:00.000,00:00,817
2025-03-06 01:00:00.000,01:00,713
2025-03-06 02:00:00.000,02:00,669
2025-03-06 03:00:00.000,03:00,667
2025-03-06 04:00:00.000,04:00,652
2025-03-06 05:00:00.000,05:00,668
2025-03-06 06:00:00.000,06:00,670
2025-03-06 07:00:00.000,07:00,680
2025-03-06 08:00:00.000,08:00,840
2025-03-06 09:00:00.000,09:00,664
2025-03-06 10:00:00.000,10:00,318
2025-03-06 11:00:00.000,11:00,1010
2025-03-06 12:00:00.000,12:00,992
2025-03-06 13:00:00.000,13:00,990
2025-03-06 14:00:00.000,14:00,952
2025-03-06 15:00:00.000,15:00,898
2025-03-06 16:00:00.000,16:00,842
2025-03-06 17:00:00.000,17:00,794
2025-03-06 18:00:00.000,18:00,806
2025-03-06 19:00:00.000,19:00,850
2025-03-06 20:00:00.000,20:00,906
2025-03-06 21:00:00.000,21:00,952
2025-03-06 22:00:00.000,22:00,980
2025-03-06 23:00:00.000,23:00,930
2025-03-07 00:00:00.000,00:00,944
2025-03-07 01:00:00.000,01:00,922
2025-03-07 02:00:00.000,02:00,918
2025-03-07 03:00:00.000,03:00,852
2025-03-07 04:00:00.000,04:00,914
2025-03-07 05:00:00.000,05:00,900
2025-03-07 06:00:00.000,06:00,890
2025-03-07 07:00:00.000,07:00,908
2025-03-07 08:00:00.000,08:00,952
2025-03-07 09:00:00.000,09:00,988
2025-03-07 10:00:00.000,10:00,976
2025-03-07 11:00:00.000,11:00,742
2025-03-07 12:00:00.000,12:00,872
2025-03-07 13:00:00.000,13:00,900
2025-03-07 14:00:00.000,14:00,882
2025-03-07 15:00:00.000,15:00,850
2025-03-07 16:00:00.000,16:00,860
2025-03-07 17:00:00.000,17:00,872
2025-03-07 18:00:00.000,18:00,888
2025-03-07 19:00:00.000,19:00,918
2025-03-07 20:00:00.000,20:00,886
2025-03-07 21:00:00.000,21:00,906
2025-03-07 22:00:00.000,22:00,862
2025-03-07 23:00:00.000,23:00,888
2025-03-08 00:00:00.000,00:00,895
2025-03-08 01:00:00.000,01:00,883
2025-03-08 02:00:00.000,02:00,907
2025-03-08 03:00:00.000,03:00,865
2025-03-08 04:00:00.000,04:00,874
2025-03-08 05:00:00.000,05:00,906
2025-03-08 06:00:00.000,06:00,878
2025-03-08 07:00:00.000,07:00,900
2025-03-08 08:00:00.000,08:00,896
2025-03-08 09:00:00.000,09:00,924
2025-03-08 10:00:00.000,10:00,912
2025-03-08 11:00:00.000,11:00,880
2025-03-08 12:00:00.000,12:00,878
2025-03-08 13:00:00.000,13:00,904
2025-03-08 14:00:00.000,14:00,888
2025-03-08 15:00:00.000,15:00,880
2025-03-08 16:00:00.000,16:00,898
2025-03-08 17:00:00.000,17:00,904
2025-03-08 18:00:00.000,18:00,850
2025-03-08 19:00:00.000,19:00,868
2025-03-08 20:00:00.000,20:00,882
2025-03-08 21:00:00.000,21:00,898
2025-03-08 22:00:00.000,22:00,880
2025-03-08 23:00:00.000,23:00,870
2025-03-09 00:00:00.000,00:00,865
2025-03-09 01:00:00.000,01:00,890
2025-03-09 02:00:00.000,02:00,890
2025-03-09 03:00:00.000,03:00,857
2025-03-09 04:00:00.000,04:00,880
2025-03-09 05:00:00.000,05:00,868
2025-03-09 06:00:00.000,06:00,890
2025-03-09 07:00:00.000,07:00,900
2025-03-09 08:00:00.000,08:00,894
2025-03-09 09:00:00.000,09:00,906
2025-03-09 10:00:00.000,10:00,908
2025-03-09 11:00:00.000,11:00,910
2025-03-09 12:00:00.000,12:00,924
2025-03-09 13:00:00.000,13:00,928
2025-03-09 14:00:00.000,14:00,928
2025-03-09 15:00:00.000,15:00,930
2025-03-09 16:00:00.000,16:00,934
2025-03-09 17:00:00.000,17:00,956
2025-03-09 18:00:00.000,18:00,906
2025-03-09 19:00:00.000,19:00,898
2025-03-09 20:00:00.000,20:00,928
2025-03-09 21:00:00.000,21:00,908
2025-03-09 22:00:00.000,22:00,912
2025-03-09 23:00:00.000,23:00,900
2025-03-10 00:00:00.000,00:00,905
2025-03-10 01:00:00.000,01:00,931
2025-03-10 02:00:00.000,02:00,938
2025-03-10 03:00:00.000,03:00,926
2025-03-10 04:00:00.000,04:00,928
2025-03-10 05:00:00.000,05:00,912
2025-03-10 06:00:00.000,06:00,920
2025-03-10 07:00:00.000,07:00,958
2025-03-10 08:00:00.000,08:00,842
2025-03-10 09:00:00.000,09:00,914
2025-03-10 10:00:00.000,10:00,974
2025-03-10 11:00:00.000,11:00,956
2025-03-10 12:00:00.000,12:00,950
2025-03-10 13:00:00.000,13:00,946
2025-03-10 14:00:00.000,14:00,956
2025-03-10 15:00:00.000,15:00,966
2025-03-10 16:00:00.000,16:00,976
2025-03-10 17:00:00.000,17:00,932
2025-03-10 18:00:00.000,18:00,918
2025-03-10 19:00:00.000,19:00,950
2025-03-10 20:00:00.000,20:00,932
2025-03-10 21:00:00.000,21:00,958
2025-03-10 22:00:00.000,22:00,960
2025-03-10 23:00:00.000,23:00,992
2025-03-11 00:00:00.000,00:00,964
2025-03-11 01:00:00.000,01:00,970
2025-03-11 02:00:00.000,02:00,969
2025-03-11 03:00:00.000,03:00,975
2025-03-11 04:00:00.000,04:00,978
2025-03-11 05:00:00.000,05:00,972
2025-03-11 06:00:00.000,06:00,1008
2025-03-11 07:00:00.000,07:00,990
2025-03-11 08:00:00.000,08:00,982
2025-03-11 09:00:00.000,09:00,920
2025-03-11 10:00:00.000,10:00,884
2025-03-11 11:00:00.000,11:00,960
2025-03-11 12:00:00.000,12:00,906
2025-03-11 13:00:00.000,13:00,900
2025-03-11 14:00:00.000,14:00,894
2025-03-11 15:00:00.000,15:00,886
2025-03-11 16:00:00.000,16:00,864
2025-03-11 17:00:00.000,17:00,878
2025-03-11 18:00:00.000,18:00,920
2025-03-11 19:00:00.000,19:00,908
2025-03-11 20:00:00.000,20:00,912
2025-03-11 21:00:00.000,21:00,918
2025-03-11 22:00:00.000,22:00,914
2025-03-11 23:00:00.000,23:00,928
2025-03-12 00:00:00.000,00:00,904
2025-03-12 01:00:00.000,01:00,931
2025-03-12 02:00:00.000,02:00,920
2025-03-12 03:00:00.000,03:00,933
2025-03-12 04:00:00.000,04:00,950
2025-03-12 05:00:00.000,05:00,960
2025-03-12 06:00:00.000,06:00,944
2025-03-12 07:00:00.000,07:00,956
2025-03-12 08:00:00.000,08:00,396
2025-03-12 09:00:00.000,09:00,92
2025-03-12 10:00:00.000,10:00,14
2025-03-12 11:00:00.000,11:00,0
2025-03-12 12:00:00.000,12:00,10
2025-03-12 13:00:00.000,13:00,0
2025-03-12 14:00:00.000,14:00,66
2025-03-12 15:00:00.000,15:00,190
2025-03-12 16:00:00.000,16:00,872
2025-03-12 17:00:00.000,17:00,970
2025-03-12 18:00:00.000,18:00,1008
2025-03-12 19:00:00.000,19:00,1028
2025-03-12 20:00:00.000,20:00,1002
2025-03-12 21:00:00.000,21:00,1006
2025-03-12 22:00:00.000,22:00,1012
2025-03-12 23:00:00.000,23:00,1026
2025-03-13 00:00:00.000,00:00,993
2025-03-13 01:00:00.000,01:00,1030
2025-03-13 02:00:00.000,02:00,1000
2025-03-13 03:00:00.000,03:00,995
2025-03-13 04:00:00.000,04:00,988
2025-03-13 05:00:00.000,05:00,982
2025-03-13 06:00:00.000,06:00,1008
2025-03-13 07:00:00.000,07:00,990
2025-03-13 08:00:00.000,08:00,990
2025-03-13 09:00:00.000,09:00,964
2025-03-13 10:00:00.000,10:00,990
2025-03-13 11:00:00.000,11:00,854
2025-03-13 12:00:00.000,12:00,864
2025-03-13 13:00:00.000,13:00,896
2025-03-13 14:00:00.000,14:00,868
2025-03-13 15:00:00.000,15:00,916
2025-03-13 16:00:00.000,16:00,900
2025-03-13 17:00:00.000,17:00,884
2025-03-13 18:00:00.000,18:00,908
2025-03-13 19:00:00.000,19:00,890
2025-03-13 20:00:00.000,20:00,890
2025-03-13 21:00:00.000,21:00,898
2025-03-13 22:00:00.000,22:00,912
2025-03-13 23:00:00.000,23:00,890
2025-03-14 00:00:00.000,00:00,875
2025-03-14 01:00:00.000,01:00,880
2025-03-14 02:00:00.000,02:00,911
2025-03-14 03:00:00.000,03:00,930
2025-03-14 04:00:00.000,04:00,916
2025-03-14 05:00:00.000,05:00,976
2025-03-14 06:00:00.000,06:00,980
2025-03-14 07:00:00.000,07:00,990
2025-03-14 08:00:00.000,08:00,998
2025-03-14 09:00:00.000,09:00,1002
2025-03-14 10:00:00.000,10:00,980
2025-03-14 11:00:00.000,11:00,900
2025-03-14 12:00:00.000,12:00,864
2025-03-14 13:00:00.000,13:00,870
2025-03-14 14:00:00.000,14:00,860
2025-03-14 15:00:00.000,15:00,860
2025-03-14 16:00:00.000,16:00,888
2025-03-14 17:00:00.000,17:00,894
2025-03-14 18:00:00.000,18:00,906
2025-03-14 19:00:00.000,19:00,910
2025-03-14 20:00:00.000,20:00,898
2025-03-14 21:00:00.000,21:00,920
2025-03-14 22:00:00.000,22:00,874
2025-03-14 23:00:00.000,23:00,888
2025-03-15 00:00:00.000,00:00,905
2025-03-15 01:00:00.000,01:00,899
2025-03-15 02:00:00.000,02:00,930
2025-03-15 03:00:00.000,03:00,876
2025-03-15 04:00:00.000,04:00,918
2025-03-15 05:00:00.000,05:00,902
2025-03-15 06:00:00.000,06:00,918
2025-03-15 07:00:00.000,07:00,982
2025-03-15 08:00:00.000,08:00,978
2025-03-15 09:00:00.000,09:00,970
2025-03-15 10:00:00.000,10:00,970
2025-03-15 11:00:00.000,11:00,982
2025-03-15 12:00:00.000,12:00,966
2025-03-15 13:00:00.000,13:00,958
2025-03-15 14:00:00.000,14:00,964
2025-03-15 15:00:00.000,15:00,962
2025-03-15 16:00:00.000,16:00,958
2025-03-15 17:00:00.000,17:00,958
2025-03-15 18:00:00.000,18:00,952
2025-03-15 19:00:00.000,19:00,954
2025-03-15 20:00:00.000,20:00,976
2025-03-15 21:00:00.000,21:00,960
2025-03-15 22:00:00.000,22:00,958
2025-03-15 23:00:00.000,23:00,954
2025-03-16 00:00:00.000,00:00,954
2025-03-16 01:00:00.000,01:00,970
2025-03-16 02:00:00.000,02:00,960
2025-03-16 03:00:00.000,03:00,972
2025-03-16 04:00:00.000,04:00,980
2025-03-16 05:00:00.000,05:00,970
2025-03-16 06:00:00.000,06:00,974
2025-03-16 07:00:00.000,07:00,998
2025-03-16 08:00:00.000,08:00,978
2025-03-16 09:00:00.000,09:00,982
2025-03-16 10:00:00.000,10:00,998
2025-03-16 11:00:00.000,11:00,982
2025-03-16 12:00:00.000,12:00,988
2025-03-16 13:00:00.000,13:00,1000
2025-03-16 14:00:00.000,14:00,964
2025-03-16 15:00:00.000,15:00,978
2025-03-16 16:00:00.000,16:00,988
2025-03-16 17:00:00.000,17:00,978
2025-03-16 18:00:00.000,18:00,986
2025-03-16 19:00:00.000,19:00,988
2025-03-16 20:00:00.000,20:00,980
2025-03-16 21:00:00.000,21:00,978
2025-03-16 22:00:00.000,22:00,1000
2025-03-16 23:00:00.000,23:00,984
2025-03-17 00:00:00.000,00:00,964
2025-03-17 01:00:00.000,01:00,997
2025-03-17 02:00:00.000,02:00,1002
2025-03-17 03:00:00.000,03:00,973
2025-03-17 04:00:00.000,04:00,990
2025-03-17 05:00:00.000,05:00,1002
2025-03-17 06:00:00.000,06:00,1008
2025-03-17 07:00:00.000,07:00,990
2025-03-17 08:00:00.000,08:00,874
2025-03-17 09:00:00.000,09:00,936
2025-03-17 10:00:00.000,10:00,1018
2025-03-17 11:00:00.000,11:00,994
2025-03-17 12:00:00.000,12:00,1018
2025-03-17 13:00:00.000,13:00,1000
2025-03-17 14:00:00.000,14:00,972
2025-03-17 15:00:00.000,15:00,970
2025-03-17 16:00:00.000,16:00,980
2025-03-17 17:00:00.000,17:00,980
2025-03-17 18:00:00.000,18:00,964
2025-03-17 19:00:00.000,19:00,984
2025-03-17 20:00:00.000,20:00,970
2025-03-17 21:00:00.000,21:00,1000
2025-03-17 22:00:00.000,22:00,970
2025-03-17 23:00:00.000,23:00,934
2025-03-18 00:00:00.000,00:00,944
2025-03-18 01:00:00.000,01:00,931
2025-03-18 02:00:00.000,02:00,930
2025-03-18 03:00:00.000,03:00,925
2025-03-18 04:00:00.000,04:00,918
2025-03-18 05:00:00.000,05:00,940
2025-03-18 06:00:00.000,06:00,992
2025-03-18 07:00:00.000,07:00,996
2025-03-18 08:00:00.000,08:00,982
2025-03-18 09:00:00.000,09:00,978
2025-03-18 10:00:00.000,10:00,790
2025-03-18 11:00:00.000,11:00,912
2025-03-18 12:00:00.000,12:00,940
2025-03-18 13:00:00.000,13:00,962
2025-03-18 14:00:00.000,14:00,952
2025-03-18 15:00:00.000,15:00,936
2025-03-18 16:00:00.000,16:00,922
2025-03-18 17:00:00.000,17:00,900
2025-03-18 18:00:00.000,18:00,864
2025-03-18 19:00:00.000,19:00,838
2025-03-18 20:00:00.000,20:00,812
2025-03-18 21:00:00.000,21:00,810
2025-03-18 22:00:00.000,22:00,810
2025-03-18 23:00:00.000,23:00,806
2025-03-19 00:00:00.000,00:00,776
2025-03-19 01:00:00.000,01:00,741
2025-03-19 02:00:00.000,02:00,741
2025-03-19 03:00:00.000,03:00,710
2025-03-19 04:00:00.000,04:00,710
2025-03-19 05:00:00.000,05:00,726
2025-03-19 06:00:00.000,06:00,730
2025-03-19 07:00:00.000,07:00,816
2025-03-19 08:00:00.000,08:00,456
2025-03-19 09:00:00.000,09:00,102
2025-03-19 10:00:00.000,10:00,2
2025-03-19 11:00:00.000,11:00,10
2025-03-19 12:00:00.000,12:00,128
2025-03-19 13:00:00.000,13:00,346
2025-03-19 14:00:00.000,14:00,314
2025-03-19 15:00:00.000,15:00,960
2025-03-19 16:00:00.000,16:00,954
2025-03-19 17:00:00.000,17:00,910
2025-03-19 18:00:00.000,18:00,820
2025-03-19 19:00:00.000,19:00,772
2025-03-19 20:00:00.000,20:00,754
2025-03-19 21:00:00.000,21:00,726
2025-03-19 22:00:00.000,22:00,722
2025-03-19 23:00:00.000,23:00,724
2025-03-20 00:00:00.000,00:00,717
2025-03-20 01:00:00.000,01:00,741
2025-03-20 02:00:00.000,02:00,721
2025-03-20 03:00:00.000,03:00,717
2025-03-20 04:00:00.000,04:00,720
2025-03-20 05:00:00.000,05:00,730
2025-03-20 06:00:00.000,06:00,742
2025-03-20 07:00:00.000,07:00,804
2025-03-20 08:00:00.000,08:00,862
2025-03-20 09:00:00.000,09:00,828
2025-03-20 10:00:00.000,10:00,926
2025-03-20 11:00:00.000,11:00,988
2025-03-20 12:00:00.000,12:00,972
2025-03-20 13:00:00.000,13:00,958
2025-03-20 14:00:00.000,14:00,904
2025-03-20 15:00:00.000,15:00,834
2025-03-20 16:00:00.000,16:00,752
2025-03-20 17:00:00.000,17:00,748
2025-03-20 18:00:00.000,18:00,754
2025-03-20 19:00:00.000,19:00,748
2025-03-20 20:00:00.000,20:00,740
2025-03-20 21:00:00.000,21:00,712
2025-03-20 22:00:00.000,22:00,710
2025-03-20 23:00:00.000,23:00,742
2025-03-21 00:00:00.000,00:00,727
2025-03-21 01:00:00.000,01:00,711
2025-03-21 02:00:00.000,02:00,720
2025-03-21 03:00:00.000,03:00,698
2025-03-21 04:00:00.000,04:00,714
2025-03-21 05:00:00.000,05:00,726
2025-03-21 06:00:00.000,06:00,736
2025-03-21 07:00:00.000,07:00,732
2025-03-21 08:00:00.000,08:00,808
2025-03-21 09:00:00.000,09:00,800
2025-03-21 10:00:00.000,10:00,838
2025-03-21 11:00:00.000,11:00,796
2025-03-21 12:00:00.000,12:00,858
2025-03-21 13:00:00.000,13:00,932
2025-03-21 14:00:00.000,14:00,942
2025-03-21 15:00:00.000,15:00,942
2025-03-21 16:00:00.000,16:00,950
2025-03-21 17:00:00.000,17:00,882
2025-03-21 18:00:00.000,18:00,812
2025-03-21 19:00:00.000,19:00,716
2025-03-21 20:00:00.000,20:00,666
2025-03-21 21:00:00.000,21:00,642
2025-03-21 22:00:00.000,22:00,632
2025-03-21 23:00:00.000,23:00,640
2025-03-22 00:00:00.000,00:00,630
2025-03-22 01:00:00.000,01:00,649
2025-03-22 02:00:00.000,02:00,640
2025-03-22 03:00:00.000,03:00,639
2025-03-22 04:00:00.000,04:00,630
2025-03-22 05:00:00.000,05:00,622
2025-03-22 06:00:00.000,06:00,636
2025-03-22 07:00:00.000,07:00,622
2025-03-22 08:00:00.000,08:00,650
2025-03-22 09:00:00.000,09:00,662
2025-03-22 10:00:00.000,10:00,724
2025-03-22 11:00:00.000,11:00,778
2025-03-22 12:00:00.000,12:00,812
2025-03-22 13:00:00.000,13:00,866
2025-03-22 14:00:00.000,14:00,898
2025-03-22 15:00:00.000,15:00,902
2025-03-22 16:00:00.000,16:00,914
2025-03-22 17:00:00.000,17:00,924
2025-03-22 18:00:00.000,18:00,908
2025-03-22 19:00:00.000,19:00,934
2025-03-22 20:00:00.000,20:00,940
2025-03-22 21:00:00.000,21:00,916.6666666666666
2025-03-22 22:00:00.000,22:00,861.3333333333333
2025-03-22 23:00:00.000,23:00,822
2025-03-23 00:00:00.000,00:00,688
2025-03-23 01:00:00.000,01:00,681
2025-03-23 02:00:00.000,02:00,660
2025-03-23 03:00:00.000,03:00,639
2025-03-23 04:00:00.000,04:00,640
2025-03-23 05:00:00.000,05:00,632
2025-03-23 06:00:00.000,06:00,630
2025-03-23 07:00:00.000,07:00,638
2025-03-23 08:00:00.000,08:00,686
2025-03-23 09:00:00.000,09:00,730
2025-03-23 10:00:00.000,10:00,820
2025-03-23 11:00:00.000,11:00,934
2025-03-23 12:00:00.000,12:00,914
2025-03-23 13:00:00.000,13:00,948
2025-03-23 14:00:00.000,14:00,948
2025-03-23 15:00:00.000,15:00,930
2025-03-23 16:00:00.000,16:00,940
2025-03-23 17:00:00.000,17:00,942
2025-03-23 18:00:00.000,18:00,960
2025-03-23 19:00:00.000,19:00,938
2025-03-23 20:00:00.000,20:00,920
2025-03-23 21:00:00.000,21:00,826
2025-03-23 22:00:00.000,22:00,777
2025-03-23 23:00:00.000,23:00,729
2025-03-24 00:00:00.000,00:00,708
2025-03-24 01:00:00.000,01:00,700
2025-03-24 02:00:00.000,02:00,700
2025-03-24 03:00:00.000,03:00,672
2025-03-24 04:00:00.000,04:00,726
2025-03-24 05:00:00.000,05:00,648
2025-03-24 06:00:00.000,06:00,162
2025-03-24 07:00:00.000,07:00,198
2025-03-24 08:00:00.000,08:00,804
2025-03-24 09:00:00.000,09:00,930
2025-03-24 10:00:00.000,10:00,924
2025-03-24 11:00:00.000,11:00,960
2025-03-24 12:00:00.000,12:00,930
2025-03-24 13:00:00.000,13:00,938
2025-03-24 14:00:00.000,14:00,968
2025-03-24 15:00:00.000,15:00,928
2025-03-24 16:00:00.000,16:00,856
2025-03-24 17:00:00.000,17:00,828
2025-03-24 18:00:00.000,18:00,840
2025-03-24 19:00:00.000,19:00,864
2025-03-24 20:00:00.000,20:00,864
2025-03-24 21:00:00.000,21:00,844
2025-03-24 22:00:00.000,22:00,873
2025-03-24 23:00:00.000,23:00,925
2025-03-25 00:00:00.000,00:00,904
2025-03-25 01:00:00.000,01:00,871
2025-03-25 02:00:00.000,02:00,920
2025-03-25 03:00:00.000,03:00,903
2025-03-25 04:00:00.000,04:00,872
2025-03-25 05:00:00.000,05:00,872
2025-03-25 06:00:00.000,06:00,860
2025-03-25 07:00:00.000,07:00,916
2025-03-25 08:00:00.000,08:00,882
2025-03-25 09:00:00.000,09:00,782
2025-03-25 10:00:00.000,10:00,922
2025-03-25 11:00:00.000,11:00,982
2025-03-25 12:00:00.000,12:00,990
2025-03-25 13:00:00.000,13:00,998
2025-03-25 14:00:00.000,14:00,1004
2025-03-25 15:00:00.000,15:00,1008
2025-03-25 16:00:00.000,16:00,992
2025-03-25 17:00:00.000,17:00,980
2025-03-25 18:00:00.000,18:00,982
2025-03-25 19:00:00.000,19:00,996
2025-03-25 20:00:00.000,20:00,970
2025-03-25 21:00:00.000,21:00,950
2025-03-25 22:00:00.000,22:00,968.4444444444445
2025-03-25 23:00:00.000,23:00,925.5555555555555
2025-03-26 00:00:00.000,00:00,886
2025-03-26 01:00:00.000,01:00,898
2025-03-26 02:00:00.000,02:00,883
2025-03-26 03:00:00.000,03:00,883
2025-03-26 04:00:00.000,04:00,874
2025-03-26 05:00:00.000,05:00,892
2025-03-26 06:00:00.000,06:00,872
2025-03-26 07:00:00.000,07:00,882
2025-03-26 08:00:00.000,08:00,682
2025-03-26 09:00:00.000,09:00,142
2025-03-26 10:00:00.000,10:00,76
2025-03-26 11:00:00.000,11:00,0
2025-03-26 12:00:00.000,12:00,24
2025-03-26 13:00:00.000,13:00,76
2025-03-26 14:00:00.000,14:00,0
2025-03-26 15:00:00.000,15:00,10
2025-03-26 16:00:00.000,16:00,0
2025-03-26 17:00:00.000,17:00,10
2025-03-26 18:00:00.000,18:00,0
2025-03-26 19:00:00.000,19:00,10
2025-03-26 20:00:00.000,20:00,0
2025-03-26 21:00:00.000,21:00,0
2025-03-26 22:00:00.000,22:00,10
2025-03-26 23:00:00.000,23:00,0
2025-03-27 00:00:00.000,00:00,0
2025-03-27 01:00:00.000,01:00,0
2025-03-27 02:00:00.000,02:00,0
2025-03-27 03:00:00.000,03:00,0
2025-03-27 04:00:00.000,04:00,0
2025-03-27 05:00:00.000,05:00,0
2025-03-27 06:00:00.000,06:00,0
2025-03-27 07:00:00.000,07:00,0
2025-03-27 08:00:00.000,08:00,0
2025-03-27 09:00:00.000,09:00,0
2025-03-27 10:00:00.000,10:00,0
2025-03-27 11:00:00.000,11:00,0
2025-03-27 12:00:00.000,12:00,0
2025-03-27 13:00:00.000,13:00,0
2025-03-27 14:00:00.000,14:00,0
2025-03-27 15:00:00.000,15:00,0
2025-03-27 16:00:00.000,16:00,0
2025-03-27 17:00:00.000,17:00,0
2025-03-27 18:00:00.000,18:00,0
2025-03-27 19:00:00.000,19:00,0
2025-03-27 20:00:00.000,20:00,0
2025-03-27 21:00:00.000,21:00,0
2025-03-27 22:00:00.000,22:00,0
2025-03-27 23:00:00.000,23:00,0
2025-03-28 00:00:00.000,00:00,0
2025-03-28 01:00:00.000,01:00,0
2025-03-28 02:00:00.000,02:00,0
2025-03-28 03:00:00.000,03:00,0
2025-03-28 04:00:00.000,04:00,0
2025-03-28 05:00:00.000,05:00,0
2025-03-28 06:00:00.000,06:00,0
2025-03-28 07:00:00.000,07:00,0
2025-03-28 08:00:00.000,08:00,0
2025-03-28 09:00:00.000,09:00,0
2025-03-28 10:00:00.000,10:00,0
2025-03-28 11:00:00.000,11:00,0
2025-03-28 12:00:00.000,12:00,0
2025-03-28 13:00:00.000,13:00,0
2025-03-28 14:00:00.000,14:00,0
2025-03-28 15:00:00.000,15:00,0
2025-03-28 16:00:00.000,16:00,172
2025-03-28 17:00:00.000,17:00,954
2025-03-28 18:00:00.000,18:00,970
2025-03-28 19:00:00.000,19:00,944
2025-03-28 20:00:00.000,20:00,920
2025-03-28 21:00:00.000,21:00,910
2025-03-28 22:00:00.000,22:00,886.6666666666666
2025-03-28 23:00:00.000,23:00,903.3333333333334
2025-03-29 00:00:00.000,00:00,875
2025-03-29 01:00:00.000,01:00,892
2025-03-29 02:00:00.000,02:00,908
2025-03-29 03:00:00.000,03:00,879
2025-03-29 04:00:00.000,04:00,872
2025-03-29 05:00:00.000,05:00,886
2025-03-29 06:00:00.000,06:00,838
2025-03-29 07:00:00.000,07:00,866
2025-03-29 08:00:00.000,08:00,910
2025-03-29 09:00:00.000,09:00,884
2025-03-29 10:00:00.000,10:00,786
2025-03-29 11:00:00.000,11:00,768
2025-03-29 12:00:00.000,12:00,858
2025-03-29 13:00:00.000,13:00,720
2025-03-29 14:00:00.000,14:00,792
2025-03-29 15:00:00.000,15:00,794
2025-03-29 16:00:00.000,16:00,756
2025-03-29 17:00:00.000,17:00,760
2025-03-29 18:00:00.000,18:00,734
2025-03-29 19:00:00.000,19:00,758
2025-03-29 20:00:00.000,20:00,798
2025-03-29 21:00:00.000,21:00,770
2025-03-29 22:00:00.000,22:00,747
2025-03-29 23:00:00.000,23:00,749
2025-03-30 00:00:00.000,00:00,727
2025-03-30 00:00:00.000,00:00,819
2025-03-30 03:00:00.000,03:00,751
2025-03-30 04:00:00.000,04:00,757
2025-03-30 05:00:00.000,05:00,770
2025-03-30 06:00:00.000,06:00,780
2025-03-30 07:00:00.000,07:00,798
2025-03-30 08:00:00.000,08:00,744
2025-03-30 09:00:00.000,09:00,824
2025-03-30 10:00:00.000,10:00,844
2025-03-30 11:00:00.000,11:00,780
2025-03-30 12:00:00.000,12:00,686
2025-03-30 13:00:00.000,13:00,754
2025-03-30 14:00:00.000,14:00,732
2025-03-30 15:00:00.000,15:00,748
2025-03-30 16:00:00.000,16:00,744
2025-03-30 17:00:00.000,17:00,738
2025-03-30 18:00:00.000,18:00,702
2025-03-30 19:00:00.000,19:00,662
2025-03-30 20:00:00.000,20:00,748
2025-03-30 21:00:00.000,21:00,886
2025-03-30 22:00:00.000,22:00,756
2025-03-30 23:00:00.000,23:00,730
2025-03-31 00:00:00.000,00:00,698
2025-03-31 01:00:00.000,01:00,749
2025-03-31 02:00:00.000,02:00,731
2025-03-31 03:00:00.000,03:00,728
2025-03-31 04:00:00.000,04:00,760
2025-03-31 05:00:00.000,05:00,728
2025-03-31 06:00:00.000,06:00,714
2025-03-31 07:00:00.000,07:00,744
2025-03-31 08:00:00.000,08:00,916
2025-03-31 09:00:00.000,09:00,688
2025-03-31 10:00:00.000,10:00,596
2025-03-31 11:00:00.000,11:00,228
2025-03-31 12:00:00.000,12:00,90
2025-03-31 13:00:00.000,13:00,24
2025-03-31 14:00:00.000,14:00,66
2025-03-31 15:00:00.000,15:00,94
2025-03-31 16:00:00.000,16:00,6
2025-03-31 17:00:00.000,17:00,0
2025-03-31 18:00:00.000,18:00,90
2025-03-31 19:00:00.000,19:00,10
2025-03-31 20:00:00.000,20:00,0
2025-03-31 21:00:00.000,21:00,66
2025-03-31 22:00:00.000,22:00,34
2025-03-31 23:00:00.000,23:00,0
2025-04-01 00:00:00.000,00:00,9
2025-04-01 01:00:00.000,01:00,1
2025-04-01 02:00:00.000,02:00,9
2025-04-01 03:00:00.000,03:00,1
2025-04-01 04:00:00.000,04:00,10
2025-04-01 05:00:00.000,05:00,0
2025-04-01 06:00:00.000,06:00,10
2025-04-01 07:00:00.000,07:00,8
2025-04-01 08:00:00.000,08:00,2
2025-04-01 09:00:00.000,09:00,10
2025-04-01 10:00:00.000,10:00,0
2025-04-01 11:00:00.000,11:00,10
2025-04-01 12:00:00.000,12:00,0
2025-04-01 13:00:00.000,13:00,10
2025-04-01 14:00:00.000,14:00,10
2025-04-01 15:00:00.000,15:00,0
2025-04-01 16:00:00.000,16:00,194
2025-04-01 17:00:00.000,17:00,846
2025-04-01 18:00:00.000,18:00,940
2025-04-01 19:00:00.000,19:00,968
2025-04-01 20:00:00.000,20:00,942
2025-04-01 21:00:00.000,21:00,910
2025-04-01 22:00:00.000,22:00,899
2025-04-01 23:00:00.000,23:00,911
2025-04-02 00:00:00.000,00:00,855
2025-04-02 01:00:00.000,01:00,881
2025-04-02 02:00:00.000,02:00,890
2025-04-02 03:00:00.000,03:00,876
2025-04-02 04:00:00.000,04:00,888
2025-04-02 05:00:00.000,05:00,894
2025-04-02 06:00:00.000,06:00,886
2025-04-02 07:00:00.000,07:00,900
2025-04-02 08:00:00.000,08:00,842
2025-04-02 09:00:00.000,09:00,916
2025-04-02 10:00:00.000,10:00,930
2025-04-02 11:00:00.000,11:00,848
2025-04-02 12:00:00.000,12:00,736
2025-04-02 13:00:00.000,13:00,802
2025-04-02 14:00:00.000,14:00,772
2025-04-02 15:00:00.000,15:00,806
2025-04-02 16:00:00.000,16:00,748
2025-04-02 17:00:00.000,17:00,850
2025-04-02 18:00:00.000,18:00,722
2025-04-02 19:00:00.000,19:00,836
2025-04-02 20:00:00.000,20:00,746
2025-04-02 21:00:00.000,21:00,768
2025-04-02 22:00:00.000,22:00,732
2025-04-02 23:00:00.000,23:00,766
2025-04-03 00:00:00.000,00:00,708
2025-04-03 01:00:00.000,01:00,700
2025-04-03 02:00:00.000,02:00,769
2025-04-03 03:00:00.000,03:00,711
2025-04-03 04:00:00.000,04:00,766
2025-04-03 05:00:00.000,05:00,704
2025-04-03 06:00:00.000,06:00,698
2025-04-03 07:00:00.000,07:00,700
2025-04-03 08:00:00.000,08:00,746
2025-04-03 09:00:00.000,09:00,704
2025-04-03 10:00:00.000,10:00,708
2025-04-03 11:00:00.000,11:00,850
2025-04-03 12:00:00.000,12:00,730
2025-04-03 13:00:00.000,13:00,704
2025-04-03 14:00:00.000,14:00,738
2025-04-03 15:00:00.000,15:00,644
2025-04-03 16:00:00.000,16:00,694
2025-04-03 17:00:00.000,17:00,838
2025-04-03 18:00:00.000,18:00,768
2025-04-03 19:00:00.000,19:00,666
2025-04-03 20:00:00.000,20:00,814
2025-04-03 21:00:00.000,21:00,664
2025-04-03 22:00:00.000,22:00,719.3333333333334
2025-04-03 23:00:00.000,23:00,786.6666666666666
2025-04-04 00:00:00.000,00:00,738
2025-04-04 01:00:00.000,01:00,731
2025-04-04 02:00:00.000,02:00,758
2025-04-04 03:00:00.000,03:00,729
2025-04-04 04:00:00.000,04:00,750
2025-04-04 05:00:00.000,05:00,730
2025-04-04 06:00:00.000,06:00,750
2025-04-04 07:00:00.000,07:00,748
2025-04-04 08:00:00.000,08:00,730
2025-04-04 09:00:00.000,09:00,436
2025-04-04 10:00:00.000,10:00,184
2025-04-04 11:00:00.000,11:00,46
2025-04-04 12:00:00.000,12:00,0
2025-04-04 13:00:00.000,13:00,90
2025-04-04 14:00:00.000,14:00,0
2025-04-04 15:00:00.000,15:00,10
2025-04-04 16:00:00.000,16:00,80
2025-04-04 17:00:00.000,17:00,10
2025-04-04 18:00:00.000,18:00,0
2025-04-04 19:00:00.000,19:00,10
2025-04-04 20:00:00.000,20:00,80
2025-04-04 21:00:00.000,21:00,10
2025-04-04 22:00:00.000,22:00,0
2025-04-04 23:00:00.000,23:00,0
2025-04-05 00:00:00.000,00:00,10
2025-04-05 01:00:00.000,01:00,0
2025-04-05 02:00:00.000,02:00,10
2025-04-05 03:00:00.000,03:00,0
2025-04-05 04:00:00.000,04:00,10
2025-04-05 05:00:00.000,05:00,0
2025-04-05 06:00:00.000,06:00,10
2025-04-05 07:00:00.000,07:00,0
2025-04-05 08:00:00.000,08:00,10
2025-04-05 09:00:00.000,09:00,0
2025-04-05 10:00:00.000,10:00,0
2025-04-05 11:00:00.000,11:00,10
2025-04-05 12:00:00.000,12:00,0
2025-04-05 13:00:00.000,13:00,10
2025-04-05 14:00:00.000,14:00,0
2025-04-05 15:00:00.000,15:00,10
2025-04-05 16:00:00.000,16:00,0
2025-04-05 17:00:00.000,17:00,10
2025-04-05 18:00:00.000,18:00,0
2025-04-05 19:00:00.000,19:00,0
2025-04-05 20:00:00.000,20:00,10
2025-04-05 21:00:00.000,21:00,0
2025-04-05 22:00:00.000,22:00,0
2025-04-05 23:00:00.000,23:00,10
2025-04-06 00:00:00.000,00:00,0
2025-04-06 01:00:00.000,01:00,0
2025-04-06 02:00:00.000,02:00,0
2025-04-06 03:00:00.000,03:00,10
2025-04-06 04:00:00.000,04:00,0
2025-04-06 05:00:00.000,05:00,0
2025-04-06 06:00:00.000,06:00,0
2025-04-06 07:00:00.000,07:00,0
2025-04-06 08:00:00.000,08:00,0
2025-04-06 09:00:00.000,09:00,0
2025-04-06 10:00:00.000,10:00,0
2025-04-06 11:00:00.000,11:00,0
2025-04-06 12:00:00.000,12:00,10
2025-04-06 13:00:00.000,13:00,0
2025-04-06 14:00:00.000,14:00,0
2025-04-06 15:00:00.000,15:00,0
2025-04-06 16:00:00.000,16:00,0
2025-04-06 17:00:00.000,17:00,0
2025-04-06 18:00:00.000,18:00,0
2025-04-06 19:00:00.000,19:00,0
2025-04-06 20:00:00.000,20:00,0
2025-04-06 21:00:00.000,21:00,0
2025-04-06 22:00:00.000,22:00,0
2025-04-06 23:00:00.000,23:00,0
2025-04-07 00:00:00.000,00:00,0
2025-04-07 01:00:00.000,01:00,0
2025-04-07 02:00:00.000,02:00,0
2025-04-07 03:00:00.000,03:00,0
2025-04-07 04:00:00.000,04:00,0
2025-04-07 05:00:00.000,05:00,0
2025-04-07 06:00:00.000,06:00,0
2025-04-07 07:00:00.000,07:00,0
2025-04-07 08:00:00.000,08:00,0
2025-04-07 09:00:00.000,09:00,0
2025-04-07 10:00:00.000,10:00,0
2025-04-07 11:00:00.000,11:00,0
2025-04-07 12:00:00.000,12:00,0
2025-04-07 13:00:00.000,13:00,0
2025-04-07 14:00:00.000,14:00,0
2025-04-07 15:00:00.000,15:00,0
2025-04-07 16:00:00.000,16:00,0
2025-04-07 17:00:00.000,17:00,0
2025-04-07 18:00:00.000,18:00,0
2025-04-07 19:00:00.000,19:00,0
2025-04-07 20:00:00.000,20:00,0
2025-04-07 21:00:00.000,21:00,0
2025-04-07 22:00:00.000,22:00,0
2025-04-07 23:00:00.000,23:00,0
2025-04-08 00:00:00.000,00:00,0
2025-04-08 01:00:00.000,01:00,0
2025-04-08 02:00:00.000,02:00,0
2025-04-08 03:00:00.000,03:00,0
2025-04-08 04:00:00.000,04:00,0
2025-04-08 05:00:00.000,05:00,0
2025-04-08 06:00:00.000,06:00,0
2025-04-08 07:00:00.000,07:00,0
2025-04-08 08:00:00.000,08:00,0
2025-04-08 09:00:00.000,09:00,0
2025-04-08 10:00:00.000,10:00,0
2025-04-08 11:00:00.000,11:00,0
2025-04-08 12:00:00.000,12:00,0
2025-04-08 13:00:00.000,13:00,0
2025-04-08 14:00:00.000,14:00,0
2025-04-08 15:00:00.000,15:00,0
2025-04-08 16:00:00.000,16:00,0
2025-04-08 17:00:00.000,17:00,0
2025-04-08 18:00:00.000,18:00,0
2025-04-08 19:00:00.000,19:00,0
2025-04-08 20:00:00.000,20:00,0
2025-04-08 21:00:00.000,21:00,0
2025-04-08 22:00:00.000,22:00,0
2025-04-08 23:00:00.000,23:00,0
2025-04-09 00:00:00.000,00:00,0
2025-04-09 01:00:00.000,01:00,0
2025-04-09 02:00:00.000,02:00,0
2025-04-09 03:00:00.000,03:00,0
2025-04-09 04:00:00.000,04:00,0
2025-04-09 05:00:00.000,05:00,0
2025-04-09 06:00:00.000,06:00,0
2025-04-09 07:00:00.000,07:00,0
2025-04-09 08:00:00.000,08:00,0
2025-04-09 09:00:00.000,09:00,0
2025-04-09 10:00:00.000,10:00,0
2025-04-09 11:00:00.000,11:00,0
2025-04-09 12:00:00.000,12:00,0
2025-04-09 13:00:00.000,13:00,0
2025-04-09 14:00:00.000,14:00,0
2025-04-09 15:00:00.000,15:00,0
2025-04-09 16:00:00.000,16:00,0
2025-04-09 17:00:00.000,17:00,0
2025-04-09 18:00:00.000,18:00,0
2025-04-09 19:00:00.000,19:00,0
2025-04-09 20:00:00.000,20:00,0
2025-04-09 21:00:00.000,21:00,0
2025-04-09 22:00:00.000,22:00,0
2025-04-09 23:00:00.000,23:00,0
2025-04-10 00:00:00.000,00:00,0
2025-04-10 01:00:00.000,01:00,0
2025-04-10 02:00:00.000,02:00,0
2025-04-10 03:00:00.000,03:00,0
2025-04-10 04:00:00.000,04:00,0
2025-04-10 05:00:00.000,05:00,0
2025-04-10 06:00:00.000,06:00,0
2025-04-10 07:00:00.000,07:00,0
2025-04-10 08:00:00.000,08:00,0
2025-04-10 09:00:00.000,09:00,0
2025-04-10 10:00:00.000,10:00,0
2025-04-10 11:00:00.000,11:00,0
2025-04-10 12:00:00.000,12:00,0
2025-04-10 13:00:00.000,13:00,0
2025-04-10 14:00:00.000,14:00,0
2025-04-10 15:00:00.000,15:00,0
2025-04-10 16:00:00.000,16:00,0
2025-04-10 17:00:00.000,17:00,0
2025-04-10 18:00:00.000,18:00,0
2025-04-10 19:00:00.000,19:00,0
2025-04-10 20:00:00.000,20:00,0
2025-04-10 21:00:00.000,21:00,0
2025-04-10 22:00:00.000,22:00,0
2025-04-10 23:00:00.000,23:00,0
2025-04-11 00:00:00.000,00:00,0
2025-04-11 01:00:00.000,01:00,0
2025-04-11 02:00:00.000,02:00,0
2025-04-11 03:00:00.000,03:00,0
2025-04-11 04:00:00.000,04:00,0
2025-04-11 05:00:00.000,05:00,0
2025-04-11 06:00:00.000,06:00,0
2025-04-11 07:00:00.000,07:00,0
2025-04-11 08:00:00.000,08:00,0
2025-04-11 09:00:00.000,09:00,0
2025-04-11 10:00:00.000,10:00,0
2025-04-11 11:00:00.000,11:00,0
2025-04-11 12:00:00.000,12:00,0
2025-04-11 13:00:00.000,13:00,0
2025-04-11 14:00:00.000,14:00,0
2025-04-11 15:00:00.000,15:00,0
2025-04-11 16:00:00.000,16:00,0
2025-04-11 17:00:00.000,17:00,0
2025-04-11 18:00:00.000,18:00,0
2025-04-11 19:00:00.000,19:00,0
2025-04-11 20:00:00.000,20:00,0
2025-04-11 21:00:00.000,21:00,0
2025-04-11 22:00:00.000,22:00,0
2025-04-11 23:00:00.000,23:00,0
2025-04-12 00:00:00.000,00:00,0
2025-04-12 01:00:00.000,01:00,0
2025-04-12 02:00:00.000,02:00,0
2025-04-12 03:00:00.000,03:00,0
2025-04-12 04:00:00.000,04:00,0
2025-04-12 05:00:00.000,05:00,0
2025-04-12 06:00:00.000,06:00,0
2025-04-12 07:00:00.000,07:00,0
2025-04-12 08:00:00.000,08:00,0
2025-04-12 09:00:00.000,09:00,0
2025-04-12 10:00:00.000,10:00,0
2025-04-12 11:00:00.000,11:00,0
2025-04-12 12:00:00.000,12:00,0
2025-04-12 13:00:00.000,13:00,0
2025-04-12 14:00:00.000,14:00,0
2025-04-12 15:00:00.000,15:00,0
2025-04-12 16:00:00.000,16:00,0
2025-04-12 17:00:00.000,17:00,0
2025-04-12 18:00:00.000,18:00,0
2025-04-12 19:00:00.000,19:00,0
2025-04-12 20:00:00.000,20:00,0
2025-04-12 21:00:00.000,21:00,0
2025-04-12 22:00:00.000,22:00,0
2025-04-12 23:00:00.000,23:00,0
2025-04-13 00:00:00.000,00:00,0
2025-04-13 01:00:00.000,01:00,0
2025-04-13 02:00:00.000,02:00,0
2025-04-13 03:00:00.000,03:00,0
2025-04-13 04:00:00.000,04:00,0
2025-04-13 05:00:00.000,05:00,0
2025-04-13 06:00:00.000,06:00,0
2025-04-13 07:00:00.000,07:00,0
2025-04-13 08:00:00.000,08:00,0
2025-04-13 09:00:00.000,09:00,0
2025-04-13 10:00:00.000,10:00,0
2025-04-13 11:00:00.000,11:00,0
2025-04-13 12:00:00.000,12:00,0
2025-04-13 13:00:00.000,13:00,0
2025-04-13 14:00:00.000,14:00,0
2025-04-13 15:00:00.000,15:00,0
2025-04-13 16:00:00.000,16:00,0
2025-04-13 17:00:00.000,17:00,0
2025-04-13 18:00:00.000,18:00,0
2025-04-13 19:00:00.000,19:00,0
2025-04-13 20:00:00.000,20:00,0
2025-04-13 21:00:00.000,21:00,0
2025-04-13 22:00:00.000,22:00,0
2025-04-13 23:00:00.000,23:00,0
2025-04-14 00:00:00.000,00:00,0
2025-04-14 01:00:00.000,01:00,0
2025-04-14 02:00:00.000,02:00,0
2025-04-14 03:00:00.000,03:00,0
2025-04-14 04:00:00.000,04:00,0
2025-04-14 05:00:00.000,05:00,0
2025-04-14 06:00:00.000,06:00,0
2025-04-14 07:00:00.000,07:00,0
2025-04-14 08:00:00.000,08:00,0
2025-04-14 09:00:00.000,09:00,0
2025-04-14 10:00:00.000,10:00,0
2025-04-14 11:00:00.000,11:00,0
2025-04-14 12:00:00.000,12:00,0
2025-04-14 13:00:00.000,13:00,0
2025-04-14 14:00:00.000,14:00,0
2025-04-14 15:00:00.000,15:00,0
2025-04-14 16:00:00.000,16:00,0
2025-04-14 17:00:00.000,17:00,0
2025-04-14 18:00:00.000,18:00,0
2025-04-14 19:00:00.000,19:00,0
2025-04-14 20:00:00.000,20:00,0
2025-04-14 21:00:00.000,21:00,0
2025-04-14 22:00:00.000,22:00,0
2025-04-14 23:00:00.000,23:00,0
2025-04-15 00:00:00.000,00:00,0
2025-04-15 01:00:00.000,01:00,0
2025-04-15 02:00:00.000,02:00,0
2025-04-15 03:00:00.000,03:00,0
2025-04-15 04:00:00.000,04:00,0
2025-04-15 05:00:00.000,05:00,0
2025-04-15 06:00:00.000,06:00,0
2025-04-15 07:00:00.000,07:00,0
2025-04-15 08:00:00.000,08:00,0
2025-04-15 09:00:00.000,09:00,0
2025-04-15 10:00:00.000,10:00,0
2025-04-15 11:00:00.000,11:00,0
2025-04-15 12:00:00.000,12:00,0
2025-04-15 13:00:00.000,13:00,0
2025-04-15 14:00:00.000,14:00,364
2025-04-15 15:00:00.000,15:00,886
2025-04-15 16:00:00.000,16:00,942
2025-04-15 17:00:00.000,17:00,956
2025-04-15 18:00:00.000,18:00,924
2025-04-15 19:00:00.000,19:00,888
2025-04-15 20:00:00.000,20:00,882
2025-04-15 21:00:00.000,21:00,866
2025-04-15 22:00:00.000,22:00,870
2025-04-15 23:00:00.000,23:00,882
2025-04-16 00:00:00.000,00:00,856
2025-04-16 01:00:00.000,01:00,849
2025-04-16 02:00:00.000,02:00,821
2025-04-16 03:00:00.000,03:00,800
2025-04-16 04:00:00.000,04:00,868
2025-04-16 05:00:00.000,05:00,784
2025-04-16 06:00:00.000,06:00,758
2025-04-16 07:00:00.000,07:00,852
2025-04-16 08:00:00.000,08:00,732
2025-04-16 09:00:00.000,09:00,796
2025-04-16 10:00:00.000,10:00,808
2025-04-16 11:00:00.000,11:00,676
2025-04-16 12:00:00.000,12:00,826
2025-04-16 13:00:00.000,13:00,702
2025-04-16 14:00:00.000,14:00,708
2025-04-16 15:00:00.000,15:00,730
2025-04-16 16:00:00.000,16:00,674
2025-04-16 17:00:00.000,17:00,696
2025-04-16 18:00:00.000,18:00,730
2025-04-16 19:00:00.000,19:00,700
2025-04-16 20:00:00.000,20:00,732
2025-04-16 21:00:00.000,21:00,810
2025-04-16 22:00:00.000,22:00,679
2025-04-16 23:00:00.000,23:00,793
2025-04-17 00:00:00.000,00:00,775
2025-04-17 01:00:00.000,01:00,705
2025-04-17 02:00:00.000,02:00,795
2025-04-17 03:00:00.000,03:00,733
2025-04-17 04:00:00.000,04:00,810
2025-04-17 05:00:00.000,05:00,724
2025-04-17 06:00:00.000,06:00,822
2025-04-17 07:00:00.000,07:00,740
2025-04-17 08:00:00.000,08:00,792
2025-04-17 09:00:00.000,09:00,786
2025-04-17 10:00:00.000,10:00,720
2025-04-17 11:00:00.000,11:00,798
2025-04-17 12:00:00.000,12:00,696
2025-04-17 13:00:00.000,13:00,770
2025-04-17 14:00:00.000,14:00,758
2025-04-17 15:00:00.000,15:00,732
2025-04-17 16:00:00.000,16:00,734
2025-04-17 17:00:00.000,17:00,698
2025-04-17 18:00:00.000,18:00,647.5555555555555
2025-04-17 19:00:00.000,19:00,758.4444444444445
2025-04-17 20:00:00.000,20:00,793.2727272727273
2025-04-17 21:00:00.000,21:00,784.7272727272727
2025-04-17 22:00:00.000,22:00,679
2025-04-17 23:00:00.000,23:00,749
2025-04-18 00:00:00.000,00:00,806
2025-04-18 01:00:00.000,01:00,731
2025-04-18 02:00:00.000,02:00,802
2025-04-18 03:00:00.000,03:00,801
2025-04-18 04:00:00.000,04:00,740
2025-04-18 05:00:00.000,05:00,784
2025-04-18 06:00:00.000,06:00,794
2025-04-18 07:00:00.000,07:00,762
2025-04-18 08:00:00.000,08:00,784
2025-04-18 09:00:00.000,09:00,770
2025-04-18 10:00:00.000,10:00,738
2025-04-18 11:00:00.000,11:00,792
2025-04-18 12:00:00.000,12:00,730
2025-04-18 13:00:00.000,13:00,730
2025-04-18 14:00:00.000,14:00,656
2025-04-18 15:00:00.000,15:00,564
2025-04-18 16:00:00.000,16:00,606
2025-04-18 17:00:00.000,17:00,628
2025-04-18 18:00:00.000,18:00,620
2025-04-18 19:00:00.000,19:00,776
2025-04-18 20:00:00.000,20:00,722
2025-04-18 21:00:00.000,21:00,718
2025-04-18 22:00:00.000,22:00,643
2025-04-18 23:00:00.000,23:00,643
2025-04-19 00:00:00.000,00:00,658
2025-04-19 01:00:00.000,01:00,729
2025-04-19 02:00:00.000,02:00,710
2025-04-19 03:00:00.000,03:00,735
2025-04-19 04:00:00.000,04:00,742
2025-04-19 05:00:00.000,05:00,850
2025-04-19 06:00:00.000,06:00,778
2025-04-19 07:00:00.000,07:00,744
2025-04-19 08:00:00.000,08:00,800
2025-04-19 09:00:00.000,09:00,796
2025-04-19 10:00:00.000,10:00,720
2025-04-19 11:00:00.000,11:00,728
2025-04-19 12:00:00.000,12:00,300
2025-04-19 13:00:00.000,13:00,856
2025-04-19 14:00:00.000,14:00,710
2025-04-19 15:00:00.000,15:00,838
2025-04-19 16:00:00.000,16:00,896
2025-04-19 17:00:00.000,17:00,800
2025-04-19 18:00:00.000,18:00,778
2025-04-19 19:00:00.000,19:00,748.6666666666666
2025-04-19 20:00:00.000,20:00,810.3333333333333
2025-04-19 21:00:00.000,21:00,821
2025-04-19 22:00:00.000,22:00,760
2025-04-19 23:00:00.000,23:00,822
2025-04-20 00:00:00.000,00:00,803
2025-04-20 01:00:00.000,01:00,763
2025-04-20 02:00:00.000,02:00,782
2025-04-20 03:00:00.000,03:00,804
2025-04-20 04:00:00.000,04:00,772
2025-04-20 05:00:00.000,05:00,798
2025-04-20 06:00:00.000,06:00,770
2025-04-20 07:00:00.000,07:00,830
2025-04-20 08:00:00.000,08:00,252
2025-04-20 09:00:00.000,09:00,556
2025-04-20 10:00:00.000,10:00,694
2025-04-20 11:00:00.000,11:00,274
2025-04-20 12:00:00.000,12:00,810
2025-04-20 13:00:00.000,13:00,868
2025-04-20 14:00:00.000,14:00,846
2025-04-20 15:00:00.000,15:00,334
2025-04-20 16:00:00.000,16:00,566
2025-04-20 17:00:00.000,17:00,810
2025-04-20 18:00:00.000,18:00,344
2025-04-20 19:00:00.000,19:00,962
2025-04-20 20:00:00.000,20:00,894
2025-04-20 21:00:00.000,21:00,861
2025-04-20 22:00:00.000,22:00,568
2025-04-20 23:00:00.000,23:00,79
2025-04-21 00:00:00.000,00:00,0
2025-04-21 01:00:00.000,01:00,82
2025-04-21 02:00:00.000,02:00,8
2025-04-21 03:00:00.000,03:00,10
2025-04-21 04:00:00.000,04:00,80
2025-04-21 05:00:00.000,05:00,10
2025-04-21 06:00:00.000,06:00,0
2025-04-21 07:00:00.000,07:00,10
2025-04-21 08:00:00.000,08:00,0
2025-04-21 09:00:00.000,09:00,90
2025-04-21 10:00:00.000,10:00,58
2025-04-21 11:00:00.000,11:00,366
2025-04-21 12:00:00.000,12:00,576
2025-04-21 13:00:00.000,13:00,0
2025-04-21 14:00:00.000,14:00,10
2025-04-21 15:00:00.000,15:00,56
2025-04-21 16:00:00.000,16:00,42
2025-04-21 17:00:00.000,17:00,2
2025-04-21 18:00:00.000,18:00,0
2025-04-21 19:00:00.000,19:00,10
2025-04-21 20:00:00.000,20:00,7.777777777777778
2025-04-21 21:00:00.000,21:00,2.2222222222222223
2025-04-21 22:00:00.000,22:00,10
2025-04-21 23:00:00.000,23:00,0
2025-04-22 00:00:00.000,00:00,10
2025-04-22 01:00:00.000,01:00,9
2025-04-22 02:00:00.000,02:00,1
2025-04-22 03:00:00.000,03:00,10
2025-04-22 04:00:00.000,04:00,8
2025-04-22 05:00:00.000,05:00,2
2025-04-22 06:00:00.000,06:00,10
2025-04-22 07:00:00.000,07:00,8
2025-04-22 08:00:00.000,08:00,2
2025-04-22 09:00:00.000,09:00,10
2025-04-22 10:00:00.000,10:00,0
2025-04-22 11:00:00.000,11:00,40
2025-04-22 12:00:00.000,12:00,170
2025-04-22 13:00:00.000,13:00,500
2025-04-22 14:00:00.000,14:00,554
2025-04-22 15:00:00.000,15:00,450
2025-04-22 16:00:00.000,16:00,870
2025-04-22 17:00:00.000,17:00,964
2025-04-22 18:00:00.000,18:00,988
2025-04-22 19:00:00.000,19:00,994
2025-04-22 20:00:00.000,20:00,952
2025-04-22 21:00:00.000,21:00,970
2025-04-22 22:00:00.000,22:00,967
2025-04-22 23:00:00.000,23:00,961
2025-04-23 00:00:00.000,00:00,922
2025-04-23 01:00:00.000,01:00,844
2025-04-23 02:00:00.000,02:00,833
2025-04-23 03:00:00.000,03:00,827
2025-04-23 04:00:00.000,04:00,774
2025-04-23 05:00:00.000,05:00,736
2025-04-23 06:00:00.000,06:00,768
2025-04-23 07:00:00.000,07:00,816
2025-04-23 08:00:00.000,08:00,878
2025-04-23 09:00:00.000,09:00,896
2025-04-23 10:00:00.000,10:00,824
2025-04-23 11:00:00.000,11:00,834
2025-04-23 12:00:00.000,12:00,870
2025-04-23 13:00:00.000,13:00,818
2025-04-23 14:00:00.000,14:00,780
2025-04-23 15:00:00.000,15:00,808
2025-04-23 16:00:00.000,16:00,768
2025-04-23 17:00:00.000,17:00,826
2025-04-23 18:00:00.000,18:00,780
2025-04-23 19:00:00.000,19:00,769.1111111111111
2025-04-23 20:00:00.000,20:00,805.8888888888889
2025-04-23 21:00:00.000,21:00,775
2025-04-23 22:00:00.000,22:00,738
2025-04-23 23:00:00.000,23:00,860
2025-04-24 00:00:00.000,00:00,716
2025-04-24 01:00:00.000,01:00,831
2025-04-24 02:00:00.000,02:00,762
2025-04-24 03:00:00.000,03:00,845
2025-04-24 04:00:00.000,04:00,758
2025-04-24 05:00:00.000,05:00,744
2025-04-24 06:00:00.000,06:00,750
2025-04-24 07:00:00.000,07:00,868
2025-04-24 08:00:00.000,08:00,842
2025-04-24 09:00:00.000,09:00,708
2025-04-24 10:00:00.000,10:00,480
2025-04-24 11:00:00.000,11:00,936
2025-04-24 12:00:00.000,12:00,816
2025-04-24 13:00:00.000,13:00,772
2025-04-24 14:00:00.000,14:00,908
2025-04-24 15:00:00.000,15:00,792
2025-04-24 16:00:00.000,16:00,782
2025-04-24 17:00:00.000,17:00,842
2025-04-24 18:00:00.000,18:00,758
2025-04-24 19:00:00.000,19:00,798
2025-04-24 20:00:00.000,20:00,830
2025-04-24 21:00:00.000,21:00,750
2025-04-24 22:00:00.000,22:00,816
2025-04-24 23:00:00.000,23:00,846
2025-04-25 00:00:00.000,00:00,748
2025-04-25 01:00:00.000,01:00,858
2025-04-25 02:00:00.000,02:00,698
2025-04-25 03:00:00.000,03:00,822
2025-04-25 04:00:00.000,04:00,836
2025-04-25 05:00:00.000,05:00,770
2025-04-25 06:00:00.000,06:00,814
2025-04-25 07:00:00.000,07:00,852
2025-04-25 08:00:00.000,08:00,784
2025-04-25 09:00:00.000,09:00,846
2025-04-25 10:00:00.000,10:00,834
2025-04-25 11:00:00.000,11:00,750
2025-04-25 12:00:00.000,12:00,816
2025-04-25 13:00:00.000,13:00,766
2025-04-25 14:00:00.000,14:00,706
2025-04-25 15:00:00.000,15:00,764
2025-04-25 16:00:00.000,16:00,820
2025-04-25 17:00:00.000,17:00,752
2025-04-25 18:00:00.000,18:00,820
2025-04-25 19:00:00.000,19:00,699.5555555555555
2025-04-25 20:00:00.000,20:00,866.4444444444445
2025-04-25 21:00:00.000,21:00,731.3333333333334
2025-04-25 22:00:00.000,22:00,630.6666666666666
2025-04-25 23:00:00.000,23:00,946
2025-04-26 00:00:00.000,00:00,773
2025-04-26 01:00:00.000,01:00,755
2025-04-26 02:00:00.000,02:00,889
2025-04-26 03:00:00.000,03:00,771
2025-04-26 04:00:00.000,04:00,732
2025-04-26 05:00:00.000,05:00,820
2025-04-26 06:00:00.000,06:00,674
2025-04-26 07:00:00.000,07:00,814
2025-04-26 08:00:00.000,08:00,786
2025-04-26 09:00:00.000,09:00,780
2025-04-26 10:00:00.000,10:00,760
2025-04-26 11:00:00.000,11:00,756
2025-04-26 12:00:00.000,12:00,716
2025-04-26 13:00:00.000,13:00,738
2025-04-26 14:00:00.000,14:00,838
2025-04-26 15:00:00.000,15:00,692
2025-04-26 16:00:00.000,16:00,826
2025-04-26 17:00:00.000,17:00,746
2025-04-26 18:00:00.000,18:00,858
2025-04-26 19:00:00.000,19:00,737.1111111111111
2025-04-26 20:00:00.000,20:00,851.8888888888889
2025-04-26 21:00:00.000,21:00,835
2025-04-26 22:00:00.000,22:00,761
2025-04-26 23:00:00.000,23:00,841
2025-04-27 00:00:00.000,00:00,864
2025-04-27 01:00:00.000,01:00,722
2025-04-27 02:00:00.000,02:00,841
2025-04-27 03:00:00.000,03:00,823
2025-04-27 04:00:00.000,04:00,724
2025-04-27 05:00:00.000,05:00,804
2025-04-27 06:00:00.000,06:00,796
2025-04-27 07:00:00.000,07:00,766
2025-04-27 08:00:00.000,08:00,824
2025-04-27 09:00:00.000,09:00,828
2025-04-27 10:00:00.000,10:00,772
2025-04-27 11:00:00.000,11:00,774
2025-04-27 12:00:00.000,12:00,820
2025-04-27 13:00:00.000,13:00,658
2025-04-27 14:00:00.000,14:00,736
2025-04-27 15:00:00.000,15:00,764
2025-04-27 16:00:00.000,16:00,808
2025-04-27 17:00:00.000,17:00,758
2025-04-27 18:00:00.000,18:00,822
2025-04-27 19:00:00.000,19:00,808
2025-04-27 20:00:00.000,20:00,794
2025-04-27 21:00:00.000,21:00,802
2025-04-27 22:00:00.000,22:00,790
2025-04-27 23:00:00.000,23:00,752
2025-04-28 00:00:00.000,00:00,860
2025-04-28 01:00:00.000,01:00,783
2025-04-28 02:00:00.000,02:00,814
2025-04-28 03:00:00.000,03:00,791
2025-04-28 04:00:00.000,04:00,676
2025-04-28 05:00:00.000,05:00,762
2025-04-28 06:00:00.000,06:00,730
2025-04-28 07:00:00.000,07:00,714
2025-04-28 08:00:00.000,08:00,732
2025-04-28 09:00:00.000,09:00,692
2025-04-28 10:00:00.000,10:00,972
2025-04-28 11:00:00.000,11:00,942
2025-04-28 12:00:00.000,12:00,902
2025-04-28 13:00:00.000,13:00,866
2025-04-28 14:00:00.000,14:00,756
2025-04-28 15:00:00.000,15:00,750
2025-04-28 16:00:00.000,16:00,736
2025-04-28 17:00:00.000,17:00,760
2025-04-28 18:00:00.000,18:00,678
2025-04-28 19:00:00.000,19:00,672
2025-04-28 20:00:00.000,20:00,642
2025-04-28 21:00:00.000,21:00,665.5555555555555
2025-04-28 22:00:00.000,22:00,644.4444444444445
2025-04-28 23:00:00.000,23:00,690
2025-04-29 00:00:00.000,00:00,669
2025-04-29 01:00:00.000,01:00,680
2025-04-29 02:00:00.000,02:00,680
2025-04-29 03:00:00.000,03:00,681
2025-04-29 04:00:00.000,04:00,666
2025-04-29 05:00:00.000,05:00,670
2025-04-29 06:00:00.000,06:00,662
2025-04-29 07:00:00.000,07:00,670
2025-04-29 08:00:00.000,08:00,718
2025-04-29 09:00:00.000,09:00,714
2025-04-29 10:00:00.000,10:00,732
2025-04-29 11:00:00.000,11:00,776
2025-04-29 12:00:00.000,12:00,788
2025-04-29 13:00:00.000,13:00,706
2025-04-29 14:00:00.000,14:00,686
2025-04-29 15:00:00.000,15:00,702
2025-04-29 16:00:00.000,16:00,646
2025-04-29 17:00:00.000,17:00,614
2025-04-29 18:00:00.000,18:00,580
2025-04-29 19:00:00.000,19:00,582
2025-04-29 20:00:00.000,20:00,598
2025-04-29 21:00:00.000,21:00,572.7272727272727
2025-04-29 22:00:00.000,22:00,574.2727272727273
2025-04-29 23:00:00.000,23:00,603
2025-04-30 00:00:00.000,00:00,590
2025-04-30 01:00:00.000,01:00,581
2025-04-30 02:00:00.000,02:00,569
2025-04-30 03:00:00.000,03:00,552
2025-04-30 04:00:00.000,04:00,530
2025-04-30 05:00:00.000,05:00,530
2025-04-30 06:00:00.000,06:00,542
2025-04-30 07:00:00.000,07:00,548
2025-04-30 08:00:00.000,08:00,546
2025-04-30 09:00:00.000,09:00,178
2025-04-30 10:00:00.000,10:00,92
2025-04-30 11:00:00.000,11:00,60
2025-04-30 12:00:00.000,12:00,50
2025-04-30 13:00:00.000,13:00,30
2025-04-30 14:00:00.000,14:00,12
2025-04-30 15:00:00.000,15:00,0
2025-04-30 16:00:00.000,16:00,386
2025-04-30 17:00:00.000,17:00,952
2025-04-30 18:00:00.000,18:00,896
2025-04-30 19:00:00.000,19:00,734
2025-04-30 20:00:00.000,20:00,602
2025-04-30 21:00:00.000,21:00,560
2025-04-30 22:00:00.000,22:00,566
2025-04-30 23:00:00.000,23:00,564
2025-05-01 00:00:00.000,00:00,531
2025-05-01 01:00:00.000,01:00,520
2025-05-01 02:00:00.000,02:00,521
2025-05-01 03:00:00.000,03:00,314
2025-05-01 04:00:00.000,04:00,182
2025-05-01 05:00:00.000,05:00,570
2025-05-01 06:00:00.000,06:00,706
2025-05-01 07:00:00.000,07:00,682
2025-05-01 08:00:00.000,08:00,670
2025-05-01 09:00:00.000,09:00,642
2025-05-01 10:00:00.000,10:00,650
2025-05-01 11:00:00.000,11:00,582
2025-05-01 12:00:00.000,12:00,590
2025-05-01 13:00:00.000,13:00,600
2025-05-01 14:00:00.000,14:00,580
2025-05-01 15:00:00.000,15:00,570
2025-05-01 16:00:00.000,16:00,558
2025-05-01 17:00:00.000,17:00,504
2025-05-01 18:00:00.000,18:00,516
2025-05-01 19:00:00.000,19:00,504
2025-05-01 20:00:00.000,20:00,513.4545454545455
2025-05-01 21:00:00.000,21:00,503.54545454545456
2025-05-01 22:00:00.000,22:00,507
2025-05-01 23:00:00.000,23:00,544
2025-05-02 00:00:00.000,00:00,542
2025-05-02 01:00:00.000,01:00,558
2025-05-02 02:00:00.000,02:00,561
2025-05-02 03:00:00.000,03:00,521
2025-05-02 04:00:00.000,04:00,524
2025-05-02 05:00:00.000,05:00,546
2025-05-02 06:00:00.000,06:00,510
2025-05-02 07:00:00.000,07:00,528
2025-05-02 08:00:00.000,08:00,532
2025-05-02 09:00:00.000,09:00,568
2025-05-02 10:00:00.000,10:00,570
2025-05-02 11:00:00.000,11:00,538
2025-05-02 12:00:00.000,12:00,582
2025-05-02 13:00:00.000,13:00,514
2025-05-02 14:00:00.000,14:00,658
2025-05-02 15:00:00.000,15:00,626
2025-05-02 16:00:00.000,16:00,564
2025-05-02 17:00:00.000,17:00,484
2025-05-02 18:00:00.000,18:00,470
2025-05-02 19:00:00.000,19:00,468
2025-05-02 20:00:00.000,20:00,481.45454545454544
2025-05-02 21:00:00.000,21:00,484.54545454545456
2025-05-02 22:00:00.000,22:00,533
2025-05-02 23:00:00.000,23:00,577
2025-05-03 00:00:00.000,00:00,551
2025-05-03 01:00:00.000,01:00,550
2025-05-03 02:00:00.000,02:00,551
2025-05-03 03:00:00.000,03:00,472
2025-05-03 04:00:00.000,04:00,450
2025-05-03 05:00:00.000,05:00,458
2025-05-03 06:00:00.000,06:00,444
2025-05-03 07:00:00.000,07:00,476
2025-05-03 08:00:00.000,08:00,462
2025-05-03 09:00:00.000,09:00,520
2025-05-03 10:00:00.000,10:00,522
2025-05-03 11:00:00.000,11:00,590
2025-05-03 12:00:00.000,12:00,584
2025-05-03 13:00:00.000,13:00,546
2025-05-03 14:00:00.000,14:00,546
2025-05-03 15:00:00.000,15:00,550
2025-05-03 16:00:00.000,16:00,520
2025-05-03 17:00:00.000,17:00,510
2025-05-03 18:00:00.000,18:00,514
2025-05-03 19:00:00.000,19:00,536
2025-05-03 20:00:00.000,20:00,520
2025-05-03 21:00:00.000,21:00,508
2025-05-03 22:00:00.000,22:00,523
2025-05-03 23:00:00.000,23:00,527
2025-05-04 00:00:00.000,00:00,541
2025-05-04 01:00:00.000,01:00,568
2025-05-04 02:00:00.000,02:00,502
2025-05-04 03:00:00.000,03:00,505
2025-05-04 04:00:00.000,04:00,508
2025-05-04 05:00:00.000,05:00,464
2025-05-04 06:00:00.000,06:00,490
2025-05-04 07:00:00.000,07:00,496
2025-05-04 08:00:00.000,08:00,528
2025-05-04 09:00:00.000,09:00,540
2025-05-04 10:00:00.000,10:00,528
2025-05-04 11:00:00.000,11:00,542
2025-05-04 12:00:00.000,12:00,600
2025-05-04 13:00:00.000,13:00,684
2025-05-04 14:00:00.000,14:00,650
2025-05-04 15:00:00.000,15:00,710
2025-05-04 16:00:00.000,16:00,710
2025-05-04 17:00:00.000,17:00,692
2025-05-04 18:00:00.000,18:00,688
2025-05-04 19:00:00.000,19:00,680
2025-05-04 20:00:00.000,20:00,669.5555555555555
2025-05-04 21:00:00.000,21:00,631.4444444444445
2025-05-04 22:00:00.000,22:00,653
2025-05-04 23:00:00.000,23:00,640
2025-05-05 00:00:00.000,00:00,629
2025-05-05 01:00:00.000,01:00,572
2025-05-05 02:00:00.000,02:00,550
2025-05-05 03:00:00.000,03:00,551
2025-05-05 04:00:00.000,04:00,550
2025-05-05 05:00:00.000,05:00,530
2025-05-05 06:00:00.000,06:00,548
2025-05-05 07:00:00.000,07:00,550
2025-05-05 08:00:00.000,08:00,618
2025-05-05 09:00:00.000,09:00,680
2025-05-05 10:00:00.000,10:00,774
2025-05-05 11:00:00.000,11:00,634
2025-05-05 12:00:00.000,12:00,1016
2025-05-05 13:00:00.000,13:00,936
2025-05-05 14:00:00.000,14:00,852
2025-05-05 15:00:00.000,15:00,732
2025-05-05 16:00:00.000,16:00,750
2025-05-05 17:00:00.000,17:00,772
2025-05-05 18:00:00.000,18:00,770
2025-05-05 19:00:00.000,19:00,730
2025-05-05 20:00:00.000,20:00,730
2025-05-05 21:00:00.000,21:00,720
2025-05-05 22:00:00.000,22:00,767
2025-05-05 23:00:00.000,23:00,779
2025-05-06 00:00:00.000,00:00,786
2025-05-06 01:00:00.000,01:00,752
2025-05-06 02:00:00.000,02:00,653
2025-05-06 03:00:00.000,03:00,637
2025-05-06 04:00:00.000,04:00,602
2025-05-06 05:00:00.000,05:00,602
2025-05-06 06:00:00.000,06:00,606
2025-05-06 07:00:00.000,07:00,590
2025-05-06 08:00:00.000,08:00,756
2025-05-06 09:00:00.000,09:00,864
2025-05-06 10:00:00.000,10:00,882
2025-05-06 11:00:00.000,11:00,918
2025-05-06 12:00:00.000,12:00,920
2025-05-06 13:00:00.000,13:00,940
2025-05-06 14:00:00.000,14:00,944
2025-05-06 15:00:00.000,15:00,936
2025-05-06 16:00:00.000,16:00,950
2025-05-06 17:00:00.000,17:00,950
2025-05-06 18:00:00.000,18:00,960
2025-05-06 19:00:00.000,19:00,922
2025-05-06 20:00:00.000,20:00,818
2025-05-06 21:00:00.000,21:00,766
2025-05-06 22:00:00.000,22:00,750
2025-05-06 23:00:00.000,23:00,756
2025-05-07 00:00:00.000,00:00,738
2025-05-07 01:00:00.000,01:00,693
2025-05-07 02:00:00.000,02:00,668
2025-05-07 03:00:00.000,03:00,593
2025-05-07 04:00:00.000,04:00,572
2025-05-07 05:00:00.000,05:00,566
2025-05-07 06:00:00.000,06:00,560
2025-05-07 07:00:00.000,07:00,570
2025-05-07 08:00:00.000,08:00,490
2025-05-07 09:00:00.000,09:00,688
2025-05-07 10:00:00.000,10:00,794
2025-05-07 11:00:00.000,11:00,554
2025-05-07 12:00:00.000,12:00,706
2025-05-07 13:00:00.000,13:00,936
2025-05-07 14:00:00.000,14:00,922
2025-05-07 15:00:00.000,15:00,922
2025-05-07 16:00:00.000,16:00,908
2025-05-07 17:00:00.000,17:00,842
2025-05-07 18:00:00.000,18:00,754
2025-05-07 19:00:00.000,19:00,694
2025-05-07 20:00:00.000,20:00,677
2025-05-07 21:00:00.000,21:00,670
2025-05-07 22:00:00.000,22:00,657
2025-05-07 23:00:00.000,23:00,696
2025-05-08 00:00:00.000,00:00,650
2025-05-08 01:00:00.000,01:00,689
2025-05-08 02:00:00.000,02:00,659
2025-05-08 03:00:00.000,03:00,632
2025-05-08 04:00:00.000,04:00,620
2025-05-08 05:00:00.000,05:00,612
2025-05-08 06:00:00.000,06:00,618
2025-05-08 07:00:00.000,07:00,638
2025-05-08 08:00:00.000,08:00,686
2025-05-08 09:00:00.000,09:00,798
2025-05-08 10:00:00.000,10:00,978
2025-05-08 11:00:00.000,11:00,1056
2025-05-08 12:00:00.000,12:00,1034
2025-05-08 13:00:00.000,13:00,1018
2025-05-08 14:00:00.000,14:00,912
2025-05-08 15:00:00.000,15:00,812
2025-05-08 16:00:00.000,16:00,760
2025-05-08 17:00:00.000,17:00,746
2025-05-08 18:00:00.000,18:00,726
2025-05-08 19:00:00.000,19:00,710
2025-05-08 20:00:00.000,20:00,696
2025-05-08 21:00:00.000,21:00,734
2025-05-08 22:00:00.000,22:00,717
2025-05-08 23:00:00.000,23:00,739
2025-05-09 00:00:00.000,00:00,738
2025-05-09 01:00:00.000,01:00,700
2025-05-09 02:00:00.000,02:00,643
2025-05-09 03:00:00.000,03:00,589
2025-05-09 04:00:00.000,04:00,592
2025-05-09 05:00:00.000,05:00,578
2025-05-09 06:00:00.000,06:00,570
2025-05-09 07:00:00.000,07:00,590
2025-05-09 08:00:00.000,08:00,676
2025-05-09 09:00:00.000,09:00,806
2025-05-09 10:00:00.000,10:00,924
2025-05-09 11:00:00.000,11:00,1002
2025-05-09 12:00:00.000,12:00,954
2025-05-09 13:00:00.000,13:00,890
2025-05-09 14:00:00.000,14:00,674
2025-05-09 15:00:00.000,15:00,726
2025-05-09 16:00:00.000,16:00,744
2025-05-09 17:00:00.000,17:00,654
2025-05-09 18:00:00.000,18:00,592
2025-05-09 19:00:00.000,19:00,582
2025-05-09 20:00:00.000,20:00,613.7777777777778
2025-05-09 21:00:00.000,21:00,609.2222222222222
2025-05-09 22:00:00.000,22:00,630
2025-05-09 23:00:00.000,23:00,673
2025-05-10 00:00:00.000,00:00,649
2025-05-10 01:00:00.000,01:00,661
2025-05-10 02:00:00.000,02:00,600
2025-05-10 03:00:00.000,03:00,562
2025-05-10 04:00:00.000,04:00,530
2025-05-10 05:00:00.000,05:00,530
2025-05-10 06:00:00.000,06:00,540
2025-05-10 07:00:00.000,07:00,540
2025-05-10 08:00:00.000,08:00,540
2025-05-10 09:00:00.000,09:00,598
2025-05-10 10:00:00.000,10:00,684
2025-05-10 11:00:00.000,11:00,756
2025-05-10 12:00:00.000,12:00,792
2025-05-10 13:00:00.000,13:00,774
2025-05-10 14:00:00.000,14:00,692
2025-05-10 15:00:00.000,15:00,650
2025-05-10 16:00:00.000,16:00,622
2025-05-10 17:00:00.000,17:00,610
2025-05-10 18:00:00.000,18:00,562
2025-05-10 19:00:00.000,19:00,550
2025-05-10 20:00:00.000,20:00,550
2025-05-10 21:00:00.000,21:00,550.7272727272727
2025-05-10 22:00:00.000,22:00,557.2727272727273
2025-05-10 23:00:00.000,23:00,640
2025-05-11 00:00:00.000,00:00,658
2025-05-11 01:00:00.000,01:00,603
2025-05-11 02:00:00.000,02:00,560
2025-05-11 03:00:00.000,03:00,539
2025-05-11 04:00:00.000,04:00,512
2025-05-11 05:00:00.000,05:00,502
2025-05-11 06:00:00.000,06:00,518
2025-05-11 07:00:00.000,07:00,502
2025-05-11 08:00:00.000,08:00,500
2025-05-11 09:00:00.000,09:00,546
2025-05-11 10:00:00.000,10:00,590
2025-05-11 11:00:00.000,11:00,666
2025-05-11 12:00:00.000,12:00,698
2025-05-11 13:00:00.000,13:00,770
2025-05-11 14:00:00.000,14:00,772
2025-05-11 15:00:00.000,15:00,758
2025-05-11 16:00:00.000,16:00,732
2025-05-11 17:00:00.000,17:00,732
2025-05-11 18:00:00.000,18:00,710
2025-05-11 19:00:00.000,19:00,690
2025-05-11 20:00:00.000,20:00,668
2025-05-11 21:00:00.000,21:00,661
2025-05-11 22:00:00.000,22:00,660
2025-05-11 23:00:00.000,23:00,643
2025-05-12 00:00:00.000,00:00,591
2025-05-12 01:00:00.000,01:00,599
2025-05-12 02:00:00.000,02:00,532
2025-05-12 03:00:00.000,03:00,530
2025-05-12 04:00:00.000,04:00,522
2025-05-12 05:00:00.000,05:00,528
2025-05-12 06:00:00.000,06:00,520
2025-05-12 07:00:00.000,07:00,520
2025-05-12 08:00:00.000,08:00,540
2025-05-12 09:00:00.000,09:00,560
2025-05-12 10:00:00.000,10:00,550
2025-05-12 11:00:00.000,11:00,588
2025-05-12 12:00:00.000,12:00,638
2025-05-12 13:00:00.000,13:00,652
2025-05-12 14:00:00.000,14:00,658
2025-05-12 15:00:00.000,15:00,670
2025-05-12 16:00:00.000,16:00,660
2025-05-12 17:00:00.000,17:00,622
2025-05-12 18:00:00.000,18:00,582
2025-05-12 19:00:00.000,19:00,580
2025-05-12 20:00:00.000,20:00,593.5555555555555
2025-05-12 21:00:00.000,21:00,594.4444444444445
2025-05-12 22:00:00.000,22:00,620
2025-05-12 23:00:00.000,23:00,630
2025-05-13 00:00:00.000,00:00,610
2025-05-13 01:00:00.000,01:00,640
2025-05-13 02:00:00.000,02:00,599
2025-05-13 03:00:00.000,03:00,541
2025-05-13 04:00:00.000,04:00,552
2025-05-13 05:00:00.000,05:00,538
2025-05-13 06:00:00.000,06:00,540
2025-05-13 07:00:00.000,07:00,544
2025-05-13 08:00:00.000,08:00,564
2025-05-13 09:00:00.000,09:00,602
2025-05-13 10:00:00.000,10:00,622
2025-05-13 11:00:00.000,11:00,526
2025-05-13 12:00:00.000,12:00,738
2025-05-13 13:00:00.000,13:00,692
2025-05-13 14:00:00.000,14:00,690
2025-05-13 15:00:00.000,15:00,680
2025-05-13 16:00:00.000,16:00,612
2025-05-13 17:00:00.000,17:00,562
2025-05-13 18:00:00.000,18:00,532
2025-05-13 19:00:00.000,19:00,528
2025-05-13 20:00:00.000,20:00,510
2025-05-13 21:00:00.000,21:00,514
2025-05-13 22:00:00.000,22:00,530
2025-05-13 23:00:00.000,23:00,534
2025-05-14 00:00:00.000,00:00,521
2025-05-14 01:00:00.000,01:00,521
2025-05-14 02:00:00.000,02:00,490
2025-05-14 03:00:00.000,03:00,492
2025-05-14 04:00:00.000,04:00,492
2025-05-14 05:00:00.000,05:00,468
2025-05-14 06:00:00.000,06:00,480
2025-05-14 07:00:00.000,07:00,470
2025-05-14 08:00:00.000,08:00,352
2025-05-14 09:00:00.000,09:00,120
2025-05-14 10:00:00.000,10:00,82
2025-05-14 11:00:00.000,11:00,62
2025-05-14 12:00:00.000,12:00,0
2025-05-14 13:00:00.000,13:00,0
2025-05-14 14:00:00.000,14:00,10
2025-05-14 15:00:00.000,15:00,108
2025-05-14 16:00:00.000,16:00,418
2025-05-14 17:00:00.000,17:00,892
2025-05-14 18:00:00.000,18:00,834
2025-05-14 19:00:00.000,19:00,676
2025-05-14 20:00:00.000,20:00,564
2025-05-14 21:00:00.000,21:00,530
2025-05-14 22:00:00.000,22:00,511
2025-05-14 23:00:00.000,23:00,527
2025-05-15 00:00:00.000,00:00,502
2025-05-15 01:00:00.000,01:00,480
2025-05-15 02:00:00.000,02:00,471
2025-05-15 03:00:00.000,03:00,453
2025-05-15 04:00:00.000,04:00,460
2025-05-15 05:00:00.000,05:00,458
2025-05-15 06:00:00.000,06:00,468
2025-05-15 07:00:00.000,07:00,462
2025-05-15 08:00:00.000,08:00,498
2025-05-15 09:00:00.000,09:00,500
2025-05-15 10:00:00.000,10:00,492
2025-05-15 11:00:00.000,11:00,510
2025-05-15 12:00:00.000,12:00,520
2025-05-15 13:00:00.000,13:00,528
2025-05-15 14:00:00.000,14:00,520
2025-05-15 15:00:00.000,15:00,512
2025-05-15 16:00:00.000,16:00,520
2025-05-15 17:00:00.000,17:00,462
2025-05-15 18:00:00.000,18:00,440
2025-05-15 19:00:00.000,19:00,440
2025-05-15 20:00:00.000,20:00,450
2025-05-15 21:00:00.000,21:00,440
2025-05-15 22:00:00.000,22:00,477
2025-05-15 23:00:00.000,23:00,517
2025-05-16 00:00:00.000,00:00,531
2025-05-16 01:00:00.000,01:00,531
2025-05-16 02:00:00.000,02:00,539
2025-05-16 03:00:00.000,03:00,521
2025-05-16 04:00:00.000,04:00,520
2025-05-16 05:00:00.000,05:00,522
2025-05-16 06:00:00.000,06:00,500
2025-05-16 07:00:00.000,07:00,510
2025-05-16 08:00:00.000,08:00,490.66666666666663
2025-05-16 09:00:00.000,09:00,427.3333333333333
2025-05-16 10:00:00.000,10:00,530
2025-05-16 11:00:00.000,11:00,610
2025-05-16 12:00:00.000,12:00,666
2025-05-16 13:00:00.000,13:00,685.3333333333334
2025-05-16 14:00:00.000,14:00,740.6666666666666
2025-05-16 15:00:00.000,15:00,772
2025-05-16 16:00:00.000,16:00,702
2025-05-16 17:00:00.000,17:00,594
2025-05-16 18:00:00.000,18:00,524
2025-05-16 19:00:00.000,19:00,498
2025-05-16 20:00:00.000,20:00,470
2025-05-16 21:00:00.000,21:00,489
2025-05-16 22:00:00.000,22:00,493
2025-05-16 23:00:00.000,23:00,504
2025-05-17 00:00:00.000,00:00,482
2025-05-17 01:00:00.000,01:00,471
2025-05-17 02:00:00.000,02:00,489
2025-05-17 03:00:00.000,03:00,472
2025-05-17 04:00:00.000,04:00,462
2025-05-17 05:00:00.000,05:00,478
2025-05-17 06:00:00.000,06:00,460
2025-05-17 07:00:00.000,07:00,472
2025-05-17 08:00:00.000,08:00,478
2025-05-17 09:00:00.000,09:00,528
2025-05-17 10:00:00.000,10:00,606
2025-05-17 11:00:00.000,11:00,640
2025-05-17 12:00:00.000,12:00,662
2025-05-17 13:00:00.000,13:00,648
2025-05-17 14:00:00.000,14:00,642
2025-05-17 15:00:00.000,15:00,602
2025-05-17 16:00:00.000,16:00,560
2025-05-17 17:00:00.000,17:00,520
2025-05-17 18:00:00.000,18:00,482
2025-05-17 19:00:00.000,19:00,490
2025-05-17 20:00:00.000,20:00,482
2025-05-17 21:00:00.000,21:00,517
2025-05-17 22:00:00.000,22:00,517
2025-05-17 23:00:00.000,23:00,540
2025-05-18 00:00:00.000,00:00,530
2025-05-18 01:00:00.000,01:00,522
2025-05-18 02:00:00.000,02:00,520
2025-05-18 03:00:00.000,03:00,512
2025-05-18 04:00:00.000,04:00,518
2025-05-18 05:00:00.000,05:00,510
2025-05-18 06:00:00.000,06:00,500
2025-05-18 07:00:00.000,07:00,502
2025-05-18 08:00:00.000,08:00,500
2025-05-18 09:00:00.000,09:00,518
2025-05-18 10:00:00.000,10:00,570
2025-05-18 11:00:00.000,11:00,598
2025-05-18 12:00:00.000,12:00,600
2025-05-18 13:00:00.000,13:00,592
2025-05-18 14:00:00.000,14:00,570
2025-05-18 15:00:00.000,15:00,598
2025-05-18 16:00:00.000,16:00,590
2025-05-18 17:00:00.000,17:00,524
2025-05-18 18:00:00.000,18:00,480
2025-05-18 19:00:00.000,19:00,422
2025-05-18 20:00:00.000,20:00,408.44444444444446
2025-05-18 21:00:00.000,21:00,414.55555555555554
2025-05-18 22:00:00.000,22:00,410
2025-05-18 23:00:00.000,23:00,441
2025-05-19 00:00:00.000,00:00,423
2025-05-19 01:00:00.000,01:00,440
2025-05-19 02:00:00.000,02:00,439
2025-05-19 03:00:00.000,03:00,416
2025-05-19 04:00:00.000,04:00,438
2025-05-19 05:00:00.000,05:00,458
2025-05-19 06:00:00.000,06:00,450
2025-05-19 07:00:00.000,07:00,482
2025-05-19 08:00:00.000,08:00,496
2025-05-19 09:00:00.000,09:00,400
2025-05-19 10:00:00.000,10:00,594
2025-05-19 11:00:00.000,11:00,662
2025-05-19 12:00:00.000,12:00,650
2025-05-19 13:00:00.000,13:00,612
2025-05-19 14:00:00.000,14:00,572
2025-05-19 15:00:00.000,15:00,568
2025-05-19 16:00:00.000,16:00,552
2025-05-19 17:00:00.000,17:00,500
2025-05-19 18:00:00.000,18:00,452
2025-05-19 19:00:00.000,19:00,432
2025-05-19 20:00:00.000,20:00,450
2025-05-19 21:00:00.000,21:00,446.22222222222223
2025-05-19 22:00:00.000,22:00,463.77777777777777
2025-05-19 23:00:00.000,23:00,474
2025-05-20 00:00:00.000,00:00,472
2025-05-20 01:00:00.000,01:00,471
2025-05-20 02:00:00.000,02:00,479
2025-05-20 03:00:00.000,03:00,472
2025-05-20 04:00:00.000,04:00,478
2025-05-20 05:00:00.000,05:00,464
2025-05-20 06:00:00.000,06:00,460
2025-05-20 07:00:00.000,07:00,468
2025-05-20 08:00:00.000,08:00,490
2025-05-20 09:00:00.000,09:00,578
2025-05-20 10:00:00.000,10:00,608
2025-05-20 11:00:00.000,11:00,638
2025-05-20 12:00:00.000,12:00,640
2025-05-20 13:00:00.000,13:00,614
2025-05-20 14:00:00.000,14:00,530
2025-05-20 15:00:00.000,15:00,472
2025-05-20 16:00:00.000,16:00,444
2025-05-20 17:00:00.000,17:00,448
2025-05-20 18:00:00.000,18:00,428
2025-05-20 19:00:00.000,19:00,434
2025-05-20 20:00:00.000,20:00,464.22222222222223
2025-05-20 21:00:00.000,21:00,452.22222222222223
2025-05-20 22:00:00.000,22:00,461.55555555555554
2025-05-20 23:00:00.000,23:00,474
2025-05-21 00:00:00.000,00:00,472
2025-05-21 01:00:00.000,01:00,471
2025-05-21 02:00:00.000,02:00,479
2025-05-21 03:00:00.000,03:00,464
2025-05-21 04:00:00.000,04:00,478
2025-05-21 05:00:00.000,05:00,470
2025-05-21 06:00:00.000,06:00,460
2025-05-21 07:00:00.000,07:00,460
2025-05-21 08:00:00.000,08:00,460
2025-05-21 09:00:00.000,09:00,490
2025-05-21 10:00:00.000,10:00,510
2025-05-21 11:00:00.000,11:00,520
2025-05-21 12:00:00.000,12:00,576
2025-05-21 13:00:00.000,13:00,602
2025-05-21 14:00:00.000,14:00,608
2025-05-21 15:00:00.000,15:00,582
2025-05-21 16:00:00.000,16:00,530
2025-05-21 17:00:00.000,17:00,492
2025-05-21 18:00:00.000,18:00,470
2025-05-21 19:00:00.000,19:00,480
2025-05-21 20:00:00.000,20:00,480
2025-05-21 21:00:00.000,21:00,472
2025-05-21 22:00:00.000,22:00,500
2025-05-21 23:00:00.000,23:00,554
2025-05-22 00:00:00.000,00:00,521
2025-05-22 01:00:00.000,01:00,550
2025-05-22 02:00:00.000,02:00,520
2025-05-22 03:00:00.000,03:00,485
2025-05-22 04:00:00.000,04:00,458
2025-05-22 05:00:00.000,05:00,442
2025-05-22 06:00:00.000,06:00,440
2025-05-22 07:00:00.000,07:00,420
2025-05-22 08:00:00.000,08:00,420
2025-05-22 09:00:00.000,09:00,352
2025-05-22 10:00:00.000,10:00,494
2025-05-22 11:00:00.000,11:00,560
2025-05-22 12:00:00.000,12:00,582
2025-05-22 13:00:00.000,13:00,606
2025-05-22 14:00:00.000,14:00,668
2025-05-22 15:00:00.000,15:00,614
2025-05-22 16:00:00.000,16:00,530
2025-05-22 17:00:00.000,17:00,464
2025-05-22 18:00:00.000,18:00,458
2025-05-22 19:00:00.000,19:00,430
2025-05-22 20:00:00.000,20:00,432
2025-05-22 21:00:00.000,21:00,442
2025-05-22 22:00:00.000,22:00,476
2025-05-22 23:00:00.000,23:00,496
2025-05-23 00:00:00.000,00:00,531
2025-05-23 01:00:00.000,01:00,520
2025-05-23 02:00:00.000,02:00,540
2025-05-23 03:00:00.000,03:00,513
2025-05-23 04:00:00.000,04:00,500
2025-05-23 05:00:00.000,05:00,488
2025-05-23 06:00:00.000,06:00,482
2025-05-23 07:00:00.000,07:00,462
2025-05-23 08:00:00.000,08:00,446
2025-05-23 09:00:00.000,09:00,444
2025-05-23 10:00:00.000,10:00,478
2025-05-23 11:00:00.000,11:00,481.3333333333333
2025-05-23 12:00:00.000,12:00,438.6666666666667
2025-05-23 13:00:00.000,13:00,422
2025-05-23 14:00:00.000,14:00,412
2025-05-23 15:00:00.000,15:00,380
2025-05-23 16:00:00.000,16:00,350
2025-05-23 17:00:00.000,17:00,360
2025-05-23 18:00:00.000,18:00,352
2025-05-23 19:00:00.000,19:00,348
2025-05-23 20:00:00.000,20:00,352
2025-05-23 21:00:00.000,21:00,378
2025-05-23 22:00:00.000,22:00,408
2025-05-23 23:00:00.000,23:00,444
2025-05-24 00:00:00.000,00:00,422
2025-05-24 01:00:00.000,01:00,441
2025-05-24 02:00:00.000,02:00,440
2025-05-24 03:00:00.000,03:00,431
2025-05-24 04:00:00.000,04:00,432
2025-05-24 05:00:00.000,05:00,410
2025-05-24 06:00:00.000,06:00,410
2025-05-24 07:00:00.000,07:00,410
2025-05-24 08:00:00.000,08:00,418
2025-05-24 09:00:00.000,09:00,480
2025-05-24 10:00:00.000,10:00,644
2025-05-24 11:00:00.000,11:00,690
2025-05-24 12:00:00.000,12:00,592
2025-05-24 13:00:00.000,13:00,496
2025-05-24 14:00:00.000,14:00,450
2025-05-24 15:00:00.000,15:00,410
2025-05-24 16:00:00.000,16:00,410
2025-05-24 17:00:00.000,17:00,402
2025-05-24 18:00:00.000,18:00,408
2025-05-24 19:00:00.000,19:00,400
2025-05-24 20:00:00.000,20:00,400
2025-05-24 21:00:00.000,21:00,410
2025-05-24 22:00:00.000,22:00,398.44444444444446
2025-05-24 23:00:00.000,23:00,425.55555555555554
2025-05-25 00:00:00.000,00:00,463
2025-05-25 01:00:00.000,01:00,479
2025-05-25 02:00:00.000,02:00,470
2025-05-25 03:00:00.000,03:00,442
2025-05-25 04:00:00.000,04:00,424
2025-05-25 05:00:00.000,05:00,408
2025-05-25 06:00:00.000,06:00,390
2025-05-25 07:00:00.000,07:00,392
2025-05-25 08:00:00.000,08:00,400
2025-05-25 09:00:00.000,09:00,388
2025-05-25 10:00:00.000,10:00,400
2025-05-25 11:00:00.000,11:00,400
2025-05-25 12:00:00.000,12:00,420
2025-05-25 13:00:00.000,13:00,440
2025-05-25 14:00:00.000,14:00,428
2025-05-25 15:00:00.000,15:00,442
2025-05-25 16:00:00.000,16:00,440
2025-05-25 17:00:00.000,17:00,440
2025-05-25 18:00:00.000,18:00,440
2025-05-25 19:00:00.000,19:00,422
2025-05-25 20:00:00.000,20:00,392
2025-05-25 21:00:00.000,21:00,388
2025-05-25 22:00:00.000,22:00,365.6363636363636
2025-05-25 23:00:00.000,23:00,376.3636363636364
2025-05-26 00:00:00.000,00:00,394
2025-05-26 01:00:00.000,01:00,361
2025-05-26 02:00:00.000,02:00,360
2025-05-26 03:00:00.000,03:00,353
2025-05-26 04:00:00.000,04:00,358
2025-05-26 05:00:00.000,05:00,360
2025-05-26 06:00:00.000,06:00,380
2025-05-26 07:00:00.000,07:00,400
2025-05-26 08:00:00.000,08:00,400
2025-05-26 09:00:00.000,09:00,402
2025-05-26 10:00:00.000,10:00,240
2025-05-26 11:00:00.000,11:00,448
2025-05-26 12:00:00.000,12:00,468
2025-05-26 13:00:00.000,13:00,490
2025-05-26 14:00:00.000,14:00,490
2025-05-26 15:00:00.000,15:00,472
2025-05-26 16:00:00.000,16:00,450
2025-05-26 17:00:00.000,17:00,400
2025-05-26 18:00:00.000,18:00,382
2025-05-26 19:00:00.000,19:00,390
2025-05-26 20:00:00.000,20:00,390
2025-05-26 21:00:00.000,21:00,406
2025-05-26 22:00:00.000,22:00,402
2025-05-26 23:00:00.000,23:00,414
2025-05-27 00:00:00.000,00:00,413
2025-05-27 01:00:00.000,01:00,420
2025-05-27 02:00:00.000,02:00,420
2025-05-27 03:00:00.000,03:00,423
2025-05-27 04:00:00.000,04:00,428
2025-05-27 05:00:00.000,05:00,430
2025-05-27 06:00:00.000,06:00,442
2025-05-27 07:00:00.000,07:00,448
2025-05-27 08:00:00.000,08:00,440
2025-05-27 09:00:00.000,09:00,440
2025-05-27 10:00:00.000,10:00,212
2025-05-27 11:00:00.000,11:00,134
2025-05-27 12:00:00.000,12:00,78
2025-05-27 13:00:00.000,13:00,52
2025-05-27 14:00:00.000,14:00,0
2025-05-27 15:00:00.000,15:00,10
2025-05-27 16:00:00.000,16:00,0
2025-05-27 17:00:00.000,17:00,10
2025-05-27 18:00:00.000,18:00,0
2025-05-27 19:00:00.000,19:00,10
2025-05-27 20:00:00.000,20:00,0
2025-05-27 21:00:00.000,21:00,10
2025-05-27 22:00:00.000,22:00,7.777777777777778
2025-05-27 23:00:00.000,23:00,2.2222222222222223
2025-05-28 00:00:00.000,00:00,10
2025-05-28 01:00:00.000,01:00,0
2025-05-28 02:00:00.000,02:00,10
2025-05-28 03:00:00.000,03:00,0
2025-05-28 04:00:00.000,04:00,10
2025-05-28 05:00:00.000,05:00,0
2025-05-28 06:00:00.000,06:00,0
2025-05-28 07:00:00.000,07:00,10
2025-05-28 08:00:00.000,08:00,0
2025-05-28 09:00:00.000,09:00,0
2025-05-28 10:00:00.000,10:00,0
2025-05-28 11:00:00.000,11:00,0
2025-05-28 12:00:00.000,12:00,0
2025-05-28 13:00:00.000,13:00,0
2025-05-28 14:00:00.000,14:00,0
2025-05-28 15:00:00.000,15:00,0
2025-05-28 16:00:00.000,16:00,0
2025-05-28 17:00:00.000,17:00,0
2025-05-28 18:00:00.000,18:00,0
2025-05-28 19:00:00.000,19:00,0
2025-05-28 20:00:00.000,20:00,0
2025-05-28 21:00:00.000,21:00,0
2025-05-28 22:00:00.000,22:00,0
2025-05-28 23:00:00.000,23:00,0
2025-05-29 00:00:00.000,00:00,0
2025-05-29 01:00:00.000,01:00,0
2025-05-29 02:00:00.000,02:00,0
2025-05-29 03:00:00.000,03:00,0
2025-05-29 04:00:00.000,04:00,0
2025-05-29 05:00:00.000,05:00,0
2025-05-29 06:00:00.000,06:00,0
2025-05-29 07:00:00.000,07:00,0
2025-05-29 08:00:00.000,08:00,0
2025-05-29 09:00:00.000,09:00,0
2025-05-29 10:00:00.000,10:00,0
2025-05-29 11:00:00.000,11:00,0
2025-05-29 12:00:00.000,12:00,0
2025-05-29 13:00:00.000,13:00,0
2025-05-29 14:00:00.000,14:00,0
2025-05-29 15:00:00.000,15:00,0
2025-05-29 16:00:00.000,16:00,0
2025-05-29 17:00:00.000,17:00,0
2025-05-29 18:00:00.000,18:00,0
2025-05-29 19:00:00.000,19:00,0
2025-05-29 20:00:00.000,20:00,0
2025-05-29 21:00:00.000,21:00,0
2025-05-29 22:00:00.000,22:00,0
2025-05-29 23:00:00.000,23:00,0
2025-05-30 00:00:00.000,00:00,0
2025-05-30 01:00:00.000,01:00,0
2025-05-30 02:00:00.000,02:00,0
2025-05-30 03:00:00.000,03:00,0
2025-05-30 04:00:00.000,04:00,0
2025-05-30 05:00:00.000,05:00,0
2025-05-30 06:00:00.000,06:00,0
2025-05-30 07:00:00.000,07:00,0
2025-05-30 08:00:00.000,08:00,0
2025-05-30 09:00:00.000,09:00,0
2025-05-30 10:00:00.000,10:00,0
2025-05-30 11:00:00.000,11:00,0
2025-05-30 12:00:00.000,12:00,0
2025-05-30 13:00:00.000,13:00,0
2025-05-30 14:00:00.000,14:00,0
2025-05-30 15:00:00.000,15:00,0
2025-05-30 16:00:00.000,16:00,0
2025-05-30 17:00:00.000,17:00,0
2025-05-30 18:00:00.000,18:00,0
2025-05-30 19:00:00.000,19:00,0
2025-05-30 20:00:00.000,20:00,0
2025-05-30 21:00:00.000,21:00,0
2025-05-30 22:00:00.000,22:00,0
2025-05-30 23:00:00.000,23:00,0
2025-05-31 00:00:00.000,00:00,0
2025-05-31 01:00:00.000,01:00,0
2025-05-31 02:00:00.000,02:00,0
2025-05-31 03:00:00.000,03:00,0
2025-05-31 04:00:00.000,04:00,0
2025-05-31 05:00:00.000,05:00,0
2025-05-31 06:00:00.000,06:00,0
2025-05-31 07:00:00.000,07:00,0
2025-05-31 08:00:00.000,08:00,0
2025-05-31 09:00:00.000,09:00,0
2025-05-31 10:00:00.000,10:00,0
2025-05-31 11:00:00.000,11:00,0
2025-05-31 12:00:00.000,12:00,0
2025-05-31 13:00:00.000,13:00,0
2025-05-31 14:00:00.000,14:00,0
2025-05-31 15:00:00.000,15:00,0
2025-05-31 16:00:00.000,16:00,0
2025-05-31 17:00:00.000,17:00,0
2025-05-31 18:00:00.000,18:00,0
2025-05-31 19:00:00.000,19:00,0
2025-05-31 20:00:00.000,20:00,0
2025-05-31 21:00:00.000,21:00,0
2025-05-31 22:00:00.000,22:00,0
2025-05-31 23:00:00.000,23:00,0
2025-06-01 00:00:00.000,00:00,0
2025-06-01 01:00:00.000,01:00,0
2025-06-01 02:00:00.000,02:00,0
2025-06-01 03:00:00.000,03:00,0
2025-06-01 04:00:00.000,04:00,0
2025-06-01 05:00:00.000,05:00,0
2025-06-01 06:00:00.000,06:00,0
2025-06-01 07:00:00.000,07:00,0
2025-06-01 08:00:00.000,08:00,0
2025-06-01 09:00:00.000,09:00,0
2025-06-01 10:00:00.000,10:00,0
2025-06-01 11:00:00.000,11:00,0
2025-06-01 12:00:00.000,12:00,0
2025-06-01 13:00:00.000,13:00,0
2025-06-01 14:00:00.000,14:00,0
2025-06-01 15:00:00.000,15:00,0
2025-06-01 16:00:00.000,16:00,0
2025-06-01 17:00:00.000,17:00,0
2025-06-01 18:00:00.000,18:00,0
2025-06-01 19:00:00.000,19:00,0
2025-06-01 20:00:00.000,20:00,0
2025-06-01 21:00:00.000,21:00,0
2025-06-01 22:00:00.000,22:00,0
2025-06-01 23:00:00.000,23:00,0
2025-06-02 00:00:00.000,00:00,0
2025-06-02 01:00:00.000,01:00,0
2025-06-02 02:00:00.000,02:00,0
2025-06-02 03:00:00.000,03:00,0
2025-06-02 04:00:00.000,04:00,0
2025-06-02 05:00:00.000,05:00,0
2025-06-02 06:00:00.000,06:00,0
2025-06-02 07:00:00.000,07:00,0
2025-06-02 08:00:00.000,08:00,0
2025-06-02 09:00:00.000,09:00,0
2025-06-02 10:00:00.000,10:00,0
2025-06-02 11:00:00.000,11:00,0
2025-06-02 12:00:00.000,12:00,0
2025-06-02 13:00:00.000,13:00,0
2025-06-02 14:00:00.000,14:00,0
2025-06-02 15:00:00.000,15:00,0
2025-06-02 16:00:00.000,16:00,0
2025-06-02 17:00:00.000,17:00,0
2025-06-02 18:00:00.000,18:00,0
2025-06-02 19:00:00.000,19:00,0
2025-06-02 20:00:00.000,20:00,0
2025-06-02 21:00:00.000,21:00,0
2025-06-02 22:00:00.000,22:00,0
2025-06-02 23:00:00.000,23:00,0
2025-06-03 00:00:00.000,00:00,0
2025-06-03 01:00:00.000,01:00,0
2025-06-03 02:00:00.000,02:00,0
2025-06-03 03:00:00.000,03:00,0
2025-06-03 04:00:00.000,04:00,0
2025-06-03 05:00:00.000,05:00,0
2025-06-03 06:00:00.000,06:00,0
2025-06-03 07:00:00.000,07:00,0
2025-06-03 08:00:00.000,08:00,0
2025-06-03 09:00:00.000,09:00,0
2025-06-03 10:00:00.000,10:00,0
2025-06-03 11:00:00.000,11:00,0
2025-06-03 12:00:00.000,12:00,0
2025-06-03 13:00:00.000,13:00,0
2025-06-03 14:00:00.000,14:00,0
2025-06-03 15:00:00.000,15:00,0
2025-06-03 16:00:00.000,16:00,0
2025-06-03 17:00:00.000,17:00,0
2025-06-03 18:00:00.000,18:00,0
2025-06-03 19:00:00.000,19:00,0
2025-06-03 20:00:00.000,20:00,0
2025-06-03 21:00:00.000,21:00,0
2025-06-03 22:00:00.000,22:00,0
2025-06-03 23:00:00.000,23:00,0
2025-06-04 00:00:00.000,00:00,0
2025-06-04 01:00:00.000,01:00,0
2025-06-04 02:00:00.000,02:00,0
2025-06-04 03:00:00.000,03:00,0
2025-06-04 04:00:00.000,04:00,0
2025-06-04 05:00:00.000,05:00,0
2025-06-04 06:00:00.000,06:00,0
2025-06-04 07:00:00.000,07:00,0
2025-06-04 08:00:00.000,08:00,0
2025-06-04 09:00:00.000,09:00,0
2025-06-04 10:00:00.000,10:00,0
2025-06-04 11:00:00.000,11:00,0
2025-06-04 12:00:00.000,12:00,0
2025-06-04 13:00:00.000,13:00,0
2025-06-04 14:00:00.000,14:00,0
2025-06-04 15:00:00.000,15:00,0
2025-06-04 16:00:00.000,16:00,0
2025-06-04 17:00:00.000,17:00,0
2025-06-04 18:00:00.000,18:00,0
2025-06-04 19:00:00.000,19:00,0
2025-06-04 20:00:00.000,20:00,0
2025-06-04 21:00:00.000,21:00,0
2025-06-04 22:00:00.000,22:00,0
2025-06-04 23:00:00.000,23:00,0
2025-06-05 00:00:00.000,00:00,0
2025-06-05 01:00:00.000,01:00,0
2025-06-05 02:00:00.000,02:00,0
2025-06-05 03:00:00.000,03:00,0
2025-06-05 04:00:00.000,04:00,0
2025-06-05 05:00:00.000,05:00,0
2025-06-05 06:00:00.000,06:00,0
2025-06-05 07:00:00.000,07:00,0
2025-06-05 08:00:00.000,08:00,0
2025-06-05 09:00:00.000,09:00,0
2025-06-05 10:00:00.000,10:00,0
2025-06-05 11:00:00.000,11:00,0
2025-06-05 12:00:00.000,12:00,0
2025-06-05 13:00:00.000,13:00,0
2025-06-05 14:00:00.000,14:00,0
2025-06-05 15:00:00.000,15:00,0
2025-06-05 16:00:00.000,16:00,0
2025-06-05 17:00:00.000,17:00,0
2025-06-05 18:00:00.000,18:00,0
2025-06-05 19:00:00.000,19:00,0
2025-06-05 20:00:00.000,20:00,0
2025-06-05 21:00:00.000,21:00,0
2025-06-05 22:00:00.000,22:00,0
2025-06-05 23:00:00.000,23:00,0
2025-06-06 00:00:00.000,00:00,0
2025-06-06 01:00:00.000,01:00,0
2025-06-06 02:00:00.000,02:00,0
2025-06-06 03:00:00.000,03:00,0
2025-06-06 04:00:00.000,04:00,0
2025-06-06 05:00:00.000,05:00,0
2025-06-06 06:00:00.000,06:00,0
2025-06-06 07:00:00.000,07:00,0
2025-06-06 08:00:00.000,08:00,0
2025-06-06 09:00:00.000,09:00,0
2025-06-06 10:00:00.000,10:00,0
2025-06-06 11:00:00.000,11:00,0
2025-06-06 12:00:00.000,12:00,0
2025-06-06 13:00:00.000,13:00,0
2025-06-06 14:00:00.000,14:00,0
2025-06-06 15:00:00.000,15:00,0
2025-06-06 16:00:00.000,16:00,0
2025-06-06 17:00:00.000,17:00,0
2025-06-06 18:00:00.000,18:00,0
2025-06-06 19:00:00.000,19:00,0
2025-06-06 20:00:00.000,20:00,0
2025-06-06 21:00:00.000,21:00,0
2025-06-06 22:00:00.000,22:00,0
2025-06-06 23:00:00.000,23:00,0
2025-06-07 00:00:00.000,00:00,0
2025-06-07 01:00:00.000,01:00,0
2025-06-07 02:00:00.000,02:00,0
2025-06-07 03:00:00.000,03:00,0
2025-06-07 04:00:00.000,04:00,0
2025-06-07 05:00:00.000,05:00,0
2025-06-07 06:00:00.000,06:00,0
2025-06-07 07:00:00.000,07:00,0
2025-06-07 08:00:00.000,08:00,0
2025-06-07 09:00:00.000,09:00,0
2025-06-07 10:00:00.000,10:00,0
2025-06-07 11:00:00.000,11:00,0
2025-06-07 12:00:00.000,12:00,0
2025-06-07 13:00:00.000,13:00,0
2025-06-07 14:00:00.000,14:00,0
2025-06-07 15:00:00.000,15:00,0
2025-06-07 16:00:00.000,16:00,0
2025-06-07 17:00:00.000,17:00,0
2025-06-07 18:00:00.000,18:00,0
2025-06-07 19:00:00.000,19:00,0
2025-06-07 20:00:00.000,20:00,0
2025-06-07 21:00:00.000,21:00,0
2025-06-07 22:00:00.000,22:00,0
2025-06-07 23:00:00.000,23:00,0
2025-06-08 00:00:00.000,00:00,0
2025-06-08 01:00:00.000,01:00,0
2025-06-08 02:00:00.000,02:00,0
2025-06-08 03:00:00.000,03:00,0
2025-06-08 04:00:00.000,04:00,0
2025-06-08 05:00:00.000,05:00,0
2025-06-08 06:00:00.000,06:00,0
2025-06-08 07:00:00.000,07:00,0
2025-06-08 08:00:00.000,08:00,0
2025-06-08 09:00:00.000,09:00,0
2025-06-08 10:00:00.000,10:00,0
2025-06-08 11:00:00.000,11:00,0
2025-06-08 12:00:00.000,12:00,0
2025-06-08 13:00:00.000,13:00,0
2025-06-08 14:00:00.000,14:00,0
2025-06-08 15:00:00.000,15:00,0
2025-06-08 16:00:00.000,16:00,0
2025-06-08 17:00:00.000,17:00,0
2025-06-08 18:00:00.000,18:00,0
2025-06-08 19:00:00.000,19:00,0
2025-06-08 20:00:00.000,20:00,0
2025-06-08 21:00:00.000,21:00,0
2025-06-08 22:00:00.000,22:00,0
2025-06-08 23:00:00.000,23:00,0
2025-06-09 00:00:00.000,00:00,0
2025-06-09 01:00:00.000,01:00,0
2025-06-09 02:00:00.000,02:00,0
2025-06-09 03:00:00.000,03:00,0
2025-06-09 04:00:00.000,04:00,0
2025-06-09 05:00:00.000,05:00,0
2025-06-09 06:00:00.000,06:00,0
2025-06-09 07:00:00.000,07:00,0
2025-06-09 08:00:00.000,08:00,0
2025-06-09 09:00:00.000,09:00,0
2025-06-09 10:00:00.000,10:00,0
2025-06-09 11:00:00.000,11:00,0
2025-06-09 12:00:00.000,12:00,0
2025-06-09 13:00:00.000,13:00,0
2025-06-09 14:00:00.000,14:00,0
2025-06-09 15:00:00.000,15:00,0
2025-06-09 16:00:00.000,16:00,0
2025-06-09 17:00:00.000,17:00,0
2025-06-09 18:00:00.000,18:00,0
2025-06-09 19:00:00.000,19:00,0
2025-06-09 20:00:00.000,20:00,0
2025-06-09 21:00:00.000,21:00,0
2025-06-09 22:00:00.000,22:00,0
2025-06-09 23:00:00.000,23:00,0
2025-06-10 00:00:00.000,00:00,0
2025-06-10 01:00:00.000,01:00,0
2025-06-10 02:00:00.000,02:00,0
2025-06-10 03:00:00.000,03:00,0
2025-06-10 04:00:00.000,04:00,0
2025-06-10 05:00:00.000,05:00,0
2025-06-10 06:00:00.000,06:00,0
2025-06-10 07:00:00.000,07:00,0
2025-06-10 08:00:00.000,08:00,0
2025-06-10 09:00:00.000,09:00,0
2025-06-10 10:00:00.000,10:00,0
2025-06-10 11:00:00.000,11:00,0
2025-06-10 12:00:00.000,12:00,0
2025-06-10 13:00:00.000,13:00,0
2025-06-10 14:00:00.000,14:00,0
2025-06-10 15:00:00.000,15:00,0
2025-06-10 16:00:00.000,16:00,0
2025-06-10 17:00:00.000,17:00,0
2025-06-10 18:00:00.000,18:00,0
2025-06-10 19:00:00.000,19:00,0
2025-06-10 20:00:00.000,20:00,0
2025-06-10 21:00:00.000,21:00,0
2025-06-10 22:00:00.000,22:00,0
2025-06-10 23:00:00.000,23:00,0
2025-06-11 00:00:00.000,00:00,0
2025-06-11 01:00:00.000,01:00,0
2025-06-11 02:00:00.000,02:00,0
2025-06-11 03:00:00.000,03:00,0
2025-06-11 04:00:00.000,04:00,0
2025-06-11 05:00:00.000,05:00,0
2025-06-11 06:00:00.000,06:00,0
2025-06-11 07:00:00.000,07:00,0
2025-06-11 08:00:00.000,08:00,0
2025-06-11 09:00:00.000,09:00,0
2025-06-11 10:00:00.000,10:00,0
2025-06-11 11:00:00.000,11:00,0
2025-06-11 12:00:00.000,12:00,0
2025-06-11 13:00:00.000,13:00,0
2025-06-11 14:00:00.000,14:00,0
2025-06-11 15:00:00.000,15:00,0
2025-06-11 16:00:00.000,16:00,0
2025-06-11 17:00:00.000,17:00,0
2025-06-11 18:00:00.000,18:00,0
2025-06-11 19:00:00.000,19:00,0
2025-06-11 20:00:00.000,20:00,0
2025-06-11 21:00:00.000,21:00,0
2025-06-11 22:00:00.000,22:00,0
2025-06-11 23:00:00.000,23:00,0
2025-06-12 00:00:00.000,00:00,0
2025-06-12 01:00:00.000,01:00,0
2025-06-12 02:00:00.000,02:00,0
2025-06-12 03:00:00.000,03:00,0
2025-06-12 04:00:00.000,04:00,0
2025-06-12 05:00:00.000,05:00,0
2025-06-12 06:00:00.000,06:00,0
2025-06-12 07:00:00.000,07:00,0
2025-06-12 08:00:00.000,08:00,0
2025-06-12 09:00:00.000,09:00,0
2025-06-12 10:00:00.000,10:00,0
2025-06-12 11:00:00.000,11:00,0
2025-06-12 12:00:00.000,12:00,0
2025-06-12 13:00:00.000,13:00,0
2025-06-12 14:00:00.000,14:00,0
2025-06-12 15:00:00.000,15:00,0
2025-06-12 16:00:00.000,16:00,0
2025-06-12 17:00:00.000,17:00,0
2025-06-12 18:00:00.000,18:00,0
2025-06-12 19:00:00.000,19:00,0
2025-06-12 20:00:00.000,20:00,0
2025-06-12 21:00:00.000,21:00,0
2025-06-12 22:00:00.000,22:00,0
2025-06-12 23:00:00.000,23:00,0
2025-06-13 00:00:00.000,00:00,0
2025-06-13 01:00:00.000,01:00,0
2025-06-13 02:00:00.000,02:00,0
2025-06-13 03:00:00.000,03:00,0
2025-06-13 04:00:00.000,04:00,0
2025-06-13 05:00:00.000,05:00,0
2025-06-13 06:00:00.000,06:00,0
2025-06-13 07:00:00.000,07:00,0
2025-06-13 08:00:00.000,08:00,0
2025-06-13 09:00:00.000,09:00,0
2025-06-13 10:00:00.000,10:00,0
2025-06-13 11:00:00.000,11:00,0
2025-06-13 12:00:00.000,12:00,0
2025-06-13 13:00:00.000,13:00,0
2025-06-13 14:00:00.000,14:00,0
2025-06-13 15:00:00.000,15:00,0
2025-06-13 16:00:00.000,16:00,0
2025-06-13 17:00:00.000,17:00,0
2025-06-13 18:00:00.000,18:00,0
2025-06-13 19:00:00.000,19:00,0
2025-06-13 20:00:00.000,20:00,0
2025-06-13 21:00:00.000,21:00,0
2025-06-13 22:00:00.000,22:00,0
2025-06-13 23:00:00.000,23:00,0
2025-06-14 00:00:00.000,00:00,0
2025-06-14 01:00:00.000,01:00,0
2025-06-14 02:00:00.000,02:00,0
2025-06-14 03:00:00.000,03:00,0
2025-06-14 04:00:00.000,04:00,0
2025-06-14 05:00:00.000,05:00,0
2025-06-14 06:00:00.000,06:00,0
2025-06-14 07:00:00.000,07:00,0
2025-06-14 08:00:00.000,08:00,0
2025-06-14 09:00:00.000,09:00,0
2025-06-14 10:00:00.000,10:00,0
2025-06-14 11:00:00.000,11:00,0
2025-06-14 12:00:00.000,12:00,0
2025-06-14 13:00:00.000,13:00,0
2025-06-14 14:00:00.000,14:00,0
2025-06-14 15:00:00.000,15:00,0
2025-06-14 16:00:00.000,16:00,0
2025-06-14 17:00:00.000,17:00,0
2025-06-14 18:00:00.000,18:00,0
2025-06-14 19:00:00.000,19:00,0
2025-06-14 20:00:00.000,20:00,0
2025-06-14 21:00:00.000,21:00,0
2025-06-14 22:00:00.000,22:00,0
2025-06-14 23:00:00.000,23:00,0
2025-06-15 00:00:00.000,00:00,0
2025-06-15 01:00:00.000,01:00,0
2025-06-15 02:00:00.000,02:00,0
2025-06-15 03:00:00.000,03:00,0
2025-06-15 04:00:00.000,04:00,0
2025-06-15 05:00:00.000,05:00,0
2025-06-15 06:00:00.000,06:00,0
2025-06-15 07:00:00.000,07:00,0
2025-06-15 08:00:00.000,08:00,0
2025-06-15 09:00:00.000,09:00,0
2025-06-15 10:00:00.000,10:00,0
2025-06-15 11:00:00.000,11:00,0
2025-06-15 12:00:00.000,12:00,0
2025-06-15 13:00:00.000,13:00,0
2025-06-15 14:00:00.000,14:00,0
2025-06-15 15:00:00.000,15:00,0
2025-06-15 16:00:00.000,16:00,0
2025-06-15 17:00:00.000,17:00,0
2025-06-15 18:00:00.000,18:00,0
2025-06-15 19:00:00.000,19:00,0
2025-06-15 20:00:00.000,20:00,0
2025-06-15 21:00:00.000,21:00,0
2025-06-15 22:00:00.000,22:00,0
2025-06-15 23:00:00.000,23:00,0
2025-06-16 00:00:00.000,00:00,0
2025-06-16 01:00:00.000,01:00,0
2025-06-16 02:00:00.000,02:00,0
2025-06-16 03:00:00.000,03:00,0
2025-06-16 04:00:00.000,04:00,0
2025-06-16 05:00:00.000,05:00,0
2025-06-16 06:00:00.000,06:00,0
2025-06-16 07:00:00.000,07:00,0
2025-06-16 08:00:00.000,08:00,0
2025-06-16 09:00:00.000,09:00,0
2025-06-16 10:00:00.000,10:00,0
2025-06-16 11:00:00.000,11:00,0
2025-06-16 12:00:00.000,12:00,0
2025-06-16 13:00:00.000,13:00,0
2025-06-16 14:00:00.000,14:00,0
2025-06-16 15:00:00.000,15:00,0
2025-06-16 16:00:00.000,16:00,0
2025-06-16 17:00:00.000,17:00,0
2025-06-16 18:00:00.000,18:00,0
2025-06-16 19:00:00.000,19:00,0
2025-06-16 20:00:00.000,20:00,0
2025-06-16 21:00:00.000,21:00,0
2025-06-16 22:00:00.000,22:00,0
2025-06-16 23:00:00.000,23:00,0
2025-06-17 00:00:00.000,00:00,0
2025-06-17 01:00:00.000,01:00,0
2025-06-17 02:00:00.000,02:00,0
2025-06-17 03:00:00.000,03:00,0
2025-06-17 04:00:00.000,04:00,0
2025-06-17 05:00:00.000,05:00,0
2025-06-17 06:00:00.000,06:00,0
2025-06-17 07:00:00.000,07:00,0
2025-06-17 08:00:00.000,08:00,0
2025-06-17 09:00:00.000,09:00,0
2025-06-17 10:00:00.000,10:00,0
2025-06-17 11:00:00.000,11:00,0
2025-06-17 12:00:00.000,12:00,0
2025-06-17 13:00:00.000,13:00,0
2025-06-17 14:00:00.000,14:00,0
2025-06-17 15:00:00.000,15:00,0
2025-06-17 16:00:00.000,16:00,0
2025-06-17 17:00:00.000,17:00,0
2025-06-17 18:00:00.000,18:00,0
2025-06-17 19:00:00.000,19:00,0
2025-06-17 20:00:00.000,20:00,0
2025-06-17 21:00:00.000,21:00,0
2025-06-17 22:00:00.000,22:00,0
2025-06-17 23:00:00.000,23:00,0
2025-06-18 00:00:00.000,00:00,0
2025-06-18 01:00:00.000,01:00,0
2025-06-18 02:00:00.000,02:00,0
2025-06-18 03:00:00.000,03:00,0
2025-06-18 04:00:00.000,04:00,0
2025-06-18 05:00:00.000,05:00,0
2025-06-18 06:00:00.000,06:00,0
2025-06-18 07:00:00.000,07:00,0
2025-06-18 08:00:00.000,08:00,0
2025-06-18 09:00:00.000,09:00,0
2025-06-18 10:00:00.000,10:00,0
2025-06-18 11:00:00.000,11:00,0
2025-06-18 12:00:00.000,12:00,0
2025-06-18 13:00:00.000,13:00,0
2025-06-18 14:00:00.000,14:00,0
2025-06-18 15:00:00.000,15:00,0
2025-06-18 16:00:00.000,16:00,0
2025-06-18 17:00:00.000,17:00,0
2025-06-18 18:00:00.000,18:00,0
2025-06-18 19:00:00.000,19:00,0
2025-06-18 20:00:00.000,20:00,0
2025-06-18 21:00:00.000,21:00,0
2025-06-18 22:00:00.000,22:00,0
2025-06-18 23:00:00.000,23:00,0
2025-06-19 00:00:00.000,00:00,0
2025-06-19 01:00:00.000,01:00,0
2025-06-19 02:00:00.000,02:00,0
2025-06-19 03:00:00.000,03:00,0
2025-06-19 04:00:00.000,04:00,0
2025-06-19 05:00:00.000,05:00,0
2025-06-19 06:00:00.000,06:00,0
2025-06-19 07:00:00.000,07:00,0
2025-06-19 08:00:00.000,08:00,0
2025-06-19 09:00:00.000,09:00,0
2025-06-19 10:00:00.000,10:00,0
2025-06-19 11:00:00.000,11:00,0
2025-06-19 12:00:00.000,12:00,0
2025-06-19 13:00:00.000,13:00,0
2025-06-19 14:00:00.000,14:00,0
2025-06-19 15:00:00.000,15:00,0
2025-06-19 16:00:00.000,16:00,0
2025-06-19 17:00:00.000,17:00,0
2025-06-19 18:00:00.000,18:00,0
2025-06-19 19:00:00.000,19:00,0
2025-06-19 20:00:00.000,20:00,0
2025-06-19 21:00:00.000,21:00,0
2025-06-19 22:00:00.000,22:00,0
2025-06-19 23:00:00.000,23:00,0
2025-06-20 00:00:00.000,00:00,0
2025-06-20 01:00:00.000,01:00,0
2025-06-20 02:00:00.000,02:00,0
2025-06-20 03:00:00.000,03:00,0
2025-06-20 04:00:00.000,04:00,0
2025-06-20 05:00:00.000,05:00,0
2025-06-20 06:00:00.000,06:00,0
2025-06-20 07:00:00.000,07:00,0
2025-06-20 08:00:00.000,08:00,0
2025-06-20 09:00:00.000,09:00,0
2025-06-20 10:00:00.000,10:00,0
2025-06-20 11:00:00.000,11:00,0
2025-06-20 12:00:00.000,12:00,0
2025-06-20 13:00:00.000,13:00,0
2025-06-20 14:00:00.000,14:00,0
2025-06-20 15:00:00.000,15:00,0
2025-06-20 16:00:00.000,16:00,0
2025-06-20 17:00:00.000,17:00,0
2025-06-20 18:00:00.000,18:00,0
2025-06-20 19:00:00.000,19:00,0
2025-06-20 20:00:00.000,20:00,0
2025-06-20 21:00:00.000,21:00,0
2025-06-20 22:00:00.000,22:00,0
2025-06-20 23:00:00.000,23:00,0
2025-06-21 00:00:00.000,00:00,0
2025-06-21 01:00:00.000,01:00,0
2025-06-21 02:00:00.000,02:00,0
2025-06-21 03:00:00.000,03:00,0
2025-06-21 04:00:00.000,04:00,0
2025-06-21 05:00:00.000,05:00,0
2025-06-21 06:00:00.000,06:00,0
2025-06-21 07:00:00.000,07:00,0
2025-06-21 08:00:00.000,08:00,0
2025-06-21 09:00:00.000,09:00,0
2025-06-21 10:00:00.000,10:00,0
2025-06-21 11:00:00.000,11:00,0
2025-06-21 12:00:00.000,12:00,0
2025-06-21 13:00:00.000,13:00,0
2025-06-21 14:00:00.000,14:00,0
2025-06-21 15:00:00.000,15:00,0
2025-06-21 16:00:00.000,16:00,0
2025-06-21 17:00:00.000,17:00,0
2025-06-21 18:00:00.000,18:00,0
2025-06-21 19:00:00.000,19:00,0
2025-06-21 20:00:00.000,20:00,0
2025-06-21 21:00:00.000,21:00,0
2025-06-21 22:00:00.000,22:00,0
2025-06-21 23:00:00.000,23:00,0
2025-06-22 00:00:00.000,00:00,0
2025-06-22 01:00:00.000,01:00,0
2025-06-22 02:00:00.000,02:00,0
2025-06-22 03:00:00.000,03:00,0
2025-06-22 04:00:00.000,04:00,0
2025-06-22 05:00:00.000,05:00,0
2025-06-22 06:00:00.000,06:00,0
2025-06-22 07:00:00.000,07:00,0
2025-06-22 08:00:00.000,08:00,0
2025-06-22 09:00:00.000,09:00,0
2025-06-22 10:00:00.000,10:00,0
2025-06-22 11:00:00.000,11:00,0
2025-06-22 12:00:00.000,12:00,0
2025-06-22 13:00:00.000,13:00,0
2025-06-22 14:00:00.000,14:00,0
2025-06-22 15:00:00.000,15:00,0
2025-06-22 16:00:00.000,16:00,0
2025-06-22 17:00:00.000,17:00,0
2025-06-22 18:00:00.000,18:00,0
2025-06-22 19:00:00.000,19:00,0
2025-06-22 20:00:00.000,20:00,0
2025-06-22 21:00:00.000,21:00,0
2025-06-22 22:00:00.000,22:00,0
2025-06-22 23:00:00.000,23:00,0
2025-06-23 00:00:00.000,00:00,0
2025-06-23 01:00:00.000,01:00,0
2025-06-23 02:00:00.000,02:00,0
2025-06-23 03:00:00.000,03:00,0
2025-06-23 04:00:00.000,04:00,0
2025-06-23 05:00:00.000,05:00,0
2025-06-23 06:00:00.000,06:00,0
2025-06-23 07:00:00.000,07:00,0
2025-06-23 08:00:00.000,08:00,0
2025-06-23 09:00:00.000,09:00,0
2025-06-23 10:00:00.000,10:00,0
2025-06-23 11:00:00.000,11:00,0
2025-06-23 12:00:00.000,12:00,0
2025-06-23 13:00:00.000,13:00,0
2025-06-23 14:00:00.000,14:00,0
2025-06-23 15:00:00.000,15:00,0
2025-06-23 16:00:00.000,16:00,0
2025-06-23 17:00:00.000,17:00,0
2025-06-23 18:00:00.000,18:00,0
2025-06-23 19:00:00.000,19:00,0
2025-06-23 20:00:00.000,20:00,0
2025-06-23 21:00:00.000,21:00,0
2025-06-23 22:00:00.000,22:00,0
2025-06-23 23:00:00.000,23:00,0
2025-06-24 00:00:00.000,00:00,0
2025-06-24 01:00:00.000,01:00,0
2025-06-24 02:00:00.000,02:00,0
2025-06-24 03:00:00.000,03:00,0
2025-06-24 04:00:00.000,04:00,0
2025-06-24 05:00:00.000,05:00,0
2025-06-24 06:00:00.000,06:00,0
2025-06-24 07:00:00.000,07:00,0
2025-06-24 08:00:00.000,08:00,0
2025-06-24 09:00:00.000,09:00,0
2025-06-24 10:00:00.000,10:00,0
2025-06-24 11:00:00.000,11:00,0
2025-06-24 12:00:00.000,12:00,0
2025-06-24 13:00:00.000,13:00,0
2025-06-24 14:00:00.000,14:00,0
2025-06-24 15:00:00.000,15:00,0
2025-06-24 16:00:00.000,16:00,0
2025-06-24 17:00:00.000,17:00,0
2025-06-24 18:00:00.000,18:00,0
2025-06-24 19:00:00.000,19:00,0
2025-06-24 20:00:00.000,20:00,0
2025-06-24 21:00:00.000,21:00,0
2025-06-24 22:00:00.000,22:00,0
2025-06-24 23:00:00.000,23:00,0
2025-06-25 00:00:00.000,00:00,0
2025-06-25 01:00:00.000,01:00,0
2025-06-25 02:00:00.000,02:00,0
2025-06-25 03:00:00.000,03:00,0
2025-06-25 04:00:00.000,04:00,0
2025-06-25 05:00:00.000,05:00,0
2025-06-25 06:00:00.000,06:00,0
2025-06-25 07:00:00.000,07:00,0
2025-06-25 08:00:00.000,08:00,0
2025-06-25 09:00:00.000,09:00,0
2025-06-25 10:00:00.000,10:00,0
2025-06-25 11:00:00.000,11:00,0
2025-06-25 12:00:00.000,12:00,0
2025-06-25 13:00:00.000,13:00,0
2025-06-25 14:00:00.000,14:00,0
2025-06-25 15:00:00.000,15:00,0
2025-06-25 16:00:00.000,16:00,0
2025-06-25 17:00:00.000,17:00,0
2025-06-25 18:00:00.000,18:00,0
2025-06-25 19:00:00.000,19:00,0
2025-06-25 20:00:00.000,20:00,0
2025-06-25 21:00:00.000,21:00,0
2025-06-25 22:00:00.000,22:00,0
2025-06-25 23:00:00.000,23:00,0
2025-06-26 00:00:00.000,00:00,0
2025-06-26 01:00:00.000,01:00,0
2025-06-26 02:00:00.000,02:00,0
2025-06-26 03:00:00.000,03:00,0
2025-06-26 04:00:00.000,04:00,0
2025-06-26 05:00:00.000,05:00,0
2025-06-26 06:00:00.000,06:00,0
2025-06-26 07:00:00.000,07:00,0
2025-06-26 08:00:00.000,08:00,0
2025-06-26 09:00:00.000,09:00,0
2025-06-26 10:00:00.000,10:00,0
2025-06-26 11:00:00.000,11:00,0
2025-06-26 12:00:00.000,12:00,0
2025-06-26 13:00:00.000,13:00,0
2025-06-26 14:00:00.000,14:00,0
2025-06-26 15:00:00.000,15:00,0
2025-06-26 16:00:00.000,16:00,0
2025-06-26 17:00:00.000,17:00,0
2025-06-26 18:00:00.000,18:00,0
2025-06-26 19:00:00.000,19:00,0
2025-06-26 20:00:00.000,20:00,0
2025-06-26 21:00:00.000,21:00,0
2025-06-26 22:00:00.000,22:00,0
2025-06-26 23:00:00.000,23:00,0
2025-06-27 00:00:00.000,00:00,0
2025-06-27 01:00:00.000,01:00,0
2025-06-27 02:00:00.000,02:00,0
2025-06-27 03:00:00.000,03:00,0
2025-06-27 04:00:00.000,04:00,0
2025-06-27 05:00:00.000,05:00,0
2025-06-27 06:00:00.000,06:00,0
2025-06-27 07:00:00.000,07:00,0
2025-06-27 08:00:00.000,08:00,0
2025-06-27 09:00:00.000,09:00,0
2025-06-27 10:00:00.000,10:00,0
2025-06-27 11:00:00.000,11:00,0
2025-06-27 12:00:00.000,12:00,0
2025-06-27 13:00:00.000,13:00,0
2025-06-27 14:00:00.000,14:00,0
2025-06-27 15:00:00.000,15:00,0
2025-06-27 16:00:00.000,16:00,0
2025-06-27 17:00:00.000,17:00,0
2025-06-27 18:00:00.000,18:00,0
2025-06-27 19:00:00.000,19:00,0
2025-06-27 20:00:00.000,20:00,0
2025-06-27 21:00:00.000,21:00,0
2025-06-27 22:00:00.000,22:00,0
2025-06-27 23:00:00.000,23:00,0
2025-06-28 00:00:00.000,00:00,0
2025-06-28 01:00:00.000,01:00,0
2025-06-28 02:00:00.000,02:00,0
2025-06-28 03:00:00.000,03:00,0
2025-06-28 04:00:00.000,04:00,0
2025-06-28 05:00:00.000,05:00,0
2025-06-28 06:00:00.000,06:00,0
2025-06-28 07:00:00.000,07:00,0
2025-06-28 08:00:00.000,08:00,0
2025-06-28 09:00:00.000,09:00,0
2025-06-28 10:00:00.000,10:00,0
2025-06-28 11:00:00.000,11:00,0
2025-06-28 12:00:00.000,12:00,0
2025-06-28 13:00:00.000,13:00,0
2025-06-28 14:00:00.000,14:00,0
2025-06-28 15:00:00.000,15:00,0
2025-06-28 16:00:00.000,16:00,0
2025-06-28 17:00:00.000,17:00,0
2025-06-28 18:00:00.000,18:00,0
2025-06-28 19:00:00.000,19:00,0
2025-06-28 20:00:00.000,20:00,0
2025-06-28 21:00:00.000,21:00,0
2025-06-28 22:00:00.000,22:00,0
2025-06-28 23:00:00.000,23:00,0
2025-06-29 00:00:00.000,00:00,0
2025-06-29 01:00:00.000,01:00,0
2025-06-29 02:00:00.000,02:00,0
2025-06-29 03:00:00.000,03:00,0
2025-06-29 04:00:00.000,04:00,0
2025-06-29 05:00:00.000,05:00,0
2025-06-29 06:00:00.000,06:00,0
2025-06-29 07:00:00.000,07:00,0
2025-06-29 08:00:00.000,08:00,0
2025-06-29 09:00:00.000,09:00,0
2025-06-29 10:00:00.000,10:00,0
2025-06-29 11:00:00.000,11:00,0
2025-06-29 12:00:00.000,12:00,0
2025-06-29 13:00:00.000,13:00,0
2025-06-29 14:00:00.000,14:00,0
2025-06-29 15:00:00.000,15:00,0
2025-06-29 16:00:00.000,16:00,0
2025-06-29 17:00:00.000,17:00,0
2025-06-29 18:00:00.000,18:00,0
2025-06-29 19:00:00.000,19:00,0
2025-06-29 20:00:00.000,20:00,0
2025-06-29 21:00:00.000,21:00,0
2025-06-29 22:00:00.000,22:00,0
2025-06-29 23:00:00.000,23:00,0
2025-06-30 00:00:00.000,00:00,0
2025-06-30 01:00:00.000,01:00,0
2025-06-30 02:00:00.000,02:00,0
2025-06-30 03:00:00.000,03:00,0
2025-06-30 04:00:00.000,04:00,0
2025-06-30 05:00:00.000,05:00,0
2025-06-30 06:00:00.000,06:00,0
2025-06-30 07:00:00.000,07:00,0
2025-06-30 08:00:00.000,08:00,0
2025-06-30 09:00:00.000,09:00,0
2025-06-30 10:00:00.000,10:00,0
2025-06-30 11:00:00.000,11:00,0
2025-06-30 12:00:00.000,12:00,0
2025-06-30 13:00:00.000,13:00,0
2025-06-30 14:00:00.000,14:00,0
2025-06-30 15:00:00.000,15:00,0
2025-06-30 16:00:00.000,16:00,0
2025-06-30 17:00:00.000,17:00,0
2025-06-30 18:00:00.000,18:00,0
2025-06-30 19:00:00.000,19:00,0
2025-06-30 20:00:00.000,20:00,0
2025-06-30 21:00:00.000,21:00,0
2025-06-30 22:00:00.000,22:00,0
2025-06-30 23:00:00.000,23:00,0
2025-07-01 00:00:00.000,00:00,0
2025-07-01 01:00:00.000,01:00,0
2025-07-01 02:00:00.000,02:00,0
2025-07-01 03:00:00.000,03:00,0
2025-07-01 04:00:00.000,04:00,0
2025-07-01 05:00:00.000,05:00,0
2025-07-01 06:00:00.000,06:00,0
2025-07-01 07:00:00.000,07:00,0
2025-07-01 08:00:00.000,08:00,0
2025-07-01 09:00:00.000,09:00,0
2025-07-01 10:00:00.000,10:00,0
2025-07-01 11:00:00.000,11:00,0
2025-07-01 12:00:00.000,12:00,0
2025-07-01 13:00:00.000,13:00,0
2025-07-01 14:00:00.000,14:00,0
2025-07-01 15:00:00.000,15:00,0
2025-07-01 16:00:00.000,16:00,0
2025-07-01 17:00:00.000,17:00,0
2025-07-01 18:00:00.000,18:00,0
2025-07-01 19:00:00.000,19:00,0
2025-07-01 20:00:00.000,20:00,0
2025-07-01 21:00:00.000,21:00,0
2025-07-01 22:00:00.000,22:00,0
2025-07-01 23:00:00.000,23:00,0
2025-07-02 00:00:00.000,00:00,0
2025-07-02 01:00:00.000,01:00,0
2025-07-02 02:00:00.000,02:00,0
2025-07-02 03:00:00.000,03:00,0
2025-07-02 04:00:00.000,04:00,0
2025-07-02 05:00:00.000,05:00,0
2025-07-02 06:00:00.000,06:00,0
2025-07-02 07:00:00.000,07:00,0
2025-07-02 08:00:00.000,08:00,0
2025-07-02 09:00:00.000,09:00,0
2025-07-02 10:00:00.000,10:00,0
2025-07-02 11:00:00.000,11:00,0
2025-07-02 12:00:00.000,12:00,0
2025-07-02 13:00:00.000,13:00,0
2025-07-02 14:00:00.000,14:00,0
2025-07-02 15:00:00.000,15:00,0
2025-07-02 16:00:00.000,16:00,0
2025-07-02 17:00:00.000,17:00,0
2025-07-02 18:00:00.000,18:00,0
2025-07-02 19:00:00.000,19:00,0
2025-07-02 20:00:00.000,20:00,0
2025-07-02 21:00:00.000,21:00,0
2025-07-02 22:00:00.000,22:00,0
2025-07-02 23:00:00.000,23:00,0
2025-07-03 00:00:00.000,00:00,0
2025-07-03 01:00:00.000,01:00,0
2025-07-03 02:00:00.000,02:00,0
2025-07-03 03:00:00.000,03:00,0
2025-07-03 04:00:00.000,04:00,0
2025-07-03 05:00:00.000,05:00,0
2025-07-03 06:00:00.000,06:00,0
2025-07-03 07:00:00.000,07:00,0
2025-07-03 08:00:00.000,08:00,0
2025-07-03 09:00:00.000,09:00,0
2025-07-03 10:00:00.000,10:00,0
2025-07-03 11:00:00.000,11:00,0
2025-07-03 12:00:00.000,12:00,0
2025-07-03 13:00:00.000,13:00,0
2025-07-03 14:00:00.000,14:00,0
2025-07-03 15:00:00.000,15:00,0
2025-07-03 16:00:00.000,16:00,0
2025-07-03 17:00:00.000,17:00,0
2025-07-03 18:00:00.000,18:00,0
2025-07-03 19:00:00.000,19:00,0
2025-07-03 20:00:00.000,20:00,0
2025-07-03 21:00:00.000,21:00,0
2025-07-03 22:00:00.000,22:00,0
2025-07-03 23:00:00.000,23:00,0
2025-07-04 00:00:00.000,00:00,0
2025-07-04 01:00:00.000,01:00,0
2025-07-04 02:00:00.000,02:00,0
2025-07-04 03:00:00.000,03:00,0
2025-07-04 04:00:00.000,04:00,0
2025-07-04 05:00:00.000,05:00,0
2025-07-04 06:00:00.000,06:00,0
2025-07-04 07:00:00.000,07:00,0
2025-07-04 08:00:00.000,08:00,0
2025-07-04 09:00:00.000,09:00,0
2025-07-04 10:00:00.000,10:00,0
2025-07-04 11:00:00.000,11:00,0
2025-07-04 12:00:00.000,12:00,0
2025-07-04 13:00:00.000,13:00,0
2025-07-04 14:00:00.000,14:00,0
2025-07-04 15:00:00.000,15:00,0
2025-07-04 16:00:00.000,16:00,0
2025-07-04 17:00:00.000,17:00,0
2025-07-04 18:00:00.000,18:00,0
2025-07-04 19:00:00.000,19:00,0
2025-07-04 20:00:00.000,20:00,0
2025-07-04 21:00:00.000,21:00,0
2025-07-04 22:00:00.000,22:00,0
2025-07-04 23:00:00.000,23:00,0
2025-07-05 00:00:00.000,00:00,0
2025-07-05 01:00:00.000,01:00,0
2025-07-05 02:00:00.000,02:00,0
2025-07-05 03:00:00.000,03:00,0
2025-07-05 04:00:00.000,04:00,0
2025-07-05 05:00:00.000,05:00,0
2025-07-05 06:00:00.000,06:00,0
2025-07-05 07:00:00.000,07:00,0
2025-07-05 08:00:00.000,08:00,0
2025-07-05 09:00:00.000,09:00,0
2025-07-05 10:00:00.000,10:00,0
2025-07-05 11:00:00.000,11:00,0
2025-07-05 12:00:00.000,12:00,0
2025-07-05 13:00:00.000,13:00,0
2025-07-05 14:00:00.000,14:00,0
2025-07-05 15:00:00.000,15:00,0
2025-07-05 16:00:00.000,16:00,0
2025-07-05 17:00:00.000,17:00,0
2025-07-05 18:00:00.000,18:00,0
2025-07-05 19:00:00.000,19:00,0
2025-07-05 20:00:00.000,20:00,0
2025-07-05 21:00:00.000,21:00,0
2025-07-05 22:00:00.000,22:00,0
2025-07-05 23:00:00.000,23:00,0
2025-07-06 00:00:00.000,00:00,0
2025-07-06 01:00:00.000,01:00,0
2025-07-06 02:00:00.000,02:00,0
2025-07-06 03:00:00.000,03:00,0
2025-07-06 04:00:00.000,04:00,0
2025-07-06 05:00:00.000,05:00,0
2025-07-06 06:00:00.000,06:00,0
2025-07-06 07:00:00.000,07:00,0
2025-07-06 08:00:00.000,08:00,0
2025-07-06 09:00:00.000,09:00,0
2025-07-06 10:00:00.000,10:00,0
2025-07-06 11:00:00.000,11:00,0
2025-07-06 12:00:00.000,12:00,0
2025-07-06 13:00:00.000,13:00,0
2025-07-06 14:00:00.000,14:00,0
2025-07-06 15:00:00.000,15:00,0
2025-07-06 16:00:00.000,16:00,0
2025-07-06 17:00:00.000,17:00,0
2025-07-06 18:00:00.000,18:00,0
2025-07-06 19:00:00.000,19:00,0
2025-07-06 20:00:00.000,20:00,0
2025-07-06 21:00:00.000,21:00,0
2025-07-06 22:00:00.000,22:00,0
2025-07-06 23:00:00.000,23:00,0
2025-07-07 00:00:00.000,00:00,0
2025-07-07 01:00:00.000,01:00,0
2025-07-07 02:00:00.000,02:00,0
2025-07-07 03:00:00.000,03:00,0
2025-07-07 04:00:00.000,04:00,0
2025-07-07 05:00:00.000,05:00,0
2025-07-07 06:00:00.000,06:00,0
2025-07-07 07:00:00.000,07:00,0
2025-07-07 08:00:00.000,08:00,0
2025-07-07 09:00:00.000,09:00,0
2025-07-07 10:00:00.000,10:00,0
2025-07-07 11:00:00.000,11:00,0
2025-07-07 12:00:00.000,12:00,0
2025-07-07 13:00:00.000,13:00,0
2025-07-07 14:00:00.000,14:00,0
2025-07-07 15:00:00.000,15:00,0
2025-07-07 16:00:00.000,16:00,0
2025-07-07 17:00:00.000,17:00,0
2025-07-07 18:00:00.000,18:00,0
2025-07-07 19:00:00.000,19:00,0
2025-07-07 20:00:00.000,20:00,0
2025-07-07 21:00:00.000,21:00,0
2025-07-07 22:00:00.000,22:00,0
2025-07-07 23:00:00.000,23:00,0
2025-07-08 00:00:00.000,00:00,0
2025-07-08 01:00:00.000,01:00,0
2025-07-08 02:00:00.000,02:00,0
2025-07-08 03:00:00.000,03:00,0
2025-07-08 04:00:00.000,04:00,0
2025-07-08 05:00:00.000,05:00,0
2025-07-08 06:00:00.000,06:00,0
2025-07-08 07:00:00.000,07:00,0
2025-07-08 08:00:00.000,08:00,0
2025-07-08 09:00:00.000,09:00,0
2025-07-08 10:00:00.000,10:00,0
2025-07-08 11:00:00.000,11:00,0
2025-07-08 12:00:00.000,12:00,0
2025-07-08 13:00:00.000,13:00,0
2025-07-08 14:00:00.000,14:00,0
2025-07-08 15:00:00.000,15:00,0
2025-07-08 16:00:00.000,16:00,0
2025-07-08 17:00:00.000,17:00,0
2025-07-08 18:00:00.000,18:00,0
2025-07-08 19:00:00.000,19:00,0
2025-07-08 20:00:00.000,20:00,0
2025-07-08 21:00:00.000,21:00,0
2025-07-08 22:00:00.000,22:00,0
2025-07-08 23:00:00.000,23:00,0
2025-07-09 00:00:00.000,00:00,0
2025-07-09 01:00:00.000,01:00,0
2025-07-09 02:00:00.000,02:00,0
2025-07-09 03:00:00.000,03:00,0
2025-07-09 04:00:00.000,04:00,0
2025-07-09 05:00:00.000,05:00,0
2025-07-09 06:00:00.000,06:00,0
2025-07-09 07:00:00.000,07:00,0
2025-07-09 08:00:00.000,08:00,0
2025-07-09 09:00:00.000,09:00,0
2025-07-09 10:00:00.000,10:00,0
2025-07-09 11:00:00.000,11:00,0
2025-07-09 12:00:00.000,12:00,0
2025-07-09 13:00:00.000,13:00,0
2025-07-09 14:00:00.000,14:00,0
2025-07-09 15:00:00.000,15:00,0
2025-07-09 16:00:00.000,16:00,0
2025-07-09 17:00:00.000,17:00,0
2025-07-09 18:00:00.000,18:00,0
2025-07-09 19:00:00.000,19:00,0
2025-07-09 20:00:00.000,20:00,0
2025-07-09 21:00:00.000,21:00,0
2025-07-09 22:00:00.000,22:00,0
2025-07-09 23:00:00.000,23:00,0
2025-07-10 00:00:00.000,00:00,0
2025-07-10 01:00:00.000,01:00,0
2025-07-10 02:00:00.000,02:00,0
2025-07-10 03:00:00.000,03:00,0
2025-07-10 04:00:00.000,04:00,0
2025-07-10 05:00:00.000,05:00,0
2025-07-10 06:00:00.000,06:00,0
2025-07-10 07:00:00.000,07:00,0
2025-07-10 08:00:00.000,08:00,0
2025-07-10 09:00:00.000,09:00,0
2025-07-10 10:00:00.000,10:00,0
2025-07-10 11:00:00.000,11:00,0
2025-07-10 12:00:00.000,12:00,0
2025-07-10 13:00:00.000,13:00,0
2025-07-10 14:00:00.000,14:00,0
2025-07-10 15:00:00.000,15:00,0
2025-07-10 16:00:00.000,16:00,0
2025-07-10 17:00:00.000,17:00,0
2025-07-10 18:00:00.000,18:00,0
2025-07-10 19:00:00.000,19:00,0
2025-07-10 20:00:00.000,20:00,0
2025-07-10 21:00:00.000,21:00,0
2025-07-10 22:00:00.000,22:00,0
2025-07-10 23:00:00.000,23:00,0
2025-07-11 00:00:00.000,00:00,0
2025-07-11 01:00:00.000,01:00,0
2025-07-11 02:00:00.000,02:00,0
2025-07-11 03:00:00.000,03:00,0
2025-07-11 04:00:00.000,04:00,0
2025-07-11 05:00:00.000,05:00,0
2025-07-11 06:00:00.000,06:00,0
2025-07-11 07:00:00.000,07:00,0
2025-07-11 08:00:00.000,08:00,0
2025-07-11 09:00:00.000,09:00,0
2025-07-11 10:00:00.000,10:00,0
2025-07-11 11:00:00.000,11:00,0
2025-07-11 12:00:00.000,12:00,0
2025-07-11 13:00:00.000,13:00,0
2025-07-11 14:00:00.000,14:00,0
2025-07-11 15:00:00.000,15:00,0
2025-07-11 16:00:00.000,16:00,0
2025-07-11 17:00:00.000,17:00,0
2025-07-11 18:00:00.000,18:00,0
2025-07-11 19:00:00.000,19:00,0
2025-07-11 20:00:00.000,20:00,0
2025-07-11 21:00:00.000,21:00,0
2025-07-11 22:00:00.000,22:00,0
2025-07-11 23:00:00.000,23:00,0
2025-07-12 00:00:00.000,00:00,0
2025-07-12 01:00:00.000,01:00,0
2025-07-12 02:00:00.000,02:00,0
2025-07-12 03:00:00.000,03:00,0
2025-07-12 04:00:00.000,04:00,0
2025-07-12 05:00:00.000,05:00,0
2025-07-12 06:00:00.000,06:00,0
2025-07-12 07:00:00.000,07:00,0
2025-07-12 08:00:00.000,08:00,0
2025-07-12 09:00:00.000,09:00,0
2025-07-12 10:00:00.000,10:00,0
2025-07-12 11:00:00.000,11:00,0
2025-07-12 12:00:00.000,12:00,0
2025-07-12 13:00:00.000,13:00,0
2025-07-12 14:00:00.000,14:00,0
2025-07-12 15:00:00.000,15:00,0
2025-07-12 16:00:00.000,16:00,0
2025-07-12 17:00:00.000,17:00,0
2025-07-12 18:00:00.000,18:00,0
2025-07-12 19:00:00.000,19:00,0
2025-07-12 20:00:00.000,20:00,0
2025-07-12 21:00:00.000,21:00,0
2025-07-12 22:00:00.000,22:00,0
2025-07-12 23:00:00.000,23:00,0
2025-07-13 00:00:00.000,00:00,0
2025-07-13 01:00:00.000,01:00,0
2025-07-13 02:00:00.000,02:00,0
2025-07-13 03:00:00.000,03:00,0
2025-07-13 04:00:00.000,04:00,0
2025-07-13 05:00:00.000,05:00,0
2025-07-13 06:00:00.000,06:00,0
2025-07-13 07:00:00.000,07:00,0
2025-07-13 08:00:00.000,08:00,0
2025-07-13 09:00:00.000,09:00,0
2025-07-13 10:00:00.000,10:00,0
2025-07-13 11:00:00.000,11:00,0
2025-07-13 12:00:00.000,12:00,0
2025-07-13 13:00:00.000,13:00,0
2025-07-13 14:00:00.000,14:00,0
2025-07-13 15:00:00.000,15:00,0
2025-07-13 16:00:00.000,16:00,0
2025-07-13 17:00:00.000,17:00,0
2025-07-13 18:00:00.000,18:00,0
2025-07-13 19:00:00.000,19:00,0
2025-07-13 20:00:00.000,20:00,0
2025-07-13 21:00:00.000,21:00,0
2025-07-13 22:00:00.000,22:00,0
2025-07-13 23:00:00.000,23:00,0
2025-07-14 00:00:00.000,00:00,0
2025-07-14 01:00:00.000,01:00,0
2025-07-14 02:00:00.000,02:00,0
2025-07-14 03:00:00.000,03:00,0
2025-07-14 04:00:00.000,04:00,0
2025-07-14 05:00:00.000,05:00,0
2025-07-14 06:00:00.000,06:00,0
2025-07-14 07:00:00.000,07:00,0
2025-07-14 08:00:00.000,08:00,0
2025-07-14 09:00:00.000,09:00,0
2025-07-14 10:00:00.000,10:00,0
2025-07-14 11:00:00.000,11:00,0
2025-07-14 12:00:00.000,12:00,0
2025-07-14 13:00:00.000,13:00,0
2025-07-14 14:00:00.000,14:00,0
2025-07-14 15:00:00.000,15:00,0
2025-07-14 16:00:00.000,16:00,0
2025-07-14 17:00:00.000,17:00,0
2025-07-14 18:00:00.000,18:00,0
2025-07-14 19:00:00.000,19:00,0
2025-07-14 20:00:00.000,20:00,0
2025-07-14 21:00:00.000,21:00,0
2025-07-14 22:00:00.000,22:00,0
2025-07-14 23:00:00.000,23:00,0
2025-07-15 00:00:00.000,00:00,0
2025-07-15 01:00:00.000,01:00,0
2025-07-15 02:00:00.000,02:00,0
2025-07-15 03:00:00.000,03:00,0
2025-07-15 04:00:00.000,04:00,0
2025-07-15 05:00:00.000,05:00,0
2025-07-15 06:00:00.000,06:00,0
2025-07-15 07:00:00.000,07:00,0
2025-07-15 08:00:00.000,08:00,0
2025-07-15 09:00:00.000,09:00,0
2025-07-15 10:00:00.000,10:00,0
2025-07-15 11:00:00.000,11:00,0
2025-07-15 12:00:00.000,12:00,0
2025-07-15 13:00:00.000,13:00,0
2025-07-15 14:00:00.000,14:00,0
2025-07-15 15:00:00.000,15:00,0
2025-07-15 16:00:00.000,16:00,0
2025-07-15 17:00:00.000,17:00,0
2025-07-15 18:00:00.000,18:00,0
2025-07-15 19:00:00.000,19:00,0
2025-07-15 20:00:00.000,20:00,0
2025-07-15 21:00:00.000,21:00,0
2025-07-15 22:00:00.000,22:00,0
2025-07-15 23:00:00.000,23:00,0
2025-07-16 00:00:00.000,00:00,0
2025-07-16 01:00:00.000,01:00,0
2025-07-16 02:00:00.000,02:00,0
2025-07-16 03:00:00.000,03:00,0
2025-07-16 04:00:00.000,04:00,0
2025-07-16 05:00:00.000,05:00,0
2025-07-16 06:00:00.000,06:00,0
2025-07-16 07:00:00.000,07:00,0
2025-07-16 08:00:00.000,08:00,0
2025-07-16 09:00:00.000,09:00,0
2025-07-16 10:00:00.000,10:00,0
2025-07-16 11:00:00.000,11:00,0
2025-07-16 12:00:00.000,12:00,0
2025-07-16 13:00:00.000,13:00,0
2025-07-16 14:00:00.000,14:00,0
2025-07-16 15:00:00.000,15:00,0
2025-07-16 16:00:00.000,16:00,0
2025-07-16 17:00:00.000,17:00,0
2025-07-16 18:00:00.000,18:00,0
2025-07-16 19:00:00.000,19:00,0
2025-07-16 20:00:00.000,20:00,0
2025-07-16 21:00:00.000,21:00,0
2025-07-16 22:00:00.000,22:00,0
2025-07-16 23:00:00.000,23:00,0
2025-07-17 00:00:00.000,00:00,0
2025-07-17 01:00:00.000,01:00,0
2025-07-17 02:00:00.000,02:00,0
2025-07-17 03:00:00.000,03:00,0
2025-07-17 04:00:00.000,04:00,0
2025-07-17 05:00:00.000,05:00,0
2025-07-17 06:00:00.000,06:00,0
2025-07-17 07:00:00.000,07:00,0
2025-07-17 08:00:00.000,08:00,0
2025-07-17 09:00:00.000,09:00,0
2025-07-17 10:00:00.000,10:00,0
2025-07-17 11:00:00.000,11:00,0
2025-07-17 12:00:00.000,12:00,0
2025-07-17 13:00:00.000,13:00,0
2025-07-17 14:00:00.000,14:00,0
2025-07-17 15:00:00.000,15:00,0
2025-07-17 16:00:00.000,16:00,0
2025-07-17 17:00:00.000,17:00,0
2025-07-17 18:00:00.000,18:00,0
2025-07-17 19:00:00.000,19:00,0
2025-07-17 20:00:00.000,20:00,0
2025-07-17 21:00:00.000,21:00,0
2025-07-17 22:00:00.000,22:00,0
2025-07-17 23:00:00.000,23:00,0
2025-07-18 00:00:00.000,00:00,0
2025-07-18 01:00:00.000,01:00,0
2025-07-18 02:00:00.000,02:00,0
2025-07-18 03:00:00.000,03:00,0
2025-07-18 04:00:00.000,04:00,0
2025-07-18 05:00:00.000,05:00,0
2025-07-18 06:00:00.000,06:00,0
2025-07-18 07:00:00.000,07:00,0
2025-07-18 08:00:00.000,08:00,0
2025-07-18 09:00:00.000,09:00,0
2025-07-18 10:00:00.000,10:00,0
2025-07-18 11:00:00.000,11:00,0
2025-07-18 12:00:00.000,12:00,0
2025-07-18 13:00:00.000,13:00,0
2025-07-18 14:00:00.000,14:00,0
2025-07-18 15:00:00.000,15:00,0
2025-07-18 16:00:00.000,16:00,0
2025-07-18 17:00:00.000,17:00,0
2025-07-18 18:00:00.000,18:00,0
2025-07-18 19:00:00.000,19:00,0
2025-07-18 20:00:00.000,20:00,0
2025-07-18 21:00:00.000,21:00,0
2025-07-18 22:00:00.000,22:00,0
2025-07-18 23:00:00.000,23:00,0
2025-07-19 00:00:00.000,00:00,0
2025-07-19 01:00:00.000,01:00,0
2025-07-19 02:00:00.000,02:00,0
2025-07-19 03:00:00.000,03:00,0
2025-07-19 04:00:00.000,04:00,0
2025-07-19 05:00:00.000,05:00,0
2025-07-19 06:00:00.000,06:00,0
2025-07-19 07:00:00.000,07:00,0
2025-07-19 08:00:00.000,08:00,0
2025-07-19 09:00:00.000,09:00,0
2025-07-19 10:00:00.000,10:00,0
2025-07-19 11:00:00.000,11:00,0
2025-07-19 12:00:00.000,12:00,0
2025-07-19 13:00:00.000,13:00,0
2025-07-19 14:00:00.000,14:00,0
2025-07-19 15:00:00.000,15:00,0
2025-07-19 16:00:00.000,16:00,0
2025-07-19 17:00:00.000,17:00,0
2025-07-19 18:00:00.000,18:00,0
2025-07-19 19:00:00.000,19:00,0
2025-07-19 20:00:00.000,20:00,0
2025-07-19 21:00:00.000,21:00,0
2025-07-19 22:00:00.000,22:00,0
2025-07-19 23:00:00.000,23:00,0
2025-07-20 00:00:00.000,00:00,0
2025-07-20 01:00:00.000,01:00,0
2025-07-20 02:00:00.000,02:00,0
2025-07-20 03:00:00.000,03:00,0
2025-07-20 04:00:00.000,04:00,0
2025-07-20 05:00:00.000,05:00,0
2025-07-20 06:00:00.000,06:00,0
2025-07-20 07:00:00.000,07:00,0
2025-07-20 08:00:00.000,08:00,0
2025-07-20 09:00:00.000,09:00,0
2025-07-20 10:00:00.000,10:00,0
2025-07-20 11:00:00.000,11:00,0
2025-07-20 12:00:00.000,12:00,0
2025-07-20 13:00:00.000,13:00,0
2025-07-20 14:00:00.000,14:00,0
2025-07-20 15:00:00.000,15:00,0
2025-07-20 16:00:00.000,16:00,0
2025-07-20 17:00:00.000,17:00,0
2025-07-20 18:00:00.000,18:00,0
2025-07-20 19:00:00.000,19:00,0
2025-07-20 20:00:00.000,20:00,0
2025-07-20 21:00:00.000,21:00,0
2025-07-20 22:00:00.000,22:00,0
2025-07-20 23:00:00.000,23:00,0
2025-07-21 00:00:00.000,00:00,0
2025-07-21 01:00:00.000,01:00,0
2025-07-21 02:00:00.000,02:00,0
2025-07-21 03:00:00.000,03:00,0
2025-07-21 04:00:00.000,04:00,0
2025-07-21 05:00:00.000,05:00,0
2025-07-21 06:00:00.000,06:00,0
2025-07-21 07:00:00.000,07:00,0
2025-07-21 08:00:00.000,08:00,0
2025-07-21 09:00:00.000,09:00,0
2025-07-21 10:00:00.000,10:00,0
2025-07-21 11:00:00.000,11:00,0
2025-07-21 12:00:00.000,12:00,0
2025-07-21 13:00:00.000,13:00,0
2025-07-21 14:00:00.000,14:00,0
2025-07-21 15:00:00.000,15:00,0
2025-07-21 16:00:00.000,16:00,0
2025-07-21 17:00:00.000,17:00,0
2025-07-21 18:00:00.000,18:00,0
2025-07-21 19:00:00.000,19:00,0
2025-07-21 20:00:00.000,20:00,0
2025-07-21 21:00:00.000,21:00,0
2025-07-21 22:00:00.000,22:00,0
2025-07-21 23:00:00.000,23:00,0
2025-07-22 00:00:00.000,00:00,0
2025-07-22 01:00:00.000,01:00,0
2025-07-22 02:00:00.000,02:00,0
2025-07-22 03:00:00.000,03:00,0
2025-07-22 04:00:00.000,04:00,0
2025-07-22 05:00:00.000,05:00,0
2025-07-22 06:00:00.000,06:00,0
2025-07-22 07:00:00.000,07:00,0
2025-07-22 08:00:00.000,08:00,0
2025-07-22 09:00:00.000,09:00,0
2025-07-22 10:00:00.000,10:00,0
2025-07-22 11:00:00.000,11:00,0
2025-07-22 12:00:00.000,12:00,0
2025-07-22 13:00:00.000,13:00,0
2025-07-22 14:00:00.000,14:00,0
2025-07-22 15:00:00.000,15:00,0
2025-07-22 16:00:00.000,16:00,0
2025-07-22 17:00:00.000,17:00,0
2025-07-22 18:00:00.000,18:00,0
2025-07-22 19:00:00.000,19:00,0
2025-07-22 20:00:00.000,20:00,0
2025-07-22 21:00:00.000,21:00,0
2025-07-22 22:00:00.000,22:00,0
2025-07-22 23:00:00.000,23:00,0
2025-07-23 00:00:00.000,00:00,0
2025-07-23 01:00:00.000,01:00,0
2025-07-23 02:00:00.000,02:00,0
2025-07-23 03:00:00.000,03:00,0
2025-07-23 04:00:00.000,04:00,0
2025-07-23 05:00:00.000,05:00,0
2025-07-23 06:00:00.000,06:00,0
2025-07-23 07:00:00.000,07:00,0
2025-07-23 08:00:00.000,08:00,0
2025-07-23 09:00:00.000,09:00,0
2025-07-23 10:00:00.000,10:00,0
2025-07-23 11:00:00.000,11:00,0
2025-07-23 12:00:00.000,12:00,0
2025-07-23 13:00:00.000,13:00,0
2025-07-23 14:00:00.000,14:00,0
2025-07-23 15:00:00.000,15:00,0
2025-07-23 16:00:00.000,16:00,0
2025-07-23 17:00:00.000,17:00,0
2025-07-23 18:00:00.000,18:00,0
2025-07-23 19:00:00.000,19:00,0
2025-07-23 20:00:00.000,20:00,0
2025-07-23 21:00:00.000,21:00,0
2025-07-23 22:00:00.000,22:00,0
2025-07-23 23:00:00.000,23:00,0
2025-07-24 00:00:00.000,00:00,0
2025-07-24 01:00:00.000,01:00,0
2025-07-24 02:00:00.000,02:00,0
2025-07-24 03:00:00.000,03:00,0
2025-07-24 04:00:00.000,04:00,0
2025-07-24 05:00:00.000,05:00,0
2025-07-24 06:00:00.000,06:00,0
2025-07-24 07:00:00.000,07:00,0
2025-07-24 08:00:00.000,08:00,0
2025-07-24 09:00:00.000,09:00,0
2025-07-24 10:00:00.000,10:00,0
2025-07-24 11:00:00.000,11:00,0
2025-07-24 12:00:00.000,12:00,0
2025-07-24 13:00:00.000,13:00,0
2025-07-24 14:00:00.000,14:00,0
2025-07-24 15:00:00.000,15:00,0
2025-07-24 16:00:00.000,16:00,0
2025-07-24 17:00:00.000,17:00,0
2025-07-24 18:00:00.000,18:00,0
2025-07-24 19:00:00.000,19:00,0
2025-07-24 20:00:00.000,20:00,0
2025-07-24 21:00:00.000,21:00,0
2025-07-24 22:00:00.000,22:00,0
2025-07-24 23:00:00.000,23:00,0
2025-07-25 00:00:00.000,00:00,0
2025-07-25 01:00:00.000,01:00,0
2025-07-25 02:00:00.000,02:00,0
2025-07-25 03:00:00.000,03:00,0
2025-07-25 04:00:00.000,04:00,0
2025-07-25 05:00:00.000,05:00,0
2025-07-25 06:00:00.000,06:00,0
2025-07-25 07:00:00.000,07:00,0
2025-07-25 08:00:00.000,08:00,0
2025-07-25 09:00:00.000,09:00,0
2025-07-25 10:00:00.000,10:00,0
2025-07-25 11:00:00.000,11:00,0
2025-07-25 12:00:00.000,12:00,0
2025-07-25 13:00:00.000,13:00,0
2025-07-25 14:00:00.000,14:00,0
2025-07-25 15:00:00.000,15:00,0
2025-07-25 16:00:00.000,16:00,0
2025-07-25 17:00:00.000,17:00,0
2025-07-25 18:00:00.000,18:00,0
2025-07-25 19:00:00.000,19:00,0
2025-07-25 20:00:00.000,20:00,0
2025-07-25 21:00:00.000,21:00,0
2025-07-25 22:00:00.000,22:00,0
2025-07-25 23:00:00.000,23:00,0
2025-07-26 00:00:00.000,00:00,0
2025-07-26 01:00:00.000,01:00,0
2025-07-26 02:00:00.000,02:00,0
2025-07-26 03:00:00.000,03:00,0
2025-07-26 04:00:00.000,04:00,0
2025-07-26 05:00:00.000,05:00,0
2025-07-26 06:00:00.000,06:00,0
2025-07-26 07:00:00.000,07:00,0
2025-07-26 08:00:00.000,08:00,0
2025-07-26 09:00:00.000,09:00,0
2025-07-26 10:00:00.000,10:00,0
2025-07-26 11:00:00.000,11:00,0
2025-07-26 12:00:00.000,12:00,0
2025-07-26 13:00:00.000,13:00,0
2025-07-26 14:00:00.000,14:00,0
2025-07-26 15:00:00.000,15:00,0
2025-07-26 16:00:00.000,16:00,0
2025-07-26 17:00:00.000,17:00,0
2025-07-26 18:00:00.000,18:00,0
2025-07-26 19:00:00.000,19:00,0
2025-07-26 20:00:00.000,20:00,0
2025-07-26 21:00:00.000,21:00,0
2025-07-26 22:00:00.000,22:00,0
2025-07-26 23:00:00.000,23:00,0
2025-07-27 00:00:00.000,00:00,0
2025-07-27 01:00:00.000,01:00,0
2025-07-27 02:00:00.000,02:00,0
2025-07-27 03:00:00.000,03:00,0
2025-07-27 04:00:00.000,04:00,0
2025-07-27 05:00:00.000,05:00,0
2025-07-27 06:00:00.000,06:00,0
2025-07-27 07:00:00.000,07:00,0
2025-07-27 08:00:00.000,08:00,0
2025-07-27 09:00:00.000,09:00,0
2025-07-27 10:00:00.000,10:00,0
2025-07-27 11:00:00.000,11:00,0
2025-07-27 12:00:00.000,12:00,0
2025-07-27 13:00:00.000,13:00,0
2025-07-27 14:00:00.000,14:00,0
2025-07-27 15:00:00.000,15:00,0
2025-07-27 16:00:00.000,16:00,0
2025-07-27 17:00:00.000,17:00,0
2025-07-27 18:00:00.000,18:00,0
2025-07-27 19:00:00.000,19:00,0
2025-07-27 20:00:00.000,20:00,0
2025-07-27 21:00:00.000,21:00,0
2025-07-27 22:00:00.000,22:00,0
2025-07-27 23:00:00.000,23:00,0
2025-07-28 00:00:00.000,00:00,0
2025-07-28 01:00:00.000,01:00,0
2025-07-28 02:00:00.000,02:00,0
2025-07-28 03:00:00.000,03:00,0
2025-07-28 04:00:00.000,04:00,0
2025-07-28 05:00:00.000,05:00,0
2025-07-28 06:00:00.000,06:00,0
2025-07-28 07:00:00.000,07:00,0
2025-07-28 08:00:00.000,08:00,0
2025-07-28 09:00:00.000,09:00,0
2025-07-28 10:00:00.000,10:00,0
2025-07-28 11:00:00.000,11:00,0
2025-07-28 12:00:00.000,12:00,0
2025-07-28 13:00:00.000,13:00,0
2025-07-28 14:00:00.000,14:00,0
2025-07-28 15:00:00.000,15:00,0
2025-07-28 16:00:00.000,16:00,0
2025-07-28 17:00:00.000,17:00,0
2025-07-28 18:00:00.000,18:00,0
2025-07-28 19:00:00.000,19:00,0
2025-07-28 20:00:00.000,20:00,0
2025-07-28 21:00:00.000,21:00,0
2025-07-28 22:00:00.000,22:00,0
2025-07-28 23:00:00.000,23:00,0
2025-07-29 00:00:00.000,00:00,0
2025-07-29 01:00:00.000,01:00,0
2025-07-29 02:00:00.000,02:00,0
2025-07-29 03:00:00.000,03:00,0
2025-07-29 04:00:00.000,04:00,0
2025-07-29 05:00:00.000,05:00,0
2025-07-29 06:00:00.000,06:00,0
2025-07-29 07:00:00.000,07:00,0
2025-07-29 08:00:00.000,08:00,0
2025-07-29 09:00:00.000,09:00,0
2025-07-29 10:00:00.000,10:00,0
2025-07-29 11:00:00.000,11:00,0
2025-07-29 12:00:00.000,12:00,0
2025-07-29 13:00:00.000,13:00,0
2025-07-29 14:00:00.000,14:00,0
2025-07-29 15:00:00.000,15:00,0
2025-07-29 16:00:00.000,16:00,0
2025-07-29 17:00:00.000,17:00,0
2025-07-29 18:00:00.000,18:00,0
2025-07-29 19:00:00.000,19:00,0
2025-07-29 20:00:00.000,20:00,0
2025-07-29 21:00:00.000,21:00,0
2025-07-29 22:00:00.000,22:00,0
2025-07-29 23:00:00.000,23:00,0
2025-07-30 00:00:00.000,00:00,0
2025-07-30 01:00:00.000,01:00,0
2025-07-30 02:00:00.000,02:00,0
2025-07-30 03:00:00.000,03:00,0
2025-07-30 04:00:00.000,04:00,0
2025-07-30 05:00:00.000,05:00,0
2025-07-30 06:00:00.000,06:00,0
2025-07-30 07:00:00.000,07:00,0
2025-07-30 08:00:00.000,08:00,0
2025-07-30 09:00:00.000,09:00,0
2025-07-30 10:00:00.000,10:00,0
2025-07-30 11:00:00.000,11:00,0
2025-07-30 12:00:00.000,12:00,0
2025-07-30 13:00:00.000,13:00,0
2025-07-30 14:00:00.000,14:00,0
2025-07-30 15:00:00.000,15:00,0
2025-07-30 16:00:00.000,16:00,0
2025-07-30 17:00:00.000,17:00,0
2025-07-30 18:00:00.000,18:00,0
2025-07-30 19:00:00.000,19:00,0
2025-07-30 20:00:00.000,20:00,0
2025-07-30 21:00:00.000,21:00,0
2025-07-30 22:00:00.000,22:00,0
2025-07-30 23:00:00.000,23:00,0
2025-07-31 00:00:00.000,00:00,0
2025-07-31 01:00:00.000,01:00,0
2025-07-31 02:00:00.000,02:00,0
2025-07-31 03:00:00.000,03:00,0
2025-07-31 04:00:00.000,04:00,0
2025-07-31 05:00:00.000,05:00,0
2025-07-31 06:00:00.000,06:00,0
2025-07-31 07:00:00.000,07:00,0
2025-07-31 08:00:00.000,08:00,0
2025-07-31 09:00:00.000,09:00,0
2025-07-31 10:00:00.000,10:00,0
2025-07-31 11:00:00.000,11:00,0
2025-07-31 12:00:00.000,12:00,0
2025-07-31 13:00:00.000,13:00,0
2025-07-31 14:00:00.000,14:00,0
2025-07-31 15:00:00.000,15:00,0
2025-07-31 16:00:00.000,16:00,0
2025-07-31 17:00:00.000,17:00,0
2025-07-31 18:00:00.000,18:00,0
2025-07-31 19:00:00.000,19:00,0
2025-07-31 20:00:00.000,20:00,0
2025-07-31 21:00:00.000,21:00,0
2025-07-31 22:00:00.000,22:00,0
2025-07-31 23:00:00.000,23:00,0
2025-08-01 00:00:00.000,00:00,0
2025-08-01 01:00:00.000,01:00,0
2025-08-01 02:00:00.000,02:00,0
2025-08-01 03:00:00.000,03:00,0
2025-08-01 04:00:00.000,04:00,0
2025-08-01 05:00:00.000,05:00,0
2025-08-01 06:00:00.000,06:00,0
2025-08-01 07:00:00.000,07:00,0
2025-08-01 08:00:00.000,08:00,0
2025-08-01 09:00:00.000,09:00,0
2025-08-01 10:00:00.000,10:00,0
2025-08-01 11:00:00.000,11:00,0
2025-08-01 12:00:00.000,12:00,0
2025-08-01 13:00:00.000,13:00,0
2025-08-01 14:00:00.000,14:00,0
2025-08-01 15:00:00.000,15:00,0
2025-08-01 16:00:00.000,16:00,0
2025-08-01 17:00:00.000,17:00,0
2025-08-01 18:00:00.000,18:00,0
2025-08-01 19:00:00.000,19:00,0
2025-08-01 20:00:00.000,20:00,0
2025-08-01 21:00:00.000,21:00,0
2025-08-01 22:00:00.000,22:00,0
2025-08-01 23:00:00.000,23:00,0
2025-08-02 00:00:00.000,00:00,0
2025-08-02 01:00:00.000,01:00,0
2025-08-02 02:00:00.000,02:00,0
2025-08-02 03:00:00.000,03:00,0
2025-08-02 04:00:00.000,04:00,0
2025-08-02 05:00:00.000,05:00,0
2025-08-02 06:00:00.000,06:00,0
2025-08-02 07:00:00.000,07:00,0
2025-08-02 08:00:00.000,08:00,0
2025-08-02 09:00:00.000,09:00,0
2025-08-02 10:00:00.000,10:00,0
2025-08-02 11:00:00.000,11:00,0
2025-08-02 12:00:00.000,12:00,0
2025-08-02 13:00:00.000,13:00,0
2025-08-02 14:00:00.000,14:00,0
2025-08-02 15:00:00.000,15:00,0
2025-08-02 16:00:00.000,16:00,0
2025-08-02 17:00:00.000,17:00,0
2025-08-02 18:00:00.000,18:00,0
2025-08-02 19:00:00.000,19:00,0
2025-08-02 20:00:00.000,20:00,0
2025-08-02 21:00:00.000,21:00,0
2025-08-02 22:00:00.000,22:00,0
2025-08-02 23:00:00.000,23:00,0
2025-08-03 00:00:00.000,00:00,0
2025-08-03 01:00:00.000,01:00,0
2025-08-03 02:00:00.000,02:00,0
2025-08-03 03:00:00.000,03:00,0
2025-08-03 04:00:00.000,04:00,0
2025-08-03 05:00:00.000,05:00,0
2025-08-03 06:00:00.000,06:00,0
2025-08-03 07:00:00.000,07:00,0
2025-08-03 08:00:00.000,08:00,0
2025-08-03 09:00:00.000,09:00,0
2025-08-03 10:00:00.000,10:00,0
2025-08-03 11:00:00.000,11:00,0
2025-08-03 12:00:00.000,12:00,0
2025-08-03 13:00:00.000,13:00,0
2025-08-03 14:00:00.000,14:00,0
2025-08-03 15:00:00.000,15:00,0
2025-08-03 16:00:00.000,16:00,0
2025-08-03 17:00:00.000,17:00,0
2025-08-03 18:00:00.000,18:00,0
2025-08-03 19:00:00.000,19:00,0
2025-08-03 20:00:00.000,20:00,0
2025-08-03 21:00:00.000,21:00,0
2025-08-03 22:00:00.000,22:00,0
2025-08-03 23:00:00.000,23:00,0
2025-08-04 00:00:00.000,00:00,0
2025-08-04 01:00:00.000,01:00,0
2025-08-04 02:00:00.000,02:00,0
2025-08-04 03:00:00.000,03:00,0
2025-08-04 04:00:00.000,04:00,0
2025-08-04 05:00:00.000,05:00,0
2025-08-04 06:00:00.000,06:00,0
2025-08-04 07:00:00.000,07:00,0
2025-08-04 08:00:00.000,08:00,0
2025-08-04 09:00:00.000,09:00,0
2025-08-04 10:00:00.000,10:00,0
2025-08-04 11:00:00.000,11:00,0
2025-08-04 12:00:00.000,12:00,0
2025-08-04 13:00:00.000,13:00,0
2025-08-04 14:00:00.000,14:00,0
2025-08-04 15:00:00.000,15:00,0
2025-08-04 16:00:00.000,16:00,0
2025-08-04 17:00:00.000,17:00,0
2025-08-04 18:00:00.000,18:00,0
2025-08-04 19:00:00.000,19:00,0
2025-08-04 20:00:00.000,20:00,0
2025-08-04 21:00:00.000,21:00,0
2025-08-04 22:00:00.000,22:00,0
2025-08-04 23:00:00.000,23:00,0
2025-08-05 00:00:00.000,00:00,0
2025-08-05 01:00:00.000,01:00,0
2025-08-05 02:00:00.000,02:00,0
2025-08-05 03:00:00.000,03:00,0
2025-08-05 04:00:00.000,04:00,0
2025-08-05 05:00:00.000,05:00,0
2025-08-05 06:00:00.000,06:00,0
2025-08-05 07:00:00.000,07:00,0
2025-08-05 08:00:00.000,08:00,0
2025-08-05 09:00:00.000,09:00,0
2025-08-05 10:00:00.000,10:00,0
2025-08-05 11:00:00.000,11:00,0
2025-08-05 12:00:00.000,12:00,0
2025-08-05 13:00:00.000,13:00,0
2025-08-05 14:00:00.000,14:00,0
2025-08-05 15:00:00.000,15:00,0
2025-08-05 16:00:00.000,16:00,0
2025-08-05 17:00:00.000,17:00,0
2025-08-05 18:00:00.000,18:00,0
2025-08-05 19:00:00.000,19:00,0
2025-08-05 20:00:00.000,20:00,0
2025-08-05 21:00:00.000,21:00,0
2025-08-05 22:00:00.000,22:00,0
2025-08-05 23:00:00.000,23:00,0
2025-08-06 00:00:00.000,00:00,0
2025-08-06 01:00:00.000,01:00,0
2025-08-06 02:00:00.000,02:00,0
2025-08-06 03:00:00.000,03:00,0
2025-08-06 04:00:00.000,04:00,0
2025-08-06 05:00:00.000,05:00,0
2025-08-06 06:00:00.000,06:00,0
2025-08-06 07:00:00.000,07:00,0
2025-08-06 08:00:00.000,08:00,0
2025-08-06 09:00:00.000,09:00,0
2025-08-06 10:00:00.000,10:00,0
2025-08-06 11:00:00.000,11:00,0
2025-08-06 12:00:00.000,12:00,0
2025-08-06 13:00:00.000,13:00,0
2025-08-06 14:00:00.000,14:00,0
2025-08-06 15:00:00.000,15:00,0
2025-08-06 16:00:00.000,16:00,0
2025-08-06 17:00:00.000,17:00,0
2025-08-06 18:00:00.000,18:00,0
2025-08-06 19:00:00.000,19:00,0
2025-08-06 20:00:00.000,20:00,0
2025-08-06 21:00:00.000,21:00,0
2025-08-06 22:00:00.000,22:00,0
2025-08-06 23:00:00.000,23:00,0
2025-08-07 00:00:00.000,00:00,0
2025-08-07 01:00:00.000,01:00,0
2025-08-07 02:00:00.000,02:00,0
2025-08-07 03:00:00.000,03:00,0
2025-08-07 04:00:00.000,04:00,0
2025-08-07 05:00:00.000,05:00,0
2025-08-07 06:00:00.000,06:00,0
2025-08-07 07:00:00.000,07:00,0
2025-08-07 08:00:00.000,08:00,0
2025-08-07 09:00:00.000,09:00,0
2025-08-07 10:00:00.000,10:00,0
2025-08-07 11:00:00.000,11:00,0
2025-08-07 12:00:00.000,12:00,0
2025-08-07 13:00:00.000,13:00,0
2025-08-07 14:00:00.000,14:00,0
2025-08-07 15:00:00.000,15:00,0
2025-08-07 16:00:00.000,16:00,0
2025-08-07 17:00:00.000,17:00,0
2025-08-07 18:00:00.000,18:00,0
2025-08-07 19:00:00.000,19:00,0
2025-08-07 20:00:00.000,20:00,0
2025-08-07 21:00:00.000,21:00,0
2025-08-07 22:00:00.000,22:00,0
2025-08-07 23:00:00.000,23:00,0
2025-08-08 00:00:00.000,00:00,0
2025-08-08 01:00:00.000,01:00,0
2025-08-08 02:00:00.000,02:00,0
2025-08-08 03:00:00.000,03:00,0
2025-08-08 04:00:00.000,04:00,0
2025-08-08 05:00:00.000,05:00,0
2025-08-08 06:00:00.000,06:00,0
2025-08-08 07:00:00.000,07:00,0
2025-08-08 08:00:00.000,08:00,0
2025-08-08 09:00:00.000,09:00,0
2025-08-08 10:00:00.000,10:00,0
2025-08-08 11:00:00.000,11:00,0
2025-08-08 12:00:00.000,12:00,0
2025-08-08 13:00:00.000,13:00,0
2025-08-08 14:00:00.000,14:00,0
2025-08-08 15:00:00.000,15:00,0
2025-08-08 16:00:00.000,16:00,0
2025-08-08 17:00:00.000,17:00,0
2025-08-08 18:00:00.000,18:00,0
2025-08-08 19:00:00.000,19:00,0
2025-08-08 20:00:00.000,20:00,0
2025-08-08 21:00:00.000,21:00,0
2025-08-08 22:00:00.000,22:00,0
2025-08-08 23:00:00.000,23:00,0
2025-08-09 00:00:00.000,00:00,0
2025-08-09 01:00:00.000,01:00,0
2025-08-09 02:00:00.000,02:00,0
2025-08-09 03:00:00.000,03:00,0
2025-08-09 04:00:00.000,04:00,0
2025-08-09 05:00:00.000,05:00,0
2025-08-09 06:00:00.000,06:00,0
2025-08-09 07:00:00.000,07:00,0
2025-08-09 08:00:00.000,08:00,0
2025-08-09 09:00:00.000,09:00,0
2025-08-09 10:00:00.000,10:00,0
2025-08-09 11:00:00.000,11:00,0
2025-08-09 12:00:00.000,12:00,0
2025-08-09 13:00:00.000,13:00,0
2025-08-09 14:00:00.000,14:00,0
2025-08-09 15:00:00.000,15:00,0
2025-08-09 16:00:00.000,16:00,0
2025-08-09 17:00:00.000,17:00,0
2025-08-09 18:00:00.000,18:00,0
2025-08-09 19:00:00.000,19:00,0
2025-08-09 20:00:00.000,20:00,0
2025-08-09 21:00:00.000,21:00,0
2025-08-09 22:00:00.000,22:00,0
2025-08-09 23:00:00.000,23:00,0
2025-08-10 00:00:00.000,00:00,0
2025-08-10 01:00:00.000,01:00,0
2025-08-10 02:00:00.000,02:00,0
2025-08-10 03:00:00.000,03:00,0
2025-08-10 04:00:00.000,04:00,0
2025-08-10 05:00:00.000,05:00,0
2025-08-10 06:00:00.000,06:00,0
2025-08-10 07:00:00.000,07:00,0
2025-08-10 08:00:00.000,08:00,0
2025-08-10 09:00:00.000,09:00,0
2025-08-10 10:00:00.000,10:00,0
2025-08-10 11:00:00.000,11:00,0
2025-08-10 12:00:00.000,12:00,0
2025-08-10 13:00:00.000,13:00,0
2025-08-10 14:00:00.000,14:00,0
2025-08-10 15:00:00.000,15:00,0
2025-08-10 16:00:00.000,16:00,0
2025-08-10 17:00:00.000,17:00,0
2025-08-10 18:00:00.000,18:00,0
2025-08-10 19:00:00.000,19:00,0
2025-08-10 20:00:00.000,20:00,0
2025-08-10 21:00:00.000,21:00,0
2025-08-10 22:00:00.000,22:00,0
2025-08-10 23:00:00.000,23:00,0
2025-08-11 00:00:00.000,00:00,0
2025-08-11 01:00:00.000,01:00,0
2025-08-11 02:00:00.000,02:00,0
2025-08-11 03:00:00.000,03:00,0
2025-08-11 04:00:00.000,04:00,0
2025-08-11 05:00:00.000,05:00,0
2025-08-11 06:00:00.000,06:00,0
2025-08-11 07:00:00.000,07:00,0
2025-08-11 08:00:00.000,08:00,0
2025-08-11 09:00:00.000,09:00,0
2025-08-11 10:00:00.000,10:00,0
2025-08-11 11:00:00.000,11:00,0
2025-08-11 12:00:00.000,12:00,0
2025-08-11 13:00:00.000,13:00,0
2025-08-11 14:00:00.000,14:00,0
2025-08-11 15:00:00.000,15:00,0
2025-08-11 16:00:00.000,16:00,0
2025-08-11 17:00:00.000,17:00,0
2025-08-11 18:00:00.000,18:00,0
2025-08-11 19:00:00.000,19:00,0
2025-08-11 20:00:00.000,20:00,0
2025-08-11 21:00:00.000,21:00,0
2025-08-11 22:00:00.000,22:00,0
2025-08-11 23:00:00.000,23:00,0
2025-08-12 00:00:00.000,00:00,0
2025-08-12 01:00:00.000,01:00,0
2025-08-12 02:00:00.000,02:00,0
2025-08-12 03:00:00.000,03:00,0
2025-08-12 04:00:00.000,04:00,0
2025-08-12 05:00:00.000,05:00,0
2025-08-12 06:00:00.000,06:00,0
2025-08-12 07:00:00.000,07:00,0
2025-08-12 08:00:00.000,08:00,0
2025-08-12 09:00:00.000,09:00,0
2025-08-12 10:00:00.000,10:00,0
2025-08-12 11:00:00.000,11:00,0
2025-08-12 12:00:00.000,12:00,0
2025-08-12 13:00:00.000,13:00,0
2025-08-12 14:00:00.000,14:00,0
2025-08-12 15:00:00.000,15:00,0
2025-08-12 16:00:00.000,16:00,0
2025-08-12 17:00:00.000,17:00,0
2025-08-12 18:00:00.000,18:00,0
2025-08-12 19:00:00.000,19:00,0
2025-08-12 20:00:00.000,20:00,0
2025-08-12 21:00:00.000,21:00,0
2025-08-12 22:00:00.000,22:00,0
2025-08-12 23:00:00.000,23:00,0
2025-08-13 00:00:00.000,00:00,0
2025-08-13 01:00:00.000,01:00,0
2025-08-13 02:00:00.000,02:00,0
2025-08-13 03:00:00.000,03:00,0
2025-08-13 04:00:00.000,04:00,0
2025-08-13 05:00:00.000,05:00,0
2025-08-13 06:00:00.000,06:00,0
2025-08-13 07:00:00.000,07:00,0
2025-08-13 08:00:00.000,08:00,0
2025-08-13 09:00:00.000,09:00,0
2025-08-13 10:00:00.000,10:00,0
2025-08-13 11:00:00.000,11:00,0
2025-08-13 12:00:00.000,12:00,0
2025-08-13 13:00:00.000,13:00,0
2025-08-13 14:00:00.000,14:00,0
2025-08-13 15:00:00.000,15:00,0
2025-08-13 16:00:00.000,16:00,0
2025-08-13 17:00:00.000,17:00,0
2025-08-13 18:00:00.000,18:00,0
2025-08-13 19:00:00.000,19:00,0
2025-08-13 20:00:00.000,20:00,0
2025-08-13 21:00:00.000,21:00,0
2025-08-13 22:00:00.000,22:00,0
2025-08-13 23:00:00.000,23:00,0
2025-08-14 00:00:00.000,00:00,0
2025-08-14 01:00:00.000,01:00,0
2025-08-14 02:00:00.000,02:00,0
2025-08-14 03:00:00.000,03:00,0
2025-08-14 04:00:00.000,04:00,0
2025-08-14 05:00:00.000,05:00,0
2025-08-14 06:00:00.000,06:00,0
2025-08-14 07:00:00.000,07:00,0
2025-08-14 08:00:00.000,08:00,0
2025-08-14 09:00:00.000,09:00,0
2025-08-14 10:00:00.000,10:00,0
2025-08-14 11:00:00.000,11:00,0
2025-08-14 12:00:00.000,12:00,0
2025-08-14 13:00:00.000,13:00,0
2025-08-14 14:00:00.000,14:00,0
2025-08-14 15:00:00.000,15:00,0
2025-08-14 16:00:00.000,16:00,0
2025-08-14 17:00:00.000,17:00,0
2025-08-14 18:00:00.000,18:00,0
2025-08-14 19:00:00.000,19:00,0
2025-08-14 20:00:00.000,20:00,0
2025-08-14 21:00:00.000,21:00,0
2025-08-14 22:00:00.000,22:00,0
2025-08-14 23:00:00.000,23:00,0
2025-08-15 00:00:00.000,00:00,0
2025-08-15 01:00:00.000,01:00,0
2025-08-15 02:00:00.000,02:00,0
2025-08-15 03:00:00.000,03:00,0
2025-08-15 04:00:00.000,04:00,0
2025-08-15 05:00:00.000,05:00,0
2025-08-15 06:00:00.000,06:00,0
2025-08-15 07:00:00.000,07:00,0
2025-08-15 08:00:00.000,08:00,0
2025-08-15 09:00:00.000,09:00,0
2025-08-15 10:00:00.000,10:00,0
2025-08-15 11:00:00.000,11:00,0
2025-08-15 12:00:00.000,12:00,0
2025-08-15 13:00:00.000,13:00,0
2025-08-15 14:00:00.000,14:00,0
2025-08-15 15:00:00.000,15:00,0
2025-08-15 16:00:00.000,16:00,0
2025-08-15 17:00:00.000,17:00,0
2025-08-15 18:00:00.000,18:00,0
2025-08-15 19:00:00.000,19:00,0
2025-08-15 20:00:00.000,20:00,0
2025-08-15 21:00:00.000,21:00,0
2025-08-15 22:00:00.000,22:00,0
2025-08-15 23:00:00.000,23:00,0
2025-08-16 00:00:00.000,00:00,0
2025-08-16 01:00:00.000,01:00,0
2025-08-16 02:00:00.000,02:00,0
2025-08-16 03:00:00.000,03:00,0
2025-08-16 04:00:00.000,04:00,0
2025-08-16 05:00:00.000,05:00,0
2025-08-16 06:00:00.000,06:00,0
2025-08-16 07:00:00.000,07:00,0
2025-08-16 08:00:00.000,08:00,0
2025-08-16 09:00:00.000,09:00,0
2025-08-16 10:00:00.000,10:00,0
2025-08-16 11:00:00.000,11:00,0
2025-08-16 12:00:00.000,12:00,0
2025-08-16 13:00:00.000,13:00,0
2025-08-16 14:00:00.000,14:00,0
2025-08-16 15:00:00.000,15:00,0
2025-08-16 16:00:00.000,16:00,0
2025-08-16 17:00:00.000,17:00,0
2025-08-16 18:00:00.000,18:00,0
2025-08-16 19:00:00.000,19:00,0
2025-08-16 20:00:00.000,20:00,0
2025-08-16 21:00:00.000,21:00,0
2025-08-16 22:00:00.000,22:00,0
2025-08-16 23:00:00.000,23:00,0
2025-08-17 00:00:00.000,00:00,0
2025-08-17 01:00:00.000,01:00,0
2025-08-17 02:00:00.000,02:00,0
2025-08-17 03:00:00.000,03:00,0
2025-08-17 04:00:00.000,04:00,0
2025-08-17 05:00:00.000,05:00,0
2025-08-17 06:00:00.000,06:00,0
2025-08-17 07:00:00.000,07:00,0
2025-08-17 08:00:00.000,08:00,0
2025-08-17 09:00:00.000,09:00,0
2025-08-17 10:00:00.000,10:00,0
2025-08-17 11:00:00.000,11:00,0
2025-08-17 12:00:00.000,12:00,0
2025-08-17 13:00:00.000,13:00,0
2025-08-17 14:00:00.000,14:00,0
2025-08-17 15:00:00.000,15:00,0
2025-08-17 16:00:00.000,16:00,0
2025-08-17 17:00:00.000,17:00,0
2025-08-17 18:00:00.000,18:00,0
2025-08-17 19:00:00.000,19:00,0
2025-08-17 20:00:00.000,20:00,0
2025-08-17 21:00:00.000,21:00,0
2025-08-17 22:00:00.000,22:00,0
2025-08-17 23:00:00.000,23:00,0
2025-08-18 00:00:00.000,00:00,0
2025-08-18 01:00:00.000,01:00,0
2025-08-18 02:00:00.000,02:00,0
2025-08-18 03:00:00.000,03:00,0
2025-08-18 04:00:00.000,04:00,0
2025-08-18 05:00:00.000,05:00,0
2025-08-18 06:00:00.000,06:00,0
2025-08-18 07:00:00.000,07:00,0
2025-08-18 08:00:00.000,08:00,0
2025-08-18 09:00:00.000,09:00,0
2025-08-18 10:00:00.000,10:00,0
2025-08-18 11:00:00.000,11:00,0
2025-08-18 12:00:00.000,12:00,0
2025-08-18 13:00:00.000,13:00,0
2025-08-18 14:00:00.000,14:00,0
2025-08-18 15:00:00.000,15:00,0
2025-08-18 16:00:00.000,16:00,0
2025-08-18 17:00:00.000,17:00,0
2025-08-18 18:00:00.000,18:00,0
2025-08-18 19:00:00.000,19:00,0
2025-08-18 20:00:00.000,20:00,0
2025-08-18 21:00:00.000,21:00,0
2025-08-18 22:00:00.000,22:00,0
2025-08-18 23:00:00.000,23:00,0
2025-08-19 00:00:00.000,00:00,0
2025-08-19 01:00:00.000,01:00,0
2025-08-19 02:00:00.000,02:00,0
2025-08-19 03:00:00.000,03:00,0
2025-08-19 04:00:00.000,04:00,0
2025-08-19 05:00:00.000,05:00,0
2025-08-19 06:00:00.000,06:00,0
2025-08-19 07:00:00.000,07:00,0
2025-08-19 08:00:00.000,08:00,0
2025-08-19 09:00:00.000,09:00,0
2025-08-19 10:00:00.000,10:00,0
2025-08-19 11:00:00.000,11:00,0
2025-08-19 12:00:00.000,12:00,0
2025-08-19 13:00:00.000,13:00,0
2025-08-19 14:00:00.000,14:00,0
2025-08-19 15:00:00.000,15:00,0
2025-08-19 16:00:00.000,16:00,0
2025-08-19 17:00:00.000,17:00,0
2025-08-19 18:00:00.000,18:00,0
2025-08-19 19:00:00.000,19:00,0
2025-08-19 20:00:00.000,20:00,0
2025-08-19 21:00:00.000,21:00,0
2025-08-19 22:00:00.000,22:00,0
2025-08-19 23:00:00.000,23:00,0
2025-08-20 00:00:00.000,00:00,0
2025-08-20 01:00:00.000,01:00,0
2025-08-20 02:00:00.000,02:00,0
2025-08-20 03:00:00.000,03:00,0
2025-08-20 04:00:00.000,04:00,0
2025-08-20 05:00:00.000,05:00,0
2025-08-20 06:00:00.000,06:00,0
2025-08-20 07:00:00.000,07:00,0
2025-08-20 08:00:00.000,08:00,0
2025-08-20 09:00:00.000,09:00,0
2025-08-20 10:00:00.000,10:00,0
2025-08-20 11:00:00.000,11:00,0
2025-08-20 12:00:00.000,12:00,0
2025-08-20 13:00:00.000,13:00,0
2025-08-20 14:00:00.000,14:00,0
2025-08-20 15:00:00.000,15:00,0
2025-08-20 16:00:00.000,16:00,0
2025-08-20 17:00:00.000,17:00,0
2025-08-20 18:00:00.000,18:00,0
2025-08-20 19:00:00.000,19:00,0
2025-08-20 20:00:00.000,20:00,0
2025-08-20 21:00:00.000,21:00,0
2025-08-20 22:00:00.000,22:00,0
2025-08-20 23:00:00.000,23:00,0
2025-08-21 00:00:00.000,00:00,0
2025-08-21 01:00:00.000,01:00,0
2025-08-21 02:00:00.000,02:00,0
2025-08-21 03:00:00.000,03:00,0
2025-08-21 04:00:00.000,04:00,0
2025-08-21 05:00:00.000,05:00,0
2025-08-21 06:00:00.000,06:00,0
2025-08-21 07:00:00.000,07:00,0
2025-08-21 08:00:00.000,08:00,0
2025-08-21 09:00:00.000,09:00,0
2025-08-21 10:00:00.000,10:00,0
2025-08-21 11:00:00.000,11:00,0
2025-08-21 12:00:00.000,12:00,0
2025-08-21 13:00:00.000,13:00,0
2025-08-21 14:00:00.000,14:00,0
2025-08-21 15:00:00.000,15:00,0
2025-08-21 16:00:00.000,16:00,0
2025-08-21 17:00:00.000,17:00,0
2025-08-21 18:00:00.000,18:00,0
2025-08-21 19:00:00.000,19:00,0
2025-08-21 20:00:00.000,20:00,0
2025-08-21 21:00:00.000,21:00,0
2025-08-21 22:00:00.000,22:00,0
2025-08-21 23:00:00.000,23:00,0
2025-08-22 00:00:00.000,00:00,0
2025-08-22 01:00:00.000,01:00,0
2025-08-22 02:00:00.000,02:00,0
2025-08-22 03:00:00.000,03:00,0
2025-08-22 04:00:00.000,04:00,0
2025-08-22 05:00:00.000,05:00,0
2025-08-22 06:00:00.000,06:00,0
2025-08-22 07:00:00.000,07:00,0
2025-08-22 08:00:00.000,08:00,0
2025-08-22 09:00:00.000,09:00,0
2025-08-22 10:00:00.000,10:00,0
2025-08-22 11:00:00.000,11:00,0
2025-08-22 12:00:00.000,12:00,0
2025-08-22 13:00:00.000,13:00,0
2025-08-22 14:00:00.000,14:00,0
2025-08-22 15:00:00.000,15:00,0
2025-08-22 16:00:00.000,16:00,0
2025-08-22 17:00:00.000,17:00,0
2025-08-22 18:00:00.000,18:00,0
2025-08-22 19:00:00.000,19:00,0
2025-08-22 20:00:00.000,20:00,0
2025-08-22 21:00:00.000,21:00,0
2025-08-22 22:00:00.000,22:00,0
2025-08-22 23:00:00.000,23:00,0
2025-08-23 00:00:00.000,00:00,0
2025-08-23 01:00:00.000,01:00,0
2025-08-23 02:00:00.000,02:00,0
2025-08-23 03:00:00.000,03:00,0
2025-08-23 04:00:00.000,04:00,0
2025-08-23 05:00:00.000,05:00,0
2025-08-23 06:00:00.000,06:00,0
2025-08-23 07:00:00.000,07:00,0
2025-08-23 08:00:00.000,08:00,0
2025-08-23 09:00:00.000,09:00,0
2025-08-23 10:00:00.000,10:00,0
2025-08-23 11:00:00.000,11:00,0
2025-08-23 12:00:00.000,12:00,0
2025-08-23 13:00:00.000,13:00,0
2025-08-23 14:00:00.000,14:00,0
2025-08-23 15:00:00.000,15:00,0
2025-08-23 16:00:00.000,16:00,0
2025-08-23 17:00:00.000,17:00,0
2025-08-23 18:00:00.000,18:00,0
2025-08-23 19:00:00.000,19:00,0
2025-08-23 20:00:00.000,20:00,0
2025-08-23 21:00:00.000,21:00,0
2025-08-23 22:00:00.000,22:00,0
2025-08-23 23:00:00.000,23:00,0
2025-08-24 00:00:00.000,00:00,0
2025-08-24 01:00:00.000,01:00,0
2025-08-24 02:00:00.000,02:00,0
2025-08-24 03:00:00.000,03:00,0
2025-08-24 04:00:00.000,04:00,0
2025-08-24 05:00:00.000,05:00,0
2025-08-24 06:00:00.000,06:00,0
2025-08-24 07:00:00.000,07:00,0
2025-08-24 08:00:00.000,08:00,0
2025-08-24 09:00:00.000,09:00,0
2025-08-24 10:00:00.000,10:00,0
2025-08-24 11:00:00.000,11:00,0
2025-08-24 12:00:00.000,12:00,0
2025-08-24 13:00:00.000,13:00,0
2025-08-24 14:00:00.000,14:00,0
2025-08-24 15:00:00.000,15:00,0
2025-08-24 16:00:00.000,16:00,0
2025-08-24 17:00:00.000,17:00,0
2025-08-24 18:00:00.000,18:00,0
2025-08-24 19:00:00.000,19:00,0
2025-08-24 20:00:00.000,20:00,0
2025-08-24 21:00:00.000,21:00,0
2025-08-24 22:00:00.000,22:00,0
2025-08-24 23:00:00.000,23:00,0
2025-08-25 00:00:00.000,00:00,0
2025-08-25 01:00:00.000,01:00,0
2025-08-25 02:00:00.000,02:00,0
2025-08-25 03:00:00.000,03:00,0
2025-08-25 04:00:00.000,04:00,0
2025-08-25 05:00:00.000,05:00,0
2025-08-25 06:00:00.000,06:00,0
2025-08-25 07:00:00.000,07:00,0
2025-08-25 08:00:00.000,08:00,0
2025-08-25 09:00:00.000,09:00,0
2025-08-25 10:00:00.000,10:00,0
2025-08-25 11:00:00.000,11:00,0
2025-08-25 12:00:00.000,12:00,0
2025-08-25 13:00:00.000,13:00,0
2025-08-25 14:00:00.000,14:00,0
2025-08-25 15:00:00.000,15:00,0
2025-08-25 16:00:00.000,16:00,0
2025-08-25 17:00:00.000,17:00,0
2025-08-25 18:00:00.000,18:00,0
2025-08-25 19:00:00.000,19:00,0
2025-08-25 20:00:00.000,20:00,0
2025-08-25 21:00:00.000,21:00,0
2025-08-25 22:00:00.000,22:00,0
2025-08-25 23:00:00.000,23:00,0
2025-08-26 00:00:00.000,00:00,0
2025-08-26 01:00:00.000,01:00,0
2025-08-26 02:00:00.000,02:00,0
2025-08-26 03:00:00.000,03:00,0
2025-08-26 04:00:00.000,04:00,0
2025-08-26 05:00:00.000,05:00,0
2025-08-26 06:00:00.000,06:00,0
2025-08-26 07:00:00.000,07:00,0
2025-08-26 08:00:00.000,08:00,0
2025-08-26 09:00:00.000,09:00,0
2025-08-26 10:00:00.000,10:00,0
2025-08-26 11:00:00.000,11:00,0
2025-08-26 12:00:00.000,12:00,0
2025-08-26 13:00:00.000,13:00,0
2025-08-26 14:00:00.000,14:00,0
2025-08-26 15:00:00.000,15:00,0
2025-08-26 16:00:00.000,16:00,0
2025-08-26 17:00:00.000,17:00,0
2025-08-26 18:00:00.000,18:00,0
2025-08-26 19:00:00.000,19:00,0
2025-08-26 20:00:00.000,20:00,0
2025-08-26 21:00:00.000,21:00,0
2025-08-26 22:00:00.000,22:00,0
2025-08-26 23:00:00.000,23:00,0
2025-08-27 00:00:00.000,00:00,0
2025-08-27 01:00:00.000,01:00,0
2025-08-27 02:00:00.000,02:00,0
2025-08-27 03:00:00.000,03:00,0
2025-08-27 04:00:00.000,04:00,0
2025-08-27 05:00:00.000,05:00,0
2025-08-27 06:00:00.000,06:00,0
2025-08-27 07:00:00.000,07:00,0
2025-08-27 08:00:00.000,08:00,0
2025-08-27 09:00:00.000,09:00,0
2025-08-27 10:00:00.000,10:00,0
2025-08-27 11:00:00.000,11:00,0
2025-08-27 12:00:00.000,12:00,0
2025-08-27 13:00:00.000,13:00,0
2025-08-27 14:00:00.000,14:00,0
2025-08-27 15:00:00.000,15:00,0
2025-08-27 16:00:00.000,16:00,0
2025-08-27 17:00:00.000,17:00,0
2025-08-27 18:00:00.000,18:00,0
2025-08-27 19:00:00.000,19:00,0
2025-08-27 20:00:00.000,20:00,0
2025-08-27 21:00:00.000,21:00,0
2025-08-27 22:00:00.000,22:00,0
2025-08-27 23:00:00.000,23:00,0
2025-08-28 00:00:00.000,00:00,0
2025-08-28 01:00:00.000,01:00,0
2025-08-28 02:00:00.000,02:00,0
2025-08-28 03:00:00.000,03:00,0
2025-08-28 04:00:00.000,04:00,0
2025-08-28 05:00:00.000,05:00,0
2025-08-28 06:00:00.000,06:00,0
2025-08-28 07:00:00.000,07:00,0
2025-08-28 08:00:00.000,08:00,0
2025-08-28 09:00:00.000,09:00,0
2025-08-28 10:00:00.000,10:00,0
2025-08-28 11:00:00.000,11:00,0
2025-08-28 12:00:00.000,12:00,0
2025-08-28 13:00:00.000,13:00,0
2025-08-28 14:00:00.000,14:00,0
2025-08-28 15:00:00.000,15:00,0
2025-08-28 16:00:00.000,16:00,0
2025-08-28 17:00:00.000,17:00,0
2025-08-28 18:00:00.000,18:00,0
2025-08-28 19:00:00.000,19:00,0
2025-08-28 20:00:00.000,20:00,0
2025-08-28 21:00:00.000,21:00,0
2025-08-28 22:00:00.000,22:00,0
2025-08-28 23:00:00.000,23:00,0
2025-08-29 00:00:00.000,00:00,0
2025-08-29 01:00:00.000,01:00,0
2025-08-29 02:00:00.000,02:00,0
2025-08-29 03:00:00.000,03:00,0
2025-08-29 04:00:00.000,04:00,0
2025-08-29 05:00:00.000,05:00,0
2025-08-29 06:00:00.000,06:00,0
2025-08-29 07:00:00.000,07:00,0
2025-08-29 08:00:00.000,08:00,0
2025-08-29 09:00:00.000,09:00,0
2025-08-29 10:00:00.000,10:00,0
2025-08-29 11:00:00.000,11:00,0
2025-08-29 12:00:00.000,12:00,0
2025-08-29 13:00:00.000,13:00,0
2025-08-29 14:00:00.000,14:00,0
2025-08-29 15:00:00.000,15:00,0
2025-08-29 16:00:00.000,16:00,0
2025-08-29 17:00:00.000,17:00,0
2025-08-29 18:00:00.000,18:00,0
2025-08-29 19:00:00.000,19:00,0
2025-08-29 20:00:00.000,20:00,0
2025-08-29 21:00:00.000,21:00,0
2025-08-29 22:00:00.000,22:00,0
2025-08-29 23:00:00.000,23:00,0
2025-08-30 00:00:00.000,00:00,0
2025-08-30 01:00:00.000,01:00,0
2025-08-30 02:00:00.000,02:00,0
2025-08-30 03:00:00.000,03:00,0
2025-08-30 04:00:00.000,04:00,0
2025-08-30 05:00:00.000,05:00,0
2025-08-30 06:00:00.000,06:00,0
2025-08-30 07:00:00.000,07:00,0
2025-08-30 08:00:00.000,08:00,0
2025-08-30 09:00:00.000,09:00,0
2025-08-30 10:00:00.000,10:00,0
2025-08-30 11:00:00.000,11:00,0
2025-08-30 12:00:00.000,12:00,0
2025-08-30 13:00:00.000,13:00,0
2025-08-30 14:00:00.000,14:00,0
2025-08-30 15:00:00.000,15:00,0
2025-08-30 16:00:00.000,16:00,0
2025-08-30 17:00:00.000,17:00,0
2025-08-30 18:00:00.000,18:00,0
2025-08-30 19:00:00.000,19:00,0
2025-08-30 20:00:00.000,20:00,0
2025-08-30 21:00:00.000,21:00,0
2025-08-30 22:00:00.000,22:00,0
2025-08-30 23:00:00.000,23:00,0
2025-08-31 00:00:00.000,00:00,0
2025-08-31 01:00:00.000,01:00,0
2025-08-31 02:00:00.000,02:00,0
2025-08-31 03:00:00.000,03:00,0
2025-08-31 04:00:00.000,04:00,0
2025-08-31 05:00:00.000,05:00,0
2025-08-31 06:00:00.000,06:00,0
2025-08-31 07:00:00.000,07:00,0
2025-08-31 08:00:00.000,08:00,0
2025-08-31 09:00:00.000,09:00,0
2025-08-31 10:00:00.000,10:00,0
2025-08-31 11:00:00.000,11:00,0
2025-08-31 12:00:00.000,12:00,0
2025-08-31 13:00:00.000,13:00,0
2025-08-31 14:00:00.000,14:00,0
2025-08-31 15:00:00.000,15:00,0
2025-08-31 16:00:00.000,16:00,0
2025-08-31 17:00:00.000,17:00,0
2025-08-31 18:00:00.000,18:00,0
2025-08-31 19:00:00.000,19:00,0
2025-08-31 20:00:00.000,20:00,0
2025-08-31 21:00:00.000,21:00,0
2025-08-31 22:00:00.000,22:00,0
2025-08-31 23:00:00.000,23:00,0
2025-09-01 00:00:00.000,00:00,0
2025-09-01 01:00:00.000,01:00,0
2025-09-01 02:00:00.000,02:00,0
2025-09-01 03:00:00.000,03:00,0
2025-09-01 04:00:00.000,04:00,0
2025-09-01 05:00:00.000,05:00,0
2025-09-01 06:00:00.000,06:00,0
2025-09-01 07:00:00.000,07:00,0
2025-09-01 08:00:00.000,08:00,0
2025-09-01 09:00:00.000,09:00,0
2025-09-01 10:00:00.000,10:00,0
2025-09-01 11:00:00.000,11:00,0
2025-09-01 12:00:00.000,12:00,0
2025-09-01 13:00:00.000,13:00,0
2025-09-01 14:00:00.000,14:00,0
2025-09-01 15:00:00.000,15:00,0
2025-09-01 16:00:00.000,16:00,0
2025-09-01 17:00:00.000,17:00,0
2025-09-01 18:00:00.000,18:00,0
2025-09-01 19:00:00.000,19:00,0
2025-09-01 20:00:00.000,20:00,0
2025-09-01 21:00:00.000,21:00,0
2025-09-01 22:00:00.000,22:00,0
2025-09-01 23:00:00.000,23:00,0
2025-09-02 00:00:00.000,00:00,0
2025-09-02 01:00:00.000,01:00,0
2025-09-02 02:00:00.000,02:00,0
2025-09-02 03:00:00.000,03:00,0
2025-09-02 04:00:00.000,04:00,0
2025-09-02 05:00:00.000,05:00,0
2025-09-02 06:00:00.000,06:00,0
2025-09-02 07:00:00.000,07:00,0
2025-09-02 08:00:00.000,08:00,0
2025-09-02 09:00:00.000,09:00,0
2025-09-02 10:00:00.000,10:00,0
2025-09-02 11:00:00.000,11:00,0
2025-09-02 12:00:00.000,12:00,0
2025-09-02 13:00:00.000,13:00,0
2025-09-02 14:00:00.000,14:00,0
2025-09-02 15:00:00.000,15:00,0
2025-09-02 16:00:00.000,16:00,0
2025-09-02 17:00:00.000,17:00,0
2025-09-02 18:00:00.000,18:00,0
2025-09-02 19:00:00.000,19:00,0
2025-09-02 20:00:00.000,20:00,0
2025-09-02 21:00:00.000,21:00,0
2025-09-02 22:00:00.000,22:00,0
2025-09-02 23:00:00.000,23:00,0
2025-09-03 00:00:00.000,00:00,0
2025-09-03 01:00:00.000,01:00,0
2025-09-03 02:00:00.000,02:00,0
2025-09-03 03:00:00.000,03:00,0
2025-09-03 04:00:00.000,04:00,0
2025-09-03 05:00:00.000,05:00,0
2025-09-03 06:00:00.000,06:00,0
2025-09-03 07:00:00.000,07:00,0
2025-09-03 08:00:00.000,08:00,0
2025-09-03 09:00:00.000,09:00,0
2025-09-03 10:00:00.000,10:00,0
2025-09-03 11:00:00.000,11:00,0
2025-09-03 12:00:00.000,12:00,0
2025-09-03 13:00:00.000,13:00,0
2025-09-03 14:00:00.000,14:00,0
2025-09-03 15:00:00.000,15:00,0
2025-09-03 16:00:00.000,16:00,0
2025-09-03 17:00:00.000,17:00,0
2025-09-03 18:00:00.000,18:00,0
2025-09-03 19:00:00.000,19:00,0
2025-09-03 20:00:00.000,20:00,0
2025-09-03 21:00:00.000,21:00,0
2025-09-03 22:00:00.000,22:00,0
2025-09-03 23:00:00.000,23:00,0
2025-09-04 00:00:00.000,00:00,0
2025-09-04 01:00:00.000,01:00,0
2025-09-04 02:00:00.000,02:00,0
2025-09-04 03:00:00.000,03:00,0
2025-09-04 04:00:00.000,04:00,0
2025-09-04 05:00:00.000,05:00,0
2025-09-04 06:00:00.000,06:00,0
2025-09-04 07:00:00.000,07:00,0
2025-09-04 08:00:00.000,08:00,0
2025-09-04 09:00:00.000,09:00,0
2025-09-04 10:00:00.000,10:00,0
2025-09-04 11:00:00.000,11:00,0
2025-09-04 12:00:00.000,12:00,0
2025-09-04 13:00:00.000,13:00,0
2025-09-04 14:00:00.000,14:00,0
2025-09-04 15:00:00.000,15:00,0
2025-09-04 16:00:00.000,16:00,0
2025-09-04 17:00:00.000,17:00,0
2025-09-04 18:00:00.000,18:00,0
2025-09-04 19:00:00.000,19:00,0
2025-09-04 20:00:00.000,20:00,0
2025-09-04 21:00:00.000,21:00,0
2025-09-04 22:00:00.000,22:00,0
2025-09-04 23:00:00.000,23:00,0
2025-09-05 00:00:00.000,00:00,0
2025-09-05 01:00:00.000,01:00,0
2025-09-05 02:00:00.000,02:00,0
2025-09-05 03:00:00.000,03:00,0
2025-09-05 04:00:00.000,04:00,0
2025-09-05 05:00:00.000,05:00,0
2025-09-05 06:00:00.000,06:00,0
2025-09-05 07:00:00.000,07:00,0
2025-09-05 08:00:00.000,08:00,0
2025-09-05 09:00:00.000,09:00,0
2025-09-05 10:00:00.000,10:00,0
2025-09-05 11:00:00.000,11:00,0
2025-09-05 12:00:00.000,12:00,0
2025-09-05 13:00:00.000,13:00,0
2025-09-05 14:00:00.000,14:00,0
2025-09-05 15:00:00.000,15:00,0
2025-09-05 16:00:00.000,16:00,0
2025-09-05 17:00:00.000,17:00,0
2025-09-05 18:00:00.000,18:00,0
2025-09-05 19:00:00.000,19:00,0
2025-09-05 20:00:00.000,20:00,0
2025-09-05 21:00:00.000,21:00,0
2025-09-05 22:00:00.000,22:00,0
2025-09-05 23:00:00.000,23:00,0
2025-09-06 00:00:00.000,00:00,0
2025-09-06 01:00:00.000,01:00,0
2025-09-06 02:00:00.000,02:00,0
2025-09-06 03:00:00.000,03:00,0
2025-09-06 04:00:00.000,04:00,0
2025-09-06 05:00:00.000,05:00,0
2025-09-06 06:00:00.000,06:00,0
2025-09-06 07:00:00.000,07:00,0
2025-09-06 08:00:00.000,08:00,0
2025-09-06 09:00:00.000,09:00,0
2025-09-06 10:00:00.000,10:00,0
2025-09-06 11:00:00.000,11:00,0
2025-09-06 12:00:00.000,12:00,0
2025-09-06 13:00:00.000,13:00,0
2025-09-06 14:00:00.000,14:00,0
2025-09-06 15:00:00.000,15:00,0
2025-09-06 16:00:00.000,16:00,0
2025-09-06 17:00:00.000,17:00,0
2025-09-06 18:00:00.000,18:00,0
2025-09-06 19:00:00.000,19:00,0
2025-09-06 20:00:00.000,20:00,0
2025-09-06 21:00:00.000,21:00,0
2025-09-06 22:00:00.000,22:00,0
2025-09-06 23:00:00.000,23:00,0
2025-09-07 00:00:00.000,00:00,0
2025-09-07 01:00:00.000,01:00,0
2025-09-07 02:00:00.000,02:00,0
2025-09-07 03:00:00.000,03:00,0
2025-09-07 04:00:00.000,04:00,0
2025-09-07 05:00:00.000,05:00,0
2025-09-07 06:00:00.000,06:00,0
2025-09-07 07:00:00.000,07:00,0
2025-09-07 08:00:00.000,08:00,0
2025-09-07 09:00:00.000,09:00,0
2025-09-07 10:00:00.000,10:00,0
2025-09-07 11:00:00.000,11:00,0
2025-09-07 12:00:00.000,12:00,0
2025-09-07 13:00:00.000,13:00,0
2025-09-07 14:00:00.000,14:00,0
2025-09-07 15:00:00.000,15:00,0
2025-09-07 16:00:00.000,16:00,0
2025-09-07 17:00:00.000,17:00,0
2025-09-07 18:00:00.000,18:00,0
2025-09-07 19:00:00.000,19:00,0
2025-09-07 20:00:00.000,20:00,0
2025-09-07 21:00:00.000,21:00,0
2025-09-07 22:00:00.000,22:00,0
2025-09-07 23:00:00.000,23:00,0
2025-09-08 00:00:00.000,00:00,0
2025-09-08 01:00:00.000,01:00,0
2025-09-08 02:00:00.000,02:00,0
2025-09-08 03:00:00.000,03:00,0
2025-09-08 04:00:00.000,04:00,0
2025-09-08 05:00:00.000,05:00,0
2025-09-08 06:00:00.000,06:00,0
2025-09-08 07:00:00.000,07:00,0
2025-09-08 08:00:00.000,08:00,0
2025-09-08 09:00:00.000,09:00,0
2025-09-08 10:00:00.000,10:00,0
2025-09-08 11:00:00.000,11:00,0
2025-09-08 12:00:00.000,12:00,0
2025-09-08 13:00:00.000,13:00,0
2025-09-08 14:00:00.000,14:00,0
2025-09-08 15:00:00.000,15:00,0
2025-09-08 16:00:00.000,16:00,0
2025-09-08 17:00:00.000,17:00,0
2025-09-08 18:00:00.000,18:00,0
2025-09-08 19:00:00.000,19:00,0
2025-09-08 20:00:00.000,20:00,0
2025-09-08 21:00:00.000,21:00,0
2025-09-08 22:00:00.000,22:00,0
2025-09-08 23:00:00.000,23:00,0
2025-09-09 00:00:00.000,00:00,0
2025-09-09 01:00:00.000,01:00,0
2025-09-09 02:00:00.000,02:00,0
2025-09-09 03:00:00.000,03:00,0
2025-09-09 04:00:00.000,04:00,0
2025-09-09 05:00:00.000,05:00,0
2025-09-09 06:00:00.000,06:00,0
2025-09-09 07:00:00.000,07:00,0
2025-09-09 08:00:00.000,08:00,0
2025-09-09 09:00:00.000,09:00,0
2025-09-09 10:00:00.000,10:00,0
2025-09-09 11:00:00.000,11:00,0
2025-09-09 12:00:00.000,12:00,0
2025-09-09 13:00:00.000,13:00,0
2025-09-09 14:00:00.000,14:00,0
2025-09-09 15:00:00.000,15:00,0
2025-09-09 16:00:00.000,16:00,0
2025-09-09 17:00:00.000,17:00,0
2025-09-09 18:00:00.000,18:00,0
2025-09-09 19:00:00.000,19:00,0
2025-09-09 20:00:00.000,20:00,0
2025-09-09 21:00:00.000,21:00,0
2025-09-09 22:00:00.000,22:00,0
2025-09-09 23:00:00.000,23:00,0
2025-09-10 00:00:00.000,00:00,0
2025-09-10 01:00:00.000,01:00,0
2025-09-10 02:00:00.000,02:00,0
2025-09-10 03:00:00.000,03:00,0
2025-09-10 04:00:00.000,04:00,0
2025-09-10 05:00:00.000,05:00,0
2025-09-10 06:00:00.000,06:00,0
2025-09-10 07:00:00.000,07:00,0
2025-09-10 08:00:00.000,08:00,0
2025-09-10 09:00:00.000,09:00,0
2025-09-10 10:00:00.000,10:00,0
2025-09-10 11:00:00.000,11:00,0
2025-09-10 12:00:00.000,12:00,0
2025-09-10 13:00:00.000,13:00,0
2025-09-10 14:00:00.000,14:00,0
2025-09-10 15:00:00.000,15:00,0
2025-09-10 16:00:00.000,16:00,0
2025-09-10 17:00:00.000,17:00,0
2025-09-10 18:00:00.000,18:00,0
2025-09-10 19:00:00.000,19:00,0
2025-09-10 20:00:00.000,20:00,0
2025-09-10 21:00:00.000,21:00,0
2025-09-10 22:00:00.000,22:00,0
2025-09-10 23:00:00.000,23:00,0
2025-09-11 00:00:00.000,00:00,0
2025-09-11 01:00:00.000,01:00,0
2025-09-11 02:00:00.000,02:00,0
2025-09-11 03:00:00.000,03:00,0
2025-09-11 04:00:00.000,04:00,0
2025-09-11 05:00:00.000,05:00,0
2025-09-11 06:00:00.000,06:00,0
2025-09-11 07:00:00.000,07:00,0
2025-09-11 08:00:00.000,08:00,0
2025-09-11 09:00:00.000,09:00,0
2025-09-11 10:00:00.000,10:00,0
2025-09-11 11:00:00.000,11:00,0
2025-09-11 12:00:00.000,12:00,0
2025-09-11 13:00:00.000,13:00,0
2025-09-11 14:00:00.000,14:00,0
2025-09-11 15:00:00.000,15:00,0
2025-09-11 16:00:00.000,16:00,0
2025-09-11 17:00:00.000,17:00,0
2025-09-11 18:00:00.000,18:00,0
2025-09-11 19:00:00.000,19:00,0
2025-09-11 20:00:00.000,20:00,0
2025-09-11 21:00:00.000,21:00,0
2025-09-11 22:00:00.000,22:00,0
2025-09-11 23:00:00.000,23:00,0
2025-09-12 00:00:00.000,00:00,0
2025-09-12 01:00:00.000,01:00,0
2025-09-12 02:00:00.000,02:00,0
2025-09-12 03:00:00.000,03:00,0
2025-09-12 04:00:00.000,04:00,0
2025-09-12 05:00:00.000,05:00,0
2025-09-12 06:00:00.000,06:00,0
2025-09-12 07:00:00.000,07:00,0
2025-09-12 08:00:00.000,08:00,0
2025-09-12 09:00:00.000,09:00,0
2025-09-12 10:00:00.000,10:00,0
2025-09-12 11:00:00.000,11:00,0
2025-09-12 12:00:00.000,12:00,0
2025-09-12 13:00:00.000,13:00,0
2025-09-12 14:00:00.000,14:00,0
2025-09-12 15:00:00.000,15:00,0
2025-09-12 16:00:00.000,16:00,0
2025-09-12 17:00:00.000,17:00,0
2025-09-12 18:00:00.000,18:00,0
2025-09-12 19:00:00.000,19:00,0
2025-09-12 20:00:00.000,20:00,0
2025-09-12 21:00:00.000,21:00,0
2025-09-12 22:00:00.000,22:00,0
2025-09-12 23:00:00.000,23:00,0
2025-09-13 00:00:00.000,00:00,0
2025-09-13 01:00:00.000,01:00,0
2025-09-13 02:00:00.000,02:00,0
2025-09-13 03:00:00.000,03:00,0
2025-09-13 04:00:00.000,04:00,0
2025-09-13 05:00:00.000,05:00,0
2025-09-13 06:00:00.000,06:00,0
2025-09-13 07:00:00.000,07:00,0
2025-09-13 08:00:00.000,08:00,0
2025-09-13 09:00:00.000,09:00,0
2025-09-13 10:00:00.000,10:00,0
2025-09-13 11:00:00.000,11:00,0
2025-09-13 12:00:00.000,12:00,0
2025-09-13 13:00:00.000,13:00,0
2025-09-13 14:00:00.000,14:00,0
2025-09-13 15:00:00.000,15:00,0
2025-09-13 16:00:00.000,16:00,0
2025-09-13 17:00:00.000,17:00,0
2025-09-13 18:00:00.000,18:00,0
2025-09-13 19:00:00.000,19:00,0
2025-09-13 20:00:00.000,20:00,0
2025-09-13 21:00:00.000,21:00,0
2025-09-13 22:00:00.000,22:00,0
2025-09-13 23:00:00.000,23:00,0
2025-09-14 00:00:00.000,00:00,0
2025-09-14 01:00:00.000,01:00,0
2025-09-14 02:00:00.000,02:00,0
2025-09-14 03:00:00.000,03:00,0
2025-09-14 04:00:00.000,04:00,0
2025-09-14 05:00:00.000,05:00,0
2025-09-14 06:00:00.000,06:00,0
2025-09-14 07:00:00.000,07:00,0
2025-09-14 08:00:00.000,08:00,0
2025-09-14 09:00:00.000,09:00,0
2025-09-14 10:00:00.000,10:00,0
2025-09-14 11:00:00.000,11:00,0
2025-09-14 12:00:00.000,12:00,0
2025-09-14 13:00:00.000,13:00,0
2025-09-14 14:00:00.000,14:00,0
2025-09-14 15:00:00.000,15:00,0
2025-09-14 16:00:00.000,16:00,0
2025-09-14 17:00:00.000,17:00,0
2025-09-14 18:00:00.000,18:00,0
2025-09-14 19:00:00.000,19:00,0
2025-09-14 20:00:00.000,20:00,0
2025-09-14 21:00:00.000,21:00,0
2025-09-14 22:00:00.000,22:00,0
2025-09-14 23:00:00.000,23:00,0
2025-09-15 00:00:00.000,00:00,0
2025-09-15 01:00:00.000,01:00,0
2025-09-15 02:00:00.000,02:00,0
2025-09-15 03:00:00.000,03:00,0
2025-09-15 04:00:00.000,04:00,0
2025-09-15 05:00:00.000,05:00,0
2025-09-15 06:00:00.000,06:00,0
2025-09-15 07:00:00.000,07:00,0
2025-09-15 08:00:00.000,08:00,0
2025-09-15 09:00:00.000,09:00,0
2025-09-15 10:00:00.000,10:00,0
2025-09-15 11:00:00.000,11:00,0
2025-09-15 12:00:00.000,12:00,0
2025-09-15 13:00:00.000,13:00,0
2025-09-15 14:00:00.000,14:00,0
2025-09-15 15:00:00.000,15:00,0
2025-09-15 16:00:00.000,16:00,0
2025-09-15 17:00:00.000,17:00,0
2025-09-15 18:00:00.000,18:00,0
2025-09-15 19:00:00.000,19:00,0
2025-09-15 20:00:00.000,20:00,0
2025-09-15 21:00:00.000,21:00,0
2025-09-15 22:00:00.000,22:00,0
2025-09-15 23:00:00.000,23:00,0
2025-09-16 00:00:00.000,00:00,0
2025-09-16 01:00:00.000,01:00,0
2025-09-16 02:00:00.000,02:00,0
2025-09-16 03:00:00.000,03:00,0
2025-09-16 04:00:00.000,04:00,0
2025-09-16 05:00:00.000,05:00,0
2025-09-16 06:00:00.000,06:00,0
2025-09-16 07:00:00.000,07:00,0
2025-09-16 08:00:00.000,08:00,0
2025-09-16 09:00:00.000,09:00,0
2025-09-16 10:00:00.000,10:00,0
2025-09-16 11:00:00.000,11:00,0
2025-09-16 12:00:00.000,12:00,0
2025-09-16 13:00:00.000,13:00,0
2025-09-16 14:00:00.000,14:00,0
2025-09-16 15:00:00.000,15:00,0
2025-09-16 16:00:00.000,16:00,0
2025-09-16 17:00:00.000,17:00,0
2025-09-16 18:00:00.000,18:00,0
2025-09-16 19:00:00.000,19:00,0
2025-09-16 20:00:00.000,20:00,0
2025-09-16 21:00:00.000,21:00,0
2025-09-16 22:00:00.000,22:00,0
2025-09-16 23:00:00.000,23:00,0
2025-09-17 00:00:00.000,00:00,0
2025-09-17 01:00:00.000,01:00,0
2025-09-17 02:00:00.000,02:00,0
2025-09-17 03:00:00.000,03:00,0
2025-09-17 04:00:00.000,04:00,0
2025-09-17 05:00:00.000,05:00,0
2025-09-17 06:00:00.000,06:00,0
2025-09-17 07:00:00.000,07:00,0
2025-09-17 08:00:00.000,08:00,0
2025-09-17 09:00:00.000,09:00,0
2025-09-17 10:00:00.000,10:00,0
2025-09-17 11:00:00.000,11:00,0
2025-09-17 12:00:00.000,12:00,0
2025-09-17 13:00:00.000,13:00,0
2025-09-17 14:00:00.000,14:00,0
2025-09-17 15:00:00.000,15:00,0
2025-09-17 16:00:00.000,16:00,0
2025-09-17 17:00:00.000,17:00,0
2025-09-17 18:00:00.000,18:00,0
2025-09-17 19:00:00.000,19:00,0
2025-09-17 20:00:00.000,20:00,0
2025-09-17 21:00:00.000,21:00,0
2025-09-17 22:00:00.000,22:00,0
2025-09-17 23:00:00.000,23:00,0
2025-09-18 00:00:00.000,00:00,0
2025-09-18 01:00:00.000,01:00,0
2025-09-18 02:00:00.000,02:00,0
2025-09-18 03:00:00.000,03:00,0
2025-09-18 04:00:00.000,04:00,0
2025-09-18 05:00:00.000,05:00,0
2025-09-18 06:00:00.000,06:00,0
2025-09-18 07:00:00.000,07:00,0
2025-09-18 08:00:00.000,08:00,0
2025-09-18 09:00:00.000,09:00,0
2025-09-18 10:00:00.000,10:00,0
2025-09-18 11:00:00.000,11:00,0
2025-09-18 12:00:00.000,12:00,0
2025-09-18 13:00:00.000,13:00,0
2025-09-18 14:00:00.000,14:00,0
2025-09-18 15:00:00.000,15:00,0
2025-09-18 16:00:00.000,16:00,0
2025-09-18 17:00:00.000,17:00,0
2025-09-18 18:00:00.000,18:00,0
2025-09-18 19:00:00.000,19:00,0
2025-09-18 20:00:00.000,20:00,0
2025-09-18 21:00:00.000,21:00,0
2025-09-18 22:00:00.000,22:00,0
2025-09-18 23:00:00.000,23:00,0
2025-09-19 00:00:00.000,00:00,0
2025-09-19 01:00:00.000,01:00,0
2025-09-19 02:00:00.000,02:00,0
2025-09-19 03:00:00.000,03:00,0
2025-09-19 04:00:00.000,04:00,0
2025-09-19 05:00:00.000,05:00,0
2025-09-19 06:00:00.000,06:00,0
2025-09-19 07:00:00.000,07:00,0
2025-09-19 08:00:00.000,08:00,0
2025-09-19 09:00:00.000,09:00,0
2025-09-19 10:00:00.000,10:00,0
2025-09-19 11:00:00.000,11:00,0
2025-09-19 12:00:00.000,12:00,0
2025-09-19 13:00:00.000,13:00,0
2025-09-19 14:00:00.000,14:00,0
2025-09-19 15:00:00.000,15:00,0
2025-09-19 16:00:00.000,16:00,0
2025-09-19 17:00:00.000,17:00,0
2025-09-19 18:00:00.000,18:00,0
2025-09-19 19:00:00.000,19:00,0
2025-09-19 20:00:00.000,20:00,0
2025-09-19 21:00:00.000,21:00,0
2025-09-19 22:00:00.000,22:00,0
2025-09-19 23:00:00.000,23:00,0
2025-09-20 00:00:00.000,00:00,0
2025-09-20 01:00:00.000,01:00,0
2025-09-20 02:00:00.000,02:00,0
2025-09-20 03:00:00.000,03:00,0
2025-09-20 04:00:00.000,04:00,0
2025-09-20 05:00:00.000,05:00,0
2025-09-20 06:00:00.000,06:00,0
2025-09-20 07:00:00.000,07:00,0
2025-09-20 08:00:00.000,08:00,0
2025-09-20 09:00:00.000,09:00,0
2025-09-20 10:00:00.000,10:00,0
2025-09-20 11:00:00.000,11:00,0
2025-09-20 12:00:00.000,12:00,0
2025-09-20 13:00:00.000,13:00,0
2025-09-20 14:00:00.000,14:00,0
2025-09-20 15:00:00.000,15:00,0
2025-09-20 16:00:00.000,16:00,0
2025-09-20 17:00:00.000,17:00,0
2025-09-20 18:00:00.000,18:00,0
2025-09-20 19:00:00.000,19:00,0
2025-09-20 20:00:00.000,20:00,0
2025-09-20 21:00:00.000,21:00,0
2025-09-20 22:00:00.000,22:00,0
2025-09-20 23:00:00.000,23:00,0
2025-09-21 00:00:00.000,00:00,0
2025-09-21 01:00:00.000,01:00,0
2025-09-21 02:00:00.000,02:00,0
2025-09-21 03:00:00.000,03:00,0
2025-09-21 04:00:00.000,04:00,0
2025-09-21 05:00:00.000,05:00,0
2025-09-21 06:00:00.000,06:00,0
2025-09-21 07:00:00.000,07:00,0
2025-09-21 08:00:00.000,08:00,0
2025-09-21 09:00:00.000,09:00,0
2025-09-21 10:00:00.000,10:00,0
2025-09-21 11:00:00.000,11:00,0
2025-09-21 12:00:00.000,12:00,0
2025-09-21 13:00:00.000,13:00,0
2025-09-21 14:00:00.000,14:00,0
2025-09-21 15:00:00.000,15:00,0
2025-09-21 16:00:00.000,16:00,0
2025-09-21 17:00:00.000,17:00,0
2025-09-21 18:00:00.000,18:00,0
2025-09-21 19:00:00.000,19:00,0
2025-09-21 20:00:00.000,20:00,0
2025-09-21 21:00:00.000,21:00,0
2025-09-21 22:00:00.000,22:00,0
2025-09-21 23:00:00.000,23:00,0
2025-09-22 00:00:00.000,00:00,0
2025-09-22 01:00:00.000,01:00,0
2025-09-22 02:00:00.000,02:00,0
2025-09-22 03:00:00.000,03:00,0
2025-09-22 04:00:00.000,04:00,0
2025-09-22 05:00:00.000,05:00,0
2025-09-22 06:00:00.000,06:00,0
2025-09-22 07:00:00.000,07:00,0
2025-09-22 08:00:00.000,08:00,0
2025-09-22 09:00:00.000,09:00,0
2025-09-22 10:00:00.000,10:00,0
2025-09-22 11:00:00.000,11:00,0
2025-09-22 12:00:00.000,12:00,0
2025-09-22 13:00:00.000,13:00,0
2025-09-22 14:00:00.000,14:00,0
2025-09-22 15:00:00.000,15:00,0
2025-09-22 16:00:00.000,16:00,0
2025-09-22 17:00:00.000,17:00,0
2025-09-22 18:00:00.000,18:00,0
2025-09-22 19:00:00.000,19:00,0
2025-09-22 20:00:00.000,20:00,0
2025-09-22 21:00:00.000,21:00,0
2025-09-22 22:00:00.000,22:00,0
2025-09-22 23:00:00.000,23:00,0
2025-09-23 00:00:00.000,00:00,0
2025-09-23 01:00:00.000,01:00,0
2025-09-23 02:00:00.000,02:00,0
2025-09-23 03:00:00.000,03:00,0
2025-09-23 04:00:00.000,04:00,0
2025-09-23 05:00:00.000,05:00,0
2025-09-23 06:00:00.000,06:00,0
2025-09-23 07:00:00.000,07:00,0
2025-09-23 08:00:00.000,08:00,0
2025-09-23 09:00:00.000,09:00,0
2025-09-23 10:00:00.000,10:00,0
2025-09-23 11:00:00.000,11:00,0
2025-09-23 12:00:00.000,12:00,0
2025-09-23 13:00:00.000,13:00,0
2025-09-23 14:00:00.000,14:00,0
2025-09-23 15:00:00.000,15:00,0
2025-09-23 16:00:00.000,16:00,0
2025-09-23 17:00:00.000,17:00,0
2025-09-23 18:00:00.000,18:00,0
2025-09-23 19:00:00.000,19:00,0
2025-09-23 20:00:00.000,20:00,0
2025-09-23 21:00:00.000,21:00,0
2025-09-23 22:00:00.000,22:00,0
2025-09-23 23:00:00.000,23:00,0
2025-09-24 00:00:00.000,00:00,0
2025-09-24 01:00:00.000,01:00,0
2025-09-24 02:00:00.000,02:00,0
2025-09-24 03:00:00.000,03:00,0
2025-09-24 04:00:00.000,04:00,0
2025-09-24 05:00:00.000,05:00,0
2025-09-24 06:00:00.000,06:00,0
2025-09-24 07:00:00.000,07:00,0
2025-09-24 08:00:00.000,08:00,0
2025-09-24 09:00:00.000,09:00,0
2025-09-24 10:00:00.000,10:00,0
2025-09-24 11:00:00.000,11:00,0
2025-09-24 12:00:00.000,12:00,0
2025-09-24 13:00:00.000,13:00,0
2025-09-24 14:00:00.000,14:00,0
2025-09-24 15:00:00.000,15:00,0
2025-09-24 16:00:00.000,16:00,0
2025-09-24 17:00:00.000,17:00,0
2025-09-24 18:00:00.000,18:00,0
2025-09-24 19:00:00.000,19:00,0
2025-09-24 20:00:00.000,20:00,0
2025-09-24 21:00:00.000,21:00,0
2025-09-24 22:00:00.000,22:00,0
2025-09-24 23:00:00.000,23:00,0
2025-09-25 00:00:00.000,00:00,0
2025-09-25 01:00:00.000,01:00,0
2025-09-25 02:00:00.000,02:00,0
2025-09-25 03:00:00.000,03:00,0
2025-09-25 04:00:00.000,04:00,0
2025-09-25 05:00:00.000,05:00,0
2025-09-25 06:00:00.000,06:00,0
2025-09-25 07:00:00.000,07:00,0
2025-09-25 08:00:00.000,08:00,0
2025-09-25 09:00:00.000,09:00,0
2025-09-25 10:00:00.000,10:00,0
2025-09-25 11:00:00.000,11:00,0
2025-09-25 12:00:00.000,12:00,0
2025-09-25 13:00:00.000,13:00,0
2025-09-25 14:00:00.000,14:00,0
2025-09-25 15:00:00.000,15:00,0
2025-09-25 16:00:00.000,16:00,0
2025-09-25 17:00:00.000,17:00,0
2025-09-25 18:00:00.000,18:00,0
2025-09-25 19:00:00.000,19:00,0
2025-09-25 20:00:00.000,20:00,0
2025-09-25 21:00:00.000,21:00,0
2025-09-25 22:00:00.000,22:00,0
2025-09-25 23:00:00.000,23:00,0
2025-09-26 00:00:00.000,00:00,0
2025-09-26 01:00:00.000,01:00,0
2025-09-26 02:00:00.000,02:00,0
2025-09-26 03:00:00.000,03:00,0
2025-09-26 04:00:00.000,04:00,0
2025-09-26 05:00:00.000,05:00,0
2025-09-26 06:00:00.000,06:00,0
2025-09-26 07:00:00.000,07:00,0
2025-09-26 08:00:00.000,08:00,0
2025-09-26 09:00:00.000,09:00,0
2025-09-26 10:00:00.000,10:00,0
2025-09-26 11:00:00.000,11:00,0
2025-09-26 12:00:00.000,12:00,0
2025-09-26 13:00:00.000,13:00,0
2025-09-26 14:00:00.000,14:00,0
2025-09-26 15:00:00.000,15:00,0
2025-09-26 16:00:00.000,16:00,0
2025-09-26 17:00:00.000,17:00,0
2025-09-26 18:00:00.000,18:00,0
2025-09-26 19:00:00.000,19:00,0
2025-09-26 20:00:00.000,20:00,0
2025-09-26 21:00:00.000,21:00,0
2025-09-26 22:00:00.000,22:00,0
2025-09-26 23:00:00.000,23:00,0
2025-09-27 00:00:00.000,00:00,0
2025-09-27 01:00:00.000,01:00,0
2025-09-27 02:00:00.000,02:00,0
2025-09-27 03:00:00.000,03:00,0
2025-09-27 04:00:00.000,04:00,0
2025-09-27 05:00:00.000,05:00,0
2025-09-27 06:00:00.000,06:00,0
2025-09-27 07:00:00.000,07:00,0
2025-09-27 08:00:00.000,08:00,0
2025-09-27 09:00:00.000,09:00,0
2025-09-27 10:00:00.000,10:00,0
2025-09-27 11:00:00.000,11:00,0
2025-09-27 12:00:00.000,12:00,0
2025-09-27 13:00:00.000,13:00,0
2025-09-27 14:00:00.000,14:00,0
2025-09-27 15:00:00.000,15:00,0
2025-09-27 16:00:00.000,16:00,0
2025-09-27 17:00:00.000,17:00,0
2025-09-27 18:00:00.000,18:00,0
2025-09-27 19:00:00.000,19:00,0
2025-09-27 20:00:00.000,20:00,0
2025-09-27 21:00:00.000,21:00,0
2025-09-27 22:00:00.000,22:00,0
2025-09-27 23:00:00.000,23:00,0
2025-09-28 00:00:00.000,00:00,0
2025-09-28 01:00:00.000,01:00,0
2025-09-28 02:00:00.000,02:00,0
2025-09-28 03:00:00.000,03:00,0
2025-09-28 04:00:00.000,04:00,0
2025-09-28 05:00:00.000,05:00,0
2025-09-28 06:00:00.000,06:00,0
2025-09-28 07:00:00.000,07:00,0
2025-09-28 08:00:00.000,08:00,0
2025-09-28 09:00:00.000,09:00,0
2025-09-28 10:00:00.000,10:00,0
2025-09-28 11:00:00.000,11:00,0
2025-09-28 12:00:00.000,12:00,0
2025-09-28 13:00:00.000,13:00,0
2025-09-28 14:00:00.000,14:00,0
2025-09-28 15:00:00.000,15:00,0
2025-09-28 16:00:00.000,16:00,0
2025-09-28 17:00:00.000,17:00,0
2025-09-28 18:00:00.000,18:00,0
2025-09-28 19:00:00.000,19:00,0
2025-09-28 20:00:00.000,20:00,0
2025-09-28 21:00:00.000,21:00,0
2025-09-28 22:00:00.000,22:00,0
2025-09-28 23:00:00.000,23:00,0
2025-09-29 00:00:00.000,00:00,0
2025-09-29 01:00:00.000,01:00,0
2025-09-29 02:00:00.000,02:00,0
2025-09-29 03:00:00.000,03:00,0
2025-09-29 04:00:00.000,04:00,0
2025-09-29 05:00:00.000,05:00,0
2025-09-29 06:00:00.000,06:00,0
2025-09-29 07:00:00.000,07:00,0
2025-09-29 08:00:00.000,08:00,0
2025-09-29 09:00:00.000,09:00,0
2025-09-29 10:00:00.000,10:00,0
2025-09-29 11:00:00.000,11:00,0
2025-09-29 12:00:00.000,12:00,0
2025-09-29 13:00:00.000,13:00,0
2025-09-29 14:00:00.000,14:00,0
2025-09-29 15:00:00.000,15:00,0
2025-09-29 16:00:00.000,16:00,0
2025-09-29 17:00:00.000,17:00,0
2025-09-29 18:00:00.000,18:00,0
2025-09-29 19:00:00.000,19:00,0
2025-09-29 20:00:00.000,20:00,0
2025-09-29 21:00:00.000,21:00,0
2025-09-29 22:00:00.000,22:00,0
2025-09-29 23:00:00.000,23:00,0
2025-09-30 00:00:00.000,00:00,0
2025-09-30 01:00:00.000,01:00,0
2025-09-30 02:00:00.000,02:00,0
2025-09-30 03:00:00.000,03:00,0
2025-09-30 04:00:00.000,04:00,0
2025-09-30 05:00:00.000,05:00,0
2025-09-30 06:00:00.000,06:00,0
2025-09-30 07:00:00.000,07:00,0
2025-09-30 08:00:00.000,08:00,0
2025-09-30 09:00:00.000,09:00,0
2025-09-30 10:00:00.000,10:00,0
2025-09-30 11:00:00.000,11:00,0
2025-09-30 12:00:00.000,12:00,0
2025-09-30 13:00:00.000,13:00,0
2025-09-30 14:00:00.000,14:00,0
2025-09-30 15:00:00.000,15:00,0
2025-09-30 16:00:00.000,16:00,0
2025-09-30 17:00:00.000,17:00,0
2025-09-30 18:00:00.000,18:00,0
2025-09-30 19:00:00.000,19:00,0
2025-09-30 20:00:00.000,20:00,0
2025-09-30 21:00:00.000,21:00,0
2025-09-30 22:00:00.000,22:00,0
2025-09-30 23:00:00.000,23:00,0
2025-10-01 00:00:00.000,00:00,0
2025-10-01 01:00:00.000,01:00,0
2025-10-01 02:00:00.000,02:00,0
2025-10-01 03:00:00.000,03:00,0
2025-10-01 04:00:00.000,04:00,0
2025-10-01 05:00:00.000,05:00,0
2025-10-01 06:00:00.000,06:00,0
2025-10-01 07:00:00.000,07:00,0
2025-10-01 08:00:00.000,08:00,0
2025-10-01 09:00:00.000,09:00,0
2025-10-01 10:00:00.000,10:00,0
2025-10-01 11:00:00.000,11:00,0
2025-10-01 12:00:00.000,12:00,0
2025-10-01 13:00:00.000,13:00,0
2025-10-01 14:00:00.000,14:00,0
2025-10-01 15:00:00.000,15:00,0
2025-10-01 16:00:00.000,16:00,0
2025-10-01 17:00:00.000,17:00,0
2025-10-01 18:00:00.000,18:00,0
2025-10-01 19:00:00.000,19:00,0
2025-10-01 20:00:00.000,20:00,0
2025-10-01 21:00:00.000,21:00,0
2025-10-01 22:00:00.000,22:00,0
2025-10-01 23:00:00.000,23:00,0
2025-10-02 00:00:00.000,00:00,0
2025-10-02 01:00:00.000,01:00,0
2025-10-02 02:00:00.000,02:00,0
2025-10-02 03:00:00.000,03:00,0
2025-10-02 04:00:00.000,04:00,0
2025-10-02 05:00:00.000,05:00,0
2025-10-02 06:00:00.000,06:00,0
2025-10-02 07:00:00.000,07:00,0
2025-10-02 08:00:00.000,08:00,0
2025-10-02 09:00:00.000,09:00,0
2025-10-02 10:00:00.000,10:00,0
2025-10-02 11:00:00.000,11:00,0
2025-10-02 12:00:00.000,12:00,0
2025-10-02 13:00:00.000,13:00,0
2025-10-02 14:00:00.000,14:00,0
2025-10-02 15:00:00.000,15:00,0
2025-10-02 16:00:00.000,16:00,0
2025-10-02 17:00:00.000,17:00,0
2025-10-02 18:00:00.000,18:00,0
2025-10-02 19:00:00.000,19:00,0
2025-10-02 20:00:00.000,20:00,0
2025-10-02 21:00:00.000,21:00,0
2025-10-02 22:00:00.000,22:00,0
2025-10-02 23:00:00.000,23:00,0
2025-10-03 00:00:00.000,00:00,0
2025-10-03 01:00:00.000,01:00,0
2025-10-03 02:00:00.000,02:00,0
2025-10-03 03:00:00.000,03:00,0
2025-10-03 04:00:00.000,04:00,0
2025-10-03 05:00:00.000,05:00,0
2025-10-03 06:00:00.000,06:00,0
2025-10-03 07:00:00.000,07:00,0
2025-10-03 08:00:00.000,08:00,0
2025-10-03 09:00:00.000,09:00,0
2025-10-03 10:00:00.000,10:00,0
2025-10-03 11:00:00.000,11:00,0
2025-10-03 12:00:00.000,12:00,0
2025-10-03 13:00:00.000,13:00,0
2025-10-03 14:00:00.000,14:00,0
2025-10-03 15:00:00.000,15:00,0
2025-10-03 16:00:00.000,16:00,0
2025-10-03 17:00:00.000,17:00,0
2025-10-03 18:00:00.000,18:00,0
2025-10-03 19:00:00.000,19:00,0
2025-10-03 20:00:00.000,20:00,0
2025-10-03 21:00:00.000,21:00,0
2025-10-03 22:00:00.000,22:00,0
2025-10-03 23:00:00.000,23:00,0
2025-10-04 00:00:00.000,00:00,0
2025-10-04 01:00:00.000,01:00,0
2025-10-04 02:00:00.000,02:00,0
2025-10-04 03:00:00.000,03:00,0
2025-10-04 04:00:00.000,04:00,0
2025-10-04 05:00:00.000,05:00,0
2025-10-04 06:00:00.000,06:00,0
2025-10-04 07:00:00.000,07:00,0
2025-10-04 08:00:00.000,08:00,0
2025-10-04 09:00:00.000,09:00,0
2025-10-04 10:00:00.000,10:00,0
2025-10-04 11:00:00.000,11:00,0
2025-10-04 12:00:00.000,12:00,0
2025-10-04 13:00:00.000,13:00,0
2025-10-04 14:00:00.000,14:00,0
2025-10-04 15:00:00.000,15:00,0
2025-10-04 16:00:00.000,16:00,0
2025-10-04 17:00:00.000,17:00,0
2025-10-04 18:00:00.000,18:00,0
2025-10-04 19:00:00.000,19:00,0
2025-10-04 20:00:00.000,20:00,0
2025-10-04 21:00:00.000,21:00,0
2025-10-04 22:00:00.000,22:00,0
2025-10-04 23:00:00.000,23:00,0
2025-10-05 00:00:00.000,00:00,0
2025-10-05 01:00:00.000,01:00,0
2025-10-05 02:00:00.000,02:00,0
2025-10-05 03:00:00.000,03:00,0
2025-10-05 04:00:00.000,04:00,0
2025-10-05 05:00:00.000,05:00,0
2025-10-05 06:00:00.000,06:00,0
2025-10-05 07:00:00.000,07:00,0
2025-10-05 08:00:00.000,08:00,0
2025-10-05 09:00:00.000,09:00,0
2025-10-05 10:00:00.000,10:00,0
2025-10-05 11:00:00.000,11:00,0
2025-10-05 12:00:00.000,12:00,0
2025-10-05 13:00:00.000,13:00,0
2025-10-05 14:00:00.000,14:00,0
2025-10-05 15:00:00.000,15:00,0
2025-10-05 16:00:00.000,16:00,0
2025-10-05 17:00:00.000,17:00,0
2025-10-05 18:00:00.000,18:00,0
2025-10-05 19:00:00.000,19:00,0
2025-10-05 20:00:00.000,20:00,0
2025-10-05 21:00:00.000,21:00,0
2025-10-05 22:00:00.000,22:00,0
2025-10-05 23:00:00.000,23:00,0
2025-10-06 00:00:00.000,00:00,0
2025-10-06 01:00:00.000,01:00,0
2025-10-06 02:00:00.000,02:00,0
2025-10-06 03:00:00.000,03:00,0
2025-10-06 04:00:00.000,04:00,0
2025-10-06 05:00:00.000,05:00,0
2025-10-06 06:00:00.000,06:00,0
2025-10-06 07:00:00.000,07:00,0
2025-10-06 08:00:00.000,08:00,0
2025-10-06 09:00:00.000,09:00,0
2025-10-06 10:00:00.000,10:00,0
2025-10-06 11:00:00.000,11:00,0
2025-10-06 12:00:00.000,12:00,0
2025-10-06 13:00:00.000,13:00,0
2025-10-06 14:00:00.000,14:00,0
2025-10-06 15:00:00.000,15:00,0
2025-10-06 16:00:00.000,16:00,0
2025-10-06 17:00:00.000,17:00,0
2025-10-06 18:00:00.000,18:00,0
2025-10-06 19:00:00.000,19:00,0
2025-10-06 20:00:00.000,20:00,0
2025-10-06 21:00:00.000,21:00,0
2025-10-06 22:00:00.000,22:00,0
2025-10-06 23:00:00.000,23:00,0
2025-10-07 00:00:00.000,00:00,0
2025-10-07 01:00:00.000,01:00,0
2025-10-07 02:00:00.000,02:00,0
2025-10-07 03:00:00.000,03:00,0
2025-10-07 04:00:00.000,04:00,0
2025-10-07 05:00:00.000,05:00,0
2025-10-07 06:00:00.000,06:00,0
2025-10-07 07:00:00.000,07:00,0
2025-10-07 08:00:00.000,08:00,0
2025-10-07 09:00:00.000,09:00,0
2025-10-07 10:00:00.000,10:00,0
2025-10-07 11:00:00.000,11:00,0
2025-10-07 12:00:00.000,12:00,0
2025-10-07 13:00:00.000,13:00,0
2025-10-07 14:00:00.000,14:00,0
2025-10-07 15:00:00.000,15:00,0
2025-10-07 16:00:00.000,16:00,0
2025-10-07 17:00:00.000,17:00,0
2025-10-07 18:00:00.000,18:00,0
2025-10-07 19:00:00.000,19:00,0
2025-10-07 20:00:00.000,20:00,0
2025-10-07 21:00:00.000,21:00,0
2025-10-07 22:00:00.000,22:00,0
2025-10-07 23:00:00.000,23:00,0
2025-10-08 00:00:00.000,00:00,0
2025-10-08 01:00:00.000,01:00,0
2025-10-08 02:00:00.000,02:00,0
2025-10-08 03:00:00.000,03:00,0
2025-10-08 04:00:00.000,04:00,0
2025-10-08 05:00:00.000,05:00,0
2025-10-08 06:00:00.000,06:00,0
2025-10-08 07:00:00.000,07:00,0
2025-10-08 08:00:00.000,08:00,0
2025-10-08 09:00:00.000,09:00,0
2025-10-08 10:00:00.000,10:00,0
2025-10-08 11:00:00.000,11:00,0
2025-10-08 12:00:00.000,12:00,0
2025-10-08 13:00:00.000,13:00,0
2025-10-08 14:00:00.000,14:00,0
2025-10-08 15:00:00.000,15:00,0
2025-10-08 16:00:00.000,16:00,0
2025-10-08 17:00:00.000,17:00,0
2025-10-08 18:00:00.000,18:00,0
2025-10-08 19:00:00.000,19:00,0
2025-10-08 20:00:00.000,20:00,0
2025-10-08 21:00:00.000,21:00,0
2025-10-08 22:00:00.000,22:00,0
2025-10-08 23:00:00.000,23:00,0
2025-10-09 00:00:00.000,00:00,0
2025-10-09 01:00:00.000,01:00,0
2025-10-09 02:00:00.000,02:00,0
2025-10-09 03:00:00.000,03:00,0
2025-10-09 04:00:00.000,04:00,0
2025-10-09 05:00:00.000,05:00,0
2025-10-09 06:00:00.000,06:00,0
2025-10-09 07:00:00.000,07:00,0
2025-10-09 08:00:00.000,08:00,0
2025-10-09 09:00:00.000,09:00,0
2025-10-09 10:00:00.000,10:00,0
2025-10-09 11:00:00.000,11:00,0
2025-10-09 12:00:00.000,12:00,0
2025-10-09 13:00:00.000,13:00,0
2025-10-09 14:00:00.000,14:00,0
2025-10-09 15:00:00.000,15:00,0
2025-10-09 16:00:00.000,16:00,0
2025-10-09 17:00:00.000,17:00,0
2025-10-09 18:00:00.000,18:00,0
2025-10-09 19:00:00.000,19:00,0
2025-10-09 20:00:00.000,20:00,0
2025-10-09 21:00:00.000,21:00,0
2025-10-09 22:00:00.000,22:00,0
2025-10-09 23:00:00.000,23:00,0
2025-10-10 00:00:00.000,00:00,0
2025-10-10 01:00:00.000,01:00,0
2025-10-10 02:00:00.000,02:00,0
2025-10-10 03:00:00.000,03:00,0
2025-10-10 04:00:00.000,04:00,0
2025-10-10 05:00:00.000,05:00,0
2025-10-10 06:00:00.000,06:00,0
2025-10-10 07:00:00.000,07:00,0
2025-10-10 08:00:00.000,08:00,0
2025-10-10 09:00:00.000,09:00,0
2025-10-10 10:00:00.000,10:00,0
2025-10-10 11:00:00.000,11:00,0
2025-10-10 12:00:00.000,12:00,0
2025-10-10 13:00:00.000,13:00,0
2025-10-10 14:00:00.000,14:00,0
2025-10-10 15:00:00.000,15:00,0
2025-10-10 16:00:00.000,16:00,0
2025-10-10 17:00:00.000,17:00,0
2025-10-10 18:00:00.000,18:00,0
2025-10-10 19:00:00.000,19:00,0
2025-10-10 20:00:00.000,20:00,0
2025-10-10 21:00:00.000,21:00,0
2025-10-10 22:00:00.000,22:00,0
2025-10-10 23:00:00.000,23:00,0
2025-10-11 00:00:00.000,00:00,0
2025-10-11 01:00:00.000,01:00,0
2025-10-11 02:00:00.000,02:00,0
2025-10-11 03:00:00.000,03:00,0
2025-10-11 04:00:00.000,04:00,0
2025-10-11 05:00:00.000,05:00,0
2025-10-11 06:00:00.000,06:00,0
2025-10-11 07:00:00.000,07:00,0
2025-10-11 08:00:00.000,08:00,0
2025-10-11 09:00:00.000,09:00,0
2025-10-11 10:00:00.000,10:00,0
2025-10-11 11:00:00.000,11:00,0
2025-10-11 12:00:00.000,12:00,0
2025-10-11 13:00:00.000,13:00,0
2025-10-11 14:00:00.000,14:00,0
2025-10-11 15:00:00.000,15:00,0
2025-10-11 16:00:00.000,16:00,0
2025-10-11 17:00:00.000,17:00,0
2025-10-11 18:00:00.000,18:00,0
2025-10-11 19:00:00.000,19:00,0
2025-10-11 20:00:00.000,20:00,0
2025-10-11 21:00:00.000,21:00,0
2025-10-11 22:00:00.000,22:00,0
2025-10-11 23:00:00.000,23:00,0
2025-10-12 00:00:00.000,00:00,0
2025-10-12 01:00:00.000,01:00,0
2025-10-12 02:00:00.000,02:00,0
2025-10-12 03:00:00.000,03:00,0
2025-10-12 04:00:00.000,04:00,0
2025-10-12 05:00:00.000,05:00,0
2025-10-12 06:00:00.000,06:00,0
2025-10-12 07:00:00.000,07:00,0
2025-10-12 08:00:00.000,08:00,0
2025-10-12 09:00:00.000,09:00,0
2025-10-12 10:00:00.000,10:00,0
2025-10-12 11:00:00.000,11:00,0
2025-10-12 12:00:00.000,12:00,0
2025-10-12 13:00:00.000,13:00,0
2025-10-12 14:00:00.000,14:00,0
2025-10-12 15:00:00.000,15:00,0
2025-10-12 16:00:00.000,16:00,0
2025-10-12 17:00:00.000,17:00,0
2025-10-12 18:00:00.000,18:00,0
2025-10-12 19:00:00.000,19:00,0
2025-10-12 20:00:00.000,20:00,0
2025-10-12 21:00:00.000,21:00,0
2025-10-12 22:00:00.000,22:00,0
2025-10-12 23:00:00.000,23:00,0
2025-10-13 00:00:00.000,00:00,0
2025-10-13 01:00:00.000,01:00,0
2025-10-13 02:00:00.000,02:00,0
2025-10-13 03:00:00.000,03:00,0
2025-10-13 04:00:00.000,04:00,0
2025-10-13 05:00:00.000,05:00,0
2025-10-13 06:00:00.000,06:00,0
2025-10-13 07:00:00.000,07:00,0
2025-10-13 08:00:00.000,08:00,0
2025-10-13 09:00:00.000,09:00,0
2025-10-13 10:00:00.000,10:00,0
2025-10-13 11:00:00.000,11:00,24
2025-10-13 12:00:00.000,12:00,16
2025-10-13 13:00:00.000,13:00,0
2025-10-13 14:00:00.000,14:00,40
2025-10-13 15:00:00.000,15:00,80
2025-10-13 16:00:00.000,16:00,10
2025-10-13 17:00:00.000,17:00,10
2025-10-13 18:00:00.000,18:00,0
2025-10-13 19:00:00.000,19:00,0
2025-10-13 20:00:00.000,20:00,10
2025-10-13 21:00:00.000,21:00,0
2025-10-13 22:00:00.000,22:00,10
2025-10-13 23:00:00.000,23:00,0
2025-10-14 00:00:00.000,00:00,0
2025-10-14 01:00:00.000,01:00,10
2025-10-14 02:00:00.000,02:00,0
2025-10-14 03:00:00.000,03:00,10
2025-10-14 04:00:00.000,04:00,0
2025-10-14 05:00:00.000,05:00,9.285714285714286
2025-10-14 06:00:00.000,06:00,0.7142857142857142
2025-10-14 07:00:00.000,07:00,10
2025-10-14 08:00:00.000,08:00,0
2025-10-14 09:00:00.000,09:00,112
2025-10-14 10:00:00.000,10:00,202
2025-10-14 11:00:00.000,11:00,248
2025-10-14 12:00:00.000,12:00,200
2025-10-14 13:00:00.000,13:00,258
2025-10-14 14:00:00.000,14:00,257.77777777777777
2025-10-14 15:00:00.000,15:00,700.2222222222222
2025-10-14 16:00:00.000,16:00,1022
2025-10-14 17:00:00.000,17:00,880
2025-10-14 18:00:00.000,18:00,862
2025-10-14 19:00:00.000,19:00,746
2025-10-14 20:00:00.000,20:00,824
2025-10-14 21:00:00.000,21:00,837
2025-10-14 22:00:00.000,22:00,833
2025-10-14 23:00:00.000,23:00,828
2025-10-15 00:00:00.000,00:00,845
2025-10-15 01:00:00.000,01:00,861
2025-10-15 02:00:00.000,02:00,979
2025-10-15 03:00:00.000,03:00,748
2025-10-15 04:00:00.000,04:00,791
2025-10-15 05:00:00.000,05:00,819.3333333333334
2025-10-15 06:00:00.000,06:00,700.6666666666667
2025-10-15 07:00:00.000,07:00,734
2025-10-15 08:00:00.000,08:00,766
2025-10-15 09:00:00.000,09:00,924
2025-10-15 10:00:00.000,10:00,760
2025-10-15 11:00:00.000,11:00,834
2025-10-15 12:00:00.000,12:00,910
2025-10-15 13:00:00.000,13:00,888
2025-10-15 14:00:00.000,14:00,706
2025-10-15 15:00:00.000,15:00,954
2025-10-15 16:00:00.000,16:00,942
2025-10-15 17:00:00.000,17:00,946
2025-10-15 18:00:00.000,18:00,912
2025-10-15 19:00:00.000,19:00,910
2025-10-15 20:00:00.000,20:00,922
2025-10-15 21:00:00.000,21:00,868
2025-10-15 22:00:00.000,22:00,841.8181818181818
2025-10-15 23:00:00.000,23:00,848.1818181818182
2025-10-16 00:00:00.000,00:00,875
2025-10-16 01:00:00.000,01:00,882
2025-10-16 02:00:00.000,02:00,927
2025-10-16 03:00:00.000,03:00,898
2025-10-16 04:00:00.000,04:00,908
2025-10-16 05:00:00.000,05:00,884
2025-10-16 06:00:00.000,06:00,830
2025-10-16 07:00:00.000,07:00,782
2025-10-16 08:00:00.000,08:00,762
2025-10-16 09:00:00.000,09:00,862
2025-10-16 10:00:00.000,10:00,880
2025-10-16 11:00:00.000,11:00,842
2025-10-16 12:00:00.000,12:00,746
2025-10-16 13:00:00.000,13:00,740
2025-10-16 14:00:00.000,14:00,736
2025-10-16 15:00:00.000,15:00,760
2025-10-16 16:00:00.000,16:00,702
2025-10-16 17:00:00.000,17:00,710
2025-10-16 18:00:00.000,18:00,748
2025-10-16 19:00:00.000,19:00,760
2025-10-16 20:00:00.000,20:00,780
2025-10-16 21:00:00.000,21:00,760
2025-10-16 22:00:00.000,22:00,730
2025-10-16 23:00:00.000,23:00,746
2025-10-17 00:00:00.000,00:00,757
2025-10-17 01:00:00.000,01:00,760
2025-10-17 02:00:00.000,02:00,760
2025-10-17 03:00:00.000,03:00,703
2025-10-17 04:00:00.000,04:00,700
2025-10-17 05:00:00.000,05:00,718
2025-10-17 06:00:00.000,06:00,650
2025-10-17 07:00:00.000,07:00,670
2025-10-17 08:00:00.000,08:00,634
2025-10-17 09:00:00.000,09:00,674
2025-10-17 10:00:00.000,10:00,710
2025-10-17 11:00:00.000,11:00,958
2025-10-17 12:00:00.000,12:00,812
2025-10-17 13:00:00.000,13:00,762
2025-10-17 14:00:00.000,14:00,786
2025-10-17 15:00:00.000,15:00,772
2025-10-17 16:00:00.000,16:00,758
2025-10-17 17:00:00.000,17:00,754
2025-10-17 18:00:00.000,18:00,758
2025-10-17 19:00:00.000,19:00,730
2025-10-17 20:00:00.000,20:00,710
2025-10-17 21:00:00.000,21:00,748
2025-10-17 22:00:00.000,22:00,700
2025-10-17 23:00:00.000,23:00,726
2025-10-18 00:00:00.000,00:00,718
2025-10-18 01:00:00.000,01:00,700
2025-10-18 02:00:00.000,02:00,711
2025-10-18 03:00:00.000,03:00,697
2025-10-18 04:00:00.000,04:00,740
2025-10-18 05:00:00.000,05:00,824
2025-10-18 06:00:00.000,06:00,918
2025-10-18 07:00:00.000,07:00,942
2025-10-18 08:00:00.000,08:00,914
2025-10-18 09:00:00.000,09:00,932
2025-10-18 10:00:00.000,10:00,922
2025-10-18 11:00:00.000,11:00,930
2025-10-18 12:00:00.000,12:00,912
2025-10-18 13:00:00.000,13:00,938
2025-10-18 14:00:00.000,14:00,912
2025-10-18 15:00:00.000,15:00,900
2025-10-18 16:00:00.000,16:00,880
2025-10-18 17:00:00.000,17:00,874
2025-10-18 18:00:00.000,18:00,896
2025-10-18 19:00:00.000,19:00,890
2025-10-18 20:00:00.000,20:00,880
2025-10-18 21:00:00.000,21:00,885
2025-10-18 22:00:00.000,22:00,920
2025-10-18 23:00:00.000,23:00,865
2025-10-19 00:00:00.000,00:00,807
2025-10-19 01:00:00.000,01:00,888
2025-10-19 02:00:00.000,02:00,880
2025-10-19 03:00:00.000,03:00,865
2025-10-19 04:00:00.000,04:00,852
2025-10-19 05:00:00.000,05:00,870
2025-10-19 06:00:00.000,06:00,880
2025-10-19 07:00:00.000,07:00,878
2025-10-19 08:00:00.000,08:00,880
2025-10-19 09:00:00.000,09:00,874
2025-10-19 10:00:00.000,10:00,848
2025-10-19 11:00:00.000,11:00,800
2025-10-19 12:00:00.000,12:00,782
2025-10-19 13:00:00.000,13:00,790
2025-10-19 14:00:00.000,14:00,800
2025-10-19 15:00:00.000,15:00,808
2025-10-19 16:00:00.000,16:00,868
2025-10-19 17:00:00.000,17:00,506
2025-10-19 18:00:00.000,18:00,104
2025-10-19 19:00:00.000,19:00,8
2025-10-19 20:00:00.000,20:00,2
2025-10-19 21:00:00.000,21:00,100
2025-10-19 22:00:00.000,22:00,9.999999999999998
2025-10-19 23:00:00.000,23:00,10
2025-10-20 00:00:00.000,00:00,100
2025-10-20 01:00:00.000,01:00,10
2025-10-20 02:00:00.000,02:00,0
2025-10-20 03:00:00.000,03:00,10
2025-10-20 04:00:00.000,04:00,8
2025-10-20 05:00:00.000,05:00,2
2025-10-20 06:00:00.000,06:00,110
2025-10-20 07:00:00.000,07:00,8
2025-10-20 08:00:00.000,08:00,2
2025-10-20 09:00:00.000,09:00,8
2025-10-20 10:00:00.000,10:00,10
2025-10-20 11:00:00.000,11:00,22
2025-10-20 12:00:00.000,12:00,0
2025-10-20 13:00:00.000,13:00,10
2025-10-20 14:00:00.000,14:00,0
2025-10-20 15:00:00.000,15:00,82
2025-10-20 16:00:00.000,16:00,618
2025-10-20 17:00:00.000,17:00,854
2025-10-20 18:00:00.000,18:00,904
2025-10-20 19:00:00.000,19:00,902
2025-10-20 20:00:00.000,20:00,844.5454545454545
2025-10-20 21:00:00.000,21:00,834.5454545454545
2025-10-20 22:00:00.000,22:00,855.9090909090909
2025-10-20 23:00:00.000,23:00,835
2025-10-21 00:00:00.000,00:00,815
2025-10-21 01:00:00.000,01:00,731
2025-10-21 02:00:00.000,02:00,820
2025-10-21 03:00:00.000,03:00,806
2025-10-21 04:00:00.000,04:00,810
2025-10-21 05:00:00.000,05:00,856
2025-10-21 06:00:00.000,06:00,752
2025-10-21 07:00:00.000,07:00,794
2025-10-21 08:00:00.000,08:00,800
2025-10-21 09:00:00.000,09:00,800
2025-10-21 10:00:00.000,10:00,696
2025-10-21 11:00:00.000,11:00,852
2025-10-21 12:00:00.000,12:00,790
2025-10-21 13:00:00.000,13:00,802
2025-10-21 14:00:00.000,14:00,808
2025-10-21 15:00:00.000,15:00,796
2025-10-21 16:00:00.000,16:00,814
2025-10-21 17:00:00.000,17:00,754
2025-10-21 18:00:00.000,18:00,810
2025-10-21 19:00:00.000,19:00,780
2025-10-21 20:00:00.000,20:00,786
2025-10-21 21:00:00.000,21:00,752.5454545454545
2025-10-21 22:00:00.000,22:00,779.4545454545455
2025-10-21 23:00:00.000,23:00,786
2025-10-22 00:00:00.000,00:00,755
2025-10-22 01:00:00.000,01:00,782
2025-10-22 02:00:00.000,02:00,780
2025-10-22 03:00:00.000,03:00,767
2025-10-22 04:00:00.000,04:00,770
2025-10-22 05:00:00.000,05:00,760
2025-10-22 06:00:00.000,06:00,750
2025-10-22 07:00:00.000,07:00,732
2025-10-22 08:00:00.000,08:00,608
2025-10-22 09:00:00.000,09:00,602
2025-10-22 10:00:00.000,10:00,632
2025-10-22 11:00:00.000,11:00,582
2025-10-22 12:00:00.000,12:00,544
2025-10-22 13:00:00.000,13:00,530
2025-10-22 14:00:00.000,14:00,528
2025-10-22 15:00:00.000,15:00,510
2025-10-22 16:00:00.000,16:00,482
2025-10-22 17:00:00.000,17:00,518
2025-10-22 18:00:00.000,18:00,522
2025-10-22 19:00:00.000,19:00,558
2025-10-22 20:00:00.000,20:00,560
2025-10-22 21:00:00.000,21:00,531
2025-10-22 22:00:00.000,22:00,557
2025-10-22 23:00:00.000,23:00,550
2025-10-23 00:00:00.000,00:00,560
2025-10-23 01:00:00.000,01:00,550
2025-10-23 02:00:00.000,02:00,580
2025-10-23 03:00:00.000,03:00,522
2025-10-23 04:00:00.000,04:00,550
2025-10-23 05:00:00.000,05:00,540
2025-10-23 06:00:00.000,06:00,540
2025-10-23 07:00:00.000,07:00,550
2025-10-23 08:00:00.000,08:00,558
2025-10-23 09:00:00.000,09:00,560
2025-10-23 10:00:00.000,10:00,642
2025-10-23 11:00:00.000,11:00,510
2025-10-23 12:00:00.000,12:00,550
2025-10-23 13:00:00.000,13:00,626
2025-10-23 14:00:00.000,14:00,614
2025-10-23 15:00:00.000,15:00,588
2025-10-23 16:00:00.000,16:00,610
2025-10-23 17:00:00.000,17:00,630
2025-10-23 18:00:00.000,18:00,618
2025-10-23 19:00:00.000,19:00,600
2025-10-23 20:00:00.000,20:00,612
2025-10-23 21:00:00.000,21:00,620
2025-10-23 22:00:00.000,22:00,610
2025-10-23 23:00:00.000,23:00,630
2025-10-24 00:00:00.000,00:00,619
2025-10-24 01:00:00.000,01:00,610
2025-10-24 02:00:00.000,02:00,611
2025-10-24 03:00:00.000,03:00,608
2025-10-24 04:00:00.000,04:00,620
2025-10-24 05:00:00.000,05:00,630
2025-10-24 06:00:00.000,06:00,602
2025-10-24 07:00:00.000,07:00,618
2025-10-24 08:00:00.000,08:00,600
2025-10-24 09:00:00.000,09:00,688
2025-10-24 10:00:00.000,10:00,718
2025-10-24 11:00:00.000,11:00,760
2025-10-24 12:00:00.000,12:00,760
2025-10-24 13:00:00.000,13:00,754
2025-10-24 14:00:00.000,14:00,730
2025-10-24 15:00:00.000,15:00,702
2025-10-24 16:00:00.000,16:00,716
2025-10-24 17:00:00.000,17:00,704
2025-10-24 18:00:00.000,18:00,746
2025-10-24 19:00:00.000,19:00,748
2025-10-24 20:00:00.000,20:00,752
2025-10-24 21:00:00.000,21:00,760
2025-10-24 22:00:00.000,22:00,772
2025-10-24 23:00:00.000,23:00,772
2025-10-25 00:00:00.000,00:00,748
2025-10-25 01:00:00.000,01:00,779
2025-10-25 02:00:00.000,02:00,759
2025-10-25 03:00:00.000,03:00,742
2025-10-25 04:00:00.000,04:00,776
2025-10-25 05:00:00.000,05:00,870
2025-10-25 06:00:00.000,06:00,750
2025-10-25 07:00:00.000,07:00,780
2025-10-25 08:00:00.000,08:00,818
2025-10-25 09:00:00.000,09:00,812
2025-10-25 10:00:00.000,10:00,808
2025-10-25 11:00:00.000,11:00,810
2025-10-25 12:00:00.000,12:00,830
2025-10-25 13:00:00.000,13:00,802
2025-10-25 14:00:00.000,14:00,818
2025-10-25 15:00:00.000,15:00,810
2025-10-25 16:00:00.000,16:00,820
2025-10-25 17:00:00.000,17:00,762
2025-10-25 18:00:00.000,18:00,760
2025-10-25 19:00:00.000,19:00,770
2025-10-25 20:00:00.000,20:00,750.5454545454545
2025-10-25 21:00:00.000,21:00,770
2025-10-25 22:00:00.000,22:00,766.4545454545455
2025-10-25 23:00:00.000,23:00,789
2025-10-26 00:00:00.000,00:00,687
2025-10-26 02:00:00.000,02:00,772
2025-10-26 02:00:00.000,02:00,1444.7142857142858
2025-10-26 02:00:00.000,02:00,102.85714285714286
2025-10-26 03:00:00.000,03:00,755.0952380952381
2025-10-26 04:00:00.000,04:00,862.3333333333333
2025-10-26 05:00:00.000,05:00,760
2025-10-26 06:00:00.000,06:00,750
2025-10-26 07:00:00.000,07:00,790
2025-10-26 08:00:00.000,08:00,778
2025-10-26 09:00:00.000,09:00,782
2025-10-26 10:00:00.000,10:00,788
2025-10-26 11:00:00.000,11:00,800
2025-10-26 12:00:00.000,12:00,790
2025-10-26 13:00:00.000,13:00,754
2025-10-26 14:00:00.000,14:00,760
2025-10-26 15:00:00.000,15:00,740
2025-10-26 16:00:00.000,16:00,728
2025-10-26 17:00:00.000,17:00,760
2025-10-26 18:00:00.000,18:00,780
2025-10-26 19:00:00.000,19:00,768
2025-10-26 20:00:00.000,20:00,739
2025-10-26 21:00:00.000,21:00,760
2025-10-26 22:00:00.000,22:00,777
2025-10-26 23:00:00.000,23:00,782
2025-10-27 00:00:00.000,00:00,647
2025-10-27 01:00:00.000,01:00,782
2025-10-27 02:00:00.000,02:00,759
2025-10-27 03:00:00.000,03:00,774
2025-10-27 04:00:00.000,04:00,762
2025-10-27 05:00:00.000,05:00,760
2025-10-27 06:00:00.000,06:00,780
2025-10-27 07:00:00.000,07:00,871
2025-10-27 08:00:00.000,08:00,663
2025-10-27 09:00:00.000,09:00,148
2025-10-27 10:00:00.000,10:00,34
2025-10-27 11:00:00.000,11:00,10
2025-10-27 12:00:00.000,12:00,82
2025-10-27 13:00:00.000,13:00,18
2025-10-27 14:00:00.000,14:00,126
2025-10-27 15:00:00.000,15:00,460
2025-10-27 16:00:00.000,16:00,750
2025-10-27 17:00:00.000,17:00,816
2025-10-27 18:00:00.000,18:00,850
2025-10-27 19:00:00.000,19:00,830
2025-10-27 20:00:00.000,20:00,826
2025-10-27 21:00:00.000,21:00,833.8181818181818
2025-10-27 22:00:00.000,22:00,836.1818181818182
2025-10-27 23:00:00.000,23:00,842
2025-10-28 00:00:00.000,00:00,707
2025-10-28 01:00:00.000,01:00,849
2025-10-28 02:00:00.000,02:00,821
2025-10-28 03:00:00.000,03:00,825
2025-10-28 04:00:00.000,04:00,800
2025-10-28 05:00:00.000,05:00,832
2025-10-28 06:00:00.000,06:00,838
2025-10-28 07:00:00.000,07:00,830
2025-10-28 08:00:00.000,08:00,822
2025-10-28 09:00:00.000,09:00,848
2025-10-28 10:00:00.000,10:00,758
2025-10-28 11:00:00.000,11:00,726
2025-10-28 12:00:00.000,12:00,700
2025-10-28 13:00:00.000,13:00,700
2025-10-28 14:00:00.000,14:00,712
2025-10-28 15:00:00.000,15:00,718
2025-10-28 16:00:00.000,16:00,720
2025-10-28 17:00:00.000,17:00,698
2025-10-28 18:00:00.000,18:00,712
2025-10-28 19:00:00.000,19:00,776
2025-10-28 20:00:00.000,20:00,752
2025-10-28 21:00:00.000,21:00,740
2025-10-28 22:00:00.000,22:00,753
2025-10-28 23:00:00.000,23:00,773
2025-10-29 00:00:00.000,00:00,728
2025-10-29 01:00:00.000,01:00,769
2025-10-29 02:00:00.000,02:00,739
2025-10-29 03:00:00.000,03:00,748
2025-10-29 04:00:00.000,04:00,750
2025-10-29 05:00:00.000,05:00,772
2025-10-29 06:00:00.000,06:00,786
2025-10-29 07:00:00.000,07:00,880
2025-10-29 08:00:00.000,08:00,604
2025-10-29 09:00:00.000,09:00,700
2025-10-29 10:00:00.000,10:00,692
2025-10-29 11:00:00.000,11:00,726
2025-10-29 12:00:00.000,12:00,710
2025-10-29 13:00:00.000,13:00,712
2025-10-29 14:00:00.000,14:00,722
2025-10-29 15:00:00.000,15:00,372
2025-10-29 16:00:00.000,16:00,226
2025-10-29 17:00:00.000,17:00,280
2025-10-29 18:00:00.000,18:00,710
2025-10-29 19:00:00.000,19:00,816
2025-10-29 20:00:00.000,20:00,809.8181818181818
2025-10-29 21:00:00.000,21:00,806.1818181818182
2025-10-29 22:00:00.000,22:00,826
2025-10-29 23:00:00.000,23:00,826
2025-10-30 00:00:00.000,00:00,696
2025-10-30 01:00:00.000,01:00,830
2025-10-30 02:00:00.000,02:00,791
2025-10-30 03:00:00.000,03:00,835
2025-10-30 04:00:00.000,04:00,820
2025-10-30 05:00:00.000,05:00,810
2025-10-30 06:00:00.000,06:00,910
2025-10-30 07:00:00.000,07:00,820
2025-10-30 08:00:00.000,08:00,820
2025-10-30 09:00:00.000,09:00,712
2025-10-30 10:00:00.000,10:00,788
2025-10-30 11:00:00.000,11:00,830
2025-10-30 12:00:00.000,12:00,692
2025-10-30 13:00:00.000,13:00,782
2025-10-30 14:00:00.000,14:00,786
2025-10-30 15:00:00.000,15:00,380
2025-10-30 16:00:00.000,16:00,590
2025-10-30 17:00:00.000,17:00,802
2025-10-30 18:00:00.000,18:00,820
2025-10-30 19:00:00.000,19:00,838
2025-10-30 20:00:00.000,20:00,830
2025-10-30 21:00:00.000,21:00,816
2025-10-30 22:00:00.000,22:00,826
2025-10-30 23:00:00.000,23:00,856
2025-10-31 00:00:00.000,00:00,835
2025-10-31 01:00:00.000,01:00,792
2025-10-31 02:00:00.000,02:00,829
2025-10-31 03:00:00.000,03:00,818
2025-10-31 04:00:00.000,04:00,838
2025-10-31 05:00:00.000,05:00,810
2025-10-31 06:00:00.000,06:00,922
2025-10-31 07:00:00.000,07:00,828
2025-10-31 08:00:00.000,08:00,724
2025-10-31 09:00:00.000,09:00,740
2025-10-31 10:00:00.000,10:00,760
2025-10-31 11:00:00.000,11:00,752
2025-10-31 12:00:00.000,12:00,786
2025-10-31 13:00:00.000,13:00,770
2025-10-31 14:00:00.000,14:00,762
2025-10-31 15:00:00.000,15:00,752
2025-10-31 16:00:00.000,16:00,776
2025-10-31 17:00:00.000,17:00,760
2025-10-31 18:00:00.000,18:00,780
2025-10-31 19:00:00.000,19:00,808
2025-10-31 20:00:00.000,20:00,799.8181818181818
2025-10-31 21:00:00.000,21:00,740
2025-10-31 22:00:00.000,22:00,846.1818181818182
2025-10-31 23:00:00.000,23:00,842
2025-11-01 00:00:00.000,00:00,806
2025-11-01 01:00:00.000,01:00,840
2025-11-01 02:00:00.000,02:00,710
2025-11-01 03:00:00.000,03:00,818
2025-11-01 04:00:00.000,04:00,820
2025-11-01 05:00:00.000,05:00,778
2025-11-01 06:00:00.000,06:00,744
2025-11-01 07:00:00.000,07:00,710
2025-11-01 08:00:00.000,08:00,692
2025-11-01 09:00:00.000,09:00,726
2025-11-01 10:00:00.000,10:00,812
2025-11-01 11:00:00.000,11:00,834
2025-11-01 12:00:00.000,12:00,812
2025-11-01 13:00:00.000,13:00,820
2025-11-01 14:00:00.000,14:00,824
2025-11-01 15:00:00.000,15:00,842
2025-11-01 16:00:00.000,16:00,832
2025-11-01 17:00:00.000,17:00,832
2025-11-01 18:00:00.000,18:00,824
2025-11-01 19:00:00.000,19:00,854
2025-11-01 20:00:00.000,20:00,821.8181818181818
2025-11-01 21:00:00.000,21:00,826.1818181818182
2025-11-01 22:00:00.000,22:00,840
2025-11-01 23:00:00.000,23:00,832
2025-11-02 00:00:00.000,00:00,804
2025-11-02 01:00:00.000,01:00,842
2025-11-02 02:00:00.000,02:00,829
2025-11-02 03:00:00.000,03:00,817
2025-11-02 04:00:00.000,04:00,820
2025-11-02 05:00:00.000,05:00,810
2025-11-02 06:00:00.000,06:00,784
2025-11-02 07:00:00.000,07:00,770
2025-11-02 08:00:00.000,08:00,776
2025-11-02 09:00:00.000,09:00,820
2025-11-02 10:00:00.000,10:00,812
2025-11-02 11:00:00.000,11:00,818
2025-11-02 12:00:00.000,12:00,810
2025-11-02 13:00:00.000,13:00,782
2025-11-02 14:00:00.000,14:00,780
2025-11-02 15:00:00.000,15:00,808
2025-11-02 16:00:00.000,16:00,812
2025-11-02 17:00:00.000,17:00,790
2025-11-02 18:00:00.000,18:00,808
2025-11-02 19:00:00.000,19:00,814
2025-11-02 20:00:00.000,20:00,828
2025-11-02 21:00:00.000,21:00,910
2025-11-02 22:00:00.000,22:00,807.8181818181818
2025-11-02 23:00:00.000,23:00,808.1818181818181
2025-11-03 00:00:00.000,00:00,797
2025-11-03 01:00:00.000,01:00,777.4444444444445
2025-11-03 02:00:00.000,02:00,770.5555555555555
2025-11-03 03:00:00.000,03:00,291.6666666666667
2025-11-03 04:00:00.000,04:00,63.33333333333333
2025-11-03 05:00:00.000,05:00,10
2025-11-03 06:00:00.000,06:00,0
2025-11-03 07:00:00.000,07:00,100
2025-11-03 08:00:00.000,08:00,8
2025-11-03 09:00:00.000,09:00,2
2025-11-03 10:00:00.000,10:00,100
2025-11-03 11:00:00.000,11:00,10
2025-11-03 12:00:00.000,12:00,0
2025-11-03 13:00:00.000,13:00,10
2025-11-03 14:00:00.000,14:00,98
2025-11-03 15:00:00.000,15:00,472
2025-11-03 16:00:00.000,16:00,788
2025-11-03 17:00:00.000,17:00,736
2025-11-03 18:00:00.000,18:00,800.7058823529412
2025-11-03 19:00:00.000,19:00,779.2941176470588
2025-11-03 20:00:00.000,20:00,818
2025-11-03 21:00:00.000,21:00,803
2025-11-03 22:00:00.000,22:00,813
2025-11-03 23:00:00.000,23:00,842
2025-11-04 00:00:00.000,00:00,826
2025-11-04 01:00:00.000,01:00,940
2025-11-04 02:00:00.000,02:00,828.5454545454545
2025-11-04 03:00:00.000,03:00,829.4545454545455
2025-11-04 04:00:00.000,04:00,746
2025-11-04 05:00:00.000,05:00,840
2025-11-04 06:00:00.000,06:00,842
2025-11-04 07:00:00.000,07:00,906
2025-11-04 08:00:00.000,08:00,794
2025-11-04 09:00:00.000,09:00,638
2025-11-04 10:00:00.000,10:00,48
2025-11-04 11:00:00.000,11:00,32
2025-11-04 12:00:00.000,12:00,0
2025-11-04 13:00:00.000,13:00,108
2025-11-04 14:00:00.000,14:00,562
2025-11-04 15:00:00.000,15:00,684
2025-11-04 16:00:00.000,16:00,796
2025-11-04 17:00:00.000,17:00,834.5
2025-11-04 18:00:00.000,18:00,803.5
2025-11-04 19:00:00.000,19:00,826
2025-11-04 20:00:00.000,20:00,817
2025-11-04 21:00:00.000,21:00,830
2025-11-04 22:00:00.000,22:00,824
2025-11-04 23:00:00.000,23:00,855
2025-11-05 00:00:00.000,00:00,875
2025-11-05 01:00:00.000,01:00,768
2025-11-05 02:00:00.000,02:00,761
2025-11-05 03:00:00.000,03:00,764
2025-11-05 04:00:00.000,04:00,756
2025-11-05 05:00:00.000,05:00,732
2025-11-05 06:00:00.000,06:00,728
2025-11-05 07:00:00.000,07:00,768
2025-11-05 08:00:00.000,08:00,812
2025-11-05 09:00:00.000,09:00,800
2025-11-05 10:00:00.000,10:00,792
2025-11-05 11:00:00.000,11:00,658
2025-11-05 12:00:00.000,12:00,777.8181818181818
2025-11-05 13:00:00.000,13:00,752.1818181818182
2025-11-05 14:00:00.000,14:00,723
2025-11-05 15:00:00.000,15:00,717
2025-11-05 16:00:00.000,16:00,740
2025-11-05 17:00:00.000,17:00,707
2025-11-05 18:00:00.000,18:00,720
2025-11-05 19:00:00.000,19:00,733
2025-11-05 20:00:00.000,20:00,750
2025-11-05 21:00:00.000,21:00,747
2025-11-05 22:00:00.000,22:00,730
2025-11-05 23:00:00.000,23:00,693.8936170212766
2025-11-06 00:00:00.000,00:00,714.1972920696325
2025-11-06 01:00:00.000,01:00,787.5757575757575
2025-11-06 02:00:00.000,02:00,651.3333333333334
2025-11-06 03:00:00.000,03:00,690
2025-11-06 04:00:00.000,04:00,698.6666666666666
2025-11-06 05:00:00.000,05:00,663.3333333333333
2025-11-06 06:00:00.000,06:00,704
2025-11-06 07:00:00.000,07:00,748
2025-11-06 08:00:00.000,08:00,740
2025-11-06 09:00:00.000,09:00,634
2025-11-06 10:00:00.000,10:00,858
2025-11-06 11:00:00.000,11:00,680
2025-11-06 12:00:00.000,12:00,732
2025-11-06 13:00:00.000,13:00,734
2025-11-06 14:00:00.000,14:00,778
2025-11-06 15:00:00.000,15:00,680
2025-11-06 16:00:00.000,16:00,823
2025-11-06 17:00:00.000,17:00,813
2025-11-06 18:00:00.000,18:00,824
2025-11-06 19:00:00.000,19:00,820
2025-11-06 20:00:00.000,20:00,796
2025-11-06 21:00:00.000,21:00,800
2025-11-06 22:00:00.000,22:00,794
2025-11-06 23:00:00.000,23:00,792
2025-11-07 00:00:00.000,00:00,786
2025-11-07 01:00:00.000,01:00,810
2025-11-07 02:00:00.000,02:00,786
2025-11-07 03:00:00.000,03:00,792
2025-11-07 04:00:00.000,04:00,790
2025-11-07 05:00:00.000,05:00,818
2025-11-07 06:00:00.000,06:00,820
2025-11-07 07:00:00.000,07:00,822
2025-11-07 08:00:00.000,08:00,818
2025-11-07 09:00:00.000,09:00,806
2025-11-07 10:00:00.000,10:00,793.1111111111111
2025-11-07 11:00:00.000,11:00,687.8888888888889
2025-11-07 12:00:00.000,12:00,725
2025-11-07 13:00:00.000,13:00,720
2025-11-07 14:00:00.000,14:00,740
2025-11-07 15:00:00.000,15:00,717
2025-11-07 16:00:00.000,16:00,723
2025-11-07 17:00:00.000,17:00,727
2025-11-07 18:00:00.000,18:00,713
2025-11-07 19:00:00.000,19:00,727
2025-11-07 20:00:00.000,20:00,703
2025-11-07 21:00:00.000,21:00,706
2025-11-07 22:00:00.000,22:00,724
2025-11-07 23:00:00.000,23:00,716
2025-11-08 00:00:00.000,00:00,698
2025-11-08 01:00:00.000,01:00,721
2025-11-08 02:00:00.000,02:00,697
2025-11-08 03:00:00.000,03:00,730
2025-11-08 04:00:00.000,04:00,702
2025-11-08 05:00:00.000,05:00,808
2025-11-08 06:00:00.000,06:00,702
2025-11-08 07:00:00.000,07:00,738
2025-11-08 08:00:00.000,08:00,720
2025-11-08 09:00:00.000,09:00,705
2025-11-08 10:00:00.000,10:00,710
2025-11-08 11:00:00.000,11:00,733
2025-11-08 12:00:00.000,12:00,700
2025-11-08 13:00:00.000,13:00,730
2025-11-08 14:00:00.000,14:00,710
2025-11-08 15:00:00.000,15:00,713
2025-11-08 16:00:00.000,16:00,714
2025-11-08 17:00:00.000,17:00,733
2025-11-08 18:00:00.000,18:00,720
2025-11-08 19:00:00.000,19:00,734
2025-11-08 20:00:00.000,20:00,706
2025-11-08 21:00:00.000,21:00,710
2025-11-08 22:00:00.000,22:00,730
2025-11-08 23:00:00.000,23:00,726
2025-11-09 00:00:00.000,00:00,617
2025-11-09 01:00:00.000,01:00,740
2025-11-09 02:00:00.000,02:00,719
2025-11-09 03:00:00.000,03:00,730
2025-11-09 04:00:00.000,04:00,738
2025-11-09 05:00:00.000,05:00,742
2025-11-09 06:00:00.000,06:00,730
2025-11-09 07:00:00.000,07:00,748
2025-11-09 08:00:00.000,08:00,740
2025-11-09 09:00:00.000,09:00,734
2025-11-09 10:00:00.000,10:00,756
2025-11-09 11:00:00.000,11:00,740
2025-11-09 12:00:00.000,12:00,727
2025-11-09 13:00:00.000,13:00,736
2025-11-09 14:00:00.000,14:00,737
2025-11-09 15:00:00.000,15:00,730
2025-11-09 16:00:00.000,16:00,737
2025-11-09 17:00:00.000,17:00,723
2025-11-09 18:00:00.000,18:00,750
2025-11-09 19:00:00.000,19:00,720
2025-11-09 20:00:00.000,20:00,730
2025-11-09 21:00:00.000,21:00,740
2025-11-09 22:00:00.000,22:00,747
2025-11-09 23:00:00.000,23:00,739
2025-11-10 00:00:00.000,00:00,738
2025-11-10 01:00:00.000,01:00,840
2025-11-10 02:00:00.000,02:00,756
2025-11-10 03:00:00.000,03:00,660
2025-11-10 04:00:00.000,04:00,732
2025-11-10 05:00:00.000,05:00,866
2025-11-10 06:00:00.000,06:00,746
2025-11-10 07:00:00.000,07:00,770
2025-11-10 08:00:00.000,08:00,600
2025-11-10 09:00:00.000,09:00,736.5454545454545
2025-11-10 10:00:00.000,10:00,711.4545454545455
2025-11-10 11:00:00.000,11:00,775.8181818181818
2025-11-10 12:00:00.000,12:00,766.1818181818182
2025-11-10 13:00:00.000,13:00,790
2025-11-10 14:00:00.000,14:00,776
2025-11-10 15:00:00.000,15:00,824
2025-11-10 16:00:00.000,16:00,793
2025-11-10 17:00:00.000,17:00,800
2025-11-10 18:00:00.000,18:00,790
2025-11-10 19:00:00.000,19:00,817
2025-11-10 20:00:00.000,20:00,790
2025-11-10 21:00:00.000,21:00,800
2025-11-10 22:00:00.000,22:00,820
2025-11-10 23:00:00.000,23:00,802
2025-11-11 00:00:00.000,00:00,686
2025-11-11 01:00:00.000,01:00,811
2025-11-11 02:00:00.000,02:00,785
2025-11-11 03:00:00.000,03:00,810
2025-11-11 04:00:00.000,04:00,792
2025-11-11 05:00:00.000,05:00,890
2025-11-11 06:00:00.000,06:00,790
2025-11-11 07:00:00.000,07:00,800
2025-11-11 08:00:00.000,08:00,787.8181818181818
2025-11-11 09:00:00.000,09:00,810.1818181818182
2025-11-11 10:00:00.000,10:00,797.090909090909
2025-11-11 11:00:00.000,11:00,792.7272727272727
2025-11-11 12:00:00.000,12:00,672.7272727272727
2025-11-11 13:00:00.000,13:00,773.4545454545455
2025-11-11 14:00:00.000,14:00,746
2025-11-11 15:00:00.000,15:00,763
2025-11-11 16:00:00.000,16:00,764
2025-11-11 17:00:00.000,17:00,760
2025-11-11 18:00:00.000,18:00,800
2025-11-11 19:00:00.000,19:00,780
2025-11-11 20:00:00.000,20:00,790
2025-11-11 21:00:00.000,21:00,797
2025-11-11 22:00:00.000,22:00,796
2025-11-11 23:00:00.000,23:00,855.4117647058823
2025-11-12 00:00:00.000,00:00,737.5882352941177
2025-11-12 01:00:00.000,01:00,789
2025-11-12 02:00:00.000,02:00,788
2025-11-12 03:00:00.000,03:00,809
2025-11-12 04:00:00.000,04:00,789
2025-11-12 05:00:00.000,05:00,790
2025-11-12 06:00:00.000,06:00,792
2025-11-12 07:00:00.000,07:00,794
2025-11-12 08:00:00.000,08:00,804
2025-11-12 09:00:00.000,09:00,792
2025-11-12 10:00:00.000,10:00,810
2025-11-12 11:00:00.000,11:00,696
2025-11-12 12:00:00.000,12:00,778
2025-11-12 13:00:00.000,13:00,773
2025-11-12 14:00:00.000,14:00,770
2025-11-12 15:00:00.000,15:00,750
2025-11-12 16:00:00.000,16:00,750
2025-11-12 17:00:00.000,17:00,770
2025-11-12 18:00:00.000,18:00,760
2025-11-12 19:00:00.000,19:00,750
2025-11-12 20:00:00.000,20:00,763
2025-11-12 21:00:00.000,21:00,767
2025-11-12 22:00:00.000,22:00,760
2025-11-12 23:00:00.000,23:00,779
2025-11-13 00:00:00.000,00:00,738
2025-11-13 01:00:00.000,01:00,784.5
2025-11-13 02:00:00.000,02:00,761.5
2025-11-13 03:00:00.000,03:00,760
2025-11-13 04:00:00.000,04:00,850
2025-11-13 05:00:00.000,05:00,690
2025-11-13 06:00:00.000,06:00,777.6666666666667
2025-11-13 07:00:00.000,07:00,860.3333333333333
2025-11-13 08:00:00.000,08:00,682
2025-11-13 09:00:00.000,09:00,870
2025-11-13 10:00:00.000,10:00,664
2025-11-13 11:00:00.000,11:00,804
2025-11-13 12:00:00.000,12:00,772
2025-11-13 13:00:00.000,13:00,770
2025-11-13 14:00:00.000,14:00,777
2025-11-13 15:00:00.000,15:00,766
2025-11-13 16:00:00.000,16:00,747
2025-11-13 17:00:00.000,17:00,740
2025-11-13 18:00:00.000,18:00,737
2025-11-13 19:00:00.000,19:00,760
2025-11-13 20:00:00.000,20:00,740
2025-11-13 21:00:00.000,21:00,750
2025-11-13 22:00:00.000,22:00,860
2025-11-13 23:00:00.000,23:00,659
2025-11-14 00:00:00.000,00:00,705.2129221732746
2025-11-14 01:00:00.000,01:00,682.8193832599119
2025-11-14 02:00:00.000,02:00,682.8193832599119
2025-11-14 03:00:00.000,03:00,682.8193832599119
2025-11-14 04:00:00.000,04:00,682.8193832599119
2025-11-14 05:00:00.000,05:00,682.8193832599119
2025-11-14 06:00:00.000,06:00,682.8193832599119
2025-11-14 07:00:00.000,07:00,682.8193832599119
2025-11-14 08:00:00.000,08:00,682.8193832599119
2025-11-14 09:00:00.000,09:00,682.8193832599119
2025-11-14 10:00:00.000,10:00,682.8193832599119
2025-11-14 11:00:00.000,11:00,694.5932452276065
2025-11-14 12:00:00.000,12:00,739
2025-11-14 13:00:00.000,13:00,719
2025-11-14 14:00:00.000,14:00,738
2025-11-14 15:00:00.000,15:00,700
2025-11-14 16:00:00.000,16:00,684
2025-11-14 17:00:00.000,17:00,690
2025-11-14 18:00:00.000,18:00,688
2025-11-14 19:00:00.000,19:00,680
2025-11-14 20:00:00.000,20:00,642
2025-11-14 21:00:00.000,21:00,640
2025-11-14 22:00:00.000,22:00,650
2025-11-14 23:00:00.000,23:00,652
2025-11-15 00:00:00.000,00:00,629
2025-11-15 01:00:00.000,01:00,669
2025-11-15 02:00:00.000,02:00,630
2025-11-15 03:00:00.000,03:00,622
2025-11-15 04:00:00.000,04:00,610
2025-11-15 05:00:00.000,05:00,620
2025-11-15 06:00:00.000,06:00,630
2025-11-15 07:00:00.000,07:00,620
2025-11-15 08:00:00.000,08:00,656
2025-11-15 09:00:00.000,09:00,642
2025-11-15 10:00:00.000,10:00,730
2025-11-15 11:00:00.000,11:00,776
2025-11-15 12:00:00.000,12:00,770
2025-11-15 13:00:00.000,13:00,767
2025-11-15 14:00:00.000,14:00,760
2025-11-15 15:00:00.000,15:00,790
2025-11-15 16:00:00.000,16:00,770
2025-11-15 17:00:00.000,17:00,770
2025-11-15 18:00:00.000,18:00,766
2025-11-15 19:00:00.000,19:00,804
2025-11-15 20:00:00.000,20:00,757
2025-11-15 21:00:00.000,21:00,800
2025-11-15 22:00:00.000,22:00,783
2025-11-15 23:00:00.000,23:00,799
2025-11-16 00:00:00.000,00:00,777
2025-11-16 01:00:00.000,01:00,770
2025-11-16 02:00:00.000,02:00,777
2025-11-16 03:00:00.000,03:00,792
2025-11-16 04:00:00.000,04:00,786
2025-11-16 05:00:00.000,05:00,772
2025-11-16 06:00:00.000,06:00,768
2025-11-16 07:00:00.000,07:00,772
2025-11-16 08:00:00.000,08:00,790
2025-11-16 09:00:00.000,09:00,778
2025-11-16 10:00:00.000,10:00,780
2025-11-16 11:00:00.000,11:00,798
2025-11-16 12:00:00.000,12:00,751
2025-11-16 13:00:00.000,13:00,780
2025-11-16 14:00:00.000,14:00,780
2025-11-16 15:00:00.000,15:00,770
2025-11-16 16:00:00.000,16:00,786
2025-11-16 17:00:00.000,17:00,791
2025-11-16 18:00:00.000,18:00,773
2025-11-16 19:00:00.000,19:00,790
2025-11-16 20:00:00.000,20:00,790
2025-11-16 21:00:00.000,21:00,807
2025-11-16 22:00:00.000,22:00,800
2025-11-16 23:00:00.000,23:00,822
2025-11-17 00:00:00.000,00:00,876
2025-11-17 01:00:00.000,01:00,730
2025-11-17 02:00:00.000,02:00,808
2025-11-17 03:00:00.000,03:00,818
2025-11-17 04:00:00.000,04:00,779.6666666666667
2025-11-17 05:00:00.000,05:00,804.3333333333333
2025-11-17 06:00:00.000,06:00,804
2025-11-17 07:00:00.000,07:00,802
2025-11-17 08:00:00.000,08:00,648
2025-11-17 09:00:00.000,09:00,158
2025-11-17 10:00:00.000,10:00,90
2025-11-17 11:00:00.000,11:00,68
2025-11-17 12:00:00.000,12:00,31.272727272727273
2025-11-17 13:00:00.000,13:00,12.727272727272727
2025-11-17 14:00:00.000,14:00,0
2025-11-17 15:00:00.000,15:00,0
2025-11-17 16:00:00.000,16:00,109
2025-11-17 17:00:00.000,17:00,739
2025-11-17 18:00:00.000,18:00,909.6470588235294
2025-11-17 19:00:00.000,19:00,810.8144796380091
2025-11-17 20:00:00.000,20:00,884.5384615384615
2025-11-17 21:00:00.000,21:00,852
2025-11-17 22:00:00.000,22:00,886
2025-11-17 23:00:00.000,23:00,889
2025-11-18 00:00:00.000,00:00,875
2025-11-18 01:00:00.000,01:00,872
2025-11-18 02:00:00.000,02:00,873
2025-11-18 03:00:00.000,03:00,900
2025-11-18 04:00:00.000,04:00,882
2025-11-18 05:00:00.000,05:00,878
2025-11-18 06:00:00.000,06:00,874
2025-11-18 07:00:00.000,07:00,868
2025-11-18 08:00:00.000,08:00,888
2025-11-18 09:00:00.000,09:00,850
2025-11-18 10:00:00.000,10:00,820
2025-11-18 11:00:00.000,11:00,898
2025-11-18 12:00:00.000,12:00,876
2025-11-18 13:00:00.000,13:00,874
2025-11-18 14:00:00.000,14:00,887
2025-11-18 15:00:00.000,15:00,924
2025-11-18 16:00:00.000,16:00,991
2025-11-18 17:00:00.000,17:00,942
2025-11-18 18:00:00.000,18:00,1070
2025-11-18 19:00:00.000,19:00,933
2025-11-18 20:00:00.000,20:00,937
2025-11-18 21:00:00.000,21:00,946
2025-11-18 22:00:00.000,22:00,842
2025-11-18 23:00:00.000,23:00,1040
2025-11-19 00:00:00.000,00:00,804
2025-11-19 01:00:00.000,01:00,930
2025-11-19 02:00:00.000,02:00,1028
2025-11-19 03:00:00.000,03:00,788
2025-11-19 04:00:00.000,04:00,910
2025-11-19 05:00:00.000,05:00,912
2025-11-19 06:00:00.000,06:00,904
2025-11-19 07:00:00.000,07:00,902
2025-11-19 08:00:00.000,08:00,804
2025-11-19 09:00:00.000,09:00,731.6363636363636
2025-11-19 10:00:00.000,10:00,934.3636363636364
2025-11-19 11:00:00.000,11:00,897
2025-11-19 12:00:00.000,12:00,917
2025-11-19 13:00:00.000,13:00,920
2025-11-19 14:00:00.000,14:00,933
2025-11-19 15:00:00.000,15:00,927
2025-11-19 16:00:00.000,16:00,923
2025-11-19 17:00:00.000,17:00,900
2025-11-19 18:00:00.000,18:00,920
2025-11-19 19:00:00.000,19:00,910
2025-11-19 20:00:00.000,20:00,890
2025-11-19 21:00:00.000,21:00,900
2025-11-19 22:00:00.000,22:00,1017
2025-11-19 23:00:00.000,23:00,908
2025-11-20 00:00:00.000,00:00,775
2025-11-20 01:00:00.000,01:00,909
2025-11-20 02:00:00.000,02:00,876
2025-11-20 03:00:00.000,03:00,910
2025-11-20 04:00:00.000,04:00,890
2025-11-20 05:00:00.000,05:00,900
2025-11-20 06:00:00.000,06:00,890
2025-11-20 07:00:00.000,07:00,920
2025-11-20 08:00:00.000,08:00,896
2025-11-20 09:00:00.000,09:00,922
2025-11-20 10:00:00.000,10:00,870
2025-11-20 11:00:00.000,11:00,886.4444444444445
2025-11-20 12:00:00.000,12:00,907.3737373737373
2025-11-20 13:00:00.000,13:00,940.1818181818182
2025-11-20 14:00:00.000,14:00,920
2025-11-20 15:00:00.000,15:00,910
2025-11-20 16:00:00.000,16:00,926
2025-11-20 17:00:00.000,17:00,944
2025-11-20 18:00:00.000,18:00,930
2025-11-20 19:00:00.000,19:00,930
2025-11-20 20:00:00.000,20:00,940
2025-11-20 21:00:00.000,21:00,930
2025-11-20 22:00:00.000,22:00,893
2025-11-20 23:00:00.000,23:00,935
2025-11-21 00:00:00.000,00:00,885
2025-11-21 01:00:00.000,01:00,930
2025-11-21 02:00:00.000,02:00,943
2025-11-21 03:00:00.000,03:00,940
2025-11-21 04:00:00.000,04:00,924
2025-11-21 05:00:00.000,05:00,950
2025-11-21 06:00:00.000,06:00,946
2025-11-21 07:00:00.000,07:00,930
2025-11-21 08:00:00.000,08:00,842
2025-11-21 09:00:00.000,09:00,878
2025-11-21 10:00:00.000,10:00,918.3636363636364
2025-11-21 11:00:00.000,11:00,950
2025-11-21 12:00:00.000,12:00,932.6363636363636
2025-11-21 13:00:00.000,13:00,939.1818181818181
2025-11-21 14:00:00.000,14:00,939.8181818181818
2025-11-21 15:00:00.000,15:00,944
2025-11-21 16:00:00.000,16:00,933
2025-11-21 17:00:00.000,17:00,927
2025-11-21 18:00:00.000,18:00,950
2025-11-21 19:00:00.000,19:00,930
2025-11-21 20:00:00.000,20:00,940
2025-11-21 21:00:00.000,21:00,940
2025-11-21 22:00:00.000,22:00,936
2025-11-21 23:00:00.000,23:00,952
2025-11-22 00:00:00.000,00:00,924
2025-11-22 01:00:00.000,01:00,930
2025-11-22 02:00:00.000,02:00,908
2025-11-22 03:00:00.000,03:00,938
2025-11-22 04:00:00.000,04:00,948
2025-11-22 05:00:00.000,05:00,922
2025-11-22 06:00:00.000,06:00,938
2025-11-22 07:00:00.000,07:00,920
2025-11-22 08:00:00.000,08:00,922
2025-11-22 09:00:00.000,09:00,956
2025-11-22 10:00:00.000,10:00,918.4444444444445
2025-11-22 11:00:00.000,11:00,927.5555555555555
2025-11-22 12:00:00.000,12:00,923
2025-11-22 13:00:00.000,13:00,933
2025-11-22 14:00:00.000,14:00,954
2025-11-22 15:00:00.000,15:00,930
2025-11-22 16:00:00.000,16:00,930
2025-11-22 17:00:00.000,17:00,950
2025-11-22 18:00:00.000,18:00,937
2025-11-22 19:00:00.000,19:00,933
2025-11-22 20:00:00.000,20:00,933
2025-11-22 21:00:00.000,21:00,967
2025-11-22 22:00:00.000,22:00,957
2025-11-22 23:00:00.000,23:00,951
2025-11-23 00:00:00.000,00:00,953
2025-11-23 01:00:00.000,01:00,990
2025-11-23 02:00:00.000,02:00,929
2025-11-23 03:00:00.000,03:00,984
2025-11-23 04:00:00.000,04:00,960
2025-11-23 05:00:00.000,05:00,962
2025-11-23 06:00:00.000,06:00,968
2025-11-23 07:00:00.000,07:00,988
2025-11-23 08:00:00.000,08:00,964
2025-11-23 09:00:00.000,09:00,971
2025-11-23 10:00:00.000,10:00,971
2025-11-23 11:00:00.000,11:00,922
2025-11-23 12:00:00.000,12:00,923
2025-11-23 13:00:00.000,13:00,890
2025-11-23 14:00:00.000,14:00,893
2025-11-23 15:00:00.000,15:00,903
2025-11-23 16:00:00.000,16:00,914
2025-11-23 17:00:00.000,17:00,890
2025-11-23 18:00:00.000,18:00,907
2025-11-23 19:00:00.000,19:00,883
2025-11-23 20:00:00.000,20:00,1026
2025-11-23 21:00:00.000,21:00,911
2025-11-23 22:00:00.000,22:00,900
2025-11-23 23:00:00.000,23:00,928
2025-11-24 00:00:00.000,00:00,801.1111111111111
2025-11-24 01:00:00.000,01:00,903.8888888888889
2025-11-24 02:00:00.000,02:00,933
2025-11-24 03:00:00.000,03:00,932
2025-11-24 04:00:00.000,04:00,930
2025-11-24 05:00:00.000,05:00,948
2025-11-24 06:00:00.000,06:00,930
2025-11-24 07:00:00.000,07:00,920
2025-11-24 08:00:00.000,08:00,836
2025-11-24 09:00:00.000,09:00,886
2025-11-24 10:00:00.000,10:00,890
2025-11-24 11:00:00.000,11:00,880
2025-11-24 12:00:00.000,12:00,900
2025-11-24 13:00:00.000,13:00,910
2025-11-24 14:00:00.000,14:00,858
2025-11-24 15:00:00.000,15:00,867
2025-11-24 16:00:00.000,16:00,896.5
2025-11-24 17:00:00.000,17:00,856.5
2025-11-24 18:00:00.000,18:00,987
2025-11-24 19:00:00.000,19:00,880
2025-11-24 20:00:00.000,20:00,854
2025-11-24 21:00:00.000,21:00,919
2025-11-24 22:00:00.000,22:00,790
2025-11-24 23:00:00.000,23:00,892
2025-11-25 00:00:00.000,00:00,1003
2025-11-25 01:00:00.000,01:00,932
2025-11-25 02:00:00.000,02:00,768
2025-11-25 03:00:00.000,03:00,973
2025-11-25 04:00:00.000,04:00,844
2025-11-25 05:00:00.000,05:00,1018
2025-11-25 06:00:00.000,06:00,793
2025-11-25 07:00:00.000,07:00,1021
2025-11-25 08:00:00.000,08:00,920
2025-11-25 09:00:00.000,09:00,894
2025-11-25 10:00:00.000,10:00,804
2025-11-25 11:00:00.000,11:00,900
2025-11-25 12:00:00.000,12:00,926
2025-11-25 13:00:00.000,13:00,983.090909090909
2025-11-25 14:00:00.000,14:00,922.9090909090909
2025-11-25 15:00:00.000,15:00,953
2025-11-25 16:00:00.000,16:00,937
2025-11-25 17:00:00.000,17:00,803
2025-11-25 18:00:00.000,18:00,1027
2025-11-25 19:00:00.000,19:00,910
2025-11-25 20:00:00.000,20:00,920
2025-11-25 21:00:00.000,21:00,913
2025-11-25 22:00:00.000,22:00,907
2025-11-25 23:00:00.000,23:00,938
2025-11-26 00:00:00.000,00:00,934
2025-11-26 01:00:00.000,01:00,930
2025-11-26 02:00:00.000,02:00,936
2025-11-26 03:00:00.000,03:00,938
2025-11-26 04:00:00.000,04:00,820
2025-11-26 05:00:00.000,05:00,940
2025-11-26 06:00:00.000,06:00,920
2025-11-26 07:00:00.000,07:00,924
2025-11-26 08:00:00.000,08:00,758
2025-11-26 09:00:00.000,09:00,726
2025-11-26 10:00:00.000,10:00,962
2025-11-26 11:00:00.000,11:00,968
2025-11-26 12:00:00.000,12:00,955.8181818181818
2025-11-26 13:00:00.000,13:00,960.1818181818182
2025-11-26 14:00:00.000,14:00,940
2025-11-26 15:00:00.000,15:00,940
2025-11-26 16:00:00.000,16:00,953
2025-11-26 17:00:00.000,17:00,957
2025-11-26 18:00:00.000,18:00,950
2025-11-26 19:00:00.000,19:00,960
2025-11-26 20:00:00.000,20:00,950
2025-11-26 21:00:00.000,21:00,1061
2025-11-26 22:00:00.000,22:00,869
2025-11-26 23:00:00.000,23:00,988
2025-11-27 00:00:00.000,00:00,914
2025-11-27 01:00:00.000,01:00,960
2025-11-27 02:00:00.000,02:00,1073.5
2025-11-27 03:00:00.000,03:00,930.5
2025-11-27 04:00:00.000,04:00,823
2025-11-27 05:00:00.000,05:00,921
2025-11-27 06:00:00.000,06:00,946
2025-11-27 07:00:00.000,07:00,930
2025-11-27 08:00:00.000,08:00,930
2025-11-27 09:00:00.000,09:00,930
2025-11-27 10:00:00.000,10:00,994
2025-11-27 11:00:00.000,11:00,956
2025-11-27 12:00:00.000,12:00,928.3636363636364
2025-11-27 13:00:00.000,13:00,925.6363636363636
2025-11-27 14:00:00.000,14:00,936
2025-11-27 15:00:00.000,15:00,954
2025-11-27 16:00:00.000,16:00,940
2025-11-27 17:00:00.000,17:00,940
2025-11-27 18:00:00.000,18:00,950
2025-11-27 19:00:00.000,19:00,970
2025-11-27 20:00:00.000,20:00,940
2025-11-27 21:00:00.000,21:00,940
2025-11-27 22:00:00.000,22:00,933
2025-11-27 23:00:00.000,23:00,945
2025-11-28 00:00:00.000,00:00,944
2025-11-28 01:00:00.000,01:00,930
2025-11-28 02:00:00.000,02:00,924
2025-11-28 03:00:00.000,03:00,922
2025-11-28 04:00:00.000,04:00,948
2025-11-28 05:00:00.000,05:00,912
2025-11-28 06:00:00.000,06:00,910
2025-11-28 07:00:00.000,07:00,918
2025-11-28 08:00:00.000,08:00,784
2025-11-28 09:00:00.000,09:00,946
2025-11-28 10:00:00.000,10:00,920
2025-11-28 11:00:00.000,11:00,922
2025-11-28 12:00:00.000,12:00,902
2025-11-28 13:00:00.000,13:00,923
2025-11-28 14:00:00.000,14:00,937
2025-11-28 15:00:00.000,15:00,930
2025-11-28 16:00:00.000,16:00,927
2025-11-28 17:00:00.000,17:00,953
2025-11-28 18:00:00.000,18:00,940
2025-11-28 19:00:00.000,19:00,930
2025-11-28 20:00:00.000,20:00,937
2025-11-28 21:00:00.000,21:00,960
2025-11-28 22:00:00.000,22:00,933
2025-11-28 23:00:00.000,23:00,918
2025-11-29 00:00:00.000,00:00,935
2025-11-29 01:00:00.000,01:00,940
2025-11-29 02:00:00.000,02:00,905
2025-11-29 03:00:00.000,03:00,938
2025-11-29 04:00:00.000,04:00,912
2025-11-29 05:00:00.000,05:00,900
2025-11-29 06:00:00.000,06:00,922
2025-11-29 07:00:00.000,07:00,936
2025-11-29 08:00:00.000,08:00,940
2025-11-29 09:00:00.000,09:00,972
2025-11-29 10:00:00.000,10:00,918
2025-11-29 11:00:00.000,11:00,920
2025-11-29 12:00:00.000,12:00,894
2025-11-29 13:00:00.000,13:00,903
2025-11-29 14:00:00.000,14:00,917
2025-11-29 15:00:00.000,15:00,913
2025-11-29 16:00:00.000,16:00,910
2025-11-29 17:00:00.000,17:00,900
2025-11-29 18:00:00.000,18:00,907
2025-11-29 19:00:00.000,19:00,913
2025-11-29 20:00:00.000,20:00,910
2025-11-29 21:00:00.000,21:00,907
2025-11-29 22:00:00.000,22:00,910
2025-11-29 23:00:00.000,23:00,928
2025-11-30 00:00:00.000,00:00,904
2025-11-30 01:00:00.000,01:00,900
2025-11-30 02:00:00.000,02:00,914
2025-11-30 03:00:00.000,03:00,900
2025-11-30 04:00:00.000,04:00,904
2025-11-30 05:00:00.000,05:00,904
2025-11-30 06:00:00.000,06:00,894
2025-11-30 07:00:00.000,07:00,890
2025-11-30 08:00:00.000,08:00,904
2025-11-30 09:00:00.000,09:00,898
2025-11-30 10:00:00.000,10:00,926
2025-11-30 11:00:00.000,11:00,938
2025-11-30 12:00:00.000,12:00,919
2025-11-30 13:00:00.000,13:00,923
2025-11-30 14:00:00.000,14:00,917
2025-11-30 15:00:00.000,15:00,897
2025-11-30 16:00:00.000,16:00,900
2025-11-30 17:00:00.000,17:00,910
2025-11-30 18:00:00.000,18:00,916
2025-11-30 19:00:00.000,19:00,884
2025-11-30 20:00:00.000,20:00,930
2025-11-30 21:00:00.000,21:00,897
2025-11-30 22:00:00.000,22:00,933
2025-11-30 23:00:00.000,23:00,898
2025-12-01 00:00:00.000,00:00,904
2025-12-01 01:00:00.000,01:00,921
2025-12-01 02:00:00.000,02:00,905
2025-12-01 03:00:00.000,03:00,900
2025-12-01 04:00:00.000,04:00,900
2025-12-01 05:00:00.000,05:00,898
2025-12-01 06:00:00.000,06:00,904
2025-12-01 07:00:00.000,07:00,908
2025-12-01 08:00:00.000,08:00,900
2025-12-01 09:00:00.000,09:00,906
2025-12-01 10:00:00.000,10:00,290
2025-12-01 11:00:00.000,11:00,194
2025-12-01 12:00:00.000,12:00,829.090909090909
2025-12-01 13:00:00.000,13:00,762.909090909091
2025-12-01 14:00:00.000,14:00,893
2025-12-01 15:00:00.000,15:00,911.5
2025-12-01 16:00:00.000,16:00,878.5
2025-12-01 17:00:00.000,17:00,917
2025-12-01 18:00:00.000,18:00,907
2025-12-01 19:00:00.000,19:00,928.5
2025-12-01 20:00:00.000,20:00,945.8333333333333
2025-12-01 21:00:00.000,21:00,1008.6666666666666
2025-12-01 22:00:00.000,22:00,913
2025-12-01 23:00:00.000,23:00,915
2025-12-02 00:00:00.000,00:00,894
2025-12-02 01:00:00.000,01:00,809
2025-12-02 02:00:00.000,02:00,919
2025-12-02 03:00:00.000,03:00,906
2025-12-02 04:00:00.000,04:00,894
2025-12-02 05:00:00.000,05:00,1048
2025-12-02 06:00:00.000,06:00,908.5714285714286
2025-12-02 07:00:00.000,07:00,857.4285714285714
2025-12-02 08:00:00.000,08:00,856
2025-12-02 09:00:00.000,09:00,918
2025-12-02 10:00:00.000,10:00,910
2025-12-02 11:00:00.000,11:00,928
2025-12-02 12:00:00.000,12:00,950.8888888888889
2025-12-02 13:00:00.000,13:00,916.1111111111111
2025-12-02 14:00:00.000,14:00,907
2025-12-02 15:00:00.000,15:00,900
2025-12-02 16:00:00.000,16:00,909.6666666666667
2025-12-02 17:00:00.000,17:00,906.3333333333333
2025-12-02 18:00:00.000,18:00,904
2025-12-02 19:00:00.000,19:00,893
2025-12-02 20:00:00.000,20:00,893
2025-12-02 21:00:00.000,21:00,914
2025-12-02 22:00:00.000,22:00,890
2025-12-02 23:00:00.000,23:00,988
2025-12-03 00:00:00.000,00:00,765
2025-12-03 01:00:00.000,01:00,900
2025-12-03 02:00:00.000,02:00,985
2025-12-03 03:00:00.000,03:00,886
2025-12-03 04:00:00.000,04:00,794
2025-12-03 05:00:00.000,05:00,900
2025-12-03 06:00:00.000,06:00,1008
2025-12-03 07:00:00.000,07:00,842
2025-12-03 08:00:00.000,08:00,908
2025-12-03 09:00:00.000,09:00,882
2025-12-03 10:00:00.000,10:00,874
2025-12-03 11:00:00.000,11:00,875.090909090909
2025-12-03 12:00:00.000,12:00,865.9090909090909
2025-12-03 13:00:00.000,13:00,890
2025-12-03 14:00:00.000,14:00,873
2025-12-03 15:00:00.000,15:00,863
2025-12-03 16:00:00.000,16:00,904
2025-12-03 17:00:00.000,17:00,880
2025-12-03 18:00:00.000,18:00,870
2025-12-03 19:00:00.000,19:00,866
2025-12-03 20:00:00.000,20:00,977
2025-12-03 21:00:00.000,21:00,857
2025-12-03 22:00:00.000,22:00,863
2025-12-03 23:00:00.000,23:00,882
2025-12-04 00:00:00.000,00:00,755
2025-12-04 01:00:00.000,01:00,980
2025-12-04 02:00:00.000,02:00,753
2025-12-04 03:00:00.000,03:00,882
2025-12-04 04:00:00.000,04:00,916
2025-12-04 05:00:00.000,05:00,834
2025-12-04 06:00:00.000,06:00,878
2025-12-04 07:00:00.000,07:00,872
2025-12-04 08:00:00.000,08:00,774
2025-12-04 09:00:00.000,09:00,904
2025-12-04 10:00:00.000,10:00,932
2025-12-04 11:00:00.000,11:00,880
2025-12-04 12:00:00.000,12:00,889.090909090909
2025-12-04 13:00:00.000,13:00,881.909090909091
2025-12-04 14:00:00.000,14:00,917
2025-12-04 15:00:00.000,15:00,897
2025-12-04 16:00:00.000,16:00,887
2025-12-04 17:00:00.000,17:00,906
2025-12-04 18:00:00.000,18:00,917
2025-12-04 19:00:00.000,19:00,900
2025-12-04 20:00:00.000,20:00,890
2025-12-04 21:00:00.000,21:00,1003
2025-12-04 22:00:00.000,22:00,777
2025-12-04 23:00:00.000,23:00,1005
2025-12-05 00:00:00.000,00:00,765
2025-12-05 01:00:00.000,01:00,899
2025-12-05 02:00:00.000,02:00,860.4444444444445
2025-12-05 03:00:00.000,03:00,895.5555555555555
2025-12-05 04:00:00.000,04:00,870
2025-12-05 05:00:00.000,05:00,880
2025-12-05 06:00:00.000,06:00,880
2025-12-05 07:00:00.000,07:00,882
2025-12-05 08:00:00.000,08:00,866
2025-12-05 09:00:00.000,09:00,892
2025-12-05 10:00:00.000,10:00,900
2025-12-05 11:00:00.000,11:00,750
2025-12-05 12:00:00.000,12:00,825
2025-12-05 13:00:00.000,13:00,880
2025-12-05 14:00:00.000,14:00,890
2025-12-05 15:00:00.000,15:00,897
2025-12-05 16:00:00.000,16:00,903
2025-12-05 17:00:00.000,17:00,890
2025-12-05 18:00:00.000,18:00,890
2025-12-05 19:00:00.000,19:00,900
2025-12-05 20:00:00.000,20:00,910
2025-12-05 21:00:00.000,21:00,880
2025-12-05 22:00:00.000,22:00,863
2025-12-05 23:00:00.000,23:00,892
2025-12-06 00:00:00.000,00:00,855
2025-12-06 01:00:00.000,01:00,1009
2025-12-06 02:00:00.000,02:00,914
2025-12-06 03:00:00.000,03:00,790
2025-12-06 04:00:00.000,04:00,882
2025-12-06 05:00:00.000,05:00,900
2025-12-06 06:00:00.000,06:00,890
2025-12-06 07:00:00.000,07:00,892
2025-12-06 08:00:00.000,08:00,888
2025-12-06 09:00:00.000,09:00,890
2025-12-06 10:00:00.000,10:00,870
2025-12-06 11:00:00.000,11:00,879.090909090909
2025-12-06 12:00:00.000,12:00,885.9090909090909
2025-12-06 13:00:00.000,13:00,906
2025-12-06 14:00:00.000,14:00,914
2025-12-06 15:00:00.000,15:00,880
2025-12-06 16:00:00.000,16:00,880
2025-12-06 17:00:00.000,17:00,887
2025-12-06 18:00:00.000,18:00,890
2025-12-06 19:00:00.000,19:00,883
2025-12-06 20:00:00.000,20:00,880
2025-12-06 21:00:00.000,21:00,896
2025-12-06 22:00:00.000,22:00,881
2025-12-06 23:00:00.000,23:00,878
2025-12-07 00:00:00.000,00:00,885
2025-12-07 01:00:00.000,01:00,882
2025-12-07 02:00:00.000,02:00,881
2025-12-07 03:00:00.000,03:00,874
2025-12-07 04:00:00.000,04:00,988
2025-12-07 05:00:00.000,05:00,870
2025-12-07 06:00:00.000,06:00,860
2025-12-07 07:00:00.000,07:00,864
2025-12-07 08:00:00.000,08:00,856
2025-12-07 09:00:00.000,09:00,870
2025-12-07 10:00:00.000,10:00,859.090909090909
2025-12-07 11:00:00.000,11:00,874.909090909091
2025-12-07 12:00:00.000,12:00,861
2025-12-07 13:00:00.000,13:00,873
2025-12-07 14:00:00.000,14:00,914
2025-12-07 15:00:00.000,15:00,913
2025-12-07 16:00:00.000,16:00,917
2025-12-07 17:00:00.000,17:00,893
2025-12-07 18:00:00.000,18:00,870
2025-12-07 19:00:00.000,19:00,876
2025-12-07 20:00:00.000,20:00,884
2025-12-07 21:00:00.000,21:00,786.5
2025-12-07 22:00:00.000,22:00,860.375
2025-12-07 23:00:00.000,23:00,878.125
2025-12-08 00:00:00.000,00:00,904
2025-12-08 01:00:00.000,01:00,881
2025-12-08 02:00:00.000,02:00,875
2025-12-08 03:00:00.000,03:00,873.3333333333334
2025-12-08 04:00:00.000,04:00,894.6666666666666
2025-12-08 05:00:00.000,05:00,862
2025-12-08 06:00:00.000,06:00,870
2025-12-08 07:00:00.000,07:00,958
2025-12-08 08:00:00.000,08:00,652
2025-12-08 09:00:00.000,09:00,136
2025-12-08 10:00:00.000,10:00,34
2025-12-08 11:00:00.000,11:00,0
2025-12-08 12:00:00.000,12:00,100
2025-12-08 13:00:00.000,13:00,0
2025-12-08 14:00:00.000,14:00,10
2025-12-08 15:00:00.000,15:00,28
2025-12-08 16:00:00.000,16:00,393
2025-12-08 17:00:00.000,17:00,803
2025-12-08 18:00:00.000,18:00,854
2025-12-08 19:00:00.000,19:00,911.5
2025-12-08 20:00:00.000,20:00,785.5
2025-12-08 21:00:00.000,21:00,880
2025-12-08 22:00:00.000,22:00,980
2025-12-08 23:00:00.000,23:00,865
2025-12-09 00:00:00.000,00:00,775
2025-12-09 01:00:00.000,01:00,899.9999999999999
2025-12-09 02:00:00.000,02:00,903
2025-12-09 03:00:00.000,03:00,890
2025-12-09 04:00:00.000,04:00,892
2025-12-09 05:00:00.000,05:00,898
2025-12-09 06:00:00.000,06:00,910
2025-12-09 07:00:00.000,07:00,964
2025-12-09 08:00:00.000,08:00,916.5714285714286
2025-12-09 09:00:00.000,09:00,769.4285714285714
2025-12-09 10:00:00.000,10:00,992
2025-12-09 11:00:00.000,11:00,786.6666666666667
2025-12-09 12:00:00.000,12:00,865.3333333333333
2025-12-09 13:00:00.000,13:00,864.6666666666666
2025-12-09 14:00:00.000,14:00,864.3333333333333
2025-12-09 15:00:00.000,15:00,874
2025-12-09 16:00:00.000,16:00,880
2025-12-09 17:00:00.000,17:00,940
2025-12-09 18:00:00.000,18:00,1020
2025-12-09 19:00:00.000,19:00,793
2025-12-09 20:00:00.000,20:00,954
2025-12-09 21:00:00.000,21:00,793
2025-12-09 22:00:00.000,22:00,876
2025-12-09 23:00:00.000,23:00,879
2025-12-10 00:00:00.000,00:00,886
2025-12-10 01:00:00.000,01:00,869.8333333333333
2025-12-10 02:00:00.000,02:00,954.1666666666667
2025-12-10 03:00:00.000,03:00,790
2025-12-10 04:00:00.000,04:00,892
2025-12-10 05:00:00.000,05:00,878
2025-12-10 06:00:00.000,06:00,870
2025-12-10 07:00:00.000,07:00,880
2025-12-10 08:00:00.000,08:00,730
2025-12-10 09:00:00.000,09:00,862
2025-12-10 10:00:00.000,10:00,858
2025-12-10 11:00:00.000,11:00,870
2025-12-10 12:00:00.000,12:00,870
2025-12-10 13:00:00.000,13:00,902
2025-12-10 14:00:00.000,14:00,903
2025-12-10 15:00:00.000,15:00,910
2025-12-10 16:00:00.000,16:00,913
2025-12-10 17:00:00.000,17:00,914
2025-12-10 18:00:00.000,18:00,893
2025-12-10 19:00:00.000,19:00,974
2025-12-10 20:00:00.000,20:00,916
2025-12-10 21:00:00.000,21:00,900
2025-12-10 22:00:00.000,22:00,863
2025-12-10 23:00:00.000,23:00,742
2025-12-11 00:00:00.000,00:00,886
2025-12-11 01:00:00.000,01:00,871
2025-12-11 02:00:00.000,02:00,873
2025-12-11 03:00:00.000,03:00,862
2025-12-11 04:00:00.000,04:00,881.3333333333334
2025-12-11 05:00:00.000,05:00,850.6666666666666
2025-12-11 06:00:00.000,06:00,876
2025-12-11 07:00:00.000,07:00,860
2025-12-11 08:00:00.000,08:00,860
2025-12-11 09:00:00.000,09:00,910
2025-12-11 10:00:00.000,10:00,907.2727272727273
2025-12-11 11:00:00.000,11:00,890.7272727272727
2025-12-11 12:00:00.000,12:00,872
2025-12-11 13:00:00.000,13:00,868
2025-12-11 14:00:00.000,14:00,887
2025-12-11 15:00:00.000,15:00,880
2025-12-11 16:00:00.000,16:00,880
2025-12-11 17:00:00.000,17:00,890
2025-12-11 18:00:00.000,18:00,900
2025-12-11 19:00:00.000,19:00,877
2025-12-11 20:00:00.000,20:00,883
2025-12-11 21:00:00.000,21:00,870
2025-12-11 22:00:00.000,22:00,996
2025-12-11 23:00:00.000,23:00,749
2025-12-12 00:00:00.000,00:00,866
2025-12-12 01:00:00.000,01:00,871
2025-12-12 02:00:00.000,02:00,855.3076923076924
2025-12-12 03:00:00.000,03:00,867.6923076923076
2025-12-12 04:00:00.000,04:00,862
2025-12-12 05:00:00.000,05:00,850
2025-12-12 06:00:00.000,06:00,850
2025-12-12 07:00:00.000,07:00,870
2025-12-12 08:00:00.000,08:00,660
2025-12-12 09:00:00.000,09:00,860
2025-12-12 10:00:00.000,10:00,878
2025-12-12 11:00:00.000,11:00,1010
2025-12-12 12:00:00.000,12:00,905
2025-12-12 13:00:00.000,13:00,890
2025-12-12 14:00:00.000,14:00,880
2025-12-12 15:00:00.000,15:00,896
2025-12-12 16:00:00.000,16:00,894
2025-12-12 17:00:00.000,17:00,893
2025-12-12 18:00:00.000,18:00,877
2025-12-12 19:00:00.000,19:00,886
2025-12-12 20:00:00.000,20:00,894
2025-12-12 21:00:00.000,21:00,863
2025-12-12 22:00:00.000,22:00,897
2025-12-12 23:00:00.000,23:00,905
2025-12-13 00:00:00.000,00:00,755
2025-12-13 01:00:00.000,01:00,980
2025-12-13 02:00:00.000,02:00,775
2025-12-13 03:00:00.000,03:00,850
2025-12-13 04:00:00.000,04:00,884
2025-12-13 05:00:00.000,05:00,878
2025-12-13 06:00:00.000,06:00,870
2025-12-13 07:00:00.000,07:00,860
2025-12-13 08:00:00.000,08:00,878
2025-12-13 09:00:00.000,09:00,918
2025-12-13 10:00:00.000,10:00,924.2222222222222
2025-12-13 11:00:00.000,11:00,971.4141414141413
2025-12-13 12:00:00.000,12:00,975.3636363636364
2025-12-13 13:00:00.000,13:00,990
2025-12-13 14:00:00.000,14:00,993
2025-12-13 15:00:00.000,15:00,967
2025-12-13 16:00:00.000,16:00,963
2025-12-13 17:00:00.000,17:00,976
2025-12-13 18:00:00.000,18:00,984
2025-12-13 19:00:00.000,19:00,980
2025-12-13 20:00:00.000,20:00,977
2025-12-13 21:00:00.000,21:00,986
2025-12-13 22:00:00.000,22:00,984
2025-12-13 23:00:00.000,23:00,971
2025-12-14 00:00:00.000,00:00,993
2025-12-14 01:00:00.000,01:00,1000
2025-12-14 02:00:00.000,02:00,963
2025-12-14 03:00:00.000,03:00,1000
2025-12-14 04:00:00.000,04:00,1120
2025-12-14 05:00:00.000,05:00,988
2025-12-14 06:00:00.000,06:00,982
2025-12-14 07:00:00.000,07:00,1012
2025-12-14 08:00:00.000,08:00,998
2025-12-14 09:00:00.000,09:00,1000
2025-12-14 10:00:00.000,10:00,985.8181818181818
2025-12-14 11:00:00.000,11:00,978.1818181818182
2025-12-14 12:00:00.000,12:00,982
2025-12-14 13:00:00.000,13:00,967
2025-12-14 14:00:00.000,14:00,976
2025-12-14 15:00:00.000,15:00,977
2025-12-14 16:00:00.000,16:00,970
2025-12-14 17:00:00.000,17:00,970
2025-12-14 18:00:00.000,18:00,973
2025-12-14 19:00:00.000,19:00,987
2025-12-14 20:00:00.000,20:00,980
2025-12-14 21:00:00.000,21:00,977
2025-12-14 22:00:00.000,22:00,846
2025-12-14 23:00:00.000,23:00,985
2025-12-15 00:00:00.000,00:00,974
2025-12-15 01:00:00.000,01:00,989
2025-12-15 02:00:00.000,02:00,975
2025-12-15 03:00:00.000,03:00,982
2025-12-15 04:00:00.000,04:00,998
2025-12-15 05:00:00.000,05:00,980
2025-12-15 06:00:00.000,06:00,968
2025-12-15 07:00:00.000,07:00,974
2025-12-15 08:00:00.000,08:00,906
2025-12-15 09:00:00.000,09:00,154
2025-12-15 10:00:00.000,10:00,0
2025-12-15 11:00:00.000,11:00,110
2025-12-15 12:00:00.000,12:00,0
2025-12-15 13:00:00.000,13:00,10
2025-12-15 14:00:00.000,14:00,90
2025-12-15 15:00:00.000,15:00,10
2025-12-15 16:00:00.000,16:00,7
2025-12-15 17:00:00.000,17:00,3
2025-12-15 18:00:00.000,18:00,107
2025-12-15 19:00:00.000,19:00,3
2025-12-15 20:00:00.000,20:00,0
2025-12-15 21:00:00.000,21:00,10
2025-12-15 22:00:00.000,22:00,10
2025-12-15 23:00:00.000,23:00,0
2025-12-16 00:00:00.000,00:00,10
2025-12-16 01:00:00.000,01:00,10
2025-12-16 02:00:00.000,02:00,8
2025-12-16 03:00:00.000,03:00,2
2025-12-16 04:00:00.000,04:00,10
2025-12-16 05:00:00.000,05:00,10
2025-12-16 06:00:00.000,06:00,8
2025-12-16 07:00:00.000,07:00,2
2025-12-16 08:00:00.000,08:00,10
2025-12-16 09:00:00.000,09:00,10
2025-12-16 10:00:00.000,10:00,8
2025-12-16 11:00:00.000,11:00,2
2025-12-16 12:00:00.000,12:00,9.999999999999998
2025-12-16 13:00:00.000,13:00,0
2025-12-16 14:00:00.000,14:00,10
2025-12-16 15:00:00.000,15:00,0
2025-12-16 16:00:00.000,16:00,10
2025-12-16 17:00:00.000,17:00,0
2025-12-16 18:00:00.000,18:00,0
2025-12-16 19:00:00.000,19:00,0
2025-12-16 20:00:00.000,20:00,0
2025-12-16 21:00:00.000,21:00,0
2025-12-16 22:00:00.000,22:00,0
2025-12-16 23:00:00.000,23:00,0
2025-12-17 00:00:00.000,00:00,0
2025-12-17 01:00:00.000,01:00,0
2025-12-17 02:00:00.000,02:00,0
2025-12-17 03:00:00.000,03:00,0
2025-12-17 04:00:00.000,04:00,0
2025-12-17 05:00:00.000,05:00,0
2025-12-17 06:00:00.000,06:00,0
2025-12-17 07:00:00.000,07:00,0
2025-12-17 08:00:00.000,08:00,0
2025-12-17 09:00:00.000,09:00,0
2025-12-17 10:00:00.000,10:00,0
2025-12-17 11:00:00.000,11:00,0
2025-12-17 12:00:00.000,12:00,0
2025-12-17 13:00:00.000,13:00,0
2025-12-17 14:00:00.000,14:00,0
2025-12-17 15:00:00.000,15:00,0
2025-12-17 16:00:00.000,16:00,0
2025-12-17 17:00:00.000,17:00,0
2025-12-17 18:00:00.000,18:00,0
2025-12-17 19:00:00.000,19:00,0
2025-12-17 20:00:00.000,20:00,0
2025-12-17 21:00:00.000,21:00,0
2025-12-17 22:00:00.000,22:00,0
2025-12-17 23:00:00.000,23:00,0
2025-12-18 00:00:00.000,00:00,0
2025-12-18 01:00:00.000,01:00,0
2025-12-18 02:00:00.000,02:00,0
2025-12-18 03:00:00.000,03:00,0
2025-12-18 04:00:00.000,04:00,0
2025-12-18 05:00:00.000,05:00,0
2025-12-18 06:00:00.000,06:00,0
2025-12-18 07:00:00.000,07:00,0
2025-12-18 08:00:00.000,08:00,0
2025-12-18 09:00:00.000,09:00,0
2025-12-18 10:00:00.000,10:00,0
2025-12-18 11:00:00.000,11:00,0
2025-12-18 12:00:00.000,12:00,0
2025-12-18 13:00:00.000,13:00,0
2025-12-18 14:00:00.000,14:00,0
2025-12-18 15:00:00.000,15:00,0
2025-12-18 16:00:00.000,16:00,0
2025-12-18 17:00:00.000,17:00,0
2025-12-18 18:00:00.000,18:00,0
2025-12-18 19:00:00.000,19:00,0
2025-12-18 20:00:00.000,20:00,0
2025-12-18 21:00:00.000,21:00,0
2025-12-18 22:00:00.000,22:00,0
2025-12-18 23:00:00.000,23:00,0
2025-12-19 00:00:00.000,00:00,0
2025-12-19 01:00:00.000,01:00,0
2025-12-19 02:00:00.000,02:00,0
2025-12-19 03:00:00.000,03:00,0
2025-12-19 04:00:00.000,04:00,0
2025-12-19 05:00:00.000,05:00,0
2025-12-19 06:00:00.000,06:00,0
2025-12-19 07:00:00.000,07:00,0
2025-12-19 08:00:00.000,08:00,0
2025-12-19 09:00:00.000,09:00,0
2025-12-19 10:00:00.000,10:00,0
2025-12-19 11:00:00.000,11:00,0
2025-12-19 12:00:00.000,12:00,34
2025-12-19 13:00:00.000,13:00,258
2025-12-19 14:00:00.000,14:00,357
2025-12-19 15:00:00.000,15:00,412
2025-12-19 16:00:00.000,16:00,574
2025-12-19 17:00:00.000,17:00,944
2025-12-19 18:00:00.000,18:00,980
2025-12-19 19:00:00.000,19:00,1016
2025-12-19 20:00:00.000,20:00,1034
2025-12-19 21:00:00.000,21:00,1030
2025-12-19 22:00:00.000,22:00,1027
2025-12-19 23:00:00.000,23:00,1034
2025-12-20 00:00:00.000,00:00,1023
2025-12-20 01:00:00.000,01:00,1136
2025-12-20 02:00:00.000,02:00,897
2025-12-20 03:00:00.000,03:00,1082
2025-12-20 04:00:00.000,04:00,1066
2025-12-20 05:00:00.000,05:00,1014
2025-12-20 06:00:00.000,06:00,1036
2025-12-20 07:00:00.000,07:00,1004
2025-12-20 08:00:00.000,08:00,978
2025-12-20 09:00:00.000,09:00,980
2025-12-20 10:00:00.000,10:00,960
2025-12-20 11:00:00.000,11:00,1002
2025-12-20 12:00:00.000,12:00,986.4444444444445
2025-12-20 13:00:00.000,13:00,1018.5555555555555
2025-12-20 14:00:00.000,14:00,1012
2025-12-20 15:00:00.000,15:00,1004
2025-12-20 16:00:00.000,16:00,970
2025-12-20 17:00:00.000,17:00,980
2025-12-20 18:00:00.000,18:00,966
2025-12-20 19:00:00.000,19:00,974
2025-12-20 20:00:00.000,20:00,970
2025-12-20 21:00:00.000,21:00,990
2025-12-20 22:00:00.000,22:00,990
2025-12-20 23:00:00.000,23:00,962.7647058823529
2025-12-21 00:00:00.000,00:00,921.2352941176471
2025-12-21 01:00:00.000,01:00,1159
2025-12-21 02:00:00.000,02:00,905.2727272727273
2025-12-21 03:00:00.000,03:00,1028.7272727272727
2025-12-21 04:00:00.000,04:00,1024
2025-12-21 05:00:00.000,05:00,1036
2025-12-21 06:00:00.000,06:00,1020
2025-12-21 07:00:00.000,07:00,1004
2025-12-21 08:00:00.000,08:00,1044
2025-12-21 09:00:00.000,09:00,1070
2025-12-21 10:00:00.000,10:00,1030
2025-12-21 11:00:00.000,11:00,1032
2025-12-21 12:00:00.000,12:00,1038
2025-12-21 13:00:00.000,13:00,1059
2025-12-21 14:00:00.000,14:00,1042
2025-12-21 15:00:00.000,15:00,984
2025-12-21 16:00:00.000,16:00,1013
2025-12-21 17:00:00.000,17:00,1037
2025-12-21 18:00:00.000,18:00,1020
2025-12-21 19:00:00.000,19:00,1020
2025-12-21 20:00:00.000,20:00,1030
2025-12-21 21:00:00.000,21:00,1047
2025-12-21 22:00:00.000,22:00,1013
2025-12-21 23:00:00.000,23:00,1041
2025-12-22 00:00:00.000,00:00,1143
2025-12-22 01:00:00.000,01:00,900
2025-12-22 02:00:00.000,02:00,1033
2025-12-22 03:00:00.000,03:00,1020
2025-12-22 04:00:00.000,04:00,1038
2025-12-22 05:00:00.000,05:00,1016
2025-12-22 06:00:00.000,06:00,1032
2025-12-22 07:00:00.000,07:00,1004
2025-12-22 08:00:00.000,08:00,690
2025-12-22 09:00:00.000,09:00,802
2025-12-22 10:00:00.000,10:00,998
2025-12-22 11:00:00.000,11:00,996.2222222222222
2025-12-22 12:00:00.000,12:00,935.7777777777777
2025-12-22 13:00:00.000,13:00,887
2025-12-22 14:00:00.000,14:00,940
2025-12-22 15:00:00.000,15:00,957
2025-12-22 16:00:00.000,16:00,950
2025-12-22 17:00:00.000,17:00,940
2025-12-22 18:00:00.000,18:00,956
2025-12-22 19:00:00.000,19:00,940
2025-12-22 20:00:00.000,20:00,964
2025-12-22 21:00:00.000,21:00,950
2025-12-22 22:00:00.000,22:00,946
2025-12-22 23:00:00.000,23:00,942
2025-12-23 00:00:00.000,00:00,952
2025-12-23 01:00:00.000,01:00,942
2025-12-23 02:00:00.000,02:00,936
2025-12-23 03:00:00.000,03:00,958
2025-12-23 04:00:00.000,04:00,950
2025-12-23 05:00:00.000,05:00,950
2025-12-23 06:00:00.000,06:00,950
2025-12-23 07:00:00.000,07:00,954
2025-12-23 08:00:00.000,08:00,966
2025-12-23 09:00:00.000,09:00,940
2025-12-23 10:00:00.000,10:00,742
2025-12-23 11:00:00.000,11:00,920
2025-12-23 12:00:00.000,12:00,979
2025-12-23 13:00:00.000,13:00,916
2025-12-23 14:00:00.000,14:00,900
2025-12-23 15:00:00.000,15:00,907
2025-12-23 16:00:00.000,16:00,883
2025-12-23 17:00:00.000,17:00,900
2025-12-23 18:00:00.000,18:00,880
2025-12-23 19:00:00.000,19:00,890
2025-12-23 20:00:00.000,20:00,886
2025-12-23 21:00:00.000,21:00,894
2025-12-23 22:00:00.000,22:00,876
2025-12-23 23:00:00.000,23:00,909
2025-12-24 00:00:00.000,00:00,985
2025-12-24 01:00:00.000,01:00,890
2025-12-24 02:00:00.000,02:00,765
2025-12-24 03:00:00.000,03:00,880
2025-12-24 04:00:00.000,04:00,890
2025-12-24 05:00:00.000,05:00,866
2025-12-24 06:00:00.000,06:00,904
2025-12-24 07:00:00.000,07:00,870
2025-12-24 08:00:00.000,08:00,814
2025-12-24 09:00:00.000,09:00,874
2025-12-24 10:00:00.000,10:00,926
2025-12-24 11:00:00.000,11:00,942
2025-12-24 12:00:00.000,12:00,932
2025-12-24 13:00:00.000,13:00,904
2025-12-24 14:00:00.000,14:00,920
2025-12-24 15:00:00.000,15:00,940
2025-12-24 16:00:00.000,16:00,920
2025-12-24 17:00:00.000,17:00,927
2025-12-24 18:00:00.000,18:00,906
2025-12-24 19:00:00.000,19:00,937
2025-12-24 20:00:00.000,20:00,920
2025-12-24 21:00:00.000,21:00,913
2025-12-24 22:00:00.000,22:00,917
2025-12-24 23:00:00.000,23:00,948
2025-12-25 00:00:00.000,00:00,905
2025-12-25 01:00:00.000,01:00,919
2025-12-25 02:00:00.000,02:00,914
2025-12-25 03:00:00.000,03:00,912
2025-12-25 04:00:00.000,04:00,914
2025-12-25 05:00:00.000,05:00,918
2025-12-25 06:00:00.000,06:00,918
2025-12-25 07:00:00.000,07:00,910
2025-12-25 08:00:00.000,08:00,910
2025-12-25 09:00:00.000,09:00,918
2025-12-25 10:00:00.000,10:00,930
2025-12-25 11:00:00.000,11:00,982
2025-12-25 12:00:00.000,12:00,954.4444444444445
2025-12-25 13:00:00.000,13:00,937.5555555555555
2025-12-25 14:00:00.000,14:00,940
2025-12-25 15:00:00.000,15:00,943
2025-12-25 16:00:00.000,16:00,927
2025-12-25 17:00:00.000,17:00,913
2025-12-25 18:00:00.000,18:00,917
2025-12-25 19:00:00.000,19:00,917
2025-12-25 20:00:00.000,20:00,923
2025-12-25 21:00:00.000,21:00,910
2025-12-25 22:00:00.000,22:00,910
2025-12-25 23:00:00.000,23:00,918
2025-12-26 00:00:00.000,00:00,895
2025-12-26 01:00:00.000,01:00,929
2025-12-26 02:00:00.000,02:00,906
2025-12-26 03:00:00.000,03:00,840
2025-12-26 04:00:00.000,04:00,870
2025-12-26 05:00:00.000,05:00,918
2025-12-26 06:00:00.000,06:00,930
2025-12-26 07:00:00.000,07:00,910
2025-12-26 08:00:00.000,08:00,804
2025-12-26 09:00:00.000,09:00,926
2025-12-26 10:00:00.000,10:00,912
2025-12-26 11:00:00.000,11:00,939
2025-12-26 12:00:00.000,12:00,923
2025-12-26 13:00:00.000,13:00,923
2025-12-26 14:00:00.000,14:00,920
2025-12-26 15:00:00.000,15:00,927
2025-12-26 16:00:00.000,16:00,940
2025-12-26 17:00:00.000,17:00,920
2025-12-26 18:00:00.000,18:00,920
2025-12-26 19:00:00.000,19:00,903
2025-12-26 20:00:00.000,20:00,930
2025-12-26 21:00:00.000,21:00,927
2025-12-26 22:00:00.000,22:00,910
2025-12-26 23:00:00.000,23:00,908
2025-12-27 00:00:00.000,00:00,893
2025-12-27 01:00:00.000,01:00,912
2025-12-27 02:00:00.000,02:00,895
2025-12-27 03:00:00.000,03:00,862
2025-12-27 04:00:00.000,04:00,848
2025-12-27 05:00:00.000,05:00,840
2025-12-27 06:00:00.000,06:00,872
2025-12-27 07:00:00.000,07:00,938
2025-12-27 08:00:00.000,08:00,908
2025-12-27 09:00:00.000,09:00,912
2025-12-27 10:00:00.000,10:00,920
2025-12-27 11:00:00.000,11:00,920
2025-12-27 12:00:00.000,12:00,915
2025-12-27 13:00:00.000,13:00,920
2025-12-27 14:00:00.000,14:00,927
2025-12-27 15:00:00.000,15:00,138
2025-12-27 16:00:00.000,16:00,0
2025-12-27 17:00:00.000,17:00,0
2025-12-27 18:00:00.000,18:00,3572
2025-12-27 19:00:00.000,19:00,906
2025-12-27 20:00:00.000,20:00,870
2025-12-27 21:00:00.000,21:00,887
2025-12-27 22:00:00.000,22:00,920
2025-12-27 23:00:00.000,23:00,945
2025-12-28 00:00:00.000,00:00,894
2025-12-28 01:00:00.000,01:00,931
2025-12-28 02:00:00.000,02:00,915
2025-12-28 03:00:00.000,03:00,910
2025-12-28 04:00:00.000,04:00,872
2025-12-28 05:00:00.000,05:00,868
2025-12-28 06:00:00.000,06:00,864
2025-12-28 07:00:00.000,07:00,914
2025-12-28 08:00:00.000,08:00,940
2025-12-28 09:00:00.000,09:00,940
2025-12-28 10:00:00.000,10:00,948
2025-12-28 11:00:00.000,11:00,1042
2025-12-28 12:00:00.000,12:00,948.3636363636364
2025-12-28 13:00:00.000,13:00,912.6363636363636
2025-12-28 14:00:00.000,14:00,926
2025-12-28 15:00:00.000,15:00,927
2025-12-28 16:00:00.000,16:00,943
2025-12-28 17:00:00.000,17:00,927
2025-12-28 18:00:00.000,18:00,910
2025-12-28 19:00:00.000,19:00,920
2025-12-28 20:00:00.000,20:00,933
2025-12-28 21:00:00.000,21:00,920
2025-12-28 22:00:00.000,22:00,920
2025-12-28 23:00:00.000,23:00,935
2025-12-29 00:00:00.000,00:00,885
2025-12-29 01:00:00.000,01:00,881
2025-12-29 02:00:00.000,02:00,778
2025-12-29 03:00:00.000,03:00,750
2025-12-29 04:00:00.000,04:00,760
2025-12-29 05:00:00.000,05:00,770
2025-12-29 06:00:00.000,06:00,764
2025-12-29 07:00:00.000,07:00,832
2025-12-29 08:00:00.000,08:00,908
2025-12-29 09:00:00.000,09:00,928
2025-12-29 10:00:00.000,10:00,932
2025-12-29 11:00:00.000,11:00,796
2025-12-29 12:00:00.000,12:00,885.0909090909091
2025-12-29 13:00:00.000,13:00,885.9090909090909
2025-12-29 14:00:00.000,14:00,887
2025-12-29 15:00:00.000,15:00,873
2025-12-29 16:00:00.000,16:00,890
2025-12-29 17:00:00.000,17:00,870
2025-12-29 18:00:00.000,18:00,880
2025-12-29 19:00:00.000,19:00,907
2025-12-29 20:00:00.000,20:00,906
2025-12-29 21:00:00.000,21:00,924
2025-12-29 22:00:00.000,22:00,903
2025-12-29 23:00:00.000,23:00,905
2025-12-30 00:00:00.000,00:00,924
2025-12-30 01:00:00.000,01:00,900
2025-12-30 02:00:00.000,02:00,818
2025-12-30 03:00:00.000,03:00,772
2025-12-30 04:00:00.000,04:00,778
2025-12-30 05:00:00.000,05:00,848
2025-12-30 06:00:00.000,06:00,864
2025-12-30 07:00:00.000,07:00,834
2025-12-30 08:00:00.000,08:00,950
2025-12-30 09:00:00.000,09:00,920
2025-12-30 10:00:00.000,10:00,920
2025-12-30 11:00:00.000,11:00,944
2025-12-30 12:00:00.000,12:00,940
2025-12-30 13:00:00.000,13:00,940
2025-12-30 14:00:00.000,14:00,930
2025-12-30 15:00:00.000,15:00,956
2025-12-30 16:00:00.000,16:00,1004
2025-12-30 17:00:00.000,17:00,947
2025-12-30 18:00:00.000,18:00,943
2025-12-30 19:00:00.000,19:00,946
2025-12-30 20:00:00.000,20:00,954
2025-12-30 21:00:00.000,21:00,933
2025-12-30 22:00:00.000,22:00,937
2025-12-30 23:00:00.000,23:00,938
2025-12-31 00:00:00.000,00:00,904
2025-12-31 01:00:00.000,01:00,882
2025-12-31 02:00:00.000,02:00,808
2025-12-31 03:00:00.000,03:00,780
2025-12-31 04:00:00.000,04:00,778
2025-12-31 05:00:00.000,05:00,812
2025-12-31 06:00:00.000,06:00,858
2025-12-31 07:00:00.000,07:00,888
2025-12-31 08:00:00.000,08:00,892
2025-12-31 09:00:00.000,09:00,912
2025-12-31 10:00:00.000,10:00,908
2025-12-31 11:00:00.000,11:00,898
2025-12-31 12:00:00.000,12:00,705
2025-12-31 13:00:00.000,13:00,876
2025-12-31 14:00:00.000,14:00,917
2025-12-31 15:00:00.000,15:00,917
2025-12-31 16:00:00.000,16:00,934
2025-12-31 17:00:00.000,17:00,923
2025-12-31 18:00:00.000,18:00,919
2025-12-31 19:00:00.000,19:00,921
2025-12-31 20:00:00.000,20:00,910
2025-12-31 21:00:00.000,21:00,923
2025-12-31 22:00:00.000,22:00,907
2025-12-31 23:00:00.000,23:00,918
