date,id_attraction,attraction_name,visitor_count,id,hour,min,week,day,month,year
2025-01-31 16:00:00.000,A13,ALIEN,0,2114,16,0,5,31,1,2025
2025-02-13 18:00:00.000,A13,ALIEN,0,5378,18,0,7,13,2,2025
2025-02-13 19:00:00.000,A13,ALIEN,0,5401,19,0,7,13,2,2025
2025-02-13 20:00:00.000,A13,ALIEN,0,5424,20,0,7,13,2,2025
2025-02-13 21:00:00.000,A13,ALIEN,0,5447,21,0,7,13,2,2025
2025-02-17 17:00:00.000,A13,ALIEN,0,6835,17,0,8,17,2,2025
2025-02-18 10:00:00.000,A13,ALIEN,0,7119,10,0,8,18,2,2025
2025-02-18 11:00:00.000,A13,ALIEN,0,7142,11,0,8,18,2,2025
2025-02-18 12:00:00.000,A13,ALIEN,0,7165,12,0,8,18,2,2025
2025-02-18 13:00:00.000,A13,ALIEN,0,7188,13,0,8,18,2,2025
2025-02-18 14:00:00.000,A13,ALIEN,0,7211,14,0,8,18,2,2025
2025-02-18 15:00:00.000,A13,ALIEN,0,7234,15,0,8,18,2,2025
2025-02-18 16:00:00.000,A13,ALIEN,0,7257,16,0,8,18,2,2025
2025-02-18 17:00:00.000,A13,ALIEN,0,7280,17,0,8,18,2,2025
2025-02-18 18:00:00.000,A13,ALIEN,0,7303,18,0,8,18,2,2025
2025-02-18 19:00:00.000,A13,ALIEN,0,7326,19,0,8,18,2,2025
2025-02-18 20:00:00.000,A13,ALIEN,0,7349,20,0,8,18,2,2025
2025-02-18 21:00:00.000,A13,ALIEN,0,7372,21,0,8,18,2,2025
2025-02-20 13:00:00.000,A13,ALIEN,0,7979,13,0,8,20,2,2025
2025-02-20 14:00:00.000,A13,ALIEN,0,8002,14,0,8,20,2,2025
2025-02-20 15:00:00.000,A13,ALIEN,0,8025,15,0,8,20,2,2025
2025-02-20 16:00:00.000,A13,ALIEN,0,8048,16,0,8,20,2,2025
2025-02-20 17:00:00.000,A13,ALIEN,0,8071,17,0,8,20,2,2025
2025-02-20 18:00:00.000,A13,ALIEN,0,8094,18,0,8,20,2,2025
2025-02-20 19:00:00.000,A13,ALIEN,0,8117,19,0,8,20,2,2025
2025-02-20 20:00:00.000,A13,ALIEN,0,8140,20,0,8,20,2,2025
2025-02-20 21:00:00.000,A13,ALIEN,0,8163,21,0,8,20,2,2025
2025-02-26 09:00:00.000,A13,ALIEN,0,10151,9,0,9,26,2,2025
2025-02-26 10:00:00.000,A13,ALIEN,0,10173,10,0,9,26,2,2025
2025-02-26 11:00:00.000,A13,ALIEN,0,10195,11,0,9,26,2,2025
2025-02-26 12:00:00.000,A13,ALIEN,0,10217,12,0,9,26,2,2025
2025-02-26 13:00:00.000,A13,ALIEN,0,10239,13,0,9,26,2,2025
2025-02-26 14:00:00.000,A13,ALIEN,0,10261,14,0,9,26,2,2025
2025-02-26 15:00:00.000,A13,ALIEN,0,10283,15,0,9,26,2,2025
2025-02-26 16:00:00.000,A13,ALIEN,0,10305,16,0,9,26,2,2025
2025-02-26 17:00:00.000,A13,ALIEN,0,10327,17,0,9,26,2,2025
2025-02-26 18:00:00.000,A13,ALIEN,0,10349,18,0,9,26,2,2025
2025-02-26 19:00:00.000,A13,ALIEN,0,10371,19,0,9,26,2,2025
2025-02-26 20:00:00.000,A13,ALIEN,0,10393,20,0,9,26,2,2025
2025-02-26 21:00:00.000,A13,ALIEN,0,10415,21,0,9,26,2,2025
2025-02-28 09:00:00.000,A13,ALIEN,0,10959,9,0,9,28,2,2025
2025-02-28 10:00:00.000,A13,ALIEN,0,10976,10,0,9,28,2,2025
2025-02-28 11:00:00.000,A13,ALIEN,0,10993,11,0,9,28,2,2025
2025-02-28 12:00:00.000,A13,ALIEN,0,11010,12,0,9,28,2,2025
2025-02-28 13:00:00.000,A13,ALIEN,0,11027,13,0,9,28,2,2025
2025-02-28 14:00:00.000,A13,ALIEN,0,11044,14,0,9,28,2,2025
2025-02-28 15:00:00.000,A13,ALIEN,0,11061,15,0,9,28,2,2025
2025-02-28 16:00:00.000,A13,ALIEN,0,11078,16,0,9,28,2,2025
2025-02-28 17:00:00.000,A13,ALIEN,0,11095,17,0,9,28,2,2025
2025-02-28 18:00:00.000,A13,ALIEN,0,11112,18,0,9,28,2,2025
2025-02-28 19:00:00.000,A13,ALIEN,0,11129,19,0,9,28,2,2025
2025-02-28 20:00:00.000,A13,ALIEN,0,11146,20,0,9,28,2,2025
2025-02-28 21:00:00.000,A13,ALIEN,0,11163,21,0,9,28,2,2025
2025-03-19 16:00:00.000,A13,ALIEN,0,17626,16,0,12,19,3,2025
2025-03-19 17:00:00.000,A13,ALIEN,0,17647,17,0,12,19,3,2025
2025-03-19 18:00:00.000,A13,ALIEN,0,17668,18,0,12,19,3,2025
2025-03-20 16:00:00.000,A13,ALIEN,0,17966,16,0,12,20,3,2025
2025-03-24 09:00:00.000,A13,ALIEN,0,19532,9,0,13,24,3,2025
2025-03-24 10:00:00.000,A13,ALIEN,0,19553,10,0,13,24,3,2025
2025-03-24 11:00:00.000,A13,ALIEN,0,19574,11,0,13,24,3,2025
2025-03-24 12:00:00.000,A13,ALIEN,0,19595,12,0,13,24,3,2025
2025-03-24 13:00:00.000,A13,ALIEN,0,19616,13,0,13,24,3,2025
2025-03-24 14:00:00.000,A13,ALIEN,0,19637,14,0,13,24,3,2025
2025-03-24 15:00:00.000,A13,ALIEN,0,19658,15,0,13,24,3,2025
2025-03-24 16:00:00.000,A13,ALIEN,0,19679,16,0,13,24,3,2025
2025-03-24 17:00:00.000,A13,ALIEN,0,19700,17,0,13,24,3,2025
2025-03-24 18:00:00.000,A13,ALIEN,0,19721,18,0,13,24,3,2025
2025-03-24 19:00:00.000,A13,ALIEN,0,19742,19,0,13,24,3,2025
2025-03-25 07:00:00.000,A13,ALIEN,0,19897,7,0,13,25,3,2025
2025-03-25 08:00:00.000,A13,ALIEN,0,19918,8,0,13,25,3,2025
2025-03-25 09:00:00.000,A13,ALIEN,0,19939,9,0,13,25,3,2025
2025-03-25 10:00:00.000,A13,ALIEN,0,19960,10,0,13,25,3,2025
2025-03-25 11:00:00.000,A13,ALIEN,0,19981,11,0,13,25,3,2025
2025-03-25 12:00:00.000,A13,ALIEN,0,20002,12,0,13,25,3,2025
2025-03-25 13:00:00.000,A13,ALIEN,0,20023,13,0,13,25,3,2025
2025-03-25 14:00:00.000,A13,ALIEN,0,20044,14,0,13,25,3,2025
2025-03-25 15:00:00.000,A13,ALIEN,0,20065,15,0,13,25,3,2025
2025-03-25 16:00:00.000,A13,ALIEN,0,20086,16,0,13,25,3,2025
2025-03-25 17:00:00.000,A13,ALIEN,0,20107,17,0,13,25,3,2025
2025-03-25 18:00:00.000,A13,ALIEN,0,20128,18,0,13,25,3,2025
2025-03-26 07:00:00.000,A13,ALIEN,0,20296,7,0,13,26,3,2025
2025-03-26 08:00:00.000,A13,ALIEN,0,20317,8,0,13,26,3,2025
2025-03-26 09:00:00.000,A13,ALIEN,0,20338,9,0,13,26,3,2025
2025-03-26 10:00:00.000,A13,ALIEN,0,20359,10,0,13,26,3,2025
2025-03-26 11:00:00.000,A13,ALIEN,0,20380,11,0,13,26,3,2025
2025-03-26 12:00:00.000,A13,ALIEN,0,20401,12,0,13,26,3,2025
2025-03-26 13:00:00.000,A13,ALIEN,0,20422,13,0,13,26,3,2025
2025-03-26 14:00:00.000,A13,ALIEN,0,20443,14,0,13,26,3,2025
2025-03-26 15:00:00.000,A13,ALIEN,0,20464,15,0,13,26,3,2025
2025-03-26 16:00:00.000,A13,ALIEN,0,20485,16,0,13,26,3,2025
2025-03-26 17:00:00.000,A13,ALIEN,0,20506,17,0,13,26,3,2025
2025-03-26 18:00:00.000,A13,ALIEN,0,20527,18,0,13,26,3,2025
2025-03-27 07:00:00.000,A13,ALIEN,0,20704,7,0,13,27,3,2025
2025-03-27 08:00:00.000,A13,ALIEN,0,20725,8,0,13,27,3,2025
2025-03-27 09:00:00.000,A13,ALIEN,0,20746,9,0,13,27,3,2025
2025-03-27 10:00:00.000,A13,ALIEN,0,20767,10,0,13,27,3,2025
2025-03-27 11:00:00.000,A13,ALIEN,0,20788,11,0,13,27,3,2025
2025-03-27 12:00:00.000,A13,ALIEN,0,20809,12,0,13,27,3,2025
2025-03-27 13:00:00.000,A13,ALIEN,0,20830,13,0,13,27,3,2025
2025-03-27 14:00:00.000,A13,ALIEN,0,20851,14,0,13,27,3,2025
2025-03-27 15:00:00.000,A13,ALIEN,0,20872,15,0,13,27,3,2025
2025-03-27 16:00:00.000,A13,ALIEN,0,20893,16,0,13,27,3,2025
2025-03-27 17:00:00.000,A13,ALIEN,0,20914,17,0,13,27,3,2025
2025-03-27 18:00:00.000,A13,ALIEN,0,20935,18,0,13,27,3,2025
2025-03-27 20:00:00.000,A13,ALIEN,0,20969,20,0,13,27,3,2025
2025-03-27 21:00:00.000,A13,ALIEN,0,20990,21,0,13,27,3,2025
2025-03-27 22:00:00.000,A13,ALIEN,0,21011,22,0,13,27,3,2025
2025-03-27 23:00:00.000,A13,ALIEN,0,21032,23,0,13,27,3,2025
2025-03-28 07:00:00.000,A13,ALIEN,0,21144,7,0,13,28,3,2025
2025-03-28 08:00:00.000,A13,ALIEN,0,21165,8,0,13,28,3,2025
2025-03-28 09:00:00.000,A13,ALIEN,0,21186,9,0,13,28,3,2025
2025-03-28 10:00:00.000,A13,ALIEN,0,21207,10,0,13,28,3,2025
2025-03-28 11:00:00.000,A13,ALIEN,0,21228,11,0,13,28,3,2025
2025-03-28 12:00:00.000,A13,ALIEN,0,21249,12,0,13,28,3,2025
2025-03-28 13:00:00.000,A13,ALIEN,0,21270,13,0,13,28,3,2025
2025-03-28 14:00:00.000,A13,ALIEN,0,21291,14,0,13,28,3,2025
2025-03-28 15:00:00.000,A13,ALIEN,0,21312,15,0,13,28,3,2025
2025-03-28 16:00:00.000,A13,ALIEN,0,21333,16,0,13,28,3,2025
2025-03-28 17:00:00.000,A13,ALIEN,0,21354,17,0,13,28,3,2025
2025-03-28 18:00:00.000,A13,ALIEN,0,21375,18,0,13,28,3,2025
2025-03-29 07:00:00.000,A13,ALIEN,0,21552,7,0,13,29,3,2025
2025-03-29 08:00:00.000,A13,ALIEN,0,21576,8,0,13,29,3,2025
2025-03-29 09:00:00.000,A13,ALIEN,0,21600,9,0,13,29,3,2025
2025-03-29 10:00:00.000,A13,ALIEN,0,21624,10,0,13,29,3,2025
2025-03-29 11:00:00.000,A13,ALIEN,0,21648,11,0,13,29,3,2025
2025-03-29 12:00:00.000,A13,ALIEN,0,21672,12,0,13,29,3,2025
2025-03-29 13:00:00.000,A13,ALIEN,0,21696,13,0,13,29,3,2025
2025-03-29 14:00:00.000,A13,ALIEN,0,21720,14,0,13,29,3,2025
2025-03-29 15:00:00.000,A13,ALIEN,0,21744,15,0,13,29,3,2025
2025-03-29 16:00:00.000,A13,ALIEN,0,21768,16,0,13,29,3,2025
2025-03-29 17:00:00.000,A13,ALIEN,0,21792,17,0,13,29,3,2025
2025-03-29 18:00:00.000,A13,ALIEN,0,21816,18,0,13,29,3,2025
2025-03-29 19:00:00.000,A13,ALIEN,0,21840,19,0,13,29,3,2025
2025-03-29 20:00:00.000,A13,ALIEN,0,21864,20,0,13,29,3,2025
2025-03-29 21:00:00.000,A13,ALIEN,0,21888,21,0,13,29,3,2025
2025-03-30 07:00:00.000,A13,ALIEN,0,22040,7,0,14,30,3,2025
2025-03-30 08:00:00.000,A13,ALIEN,0,22064,8,0,14,30,3,2025
2025-03-30 09:00:00.000,A13,ALIEN,0,22088,9,0,14,30,3,2025
2025-03-30 10:00:00.000,A13,ALIEN,0,22112,10,0,14,30,3,2025
2025-03-30 11:00:00.000,A13,ALIEN,0,22136,11,0,14,30,3,2025
2025-03-30 12:00:00.000,A13,ALIEN,0,22160,12,0,14,30,3,2025
2025-03-30 13:00:00.000,A13,ALIEN,0,22184,13,0,14,30,3,2025
2025-03-30 14:00:00.000,A13,ALIEN,0,22208,14,0,14,30,3,2025
2025-03-30 15:00:00.000,A13,ALIEN,0,22232,15,0,14,30,3,2025
2025-03-30 16:00:00.000,A13,ALIEN,0,22256,16,0,14,30,3,2025
2025-03-30 17:00:00.000,A13,ALIEN,0,22280,17,0,14,30,3,2025
2025-03-30 18:00:00.000,A13,ALIEN,0,22304,18,0,14,30,3,2025
2025-03-31 07:00:00.000,A13,ALIEN,0,22520,7,0,14,31,3,2025
2025-03-31 08:00:00.000,A13,ALIEN,0,22541,8,0,14,31,3,2025
2025-03-31 09:00:00.000,A13,ALIEN,0,22562,9,0,14,31,3,2025
2025-03-31 10:00:00.000,A13,ALIEN,0,22583,10,0,14,31,3,2025
2025-03-31 11:00:00.000,A13,ALIEN,0,22604,11,0,14,31,3,2025
2025-03-31 12:00:00.000,A13,ALIEN,0,22625,12,0,14,31,3,2025
2025-03-31 13:00:00.000,A13,ALIEN,0,22646,13,0,14,31,3,2025
2025-03-31 14:00:00.000,A13,ALIEN,0,22667,14,0,14,31,3,2025
2025-03-31 15:00:00.000,A13,ALIEN,0,22688,15,0,14,31,3,2025
2025-03-31 16:00:00.000,A13,ALIEN,0,22709,16,0,14,31,3,2025
2025-03-31 17:00:00.000,A13,ALIEN,0,22730,17,0,14,31,3,2025
2025-03-31 18:00:00.000,A13,ALIEN,0,22751,18,0,14,31,3,2025
2025-04-01 07:00:00.000,A13,ALIEN,0,22928,7,0,14,1,4,2025
2025-04-01 08:00:00.000,A13,ALIEN,0,22949,8,0,14,1,4,2025
2025-04-01 09:00:00.000,A13,ALIEN,0,22970,9,0,14,1,4,2025
2025-04-01 10:00:00.000,A13,ALIEN,0,22991,10,0,14,1,4,2025
2025-04-01 11:00:00.000,A13,ALIEN,0,23012,11,0,14,1,4,2025
2025-04-01 12:00:00.000,A13,ALIEN,0,23033,12,0,14,1,4,2025
2025-04-01 13:00:00.000,A13,ALIEN,0,23054,13,0,14,1,4,2025
2025-04-01 14:00:00.000,A13,ALIEN,0,23075,14,0,14,1,4,2025
2025-04-01 15:00:00.000,A13,ALIEN,0,23096,15,0,14,1,4,2025
2025-04-01 16:00:00.000,A13,ALIEN,0,23117,16,0,14,1,4,2025
2025-04-01 17:00:00.000,A13,ALIEN,0,23138,17,0,14,1,4,2025
2025-04-01 18:00:00.000,A13,ALIEN,0,23159,18,0,14,1,4,2025
2025-04-02 07:00:00.000,A13,ALIEN,0,23328,7,0,14,2,4,2025
2025-04-02 08:00:00.000,A13,ALIEN,0,23349,8,0,14,2,4,2025
2025-04-02 09:00:00.000,A13,ALIEN,0,23370,9,0,14,2,4,2025
2025-04-02 10:00:00.000,A13,ALIEN,0,23391,10,0,14,2,4,2025
2025-04-02 11:00:00.000,A13,ALIEN,0,23412,11,0,14,2,4,2025
2025-04-02 12:00:00.000,A13,ALIEN,0,23433,12,0,14,2,4,2025
2025-04-02 13:00:00.000,A13,ALIEN,0,23454,13,0,14,2,4,2025
2025-04-02 14:00:00.000,A13,ALIEN,0,23475,14,0,14,2,4,2025
2025-04-02 15:00:00.000,A13,ALIEN,0,23496,15,0,14,2,4,2025
2025-04-02 16:00:00.000,A13,ALIEN,0,23517,16,0,14,2,4,2025
2025-04-02 17:00:00.000,A13,ALIEN,0,23538,17,0,14,2,4,2025
2025-04-02 18:00:00.000,A13,ALIEN,0,23559,18,0,14,2,4,2025
2025-04-03 07:00:00.000,A13,ALIEN,0,23736,7,0,14,3,4,2025
2025-04-03 08:00:00.000,A13,ALIEN,0,23757,8,0,14,3,4,2025
2025-04-03 09:00:00.000,A13,ALIEN,0,23778,9,0,14,3,4,2025
2025-04-03 10:00:00.000,A13,ALIEN,0,23799,10,0,14,3,4,2025
2025-04-03 11:00:00.000,A13,ALIEN,0,23820,11,0,14,3,4,2025
2025-04-03 12:00:00.000,A13,ALIEN,0,23841,12,0,14,3,4,2025
2025-04-03 13:00:00.000,A13,ALIEN,0,23862,13,0,14,3,4,2025
2025-04-03 14:00:00.000,A13,ALIEN,0,23883,14,0,14,3,4,2025
2025-04-03 15:00:00.000,A13,ALIEN,0,23904,15,0,14,3,4,2025
2025-04-03 16:00:00.000,A13,ALIEN,0,23925,16,0,14,3,4,2025
2025-04-03 17:00:00.000,A13,ALIEN,0,23946,17,0,14,3,4,2025
2025-04-03 18:00:00.000,A13,ALIEN,0,23967,18,0,14,3,4,2025
2025-04-04 07:00:00.000,A13,ALIEN,0,24144,7,0,14,4,4,2025
2025-04-04 08:00:00.000,A13,ALIEN,0,24165,8,0,14,4,4,2025
2025-04-04 09:00:00.000,A13,ALIEN,0,24186,9,0,14,4,4,2025
2025-04-04 10:00:00.000,A13,ALIEN,0,24207,10,0,14,4,4,2025
2025-04-04 11:00:00.000,A13,ALIEN,0,24228,11,0,14,4,4,2025
2025-04-04 12:00:00.000,A13,ALIEN,0,24249,12,0,14,4,4,2025
2025-04-04 13:00:00.000,A13,ALIEN,0,24270,13,0,14,4,4,2025
2025-04-04 14:00:00.000,A13,ALIEN,0,24291,14,0,14,4,4,2025
2025-04-04 15:00:00.000,A13,ALIEN,0,24312,15,0,14,4,4,2025
2025-04-04 16:00:00.000,A13,ALIEN,0,24333,16,0,14,4,4,2025
2025-04-04 17:00:00.000,A13,ALIEN,0,24354,17,0,14,4,4,2025
2025-04-04 18:00:00.000,A13,ALIEN,0,24375,18,0,14,4,4,2025
2025-04-05 07:00:00.000,A13,ALIEN,0,24552,7,0,14,5,4,2025
2025-04-05 08:00:00.000,A13,ALIEN,0,24576,8,0,14,5,4,2025
2025-04-05 09:00:00.000,A13,ALIEN,0,24600,9,0,14,5,4,2025
2025-04-05 10:00:00.000,A13,ALIEN,0,24624,10,0,14,5,4,2025
2025-04-05 11:00:00.000,A13,ALIEN,0,24648,11,0,14,5,4,2025
2025-04-05 12:00:00.000,A13,ALIEN,0,24672,12,0,14,5,4,2025
2025-04-05 13:00:00.000,A13,ALIEN,0,24696,13,0,14,5,4,2025
2025-04-05 14:00:00.000,A13,ALIEN,0,24720,14,0,14,5,4,2025
2025-04-05 15:00:00.000,A13,ALIEN,0,24744,15,0,14,5,4,2025
2025-04-05 16:00:00.000,A13,ALIEN,0,24768,16,0,14,5,4,2025
2025-04-05 17:00:00.000,A13,ALIEN,0,24792,17,0,14,5,4,2025
2025-04-05 18:00:00.000,A13,ALIEN,0,24816,18,0,14,5,4,2025
2025-04-05 19:00:00.000,A13,ALIEN,0,24840,19,0,14,5,4,2025
2025-04-05 20:00:00.000,A13,ALIEN,0,24864,20,0,14,5,4,2025
2025-04-05 21:00:00.000,A13,ALIEN,0,24888,21,0,14,5,4,2025
2025-04-06 07:00:00.000,A13,ALIEN,0,25056,7,0,15,6,4,2025
2025-04-06 08:00:00.000,A13,ALIEN,0,25080,8,0,15,6,4,2025
2025-04-06 09:00:00.000,A13,ALIEN,0,25104,9,0,15,6,4,2025
2025-04-06 10:00:00.000,A13,ALIEN,0,25128,10,0,15,6,4,2025
2025-04-06 11:00:00.000,A13,ALIEN,0,25152,11,0,15,6,4,2025
2025-04-06 12:00:00.000,A13,ALIEN,0,25176,12,0,15,6,4,2025
2025-04-06 13:00:00.000,A13,ALIEN,0,25200,13,0,15,6,4,2025
2025-04-06 14:00:00.000,A13,ALIEN,0,25224,14,0,15,6,4,2025
2025-04-06 15:00:00.000,A13,ALIEN,0,25248,15,0,15,6,4,2025
2025-04-06 16:00:00.000,A13,ALIEN,0,25272,16,0,15,6,4,2025
2025-04-06 17:00:00.000,A13,ALIEN,0,25296,17,0,15,6,4,2025
2025-04-06 18:00:00.000,A13,ALIEN,0,25320,18,0,15,6,4,2025
2025-04-06 19:00:00.000,A13,ALIEN,0,25344,19,0,15,6,4,2025
2025-04-06 20:00:00.000,A13,ALIEN,0,25368,20,0,15,6,4,2025
2025-04-06 21:00:00.000,A13,ALIEN,0,25392,21,0,15,6,4,2025
2025-04-07 07:00:00.000,A13,ALIEN,0,25560,7,0,15,7,4,2025
2025-04-07 08:00:00.000,A13,ALIEN,0,25584,8,0,15,7,4,2025
2025-04-07 09:00:00.000,A13,ALIEN,0,25608,9,0,15,7,4,2025
2025-04-07 10:00:00.000,A13,ALIEN,0,25632,10,0,15,7,4,2025
2025-04-07 11:00:00.000,A13,ALIEN,0,25656,11,0,15,7,4,2025
2025-04-07 12:00:00.000,A13,ALIEN,0,25680,12,0,15,7,4,2025
2025-04-07 13:00:00.000,A13,ALIEN,0,25704,13,0,15,7,4,2025
2025-04-07 14:00:00.000,A13,ALIEN,0,25728,14,0,15,7,4,2025
2025-04-07 15:00:00.000,A13,ALIEN,0,25752,15,0,15,7,4,2025
2025-04-07 16:00:00.000,A13,ALIEN,0,25776,16,0,15,7,4,2025
2025-04-07 17:00:00.000,A13,ALIEN,0,25800,17,0,15,7,4,2025
2025-04-07 18:00:00.000,A13,ALIEN,0,25824,18,0,15,7,4,2025
2025-04-07 19:00:00.000,A13,ALIEN,0,25848,19,0,15,7,4,2025
2025-04-07 20:00:00.000,A13,ALIEN,0,25872,20,0,15,7,4,2025
2025-04-07 21:00:00.000,A13,ALIEN,0,25896,21,0,15,7,4,2025
2025-04-08 07:00:00.000,A13,ALIEN,0,26064,7,0,15,8,4,2025
2025-04-08 08:00:00.000,A13,ALIEN,0,26088,8,0,15,8,4,2025
2025-04-08 09:00:00.000,A13,ALIEN,0,26112,9,0,15,8,4,2025
2025-04-08 10:00:00.000,A13,ALIEN,0,26136,10,0,15,8,4,2025
2025-04-08 11:00:00.000,A13,ALIEN,0,26160,11,0,15,8,4,2025
2025-04-08 12:00:00.000,A13,ALIEN,0,26184,12,0,15,8,4,2025
2025-04-08 13:00:00.000,A13,ALIEN,0,26208,13,0,15,8,4,2025
2025-04-08 14:00:00.000,A13,ALIEN,0,26232,14,0,15,8,4,2025
2025-04-08 15:00:00.000,A13,ALIEN,0,26256,15,0,15,8,4,2025
2025-04-08 16:00:00.000,A13,ALIEN,0,26280,16,0,15,8,4,2025
2025-04-08 17:00:00.000,A13,ALIEN,0,26304,17,0,15,8,4,2025
2025-04-08 18:00:00.000,A13,ALIEN,0,26328,18,0,15,8,4,2025
2025-04-08 19:00:00.000,A13,ALIEN,0,26352,19,0,15,8,4,2025
2025-04-08 20:00:00.000,A13,ALIEN,0,26376,20,0,15,8,4,2025
2025-04-08 21:00:00.000,A13,ALIEN,0,26400,21,0,15,8,4,2025
2025-04-09 07:00:00.000,A13,ALIEN,0,26568,7,0,15,9,4,2025
2025-04-09 08:00:00.000,A13,ALIEN,0,26592,8,0,15,9,4,2025
2025-04-09 09:00:00.000,A13,ALIEN,0,26616,9,0,15,9,4,2025
2025-04-09 10:00:00.000,A13,ALIEN,0,26640,10,0,15,9,4,2025
2025-04-09 11:00:00.000,A13,ALIEN,0,26664,11,0,15,9,4,2025
2025-04-09 12:00:00.000,A13,ALIEN,0,26688,12,0,15,9,4,2025
2025-04-09 13:00:00.000,A13,ALIEN,0,26712,13,0,15,9,4,2025
2025-04-09 14:00:00.000,A13,ALIEN,0,26736,14,0,15,9,4,2025
2025-04-09 15:00:00.000,A13,ALIEN,0,26760,15,0,15,9,4,2025
2025-04-09 16:00:00.000,A13,ALIEN,0,26784,16,0,15,9,4,2025
2025-04-09 17:00:00.000,A13,ALIEN,0,26808,17,0,15,9,4,2025
2025-04-09 18:00:00.000,A13,ALIEN,0,26832,18,0,15,9,4,2025
2025-04-09 19:00:00.000,A13,ALIEN,0,26856,19,0,15,9,4,2025
2025-04-09 20:00:00.000,A13,ALIEN,0,26880,20,0,15,9,4,2025
2025-04-09 21:00:00.000,A13,ALIEN,0,26904,21,0,15,9,4,2025
2025-04-10 07:00:00.000,A13,ALIEN,0,27072,7,0,15,10,4,2025
2025-04-10 08:00:00.000,A13,ALIEN,0,27096,8,0,15,10,4,2025
2025-04-10 09:00:00.000,A13,ALIEN,0,27120,9,0,15,10,4,2025
2025-04-10 10:00:00.000,A13,ALIEN,0,27144,10,0,15,10,4,2025
2025-04-10 11:00:00.000,A13,ALIEN,0,27168,11,0,15,10,4,2025
2025-04-10 12:00:00.000,A13,ALIEN,0,27192,12,0,15,10,4,2025
2025-04-10 13:00:00.000,A13,ALIEN,0,27216,13,0,15,10,4,2025
2025-04-10 14:00:00.000,A13,ALIEN,0,27240,14,0,15,10,4,2025
2025-04-10 15:00:00.000,A13,ALIEN,0,27264,15,0,15,10,4,2025
2025-04-10 16:00:00.000,A13,ALIEN,0,27288,16,0,15,10,4,2025
2025-04-10 17:00:00.000,A13,ALIEN,0,27312,17,0,15,10,4,2025
2025-04-10 18:00:00.000,A13,ALIEN,0,27336,18,0,15,10,4,2025
2025-04-10 19:00:00.000,A13,ALIEN,0,27360,19,0,15,10,4,2025
2025-04-10 20:00:00.000,A13,ALIEN,0,27384,20,0,15,10,4,2025
2025-04-10 21:00:00.000,A13,ALIEN,0,27408,21,0,15,10,4,2025
2025-04-11 07:00:00.000,A13,ALIEN,0,27576,7,0,15,11,4,2025
2025-04-11 08:00:00.000,A13,ALIEN,0,27600,8,0,15,11,4,2025
2025-04-11 09:00:00.000,A13,ALIEN,0,27624,9,0,15,11,4,2025
2025-04-11 10:00:00.000,A13,ALIEN,0,27648,10,0,15,11,4,2025
2025-04-11 11:00:00.000,A13,ALIEN,0,27672,11,0,15,11,4,2025
2025-04-11 12:00:00.000,A13,ALIEN,0,27696,12,0,15,11,4,2025
2025-04-11 13:00:00.000,A13,ALIEN,0,27720,13,0,15,11,4,2025
2025-04-11 14:00:00.000,A13,ALIEN,0,27744,14,0,15,11,4,2025
2025-04-11 15:00:00.000,A13,ALIEN,0,27768,15,0,15,11,4,2025
2025-04-11 16:00:00.000,A13,ALIEN,0,27792,16,0,15,11,4,2025
2025-04-11 17:00:00.000,A13,ALIEN,0,27816,17,0,15,11,4,2025
2025-04-11 18:00:00.000,A13,ALIEN,0,27840,18,0,15,11,4,2025
2025-04-11 19:00:00.000,A13,ALIEN,0,27864,19,0,15,11,4,2025
2025-04-11 20:00:00.000,A13,ALIEN,0,27888,20,0,15,11,4,2025
2025-04-11 21:00:00.000,A13,ALIEN,0,27912,21,0,15,11,4,2025
2025-04-12 07:00:00.000,A13,ALIEN,0,28080,7,0,15,12,4,2025
2025-04-12 08:00:00.000,A13,ALIEN,0,28104,8,0,15,12,4,2025
2025-04-12 09:00:00.000,A13,ALIEN,0,28128,9,0,15,12,4,2025
2025-04-12 10:00:00.000,A13,ALIEN,0,28152,10,0,15,12,4,2025
2025-04-12 11:00:00.000,A13,ALIEN,0,28176,11,0,15,12,4,2025
2025-04-12 12:00:00.000,A13,ALIEN,0,28200,12,0,15,12,4,2025
2025-04-12 13:00:00.000,A13,ALIEN,0,28224,13,0,15,12,4,2025
2025-04-12 14:00:00.000,A13,ALIEN,0,28248,14,0,15,12,4,2025
2025-04-12 15:00:00.000,A13,ALIEN,0,28272,15,0,15,12,4,2025
2025-04-12 16:00:00.000,A13,ALIEN,0,28296,16,0,15,12,4,2025
2025-04-12 17:00:00.000,A13,ALIEN,0,28320,17,0,15,12,4,2025
2025-04-12 18:00:00.000,A13,ALIEN,0,28344,18,0,15,12,4,2025
2025-04-12 19:00:00.000,A13,ALIEN,0,28368,19,0,15,12,4,2025
2025-04-12 20:00:00.000,A13,ALIEN,0,28392,20,0,15,12,4,2025
2025-04-12 21:00:00.000,A13,ALIEN,0,28416,21,0,15,12,4,2025
2025-04-13 07:00:00.000,A13,ALIEN,0,28584,7,0,16,13,4,2025
2025-04-13 08:00:00.000,A13,ALIEN,0,28608,8,0,16,13,4,2025
2025-04-13 09:00:00.000,A13,ALIEN,0,28632,9,0,16,13,4,2025
2025-04-13 10:00:00.000,A13,ALIEN,0,28656,10,0,16,13,4,2025
2025-04-13 11:00:00.000,A13,ALIEN,0,28680,11,0,16,13,4,2025
2025-04-13 12:00:00.000,A13,ALIEN,0,28704,12,0,16,13,4,2025
2025-04-13 13:00:00.000,A13,ALIEN,0,28728,13,0,16,13,4,2025
2025-04-13 14:00:00.000,A13,ALIEN,0,28752,14,0,16,13,4,2025
2025-04-13 15:00:00.000,A13,ALIEN,0,28776,15,0,16,13,4,2025
2025-04-13 16:00:00.000,A13,ALIEN,0,28800,16,0,16,13,4,2025
2025-04-13 17:00:00.000,A13,ALIEN,0,28824,17,0,16,13,4,2025
2025-04-13 18:00:00.000,A13,ALIEN,0,28848,18,0,16,13,4,2025
2025-04-13 19:00:00.000,A13,ALIEN,0,28872,19,0,16,13,4,2025
2025-04-13 20:00:00.000,A13,ALIEN,0,28896,20,0,16,13,4,2025
2025-04-13 21:00:00.000,A13,ALIEN,0,28920,21,0,16,13,4,2025
2025-04-13 22:00:00.000,A13,ALIEN,0,28944,22,0,16,13,4,2025
2025-04-14 07:00:00.000,A13,ALIEN,0,29096,7,0,16,14,4,2025
2025-04-14 08:00:00.000,A13,ALIEN,0,29120,8,0,16,14,4,2025
2025-04-14 09:00:00.000,A13,ALIEN,0,29144,9,0,16,14,4,2025
2025-04-14 10:00:00.000,A13,ALIEN,0,29168,10,0,16,14,4,2025
2025-04-14 11:00:00.000,A13,ALIEN,0,29192,11,0,16,14,4,2025
2025-04-14 12:00:00.000,A13,ALIEN,0,29216,12,0,16,14,4,2025
2025-04-14 13:00:00.000,A13,ALIEN,0,29240,13,0,16,14,4,2025
2025-04-14 14:00:00.000,A13,ALIEN,0,29264,14,0,16,14,4,2025
2025-04-14 15:00:00.000,A13,ALIEN,0,29288,15,0,16,14,4,2025
2025-04-14 16:00:00.000,A13,ALIEN,0,29312,16,0,16,14,4,2025
2025-04-14 17:00:00.000,A13,ALIEN,0,29336,17,0,16,14,4,2025
2025-04-14 18:00:00.000,A13,ALIEN,0,29360,18,0,16,14,4,2025
2025-04-14 19:00:00.000,A13,ALIEN,0,29384,19,0,16,14,4,2025
2025-04-14 20:00:00.000,A13,ALIEN,0,29408,20,0,16,14,4,2025
2025-04-14 21:00:00.000,A13,ALIEN,0,29432,21,0,16,14,4,2025
2025-04-15 07:00:00.000,A13,ALIEN,0,29600,7,0,16,15,4,2025
2025-04-15 08:00:00.000,A13,ALIEN,0,29624,8,0,16,15,4,2025
2025-04-15 09:00:00.000,A13,ALIEN,0,29648,9,0,16,15,4,2025
2025-04-15 10:00:00.000,A13,ALIEN,0,29672,10,0,16,15,4,2025
2025-04-15 11:00:00.000,A13,ALIEN,0,29696,11,0,16,15,4,2025
2025-04-15 12:00:00.000,A13,ALIEN,0,29720,12,0,16,15,4,2025
2025-04-15 13:00:00.000,A13,ALIEN,0,29744,13,0,16,15,4,2025
2025-04-15 14:00:00.000,A13,ALIEN,0,29768,14,0,16,15,4,2025
2025-04-15 15:00:00.000,A13,ALIEN,0,29792,15,0,16,15,4,2025
2025-04-15 16:00:00.000,A13,ALIEN,0,29816,16,0,16,15,4,2025
2025-04-15 17:00:00.000,A13,ALIEN,0,29840,17,0,16,15,4,2025
2025-04-15 18:00:00.000,A13,ALIEN,0,29864,18,0,16,15,4,2025
2025-04-15 19:00:00.000,A13,ALIEN,0,29888,19,0,16,15,4,2025
2025-04-15 20:00:00.000,A13,ALIEN,0,29912,20,0,16,15,4,2025
2025-04-15 21:00:00.000,A13,ALIEN,0,29936,21,0,16,15,4,2025
2025-04-16 07:00:00.000,A13,ALIEN,0,30104,7,0,16,16,4,2025
2025-04-16 08:00:00.000,A13,ALIEN,0,30128,8,0,16,16,4,2025
2025-04-16 09:00:00.000,A13,ALIEN,0,30152,9,0,16,16,4,2025
2025-04-16 10:00:00.000,A13,ALIEN,0,30176,10,0,16,16,4,2025
2025-04-16 11:00:00.000,A13,ALIEN,0,30200,11,0,16,16,4,2025
2025-04-16 12:00:00.000,A13,ALIEN,0,30224,12,0,16,16,4,2025
2025-04-16 13:00:00.000,A13,ALIEN,0,30248,13,0,16,16,4,2025
2025-04-16 14:00:00.000,A13,ALIEN,0,30272,14,0,16,16,4,2025
2025-04-16 15:00:00.000,A13,ALIEN,0,30296,15,0,16,16,4,2025
2025-04-16 16:00:00.000,A13,ALIEN,0,30320,16,0,16,16,4,2025
2025-04-16 17:00:00.000,A13,ALIEN,0,30344,17,0,16,16,4,2025
2025-04-16 18:00:00.000,A13,ALIEN,0,30368,18,0,16,16,4,2025
2025-04-16 19:00:00.000,A13,ALIEN,0,30392,19,0,16,16,4,2025
2025-04-16 20:00:00.000,A13,ALIEN,0,30416,20,0,16,16,4,2025
2025-04-16 21:00:00.000,A13,ALIEN,0,30440,21,0,16,16,4,2025
2025-04-17 07:00:00.000,A13,ALIEN,0,30608,7,0,16,17,4,2025
2025-04-17 08:00:00.000,A13,ALIEN,0,30632,8,0,16,17,4,2025
2025-04-17 09:00:00.000,A13,ALIEN,0,30656,9,0,16,17,4,2025
2025-04-17 10:00:00.000,A13,ALIEN,0,30680,10,0,16,17,4,2025
2025-04-17 11:00:00.000,A13,ALIEN,0,30704,11,0,16,17,4,2025
2025-04-17 12:00:00.000,A13,ALIEN,0,30728,12,0,16,17,4,2025
2025-04-17 13:00:00.000,A13,ALIEN,0,30752,13,0,16,17,4,2025
2025-04-17 14:00:00.000,A13,ALIEN,0,30776,14,0,16,17,4,2025
2025-04-17 15:00:00.000,A13,ALIEN,0,30800,15,0,16,17,4,2025
2025-04-17 16:00:00.000,A13,ALIEN,0,30824,16,0,16,17,4,2025
2025-04-17 17:00:00.000,A13,ALIEN,0,30848,17,0,16,17,4,2025
2025-04-17 18:00:00.000,A13,ALIEN,0,30872,18,0,16,17,4,2025
2025-04-17 19:00:00.000,A13,ALIEN,0,30896,19,0,16,17,4,2025
2025-04-17 20:00:00.000,A13,ALIEN,0,30920,20,0,16,17,4,2025
2025-04-17 21:00:00.000,A13,ALIEN,0,30944,21,0,16,17,4,2025
2025-04-18 07:00:00.000,A13,ALIEN,0,31112,7,0,16,18,4,2025
2025-04-18 08:00:00.000,A13,ALIEN,0,31136,8,0,16,18,4,2025
2025-04-18 09:00:00.000,A13,ALIEN,0,31160,9,0,16,18,4,2025
2025-04-18 10:00:00.000,A13,ALIEN,0,31184,10,0,16,18,4,2025
2025-04-18 11:00:00.000,A13,ALIEN,0,31208,11,0,16,18,4,2025
2025-04-18 12:00:00.000,A13,ALIEN,0,31232,12,0,16,18,4,2025
2025-04-18 13:00:00.000,A13,ALIEN,0,31256,13,0,16,18,4,2025
2025-04-18 14:00:00.000,A13,ALIEN,0,31280,14,0,16,18,4,2025
2025-04-18 15:00:00.000,A13,ALIEN,0,31304,15,0,16,18,4,2025
2025-04-18 16:00:00.000,A13,ALIEN,0,31328,16,0,16,18,4,2025
2025-04-18 17:00:00.000,A13,ALIEN,0,31352,17,0,16,18,4,2025
2025-04-18 18:00:00.000,A13,ALIEN,0,31376,18,0,16,18,4,2025
2025-04-18 19:00:00.000,A13,ALIEN,0,31400,19,0,16,18,4,2025
2025-04-18 20:00:00.000,A13,ALIEN,0,31424,20,0,16,18,4,2025
2025-04-18 21:00:00.000,A13,ALIEN,0,31448,21,0,16,18,4,2025
2025-04-19 07:00:00.000,A13,ALIEN,0,31616,7,0,16,19,4,2025
2025-04-19 08:00:00.000,A13,ALIEN,0,31640,8,0,16,19,4,2025
2025-04-19 09:00:00.000,A13,ALIEN,0,31664,9,0,16,19,4,2025
2025-04-19 10:00:00.000,A13,ALIEN,0,31688,10,0,16,19,4,2025
2025-04-19 11:00:00.000,A13,ALIEN,0,31712,11,0,16,19,4,2025
2025-04-19 12:00:00.000,A13,ALIEN,0,31736,12,0,16,19,4,2025
2025-04-19 13:00:00.000,A13,ALIEN,0,31760,13,0,16,19,4,2025
2025-04-19 14:00:00.000,A13,ALIEN,0,31784,14,0,16,19,4,2025
2025-04-19 15:00:00.000,A13,ALIEN,0,31808,15,0,16,19,4,2025
2025-04-19 16:00:00.000,A13,ALIEN,0,31832,16,0,16,19,4,2025
2025-04-19 17:00:00.000,A13,ALIEN,0,31856,17,0,16,19,4,2025
2025-04-19 18:00:00.000,A13,ALIEN,0,31880,18,0,16,19,4,2025
2025-04-19 19:00:00.000,A13,ALIEN,0,31904,19,0,16,19,4,2025
2025-04-19 20:00:00.000,A13,ALIEN,0,31928,20,0,16,19,4,2025
2025-04-19 21:00:00.000,A13,ALIEN,0,31952,21,0,16,19,4,2025
2025-04-20 07:00:00.000,A13,ALIEN,0,32120,7,0,17,20,4,2025
2025-04-20 08:00:00.000,A13,ALIEN,0,32144,8,0,17,20,4,2025
2025-04-20 09:00:00.000,A13,ALIEN,0,32168,9,0,17,20,4,2025
2025-04-20 10:00:00.000,A13,ALIEN,0,32192,10,0,17,20,4,2025
2025-04-20 11:00:00.000,A13,ALIEN,0,32216,11,0,17,20,4,2025
2025-04-20 12:00:00.000,A13,ALIEN,0,32240,12,0,17,20,4,2025
2025-04-20 13:00:00.000,A13,ALIEN,0,32264,13,0,17,20,4,2025
2025-04-20 14:00:00.000,A13,ALIEN,0,32288,14,0,17,20,4,2025
2025-04-20 15:00:00.000,A13,ALIEN,0,32312,15,0,17,20,4,2025
2025-04-20 16:00:00.000,A13,ALIEN,0,32336,16,0,17,20,4,2025
2025-04-20 17:00:00.000,A13,ALIEN,0,32360,17,0,17,20,4,2025
2025-04-20 18:00:00.000,A13,ALIEN,0,32384,18,0,17,20,4,2025
2025-04-20 19:00:00.000,A13,ALIEN,0,32408,19,0,17,20,4,2025
2025-04-20 20:00:00.000,A13,ALIEN,0,32432,20,0,17,20,4,2025
2025-04-20 21:00:00.000,A13,ALIEN,0,32456,21,0,17,20,4,2025
2025-04-21 07:00:00.000,A13,ALIEN,0,32624,7,0,17,21,4,2025
2025-04-21 08:00:00.000,A13,ALIEN,0,32648,8,0,17,21,4,2025
2025-04-21 09:00:00.000,A13,ALIEN,0,32672,9,0,17,21,4,2025
2025-04-21 10:00:00.000,A13,ALIEN,0,32696,10,0,17,21,4,2025
2025-04-21 11:00:00.000,A13,ALIEN,0,32720,11,0,17,21,4,2025
2025-04-21 12:00:00.000,A13,ALIEN,0,32744,12,0,17,21,4,2025
2025-04-21 13:00:00.000,A13,ALIEN,0,32768,13,0,17,21,4,2025
2025-04-21 14:00:00.000,A13,ALIEN,0,32792,14,0,17,21,4,2025
2025-04-21 15:00:00.000,A13,ALIEN,0,32816,15,0,17,21,4,2025
2025-04-21 16:00:00.000,A13,ALIEN,0,32840,16,0,17,21,4,2025
2025-04-21 17:00:00.000,A13,ALIEN,0,32864,17,0,17,21,4,2025
2025-04-21 18:00:00.000,A13,ALIEN,0,32888,18,0,17,21,4,2025
2025-04-21 19:00:00.000,A13,ALIEN,0,32912,19,0,17,21,4,2025
2025-04-21 20:00:00.000,A13,ALIEN,0,32936,20,0,17,21,4,2025
2025-04-21 21:00:00.000,A13,ALIEN,0,32960,21,0,17,21,4,2025
2025-04-22 07:00:00.000,A13,ALIEN,0,33128,7,0,17,22,4,2025
2025-04-22 08:00:00.000,A13,ALIEN,0,33152,8,0,17,22,4,2025
2025-04-22 09:00:00.000,A13,ALIEN,0,33176,9,0,17,22,4,2025
2025-04-22 10:00:00.000,A13,ALIEN,0,33200,10,0,17,22,4,2025
2025-04-22 11:00:00.000,A13,ALIEN,0,33224,11,0,17,22,4,2025
2025-04-22 12:00:00.000,A13,ALIEN,0,33248,12,0,17,22,4,2025
2025-04-22 13:00:00.000,A13,ALIEN,0,33272,13,0,17,22,4,2025
2025-04-22 14:00:00.000,A13,ALIEN,0,33296,14,0,17,22,4,2025
2025-04-22 15:00:00.000,A13,ALIEN,0,33320,15,0,17,22,4,2025
2025-04-22 16:00:00.000,A13,ALIEN,0,33344,16,0,17,22,4,2025
2025-04-22 17:00:00.000,A13,ALIEN,0,33368,17,0,17,22,4,2025
2025-04-22 18:00:00.000,A13,ALIEN,0,33392,18,0,17,22,4,2025
2025-04-22 19:00:00.000,A13,ALIEN,0,33416,19,0,17,22,4,2025
2025-04-22 20:00:00.000,A13,ALIEN,0,33440,20,0,17,22,4,2025
2025-04-22 21:00:00.000,A13,ALIEN,0,33464,21,0,17,22,4,2025
2025-04-23 07:00:00.000,A13,ALIEN,0,33632,7,0,17,23,4,2025
2025-04-23 08:00:00.000,A13,ALIEN,0,33656,8,0,17,23,4,2025
2025-04-23 09:00:00.000,A13,ALIEN,0,33680,9,0,17,23,4,2025
2025-04-23 10:00:00.000,A13,ALIEN,0,33704,10,0,17,23,4,2025
2025-04-23 11:00:00.000,A13,ALIEN,0,33728,11,0,17,23,4,2025
2025-04-23 12:00:00.000,A13,ALIEN,0,33752,12,0,17,23,4,2025
2025-04-23 13:00:00.000,A13,ALIEN,0,33776,13,0,17,23,4,2025
2025-04-23 14:00:00.000,A13,ALIEN,0,33800,14,0,17,23,4,2025
2025-04-23 15:00:00.000,A13,ALIEN,0,33824,15,0,17,23,4,2025
2025-04-23 16:00:00.000,A13,ALIEN,0,33848,16,0,17,23,4,2025
2025-04-23 17:00:00.000,A13,ALIEN,0,33872,17,0,17,23,4,2025
2025-04-23 18:00:00.000,A13,ALIEN,0,33896,18,0,17,23,4,2025
2025-04-23 19:00:00.000,A13,ALIEN,0,33920,19,0,17,23,4,2025
2025-04-23 20:00:00.000,A13,ALIEN,0,33944,20,0,17,23,4,2025
2025-04-23 21:00:00.000,A13,ALIEN,0,33968,21,0,17,23,4,2025
2025-04-24 07:00:00.000,A13,ALIEN,0,34136,7,0,17,24,4,2025
2025-04-24 08:00:00.000,A13,ALIEN,0,34160,8,0,17,24,4,2025
2025-04-24 09:00:00.000,A13,ALIEN,0,34184,9,0,17,24,4,2025
2025-04-24 10:00:00.000,A13,ALIEN,0,34208,10,0,17,24,4,2025
2025-04-24 11:00:00.000,A13,ALIEN,0,34232,11,0,17,24,4,2025
2025-04-24 12:00:00.000,A13,ALIEN,0,34256,12,0,17,24,4,2025
2025-04-24 13:00:00.000,A13,ALIEN,0,34280,13,0,17,24,4,2025
2025-04-24 14:00:00.000,A13,ALIEN,0,34304,14,0,17,24,4,2025
2025-04-24 15:00:00.000,A13,ALIEN,0,34328,15,0,17,24,4,2025
2025-04-24 16:00:00.000,A13,ALIEN,0,34352,16,0,17,24,4,2025
2025-04-24 17:00:00.000,A13,ALIEN,0,34376,17,0,17,24,4,2025
2025-04-24 18:00:00.000,A13,ALIEN,0,34400,18,0,17,24,4,2025
2025-04-24 19:00:00.000,A13,ALIEN,0,34424,19,0,17,24,4,2025
2025-04-24 20:00:00.000,A13,ALIEN,0,34448,20,0,17,24,4,2025
2025-04-24 21:00:00.000,A13,ALIEN,0,34472,21,0,17,24,4,2025
2025-04-25 07:00:00.000,A13,ALIEN,0,34640,7,0,17,25,4,2025
2025-04-25 08:00:00.000,A13,ALIEN,0,34664,8,0,17,25,4,2025
2025-04-25 09:00:00.000,A13,ALIEN,0,34688,9,0,17,25,4,2025
2025-04-25 10:00:00.000,A13,ALIEN,0,34712,10,0,17,25,4,2025
2025-04-25 11:00:00.000,A13,ALIEN,0,34736,11,0,17,25,4,2025
2025-04-25 12:00:00.000,A13,ALIEN,0,34760,12,0,17,25,4,2025
2025-04-25 13:00:00.000,A13,ALIEN,0,34784,13,0,17,25,4,2025
2025-04-25 14:00:00.000,A13,ALIEN,0,34808,14,0,17,25,4,2025
2025-04-25 15:00:00.000,A13,ALIEN,0,34832,15,0,17,25,4,2025
2025-04-25 16:00:00.000,A13,ALIEN,0,34856,16,0,17,25,4,2025
2025-04-25 17:00:00.000,A13,ALIEN,0,34880,17,0,17,25,4,2025
2025-04-25 18:00:00.000,A13,ALIEN,0,34904,18,0,17,25,4,2025
2025-04-25 19:00:00.000,A13,ALIEN,0,34928,19,0,17,25,4,2025
2025-04-25 20:00:00.000,A13,ALIEN,0,34952,20,0,17,25,4,2025
2025-04-25 21:00:00.000,A13,ALIEN,0,34976,21,0,17,25,4,2025
2025-04-26 07:00:00.000,A13,ALIEN,0,35144,7,0,17,26,4,2025
2025-04-26 08:00:00.000,A13,ALIEN,0,35168,8,0,17,26,4,2025
2025-04-26 09:00:00.000,A13,ALIEN,0,35191,9,0,17,26,4,2025
2025-04-26 10:00:00.000,A13,ALIEN,0,35214,10,0,17,26,4,2025
2025-04-26 11:00:00.000,A13,ALIEN,0,35237,11,0,17,26,4,2025
2025-04-26 12:00:00.000,A13,ALIEN,0,35260,12,0,17,26,4,2025
2025-04-26 13:00:00.000,A13,ALIEN,0,35283,13,0,17,26,4,2025
2025-04-26 14:00:00.000,A13,ALIEN,0,35306,14,0,17,26,4,2025
2025-04-26 15:00:00.000,A13,ALIEN,0,35329,15,0,17,26,4,2025
2025-04-26 16:00:00.000,A13,ALIEN,0,35352,16,0,17,26,4,2025
2025-04-26 17:00:00.000,A13,ALIEN,0,35375,17,0,17,26,4,2025
2025-04-26 18:00:00.000,A13,ALIEN,0,35398,18,0,17,26,4,2025
2025-04-26 19:00:00.000,A13,ALIEN,0,35421,19,0,17,26,4,2025
2025-04-26 20:00:00.000,A13,ALIEN,0,35444,20,0,17,26,4,2025
2025-04-26 21:00:00.000,A13,ALIEN,0,35467,21,0,17,26,4,2025
2025-04-27 07:00:00.000,A13,ALIEN,0,35625,7,0,18,27,4,2025
2025-04-27 08:00:00.000,A13,ALIEN,0,35648,8,0,18,27,4,2025
2025-04-27 09:00:00.000,A13,ALIEN,0,35671,9,0,18,27,4,2025
2025-04-27 10:00:00.000,A13,ALIEN,0,35694,10,0,18,27,4,2025
2025-04-27 11:00:00.000,A13,ALIEN,0,35717,11,0,18,27,4,2025
2025-04-27 12:00:00.000,A13,ALIEN,0,35740,12,0,18,27,4,2025
2025-04-27 13:00:00.000,A13,ALIEN,0,35763,13,0,18,27,4,2025
2025-04-27 14:00:00.000,A13,ALIEN,0,35786,14,0,18,27,4,2025
2025-04-27 15:00:00.000,A13,ALIEN,0,35809,15,0,18,27,4,2025
2025-04-27 16:00:00.000,A13,ALIEN,0,35832,16,0,18,27,4,2025
2025-04-27 17:00:00.000,A13,ALIEN,0,35855,17,0,18,27,4,2025
2025-04-27 18:00:00.000,A13,ALIEN,0,35878,18,0,18,27,4,2025
2025-04-27 19:00:00.000,A13,ALIEN,0,35901,19,0,18,27,4,2025
2025-04-27 20:00:00.000,A13,ALIEN,0,35924,20,0,18,27,4,2025
2025-04-27 21:00:00.000,A13,ALIEN,0,35947,21,0,18,27,4,2025
2025-04-28 07:00:00.000,A13,ALIEN,0,36105,7,0,18,28,4,2025
2025-04-28 08:00:00.000,A13,ALIEN,0,36129,8,0,18,28,4,2025
2025-04-28 09:00:00.000,A13,ALIEN,0,36153,9,0,18,28,4,2025
2025-04-28 10:00:00.000,A13,ALIEN,0,36177,10,0,18,28,4,2025
2025-04-28 11:00:00.000,A13,ALIEN,0,36201,11,0,18,28,4,2025
2025-04-28 12:00:00.000,A13,ALIEN,0,36225,12,0,18,28,4,2025
2025-04-28 13:00:00.000,A13,ALIEN,0,36249,13,0,18,28,4,2025
2025-04-28 14:00:00.000,A13,ALIEN,0,36273,14,0,18,28,4,2025
2025-04-28 15:00:00.000,A13,ALIEN,0,36297,15,0,18,28,4,2025
2025-04-28 16:00:00.000,A13,ALIEN,0,36321,16,0,18,28,4,2025
2025-04-28 17:00:00.000,A13,ALIEN,0,36345,17,0,18,28,4,2025
2025-04-28 18:00:00.000,A13,ALIEN,0,36369,18,0,18,28,4,2025
2025-04-28 19:00:00.000,A13,ALIEN,0,36393,19,0,18,28,4,2025
2025-04-28 20:00:00.000,A13,ALIEN,0,36417,20,0,18,28,4,2025
2025-04-28 21:00:00.000,A13,ALIEN,0,36441,21,0,18,28,4,2025
2025-04-29 07:00:00.000,A13,ALIEN,0,36609,7,0,18,29,4,2025
2025-04-29 08:00:00.000,A13,ALIEN,0,36633,8,0,18,29,4,2025
2025-04-29 09:00:00.000,A13,ALIEN,0,36657,9,0,18,29,4,2025
2025-04-29 10:00:00.000,A13,ALIEN,0,36681,10,0,18,29,4,2025
2025-04-29 11:00:00.000,A13,ALIEN,0,36705,11,0,18,29,4,2025
2025-04-29 12:00:00.000,A13,ALIEN,0,36729,12,0,18,29,4,2025
2025-04-29 13:00:00.000,A13,ALIEN,0,36753,13,0,18,29,4,2025
2025-04-29 14:00:00.000,A13,ALIEN,0,36777,14,0,18,29,4,2025
2025-04-29 15:00:00.000,A13,ALIEN,0,36801,15,0,18,29,4,2025
2025-04-29 16:00:00.000,A13,ALIEN,0,36825,16,0,18,29,4,2025
2025-04-29 17:00:00.000,A13,ALIEN,0,36849,17,0,18,29,4,2025
2025-04-29 18:00:00.000,A13,ALIEN,0,36873,18,0,18,29,4,2025
2025-04-29 19:00:00.000,A13,ALIEN,0,36897,19,0,18,29,4,2025
2025-04-29 20:00:00.000,A13,ALIEN,0,36921,20,0,18,29,4,2025
2025-04-29 21:00:00.000,A13,ALIEN,0,36945,21,0,18,29,4,2025
2025-04-30 07:00:00.000,A13,ALIEN,0,37113,7,0,18,30,4,2025
2025-04-30 08:00:00.000,A13,ALIEN,0,37137,8,0,18,30,4,2025
2025-04-30 09:00:00.000,A13,ALIEN,0,37161,9,0,18,30,4,2025
2025-04-30 10:00:00.000,A13,ALIEN,0,37185,10,0,18,30,4,2025
2025-04-30 11:00:00.000,A13,ALIEN,0,37209,11,0,18,30,4,2025
2025-04-30 12:00:00.000,A13,ALIEN,0,37233,12,0,18,30,4,2025
2025-04-30 13:00:00.000,A13,ALIEN,0,37257,13,0,18,30,4,2025
2025-04-30 14:00:00.000,A13,ALIEN,0,37281,14,0,18,30,4,2025
2025-04-30 15:00:00.000,A13,ALIEN,0,37305,15,0,18,30,4,2025
2025-04-30 16:00:00.000,A13,ALIEN,0,37329,16,0,18,30,4,2025
2025-04-30 17:00:00.000,A13,ALIEN,0,37353,17,0,18,30,4,2025
2025-04-30 18:00:00.000,A13,ALIEN,0,37377,18,0,18,30,4,2025
2025-04-30 19:00:00.000,A13,ALIEN,0,37401,19,0,18,30,4,2025
2025-04-30 20:00:00.000,A13,ALIEN,0,37425,20,0,18,30,4,2025
2025-04-30 21:00:00.000,A13,ALIEN,0,37449,21,0,18,30,4,2025
2025-05-01 07:00:00.000,A13,ALIEN,0,37617,7,0,18,1,5,2025
2025-05-01 08:00:00.000,A13,ALIEN,0,37641,8,0,18,1,5,2025
2025-05-01 09:00:00.000,A13,ALIEN,0,37665,9,0,18,1,5,2025
2025-05-01 10:00:00.000,A13,ALIEN,0,37689,10,0,18,1,5,2025
2025-05-01 11:00:00.000,A13,ALIEN,0,37713,11,0,18,1,5,2025
2025-05-01 12:00:00.000,A13,ALIEN,0,37737,12,0,18,1,5,2025
2025-05-01 13:00:00.000,A13,ALIEN,0,37761,13,0,18,1,5,2025
2025-05-01 14:00:00.000,A13,ALIEN,0,37785,14,0,18,1,5,2025
2025-05-01 15:00:00.000,A13,ALIEN,0,37809,15,0,18,1,5,2025
2025-05-01 16:00:00.000,A13,ALIEN,0,37833,16,0,18,1,5,2025
2025-05-01 17:00:00.000,A13,ALIEN,0,37857,17,0,18,1,5,2025
2025-05-01 18:00:00.000,A13,ALIEN,0,37881,18,0,18,1,5,2025
2025-05-01 19:00:00.000,A13,ALIEN,0,37905,19,0,18,1,5,2025
2025-05-01 20:00:00.000,A13,ALIEN,0,37929,20,0,18,1,5,2025
2025-05-01 21:00:00.000,A13,ALIEN,0,37953,21,0,18,1,5,2025
2025-05-02 07:00:00.000,A13,ALIEN,0,38121,7,0,18,2,5,2025
2025-05-02 08:00:00.000,A13,ALIEN,0,38145,8,0,18,2,5,2025
2025-05-02 09:00:00.000,A13,ALIEN,0,38169,9,0,18,2,5,2025
2025-05-02 10:00:00.000,A13,ALIEN,0,38193,10,0,18,2,5,2025
2025-05-02 11:00:00.000,A13,ALIEN,0,38217,11,0,18,2,5,2025
2025-05-02 12:00:00.000,A13,ALIEN,0,38241,12,0,18,2,5,2025
2025-05-02 13:00:00.000,A13,ALIEN,0,38265,13,0,18,2,5,2025
2025-05-02 14:00:00.000,A13,ALIEN,0,38289,14,0,18,2,5,2025
2025-05-02 15:00:00.000,A13,ALIEN,0,38313,15,0,18,2,5,2025
2025-05-02 16:00:00.000,A13,ALIEN,0,38337,16,0,18,2,5,2025
2025-05-02 17:00:00.000,A13,ALIEN,0,38361,17,0,18,2,5,2025
2025-05-02 18:00:00.000,A13,ALIEN,0,38385,18,0,18,2,5,2025
2025-05-02 19:00:00.000,A13,ALIEN,0,38409,19,0,18,2,5,2025
2025-05-02 20:00:00.000,A13,ALIEN,0,38433,20,0,18,2,5,2025
2025-05-02 21:00:00.000,A13,ALIEN,0,38457,21,0,18,2,5,2025
2025-05-03 07:00:00.000,A13,ALIEN,0,38625,7,0,18,3,5,2025
2025-05-03 08:00:00.000,A13,ALIEN,0,38649,8,0,18,3,5,2025
2025-05-03 09:00:00.000,A13,ALIEN,0,38673,9,0,18,3,5,2025
2025-05-03 10:00:00.000,A13,ALIEN,0,38697,10,0,18,3,5,2025
2025-05-03 11:00:00.000,A13,ALIEN,0,38721,11,0,18,3,5,2025
2025-05-03 12:00:00.000,A13,ALIEN,0,38745,12,0,18,3,5,2025
2025-05-03 13:00:00.000,A13,ALIEN,0,38769,13,0,18,3,5,2025
2025-05-03 14:00:00.000,A13,ALIEN,0,38793,14,0,18,3,5,2025
2025-05-03 15:00:00.000,A13,ALIEN,0,38817,15,0,18,3,5,2025
2025-05-03 16:00:00.000,A13,ALIEN,0,38841,16,0,18,3,5,2025
2025-05-03 17:00:00.000,A13,ALIEN,0,38865,17,0,18,3,5,2025
2025-05-03 18:00:00.000,A13,ALIEN,0,38889,18,0,18,3,5,2025
2025-05-03 19:00:00.000,A13,ALIEN,0,38913,19,0,18,3,5,2025
2025-05-03 20:00:00.000,A13,ALIEN,0,38937,20,0,18,3,5,2025
2025-05-03 21:00:00.000,A13,ALIEN,0,38961,21,0,18,3,5,2025
2025-05-04 07:00:00.000,A13,ALIEN,0,39129,7,0,19,4,5,2025
2025-05-04 08:00:00.000,A13,ALIEN,0,39153,8,0,19,4,5,2025
2025-05-04 09:00:00.000,A13,ALIEN,0,39177,9,0,19,4,5,2025
2025-05-04 10:00:00.000,A13,ALIEN,0,39201,10,0,19,4,5,2025
2025-05-04 11:00:00.000,A13,ALIEN,0,39225,11,0,19,4,5,2025
2025-05-04 12:00:00.000,A13,ALIEN,0,39249,12,0,19,4,5,2025
2025-05-04 13:00:00.000,A13,ALIEN,0,39273,13,0,19,4,5,2025
2025-05-04 14:00:00.000,A13,ALIEN,0,39297,14,0,19,4,5,2025
2025-05-04 15:00:00.000,A13,ALIEN,0,39321,15,0,19,4,5,2025
2025-05-04 16:00:00.000,A13,ALIEN,0,39345,16,0,19,4,5,2025
2025-05-04 17:00:00.000,A13,ALIEN,0,39369,17,0,19,4,5,2025
2025-05-04 18:00:00.000,A13,ALIEN,0,39393,18,0,19,4,5,2025
2025-05-05 07:00:00.000,A13,ALIEN,0,39609,7,0,19,5,5,2025
2025-05-05 08:00:00.000,A13,ALIEN,0,39631,8,0,19,5,5,2025
2025-05-05 09:00:00.000,A13,ALIEN,0,39653,9,0,19,5,5,2025
2025-05-05 10:00:00.000,A13,ALIEN,0,39675,10,0,19,5,5,2025
2025-05-05 11:00:00.000,A13,ALIEN,0,39697,11,0,19,5,5,2025
2025-05-05 12:00:00.000,A13,ALIEN,0,39719,12,0,19,5,5,2025
2025-05-05 13:00:00.000,A13,ALIEN,0,39741,13,0,19,5,5,2025
2025-05-05 14:00:00.000,A13,ALIEN,0,39763,14,0,19,5,5,2025
2025-05-05 15:00:00.000,A13,ALIEN,0,39785,15,0,19,5,5,2025
2025-05-05 16:00:00.000,A13,ALIEN,0,39807,16,0,19,5,5,2025
2025-05-05 17:00:00.000,A13,ALIEN,0,39829,17,0,19,5,5,2025
2025-05-05 18:00:00.000,A13,ALIEN,0,39851,18,0,19,5,5,2025
2025-05-06 07:00:00.000,A13,ALIEN,0,40041,7,0,19,6,5,2025
2025-05-06 08:00:00.000,A13,ALIEN,0,40063,8,0,19,6,5,2025
2025-05-06 09:00:00.000,A13,ALIEN,0,40085,9,0,19,6,5,2025
2025-05-06 10:00:00.000,A13,ALIEN,0,40107,10,0,19,6,5,2025
2025-05-06 11:00:00.000,A13,ALIEN,0,40129,11,0,19,6,5,2025
2025-05-06 12:00:00.000,A13,ALIEN,0,40151,12,0,19,6,5,2025
2025-05-06 13:00:00.000,A13,ALIEN,0,40173,13,0,19,6,5,2025
2025-05-06 14:00:00.000,A13,ALIEN,0,40195,14,0,19,6,5,2025
2025-05-06 15:00:00.000,A13,ALIEN,0,40217,15,0,19,6,5,2025
2025-05-06 16:00:00.000,A13,ALIEN,0,40239,16,0,19,6,5,2025
2025-05-06 17:00:00.000,A13,ALIEN,0,40261,17,0,19,6,5,2025
2025-05-06 18:00:00.000,A13,ALIEN,0,40283,18,0,19,6,5,2025
2025-05-07 07:00:00.000,A13,ALIEN,0,40473,7,0,19,7,5,2025
2025-05-07 08:00:00.000,A13,ALIEN,0,40495,8,0,19,7,5,2025
2025-05-07 09:00:00.000,A13,ALIEN,0,40517,9,0,19,7,5,2025
2025-05-07 10:00:00.000,A13,ALIEN,0,40539,10,0,19,7,5,2025
2025-05-07 11:00:00.000,A13,ALIEN,0,40561,11,0,19,7,5,2025
2025-05-07 12:00:00.000,A13,ALIEN,0,40583,12,0,19,7,5,2025
2025-05-07 13:00:00.000,A13,ALIEN,0,40605,13,0,19,7,5,2025
2025-05-07 14:00:00.000,A13,ALIEN,0,40627,14,0,19,7,5,2025
2025-05-07 15:00:00.000,A13,ALIEN,0,40649,15,0,19,7,5,2025
2025-05-07 16:00:00.000,A13,ALIEN,0,40671,16,0,19,7,5,2025
2025-05-07 17:00:00.000,A13,ALIEN,0,40693,17,0,19,7,5,2025
2025-05-07 18:00:00.000,A13,ALIEN,0,40715,18,0,19,7,5,2025
2025-05-08 07:00:00.000,A13,ALIEN,0,40905,7,0,19,8,5,2025
2025-05-08 08:00:00.000,A13,ALIEN,0,40929,8,0,19,8,5,2025
2025-05-08 09:00:00.000,A13,ALIEN,0,40953,9,0,19,8,5,2025
2025-05-08 10:00:00.000,A13,ALIEN,0,40977,10,0,19,8,5,2025
2025-05-08 11:00:00.000,A13,ALIEN,0,41001,11,0,19,8,5,2025
2025-05-08 12:00:00.000,A13,ALIEN,0,41025,12,0,19,8,5,2025
2025-05-08 13:00:00.000,A13,ALIEN,0,41049,13,0,19,8,5,2025
2025-05-08 14:00:00.000,A13,ALIEN,0,41073,14,0,19,8,5,2025
2025-05-08 15:00:00.000,A13,ALIEN,0,41097,15,0,19,8,5,2025
2025-05-08 16:00:00.000,A13,ALIEN,0,41121,16,0,19,8,5,2025
2025-05-08 17:00:00.000,A13,ALIEN,0,41145,17,0,19,8,5,2025
2025-05-08 18:00:00.000,A13,ALIEN,0,41169,18,0,19,8,5,2025
2025-05-08 19:00:00.000,A13,ALIEN,0,41193,19,0,19,8,5,2025
2025-05-08 20:00:00.000,A13,ALIEN,0,41217,20,0,19,8,5,2025
2025-05-08 21:00:00.000,A13,ALIEN,0,41241,21,0,19,8,5,2025
2025-05-09 07:00:00.000,A13,ALIEN,0,41409,7,0,19,9,5,2025
2025-05-09 08:00:00.000,A13,ALIEN,0,41433,8,0,19,9,5,2025
2025-05-09 09:00:00.000,A13,ALIEN,0,41457,9,0,19,9,5,2025
2025-05-09 10:00:00.000,A13,ALIEN,0,41481,10,0,19,9,5,2025
2025-05-09 11:00:00.000,A13,ALIEN,0,41505,11,0,19,9,5,2025
2025-05-09 12:00:00.000,A13,ALIEN,0,41529,12,0,19,9,5,2025
2025-05-09 13:00:00.000,A13,ALIEN,0,41553,13,0,19,9,5,2025
2025-05-09 14:00:00.000,A13,ALIEN,0,41577,14,0,19,9,5,2025
2025-05-09 15:00:00.000,A13,ALIEN,0,41601,15,0,19,9,5,2025
2025-05-09 16:00:00.000,A13,ALIEN,0,41625,16,0,19,9,5,2025
2025-05-09 17:00:00.000,A13,ALIEN,0,41649,17,0,19,9,5,2025
2025-05-09 18:00:00.000,A13,ALIEN,0,41673,18,0,19,9,5,2025
2025-05-09 19:00:00.000,A13,ALIEN,0,41697,19,0,19,9,5,2025
2025-05-09 20:00:00.000,A13,ALIEN,0,41721,20,0,19,9,5,2025
2025-05-09 21:00:00.000,A13,ALIEN,0,41745,21,0,19,9,5,2025
2025-05-10 07:00:00.000,A13,ALIEN,0,41913,7,0,19,10,5,2025
2025-05-10 08:00:00.000,A13,ALIEN,0,41937,8,0,19,10,5,2025
2025-05-10 09:00:00.000,A13,ALIEN,0,41961,9,0,19,10,5,2025
2025-05-10 10:00:00.000,A13,ALIEN,0,41985,10,0,19,10,5,2025
2025-05-10 11:00:00.000,A13,ALIEN,0,42009,11,0,19,10,5,2025
2025-05-10 12:00:00.000,A13,ALIEN,0,42033,12,0,19,10,5,2025
2025-05-10 13:00:00.000,A13,ALIEN,0,42057,13,0,19,10,5,2025
2025-05-10 14:00:00.000,A13,ALIEN,0,42081,14,0,19,10,5,2025
2025-05-10 15:00:00.000,A13,ALIEN,0,42105,15,0,19,10,5,2025
2025-05-10 16:00:00.000,A13,ALIEN,0,42129,16,0,19,10,5,2025
2025-05-10 17:00:00.000,A13,ALIEN,0,42153,17,0,19,10,5,2025
2025-05-10 18:00:00.000,A13,ALIEN,0,42177,18,0,19,10,5,2025
2025-05-10 19:00:00.000,A13,ALIEN,0,42201,19,0,19,10,5,2025
2025-05-10 20:00:00.000,A13,ALIEN,0,42225,20,0,19,10,5,2025
2025-05-10 21:00:00.000,A13,ALIEN,0,42249,21,0,19,10,5,2025
2025-05-11 07:00:00.000,A13,ALIEN,0,42417,7,0,20,11,5,2025
2025-05-11 08:00:00.000,A13,ALIEN,0,42441,8,0,20,11,5,2025
2025-05-11 09:00:00.000,A13,ALIEN,0,42465,9,0,20,11,5,2025
2025-05-11 10:00:00.000,A13,ALIEN,0,42489,10,0,20,11,5,2025
2025-05-11 11:00:00.000,A13,ALIEN,0,42513,11,0,20,11,5,2025
2025-05-11 12:00:00.000,A13,ALIEN,0,42537,12,0,20,11,5,2025
2025-05-11 13:00:00.000,A13,ALIEN,0,42561,13,0,20,11,5,2025
2025-05-11 14:00:00.000,A13,ALIEN,0,42585,14,0,20,11,5,2025
2025-05-11 15:00:00.000,A13,ALIEN,0,42609,15,0,20,11,5,2025
2025-05-11 16:00:00.000,A13,ALIEN,0,42633,16,0,20,11,5,2025
2025-05-11 17:00:00.000,A13,ALIEN,0,42657,17,0,20,11,5,2025
2025-05-11 18:00:00.000,A13,ALIEN,0,42681,18,0,20,11,5,2025
2025-05-12 07:00:00.000,A13,ALIEN,0,42897,7,0,20,12,5,2025
2025-05-12 08:00:00.000,A13,ALIEN,0,42919,8,0,20,12,5,2025
2025-05-12 09:00:00.000,A13,ALIEN,0,42941,9,0,20,12,5,2025
2025-05-12 10:00:00.000,A13,ALIEN,0,42963,10,0,20,12,5,2025
2025-05-12 11:00:00.000,A13,ALIEN,0,42985,11,0,20,12,5,2025
2025-05-12 12:00:00.000,A13,ALIEN,0,43007,12,0,20,12,5,2025
2025-05-12 13:00:00.000,A13,ALIEN,0,43029,13,0,20,12,5,2025
2025-05-12 14:00:00.000,A13,ALIEN,0,43051,14,0,20,12,5,2025
2025-05-12 15:00:00.000,A13,ALIEN,0,43073,15,0,20,12,5,2025
2025-05-12 16:00:00.000,A13,ALIEN,0,43095,16,0,20,12,5,2025
2025-05-12 17:00:00.000,A13,ALIEN,0,43117,17,0,20,12,5,2025
2025-05-12 18:00:00.000,A13,ALIEN,0,43139,18,0,20,12,5,2025
2025-05-13 07:00:00.000,A13,ALIEN,0,43329,7,0,20,13,5,2025
2025-05-13 08:00:00.000,A13,ALIEN,0,43351,8,0,20,13,5,2025
2025-05-13 09:00:00.000,A13,ALIEN,0,43373,9,0,20,13,5,2025
2025-05-13 10:00:00.000,A13,ALIEN,0,43395,10,0,20,13,5,2025
2025-05-13 11:00:00.000,A13,ALIEN,0,43417,11,0,20,13,5,2025
2025-05-13 12:00:00.000,A13,ALIEN,0,43439,12,0,20,13,5,2025
2025-05-13 13:00:00.000,A13,ALIEN,0,43461,13,0,20,13,5,2025
2025-05-13 14:00:00.000,A13,ALIEN,0,43483,14,0,20,13,5,2025
2025-05-13 15:00:00.000,A13,ALIEN,0,43505,15,0,20,13,5,2025
2025-05-13 16:00:00.000,A13,ALIEN,0,43527,16,0,20,13,5,2025
2025-05-13 17:00:00.000,A13,ALIEN,0,43549,17,0,20,13,5,2025
2025-05-13 18:00:00.000,A13,ALIEN,0,43571,18,0,20,13,5,2025
2025-05-14 07:00:00.000,A13,ALIEN,0,43761,7,0,20,14,5,2025
2025-05-14 08:00:00.000,A13,ALIEN,0,43783,8,0,20,14,5,2025
2025-05-14 09:00:00.000,A13,ALIEN,0,43805,9,0,20,14,5,2025
2025-05-14 10:00:00.000,A13,ALIEN,0,43827,10,0,20,14,5,2025
2025-05-14 11:00:00.000,A13,ALIEN,0,43849,11,0,20,14,5,2025
2025-05-14 12:00:00.000,A13,ALIEN,0,43871,12,0,20,14,5,2025
2025-05-14 13:00:00.000,A13,ALIEN,0,43893,13,0,20,14,5,2025
2025-05-14 14:00:00.000,A13,ALIEN,0,43915,14,0,20,14,5,2025
2025-05-14 15:00:00.000,A13,ALIEN,0,43937,15,0,20,14,5,2025
2025-05-14 16:00:00.000,A13,ALIEN,0,43959,16,0,20,14,5,2025
2025-05-14 17:00:00.000,A13,ALIEN,0,43981,17,0,20,14,5,2025
2025-05-14 18:00:00.000,A13,ALIEN,0,44003,18,0,20,14,5,2025
2025-05-15 07:00:00.000,A13,ALIEN,0,44193,7,0,20,15,5,2025
2025-05-15 08:00:00.000,A13,ALIEN,0,44215,8,0,20,15,5,2025
2025-05-15 09:00:00.000,A13,ALIEN,0,44237,9,0,20,15,5,2025
2025-05-15 10:00:00.000,A13,ALIEN,0,44259,10,0,20,15,5,2025
2025-05-15 11:00:00.000,A13,ALIEN,0,44281,11,0,20,15,5,2025
2025-05-15 12:00:00.000,A13,ALIEN,0,44303,12,0,20,15,5,2025
2025-05-15 13:00:00.000,A13,ALIEN,0,44325,13,0,20,15,5,2025
2025-05-15 14:00:00.000,A13,ALIEN,0,44347,14,0,20,15,5,2025
2025-05-15 15:00:00.000,A13,ALIEN,0,44369,15,0,20,15,5,2025
2025-05-15 16:00:00.000,A13,ALIEN,0,44391,16,0,20,15,5,2025
2025-05-15 17:00:00.000,A13,ALIEN,0,44413,17,0,20,15,5,2025
2025-05-15 18:00:00.000,A13,ALIEN,0,44435,18,0,20,15,5,2025
2025-05-16 07:00:00.000,A13,ALIEN,0,44625,7,0,20,16,5,2025
2025-05-16 08:00:00.000,A13,ALIEN,0,44647,8,0,20,16,5,2025
2025-05-16 09:00:00.000,A13,ALIEN,0,44669,9,0,20,16,5,2025
2025-05-16 10:00:00.000,A13,ALIEN,0,44691,10,0,20,16,5,2025
2025-05-16 11:00:00.000,A13,ALIEN,0,44713,11,0,20,16,5,2025
2025-05-16 12:00:00.000,A13,ALIEN,0,44735,12,0,20,16,5,2025
2025-05-16 13:00:00.000,A13,ALIEN,0,44757,13,0,20,16,5,2025
2025-05-16 14:00:00.000,A13,ALIEN,0,44779,14,0,20,16,5,2025
2025-05-16 15:00:00.000,A13,ALIEN,0,44801,15,0,20,16,5,2025
2025-05-16 16:00:00.000,A13,ALIEN,0,44823,16,0,20,16,5,2025
2025-05-16 17:00:00.000,A13,ALIEN,0,44845,17,0,20,16,5,2025
2025-05-16 18:00:00.000,A13,ALIEN,0,44867,18,0,20,16,5,2025
2025-05-17 07:00:00.000,A13,ALIEN,0,45057,7,0,20,17,5,2025
2025-05-17 08:00:00.000,A13,ALIEN,0,45081,8,0,20,17,5,2025
2025-05-17 09:00:00.000,A13,ALIEN,0,45105,9,0,20,17,5,2025
2025-05-17 10:00:00.000,A13,ALIEN,0,45129,10,0,20,17,5,2025
2025-05-17 11:00:00.000,A13,ALIEN,0,45153,11,0,20,17,5,2025
2025-05-17 12:00:00.000,A13,ALIEN,0,45177,12,0,20,17,5,2025
2025-05-17 13:00:00.000,A13,ALIEN,0,45201,13,0,20,17,5,2025
2025-05-17 14:00:00.000,A13,ALIEN,0,45225,14,0,20,17,5,2025
2025-05-17 15:00:00.000,A13,ALIEN,0,45249,15,0,20,17,5,2025
2025-05-17 16:00:00.000,A13,ALIEN,0,45273,16,0,20,17,5,2025
2025-05-17 17:00:00.000,A13,ALIEN,0,45297,17,0,20,17,5,2025
2025-05-17 18:00:00.000,A13,ALIEN,0,45321,18,0,20,17,5,2025
2025-05-17 19:00:00.000,A13,ALIEN,0,45345,19,0,20,17,5,2025
2025-05-17 20:00:00.000,A13,ALIEN,0,45369,20,0,20,17,5,2025
2025-05-17 21:00:00.000,A13,ALIEN,0,45393,21,0,20,17,5,2025
2025-05-18 07:00:00.000,A13,ALIEN,0,45561,7,0,21,18,5,2025
2025-05-18 08:00:00.000,A13,ALIEN,0,45585,8,0,21,18,5,2025
2025-05-18 09:00:00.000,A13,ALIEN,0,45609,9,0,21,18,5,2025
2025-05-18 10:00:00.000,A13,ALIEN,0,45633,10,0,21,18,5,2025
2025-05-18 11:00:00.000,A13,ALIEN,0,45657,11,0,21,18,5,2025
2025-05-18 12:00:00.000,A13,ALIEN,0,45681,12,0,21,18,5,2025
2025-05-18 13:00:00.000,A13,ALIEN,0,45705,13,0,21,18,5,2025
2025-05-18 14:00:00.000,A13,ALIEN,0,45729,14,0,21,18,5,2025
2025-05-18 15:00:00.000,A13,ALIEN,0,45753,15,0,21,18,5,2025
2025-05-18 16:00:00.000,A13,ALIEN,0,45777,16,0,21,18,5,2025
2025-05-18 17:00:00.000,A13,ALIEN,0,45801,17,0,21,18,5,2025
2025-05-18 18:00:00.000,A13,ALIEN,0,45825,18,0,21,18,5,2025
2025-05-19 07:00:00.000,A13,ALIEN,0,46041,7,0,21,19,5,2025
2025-05-19 08:00:00.000,A13,ALIEN,0,46063,8,0,21,19,5,2025
2025-05-19 09:00:00.000,A13,ALIEN,0,46085,9,0,21,19,5,2025
2025-05-19 10:00:00.000,A13,ALIEN,0,46107,10,0,21,19,5,2025
2025-05-19 11:00:00.000,A13,ALIEN,0,46129,11,0,21,19,5,2025
2025-05-19 12:00:00.000,A13,ALIEN,0,46151,12,0,21,19,5,2025
2025-05-19 13:00:00.000,A13,ALIEN,0,46173,13,0,21,19,5,2025
2025-05-19 14:00:00.000,A13,ALIEN,0,46195,14,0,21,19,5,2025
2025-05-19 15:00:00.000,A13,ALIEN,0,46217,15,0,21,19,5,2025
2025-05-19 16:00:00.000,A13,ALIEN,0,46239,16,0,21,19,5,2025
2025-05-19 17:00:00.000,A13,ALIEN,0,46261,17,0,21,19,5,2025
2025-05-19 18:00:00.000,A13,ALIEN,0,46283,18,0,21,19,5,2025
2025-05-20 07:00:00.000,A13,ALIEN,0,46473,7,0,21,20,5,2025
2025-05-20 08:00:00.000,A13,ALIEN,0,46495,8,0,21,20,5,2025
2025-05-20 09:00:00.000,A13,ALIEN,0,46517,9,0,21,20,5,2025
2025-05-20 10:00:00.000,A13,ALIEN,0,46539,10,0,21,20,5,2025
2025-05-20 11:00:00.000,A13,ALIEN,0,46561,11,0,21,20,5,2025
2025-05-20 12:00:00.000,A13,ALIEN,0,46583,12,0,21,20,5,2025
2025-05-20 13:00:00.000,A13,ALIEN,0,46605,13,0,21,20,5,2025
2025-05-20 14:00:00.000,A13,ALIEN,0,46627,14,0,21,20,5,2025
2025-05-20 15:00:00.000,A13,ALIEN,0,46649,15,0,21,20,5,2025
2025-05-20 16:00:00.000,A13,ALIEN,0,46671,16,0,21,20,5,2025
2025-05-20 17:00:00.000,A13,ALIEN,0,46693,17,0,21,20,5,2025
2025-05-20 18:00:00.000,A13,ALIEN,0,46715,18,0,21,20,5,2025
2025-05-21 07:00:00.000,A13,ALIEN,0,46905,7,0,21,21,5,2025
2025-05-21 08:00:00.000,A13,ALIEN,0,46927,8,0,21,21,5,2025
2025-05-21 09:00:00.000,A13,ALIEN,0,46949,9,0,21,21,5,2025
2025-05-21 10:00:00.000,A13,ALIEN,0,46971,10,0,21,21,5,2025
2025-05-21 11:00:00.000,A13,ALIEN,0,46993,11,0,21,21,5,2025
2025-05-21 12:00:00.000,A13,ALIEN,0,47015,12,0,21,21,5,2025
2025-05-21 13:00:00.000,A13,ALIEN,0,47037,13,0,21,21,5,2025
2025-05-21 14:00:00.000,A13,ALIEN,0,47059,14,0,21,21,5,2025
2025-05-21 15:00:00.000,A13,ALIEN,0,47081,15,0,21,21,5,2025
2025-05-21 16:00:00.000,A13,ALIEN,0,47103,16,0,21,21,5,2025
2025-05-21 17:00:00.000,A13,ALIEN,0,47125,17,0,21,21,5,2025
2025-05-21 18:00:00.000,A13,ALIEN,0,47147,18,0,21,21,5,2025
2025-05-22 07:00:00.000,A13,ALIEN,0,47337,7,0,21,22,5,2025
2025-05-22 08:00:00.000,A13,ALIEN,0,47359,8,0,21,22,5,2025
2025-05-22 09:00:00.000,A13,ALIEN,0,47381,9,0,21,22,5,2025
2025-05-22 10:00:00.000,A13,ALIEN,0,47403,10,0,21,22,5,2025
2025-05-22 11:00:00.000,A13,ALIEN,0,47425,11,0,21,22,5,2025
2025-05-22 12:00:00.000,A13,ALIEN,0,47447,12,0,21,22,5,2025
2025-05-22 13:00:00.000,A13,ALIEN,0,47469,13,0,21,22,5,2025
2025-05-22 14:00:00.000,A13,ALIEN,0,47491,14,0,21,22,5,2025
2025-05-22 15:00:00.000,A13,ALIEN,0,47513,15,0,21,22,5,2025
2025-05-22 16:00:00.000,A13,ALIEN,0,47535,16,0,21,22,5,2025
2025-05-22 17:00:00.000,A13,ALIEN,0,47557,17,0,21,22,5,2025
2025-05-22 18:00:00.000,A13,ALIEN,0,47579,18,0,21,22,5,2025
2025-05-23 07:00:00.000,A13,ALIEN,0,47769,7,0,21,23,5,2025
2025-05-23 08:00:00.000,A13,ALIEN,0,47791,8,0,21,23,5,2025
2025-05-23 09:00:00.000,A13,ALIEN,0,47813,9,0,21,23,5,2025
2025-05-23 10:00:00.000,A13,ALIEN,0,47835,10,0,21,23,5,2025
2025-05-23 11:00:00.000,A13,ALIEN,0,47857,11,0,21,23,5,2025
2025-05-23 12:00:00.000,A13,ALIEN,0,47879,12,0,21,23,5,2025
2025-05-23 13:00:00.000,A13,ALIEN,0,47901,13,0,21,23,5,2025
2025-05-23 14:00:00.000,A13,ALIEN,0,47923,14,0,21,23,5,2025
2025-05-23 15:00:00.000,A13,ALIEN,0,47945,15,0,21,23,5,2025
2025-05-23 16:00:00.000,A13,ALIEN,0,47967,16,0,21,23,5,2025
2025-05-23 17:00:00.000,A13,ALIEN,0,47989,17,0,21,23,5,2025
2025-05-23 18:00:00.000,A13,ALIEN,0,48011,18,0,21,23,5,2025
2025-05-24 07:00:00.000,A13,ALIEN,0,48201,7,0,21,24,5,2025
2025-05-24 08:00:00.000,A13,ALIEN,0,48225,8,0,21,24,5,2025
2025-05-24 09:00:00.000,A13,ALIEN,0,48249,9,0,21,24,5,2025
2025-05-24 10:00:00.000,A13,ALIEN,0,48273,10,0,21,24,5,2025
2025-05-24 11:00:00.000,A13,ALIEN,0,48297,11,0,21,24,5,2025
2025-05-24 12:00:00.000,A13,ALIEN,0,48321,12,0,21,24,5,2025
2025-05-24 13:00:00.000,A13,ALIEN,0,48345,13,0,21,24,5,2025
2025-05-24 14:00:00.000,A13,ALIEN,0,48369,14,0,21,24,5,2025
2025-05-24 15:00:00.000,A13,ALIEN,0,48393,15,0,21,24,5,2025
2025-05-24 16:00:00.000,A13,ALIEN,0,48417,16,0,21,24,5,2025
2025-05-24 17:00:00.000,A13,ALIEN,0,48441,17,0,21,24,5,2025
2025-05-24 18:00:00.000,A13,ALIEN,0,48465,18,0,21,24,5,2025
2025-05-24 19:00:00.000,A13,ALIEN,0,48489,19,0,21,24,5,2025
2025-05-24 20:00:00.000,A13,ALIEN,0,48513,20,0,21,24,5,2025
2025-05-24 21:00:00.000,A13,ALIEN,0,48537,21,0,21,24,5,2025
2025-05-25 07:00:00.000,A13,ALIEN,0,48705,7,0,22,25,5,2025
2025-05-25 08:00:00.000,A13,ALIEN,0,48729,8,0,22,25,5,2025
2025-05-25 09:00:00.000,A13,ALIEN,0,48753,9,0,22,25,5,2025
2025-05-25 10:00:00.000,A13,ALIEN,0,48777,10,0,22,25,5,2025
2025-05-25 11:00:00.000,A13,ALIEN,0,48801,11,0,22,25,5,2025
2025-05-25 12:00:00.000,A13,ALIEN,0,48825,12,0,22,25,5,2025
2025-05-25 13:00:00.000,A13,ALIEN,0,48849,13,0,22,25,5,2025
2025-05-25 14:00:00.000,A13,ALIEN,0,48873,14,0,22,25,5,2025
2025-05-25 15:00:00.000,A13,ALIEN,0,48897,15,0,22,25,5,2025
2025-05-25 16:00:00.000,A13,ALIEN,0,48921,16,0,22,25,5,2025
2025-05-25 17:00:00.000,A13,ALIEN,0,48945,17,0,22,25,5,2025
2025-05-25 18:00:00.000,A13,ALIEN,0,48969,18,0,22,25,5,2025
2025-05-26 07:00:00.000,A13,ALIEN,0,49185,7,0,22,26,5,2025
2025-05-26 08:00:00.000,A13,ALIEN,0,49207,8,0,22,26,5,2025
2025-05-26 09:00:00.000,A13,ALIEN,0,49229,9,0,22,26,5,2025
2025-05-26 10:00:00.000,A13,ALIEN,0,49251,10,0,22,26,5,2025
2025-05-26 11:00:00.000,A13,ALIEN,0,49274,11,0,22,26,5,2025
2025-05-26 12:00:00.000,A13,ALIEN,0,49297,12,0,22,26,5,2025
2025-05-26 13:00:00.000,A13,ALIEN,0,49320,13,0,22,26,5,2025
2025-05-26 14:00:00.000,A13,ALIEN,0,49343,14,0,22,26,5,2025
2025-05-26 15:00:00.000,A13,ALIEN,0,49366,15,0,22,26,5,2025
2025-05-26 16:00:00.000,A13,ALIEN,0,49389,16,0,22,26,5,2025
2025-05-26 17:00:00.000,A13,ALIEN,0,49412,17,0,22,26,5,2025
2025-05-26 18:00:00.000,A13,ALIEN,0,49435,18,0,22,26,5,2025
2025-05-27 07:00:00.000,A13,ALIEN,0,49638,7,0,22,27,5,2025
2025-05-27 08:00:00.000,A13,ALIEN,0,49659,8,0,22,27,5,2025
2025-05-27 09:00:00.000,A13,ALIEN,0,49680,9,0,22,27,5,2025
2025-05-27 10:00:00.000,A13,ALIEN,0,49702,10,0,22,27,5,2025
2025-05-27 11:00:00.000,A13,ALIEN,0,49724,11,0,22,27,5,2025
2025-05-27 12:00:00.000,A13,ALIEN,0,49746,12,0,22,27,5,2025
2025-05-27 13:00:00.000,A13,ALIEN,0,49768,13,0,22,27,5,2025
2025-05-27 14:00:00.000,A13,ALIEN,0,49790,14,0,22,27,5,2025
2025-05-27 15:00:00.000,A13,ALIEN,0,49812,15,0,22,27,5,2025
2025-05-27 16:00:00.000,A13,ALIEN,0,49834,16,0,22,27,5,2025
2025-05-27 17:00:00.000,A13,ALIEN,0,49856,17,0,22,27,5,2025
2025-05-27 18:00:00.000,A13,ALIEN,0,49878,18,0,22,27,5,2025
2025-05-28 07:00:00.000,A13,ALIEN,0,50068,7,0,22,28,5,2025
2025-05-28 08:00:00.000,A13,ALIEN,0,50090,8,0,22,28,5,2025
2025-05-28 09:00:00.000,A13,ALIEN,0,50112,9,0,22,28,5,2025
2025-05-28 10:00:00.000,A13,ALIEN,0,50134,10,0,22,28,5,2025
2025-05-28 11:00:00.000,A13,ALIEN,0,50156,11,0,22,28,5,2025
2025-05-28 12:00:00.000,A13,ALIEN,0,50178,12,0,22,28,5,2025
2025-05-28 13:00:00.000,A13,ALIEN,0,50200,13,0,22,28,5,2025
2025-05-28 14:00:00.000,A13,ALIEN,0,50222,14,0,22,28,5,2025
2025-05-28 15:00:00.000,A13,ALIEN,0,50244,15,0,22,28,5,2025
2025-05-28 16:00:00.000,A13,ALIEN,0,50266,16,0,22,28,5,2025
2025-05-28 17:00:00.000,A13,ALIEN,0,50288,17,0,22,28,5,2025
2025-05-28 18:00:00.000,A13,ALIEN,0,50310,18,0,22,28,5,2025
2025-05-29 07:00:00.000,A13,ALIEN,0,50500,7,0,22,29,5,2025
2025-05-29 08:00:00.000,A13,ALIEN,0,50524,8,0,22,29,5,2025
2025-05-29 09:00:00.000,A13,ALIEN,0,50548,9,0,22,29,5,2025
2025-05-29 10:00:00.000,A13,ALIEN,0,50572,10,0,22,29,5,2025
2025-05-29 11:00:00.000,A13,ALIEN,0,50596,11,0,22,29,5,2025
2025-05-29 12:00:00.000,A13,ALIEN,0,50620,12,0,22,29,5,2025
2025-05-29 13:00:00.000,A13,ALIEN,0,50644,13,0,22,29,5,2025
2025-05-29 14:00:00.000,A13,ALIEN,0,50668,14,0,22,29,5,2025
2025-05-29 15:00:00.000,A13,ALIEN,0,50692,15,0,22,29,5,2025
2025-05-29 16:00:00.000,A13,ALIEN,0,50716,16,0,22,29,5,2025
2025-05-29 17:00:00.000,A13,ALIEN,0,50740,17,0,22,29,5,2025
2025-05-29 18:00:00.000,A13,ALIEN,0,50764,18,0,22,29,5,2025
2025-05-29 19:00:00.000,A13,ALIEN,0,50788,19,0,22,29,5,2025
2025-05-29 20:00:00.000,A13,ALIEN,0,50812,20,0,22,29,5,2025
2025-05-29 21:00:00.000,A13,ALIEN,0,50836,21,0,22,29,5,2025
2025-05-30 07:00:00.000,A13,ALIEN,0,51004,7,0,22,30,5,2025
2025-05-30 08:00:00.000,A13,ALIEN,0,51028,8,0,22,30,5,2025
2025-05-30 09:00:00.000,A13,ALIEN,0,51052,9,0,22,30,5,2025
2025-05-30 10:00:00.000,A13,ALIEN,0,51076,10,0,22,30,5,2025
2025-05-30 11:00:00.000,A13,ALIEN,0,51100,11,0,22,30,5,2025
2025-05-30 12:00:00.000,A13,ALIEN,0,51124,12,0,22,30,5,2025
2025-05-30 13:00:00.000,A13,ALIEN,0,51148,13,0,22,30,5,2025
2025-05-30 14:00:00.000,A13,ALIEN,0,51172,14,0,22,30,5,2025
2025-05-30 15:00:00.000,A13,ALIEN,0,51196,15,0,22,30,5,2025
2025-05-30 16:00:00.000,A13,ALIEN,0,51220,16,0,22,30,5,2025
2025-05-30 17:00:00.000,A13,ALIEN,0,51244,17,0,22,30,5,2025
2025-05-30 18:00:00.000,A13,ALIEN,0,51268,18,0,22,30,5,2025
2025-05-30 19:00:00.000,A13,ALIEN,0,51292,19,0,22,30,5,2025
2025-05-30 20:00:00.000,A13,ALIEN,0,51316,20,0,22,30,5,2025
2025-05-30 21:00:00.000,A13,ALIEN,0,51340,21,0,22,30,5,2025
2025-05-31 00:00:00.000,A13,ALIEN,0,51396,0,0,22,31,5,2025
2025-05-31 01:00:00.000,A13,ALIEN,0,51420,1,0,22,31,5,2025
2025-05-31 07:00:00.000,A13,ALIEN,0,51524,7,0,22,31,5,2025
2025-05-31 08:00:00.000,A13,ALIEN,0,51548,8,0,22,31,5,2025
2025-05-31 09:00:00.000,A13,ALIEN,0,51572,9,0,22,31,5,2025
2025-05-31 10:00:00.000,A13,ALIEN,0,51596,10,0,22,31,5,2025
2025-05-31 11:00:00.000,A13,ALIEN,0,51620,11,0,22,31,5,2025
2025-05-31 12:00:00.000,A13,ALIEN,0,51644,12,0,22,31,5,2025
2025-05-31 13:00:00.000,A13,ALIEN,0,51668,13,0,22,31,5,2025
2025-05-31 14:00:00.000,A13,ALIEN,0,51692,14,0,22,31,5,2025
2025-05-31 15:00:00.000,A13,ALIEN,0,51716,15,0,22,31,5,2025
2025-05-31 16:00:00.000,A13,ALIEN,0,51740,16,0,22,31,5,2025
2025-05-31 17:00:00.000,A13,ALIEN,0,51764,17,0,22,31,5,2025
2025-05-31 18:00:00.000,A13,ALIEN,0,51788,18,0,22,31,5,2025
2025-05-31 19:00:00.000,A13,ALIEN,0,51812,19,0,22,31,5,2025
2025-05-31 20:00:00.000,A13,ALIEN,0,51836,20,0,22,31,5,2025
2025-05-31 21:00:00.000,A13,ALIEN,0,51860,21,0,22,31,5,2025
2025-06-01 07:00:00.000,A13,ALIEN,0,52028,7,0,23,1,6,2025
2025-06-01 08:00:00.000,A13,ALIEN,0,52052,8,0,23,1,6,2025
2025-06-01 09:00:00.000,A13,ALIEN,0,52076,9,0,23,1,6,2025
2025-06-01 10:00:00.000,A13,ALIEN,0,52100,10,0,23,1,6,2025
2025-06-01 11:00:00.000,A13,ALIEN,0,52124,11,0,23,1,6,2025
2025-06-01 12:00:00.000,A13,ALIEN,0,52148,12,0,23,1,6,2025
2025-06-01 13:00:00.000,A13,ALIEN,0,52172,13,0,23,1,6,2025
2025-06-01 14:00:00.000,A13,ALIEN,0,52196,14,0,23,1,6,2025
2025-06-01 15:00:00.000,A13,ALIEN,0,52220,15,0,23,1,6,2025
2025-06-01 16:00:00.000,A13,ALIEN,0,52244,16,0,23,1,6,2025
2025-06-01 17:00:00.000,A13,ALIEN,0,52268,17,0,23,1,6,2025
2025-06-01 18:00:00.000,A13,ALIEN,0,52292,18,0,23,1,6,2025
2025-06-02 07:00:00.000,A13,ALIEN,0,52508,7,0,23,2,6,2025
2025-06-02 08:00:00.000,A13,ALIEN,0,52529,8,0,23,2,6,2025
2025-06-02 09:00:00.000,A13,ALIEN,0,52550,9,0,23,2,6,2025
2025-06-02 10:00:00.000,A13,ALIEN,0,52571,10,0,23,2,6,2025
2025-06-02 11:00:00.000,A13,ALIEN,0,52592,11,0,23,2,6,2025
2025-06-02 12:00:00.000,A13,ALIEN,0,52613,12,0,23,2,6,2025
2025-06-02 13:00:00.000,A13,ALIEN,0,52634,13,0,23,2,6,2025
2025-06-02 14:00:00.000,A13,ALIEN,0,52655,14,0,23,2,6,2025
2025-06-02 15:00:00.000,A13,ALIEN,0,52676,15,0,23,2,6,2025
2025-06-02 16:00:00.000,A13,ALIEN,0,52697,16,0,23,2,6,2025
2025-06-02 17:00:00.000,A13,ALIEN,0,52718,17,0,23,2,6,2025
2025-06-02 18:00:00.000,A13,ALIEN,0,52739,18,0,23,2,6,2025
2025-06-03 07:00:00.000,A13,ALIEN,0,52916,7,0,23,3,6,2025
2025-06-03 08:00:00.000,A13,ALIEN,0,52938,8,0,23,3,6,2025
2025-06-03 09:00:00.000,A13,ALIEN,0,52960,9,0,23,3,6,2025
2025-06-03 10:00:00.000,A13,ALIEN,0,52982,10,0,23,3,6,2025
2025-06-03 11:00:00.000,A13,ALIEN,0,53004,11,0,23,3,6,2025
2025-06-03 12:00:00.000,A13,ALIEN,0,53026,12,0,23,3,6,2025
2025-06-03 13:00:00.000,A13,ALIEN,0,53048,13,0,23,3,6,2025
2025-06-03 14:00:00.000,A13,ALIEN,0,53070,14,0,23,3,6,2025
2025-06-03 15:00:00.000,A13,ALIEN,0,53092,15,0,23,3,6,2025
2025-06-03 16:00:00.000,A13,ALIEN,0,53114,16,0,23,3,6,2025
2025-06-03 17:00:00.000,A13,ALIEN,0,53136,17,0,23,3,6,2025
2025-06-03 18:00:00.000,A13,ALIEN,0,53158,18,0,23,3,6,2025
2025-06-04 07:00:00.000,A13,ALIEN,0,53348,7,0,23,4,6,2025
2025-06-04 08:00:00.000,A13,ALIEN,0,53369,8,0,23,4,6,2025
2025-06-04 09:00:00.000,A13,ALIEN,0,53390,9,0,23,4,6,2025
2025-06-04 10:00:00.000,A13,ALIEN,0,53411,10,0,23,4,6,2025
2025-06-04 11:00:00.000,A13,ALIEN,0,53432,11,0,23,4,6,2025
2025-06-04 12:00:00.000,A13,ALIEN,0,53453,12,0,23,4,6,2025
2025-06-04 13:00:00.000,A13,ALIEN,0,53474,13,0,23,4,6,2025
2025-06-04 14:00:00.000,A13,ALIEN,0,53495,14,0,23,4,6,2025
2025-06-04 15:00:00.000,A13,ALIEN,0,53516,15,0,23,4,6,2025
2025-06-04 16:00:00.000,A13,ALIEN,0,53537,16,0,23,4,6,2025
2025-06-04 17:00:00.000,A13,ALIEN,0,53558,17,0,23,4,6,2025
2025-06-04 18:00:00.000,A13,ALIEN,0,53579,18,0,23,4,6,2025
2025-06-05 07:00:00.000,A13,ALIEN,0,53756,7,0,23,5,6,2025
2025-06-05 08:00:00.000,A13,ALIEN,0,53777,8,0,23,5,6,2025
2025-06-05 09:00:00.000,A13,ALIEN,0,53798,9,0,23,5,6,2025
2025-06-05 10:00:00.000,A13,ALIEN,0,53819,10,0,23,5,6,2025
2025-06-05 11:00:00.000,A13,ALIEN,0,53840,11,0,23,5,6,2025
2025-06-05 12:00:00.000,A13,ALIEN,0,53861,12,0,23,5,6,2025
2025-06-05 13:00:00.000,A13,ALIEN,0,53882,13,0,23,5,6,2025
2025-06-05 14:00:00.000,A13,ALIEN,0,53903,14,0,23,5,6,2025
2025-06-05 15:00:00.000,A13,ALIEN,0,53924,15,0,23,5,6,2025
2025-06-05 16:00:00.000,A13,ALIEN,0,53945,16,0,23,5,6,2025
2025-06-05 17:00:00.000,A13,ALIEN,0,53966,17,0,23,5,6,2025
2025-06-05 18:00:00.000,A13,ALIEN,0,53987,18,0,23,5,6,2025
2025-06-06 07:00:00.000,A13,ALIEN,0,54164,7,0,23,6,6,2025
2025-06-06 08:00:00.000,A13,ALIEN,0,54187,8,0,23,6,6,2025
2025-06-06 09:00:00.000,A13,ALIEN,0,54210,9,0,23,6,6,2025
2025-06-06 10:00:00.000,A13,ALIEN,0,54233,10,0,23,6,6,2025
2025-06-06 11:00:00.000,A13,ALIEN,0,54256,11,0,23,6,6,2025
2025-06-06 12:00:00.000,A13,ALIEN,0,54279,12,0,23,6,6,2025
2025-06-06 13:00:00.000,A13,ALIEN,0,54302,13,0,23,6,6,2025
2025-06-06 14:00:00.000,A13,ALIEN,0,54325,14,0,23,6,6,2025
2025-06-06 15:00:00.000,A13,ALIEN,0,54348,15,0,23,6,6,2025
2025-06-06 16:00:00.000,A13,ALIEN,0,54371,16,0,23,6,6,2025
2025-06-06 17:00:00.000,A13,ALIEN,0,54394,17,0,23,6,6,2025
2025-06-06 18:00:00.000,A13,ALIEN,0,54417,18,0,23,6,6,2025
2025-06-06 19:00:00.000,A13,ALIEN,0,54440,19,0,23,6,6,2025
2025-06-06 20:00:00.000,A13,ALIEN,0,54463,20,0,23,6,6,2025
2025-06-06 21:00:00.000,A13,ALIEN,0,54486,21,0,23,6,6,2025
2025-06-07 07:00:00.000,A13,ALIEN,0,54644,7,0,23,7,6,2025
2025-06-07 08:00:00.000,A13,ALIEN,0,54668,8,0,23,7,6,2025
2025-06-07 09:00:00.000,A13,ALIEN,0,54692,9,0,23,7,6,2025
2025-06-07 10:00:00.000,A13,ALIEN,0,54716,10,0,23,7,6,2025
2025-06-07 11:00:00.000,A13,ALIEN,0,54740,11,0,23,7,6,2025
2025-06-07 12:00:00.000,A13,ALIEN,0,54764,12,0,23,7,6,2025
2025-06-07 13:00:00.000,A13,ALIEN,0,54788,13,0,23,7,6,2025
2025-06-07 14:00:00.000,A13,ALIEN,0,54812,14,0,23,7,6,2025
2025-06-07 15:00:00.000,A13,ALIEN,0,54836,15,0,23,7,6,2025
2025-06-07 16:00:00.000,A13,ALIEN,0,54860,16,0,23,7,6,2025
2025-06-07 17:00:00.000,A13,ALIEN,0,54884,17,0,23,7,6,2025
2025-06-07 18:00:00.000,A13,ALIEN,0,54908,18,0,23,7,6,2025
2025-06-07 19:00:00.000,A13,ALIEN,0,54932,19,0,23,7,6,2025
2025-06-07 20:00:00.000,A13,ALIEN,0,54956,20,0,23,7,6,2025
2025-06-07 21:00:00.000,A13,ALIEN,0,54980,21,0,23,7,6,2025
2025-06-08 07:00:00.000,A13,ALIEN,0,55148,7,0,24,8,6,2025
2025-06-08 08:00:00.000,A13,ALIEN,0,55172,8,0,24,8,6,2025
2025-06-08 09:00:00.000,A13,ALIEN,0,55196,9,0,24,8,6,2025
2025-06-08 10:00:00.000,A13,ALIEN,0,55220,10,0,24,8,6,2025
2025-06-08 11:00:00.000,A13,ALIEN,0,55244,11,0,24,8,6,2025
2025-06-08 12:00:00.000,A13,ALIEN,0,55268,12,0,24,8,6,2025
2025-06-08 13:00:00.000,A13,ALIEN,0,55292,13,0,24,8,6,2025
2025-06-08 14:00:00.000,A13,ALIEN,0,55316,14,0,24,8,6,2025
2025-06-08 15:00:00.000,A13,ALIEN,0,55340,15,0,24,8,6,2025
2025-06-08 16:00:00.000,A13,ALIEN,0,55364,16,0,24,8,6,2025
2025-06-08 17:00:00.000,A13,ALIEN,0,55388,17,0,24,8,6,2025
2025-06-08 18:00:00.000,A13,ALIEN,0,55412,18,0,24,8,6,2025
2025-06-08 19:00:00.000,A13,ALIEN,0,55436,19,0,24,8,6,2025
2025-06-08 20:00:00.000,A13,ALIEN,0,55460,20,0,24,8,6,2025
2025-06-08 21:00:00.000,A13,ALIEN,0,55484,21,0,24,8,6,2025
2025-06-09 07:00:00.000,A13,ALIEN,0,55652,7,0,24,9,6,2025
2025-06-09 08:00:00.000,A13,ALIEN,0,55676,8,0,24,9,6,2025
2025-06-09 09:00:00.000,A13,ALIEN,0,55700,9,0,24,9,6,2025
2025-06-09 10:00:00.000,A13,ALIEN,0,55724,10,0,24,9,6,2025
2025-06-09 11:00:00.000,A13,ALIEN,0,55748,11,0,24,9,6,2025
2025-06-09 12:00:00.000,A13,ALIEN,0,55772,12,0,24,9,6,2025
2025-06-09 13:00:00.000,A13,ALIEN,0,55796,13,0,24,9,6,2025
2025-06-09 14:00:00.000,A13,ALIEN,0,55820,14,0,24,9,6,2025
2025-06-09 15:00:00.000,A13,ALIEN,0,55844,15,0,24,9,6,2025
2025-06-09 16:00:00.000,A13,ALIEN,0,55868,16,0,24,9,6,2025
2025-06-09 17:00:00.000,A13,ALIEN,0,55892,17,0,24,9,6,2025
2025-06-09 18:00:00.000,A13,ALIEN,0,55916,18,0,24,9,6,2025
2025-06-10 07:00:00.000,A13,ALIEN,0,56132,7,0,24,10,6,2025
2025-06-10 08:00:00.000,A13,ALIEN,0,56154,8,0,24,10,6,2025
2025-06-10 09:00:00.000,A13,ALIEN,0,56176,9,0,24,10,6,2025
2025-06-10 10:00:00.000,A13,ALIEN,0,56198,10,0,24,10,6,2025
2025-06-10 11:00:00.000,A13,ALIEN,0,56220,11,0,24,10,6,2025
2025-06-10 12:00:00.000,A13,ALIEN,0,56242,12,0,24,10,6,2025
2025-06-10 13:00:00.000,A13,ALIEN,0,56264,13,0,24,10,6,2025
2025-06-10 14:00:00.000,A13,ALIEN,0,56286,14,0,24,10,6,2025
2025-06-10 15:00:00.000,A13,ALIEN,0,56308,15,0,24,10,6,2025
2025-06-10 16:00:00.000,A13,ALIEN,0,56330,16,0,24,10,6,2025
2025-06-10 17:00:00.000,A13,ALIEN,0,56352,17,0,24,10,6,2025
2025-06-10 18:00:00.000,A13,ALIEN,0,56374,18,0,24,10,6,2025
2025-06-11 07:00:00.000,A13,ALIEN,0,56564,7,0,24,11,6,2025
2025-06-11 08:00:00.000,A13,ALIEN,0,56586,8,0,24,11,6,2025
2025-06-11 09:00:00.000,A13,ALIEN,0,56608,9,0,24,11,6,2025
2025-06-11 10:00:00.000,A13,ALIEN,0,56630,10,0,24,11,6,2025
2025-06-11 11:00:00.000,A13,ALIEN,0,56652,11,0,24,11,6,2025
2025-06-11 12:00:00.000,A13,ALIEN,0,56674,12,0,24,11,6,2025
2025-06-11 13:00:00.000,A13,ALIEN,0,56696,13,0,24,11,6,2025
2025-06-11 14:00:00.000,A13,ALIEN,0,56718,14,0,24,11,6,2025
2025-06-11 15:00:00.000,A13,ALIEN,0,56740,15,0,24,11,6,2025
2025-06-11 16:00:00.000,A13,ALIEN,0,56762,16,0,24,11,6,2025
2025-06-11 17:00:00.000,A13,ALIEN,0,56784,17,0,24,11,6,2025
2025-06-11 18:00:00.000,A13,ALIEN,0,56806,18,0,24,11,6,2025
2025-06-12 07:00:00.000,A13,ALIEN,0,56996,7,0,24,12,6,2025
2025-06-12 08:00:00.000,A13,ALIEN,0,57018,8,0,24,12,6,2025
2025-06-12 09:00:00.000,A13,ALIEN,0,57040,9,0,24,12,6,2025
2025-06-12 10:00:00.000,A13,ALIEN,0,57062,10,0,24,12,6,2025
2025-06-12 11:00:00.000,A13,ALIEN,0,57084,11,0,24,12,6,2025
2025-06-12 12:00:00.000,A13,ALIEN,0,57106,12,0,24,12,6,2025
2025-06-12 13:00:00.000,A13,ALIEN,0,57128,13,0,24,12,6,2025
2025-06-12 14:00:00.000,A13,ALIEN,0,57150,14,0,24,12,6,2025
2025-06-12 15:00:00.000,A13,ALIEN,0,57172,15,0,24,12,6,2025
2025-06-12 16:00:00.000,A13,ALIEN,0,57194,16,0,24,12,6,2025
2025-06-12 17:00:00.000,A13,ALIEN,0,57216,17,0,24,12,6,2025
2025-06-12 18:00:00.000,A13,ALIEN,0,57238,18,0,24,12,6,2025
2025-06-13 07:00:00.000,A13,ALIEN,0,57428,7,0,24,13,6,2025
2025-06-13 08:00:00.000,A13,ALIEN,0,57449,8,0,24,13,6,2025
2025-06-13 09:00:00.000,A13,ALIEN,0,57470,9,0,24,13,6,2025
2025-06-13 10:00:00.000,A13,ALIEN,0,57491,10,0,24,13,6,2025
2025-06-13 11:00:00.000,A13,ALIEN,0,57512,11,0,24,13,6,2025
2025-06-13 12:00:00.000,A13,ALIEN,0,57533,12,0,24,13,6,2025
2025-06-13 13:00:00.000,A13,ALIEN,0,57554,13,0,24,13,6,2025
2025-06-13 14:00:00.000,A13,ALIEN,0,57575,14,0,24,13,6,2025
2025-06-13 15:00:00.000,A13,ALIEN,0,57596,15,0,24,13,6,2025
2025-06-13 16:00:00.000,A13,ALIEN,0,57617,16,0,24,13,6,2025
2025-06-13 17:00:00.000,A13,ALIEN,0,57638,17,0,24,13,6,2025
2025-06-13 18:00:00.000,A13,ALIEN,0,57659,18,0,24,13,6,2025
2025-06-13 19:00:00.000,A13,ALIEN,0,57680,19,0,24,13,6,2025
2025-06-13 20:00:00.000,A13,ALIEN,0,57701,20,0,24,13,6,2025
2025-06-13 21:00:00.000,A13,ALIEN,0,57722,21,0,24,13,6,2025
2025-06-14 07:00:00.000,A13,ALIEN,0,57860,7,0,24,14,6,2025
2025-06-14 08:00:00.000,A13,ALIEN,0,57884,8,0,24,14,6,2025
2025-06-14 09:00:00.000,A13,ALIEN,0,57908,9,0,24,14,6,2025
2025-06-14 10:00:00.000,A13,ALIEN,0,57932,10,0,24,14,6,2025
2025-06-14 11:00:00.000,A13,ALIEN,0,57956,11,0,24,14,6,2025
2025-06-14 12:00:00.000,A13,ALIEN,0,57980,12,0,24,14,6,2025
2025-06-14 13:00:00.000,A13,ALIEN,0,58004,13,0,24,14,6,2025
2025-06-14 14:00:00.000,A13,ALIEN,0,58028,14,0,24,14,6,2025
2025-06-14 15:00:00.000,A13,ALIEN,0,58052,15,0,24,14,6,2025
2025-06-14 16:00:00.000,A13,ALIEN,0,58076,16,0,24,14,6,2025
2025-06-14 17:00:00.000,A13,ALIEN,0,58100,17,0,24,14,6,2025
2025-06-14 18:00:00.000,A13,ALIEN,0,58124,18,0,24,14,6,2025
2025-06-14 19:00:00.000,A13,ALIEN,0,58148,19,0,24,14,6,2025
2025-06-14 20:00:00.000,A13,ALIEN,0,58172,20,0,24,14,6,2025
2025-06-14 21:00:00.000,A13,ALIEN,0,58196,21,0,24,14,6,2025
2025-06-15 07:00:00.000,A13,ALIEN,0,58364,7,0,25,15,6,2025
2025-06-15 08:00:00.000,A13,ALIEN,0,58388,8,0,25,15,6,2025
2025-06-15 09:00:00.000,A13,ALIEN,0,58412,9,0,25,15,6,2025
2025-06-15 10:00:00.000,A13,ALIEN,0,58436,10,0,25,15,6,2025
2025-06-15 11:00:00.000,A13,ALIEN,0,58460,11,0,25,15,6,2025
2025-06-15 12:00:00.000,A13,ALIEN,0,58484,12,0,25,15,6,2025
2025-06-15 13:00:00.000,A13,ALIEN,0,58508,13,0,25,15,6,2025
2025-06-15 14:00:00.000,A13,ALIEN,0,58532,14,0,25,15,6,2025
2025-06-15 15:00:00.000,A13,ALIEN,0,58556,15,0,25,15,6,2025
2025-06-15 16:00:00.000,A13,ALIEN,0,58580,16,0,25,15,6,2025
2025-06-15 17:00:00.000,A13,ALIEN,0,58604,17,0,25,15,6,2025
2025-06-15 18:00:00.000,A13,ALIEN,0,58628,18,0,25,15,6,2025
2025-06-16 07:00:00.000,A13,ALIEN,0,58844,7,0,25,16,6,2025
2025-06-16 08:00:00.000,A13,ALIEN,0,58866,8,0,25,16,6,2025
2025-06-16 09:00:00.000,A13,ALIEN,0,58888,9,0,25,16,6,2025
2025-06-16 10:00:00.000,A13,ALIEN,0,58910,10,0,25,16,6,2025
2025-06-16 11:00:00.000,A13,ALIEN,0,58932,11,0,25,16,6,2025
2025-06-16 12:00:00.000,A13,ALIEN,0,58954,12,0,25,16,6,2025
2025-06-16 13:00:00.000,A13,ALIEN,0,58976,13,0,25,16,6,2025
2025-06-16 14:00:00.000,A13,ALIEN,0,58998,14,0,25,16,6,2025
2025-06-16 15:00:00.000,A13,ALIEN,0,59020,15,0,25,16,6,2025
2025-06-16 16:00:00.000,A13,ALIEN,0,59042,16,0,25,16,6,2025
2025-06-16 17:00:00.000,A13,ALIEN,0,59064,17,0,25,16,6,2025
2025-06-16 18:00:00.000,A13,ALIEN,0,59086,18,0,25,16,6,2025
2025-06-16 19:00:00.000,A13,ALIEN,0,59108,19,0,25,16,6,2025
2025-06-17 07:00:00.000,A13,ALIEN,0,59284,7,0,25,17,6,2025
2025-06-17 08:00:00.000,A13,ALIEN,0,59305,8,0,25,17,6,2025
2025-06-17 09:00:00.000,A13,ALIEN,0,59326,9,0,25,17,6,2025
2025-06-17 10:00:00.000,A13,ALIEN,0,59347,10,0,25,17,6,2025
2025-06-17 11:00:00.000,A13,ALIEN,0,59368,11,0,25,17,6,2025
2025-06-17 12:00:00.000,A13,ALIEN,0,59389,12,0,25,17,6,2025
2025-06-17 13:00:00.000,A13,ALIEN,0,59410,13,0,25,17,6,2025
2025-06-17 14:00:00.000,A13,ALIEN,0,59431,14,0,25,17,6,2025
2025-06-17 15:00:00.000,A13,ALIEN,0,59452,15,0,25,17,6,2025
2025-06-17 16:00:00.000,A13,ALIEN,0,59473,16,0,25,17,6,2025
2025-06-17 17:00:00.000,A13,ALIEN,0,59494,17,0,25,17,6,2025
2025-06-17 18:00:00.000,A13,ALIEN,0,59515,18,0,25,17,6,2025
2025-06-18 09:00:00.000,A13,ALIEN,0,59705,9,0,25,18,6,2025
2025-06-18 10:00:00.000,A13,ALIEN,0,59726,10,0,25,18,6,2025
2025-06-18 11:00:00.000,A13,ALIEN,0,59747,11,0,25,18,6,2025
2025-06-18 12:00:00.000,A13,ALIEN,0,59768,12,0,25,18,6,2025
2025-06-18 13:00:00.000,A13,ALIEN,0,59789,13,0,25,18,6,2025
2025-06-18 14:00:00.000,A13,ALIEN,0,59810,14,0,25,18,6,2025
2025-06-18 15:00:00.000,A13,ALIEN,0,59831,15,0,25,18,6,2025
2025-06-18 16:00:00.000,A13,ALIEN,0,59852,16,0,25,18,6,2025
2025-06-18 17:00:00.000,A13,ALIEN,0,59873,17,0,25,18,6,2025
2025-06-18 18:00:00.000,A13,ALIEN,0,59894,18,0,25,18,6,2025
2025-06-19 07:00:00.000,A13,ALIEN,0,60071,7,0,25,19,6,2025
2025-06-19 08:00:00.000,A13,ALIEN,0,60092,8,0,25,19,6,2025
2025-06-19 09:00:00.000,A13,ALIEN,0,60113,9,0,25,19,6,2025
2025-06-19 10:00:00.000,A13,ALIEN,0,60134,10,0,25,19,6,2025
2025-06-19 11:00:00.000,A13,ALIEN,0,60155,11,0,25,19,6,2025
2025-06-19 12:00:00.000,A13,ALIEN,0,60176,12,0,25,19,6,2025
2025-06-19 13:00:00.000,A13,ALIEN,0,60197,13,0,25,19,6,2025
2025-06-19 14:00:00.000,A13,ALIEN,0,60218,14,0,25,19,6,2025
2025-06-19 15:00:00.000,A13,ALIEN,0,60239,15,0,25,19,6,2025
2025-06-19 16:00:00.000,A13,ALIEN,0,60260,16,0,25,19,6,2025
2025-06-19 17:00:00.000,A13,ALIEN,0,60281,17,0,25,19,6,2025
2025-06-19 18:00:00.000,A13,ALIEN,0,60302,18,0,25,19,6,2025
2025-06-20 07:00:00.000,A13,ALIEN,0,60479,7,0,25,20,6,2025
2025-06-20 08:00:00.000,A13,ALIEN,0,60500,8,0,25,20,6,2025
2025-06-20 09:00:00.000,A13,ALIEN,0,60521,9,0,25,20,6,2025
2025-06-20 10:00:00.000,A13,ALIEN,0,60542,10,0,25,20,6,2025
2025-06-20 11:00:00.000,A13,ALIEN,0,60563,11,0,25,20,6,2025
2025-06-20 12:00:00.000,A13,ALIEN,0,60584,12,0,25,20,6,2025
2025-06-20 13:00:00.000,A13,ALIEN,0,60605,13,0,25,20,6,2025
2025-06-20 14:00:00.000,A13,ALIEN,0,60626,14,0,25,20,6,2025
2025-06-20 15:00:00.000,A13,ALIEN,0,60647,15,0,25,20,6,2025
2025-06-20 16:00:00.000,A13,ALIEN,0,60668,16,0,25,20,6,2025
2025-06-20 17:00:00.000,A13,ALIEN,0,60689,17,0,25,20,6,2025
2025-06-20 18:00:00.000,A13,ALIEN,0,60710,18,0,25,20,6,2025
2025-06-20 19:00:00.000,A13,ALIEN,0,60731,19,0,25,20,6,2025
2025-06-20 20:00:00.000,A13,ALIEN,0,60752,20,0,25,20,6,2025
2025-06-20 21:00:00.000,A13,ALIEN,0,60773,21,0,25,20,6,2025
2025-06-21 07:00:00.000,A13,ALIEN,0,60911,7,0,25,21,6,2025
2025-06-21 08:00:00.000,A13,ALIEN,0,60935,8,0,25,21,6,2025
2025-06-21 09:00:00.000,A13,ALIEN,0,60959,9,0,25,21,6,2025
2025-06-21 10:00:00.000,A13,ALIEN,0,60983,10,0,25,21,6,2025
2025-06-21 11:00:00.000,A13,ALIEN,0,61007,11,0,25,21,6,2025
2025-06-21 12:00:00.000,A13,ALIEN,0,61031,12,0,25,21,6,2025
2025-06-21 13:00:00.000,A13,ALIEN,0,61055,13,0,25,21,6,2025
2025-06-21 14:00:00.000,A13,ALIEN,0,61079,14,0,25,21,6,2025
2025-06-21 15:00:00.000,A13,ALIEN,0,61103,15,0,25,21,6,2025
2025-06-21 16:00:00.000,A13,ALIEN,0,61127,16,0,25,21,6,2025
2025-06-21 17:00:00.000,A13,ALIEN,0,61151,17,0,25,21,6,2025
2025-06-21 18:00:00.000,A13,ALIEN,0,61175,18,0,25,21,6,2025
2025-06-21 19:00:00.000,A13,ALIEN,0,61199,19,0,25,21,6,2025
2025-06-21 20:00:00.000,A13,ALIEN,0,61223,20,0,25,21,6,2025
2025-06-21 21:00:00.000,A13,ALIEN,0,61247,21,0,25,21,6,2025
2025-06-22 07:00:00.000,A13,ALIEN,0,61415,7,0,26,22,6,2025
2025-06-22 08:00:00.000,A13,ALIEN,0,61439,8,0,26,22,6,2025
2025-06-22 09:00:00.000,A13,ALIEN,0,61463,9,0,26,22,6,2025
2025-06-22 10:00:00.000,A13,ALIEN,0,61487,10,0,26,22,6,2025
2025-06-22 11:00:00.000,A13,ALIEN,0,61511,11,0,26,22,6,2025
2025-06-22 12:00:00.000,A13,ALIEN,0,61535,12,0,26,22,6,2025
2025-06-22 13:00:00.000,A13,ALIEN,0,61559,13,0,26,22,6,2025
2025-06-22 14:00:00.000,A13,ALIEN,0,61583,14,0,26,22,6,2025
2025-06-22 15:00:00.000,A13,ALIEN,0,61607,15,0,26,22,6,2025
2025-06-22 16:00:00.000,A13,ALIEN,0,61632,16,0,26,22,6,2025
2025-06-22 17:00:00.000,A13,ALIEN,0,61657,17,0,26,22,6,2025
2025-06-22 18:00:00.000,A13,ALIEN,0,61682,18,0,26,22,6,2025
2025-06-23 07:00:00.000,A13,ALIEN,0,61911,7,0,26,23,6,2025
2025-06-23 08:00:00.000,A13,ALIEN,0,61933,8,0,26,23,6,2025
2025-06-23 09:00:00.000,A13,ALIEN,0,61955,9,0,26,23,6,2025
2025-06-23 10:00:00.000,A13,ALIEN,0,61977,10,0,26,23,6,2025
2025-06-23 11:00:00.000,A13,ALIEN,0,61999,11,0,26,23,6,2025
2025-06-23 12:00:00.000,A13,ALIEN,0,62021,12,0,26,23,6,2025
2025-06-23 13:00:00.000,A13,ALIEN,0,62043,13,0,26,23,6,2025
2025-06-23 14:00:00.000,A13,ALIEN,0,62065,14,0,26,23,6,2025
2025-06-23 15:00:00.000,A13,ALIEN,0,62087,15,0,26,23,6,2025
2025-06-23 16:00:00.000,A13,ALIEN,0,62109,16,0,26,23,6,2025
2025-06-23 17:00:00.000,A13,ALIEN,0,62131,17,0,26,23,6,2025
2025-06-23 18:00:00.000,A13,ALIEN,0,62153,18,0,26,23,6,2025
2025-06-24 07:00:00.000,A13,ALIEN,0,62343,7,0,26,24,6,2025
2025-06-24 08:00:00.000,A13,ALIEN,0,62365,8,0,26,24,6,2025
2025-06-24 09:00:00.000,A13,ALIEN,0,62387,9,0,26,24,6,2025
2025-06-24 10:00:00.000,A13,ALIEN,0,62409,10,0,26,24,6,2025
2025-06-24 11:00:00.000,A13,ALIEN,0,62431,11,0,26,24,6,2025
2025-06-24 12:00:00.000,A13,ALIEN,0,62453,12,0,26,24,6,2025
2025-06-24 13:00:00.000,A13,ALIEN,0,62475,13,0,26,24,6,2025
2025-06-24 14:00:00.000,A13,ALIEN,0,62497,14,0,26,24,6,2025
2025-06-24 15:00:00.000,A13,ALIEN,0,62519,15,0,26,24,6,2025
2025-06-24 16:00:00.000,A13,ALIEN,0,62541,16,0,26,24,6,2025
2025-06-24 17:00:00.000,A13,ALIEN,0,62563,17,0,26,24,6,2025
2025-06-24 18:00:00.000,A13,ALIEN,0,62585,18,0,26,24,6,2025
2025-06-25 07:00:00.000,A13,ALIEN,0,62775,7,0,26,25,6,2025
2025-06-25 08:00:00.000,A13,ALIEN,0,62797,8,0,26,25,6,2025
2025-06-25 09:00:00.000,A13,ALIEN,0,62819,9,0,26,25,6,2025
2025-06-25 10:00:00.000,A13,ALIEN,0,62841,10,0,26,25,6,2025
2025-06-25 11:00:00.000,A13,ALIEN,0,62863,11,0,26,25,6,2025
2025-06-25 12:00:00.000,A13,ALIEN,0,62885,12,0,26,25,6,2025
2025-06-25 13:00:00.000,A13,ALIEN,0,62907,13,0,26,25,6,2025
2025-06-25 14:00:00.000,A13,ALIEN,0,62929,14,0,26,25,6,2025
2025-06-25 15:00:00.000,A13,ALIEN,0,62951,15,0,26,25,6,2025
2025-06-25 16:00:00.000,A13,ALIEN,0,62973,16,0,26,25,6,2025
2025-06-25 17:00:00.000,A13,ALIEN,0,62995,17,0,26,25,6,2025
2025-06-25 18:00:00.000,A13,ALIEN,0,63017,18,0,26,25,6,2025
2025-06-26 07:00:00.000,A13,ALIEN,0,63207,7,0,26,26,6,2025
2025-06-26 08:00:00.000,A13,ALIEN,0,63229,8,0,26,26,6,2025
2025-06-26 09:00:00.000,A13,ALIEN,0,63251,9,0,26,26,6,2025
2025-06-26 10:00:00.000,A13,ALIEN,0,63273,10,0,26,26,6,2025
2025-06-26 11:00:00.000,A13,ALIEN,0,63295,11,0,26,26,6,2025
2025-06-26 12:00:00.000,A13,ALIEN,0,63317,12,0,26,26,6,2025
2025-06-26 13:00:00.000,A13,ALIEN,0,63339,13,0,26,26,6,2025
2025-06-26 14:00:00.000,A13,ALIEN,0,63361,14,0,26,26,6,2025
2025-06-26 15:00:00.000,A13,ALIEN,0,63383,15,0,26,26,6,2025
2025-06-26 16:00:00.000,A13,ALIEN,0,63405,16,0,26,26,6,2025
2025-06-26 17:00:00.000,A13,ALIEN,0,63427,17,0,26,26,6,2025
2025-06-26 18:00:00.000,A13,ALIEN,0,63449,18,0,26,26,6,2025
2025-06-27 07:00:00.000,A13,ALIEN,0,63639,7,0,26,27,6,2025
2025-06-27 08:00:00.000,A13,ALIEN,0,63661,8,0,26,27,6,2025
2025-06-27 09:00:00.000,A13,ALIEN,0,63683,9,0,26,27,6,2025
2025-06-27 10:00:00.000,A13,ALIEN,0,63705,10,0,26,27,6,2025
2025-06-27 11:00:00.000,A13,ALIEN,0,63727,11,0,26,27,6,2025
2025-06-27 12:00:00.000,A13,ALIEN,0,63749,12,0,26,27,6,2025
2025-06-27 13:00:00.000,A13,ALIEN,0,63771,13,0,26,27,6,2025
2025-06-27 14:00:00.000,A13,ALIEN,0,63793,14,0,26,27,6,2025
2025-06-27 15:00:00.000,A13,ALIEN,0,63815,15,0,26,27,6,2025
2025-06-27 16:00:00.000,A13,ALIEN,0,63837,16,0,26,27,6,2025
2025-06-27 17:00:00.000,A13,ALIEN,0,63859,17,0,26,27,6,2025
2025-06-27 18:00:00.000,A13,ALIEN,0,63881,18,0,26,27,6,2025
2025-06-27 19:00:00.000,A13,ALIEN,0,63903,19,0,26,27,6,2025
2025-06-27 20:00:00.000,A13,ALIEN,0,63925,20,0,26,27,6,2025
2025-06-27 21:00:00.000,A13,ALIEN,0,63947,21,0,26,27,6,2025
2025-06-28 07:00:00.000,A13,ALIEN,0,64095,7,0,26,28,6,2025
2025-06-28 08:00:00.000,A13,ALIEN,0,64120,8,0,26,28,6,2025
2025-06-28 09:00:00.000,A13,ALIEN,0,64145,9,0,26,28,6,2025
2025-06-28 10:00:00.000,A13,ALIEN,0,64170,10,0,26,28,6,2025
2025-06-28 11:00:00.000,A13,ALIEN,0,64195,11,0,26,28,6,2025
2025-06-28 12:00:00.000,A13,ALIEN,0,64220,12,0,26,28,6,2025
2025-06-28 13:00:00.000,A13,ALIEN,0,64245,13,0,26,28,6,2025
2025-06-28 14:00:00.000,A13,ALIEN,0,64270,14,0,26,28,6,2025
2025-06-28 15:00:00.000,A13,ALIEN,0,64295,15,0,26,28,6,2025
2025-06-28 16:00:00.000,A13,ALIEN,0,64320,16,0,26,28,6,2025
2025-06-28 17:00:00.000,A13,ALIEN,0,64345,17,0,26,28,6,2025
2025-06-28 18:00:00.000,A13,ALIEN,0,64370,18,0,26,28,6,2025
2025-06-28 19:00:00.000,A13,ALIEN,0,64395,19,0,26,28,6,2025
2025-06-28 20:00:00.000,A13,ALIEN,0,64420,20,0,26,28,6,2025
2025-06-28 21:00:00.000,A13,ALIEN,0,64445,21,0,26,28,6,2025
2025-06-29 07:00:00.000,A13,ALIEN,0,64623,7,0,27,29,6,2025
2025-06-29 08:00:00.000,A13,ALIEN,0,64648,8,0,27,29,6,2025
2025-06-29 09:00:00.000,A13,ALIEN,0,64673,9,0,27,29,6,2025
2025-06-29 10:00:00.000,A13,ALIEN,0,64698,10,0,27,29,6,2025
2025-06-29 11:00:00.000,A13,ALIEN,0,64723,11,0,27,29,6,2025
2025-06-29 12:00:00.000,A13,ALIEN,0,64748,12,0,27,29,6,2025
2025-06-29 13:00:00.000,A13,ALIEN,0,64773,13,0,27,29,6,2025
2025-06-29 14:00:00.000,A13,ALIEN,0,64798,14,0,27,29,6,2025
2025-06-29 15:00:00.000,A13,ALIEN,0,64823,15,0,27,29,6,2025
2025-06-29 16:00:00.000,A13,ALIEN,0,64848,16,0,27,29,6,2025
2025-06-29 17:00:00.000,A13,ALIEN,0,64873,17,0,27,29,6,2025
2025-06-29 18:00:00.000,A13,ALIEN,0,64898,18,0,27,29,6,2025
2025-06-29 19:00:00.000,A13,ALIEN,0,64923,19,0,27,29,6,2025
2025-06-30 07:00:00.000,A13,ALIEN,0,65135,7,0,27,30,6,2025
2025-06-30 08:00:00.000,A13,ALIEN,0,65158,8,0,27,30,6,2025
2025-06-30 09:00:00.000,A13,ALIEN,0,65181,9,0,27,30,6,2025
2025-06-30 10:00:00.000,A13,ALIEN,0,65204,10,0,27,30,6,2025
2025-06-30 11:00:00.000,A13,ALIEN,0,65227,11,0,27,30,6,2025
2025-06-30 12:00:00.000,A13,ALIEN,0,65250,12,0,27,30,6,2025
2025-06-30 13:00:00.000,A13,ALIEN,0,65273,13,0,27,30,6,2025
2025-06-30 14:00:00.000,A13,ALIEN,0,65296,14,0,27,30,6,2025
2025-06-30 15:00:00.000,A13,ALIEN,0,65319,15,0,27,30,6,2025
2025-06-30 16:00:00.000,A13,ALIEN,0,65342,16,0,27,30,6,2025
2025-06-30 17:00:00.000,A13,ALIEN,0,65365,17,0,27,30,6,2025
2025-06-30 18:00:00.000,A13,ALIEN,0,65388,18,0,27,30,6,2025
2025-07-01 07:00:00.000,A13,ALIEN,0,65591,7,0,27,1,7,2025
2025-07-01 08:00:00.000,A13,ALIEN,0,65614,8,0,27,1,7,2025
2025-07-01 09:00:00.000,A13,ALIEN,0,65637,9,0,27,1,7,2025
2025-07-01 10:00:00.000,A13,ALIEN,0,65660,10,0,27,1,7,2025
2025-07-01 11:00:00.000,A13,ALIEN,0,65683,11,0,27,1,7,2025
2025-07-01 12:00:00.000,A13,ALIEN,0,65706,12,0,27,1,7,2025
2025-07-01 13:00:00.000,A13,ALIEN,0,65729,13,0,27,1,7,2025
2025-07-01 14:00:00.000,A13,ALIEN,0,65752,14,0,27,1,7,2025
2025-07-01 15:00:00.000,A13,ALIEN,0,65775,15,0,27,1,7,2025
2025-07-01 16:00:00.000,A13,ALIEN,0,65798,16,0,27,1,7,2025
2025-07-01 17:00:00.000,A13,ALIEN,0,65821,17,0,27,1,7,2025
2025-07-01 18:00:00.000,A13,ALIEN,0,65844,18,0,27,1,7,2025
2025-07-02 07:00:00.000,A13,ALIEN,0,66047,7,0,27,2,7,2025
2025-07-02 08:00:00.000,A13,ALIEN,0,66070,8,0,27,2,7,2025
2025-07-02 09:00:00.000,A13,ALIEN,0,66093,9,0,27,2,7,2025
2025-07-02 10:00:00.000,A13,ALIEN,0,66116,10,0,27,2,7,2025
2025-07-02 11:00:00.000,A13,ALIEN,0,66139,11,0,27,2,7,2025
2025-07-02 12:00:00.000,A13,ALIEN,0,66162,12,0,27,2,7,2025
2025-07-02 13:00:00.000,A13,ALIEN,0,66185,13,0,27,2,7,2025
2025-07-02 14:00:00.000,A13,ALIEN,0,66208,14,0,27,2,7,2025
2025-07-02 15:00:00.000,A13,ALIEN,0,66231,15,0,27,2,7,2025
2025-07-02 16:00:00.000,A13,ALIEN,0,66254,16,0,27,2,7,2025
2025-07-02 17:00:00.000,A13,ALIEN,0,66277,17,0,27,2,7,2025
2025-07-02 18:00:00.000,A13,ALIEN,0,66300,18,0,27,2,7,2025
2025-07-03 07:00:00.000,A13,ALIEN,0,66503,7,0,27,3,7,2025
2025-07-03 08:00:00.000,A13,ALIEN,0,66527,8,0,27,3,7,2025
2025-07-03 09:00:00.000,A13,ALIEN,0,66551,9,0,27,3,7,2025
2025-07-03 10:00:00.000,A13,ALIEN,0,66575,10,0,27,3,7,2025
2025-07-03 11:00:00.000,A13,ALIEN,0,66599,11,0,27,3,7,2025
2025-07-03 12:00:00.000,A13,ALIEN,0,66623,12,0,27,3,7,2025
2025-07-03 13:00:00.000,A13,ALIEN,0,66647,13,0,27,3,7,2025
2025-07-03 14:00:00.000,A13,ALIEN,0,66671,14,0,27,3,7,2025
2025-07-03 15:00:00.000,A13,ALIEN,0,66695,15,0,27,3,7,2025
2025-07-03 16:00:00.000,A13,ALIEN,0,66719,16,0,27,3,7,2025
2025-07-03 17:00:00.000,A13,ALIEN,0,66743,17,0,27,3,7,2025
2025-07-03 18:00:00.000,A13,ALIEN,0,66767,18,0,27,3,7,2025
2025-07-04 07:00:00.000,A13,ALIEN,0,66983,7,0,27,4,7,2025
2025-07-04 08:00:00.000,A13,ALIEN,0,67007,8,0,27,4,7,2025
2025-07-04 09:00:00.000,A13,ALIEN,0,67031,9,0,27,4,7,2025
2025-07-04 10:00:00.000,A13,ALIEN,0,67055,10,0,27,4,7,2025
2025-07-04 11:00:00.000,A13,ALIEN,0,67079,11,0,27,4,7,2025
2025-07-04 12:00:00.000,A13,ALIEN,0,67103,12,0,27,4,7,2025
2025-07-04 13:00:00.000,A13,ALIEN,0,67127,13,0,27,4,7,2025
2025-07-04 14:00:00.000,A13,ALIEN,0,67151,14,0,27,4,7,2025
2025-07-04 15:00:00.000,A13,ALIEN,0,67175,15,0,27,4,7,2025
2025-07-04 16:00:00.000,A13,ALIEN,0,67199,16,0,27,4,7,2025
2025-07-04 17:00:00.000,A13,ALIEN,0,67223,17,0,27,4,7,2025
2025-07-04 18:00:00.000,A13,ALIEN,0,67247,18,0,27,4,7,2025
2025-07-05 07:00:00.000,A13,ALIEN,0,67463,7,0,27,5,7,2025
2025-07-05 08:00:00.000,A13,ALIEN,0,67488,8,0,27,5,7,2025
2025-07-05 09:00:00.000,A13,ALIEN,0,67513,9,0,27,5,7,2025
2025-07-05 10:00:00.000,A13,ALIEN,0,67538,10,0,27,5,7,2025
2025-07-05 11:00:00.000,A13,ALIEN,0,67563,11,0,27,5,7,2025
2025-07-05 12:00:00.000,A13,ALIEN,0,67588,12,0,27,5,7,2025
2025-07-05 13:00:00.000,A13,ALIEN,0,67613,13,0,27,5,7,2025
2025-07-05 14:00:00.000,A13,ALIEN,0,67638,14,0,27,5,7,2025
2025-07-05 15:00:00.000,A13,ALIEN,0,67663,15,0,27,5,7,2025
2025-07-05 16:00:00.000,A13,ALIEN,0,67688,16,0,27,5,7,2025
2025-07-05 17:00:00.000,A13,ALIEN,0,67713,17,0,27,5,7,2025
2025-07-05 18:00:00.000,A13,ALIEN,0,67738,18,0,27,5,7,2025
2025-07-05 19:00:00.000,A13,ALIEN,0,67763,19,0,27,5,7,2025
2025-07-05 20:00:00.000,A13,ALIEN,0,67788,20,0,27,5,7,2025
2025-07-05 21:00:00.000,A13,ALIEN,0,67813,21,0,27,5,7,2025
2025-07-06 07:00:00.000,A13,ALIEN,0,67991,7,0,28,6,7,2025
2025-07-06 08:00:00.000,A13,ALIEN,0,68016,8,0,28,6,7,2025
2025-07-06 09:00:00.000,A13,ALIEN,0,68041,9,0,28,6,7,2025
2025-07-06 10:00:00.000,A13,ALIEN,0,68066,10,0,28,6,7,2025
2025-07-06 11:00:00.000,A13,ALIEN,0,68091,11,0,28,6,7,2025
2025-07-06 12:00:00.000,A13,ALIEN,0,68116,12,0,28,6,7,2025
2025-07-06 13:00:00.000,A13,ALIEN,0,68141,13,0,28,6,7,2025
2025-07-06 14:00:00.000,A13,ALIEN,0,68166,14,0,28,6,7,2025
2025-07-06 15:00:00.000,A13,ALIEN,0,68191,15,0,28,6,7,2025
2025-07-06 16:00:00.000,A13,ALIEN,0,68216,16,0,28,6,7,2025
2025-07-06 17:00:00.000,A13,ALIEN,0,68241,17,0,28,6,7,2025
2025-07-06 18:00:00.000,A13,ALIEN,0,68266,18,0,28,6,7,2025
2025-07-06 19:00:00.000,A13,ALIEN,0,68291,19,0,28,6,7,2025
2025-07-06 20:00:00.000,A13,ALIEN,0,68316,20,0,28,6,7,2025
2025-07-06 21:00:00.000,A13,ALIEN,0,68341,21,0,28,6,7,2025
2025-07-07 07:00:00.000,A13,ALIEN,0,68519,7,0,28,7,7,2025
2025-07-07 08:00:00.000,A13,ALIEN,0,68544,8,0,28,7,7,2025
2025-07-07 09:00:00.000,A13,ALIEN,0,68569,9,0,28,7,7,2025
2025-07-07 10:00:00.000,A13,ALIEN,0,68594,10,0,28,7,7,2025
2025-07-07 11:00:00.000,A13,ALIEN,0,68619,11,0,28,7,7,2025
2025-07-07 12:00:00.000,A13,ALIEN,0,68644,12,0,28,7,7,2025
2025-07-07 13:00:00.000,A13,ALIEN,0,68669,13,0,28,7,7,2025
2025-07-07 14:00:00.000,A13,ALIEN,0,68694,14,0,28,7,7,2025
2025-07-07 15:00:00.000,A13,ALIEN,0,68719,15,0,28,7,7,2025
2025-07-07 16:00:00.000,A13,ALIEN,0,68744,16,0,28,7,7,2025
2025-07-07 17:00:00.000,A13,ALIEN,0,68769,17,0,28,7,7,2025
2025-07-07 18:00:00.000,A13,ALIEN,0,68794,18,0,28,7,7,2025
2025-07-07 19:00:00.000,A13,ALIEN,0,68819,19,0,28,7,7,2025
2025-07-07 20:00:00.000,A13,ALIEN,0,68844,20,0,28,7,7,2025
2025-07-07 21:00:00.000,A13,ALIEN,0,68869,21,0,28,7,7,2025
2025-07-08 07:00:00.000,A13,ALIEN,0,69047,7,0,28,8,7,2025
2025-07-08 08:00:00.000,A13,ALIEN,0,69072,8,0,28,8,7,2025
2025-07-08 09:00:00.000,A13,ALIEN,0,69097,9,0,28,8,7,2025
2025-07-08 10:00:00.000,A13,ALIEN,0,69122,10,0,28,8,7,2025
2025-07-08 11:00:00.000,A13,ALIEN,0,69147,11,0,28,8,7,2025
2025-07-08 12:00:00.000,A13,ALIEN,0,69172,12,0,28,8,7,2025
2025-07-08 13:00:00.000,A13,ALIEN,0,69197,13,0,28,8,7,2025
2025-07-08 14:00:00.000,A13,ALIEN,0,69222,14,0,28,8,7,2025
2025-07-08 15:00:00.000,A13,ALIEN,0,69247,15,0,28,8,7,2025
2025-07-08 16:00:00.000,A13,ALIEN,0,69272,16,0,28,8,7,2025
2025-07-08 17:00:00.000,A13,ALIEN,0,69297,17,0,28,8,7,2025
2025-07-08 18:00:00.000,A13,ALIEN,0,69322,18,0,28,8,7,2025
2025-07-08 19:00:00.000,A13,ALIEN,0,69347,19,0,28,8,7,2025
2025-07-08 20:00:00.000,A13,ALIEN,0,69372,20,0,28,8,7,2025
2025-07-08 21:00:00.000,A13,ALIEN,0,69397,21,0,28,8,7,2025
2025-07-08 22:00:00.000,A13,ALIEN,0,69422,22,0,28,8,7,2025
2025-07-09 07:00:00.000,A13,ALIEN,0,69583,7,0,28,9,7,2025
2025-07-09 08:00:00.000,A13,ALIEN,0,69608,8,0,28,9,7,2025
2025-07-09 09:00:00.000,A13,ALIEN,0,69633,9,0,28,9,7,2025
2025-07-09 10:00:00.000,A13,ALIEN,0,69658,10,0,28,9,7,2025
2025-07-09 11:00:00.000,A13,ALIEN,0,69683,11,0,28,9,7,2025
2025-07-09 12:00:00.000,A13,ALIEN,0,69708,12,0,28,9,7,2025
2025-07-09 13:00:00.000,A13,ALIEN,0,69733,13,0,28,9,7,2025
2025-07-09 14:00:00.000,A13,ALIEN,0,69758,14,0,28,9,7,2025
2025-07-09 15:00:00.000,A13,ALIEN,0,69783,15,0,28,9,7,2025
2025-07-09 16:00:00.000,A13,ALIEN,0,69808,16,0,28,9,7,2025
2025-07-09 17:00:00.000,A13,ALIEN,0,69833,17,0,28,9,7,2025
2025-07-09 18:00:00.000,A13,ALIEN,0,69858,18,0,28,9,7,2025
2025-07-09 19:00:00.000,A13,ALIEN,0,69883,19,0,28,9,7,2025
2025-07-09 20:00:00.000,A13,ALIEN,0,69908,20,0,28,9,7,2025
2025-07-09 21:00:00.000,A13,ALIEN,0,69933,21,0,28,9,7,2025
2025-07-10 07:00:00.000,A13,ALIEN,0,70111,7,0,28,10,7,2025
2025-07-10 08:00:00.000,A13,ALIEN,0,70136,8,0,28,10,7,2025
2025-07-10 09:00:00.000,A13,ALIEN,0,70161,9,0,28,10,7,2025
2025-07-10 10:00:00.000,A13,ALIEN,0,70186,10,0,28,10,7,2025
2025-07-10 11:00:00.000,A13,ALIEN,0,70211,11,0,28,10,7,2025
2025-07-10 12:00:00.000,A13,ALIEN,0,70236,12,0,28,10,7,2025
2025-07-10 13:00:00.000,A13,ALIEN,0,70261,13,0,28,10,7,2025
2025-07-10 14:00:00.000,A13,ALIEN,0,70286,14,0,28,10,7,2025
2025-07-10 15:00:00.000,A13,ALIEN,0,70311,15,0,28,10,7,2025
2025-07-10 16:00:00.000,A13,ALIEN,0,70336,16,0,28,10,7,2025
2025-07-10 17:00:00.000,A13,ALIEN,0,70361,17,0,28,10,7,2025
2025-07-10 18:00:00.000,A13,ALIEN,0,70386,18,0,28,10,7,2025
2025-07-10 19:00:00.000,A13,ALIEN,0,70411,19,0,28,10,7,2025
2025-07-10 20:00:00.000,A13,ALIEN,0,70436,20,0,28,10,7,2025
2025-07-10 21:00:00.000,A13,ALIEN,0,70461,21,0,28,10,7,2025
2025-07-11 07:00:00.000,A13,ALIEN,0,70639,7,0,28,11,7,2025
2025-07-11 08:00:00.000,A13,ALIEN,0,70664,8,0,28,11,7,2025
2025-07-11 09:00:00.000,A13,ALIEN,0,70689,9,0,28,11,7,2025
2025-07-11 10:00:00.000,A13,ALIEN,0,70714,10,0,28,11,7,2025
2025-07-11 11:00:00.000,A13,ALIEN,0,70739,11,0,28,11,7,2025
2025-07-11 12:00:00.000,A13,ALIEN,0,70764,12,0,28,11,7,2025
2025-07-11 13:00:00.000,A13,ALIEN,0,70789,13,0,28,11,7,2025
2025-07-11 14:00:00.000,A13,ALIEN,0,70814,14,0,28,11,7,2025
2025-07-11 15:00:00.000,A13,ALIEN,0,70839,15,0,28,11,7,2025
2025-07-11 16:00:00.000,A13,ALIEN,0,70864,16,0,28,11,7,2025
2025-07-11 17:00:00.000,A13,ALIEN,0,70889,17,0,28,11,7,2025
2025-07-11 18:00:00.000,A13,ALIEN,0,70914,18,0,28,11,7,2025
2025-07-11 19:00:00.000,A13,ALIEN,0,70939,19,0,28,11,7,2025
2025-07-11 20:00:00.000,A13,ALIEN,0,70964,20,0,28,11,7,2025
2025-07-11 21:00:00.000,A13,ALIEN,0,70989,21,0,28,11,7,2025
2025-07-12 07:00:00.000,A13,ALIEN,0,71167,7,0,28,12,7,2025
2025-07-12 08:00:00.000,A13,ALIEN,0,71192,8,0,28,12,7,2025
2025-07-12 09:00:00.000,A13,ALIEN,0,71217,9,0,28,12,7,2025
2025-07-12 10:00:00.000,A13,ALIEN,0,71242,10,0,28,12,7,2025
2025-07-12 11:00:00.000,A13,ALIEN,0,71267,11,0,28,12,7,2025
2025-07-12 12:00:00.000,A13,ALIEN,0,71292,12,0,28,12,7,2025
2025-07-12 13:00:00.000,A13,ALIEN,0,71317,13,0,28,12,7,2025
2025-07-12 14:00:00.000,A13,ALIEN,0,71342,14,0,28,12,7,2025
2025-07-12 15:00:00.000,A13,ALIEN,0,71367,15,0,28,12,7,2025
2025-07-12 16:00:00.000,A13,ALIEN,0,71392,16,0,28,12,7,2025
2025-07-12 17:00:00.000,A13,ALIEN,0,71417,17,0,28,12,7,2025
2025-07-12 18:00:00.000,A13,ALIEN,0,71442,18,0,28,12,7,2025
2025-07-12 19:00:00.000,A13,ALIEN,0,71467,19,0,28,12,7,2025
2025-07-12 20:00:00.000,A13,ALIEN,0,71492,20,0,28,12,7,2025
2025-07-12 21:00:00.000,A13,ALIEN,0,71517,21,0,28,12,7,2025
2025-07-12 22:00:00.000,A13,ALIEN,0,71542,22,0,28,12,7,2025
2025-07-13 07:00:00.000,A13,ALIEN,0,71703,7,0,29,13,7,2025
2025-07-13 08:00:00.000,A13,ALIEN,0,71728,8,0,29,13,7,2025
2025-07-13 09:00:00.000,A13,ALIEN,0,71752,9,0,29,13,7,2025
2025-07-13 10:00:00.000,A13,ALIEN,0,71776,10,0,29,13,7,2025
2025-07-13 11:00:00.000,A13,ALIEN,0,71800,11,0,29,13,7,2025
2025-07-13 12:00:00.000,A13,ALIEN,0,71824,12,0,29,13,7,2025
2025-07-13 13:00:00.000,A13,ALIEN,0,71848,13,0,29,13,7,2025
2025-07-13 14:00:00.000,A13,ALIEN,0,71872,14,0,29,13,7,2025
2025-07-13 15:00:00.000,A13,ALIEN,0,71896,15,0,29,13,7,2025
2025-07-13 16:00:00.000,A13,ALIEN,0,71920,16,0,29,13,7,2025
2025-07-13 17:00:00.000,A13,ALIEN,0,71944,17,0,29,13,7,2025
2025-07-13 18:00:00.000,A13,ALIEN,0,71968,18,0,29,13,7,2025
2025-07-13 19:00:00.000,A13,ALIEN,0,71992,19,0,29,13,7,2025
2025-07-13 20:00:00.000,A13,ALIEN,0,72016,20,0,29,13,7,2025
2025-07-13 21:00:00.000,A13,ALIEN,0,72040,21,0,29,13,7,2025
2025-07-14 07:00:00.000,A13,ALIEN,0,72208,7,0,29,14,7,2025
2025-07-14 08:00:00.000,A13,ALIEN,0,72232,8,0,29,14,7,2025
2025-07-14 09:00:00.000,A13,ALIEN,0,72256,9,0,29,14,7,2025
2025-07-14 10:00:00.000,A13,ALIEN,0,72280,10,0,29,14,7,2025
2025-07-14 11:00:00.000,A13,ALIEN,0,72304,11,0,29,14,7,2025
2025-07-14 12:00:00.000,A13,ALIEN,0,72328,12,0,29,14,7,2025
2025-07-14 13:00:00.000,A13,ALIEN,0,72352,13,0,29,14,7,2025
2025-07-14 14:00:00.000,A13,ALIEN,0,72376,14,0,29,14,7,2025
2025-07-14 15:00:00.000,A13,ALIEN,0,72400,15,0,29,14,7,2025
2025-07-14 16:00:00.000,A13,ALIEN,0,72424,16,0,29,14,7,2025
2025-07-14 17:00:00.000,A13,ALIEN,0,72448,17,0,29,14,7,2025
2025-07-14 18:00:00.000,A13,ALIEN,0,72472,18,0,29,14,7,2025
2025-07-14 19:00:00.000,A13,ALIEN,0,72496,19,0,29,14,7,2025
2025-07-14 20:00:00.000,A13,ALIEN,0,72520,20,0,29,14,7,2025
2025-07-14 21:00:00.000,A13,ALIEN,0,72544,21,0,29,14,7,2025
2025-07-15 07:00:00.000,A13,ALIEN,0,72712,7,0,29,15,7,2025
2025-07-15 08:00:00.000,A13,ALIEN,0,72736,8,0,29,15,7,2025
2025-07-15 09:00:00.000,A13,ALIEN,0,72760,9,0,29,15,7,2025
2025-07-15 10:00:00.000,A13,ALIEN,0,72785,10,0,29,15,7,2025
2025-07-15 11:00:00.000,A13,ALIEN,0,72810,11,0,29,15,7,2025
2025-07-15 12:00:00.000,A13,ALIEN,0,72835,12,0,29,15,7,2025
2025-07-15 13:00:00.000,A13,ALIEN,0,72860,13,0,29,15,7,2025
2025-07-15 14:00:00.000,A13,ALIEN,0,72885,14,0,29,15,7,2025
2025-07-15 15:00:00.000,A13,ALIEN,0,72910,15,0,29,15,7,2025
2025-07-15 16:00:00.000,A13,ALIEN,0,72935,16,0,29,15,7,2025
2025-07-15 17:00:00.000,A13,ALIEN,0,72960,17,0,29,15,7,2025
2025-07-15 18:00:00.000,A13,ALIEN,0,72985,18,0,29,15,7,2025
2025-07-15 19:00:00.000,A13,ALIEN,0,73010,19,0,29,15,7,2025
2025-07-15 20:00:00.000,A13,ALIEN,0,73035,20,0,29,15,7,2025
2025-07-15 21:00:00.000,A13,ALIEN,0,73060,21,0,29,15,7,2025
2025-07-16 07:00:00.000,A13,ALIEN,0,73238,7,0,29,16,7,2025
2025-07-16 08:00:00.000,A13,ALIEN,0,73263,8,0,29,16,7,2025
2025-07-16 09:00:00.000,A13,ALIEN,0,73288,9,0,29,16,7,2025
2025-07-16 10:00:00.000,A13,ALIEN,0,73313,10,0,29,16,7,2025
2025-07-16 11:00:00.000,A13,ALIEN,0,73338,11,0,29,16,7,2025
2025-07-16 12:00:00.000,A13,ALIEN,0,73363,12,0,29,16,7,2025
2025-07-16 13:00:00.000,A13,ALIEN,0,73388,13,0,29,16,7,2025
2025-07-16 14:00:00.000,A13,ALIEN,0,73413,14,0,29,16,7,2025
2025-07-16 15:00:00.000,A13,ALIEN,0,73438,15,0,29,16,7,2025
2025-07-16 16:00:00.000,A13,ALIEN,0,73463,16,0,29,16,7,2025
2025-07-16 17:00:00.000,A13,ALIEN,0,73488,17,0,29,16,7,2025
2025-07-16 18:00:00.000,A13,ALIEN,0,73513,18,0,29,16,7,2025
2025-07-16 19:00:00.000,A13,ALIEN,0,73538,19,0,29,16,7,2025
2025-07-16 20:00:00.000,A13,ALIEN,0,73563,20,0,29,16,7,2025
2025-07-16 21:00:00.000,A13,ALIEN,0,73588,21,0,29,16,7,2025
2025-07-17 07:00:00.000,A13,ALIEN,0,73766,7,0,29,17,7,2025
2025-07-17 08:00:00.000,A13,ALIEN,0,73791,8,0,29,17,7,2025
2025-07-17 09:00:00.000,A13,ALIEN,0,73816,9,0,29,17,7,2025
2025-07-17 10:00:00.000,A13,ALIEN,0,73841,10,0,29,17,7,2025
2025-07-17 11:00:00.000,A13,ALIEN,0,73866,11,0,29,17,7,2025
2025-07-17 12:00:00.000,A13,ALIEN,0,73891,12,0,29,17,7,2025
2025-07-17 13:00:00.000,A13,ALIEN,0,73916,13,0,29,17,7,2025
2025-07-17 14:00:00.000,A13,ALIEN,0,73941,14,0,29,17,7,2025
2025-07-17 15:00:00.000,A13,ALIEN,0,73966,15,0,29,17,7,2025
2025-07-17 16:00:00.000,A13,ALIEN,0,73991,16,0,29,17,7,2025
2025-07-17 17:00:00.000,A13,ALIEN,0,74016,17,0,29,17,7,2025
2025-07-17 18:00:00.000,A13,ALIEN,0,74041,18,0,29,17,7,2025
2025-07-17 19:00:00.000,A13,ALIEN,0,74066,19,0,29,17,7,2025
2025-07-17 20:00:00.000,A13,ALIEN,0,74091,20,0,29,17,7,2025
2025-07-17 21:00:00.000,A13,ALIEN,0,74116,21,0,29,17,7,2025
2025-07-18 07:00:00.000,A13,ALIEN,0,74294,7,0,29,18,7,2025
2025-07-18 08:00:00.000,A13,ALIEN,0,74319,8,0,29,18,7,2025
2025-07-18 09:00:00.000,A13,ALIEN,0,74344,9,0,29,18,7,2025
2025-07-18 10:00:00.000,A13,ALIEN,0,74369,10,0,29,18,7,2025
2025-07-18 11:00:00.000,A13,ALIEN,0,74394,11,0,29,18,7,2025
2025-07-18 12:00:00.000,A13,ALIEN,0,74419,12,0,29,18,7,2025
2025-07-18 13:00:00.000,A13,ALIEN,0,74444,13,0,29,18,7,2025
2025-07-18 14:00:00.000,A13,ALIEN,0,74469,14,0,29,18,7,2025
2025-07-18 15:00:00.000,A13,ALIEN,0,74494,15,0,29,18,7,2025
2025-07-18 16:00:00.000,A13,ALIEN,0,74519,16,0,29,18,7,2025
2025-07-18 17:00:00.000,A13,ALIEN,0,74544,17,0,29,18,7,2025
2025-07-18 18:00:00.000,A13,ALIEN,0,74569,18,0,29,18,7,2025
2025-07-18 19:00:00.000,A13,ALIEN,0,74594,19,0,29,18,7,2025
2025-07-18 20:00:00.000,A13,ALIEN,0,74619,20,0,29,18,7,2025
2025-07-18 21:00:00.000,A13,ALIEN,0,74644,21,0,29,18,7,2025
2025-07-18 22:00:00.000,A13,ALIEN,0,74669,22,0,29,18,7,2025
2025-07-19 07:00:00.000,A13,ALIEN,0,74830,7,0,29,19,7,2025
2025-07-19 08:00:00.000,A13,ALIEN,0,74855,8,0,29,19,7,2025
2025-07-19 09:00:00.000,A13,ALIEN,0,74880,9,0,29,19,7,2025
2025-07-19 10:00:00.000,A13,ALIEN,0,74905,10,0,29,19,7,2025
2025-07-19 11:00:00.000,A13,ALIEN,0,74930,11,0,29,19,7,2025
2025-07-19 12:00:00.000,A13,ALIEN,0,74955,12,0,29,19,7,2025
2025-07-19 13:00:00.000,A13,ALIEN,0,74980,13,0,29,19,7,2025
2025-07-19 14:00:00.000,A13,ALIEN,0,75005,14,0,29,19,7,2025
2025-07-19 15:00:00.000,A13,ALIEN,0,75030,15,0,29,19,7,2025
2025-07-19 16:00:00.000,A13,ALIEN,0,75055,16,0,29,19,7,2025
2025-07-19 17:00:00.000,A13,ALIEN,0,75080,17,0,29,19,7,2025
2025-07-19 18:00:00.000,A13,ALIEN,0,75105,18,0,29,19,7,2025
2025-07-19 19:00:00.000,A13,ALIEN,0,75130,19,0,29,19,7,2025
2025-07-19 20:00:00.000,A13,ALIEN,0,75155,20,0,29,19,7,2025
2025-07-19 21:00:00.000,A13,ALIEN,0,75180,21,0,29,19,7,2025
2025-07-20 07:00:00.000,A13,ALIEN,0,75358,7,0,30,20,7,2025
2025-07-20 08:00:00.000,A13,ALIEN,0,75383,8,0,30,20,7,2025
2025-07-20 09:00:00.000,A13,ALIEN,0,75408,9,0,30,20,7,2025
2025-07-20 10:00:00.000,A13,ALIEN,0,75433,10,0,30,20,7,2025
2025-07-20 11:00:00.000,A13,ALIEN,0,75458,11,0,30,20,7,2025
2025-07-20 12:00:00.000,A13,ALIEN,0,75483,12,0,30,20,7,2025
2025-07-20 13:00:00.000,A13,ALIEN,0,75508,13,0,30,20,7,2025
2025-07-20 14:00:00.000,A13,ALIEN,0,75533,14,0,30,20,7,2025
2025-07-20 15:00:00.000,A13,ALIEN,0,75558,15,0,30,20,7,2025
2025-07-20 16:00:00.000,A13,ALIEN,0,75583,16,0,30,20,7,2025
2025-07-20 17:00:00.000,A13,ALIEN,0,75608,17,0,30,20,7,2025
2025-07-20 18:00:00.000,A13,ALIEN,0,75633,18,0,30,20,7,2025
2025-07-20 19:00:00.000,A13,ALIEN,0,75658,19,0,30,20,7,2025
2025-07-20 20:00:00.000,A13,ALIEN,0,75683,20,0,30,20,7,2025
2025-07-20 21:00:00.000,A13,ALIEN,0,75708,21,0,30,20,7,2025
2025-07-21 07:00:00.000,A13,ALIEN,0,75886,7,0,30,21,7,2025
2025-07-21 08:00:00.000,A13,ALIEN,0,75911,8,0,30,21,7,2025
2025-07-21 09:00:00.000,A13,ALIEN,0,75936,9,0,30,21,7,2025
2025-07-21 10:00:00.000,A13,ALIEN,0,75961,10,0,30,21,7,2025
2025-07-21 11:00:00.000,A13,ALIEN,0,75986,11,0,30,21,7,2025
2025-07-21 12:00:00.000,A13,ALIEN,0,76011,12,0,30,21,7,2025
2025-07-21 13:00:00.000,A13,ALIEN,0,76036,13,0,30,21,7,2025
2025-07-21 14:00:00.000,A13,ALIEN,0,76061,14,0,30,21,7,2025
2025-07-21 15:00:00.000,A13,ALIEN,0,76086,15,0,30,21,7,2025
2025-07-21 16:00:00.000,A13,ALIEN,0,76111,16,0,30,21,7,2025
2025-07-21 17:00:00.000,A13,ALIEN,0,76136,17,0,30,21,7,2025
2025-07-21 18:00:00.000,A13,ALIEN,0,76161,18,0,30,21,7,2025
2025-07-21 19:00:00.000,A13,ALIEN,0,76186,19,0,30,21,7,2025
2025-07-21 20:00:00.000,A13,ALIEN,0,76211,20,0,30,21,7,2025
2025-07-21 21:00:00.000,A13,ALIEN,0,76236,21,0,30,21,7,2025
2025-07-22 07:00:00.000,A13,ALIEN,0,76414,7,0,30,22,7,2025
2025-07-22 08:00:00.000,A13,ALIEN,0,76439,8,0,30,22,7,2025
2025-07-22 09:00:00.000,A13,ALIEN,0,76464,9,0,30,22,7,2025
2025-07-22 10:00:00.000,A13,ALIEN,0,76489,10,0,30,22,7,2025
2025-07-22 11:00:00.000,A13,ALIEN,0,76514,11,0,30,22,7,2025
2025-07-22 12:00:00.000,A13,ALIEN,0,76539,12,0,30,22,7,2025
2025-07-22 13:00:00.000,A13,ALIEN,0,76564,13,0,30,22,7,2025
2025-07-22 14:00:00.000,A13,ALIEN,0,76589,14,0,30,22,7,2025
2025-07-22 15:00:00.000,A13,ALIEN,0,76614,15,0,30,22,7,2025
2025-07-22 16:00:00.000,A13,ALIEN,0,76639,16,0,30,22,7,2025
2025-07-22 17:00:00.000,A13,ALIEN,0,76664,17,0,30,22,7,2025
2025-07-22 18:00:00.000,A13,ALIEN,0,76689,18,0,30,22,7,2025
2025-07-22 19:00:00.000,A13,ALIEN,0,76714,19,0,30,22,7,2025
2025-07-22 20:00:00.000,A13,ALIEN,0,76739,20,0,30,22,7,2025
2025-07-22 21:00:00.000,A13,ALIEN,0,76764,21,0,30,22,7,2025
2025-07-23 07:00:00.000,A13,ALIEN,0,76942,7,0,30,23,7,2025
2025-07-23 08:00:00.000,A13,ALIEN,0,76967,8,0,30,23,7,2025
2025-07-23 09:00:00.000,A13,ALIEN,0,76992,9,0,30,23,7,2025
2025-07-23 10:00:00.000,A13,ALIEN,0,77017,10,0,30,23,7,2025
2025-07-23 11:00:00.000,A13,ALIEN,0,77042,11,0,30,23,7,2025
2025-07-23 12:00:00.000,A13,ALIEN,0,77067,12,0,30,23,7,2025
2025-07-23 13:00:00.000,A13,ALIEN,0,77092,13,0,30,23,7,2025
2025-07-23 14:00:00.000,A13,ALIEN,0,77117,14,0,30,23,7,2025
2025-07-23 15:00:00.000,A13,ALIEN,0,77142,15,0,30,23,7,2025
2025-07-23 16:00:00.000,A13,ALIEN,0,77167,16,0,30,23,7,2025
2025-07-23 17:00:00.000,A13,ALIEN,0,77192,17,0,30,23,7,2025
2025-07-23 18:00:00.000,A13,ALIEN,0,77217,18,0,30,23,7,2025
2025-07-23 19:00:00.000,A13,ALIEN,0,77242,19,0,30,23,7,2025
2025-07-23 20:00:00.000,A13,ALIEN,0,77267,20,0,30,23,7,2025
2025-07-23 21:00:00.000,A13,ALIEN,0,77292,21,0,30,23,7,2025
2025-07-24 07:00:00.000,A13,ALIEN,0,77470,7,0,30,24,7,2025
2025-07-24 08:00:00.000,A13,ALIEN,0,77495,8,0,30,24,7,2025
2025-07-24 09:00:00.000,A13,ALIEN,0,77520,9,0,30,24,7,2025
2025-07-24 10:00:00.000,A13,ALIEN,0,77545,10,0,30,24,7,2025
2025-07-24 11:00:00.000,A13,ALIEN,0,77570,11,0,30,24,7,2025
2025-07-24 12:00:00.000,A13,ALIEN,0,77595,12,0,30,24,7,2025
2025-07-24 13:00:00.000,A13,ALIEN,0,77620,13,0,30,24,7,2025
2025-07-24 14:00:00.000,A13,ALIEN,0,77645,14,0,30,24,7,2025
2025-07-24 15:00:00.000,A13,ALIEN,0,77670,15,0,30,24,7,2025
2025-07-24 16:00:00.000,A13,ALIEN,0,77695,16,0,30,24,7,2025
2025-07-24 17:00:00.000,A13,ALIEN,0,77720,17,0,30,24,7,2025
2025-07-24 18:00:00.000,A13,ALIEN,0,77745,18,0,30,24,7,2025
2025-07-24 19:00:00.000,A13,ALIEN,0,77770,19,0,30,24,7,2025
2025-07-24 20:00:00.000,A13,ALIEN,0,77795,20,0,30,24,7,2025
2025-07-24 21:00:00.000,A13,ALIEN,0,77820,21,0,30,24,7,2025
2025-07-25 07:00:00.000,A13,ALIEN,0,77998,7,0,30,25,7,2025
2025-07-25 08:00:00.000,A13,ALIEN,0,78023,8,0,30,25,7,2025
2025-07-25 09:00:00.000,A13,ALIEN,0,78048,9,0,30,25,7,2025
2025-07-25 10:00:00.000,A13,ALIEN,0,78073,10,0,30,25,7,2025
2025-07-25 11:00:00.000,A13,ALIEN,0,78098,11,0,30,25,7,2025
2025-07-25 12:00:00.000,A13,ALIEN,0,78123,12,0,30,25,7,2025
2025-07-25 13:00:00.000,A13,ALIEN,0,78148,13,0,30,25,7,2025
2025-07-25 14:00:00.000,A13,ALIEN,0,78173,14,0,30,25,7,2025
2025-07-25 15:00:00.000,A13,ALIEN,0,78198,15,0,30,25,7,2025
2025-07-25 16:00:00.000,A13,ALIEN,0,78223,16,0,30,25,7,2025
2025-07-25 17:00:00.000,A13,ALIEN,0,78248,17,0,30,25,7,2025
2025-07-25 18:00:00.000,A13,ALIEN,0,78273,18,0,30,25,7,2025
2025-07-25 19:00:00.000,A13,ALIEN,0,78298,19,0,30,25,7,2025
2025-07-25 20:00:00.000,A13,ALIEN,0,78323,20,0,30,25,7,2025
2025-07-25 21:00:00.000,A13,ALIEN,0,78348,21,0,30,25,7,2025
2025-07-26 07:00:00.000,A13,ALIEN,0,78526,7,0,30,26,7,2025
2025-07-26 08:00:00.000,A13,ALIEN,0,78551,8,0,30,26,7,2025
2025-07-26 09:00:00.000,A13,ALIEN,0,78576,9,0,30,26,7,2025
2025-07-26 10:00:00.000,A13,ALIEN,0,78601,10,0,30,26,7,2025
2025-07-26 11:00:00.000,A13,ALIEN,0,78626,11,0,30,26,7,2025
2025-07-26 12:00:00.000,A13,ALIEN,0,78651,12,0,30,26,7,2025
2025-07-26 13:00:00.000,A13,ALIEN,0,78676,13,0,30,26,7,2025
2025-07-26 14:00:00.000,A13,ALIEN,0,78701,14,0,30,26,7,2025
2025-07-26 15:00:00.000,A13,ALIEN,0,78726,15,0,30,26,7,2025
2025-07-26 16:00:00.000,A13,ALIEN,0,78751,16,0,30,26,7,2025
2025-07-26 17:00:00.000,A13,ALIEN,0,78776,17,0,30,26,7,2025
2025-07-26 18:00:00.000,A13,ALIEN,0,78801,18,0,30,26,7,2025
2025-07-26 19:00:00.000,A13,ALIEN,0,78826,19,0,30,26,7,2025
2025-07-26 20:00:00.000,A13,ALIEN,0,78851,20,0,30,26,7,2025
2025-07-26 21:00:00.000,A13,ALIEN,0,78876,21,0,30,26,7,2025
2025-07-27 07:00:00.000,A13,ALIEN,0,79054,7,0,31,27,7,2025
2025-07-27 08:00:00.000,A13,ALIEN,0,79079,8,0,31,27,7,2025
2025-07-27 09:00:00.000,A13,ALIEN,0,79104,9,0,31,27,7,2025
2025-07-27 10:00:00.000,A13,ALIEN,0,79129,10,0,31,27,7,2025
2025-07-27 11:00:00.000,A13,ALIEN,0,79154,11,0,31,27,7,2025
2025-07-27 12:00:00.000,A13,ALIEN,0,79179,12,0,31,27,7,2025
2025-07-27 13:00:00.000,A13,ALIEN,0,79204,13,0,31,27,7,2025
2025-07-27 14:00:00.000,A13,ALIEN,0,79229,14,0,31,27,7,2025
2025-07-27 15:00:00.000,A13,ALIEN,0,79254,15,0,31,27,7,2025
2025-07-27 16:00:00.000,A13,ALIEN,0,79279,16,0,31,27,7,2025
2025-07-27 17:00:00.000,A13,ALIEN,0,79304,17,0,31,27,7,2025
2025-07-27 18:00:00.000,A13,ALIEN,0,79329,18,0,31,27,7,2025
2025-07-27 19:00:00.000,A13,ALIEN,0,79354,19,0,31,27,7,2025
2025-07-27 20:00:00.000,A13,ALIEN,0,79379,20,0,31,27,7,2025
2025-07-27 21:00:00.000,A13,ALIEN,0,79404,21,0,31,27,7,2025
2025-07-28 07:00:00.000,A13,ALIEN,0,79582,7,0,31,28,7,2025
2025-07-28 08:00:00.000,A13,ALIEN,0,79607,8,0,31,28,7,2025
2025-07-28 09:00:00.000,A13,ALIEN,0,79632,9,0,31,28,7,2025
2025-07-28 10:00:00.000,A13,ALIEN,0,79657,10,0,31,28,7,2025
2025-07-28 11:00:00.000,A13,ALIEN,0,79682,11,0,31,28,7,2025
2025-07-28 12:00:00.000,A13,ALIEN,0,79707,12,0,31,28,7,2025
2025-07-28 13:00:00.000,A13,ALIEN,0,79732,13,0,31,28,7,2025
2025-07-28 14:00:00.000,A13,ALIEN,0,79757,14,0,31,28,7,2025
2025-07-28 15:00:00.000,A13,ALIEN,0,79782,15,0,31,28,7,2025
2025-07-28 16:00:00.000,A13,ALIEN,0,79807,16,0,31,28,7,2025
2025-07-28 17:00:00.000,A13,ALIEN,0,79832,17,0,31,28,7,2025
2025-07-28 18:00:00.000,A13,ALIEN,0,79857,18,0,31,28,7,2025
2025-07-28 19:00:00.000,A13,ALIEN,0,79882,19,0,31,28,7,2025
2025-07-28 20:00:00.000,A13,ALIEN,0,79907,20,0,31,28,7,2025
2025-07-28 21:00:00.000,A13,ALIEN,0,79932,21,0,31,28,7,2025
2025-07-29 07:00:00.000,A13,ALIEN,0,80110,7,0,31,29,7,2025
2025-07-29 08:00:00.000,A13,ALIEN,0,80135,8,0,31,29,7,2025
2025-07-29 09:00:00.000,A13,ALIEN,0,80160,9,0,31,29,7,2025
2025-07-29 10:00:00.000,A13,ALIEN,0,80185,10,0,31,29,7,2025
2025-07-29 11:00:00.000,A13,ALIEN,0,80210,11,0,31,29,7,2025
2025-07-29 12:00:00.000,A13,ALIEN,0,80235,12,0,31,29,7,2025
2025-07-29 13:00:00.000,A13,ALIEN,0,80260,13,0,31,29,7,2025
2025-07-29 14:00:00.000,A13,ALIEN,0,80285,14,0,31,29,7,2025
2025-07-29 15:00:00.000,A13,ALIEN,0,80310,15,0,31,29,7,2025
2025-07-29 16:00:00.000,A13,ALIEN,0,80335,16,0,31,29,7,2025
2025-07-29 17:00:00.000,A13,ALIEN,0,80360,17,0,31,29,7,2025
2025-07-29 18:00:00.000,A13,ALIEN,0,80385,18,0,31,29,7,2025
2025-07-29 19:00:00.000,A13,ALIEN,0,80410,19,0,31,29,7,2025
2025-07-29 20:00:00.000,A13,ALIEN,0,80435,20,0,31,29,7,2025
2025-07-29 21:00:00.000,A13,ALIEN,0,80460,21,0,31,29,7,2025
2025-07-30 07:00:00.000,A13,ALIEN,0,80638,7,0,31,30,7,2025
2025-07-30 08:00:00.000,A13,ALIEN,0,80663,8,0,31,30,7,2025
2025-07-30 09:00:00.000,A13,ALIEN,0,80688,9,0,31,30,7,2025
2025-07-30 10:00:00.000,A13,ALIEN,0,80713,10,0,31,30,7,2025
2025-07-30 11:00:00.000,A13,ALIEN,0,80738,11,0,31,30,7,2025
2025-07-30 12:00:00.000,A13,ALIEN,0,80763,12,0,31,30,7,2025
2025-07-30 13:00:00.000,A13,ALIEN,0,80788,13,0,31,30,7,2025
2025-07-30 14:00:00.000,A13,ALIEN,0,80813,14,0,31,30,7,2025
2025-07-30 15:00:00.000,A13,ALIEN,0,80838,15,0,31,30,7,2025
2025-07-30 16:00:00.000,A13,ALIEN,0,80863,16,0,31,30,7,2025
2025-07-30 17:00:00.000,A13,ALIEN,0,80888,17,0,31,30,7,2025
2025-07-30 18:00:00.000,A13,ALIEN,0,80913,18,0,31,30,7,2025
2025-07-30 19:00:00.000,A13,ALIEN,0,80938,19,0,31,30,7,2025
2025-07-30 20:00:00.000,A13,ALIEN,0,80963,20,0,31,30,7,2025
2025-07-30 21:00:00.000,A13,ALIEN,0,80988,21,0,31,30,7,2025
2025-07-31 07:00:00.000,A13,ALIEN,0,81166,7,0,31,31,7,2025
2025-07-31 08:00:00.000,A13,ALIEN,0,81191,8,0,31,31,7,2025
2025-07-31 09:00:00.000,A13,ALIEN,0,81216,9,0,31,31,7,2025
2025-07-31 10:00:00.000,A13,ALIEN,0,81241,10,0,31,31,7,2025
2025-07-31 11:00:00.000,A13,ALIEN,0,81266,11,0,31,31,7,2025
2025-07-31 12:00:00.000,A13,ALIEN,0,81291,12,0,31,31,7,2025
2025-07-31 13:00:00.000,A13,ALIEN,0,81316,13,0,31,31,7,2025
2025-07-31 14:00:00.000,A13,ALIEN,0,81341,14,0,31,31,7,2025
2025-07-31 15:00:00.000,A13,ALIEN,0,81366,15,0,31,31,7,2025
2025-07-31 16:00:00.000,A13,ALIEN,0,81391,16,0,31,31,7,2025
2025-07-31 17:00:00.000,A13,ALIEN,0,81416,17,0,31,31,7,2025
2025-07-31 18:00:00.000,A13,ALIEN,0,81441,18,0,31,31,7,2025
2025-07-31 19:00:00.000,A13,ALIEN,0,81466,19,0,31,31,7,2025
2025-07-31 20:00:00.000,A13,ALIEN,0,81491,20,0,31,31,7,2025
2025-07-31 21:00:00.000,A13,ALIEN,0,81516,21,0,31,31,7,2025
2025-08-01 07:00:00.000,A13,ALIEN,0,81694,7,0,31,1,8,2025
2025-08-01 08:00:00.000,A13,ALIEN,0,81719,8,0,31,1,8,2025
2025-08-01 09:00:00.000,A13,ALIEN,0,81744,9,0,31,1,8,2025
2025-08-01 10:00:00.000,A13,ALIEN,0,81769,10,0,31,1,8,2025
2025-08-01 11:00:00.000,A13,ALIEN,0,81794,11,0,31,1,8,2025
2025-08-01 12:00:00.000,A13,ALIEN,0,81819,12,0,31,1,8,2025
2025-08-01 13:00:00.000,A13,ALIEN,0,81844,13,0,31,1,8,2025
2025-08-01 14:00:00.000,A13,ALIEN,0,81869,14,0,31,1,8,2025
2025-08-01 15:00:00.000,A13,ALIEN,0,81894,15,0,31,1,8,2025
2025-08-01 16:00:00.000,A13,ALIEN,0,81919,16,0,31,1,8,2025
2025-08-01 17:00:00.000,A13,ALIEN,0,81944,17,0,31,1,8,2025
2025-08-01 18:00:00.000,A13,ALIEN,0,81969,18,0,31,1,8,2025
2025-08-01 19:00:00.000,A13,ALIEN,0,81994,19,0,31,1,8,2025
2025-08-01 20:00:00.000,A13,ALIEN,0,82019,20,0,31,1,8,2025
2025-08-01 21:00:00.000,A13,ALIEN,0,82044,21,0,31,1,8,2025
2025-08-02 07:00:00.000,A13,ALIEN,0,82222,7,0,31,2,8,2025
2025-08-02 08:00:00.000,A13,ALIEN,0,82247,8,0,31,2,8,2025
2025-08-02 09:00:00.000,A13,ALIEN,0,82272,9,0,31,2,8,2025
2025-08-02 10:00:00.000,A13,ALIEN,0,82297,10,0,31,2,8,2025
2025-08-02 11:00:00.000,A13,ALIEN,0,82322,11,0,31,2,8,2025
2025-08-02 12:00:00.000,A13,ALIEN,0,82347,12,0,31,2,8,2025
2025-08-02 13:00:00.000,A13,ALIEN,0,82372,13,0,31,2,8,2025
2025-08-02 14:00:00.000,A13,ALIEN,0,82397,14,0,31,2,8,2025
2025-08-02 15:00:00.000,A13,ALIEN,0,82422,15,0,31,2,8,2025
2025-08-02 16:00:00.000,A13,ALIEN,0,82447,16,0,31,2,8,2025
2025-08-02 17:00:00.000,A13,ALIEN,0,82472,17,0,31,2,8,2025
2025-08-02 18:00:00.000,A13,ALIEN,0,82497,18,0,31,2,8,2025
2025-08-02 19:00:00.000,A13,ALIEN,0,82522,19,0,31,2,8,2025
2025-08-02 20:00:00.000,A13,ALIEN,0,82547,20,0,31,2,8,2025
2025-08-02 21:00:00.000,A13,ALIEN,0,82572,21,0,31,2,8,2025
2025-08-03 07:00:00.000,A13,ALIEN,0,82750,7,0,32,3,8,2025
2025-08-03 08:00:00.000,A13,ALIEN,0,82775,8,0,32,3,8,2025
2025-08-03 09:00:00.000,A13,ALIEN,0,82800,9,0,32,3,8,2025
2025-08-03 10:00:00.000,A13,ALIEN,0,82825,10,0,32,3,8,2025
2025-08-03 11:00:00.000,A13,ALIEN,0,82850,11,0,32,3,8,2025
2025-08-03 12:00:00.000,A13,ALIEN,0,82875,12,0,32,3,8,2025
2025-08-03 13:00:00.000,A13,ALIEN,0,82900,13,0,32,3,8,2025
2025-08-03 14:00:00.000,A13,ALIEN,0,82925,14,0,32,3,8,2025
2025-08-03 15:00:00.000,A13,ALIEN,0,82950,15,0,32,3,8,2025
2025-08-03 16:00:00.000,A13,ALIEN,0,82975,16,0,32,3,8,2025
2025-08-03 17:00:00.000,A13,ALIEN,0,83000,17,0,32,3,8,2025
2025-08-03 18:00:00.000,A13,ALIEN,0,83025,18,0,32,3,8,2025
2025-08-03 19:00:00.000,A13,ALIEN,0,83050,19,0,32,3,8,2025
2025-08-03 20:00:00.000,A13,ALIEN,0,83075,20,0,32,3,8,2025
2025-08-03 21:00:00.000,A13,ALIEN,0,83100,21,0,32,3,8,2025
2025-08-04 07:00:00.000,A13,ALIEN,0,83278,7,0,32,4,8,2025
2025-08-04 08:00:00.000,A13,ALIEN,0,83303,8,0,32,4,8,2025
2025-08-04 09:00:00.000,A13,ALIEN,0,83328,9,0,32,4,8,2025
2025-08-04 10:00:00.000,A13,ALIEN,0,83353,10,0,32,4,8,2025
2025-08-04 11:00:00.000,A13,ALIEN,0,83378,11,0,32,4,8,2025
2025-08-04 12:00:00.000,A13,ALIEN,0,83403,12,0,32,4,8,2025
2025-08-04 13:00:00.000,A13,ALIEN,0,83428,13,0,32,4,8,2025
2025-08-04 14:00:00.000,A13,ALIEN,0,83453,14,0,32,4,8,2025
2025-08-04 15:00:00.000,A13,ALIEN,0,83478,15,0,32,4,8,2025
2025-08-04 16:00:00.000,A13,ALIEN,0,83503,16,0,32,4,8,2025
2025-08-04 17:00:00.000,A13,ALIEN,0,83528,17,0,32,4,8,2025
2025-08-04 18:00:00.000,A13,ALIEN,0,83553,18,0,32,4,8,2025
2025-08-04 19:00:00.000,A13,ALIEN,0,83578,19,0,32,4,8,2025
2025-08-04 20:00:00.000,A13,ALIEN,0,83603,20,0,32,4,8,2025
2025-08-04 21:00:00.000,A13,ALIEN,0,83628,21,0,32,4,8,2025
2025-08-05 07:00:00.000,A13,ALIEN,0,83806,7,0,32,5,8,2025
2025-08-05 08:00:00.000,A13,ALIEN,0,83831,8,0,32,5,8,2025
2025-08-05 09:00:00.000,A13,ALIEN,0,83856,9,0,32,5,8,2025
2025-08-05 10:00:00.000,A13,ALIEN,0,83881,10,0,32,5,8,2025
2025-08-05 11:00:00.000,A13,ALIEN,0,83906,11,0,32,5,8,2025
2025-08-05 12:00:00.000,A13,ALIEN,0,83931,12,0,32,5,8,2025
2025-08-05 13:00:00.000,A13,ALIEN,0,83956,13,0,32,5,8,2025
2025-08-05 14:00:00.000,A13,ALIEN,0,83981,14,0,32,5,8,2025
2025-08-05 15:00:00.000,A13,ALIEN,0,84006,15,0,32,5,8,2025
2025-08-05 16:00:00.000,A13,ALIEN,0,84031,16,0,32,5,8,2025
2025-08-05 17:00:00.000,A13,ALIEN,0,84056,17,0,32,5,8,2025
2025-08-05 18:00:00.000,A13,ALIEN,0,84081,18,0,32,5,8,2025
2025-08-05 19:00:00.000,A13,ALIEN,0,84106,19,0,32,5,8,2025
2025-08-05 20:00:00.000,A13,ALIEN,0,84131,20,0,32,5,8,2025
2025-08-05 21:00:00.000,A13,ALIEN,0,84156,21,0,32,5,8,2025
2025-08-06 07:00:00.000,A13,ALIEN,0,84334,7,0,32,6,8,2025
2025-08-06 08:00:00.000,A13,ALIEN,0,84359,8,0,32,6,8,2025
2025-08-06 09:00:00.000,A13,ALIEN,0,84384,9,0,32,6,8,2025
2025-08-06 10:00:00.000,A13,ALIEN,0,84409,10,0,32,6,8,2025
2025-08-06 11:00:00.000,A13,ALIEN,0,84434,11,0,32,6,8,2025
2025-08-06 12:00:00.000,A13,ALIEN,0,84459,12,0,32,6,8,2025
2025-08-06 13:00:00.000,A13,ALIEN,0,84484,13,0,32,6,8,2025
2025-08-06 14:00:00.000,A13,ALIEN,0,84509,14,0,32,6,8,2025
2025-08-06 15:00:00.000,A13,ALIEN,0,84534,15,0,32,6,8,2025
2025-08-06 16:00:00.000,A13,ALIEN,0,84559,16,0,32,6,8,2025
2025-08-06 17:00:00.000,A13,ALIEN,0,84584,17,0,32,6,8,2025
2025-08-06 18:00:00.000,A13,ALIEN,0,84609,18,0,32,6,8,2025
2025-08-06 19:00:00.000,A13,ALIEN,0,84634,19,0,32,6,8,2025
2025-08-06 20:00:00.000,A13,ALIEN,0,84659,20,0,32,6,8,2025
2025-08-06 21:00:00.000,A13,ALIEN,0,84684,21,0,32,6,8,2025
2025-08-07 07:00:00.000,A13,ALIEN,0,84862,7,0,32,7,8,2025
2025-08-07 08:00:00.000,A13,ALIEN,0,84887,8,0,32,7,8,2025
2025-08-07 09:00:00.000,A13,ALIEN,0,84912,9,0,32,7,8,2025
2025-08-07 10:00:00.000,A13,ALIEN,0,84937,10,0,32,7,8,2025
2025-08-07 11:00:00.000,A13,ALIEN,0,84962,11,0,32,7,8,2025
2025-08-07 12:00:00.000,A13,ALIEN,0,84987,12,0,32,7,8,2025
2025-08-07 13:00:00.000,A13,ALIEN,0,85012,13,0,32,7,8,2025
2025-08-07 14:00:00.000,A13,ALIEN,0,85037,14,0,32,7,8,2025
2025-08-07 15:00:00.000,A13,ALIEN,0,85062,15,0,32,7,8,2025
2025-08-07 16:00:00.000,A13,ALIEN,0,85087,16,0,32,7,8,2025
2025-08-07 17:00:00.000,A13,ALIEN,0,85112,17,0,32,7,8,2025
2025-08-07 18:00:00.000,A13,ALIEN,0,85137,18,0,32,7,8,2025
2025-08-07 19:00:00.000,A13,ALIEN,0,85162,19,0,32,7,8,2025
2025-08-07 20:00:00.000,A13,ALIEN,0,85187,20,0,32,7,8,2025
2025-08-07 21:00:00.000,A13,ALIEN,0,85212,21,0,32,7,8,2025
2025-08-07 22:00:00.000,A13,ALIEN,0,85237,22,0,32,7,8,2025
2025-08-08 07:00:00.000,A13,ALIEN,0,85398,7,0,32,8,8,2025
2025-08-08 08:00:00.000,A13,ALIEN,0,85423,8,0,32,8,8,2025
2025-08-08 09:00:00.000,A13,ALIEN,0,85448,9,0,32,8,8,2025
2025-08-08 10:00:00.000,A13,ALIEN,0,85473,10,0,32,8,8,2025
2025-08-08 11:00:00.000,A13,ALIEN,0,85498,11,0,32,8,8,2025
2025-08-08 12:00:00.000,A13,ALIEN,0,85523,12,0,32,8,8,2025
2025-08-08 13:00:00.000,A13,ALIEN,0,85548,13,0,32,8,8,2025
2025-08-08 14:00:00.000,A13,ALIEN,0,85573,14,0,32,8,8,2025
2025-08-08 15:00:00.000,A13,ALIEN,0,85598,15,0,32,8,8,2025
2025-08-08 16:00:00.000,A13,ALIEN,0,85623,16,0,32,8,8,2025
2025-08-08 17:00:00.000,A13,ALIEN,0,85648,17,0,32,8,8,2025
2025-08-08 18:00:00.000,A13,ALIEN,0,85673,18,0,32,8,8,2025
2025-08-08 19:00:00.000,A13,ALIEN,0,85698,19,0,32,8,8,2025
2025-08-08 20:00:00.000,A13,ALIEN,0,85723,20,0,32,8,8,2025
2025-08-08 21:00:00.000,A13,ALIEN,0,85748,21,0,32,8,8,2025
2025-08-08 22:00:00.000,A13,ALIEN,0,85773,22,0,32,8,8,2025
2025-08-09 07:00:00.000,A13,ALIEN,0,85934,7,0,32,9,8,2025
2025-08-09 08:00:00.000,A13,ALIEN,0,85959,8,0,32,9,8,2025
2025-08-09 09:00:00.000,A13,ALIEN,0,85984,9,0,32,9,8,2025
2025-08-09 10:00:00.000,A13,ALIEN,0,86009,10,0,32,9,8,2025
2025-08-09 11:00:00.000,A13,ALIEN,0,86034,11,0,32,9,8,2025
2025-08-09 12:00:00.000,A13,ALIEN,0,86059,12,0,32,9,8,2025
2025-08-09 13:00:00.000,A13,ALIEN,0,86084,13,0,32,9,8,2025
2025-08-09 14:00:00.000,A13,ALIEN,0,86109,14,0,32,9,8,2025
2025-08-09 15:00:00.000,A13,ALIEN,0,86134,15,0,32,9,8,2025
2025-08-09 16:00:00.000,A13,ALIEN,0,86159,16,0,32,9,8,2025
2025-08-09 17:00:00.000,A13,ALIEN,0,86184,17,0,32,9,8,2025
2025-08-09 18:00:00.000,A13,ALIEN,0,86209,18,0,32,9,8,2025
2025-08-09 19:00:00.000,A13,ALIEN,0,86234,19,0,32,9,8,2025
2025-08-09 20:00:00.000,A13,ALIEN,0,86259,20,0,32,9,8,2025
2025-08-09 21:00:00.000,A13,ALIEN,0,86284,21,0,32,9,8,2025
2025-08-10 07:00:00.000,A13,ALIEN,0,86462,7,0,33,10,8,2025
2025-08-10 08:00:00.000,A13,ALIEN,0,86487,8,0,33,10,8,2025
2025-08-10 09:00:00.000,A13,ALIEN,0,86512,9,0,33,10,8,2025
2025-08-10 10:00:00.000,A13,ALIEN,0,86537,10,0,33,10,8,2025
2025-08-10 11:00:00.000,A13,ALIEN,0,86562,11,0,33,10,8,2025
2025-08-10 12:00:00.000,A13,ALIEN,0,86587,12,0,33,10,8,2025
2025-08-10 13:00:00.000,A13,ALIEN,0,86612,13,0,33,10,8,2025
2025-08-10 14:00:00.000,A13,ALIEN,0,86637,14,0,33,10,8,2025
2025-08-10 15:00:00.000,A13,ALIEN,0,86662,15,0,33,10,8,2025
2025-08-10 16:00:00.000,A13,ALIEN,0,86687,16,0,33,10,8,2025
2025-08-10 17:00:00.000,A13,ALIEN,0,86712,17,0,33,10,8,2025
2025-08-10 18:00:00.000,A13,ALIEN,0,86737,18,0,33,10,8,2025
2025-08-10 19:00:00.000,A13,ALIEN,0,86762,19,0,33,10,8,2025
2025-08-10 20:00:00.000,A13,ALIEN,0,86787,20,0,33,10,8,2025
2025-08-10 21:00:00.000,A13,ALIEN,0,86812,21,0,33,10,8,2025
2025-08-11 07:00:00.000,A13,ALIEN,0,86990,7,0,33,11,8,2025
2025-08-11 08:00:00.000,A13,ALIEN,0,87015,8,0,33,11,8,2025
2025-08-11 09:00:00.000,A13,ALIEN,0,87040,9,0,33,11,8,2025
2025-08-11 10:00:00.000,A13,ALIEN,0,87065,10,0,33,11,8,2025
2025-08-11 11:00:00.000,A13,ALIEN,0,87090,11,0,33,11,8,2025
2025-08-11 12:00:00.000,A13,ALIEN,0,87115,12,0,33,11,8,2025
2025-08-11 13:00:00.000,A13,ALIEN,0,87140,13,0,33,11,8,2025
2025-08-11 14:00:00.000,A13,ALIEN,0,87165,14,0,33,11,8,2025
2025-08-11 15:00:00.000,A13,ALIEN,0,87190,15,0,33,11,8,2025
2025-08-11 16:00:00.000,A13,ALIEN,0,87215,16,0,33,11,8,2025
2025-08-11 17:00:00.000,A13,ALIEN,0,87240,17,0,33,11,8,2025
2025-08-11 18:00:00.000,A13,ALIEN,0,87265,18,0,33,11,8,2025
2025-08-11 19:00:00.000,A13,ALIEN,0,87290,19,0,33,11,8,2025
2025-08-11 20:00:00.000,A13,ALIEN,0,87315,20,0,33,11,8,2025
2025-08-11 21:00:00.000,A13,ALIEN,0,87340,21,0,33,11,8,2025
2025-08-12 07:00:00.000,A13,ALIEN,0,87518,7,0,33,12,8,2025
2025-08-12 08:00:00.000,A13,ALIEN,0,87543,8,0,33,12,8,2025
2025-08-12 09:00:00.000,A13,ALIEN,0,87568,9,0,33,12,8,2025
2025-08-12 10:00:00.000,A13,ALIEN,0,87593,10,0,33,12,8,2025
2025-08-12 11:00:00.000,A13,ALIEN,0,87618,11,0,33,12,8,2025
2025-08-12 12:00:00.000,A13,ALIEN,0,87643,12,0,33,12,8,2025
2025-08-12 13:00:00.000,A13,ALIEN,0,87668,13,0,33,12,8,2025
2025-08-12 14:00:00.000,A13,ALIEN,0,87693,14,0,33,12,8,2025
2025-08-12 15:00:00.000,A13,ALIEN,0,87718,15,0,33,12,8,2025
2025-08-12 16:00:00.000,A13,ALIEN,0,87743,16,0,33,12,8,2025
2025-08-12 17:00:00.000,A13,ALIEN,0,87768,17,0,33,12,8,2025
2025-08-12 18:00:00.000,A13,ALIEN,0,87793,18,0,33,12,8,2025
2025-08-12 19:00:00.000,A13,ALIEN,0,87818,19,0,33,12,8,2025
2025-08-12 20:00:00.000,A13,ALIEN,0,87843,20,0,33,12,8,2025
2025-08-12 21:00:00.000,A13,ALIEN,0,87868,21,0,33,12,8,2025
2025-08-13 07:00:00.000,A13,ALIEN,0,88046,7,0,33,13,8,2025
2025-08-13 08:00:00.000,A13,ALIEN,0,88070,8,0,33,13,8,2025
2025-08-13 09:00:00.000,A13,ALIEN,0,88094,9,0,33,13,8,2025
2025-08-13 10:00:00.000,A13,ALIEN,0,88118,10,0,33,13,8,2025
2025-08-13 11:00:00.000,A13,ALIEN,0,88142,11,0,33,13,8,2025
2025-08-13 12:00:00.000,A13,ALIEN,0,88166,12,0,33,13,8,2025
2025-08-13 13:00:00.000,A13,ALIEN,0,88190,13,0,33,13,8,2025
2025-08-13 14:00:00.000,A13,ALIEN,0,88214,14,0,33,13,8,2025
2025-08-13 15:00:00.000,A13,ALIEN,0,88238,15,0,33,13,8,2025
2025-08-13 16:00:00.000,A13,ALIEN,0,88262,16,0,33,13,8,2025
2025-08-13 17:00:00.000,A13,ALIEN,0,88286,17,0,33,13,8,2025
2025-08-13 18:00:00.000,A13,ALIEN,0,88310,18,0,33,13,8,2025
2025-08-13 19:00:00.000,A13,ALIEN,0,88334,19,0,33,13,8,2025
2025-08-13 20:00:00.000,A13,ALIEN,0,88358,20,0,33,13,8,2025
2025-08-13 21:00:00.000,A13,ALIEN,0,88382,21,0,33,13,8,2025
2025-08-14 07:00:00.000,A13,ALIEN,0,88550,7,0,33,14,8,2025
2025-08-14 08:00:00.000,A13,ALIEN,0,88574,8,0,33,14,8,2025
2025-08-14 09:00:00.000,A13,ALIEN,0,88598,9,0,33,14,8,2025
2025-08-14 10:00:00.000,A13,ALIEN,0,88622,10,0,33,14,8,2025
2025-08-14 11:00:00.000,A13,ALIEN,0,88646,11,0,33,14,8,2025
2025-08-14 12:00:00.000,A13,ALIEN,0,88670,12,0,33,14,8,2025
2025-08-14 13:00:00.000,A13,ALIEN,0,88694,13,0,33,14,8,2025
2025-08-14 14:00:00.000,A13,ALIEN,0,88718,14,0,33,14,8,2025
2025-08-14 15:00:00.000,A13,ALIEN,0,88742,15,0,33,14,8,2025
2025-08-14 16:00:00.000,A13,ALIEN,0,88766,16,0,33,14,8,2025
2025-08-14 17:00:00.000,A13,ALIEN,0,88790,17,0,33,14,8,2025
2025-08-14 18:00:00.000,A13,ALIEN,0,88814,18,0,33,14,8,2025
2025-08-14 19:00:00.000,A13,ALIEN,0,88838,19,0,33,14,8,2025
2025-08-14 20:00:00.000,A13,ALIEN,0,88862,20,0,33,14,8,2025
2025-08-14 21:00:00.000,A13,ALIEN,0,88886,21,0,33,14,8,2025
2025-08-15 07:00:00.000,A13,ALIEN,0,89054,7,0,33,15,8,2025
2025-08-15 08:00:00.000,A13,ALIEN,0,89078,8,0,33,15,8,2025
2025-08-15 09:00:00.000,A13,ALIEN,0,89102,9,0,33,15,8,2025
2025-08-15 10:00:00.000,A13,ALIEN,0,89126,10,0,33,15,8,2025
2025-08-15 11:00:00.000,A13,ALIEN,0,89150,11,0,33,15,8,2025
2025-08-15 12:00:00.000,A13,ALIEN,0,89174,12,0,33,15,8,2025
2025-08-15 13:00:00.000,A13,ALIEN,0,89198,13,0,33,15,8,2025
2025-08-15 14:00:00.000,A13,ALIEN,0,89222,14,0,33,15,8,2025
2025-08-15 15:00:00.000,A13,ALIEN,0,89246,15,0,33,15,8,2025
2025-08-15 16:00:00.000,A13,ALIEN,0,89270,16,0,33,15,8,2025
2025-08-15 17:00:00.000,A13,ALIEN,0,89294,17,0,33,15,8,2025
2025-08-15 18:00:00.000,A13,ALIEN,0,89318,18,0,33,15,8,2025
2025-08-15 19:00:00.000,A13,ALIEN,0,89342,19,0,33,15,8,2025
2025-08-15 20:00:00.000,A13,ALIEN,0,89366,20,0,33,15,8,2025
2025-08-15 21:00:00.000,A13,ALIEN,0,89390,21,0,33,15,8,2025
2025-08-16 07:00:00.000,A13,ALIEN,0,89558,7,0,33,16,8,2025
2025-08-16 08:00:00.000,A13,ALIEN,0,89582,8,0,33,16,8,2025
2025-08-16 09:00:00.000,A13,ALIEN,0,89606,9,0,33,16,8,2025
2025-08-16 10:00:00.000,A13,ALIEN,0,89630,10,0,33,16,8,2025
2025-08-16 11:00:00.000,A13,ALIEN,0,89654,11,0,33,16,8,2025
2025-08-16 12:00:00.000,A13,ALIEN,0,89678,12,0,33,16,8,2025
2025-08-16 13:00:00.000,A13,ALIEN,0,89702,13,0,33,16,8,2025
2025-08-16 14:00:00.000,A13,ALIEN,0,89726,14,0,33,16,8,2025
2025-08-16 15:00:00.000,A13,ALIEN,0,89750,15,0,33,16,8,2025
2025-08-16 16:00:00.000,A13,ALIEN,0,89774,16,0,33,16,8,2025
2025-08-16 17:00:00.000,A13,ALIEN,0,89798,17,0,33,16,8,2025
2025-08-16 18:00:00.000,A13,ALIEN,0,89822,18,0,33,16,8,2025
2025-08-16 19:00:00.000,A13,ALIEN,0,89846,19,0,33,16,8,2025
2025-08-16 20:00:00.000,A13,ALIEN,0,89870,20,0,33,16,8,2025
2025-08-16 21:00:00.000,A13,ALIEN,0,89894,21,0,33,16,8,2025
2025-08-17 07:00:00.000,A13,ALIEN,0,90062,7,0,34,17,8,2025
2025-08-17 08:00:00.000,A13,ALIEN,0,90087,8,0,34,17,8,2025
2025-08-17 09:00:00.000,A13,ALIEN,0,90112,9,0,34,17,8,2025
2025-08-17 10:00:00.000,A13,ALIEN,0,90137,10,0,34,17,8,2025
2025-08-17 11:00:00.000,A13,ALIEN,0,90162,11,0,34,17,8,2025
2025-08-17 12:00:00.000,A13,ALIEN,0,90187,12,0,34,17,8,2025
2025-08-17 13:00:00.000,A13,ALIEN,0,90212,13,0,34,17,8,2025
2025-08-17 14:00:00.000,A13,ALIEN,0,90237,14,0,34,17,8,2025
2025-08-17 15:00:00.000,A13,ALIEN,0,90262,15,0,34,17,8,2025
2025-08-17 16:00:00.000,A13,ALIEN,0,90287,16,0,34,17,8,2025
2025-08-17 17:00:00.000,A13,ALIEN,0,90312,17,0,34,17,8,2025
2025-08-17 18:00:00.000,A13,ALIEN,0,90337,18,0,34,17,8,2025
2025-08-17 19:00:00.000,A13,ALIEN,0,90362,19,0,34,17,8,2025
2025-08-17 20:00:00.000,A13,ALIEN,0,90387,20,0,34,17,8,2025
2025-08-17 21:00:00.000,A13,ALIEN,0,90412,21,0,34,17,8,2025
2025-08-18 07:00:00.000,A13,ALIEN,0,90590,7,0,34,18,8,2025
2025-08-18 08:00:00.000,A13,ALIEN,0,90615,8,0,34,18,8,2025
2025-08-18 09:00:00.000,A13,ALIEN,0,90640,9,0,34,18,8,2025
2025-08-18 10:00:00.000,A13,ALIEN,0,90665,10,0,34,18,8,2025
2025-08-18 11:00:00.000,A13,ALIEN,0,90690,11,0,34,18,8,2025
2025-08-18 12:00:00.000,A13,ALIEN,0,90715,12,0,34,18,8,2025
2025-08-18 13:00:00.000,A13,ALIEN,0,90740,13,0,34,18,8,2025
2025-08-18 14:00:00.000,A13,ALIEN,0,90765,14,0,34,18,8,2025
2025-08-18 15:00:00.000,A13,ALIEN,0,90790,15,0,34,18,8,2025
2025-08-18 16:00:00.000,A13,ALIEN,0,90815,16,0,34,18,8,2025
2025-08-18 17:00:00.000,A13,ALIEN,0,90840,17,0,34,18,8,2025
2025-08-18 18:00:00.000,A13,ALIEN,0,90865,18,0,34,18,8,2025
2025-08-18 19:00:00.000,A13,ALIEN,0,90890,19,0,34,18,8,2025
2025-08-18 20:00:00.000,A13,ALIEN,0,90915,20,0,34,18,8,2025
2025-08-18 21:00:00.000,A13,ALIEN,0,90940,21,0,34,18,8,2025
2025-08-19 07:00:00.000,A13,ALIEN,0,91118,7,0,34,19,8,2025
2025-08-19 08:00:00.000,A13,ALIEN,0,91143,8,0,34,19,8,2025
2025-08-19 09:00:00.000,A13,ALIEN,0,91168,9,0,34,19,8,2025
2025-08-19 10:00:00.000,A13,ALIEN,0,91193,10,0,34,19,8,2025
2025-08-19 11:00:00.000,A13,ALIEN,0,91218,11,0,34,19,8,2025
2025-08-19 12:00:00.000,A13,ALIEN,0,91243,12,0,34,19,8,2025
2025-08-19 13:00:00.000,A13,ALIEN,0,91268,13,0,34,19,8,2025
2025-08-19 14:00:00.000,A13,ALIEN,0,91293,14,0,34,19,8,2025
2025-08-19 15:00:00.000,A13,ALIEN,0,91318,15,0,34,19,8,2025
2025-08-19 16:00:00.000,A13,ALIEN,0,91343,16,0,34,19,8,2025
2025-08-19 17:00:00.000,A13,ALIEN,0,91368,17,0,34,19,8,2025
2025-08-19 18:00:00.000,A13,ALIEN,0,91393,18,0,34,19,8,2025
2025-08-19 19:00:00.000,A13,ALIEN,0,91418,19,0,34,19,8,2025
2025-08-19 20:00:00.000,A13,ALIEN,0,91443,20,0,34,19,8,2025
2025-08-19 21:00:00.000,A13,ALIEN,0,91468,21,0,34,19,8,2025
2025-08-20 07:00:00.000,A13,ALIEN,0,91646,7,0,34,20,8,2025
2025-08-20 08:00:00.000,A13,ALIEN,0,91671,8,0,34,20,8,2025
2025-08-20 09:00:00.000,A13,ALIEN,0,91696,9,0,34,20,8,2025
2025-08-20 10:00:00.000,A13,ALIEN,0,91721,10,0,34,20,8,2025
2025-08-20 11:00:00.000,A13,ALIEN,0,91746,11,0,34,20,8,2025
2025-08-20 12:00:00.000,A13,ALIEN,0,91771,12,0,34,20,8,2025
2025-08-20 13:00:00.000,A13,ALIEN,0,91796,13,0,34,20,8,2025
2025-08-20 14:00:00.000,A13,ALIEN,0,91821,14,0,34,20,8,2025
2025-08-20 15:00:00.000,A13,ALIEN,0,91846,15,0,34,20,8,2025
2025-08-20 16:00:00.000,A13,ALIEN,0,91871,16,0,34,20,8,2025
2025-08-20 17:00:00.000,A13,ALIEN,0,91896,17,0,34,20,8,2025
2025-08-20 18:00:00.000,A13,ALIEN,0,91921,18,0,34,20,8,2025
2025-08-20 19:00:00.000,A13,ALIEN,0,91946,19,0,34,20,8,2025
2025-08-20 20:00:00.000,A13,ALIEN,0,91971,20,0,34,20,8,2025
2025-08-20 21:00:00.000,A13,ALIEN,0,91996,21,0,34,20,8,2025
2025-08-21 07:00:00.000,A13,ALIEN,0,92174,7,0,34,21,8,2025
2025-08-21 08:00:00.000,A13,ALIEN,0,92199,8,0,34,21,8,2025
2025-08-21 09:00:00.000,A13,ALIEN,0,92224,9,0,34,21,8,2025
2025-08-21 10:00:00.000,A13,ALIEN,0,92249,10,0,34,21,8,2025
2025-08-21 11:00:00.000,A13,ALIEN,0,92274,11,0,34,21,8,2025
2025-08-21 12:00:00.000,A13,ALIEN,0,92299,12,0,34,21,8,2025
2025-08-21 13:00:00.000,A13,ALIEN,0,92324,13,0,34,21,8,2025
2025-08-21 14:00:00.000,A13,ALIEN,0,92349,14,0,34,21,8,2025
2025-08-21 15:00:00.000,A13,ALIEN,0,92374,15,0,34,21,8,2025
2025-08-21 16:00:00.000,A13,ALIEN,0,92399,16,0,34,21,8,2025
2025-08-21 17:00:00.000,A13,ALIEN,0,92424,17,0,34,21,8,2025
2025-08-21 18:00:00.000,A13,ALIEN,0,92449,18,0,34,21,8,2025
2025-08-21 19:00:00.000,A13,ALIEN,0,92474,19,0,34,21,8,2025
2025-08-21 20:00:00.000,A13,ALIEN,0,92499,20,0,34,21,8,2025
2025-08-21 21:00:00.000,A13,ALIEN,0,92524,21,0,34,21,8,2025
2025-08-22 07:00:00.000,A13,ALIEN,0,92702,7,0,34,22,8,2025
2025-08-22 08:00:00.000,A13,ALIEN,0,92727,8,0,34,22,8,2025
2025-08-22 09:00:00.000,A13,ALIEN,0,92752,9,0,34,22,8,2025
2025-08-22 10:00:00.000,A13,ALIEN,0,92777,10,0,34,22,8,2025
2025-08-22 11:00:00.000,A13,ALIEN,0,92802,11,0,34,22,8,2025
2025-08-22 12:00:00.000,A13,ALIEN,0,92827,12,0,34,22,8,2025
2025-08-22 13:00:00.000,A13,ALIEN,0,92852,13,0,34,22,8,2025
2025-08-22 14:00:00.000,A13,ALIEN,0,92877,14,0,34,22,8,2025
2025-08-22 15:00:00.000,A13,ALIEN,0,92902,15,0,34,22,8,2025
2025-08-22 16:00:00.000,A13,ALIEN,0,92927,16,0,34,22,8,2025
2025-08-22 17:00:00.000,A13,ALIEN,0,92952,17,0,34,22,8,2025
2025-08-22 18:00:00.000,A13,ALIEN,0,92977,18,0,34,22,8,2025
2025-08-22 19:00:00.000,A13,ALIEN,0,93002,19,0,34,22,8,2025
2025-08-22 20:00:00.000,A13,ALIEN,0,93027,20,0,34,22,8,2025
2025-08-22 21:00:00.000,A13,ALIEN,0,93052,21,0,34,22,8,2025
2025-08-23 07:00:00.000,A13,ALIEN,0,93230,7,0,34,23,8,2025
2025-08-23 08:00:00.000,A13,ALIEN,0,93255,8,0,34,23,8,2025
2025-08-23 09:00:00.000,A13,ALIEN,0,93280,9,0,34,23,8,2025
2025-08-23 10:00:00.000,A13,ALIEN,0,93305,10,0,34,23,8,2025
2025-08-23 11:00:00.000,A13,ALIEN,0,93330,11,0,34,23,8,2025
2025-08-23 12:00:00.000,A13,ALIEN,0,93355,12,0,34,23,8,2025
2025-08-23 13:00:00.000,A13,ALIEN,0,93380,13,0,34,23,8,2025
2025-08-23 14:00:00.000,A13,ALIEN,0,93405,14,0,34,23,8,2025
2025-08-23 15:00:00.000,A13,ALIEN,0,93430,15,0,34,23,8,2025
2025-08-23 16:00:00.000,A13,ALIEN,0,93455,16,0,34,23,8,2025
2025-08-23 17:00:00.000,A13,ALIEN,0,93480,17,0,34,23,8,2025
2025-08-23 18:00:00.000,A13,ALIEN,0,93505,18,0,34,23,8,2025
2025-08-23 19:00:00.000,A13,ALIEN,0,93530,19,0,34,23,8,2025
2025-08-23 20:00:00.000,A13,ALIEN,0,93555,20,0,34,23,8,2025
2025-08-23 21:00:00.000,A13,ALIEN,0,93580,21,0,34,23,8,2025
2025-08-24 07:00:00.000,A13,ALIEN,0,93758,7,0,35,24,8,2025
2025-08-24 08:00:00.000,A13,ALIEN,0,93783,8,0,35,24,8,2025
2025-08-24 09:00:00.000,A13,ALIEN,0,93808,9,0,35,24,8,2025
2025-08-24 10:00:00.000,A13,ALIEN,0,93833,10,0,35,24,8,2025
2025-08-24 11:00:00.000,A13,ALIEN,0,93858,11,0,35,24,8,2025
2025-08-24 12:00:00.000,A13,ALIEN,0,93883,12,0,35,24,8,2025
2025-08-24 13:00:00.000,A13,ALIEN,0,93908,13,0,35,24,8,2025
2025-08-24 14:00:00.000,A13,ALIEN,0,93933,14,0,35,24,8,2025
2025-08-24 15:00:00.000,A13,ALIEN,0,93958,15,0,35,24,8,2025
2025-08-24 16:00:00.000,A13,ALIEN,0,93983,16,0,35,24,8,2025
2025-08-24 17:00:00.000,A13,ALIEN,0,94008,17,0,35,24,8,2025
2025-08-24 18:00:00.000,A13,ALIEN,0,94033,18,0,35,24,8,2025
2025-08-24 19:00:00.000,A13,ALIEN,0,94058,19,0,35,24,8,2025
2025-08-24 20:00:00.000,A13,ALIEN,0,94083,20,0,35,24,8,2025
2025-08-24 21:00:00.000,A13,ALIEN,0,94108,21,0,35,24,8,2025
2025-08-25 07:00:00.000,A13,ALIEN,0,94286,7,0,35,25,8,2025
2025-08-25 08:00:00.000,A13,ALIEN,0,94311,8,0,35,25,8,2025
2025-08-25 09:00:00.000,A13,ALIEN,0,94336,9,0,35,25,8,2025
2025-08-25 10:00:00.000,A13,ALIEN,0,94361,10,0,35,25,8,2025
2025-08-25 11:00:00.000,A13,ALIEN,0,94386,11,0,35,25,8,2025
2025-08-25 12:00:00.000,A13,ALIEN,0,94411,12,0,35,25,8,2025
2025-08-25 13:00:00.000,A13,ALIEN,0,94436,13,0,35,25,8,2025
2025-08-25 14:00:00.000,A13,ALIEN,0,94461,14,0,35,25,8,2025
2025-08-25 15:00:00.000,A13,ALIEN,0,94486,15,0,35,25,8,2025
2025-08-25 16:00:00.000,A13,ALIEN,0,94511,16,0,35,25,8,2025
2025-08-25 17:00:00.000,A13,ALIEN,0,94536,17,0,35,25,8,2025
2025-08-25 18:00:00.000,A13,ALIEN,0,94561,18,0,35,25,8,2025
2025-08-25 19:00:00.000,A13,ALIEN,0,94586,19,0,35,25,8,2025
2025-08-25 20:00:00.000,A13,ALIEN,0,94611,20,0,35,25,8,2025
2025-08-25 21:00:00.000,A13,ALIEN,0,94636,21,0,35,25,8,2025
2025-08-26 07:00:00.000,A13,ALIEN,0,94814,7,0,35,26,8,2025
2025-08-26 08:00:00.000,A13,ALIEN,0,94839,8,0,35,26,8,2025
2025-08-26 09:00:00.000,A13,ALIEN,0,94864,9,0,35,26,8,2025
2025-08-26 10:00:00.000,A13,ALIEN,0,94889,10,0,35,26,8,2025
2025-08-26 11:00:00.000,A13,ALIEN,0,94914,11,0,35,26,8,2025
2025-08-26 12:00:00.000,A13,ALIEN,0,94939,12,0,35,26,8,2025
2025-08-26 13:00:00.000,A13,ALIEN,0,94964,13,0,35,26,8,2025
2025-08-26 14:00:00.000,A13,ALIEN,0,94989,14,0,35,26,8,2025
2025-08-26 15:00:00.000,A13,ALIEN,0,95014,15,0,35,26,8,2025
2025-08-26 16:00:00.000,A13,ALIEN,0,95039,16,0,35,26,8,2025
2025-08-26 17:00:00.000,A13,ALIEN,0,95064,17,0,35,26,8,2025
2025-08-26 18:00:00.000,A13,ALIEN,0,95089,18,0,35,26,8,2025
2025-08-26 19:00:00.000,A13,ALIEN,0,95114,19,0,35,26,8,2025
2025-08-26 20:00:00.000,A13,ALIEN,0,95139,20,0,35,26,8,2025
2025-08-26 21:00:00.000,A13,ALIEN,0,95164,21,0,35,26,8,2025
2025-08-27 07:00:00.000,A13,ALIEN,0,95342,7,0,35,27,8,2025
2025-08-27 08:00:00.000,A13,ALIEN,0,95367,8,0,35,27,8,2025
2025-08-27 09:00:00.000,A13,ALIEN,0,95392,9,0,35,27,8,2025
2025-08-27 10:00:00.000,A13,ALIEN,0,95417,10,0,35,27,8,2025
2025-08-27 11:00:00.000,A13,ALIEN,0,95442,11,0,35,27,8,2025
2025-08-27 12:00:00.000,A13,ALIEN,0,95467,12,0,35,27,8,2025
2025-08-27 13:00:00.000,A13,ALIEN,0,95492,13,0,35,27,8,2025
2025-08-27 14:00:00.000,A13,ALIEN,0,95517,14,0,35,27,8,2025
2025-08-27 15:00:00.000,A13,ALIEN,0,95542,15,0,35,27,8,2025
2025-08-27 16:00:00.000,A13,ALIEN,0,95567,16,0,35,27,8,2025
2025-08-27 17:00:00.000,A13,ALIEN,0,95592,17,0,35,27,8,2025
2025-08-27 18:00:00.000,A13,ALIEN,0,95617,18,0,35,27,8,2025
2025-08-27 19:00:00.000,A13,ALIEN,0,95642,19,0,35,27,8,2025
2025-08-27 20:00:00.000,A13,ALIEN,0,95667,20,0,35,27,8,2025
2025-08-27 21:00:00.000,A13,ALIEN,0,95692,21,0,35,27,8,2025
2025-08-28 07:00:00.000,A13,ALIEN,0,95870,7,0,35,28,8,2025
2025-08-28 08:00:00.000,A13,ALIEN,0,95895,8,0,35,28,8,2025
2025-08-28 09:00:00.000,A13,ALIEN,0,95920,9,0,35,28,8,2025
2025-08-28 10:00:00.000,A13,ALIEN,0,95945,10,0,35,28,8,2025
2025-08-28 11:00:00.000,A13,ALIEN,0,95970,11,0,35,28,8,2025
2025-08-28 12:00:00.000,A13,ALIEN,0,95995,12,0,35,28,8,2025
2025-08-28 13:00:00.000,A13,ALIEN,0,96020,13,0,35,28,8,2025
2025-08-28 14:00:00.000,A13,ALIEN,0,96045,14,0,35,28,8,2025
2025-08-28 15:00:00.000,A13,ALIEN,0,96070,15,0,35,28,8,2025
2025-08-28 16:00:00.000,A13,ALIEN,0,96095,16,0,35,28,8,2025
2025-08-28 17:00:00.000,A13,ALIEN,0,96120,17,0,35,28,8,2025
2025-08-28 18:00:00.000,A13,ALIEN,0,96145,18,0,35,28,8,2025
2025-08-28 19:00:00.000,A13,ALIEN,0,96170,19,0,35,28,8,2025
2025-08-28 20:00:00.000,A13,ALIEN,0,96195,20,0,35,28,8,2025
2025-08-28 21:00:00.000,A13,ALIEN,0,96220,21,0,35,28,8,2025
2025-08-29 07:00:00.000,A13,ALIEN,0,96398,7,0,35,29,8,2025
2025-08-29 08:00:00.000,A13,ALIEN,0,96423,8,0,35,29,8,2025
2025-08-29 09:00:00.000,A13,ALIEN,0,96448,9,0,35,29,8,2025
2025-08-29 10:00:00.000,A13,ALIEN,0,96473,10,0,35,29,8,2025
2025-08-29 11:00:00.000,A13,ALIEN,0,96498,11,0,35,29,8,2025
2025-08-29 12:00:00.000,A13,ALIEN,0,96523,12,0,35,29,8,2025
2025-08-29 13:00:00.000,A13,ALIEN,0,96548,13,0,35,29,8,2025
2025-08-29 14:00:00.000,A13,ALIEN,0,96573,14,0,35,29,8,2025
2025-08-29 15:00:00.000,A13,ALIEN,0,96598,15,0,35,29,8,2025
2025-08-29 16:00:00.000,A13,ALIEN,0,96623,16,0,35,29,8,2025
2025-08-29 17:00:00.000,A13,ALIEN,0,96648,17,0,35,29,8,2025
2025-08-29 18:00:00.000,A13,ALIEN,0,96673,18,0,35,29,8,2025
2025-08-29 19:00:00.000,A13,ALIEN,0,96698,19,0,35,29,8,2025
2025-08-29 20:00:00.000,A13,ALIEN,0,96723,20,0,35,29,8,2025
2025-08-29 21:00:00.000,A13,ALIEN,0,96748,21,0,35,29,8,2025
2025-08-30 07:00:00.000,A13,ALIEN,0,96926,7,0,35,30,8,2025
2025-08-30 08:00:00.000,A13,ALIEN,0,96951,8,0,35,30,8,2025
2025-08-30 09:00:00.000,A13,ALIEN,0,96976,9,0,35,30,8,2025
2025-08-30 10:00:00.000,A13,ALIEN,0,97001,10,0,35,30,8,2025
2025-08-30 11:00:00.000,A13,ALIEN,0,97026,11,0,35,30,8,2025
2025-08-30 12:00:00.000,A13,ALIEN,0,97051,12,0,35,30,8,2025
2025-08-30 13:00:00.000,A13,ALIEN,0,97076,13,0,35,30,8,2025
2025-08-30 14:00:00.000,A13,ALIEN,0,97101,14,0,35,30,8,2025
2025-08-30 15:00:00.000,A13,ALIEN,0,97126,15,0,35,30,8,2025
2025-08-30 16:00:00.000,A13,ALIEN,0,97151,16,0,35,30,8,2025
2025-08-30 17:00:00.000,A13,ALIEN,0,97176,17,0,35,30,8,2025
2025-08-30 18:00:00.000,A13,ALIEN,0,97201,18,0,35,30,8,2025
2025-08-30 19:00:00.000,A13,ALIEN,0,97226,19,0,35,30,8,2025
2025-08-30 20:00:00.000,A13,ALIEN,0,97251,20,0,35,30,8,2025
2025-08-30 21:00:00.000,A13,ALIEN,0,97276,21,0,35,30,8,2025
2025-08-31 07:00:00.000,A13,ALIEN,0,97454,7,0,36,31,8,2025
2025-08-31 08:00:00.000,A13,ALIEN,0,97479,8,0,36,31,8,2025
2025-08-31 09:00:00.000,A13,ALIEN,0,97504,9,0,36,31,8,2025
2025-08-31 10:00:00.000,A13,ALIEN,0,97529,10,0,36,31,8,2025
2025-08-31 11:00:00.000,A13,ALIEN,0,97554,11,0,36,31,8,2025
2025-08-31 12:00:00.000,A13,ALIEN,0,97579,12,0,36,31,8,2025
2025-08-31 13:00:00.000,A13,ALIEN,0,97604,13,0,36,31,8,2025
2025-08-31 14:00:00.000,A13,ALIEN,0,97629,14,0,36,31,8,2025
2025-08-31 15:00:00.000,A13,ALIEN,0,97654,15,0,36,31,8,2025
2025-08-31 16:00:00.000,A13,ALIEN,0,97679,16,0,36,31,8,2025
2025-08-31 17:00:00.000,A13,ALIEN,0,97704,17,0,36,31,8,2025
2025-08-31 18:00:00.000,A13,ALIEN,0,97729,18,0,36,31,8,2025
2025-08-31 19:00:00.000,A13,ALIEN,0,97754,19,0,36,31,8,2025
2025-08-31 20:00:00.000,A13,ALIEN,0,97779,20,0,36,31,8,2025
2025-08-31 21:00:00.000,A13,ALIEN,0,97804,21,0,36,31,8,2025
2025-09-01 07:00:00.000,A13,ALIEN,0,97982,7,0,36,1,9,2025
2025-09-01 08:00:00.000,A13,ALIEN,0,98007,8,0,36,1,9,2025
2025-09-01 09:00:00.000,A13,ALIEN,0,98032,9,0,36,1,9,2025
2025-09-01 10:00:00.000,A13,ALIEN,0,98057,10,0,36,1,9,2025
2025-09-01 11:00:00.000,A13,ALIEN,0,98082,11,0,36,1,9,2025
2025-09-01 12:00:00.000,A13,ALIEN,0,98107,12,0,36,1,9,2025
2025-09-01 13:00:00.000,A13,ALIEN,0,98132,13,0,36,1,9,2025
2025-09-01 14:00:00.000,A13,ALIEN,0,98157,14,0,36,1,9,2025
2025-09-01 15:00:00.000,A13,ALIEN,0,98182,15,0,36,1,9,2025
2025-09-01 16:00:00.000,A13,ALIEN,0,98207,16,0,36,1,9,2025
2025-09-01 17:00:00.000,A13,ALIEN,0,98232,17,0,36,1,9,2025
2025-09-01 18:00:00.000,A13,ALIEN,0,98257,18,0,36,1,9,2025
2025-09-02 07:00:00.000,A13,ALIEN,0,98486,7,0,36,2,9,2025
2025-09-02 08:00:00.000,A13,ALIEN,0,98511,8,0,36,2,9,2025
2025-09-02 09:00:00.000,A13,ALIEN,0,98536,9,0,36,2,9,2025
2025-09-02 10:00:00.000,A13,ALIEN,0,98561,10,0,36,2,9,2025
2025-09-02 11:00:00.000,A13,ALIEN,0,98586,11,0,36,2,9,2025
2025-09-02 12:00:00.000,A13,ALIEN,0,98611,12,0,36,2,9,2025
2025-09-02 13:00:00.000,A13,ALIEN,0,98636,13,0,36,2,9,2025
2025-09-02 14:00:00.000,A13,ALIEN,0,98661,14,0,36,2,9,2025
2025-09-02 15:00:00.000,A13,ALIEN,0,98686,15,0,36,2,9,2025
2025-09-02 16:00:00.000,A13,ALIEN,0,98711,16,0,36,2,9,2025
2025-09-02 17:00:00.000,A13,ALIEN,0,98736,17,0,36,2,9,2025
2025-09-02 18:00:00.000,A13,ALIEN,0,98761,18,0,36,2,9,2025
2025-09-03 07:00:00.000,A13,ALIEN,0,98990,7,0,36,3,9,2025
2025-09-03 08:00:00.000,A13,ALIEN,0,99013,8,0,36,3,9,2025
2025-09-03 09:00:00.000,A13,ALIEN,0,99036,9,0,36,3,9,2025
2025-09-03 10:00:00.000,A13,ALIEN,0,99059,10,0,36,3,9,2025
2025-09-03 11:00:00.000,A13,ALIEN,0,99082,11,0,36,3,9,2025
2025-09-03 12:00:00.000,A13,ALIEN,0,99105,12,0,36,3,9,2025
2025-09-03 13:00:00.000,A13,ALIEN,0,99128,13,0,36,3,9,2025
2025-09-03 14:00:00.000,A13,ALIEN,0,99151,14,0,36,3,9,2025
2025-09-03 15:00:00.000,A13,ALIEN,0,99174,15,0,36,3,9,2025
2025-09-03 16:00:00.000,A13,ALIEN,0,99197,16,0,36,3,9,2025
2025-09-03 17:00:00.000,A13,ALIEN,0,99220,17,0,36,3,9,2025
2025-09-03 18:00:00.000,A13,ALIEN,0,99243,18,0,36,3,9,2025
2025-09-04 07:00:00.000,A13,ALIEN,0,99446,7,0,36,4,9,2025
2025-09-04 08:00:00.000,A13,ALIEN,0,99469,8,0,36,4,9,2025
2025-09-04 09:00:00.000,A13,ALIEN,0,99492,9,0,36,4,9,2025
2025-09-04 10:00:00.000,A13,ALIEN,0,99515,10,0,36,4,9,2025
2025-09-04 11:00:00.000,A13,ALIEN,0,99538,11,0,36,4,9,2025
2025-09-04 12:00:00.000,A13,ALIEN,0,99561,12,0,36,4,9,2025
2025-09-04 13:00:00.000,A13,ALIEN,0,99584,13,0,36,4,9,2025
2025-09-04 14:00:00.000,A13,ALIEN,0,99607,14,0,36,4,9,2025
2025-09-04 15:00:00.000,A13,ALIEN,0,99630,15,0,36,4,9,2025
2025-09-04 16:00:00.000,A13,ALIEN,0,99653,16,0,36,4,9,2025
2025-09-04 17:00:00.000,A13,ALIEN,0,99676,17,0,36,4,9,2025
2025-09-04 18:00:00.000,A13,ALIEN,0,99699,18,0,36,4,9,2025
2025-09-05 07:00:00.000,A13,ALIEN,0,99902,7,0,36,5,9,2025
2025-09-05 08:00:00.000,A13,ALIEN,0,99925,8,0,36,5,9,2025
2025-09-05 09:00:00.000,A13,ALIEN,0,99948,9,0,36,5,9,2025
2025-09-05 10:00:00.000,A13,ALIEN,0,99971,10,0,36,5,9,2025
2025-09-05 11:00:00.000,A13,ALIEN,0,99994,11,0,36,5,9,2025
2025-09-05 12:00:00.000,A13,ALIEN,0,100017,12,0,36,5,9,2025
2025-09-05 13:00:00.000,A13,ALIEN,0,100040,13,0,36,5,9,2025
2025-09-05 14:00:00.000,A13,ALIEN,0,100063,14,0,36,5,9,2025
2025-09-05 15:00:00.000,A13,ALIEN,0,100086,15,0,36,5,9,2025
2025-09-05 16:00:00.000,A13,ALIEN,0,100109,16,0,36,5,9,2025
2025-09-05 17:00:00.000,A13,ALIEN,0,100132,17,0,36,5,9,2025
2025-09-05 18:00:00.000,A13,ALIEN,0,100155,18,0,36,5,9,2025
2025-09-05 19:00:00.000,A13,ALIEN,0,100178,19,0,36,5,9,2025
2025-09-06 07:00:00.000,A13,ALIEN,0,100366,7,0,36,6,9,2025
2025-09-06 08:00:00.000,A13,ALIEN,0,100391,8,0,36,6,9,2025
2025-09-06 09:00:00.000,A13,ALIEN,0,100416,9,0,36,6,9,2025
2025-09-06 10:00:00.000,A13,ALIEN,0,100441,10,0,36,6,9,2025
2025-09-06 11:00:00.000,A13,ALIEN,0,100466,11,0,36,6,9,2025
2025-09-06 12:00:00.000,A13,ALIEN,0,100491,12,0,36,6,9,2025
2025-09-06 13:00:00.000,A13,ALIEN,0,100516,13,0,36,6,9,2025
2025-09-06 14:00:00.000,A13,ALIEN,0,100541,14,0,36,6,9,2025
2025-09-06 15:00:00.000,A13,ALIEN,0,100566,15,0,36,6,9,2025
2025-09-06 16:00:00.000,A13,ALIEN,0,100591,16,0,36,6,9,2025
2025-09-06 17:00:00.000,A13,ALIEN,0,100616,17,0,36,6,9,2025
2025-09-06 18:00:00.000,A13,ALIEN,0,100641,18,0,36,6,9,2025
2025-09-06 19:00:00.000,A13,ALIEN,0,100666,19,0,36,6,9,2025
2025-09-06 20:00:00.000,A13,ALIEN,0,100691,20,0,36,6,9,2025
2025-09-06 21:00:00.000,A13,ALIEN,0,100716,21,0,36,6,9,2025
2025-09-07 07:00:00.000,A13,ALIEN,0,100894,7,0,37,7,9,2025
2025-09-07 08:00:00.000,A13,ALIEN,0,100919,8,0,37,7,9,2025
2025-09-07 09:00:00.000,A13,ALIEN,0,100944,9,0,37,7,9,2025
2025-09-07 10:00:00.000,A13,ALIEN,0,100969,10,0,37,7,9,2025
2025-09-07 11:00:00.000,A13,ALIEN,0,100994,11,0,37,7,9,2025
2025-09-07 12:00:00.000,A13,ALIEN,0,101019,12,0,37,7,9,2025
2025-09-07 13:00:00.000,A13,ALIEN,0,101044,13,0,37,7,9,2025
2025-09-07 14:00:00.000,A13,ALIEN,0,101069,14,0,37,7,9,2025
2025-09-07 15:00:00.000,A13,ALIEN,0,101094,15,0,37,7,9,2025
2025-09-07 16:00:00.000,A13,ALIEN,0,101119,16,0,37,7,9,2025
2025-09-07 17:00:00.000,A13,ALIEN,0,101144,17,0,37,7,9,2025
2025-09-07 18:00:00.000,A13,ALIEN,0,101169,18,0,37,7,9,2025
2025-09-08 07:00:00.000,A13,ALIEN,0,101398,7,0,37,8,9,2025
2025-09-08 08:00:00.000,A13,ALIEN,0,101423,8,0,37,8,9,2025
2025-09-08 09:00:00.000,A13,ALIEN,0,101446,9,0,37,8,9,2025
2025-09-08 10:00:00.000,A13,ALIEN,0,101469,10,0,37,8,9,2025
2025-09-08 11:00:00.000,A13,ALIEN,0,101492,11,0,37,8,9,2025
2025-09-08 12:00:00.000,A13,ALIEN,0,101515,12,0,37,8,9,2025
2025-09-08 13:00:00.000,A13,ALIEN,0,101538,13,0,37,8,9,2025
2025-09-08 14:00:00.000,A13,ALIEN,0,101561,14,0,37,8,9,2025
2025-09-08 15:00:00.000,A13,ALIEN,0,101584,15,0,37,8,9,2025
2025-09-08 16:00:00.000,A13,ALIEN,0,101607,16,0,37,8,9,2025
2025-09-08 17:00:00.000,A13,ALIEN,0,101630,17,0,37,8,9,2025
2025-09-08 18:00:00.000,A13,ALIEN,0,101653,18,0,37,8,9,2025
2025-09-09 07:00:00.000,A13,ALIEN,0,101856,7,0,37,9,9,2025
2025-09-09 08:00:00.000,A13,ALIEN,0,101879,8,0,37,9,9,2025
2025-09-09 09:00:00.000,A13,ALIEN,0,101902,9,0,37,9,9,2025
2025-09-09 10:00:00.000,A13,ALIEN,0,101925,10,0,37,9,9,2025
2025-09-09 11:00:00.000,A13,ALIEN,0,101948,11,0,37,9,9,2025
2025-09-09 12:00:00.000,A13,ALIEN,0,101971,12,0,37,9,9,2025
2025-09-09 13:00:00.000,A13,ALIEN,0,101994,13,0,37,9,9,2025
2025-09-09 14:00:00.000,A13,ALIEN,0,102017,14,0,37,9,9,2025
2025-09-09 15:00:00.000,A13,ALIEN,0,102040,15,0,37,9,9,2025
2025-09-09 16:00:00.000,A13,ALIEN,0,102063,16,0,37,9,9,2025
2025-09-09 17:00:00.000,A13,ALIEN,0,102086,17,0,37,9,9,2025
2025-09-09 18:00:00.000,A13,ALIEN,0,102109,18,0,37,9,9,2025
2025-09-10 07:00:00.000,A13,ALIEN,0,102312,7,0,37,10,9,2025
2025-09-10 08:00:00.000,A13,ALIEN,0,102335,8,0,37,10,9,2025
2025-09-10 09:00:00.000,A13,ALIEN,0,102358,9,0,37,10,9,2025
2025-09-10 10:00:00.000,A13,ALIEN,0,102381,10,0,37,10,9,2025
2025-09-10 11:00:00.000,A13,ALIEN,0,102404,11,0,37,10,9,2025
2025-09-10 12:00:00.000,A13,ALIEN,0,102427,12,0,37,10,9,2025
2025-09-10 13:00:00.000,A13,ALIEN,0,102450,13,0,37,10,9,2025
2025-09-10 14:00:00.000,A13,ALIEN,0,102473,14,0,37,10,9,2025
2025-09-10 15:00:00.000,A13,ALIEN,0,102496,15,0,37,10,9,2025
2025-09-10 16:00:00.000,A13,ALIEN,0,102519,16,0,37,10,9,2025
2025-09-10 17:00:00.000,A13,ALIEN,0,102542,17,0,37,10,9,2025
2025-09-10 18:00:00.000,A13,ALIEN,0,102565,18,0,37,10,9,2025
2025-09-11 07:00:00.000,A13,ALIEN,0,102768,7,0,37,11,9,2025
2025-09-11 08:00:00.000,A13,ALIEN,0,102790,8,0,37,11,9,2025
2025-09-11 09:00:00.000,A13,ALIEN,0,102812,9,0,37,11,9,2025
2025-09-11 10:00:00.000,A13,ALIEN,0,102834,10,0,37,11,9,2025
2025-09-11 11:00:00.000,A13,ALIEN,0,102856,11,0,37,11,9,2025
2025-09-11 12:00:00.000,A13,ALIEN,0,102878,12,0,37,11,9,2025
2025-09-11 13:00:00.000,A13,ALIEN,0,102901,13,0,37,11,9,2025
2025-09-11 14:00:00.000,A13,ALIEN,0,102924,14,0,37,11,9,2025
2025-09-11 15:00:00.000,A13,ALIEN,0,102947,15,0,37,11,9,2025
2025-09-11 16:00:00.000,A13,ALIEN,0,102970,16,0,37,11,9,2025
2025-09-11 17:00:00.000,A13,ALIEN,0,102993,17,0,37,11,9,2025
2025-09-11 18:00:00.000,A13,ALIEN,0,103016,18,0,37,11,9,2025
2025-09-12 07:00:00.000,A13,ALIEN,0,103219,7,0,37,12,9,2025
2025-09-12 08:00:00.000,A13,ALIEN,0,103242,8,0,37,12,9,2025
2025-09-12 09:00:00.000,A13,ALIEN,0,103265,9,0,37,12,9,2025
2025-09-12 10:00:00.000,A13,ALIEN,0,103288,10,0,37,12,9,2025
2025-09-12 11:00:00.000,A13,ALIEN,0,103311,11,0,37,12,9,2025
2025-09-12 12:00:00.000,A13,ALIEN,0,103334,12,0,37,12,9,2025
2025-09-12 13:00:00.000,A13,ALIEN,0,103357,13,0,37,12,9,2025
2025-09-12 14:00:00.000,A13,ALIEN,0,103380,14,0,37,12,9,2025
2025-09-12 15:00:00.000,A13,ALIEN,0,103403,15,0,37,12,9,2025
2025-09-12 16:00:00.000,A13,ALIEN,0,103426,16,0,37,12,9,2025
2025-09-12 17:00:00.000,A13,ALIEN,0,103449,17,0,37,12,9,2025
2025-09-12 18:00:00.000,A13,ALIEN,0,103472,18,0,37,12,9,2025
2025-09-13 07:00:00.000,A13,ALIEN,0,103675,7,0,37,13,9,2025
2025-09-13 08:00:00.000,A13,ALIEN,0,103700,8,0,37,13,9,2025
2025-09-13 09:00:00.000,A13,ALIEN,0,103725,9,0,37,13,9,2025
2025-09-13 10:00:00.000,A13,ALIEN,0,103750,10,0,37,13,9,2025
2025-09-13 11:00:00.000,A13,ALIEN,0,103775,11,0,37,13,9,2025
2025-09-13 12:00:00.000,A13,ALIEN,0,103800,12,0,37,13,9,2025
2025-09-13 13:00:00.000,A13,ALIEN,0,103825,13,0,37,13,9,2025
2025-09-13 14:00:00.000,A13,ALIEN,0,103850,14,0,37,13,9,2025
2025-09-13 15:00:00.000,A13,ALIEN,0,103875,15,0,37,13,9,2025
2025-09-13 16:00:00.000,A13,ALIEN,0,103900,16,0,37,13,9,2025
2025-09-13 17:00:00.000,A13,ALIEN,0,103925,17,0,37,13,9,2025
2025-09-13 18:00:00.000,A13,ALIEN,0,103950,18,0,37,13,9,2025
2025-09-13 19:00:00.000,A13,ALIEN,0,103975,19,0,37,13,9,2025
2025-09-13 20:00:00.000,A13,ALIEN,0,104000,20,0,37,13,9,2025
2025-09-13 21:00:00.000,A13,ALIEN,0,104025,21,0,37,13,9,2025
2025-09-14 07:00:00.000,A13,ALIEN,0,104203,7,0,38,14,9,2025
2025-09-14 08:00:00.000,A13,ALIEN,0,104228,8,0,38,14,9,2025
2025-09-14 09:00:00.000,A13,ALIEN,0,104253,9,0,38,14,9,2025
2025-09-14 10:00:00.000,A13,ALIEN,0,104278,10,0,38,14,9,2025
2025-09-14 11:00:00.000,A13,ALIEN,0,104303,11,0,38,14,9,2025
2025-09-14 12:00:00.000,A13,ALIEN,0,104328,12,0,38,14,9,2025
2025-09-14 13:00:00.000,A13,ALIEN,0,104353,13,0,38,14,9,2025
2025-09-14 14:00:00.000,A13,ALIEN,0,104378,14,0,38,14,9,2025
2025-09-14 15:00:00.000,A13,ALIEN,0,104403,15,0,38,14,9,2025
2025-09-14 16:00:00.000,A13,ALIEN,0,104428,16,0,38,14,9,2025
2025-09-14 17:00:00.000,A13,ALIEN,0,104453,17,0,38,14,9,2025
2025-09-14 18:00:00.000,A13,ALIEN,0,104478,18,0,38,14,9,2025
2025-09-17 07:00:00.000,A13,FLASH,0,104755,7,0,38,17,9,2025
2025-09-17 08:00:00.000,A13,FLASH,0,104764,8,0,38,17,9,2025
2025-09-17 09:00:00.000,A13,FLASH,0,104773,9,0,38,17,9,2025
2025-09-17 10:00:00.000,A13,FLASH,0,104782,10,0,38,17,9,2025
2025-09-17 11:00:00.000,A13,FLASH,0,104791,11,0,38,17,9,2025
2025-09-17 12:00:00.000,A13,FLASH,0,104800,12,0,38,17,9,2025
2025-09-17 13:00:00.000,A13,FLASH,0,104809,13,0,38,17,9,2025
2025-09-17 14:00:00.000,A13,FLASH,0,104818,14,0,38,17,9,2025
2025-09-17 15:00:00.000,A13,FLASH,0,104827,15,0,38,17,9,2025
2025-09-17 16:00:00.000,A13,FLASH,0,104836,16,0,38,17,9,2025
2025-09-17 17:00:00.000,A13,FLASH,0,104845,17,0,38,17,9,2025
2025-09-17 18:00:00.000,A13,FLASH,0,104854,18,0,38,17,9,2025
2025-09-18 07:00:00.000,A13,FLASH,0,104875,7,0,38,18,9,2025
2025-09-18 08:00:00.000,A13,FLASH,0,104897,8,0,38,18,9,2025
2025-09-18 09:00:00.000,A13,FLASH,0,104919,9,0,38,18,9,2025
2025-09-18 10:00:00.000,A13,FLASH,0,104941,10,0,38,18,9,2025
2025-09-18 11:00:00.000,A13,FLASH,0,104963,11,0,38,18,9,2025
2025-09-18 12:00:00.000,A13,FLASH,0,104985,12,0,38,18,9,2025
2025-09-18 13:00:00.000,A13,FLASH,0,105007,13,0,38,18,9,2025
2025-09-18 14:00:00.000,A13,FLASH,0,105029,14,0,38,18,9,2025
2025-09-18 15:00:00.000,A13,FLASH,0,105051,15,0,38,18,9,2025
2025-09-18 16:00:00.000,A13,FLASH,0,105073,16,0,38,18,9,2025
2025-09-18 17:00:00.000,A13,FLASH,0,105095,17,0,38,18,9,2025
2025-09-18 18:00:00.000,A13,FLASH,0,105117,18,0,38,18,9,2025
2025-09-19 07:00:00.000,A13,FLASH,0,105307,7,0,38,19,9,2025
2025-09-19 08:00:00.000,A13,FLASH,0,105329,8,0,38,19,9,2025
2025-09-19 09:00:00.000,A13,FLASH,0,105351,9,0,38,19,9,2025
2025-09-19 10:00:00.000,A13,FLASH,0,105373,10,0,38,19,9,2025
2025-09-19 11:00:00.000,A13,FLASH,0,105395,11,0,38,19,9,2025
2025-09-19 12:00:00.000,A13,FLASH,0,105417,12,0,38,19,9,2025
2025-09-19 13:00:00.000,A13,FLASH,0,105439,13,0,38,19,9,2025
2025-09-19 14:00:00.000,A13,FLASH,0,105461,14,0,38,19,9,2025
2025-09-19 15:00:00.000,A13,FLASH,0,105483,15,0,38,19,9,2025
2025-09-19 16:00:00.000,A13,FLASH,0,105505,16,0,38,19,9,2025
2025-09-19 17:00:00.000,A13,FLASH,0,105527,17,0,38,19,9,2025
2025-09-19 18:00:00.000,A13,FLASH,0,105549,18,0,38,19,9,2025
2025-09-19 19:00:00.000,A13,FLASH,0,105571,19,0,38,19,9,2025
2025-09-19 20:00:00.000,A13,FLASH,0,105593,20,0,38,19,9,2025
2025-09-19 21:00:00.000,A13,FLASH,0,105615,21,0,38,19,9,2025
2025-09-20 07:00:00.000,A13,FLASH,0,105763,7,0,38,20,9,2025
2025-09-20 08:00:00.000,A13,FLASH,0,105787,8,0,38,20,9,2025
2025-09-20 09:00:00.000,A13,FLASH,0,105811,9,0,38,20,9,2025
2025-09-20 10:00:00.000,A13,FLASH,0,105835,10,0,38,20,9,2025
2025-09-20 11:00:00.000,A13,FLASH,0,105859,11,0,38,20,9,2025
2025-09-20 12:00:00.000,A13,FLASH,0,105883,12,0,38,20,9,2025
2025-09-20 13:00:00.000,A13,FLASH,0,105907,13,0,38,20,9,2025
2025-09-20 14:00:00.000,A13,FLASH,0,105931,14,0,38,20,9,2025
2025-09-20 15:00:00.000,A13,FLASH,0,105955,15,0,38,20,9,2025
2025-09-20 16:00:00.000,A13,FLASH,0,105979,16,0,38,20,9,2025
2025-09-20 17:00:00.000,A13,FLASH,0,106003,17,0,38,20,9,2025
2025-09-20 18:00:00.000,A13,FLASH,0,106027,18,0,38,20,9,2025
2025-09-20 19:00:00.000,A13,FLASH,0,106051,19,0,38,20,9,2025
2025-09-20 20:00:00.000,A13,FLASH,0,106075,20,0,38,20,9,2025
2025-09-20 21:00:00.000,A13,FLASH,0,106099,21,0,38,20,9,2025
2025-09-20 22:00:00.000,A13,FLASH,0,106123,22,0,38,20,9,2025
2025-09-21 07:00:00.000,A13,FLASH,0,106275,7,0,39,21,9,2025
2025-09-21 08:00:00.000,A13,FLASH,0,106299,8,0,39,21,9,2025
2025-09-21 09:00:00.000,A13,FLASH,0,106323,9,0,39,21,9,2025
2025-09-21 10:00:00.000,A13,FLASH,0,106347,10,0,39,21,9,2025
2025-09-21 11:00:00.000,A13,FLASH,0,106371,11,0,39,21,9,2025
2025-09-21 12:00:00.000,A13,FLASH,0,106395,12,0,39,21,9,2025
2025-09-21 13:00:00.000,A13,FLASH,0,106419,13,0,39,21,9,2025
2025-09-21 14:00:00.000,A13,FLASH,0,106443,14,0,39,21,9,2025
2025-09-21 15:00:00.000,A13,FLASH,0,106467,15,0,39,21,9,2025
2025-09-21 16:00:00.000,A13,FLASH,0,106491,16,0,39,21,9,2025
2025-09-21 17:00:00.000,A13,FLASH,0,106515,17,0,39,21,9,2025
2025-09-21 18:00:00.000,A13,FLASH,0,106539,18,0,39,21,9,2025
2025-09-24 07:00:00.000,A13,FLASH,0,106770,7,0,39,24,9,2025
2025-09-24 08:00:00.000,A13,FLASH,0,106778,8,0,39,24,9,2025
2025-09-24 09:00:00.000,A13,FLASH,0,106786,9,0,39,24,9,2025
2025-09-24 10:00:00.000,A13,FLASH,0,106794,10,0,39,24,9,2025
2025-09-24 11:00:00.000,A13,FLASH,0,106802,11,0,39,24,9,2025
2025-09-24 12:00:00.000,A13,FLASH,0,106810,12,0,39,24,9,2025
2025-09-24 13:00:00.000,A13,FLASH,0,106818,13,0,39,24,9,2025
2025-09-24 14:00:00.000,A13,FLASH,0,106826,14,0,39,24,9,2025
2025-09-24 15:00:00.000,A13,FLASH,0,106834,15,0,39,24,9,2025
2025-09-24 16:00:00.000,A13,FLASH,0,106842,16,0,39,24,9,2025
2025-09-24 17:00:00.000,A13,FLASH,0,106850,17,0,39,24,9,2025
2025-09-24 18:00:00.000,A13,FLASH,0,106858,18,0,39,24,9,2025
2025-09-25 07:00:00.000,A13,FLASH,0,106866,7,0,39,25,9,2025
2025-09-25 08:00:00.000,A13,FLASH,0,106888,8,0,39,25,9,2025
2025-09-25 09:00:00.000,A13,FLASH,0,106910,9,0,39,25,9,2025
2025-09-25 10:00:00.000,A13,FLASH,0,106932,10,0,39,25,9,2025
2025-09-25 11:00:00.000,A13,FLASH,0,106954,11,0,39,25,9,2025
2025-09-25 12:00:00.000,A13,FLASH,0,106976,12,0,39,25,9,2025
2025-09-25 13:00:00.000,A13,FLASH,0,106998,13,0,39,25,9,2025
2025-09-25 14:00:00.000,A13,FLASH,0,107020,14,0,39,25,9,2025
2025-09-25 15:00:00.000,A13,FLASH,0,107042,15,0,39,25,9,2025
2025-09-25 16:00:00.000,A13,FLASH,0,107064,16,0,39,25,9,2025
2025-09-25 17:00:00.000,A13,FLASH,0,107086,17,0,39,25,9,2025
2025-09-25 18:00:00.000,A13,FLASH,0,107108,18,0,39,25,9,2025
2025-09-26 07:00:00.000,A13,FLASH,0,107298,7,0,39,26,9,2025
2025-09-26 08:00:00.000,A13,FLASH,0,107320,8,0,39,26,9,2025
2025-09-26 09:00:00.000,A13,FLASH,0,107342,9,0,39,26,9,2025
2025-09-26 10:00:00.000,A13,FLASH,0,107364,10,0,39,26,9,2025
2025-09-26 11:00:00.000,A13,FLASH,0,107387,11,0,39,26,9,2025
2025-09-26 12:00:00.000,A13,FLASH,0,107410,12,0,39,26,9,2025
2025-09-26 13:00:00.000,A13,FLASH,0,107433,13,0,39,26,9,2025
2025-09-26 14:00:00.000,A13,FLASH,0,107456,14,0,39,26,9,2025
2025-09-26 15:00:00.000,A13,FLASH,0,107479,15,0,39,26,9,2025
2025-09-26 16:00:00.000,A13,FLASH,0,107502,16,0,39,26,9,2025
2025-09-26 17:00:00.000,A13,FLASH,0,107525,17,0,39,26,9,2025
2025-09-26 18:00:00.000,A13,FLASH,0,107548,18,0,39,26,9,2025
2025-09-26 19:00:00.000,A13,FLASH,0,107571,19,0,39,26,9,2025
2025-09-26 20:00:00.000,A13,FLASH,0,107594,20,0,39,26,9,2025
2025-09-26 21:00:00.000,A13,FLASH,0,107617,21,0,39,26,9,2025
2025-09-27 07:00:00.000,A13,FLASH,0,107775,7,0,39,27,9,2025
2025-09-27 08:00:00.000,A13,FLASH,0,107800,8,0,39,27,9,2025
2025-09-27 09:00:00.000,A13,FLASH,0,107825,9,0,39,27,9,2025
2025-09-27 10:00:00.000,A13,FLASH,0,107850,10,0,39,27,9,2025
2025-09-27 11:00:00.000,A13,FLASH,0,107875,11,0,39,27,9,2025
2025-09-27 12:00:00.000,A13,FLASH,0,107900,12,0,39,27,9,2025
2025-09-27 13:00:00.000,A13,FLASH,0,107925,13,0,39,27,9,2025
2025-09-27 14:00:00.000,A13,FLASH,0,107950,14,0,39,27,9,2025
2025-09-27 15:00:00.000,A13,FLASH,0,107975,15,0,39,27,9,2025
2025-09-27 16:00:00.000,A13,FLASH,0,108000,16,0,39,27,9,2025
2025-09-27 17:00:00.000,A13,FLASH,0,108025,17,0,39,27,9,2025
2025-09-27 18:00:00.000,A13,FLASH,0,108050,18,0,39,27,9,2025
2025-09-27 19:00:00.000,A13,FLASH,0,108075,19,0,39,27,9,2025
2025-09-27 20:00:00.000,A13,FLASH,0,108100,20,0,39,27,9,2025
2025-09-27 21:00:00.000,A13,FLASH,0,108125,21,0,39,27,9,2025
2025-09-28 07:00:00.000,A13,FLASH,0,108303,7,0,40,28,9,2025
2025-09-28 08:00:00.000,A13,FLASH,0,108328,8,0,40,28,9,2025
2025-09-28 09:00:00.000,A13,FLASH,0,108353,9,0,40,28,9,2025
2025-09-28 10:00:00.000,A13,FLASH,0,108378,10,0,40,28,9,2025
2025-09-28 11:00:00.000,A13,FLASH,0,108403,11,0,40,28,9,2025
2025-09-28 12:00:00.000,A13,FLASH,0,108428,12,0,40,28,9,2025
2025-09-28 13:00:00.000,A13,FLASH,0,108453,13,0,40,28,9,2025
2025-09-28 14:00:00.000,A13,FLASH,0,108478,14,0,40,28,9,2025
2025-09-28 15:00:00.000,A13,FLASH,0,108503,15,0,40,28,9,2025
2025-09-28 16:00:00.000,A13,FLASH,0,108528,16,0,40,28,9,2025
2025-09-28 17:00:00.000,A13,FLASH,0,108553,17,0,40,28,9,2025
2025-09-28 18:00:00.000,A13,FLASH,0,108578,18,0,40,28,9,2025
2025-10-01 07:00:00.000,A13,FLASH,0,108824,7,0,40,1,10,2025
2025-10-01 08:00:00.000,A13,FLASH,0,108832,8,0,40,1,10,2025
2025-10-01 09:00:00.000,A13,FLASH,0,108840,9,0,40,1,10,2025
2025-10-01 10:00:00.000,A13,FLASH,0,108848,10,0,40,1,10,2025
2025-10-01 11:00:00.000,A13,FLASH,0,108856,11,0,40,1,10,2025
2025-10-01 12:00:00.000,A13,FLASH,0,108864,12,0,40,1,10,2025
2025-10-01 13:00:00.000,A13,FLASH,0,108872,13,0,40,1,10,2025
2025-10-01 14:00:00.000,A13,FLASH,0,108880,14,0,40,1,10,2025
2025-10-01 15:00:00.000,A13,FLASH,0,108888,15,0,40,1,10,2025
2025-10-01 16:00:00.000,A13,FLASH,0,108896,16,0,40,1,10,2025
2025-10-01 17:00:00.000,A13,FLASH,0,108904,17,0,40,1,10,2025
2025-10-01 18:00:00.000,A13,FLASH,0,108912,18,0,40,1,10,2025
2025-10-02 07:00:00.000,A13,FLASH,0,108920,7,0,40,2,10,2025
2025-10-02 08:00:00.000,A13,FLASH,0,108943,8,0,40,2,10,2025
2025-10-02 09:00:00.000,A13,FLASH,0,108966,9,0,40,2,10,2025
2025-10-02 10:00:00.000,A13,FLASH,0,108989,10,0,40,2,10,2025
2025-10-02 11:00:00.000,A13,FLASH,0,109012,11,0,40,2,10,2025
2025-10-02 12:00:00.000,A13,FLASH,0,109035,12,0,40,2,10,2025
2025-10-02 13:00:00.000,A13,FLASH,0,109058,13,0,40,2,10,2025
2025-10-02 14:00:00.000,A13,FLASH,0,109081,14,0,40,2,10,2025
2025-10-02 15:00:00.000,A13,FLASH,0,109104,15,0,40,2,10,2025
2025-10-02 16:00:00.000,A13,FLASH,0,109127,16,0,40,2,10,2025
2025-10-02 17:00:00.000,A13,FLASH,0,109150,17,0,40,2,10,2025
2025-10-02 18:00:00.000,A13,FLASH,0,109173,18,0,40,2,10,2025
2025-10-03 07:00:00.000,A13,FLASH,0,109376,7,0,40,3,10,2025
2025-10-03 08:00:00.000,A13,FLASH,0,109399,8,0,40,3,10,2025
2025-10-03 09:00:00.000,A13,FLASH,0,109422,9,0,40,3,10,2025
2025-10-03 10:00:00.000,A13,FLASH,0,109445,10,0,40,3,10,2025
2025-10-03 11:00:00.000,A13,FLASH,0,109468,11,0,40,3,10,2025
2025-10-03 12:00:00.000,A13,FLASH,0,109491,12,0,40,3,10,2025
2025-10-03 13:00:00.000,A13,FLASH,0,109514,13,0,40,3,10,2025
2025-10-03 14:00:00.000,A13,FLASH,0,109537,14,0,40,3,10,2025
2025-10-03 15:00:00.000,A13,FLASH,0,109560,15,0,40,3,10,2025
2025-10-03 16:00:00.000,A13,FLASH,0,109583,16,0,40,3,10,2025
2025-10-03 17:00:00.000,A13,FLASH,0,109606,17,0,40,3,10,2025
2025-10-03 18:00:00.000,A13,FLASH,0,109629,18,0,40,3,10,2025
2025-10-03 19:00:00.000,A13,FLASH,0,109652,19,0,40,3,10,2025
2025-10-03 20:00:00.000,A13,FLASH,0,109675,20,0,40,3,10,2025
2025-10-03 21:00:00.000,A13,FLASH,0,109698,21,0,40,3,10,2025
2025-10-04 07:00:00.000,A13,FLASH,0,109856,7,0,40,4,10,2025
2025-10-04 08:00:00.000,A13,FLASH,0,109881,8,0,40,4,10,2025
2025-10-04 09:00:00.000,A13,FLASH,0,109906,9,0,40,4,10,2025
2025-10-04 10:00:00.000,A13,FLASH,0,109931,10,0,40,4,10,2025
2025-10-04 11:00:00.000,A13,FLASH,0,109956,11,0,40,4,10,2025
2025-10-04 12:00:00.000,A13,FLASH,0,109981,12,0,40,4,10,2025
2025-10-04 13:00:00.000,A13,FLASH,0,110006,13,0,40,4,10,2025
2025-10-04 14:00:00.000,A13,FLASH,0,110031,14,0,40,4,10,2025
2025-10-04 15:00:00.000,A13,FLASH,0,110056,15,0,40,4,10,2025
2025-10-04 16:00:00.000,A13,FLASH,0,110081,16,0,40,4,10,2025
2025-10-04 17:00:00.000,A13,FLASH,0,110106,17,0,40,4,10,2025
2025-10-04 18:00:00.000,A13,FLASH,0,110131,18,0,40,4,10,2025
2025-10-04 19:00:00.000,A13,FLASH,0,110156,19,0,40,4,10,2025
2025-10-04 20:00:00.000,A13,FLASH,0,110181,20,0,40,4,10,2025
2025-10-04 21:00:00.000,A13,FLASH,0,110206,21,0,40,4,10,2025
2025-10-05 07:00:00.000,A13,FLASH,0,110384,7,0,41,5,10,2025
2025-10-05 08:00:00.000,A13,FLASH,0,110409,8,0,41,5,10,2025
2025-10-05 09:00:00.000,A13,FLASH,0,110434,9,0,41,5,10,2025
2025-10-05 10:00:00.000,A13,FLASH,0,110459,10,0,41,5,10,2025
2025-10-05 11:00:00.000,A13,FLASH,0,110484,11,0,41,5,10,2025
2025-10-05 12:00:00.000,A13,FLASH,0,110509,12,0,41,5,10,2025
2025-10-05 13:00:00.000,A13,FLASH,0,110534,13,0,41,5,10,2025
2025-10-05 14:00:00.000,A13,FLASH,0,110559,14,0,41,5,10,2025
2025-10-05 15:00:00.000,A13,FLASH,0,110584,15,0,41,5,10,2025
2025-10-05 16:00:00.000,A13,FLASH,0,110609,16,0,41,5,10,2025
2025-10-05 17:00:00.000,A13,FLASH,0,110634,17,0,41,5,10,2025
2025-10-05 18:00:00.000,A13,FLASH,0,110659,18,0,41,5,10,2025
2025-10-06 07:00:00.000,A13,FLASH,0,110888,7,0,41,6,10,2025
2025-10-06 08:00:00.000,A13,FLASH,0,110913,8,0,41,6,10,2025
2025-10-06 09:00:00.000,A13,FLASH,0,110921,9,0,41,6,10,2025
2025-10-06 10:00:00.000,A13,FLASH,0,110929,10,0,41,6,10,2025
2025-10-06 11:00:00.000,A13,FLASH,0,110937,11,0,41,6,10,2025
2025-10-06 12:00:00.000,A13,FLASH,0,110945,12,0,41,6,10,2025
2025-10-06 13:00:00.000,A13,FLASH,0,110953,13,0,41,6,10,2025
2025-10-06 14:00:00.000,A13,FLASH,0,110961,14,0,41,6,10,2025
2025-10-06 15:00:00.000,A13,FLASH,0,110969,15,0,41,6,10,2025
2025-10-06 16:00:00.000,A13,FLASH,0,110977,16,0,41,6,10,2025
2025-10-06 17:00:00.000,A13,FLASH,0,110985,17,0,41,6,10,2025
2025-10-06 18:00:00.000,A13,FLASH,0,110993,18,0,41,6,10,2025
2025-10-07 07:00:00.000,A13,FLASH,0,111001,7,0,41,7,10,2025
2025-10-07 08:00:00.000,A13,FLASH,0,111009,8,0,41,7,10,2025
2025-10-07 09:00:00.000,A13,FLASH,0,111017,9,0,41,7,10,2025
2025-10-07 10:00:00.000,A13,FLASH,0,111025,10,0,41,7,10,2025
2025-10-07 11:00:00.000,A13,FLASH,0,111033,11,0,41,7,10,2025
2025-10-07 12:00:00.000,A13,FLASH,0,111041,12,0,41,7,10,2025
2025-10-07 13:00:00.000,A13,FLASH,0,111049,13,0,41,7,10,2025
2025-10-07 14:00:00.000,A13,FLASH,0,111057,14,0,41,7,10,2025
2025-10-07 15:00:00.000,A13,FLASH,0,111065,15,0,41,7,10,2025
2025-10-07 16:00:00.000,A13,FLASH,0,111073,16,0,41,7,10,2025
2025-10-07 17:00:00.000,A13,FLASH,0,111081,17,0,41,7,10,2025
2025-10-07 18:00:00.000,A13,FLASH,0,111089,18,0,41,7,10,2025
2025-10-08 07:00:00.000,A13,FLASH,0,111097,7,0,41,8,10,2025
2025-10-08 08:00:00.000,A13,FLASH,0,111105,8,0,41,8,10,2025
2025-10-08 09:00:00.000,A13,FLASH,0,111113,9,0,41,8,10,2025
2025-10-08 10:00:00.000,A13,FLASH,0,111121,10,0,41,8,10,2025
2025-10-08 11:00:00.000,A13,FLASH,0,111129,11,0,41,8,10,2025
2025-10-08 12:00:00.000,A13,FLASH,0,111137,12,0,41,8,10,2025
2025-10-08 13:00:00.000,A13,FLASH,0,111145,13,0,41,8,10,2025
2025-10-08 14:00:00.000,A13,FLASH,0,111153,14,0,41,8,10,2025
2025-10-08 15:00:00.000,A13,FLASH,0,111161,15,0,41,8,10,2025
2025-10-08 16:00:00.000,A13,FLASH,0,111169,16,0,41,8,10,2025
2025-10-08 17:00:00.000,A13,FLASH,0,111177,17,0,41,8,10,2025
2025-10-08 18:00:00.000,A13,FLASH,0,111185,18,0,41,8,10,2025
2025-10-09 07:00:00.000,A13,FLASH,0,111193,7,0,41,9,10,2025
2025-10-09 08:00:00.000,A13,FLASH,0,111217,8,0,41,9,10,2025
2025-10-09 09:00:00.000,A13,FLASH,0,111241,9,0,41,9,10,2025
2025-10-09 10:00:00.000,A13,FLASH,0,111265,10,0,41,9,10,2025
2025-10-09 11:00:00.000,A13,FLASH,0,111289,11,0,41,9,10,2025
2025-10-09 12:00:00.000,A13,FLASH,0,111313,12,0,41,9,10,2025
2025-10-09 13:00:00.000,A13,FLASH,0,111337,13,0,41,9,10,2025
2025-10-09 14:00:00.000,A13,FLASH,0,111361,14,0,41,9,10,2025
2025-10-09 15:00:00.000,A13,FLASH,0,111385,15,0,41,9,10,2025
2025-10-09 16:00:00.000,A13,FLASH,0,111409,16,0,41,9,10,2025
2025-10-09 17:00:00.000,A13,FLASH,0,111433,17,0,41,9,10,2025
2025-10-09 18:00:00.000,A13,FLASH,0,111457,18,0,41,9,10,2025
2025-10-10 07:00:00.000,A13,FLASH,0,111673,7,0,41,10,10,2025
2025-10-10 08:00:00.000,A13,FLASH,0,111697,8,0,41,10,10,2025
2025-10-10 09:00:00.000,A13,FLASH,0,111720,9,0,41,10,10,2025
2025-10-10 10:00:00.000,A13,FLASH,0,111743,10,0,41,10,10,2025
2025-10-10 11:00:00.000,A13,FLASH,0,111766,11,0,41,10,10,2025
2025-10-10 12:00:00.000,A13,FLASH,0,111789,12,0,41,10,10,2025
2025-10-10 13:00:00.000,A13,FLASH,0,111812,13,0,41,10,10,2025
2025-10-10 14:00:00.000,A13,FLASH,0,111835,14,0,41,10,10,2025
2025-10-10 15:00:00.000,A13,FLASH,0,111858,15,0,41,10,10,2025
2025-10-10 16:00:00.000,A13,FLASH,0,111881,16,0,41,10,10,2025
2025-10-10 17:00:00.000,A13,FLASH,0,111904,17,0,41,10,10,2025
2025-10-10 18:00:00.000,A13,FLASH,0,111927,18,0,41,10,10,2025
2025-10-10 19:00:00.000,A13,FLASH,0,111950,19,0,41,10,10,2025
2025-10-10 20:00:00.000,A13,FLASH,0,111973,20,0,41,10,10,2025
2025-10-10 21:00:00.000,A13,FLASH,0,111996,21,0,41,10,10,2025
2025-10-11 07:00:00.000,A13,FLASH,0,112154,7,0,41,11,10,2025
2025-10-11 08:00:00.000,A13,FLASH,0,112180,8,0,41,11,10,2025
2025-10-11 09:00:00.000,A13,FLASH,0,112206,9,0,41,11,10,2025
2025-10-11 10:00:00.000,A13,FLASH,0,112232,10,0,41,11,10,2025
2025-10-11 11:00:00.000,A13,FLASH,0,112258,11,0,41,11,10,2025
2025-10-11 12:00:00.000,A13,FLASH,0,112284,12,0,41,11,10,2025
2025-10-11 13:00:00.000,A13,FLASH,0,112310,13,0,41,11,10,2025
2025-10-11 14:00:00.000,A13,FLASH,0,112336,14,0,41,11,10,2025
2025-10-11 15:00:00.000,A13,FLASH,0,112362,15,0,41,11,10,2025
2025-10-11 16:00:00.000,A13,FLASH,0,112388,16,0,41,11,10,2025
2025-10-11 17:00:00.000,A13,FLASH,0,112414,17,0,41,11,10,2025
2025-10-11 18:00:00.000,A13,FLASH,0,112440,18,0,41,11,10,2025
2025-10-11 19:00:00.000,A13,FLASH,0,112466,19,0,41,11,10,2025
2025-10-11 20:00:00.000,A13,FLASH,0,112492,20,0,41,11,10,2025
2025-10-11 21:00:00.000,A13,FLASH,0,112518,21,0,41,11,10,2025
2025-10-11 22:00:00.000,A13,FLASH,0,112544,22,0,41,11,10,2025
2025-10-12 07:00:00.000,A13,FLASH,0,112714,7,0,42,12,10,2025
2025-10-12 08:00:00.000,A13,FLASH,0,112740,8,0,42,12,10,2025
2025-10-12 09:00:00.000,A13,FLASH,0,112766,9,0,42,12,10,2025
2025-10-12 10:00:00.000,A13,FLASH,0,112792,10,0,42,12,10,2025
2025-10-12 11:00:00.000,A13,FLASH,0,112818,11,0,42,12,10,2025
2025-10-12 12:00:00.000,A13,FLASH,0,112844,12,0,42,12,10,2025
2025-10-12 13:00:00.000,A13,FLASH,0,112870,13,0,42,12,10,2025
2025-10-12 14:00:00.000,A13,FLASH,0,112896,14,0,42,12,10,2025
2025-10-12 15:00:00.000,A13,FLASH,0,112922,15,0,42,12,10,2025
2025-10-12 16:00:00.000,A13,FLASH,0,112948,16,0,42,12,10,2025
2025-10-12 17:00:00.000,A13,FLASH,0,112974,17,0,42,12,10,2025
2025-10-12 18:00:00.000,A13,FLASH,0,113000,18,0,42,12,10,2025
2025-10-13 07:00:00.000,A13,FLASH,0,113242,7,0,42,13,10,2025
2025-10-13 08:00:00.000,A13,FLASH,0,113251,8,0,42,13,10,2025
2025-10-13 09:00:00.000,A13,FLASH,0,113259,9,0,42,13,10,2025
2025-10-13 10:00:00.000,A13,FLASH,0,113268,10,0,42,13,10,2025
2025-10-13 11:00:00.000,A13,FLASH,0,113277,11,0,42,13,10,2025
2025-10-13 12:00:00.000,A13,FLASH,0,113286,12,0,42,13,10,2025
2025-10-13 13:00:00.000,A13,FLASH,0,113295,13,0,42,13,10,2025
2025-10-13 14:00:00.000,A13,FLASH,0,113304,14,0,42,13,10,2025
2025-10-13 15:00:00.000,A13,FLASH,0,113313,15,0,42,13,10,2025
2025-10-13 16:00:00.000,A13,FLASH,0,113322,16,0,42,13,10,2025
2025-10-13 17:00:00.000,A13,FLASH,0,113331,17,0,42,13,10,2025
2025-10-13 18:00:00.000,A13,FLASH,0,113340,18,0,42,13,10,2025
2025-10-14 07:00:00.000,A13,FLASH,0,113361,7,0,42,14,10,2025
2025-10-14 08:00:00.000,A13,FLASH,0,113370,8,0,42,14,10,2025
2025-10-14 09:00:00.000,A13,FLASH,0,113379,9,0,42,14,10,2025
2025-10-14 10:00:00.000,A13,FLASH,0,113388,10,0,42,14,10,2025
2025-10-14 11:00:00.000,A13,FLASH,0,113397,11,0,42,14,10,2025
2025-10-14 12:00:00.000,A13,FLASH,0,113406,12,0,42,14,10,2025
2025-10-14 13:00:00.000,A13,FLASH,0,113415,13,0,42,14,10,2025
2025-10-14 14:00:00.000,A13,FLASH,0,113424,14,0,42,14,10,2025
2025-10-14 15:00:00.000,A13,FLASH,0,113433,15,0,42,14,10,2025
2025-10-14 16:00:00.000,A13,FLASH,0,113442,16,0,42,14,10,2025
2025-10-14 17:00:00.000,A13,FLASH,0,113451,17,0,42,14,10,2025
2025-10-14 18:00:00.000,A13,FLASH,0,113460,18,0,42,14,10,2025
2025-10-15 07:00:00.000,A13,FLASH,0,113481,7,0,42,15,10,2025
2025-10-15 08:00:00.000,A13,FLASH,0,113490,8,0,42,15,10,2025
2025-10-15 09:00:00.000,A13,FLASH,0,113499,9,0,42,15,10,2025
2025-10-15 10:00:00.000,A13,FLASH,0,113508,10,0,42,15,10,2025
2025-10-15 11:00:00.000,A13,FLASH,0,113517,11,0,42,15,10,2025
2025-10-15 12:00:00.000,A13,FLASH,0,113526,12,0,42,15,10,2025
2025-10-15 13:00:00.000,A13,FLASH,0,113535,13,0,42,15,10,2025
2025-10-15 14:00:00.000,A13,FLASH,0,113544,14,0,42,15,10,2025
2025-10-15 15:00:00.000,A13,FLASH,0,113553,15,0,42,15,10,2025
2025-10-15 16:00:00.000,A13,FLASH,0,113562,16,0,42,15,10,2025
2025-10-15 17:00:00.000,A13,FLASH,0,113571,17,0,42,15,10,2025
2025-10-15 18:00:00.000,A13,FLASH,0,113580,18,0,42,15,10,2025
2025-10-16 07:00:00.000,A13,FLASH,0,113601,7,0,42,16,10,2025
2025-10-16 08:00:00.000,A13,FLASH,0,113625,8,0,42,16,10,2025
2025-10-16 09:00:00.000,A13,FLASH,0,113649,9,0,42,16,10,2025
2025-10-16 10:00:00.000,A13,FLASH,0,113673,10,0,42,16,10,2025
2025-10-16 11:00:00.000,A13,FLASH,0,113697,11,0,42,16,10,2025
2025-10-16 12:00:00.000,A13,FLASH,0,113721,12,0,42,16,10,2025
2025-10-16 13:00:00.000,A13,FLASH,0,113745,13,0,42,16,10,2025
2025-10-16 14:00:00.000,A13,FLASH,0,113769,14,0,42,16,10,2025
2025-10-16 15:00:00.000,A13,FLASH,0,113793,15,0,42,16,10,2025
2025-10-16 16:00:00.000,A13,FLASH,0,113817,16,0,42,16,10,2025
2025-10-16 17:00:00.000,A13,FLASH,0,113841,17,0,42,16,10,2025
2025-10-16 18:00:00.000,A13,FLASH,0,113865,18,0,42,16,10,2025
2025-10-17 07:00:00.000,A13,FLASH,0,114081,7,0,42,17,10,2025
2025-10-17 08:00:00.000,A13,FLASH,0,114105,8,0,42,17,10,2025
2025-10-17 09:00:00.000,A13,FLASH,0,114129,9,0,42,17,10,2025
2025-10-17 10:00:00.000,A13,FLASH,0,114153,10,0,42,17,10,2025
2025-10-17 11:00:00.000,A13,FLASH,0,114177,11,0,42,17,10,2025
2025-10-17 12:00:00.000,A13,FLASH,0,114201,12,0,42,17,10,2025
2025-10-17 13:00:00.000,A13,FLASH,0,114225,13,0,42,17,10,2025
2025-10-17 14:00:00.000,A13,FLASH,0,114249,14,0,42,17,10,2025
2025-10-17 15:00:00.000,A13,FLASH,0,114273,15,0,42,17,10,2025
2025-10-17 16:00:00.000,A13,FLASH,0,114297,16,0,42,17,10,2025
2025-10-17 17:00:00.000,A13,FLASH,0,114321,17,0,42,17,10,2025
2025-10-17 18:00:00.000,A13,FLASH,0,114345,18,0,42,17,10,2025
2025-10-17 19:00:00.000,A13,FLASH,0,114369,19,0,42,17,10,2025
2025-10-17 20:00:00.000,A13,FLASH,0,114393,20,0,42,17,10,2025
2025-10-17 21:00:00.000,A13,FLASH,0,114417,21,0,42,17,10,2025
2025-10-18 07:00:00.000,A13,FLASH,0,114585,7,0,42,18,10,2025
2025-10-18 08:00:00.000,A13,FLASH,0,114611,8,0,42,18,10,2025
2025-10-18 09:00:00.000,A13,FLASH,0,114637,9,0,42,18,10,2025
2025-10-18 10:00:00.000,A13,FLASH,0,114663,10,0,42,18,10,2025
2025-10-18 11:00:00.000,A13,FLASH,0,114689,11,0,42,18,10,2025
2025-10-18 12:00:00.000,A13,FLASH,0,114715,12,0,42,18,10,2025
2025-10-18 13:00:00.000,A13,FLASH,0,114741,13,0,42,18,10,2025
2025-10-18 14:00:00.000,A13,FLASH,0,114767,14,0,42,18,10,2025
2025-10-18 15:00:00.000,A13,FLASH,0,114793,15,0,42,18,10,2025
2025-10-18 16:00:00.000,A13,FLASH,0,114819,16,0,42,18,10,2025
2025-10-18 17:00:00.000,A13,FLASH,0,114845,17,0,42,18,10,2025
2025-10-18 18:00:00.000,A13,FLASH,0,114871,18,0,42,18,10,2025
2025-10-18 19:00:00.000,A13,FLASH,0,114897,19,0,42,18,10,2025
2025-10-18 20:00:00.000,A13,FLASH,0,114923,20,0,42,18,10,2025
2025-10-18 21:00:00.000,A13,FLASH,0,114949,21,0,42,18,10,2025
2025-10-19 07:00:00.000,A13,FLASH,0,115137,7,0,43,19,10,2025
2025-10-19 08:00:00.000,A13,FLASH,0,115163,8,0,43,19,10,2025
2025-10-19 09:00:00.000,A13,FLASH,0,115189,9,0,43,19,10,2025
2025-10-19 10:00:00.000,A13,FLASH,0,115215,10,0,43,19,10,2025
2025-10-19 11:00:00.000,A13,FLASH,0,115241,11,0,43,19,10,2025
2025-10-19 12:00:00.000,A13,FLASH,0,115267,12,0,43,19,10,2025
2025-10-19 13:00:00.000,A13,FLASH,0,115293,13,0,43,19,10,2025
2025-10-19 14:00:00.000,A13,FLASH,0,115319,14,0,43,19,10,2025
2025-10-19 15:00:00.000,A13,FLASH,0,115345,15,0,43,19,10,2025
2025-10-19 16:00:00.000,A13,FLASH,0,115371,16,0,43,19,10,2025
2025-10-19 17:00:00.000,A13,FLASH,0,115397,17,0,43,19,10,2025
2025-10-19 18:00:00.000,A13,FLASH,0,115423,18,0,43,19,10,2025
2025-10-19 19:00:00.000,A13,FLASH,0,115449,19,0,43,19,10,2025
2025-10-19 20:00:00.000,A13,FLASH,0,115475,20,0,43,19,10,2025
2025-10-19 21:00:00.000,A13,FLASH,0,115501,21,0,43,19,10,2025
2025-10-20 07:00:00.000,A13,FLASH,0,115689,7,0,43,20,10,2025
2025-10-20 08:00:00.000,A13,FLASH,0,115715,8,0,43,20,10,2025
2025-10-20 09:00:00.000,A13,FLASH,0,115741,9,0,43,20,10,2025
2025-10-20 10:00:00.000,A13,FLASH,0,115767,10,0,43,20,10,2025
2025-10-20 11:00:00.000,A13,FLASH,0,115793,11,0,43,20,10,2025
2025-10-20 12:00:00.000,A13,FLASH,0,115819,12,0,43,20,10,2025
2025-10-20 13:00:00.000,A13,FLASH,0,115845,13,0,43,20,10,2025
2025-10-20 14:00:00.000,A13,FLASH,0,115871,14,0,43,20,10,2025
2025-10-20 15:00:00.000,A13,FLASH,0,115897,15,0,43,20,10,2025
2025-10-20 16:00:00.000,A13,FLASH,0,115923,16,0,43,20,10,2025
2025-10-20 17:00:00.000,A13,FLASH,0,115949,17,0,43,20,10,2025
2025-10-20 18:00:00.000,A13,FLASH,0,115975,18,0,43,20,10,2025
2025-10-20 19:00:00.000,A13,FLASH,0,116001,19,0,43,20,10,2025
2025-10-20 20:00:00.000,A13,FLASH,0,116027,20,0,43,20,10,2025
2025-10-20 21:00:00.000,A13,FLASH,0,116053,21,0,43,20,10,2025
2025-10-20 22:00:00.000,A13,FLASH,0,116079,22,0,43,20,10,2025
2025-10-21 07:00:00.000,A13,FLASH,0,116249,7,0,43,21,10,2025
2025-10-21 08:00:00.000,A13,FLASH,0,116275,8,0,43,21,10,2025
2025-10-21 09:00:00.000,A13,FLASH,0,116301,9,0,43,21,10,2025
2025-10-21 10:00:00.000,A13,FLASH,0,116327,10,0,43,21,10,2025
2025-10-21 11:00:00.000,A13,FLASH,0,116353,11,0,43,21,10,2025
2025-10-21 12:00:00.000,A13,FLASH,0,116379,12,0,43,21,10,2025
2025-10-21 13:00:00.000,A13,FLASH,0,116405,13,0,43,21,10,2025
2025-10-21 14:00:00.000,A13,FLASH,0,116431,14,0,43,21,10,2025
2025-10-21 15:00:00.000,A13,FLASH,0,116457,15,0,43,21,10,2025
2025-10-21 16:00:00.000,A13,FLASH,0,116483,16,0,43,21,10,2025
2025-10-21 17:00:00.000,A13,FLASH,0,116509,17,0,43,21,10,2025
2025-10-21 18:00:00.000,A13,FLASH,0,116535,18,0,43,21,10,2025
2025-10-21 19:00:00.000,A13,FLASH,0,116561,19,0,43,21,10,2025
2025-10-21 20:00:00.000,A13,FLASH,0,116587,20,0,43,21,10,2025
2025-10-21 21:00:00.000,A13,FLASH,0,116613,21,0,43,21,10,2025
2025-10-22 07:00:00.000,A13,FLASH,0,116801,7,0,43,22,10,2025
2025-10-22 08:00:00.000,A13,FLASH,0,116827,8,0,43,22,10,2025
2025-10-22 09:00:00.000,A13,FLASH,0,116853,9,0,43,22,10,2025
2025-10-22 10:00:00.000,A13,FLASH,0,116879,10,0,43,22,10,2025
2025-10-22 11:00:00.000,A13,FLASH,0,116905,11,0,43,22,10,2025
2025-10-22 12:00:00.000,A13,FLASH,0,116931,12,0,43,22,10,2025
2025-10-22 13:00:00.000,A13,FLASH,0,116957,13,0,43,22,10,2025
2025-10-22 14:00:00.000,A13,FLASH,0,116983,14,0,43,22,10,2025
2025-10-22 15:00:00.000,A13,FLASH,0,117009,15,0,43,22,10,2025
2025-10-22 16:00:00.000,A13,FLASH,0,117035,16,0,43,22,10,2025
2025-10-22 17:00:00.000,A13,FLASH,0,117061,17,0,43,22,10,2025
2025-10-22 18:00:00.000,A13,FLASH,0,117087,18,0,43,22,10,2025
2025-10-22 19:00:00.000,A13,FLASH,0,117113,19,0,43,22,10,2025
2025-10-22 20:00:00.000,A13,FLASH,0,117139,20,0,43,22,10,2025
2025-10-22 21:00:00.000,A13,FLASH,0,117165,21,0,43,22,10,2025
2025-10-23 07:00:00.000,A13,FLASH,0,117353,7,0,43,23,10,2025
2025-10-23 08:00:00.000,A13,FLASH,0,117378,8,0,43,23,10,2025
2025-10-23 09:00:00.000,A13,FLASH,0,117403,9,0,43,23,10,2025
2025-10-23 10:00:00.000,A13,FLASH,0,117428,10,0,43,23,10,2025
2025-10-23 11:00:00.000,A13,FLASH,0,117453,11,0,43,23,10,2025
2025-10-23 12:00:00.000,A13,FLASH,0,117478,12,0,43,23,10,2025
2025-10-23 13:00:00.000,A13,FLASH,0,117503,13,0,43,23,10,2025
2025-10-23 14:00:00.000,A13,FLASH,0,117528,14,0,43,23,10,2025
2025-10-23 15:00:00.000,A13,FLASH,0,117553,15,0,43,23,10,2025
2025-10-23 16:00:00.000,A13,FLASH,0,117578,16,0,43,23,10,2025
2025-10-23 17:00:00.000,A13,FLASH,0,117603,17,0,43,23,10,2025
2025-10-23 18:00:00.000,A13,FLASH,0,117628,18,0,43,23,10,2025
2025-10-23 19:00:00.000,A13,FLASH,0,117653,19,0,43,23,10,2025
2025-10-23 20:00:00.000,A13,FLASH,0,117678,20,0,43,23,10,2025
2025-10-23 21:00:00.000,A13,FLASH,0,117703,21,0,43,23,10,2025
2025-10-23 22:00:00.000,A13,FLASH,0,117728,22,0,43,23,10,2025
2025-10-24 07:00:00.000,A13,FLASH,0,117889,7,0,43,24,10,2025
2025-10-24 08:00:00.000,A13,FLASH,0,117915,8,0,43,24,10,2025
2025-10-24 09:00:00.000,A13,FLASH,0,117941,9,0,43,24,10,2025
2025-10-24 10:00:00.000,A13,FLASH,0,117967,10,0,43,24,10,2025
2025-10-24 11:00:00.000,A13,FLASH,0,117993,11,0,43,24,10,2025
2025-10-24 12:00:00.000,A13,FLASH,0,118019,12,0,43,24,10,2025
2025-10-24 13:00:00.000,A13,FLASH,0,118045,13,0,43,24,10,2025
2025-10-24 14:00:00.000,A13,FLASH,0,118071,14,0,43,24,10,2025
2025-10-24 15:00:00.000,A13,FLASH,0,118097,15,0,43,24,10,2025
2025-10-24 16:00:00.000,A13,FLASH,0,118123,16,0,43,24,10,2025
2025-10-24 17:00:00.000,A13,FLASH,0,118149,17,0,43,24,10,2025
2025-10-24 18:00:00.000,A13,FLASH,0,118175,18,0,43,24,10,2025
2025-10-24 19:00:00.000,A13,FLASH,0,118201,19,0,43,24,10,2025
2025-10-24 20:00:00.000,A13,FLASH,0,118227,20,0,43,24,10,2025
2025-10-24 21:00:00.000,A13,FLASH,0,118253,21,0,43,24,10,2025
2025-10-24 22:00:00.000,A13,FLASH,0,118279,22,0,43,24,10,2025
2025-10-25 07:00:00.000,A13,FLASH,0,118449,7,0,43,25,10,2025
2025-10-25 08:00:00.000,A13,FLASH,0,118475,8,0,43,25,10,2025
2025-10-25 09:00:00.000,A13,FLASH,0,118501,9,0,43,25,10,2025
2025-10-25 10:00:00.000,A13,FLASH,0,118527,10,0,43,25,10,2025
2025-10-25 11:00:00.000,A13,FLASH,0,118553,11,0,43,25,10,2025
2025-10-25 12:00:00.000,A13,FLASH,0,118579,12,0,43,25,10,2025
2025-10-25 13:00:00.000,A13,FLASH,0,118605,13,0,43,25,10,2025
2025-10-25 14:00:00.000,A13,FLASH,0,118631,14,0,43,25,10,2025
2025-10-25 15:00:00.000,A13,FLASH,0,118657,15,0,43,25,10,2025
2025-10-25 16:00:00.000,A13,FLASH,0,118683,16,0,43,25,10,2025
2025-10-25 17:00:00.000,A13,FLASH,0,118709,17,0,43,25,10,2025
2025-10-25 18:00:00.000,A13,FLASH,0,118735,18,0,43,25,10,2025
2025-10-25 19:00:00.000,A13,FLASH,0,118761,19,0,43,25,10,2025
2025-10-25 20:00:00.000,A13,FLASH,0,118787,20,0,43,25,10,2025
2025-10-25 21:00:00.000,A13,FLASH,0,118813,21,0,43,25,10,2025
2025-10-26 07:00:00.000,A13,FLASH,0,119001,7,0,44,26,10,2025
2025-10-26 08:00:00.000,A13,FLASH,0,119027,8,0,44,26,10,2025
2025-10-26 09:00:00.000,A13,FLASH,0,119053,9,0,44,26,10,2025
2025-10-26 10:00:00.000,A13,FLASH,0,119079,10,0,44,26,10,2025
2025-10-26 11:00:00.000,A13,FLASH,0,119105,11,0,44,26,10,2025
2025-10-26 12:00:00.000,A13,FLASH,0,119131,12,0,44,26,10,2025
2025-10-26 13:00:00.000,A13,FLASH,0,119157,13,0,44,26,10,2025
2025-10-26 14:00:00.000,A13,FLASH,0,119183,14,0,44,26,10,2025
2025-10-26 15:00:00.000,A13,FLASH,0,119209,15,0,44,26,10,2025
2025-10-26 16:00:00.000,A13,FLASH,0,119235,16,0,44,26,10,2025
2025-10-26 17:00:00.000,A13,FLASH,0,119261,17,0,44,26,10,2025
2025-10-26 18:00:00.000,A13,FLASH,0,119287,18,0,44,26,10,2025
2025-10-26 19:00:00.000,A13,FLASH,0,119313,19,0,44,26,10,2025
2025-10-26 20:00:00.000,A13,FLASH,0,119339,20,0,44,26,10,2025
2025-10-26 21:00:00.000,A13,FLASH,0,119365,21,0,44,26,10,2025
2025-10-27 07:00:00.000,A13,FLASH,0,119553,7,0,44,27,10,2025
2025-10-27 08:00:00.000,A13,FLASH,0,119579,8,0,44,27,10,2025
2025-10-27 09:00:00.000,A13,FLASH,0,119605,9,0,44,27,10,2025
2025-10-27 10:00:00.000,A13,FLASH,0,119631,10,0,44,27,10,2025
2025-10-27 11:00:00.000,A13,FLASH,0,119657,11,0,44,27,10,2025
2025-10-27 12:00:00.000,A13,FLASH,0,119683,12,0,44,27,10,2025
2025-10-27 13:00:00.000,A13,FLASH,0,119709,13,0,44,27,10,2025
2025-10-27 14:00:00.000,A13,FLASH,0,119735,14,0,44,27,10,2025
2025-10-27 15:00:00.000,A13,FLASH,0,119761,15,0,44,27,10,2025
2025-10-27 16:00:00.000,A13,FLASH,0,119787,16,0,44,27,10,2025
2025-10-27 17:00:00.000,A13,FLASH,0,119813,17,0,44,27,10,2025
2025-10-27 18:00:00.000,A13,FLASH,0,119839,18,0,44,27,10,2025
2025-10-27 19:00:00.000,A13,FLASH,0,119865,19,0,44,27,10,2025
2025-10-27 20:00:00.000,A13,FLASH,0,119891,20,0,44,27,10,2025
2025-10-27 21:00:00.000,A13,FLASH,0,119917,21,0,44,27,10,2025
2025-10-27 22:00:00.000,A13,FLASH,0,119943,22,0,44,27,10,2025
2025-10-28 07:00:00.000,A13,FLASH,0,120113,7,0,44,28,10,2025
2025-10-28 08:00:00.000,A13,FLASH,0,120139,8,0,44,28,10,2025
2025-10-28 09:00:00.000,A13,FLASH,0,120165,9,0,44,28,10,2025
2025-10-28 10:00:00.000,A13,FLASH,0,120191,10,0,44,28,10,2025
2025-10-28 11:00:00.000,A13,FLASH,0,120217,11,0,44,28,10,2025
2025-10-28 12:00:00.000,A13,FLASH,0,120243,12,0,44,28,10,2025
2025-10-28 13:00:00.000,A13,FLASH,0,120269,13,0,44,28,10,2025
2025-10-28 14:00:00.000,A13,FLASH,0,120295,14,0,44,28,10,2025
2025-10-28 15:00:00.000,A13,FLASH,0,120321,15,0,44,28,10,2025
2025-10-28 16:00:00.000,A13,FLASH,0,120347,16,0,44,28,10,2025
2025-10-28 17:00:00.000,A13,FLASH,0,120373,17,0,44,28,10,2025
2025-10-28 18:00:00.000,A13,FLASH,0,120399,18,0,44,28,10,2025
2025-10-28 19:00:00.000,A13,FLASH,0,120425,19,0,44,28,10,2025
2025-10-28 20:00:00.000,A13,FLASH,0,120451,20,0,44,28,10,2025
2025-10-28 21:00:00.000,A13,FLASH,0,120477,21,0,44,28,10,2025
2025-10-29 07:00:00.000,A13,FLASH,0,120665,7,0,44,29,10,2025
2025-10-29 08:00:00.000,A13,FLASH,0,120691,8,0,44,29,10,2025
2025-10-29 09:00:00.000,A13,FLASH,0,120717,9,0,44,29,10,2025
2025-10-29 10:00:00.000,A13,FLASH,0,120743,10,0,44,29,10,2025
2025-10-29 11:00:00.000,A13,FLASH,0,120769,11,0,44,29,10,2025
2025-10-29 12:00:00.000,A13,FLASH,0,120795,12,0,44,29,10,2025
2025-10-29 13:00:00.000,A13,FLASH,0,120821,13,0,44,29,10,2025
2025-10-29 14:00:00.000,A13,FLASH,0,120847,14,0,44,29,10,2025
2025-10-29 15:00:00.000,A13,FLASH,0,120873,15,0,44,29,10,2025
2025-10-29 16:00:00.000,A13,FLASH,0,120899,16,0,44,29,10,2025
2025-10-29 17:00:00.000,A13,FLASH,0,120925,17,0,44,29,10,2025
2025-10-29 18:00:00.000,A13,FLASH,0,120951,18,0,44,29,10,2025
2025-10-29 19:00:00.000,A13,FLASH,0,120977,19,0,44,29,10,2025
2025-10-29 20:00:00.000,A13,FLASH,0,121003,20,0,44,29,10,2025
2025-10-29 21:00:00.000,A13,FLASH,0,121029,21,0,44,29,10,2025
2025-10-30 07:00:00.000,A13,FLASH,0,121217,7,0,44,30,10,2025
2025-10-30 08:00:00.000,A13,FLASH,0,121243,8,0,44,30,10,2025
2025-10-30 09:00:00.000,A13,FLASH,0,121269,9,0,44,30,10,2025
2025-10-30 10:00:00.000,A13,FLASH,0,121295,10,0,44,30,10,2025
2025-10-30 11:00:00.000,A13,FLASH,0,121321,11,0,44,30,10,2025
2025-10-30 12:00:00.000,A13,FLASH,0,121347,12,0,44,30,10,2025
2025-10-30 13:00:00.000,A13,FLASH,0,121373,13,0,44,30,10,2025
2025-10-30 14:00:00.000,A13,FLASH,0,121399,14,0,44,30,10,2025
2025-10-30 15:00:00.000,A13,FLASH,0,121425,15,0,44,30,10,2025
2025-10-30 16:00:00.000,A13,FLASH,0,121451,16,0,44,30,10,2025
2025-10-30 17:00:00.000,A13,FLASH,0,121477,17,0,44,30,10,2025
2025-10-30 18:00:00.000,A13,FLASH,0,121503,18,0,44,30,10,2025
2025-10-30 19:00:00.000,A13,FLASH,0,121529,19,0,44,30,10,2025
2025-10-30 20:00:00.000,A13,FLASH,0,121555,20,0,44,30,10,2025
2025-10-30 21:00:00.000,A13,FLASH,0,121581,21,0,44,30,10,2025
2025-10-31 07:00:00.000,A13,FLASH,0,121769,7,0,44,31,10,2025
2025-10-31 08:00:00.000,A13,FLASH,0,121795,8,0,44,31,10,2025
2025-10-31 09:00:00.000,A13,FLASH,0,121821,9,0,44,31,10,2025
2025-10-31 10:00:00.000,A13,FLASH,0,121847,10,0,44,31,10,2025
2025-10-31 11:00:00.000,A13,FLASH,0,121873,11,0,44,31,10,2025
2025-10-31 12:00:00.000,A13,FLASH,0,121899,12,0,44,31,10,2025
2025-10-31 13:00:00.000,A13,FLASH,0,121925,13,0,44,31,10,2025
2025-10-31 14:00:00.000,A13,FLASH,0,121951,14,0,44,31,10,2025
2025-10-31 15:00:00.000,A13,FLASH,0,121977,15,0,44,31,10,2025
2025-10-31 16:00:00.000,A13,FLASH,0,122003,16,0,44,31,10,2025
2025-10-31 17:00:00.000,A13,FLASH,0,122029,17,0,44,31,10,2025
2025-10-31 18:00:00.000,A13,FLASH,0,122055,18,0,44,31,10,2025
2025-10-31 19:00:00.000,A13,FLASH,0,122081,19,0,44,31,10,2025
2025-10-31 20:00:00.000,A13,FLASH,0,122107,20,0,44,31,10,2025
2025-10-31 21:00:00.000,A13,FLASH,0,122133,21,0,44,31,10,2025
2025-11-01 07:00:00.000,A13,FLASH,0,122321,7,0,44,1,11,2025
2025-11-01 08:00:00.000,A13,FLASH,0,122347,8,0,44,1,11,2025
2025-11-01 09:00:00.000,A13,FLASH,0,122373,9,0,44,1,11,2025
2025-11-01 10:00:00.000,A13,FLASH,0,122399,10,0,44,1,11,2025
2025-11-01 11:00:00.000,A13,FLASH,0,122425,11,0,44,1,11,2025
2025-11-01 12:00:00.000,A13,FLASH,0,122451,12,0,44,1,11,2025
2025-11-01 13:00:00.000,A13,FLASH,0,122477,13,0,44,1,11,2025
2025-11-01 14:00:00.000,A13,FLASH,0,122503,14,0,44,1,11,2025
2025-11-01 15:00:00.000,A13,FLASH,0,122529,15,0,44,1,11,2025
2025-11-01 16:00:00.000,A13,FLASH,0,122555,16,0,44,1,11,2025
2025-11-01 17:00:00.000,A13,FLASH,0,122581,17,0,44,1,11,2025
2025-11-01 18:00:00.000,A13,FLASH,0,122607,18,0,44,1,11,2025
2025-11-01 19:00:00.000,A13,FLASH,0,122633,19,0,44,1,11,2025
2025-11-01 20:00:00.000,A13,FLASH,0,122659,20,0,44,1,11,2025
2025-11-01 21:00:00.000,A13,FLASH,0,122685,21,0,44,1,11,2025
2025-11-02 07:00:00.000,A13,FLASH,0,122873,7,0,45,2,11,2025
2025-11-02 08:00:00.000,A13,FLASH,0,122899,8,0,45,2,11,2025
2025-11-02 09:00:00.000,A13,FLASH,0,122925,9,0,45,2,11,2025
2025-11-02 10:00:00.000,A13,FLASH,0,122951,10,0,45,2,11,2025
2025-11-02 11:00:00.000,A13,FLASH,0,122977,11,0,45,2,11,2025
2025-11-02 12:00:00.000,A13,FLASH,0,123003,12,0,45,2,11,2025
2025-11-02 13:00:00.000,A13,FLASH,0,123029,13,0,45,2,11,2025
2025-11-02 14:00:00.000,A13,FLASH,0,123055,14,0,45,2,11,2025
2025-11-02 15:00:00.000,A13,FLASH,0,123081,15,0,45,2,11,2025
2025-11-02 16:00:00.000,A13,FLASH,0,123107,16,0,45,2,11,2025
2025-11-02 17:00:00.000,A13,FLASH,0,123133,17,0,45,2,11,2025
2025-11-02 18:00:00.000,A13,FLASH,0,123159,18,0,45,2,11,2025
2025-11-03 07:00:00.000,A13,FLASH,0,123401,7,0,45,3,11,2025
2025-11-03 08:00:00.000,A13,FLASH,0,123409,8,0,45,3,11,2025
2025-11-03 09:00:00.000,A13,FLASH,0,123417,9,0,45,3,11,2025
2025-11-03 10:00:00.000,A13,FLASH,0,123425,10,0,45,3,11,2025
2025-11-03 11:00:00.000,A13,FLASH,0,123433,11,0,45,3,11,2025
2025-11-03 12:00:00.000,A13,FLASH,0,123441,12,0,45,3,11,2025
2025-11-03 13:00:00.000,A13,FLASH,0,123449,13,0,45,3,11,2025
2025-11-03 14:00:00.000,A13,FLASH,0,123457,14,0,45,3,11,2025
2025-11-03 15:00:00.000,A13,FLASH,0,123465,15,0,45,3,11,2025
2025-11-03 16:00:00.000,A13,FLASH,0,123473,16,0,45,3,11,2025
2025-11-03 17:00:00.000,A13,FLASH,0,123481,17,0,45,3,11,2025
2025-11-03 18:00:00.000,A13,FLASH,0,123489,18,0,45,3,11,2025
2025-11-04 07:00:00.000,A13,FLASH,0,123497,7,0,45,4,11,2025
2025-11-04 08:00:00.000,A13,FLASH,0,123505,8,0,45,4,11,2025
2025-11-04 09:00:00.000,A13,FLASH,0,123513,9,0,45,4,11,2025
2025-11-04 10:00:00.000,A13,FLASH,0,123521,10,0,45,4,11,2025
2025-11-04 11:00:00.000,A13,FLASH,0,123529,11,0,45,4,11,2025
2025-11-04 12:00:00.000,A13,FLASH,0,123554,12,0,45,4,11,2025
2025-11-04 13:00:00.000,A13,FLASH,0,123579,13,0,45,4,11,2025
2025-11-04 14:00:00.000,A13,FLASH,0,123604,14,0,45,4,11,2025
2025-11-04 15:00:00.000,A13,FLASH,0,123629,15,0,45,4,11,2025
2025-11-04 16:00:00.000,A13,FLASH,0,123654,16,0,45,4,11,2025
2025-11-04 17:00:00.000,A13,FLASH,0,123679,17,0,45,4,11,2025
2025-11-04 18:00:00.000,A13,FLASH,0,123704,18,0,45,4,11,2025
2025-11-05 07:00:00.000,A13,FLASH,0,123933,7,0,45,5,11,2025
2025-11-05 08:00:00.000,A13,FLASH,0,123941,8,0,45,5,11,2025
2025-11-05 09:00:00.000,A13,FLASH,0,123949,9,0,45,5,11,2025
2025-11-05 10:00:00.000,A13,FLASH,0,123975,10,0,45,5,11,2025
2025-11-05 11:00:00.000,A13,FLASH,0,124001,11,0,45,5,11,2025
2025-11-05 12:00:00.000,A13,FLASH,0,124027,12,0,45,5,11,2025
2025-11-05 13:00:00.000,A13,FLASH,0,124053,13,0,45,5,11,2025
2025-11-05 14:00:00.000,A13,FLASH,0,124079,14,0,45,5,11,2025
2025-11-05 15:00:00.000,A13,FLASH,0,124105,15,0,45,5,11,2025
2025-11-05 16:00:00.000,A13,FLASH,0,124131,16,0,45,5,11,2025
2025-11-05 17:00:00.000,A13,FLASH,0,124157,17,0,45,5,11,2025
2025-11-05 18:00:00.000,A13,FLASH,0,124183,18,0,45,5,11,2025
2025-11-06 07:00:00.000,A13,FLASH,0,124425,7,0,45,6,11,2025
2025-11-06 08:00:00.000,A13,FLASH,0,124433,8,0,45,6,11,2025
2025-11-06 09:00:00.000,A13,FLASH,0,124441,9,0,45,6,11,2025
2025-11-06 10:00:00.000,A13,FLASH,0,124449,10,0,45,6,11,2025
2025-11-06 11:00:00.000,A13,FLASH,0,124457,11,0,45,6,11,2025
2025-11-06 12:00:00.000,A13,FLASH,0,124465,12,0,45,6,11,2025
2025-11-06 13:00:00.000,A13,FLASH,0,124473,13,0,45,6,11,2025
2025-11-06 14:00:00.000,A13,FLASH,0,124481,14,0,45,6,11,2025
2025-11-06 15:00:00.000,A13,FLASH,0,124489,15,0,45,6,11,2025
2025-11-06 16:00:00.000,A13,FLASH,0,124497,16,0,45,6,11,2025
2025-11-06 17:00:00.000,A13,FLASH,0,124505,17,0,45,6,11,2025
2025-11-06 18:00:00.000,A13,FLASH,0,124513,18,0,45,6,11,2025
2025-11-07 07:00:00.000,A13,FLASH,0,124521,7,0,45,7,11,2025
2025-11-07 08:00:00.000,A13,FLASH,0,124529,8,0,45,7,11,2025
2025-11-07 09:00:00.000,A13,FLASH,0,124537,9,0,45,7,11,2025
2025-11-07 10:00:00.000,A13,FLASH,0,124545,10,0,45,7,11,2025
2025-11-07 11:00:00.000,A13,FLASH,0,124553,11,0,45,7,11,2025
2025-11-07 12:00:00.000,A13,FLASH,0,124561,12,0,45,7,11,2025
2025-11-07 13:00:00.000,A13,FLASH,0,124569,13,0,45,7,11,2025
2025-11-07 14:00:00.000,A13,FLASH,0,124577,14,0,45,7,11,2025
2025-11-07 15:00:00.000,A13,FLASH,0,124585,15,0,45,7,11,2025
2025-11-07 16:00:00.000,A13,FLASH,0,124593,16,0,45,7,11,2025
2025-11-07 17:00:00.000,A13,FLASH,0,124601,17,0,45,7,11,2025
2025-11-07 18:00:00.000,A13,FLASH,0,124609,18,0,45,7,11,2025
2025-11-07 19:00:00.000,A13,FLASH,0,124617,19,0,45,7,11,2025
2025-11-07 20:00:00.000,A13,FLASH,0,124625,20,0,45,7,11,2025
2025-11-07 21:00:00.000,A13,FLASH,0,124633,21,0,45,7,11,2025
2025-11-08 07:00:00.000,A13,FLASH,0,124641,7,0,45,8,11,2025
2025-11-08 08:00:00.000,A13,FLASH,0,124667,8,0,45,8,11,2025
2025-11-08 09:00:00.000,A13,FLASH,0,124693,9,0,45,8,11,2025
2025-11-08 10:00:00.000,A13,FLASH,0,124719,10,0,45,8,11,2025
2025-11-08 11:00:00.000,A13,FLASH,0,124745,11,0,45,8,11,2025
2025-11-08 12:00:00.000,A13,FLASH,0,124771,12,0,45,8,11,2025
2025-11-08 13:00:00.000,A13,FLASH,0,124797,13,0,45,8,11,2025
2025-11-08 14:00:00.000,A13,FLASH,0,124823,14,0,45,8,11,2025
2025-11-08 15:00:00.000,A13,FLASH,0,124849,15,0,45,8,11,2025
2025-11-08 16:00:00.000,A13,FLASH,0,124875,16,0,45,8,11,2025
2025-11-08 17:00:00.000,A13,FLASH,0,124901,17,0,45,8,11,2025
2025-11-08 18:00:00.000,A13,FLASH,0,124927,18,0,45,8,11,2025
2025-11-08 19:00:00.000,A13,FLASH,0,124953,19,0,45,8,11,2025
2025-11-08 20:00:00.000,A13,FLASH,0,124979,20,0,45,8,11,2025
2025-11-08 21:00:00.000,A13,FLASH,0,125005,21,0,45,8,11,2025
2025-11-09 07:00:00.000,A13,FLASH,0,125193,7,0,46,9,11,2025
2025-11-09 08:00:00.000,A13,FLASH,0,125219,8,0,46,9,11,2025
2025-11-09 09:00:00.000,A13,FLASH,0,125245,9,0,46,9,11,2025
2025-11-09 10:00:00.000,A13,FLASH,0,125271,10,0,46,9,11,2025
2025-11-09 11:00:00.000,A13,FLASH,0,125297,11,0,46,9,11,2025
2025-11-09 12:00:00.000,A13,FLASH,0,125323,12,0,46,9,11,2025
2025-11-09 13:00:00.000,A13,FLASH,0,125349,13,0,46,9,11,2025
2025-11-09 14:00:00.000,A13,FLASH,0,125375,14,0,46,9,11,2025
2025-11-09 15:00:00.000,A13,FLASH,0,125401,15,0,46,9,11,2025
2025-11-09 16:00:00.000,A13,FLASH,0,125427,16,0,46,9,11,2025
2025-11-09 17:00:00.000,A13,FLASH,0,125453,17,0,46,9,11,2025
2025-11-09 18:00:00.000,A13,FLASH,0,125479,18,0,46,9,11,2025
2025-11-09 19:00:00.000,A13,FLASH,0,125505,19,0,46,9,11,2025
2025-11-09 20:00:00.000,A13,FLASH,0,125531,20,0,46,9,11,2025
2025-11-09 21:00:00.000,A13,FLASH,0,125557,21,0,46,9,11,2025
2025-11-09 22:00:00.000,A13,FLASH,0,125583,22,0,46,9,11,2025
2025-11-10 07:00:00.000,A13,FLASH,0,125753,7,0,46,10,11,2025
2025-11-10 08:00:00.000,A13,FLASH,0,125779,8,0,46,10,11,2025
2025-11-10 09:00:00.000,A13,FLASH,0,125805,9,0,46,10,11,2025
2025-11-10 10:00:00.000,A13,FLASH,0,125831,10,0,46,10,11,2025
2025-11-10 11:00:00.000,A13,FLASH,0,125857,11,0,46,10,11,2025
2025-11-10 12:00:00.000,A13,FLASH,0,125883,12,0,46,10,11,2025
2025-11-10 13:00:00.000,A13,FLASH,0,125909,13,0,46,10,11,2025
2025-11-10 14:00:00.000,A13,FLASH,0,125935,14,0,46,10,11,2025
2025-11-10 15:00:00.000,A13,FLASH,0,125961,15,0,46,10,11,2025
2025-11-10 16:00:00.000,A13,FLASH,0,125987,16,0,46,10,11,2025
2025-11-10 17:00:00.000,A13,FLASH,0,126013,17,0,46,10,11,2025
2025-11-10 18:00:00.000,A13,FLASH,0,126039,18,0,46,10,11,2025
2025-11-10 19:00:00.000,A13,FLASH,0,126065,19,0,46,10,11,2025
2025-11-10 20:00:00.000,A13,FLASH,0,126091,20,0,46,10,11,2025
2025-11-10 21:00:00.000,A13,FLASH,0,126117,21,0,46,10,11,2025
2025-11-11 07:00:00.000,A13,FLASH,0,126305,7,0,46,11,11,2025
2025-11-11 08:00:00.000,A13,FLASH,0,126330,8,0,46,11,11,2025
2025-11-11 09:00:00.000,A13,FLASH,0,126355,9,0,46,11,11,2025
2025-11-11 10:00:00.000,A13,FLASH,0,126380,10,0,46,11,11,2025
2025-11-11 11:00:00.000,A13,FLASH,0,126405,11,0,46,11,11,2025
2025-11-11 12:00:00.000,A13,FLASH,0,126430,12,0,46,11,11,2025
2025-11-11 13:00:00.000,A13,FLASH,0,126455,13,0,46,11,11,2025
2025-11-11 14:00:00.000,A13,FLASH,0,126480,14,0,46,11,11,2025
2025-11-11 15:00:00.000,A13,FLASH,0,126505,15,0,46,11,11,2025
2025-11-11 16:00:00.000,A13,FLASH,0,126530,16,0,46,11,11,2025
2025-11-11 17:00:00.000,A13,FLASH,0,126555,17,0,46,11,11,2025
2025-11-11 18:00:00.000,A13,FLASH,0,126580,18,0,46,11,11,2025
2025-11-12 07:00:00.000,A13,FLASH,0,126809,7,0,46,12,11,2025
2025-11-12 08:00:00.000,A13,FLASH,0,126824,8,0,46,12,11,2025
2025-11-12 09:00:00.000,A13,FLASH,0,126833,9,0,46,12,11,2025
2025-11-12 10:00:00.000,A13,FLASH,0,126842,10,0,46,12,11,2025
2025-11-12 11:00:00.000,A13,FLASH,0,126851,11,0,46,12,11,2025
2025-11-12 12:00:00.000,A13,FLASH,0,126860,12,0,46,12,11,2025
2025-11-12 13:00:00.000,A13,FLASH,0,126869,13,0,46,12,11,2025
2025-11-12 14:00:00.000,A13,FLASH,0,126878,14,0,46,12,11,2025
2025-11-12 15:00:00.000,A13,FLASH,0,126887,15,0,46,12,11,2025
2025-11-12 16:00:00.000,A13,FLASH,0,126896,16,0,46,12,11,2025
2025-11-12 17:00:00.000,A13,FLASH,0,126905,17,0,46,12,11,2025
2025-11-12 18:00:00.000,A13,FLASH,0,126914,18,0,46,12,11,2025
2025-11-13 07:00:00.000,A13,FLASH,0,126935,7,0,46,13,11,2025
2025-11-13 08:00:00.000,A13,FLASH,0,126943,8,0,46,13,11,2025
2025-11-13 09:00:00.000,A13,FLASH,0,126951,9,0,46,13,11,2025
2025-11-13 10:00:00.000,A13,FLASH,0,126959,10,0,46,13,11,2025
2025-11-13 11:00:00.000,A13,FLASH,0,126967,11,0,46,13,11,2025
2025-11-13 12:00:00.000,A13,FLASH,0,126975,12,0,46,13,11,2025
2025-11-13 13:00:00.000,A13,FLASH,0,126983,13,0,46,13,11,2025
2025-11-13 14:00:00.000,A13,FLASH,0,126991,14,0,46,13,11,2025
2025-11-13 15:00:00.000,A13,FLASH,0,126999,15,0,46,13,11,2025
2025-11-13 16:00:00.000,A13,FLASH,0,127007,16,0,46,13,11,2025
2025-11-13 17:00:00.000,A13,FLASH,0,127015,17,0,46,13,11,2025
2025-11-13 18:00:00.000,A13,FLASH,0,127023,18,0,46,13,11,2025
2025-11-14 07:00:00.000,A13,FLASH,0,127031,7,0,46,14,11,2025
2025-11-14 08:00:00.000,A13,FLASH,0,127039,8,0,46,14,11,2025
2025-11-14 09:00:00.000,A13,FLASH,0,127047,9,0,46,14,11,2025
2025-11-14 10:00:00.000,A13,FLASH,0,127055,10,0,46,14,11,2025
2025-11-14 11:00:00.000,A13,FLASH,0,127063,11,0,46,14,11,2025
2025-11-14 12:00:00.000,A13,FLASH,0,127071,12,0,46,14,11,2025
2025-11-14 13:00:00.000,A13,FLASH,0,127079,13,0,46,14,11,2025
2025-11-14 14:00:00.000,A13,FLASH,0,127087,14,0,46,14,11,2025
2025-11-14 15:00:00.000,A13,FLASH,0,127095,15,0,46,14,11,2025
2025-11-14 16:00:00.000,A13,FLASH,0,127103,16,0,46,14,11,2025
2025-11-14 17:00:00.000,A13,FLASH,0,127111,17,0,46,14,11,2025
2025-11-14 18:00:00.000,A13,FLASH,0,127119,18,0,46,14,11,2025
2025-11-15 07:00:00.000,A13,FLASH,0,127127,7,0,46,15,11,2025
2025-11-15 08:00:00.000,A13,FLASH,0,127153,8,0,46,15,11,2025
2025-11-15 09:00:00.000,A13,FLASH,0,127179,9,0,46,15,11,2025
2025-11-15 10:00:00.000,A13,FLASH,0,127205,10,0,46,15,11,2025
2025-11-15 11:00:00.000,A13,FLASH,0,127231,11,0,46,15,11,2025
2025-11-15 12:00:00.000,A13,FLASH,0,127257,12,0,46,15,11,2025
2025-11-15 13:00:00.000,A13,FLASH,0,127283,13,0,46,15,11,2025
2025-11-15 14:00:00.000,A13,FLASH,0,127309,14,0,46,15,11,2025
2025-11-15 15:00:00.000,A13,FLASH,0,127335,15,0,46,15,11,2025
2025-11-15 16:00:00.000,A13,FLASH,0,127361,16,0,46,15,11,2025
2025-11-15 17:00:00.000,A13,FLASH,0,127387,17,0,46,15,11,2025
2025-11-15 18:00:00.000,A13,FLASH,0,127413,18,0,46,15,11,2025
2025-11-15 19:00:00.000,A13,FLASH,0,127439,19,0,46,15,11,2025
2025-11-15 20:00:00.000,A13,FLASH,0,127465,20,0,46,15,11,2025
2025-11-15 21:00:00.000,A13,FLASH,0,127491,21,0,46,15,11,2025
2025-11-16 07:00:00.000,A13,FLASH,0,127679,7,0,47,16,11,2025
2025-11-16 08:00:00.000,A13,FLASH,0,127705,8,0,47,16,11,2025
2025-11-16 09:00:00.000,A13,FLASH,0,127731,9,0,47,16,11,2025
2025-11-16 10:00:00.000,A13,FLASH,0,127757,10,0,47,16,11,2025
2025-11-16 11:00:00.000,A13,FLASH,0,127783,11,0,47,16,11,2025
2025-11-16 12:00:00.000,A13,FLASH,0,127809,12,0,47,16,11,2025
2025-11-16 13:00:00.000,A13,FLASH,0,127835,13,0,47,16,11,2025
2025-11-16 14:00:00.000,A13,FLASH,0,127861,14,0,47,16,11,2025
2025-11-16 15:00:00.000,A13,FLASH,0,127887,15,0,47,16,11,2025
2025-11-16 16:00:00.000,A13,FLASH,0,127913,16,0,47,16,11,2025
2025-11-16 17:00:00.000,A13,FLASH,0,127939,17,0,47,16,11,2025
2025-11-16 18:00:00.000,A13,FLASH,0,127965,18,0,47,16,11,2025
2025-11-17 07:00:00.000,A13,FLASH,0,128207,7,0,47,17,11,2025
2025-11-17 08:00:00.000,A13,FLASH,0,128215,8,0,47,17,11,2025
2025-11-17 09:00:00.000,A13,FLASH,0,128223,9,0,47,17,11,2025
2025-11-17 10:00:00.000,A13,FLASH,0,128231,10,0,47,17,11,2025
2025-11-17 11:00:00.000,A13,FLASH,0,128239,11,0,47,17,11,2025
2025-11-17 12:00:00.000,A13,FLASH,0,128247,12,0,47,17,11,2025
2025-11-17 13:00:00.000,A13,FLASH,0,128255,13,0,47,17,11,2025
2025-11-17 14:00:00.000,A13,FLASH,0,128263,14,0,47,17,11,2025
2025-11-17 15:00:00.000,A13,FLASH,0,128271,15,0,47,17,11,2025
2025-11-17 16:00:00.000,A13,FLASH,0,128279,16,0,47,17,11,2025
2025-11-17 17:00:00.000,A13,FLASH,0,128287,17,0,47,17,11,2025
2025-11-17 18:00:00.000,A13,FLASH,0,128295,18,0,47,17,11,2025
2025-11-18 07:00:00.000,A13,FLASH,0,128303,7,0,47,18,11,2025
2025-11-18 08:00:00.000,A13,FLASH,0,128311,8,0,47,18,11,2025
2025-11-18 09:00:00.000,A13,FLASH,0,128319,9,0,47,18,11,2025
2025-11-18 10:00:00.000,A13,FLASH,0,128327,10,0,47,18,11,2025
2025-11-18 11:00:00.000,A13,FLASH,0,128335,11,0,47,18,11,2025
2025-11-18 12:00:00.000,A13,FLASH,0,128343,12,0,47,18,11,2025
2025-11-18 13:00:00.000,A13,FLASH,0,128351,13,0,47,18,11,2025
2025-11-18 14:00:00.000,A13,FLASH,0,128359,14,0,47,18,11,2025
2025-11-18 15:00:00.000,A13,FLASH,0,128367,15,0,47,18,11,2025
2025-11-18 16:00:00.000,A13,FLASH,0,128375,16,0,47,18,11,2025
2025-11-18 17:00:00.000,A13,FLASH,0,128383,17,0,47,18,11,2025
2025-11-18 18:00:00.000,A13,FLASH,0,128391,18,0,47,18,11,2025
2025-11-19 07:00:00.000,A13,FLASH,0,128399,7,0,47,19,11,2025
2025-11-19 08:00:00.000,A13,FLASH,0,128407,8,0,47,19,11,2025
2025-11-19 09:00:00.000,A13,FLASH,0,128415,9,0,47,19,11,2025
2025-11-19 10:00:00.000,A13,FLASH,0,128423,10,0,47,19,11,2025
2025-11-19 11:00:00.000,A13,FLASH,0,128431,11,0,47,19,11,2025
2025-11-19 12:00:00.000,A13,FLASH,0,128439,12,0,47,19,11,2025
2025-11-19 13:00:00.000,A13,FLASH,0,128447,13,0,47,19,11,2025
2025-11-19 14:00:00.000,A13,FLASH,0,128455,14,0,47,19,11,2025
2025-11-19 15:00:00.000,A13,FLASH,0,128463,15,0,47,19,11,2025
2025-11-19 16:00:00.000,A13,FLASH,0,128471,16,0,47,19,11,2025
2025-11-19 17:00:00.000,A13,FLASH,0,128479,17,0,47,19,11,2025
2025-11-19 18:00:00.000,A13,FLASH,0,128487,18,0,47,19,11,2025
2025-11-20 07:00:00.000,A13,FLASH,0,128495,7,0,47,20,11,2025
2025-11-20 08:00:00.000,A13,FLASH,0,128503,8,0,47,20,11,2025
2025-11-20 09:00:00.000,A13,FLASH,0,128511,9,0,47,20,11,2025
2025-11-20 10:00:00.000,A13,FLASH,0,128519,10,0,47,20,11,2025
2025-11-20 11:00:00.000,A13,FLASH,0,128527,11,0,47,20,11,2025
2025-11-20 12:00:00.000,A13,FLASH,0,128535,12,0,47,20,11,2025
2025-11-20 13:00:00.000,A13,FLASH,0,128543,13,0,47,20,11,2025
2025-11-20 14:00:00.000,A13,FLASH,0,128551,14,0,47,20,11,2025
2025-11-20 15:00:00.000,A13,FLASH,0,128559,15,0,47,20,11,2025
2025-11-20 16:00:00.000,A13,FLASH,0,128567,16,0,47,20,11,2025
2025-11-20 17:00:00.000,A13,FLASH,0,128575,17,0,47,20,11,2025
2025-11-20 18:00:00.000,A13,FLASH,0,128583,18,0,47,20,11,2025
2025-11-21 07:00:00.000,A13,FLASH,0,128591,7,0,47,21,11,2025
2025-11-21 08:00:00.000,A13,FLASH,0,128599,8,0,47,21,11,2025
2025-11-21 09:00:00.000,A13,FLASH,0,128607,9,0,47,21,11,2025
2025-11-21 10:00:00.000,A13,FLASH,0,128615,10,0,47,21,11,2025
2025-11-21 11:00:00.000,A13,FLASH,0,128623,11,0,47,21,11,2025
2025-11-21 12:00:00.000,A13,FLASH,0,128631,12,0,47,21,11,2025
2025-11-21 13:00:00.000,A13,FLASH,0,128639,13,0,47,21,11,2025
2025-11-21 14:00:00.000,A13,FLASH,0,128647,14,0,47,21,11,2025
2025-11-21 15:00:00.000,A13,FLASH,0,128655,15,0,47,21,11,2025
2025-11-21 16:00:00.000,A13,FLASH,0,128663,16,0,47,21,11,2025
2025-11-21 17:00:00.000,A13,FLASH,0,128671,17,0,47,21,11,2025
2025-11-21 18:00:00.000,A13,FLASH,0,128679,18,0,47,21,11,2025
2025-11-21 19:00:00.000,A13,FLASH,0,128687,19,0,47,21,11,2025
2025-11-21 20:00:00.000,A13,FLASH,0,128695,20,0,47,21,11,2025
2025-11-21 21:00:00.000,A13,FLASH,0,128703,21,0,47,21,11,2025
2025-11-22 07:00:00.000,A13,FLASH,0,128711,7,0,47,22,11,2025
2025-11-22 08:00:00.000,A13,FLASH,0,128736,8,0,47,22,11,2025
2025-11-22 09:00:00.000,A13,FLASH,0,128761,9,0,47,22,11,2025
2025-11-22 10:00:00.000,A13,FLASH,0,128786,10,0,47,22,11,2025
2025-11-22 11:00:00.000,A13,FLASH,0,128811,11,0,47,22,11,2025
2025-11-22 12:00:00.000,A13,FLASH,0,128836,12,0,47,22,11,2025
2025-11-22 13:00:00.000,A13,FLASH,0,128861,13,0,47,22,11,2025
2025-11-22 14:00:00.000,A13,FLASH,0,128886,14,0,47,22,11,2025
2025-11-22 15:00:00.000,A13,FLASH,0,128911,15,0,47,22,11,2025
2025-11-22 16:00:00.000,A13,FLASH,0,128936,16,0,47,22,11,2025
2025-11-22 17:00:00.000,A13,FLASH,0,128962,17,0,47,22,11,2025
2025-11-22 18:00:00.000,A13,FLASH,0,128988,18,0,47,22,11,2025
2025-11-22 19:00:00.000,A13,FLASH,0,129014,19,0,47,22,11,2025
2025-11-22 20:00:00.000,A13,FLASH,0,129040,20,0,47,22,11,2025
2025-11-22 21:00:00.000,A13,FLASH,0,129066,21,0,47,22,11,2025
2025-11-22 22:00:00.000,A13,FLASH,0,129092,22,0,47,22,11,2025
2025-11-23 07:00:00.000,A13,FLASH,0,129262,7,0,48,23,11,2025
2025-11-23 08:00:00.000,A13,FLASH,0,129288,8,0,48,23,11,2025
2025-11-23 09:00:00.000,A13,FLASH,0,129314,9,0,48,23,11,2025
2025-11-23 10:00:00.000,A13,FLASH,0,129340,10,0,48,23,11,2025
2025-11-23 11:00:00.000,A13,FLASH,0,129366,11,0,48,23,11,2025
2025-11-23 12:00:00.000,A13,FLASH,0,129392,12,0,48,23,11,2025
2025-11-23 13:00:00.000,A13,FLASH,0,129418,13,0,48,23,11,2025
2025-11-23 14:00:00.000,A13,FLASH,0,129444,14,0,48,23,11,2025
2025-11-23 15:00:00.000,A13,FLASH,0,129470,15,0,48,23,11,2025
2025-11-23 16:00:00.000,A13,FLASH,0,129496,16,0,48,23,11,2025
2025-11-23 17:00:00.000,A13,FLASH,0,129522,17,0,48,23,11,2025
2025-11-23 18:00:00.000,A13,FLASH,0,129548,18,0,48,23,11,2025
2025-11-24 07:00:00.000,A13,FLASH,0,129790,7,0,48,24,11,2025
2025-11-24 08:00:00.000,A13,FLASH,0,129798,8,0,48,24,11,2025
2025-11-24 09:00:00.000,A13,FLASH,0,129806,9,0,48,24,11,2025
2025-11-24 10:00:00.000,A13,FLASH,0,129814,10,0,48,24,11,2025
2025-11-24 11:00:00.000,A13,FLASH,0,129822,11,0,48,24,11,2025
2025-11-24 12:00:00.000,A13,FLASH,0,129830,12,0,48,24,11,2025
2025-11-24 13:00:00.000,A13,FLASH,0,129838,13,0,48,24,11,2025
2025-11-24 14:00:00.000,A13,FLASH,0,129846,14,0,48,24,11,2025
2025-11-24 15:00:00.000,A13,FLASH,0,129854,15,0,48,24,11,2025
2025-11-24 16:00:00.000,A13,FLASH,0,129862,16,0,48,24,11,2025
2025-11-24 17:00:00.000,A13,FLASH,0,129870,17,0,48,24,11,2025
2025-11-24 18:00:00.000,A13,FLASH,0,129878,18,0,48,24,11,2025
2025-11-25 07:00:00.000,A13,FLASH,0,129886,7,0,48,25,11,2025
2025-11-25 08:00:00.000,A13,FLASH,0,129894,8,0,48,25,11,2025
2025-11-25 09:00:00.000,A13,FLASH,0,129902,9,0,48,25,11,2025
2025-11-25 10:00:00.000,A13,FLASH,0,129910,10,0,48,25,11,2025
2025-11-25 11:00:00.000,A13,FLASH,0,129918,11,0,48,25,11,2025
2025-11-25 12:00:00.000,A13,FLASH,0,129926,12,0,48,25,11,2025
2025-11-25 13:00:00.000,A13,FLASH,0,129934,13,0,48,25,11,2025
2025-11-25 14:00:00.000,A13,FLASH,0,129942,14,0,48,25,11,2025
2025-11-25 15:00:00.000,A13,FLASH,0,129950,15,0,48,25,11,2025
2025-11-25 16:00:00.000,A13,FLASH,0,129958,16,0,48,25,11,2025
2025-11-25 17:00:00.000,A13,FLASH,0,129966,17,0,48,25,11,2025
2025-11-25 18:00:00.000,A13,FLASH,0,129974,18,0,48,25,11,2025
2025-11-26 07:00:00.000,A13,FLASH,0,129982,7,0,48,26,11,2025
2025-11-26 08:00:00.000,A13,FLASH,0,129990,8,0,48,26,11,2025
2025-11-26 09:00:00.000,A13,FLASH,0,129998,9,0,48,26,11,2025
2025-11-26 10:00:00.000,A13,FLASH,0,130006,10,0,48,26,11,2025
2025-11-26 11:00:00.000,A13,FLASH,0,130014,11,0,48,26,11,2025
2025-11-26 12:00:00.000,A13,FLASH,0,130022,12,0,48,26,11,2025
2025-11-26 13:00:00.000,A13,FLASH,0,130030,13,0,48,26,11,2025
2025-11-26 14:00:00.000,A13,FLASH,0,130038,14,0,48,26,11,2025
2025-11-26 15:00:00.000,A13,FLASH,0,130046,15,0,48,26,11,2025
2025-11-26 16:00:00.000,A13,FLASH,0,130054,16,0,48,26,11,2025
2025-11-26 17:00:00.000,A13,FLASH,0,130062,17,0,48,26,11,2025
2025-11-26 18:00:00.000,A13,FLASH,0,130070,18,0,48,26,11,2025
2025-11-27 07:00:00.000,A13,FLASH,0,130078,7,0,48,27,11,2025
2025-11-27 08:00:00.000,A13,FLASH,0,130086,8,0,48,27,11,2025
2025-11-27 09:00:00.000,A13,FLASH,0,130094,9,0,48,27,11,2025
2025-11-27 10:00:00.000,A13,FLASH,0,130102,10,0,48,27,11,2025
2025-11-27 11:00:00.000,A13,FLASH,0,130110,11,0,48,27,11,2025
2025-11-27 12:00:00.000,A13,FLASH,0,130118,12,0,48,27,11,2025
2025-11-27 13:00:00.000,A13,FLASH,0,130126,13,0,48,27,11,2025
2025-11-27 14:00:00.000,A13,FLASH,0,130134,14,0,48,27,11,2025
2025-11-27 15:00:00.000,A13,FLASH,0,130142,15,0,48,27,11,2025
2025-11-27 16:00:00.000,A13,FLASH,0,130150,16,0,48,27,11,2025
2025-11-27 17:00:00.000,A13,FLASH,0,130158,17,0,48,27,11,2025
2025-11-27 18:00:00.000,A13,FLASH,0,130166,18,0,48,27,11,2025
2025-11-28 07:00:00.000,A13,FLASH,0,130174,7,0,48,28,11,2025
2025-11-28 08:00:00.000,A13,FLASH,0,130182,8,0,48,28,11,2025
2025-11-28 09:00:00.000,A13,FLASH,0,130190,9,0,48,28,11,2025
2025-11-28 10:00:00.000,A13,FLASH,0,130198,10,0,48,28,11,2025
2025-11-28 11:00:00.000,A13,FLASH,0,130206,11,0,48,28,11,2025
2025-11-28 12:00:00.000,A13,FLASH,0,130214,12,0,48,28,11,2025
2025-11-28 13:00:00.000,A13,FLASH,0,130222,13,0,48,28,11,2025
2025-11-28 14:00:00.000,A13,FLASH,0,130230,14,0,48,28,11,2025
2025-11-28 15:00:00.000,A13,FLASH,0,130238,15,0,48,28,11,2025
2025-11-28 16:00:00.000,A13,FLASH,0,130246,16,0,48,28,11,2025
2025-11-28 17:00:00.000,A13,FLASH,0,130254,17,0,48,28,11,2025
2025-11-28 18:00:00.000,A13,FLASH,0,130262,18,0,48,28,11,2025
2025-11-28 19:00:00.000,A13,FLASH,0,130270,19,0,48,28,11,2025
2025-11-28 20:00:00.000,A13,FLASH,0,130278,20,0,48,28,11,2025
2025-11-28 21:00:00.000,A13,FLASH,0,130286,21,0,48,28,11,2025
2025-11-29 07:00:00.000,A13,FLASH,0,130294,7,0,48,29,11,2025
2025-11-29 08:00:00.000,A13,FLASH,0,130320,8,0,48,29,11,2025
2025-11-29 09:00:00.000,A13,FLASH,0,130346,9,0,48,29,11,2025
2025-11-29 10:00:00.000,A13,FLASH,0,130372,10,0,48,29,11,2025
2025-11-29 11:00:00.000,A13,FLASH,0,130398,11,0,48,29,11,2025
2025-11-29 12:00:00.000,A13,FLASH,0,130424,12,0,48,29,11,2025
2025-11-29 13:00:00.000,A13,FLASH,0,130450,13,0,48,29,11,2025
2025-11-29 14:00:00.000,A13,FLASH,0,130476,14,0,48,29,11,2025
2025-11-29 15:00:00.000,A13,FLASH,0,130502,15,0,48,29,11,2025
2025-11-29 16:00:00.000,A13,FLASH,0,130528,16,0,48,29,11,2025
2025-11-29 17:00:00.000,A13,FLASH,0,130554,17,0,48,29,11,2025
2025-11-29 18:00:00.000,A13,FLASH,0,130580,18,0,48,29,11,2025
2025-11-29 19:00:00.000,A13,FLASH,0,130606,19,0,48,29,11,2025
2025-11-29 20:00:00.000,A13,FLASH,0,130632,20,0,48,29,11,2025
2025-11-29 21:00:00.000,A13,FLASH,0,130658,21,0,48,29,11,2025
2025-11-30 07:00:00.000,A13,FLASH,0,130846,7,0,49,30,11,2025
2025-11-30 08:00:00.000,A13,FLASH,0,130872,8,0,49,30,11,2025
2025-11-30 09:00:00.000,A13,FLASH,0,130898,9,0,49,30,11,2025
2025-11-30 10:00:00.000,A13,FLASH,0,130924,10,0,49,30,11,2025
2025-11-30 11:00:00.000,A13,FLASH,0,130950,11,0,49,30,11,2025
2025-11-30 12:00:00.000,A13,FLASH,0,130976,12,0,49,30,11,2025
2025-11-30 13:00:00.000,A13,FLASH,0,131002,13,0,49,30,11,2025
2025-11-30 14:00:00.000,A13,FLASH,0,131028,14,0,49,30,11,2025
2025-11-30 15:00:00.000,A13,FLASH,0,131054,15,0,49,30,11,2025
2025-11-30 16:00:00.000,A13,FLASH,0,131080,16,0,49,30,11,2025
2025-11-30 17:00:00.000,A13,FLASH,0,131106,17,0,49,30,11,2025
2025-11-30 18:00:00.000,A13,FLASH,0,131132,18,0,49,30,11,2025
2025-12-01 07:00:00.000,A13,FLASH,0,131374,7,0,49,1,12,2025
2025-12-01 08:00:00.000,A13,FLASH,0,131397,8,0,49,1,12,2025
2025-12-01 09:00:00.000,A13,FLASH,0,131405,9,0,49,1,12,2025
2025-12-01 10:00:00.000,A13,FLASH,0,131413,10,0,49,1,12,2025
2025-12-01 11:00:00.000,A13,FLASH,0,131437,11,0,49,1,12,2025
2025-12-01 12:00:00.000,A13,FLASH,0,131461,12,0,49,1,12,2025
2025-12-01 13:00:00.000,A13,FLASH,0,131485,13,0,49,1,12,2025
2025-12-01 14:00:00.000,A13,FLASH,0,131509,14,0,49,1,12,2025
2025-12-01 15:00:00.000,A13,FLASH,0,131533,15,0,49,1,12,2025
2025-12-01 16:00:00.000,A13,FLASH,0,131557,16,0,49,1,12,2025
2025-12-01 17:00:00.000,A13,FLASH,0,131582,17,0,49,1,12,2025
2025-12-01 18:00:00.000,A13,FLASH,0,131606,18,0,49,1,12,2025
2025-12-02 07:00:00.000,A13,FLASH,0,131822,7,0,49,2,12,2025
2025-12-02 08:00:00.000,A13,FLASH,0,131844,8,0,49,2,12,2025
2025-12-02 09:00:00.000,A13,FLASH,0,131853,9,0,49,2,12,2025
2025-12-02 10:00:00.000,A13,FLASH,0,131862,10,0,49,2,12,2025
2025-12-02 11:00:00.000,A13,FLASH,0,131871,11,0,49,2,12,2025
2025-12-02 12:00:00.000,A13,FLASH,0,131880,12,0,49,2,12,2025
2025-12-02 13:00:00.000,A13,FLASH,0,131889,13,0,49,2,12,2025
2025-12-02 14:00:00.000,A13,FLASH,0,131898,14,0,49,2,12,2025
2025-12-02 15:00:00.000,A13,FLASH,0,131907,15,0,49,2,12,2025
2025-12-02 16:00:00.000,A13,FLASH,0,131916,16,0,49,2,12,2025
2025-12-02 17:00:00.000,A13,FLASH,0,131925,17,0,49,2,12,2025
2025-12-02 18:00:00.000,A13,FLASH,0,131934,18,0,49,2,12,2025
2025-12-03 07:00:00.000,A13,FLASH,0,131955,7,0,49,3,12,2025
2025-12-03 08:00:00.000,A13,FLASH,0,131963,8,0,49,3,12,2025
2025-12-03 09:00:00.000,A13,FLASH,0,131971,9,0,49,3,12,2025
2025-12-03 10:00:00.000,A13,FLASH,0,131979,10,0,49,3,12,2025
2025-12-03 11:00:00.000,A13,FLASH,0,131987,11,0,49,3,12,2025
2025-12-03 12:00:00.000,A13,FLASH,0,131995,12,0,49,3,12,2025
2025-12-03 13:00:00.000,A13,FLASH,0,132003,13,0,49,3,12,2025
2025-12-03 14:00:00.000,A13,FLASH,0,132011,14,0,49,3,12,2025
2025-12-03 15:00:00.000,A13,FLASH,0,132019,15,0,49,3,12,2025
2025-12-03 16:00:00.000,A13,FLASH,0,132027,16,0,49,3,12,2025
2025-12-03 17:00:00.000,A13,FLASH,0,132035,17,0,49,3,12,2025
2025-12-03 18:00:00.000,A13,FLASH,0,132043,18,0,49,3,12,2025
2025-12-04 07:00:00.000,A13,FLASH,0,132051,7,0,49,4,12,2025
2025-12-04 08:00:00.000,A13,FLASH,0,132059,8,0,49,4,12,2025
2025-12-04 09:00:00.000,A13,FLASH,0,132067,9,0,49,4,12,2025
2025-12-04 10:00:00.000,A13,FLASH,0,132075,10,0,49,4,12,2025
2025-12-04 11:00:00.000,A13,FLASH,0,132083,11,0,49,4,12,2025
2025-12-04 12:00:00.000,A13,FLASH,0,132091,12,0,49,4,12,2025
2025-12-04 13:00:00.000,A13,FLASH,0,132099,13,0,49,4,12,2025
2025-12-04 14:00:00.000,A13,FLASH,0,132107,14,0,49,4,12,2025
2025-12-04 15:00:00.000,A13,FLASH,0,132115,15,0,49,4,12,2025
2025-12-04 16:00:00.000,A13,FLASH,0,132123,16,0,49,4,12,2025
2025-12-04 17:00:00.000,A13,FLASH,0,132131,17,0,49,4,12,2025
2025-12-04 18:00:00.000,A13,FLASH,0,132139,18,0,49,4,12,2025
2025-12-05 07:00:00.000,A13,FLASH,0,132147,7,0,49,5,12,2025
2025-12-05 08:00:00.000,A13,FLASH,0,132155,8,0,49,5,12,2025
2025-12-05 09:00:00.000,A13,FLASH,0,132163,9,0,49,5,12,2025
2025-12-05 10:00:00.000,A13,FLASH,0,132171,10,0,49,5,12,2025
2025-12-05 11:00:00.000,A13,FLASH,0,132179,11,0,49,5,12,2025
2025-12-05 12:00:00.000,A13,FLASH,0,132187,12,0,49,5,12,2025
2025-12-05 13:00:00.000,A13,FLASH,0,132195,13,0,49,5,12,2025
2025-12-05 14:00:00.000,A13,FLASH,0,132203,14,0,49,5,12,2025
2025-12-05 15:00:00.000,A13,FLASH,0,132211,15,0,49,5,12,2025
2025-12-05 16:00:00.000,A13,FLASH,0,132219,16,0,49,5,12,2025
2025-12-05 17:00:00.000,A13,FLASH,0,132227,17,0,49,5,12,2025
2025-12-05 18:00:00.000,A13,FLASH,0,132235,18,0,49,5,12,2025
2025-12-05 19:00:00.000,A13,FLASH,0,132243,19,0,49,5,12,2025
2025-12-05 20:00:00.000,A13,FLASH,0,132251,20,0,49,5,12,2025
2025-12-05 21:00:00.000,A13,FLASH,0,132259,21,0,49,5,12,2025
2025-12-06 07:00:00.000,A13,FLASH,0,132267,7,0,49,6,12,2025
2025-12-06 08:00:00.000,A13,FLASH,0,132292,8,0,49,6,12,2025
2025-12-06 09:00:00.000,A13,FLASH,0,132317,9,0,49,6,12,2025
2025-12-06 10:00:00.000,A13,FLASH,0,132342,10,0,49,6,12,2025
2025-12-06 11:00:00.000,A13,FLASH,0,132367,11,0,49,6,12,2025
2025-12-06 12:00:00.000,A13,FLASH,0,132392,12,0,49,6,12,2025
2025-12-06 13:00:00.000,A13,FLASH,0,132417,13,0,49,6,12,2025
2025-12-06 14:00:00.000,A13,FLASH,0,132442,14,0,49,6,12,2025
2025-12-06 15:00:00.000,A13,FLASH,0,132467,15,0,49,6,12,2025
2025-12-06 16:00:00.000,A13,FLASH,0,132492,16,0,49,6,12,2025
2025-12-06 17:00:00.000,A13,FLASH,0,132517,17,0,49,6,12,2025
2025-12-06 18:00:00.000,A13,FLASH,0,132542,18,0,49,6,12,2025
2025-12-06 19:00:00.000,A13,FLASH,0,132567,19,0,49,6,12,2025
2025-12-06 20:00:00.000,A13,FLASH,0,132592,20,0,49,6,12,2025
2025-12-06 21:00:00.000,A13,FLASH,0,132617,21,0,49,6,12,2025
2025-12-07 07:00:00.000,A13,FLASH,0,132795,7,0,50,7,12,2025
2025-12-07 08:00:00.000,A13,FLASH,0,132820,8,0,50,7,12,2025
2025-12-07 09:00:00.000,A13,FLASH,0,132845,9,0,50,7,12,2025
2025-12-07 10:00:00.000,A13,FLASH,0,132870,10,0,50,7,12,2025
2025-12-07 11:00:00.000,A13,FLASH,0,132895,11,0,50,7,12,2025
2025-12-07 12:00:00.000,A13,FLASH,0,132920,12,0,50,7,12,2025
2025-12-07 13:00:00.000,A13,FLASH,0,132945,13,0,50,7,12,2025
2025-12-07 14:00:00.000,A13,FLASH,0,132970,14,0,50,7,12,2025
2025-12-07 15:00:00.000,A13,FLASH,0,132995,15,0,50,7,12,2025
2025-12-07 16:00:00.000,A13,FLASH,0,133020,16,0,50,7,12,2025
2025-12-07 17:00:00.000,A13,FLASH,0,133045,17,0,50,7,12,2025
2025-12-07 18:00:00.000,A13,FLASH,0,133070,18,0,50,7,12,2025
2025-12-08 07:00:00.000,A13,FLASH,0,133299,7,0,50,8,12,2025
2025-12-08 08:00:00.000,A13,FLASH,0,133307,8,0,50,8,12,2025
2025-12-08 09:00:00.000,A13,FLASH,0,133315,9,0,50,8,12,2025
2025-12-08 10:00:00.000,A13,FLASH,0,133323,10,0,50,8,12,2025
2025-12-08 11:00:00.000,A13,FLASH,0,133331,11,0,50,8,12,2025
2025-12-08 12:00:00.000,A13,FLASH,0,133339,12,0,50,8,12,2025
2025-12-08 13:00:00.000,A13,FLASH,0,133347,13,0,50,8,12,2025
2025-12-08 14:00:00.000,A13,FLASH,0,133355,14,0,50,8,12,2025
2025-12-08 15:00:00.000,A13,FLASH,0,133363,15,0,50,8,12,2025
2025-12-08 16:00:00.000,A13,FLASH,0,133371,16,0,50,8,12,2025
2025-12-08 17:00:00.000,A13,FLASH,0,133379,17,0,50,8,12,2025
2025-12-08 18:00:00.000,A13,FLASH,0,133387,18,0,50,8,12,2025
2025-12-09 07:00:00.000,A13,FLASH,0,133395,7,0,50,9,12,2025
2025-12-09 08:00:00.000,A13,FLASH,0,133403,8,0,50,9,12,2025
2025-12-09 09:00:00.000,A13,FLASH,0,133411,9,0,50,9,12,2025
2025-12-09 10:00:00.000,A13,FLASH,0,133419,10,0,50,9,12,2025
2025-12-09 11:00:00.000,A13,FLASH,0,133427,11,0,50,9,12,2025
2025-12-09 12:00:00.000,A13,FLASH,0,133435,12,0,50,9,12,2025
2025-12-09 13:00:00.000,A13,FLASH,0,133443,13,0,50,9,12,2025
2025-12-09 14:00:00.000,A13,FLASH,0,133451,14,0,50,9,12,2025
2025-12-09 15:00:00.000,A13,FLASH,0,133459,15,0,50,9,12,2025
2025-12-09 16:00:00.000,A13,FLASH,0,133467,16,0,50,9,12,2025
2025-12-09 17:00:00.000,A13,FLASH,0,133475,17,0,50,9,12,2025
2025-12-09 18:00:00.000,A13,FLASH,0,133483,18,0,50,9,12,2025
2025-12-10 07:00:00.000,A13,FLASH,0,133491,7,0,50,10,12,2025
2025-12-10 08:00:00.000,A13,FLASH,0,133499,8,0,50,10,12,2025
2025-12-10 09:00:00.000,A13,FLASH,0,133507,9,0,50,10,12,2025
2025-12-10 10:00:00.000,A13,FLASH,0,133515,10,0,50,10,12,2025
2025-12-10 11:00:00.000,A13,FLASH,0,133523,11,0,50,10,12,2025
2025-12-10 12:00:00.000,A13,FLASH,0,133531,12,0,50,10,12,2025
2025-12-10 13:00:00.000,A13,FLASH,0,133539,13,0,50,10,12,2025
2025-12-10 14:00:00.000,A13,FLASH,0,133547,14,0,50,10,12,2025
2025-12-10 15:00:00.000,A13,FLASH,0,133555,15,0,50,10,12,2025
2025-12-10 16:00:00.000,A13,FLASH,0,133563,16,0,50,10,12,2025
2025-12-10 17:00:00.000,A13,FLASH,0,133571,17,0,50,10,12,2025
2025-12-10 18:00:00.000,A13,FLASH,0,133579,18,0,50,10,12,2025
2025-12-11 07:00:00.000,A13,FLASH,0,133587,7,0,50,11,12,2025
2025-12-11 08:00:00.000,A13,FLASH,0,133595,8,0,50,11,12,2025
2025-12-11 09:00:00.000,A13,FLASH,0,133603,9,0,50,11,12,2025
2025-12-11 10:00:00.000,A13,FLASH,0,133611,10,0,50,11,12,2025
2025-12-11 11:00:00.000,A13,FLASH,0,133619,11,0,50,11,12,2025
2025-12-11 12:00:00.000,A13,FLASH,0,133627,12,0,50,11,12,2025
2025-12-11 13:00:00.000,A13,FLASH,0,133635,13,0,50,11,12,2025
2025-12-11 14:00:00.000,A13,FLASH,0,133643,14,0,50,11,12,2025
2025-12-11 15:00:00.000,A13,FLASH,0,133651,15,0,50,11,12,2025
2025-12-11 16:00:00.000,A13,FLASH,0,133659,16,0,50,11,12,2025
2025-12-11 17:00:00.000,A13,FLASH,0,133667,17,0,50,11,12,2025
2025-12-11 18:00:00.000,A13,FLASH,0,133675,18,0,50,11,12,2025
2025-12-12 07:00:00.000,A13,FLASH,0,133683,7,0,50,12,12,2025
2025-12-12 08:00:00.000,A13,FLASH,0,133691,8,0,50,12,12,2025
2025-12-12 09:00:00.000,A13,FLASH,0,133699,9,0,50,12,12,2025
2025-12-12 10:00:00.000,A13,FLASH,0,133707,10,0,50,12,12,2025
2025-12-12 11:00:00.000,A13,FLASH,0,133715,11,0,50,12,12,2025
2025-12-12 12:00:00.000,A13,FLASH,0,133723,12,0,50,12,12,2025
2025-12-12 13:00:00.000,A13,FLASH,0,133731,13,0,50,12,12,2025
2025-12-12 14:00:00.000,A13,FLASH,0,133739,14,0,50,12,12,2025
2025-12-12 15:00:00.000,A13,FLASH,0,133747,15,0,50,12,12,2025
2025-12-12 16:00:00.000,A13,FLASH,0,133755,16,0,50,12,12,2025
2025-12-12 17:00:00.000,A13,FLASH,0,133763,17,0,50,12,12,2025
2025-12-12 18:00:00.000,A13,FLASH,0,133771,18,0,50,12,12,2025
2025-12-12 19:00:00.000,A13,FLASH,0,133779,19,0,50,12,12,2025
2025-12-12 20:00:00.000,A13,FLASH,0,133787,20,0,50,12,12,2025
2025-12-12 21:00:00.000,A13,FLASH,0,133795,21,0,50,12,12,2025
2025-12-13 07:00:00.000,A13,FLASH,0,133803,7,0,50,13,12,2025
2025-12-13 08:00:00.000,A13,FLASH,0,133828,8,0,50,13,12,2025
2025-12-13 09:00:00.000,A13,FLASH,0,133853,9,0,50,13,12,2025
2025-12-13 10:00:00.000,A13,FLASH,0,133878,10,0,50,13,12,2025
2025-12-13 11:00:00.000,A13,FLASH,0,133903,11,0,50,13,12,2025
2025-12-13 12:00:00.000,A13,FLASH,0,133928,12,0,50,13,12,2025
2025-12-13 13:00:00.000,A13,FLASH,0,133953,13,0,50,13,12,2025
2025-12-13 14:00:00.000,A13,FLASH,0,133978,14,0,50,13,12,2025
2025-12-13 15:00:00.000,A13,FLASH,0,134003,15,0,50,13,12,2025
2025-12-13 16:00:00.000,A13,FLASH,0,134028,16,0,50,13,12,2025
2025-12-13 17:00:00.000,A13,FLASH,0,134053,17,0,50,13,12,2025
2025-12-13 18:00:00.000,A13,FLASH,0,134078,18,0,50,13,12,2025
2025-12-13 19:00:00.000,A13,FLASH,0,134103,19,0,50,13,12,2025
2025-12-13 20:00:00.000,A13,FLASH,0,134128,20,0,50,13,12,2025
2025-12-13 21:00:00.000,A13,FLASH,0,134153,21,0,50,13,12,2025
2025-12-14 07:00:00.000,A13,FLASH,0,134331,7,0,51,14,12,2025
2025-12-14 08:00:00.000,A13,FLASH,0,134356,8,0,51,14,12,2025
2025-12-14 09:00:00.000,A13,FLASH,0,134381,9,0,51,14,12,2025
2025-12-14 10:00:00.000,A13,FLASH,0,134406,10,0,51,14,12,2025
2025-12-14 11:00:00.000,A13,FLASH,0,134431,11,0,51,14,12,2025
2025-12-14 12:00:00.000,A13,FLASH,0,134456,12,0,51,14,12,2025
2025-12-14 13:00:00.000,A13,FLASH,0,134481,13,0,51,14,12,2025
2025-12-14 14:00:00.000,A13,FLASH,0,134506,14,0,51,14,12,2025
2025-12-14 15:00:00.000,A13,FLASH,0,134531,15,0,51,14,12,2025
2025-12-14 16:00:00.000,A13,FLASH,0,134556,16,0,51,14,12,2025
2025-12-14 17:00:00.000,A13,FLASH,0,134581,17,0,51,14,12,2025
2025-12-14 18:00:00.000,A13,FLASH,0,134606,18,0,51,14,12,2025
2025-12-15 07:00:00.000,A13,FLASH,0,134835,7,0,51,15,12,2025
2025-12-15 08:00:00.000,A13,FLASH,0,134843,8,0,51,15,12,2025
2025-12-15 09:00:00.000,A13,FLASH,0,134851,9,0,51,15,12,2025
2025-12-15 10:00:00.000,A13,FLASH,0,134859,10,0,51,15,12,2025
2025-12-15 11:00:00.000,A13,FLASH,0,134867,11,0,51,15,12,2025
2025-12-15 12:00:00.000,A13,FLASH,0,134875,12,0,51,15,12,2025
2025-12-15 13:00:00.000,A13,FLASH,0,134883,13,0,51,15,12,2025
2025-12-15 14:00:00.000,A13,FLASH,0,134891,14,0,51,15,12,2025
2025-12-15 15:00:00.000,A13,FLASH,0,134899,15,0,51,15,12,2025
2025-12-15 16:00:00.000,A13,FLASH,0,134907,16,0,51,15,12,2025
2025-12-15 17:00:00.000,A13,FLASH,0,134915,17,0,51,15,12,2025
2025-12-15 18:00:00.000,A13,FLASH,0,134923,18,0,51,15,12,2025
2025-12-16 07:00:00.000,A13,FLASH,0,134931,7,0,51,16,12,2025
2025-12-16 08:00:00.000,A13,FLASH,0,134939,8,0,51,16,12,2025
2025-12-16 09:00:00.000,A13,FLASH,0,134947,9,0,51,16,12,2025
2025-12-16 10:00:00.000,A13,FLASH,0,134955,10,0,51,16,12,2025
2025-12-16 11:00:00.000,A13,FLASH,0,134963,11,0,51,16,12,2025
2025-12-16 12:00:00.000,A13,FLASH,0,134971,12,0,51,16,12,2025
2025-12-16 13:00:00.000,A13,FLASH,0,134979,13,0,51,16,12,2025
2025-12-16 14:00:00.000,A13,FLASH,0,134987,14,0,51,16,12,2025
2025-12-16 15:00:00.000,A13,FLASH,0,134995,15,0,51,16,12,2025
2025-12-16 16:00:00.000,A13,FLASH,0,135003,16,0,51,16,12,2025
2025-12-16 17:00:00.000,A13,FLASH,0,135011,17,0,51,16,12,2025
2025-12-16 18:00:00.000,A13,FLASH,0,135019,18,0,51,16,12,2025
2025-12-17 07:00:00.000,A13,FLASH,0,135027,7,0,51,17,12,2025
2025-12-17 08:00:00.000,A13,FLASH,0,135035,8,0,51,17,12,2025
2025-12-17 09:00:00.000,A13,FLASH,0,135043,9,0,51,17,12,2025
2025-12-17 10:00:00.000,A13,FLASH,0,135051,10,0,51,17,12,2025
2025-12-17 11:00:00.000,A13,FLASH,0,135075,11,0,51,17,12,2025
2025-12-17 12:00:00.000,A13,FLASH,0,135099,12,0,51,17,12,2025
2025-12-17 13:00:00.000,A13,FLASH,0,135123,13,0,51,17,12,2025
2025-12-17 14:00:00.000,A13,FLASH,0,135147,14,0,51,17,12,2025
2025-12-17 15:00:00.000,A13,FLASH,0,135175,15,0,51,17,12,2025
2025-12-17 16:00:00.000,A13,FLASH,0,135202,16,0,51,17,12,2025
2025-12-17 17:00:00.000,A13,FLASH,0,135229,17,0,51,17,12,2025
2025-12-17 18:00:00.000,A13,FLASH,0,135256,18,0,51,17,12,2025
2025-12-17 19:00:00.000,A13,FLASH,0,135283,19,0,51,17,12,2025
2025-12-17 20:00:00.000,A13,FLASH,0,135310,20,0,51,17,12,2025
2025-12-17 21:00:00.000,A13,FLASH,0,135337,21,0,51,17,12,2025
2025-12-18 07:00:00.000,A13,FLASH,0,135535,7,0,51,18,12,2025
2025-12-18 08:00:00.000,A13,FLASH,0,135543,8,0,51,18,12,2025
2025-12-18 09:00:00.000,A13,FLASH,0,135551,9,0,51,18,12,2025
2025-12-18 10:00:00.000,A13,FLASH,0,135577,10,0,51,18,12,2025
2025-12-18 11:00:00.000,A13,FLASH,0,135603,11,0,51,18,12,2025
2025-12-18 12:00:00.000,A13,FLASH,0,135629,12,0,51,18,12,2025
2025-12-18 13:00:00.000,A13,FLASH,0,135655,13,0,51,18,12,2025
2025-12-18 14:00:00.000,A13,FLASH,0,135681,14,0,51,18,12,2025
2025-12-18 15:00:00.000,A13,FLASH,0,135707,15,0,51,18,12,2025
2025-12-18 16:00:00.000,A13,FLASH,0,135733,16,0,51,18,12,2025
2025-12-18 17:00:00.000,A13,FLASH,0,135759,17,0,51,18,12,2025
2025-12-18 18:00:00.000,A13,FLASH,0,135785,18,0,51,18,12,2025
2025-12-19 07:00:00.000,A13,FLASH,0,136027,7,0,51,19,12,2025
2025-12-19 08:00:00.000,A13,FLASH,0,136052,8,0,51,19,12,2025
2025-12-19 09:00:00.000,A13,FLASH,0,136060,9,0,51,19,12,2025
2025-12-19 10:00:00.000,A13,FLASH,0,136085,10,0,51,19,12,2025
2025-12-19 11:00:00.000,A13,FLASH,0,136110,11,0,51,19,12,2025
2025-12-19 12:00:00.000,A13,FLASH,0,136135,12,0,51,19,12,2025
2025-12-19 13:00:00.000,A13,FLASH,0,136160,13,0,51,19,12,2025
2025-12-19 14:00:00.000,A13,FLASH,0,136185,14,0,51,19,12,2025
2025-12-19 15:00:00.000,A13,FLASH,0,136210,15,0,51,19,12,2025
2025-12-19 16:00:00.000,A13,FLASH,0,136235,16,0,51,19,12,2025
2025-12-19 17:00:00.000,A13,FLASH,0,136260,17,0,51,19,12,2025
2025-12-19 18:00:00.000,A13,FLASH,0,136285,18,0,51,19,12,2025
2025-12-19 19:00:00.000,A13,FLASH,0,136310,19,0,51,19,12,2025
2025-12-19 20:00:00.000,A13,FLASH,0,136335,20,0,51,19,12,2025
2025-12-19 21:00:00.000,A13,FLASH,0,136360,21,0,51,19,12,2025
2025-12-20 07:00:00.000,A13,FLASH,0,136538,7,0,51,20,12,2025
2025-12-20 08:00:00.000,A13,FLASH,0,136563,8,0,51,20,12,2025
2025-12-20 09:00:00.000,A13,FLASH,0,136588,9,0,51,20,12,2025
2025-12-20 10:00:00.000,A13,FLASH,0,136613,10,0,51,20,12,2025
2025-12-20 11:00:00.000,A13,FLASH,0,136638,11,0,51,20,12,2025
2025-12-20 12:00:00.000,A13,FLASH,0,136663,12,0,51,20,12,2025
2025-12-20 13:00:00.000,A13,FLASH,0,136688,13,0,51,20,12,2025
2025-12-20 14:00:00.000,A13,FLASH,0,136713,14,0,51,20,12,2025
2025-12-20 15:00:00.000,A13,FLASH,0,136738,15,0,51,20,12,2025
2025-12-20 16:00:00.000,A13,FLASH,0,136763,16,0,51,20,12,2025
2025-12-20 17:00:00.000,A13,FLASH,0,136788,17,0,51,20,12,2025
2025-12-20 18:00:00.000,A13,FLASH,0,136813,18,0,51,20,12,2025
2025-12-20 19:00:00.000,A13,FLASH,0,136838,19,0,51,20,12,2025
2025-12-20 20:00:00.000,A13,FLASH,0,136863,20,0,51,20,12,2025
2025-12-20 21:00:00.000,A13,FLASH,0,136888,21,0,51,20,12,2025
2025-12-21 07:00:00.000,A13,FLASH,0,137066,7,0,52,21,12,2025
2025-12-21 08:00:00.000,A13,FLASH,0,137090,8,0,52,21,12,2025
2025-12-21 09:00:00.000,A13,FLASH,0,137114,9,0,52,21,12,2025
2025-12-21 10:00:00.000,A13,FLASH,0,137138,10,0,52,21,12,2025
2025-12-21 11:00:00.000,A13,FLASH,0,137162,11,0,52,21,12,2025
2025-12-21 12:00:00.000,A13,FLASH,0,137186,12,0,52,21,12,2025
2025-12-21 13:00:00.000,A13,FLASH,0,137210,13,0,52,21,12,2025
2025-12-21 14:00:00.000,A13,FLASH,0,137234,14,0,52,21,12,2025
2025-12-21 15:00:00.000,A13,FLASH,0,137258,15,0,52,21,12,2025
2025-12-21 16:00:00.000,A13,FLASH,0,137282,16,0,52,21,12,2025
2025-12-21 17:00:00.000,A13,FLASH,0,137306,17,0,52,21,12,2025
2025-12-21 18:00:00.000,A13,FLASH,0,137330,18,0,52,21,12,2025
2025-12-21 19:00:00.000,A13,FLASH,0,137354,19,0,52,21,12,2025
2025-12-21 20:00:00.000,A13,FLASH,0,137378,20,0,52,21,12,2025
2025-12-21 21:00:00.000,A13,FLASH,0,137402,21,0,52,21,12,2025
2025-12-22 07:00:00.000,A13,FLASH,0,137570,7,0,52,22,12,2025
2025-12-22 08:00:00.000,A13,FLASH,0,137594,8,0,52,22,12,2025
2025-12-22 09:00:00.000,A13,FLASH,0,137618,9,0,52,22,12,2025
2025-12-22 10:00:00.000,A13,FLASH,0,137642,10,0,52,22,12,2025
2025-12-22 11:00:00.000,A13,FLASH,0,137666,11,0,52,22,12,2025
2025-12-22 12:00:00.000,A13,FLASH,0,137690,12,0,52,22,12,2025
2025-12-22 13:00:00.000,A13,FLASH,0,137714,13,0,52,22,12,2025
2025-12-22 14:00:00.000,A13,FLASH,0,137738,14,0,52,22,12,2025
2025-12-22 15:00:00.000,A13,FLASH,0,137762,15,0,52,22,12,2025
2025-12-22 16:00:00.000,A13,FLASH,0,137787,16,0,52,22,12,2025
2025-12-22 17:00:00.000,A13,FLASH,0,137812,17,0,52,22,12,2025
2025-12-22 18:00:00.000,A13,FLASH,0,137837,18,0,52,22,12,2025
2025-12-22 19:00:00.000,A13,FLASH,0,137862,19,0,52,22,12,2025
2025-12-22 20:00:00.000,A13,FLASH,0,137887,20,0,52,22,12,2025
2025-12-22 21:00:00.000,A13,FLASH,0,137912,21,0,52,22,12,2025
2025-12-23 07:00:00.000,A13,FLASH,0,138090,7,0,52,23,12,2025
2025-12-23 08:00:00.000,A13,FLASH,0,138115,8,0,52,23,12,2025
2025-12-23 09:00:00.000,A13,FLASH,0,138140,9,0,52,23,12,2025
2025-12-23 10:00:00.000,A13,FLASH,0,138165,10,0,52,23,12,2025
2025-12-23 11:00:00.000,A13,FLASH,0,138190,11,0,52,23,12,2025
2025-12-23 12:00:00.000,A13,FLASH,0,138215,12,0,52,23,12,2025
2025-12-23 13:00:00.000,A13,FLASH,0,138240,13,0,52,23,12,2025
2025-12-23 14:00:00.000,A13,FLASH,0,138265,14,0,52,23,12,2025
2025-12-23 15:00:00.000,A13,FLASH,0,138290,15,0,52,23,12,2025
2025-12-23 16:00:00.000,A13,FLASH,0,138315,16,0,52,23,12,2025
2025-12-23 17:00:00.000,A13,FLASH,0,138340,17,0,52,23,12,2025
2025-12-23 18:00:00.000,A13,FLASH,0,138365,18,0,52,23,12,2025
2025-12-23 19:00:00.000,A13,FLASH,0,138390,19,0,52,23,12,2025
2025-12-23 20:00:00.000,A13,FLASH,0,138415,20,0,52,23,12,2025
2025-12-23 21:00:00.000,A13,FLASH,0,138440,21,0,52,23,12,2025
2025-12-24 07:00:00.000,A13,FLASH,0,138618,7,0,52,24,12,2025
2025-12-24 08:00:00.000,A13,FLASH,0,138643,8,0,52,24,12,2025
2025-12-24 09:00:00.000,A13,FLASH,0,138668,9,0,52,24,12,2025
2025-12-24 10:00:00.000,A13,FLASH,0,138693,10,0,52,24,12,2025
2025-12-24 11:00:00.000,A13,FLASH,0,138718,11,0,52,24,12,2025
2025-12-24 12:00:00.000,A13,FLASH,0,138743,12,0,52,24,12,2025
2025-12-24 13:00:00.000,A13,FLASH,0,138768,13,0,52,24,12,2025
2025-12-24 14:00:00.000,A13,FLASH,0,138793,14,0,52,24,12,2025
2025-12-24 15:00:00.000,A13,FLASH,0,138818,15,0,52,24,12,2025
2025-12-24 16:00:00.000,A13,FLASH,0,138843,16,0,52,24,12,2025
2025-12-24 17:00:00.000,A13,FLASH,0,138868,17,0,52,24,12,2025
2025-12-24 18:00:00.000,A13,FLASH,0,138893,18,0,52,24,12,2025
2025-12-25 07:00:00.000,A13,FLASH,0,139122,7,0,52,25,12,2025
2025-12-25 08:00:00.000,A13,FLASH,0,139147,8,0,52,25,12,2025
2025-12-25 09:00:00.000,A13,FLASH,0,139172,9,0,52,25,12,2025
2025-12-25 10:00:00.000,A13,FLASH,0,139197,10,0,52,25,12,2025
2025-12-25 11:00:00.000,A13,FLASH,0,139222,11,0,52,25,12,2025
2025-12-25 12:00:00.000,A13,FLASH,0,139247,12,0,52,25,12,2025
2025-12-25 13:00:00.000,A13,FLASH,0,139272,13,0,52,25,12,2025
2025-12-25 14:00:00.000,A13,FLASH,0,139297,14,0,52,25,12,2025
2025-12-25 15:00:00.000,A13,FLASH,0,139322,15,0,52,25,12,2025
2025-12-25 16:00:00.000,A13,FLASH,0,139347,16,0,52,25,12,2025
2025-12-25 17:00:00.000,A13,FLASH,0,139372,17,0,52,25,12,2025
2025-12-25 18:00:00.000,A13,FLASH,0,139397,18,0,52,25,12,2025
2025-12-25 19:00:00.000,A13,FLASH,0,139422,19,0,52,25,12,2025
2025-12-25 20:00:00.000,A13,FLASH,0,139447,20,0,52,25,12,2025
2025-12-25 21:00:00.000,A13,FLASH,0,139472,21,0,52,25,12,2025
2025-12-26 07:00:00.000,A13,FLASH,0,139650,7,0,52,26,12,2025
2025-12-26 08:00:00.000,A13,FLASH,0,139675,8,0,52,26,12,2025
2025-12-26 09:00:00.000,A13,FLASH,0,139700,9,0,52,26,12,2025
2025-12-26 10:00:00.000,A13,FLASH,0,139725,10,0,52,26,12,2025
2025-12-26 11:00:00.000,A13,FLASH,0,139750,11,0,52,26,12,2025
2025-12-26 12:00:00.000,A13,FLASH,0,139775,12,0,52,26,12,2025
2025-12-26 13:00:00.000,A13,FLASH,0,139800,13,0,52,26,12,2025
2025-12-26 14:00:00.000,A13,FLASH,0,139825,14,0,52,26,12,2025
2025-12-26 15:00:00.000,A13,FLASH,0,139850,15,0,52,26,12,2025
2025-12-26 16:00:00.000,A13,FLASH,0,139875,16,0,52,26,12,2025
2025-12-26 17:00:00.000,A13,FLASH,0,139900,17,0,52,26,12,2025
2025-12-26 18:00:00.000,A13,FLASH,0,139925,18,0,52,26,12,2025
2025-12-26 19:00:00.000,A13,FLASH,0,139950,19,0,52,26,12,2025
2025-12-26 20:00:00.000,A13,FLASH,0,139975,20,0,52,26,12,2025
2025-12-26 21:00:00.000,A13,FLASH,0,140000,21,0,52,26,12,2025
2025-12-27 07:00:00.000,A13,FLASH,0,140178,7,0,52,27,12,2025
2025-12-27 08:00:00.000,A13,FLASH,0,140203,8,0,52,27,12,2025
2025-12-27 09:00:00.000,A13,FLASH,0,140228,9,0,52,27,12,2025
2025-12-27 10:00:00.000,A13,FLASH,0,140253,10,0,52,27,12,2025
2025-12-27 11:00:00.000,A13,FLASH,0,140278,11,0,52,27,12,2025
2025-12-27 12:00:00.000,A13,FLASH,0,140303,12,0,52,27,12,2025
2025-12-27 13:00:00.000,A13,FLASH,0,140328,13,0,52,27,12,2025
2025-12-27 14:00:00.000,A13,FLASH,0,140353,14,0,52,27,12,2025
2025-12-27 15:00:00.000,A13,FLASH,0,140378,15,0,52,27,12,2025
2025-12-27 16:00:00.000,A13,FLASH,0,140403,16,0,52,27,12,2025
2025-12-27 17:00:00.000,A13,FLASH,0,140428,17,0,52,27,12,2025
2025-12-27 18:00:00.000,A13,FLASH,0,140453,18,0,52,27,12,2025
2025-12-27 19:00:00.000,A13,FLASH,0,140478,19,0,52,27,12,2025
2025-12-27 20:00:00.000,A13,FLASH,0,140503,20,0,52,27,12,2025
2025-12-27 21:00:00.000,A13,FLASH,0,140528,21,0,52,27,12,2025
2025-12-28 07:00:00.000,A13,FLASH,0,140706,7,0,1,28,12,2025
2025-12-28 08:00:00.000,A13,FLASH,0,140731,8,0,1,28,12,2025
2025-12-28 09:00:00.000,A13,FLASH,0,140755,9,0,1,28,12,2025
2025-12-28 10:00:00.000,A13,FLASH,0,140779,10,0,1,28,12,2025
2025-12-28 11:00:00.000,A13,FLASH,0,140803,11,0,1,28,12,2025
2025-12-28 12:00:00.000,A13,FLASH,0,140827,12,0,1,28,12,2025
2025-12-28 13:00:00.000,A13,FLASH,0,140851,13,0,1,28,12,2025
2025-12-28 14:00:00.000,A13,FLASH,0,140875,14,0,1,28,12,2025
2025-12-28 15:00:00.000,A13,FLASH,0,140899,15,0,1,28,12,2025
2025-12-28 16:00:00.000,A13,FLASH,0,140923,16,0,1,28,12,2025
2025-12-28 17:00:00.000,A13,FLASH,0,140947,17,0,1,28,12,2025
2025-12-28 18:00:00.000,A13,FLASH,0,140971,18,0,1,28,12,2025
2025-12-28 19:00:00.000,A13,FLASH,0,140995,19,0,1,28,12,2025
2025-12-28 20:00:00.000,A13,FLASH,0,141019,20,0,1,28,12,2025
2025-12-28 21:00:00.000,A13,FLASH,0,141043,21,0,1,28,12,2025
2025-12-29 07:00:00.000,A13,FLASH,0,141211,7,0,1,29,12,2025
2025-12-29 08:00:00.000,A13,FLASH,0,141235,8,0,1,29,12,2025
2025-12-29 09:00:00.000,A13,FLASH,0,141259,9,0,1,29,12,2025
2025-12-29 10:00:00.000,A13,FLASH,0,141283,10,0,1,29,12,2025
2025-12-29 11:00:00.000,A13,FLASH,0,141307,11,0,1,29,12,2025
2025-12-29 12:00:00.000,A13,FLASH,0,141331,12,0,1,29,12,2025
2025-12-29 13:00:00.000,A13,FLASH,0,141355,13,0,1,29,12,2025
2025-12-29 14:00:00.000,A13,FLASH,0,141379,14,0,1,29,12,2025
2025-12-29 15:00:00.000,A13,FLASH,0,141403,15,0,1,29,12,2025
2025-12-29 16:00:00.000,A13,FLASH,0,141427,16,0,1,29,12,2025
2025-12-29 17:00:00.000,A13,FLASH,0,141451,17,0,1,29,12,2025
2025-12-29 18:00:00.000,A13,FLASH,0,141475,18,0,1,29,12,2025
2025-12-29 19:00:00.000,A13,FLASH,0,141499,19,0,1,29,12,2025
2025-12-29 20:00:00.000,A13,FLASH,0,141523,20,0,1,29,12,2025
2025-12-29 21:00:00.000,A13,FLASH,0,141547,21,0,1,29,12,2025
2025-12-30 07:00:00.000,A13,FLASH,0,141715,7,0,1,30,12,2025
2025-12-30 08:00:00.000,A13,FLASH,0,141739,8,0,1,30,12,2025
2025-12-30 09:00:00.000,A13,FLASH,0,141763,9,0,1,30,12,2025
2025-12-30 10:00:00.000,A13,FLASH,0,141787,10,0,1,30,12,2025
2025-12-30 11:00:00.000,A13,FLASH,0,141811,11,0,1,30,12,2025
2025-12-30 12:00:00.000,A13,FLASH,0,141835,12,0,1,30,12,2025
2025-12-30 13:00:00.000,A13,FLASH,0,141859,13,0,1,30,12,2025
2025-12-30 14:00:00.000,A13,FLASH,0,141883,14,0,1,30,12,2025
2025-12-30 15:00:00.000,A13,FLASH,0,141907,15,0,1,30,12,2025
2025-12-30 16:00:00.000,A13,FLASH,0,141931,16,0,1,30,12,2025
2025-12-30 17:00:00.000,A13,FLASH,0,141955,17,0,1,30,12,2025
2025-12-30 18:00:00.000,A13,FLASH,0,141979,18,0,1,30,12,2025
2025-12-30 19:00:00.000,A13,FLASH,0,142003,19,0,1,30,12,2025
2025-12-30 20:00:00.000,A13,FLASH,0,142027,20,0,1,30,12,2025
2025-12-30 21:00:00.000,A13,FLASH,0,142051,21,0,1,30,12,2025
2025-12-31 07:00:00.000,A13,FLASH,0,142219,7,0,1,31,12,2025
2025-12-31 08:00:00.000,A13,FLASH,0,142243,8,0,1,31,12,2025
2025-12-31 09:00:00.000,A13,FLASH,0,142267,9,0,1,31,12,2025
2025-12-31 10:00:00.000,A13,FLASH,0,142291,10,0,1,31,12,2025
2025-12-31 11:00:00.000,A13,FLASH,0,142315,11,0,1,31,12,2025
2025-12-31 12:00:00.000,A13,FLASH,0,142339,12,0,1,31,12,2025
2025-12-31 13:00:00.000,A13,FLASH,0,142363,13,0,1,31,12,2025
2025-12-31 14:00:00.000,A13,FLASH,0,142387,14,0,1,31,12,2025
2025-12-31 15:00:00.000,A13,FLASH,0,142411,15,0,1,31,12,2025
2025-12-31 16:00:00.000,A13,FLASH,0,142435,16,0,1,31,12,2025
2025-12-31 17:00:00.000,A13,FLASH,0,142459,17,0,1,31,12,2025
2025-12-31 18:00:00.000,A13,FLASH,0,142483,18,0,1,31,12,2025
2025-12-31 19:00:00.000,A13,FLASH,0,142507,19,0,1,31,12,2025
2025-12-31 20:00:00.000,A13,FLASH,0,142531,20,0,1,31,12,2025
2025-12-31 21:00:00.000,A13,FLASH,0,142555,21,0,1,31,12,2025
