date,id_attraction,attraction_name,visitor_count,id,hour,min,week,day,month,year
2025-01-01 00:00:00.000,H15,LA MACHINE A VOYAGER DANS LE TEMPS,0,15,0,0,1,1,1,2025
2025-01-01 01:00:00.000,H15,LA MACHINE A VOYAGER DANS LE TEMPS,0,31,1,0,1,1,1,2025
2025-01-01 02:00:00.000,H15,LA MACHINE A VOYAGER DANS LE TEMPS,0,47,2,0,1,1,1,2025
2025-01-01 03:00:00.000,H15,LA MACHINE A VOYAGER DANS LE TEMPS,0,63,3,0,1,1,1,2025
2025-01-01 04:00:00.000,H15,LA MACHINE A VOYAGER DANS LE TEMPS,0,79,4,0,1,1,1,2025
2025-01-01 05:00:00.000,H15,LA MACHINE A VOYAGER DANS LE TEMPS,0,95,5,0,1,1,1,2025
2025-01-01 06:00:00.000,H15,LA MACHINE A VOYAGER DANS LE TEMPS,0,111,6,0,1,1,1,2025
2025-01-01 07:00:00.000,H15,LA MACHINE A VOYAGER DANS LE TEMPS,0,127,7,0,1,1,1,2025
2025-01-01 08:00:00.000,H15,LA MACHINE A VOYAGER DANS LE TEMPS,0,143,8,0,1,1,1,2025
2025-01-01 09:00:00.000,H15,LA MACHINE A VOYAGER DANS LE TEMPS,118,159,9,0,1,1,1,2025
2025-01-01 10:00:00.000,H15,LA MACHINE A VOYAGER DANS LE TEMPS,655,175,10,0,1,1,1,2025
2025-01-01 11:00:00.000,H15,LA MACHINE A VOYAGER DANS LE TEMPS,785,191,11,0,1,1,1,2025
2025-01-01 12:00:00.000,H15,LA MACHINE A VOYAGER DANS LE TEMPS,742,207,12,0,1,1,1,2025
2025-01-01 13:00:00.000,H15,LA MACHINE A VOYAGER DANS LE TEMPS,671,223,13,0,1,1,1,2025
2025-01-01 14:00:00.000,H15,LA MACHINE A VOYAGER DANS LE TEMPS,579,239,14,0,1,1,1,2025
2025-01-01 15:00:00.000,H15,LA MACHINE A VOYAGER DANS LE TEMPS,616,255,15,0,1,1,1,2025
2025-01-01 16:00:00.000,H15,LA MACHINE A VOYAGER DANS LE TEMPS,526,271,16,0,1,1,1,2025
2025-01-01 17:00:00.000,H15,LA MACHINE A VOYAGER DANS LE TEMPS,557,287,17,0,1,1,1,2025
2025-01-01 18:00:00.000,H15,LA MACHINE A VOYAGER DANS LE TEMPS,328,303,18,0,1,1,1,2025
2025-01-01 19:00:00.000,H15,LA MACHINE A VOYAGER DANS LE TEMPS,121,319,19,0,1,1,1,2025
2025-01-01 20:00:00.000,H15,LA MACHINE A VOYAGER DANS LE TEMPS,14,335,20,0,1,1,1,2025
2025-01-01 21:00:00.000,H15,LA MACHINE A VOYAGER DANS LE TEMPS,6,351,21,0,1,1,1,2025
2025-01-01 22:00:00.000,H15,LA MACHINE A VOYAGER DANS LE TEMPS,0,367,22,0,1,1,1,2025
2025-01-01 23:00:00.000,H15,LA MACHINE A VOYAGER DANS LE TEMPS,0,383,23,0,1,1,1,2025
2025-01-02 00:00:00.000,H15,LA MACHINE A VOYAGER DANS LE TEMPS,0,399,0,0,1,2,1,2025
2025-01-02 01:00:00.000,H15,LA MACHINE A VOYAGER DANS LE TEMPS,0,415,1,0,1,2,1,2025
2025-01-02 02:00:00.000,H15,LA MACHINE A VOYAGER DANS LE TEMPS,0,431,2,0,1,2,1,2025
2025-01-02 03:00:00.000,H15,LA MACHINE A VOYAGER DANS LE TEMPS,0,447,3,0,1,2,1,2025
2025-01-02 04:00:00.000,H15,LA MACHINE A VOYAGER DANS LE TEMPS,0,463,4,0,1,2,1,2025
2025-01-02 05:00:00.000,H15,LA MACHINE A VOYAGER DANS LE TEMPS,0,479,5,0,1,2,1,2025
2025-01-02 06:00:00.000,H15,LA MACHINE A VOYAGER DANS LE TEMPS,0,495,6,0,1,2,1,2025
2025-01-02 07:00:00.000,H15,LA MACHINE A VOYAGER DANS LE TEMPS,0,511,7,0,1,2,1,2025
2025-01-02 08:00:00.000,H15,LA MACHINE A VOYAGER DANS LE TEMPS,0,527,8,0,1,2,1,2025
2025-01-02 09:00:00.000,H15,LA MACHINE A VOYAGER DANS LE TEMPS,72,543,9,0,1,2,1,2025
2025-01-02 10:00:00.000,H15,LA MACHINE A VOYAGER DANS LE TEMPS,648,559,10,0,1,2,1,2025
2025-01-02 11:00:00.000,H15,LA MACHINE A VOYAGER DANS LE TEMPS,826,575,11,0,1,2,1,2025
2025-01-02 12:00:00.000,H15,LA MACHINE A VOYAGER DANS LE TEMPS,714,591,12,0,1,2,1,2025
2025-01-02 13:00:00.000,H15,LA MACHINE A VOYAGER DANS LE TEMPS,603,607,13,0,1,2,1,2025
2025-01-02 14:00:00.000,H15,LA MACHINE A VOYAGER DANS LE TEMPS,659,623,14,0,1,2,1,2025
2025-01-02 15:00:00.000,H15,LA MACHINE A VOYAGER DANS LE TEMPS,598,639,15,0,1,2,1,2025
2025-01-02 16:00:00.000,H15,LA MACHINE A VOYAGER DANS LE TEMPS,682,655,16,0,1,2,1,2025
2025-01-02 17:00:00.000,H15,LA MACHINE A VOYAGER DANS LE TEMPS,655,671,17,0,1,2,1,2025
2025-01-02 18:00:00.000,H15,LA MACHINE A VOYAGER DANS LE TEMPS,476,687,18,0,1,2,1,2025
2025-01-02 19:00:00.000,H15,LA MACHINE A VOYAGER DANS LE TEMPS,385,703,19,0,1,2,1,2025
2025-01-02 20:00:00.000,H15,LA MACHINE A VOYAGER DANS LE TEMPS,23,719,20,0,1,2,1,2025
2025-01-02 21:00:00.000,H15,LA MACHINE A VOYAGER DANS LE TEMPS,11,735,21,0,1,2,1,2025
2025-01-02 22:00:00.000,H15,LA MACHINE A VOYAGER DANS LE TEMPS,0,751,22,0,1,2,1,2025
2025-01-02 23:00:00.000,H15,LA MACHINE A VOYAGER DANS LE TEMPS,0,767,23,0,1,2,1,2025
2025-01-03 00:00:00.000,H15,LA MACHINE A VOYAGER DANS LE TEMPS,0,783,0,0,1,3,1,2025
2025-01-03 01:00:00.000,H15,LA MACHINE A VOYAGER DANS LE TEMPS,0,799,1,0,1,3,1,2025
2025-01-03 02:00:00.000,H15,LA MACHINE A VOYAGER DANS LE TEMPS,0,815,2,0,1,3,1,2025
2025-01-03 03:00:00.000,H15,LA MACHINE A VOYAGER DANS LE TEMPS,0,831,3,0,1,3,1,2025
2025-01-03 04:00:00.000,H15,LA MACHINE A VOYAGER DANS LE TEMPS,0,847,4,0,1,3,1,2025
2025-01-03 05:00:00.000,H15,LA MACHINE A VOYAGER DANS LE TEMPS,0,863,5,0,1,3,1,2025
2025-01-03 06:00:00.000,H15,LA MACHINE A VOYAGER DANS LE TEMPS,0,879,6,0,1,3,1,2025
2025-01-03 07:00:00.000,H15,LA MACHINE A VOYAGER DANS LE TEMPS,0,895,7,0,1,3,1,2025
2025-01-03 08:00:00.000,H15,LA MACHINE A VOYAGER DANS LE TEMPS,0,911,8,0,1,3,1,2025
2025-01-03 09:00:00.000,H15,LA MACHINE A VOYAGER DANS LE TEMPS,132,927,9,0,1,3,1,2025
2025-01-03 10:00:00.000,H15,LA MACHINE A VOYAGER DANS LE TEMPS,753,943,10,0,1,3,1,2025
2025-01-03 11:00:00.000,H15,LA MACHINE A VOYAGER DANS LE TEMPS,841,959,11,0,1,3,1,2025
2025-01-03 12:00:00.000,H15,LA MACHINE A VOYAGER DANS LE TEMPS,772,975,12,0,1,3,1,2025
2025-01-03 13:00:00.000,H15,LA MACHINE A VOYAGER DANS LE TEMPS,646,991,13,0,1,3,1,2025
2025-01-03 14:00:00.000,H15,LA MACHINE A VOYAGER DANS LE TEMPS,680,1007,14,0,1,3,1,2025
2025-01-03 15:00:00.000,H15,LA MACHINE A VOYAGER DANS LE TEMPS,704,1023,15,0,1,3,1,2025
2025-01-03 16:00:00.000,H15,LA MACHINE A VOYAGER DANS LE TEMPS,655,1039,16,0,1,3,1,2025
2025-01-03 17:00:00.000,H15,LA MACHINE A VOYAGER DANS LE TEMPS,756,1055,17,0,1,3,1,2025
2025-01-03 18:00:00.000,H15,LA MACHINE A VOYAGER DANS LE TEMPS,448,1071,18,0,1,3,1,2025
2025-01-03 19:00:00.000,H15,LA MACHINE A VOYAGER DANS LE TEMPS,286,1087,19,0,1,3,1,2025
2025-01-03 20:00:00.000,H15,LA MACHINE A VOYAGER DANS LE TEMPS,35,1103,20,0,1,3,1,2025
2025-01-03 21:00:00.000,H15,LA MACHINE A VOYAGER DANS LE TEMPS,7,1119,21,0,1,3,1,2025
2025-01-03 22:00:00.000,H15,LA MACHINE A VOYAGER DANS LE TEMPS,0,1135,22,0,1,3,1,2025
2025-01-03 23:00:00.000,H15,LA MACHINE A VOYAGER DANS LE TEMPS,0,1151,23,0,1,3,1,2025
2025-01-04 00:00:00.000,H15,LA MACHINE A VOYAGER DANS LE TEMPS,0,1167,0,0,1,4,1,2025
2025-01-04 01:00:00.000,H15,LA MACHINE A VOYAGER DANS LE TEMPS,0,1183,1,0,1,4,1,2025
2025-01-04 02:00:00.000,H15,LA MACHINE A VOYAGER DANS LE TEMPS,0,1199,2,0,1,4,1,2025
2025-01-04 03:00:00.000,H15,LA MACHINE A VOYAGER DANS LE TEMPS,0,1215,3,0,1,4,1,2025
2025-01-04 04:00:00.000,H15,LA MACHINE A VOYAGER DANS LE TEMPS,0,1231,4,0,1,4,1,2025
2025-01-04 05:00:00.000,H15,LA MACHINE A VOYAGER DANS LE TEMPS,0,1247,5,0,1,4,1,2025
2025-01-04 06:00:00.000,H15,LA MACHINE A VOYAGER DANS LE TEMPS,0,1263,6,0,1,4,1,2025
2025-01-04 07:00:00.000,H15,LA MACHINE A VOYAGER DANS LE TEMPS,0,1279,7,0,1,4,1,2025
2025-01-04 08:00:00.000,H15,LA MACHINE A VOYAGER DANS LE TEMPS,0,1295,8,0,1,4,1,2025
2025-01-04 09:00:00.000,H15,LA MACHINE A VOYAGER DANS LE TEMPS,102,1311,9,0,1,4,1,2025
2025-01-04 10:00:00.000,H15,LA MACHINE A VOYAGER DANS LE TEMPS,476,1327,10,0,1,4,1,2025
2025-01-04 11:00:00.000,H15,LA MACHINE A VOYAGER DANS LE TEMPS,610,1343,11,0,1,4,1,2025
2025-01-04 12:00:00.000,H15,LA MACHINE A VOYAGER DANS LE TEMPS,515,1359,12,0,1,4,1,2025
2025-01-04 13:00:00.000,H15,LA MACHINE A VOYAGER DANS LE TEMPS,569,1375,13,0,1,4,1,2025
2025-01-04 14:00:00.000,H15,LA MACHINE A VOYAGER DANS LE TEMPS,388,1391,14,0,1,4,1,2025
2025-01-04 15:00:00.000,H15,LA MACHINE A VOYAGER DANS LE TEMPS,393,1407,15,0,1,4,1,2025
2025-01-04 16:00:00.000,H15,LA MACHINE A VOYAGER DANS LE TEMPS,384,1423,16,0,1,4,1,2025
2025-01-04 17:00:00.000,H15,LA MACHINE A VOYAGER DANS LE TEMPS,376,1439,17,0,1,4,1,2025
2025-01-04 18:00:00.000,H15,LA MACHINE A VOYAGER DANS LE TEMPS,169,1455,18,0,1,4,1,2025
2025-01-04 19:00:00.000,H15,LA MACHINE A VOYAGER DANS LE TEMPS,29,1471,19,0,1,4,1,2025
2025-01-04 20:00:00.000,H15,LA MACHINE A VOYAGER DANS LE TEMPS,17,1487,20,0,1,4,1,2025
2025-01-04 21:00:00.000,H15,LA MACHINE A VOYAGER DANS LE TEMPS,0,1503,21,0,1,4,1,2025
2025-01-04 22:00:00.000,H15,LA MACHINE A VOYAGER DANS LE TEMPS,0,1519,22,0,1,4,1,2025
2025-01-04 23:00:00.000,H15,LA MACHINE A VOYAGER DANS LE TEMPS,0,1535,23,0,1,4,1,2025
2025-01-05 00:00:00.000,H15,LA MACHINE A VOYAGER DANS LE TEMPS,0,1551,0,0,2,5,1,2025
2025-01-05 01:00:00.000,H15,LA MACHINE A VOYAGER DANS LE TEMPS,0,1567,1,0,2,5,1,2025
2025-01-05 02:00:00.000,H15,LA MACHINE A VOYAGER DANS LE TEMPS,0,1583,2,0,2,5,1,2025
2025-01-05 03:00:00.000,H15,LA MACHINE A VOYAGER DANS LE TEMPS,0,1599,3,0,2,5,1,2025
2025-01-05 04:00:00.000,H15,LA MACHINE A VOYAGER DANS LE TEMPS,0,1615,4,0,2,5,1,2025
2025-01-05 05:00:00.000,H15,LA MACHINE A VOYAGER DANS LE TEMPS,0,1631,5,0,2,5,1,2025
2025-01-05 06:00:00.000,H15,LA MACHINE A VOYAGER DANS LE TEMPS,0,1647,6,0,2,5,1,2025
2025-01-05 07:00:00.000,H15,LA MACHINE A VOYAGER DANS LE TEMPS,0,1663,7,0,2,5,1,2025
2025-01-05 08:00:00.000,H15,LA MACHINE A VOYAGER DANS LE TEMPS,0,1679,8,0,2,5,1,2025
2025-01-05 09:00:00.000,H15,LA MACHINE A VOYAGER DANS LE TEMPS,43,1695,9,0,2,5,1,2025
2025-01-05 10:00:00.000,H15,LA MACHINE A VOYAGER DANS LE TEMPS,61,1711,10,0,2,5,1,2025
2025-01-05 11:00:00.000,H15,LA MACHINE A VOYAGER DANS LE TEMPS,63,1727,11,0,2,5,1,2025
2025-01-05 12:00:00.000,H15,LA MACHINE A VOYAGER DANS LE TEMPS,45,1743,12,0,2,5,1,2025
2025-01-05 13:00:00.000,H15,LA MACHINE A VOYAGER DANS LE TEMPS,11,1759,13,0,2,5,1,2025
2025-01-05 14:00:00.000,H15,LA MACHINE A VOYAGER DANS LE TEMPS,22,1775,14,0,2,5,1,2025
2025-01-05 15:00:00.000,H15,LA MACHINE A VOYAGER DANS LE TEMPS,23,1791,15,0,2,5,1,2025
2025-01-05 16:00:00.000,H15,LA MACHINE A VOYAGER DANS LE TEMPS,38,1807,16,0,2,5,1,2025
2025-01-05 17:00:00.000,H15,LA MACHINE A VOYAGER DANS LE TEMPS,4,1823,17,0,2,5,1,2025
2025-01-05 18:00:00.000,H15,LA MACHINE A VOYAGER DANS LE TEMPS,0,1839,18,0,2,5,1,2025
2025-01-05 19:00:00.000,H15,LA MACHINE A VOYAGER DANS LE TEMPS,0,1855,19,0,2,5,1,2025
2025-01-05 20:00:00.000,H15,LA MACHINE A VOYAGER DANS LE TEMPS,0,1871,20,0,2,5,1,2025
2025-01-05 21:00:00.000,H15,LA MACHINE A VOYAGER DANS LE TEMPS,0,1887,21,0,2,5,1,2025
2025-01-05 22:00:00.000,H15,LA MACHINE A VOYAGER DANS LE TEMPS,0,1903,22,0,2,5,1,2025
2025-01-05 23:00:00.000,H15,LA MACHINE A VOYAGER DANS LE TEMPS,0,1919,23,0,2,5,1,2025
2025-01-06 00:00:00.000,H15,LA MACHINE A VOYAGER DANS LE TEMPS,0,1935,0,0,2,6,1,2025
2025-01-06 01:00:00.000,H15,LA MACHINE A VOYAGER DANS LE TEMPS,0,1951,1,0,2,6,1,2025
2025-01-06 02:00:00.000,H15,LA MACHINE A VOYAGER DANS LE TEMPS,0,1967,2,0,2,6,1,2025
2025-01-06 03:00:00.000,H15,LA MACHINE A VOYAGER DANS LE TEMPS,0,1983,3,0,2,6,1,2025
2025-01-06 04:00:00.000,H15,LA MACHINE A VOYAGER DANS LE TEMPS,0,1999,4,0,2,6,1,2025
2025-01-06 05:00:00.000,H15,LA MACHINE A VOYAGER DANS LE TEMPS,0,2015,5,0,2,6,1,2025
2025-01-06 06:00:00.000,H15,LA MACHINE A VOYAGER DANS LE TEMPS,0,2031,6,0,2,6,1,2025
2025-02-04 16:00:00.000,H15,LA MACHINE A VOYAGER DANS LE TEMPS,0,2193,16,0,6,4,2,2025
2025-02-04 17:00:00.000,H15,LA MACHINE A VOYAGER DANS LE TEMPS,0,2211,17,0,6,4,2,2025
2025-02-04 18:00:00.000,H15,LA MACHINE A VOYAGER DANS LE TEMPS,0,2225,18,0,6,4,2,2025
2025-02-04 19:00:00.000,H15,LA MACHINE A VOYAGER DANS LE TEMPS,0,2238,19,0,6,4,2,2025
2025-02-04 20:00:00.000,H15,LA MACHINE A VOYAGER DANS LE TEMPS,0,2251,20,0,6,4,2,2025
2025-02-04 21:00:00.000,H15,LA MACHINE A VOYAGER DANS LE TEMPS,0,2264,21,0,6,4,2,2025
2025-02-04 22:00:00.000,H15,LA MACHINE A VOYAGER DANS LE TEMPS,0,2277,22,0,6,4,2,2025
2025-02-04 23:00:00.000,H15,LA MACHINE A VOYAGER DANS LE TEMPS,0,2290,23,0,6,4,2,2025
2025-02-05 00:00:00.000,H15,LA MACHINE A VOYAGER DANS LE TEMPS,0,2303,0,0,6,5,2,2025
2025-02-05 01:00:00.000,H15,LA MACHINE A VOYAGER DANS LE TEMPS,0,2316,1,0,6,5,2,2025
2025-02-05 02:00:00.000,H15,LA MACHINE A VOYAGER DANS LE TEMPS,0,2329,2,0,6,5,2,2025
2025-02-05 03:00:00.000,H15,LA MACHINE A VOYAGER DANS LE TEMPS,0,2342,3,0,6,5,2,2025
2025-02-05 04:00:00.000,H15,LA MACHINE A VOYAGER DANS LE TEMPS,0,2358,4,0,6,5,2,2025
2025-02-05 05:00:00.000,H15,LA MACHINE A VOYAGER DANS LE TEMPS,0,2374,5,0,6,5,2,2025
2025-02-05 06:00:00.000,H15,LA MACHINE A VOYAGER DANS LE TEMPS,0,2390,6,0,6,5,2,2025
2025-02-05 07:00:00.000,H15,LA MACHINE A VOYAGER DANS LE TEMPS,0,2405,7,0,6,5,2,2025
2025-02-05 08:00:00.000,H15,LA MACHINE A VOYAGER DANS LE TEMPS,0,2419,8,0,6,5,2,2025
2025-02-05 09:00:00.000,H15,LA MACHINE A VOYAGER DANS LE TEMPS,0,2433,9,0,6,5,2,2025
2025-02-05 10:00:00.000,H15,LA MACHINE A VOYAGER DANS LE TEMPS,0,2447,10,0,6,5,2,2025
2025-02-05 11:00:00.000,H15,LA MACHINE A VOYAGER DANS LE TEMPS,0,2461,11,0,6,5,2,2025
2025-02-05 12:00:00.000,H15,LA MACHINE A VOYAGER DANS LE TEMPS,0,2475,12,0,6,5,2,2025
2025-02-05 13:00:00.000,H15,LA MACHINE A VOYAGER DANS LE TEMPS,0,2489,13,0,6,5,2,2025
2025-02-05 14:00:00.000,H15,LA MACHINE A VOYAGER DANS LE TEMPS,0,2503,14,0,6,5,2,2025
2025-02-05 15:00:00.000,H15,LA MACHINE A VOYAGER DANS LE TEMPS,0,2517,15,0,6,5,2,2025
2025-02-05 16:00:00.000,H15,LA MACHINE A VOYAGER DANS LE TEMPS,0,2531,16,0,6,5,2,2025
2025-02-05 17:00:00.000,H15,LA MACHINE A VOYAGER DANS LE TEMPS,0,2545,17,0,6,5,2,2025
2025-02-05 18:00:00.000,H15,LA MACHINE A VOYAGER DANS LE TEMPS,0,2559,18,0,6,5,2,2025
2025-02-05 19:00:00.000,H15,LA MACHINE A VOYAGER DANS LE TEMPS,0,2573,19,0,6,5,2,2025
2025-02-05 20:00:00.000,H15,LA MACHINE A VOYAGER DANS LE TEMPS,0,2587,20,0,6,5,2,2025
2025-02-05 21:00:00.000,H15,LA MACHINE A VOYAGER DANS LE TEMPS,0,2601,21,0,6,5,2,2025
2025-02-05 22:00:00.000,H15,LA MACHINE A VOYAGER DANS LE TEMPS,0,2615,22,0,6,5,2,2025
2025-02-05 23:00:00.000,H15,LA MACHINE A VOYAGER DANS LE TEMPS,0,2629,23,0,6,5,2,2025
2025-02-06 00:00:00.000,H15,LA MACHINE A VOYAGER DANS LE TEMPS,0,2643,0,0,6,6,2,2025
2025-02-06 01:00:00.000,H15,LA MACHINE A VOYAGER DANS LE TEMPS,0,2657,1,0,6,6,2,2025
2025-02-06 02:00:00.000,H15,LA MACHINE A VOYAGER DANS LE TEMPS,0,2671,2,0,6,6,2,2025
2025-02-06 03:00:00.000,H15,LA MACHINE A VOYAGER DANS LE TEMPS,0,2685,3,0,6,6,2,2025
2025-02-06 04:00:00.000,H15,LA MACHINE A VOYAGER DANS LE TEMPS,0,2699,4,0,6,6,2,2025
2025-02-06 05:00:00.000,H15,LA MACHINE A VOYAGER DANS LE TEMPS,0,2713,5,0,6,6,2,2025
2025-02-06 06:00:00.000,H15,LA MACHINE A VOYAGER DANS LE TEMPS,0,2727,6,0,6,6,2,2025
2025-02-06 07:00:00.000,H15,LA MACHINE A VOYAGER DANS LE TEMPS,0,2741,7,0,6,6,2,2025
2025-02-06 08:00:00.000,H15,LA MACHINE A VOYAGER DANS LE TEMPS,0,2755,8,0,6,6,2,2025
2025-02-06 09:00:00.000,H15,LA MACHINE A VOYAGER DANS LE TEMPS,0,2769,9,0,6,6,2,2025
2025-02-06 10:00:00.000,H15,LA MACHINE A VOYAGER DANS LE TEMPS,0,2783,10,0,6,6,2,2025
2025-02-06 11:00:00.000,H15,LA MACHINE A VOYAGER DANS LE TEMPS,0,2799,11,0,6,6,2,2025
2025-02-06 12:00:00.000,H15,LA MACHINE A VOYAGER DANS LE TEMPS,0,2814,12,0,6,6,2,2025
2025-02-06 13:00:00.000,H15,LA MACHINE A VOYAGER DANS LE TEMPS,0,2829,13,0,6,6,2,2025
2025-02-06 14:00:00.000,H15,LA MACHINE A VOYAGER DANS LE TEMPS,0,2844,14,0,6,6,2,2025
2025-02-06 15:00:00.000,H15,LA MACHINE A VOYAGER DANS LE TEMPS,0,2861,15,0,6,6,2,2025
2025-02-06 16:00:00.000,H15,LA MACHINE A VOYAGER DANS LE TEMPS,0,2876,16,0,6,6,2,2025
2025-02-06 17:00:00.000,H15,LA MACHINE A VOYAGER DANS LE TEMPS,0,2891,17,0,6,6,2,2025
2025-02-06 18:00:00.000,H15,LA MACHINE A VOYAGER DANS LE TEMPS,0,2906,18,0,6,6,2,2025
2025-02-06 19:00:00.000,H15,LA MACHINE A VOYAGER DANS LE TEMPS,0,2921,19,0,6,6,2,2025
2025-02-06 20:00:00.000,H15,LA MACHINE A VOYAGER DANS LE TEMPS,0,2936,20,0,6,6,2,2025
2025-02-06 21:00:00.000,H15,LA MACHINE A VOYAGER DANS LE TEMPS,0,2951,21,0,6,6,2,2025
2025-02-06 22:00:00.000,H15,LA MACHINE A VOYAGER DANS LE TEMPS,0,2965,22,0,6,6,2,2025
2025-02-06 23:00:00.000,H15,LA MACHINE A VOYAGER DANS LE TEMPS,0,2979,23,0,6,6,2,2025
2025-02-07 00:00:00.000,H15,LA MACHINE A VOYAGER DANS LE TEMPS,0,2993,0,0,6,7,2,2025
2025-02-07 01:00:00.000,H15,LA MACHINE A VOYAGER DANS LE TEMPS,0,3007,1,0,6,7,2,2025
2025-02-07 02:00:00.000,H15,LA MACHINE A VOYAGER DANS LE TEMPS,0,3021,2,0,6,7,2,2025
2025-02-07 03:00:00.000,H15,LA MACHINE A VOYAGER DANS LE TEMPS,0,3035,3,0,6,7,2,2025
2025-02-07 04:00:00.000,H15,LA MACHINE A VOYAGER DANS LE TEMPS,0,3049,4,0,6,7,2,2025
2025-02-07 05:00:00.000,H15,LA MACHINE A VOYAGER DANS LE TEMPS,0,3063,5,0,6,7,2,2025
2025-02-07 06:00:00.000,H15,LA MACHINE A VOYAGER DANS LE TEMPS,0,3077,6,0,6,7,2,2025
2025-02-07 07:00:00.000,H15,LA MACHINE A VOYAGER DANS LE TEMPS,0,3091,7,0,6,7,2,2025
2025-02-07 08:00:00.000,H15,LA MACHINE A VOYAGER DANS LE TEMPS,0,3105,8,0,6,7,2,2025
2025-02-07 09:00:00.000,H15,LA MACHINE A VOYAGER DANS LE TEMPS,0,3119,9,0,6,7,2,2025
2025-02-07 10:00:00.000,H15,LA MACHINE A VOYAGER DANS LE TEMPS,0,3133,10,0,6,7,2,2025
2025-02-07 11:00:00.000,H15,LA MACHINE A VOYAGER DANS LE TEMPS,0,3147,11,0,6,7,2,2025
2025-02-07 12:00:00.000,H15,LA MACHINE A VOYAGER DANS LE TEMPS,0,3161,12,0,6,7,2,2025
2025-02-07 13:00:00.000,H15,LA MACHINE A VOYAGER DANS LE TEMPS,0,3175,13,0,6,7,2,2025
2025-02-07 14:00:00.000,H15,LA MACHINE A VOYAGER DANS LE TEMPS,0,3189,14,0,6,7,2,2025
2025-02-07 15:00:00.000,H15,LA MACHINE A VOYAGER DANS LE TEMPS,0,3203,15,0,6,7,2,2025
2025-02-07 16:00:00.000,H15,LA MACHINE A VOYAGER DANS LE TEMPS,0,3217,16,0,6,7,2,2025
2025-02-07 17:00:00.000,H15,LA MACHINE A VOYAGER DANS LE TEMPS,0,3231,17,0,6,7,2,2025
2025-02-07 18:00:00.000,H15,LA MACHINE A VOYAGER DANS LE TEMPS,0,3245,18,0,6,7,2,2025
2025-02-07 19:00:00.000,H15,LA MACHINE A VOYAGER DANS LE TEMPS,0,3259,19,0,6,7,2,2025
2025-02-07 20:00:00.000,H15,LA MACHINE A VOYAGER DANS LE TEMPS,0,3273,20,0,6,7,2,2025
2025-02-07 21:00:00.000,H15,LA MACHINE A VOYAGER DANS LE TEMPS,0,3287,21,0,6,7,2,2025
2025-02-07 22:00:00.000,H15,LA MACHINE A VOYAGER DANS LE TEMPS,0,3301,22,0,6,7,2,2025
2025-02-07 23:00:00.000,H15,LA MACHINE A VOYAGER DANS LE TEMPS,0,3315,23,0,6,7,2,2025
2025-02-08 00:00:00.000,H15,LA MACHINE A VOYAGER DANS LE TEMPS,0,3329,0,0,6,8,2,2025
2025-02-08 01:00:00.000,H15,LA MACHINE A VOYAGER DANS LE TEMPS,0,3343,1,0,6,8,2,2025
2025-02-08 02:00:00.000,H15,LA MACHINE A VOYAGER DANS LE TEMPS,0,3357,2,0,6,8,2,2025
2025-02-08 03:00:00.000,H15,LA MACHINE A VOYAGER DANS LE TEMPS,0,3371,3,0,6,8,2,2025
2025-02-08 04:00:00.000,H15,LA MACHINE A VOYAGER DANS LE TEMPS,0,3385,4,0,6,8,2,2025
2025-02-08 05:00:00.000,H15,LA MACHINE A VOYAGER DANS LE TEMPS,0,3399,5,0,6,8,2,2025
2025-02-08 06:00:00.000,H15,LA MACHINE A VOYAGER DANS LE TEMPS,0,3413,6,0,6,8,2,2025
2025-02-08 07:00:00.000,H15,LA MACHINE A VOYAGER DANS LE TEMPS,0,3427,7,0,6,8,2,2025
2025-02-08 08:00:00.000,H15,LA MACHINE A VOYAGER DANS LE TEMPS,0,3441,8,0,6,8,2,2025
2025-02-08 09:00:00.000,H15,LA MACHINE A VOYAGER DANS LE TEMPS,0,3455,9,0,6,8,2,2025
2025-02-08 10:00:00.000,H15,LA MACHINE A VOYAGER DANS LE TEMPS,195,3469,10,0,6,8,2,2025
2025-02-08 11:00:00.000,H15,LA MACHINE A VOYAGER DANS LE TEMPS,434,3483,11,0,6,8,2,2025
2025-02-08 12:00:00.000,H15,LA MACHINE A VOYAGER DANS LE TEMPS,325,3497,12,0,6,8,2,2025
2025-02-08 13:00:00.000,H15,LA MACHINE A VOYAGER DANS LE TEMPS,210,3511,13,0,6,8,2,2025
2025-02-08 14:00:00.000,H15,LA MACHINE A VOYAGER DANS LE TEMPS,202,3525,14,0,6,8,2,2025
2025-02-08 15:00:00.000,H15,LA MACHINE A VOYAGER DANS LE TEMPS,202,3539,15,0,6,8,2,2025
2025-02-08 16:00:00.000,H15,LA MACHINE A VOYAGER DANS LE TEMPS,154,3554,16,0,6,8,2,2025
2025-02-08 17:00:00.000,H15,LA MACHINE A VOYAGER DANS LE TEMPS,163,3569,17,0,6,8,2,2025
2025-02-08 18:00:00.000,H15,LA MACHINE A VOYAGER DANS LE TEMPS,48,3584,18,0,6,8,2,2025
2025-02-08 19:00:00.000,H15,LA MACHINE A VOYAGER DANS LE TEMPS,28,3599,19,0,6,8,2,2025
2025-02-08 20:00:00.000,H15,LA MACHINE A VOYAGER DANS LE TEMPS,29,3614,20,0,6,8,2,2025
2025-02-08 21:00:00.000,H15,LA MACHINE A VOYAGER DANS LE TEMPS,29,3629,21,0,6,8,2,2025
2025-02-08 22:00:00.000,H15,LA MACHINE A VOYAGER DANS LE TEMPS,29,3644,22,0,6,8,2,2025
2025-02-08 23:00:00.000,H15,LA MACHINE A VOYAGER DANS LE TEMPS,29,3659,23,0,6,8,2,2025
2025-02-09 00:00:00.000,H15,LA MACHINE A VOYAGER DANS LE TEMPS,29,3674,0,0,7,9,2,2025
2025-02-09 01:00:00.000,H15,LA MACHINE A VOYAGER DANS LE TEMPS,29,3689,1,0,7,9,2,2025
2025-02-09 02:00:00.000,H15,LA MACHINE A VOYAGER DANS LE TEMPS,29,3704,2,0,7,9,2,2025
2025-02-09 03:00:00.000,H15,LA MACHINE A VOYAGER DANS LE TEMPS,29,3719,3,0,7,9,2,2025
2025-02-09 04:00:00.000,H15,LA MACHINE A VOYAGER DANS LE TEMPS,29,3734,4,0,7,9,2,2025
2025-02-09 05:00:00.000,H15,LA MACHINE A VOYAGER DANS LE TEMPS,29,3749,5,0,7,9,2,2025
2025-02-09 06:00:00.000,H15,LA MACHINE A VOYAGER DANS LE TEMPS,29,3764,6,0,7,9,2,2025
2025-02-09 07:00:00.000,H15,LA MACHINE A VOYAGER DANS LE TEMPS,29,3779,7,0,7,9,2,2025
2025-02-09 08:00:00.000,H15,LA MACHINE A VOYAGER DANS LE TEMPS,24,3794,8,0,7,9,2,2025
2025-02-09 09:00:00.000,H15,LA MACHINE A VOYAGER DANS LE TEMPS,0,3809,9,0,7,9,2,2025
2025-02-09 10:00:00.000,H15,LA MACHINE A VOYAGER DANS LE TEMPS,282,3824,10,0,7,9,2,2025
2025-02-09 11:00:00.000,H15,LA MACHINE A VOYAGER DANS LE TEMPS,254,3839,11,0,7,9,2,2025
2025-02-09 12:00:00.000,H15,LA MACHINE A VOYAGER DANS LE TEMPS,175,3854,12,0,7,9,2,2025
2025-02-09 13:00:00.000,H15,LA MACHINE A VOYAGER DANS LE TEMPS,136,3869,13,0,7,9,2,2025
2025-02-09 14:00:00.000,H15,LA MACHINE A VOYAGER DANS LE TEMPS,144,3884,14,0,7,9,2,2025
2025-02-09 15:00:00.000,H15,LA MACHINE A VOYAGER DANS LE TEMPS,162,3899,15,0,7,9,2,2025
2025-02-09 16:00:00.000,H15,LA MACHINE A VOYAGER DANS LE TEMPS,164,3914,16,0,7,9,2,2025
2025-02-09 17:00:00.000,H15,LA MACHINE A VOYAGER DANS LE TEMPS,31,3929,17,0,7,9,2,2025
2025-02-09 18:00:00.000,H15,LA MACHINE A VOYAGER DANS LE TEMPS,8,3944,18,0,7,9,2,2025
2025-02-09 19:00:00.000,H15,LA MACHINE A VOYAGER DANS LE TEMPS,4,3959,19,0,7,9,2,2025
2025-02-09 20:00:00.000,H15,LA MACHINE A VOYAGER DANS LE TEMPS,0,3974,20,0,7,9,2,2025
2025-02-09 21:00:00.000,H15,LA MACHINE A VOYAGER DANS LE TEMPS,0,3989,21,0,7,9,2,2025
2025-02-09 22:00:00.000,H15,LA MACHINE A VOYAGER DANS LE TEMPS,0,4004,22,0,7,9,2,2025
2025-02-09 23:00:00.000,H15,LA MACHINE A VOYAGER DANS LE TEMPS,0,4019,23,0,7,9,2,2025
2025-02-10 00:00:00.000,H15,LA MACHINE A VOYAGER DANS LE TEMPS,0,4034,0,0,7,10,2,2025
2025-02-10 01:00:00.000,H15,LA MACHINE A VOYAGER DANS LE TEMPS,0,4049,1,0,7,10,2,2025
2025-02-10 02:00:00.000,H15,LA MACHINE A VOYAGER DANS LE TEMPS,0,4064,2,0,7,10,2,2025
2025-02-10 03:00:00.000,H15,LA MACHINE A VOYAGER DANS LE TEMPS,0,4079,3,0,7,10,2,2025
2025-02-10 04:00:00.000,H15,LA MACHINE A VOYAGER DANS LE TEMPS,0,4094,4,0,7,10,2,2025
2025-02-10 05:00:00.000,H15,LA MACHINE A VOYAGER DANS LE TEMPS,0,4109,5,0,7,10,2,2025
2025-02-10 06:00:00.000,H15,LA MACHINE A VOYAGER DANS LE TEMPS,0,4124,6,0,7,10,2,2025
2025-02-10 07:00:00.000,H15,LA MACHINE A VOYAGER DANS LE TEMPS,0,4139,7,0,7,10,2,2025
2025-02-10 08:00:00.000,H15,LA MACHINE A VOYAGER DANS LE TEMPS,0,4154,8,0,7,10,2,2025
2025-02-10 09:00:00.000,H15,LA MACHINE A VOYAGER DANS LE TEMPS,0,4169,9,0,7,10,2,2025
2025-02-10 10:00:00.000,H15,LA MACHINE A VOYAGER DANS LE TEMPS,66,4184,10,0,7,10,2,2025
2025-02-10 11:00:00.000,H15,LA MACHINE A VOYAGER DANS LE TEMPS,151,4200,11,0,7,10,2,2025
2025-02-10 12:00:00.000,H15,LA MACHINE A VOYAGER DANS LE TEMPS,112,4215,12,0,7,10,2,2025
2025-02-10 13:00:00.000,H15,LA MACHINE A VOYAGER DANS LE TEMPS,113,4230,13,0,7,10,2,2025
2025-02-10 14:00:00.000,H15,LA MACHINE A VOYAGER DANS LE TEMPS,89,4245,14,0,7,10,2,2025
2025-02-10 15:00:00.000,H15,LA MACHINE A VOYAGER DANS LE TEMPS,22,4260,15,0,7,10,2,2025
2025-02-10 16:00:00.000,H15,LA MACHINE A VOYAGER DANS LE TEMPS,17,4275,16,0,7,10,2,2025
2025-02-10 17:00:00.000,H15,LA MACHINE A VOYAGER DANS LE TEMPS,30,4290,17,0,7,10,2,2025
2025-02-10 18:00:00.000,H15,LA MACHINE A VOYAGER DANS LE TEMPS,57,4305,18,0,7,10,2,2025
2025-02-10 19:00:00.000,H15,LA MACHINE A VOYAGER DANS LE TEMPS,13,4320,19,0,7,10,2,2025
2025-02-10 20:00:00.000,H15,LA MACHINE A VOYAGER DANS LE TEMPS,9,4335,20,0,7,10,2,2025
2025-02-10 21:00:00.000,H15,LA MACHINE A VOYAGER DANS LE TEMPS,9,4350,21,0,7,10,2,2025
2025-02-10 22:00:00.000,H15,LA MACHINE A VOYAGER DANS LE TEMPS,9,4365,22,0,7,10,2,2025
2025-02-10 23:00:00.000,H15,LA MACHINE A VOYAGER DANS LE TEMPS,9,4380,23,0,7,10,2,2025
2025-02-11 00:00:00.000,H15,LA MACHINE A VOYAGER DANS LE TEMPS,9,4395,0,0,7,11,2,2025
2025-02-11 01:00:00.000,H15,LA MACHINE A VOYAGER DANS LE TEMPS,9,4410,1,0,7,11,2,2025
2025-02-11 02:00:00.000,H15,LA MACHINE A VOYAGER DANS LE TEMPS,9,4425,2,0,7,11,2,2025
2025-02-11 03:00:00.000,H15,LA MACHINE A VOYAGER DANS LE TEMPS,9,4440,3,0,7,11,2,2025
2025-02-11 04:00:00.000,H15,LA MACHINE A VOYAGER DANS LE TEMPS,9,4455,4,0,7,11,2,2025
2025-02-11 05:00:00.000,H15,LA MACHINE A VOYAGER DANS LE TEMPS,9,4470,5,0,7,11,2,2025
2025-02-11 06:00:00.000,H15,LA MACHINE A VOYAGER DANS LE TEMPS,9,4485,6,0,7,11,2,2025
2025-02-11 07:00:00.000,H15,LA MACHINE A VOYAGER DANS LE TEMPS,9,4500,7,0,7,11,2,2025
2025-02-11 08:00:00.000,H15,LA MACHINE A VOYAGER DANS LE TEMPS,9,4515,8,0,7,11,2,2025
2025-02-11 09:00:00.000,H15,LA MACHINE A VOYAGER DANS LE TEMPS,5,4530,9,0,7,11,2,2025
2025-02-11 10:00:00.000,H15,LA MACHINE A VOYAGER DANS LE TEMPS,248,4545,10,0,7,11,2,2025
2025-02-11 11:00:00.000,H15,LA MACHINE A VOYAGER DANS LE TEMPS,483,4560,11,0,7,11,2,2025
2025-02-11 12:00:00.000,H15,LA MACHINE A VOYAGER DANS LE TEMPS,217,4575,12,0,7,11,2,2025
2025-02-11 13:00:00.000,H15,LA MACHINE A VOYAGER DANS LE TEMPS,46,4590,13,0,7,11,2,2025
2025-02-11 14:00:00.000,H15,LA MACHINE A VOYAGER DANS LE TEMPS,64,4605,14,0,7,11,2,2025
2025-02-11 15:00:00.000,H15,LA MACHINE A VOYAGER DANS LE TEMPS,50,4620,15,0,7,11,2,2025
2025-02-11 16:00:00.000,H15,LA MACHINE A VOYAGER DANS LE TEMPS,42,4635,16,0,7,11,2,2025
2025-02-11 17:00:00.000,H15,LA MACHINE A VOYAGER DANS LE TEMPS,65,4650,17,0,7,11,2,2025
2025-02-11 18:00:00.000,H15,LA MACHINE A VOYAGER DANS LE TEMPS,45,4665,18,0,7,11,2,2025
2025-02-11 19:00:00.000,H15,LA MACHINE A VOYAGER DANS LE TEMPS,5,4680,19,0,7,11,2,2025
2025-02-11 20:00:00.000,H15,LA MACHINE A VOYAGER DANS LE TEMPS,0,4695,20,0,7,11,2,2025
2025-02-11 21:00:00.000,H15,LA MACHINE A VOYAGER DANS LE TEMPS,0,4710,21,0,7,11,2,2025
2025-02-11 22:00:00.000,H15,LA MACHINE A VOYAGER DANS LE TEMPS,0,4725,22,0,7,11,2,2025
2025-02-11 23:00:00.000,H15,LA MACHINE A VOYAGER DANS LE TEMPS,0,4740,23,0,7,11,2,2025
2025-02-12 00:00:00.000,H15,LA MACHINE A VOYAGER DANS LE TEMPS,0,4755,0,0,7,12,2,2025
2025-02-12 01:00:00.000,H15,LA MACHINE A VOYAGER DANS LE TEMPS,0,4770,1,0,7,12,2,2025
2025-02-12 02:00:00.000,H15,LA MACHINE A VOYAGER DANS LE TEMPS,0,4785,2,0,7,12,2,2025
2025-02-12 03:00:00.000,H15,LA MACHINE A VOYAGER DANS LE TEMPS,0,4800,3,0,7,12,2,2025
2025-02-12 04:00:00.000,H15,LA MACHINE A VOYAGER DANS LE TEMPS,0,4815,4,0,7,12,2,2025
2025-02-12 05:00:00.000,H15,LA MACHINE A VOYAGER DANS LE TEMPS,0,4830,5,0,7,12,2,2025
2025-02-12 06:00:00.000,H15,LA MACHINE A VOYAGER DANS LE TEMPS,0,4845,6,0,7,12,2,2025
2025-02-12 07:00:00.000,H15,LA MACHINE A VOYAGER DANS LE TEMPS,0,4860,7,0,7,12,2,2025
2025-02-12 08:00:00.000,H15,LA MACHINE A VOYAGER DANS LE TEMPS,0,4875,8,0,7,12,2,2025
2025-02-12 09:00:00.000,H15,LA MACHINE A VOYAGER DANS LE TEMPS,0,4890,9,0,7,12,2,2025
2025-02-12 10:00:00.000,H15,LA MACHINE A VOYAGER DANS LE TEMPS,97,4905,10,0,7,12,2,2025
2025-02-12 11:00:00.000,H15,LA MACHINE A VOYAGER DANS LE TEMPS,180,4920,11,0,7,12,2,2025
2025-02-12 12:00:00.000,H15,LA MACHINE A VOYAGER DANS LE TEMPS,158,4935,12,0,7,12,2,2025
2025-02-12 13:00:00.000,H15,LA MACHINE A VOYAGER DANS LE TEMPS,87,4950,13,0,7,12,2,2025
2025-02-12 14:00:00.000,H15,LA MACHINE A VOYAGER DANS LE TEMPS,51,4965,14,0,7,12,2,2025
2025-02-12 15:00:00.000,H15,LA MACHINE A VOYAGER DANS LE TEMPS,29,4980,15,0,7,12,2,2025
2025-02-12 16:00:00.000,H15,LA MACHINE A VOYAGER DANS LE TEMPS,25,4995,16,0,7,12,2,2025
2025-02-12 17:00:00.000,H15,LA MACHINE A VOYAGER DANS LE TEMPS,25,5010,17,0,7,12,2,2025
2025-02-12 18:00:00.000,H15,LA MACHINE A VOYAGER DANS LE TEMPS,42,5025,18,0,7,12,2,2025
2025-02-12 19:00:00.000,H15,LA MACHINE A VOYAGER DANS LE TEMPS,25,5040,19,0,7,12,2,2025
2025-02-12 20:00:00.000,H15,LA MACHINE A VOYAGER DANS LE TEMPS,0,5055,20,0,7,12,2,2025
2025-02-12 21:00:00.000,H15,LA MACHINE A VOYAGER DANS LE TEMPS,0,5070,21,0,7,12,2,2025
2025-02-12 22:00:00.000,H15,LA MACHINE A VOYAGER DANS LE TEMPS,0,5085,22,0,7,12,2,2025
2025-02-12 23:00:00.000,H15,LA MACHINE A VOYAGER DANS LE TEMPS,0,5100,23,0,7,12,2,2025
2025-02-13 00:00:00.000,H15,LA MACHINE A VOYAGER DANS LE TEMPS,0,5115,0,0,7,13,2,2025
2025-02-13 01:00:00.000,H15,LA MACHINE A VOYAGER DANS LE TEMPS,0,5130,1,0,7,13,2,2025
2025-02-13 02:00:00.000,H15,LA MACHINE A VOYAGER DANS LE TEMPS,0,5145,2,0,7,13,2,2025
2025-02-13 03:00:00.000,H15,LA MACHINE A VOYAGER DANS LE TEMPS,0,5160,3,0,7,13,2,2025
2025-02-13 04:00:00.000,H15,LA MACHINE A VOYAGER DANS LE TEMPS,0,5175,4,0,7,13,2,2025
2025-02-13 05:00:00.000,H15,LA MACHINE A VOYAGER DANS LE TEMPS,0,5190,5,0,7,13,2,2025
2025-02-13 06:00:00.000,H15,LA MACHINE A VOYAGER DANS LE TEMPS,0,5205,6,0,7,13,2,2025
2025-02-13 07:00:00.000,H15,LA MACHINE A VOYAGER DANS LE TEMPS,0,5220,7,0,7,13,2,2025
2025-02-13 08:00:00.000,H15,LA MACHINE A VOYAGER DANS LE TEMPS,0,5235,8,0,7,13,2,2025
2025-02-13 09:00:00.000,H15,LA MACHINE A VOYAGER DANS LE TEMPS,0,5250,9,0,7,13,2,2025
2025-02-13 10:00:00.000,H15,LA MACHINE A VOYAGER DANS LE TEMPS,254,5265,10,0,7,13,2,2025
2025-02-13 11:00:00.000,H15,LA MACHINE A VOYAGER DANS LE TEMPS,342,5280,11,0,7,13,2,2025
2025-02-13 12:00:00.000,H15,LA MACHINE A VOYAGER DANS LE TEMPS,240,5295,12,0,7,13,2,2025
2025-02-13 13:00:00.000,H15,LA MACHINE A VOYAGER DANS LE TEMPS,29,5310,13,0,7,13,2,2025
2025-02-13 14:00:00.000,H15,LA MACHINE A VOYAGER DANS LE TEMPS,56,5325,14,0,7,13,2,2025
2025-02-13 15:00:00.000,H15,LA MACHINE A VOYAGER DANS LE TEMPS,143,5340,15,0,7,13,2,2025
2025-02-13 16:00:00.000,H15,LA MACHINE A VOYAGER DANS LE TEMPS,197,5355,16,0,7,13,2,2025
2025-02-13 17:00:00.000,H15,LA MACHINE A VOYAGER DANS LE TEMPS,129,5371,17,0,7,13,2,2025
2025-02-13 18:00:00.000,H15,LA MACHINE A VOYAGER DANS LE TEMPS,88,5394,18,0,7,13,2,2025
2025-02-13 19:00:00.000,H15,LA MACHINE A VOYAGER DANS LE TEMPS,11,5417,19,0,7,13,2,2025
2025-02-13 20:00:00.000,H15,LA MACHINE A VOYAGER DANS LE TEMPS,0,5440,20,0,7,13,2,2025
2025-02-13 21:00:00.000,H15,LA MACHINE A VOYAGER DANS LE TEMPS,0,5463,21,0,7,13,2,2025
2025-02-13 22:00:00.000,H15,LA MACHINE A VOYAGER DANS LE TEMPS,0,5478,22,0,7,13,2,2025
2025-02-13 23:00:00.000,H15,LA MACHINE A VOYAGER DANS LE TEMPS,0,5493,23,0,7,13,2,2025
2025-02-14 00:00:00.000,H15,LA MACHINE A VOYAGER DANS LE TEMPS,0,5508,0,0,7,14,2,2025
2025-02-14 01:00:00.000,H15,LA MACHINE A VOYAGER DANS LE TEMPS,0,5523,1,0,7,14,2,2025
2025-02-14 02:00:00.000,H15,LA MACHINE A VOYAGER DANS LE TEMPS,0,5538,2,0,7,14,2,2025
2025-02-14 03:00:00.000,H15,LA MACHINE A VOYAGER DANS LE TEMPS,0,5553,3,0,7,14,2,2025
2025-02-14 04:00:00.000,H15,LA MACHINE A VOYAGER DANS LE TEMPS,0,5568,4,0,7,14,2,2025
2025-02-14 05:00:00.000,H15,LA MACHINE A VOYAGER DANS LE TEMPS,0,5583,5,0,7,14,2,2025
2025-02-14 06:00:00.000,H15,LA MACHINE A VOYAGER DANS LE TEMPS,0,5598,6,0,7,14,2,2025
2025-02-14 07:00:00.000,H15,LA MACHINE A VOYAGER DANS LE TEMPS,0,5613,7,0,7,14,2,2025
2025-02-14 08:00:00.000,H15,LA MACHINE A VOYAGER DANS LE TEMPS,0,5628,8,0,7,14,2,2025
2025-02-14 09:00:00.000,H15,LA MACHINE A VOYAGER DANS LE TEMPS,0,5643,9,0,7,14,2,2025
2025-02-14 10:00:00.000,H15,LA MACHINE A VOYAGER DANS LE TEMPS,86,5658,10,0,7,14,2,2025
2025-02-14 11:00:00.000,H15,LA MACHINE A VOYAGER DANS LE TEMPS,220,5673,11,0,7,14,2,2025
2025-02-14 12:00:00.000,H15,LA MACHINE A VOYAGER DANS LE TEMPS,154,5688,12,0,7,14,2,2025
2025-02-14 13:00:00.000,H15,LA MACHINE A VOYAGER DANS LE TEMPS,111,5703,13,0,7,14,2,2025
2025-02-14 14:00:00.000,H15,LA MACHINE A VOYAGER DANS LE TEMPS,30,5718,14,0,7,14,2,2025
2025-02-14 15:00:00.000,H15,LA MACHINE A VOYAGER DANS LE TEMPS,98,5733,15,0,7,14,2,2025
2025-02-14 16:00:00.000,H15,LA MACHINE A VOYAGER DANS LE TEMPS,33,5748,16,0,7,14,2,2025
2025-02-14 17:00:00.000,H15,LA MACHINE A VOYAGER DANS LE TEMPS,30,5763,17,0,7,14,2,2025
2025-02-14 18:00:00.000,H15,LA MACHINE A VOYAGER DANS LE TEMPS,81,5778,18,0,7,14,2,2025
2025-02-14 19:00:00.000,H15,LA MACHINE A VOYAGER DANS LE TEMPS,19,5793,19,0,7,14,2,2025
2025-02-14 20:00:00.000,H15,LA MACHINE A VOYAGER DANS LE TEMPS,0,5808,20,0,7,14,2,2025
2025-02-14 21:00:00.000,H15,LA MACHINE A VOYAGER DANS LE TEMPS,0,5823,21,0,7,14,2,2025
2025-02-14 22:00:00.000,H15,LA MACHINE A VOYAGER DANS LE TEMPS,0,5838,22,0,7,14,2,2025
2025-02-14 23:00:00.000,H15,LA MACHINE A VOYAGER DANS LE TEMPS,0,5853,23,0,7,14,2,2025
2025-02-15 00:00:00.000,H15,LA MACHINE A VOYAGER DANS LE TEMPS,0,5868,0,0,7,15,2,2025
2025-02-15 01:00:00.000,H15,LA MACHINE A VOYAGER DANS LE TEMPS,0,5883,1,0,7,15,2,2025
2025-02-15 02:00:00.000,H15,LA MACHINE A VOYAGER DANS LE TEMPS,0,5898,2,0,7,15,2,2025
2025-02-15 03:00:00.000,H15,LA MACHINE A VOYAGER DANS LE TEMPS,0,5913,3,0,7,15,2,2025
2025-02-15 04:00:00.000,H15,LA MACHINE A VOYAGER DANS LE TEMPS,0,5928,4,0,7,15,2,2025
2025-02-15 05:00:00.000,H15,LA MACHINE A VOYAGER DANS LE TEMPS,0,5943,5,0,7,15,2,2025
2025-02-15 06:00:00.000,H15,LA MACHINE A VOYAGER DANS LE TEMPS,0,5958,6,0,7,15,2,2025
2025-02-15 07:00:00.000,H15,LA MACHINE A VOYAGER DANS LE TEMPS,0,5973,7,0,7,15,2,2025
2025-02-15 08:00:00.000,H15,LA MACHINE A VOYAGER DANS LE TEMPS,0,5988,8,0,7,15,2,2025
2025-02-15 09:00:00.000,H15,LA MACHINE A VOYAGER DANS LE TEMPS,0,6003,9,0,7,15,2,2025
2025-02-15 10:00:00.000,H15,LA MACHINE A VOYAGER DANS LE TEMPS,492,6018,10,0,7,15,2,2025
2025-02-15 11:00:00.000,H15,LA MACHINE A VOYAGER DANS LE TEMPS,877,6033,11,0,7,15,2,2025
2025-02-15 12:00:00.000,H15,LA MACHINE A VOYAGER DANS LE TEMPS,602,6048,12,0,7,15,2,2025
2025-02-15 13:00:00.000,H15,LA MACHINE A VOYAGER DANS LE TEMPS,645,6063,13,0,7,15,2,2025
2025-02-15 14:00:00.000,H15,LA MACHINE A VOYAGER DANS LE TEMPS,509,6078,14,0,7,15,2,2025
2025-02-15 15:00:00.000,H15,LA MACHINE A VOYAGER DANS LE TEMPS,636,6093,15,0,7,15,2,2025
2025-02-15 16:00:00.000,H15,LA MACHINE A VOYAGER DANS LE TEMPS,541,6108,16,0,7,15,2,2025
2025-02-15 17:00:00.000,H15,LA MACHINE A VOYAGER DANS LE TEMPS,591,6123,17,0,7,15,2,2025
2025-02-15 18:00:00.000,H15,LA MACHINE A VOYAGER DANS LE TEMPS,423,6138,18,0,7,15,2,2025
2025-02-15 19:00:00.000,H15,LA MACHINE A VOYAGER DANS LE TEMPS,128,6153,19,0,7,15,2,2025
2025-02-15 20:00:00.000,H15,LA MACHINE A VOYAGER DANS LE TEMPS,76,6168,20,0,7,15,2,2025
2025-02-15 21:00:00.000,H15,LA MACHINE A VOYAGER DANS LE TEMPS,76,6183,21,0,7,15,2,2025
2025-02-15 22:00:00.000,H15,LA MACHINE A VOYAGER DANS LE TEMPS,76,6198,22,0,7,15,2,2025
2025-02-15 23:00:00.000,H15,LA MACHINE A VOYAGER DANS LE TEMPS,76,6213,23,0,7,15,2,2025
2025-02-16 00:00:00.000,H15,LA MACHINE A VOYAGER DANS LE TEMPS,76,6228,0,0,8,16,2,2025
2025-02-16 01:00:00.000,H15,LA MACHINE A VOYAGER DANS LE TEMPS,76,6243,1,0,8,16,2,2025
2025-02-16 02:00:00.000,H15,LA MACHINE A VOYAGER DANS LE TEMPS,76,6258,2,0,8,16,2,2025
2025-02-16 03:00:00.000,H15,LA MACHINE A VOYAGER DANS LE TEMPS,76,6273,3,0,8,16,2,2025
2025-02-16 04:00:00.000,H15,LA MACHINE A VOYAGER DANS LE TEMPS,76,6288,4,0,8,16,2,2025
2025-02-16 05:00:00.000,H15,LA MACHINE A VOYAGER DANS LE TEMPS,76,6303,5,0,8,16,2,2025
2025-02-16 06:00:00.000,H15,LA MACHINE A VOYAGER DANS LE TEMPS,76,6318,6,0,8,16,2,2025
2025-02-16 07:00:00.000,H15,LA MACHINE A VOYAGER DANS LE TEMPS,76,6333,7,0,8,16,2,2025
2025-02-16 08:00:00.000,H15,LA MACHINE A VOYAGER DANS LE TEMPS,76,6348,8,0,8,16,2,2025
2025-02-16 09:00:00.000,H15,LA MACHINE A VOYAGER DANS LE TEMPS,76,6363,9,0,8,16,2,2025
2025-02-16 10:00:00.000,H15,LA MACHINE A VOYAGER DANS LE TEMPS,1109,6378,10,0,8,16,2,2025
2025-02-16 11:00:00.000,H15,LA MACHINE A VOYAGER DANS LE TEMPS,622,6393,11,0,8,16,2,2025
2025-02-16 12:00:00.000,H15,LA MACHINE A VOYAGER DANS LE TEMPS,510,6408,12,0,8,16,2,2025
2025-02-16 13:00:00.000,H15,LA MACHINE A VOYAGER DANS LE TEMPS,299,6423,13,0,8,16,2,2025
2025-02-16 14:00:00.000,H15,LA MACHINE A VOYAGER DANS LE TEMPS,202,6438,14,0,8,16,2,2025
2025-02-16 15:00:00.000,H15,LA MACHINE A VOYAGER DANS LE TEMPS,155,6453,15,0,8,16,2,2025
2025-02-16 16:00:00.000,H15,LA MACHINE A VOYAGER DANS LE TEMPS,171,6468,16,0,8,16,2,2025
2025-02-16 17:00:00.000,H15,LA MACHINE A VOYAGER DANS LE TEMPS,174,6483,17,0,8,16,2,2025
2025-02-16 18:00:00.000,H15,LA MACHINE A VOYAGER DANS LE TEMPS,131,6498,18,0,8,16,2,2025
2025-02-16 19:00:00.000,H15,LA MACHINE A VOYAGER DANS LE TEMPS,51,6513,19,0,8,16,2,2025
2025-02-16 20:00:00.000,H15,LA MACHINE A VOYAGER DANS LE TEMPS,0,6528,20,0,8,16,2,2025
2025-02-16 21:00:00.000,H15,LA MACHINE A VOYAGER DANS LE TEMPS,0,6543,21,0,8,16,2,2025
2025-02-16 22:00:00.000,H15,LA MACHINE A VOYAGER DANS LE TEMPS,0,6558,22,0,8,16,2,2025
2025-02-16 23:00:00.000,H15,LA MACHINE A VOYAGER DANS LE TEMPS,0,6573,23,0,8,16,2,2025
2025-02-17 00:00:00.000,H15,LA MACHINE A VOYAGER DANS LE TEMPS,0,6588,0,0,8,17,2,2025
2025-02-17 01:00:00.000,H15,LA MACHINE A VOYAGER DANS LE TEMPS,0,6603,1,0,8,17,2,2025
2025-02-17 02:00:00.000,H15,LA MACHINE A VOYAGER DANS LE TEMPS,0,6618,2,0,8,17,2,2025
2025-02-17 03:00:00.000,H15,LA MACHINE A VOYAGER DANS LE TEMPS,0,6633,3,0,8,17,2,2025
2025-02-17 04:00:00.000,H15,LA MACHINE A VOYAGER DANS LE TEMPS,0,6648,4,0,8,17,2,2025
2025-02-17 05:00:00.000,H15,LA MACHINE A VOYAGER DANS LE TEMPS,0,6663,5,0,8,17,2,2025
2025-02-17 06:00:00.000,H15,LA MACHINE A VOYAGER DANS LE TEMPS,0,6678,6,0,8,17,2,2025
2025-02-17 07:00:00.000,H15,LA MACHINE A VOYAGER DANS LE TEMPS,0,6693,7,0,8,17,2,2025
2025-02-17 08:00:00.000,H15,LA MACHINE A VOYAGER DANS LE TEMPS,0,6708,8,0,8,17,2,2025
2025-02-17 09:00:00.000,H15,LA MACHINE A VOYAGER DANS LE TEMPS,0,6723,9,0,8,17,2,2025
2025-02-17 10:00:00.000,H15,LA MACHINE A VOYAGER DANS LE TEMPS,338,6738,10,0,8,17,2,2025
2025-02-17 11:00:00.000,H15,LA MACHINE A VOYAGER DANS LE TEMPS,563,6753,11,0,8,17,2,2025
2025-02-17 12:00:00.000,H15,LA MACHINE A VOYAGER DANS LE TEMPS,449,6768,12,0,8,17,2,2025
2025-02-17 13:00:00.000,H15,LA MACHINE A VOYAGER DANS LE TEMPS,193,6783,13,0,8,17,2,2025
2025-02-17 14:00:00.000,H15,LA MACHINE A VOYAGER DANS LE TEMPS,185,6798,14,0,8,17,2,2025
2025-02-17 15:00:00.000,H15,LA MACHINE A VOYAGER DANS LE TEMPS,234,6813,15,0,8,17,2,2025
2025-02-17 16:00:00.000,H15,LA MACHINE A VOYAGER DANS LE TEMPS,278,6828,16,0,8,17,2,2025
2025-02-17 17:00:00.000,H15,LA MACHINE A VOYAGER DANS LE TEMPS,130,6851,17,0,8,17,2,2025
2025-02-17 18:00:00.000,H15,LA MACHINE A VOYAGER DANS LE TEMPS,54,6871,18,0,8,17,2,2025
2025-02-17 19:00:00.000,H15,LA MACHINE A VOYAGER DANS LE TEMPS,31,6891,19,0,8,17,2,2025
2025-02-17 20:00:00.000,H15,LA MACHINE A VOYAGER DANS LE TEMPS,0,6911,20,0,8,17,2,2025
2025-02-17 21:00:00.000,H15,LA MACHINE A VOYAGER DANS LE TEMPS,0,6931,21,0,8,17,2,2025
2025-02-17 22:00:00.000,H15,LA MACHINE A VOYAGER DANS LE TEMPS,0,6946,22,0,8,17,2,2025
2025-02-17 23:00:00.000,H15,LA MACHINE A VOYAGER DANS LE TEMPS,0,6961,23,0,8,17,2,2025
2025-02-18 00:00:00.000,H15,LA MACHINE A VOYAGER DANS LE TEMPS,0,6976,0,0,8,18,2,2025
2025-02-18 01:00:00.000,H15,LA MACHINE A VOYAGER DANS LE TEMPS,0,6991,1,0,8,18,2,2025
2025-02-18 02:00:00.000,H15,LA MACHINE A VOYAGER DANS LE TEMPS,0,7006,2,0,8,18,2,2025
2025-02-18 03:00:00.000,H15,LA MACHINE A VOYAGER DANS LE TEMPS,0,7021,3,0,8,18,2,2025
2025-02-18 04:00:00.000,H15,LA MACHINE A VOYAGER DANS LE TEMPS,0,7036,4,0,8,18,2,2025
2025-02-18 05:00:00.000,H15,LA MACHINE A VOYAGER DANS LE TEMPS,0,7051,5,0,8,18,2,2025
2025-02-18 06:00:00.000,H15,LA MACHINE A VOYAGER DANS LE TEMPS,0,7066,6,0,8,18,2,2025
2025-02-18 07:00:00.000,H15,LA MACHINE A VOYAGER DANS LE TEMPS,0,7081,7,0,8,18,2,2025
2025-02-18 08:00:00.000,H15,LA MACHINE A VOYAGER DANS LE TEMPS,0,7096,8,0,8,18,2,2025
2025-02-18 09:00:00.000,H15,LA MACHINE A VOYAGER DANS LE TEMPS,0,7112,9,0,8,18,2,2025
2025-02-18 10:00:00.000,H15,LA MACHINE A VOYAGER DANS LE TEMPS,524,7135,10,0,8,18,2,2025
2025-02-18 11:00:00.000,H15,LA MACHINE A VOYAGER DANS LE TEMPS,699,7158,11,0,8,18,2,2025
2025-02-18 12:00:00.000,H15,LA MACHINE A VOYAGER DANS LE TEMPS,448,7181,12,0,8,18,2,2025
2025-02-18 13:00:00.000,H15,LA MACHINE A VOYAGER DANS LE TEMPS,356,7204,13,0,8,18,2,2025
2025-02-18 14:00:00.000,H15,LA MACHINE A VOYAGER DANS LE TEMPS,421,7227,14,0,8,18,2,2025
2025-02-18 15:00:00.000,H15,LA MACHINE A VOYAGER DANS LE TEMPS,461,7250,15,0,8,18,2,2025
2025-02-18 16:00:00.000,H15,LA MACHINE A VOYAGER DANS LE TEMPS,349,7273,16,0,8,18,2,2025
2025-02-18 17:00:00.000,H15,LA MACHINE A VOYAGER DANS LE TEMPS,317,7296,17,0,8,18,2,2025
2025-02-18 18:00:00.000,H15,LA MACHINE A VOYAGER DANS LE TEMPS,255,7319,18,0,8,18,2,2025
2025-02-18 19:00:00.000,H15,LA MACHINE A VOYAGER DANS LE TEMPS,91,7342,19,0,8,18,2,2025
2025-02-18 20:00:00.000,H15,LA MACHINE A VOYAGER DANS LE TEMPS,79,7365,20,0,8,18,2,2025
2025-02-18 21:00:00.000,H15,LA MACHINE A VOYAGER DANS LE TEMPS,79,7388,21,0,8,18,2,2025
2025-02-18 22:00:00.000,H15,LA MACHINE A VOYAGER DANS LE TEMPS,79,7403,22,0,8,18,2,2025
2025-02-18 23:00:00.000,H15,LA MACHINE A VOYAGER DANS LE TEMPS,79,7418,23,0,8,18,2,2025
2025-02-19 00:00:00.000,H15,LA MACHINE A VOYAGER DANS LE TEMPS,79,7433,0,0,8,19,2,2025
2025-02-19 01:00:00.000,H15,LA MACHINE A VOYAGER DANS LE TEMPS,79,7448,1,0,8,19,2,2025
2025-02-19 02:00:00.000,H15,LA MACHINE A VOYAGER DANS LE TEMPS,79,7463,2,0,8,19,2,2025
2025-02-19 03:00:00.000,H15,LA MACHINE A VOYAGER DANS LE TEMPS,79,7478,3,0,8,19,2,2025
2025-02-19 04:00:00.000,H15,LA MACHINE A VOYAGER DANS LE TEMPS,79,7493,4,0,8,19,2,2025
2025-02-19 05:00:00.000,H15,LA MACHINE A VOYAGER DANS LE TEMPS,79,7508,5,0,8,19,2,2025
2025-02-19 06:00:00.000,H15,LA MACHINE A VOYAGER DANS LE TEMPS,79,7523,6,0,8,19,2,2025
2025-02-19 07:00:00.000,H15,LA MACHINE A VOYAGER DANS LE TEMPS,79,7538,7,0,8,19,2,2025
2025-02-19 08:00:00.000,H15,LA MACHINE A VOYAGER DANS LE TEMPS,79,7552,8,0,8,19,2,2025
2025-02-19 09:00:00.000,H15,LA MACHINE A VOYAGER DANS LE TEMPS,79,7567,9,0,8,19,2,2025
2025-02-19 10:00:00.000,H15,LA MACHINE A VOYAGER DANS LE TEMPS,207,7582,10,0,8,19,2,2025
2025-02-19 11:00:00.000,H15,LA MACHINE A VOYAGER DANS LE TEMPS,832,7597,11,0,8,19,2,2025
2025-02-19 12:00:00.000,H15,LA MACHINE A VOYAGER DANS LE TEMPS,661,7612,12,0,8,19,2,2025
2025-02-19 13:00:00.000,H15,LA MACHINE A VOYAGER DANS LE TEMPS,332,7627,13,0,8,19,2,2025
2025-02-19 14:00:00.000,H15,LA MACHINE A VOYAGER DANS LE TEMPS,373,7642,14,0,8,19,2,2025
2025-02-19 15:00:00.000,H15,LA MACHINE A VOYAGER DANS LE TEMPS,494,7657,15,0,8,19,2,2025
2025-02-19 16:00:00.000,H15,LA MACHINE A VOYAGER DANS LE TEMPS,396,7672,16,0,8,19,2,2025
2025-02-19 17:00:00.000,H15,LA MACHINE A VOYAGER DANS LE TEMPS,431,7687,17,0,8,19,2,2025
2025-02-19 18:00:00.000,H15,LA MACHINE A VOYAGER DANS LE TEMPS,189,7702,18,0,8,19,2,2025
2025-02-19 19:00:00.000,H15,LA MACHINE A VOYAGER DANS LE TEMPS,44,7717,19,0,8,19,2,2025
2025-02-19 20:00:00.000,H15,LA MACHINE A VOYAGER DANS LE TEMPS,48,7732,20,0,8,19,2,2025
2025-02-19 21:00:00.000,H15,LA MACHINE A VOYAGER DANS LE TEMPS,48,7747,21,0,8,19,2,2025
2025-02-19 22:00:00.000,H15,LA MACHINE A VOYAGER DANS LE TEMPS,48,7762,22,0,8,19,2,2025
2025-02-19 23:00:00.000,H15,LA MACHINE A VOYAGER DANS LE TEMPS,48,7777,23,0,8,19,2,2025
2025-02-20 00:00:00.000,H15,LA MACHINE A VOYAGER DANS LE TEMPS,48,7792,0,0,8,20,2,2025
2025-02-20 01:00:00.000,H15,LA MACHINE A VOYAGER DANS LE TEMPS,48,7807,1,0,8,20,2,2025
2025-02-20 02:00:00.000,H15,LA MACHINE A VOYAGER DANS LE TEMPS,48,7822,2,0,8,20,2,2025
2025-02-20 03:00:00.000,H15,LA MACHINE A VOYAGER DANS LE TEMPS,48,7837,3,0,8,20,2,2025
2025-02-20 04:00:00.000,H15,LA MACHINE A VOYAGER DANS LE TEMPS,48,7852,4,0,8,20,2,2025
2025-02-20 05:00:00.000,H15,LA MACHINE A VOYAGER DANS LE TEMPS,48,7867,5,0,8,20,2,2025
2025-02-20 06:00:00.000,H15,LA MACHINE A VOYAGER DANS LE TEMPS,48,7882,6,0,8,20,2,2025
2025-02-20 07:00:00.000,H15,LA MACHINE A VOYAGER DANS LE TEMPS,48,7897,7,0,8,20,2,2025
2025-02-20 08:00:00.000,H15,LA MACHINE A VOYAGER DANS LE TEMPS,48,7912,8,0,8,20,2,2025
2025-02-20 09:00:00.000,H15,LA MACHINE A VOYAGER DANS LE TEMPS,26,7927,9,0,8,20,2,2025
2025-02-20 10:00:00.000,H15,LA MACHINE A VOYAGER DANS LE TEMPS,412,7942,10,0,8,20,2,2025
2025-02-20 11:00:00.000,H15,LA MACHINE A VOYAGER DANS LE TEMPS,677,7957,11,0,8,20,2,2025
2025-02-20 12:00:00.000,H15,LA MACHINE A VOYAGER DANS LE TEMPS,532,7972,12,0,8,20,2,2025
2025-02-20 13:00:00.000,H15,LA MACHINE A VOYAGER DANS LE TEMPS,410,7995,13,0,8,20,2,2025
2025-02-20 14:00:00.000,H15,LA MACHINE A VOYAGER DANS LE TEMPS,309,8018,14,0,8,20,2,2025
2025-02-20 15:00:00.000,H15,LA MACHINE A VOYAGER DANS LE TEMPS,475,8041,15,0,8,20,2,2025
2025-02-20 16:00:00.000,H15,LA MACHINE A VOYAGER DANS LE TEMPS,265,8064,16,0,8,20,2,2025
2025-02-20 17:00:00.000,H15,LA MACHINE A VOYAGER DANS LE TEMPS,245,8087,17,0,8,20,2,2025
2025-02-20 18:00:00.000,H15,LA MACHINE A VOYAGER DANS LE TEMPS,188,8110,18,0,8,20,2,2025
2025-02-20 19:00:00.000,H15,LA MACHINE A VOYAGER DANS LE TEMPS,74,8133,19,0,8,20,2,2025
2025-02-20 20:00:00.000,H15,LA MACHINE A VOYAGER DANS LE TEMPS,0,8156,20,0,8,20,2,2025
2025-02-20 21:00:00.000,H15,LA MACHINE A VOYAGER DANS LE TEMPS,0,8179,21,0,8,20,2,2025
2025-02-20 22:00:00.000,H15,LA MACHINE A VOYAGER DANS LE TEMPS,0,8194,22,0,8,20,2,2025
2025-02-20 23:00:00.000,H15,LA MACHINE A VOYAGER DANS LE TEMPS,0,8209,23,0,8,20,2,2025
2025-02-21 00:00:00.000,H15,LA MACHINE A VOYAGER DANS LE TEMPS,0,8224,0,0,8,21,2,2025
2025-02-21 01:00:00.000,H15,LA MACHINE A VOYAGER DANS LE TEMPS,0,8239,1,0,8,21,2,2025
2025-02-21 02:00:00.000,H15,LA MACHINE A VOYAGER DANS LE TEMPS,0,8254,2,0,8,21,2,2025
2025-02-21 03:00:00.000,H15,LA MACHINE A VOYAGER DANS LE TEMPS,0,8269,3,0,8,21,2,2025
2025-02-21 04:00:00.000,H15,LA MACHINE A VOYAGER DANS LE TEMPS,0,8284,4,0,8,21,2,2025
2025-02-21 05:00:00.000,H15,LA MACHINE A VOYAGER DANS LE TEMPS,0,8299,5,0,8,21,2,2025
2025-02-21 06:00:00.000,H15,LA MACHINE A VOYAGER DANS LE TEMPS,0,8314,6,0,8,21,2,2025
2025-02-21 07:00:00.000,H15,LA MACHINE A VOYAGER DANS LE TEMPS,0,8329,7,0,8,21,2,2025
2025-02-21 08:00:00.000,H15,LA MACHINE A VOYAGER DANS LE TEMPS,0,8344,8,0,8,21,2,2025
2025-02-21 09:00:00.000,H15,LA MACHINE A VOYAGER DANS LE TEMPS,1,8359,9,0,8,21,2,2025
2025-02-21 10:00:00.000,H15,LA MACHINE A VOYAGER DANS LE TEMPS,390,8374,10,0,8,21,2,2025
2025-02-21 11:00:00.000,H15,LA MACHINE A VOYAGER DANS LE TEMPS,553,8389,11,0,8,21,2,2025
2025-02-21 12:00:00.000,H15,LA MACHINE A VOYAGER DANS LE TEMPS,346,8404,12,0,8,21,2,2025
2025-02-21 13:00:00.000,H15,LA MACHINE A VOYAGER DANS LE TEMPS,322,8419,13,0,8,21,2,2025
2025-02-21 14:00:00.000,H15,LA MACHINE A VOYAGER DANS LE TEMPS,355,8434,14,0,8,21,2,2025
2025-02-21 15:00:00.000,H15,LA MACHINE A VOYAGER DANS LE TEMPS,304,8449,15,0,8,21,2,2025
2025-02-21 16:00:00.000,H15,LA MACHINE A VOYAGER DANS LE TEMPS,275,8464,16,0,8,21,2,2025
2025-02-21 17:00:00.000,H15,LA MACHINE A VOYAGER DANS LE TEMPS,115,8479,17,0,8,21,2,2025
2025-02-21 18:00:00.000,H15,LA MACHINE A VOYAGER DANS LE TEMPS,37,8494,18,0,8,21,2,2025
2025-02-21 19:00:00.000,H15,LA MACHINE A VOYAGER DANS LE TEMPS,15,8509,19,0,8,21,2,2025
2025-02-21 20:00:00.000,H15,LA MACHINE A VOYAGER DANS LE TEMPS,0,8524,20,0,8,21,2,2025
2025-02-21 21:00:00.000,H15,LA MACHINE A VOYAGER DANS LE TEMPS,0,8539,21,0,8,21,2,2025
2025-02-21 22:00:00.000,H15,LA MACHINE A VOYAGER DANS LE TEMPS,0,8554,22,0,8,21,2,2025
2025-02-21 23:00:00.000,H15,LA MACHINE A VOYAGER DANS LE TEMPS,0,8569,23,0,8,21,2,2025
2025-02-22 00:00:00.000,H15,LA MACHINE A VOYAGER DANS LE TEMPS,0,8584,0,0,8,22,2,2025
2025-02-22 01:00:00.000,H15,LA MACHINE A VOYAGER DANS LE TEMPS,0,8599,1,0,8,22,2,2025
2025-02-22 02:00:00.000,H15,LA MACHINE A VOYAGER DANS LE TEMPS,0,8614,2,0,8,22,2,2025
2025-02-22 03:00:00.000,H15,LA MACHINE A VOYAGER DANS LE TEMPS,0,8629,3,0,8,22,2,2025
2025-02-22 04:00:00.000,H15,LA MACHINE A VOYAGER DANS LE TEMPS,0,8644,4,0,8,22,2,2025
2025-02-22 05:00:00.000,H15,LA MACHINE A VOYAGER DANS LE TEMPS,0,8659,5,0,8,22,2,2025
2025-02-22 06:00:00.000,H15,LA MACHINE A VOYAGER DANS LE TEMPS,0,8674,6,0,8,22,2,2025
2025-02-22 07:00:00.000,H15,LA MACHINE A VOYAGER DANS LE TEMPS,0,8689,7,0,8,22,2,2025
2025-02-22 08:00:00.000,H15,LA MACHINE A VOYAGER DANS LE TEMPS,0,8704,8,0,8,22,2,2025
2025-02-22 09:00:00.000,H15,LA MACHINE A VOYAGER DANS LE TEMPS,0,8719,9,0,8,22,2,2025
2025-02-22 10:00:00.000,H15,LA MACHINE A VOYAGER DANS LE TEMPS,817,8734,10,0,8,22,2,2025
2025-02-22 11:00:00.000,H15,LA MACHINE A VOYAGER DANS LE TEMPS,766,8749,11,0,8,22,2,2025
2025-02-22 12:00:00.000,H15,LA MACHINE A VOYAGER DANS LE TEMPS,873,8764,12,0,8,22,2,2025
2025-02-22 13:00:00.000,H15,LA MACHINE A VOYAGER DANS LE TEMPS,464,8779,13,0,8,22,2,2025
2025-02-22 14:00:00.000,H15,LA MACHINE A VOYAGER DANS LE TEMPS,418,8794,14,0,8,22,2,2025
2025-02-22 15:00:00.000,H15,LA MACHINE A VOYAGER DANS LE TEMPS,610,8809,15,0,8,22,2,2025
2025-02-22 16:00:00.000,H15,LA MACHINE A VOYAGER DANS LE TEMPS,492,8824,16,0,8,22,2,2025
2025-02-22 17:00:00.000,H15,LA MACHINE A VOYAGER DANS LE TEMPS,373,8839,17,0,8,22,2,2025
2025-02-22 18:00:00.000,H15,LA MACHINE A VOYAGER DANS LE TEMPS,246,8854,18,0,8,22,2,2025
2025-02-22 19:00:00.000,H15,LA MACHINE A VOYAGER DANS LE TEMPS,66,8869,19,0,8,22,2,2025
2025-02-22 20:00:00.000,H15,LA MACHINE A VOYAGER DANS LE TEMPS,0,8884,20,0,8,22,2,2025
2025-02-22 21:00:00.000,H15,LA MACHINE A VOYAGER DANS LE TEMPS,0,8899,21,0,8,22,2,2025
2025-02-22 22:00:00.000,H15,LA MACHINE A VOYAGER DANS LE TEMPS,0,8914,22,0,8,22,2,2025
2025-02-22 23:00:00.000,H15,LA MACHINE A VOYAGER DANS LE TEMPS,0,8929,23,0,8,22,2,2025
2025-02-23 00:00:00.000,H15,LA MACHINE A VOYAGER DANS LE TEMPS,0,8944,0,0,9,23,2,2025
2025-02-23 01:00:00.000,H15,LA MACHINE A VOYAGER DANS LE TEMPS,0,8959,1,0,9,23,2,2025
2025-02-23 02:00:00.000,H15,LA MACHINE A VOYAGER DANS LE TEMPS,0,8974,2,0,9,23,2,2025
2025-02-23 03:00:00.000,H15,LA MACHINE A VOYAGER DANS LE TEMPS,0,8989,3,0,9,23,2,2025
2025-02-23 04:00:00.000,H15,LA MACHINE A VOYAGER DANS LE TEMPS,0,9004,4,0,9,23,2,2025
2025-02-23 05:00:00.000,H15,LA MACHINE A VOYAGER DANS LE TEMPS,0,9019,5,0,9,23,2,2025
2025-02-23 06:00:00.000,H15,LA MACHINE A VOYAGER DANS LE TEMPS,0,9034,6,0,9,23,2,2025
2025-02-23 07:00:00.000,H15,LA MACHINE A VOYAGER DANS LE TEMPS,0,9049,7,0,9,23,2,2025
2025-02-23 08:00:00.000,H15,LA MACHINE A VOYAGER DANS LE TEMPS,0,9064,8,0,9,23,2,2025
2025-02-23 09:00:00.000,H15,LA MACHINE A VOYAGER DANS LE TEMPS,0,9079,9,0,9,23,2,2025
2025-02-23 10:00:00.000,H15,LA MACHINE A VOYAGER DANS LE TEMPS,376,9094,10,0,9,23,2,2025
2025-02-23 11:00:00.000,H15,LA MACHINE A VOYAGER DANS LE TEMPS,549,9109,11,0,9,23,2,2025
2025-02-23 12:00:00.000,H15,LA MACHINE A VOYAGER DANS LE TEMPS,259,9124,12,0,9,23,2,2025
2025-02-23 13:00:00.000,H15,LA MACHINE A VOYAGER DANS LE TEMPS,229,9139,13,0,9,23,2,2025
2025-02-23 14:00:00.000,H15,LA MACHINE A VOYAGER DANS LE TEMPS,62,9154,14,0,9,23,2,2025
2025-02-23 15:00:00.000,H15,LA MACHINE A VOYAGER DANS LE TEMPS,79,9169,15,0,9,23,2,2025
2025-02-23 16:00:00.000,H15,LA MACHINE A VOYAGER DANS LE TEMPS,40,9184,16,0,9,23,2,2025
2025-02-23 17:00:00.000,H15,LA MACHINE A VOYAGER DANS LE TEMPS,51,9199,17,0,9,23,2,2025
2025-02-23 18:00:00.000,H15,LA MACHINE A VOYAGER DANS LE TEMPS,13,9214,18,0,9,23,2,2025
2025-02-23 19:00:00.000,H15,LA MACHINE A VOYAGER DANS LE TEMPS,3,9229,19,0,9,23,2,2025
2025-02-23 20:00:00.000,H15,LA MACHINE A VOYAGER DANS LE TEMPS,0,9244,20,0,9,23,2,2025
2025-02-23 21:00:00.000,H15,LA MACHINE A VOYAGER DANS LE TEMPS,0,9259,21,0,9,23,2,2025
2025-02-23 22:00:00.000,H15,LA MACHINE A VOYAGER DANS LE TEMPS,0,9274,22,0,9,23,2,2025
2025-02-23 23:00:00.000,H15,LA MACHINE A VOYAGER DANS LE TEMPS,0,9289,23,0,9,23,2,2025
2025-02-24 00:00:00.000,H15,LA MACHINE A VOYAGER DANS LE TEMPS,0,9304,0,0,9,24,2,2025
2025-02-24 01:00:00.000,H15,LA MACHINE A VOYAGER DANS LE TEMPS,0,9319,1,0,9,24,2,2025
2025-02-24 02:00:00.000,H15,LA MACHINE A VOYAGER DANS LE TEMPS,0,9334,2,0,9,24,2,2025
2025-02-24 03:00:00.000,H15,LA MACHINE A VOYAGER DANS LE TEMPS,0,9349,3,0,9,24,2,2025
2025-02-24 04:00:00.000,H15,LA MACHINE A VOYAGER DANS LE TEMPS,0,9364,4,0,9,24,2,2025
2025-02-24 05:00:00.000,H15,LA MACHINE A VOYAGER DANS LE TEMPS,0,9379,5,0,9,24,2,2025
2025-02-24 06:00:00.000,H15,LA MACHINE A VOYAGER DANS LE TEMPS,0,9394,6,0,9,24,2,2025
2025-02-24 07:00:00.000,H15,LA MACHINE A VOYAGER DANS LE TEMPS,0,9409,7,0,9,24,2,2025
2025-02-24 08:00:00.000,H15,LA MACHINE A VOYAGER DANS LE TEMPS,0,9424,8,0,9,24,2,2025
2025-02-24 09:00:00.000,H15,LA MACHINE A VOYAGER DANS LE TEMPS,0,9439,9,0,9,24,2,2025
2025-02-24 10:00:00.000,H15,LA MACHINE A VOYAGER DANS LE TEMPS,381,9454,10,0,9,24,2,2025
2025-02-24 11:00:00.000,H15,LA MACHINE A VOYAGER DANS LE TEMPS,618,9469,11,0,9,24,2,2025
2025-02-24 12:00:00.000,H15,LA MACHINE A VOYAGER DANS LE TEMPS,495,9484,12,0,9,24,2,2025
2025-02-24 13:00:00.000,H15,LA MACHINE A VOYAGER DANS LE TEMPS,339,9499,13,0,9,24,2,2025
2025-02-24 14:00:00.000,H15,LA MACHINE A VOYAGER DANS LE TEMPS,337,9514,14,0,9,24,2,2025
2025-02-24 15:00:00.000,H15,LA MACHINE A VOYAGER DANS LE TEMPS,259,9529,15,0,9,24,2,2025
2025-02-24 16:00:00.000,H15,LA MACHINE A VOYAGER DANS LE TEMPS,259,9544,16,0,9,24,2,2025
2025-02-24 17:00:00.000,H15,LA MACHINE A VOYAGER DANS LE TEMPS,286,9559,17,0,9,24,2,2025
2025-02-24 18:00:00.000,H15,LA MACHINE A VOYAGER DANS LE TEMPS,157,9574,18,0,9,24,2,2025
2025-02-24 19:00:00.000,H15,LA MACHINE A VOYAGER DANS LE TEMPS,15,9589,19,0,9,24,2,2025
2025-02-24 20:00:00.000,H15,LA MACHINE A VOYAGER DANS LE TEMPS,0,9604,20,0,9,24,2,2025
2025-02-24 21:00:00.000,H15,LA MACHINE A VOYAGER DANS LE TEMPS,0,9619,21,0,9,24,2,2025
2025-02-24 22:00:00.000,H15,LA MACHINE A VOYAGER DANS LE TEMPS,0,9634,22,0,9,24,2,2025
2025-02-24 23:00:00.000,H15,LA MACHINE A VOYAGER DANS LE TEMPS,0,9649,23,0,9,24,2,2025
2025-02-25 00:00:00.000,H15,LA MACHINE A VOYAGER DANS LE TEMPS,0,9664,0,0,9,25,2,2025
2025-02-25 01:00:00.000,H15,LA MACHINE A VOYAGER DANS LE TEMPS,0,9679,1,0,9,25,2,2025
2025-02-25 02:00:00.000,H15,LA MACHINE A VOYAGER DANS LE TEMPS,0,9694,2,0,9,25,2,2025
2025-02-25 03:00:00.000,H15,LA MACHINE A VOYAGER DANS LE TEMPS,0,9709,3,0,9,25,2,2025
2025-02-25 04:00:00.000,H15,LA MACHINE A VOYAGER DANS LE TEMPS,0,9724,4,0,9,25,2,2025
2025-02-25 05:00:00.000,H15,LA MACHINE A VOYAGER DANS LE TEMPS,0,9739,5,0,9,25,2,2025
2025-02-25 06:00:00.000,H15,LA MACHINE A VOYAGER DANS LE TEMPS,0,9754,6,0,9,25,2,2025
2025-02-25 07:00:00.000,H15,LA MACHINE A VOYAGER DANS LE TEMPS,0,9769,7,0,9,25,2,2025
2025-02-25 08:00:00.000,H15,LA MACHINE A VOYAGER DANS LE TEMPS,0,9784,8,0,9,25,2,2025
2025-02-25 09:00:00.000,H15,LA MACHINE A VOYAGER DANS LE TEMPS,0,9799,9,0,9,25,2,2025
2025-02-25 10:00:00.000,H15,LA MACHINE A VOYAGER DANS LE TEMPS,316,9814,10,0,9,25,2,2025
2025-02-25 11:00:00.000,H15,LA MACHINE A VOYAGER DANS LE TEMPS,589,9829,11,0,9,25,2,2025
2025-02-25 12:00:00.000,H15,LA MACHINE A VOYAGER DANS LE TEMPS,492,9844,12,0,9,25,2,2025
2025-02-25 13:00:00.000,H15,LA MACHINE A VOYAGER DANS LE TEMPS,330,9859,13,0,9,25,2,2025
2025-02-25 14:00:00.000,H15,LA MACHINE A VOYAGER DANS LE TEMPS,277,9874,14,0,9,25,2,2025
2025-02-25 15:00:00.000,H15,LA MACHINE A VOYAGER DANS LE TEMPS,236,9889,15,0,9,25,2,2025
2025-02-25 16:00:00.000,H15,LA MACHINE A VOYAGER DANS LE TEMPS,230,9904,16,0,9,25,2,2025
2025-02-25 17:00:00.000,H15,LA MACHINE A VOYAGER DANS LE TEMPS,71,9919,17,0,9,25,2,2025
2025-02-25 18:00:00.000,H15,LA MACHINE A VOYAGER DANS LE TEMPS,49,9934,18,0,9,25,2,2025
2025-02-25 19:00:00.000,H15,LA MACHINE A VOYAGER DANS LE TEMPS,28,9949,19,0,9,25,2,2025
2025-02-25 20:00:00.000,H15,LA MACHINE A VOYAGER DANS LE TEMPS,0,9964,20,0,9,25,2,2025
2025-02-25 21:00:00.000,H15,LA MACHINE A VOYAGER DANS LE TEMPS,0,9979,21,0,9,25,2,2025
2025-02-25 22:00:00.000,H15,LA MACHINE A VOYAGER DANS LE TEMPS,0,9994,22,0,9,25,2,2025
2025-02-25 23:00:00.000,H15,LA MACHINE A VOYAGER DANS LE TEMPS,0,10009,23,0,9,25,2,2025
2025-02-26 00:00:00.000,H15,LA MACHINE A VOYAGER DANS LE TEMPS,0,10024,0,0,9,26,2,2025
2025-02-26 01:00:00.000,H15,LA MACHINE A VOYAGER DANS LE TEMPS,0,10039,1,0,9,26,2,2025
2025-02-26 02:00:00.000,H15,LA MACHINE A VOYAGER DANS LE TEMPS,0,10054,2,0,9,26,2,2025
2025-02-26 03:00:00.000,H15,LA MACHINE A VOYAGER DANS LE TEMPS,0,10069,3,0,9,26,2,2025
2025-02-26 04:00:00.000,H15,LA MACHINE A VOYAGER DANS LE TEMPS,0,10084,4,0,9,26,2,2025
2025-02-26 05:00:00.000,H15,LA MACHINE A VOYAGER DANS LE TEMPS,0,10099,5,0,9,26,2,2025
2025-02-26 06:00:00.000,H15,LA MACHINE A VOYAGER DANS LE TEMPS,0,10114,6,0,9,26,2,2025
2025-02-26 07:00:00.000,H15,LA MACHINE A VOYAGER DANS LE TEMPS,0,10129,7,0,9,26,2,2025
2025-02-26 08:00:00.000,H15,LA MACHINE A VOYAGER DANS LE TEMPS,0,10144,8,0,9,26,2,2025
2025-02-26 09:00:00.000,H15,LA MACHINE A VOYAGER DANS LE TEMPS,0,10167,9,0,9,26,2,2025
2025-02-26 10:00:00.000,H15,LA MACHINE A VOYAGER DANS LE TEMPS,302,10189,10,0,9,26,2,2025
2025-02-26 11:00:00.000,H15,LA MACHINE A VOYAGER DANS LE TEMPS,422,10211,11,0,9,26,2,2025
2025-02-26 12:00:00.000,H15,LA MACHINE A VOYAGER DANS LE TEMPS,411,10233,12,0,9,26,2,2025
2025-02-26 13:00:00.000,H15,LA MACHINE A VOYAGER DANS LE TEMPS,268,10255,13,0,9,26,2,2025
2025-02-26 14:00:00.000,H15,LA MACHINE A VOYAGER DANS LE TEMPS,308,10277,14,0,9,26,2,2025
2025-02-26 15:00:00.000,H15,LA MACHINE A VOYAGER DANS LE TEMPS,350,10299,15,0,9,26,2,2025
2025-02-26 16:00:00.000,H15,LA MACHINE A VOYAGER DANS LE TEMPS,256,10321,16,0,9,26,2,2025
2025-02-26 17:00:00.000,H15,LA MACHINE A VOYAGER DANS LE TEMPS,221,10343,17,0,9,26,2,2025
2025-02-26 18:00:00.000,H15,LA MACHINE A VOYAGER DANS LE TEMPS,109,10365,18,0,9,26,2,2025
2025-02-26 19:00:00.000,H15,LA MACHINE A VOYAGER DANS LE TEMPS,2,10387,19,0,9,26,2,2025
2025-02-26 20:00:00.000,H15,LA MACHINE A VOYAGER DANS LE TEMPS,0,10409,20,0,9,26,2,2025
2025-02-26 21:00:00.000,H15,LA MACHINE A VOYAGER DANS LE TEMPS,0,10431,21,0,9,26,2,2025
2025-02-26 22:00:00.000,H15,LA MACHINE A VOYAGER DANS LE TEMPS,0,10446,22,0,9,26,2,2025
2025-02-26 23:00:00.000,H15,LA MACHINE A VOYAGER DANS LE TEMPS,0,10461,23,0,9,26,2,2025
2025-02-27 00:00:00.000,H15,LA MACHINE A VOYAGER DANS LE TEMPS,0,10476,0,0,9,27,2,2025
2025-02-27 01:00:00.000,H15,LA MACHINE A VOYAGER DANS LE TEMPS,0,10491,1,0,9,27,2,2025
2025-02-27 02:00:00.000,H15,LA MACHINE A VOYAGER DANS LE TEMPS,0,10506,2,0,9,27,2,2025
2025-02-27 03:00:00.000,H15,LA MACHINE A VOYAGER DANS LE TEMPS,0,10521,3,0,9,27,2,2025
2025-02-27 04:00:00.000,H15,LA MACHINE A VOYAGER DANS LE TEMPS,0,10536,4,0,9,27,2,2025
2025-02-27 05:00:00.000,H15,LA MACHINE A VOYAGER DANS LE TEMPS,0,10551,5,0,9,27,2,2025
2025-02-27 06:00:00.000,H15,LA MACHINE A VOYAGER DANS LE TEMPS,0,10566,6,0,9,27,2,2025
2025-02-27 07:00:00.000,H15,LA MACHINE A VOYAGER DANS LE TEMPS,0,10581,7,0,9,27,2,2025
2025-02-27 08:00:00.000,H15,LA MACHINE A VOYAGER DANS LE TEMPS,0,10596,8,0,9,27,2,2025
2025-02-27 09:00:00.000,H15,LA MACHINE A VOYAGER DANS LE TEMPS,0,10611,9,0,9,27,2,2025
2025-02-27 10:00:00.000,H15,LA MACHINE A VOYAGER DANS LE TEMPS,614,10626,10,0,9,27,2,2025
2025-02-27 11:00:00.000,H15,LA MACHINE A VOYAGER DANS LE TEMPS,629,10641,11,0,9,27,2,2025
2025-02-27 12:00:00.000,H15,LA MACHINE A VOYAGER DANS LE TEMPS,431,10656,12,0,9,27,2,2025
2025-02-27 13:00:00.000,H15,LA MACHINE A VOYAGER DANS LE TEMPS,301,10671,13,0,9,27,2,2025
2025-02-27 14:00:00.000,H15,LA MACHINE A VOYAGER DANS LE TEMPS,281,10686,14,0,9,27,2,2025
2025-02-27 15:00:00.000,H15,LA MACHINE A VOYAGER DANS LE TEMPS,362,10701,15,0,9,27,2,2025
2025-02-27 16:00:00.000,H15,LA MACHINE A VOYAGER DANS LE TEMPS,296,10716,16,0,9,27,2,2025
2025-02-27 17:00:00.000,H15,LA MACHINE A VOYAGER DANS LE TEMPS,262,10731,17,0,9,27,2,2025
2025-02-27 18:00:00.000,H15,LA MACHINE A VOYAGER DANS LE TEMPS,255,10746,18,0,9,27,2,2025
2025-02-27 19:00:00.000,H15,LA MACHINE A VOYAGER DANS LE TEMPS,95,10761,19,0,9,27,2,2025
2025-02-27 20:00:00.000,H15,LA MACHINE A VOYAGER DANS LE TEMPS,0,10776,20,0,9,27,2,2025
2025-02-27 21:00:00.000,H15,LA MACHINE A VOYAGER DANS LE TEMPS,0,10791,21,0,9,27,2,2025
2025-02-27 22:00:00.000,H15,LA MACHINE A VOYAGER DANS LE TEMPS,0,10806,22,0,9,27,2,2025
2025-02-27 23:00:00.000,H15,LA MACHINE A VOYAGER DANS LE TEMPS,0,10821,23,0,9,27,2,2025
2025-02-28 00:00:00.000,H15,LA MACHINE A VOYAGER DANS LE TEMPS,0,10836,0,0,9,28,2,2025
2025-02-28 01:00:00.000,H15,LA MACHINE A VOYAGER DANS LE TEMPS,0,10851,1,0,9,28,2,2025
2025-02-28 02:00:00.000,H15,LA MACHINE A VOYAGER DANS LE TEMPS,0,10866,2,0,9,28,2,2025
2025-02-28 03:00:00.000,H15,LA MACHINE A VOYAGER DANS LE TEMPS,0,10881,3,0,9,28,2,2025
2025-02-28 04:00:00.000,H15,LA MACHINE A VOYAGER DANS LE TEMPS,0,10896,4,0,9,28,2,2025
2025-02-28 05:00:00.000,H15,LA MACHINE A VOYAGER DANS LE TEMPS,0,10911,5,0,9,28,2,2025
2025-02-28 06:00:00.000,H15,LA MACHINE A VOYAGER DANS LE TEMPS,0,10926,6,0,9,28,2,2025
2025-02-28 07:00:00.000,H15,LA MACHINE A VOYAGER DANS LE TEMPS,0,10941,7,0,9,28,2,2025
2025-02-28 08:00:00.000,H15,LA MACHINE A VOYAGER DANS LE TEMPS,0,10956,8,0,9,28,2,2025
2025-02-28 09:00:00.000,H15,LA MACHINE A VOYAGER DANS LE TEMPS,2,10973,9,0,9,28,2,2025
2025-02-28 10:00:00.000,H15,LA MACHINE A VOYAGER DANS LE TEMPS,290,10990,10,0,9,28,2,2025
2025-02-28 11:00:00.000,H15,LA MACHINE A VOYAGER DANS LE TEMPS,410,11007,11,0,9,28,2,2025
2025-02-28 12:00:00.000,H15,LA MACHINE A VOYAGER DANS LE TEMPS,290,11024,12,0,9,28,2,2025
2025-02-28 13:00:00.000,H15,LA MACHINE A VOYAGER DANS LE TEMPS,176,11041,13,0,9,28,2,2025
2025-02-28 14:00:00.000,H15,LA MACHINE A VOYAGER DANS LE TEMPS,72,11058,14,0,9,28,2,2025
2025-02-28 15:00:00.000,H15,LA MACHINE A VOYAGER DANS LE TEMPS,142,11075,15,0,9,28,2,2025
2025-02-28 16:00:00.000,H15,LA MACHINE A VOYAGER DANS LE TEMPS,111,11092,16,0,9,28,2,2025
2025-02-28 17:00:00.000,H15,LA MACHINE A VOYAGER DANS LE TEMPS,70,11109,17,0,9,28,2,2025
2025-02-28 18:00:00.000,H15,LA MACHINE A VOYAGER DANS LE TEMPS,33,11126,18,0,9,28,2,2025
2025-02-28 19:00:00.000,H15,LA MACHINE A VOYAGER DANS LE TEMPS,4,11143,19,0,9,28,2,2025
2025-02-28 20:00:00.000,H15,LA MACHINE A VOYAGER DANS LE TEMPS,0,11160,20,0,9,28,2,2025
2025-02-28 21:00:00.000,H15,LA MACHINE A VOYAGER DANS LE TEMPS,0,11177,21,0,9,28,2,2025
2025-02-28 22:00:00.000,H15,LA MACHINE A VOYAGER DANS LE TEMPS,0,11192,22,0,9,28,2,2025
2025-02-28 23:00:00.000,H15,LA MACHINE A VOYAGER DANS LE TEMPS,0,11207,23,0,9,28,2,2025
2025-03-01 00:00:00.000,H15,LA MACHINE A VOYAGER DANS LE TEMPS,0,11222,0,0,9,1,3,2025
2025-03-01 01:00:00.000,H15,LA MACHINE A VOYAGER DANS LE TEMPS,0,11237,1,0,9,1,3,2025
2025-03-01 02:00:00.000,H15,LA MACHINE A VOYAGER DANS LE TEMPS,0,11252,2,0,9,1,3,2025
2025-03-01 03:00:00.000,H15,LA MACHINE A VOYAGER DANS LE TEMPS,0,11267,3,0,9,1,3,2025
2025-03-01 04:00:00.000,H15,LA MACHINE A VOYAGER DANS LE TEMPS,0,11282,4,0,9,1,3,2025
2025-03-01 05:00:00.000,H15,LA MACHINE A VOYAGER DANS LE TEMPS,0,11297,5,0,9,1,3,2025
2025-03-01 06:00:00.000,H15,LA MACHINE A VOYAGER DANS LE TEMPS,0,11312,6,0,9,1,3,2025
2025-03-01 07:00:00.000,H15,LA MACHINE A VOYAGER DANS LE TEMPS,0,11327,7,0,9,1,3,2025
2025-03-01 08:00:00.000,H15,LA MACHINE A VOYAGER DANS LE TEMPS,0,11342,8,0,9,1,3,2025
2025-03-01 09:00:00.000,H15,LA MACHINE A VOYAGER DANS LE TEMPS,0,11357,9,0,9,1,3,2025
2025-03-01 10:00:00.000,H15,LA MACHINE A VOYAGER DANS LE TEMPS,576,11372,10,0,9,1,3,2025
2025-03-01 11:00:00.000,H15,LA MACHINE A VOYAGER DANS LE TEMPS,904,11387,11,0,9,1,3,2025
2025-03-01 12:00:00.000,H15,LA MACHINE A VOYAGER DANS LE TEMPS,839,11402,12,0,9,1,3,2025
2025-03-01 13:00:00.000,H15,LA MACHINE A VOYAGER DANS LE TEMPS,624,11417,13,0,9,1,3,2025
2025-03-01 14:00:00.000,H15,LA MACHINE A VOYAGER DANS LE TEMPS,617,11432,14,0,9,1,3,2025
2025-03-01 15:00:00.000,H15,LA MACHINE A VOYAGER DANS LE TEMPS,569,11447,15,0,9,1,3,2025
2025-03-01 16:00:00.000,H15,LA MACHINE A VOYAGER DANS LE TEMPS,631,11462,16,0,9,1,3,2025
2025-03-01 17:00:00.000,H15,LA MACHINE A VOYAGER DANS LE TEMPS,625,11477,17,0,9,1,3,2025
2025-03-01 18:00:00.000,H15,LA MACHINE A VOYAGER DANS LE TEMPS,439,11492,18,0,9,1,3,2025
2025-03-01 19:00:00.000,H15,LA MACHINE A VOYAGER DANS LE TEMPS,135,11507,19,0,9,1,3,2025
2025-03-01 20:00:00.000,H15,LA MACHINE A VOYAGER DANS LE TEMPS,84,11522,20,0,9,1,3,2025
2025-03-01 21:00:00.000,H15,LA MACHINE A VOYAGER DANS LE TEMPS,84,11537,21,0,9,1,3,2025
2025-03-01 22:00:00.000,H15,LA MACHINE A VOYAGER DANS LE TEMPS,84,11552,22,0,9,1,3,2025
2025-03-01 23:00:00.000,H15,LA MACHINE A VOYAGER DANS LE TEMPS,84,11567,23,0,9,1,3,2025
2025-03-02 00:00:00.000,H15,LA MACHINE A VOYAGER DANS LE TEMPS,84,11582,0,0,10,2,3,2025
2025-03-02 01:00:00.000,H15,LA MACHINE A VOYAGER DANS LE TEMPS,84,11597,1,0,10,2,3,2025
2025-03-02 02:00:00.000,H15,LA MACHINE A VOYAGER DANS LE TEMPS,84,11612,2,0,10,2,3,2025
2025-03-02 03:00:00.000,H15,LA MACHINE A VOYAGER DANS LE TEMPS,84,11627,3,0,10,2,3,2025
2025-03-02 04:00:00.000,H15,LA MACHINE A VOYAGER DANS LE TEMPS,84,11642,4,0,10,2,3,2025
2025-03-02 05:00:00.000,H15,LA MACHINE A VOYAGER DANS LE TEMPS,84,11657,5,0,10,2,3,2025
2025-03-02 06:00:00.000,H15,LA MACHINE A VOYAGER DANS LE TEMPS,84,11672,6,0,10,2,3,2025
2025-03-02 07:00:00.000,H15,LA MACHINE A VOYAGER DANS LE TEMPS,84,11687,7,0,10,2,3,2025
2025-03-02 08:00:00.000,H15,LA MACHINE A VOYAGER DANS LE TEMPS,84,11702,8,0,10,2,3,2025
2025-03-02 09:00:00.000,H15,LA MACHINE A VOYAGER DANS LE TEMPS,84,11717,9,0,10,2,3,2025
2025-03-02 10:00:00.000,H15,LA MACHINE A VOYAGER DANS LE TEMPS,520,11732,10,0,10,2,3,2025
2025-03-02 11:00:00.000,H15,LA MACHINE A VOYAGER DANS LE TEMPS,664,11747,11,0,10,2,3,2025
2025-03-02 12:00:00.000,H15,LA MACHINE A VOYAGER DANS LE TEMPS,261,11762,12,0,10,2,3,2025
2025-03-02 13:00:00.000,H15,LA MACHINE A VOYAGER DANS LE TEMPS,154,11777,13,0,10,2,3,2025
2025-03-02 14:00:00.000,H15,LA MACHINE A VOYAGER DANS LE TEMPS,163,11792,14,0,10,2,3,2025
2025-03-02 15:00:00.000,H15,LA MACHINE A VOYAGER DANS LE TEMPS,160,11807,15,0,10,2,3,2025
2025-03-02 16:00:00.000,H15,LA MACHINE A VOYAGER DANS LE TEMPS,83,11822,16,0,10,2,3,2025
2025-03-02 17:00:00.000,H15,LA MACHINE A VOYAGER DANS LE TEMPS,37,11837,17,0,10,2,3,2025
2025-03-02 18:00:00.000,H15,LA MACHINE A VOYAGER DANS LE TEMPS,73,11852,18,0,10,2,3,2025
2025-03-02 19:00:00.000,H15,LA MACHINE A VOYAGER DANS LE TEMPS,35,11867,19,0,10,2,3,2025
2025-03-02 20:00:00.000,H15,LA MACHINE A VOYAGER DANS LE TEMPS,34,11882,20,0,10,2,3,2025
2025-03-02 21:00:00.000,H15,LA MACHINE A VOYAGER DANS LE TEMPS,34,11897,21,0,10,2,3,2025
2025-03-02 22:00:00.000,H15,LA MACHINE A VOYAGER DANS LE TEMPS,34,11912,22,0,10,2,3,2025
2025-03-02 23:00:00.000,H15,LA MACHINE A VOYAGER DANS LE TEMPS,34,11927,23,0,10,2,3,2025
2025-03-03 00:00:00.000,H15,LA MACHINE A VOYAGER DANS LE TEMPS,34,11942,0,0,10,3,3,2025
2025-03-03 01:00:00.000,H15,LA MACHINE A VOYAGER DANS LE TEMPS,34,11957,1,0,10,3,3,2025
2025-03-03 02:00:00.000,H15,LA MACHINE A VOYAGER DANS LE TEMPS,34,11972,2,0,10,3,3,2025
2025-03-03 03:00:00.000,H15,LA MACHINE A VOYAGER DANS LE TEMPS,34,11987,3,0,10,3,3,2025
2025-03-03 04:00:00.000,H15,LA MACHINE A VOYAGER DANS LE TEMPS,34,12002,4,0,10,3,3,2025
2025-03-03 05:00:00.000,H15,LA MACHINE A VOYAGER DANS LE TEMPS,34,12017,5,0,10,3,3,2025
2025-03-03 06:00:00.000,H15,LA MACHINE A VOYAGER DANS LE TEMPS,34,12032,6,0,10,3,3,2025
2025-03-03 07:00:00.000,H15,LA MACHINE A VOYAGER DANS LE TEMPS,34,12047,7,0,10,3,3,2025
2025-03-03 08:00:00.000,H15,LA MACHINE A VOYAGER DANS LE TEMPS,34,12062,8,0,10,3,3,2025
2025-03-03 09:00:00.000,H15,LA MACHINE A VOYAGER DANS LE TEMPS,34,12077,9,0,10,3,3,2025
2025-03-03 10:00:00.000,H15,LA MACHINE A VOYAGER DANS LE TEMPS,313,12092,10,0,10,3,3,2025
2025-03-03 11:00:00.000,H15,LA MACHINE A VOYAGER DANS LE TEMPS,438,12107,11,0,10,3,3,2025
2025-03-03 12:00:00.000,H15,LA MACHINE A VOYAGER DANS LE TEMPS,309,12122,12,0,10,3,3,2025
2025-03-03 13:00:00.000,H15,LA MACHINE A VOYAGER DANS LE TEMPS,176,12137,13,0,10,3,3,2025
2025-03-03 14:00:00.000,H15,LA MACHINE A VOYAGER DANS LE TEMPS,71,12152,14,0,10,3,3,2025
2025-03-03 15:00:00.000,H15,LA MACHINE A VOYAGER DANS LE TEMPS,102,12167,15,0,10,3,3,2025
2025-03-03 16:00:00.000,H15,LA MACHINE A VOYAGER DANS LE TEMPS,132,12182,16,0,10,3,3,2025
2025-03-03 17:00:00.000,H15,LA MACHINE A VOYAGER DANS LE TEMPS,56,12197,17,0,10,3,3,2025
2025-03-03 18:00:00.000,H15,LA MACHINE A VOYAGER DANS LE TEMPS,45,12212,18,0,10,3,3,2025
2025-03-03 19:00:00.000,H15,LA MACHINE A VOYAGER DANS LE TEMPS,16,12227,19,0,10,3,3,2025
2025-03-03 20:00:00.000,H15,LA MACHINE A VOYAGER DANS LE TEMPS,0,12242,20,0,10,3,3,2025
2025-03-03 21:00:00.000,H15,LA MACHINE A VOYAGER DANS LE TEMPS,0,12257,21,0,10,3,3,2025
2025-03-03 22:00:00.000,H15,LA MACHINE A VOYAGER DANS LE TEMPS,0,12272,22,0,10,3,3,2025
2025-03-03 23:00:00.000,H15,LA MACHINE A VOYAGER DANS LE TEMPS,0,12287,23,0,10,3,3,2025
2025-03-04 00:00:00.000,H15,LA MACHINE A VOYAGER DANS LE TEMPS,0,12302,0,0,10,4,3,2025
2025-03-04 01:00:00.000,H15,LA MACHINE A VOYAGER DANS LE TEMPS,0,12317,1,0,10,4,3,2025
2025-03-04 02:00:00.000,H15,LA MACHINE A VOYAGER DANS LE TEMPS,0,12332,2,0,10,4,3,2025
2025-03-04 03:00:00.000,H15,LA MACHINE A VOYAGER DANS LE TEMPS,0,12347,3,0,10,4,3,2025
2025-03-04 04:00:00.000,H15,LA MACHINE A VOYAGER DANS LE TEMPS,0,12362,4,0,10,4,3,2025
2025-03-04 05:00:00.000,H15,LA MACHINE A VOYAGER DANS LE TEMPS,0,12377,5,0,10,4,3,2025
2025-03-04 06:00:00.000,H15,LA MACHINE A VOYAGER DANS LE TEMPS,0,12392,6,0,10,4,3,2025
2025-03-04 07:00:00.000,H15,LA MACHINE A VOYAGER DANS LE TEMPS,0,12407,7,0,10,4,3,2025
2025-03-04 08:00:00.000,H15,LA MACHINE A VOYAGER DANS LE TEMPS,0,12422,8,0,10,4,3,2025
2025-03-04 09:00:00.000,H15,LA MACHINE A VOYAGER DANS LE TEMPS,0,12437,9,0,10,4,3,2025
2025-03-04 10:00:00.000,H15,LA MACHINE A VOYAGER DANS LE TEMPS,461,12452,10,0,10,4,3,2025
2025-03-04 11:00:00.000,H15,LA MACHINE A VOYAGER DANS LE TEMPS,501,12467,11,0,10,4,3,2025
2025-03-04 12:00:00.000,H15,LA MACHINE A VOYAGER DANS LE TEMPS,359,12482,12,0,10,4,3,2025
2025-03-04 13:00:00.000,H15,LA MACHINE A VOYAGER DANS LE TEMPS,205,12497,13,0,10,4,3,2025
2025-03-04 14:00:00.000,H15,LA MACHINE A VOYAGER DANS LE TEMPS,158,12512,14,0,10,4,3,2025
2025-03-04 15:00:00.000,H15,LA MACHINE A VOYAGER DANS LE TEMPS,153,12527,15,0,10,4,3,2025
2025-03-04 16:00:00.000,H15,LA MACHINE A VOYAGER DANS LE TEMPS,78,12542,16,0,10,4,3,2025
2025-03-04 17:00:00.000,H15,LA MACHINE A VOYAGER DANS LE TEMPS,115,12557,17,0,10,4,3,2025
2025-03-04 18:00:00.000,H15,LA MACHINE A VOYAGER DANS LE TEMPS,32,12572,18,0,10,4,3,2025
2025-03-04 19:00:00.000,H15,LA MACHINE A VOYAGER DANS LE TEMPS,14,12587,19,0,10,4,3,2025
2025-03-04 20:00:00.000,H15,LA MACHINE A VOYAGER DANS LE TEMPS,7,12602,20,0,10,4,3,2025
2025-03-04 21:00:00.000,H15,LA MACHINE A VOYAGER DANS LE TEMPS,7,12617,21,0,10,4,3,2025
2025-03-04 22:00:00.000,H15,LA MACHINE A VOYAGER DANS LE TEMPS,7,12632,22,0,10,4,3,2025
2025-03-04 23:00:00.000,H15,LA MACHINE A VOYAGER DANS LE TEMPS,7,12647,23,0,10,4,3,2025
2025-03-05 00:00:00.000,H15,LA MACHINE A VOYAGER DANS LE TEMPS,7,12662,0,0,10,5,3,2025
2025-03-05 01:00:00.000,H15,LA MACHINE A VOYAGER DANS LE TEMPS,7,12677,1,0,10,5,3,2025
2025-03-05 02:00:00.000,H15,LA MACHINE A VOYAGER DANS LE TEMPS,7,12692,2,0,10,5,3,2025
2025-03-05 03:00:00.000,H15,LA MACHINE A VOYAGER DANS LE TEMPS,7,12707,3,0,10,5,3,2025
2025-03-05 04:00:00.000,H15,LA MACHINE A VOYAGER DANS LE TEMPS,7,12722,4,0,10,5,3,2025
2025-03-05 05:00:00.000,H15,LA MACHINE A VOYAGER DANS LE TEMPS,7,12737,5,0,10,5,3,2025
2025-03-05 06:00:00.000,H15,LA MACHINE A VOYAGER DANS LE TEMPS,7,12752,6,0,10,5,3,2025
2025-03-05 07:00:00.000,H15,LA MACHINE A VOYAGER DANS LE TEMPS,7,12767,7,0,10,5,3,2025
2025-03-05 08:00:00.000,H15,LA MACHINE A VOYAGER DANS LE TEMPS,6,12782,8,0,10,5,3,2025
2025-03-05 09:00:00.000,H15,LA MACHINE A VOYAGER DANS LE TEMPS,0,12797,9,0,10,5,3,2025
2025-03-05 10:00:00.000,H15,LA MACHINE A VOYAGER DANS LE TEMPS,375,12812,10,0,10,5,3,2025
2025-03-05 11:00:00.000,H15,LA MACHINE A VOYAGER DANS LE TEMPS,458,12827,11,0,10,5,3,2025
2025-03-05 12:00:00.000,H15,LA MACHINE A VOYAGER DANS LE TEMPS,298,12842,12,0,10,5,3,2025
2025-03-05 13:00:00.000,H15,LA MACHINE A VOYAGER DANS LE TEMPS,136,12857,13,0,10,5,3,2025
2025-03-05 14:00:00.000,H15,LA MACHINE A VOYAGER DANS LE TEMPS,120,12873,14,0,10,5,3,2025
2025-03-05 15:00:00.000,H15,LA MACHINE A VOYAGER DANS LE TEMPS,138,12889,15,0,10,5,3,2025
2025-03-05 16:00:00.000,H15,LA MACHINE A VOYAGER DANS LE TEMPS,166,12905,16,0,10,5,3,2025
2025-03-05 17:00:00.000,H15,LA MACHINE A VOYAGER DANS LE TEMPS,118,12921,17,0,10,5,3,2025
2025-03-05 18:00:00.000,H15,LA MACHINE A VOYAGER DANS LE TEMPS,105,12937,18,0,10,5,3,2025
2025-03-05 19:00:00.000,H15,LA MACHINE A VOYAGER DANS LE TEMPS,43,12953,19,0,10,5,3,2025
2025-03-05 20:00:00.000,H15,LA MACHINE A VOYAGER DANS LE TEMPS,0,12969,20,0,10,5,3,2025
2025-03-05 21:00:00.000,H15,LA MACHINE A VOYAGER DANS LE TEMPS,0,12985,21,0,10,5,3,2025
2025-03-05 22:00:00.000,H15,LA MACHINE A VOYAGER DANS LE TEMPS,0,13000,22,0,10,5,3,2025
2025-03-05 23:00:00.000,H15,LA MACHINE A VOYAGER DANS LE TEMPS,0,13015,23,0,10,5,3,2025
2025-03-06 00:00:00.000,H15,LA MACHINE A VOYAGER DANS LE TEMPS,0,13030,0,0,10,6,3,2025
2025-03-06 01:00:00.000,H15,LA MACHINE A VOYAGER DANS LE TEMPS,0,13045,1,0,10,6,3,2025
2025-03-06 02:00:00.000,H15,LA MACHINE A VOYAGER DANS LE TEMPS,0,13060,2,0,10,6,3,2025
2025-03-06 03:00:00.000,H15,LA MACHINE A VOYAGER DANS LE TEMPS,0,13075,3,0,10,6,3,2025
2025-03-06 04:00:00.000,H15,LA MACHINE A VOYAGER DANS LE TEMPS,0,13090,4,0,10,6,3,2025
2025-03-06 05:00:00.000,H15,LA MACHINE A VOYAGER DANS LE TEMPS,0,13105,5,0,10,6,3,2025
2025-03-06 06:00:00.000,H15,LA MACHINE A VOYAGER DANS LE TEMPS,0,13120,6,0,10,6,3,2025
2025-03-06 07:00:00.000,H15,LA MACHINE A VOYAGER DANS LE TEMPS,0,13135,7,0,10,6,3,2025
2025-03-06 08:00:00.000,H15,LA MACHINE A VOYAGER DANS LE TEMPS,0,13150,8,0,10,6,3,2025
2025-03-06 09:00:00.000,H15,LA MACHINE A VOYAGER DANS LE TEMPS,0,13165,9,0,10,6,3,2025
2025-03-06 10:00:00.000,H15,LA MACHINE A VOYAGER DANS LE TEMPS,525,13180,10,0,10,6,3,2025
2025-03-06 11:00:00.000,H15,LA MACHINE A VOYAGER DANS LE TEMPS,583,13195,11,0,10,6,3,2025
2025-03-06 12:00:00.000,H15,LA MACHINE A VOYAGER DANS LE TEMPS,385,13210,12,0,10,6,3,2025
2025-03-06 13:00:00.000,H15,LA MACHINE A VOYAGER DANS LE TEMPS,218,13225,13,0,10,6,3,2025
2025-03-06 14:00:00.000,H15,LA MACHINE A VOYAGER DANS LE TEMPS,92,13240,14,0,10,6,3,2025
2025-03-06 15:00:00.000,H15,LA MACHINE A VOYAGER DANS LE TEMPS,143,13255,15,0,10,6,3,2025
2025-03-06 16:00:00.000,H15,LA MACHINE A VOYAGER DANS LE TEMPS,165,13270,16,0,10,6,3,2025
2025-03-06 17:00:00.000,H15,LA MACHINE A VOYAGER DANS LE TEMPS,170,13285,17,0,10,6,3,2025
2025-03-06 18:00:00.000,H15,LA MACHINE A VOYAGER DANS LE TEMPS,24,13300,18,0,10,6,3,2025
2025-03-06 19:00:00.000,H15,LA MACHINE A VOYAGER DANS LE TEMPS,18,13315,19,0,10,6,3,2025
2025-03-06 20:00:00.000,H15,LA MACHINE A VOYAGER DANS LE TEMPS,0,13330,20,0,10,6,3,2025
2025-03-06 21:00:00.000,H15,LA MACHINE A VOYAGER DANS LE TEMPS,0,13345,21,0,10,6,3,2025
2025-03-06 22:00:00.000,H15,LA MACHINE A VOYAGER DANS LE TEMPS,0,13360,22,0,10,6,3,2025
2025-03-06 23:00:00.000,H15,LA MACHINE A VOYAGER DANS LE TEMPS,0,13375,23,0,10,6,3,2025
2025-03-07 00:00:00.000,H15,LA MACHINE A VOYAGER DANS LE TEMPS,0,13390,0,0,10,7,3,2025
2025-03-07 01:00:00.000,H15,LA MACHINE A VOYAGER DANS LE TEMPS,0,13405,1,0,10,7,3,2025
2025-03-07 02:00:00.000,H15,LA MACHINE A VOYAGER DANS LE TEMPS,0,13420,2,0,10,7,3,2025
2025-03-07 03:00:00.000,H15,LA MACHINE A VOYAGER DANS LE TEMPS,0,13435,3,0,10,7,3,2025
2025-03-07 04:00:00.000,H15,LA MACHINE A VOYAGER DANS LE TEMPS,0,13450,4,0,10,7,3,2025
2025-03-07 05:00:00.000,H15,LA MACHINE A VOYAGER DANS LE TEMPS,0,13465,5,0,10,7,3,2025
2025-03-07 06:00:00.000,H15,LA MACHINE A VOYAGER DANS LE TEMPS,0,13480,6,0,10,7,3,2025
2025-03-07 07:00:00.000,H15,LA MACHINE A VOYAGER DANS LE TEMPS,0,13495,7,0,10,7,3,2025
2025-03-07 08:00:00.000,H15,LA MACHINE A VOYAGER DANS LE TEMPS,0,13510,8,0,10,7,3,2025
2025-03-07 09:00:00.000,H15,LA MACHINE A VOYAGER DANS LE TEMPS,0,13525,9,0,10,7,3,2025
2025-03-07 10:00:00.000,H15,LA MACHINE A VOYAGER DANS LE TEMPS,222,13540,10,0,10,7,3,2025
2025-03-07 11:00:00.000,H15,LA MACHINE A VOYAGER DANS LE TEMPS,347,13555,11,0,10,7,3,2025
2025-03-07 12:00:00.000,H15,LA MACHINE A VOYAGER DANS LE TEMPS,227,13570,12,0,10,7,3,2025
2025-03-07 13:00:00.000,H15,LA MACHINE A VOYAGER DANS LE TEMPS,160,13585,13,0,10,7,3,2025
2025-03-07 14:00:00.000,H15,LA MACHINE A VOYAGER DANS LE TEMPS,106,13600,14,0,10,7,3,2025
2025-03-07 15:00:00.000,H15,LA MACHINE A VOYAGER DANS LE TEMPS,149,13615,15,0,10,7,3,2025
2025-03-07 16:00:00.000,H15,LA MACHINE A VOYAGER DANS LE TEMPS,107,13630,16,0,10,7,3,2025
2025-03-07 17:00:00.000,H15,LA MACHINE A VOYAGER DANS LE TEMPS,42,13645,17,0,10,7,3,2025
2025-03-07 18:00:00.000,H15,LA MACHINE A VOYAGER DANS LE TEMPS,79,13660,18,0,10,7,3,2025
2025-03-07 19:00:00.000,H15,LA MACHINE A VOYAGER DANS LE TEMPS,23,13675,19,0,10,7,3,2025
2025-03-07 20:00:00.000,H15,LA MACHINE A VOYAGER DANS LE TEMPS,0,13690,20,0,10,7,3,2025
2025-03-07 21:00:00.000,H15,LA MACHINE A VOYAGER DANS LE TEMPS,0,13705,21,0,10,7,3,2025
2025-03-07 22:00:00.000,H15,LA MACHINE A VOYAGER DANS LE TEMPS,0,13720,22,0,10,7,3,2025
2025-03-07 23:00:00.000,H15,LA MACHINE A VOYAGER DANS LE TEMPS,0,13735,23,0,10,7,3,2025
2025-03-08 00:00:00.000,H15,LA MACHINE A VOYAGER DANS LE TEMPS,0,13750,0,0,10,8,3,2025
2025-03-08 01:00:00.000,H15,LA MACHINE A VOYAGER DANS LE TEMPS,0,13765,1,0,10,8,3,2025
2025-03-08 02:00:00.000,H15,LA MACHINE A VOYAGER DANS LE TEMPS,0,13780,2,0,10,8,3,2025
2025-03-08 03:00:00.000,H15,LA MACHINE A VOYAGER DANS LE TEMPS,0,13795,3,0,10,8,3,2025
2025-03-08 04:00:00.000,H15,LA MACHINE A VOYAGER DANS LE TEMPS,0,13810,4,0,10,8,3,2025
2025-03-08 05:00:00.000,H15,LA MACHINE A VOYAGER DANS LE TEMPS,0,13825,5,0,10,8,3,2025
2025-03-08 06:00:00.000,H15,LA MACHINE A VOYAGER DANS LE TEMPS,0,13840,6,0,10,8,3,2025
2025-03-08 07:00:00.000,H15,LA MACHINE A VOYAGER DANS LE TEMPS,0,13855,7,0,10,8,3,2025
2025-03-08 08:00:00.000,H15,LA MACHINE A VOYAGER DANS LE TEMPS,0,13870,8,0,10,8,3,2025
2025-03-08 09:00:00.000,H15,LA MACHINE A VOYAGER DANS LE TEMPS,0,13885,9,0,10,8,3,2025
2025-03-08 10:00:00.000,H15,LA MACHINE A VOYAGER DANS LE TEMPS,377,13900,10,0,10,8,3,2025
2025-03-08 11:00:00.000,H15,LA MACHINE A VOYAGER DANS LE TEMPS,698,13915,11,0,10,8,3,2025
2025-03-08 12:00:00.000,H15,LA MACHINE A VOYAGER DANS LE TEMPS,630,13930,12,0,10,8,3,2025
2025-03-08 13:00:00.000,H15,LA MACHINE A VOYAGER DANS LE TEMPS,461,13945,13,0,10,8,3,2025
2025-03-08 14:00:00.000,H15,LA MACHINE A VOYAGER DANS LE TEMPS,527,13960,14,0,10,8,3,2025
2025-03-08 15:00:00.000,H15,LA MACHINE A VOYAGER DANS LE TEMPS,576,13975,15,0,10,8,3,2025
2025-03-08 16:00:00.000,H15,LA MACHINE A VOYAGER DANS LE TEMPS,514,13990,16,0,10,8,3,2025
2025-03-08 17:00:00.000,H15,LA MACHINE A VOYAGER DANS LE TEMPS,421,14005,17,0,10,8,3,2025
2025-03-08 18:00:00.000,H15,LA MACHINE A VOYAGER DANS LE TEMPS,398,14020,18,0,10,8,3,2025
2025-03-08 19:00:00.000,H15,LA MACHINE A VOYAGER DANS LE TEMPS,109,14035,19,0,10,8,3,2025
2025-03-08 20:00:00.000,H15,LA MACHINE A VOYAGER DANS LE TEMPS,0,14050,20,0,10,8,3,2025
2025-03-08 21:00:00.000,H15,LA MACHINE A VOYAGER DANS LE TEMPS,0,14065,21,0,10,8,3,2025
2025-03-08 22:00:00.000,H15,LA MACHINE A VOYAGER DANS LE TEMPS,0,14080,22,0,10,8,3,2025
2025-03-08 23:00:00.000,H15,LA MACHINE A VOYAGER DANS LE TEMPS,0,14095,23,0,10,8,3,2025
2025-03-09 00:00:00.000,H15,LA MACHINE A VOYAGER DANS LE TEMPS,0,14110,0,0,11,9,3,2025
2025-03-09 01:00:00.000,H15,LA MACHINE A VOYAGER DANS LE TEMPS,0,14125,1,0,11,9,3,2025
2025-03-09 02:00:00.000,H15,LA MACHINE A VOYAGER DANS LE TEMPS,0,14140,2,0,11,9,3,2025
2025-03-09 03:00:00.000,H15,LA MACHINE A VOYAGER DANS LE TEMPS,0,14155,3,0,11,9,3,2025
2025-03-09 04:00:00.000,H15,LA MACHINE A VOYAGER DANS LE TEMPS,0,14170,4,0,11,9,3,2025
2025-03-09 05:00:00.000,H15,LA MACHINE A VOYAGER DANS LE TEMPS,0,14185,5,0,11,9,3,2025
2025-03-09 06:00:00.000,H15,LA MACHINE A VOYAGER DANS LE TEMPS,0,14200,6,0,11,9,3,2025
2025-03-09 07:00:00.000,H15,LA MACHINE A VOYAGER DANS LE TEMPS,0,14215,7,0,11,9,3,2025
2025-03-09 08:00:00.000,H15,LA MACHINE A VOYAGER DANS LE TEMPS,0,14229,8,0,11,9,3,2025
2025-03-09 09:00:00.000,H15,LA MACHINE A VOYAGER DANS LE TEMPS,0,14243,9,0,11,9,3,2025
2025-03-09 10:00:00.000,H15,LA MACHINE A VOYAGER DANS LE TEMPS,277,14257,10,0,11,9,3,2025
2025-03-09 11:00:00.000,H15,LA MACHINE A VOYAGER DANS LE TEMPS,446,14271,11,0,11,9,3,2025
2025-03-09 12:00:00.000,H15,LA MACHINE A VOYAGER DANS LE TEMPS,144,14285,12,0,11,9,3,2025
2025-03-09 13:00:00.000,H15,LA MACHINE A VOYAGER DANS LE TEMPS,28,14299,13,0,11,9,3,2025
2025-03-09 14:00:00.000,H15,LA MACHINE A VOYAGER DANS LE TEMPS,45,14313,14,0,11,9,3,2025
2025-03-09 15:00:00.000,H15,LA MACHINE A VOYAGER DANS LE TEMPS,43,14327,15,0,11,9,3,2025
2025-03-09 16:00:00.000,H15,LA MACHINE A VOYAGER DANS LE TEMPS,26,14341,16,0,11,9,3,2025
2025-03-09 17:00:00.000,H15,LA MACHINE A VOYAGER DANS LE TEMPS,18,14355,17,0,11,9,3,2025
2025-03-09 18:00:00.000,H15,LA MACHINE A VOYAGER DANS LE TEMPS,8,14369,18,0,11,9,3,2025
2025-03-09 19:00:00.000,H15,LA MACHINE A VOYAGER DANS LE TEMPS,0,14383,19,0,11,9,3,2025
2025-03-09 20:00:00.000,H15,LA MACHINE A VOYAGER DANS LE TEMPS,0,14397,20,0,11,9,3,2025
2025-03-09 21:00:00.000,H15,LA MACHINE A VOYAGER DANS LE TEMPS,0,14411,21,0,11,9,3,2025
2025-03-09 22:00:00.000,H15,LA MACHINE A VOYAGER DANS LE TEMPS,0,14425,22,0,11,9,3,2025
2025-03-09 23:00:00.000,H15,LA MACHINE A VOYAGER DANS LE TEMPS,0,14439,23,0,11,9,3,2025
2025-03-10 00:00:00.000,H15,LA MACHINE A VOYAGER DANS LE TEMPS,0,14453,0,0,11,10,3,2025
2025-03-10 01:00:00.000,H15,LA MACHINE A VOYAGER DANS LE TEMPS,0,14467,1,0,11,10,3,2025
2025-03-10 02:00:00.000,H15,LA MACHINE A VOYAGER DANS LE TEMPS,0,14481,2,0,11,10,3,2025
2025-03-10 03:00:00.000,H15,LA MACHINE A VOYAGER DANS LE TEMPS,0,14495,3,0,11,10,3,2025
2025-03-10 04:00:00.000,H15,LA MACHINE A VOYAGER DANS LE TEMPS,0,14509,4,0,11,10,3,2025
2025-03-10 05:00:00.000,H15,LA MACHINE A VOYAGER DANS LE TEMPS,0,14523,5,0,11,10,3,2025
2025-03-10 06:00:00.000,H15,LA MACHINE A VOYAGER DANS LE TEMPS,0,14537,6,0,11,10,3,2025
2025-03-10 07:00:00.000,H15,LA MACHINE A VOYAGER DANS LE TEMPS,0,14549,7,0,11,10,3,2025
2025-03-10 08:00:00.000,H15,LA MACHINE A VOYAGER DANS LE TEMPS,0,14562,8,0,11,10,3,2025
2025-03-10 09:00:00.000,H15,LA MACHINE A VOYAGER DANS LE TEMPS,0,14575,9,0,11,10,3,2025
2025-03-10 10:00:00.000,H15,LA MACHINE A VOYAGER DANS LE TEMPS,46,14588,10,0,11,10,3,2025
2025-03-10 11:00:00.000,H15,LA MACHINE A VOYAGER DANS LE TEMPS,68,14601,11,0,11,10,3,2025
2025-03-10 12:00:00.000,H15,LA MACHINE A VOYAGER DANS LE TEMPS,21,14614,12,0,11,10,3,2025
2025-03-10 13:00:00.000,H15,LA MACHINE A VOYAGER DANS LE TEMPS,4,14627,13,0,11,10,3,2025
2025-03-10 14:00:00.000,H15,LA MACHINE A VOYAGER DANS LE TEMPS,0,14640,14,0,11,10,3,2025
2025-03-10 15:00:00.000,H15,LA MACHINE A VOYAGER DANS LE TEMPS,34,14653,15,0,11,10,3,2025
2025-03-10 16:00:00.000,H15,LA MACHINE A VOYAGER DANS LE TEMPS,9,14666,16,0,11,10,3,2025
2025-03-10 17:00:00.000,H15,LA MACHINE A VOYAGER DANS LE TEMPS,18,14679,17,0,11,10,3,2025
2025-03-10 18:00:00.000,H15,LA MACHINE A VOYAGER DANS LE TEMPS,19,14692,18,0,11,10,3,2025
2025-03-10 19:00:00.000,H15,LA MACHINE A VOYAGER DANS LE TEMPS,1,14705,19,0,11,10,3,2025
2025-03-10 20:00:00.000,H15,LA MACHINE A VOYAGER DANS LE TEMPS,0,14718,20,0,11,10,3,2025
2025-03-10 21:00:00.000,H15,LA MACHINE A VOYAGER DANS LE TEMPS,0,14731,21,0,11,10,3,2025
2025-03-10 22:00:00.000,H15,LA MACHINE A VOYAGER DANS LE TEMPS,0,14744,22,0,11,10,3,2025
2025-03-10 23:00:00.000,H15,LA MACHINE A VOYAGER DANS LE TEMPS,0,14757,23,0,11,10,3,2025
2025-03-11 00:00:00.000,H15,LA MACHINE A VOYAGER DANS LE TEMPS,0,14770,0,0,11,11,3,2025
2025-03-11 01:00:00.000,H15,LA MACHINE A VOYAGER DANS LE TEMPS,0,14783,1,0,11,11,3,2025
2025-03-11 02:00:00.000,H15,LA MACHINE A VOYAGER DANS LE TEMPS,0,14796,2,0,11,11,3,2025
2025-03-11 03:00:00.000,H15,LA MACHINE A VOYAGER DANS LE TEMPS,0,14809,3,0,11,11,3,2025
2025-03-11 04:00:00.000,H15,LA MACHINE A VOYAGER DANS LE TEMPS,0,14822,4,0,11,11,3,2025
2025-03-11 05:00:00.000,H15,LA MACHINE A VOYAGER DANS LE TEMPS,0,14835,5,0,11,11,3,2025
2025-03-11 06:00:00.000,H15,LA MACHINE A VOYAGER DANS LE TEMPS,0,14848,6,0,11,11,3,2025
2025-03-11 07:00:00.000,H15,LA MACHINE A VOYAGER DANS LE TEMPS,0,14861,7,0,11,11,3,2025
2025-03-11 08:00:00.000,H15,LA MACHINE A VOYAGER DANS LE TEMPS,0,14874,8,0,11,11,3,2025
2025-03-11 09:00:00.000,H15,LA MACHINE A VOYAGER DANS LE TEMPS,0,14887,9,0,11,11,3,2025
2025-03-11 10:00:00.000,H15,LA MACHINE A VOYAGER DANS LE TEMPS,57,14900,10,0,11,11,3,2025
2025-03-11 11:00:00.000,H15,LA MACHINE A VOYAGER DANS LE TEMPS,35,14913,11,0,11,11,3,2025
2025-03-11 12:00:00.000,H15,LA MACHINE A VOYAGER DANS LE TEMPS,68,14926,12,0,11,11,3,2025
2025-03-11 13:00:00.000,H15,LA MACHINE A VOYAGER DANS LE TEMPS,94,14939,13,0,11,11,3,2025
2025-03-11 14:00:00.000,H15,LA MACHINE A VOYAGER DANS LE TEMPS,123,14952,14,0,11,11,3,2025
2025-03-11 15:00:00.000,H15,LA MACHINE A VOYAGER DANS LE TEMPS,317,14965,15,0,11,11,3,2025
2025-03-11 16:00:00.000,H15,LA MACHINE A VOYAGER DANS LE TEMPS,32,14978,16,0,11,11,3,2025
2025-03-11 17:00:00.000,H15,LA MACHINE A VOYAGER DANS LE TEMPS,39,14991,17,0,11,11,3,2025
2025-03-11 18:00:00.000,H15,LA MACHINE A VOYAGER DANS LE TEMPS,33,15004,18,0,11,11,3,2025
2025-03-11 19:00:00.000,H15,LA MACHINE A VOYAGER DANS LE TEMPS,0,15017,19,0,11,11,3,2025
2025-03-11 20:00:00.000,H15,LA MACHINE A VOYAGER DANS LE TEMPS,0,15030,20,0,11,11,3,2025
2025-03-11 21:00:00.000,H15,LA MACHINE A VOYAGER DANS LE TEMPS,0,15043,21,0,11,11,3,2025
2025-03-11 22:00:00.000,H15,LA MACHINE A VOYAGER DANS LE TEMPS,0,15056,22,0,11,11,3,2025
2025-03-11 23:00:00.000,H15,LA MACHINE A VOYAGER DANS LE TEMPS,0,15069,23,0,11,11,3,2025
2025-03-12 00:00:00.000,H15,LA MACHINE A VOYAGER DANS LE TEMPS,0,15082,0,0,11,12,3,2025
2025-03-12 01:00:00.000,H15,LA MACHINE A VOYAGER DANS LE TEMPS,0,15095,1,0,11,12,3,2025
2025-03-12 02:00:00.000,H15,LA MACHINE A VOYAGER DANS LE TEMPS,0,15108,2,0,11,12,3,2025
2025-03-12 03:00:00.000,H15,LA MACHINE A VOYAGER DANS LE TEMPS,0,15121,3,0,11,12,3,2025
2025-03-12 04:00:00.000,H15,LA MACHINE A VOYAGER DANS LE TEMPS,0,15134,4,0,11,12,3,2025
2025-03-12 05:00:00.000,H15,LA MACHINE A VOYAGER DANS LE TEMPS,0,15147,5,0,11,12,3,2025
2025-03-12 06:00:00.000,H15,LA MACHINE A VOYAGER DANS LE TEMPS,0,15160,6,0,11,12,3,2025
2025-03-12 07:00:00.000,H15,LA MACHINE A VOYAGER DANS LE TEMPS,0,15173,7,0,11,12,3,2025
2025-03-12 08:00:00.000,H15,LA MACHINE A VOYAGER DANS LE TEMPS,0,15186,8,0,11,12,3,2025
2025-03-12 09:00:00.000,H15,LA MACHINE A VOYAGER DANS LE TEMPS,0,15199,9,0,11,12,3,2025
2025-03-12 10:00:00.000,H15,LA MACHINE A VOYAGER DANS LE TEMPS,59,15212,10,0,11,12,3,2025
2025-03-12 11:00:00.000,H15,LA MACHINE A VOYAGER DANS LE TEMPS,42,15225,11,0,11,12,3,2025
2025-03-12 12:00:00.000,H15,LA MACHINE A VOYAGER DANS LE TEMPS,112,15238,12,0,11,12,3,2025
2025-03-12 13:00:00.000,H15,LA MACHINE A VOYAGER DANS LE TEMPS,176,15251,13,0,11,12,3,2025
2025-03-12 14:00:00.000,H15,LA MACHINE A VOYAGER DANS LE TEMPS,156,15264,14,0,11,12,3,2025
2025-03-12 15:00:00.000,H15,LA MACHINE A VOYAGER DANS LE TEMPS,97,15277,15,0,11,12,3,2025
2025-03-12 16:00:00.000,H15,LA MACHINE A VOYAGER DANS LE TEMPS,49,15290,16,0,11,12,3,2025
2025-03-12 17:00:00.000,H15,LA MACHINE A VOYAGER DANS LE TEMPS,54,15303,17,0,11,12,3,2025
2025-03-12 18:00:00.000,H15,LA MACHINE A VOYAGER DANS LE TEMPS,34,15316,18,0,11,12,3,2025
2025-03-12 19:00:00.000,H15,LA MACHINE A VOYAGER DANS LE TEMPS,12,15329,19,0,11,12,3,2025
2025-03-12 20:00:00.000,H15,LA MACHINE A VOYAGER DANS LE TEMPS,12,15342,20,0,11,12,3,2025
2025-03-12 21:00:00.000,H15,LA MACHINE A VOYAGER DANS LE TEMPS,12,15355,21,0,11,12,3,2025
2025-03-12 22:00:00.000,H15,LA MACHINE A VOYAGER DANS LE TEMPS,12,15368,22,0,11,12,3,2025
2025-03-12 23:00:00.000,H15,LA MACHINE A VOYAGER DANS LE TEMPS,12,15381,23,0,11,12,3,2025
2025-03-13 00:00:00.000,H15,LA MACHINE A VOYAGER DANS LE TEMPS,12,15394,0,0,11,13,3,2025
2025-03-13 01:00:00.000,H15,LA MACHINE A VOYAGER DANS LE TEMPS,12,15407,1,0,11,13,3,2025
2025-03-13 02:00:00.000,H15,LA MACHINE A VOYAGER DANS LE TEMPS,12,15420,2,0,11,13,3,2025
2025-03-13 03:00:00.000,H15,LA MACHINE A VOYAGER DANS LE TEMPS,12,15433,3,0,11,13,3,2025
2025-03-13 04:00:00.000,H15,LA MACHINE A VOYAGER DANS LE TEMPS,12,15446,4,0,11,13,3,2025
2025-03-13 05:00:00.000,H15,LA MACHINE A VOYAGER DANS LE TEMPS,12,15459,5,0,11,13,3,2025
2025-03-13 06:00:00.000,H15,LA MACHINE A VOYAGER DANS LE TEMPS,12,15472,6,0,11,13,3,2025
2025-03-13 07:00:00.000,H15,LA MACHINE A VOYAGER DANS LE TEMPS,12,15485,7,0,11,13,3,2025
2025-03-13 08:00:00.000,H15,LA MACHINE A VOYAGER DANS LE TEMPS,12,15498,8,0,11,13,3,2025
2025-03-13 09:00:00.000,H15,LA MACHINE A VOYAGER DANS LE TEMPS,11,15511,9,0,11,13,3,2025
2025-03-13 10:00:00.000,H15,LA MACHINE A VOYAGER DANS LE TEMPS,211,15524,10,0,11,13,3,2025
2025-03-13 11:00:00.000,H15,LA MACHINE A VOYAGER DANS LE TEMPS,159,15537,11,0,11,13,3,2025
2025-03-13 12:00:00.000,H15,LA MACHINE A VOYAGER DANS LE TEMPS,17,15550,12,0,11,13,3,2025
2025-03-13 13:00:00.000,H15,LA MACHINE A VOYAGER DANS LE TEMPS,30,15563,13,0,11,13,3,2025
2025-03-13 14:00:00.000,H15,LA MACHINE A VOYAGER DANS LE TEMPS,9,15576,14,0,11,13,3,2025
2025-03-13 15:00:00.000,H15,LA MACHINE A VOYAGER DANS LE TEMPS,38,15589,15,0,11,13,3,2025
2025-03-13 16:00:00.000,H15,LA MACHINE A VOYAGER DANS LE TEMPS,30,15602,16,0,11,13,3,2025
2025-03-13 17:00:00.000,H15,LA MACHINE A VOYAGER DANS LE TEMPS,64,15615,17,0,11,13,3,2025
2025-03-13 18:00:00.000,H15,LA MACHINE A VOYAGER DANS LE TEMPS,24,15628,18,0,11,13,3,2025
2025-03-13 19:00:00.000,H15,LA MACHINE A VOYAGER DANS LE TEMPS,1,15641,19,0,11,13,3,2025
2025-03-13 20:00:00.000,H15,LA MACHINE A VOYAGER DANS LE TEMPS,0,15654,20,0,11,13,3,2025
2025-03-13 21:00:00.000,H15,LA MACHINE A VOYAGER DANS LE TEMPS,0,15667,21,0,11,13,3,2025
2025-03-13 22:00:00.000,H15,LA MACHINE A VOYAGER DANS LE TEMPS,0,15680,22,0,11,13,3,2025
2025-03-13 23:00:00.000,H15,LA MACHINE A VOYAGER DANS LE TEMPS,0,15693,23,0,11,13,3,2025
2025-03-14 00:00:00.000,H15,LA MACHINE A VOYAGER DANS LE TEMPS,0,15706,0,0,11,14,3,2025
2025-03-14 01:00:00.000,H15,LA MACHINE A VOYAGER DANS LE TEMPS,0,15719,1,0,11,14,3,2025
2025-03-14 02:00:00.000,H15,LA MACHINE A VOYAGER DANS LE TEMPS,0,15732,2,0,11,14,3,2025
2025-03-14 03:00:00.000,H15,LA MACHINE A VOYAGER DANS LE TEMPS,0,15745,3,0,11,14,3,2025
2025-03-14 04:00:00.000,H15,LA MACHINE A VOYAGER DANS LE TEMPS,0,15758,4,0,11,14,3,2025
2025-03-14 05:00:00.000,H15,LA MACHINE A VOYAGER DANS LE TEMPS,0,15771,5,0,11,14,3,2025
2025-03-14 06:00:00.000,H15,LA MACHINE A VOYAGER DANS LE TEMPS,0,15784,6,0,11,14,3,2025
2025-03-14 07:00:00.000,H15,LA MACHINE A VOYAGER DANS LE TEMPS,0,15797,7,0,11,14,3,2025
2025-03-14 08:00:00.000,H15,LA MACHINE A VOYAGER DANS LE TEMPS,0,15810,8,0,11,14,3,2025
2025-03-14 09:00:00.000,H15,LA MACHINE A VOYAGER DANS LE TEMPS,0,15823,9,0,11,14,3,2025
2025-03-14 10:00:00.000,H15,LA MACHINE A VOYAGER DANS LE TEMPS,39,15836,10,0,11,14,3,2025
2025-03-14 11:00:00.000,H15,LA MACHINE A VOYAGER DANS LE TEMPS,31,15849,11,0,11,14,3,2025
2025-03-14 12:00:00.000,H15,LA MACHINE A VOYAGER DANS LE TEMPS,23,15862,12,0,11,14,3,2025
2025-03-14 13:00:00.000,H15,LA MACHINE A VOYAGER DANS LE TEMPS,15,15875,13,0,11,14,3,2025
2025-03-14 14:00:00.000,H15,LA MACHINE A VOYAGER DANS LE TEMPS,3,15888,14,0,11,14,3,2025
2025-03-14 15:00:00.000,H15,LA MACHINE A VOYAGER DANS LE TEMPS,56,15901,15,0,11,14,3,2025
2025-03-14 16:00:00.000,H15,LA MACHINE A VOYAGER DANS LE TEMPS,26,15914,16,0,11,14,3,2025
2025-03-14 17:00:00.000,H15,LA MACHINE A VOYAGER DANS LE TEMPS,30,15927,17,0,11,14,3,2025
2025-03-14 18:00:00.000,H15,LA MACHINE A VOYAGER DANS LE TEMPS,12,15940,18,0,11,14,3,2025
2025-03-14 19:00:00.000,H15,LA MACHINE A VOYAGER DANS LE TEMPS,1,15953,19,0,11,14,3,2025
2025-03-14 20:00:00.000,H15,LA MACHINE A VOYAGER DANS LE TEMPS,0,15966,20,0,11,14,3,2025
2025-03-14 21:00:00.000,H15,LA MACHINE A VOYAGER DANS LE TEMPS,0,15979,21,0,11,14,3,2025
2025-03-14 22:00:00.000,H15,LA MACHINE A VOYAGER DANS LE TEMPS,0,15992,22,0,11,14,3,2025
2025-03-14 23:00:00.000,H15,LA MACHINE A VOYAGER DANS LE TEMPS,0,16005,23,0,11,14,3,2025
2025-03-15 00:00:00.000,H15,LA MACHINE A VOYAGER DANS LE TEMPS,0,16018,0,0,11,15,3,2025
2025-03-15 01:00:00.000,H15,LA MACHINE A VOYAGER DANS LE TEMPS,0,16031,1,0,11,15,3,2025
2025-03-15 02:00:00.000,H15,LA MACHINE A VOYAGER DANS LE TEMPS,0,16044,2,0,11,15,3,2025
2025-03-15 03:00:00.000,H15,LA MACHINE A VOYAGER DANS LE TEMPS,0,16057,3,0,11,15,3,2025
2025-03-15 04:00:00.000,H15,LA MACHINE A VOYAGER DANS LE TEMPS,0,16070,4,0,11,15,3,2025
2025-03-15 05:00:00.000,H15,LA MACHINE A VOYAGER DANS LE TEMPS,0,16083,5,0,11,15,3,2025
2025-03-15 06:00:00.000,H15,LA MACHINE A VOYAGER DANS LE TEMPS,0,16096,6,0,11,15,3,2025
2025-03-15 07:00:00.000,H15,LA MACHINE A VOYAGER DANS LE TEMPS,0,16112,7,0,11,15,3,2025
2025-03-15 08:00:00.000,H15,LA MACHINE A VOYAGER DANS LE TEMPS,0,16128,8,0,11,15,3,2025
2025-03-15 09:00:00.000,H15,LA MACHINE A VOYAGER DANS LE TEMPS,16,16144,9,0,11,15,3,2025
2025-03-15 10:00:00.000,H15,LA MACHINE A VOYAGER DANS LE TEMPS,677,16160,10,0,11,15,3,2025
2025-03-15 11:00:00.000,H15,LA MACHINE A VOYAGER DANS LE TEMPS,856,16176,11,0,11,15,3,2025
2025-03-15 12:00:00.000,H15,LA MACHINE A VOYAGER DANS LE TEMPS,716,16192,12,0,11,15,3,2025
2025-03-15 13:00:00.000,H15,LA MACHINE A VOYAGER DANS LE TEMPS,621,16208,13,0,11,15,3,2025
2025-03-15 14:00:00.000,H15,LA MACHINE A VOYAGER DANS LE TEMPS,709,16224,14,0,11,15,3,2025
2025-03-15 15:00:00.000,H15,LA MACHINE A VOYAGER DANS LE TEMPS,814,16240,15,0,11,15,3,2025
2025-03-15 16:00:00.000,H15,LA MACHINE A VOYAGER DANS LE TEMPS,722,16258,16,0,11,15,3,2025
2025-03-15 17:00:00.000,H15,LA MACHINE A VOYAGER DANS LE TEMPS,698,16276,17,0,11,15,3,2025
2025-03-15 18:00:00.000,H15,LA MACHINE A VOYAGER DANS LE TEMPS,560,16294,18,0,11,15,3,2025
2025-03-15 19:00:00.000,H15,LA MACHINE A VOYAGER DANS LE TEMPS,178,16312,19,0,11,15,3,2025
2025-03-15 20:00:00.000,H15,LA MACHINE A VOYAGER DANS LE TEMPS,96,16330,20,0,11,15,3,2025
2025-03-15 21:00:00.000,H15,LA MACHINE A VOYAGER DANS LE TEMPS,0,16348,21,0,11,15,3,2025
2025-03-15 22:00:00.000,H15,LA MACHINE A VOYAGER DANS LE TEMPS,0,16364,22,0,11,15,3,2025
2025-03-15 23:00:00.000,H15,LA MACHINE A VOYAGER DANS LE TEMPS,0,16380,23,0,11,15,3,2025
2025-03-16 00:00:00.000,H15,LA MACHINE A VOYAGER DANS LE TEMPS,0,16396,0,0,12,16,3,2025
2025-03-16 01:00:00.000,H15,LA MACHINE A VOYAGER DANS LE TEMPS,0,16412,1,0,12,16,3,2025
2025-03-16 02:00:00.000,H15,LA MACHINE A VOYAGER DANS LE TEMPS,0,16428,2,0,12,16,3,2025
2025-03-16 03:00:00.000,H15,LA MACHINE A VOYAGER DANS LE TEMPS,0,16444,3,0,12,16,3,2025
2025-03-16 04:00:00.000,H15,LA MACHINE A VOYAGER DANS LE TEMPS,0,16460,4,0,12,16,3,2025
2025-03-16 05:00:00.000,H15,LA MACHINE A VOYAGER DANS LE TEMPS,0,16476,5,0,12,16,3,2025
2025-03-16 06:00:00.000,H15,LA MACHINE A VOYAGER DANS LE TEMPS,0,16492,6,0,12,16,3,2025
2025-03-16 07:00:00.000,H15,LA MACHINE A VOYAGER DANS LE TEMPS,0,16508,7,0,12,16,3,2025
2025-03-16 08:00:00.000,H15,LA MACHINE A VOYAGER DANS LE TEMPS,0,16524,8,0,12,16,3,2025
2025-03-16 09:00:00.000,H15,LA MACHINE A VOYAGER DANS LE TEMPS,22,16540,9,0,12,16,3,2025
2025-03-16 10:00:00.000,H15,LA MACHINE A VOYAGER DANS LE TEMPS,363,16556,10,0,12,16,3,2025
2025-03-16 11:00:00.000,H15,LA MACHINE A VOYAGER DANS LE TEMPS,430,16572,11,0,12,16,3,2025
2025-03-16 12:00:00.000,H15,LA MACHINE A VOYAGER DANS LE TEMPS,321,16588,12,0,12,16,3,2025
2025-03-16 13:00:00.000,H15,LA MACHINE A VOYAGER DANS LE TEMPS,99,16604,13,0,12,16,3,2025
2025-03-16 14:00:00.000,H15,LA MACHINE A VOYAGER DANS LE TEMPS,80,16620,14,0,12,16,3,2025
2025-03-16 15:00:00.000,H15,LA MACHINE A VOYAGER DANS LE TEMPS,27,16636,15,0,12,16,3,2025
2025-03-16 16:00:00.000,H15,LA MACHINE A VOYAGER DANS LE TEMPS,30,16652,16,0,12,16,3,2025
2025-03-16 17:00:00.000,H15,LA MACHINE A VOYAGER DANS LE TEMPS,14,16668,17,0,12,16,3,2025
2025-03-16 18:00:00.000,H15,LA MACHINE A VOYAGER DANS LE TEMPS,8,16684,18,0,12,16,3,2025
2025-03-16 19:00:00.000,H15,LA MACHINE A VOYAGER DANS LE TEMPS,0,16700,19,0,12,16,3,2025
2025-03-16 20:00:00.000,H15,LA MACHINE A VOYAGER DANS LE TEMPS,0,16716,20,0,12,16,3,2025
2025-03-16 21:00:00.000,H15,LA MACHINE A VOYAGER DANS LE TEMPS,0,16732,21,0,12,16,3,2025
2025-03-16 22:00:00.000,H15,LA MACHINE A VOYAGER DANS LE TEMPS,0,16748,22,0,12,16,3,2025
2025-03-16 23:00:00.000,H15,LA MACHINE A VOYAGER DANS LE TEMPS,0,16764,23,0,12,16,3,2025
2025-03-17 00:00:00.000,H15,LA MACHINE A VOYAGER DANS LE TEMPS,0,16780,0,0,12,17,3,2025
2025-03-17 01:00:00.000,H15,LA MACHINE A VOYAGER DANS LE TEMPS,0,16796,1,0,12,17,3,2025
2025-03-17 02:00:00.000,H15,LA MACHINE A VOYAGER DANS LE TEMPS,0,16812,2,0,12,17,3,2025
2025-03-17 03:00:00.000,H15,LA MACHINE A VOYAGER DANS LE TEMPS,0,16828,3,0,12,17,3,2025
2025-03-17 04:00:00.000,H15,LA MACHINE A VOYAGER DANS LE TEMPS,0,16844,4,0,12,17,3,2025
2025-03-17 05:00:00.000,H15,LA MACHINE A VOYAGER DANS LE TEMPS,0,16860,5,0,12,17,3,2025
2025-03-17 06:00:00.000,H15,LA MACHINE A VOYAGER DANS LE TEMPS,0,16876,6,0,12,17,3,2025
2025-03-17 07:00:00.000,H15,LA MACHINE A VOYAGER DANS LE TEMPS,0,16889,7,0,12,17,3,2025
2025-03-17 08:00:00.000,H15,LA MACHINE A VOYAGER DANS LE TEMPS,0,16902,8,0,12,17,3,2025
2025-03-17 09:00:00.000,H15,LA MACHINE A VOYAGER DANS LE TEMPS,0,16915,9,0,12,17,3,2025
2025-03-17 10:00:00.000,H15,LA MACHINE A VOYAGER DANS LE TEMPS,55,16928,10,0,12,17,3,2025
2025-03-17 11:00:00.000,H15,LA MACHINE A VOYAGER DANS LE TEMPS,28,16941,11,0,12,17,3,2025
2025-03-17 12:00:00.000,H15,LA MACHINE A VOYAGER DANS LE TEMPS,78,16954,12,0,12,17,3,2025
2025-03-17 13:00:00.000,H15,LA MACHINE A VOYAGER DANS LE TEMPS,9,16967,13,0,12,17,3,2025
2025-03-17 14:00:00.000,H15,LA MACHINE A VOYAGER DANS LE TEMPS,1,16980,14,0,12,17,3,2025
2025-03-17 15:00:00.000,H15,LA MACHINE A VOYAGER DANS LE TEMPS,39,16993,15,0,12,17,3,2025
2025-03-17 16:00:00.000,H15,LA MACHINE A VOYAGER DANS LE TEMPS,34,17006,16,0,12,17,3,2025
2025-03-17 17:00:00.000,H15,LA MACHINE A VOYAGER DANS LE TEMPS,10,17019,17,0,12,17,3,2025
2025-03-17 18:00:00.000,H15,LA MACHINE A VOYAGER DANS LE TEMPS,16,17032,18,0,12,17,3,2025
2025-03-17 19:00:00.000,H15,LA MACHINE A VOYAGER DANS LE TEMPS,1,17045,19,0,12,17,3,2025
2025-03-17 20:00:00.000,H15,LA MACHINE A VOYAGER DANS LE TEMPS,1,17058,20,0,12,17,3,2025
2025-03-17 21:00:00.000,H15,LA MACHINE A VOYAGER DANS LE TEMPS,1,17071,21,0,12,17,3,2025
2025-03-17 22:00:00.000,H15,LA MACHINE A VOYAGER DANS LE TEMPS,1,17084,22,0,12,17,3,2025
2025-03-17 23:00:00.000,H15,LA MACHINE A VOYAGER DANS LE TEMPS,1,17097,23,0,12,17,3,2025
2025-03-18 00:00:00.000,H15,LA MACHINE A VOYAGER DANS LE TEMPS,1,17110,0,0,12,18,3,2025
2025-03-18 01:00:00.000,H15,LA MACHINE A VOYAGER DANS LE TEMPS,1,17123,1,0,12,18,3,2025
2025-03-18 02:00:00.000,H15,LA MACHINE A VOYAGER DANS LE TEMPS,1,17136,2,0,12,18,3,2025
2025-03-18 03:00:00.000,H15,LA MACHINE A VOYAGER DANS LE TEMPS,1,17149,3,0,12,18,3,2025
2025-03-18 04:00:00.000,H15,LA MACHINE A VOYAGER DANS LE TEMPS,1,17162,4,0,12,18,3,2025
2025-03-18 05:00:00.000,H15,LA MACHINE A VOYAGER DANS LE TEMPS,1,17175,5,0,12,18,3,2025
2025-03-18 06:00:00.000,H15,LA MACHINE A VOYAGER DANS LE TEMPS,1,17188,6,0,12,18,3,2025
2025-03-18 07:00:00.000,H15,LA MACHINE A VOYAGER DANS LE TEMPS,1,17201,7,0,12,18,3,2025
2025-03-18 08:00:00.000,H15,LA MACHINE A VOYAGER DANS LE TEMPS,1,17214,8,0,12,18,3,2025
2025-03-18 09:00:00.000,H15,LA MACHINE A VOYAGER DANS LE TEMPS,0,17227,9,0,12,18,3,2025
2025-03-18 10:00:00.000,H15,LA MACHINE A VOYAGER DANS LE TEMPS,93,17240,10,0,12,18,3,2025
2025-03-18 11:00:00.000,H15,LA MACHINE A VOYAGER DANS LE TEMPS,98,17253,11,0,12,18,3,2025
2025-03-18 12:00:00.000,H15,LA MACHINE A VOYAGER DANS LE TEMPS,61,17266,12,0,12,18,3,2025
2025-03-18 13:00:00.000,H15,LA MACHINE A VOYAGER DANS LE TEMPS,16,17279,13,0,12,18,3,2025
2025-03-18 14:00:00.000,H15,LA MACHINE A VOYAGER DANS LE TEMPS,0,17292,14,0,12,18,3,2025
2025-03-18 15:00:00.000,H15,LA MACHINE A VOYAGER DANS LE TEMPS,36,17305,15,0,12,18,3,2025
2025-03-18 16:00:00.000,H15,LA MACHINE A VOYAGER DANS LE TEMPS,30,17318,16,0,12,18,3,2025
2025-03-18 17:00:00.000,H15,LA MACHINE A VOYAGER DANS LE TEMPS,17,17331,17,0,12,18,3,2025
2025-03-18 18:00:00.000,H15,LA MACHINE A VOYAGER DANS LE TEMPS,23,17344,18,0,12,18,3,2025
2025-03-18 19:00:00.000,H15,LA MACHINE A VOYAGER DANS LE TEMPS,2,17357,19,0,12,18,3,2025
2025-03-18 20:00:00.000,H15,LA MACHINE A VOYAGER DANS LE TEMPS,0,17370,20,0,12,18,3,2025
2025-03-18 21:00:00.000,H15,LA MACHINE A VOYAGER DANS LE TEMPS,0,17383,21,0,12,18,3,2025
2025-03-18 22:00:00.000,H15,LA MACHINE A VOYAGER DANS LE TEMPS,0,17396,22,0,12,18,3,2025
2025-03-18 23:00:00.000,H15,LA MACHINE A VOYAGER DANS LE TEMPS,0,17409,23,0,12,18,3,2025
2025-03-19 00:00:00.000,H15,LA MACHINE A VOYAGER DANS LE TEMPS,0,17422,0,0,12,19,3,2025
2025-03-19 01:00:00.000,H15,LA MACHINE A VOYAGER DANS LE TEMPS,0,17435,1,0,12,19,3,2025
2025-03-19 02:00:00.000,H15,LA MACHINE A VOYAGER DANS LE TEMPS,0,17448,2,0,12,19,3,2025
2025-03-19 03:00:00.000,H15,LA MACHINE A VOYAGER DANS LE TEMPS,0,17461,3,0,12,19,3,2025
2025-03-19 04:00:00.000,H15,LA MACHINE A VOYAGER DANS LE TEMPS,0,17474,4,0,12,19,3,2025
2025-03-19 05:00:00.000,H15,LA MACHINE A VOYAGER DANS LE TEMPS,0,17487,5,0,12,19,3,2025
2025-03-19 06:00:00.000,H15,LA MACHINE A VOYAGER DANS LE TEMPS,0,17500,6,0,12,19,3,2025
2025-03-19 07:00:00.000,H15,LA MACHINE A VOYAGER DANS LE TEMPS,0,17513,7,0,12,19,3,2025
2025-03-19 08:00:00.000,H15,LA MACHINE A VOYAGER DANS LE TEMPS,0,17526,8,0,12,19,3,2025
2025-03-19 09:00:00.000,H15,LA MACHINE A VOYAGER DANS LE TEMPS,0,17539,9,0,12,19,3,2025
2025-03-19 10:00:00.000,H15,LA MACHINE A VOYAGER DANS LE TEMPS,35,17552,10,0,12,19,3,2025
2025-03-19 11:00:00.000,H15,LA MACHINE A VOYAGER DANS LE TEMPS,46,17565,11,0,12,19,3,2025
2025-03-19 12:00:00.000,H15,LA MACHINE A VOYAGER DANS LE TEMPS,32,17578,12,0,12,19,3,2025
2025-03-19 13:00:00.000,H15,LA MACHINE A VOYAGER DANS LE TEMPS,8,17591,13,0,12,19,3,2025
2025-03-19 14:00:00.000,H15,LA MACHINE A VOYAGER DANS LE TEMPS,0,17605,14,0,12,19,3,2025
2025-03-19 15:00:00.000,H15,LA MACHINE A VOYAGER DANS LE TEMPS,39,17619,15,0,12,19,3,2025
2025-03-19 16:00:00.000,H15,LA MACHINE A VOYAGER DANS LE TEMPS,31,17640,16,0,12,19,3,2025
2025-03-19 17:00:00.000,H15,LA MACHINE A VOYAGER DANS LE TEMPS,19,17661,17,0,12,19,3,2025
2025-03-19 18:00:00.000,H15,LA MACHINE A VOYAGER DANS LE TEMPS,9,17682,18,0,12,19,3,2025
2025-03-19 19:00:00.000,H15,LA MACHINE A VOYAGER DANS LE TEMPS,1,17695,19,0,12,19,3,2025
2025-03-19 20:00:00.000,H15,LA MACHINE A VOYAGER DANS LE TEMPS,0,17708,20,0,12,19,3,2025
2025-03-19 21:00:00.000,H15,LA MACHINE A VOYAGER DANS LE TEMPS,0,17721,21,0,12,19,3,2025
2025-03-19 22:00:00.000,H15,LA MACHINE A VOYAGER DANS LE TEMPS,0,17734,22,0,12,19,3,2025
2025-03-19 23:00:00.000,H15,LA MACHINE A VOYAGER DANS LE TEMPS,0,17747,23,0,12,19,3,2025
2025-03-20 00:00:00.000,H15,LA MACHINE A VOYAGER DANS LE TEMPS,0,17760,0,0,12,20,3,2025
2025-03-20 01:00:00.000,H15,LA MACHINE A VOYAGER DANS LE TEMPS,0,17773,1,0,12,20,3,2025
2025-03-20 02:00:00.000,H15,LA MACHINE A VOYAGER DANS LE TEMPS,0,17786,2,0,12,20,3,2025
2025-03-20 03:00:00.000,H15,LA MACHINE A VOYAGER DANS LE TEMPS,0,17799,3,0,12,20,3,2025
2025-03-20 04:00:00.000,H15,LA MACHINE A VOYAGER DANS LE TEMPS,0,17812,4,0,12,20,3,2025
2025-03-20 05:00:00.000,H15,LA MACHINE A VOYAGER DANS LE TEMPS,0,17825,5,0,12,20,3,2025
2025-03-20 06:00:00.000,H15,LA MACHINE A VOYAGER DANS LE TEMPS,0,17838,6,0,12,20,3,2025
2025-03-20 07:00:00.000,H15,LA MACHINE A VOYAGER DANS LE TEMPS,0,17851,7,0,12,20,3,2025
2025-03-20 08:00:00.000,H15,LA MACHINE A VOYAGER DANS LE TEMPS,0,17864,8,0,12,20,3,2025
2025-03-20 09:00:00.000,H15,LA MACHINE A VOYAGER DANS LE TEMPS,0,17877,9,0,12,20,3,2025
2025-03-20 10:00:00.000,H15,LA MACHINE A VOYAGER DANS LE TEMPS,74,17890,10,0,12,20,3,2025
2025-03-20 11:00:00.000,H15,LA MACHINE A VOYAGER DANS LE TEMPS,58,17903,11,0,12,20,3,2025
2025-03-20 12:00:00.000,H15,LA MACHINE A VOYAGER DANS LE TEMPS,20,17917,12,0,12,20,3,2025
2025-03-20 13:00:00.000,H15,LA MACHINE A VOYAGER DANS LE TEMPS,25,17931,13,0,12,20,3,2025
2025-03-20 14:00:00.000,H15,LA MACHINE A VOYAGER DANS LE TEMPS,0,17945,14,0,12,20,3,2025
2025-03-20 15:00:00.000,H15,LA MACHINE A VOYAGER DANS LE TEMPS,56,17959,15,0,12,20,3,2025
2025-03-20 16:00:00.000,H15,LA MACHINE A VOYAGER DANS LE TEMPS,15,17979,16,0,12,20,3,2025
2025-03-20 17:00:00.000,H15,LA MACHINE A VOYAGER DANS LE TEMPS,24,17998,17,0,12,20,3,2025
2025-03-20 18:00:00.000,H15,LA MACHINE A VOYAGER DANS LE TEMPS,9,18017,18,0,12,20,3,2025
2025-03-20 19:00:00.000,H15,LA MACHINE A VOYAGER DANS LE TEMPS,0,18030,19,0,12,20,3,2025
2025-03-20 20:00:00.000,H15,LA MACHINE A VOYAGER DANS LE TEMPS,0,18043,20,0,12,20,3,2025
2025-03-20 21:00:00.000,H15,LA MACHINE A VOYAGER DANS LE TEMPS,0,18056,21,0,12,20,3,2025
2025-03-20 22:00:00.000,H15,LA MACHINE A VOYAGER DANS LE TEMPS,0,18069,22,0,12,20,3,2025
2025-03-20 23:00:00.000,H15,LA MACHINE A VOYAGER DANS LE TEMPS,0,18082,23,0,12,20,3,2025
2025-03-21 00:00:00.000,H15,LA MACHINE A VOYAGER DANS LE TEMPS,0,18095,0,0,12,21,3,2025
2025-03-21 01:00:00.000,H15,LA MACHINE A VOYAGER DANS LE TEMPS,0,18108,1,0,12,21,3,2025
2025-03-21 02:00:00.000,H15,LA MACHINE A VOYAGER DANS LE TEMPS,0,18121,2,0,12,21,3,2025
2025-03-21 03:00:00.000,H15,LA MACHINE A VOYAGER DANS LE TEMPS,0,18134,3,0,12,21,3,2025
2025-03-21 04:00:00.000,H15,LA MACHINE A VOYAGER DANS LE TEMPS,0,18147,4,0,12,21,3,2025
2025-03-21 05:00:00.000,H15,LA MACHINE A VOYAGER DANS LE TEMPS,0,18160,5,0,12,21,3,2025
2025-03-21 06:00:00.000,H15,LA MACHINE A VOYAGER DANS LE TEMPS,0,18173,6,0,12,21,3,2025
2025-03-21 07:00:00.000,H15,LA MACHINE A VOYAGER DANS LE TEMPS,0,18192,7,0,12,21,3,2025
2025-03-21 08:00:00.000,H15,LA MACHINE A VOYAGER DANS LE TEMPS,0,18211,8,0,12,21,3,2025
2025-03-21 09:00:00.000,H15,LA MACHINE A VOYAGER DANS LE TEMPS,0,18230,9,0,12,21,3,2025
2025-03-21 10:00:00.000,H15,LA MACHINE A VOYAGER DANS LE TEMPS,71,18249,10,0,12,21,3,2025
2025-03-21 11:00:00.000,H15,LA MACHINE A VOYAGER DANS LE TEMPS,76,18268,11,0,12,21,3,2025
2025-03-21 12:00:00.000,H15,LA MACHINE A VOYAGER DANS LE TEMPS,19,18287,12,0,12,21,3,2025
2025-03-21 13:00:00.000,H15,LA MACHINE A VOYAGER DANS LE TEMPS,6,18306,13,0,12,21,3,2025
2025-03-21 14:00:00.000,H15,LA MACHINE A VOYAGER DANS LE TEMPS,0,18325,14,0,12,21,3,2025
2025-03-21 15:00:00.000,H15,LA MACHINE A VOYAGER DANS LE TEMPS,101,18344,15,0,12,21,3,2025
2025-03-21 16:00:00.000,H15,LA MACHINE A VOYAGER DANS LE TEMPS,22,18363,16,0,12,21,3,2025
2025-03-21 17:00:00.000,H15,LA MACHINE A VOYAGER DANS LE TEMPS,11,18382,17,0,12,21,3,2025
2025-03-21 18:00:00.000,H15,LA MACHINE A VOYAGER DANS LE TEMPS,14,18401,18,0,12,21,3,2025
2025-03-21 19:00:00.000,H15,LA MACHINE A VOYAGER DANS LE TEMPS,0,18414,19,0,12,21,3,2025
2025-03-21 20:00:00.000,H15,LA MACHINE A VOYAGER DANS LE TEMPS,0,18427,20,0,12,21,3,2025
2025-03-21 21:00:00.000,H15,LA MACHINE A VOYAGER DANS LE TEMPS,0,18440,21,0,12,21,3,2025
2025-03-21 22:00:00.000,H15,LA MACHINE A VOYAGER DANS LE TEMPS,0,18453,22,0,12,21,3,2025
2025-03-21 23:00:00.000,H15,LA MACHINE A VOYAGER DANS LE TEMPS,0,18466,23,0,12,21,3,2025
2025-03-22 00:00:00.000,H15,LA MACHINE A VOYAGER DANS LE TEMPS,0,18479,0,0,12,22,3,2025
2025-03-22 01:00:00.000,H15,LA MACHINE A VOYAGER DANS LE TEMPS,0,18492,1,0,12,22,3,2025
2025-03-22 02:00:00.000,H15,LA MACHINE A VOYAGER DANS LE TEMPS,0,18505,2,0,12,22,3,2025
2025-03-22 03:00:00.000,H15,LA MACHINE A VOYAGER DANS LE TEMPS,0,18518,3,0,12,22,3,2025
2025-03-22 04:00:00.000,H15,LA MACHINE A VOYAGER DANS LE TEMPS,0,18531,4,0,12,22,3,2025
2025-03-22 05:00:00.000,H15,LA MACHINE A VOYAGER DANS LE TEMPS,0,18544,5,0,12,22,3,2025
2025-03-22 06:00:00.000,H15,LA MACHINE A VOYAGER DANS LE TEMPS,0,18557,6,0,12,22,3,2025
2025-03-22 07:00:00.000,H15,LA MACHINE A VOYAGER DANS LE TEMPS,0,18579,7,0,12,22,3,2025
2025-03-22 08:00:00.000,H15,LA MACHINE A VOYAGER DANS LE TEMPS,0,18601,8,0,12,22,3,2025
2025-03-22 09:00:00.000,H15,LA MACHINE A VOYAGER DANS LE TEMPS,45,18623,9,0,12,22,3,2025
2025-03-22 10:00:00.000,H15,LA MACHINE A VOYAGER DANS LE TEMPS,693,18645,10,0,12,22,3,2025
2025-03-22 11:00:00.000,H15,LA MACHINE A VOYAGER DANS LE TEMPS,970,18667,11,0,12,22,3,2025
2025-03-22 12:00:00.000,H15,LA MACHINE A VOYAGER DANS LE TEMPS,921,18689,12,0,12,22,3,2025
2025-03-22 13:00:00.000,H15,LA MACHINE A VOYAGER DANS LE TEMPS,764,18711,13,0,12,22,3,2025
2025-03-22 14:00:00.000,H15,LA MACHINE A VOYAGER DANS LE TEMPS,885,18733,14,0,12,22,3,2025
2025-03-22 15:00:00.000,H15,LA MACHINE A VOYAGER DANS LE TEMPS,892,18755,15,0,12,22,3,2025
2025-03-22 16:00:00.000,H15,LA MACHINE A VOYAGER DANS LE TEMPS,861,18777,16,0,12,22,3,2025
2025-03-22 17:00:00.000,H15,LA MACHINE A VOYAGER DANS LE TEMPS,760,18799,17,0,12,22,3,2025
2025-03-22 18:00:00.000,H15,LA MACHINE A VOYAGER DANS LE TEMPS,688,18821,18,0,12,22,3,2025
2025-03-22 19:00:00.000,H15,LA MACHINE A VOYAGER DANS LE TEMPS,393,18843,19,0,12,22,3,2025
2025-03-22 20:00:00.000,H15,LA MACHINE A VOYAGER DANS LE TEMPS,99,18865,20,0,12,22,3,2025
2025-03-22 21:00:00.000,H15,LA MACHINE A VOYAGER DANS LE TEMPS,0,18887,21,0,12,22,3,2025
2025-03-22 22:00:00.000,H15,LA MACHINE A VOYAGER DANS LE TEMPS,0,18903,22,0,12,22,3,2025
2025-03-22 23:00:00.000,H15,LA MACHINE A VOYAGER DANS LE TEMPS,0,18919,23,0,12,22,3,2025
2025-03-23 00:00:00.000,H15,LA MACHINE A VOYAGER DANS LE TEMPS,0,18935,0,0,13,23,3,2025
2025-03-23 01:00:00.000,H15,LA MACHINE A VOYAGER DANS LE TEMPS,0,18951,1,0,13,23,3,2025
2025-03-23 02:00:00.000,H15,LA MACHINE A VOYAGER DANS LE TEMPS,0,18967,2,0,13,23,3,2025
2025-03-23 03:00:00.000,H15,LA MACHINE A VOYAGER DANS LE TEMPS,0,18983,3,0,13,23,3,2025
2025-03-23 04:00:00.000,H15,LA MACHINE A VOYAGER DANS LE TEMPS,0,18999,4,0,13,23,3,2025
2025-03-23 05:00:00.000,H15,LA MACHINE A VOYAGER DANS LE TEMPS,0,19015,5,0,13,23,3,2025
2025-03-23 06:00:00.000,H15,LA MACHINE A VOYAGER DANS LE TEMPS,0,19031,6,0,13,23,3,2025
2025-03-23 07:00:00.000,H15,LA MACHINE A VOYAGER DANS LE TEMPS,0,19053,7,0,13,23,3,2025
2025-03-23 08:00:00.000,H15,LA MACHINE A VOYAGER DANS LE TEMPS,0,19075,8,0,13,23,3,2025
2025-03-23 09:00:00.000,H15,LA MACHINE A VOYAGER DANS LE TEMPS,51,19097,9,0,13,23,3,2025
2025-03-23 10:00:00.000,H15,LA MACHINE A VOYAGER DANS LE TEMPS,535,19119,10,0,13,23,3,2025
2025-03-23 11:00:00.000,H15,LA MACHINE A VOYAGER DANS LE TEMPS,497,19141,11,0,13,23,3,2025
2025-03-23 12:00:00.000,H15,LA MACHINE A VOYAGER DANS LE TEMPS,362,19163,12,0,13,23,3,2025
2025-03-23 13:00:00.000,H15,LA MACHINE A VOYAGER DANS LE TEMPS,129,19185,13,0,13,23,3,2025
2025-03-23 14:00:00.000,H15,LA MACHINE A VOYAGER DANS LE TEMPS,109,19207,14,0,13,23,3,2025
2025-03-23 15:00:00.000,H15,LA MACHINE A VOYAGER DANS LE TEMPS,155,19229,15,0,13,23,3,2025
2025-03-23 16:00:00.000,H15,LA MACHINE A VOYAGER DANS LE TEMPS,182,19251,16,0,13,23,3,2025
2025-03-23 17:00:00.000,H15,LA MACHINE A VOYAGER DANS LE TEMPS,76,19273,17,0,13,23,3,2025
2025-03-23 18:00:00.000,H15,LA MACHINE A VOYAGER DANS LE TEMPS,26,19295,18,0,13,23,3,2025
2025-03-23 19:00:00.000,H15,LA MACHINE A VOYAGER DANS LE TEMPS,4,19311,19,0,13,23,3,2025
2025-03-23 20:00:00.000,H15,LA MACHINE A VOYAGER DANS LE TEMPS,4,19327,20,0,13,23,3,2025
2025-03-23 21:00:00.000,H15,LA MACHINE A VOYAGER DANS LE TEMPS,4,19343,21,0,13,23,3,2025
2025-03-23 22:00:00.000,H15,LA MACHINE A VOYAGER DANS LE TEMPS,4,19359,22,0,13,23,3,2025
2025-03-23 23:00:00.000,H15,LA MACHINE A VOYAGER DANS LE TEMPS,4,19375,23,0,13,23,3,2025
2025-03-24 00:00:00.000,H15,LA MACHINE A VOYAGER DANS LE TEMPS,4,19391,0,0,13,24,3,2025
2025-03-24 01:00:00.000,H15,LA MACHINE A VOYAGER DANS LE TEMPS,4,19407,1,0,13,24,3,2025
2025-03-24 02:00:00.000,H15,LA MACHINE A VOYAGER DANS LE TEMPS,4,19423,2,0,13,24,3,2025
2025-03-24 03:00:00.000,H15,LA MACHINE A VOYAGER DANS LE TEMPS,4,19439,3,0,13,24,3,2025
2025-03-24 04:00:00.000,H15,LA MACHINE A VOYAGER DANS LE TEMPS,4,19455,4,0,13,24,3,2025
2025-03-24 05:00:00.000,H15,LA MACHINE A VOYAGER DANS LE TEMPS,4,19471,5,0,13,24,3,2025
2025-03-24 06:00:00.000,H15,LA MACHINE A VOYAGER DANS LE TEMPS,4,19487,6,0,13,24,3,2025
2025-03-24 07:00:00.000,H15,LA MACHINE A VOYAGER DANS LE TEMPS,4,19506,7,0,13,24,3,2025
2025-03-24 08:00:00.000,H15,LA MACHINE A VOYAGER DANS LE TEMPS,4,19525,8,0,13,24,3,2025
2025-03-24 09:00:00.000,H15,LA MACHINE A VOYAGER DANS LE TEMPS,4,19546,9,0,13,24,3,2025
2025-03-24 10:00:00.000,H15,LA MACHINE A VOYAGER DANS LE TEMPS,40,19567,10,0,13,24,3,2025
2025-03-24 11:00:00.000,H15,LA MACHINE A VOYAGER DANS LE TEMPS,55,19588,11,0,13,24,3,2025
2025-03-24 12:00:00.000,H15,LA MACHINE A VOYAGER DANS LE TEMPS,47,19609,12,0,13,24,3,2025
2025-03-24 13:00:00.000,H15,LA MACHINE A VOYAGER DANS LE TEMPS,25,19630,13,0,13,24,3,2025
2025-03-24 14:00:00.000,H15,LA MACHINE A VOYAGER DANS LE TEMPS,23,19651,14,0,13,24,3,2025
2025-03-24 15:00:00.000,H15,LA MACHINE A VOYAGER DANS LE TEMPS,26,19672,15,0,13,24,3,2025
2025-03-24 16:00:00.000,H15,LA MACHINE A VOYAGER DANS LE TEMPS,25,19693,16,0,13,24,3,2025
2025-03-24 17:00:00.000,H15,LA MACHINE A VOYAGER DANS LE TEMPS,10,19714,17,0,13,24,3,2025
2025-03-24 18:00:00.000,H15,LA MACHINE A VOYAGER DANS LE TEMPS,10,19735,18,0,13,24,3,2025
2025-03-24 19:00:00.000,H15,LA MACHINE A VOYAGER DANS LE TEMPS,0,19755,19,0,13,24,3,2025
2025-03-24 20:00:00.000,H15,LA MACHINE A VOYAGER DANS LE TEMPS,0,19767,20,0,13,24,3,2025
2025-03-24 21:00:00.000,H15,LA MACHINE A VOYAGER DANS LE TEMPS,0,19779,21,0,13,24,3,2025
2025-03-24 22:00:00.000,H15,LA MACHINE A VOYAGER DANS LE TEMPS,0,19791,22,0,13,24,3,2025
2025-03-24 23:00:00.000,H15,LA MACHINE A VOYAGER DANS LE TEMPS,0,19803,23,0,13,24,3,2025
2025-03-25 00:00:00.000,H15,LA MACHINE A VOYAGER DANS LE TEMPS,0,19815,0,0,13,25,3,2025
2025-03-25 01:00:00.000,H15,LA MACHINE A VOYAGER DANS LE TEMPS,0,19827,1,0,13,25,3,2025
2025-03-25 02:00:00.000,H15,LA MACHINE A VOYAGER DANS LE TEMPS,0,19839,2,0,13,25,3,2025
2025-03-25 03:00:00.000,H15,LA MACHINE A VOYAGER DANS LE TEMPS,0,19851,3,0,13,25,3,2025
2025-03-25 04:00:00.000,H15,LA MACHINE A VOYAGER DANS LE TEMPS,0,19864,4,0,13,25,3,2025
2025-03-25 05:00:00.000,H15,LA MACHINE A VOYAGER DANS LE TEMPS,0,19877,5,0,13,25,3,2025
2025-03-25 06:00:00.000,H15,LA MACHINE A VOYAGER DANS LE TEMPS,0,19890,6,0,13,25,3,2025
2025-03-25 07:00:00.000,H15,LA MACHINE A VOYAGER DANS LE TEMPS,0,19911,7,0,13,25,3,2025
2025-03-25 08:00:00.000,H15,LA MACHINE A VOYAGER DANS LE TEMPS,0,19932,8,0,13,25,3,2025
2025-03-25 09:00:00.000,H15,LA MACHINE A VOYAGER DANS LE TEMPS,0,19953,9,0,13,25,3,2025
2025-03-25 10:00:00.000,H15,LA MACHINE A VOYAGER DANS LE TEMPS,120,19974,10,0,13,25,3,2025
2025-03-25 11:00:00.000,H15,LA MACHINE A VOYAGER DANS LE TEMPS,174,19995,11,0,13,25,3,2025
2025-03-25 12:00:00.000,H15,LA MACHINE A VOYAGER DANS LE TEMPS,66,20016,12,0,13,25,3,2025
2025-03-25 13:00:00.000,H15,LA MACHINE A VOYAGER DANS LE TEMPS,20,20037,13,0,13,25,3,2025
2025-03-25 14:00:00.000,H15,LA MACHINE A VOYAGER DANS LE TEMPS,0,20058,14,0,13,25,3,2025
2025-03-25 15:00:00.000,H15,LA MACHINE A VOYAGER DANS LE TEMPS,115,20079,15,0,13,25,3,2025
2025-03-25 16:00:00.000,H15,LA MACHINE A VOYAGER DANS LE TEMPS,11,20100,16,0,13,25,3,2025
2025-03-25 17:00:00.000,H15,LA MACHINE A VOYAGER DANS LE TEMPS,23,20121,17,0,13,25,3,2025
2025-03-25 18:00:00.000,H15,LA MACHINE A VOYAGER DANS LE TEMPS,15,20142,18,0,13,25,3,2025
2025-03-25 19:00:00.000,H15,LA MACHINE A VOYAGER DANS LE TEMPS,9,20154,19,0,13,25,3,2025
2025-03-25 20:00:00.000,H15,LA MACHINE A VOYAGER DANS LE TEMPS,9,20166,20,0,13,25,3,2025
2025-03-25 21:00:00.000,H15,LA MACHINE A VOYAGER DANS LE TEMPS,9,20178,21,0,13,25,3,2025
2025-03-25 22:00:00.000,H15,LA MACHINE A VOYAGER DANS LE TEMPS,9,20190,22,0,13,25,3,2025
2025-03-25 23:00:00.000,H15,LA MACHINE A VOYAGER DANS LE TEMPS,9,20202,23,0,13,25,3,2025
2025-03-26 00:00:00.000,H15,LA MACHINE A VOYAGER DANS LE TEMPS,9,20214,0,0,13,26,3,2025
2025-03-26 01:00:00.000,H15,LA MACHINE A VOYAGER DANS LE TEMPS,9,20226,1,0,13,26,3,2025
2025-03-26 02:00:00.000,H15,LA MACHINE A VOYAGER DANS LE TEMPS,9,20238,2,0,13,26,3,2025
2025-03-26 03:00:00.000,H15,LA MACHINE A VOYAGER DANS LE TEMPS,9,20250,3,0,13,26,3,2025
2025-03-26 04:00:00.000,H15,LA MACHINE A VOYAGER DANS LE TEMPS,9,20263,4,0,13,26,3,2025
2025-03-26 05:00:00.000,H15,LA MACHINE A VOYAGER DANS LE TEMPS,9,20276,5,0,13,26,3,2025
2025-03-26 06:00:00.000,H15,LA MACHINE A VOYAGER DANS LE TEMPS,9,20289,6,0,13,26,3,2025
2025-03-26 07:00:00.000,H15,LA MACHINE A VOYAGER DANS LE TEMPS,9,20310,7,0,13,26,3,2025
2025-03-26 08:00:00.000,H15,LA MACHINE A VOYAGER DANS LE TEMPS,9,20331,8,0,13,26,3,2025
2025-03-26 09:00:00.000,H15,LA MACHINE A VOYAGER DANS LE TEMPS,3,20352,9,0,13,26,3,2025
2025-03-26 10:00:00.000,H15,LA MACHINE A VOYAGER DANS LE TEMPS,49,20373,10,0,13,26,3,2025
2025-03-26 11:00:00.000,H15,LA MACHINE A VOYAGER DANS LE TEMPS,67,20394,11,0,13,26,3,2025
2025-03-26 12:00:00.000,H15,LA MACHINE A VOYAGER DANS LE TEMPS,26,20415,12,0,13,26,3,2025
2025-03-26 13:00:00.000,H15,LA MACHINE A VOYAGER DANS LE TEMPS,8,20436,13,0,13,26,3,2025
2025-03-26 14:00:00.000,H15,LA MACHINE A VOYAGER DANS LE TEMPS,0,20457,14,0,13,26,3,2025
2025-03-26 15:00:00.000,H15,LA MACHINE A VOYAGER DANS LE TEMPS,72,20478,15,0,13,26,3,2025
2025-03-26 16:00:00.000,H15,LA MACHINE A VOYAGER DANS LE TEMPS,37,20499,16,0,13,26,3,2025
2025-03-26 17:00:00.000,H15,LA MACHINE A VOYAGER DANS LE TEMPS,19,20520,17,0,13,26,3,2025
2025-03-26 18:00:00.000,H15,LA MACHINE A VOYAGER DANS LE TEMPS,23,20541,18,0,13,26,3,2025
2025-03-26 19:00:00.000,H15,LA MACHINE A VOYAGER DANS LE TEMPS,1,20554,19,0,13,26,3,2025
2025-03-26 20:00:00.000,H15,LA MACHINE A VOYAGER DANS LE TEMPS,0,20567,20,0,13,26,3,2025
2025-03-26 21:00:00.000,H15,LA MACHINE A VOYAGER DANS LE TEMPS,0,20580,21,0,13,26,3,2025
2025-03-26 22:00:00.000,H15,LA MACHINE A VOYAGER DANS LE TEMPS,0,20593,22,0,13,26,3,2025
2025-03-26 23:00:00.000,H15,LA MACHINE A VOYAGER DANS LE TEMPS,0,20606,23,0,13,26,3,2025
2025-03-27 00:00:00.000,H15,LA MACHINE A VOYAGER DANS LE TEMPS,0,20619,0,0,13,27,3,2025
2025-03-27 01:00:00.000,H15,LA MACHINE A VOYAGER DANS LE TEMPS,0,20632,1,0,13,27,3,2025
2025-03-27 02:00:00.000,H15,LA MACHINE A VOYAGER DANS LE TEMPS,0,20645,2,0,13,27,3,2025
2025-03-27 03:00:00.000,H15,LA MACHINE A VOYAGER DANS LE TEMPS,0,20658,3,0,13,27,3,2025
2025-03-27 04:00:00.000,H15,LA MACHINE A VOYAGER DANS LE TEMPS,0,20671,4,0,13,27,3,2025
2025-03-27 05:00:00.000,H15,LA MACHINE A VOYAGER DANS LE TEMPS,0,20684,5,0,13,27,3,2025
2025-03-27 06:00:00.000,H15,LA MACHINE A VOYAGER DANS LE TEMPS,0,20697,6,0,13,27,3,2025
2025-03-27 07:00:00.000,H15,LA MACHINE A VOYAGER DANS LE TEMPS,0,20718,7,0,13,27,3,2025
2025-03-27 08:00:00.000,H15,LA MACHINE A VOYAGER DANS LE TEMPS,0,20739,8,0,13,27,3,2025
2025-03-27 09:00:00.000,H15,LA MACHINE A VOYAGER DANS LE TEMPS,0,20760,9,0,13,27,3,2025
2025-03-27 10:00:00.000,H15,LA MACHINE A VOYAGER DANS LE TEMPS,55,20781,10,0,13,27,3,2025
2025-03-27 11:00:00.000,H15,LA MACHINE A VOYAGER DANS LE TEMPS,90,20802,11,0,13,27,3,2025
2025-03-27 12:00:00.000,H15,LA MACHINE A VOYAGER DANS LE TEMPS,38,20823,12,0,13,27,3,2025
2025-03-27 13:00:00.000,H15,LA MACHINE A VOYAGER DANS LE TEMPS,7,20844,13,0,13,27,3,2025
2025-03-27 14:00:00.000,H15,LA MACHINE A VOYAGER DANS LE TEMPS,3,20865,14,0,13,27,3,2025
2025-03-27 15:00:00.000,H15,LA MACHINE A VOYAGER DANS LE TEMPS,49,20886,15,0,13,27,3,2025
2025-03-27 16:00:00.000,H15,LA MACHINE A VOYAGER DANS LE TEMPS,37,20907,16,0,13,27,3,2025
2025-03-27 17:00:00.000,H15,LA MACHINE A VOYAGER DANS LE TEMPS,12,20928,17,0,13,27,3,2025
2025-03-27 18:00:00.000,H15,LA MACHINE A VOYAGER DANS LE TEMPS,26,20949,18,0,13,27,3,2025
2025-03-27 19:00:00.000,H15,LA MACHINE A VOYAGER DANS LE TEMPS,17,20962,19,0,13,27,3,2025
2025-03-27 20:00:00.000,H15,LA MACHINE A VOYAGER DANS LE TEMPS,17,20983,20,0,13,27,3,2025
2025-03-27 21:00:00.000,H15,LA MACHINE A VOYAGER DANS LE TEMPS,17,21004,21,0,13,27,3,2025
2025-03-27 22:00:00.000,H15,LA MACHINE A VOYAGER DANS LE TEMPS,17,21025,22,0,13,27,3,2025
2025-03-27 23:00:00.000,H15,LA MACHINE A VOYAGER DANS LE TEMPS,17,21046,23,0,13,27,3,2025
2025-03-28 00:00:00.000,H15,LA MACHINE A VOYAGER DANS LE TEMPS,17,21059,0,0,13,28,3,2025
2025-03-28 01:00:00.000,H15,LA MACHINE A VOYAGER DANS LE TEMPS,17,21072,1,0,13,28,3,2025
2025-03-28 02:00:00.000,H15,LA MACHINE A VOYAGER DANS LE TEMPS,17,21085,2,0,13,28,3,2025
2025-03-28 03:00:00.000,H15,LA MACHINE A VOYAGER DANS LE TEMPS,17,21098,3,0,13,28,3,2025
2025-03-28 04:00:00.000,H15,LA MACHINE A VOYAGER DANS LE TEMPS,17,21111,4,0,13,28,3,2025
2025-03-28 05:00:00.000,H15,LA MACHINE A VOYAGER DANS LE TEMPS,17,21124,5,0,13,28,3,2025
2025-03-28 06:00:00.000,H15,LA MACHINE A VOYAGER DANS LE TEMPS,17,21137,6,0,13,28,3,2025
2025-03-28 07:00:00.000,H15,LA MACHINE A VOYAGER DANS LE TEMPS,17,21158,7,0,13,28,3,2025
2025-03-28 08:00:00.000,H15,LA MACHINE A VOYAGER DANS LE TEMPS,17,21179,8,0,13,28,3,2025
2025-03-28 09:00:00.000,H15,LA MACHINE A VOYAGER DANS LE TEMPS,14,21200,9,0,13,28,3,2025
2025-03-28 10:00:00.000,H15,LA MACHINE A VOYAGER DANS LE TEMPS,106,21221,10,0,13,28,3,2025
2025-03-28 11:00:00.000,H15,LA MACHINE A VOYAGER DANS LE TEMPS,238,21242,11,0,13,28,3,2025
2025-03-28 12:00:00.000,H15,LA MACHINE A VOYAGER DANS LE TEMPS,63,21263,12,0,13,28,3,2025
2025-03-28 13:00:00.000,H15,LA MACHINE A VOYAGER DANS LE TEMPS,11,21284,13,0,13,28,3,2025
2025-03-28 14:00:00.000,H15,LA MACHINE A VOYAGER DANS LE TEMPS,1,21305,14,0,13,28,3,2025
2025-03-28 15:00:00.000,H15,LA MACHINE A VOYAGER DANS LE TEMPS,86,21326,15,0,13,28,3,2025
2025-03-28 16:00:00.000,H15,LA MACHINE A VOYAGER DANS LE TEMPS,66,21347,16,0,13,28,3,2025
2025-03-28 17:00:00.000,H15,LA MACHINE A VOYAGER DANS LE TEMPS,30,21368,17,0,13,28,3,2025
2025-03-28 18:00:00.000,H15,LA MACHINE A VOYAGER DANS LE TEMPS,12,21389,18,0,13,28,3,2025
2025-03-28 19:00:00.000,H15,LA MACHINE A VOYAGER DANS LE TEMPS,0,21402,19,0,13,28,3,2025
2025-03-28 20:00:00.000,H15,LA MACHINE A VOYAGER DANS LE TEMPS,0,21415,20,0,13,28,3,2025
2025-03-28 21:00:00.000,H15,LA MACHINE A VOYAGER DANS LE TEMPS,0,21428,21,0,13,28,3,2025
2025-03-28 22:00:00.000,H15,LA MACHINE A VOYAGER DANS LE TEMPS,0,21441,22,0,13,28,3,2025
2025-03-28 23:00:00.000,H15,LA MACHINE A VOYAGER DANS LE TEMPS,0,21454,23,0,13,28,3,2025
2025-03-29 00:00:00.000,H15,LA MACHINE A VOYAGER DANS LE TEMPS,0,21467,0,0,13,29,3,2025
2025-03-29 01:00:00.000,H15,LA MACHINE A VOYAGER DANS LE TEMPS,0,21480,1,0,13,29,3,2025
2025-03-29 02:00:00.000,H15,LA MACHINE A VOYAGER DANS LE TEMPS,0,21493,2,0,13,29,3,2025
2025-03-29 03:00:00.000,H15,LA MACHINE A VOYAGER DANS LE TEMPS,0,21506,3,0,13,29,3,2025
2025-03-29 04:00:00.000,H15,LA MACHINE A VOYAGER DANS LE TEMPS,0,21519,4,0,13,29,3,2025
2025-03-29 05:00:00.000,H15,LA MACHINE A VOYAGER DANS LE TEMPS,0,21532,5,0,13,29,3,2025
2025-03-29 06:00:00.000,H15,LA MACHINE A VOYAGER DANS LE TEMPS,0,21545,6,0,13,29,3,2025
2025-03-29 07:00:00.000,H15,LA MACHINE A VOYAGER DANS LE TEMPS,0,21569,7,0,13,29,3,2025
2025-03-29 08:00:00.000,H15,LA MACHINE A VOYAGER DANS LE TEMPS,0,21593,8,0,13,29,3,2025
2025-03-29 09:00:00.000,H15,LA MACHINE A VOYAGER DANS LE TEMPS,34,21617,9,0,13,29,3,2025
2025-03-29 10:00:00.000,H15,LA MACHINE A VOYAGER DANS LE TEMPS,880,21641,10,0,13,29,3,2025
2025-03-29 11:00:00.000,H15,LA MACHINE A VOYAGER DANS LE TEMPS,1267,21665,11,0,13,29,3,2025
2025-03-29 12:00:00.000,H15,LA MACHINE A VOYAGER DANS LE TEMPS,1078,21689,12,0,13,29,3,2025
2025-03-29 13:00:00.000,H15,LA MACHINE A VOYAGER DANS LE TEMPS,931,21713,13,0,13,29,3,2025
2025-03-29 14:00:00.000,H15,LA MACHINE A VOYAGER DANS LE TEMPS,972,21737,14,0,13,29,3,2025
2025-03-29 15:00:00.000,H15,LA MACHINE A VOYAGER DANS LE TEMPS,1158,21761,15,0,13,29,3,2025
2025-03-29 16:00:00.000,H15,LA MACHINE A VOYAGER DANS LE TEMPS,914,21785,16,0,13,29,3,2025
2025-03-29 17:00:00.000,H15,LA MACHINE A VOYAGER DANS LE TEMPS,1041,21809,17,0,13,29,3,2025
2025-03-29 18:00:00.000,H15,LA MACHINE A VOYAGER DANS LE TEMPS,841,21833,18,0,13,29,3,2025
2025-03-29 19:00:00.000,H15,LA MACHINE A VOYAGER DANS LE TEMPS,556,21857,19,0,13,29,3,2025
2025-03-29 20:00:00.000,H15,LA MACHINE A VOYAGER DANS LE TEMPS,330,21881,20,0,13,29,3,2025
2025-03-29 21:00:00.000,H15,LA MACHINE A VOYAGER DANS LE TEMPS,0,21905,21,0,13,29,3,2025
2025-03-29 22:00:00.000,H15,LA MACHINE A VOYAGER DANS LE TEMPS,0,21921,22,0,13,29,3,2025
2025-03-29 23:00:00.000,H15,LA MACHINE A VOYAGER DANS LE TEMPS,0,21937,23,0,13,29,3,2025
2025-03-30 00:00:00.000,H15,LA MACHINE A VOYAGER DANS LE TEMPS,0,21953,0,0,14,30,3,2025
2025-03-30 01:00:00.000,H15,LA MACHINE A VOYAGER DANS LE TEMPS,0,21969,1,0,14,30,3,2025
2025-03-30 03:00:00.000,H15,LA MACHINE A VOYAGER DANS LE TEMPS,0,21985,3,0,14,30,3,2025
2025-03-30 04:00:00.000,H15,LA MACHINE A VOYAGER DANS LE TEMPS,0,22001,4,0,14,30,3,2025
2025-03-30 05:00:00.000,H15,LA MACHINE A VOYAGER DANS LE TEMPS,0,22017,5,0,14,30,3,2025
2025-03-30 06:00:00.000,H15,LA MACHINE A VOYAGER DANS LE TEMPS,0,22033,6,0,14,30,3,2025
2025-03-30 07:00:00.000,H15,LA MACHINE A VOYAGER DANS LE TEMPS,0,22057,7,0,14,30,3,2025
2025-03-30 08:00:00.000,H15,LA MACHINE A VOYAGER DANS LE TEMPS,0,22081,8,0,14,30,3,2025
2025-03-30 09:00:00.000,H15,LA MACHINE A VOYAGER DANS LE TEMPS,27,22105,9,0,14,30,3,2025
2025-03-30 10:00:00.000,H15,LA MACHINE A VOYAGER DANS LE TEMPS,546,22129,10,0,14,30,3,2025
2025-03-30 11:00:00.000,H15,LA MACHINE A VOYAGER DANS LE TEMPS,648,22153,11,0,14,30,3,2025
2025-03-30 12:00:00.000,H15,LA MACHINE A VOYAGER DANS LE TEMPS,613,22177,12,0,14,30,3,2025
2025-03-30 13:00:00.000,H15,LA MACHINE A VOYAGER DANS LE TEMPS,518,22201,13,0,14,30,3,2025
2025-03-30 14:00:00.000,H15,LA MACHINE A VOYAGER DANS LE TEMPS,227,22225,14,0,14,30,3,2025
2025-03-30 15:00:00.000,H15,LA MACHINE A VOYAGER DANS LE TEMPS,298,22249,15,0,14,30,3,2025
2025-03-30 16:00:00.000,H15,LA MACHINE A VOYAGER DANS LE TEMPS,325,22273,16,0,14,30,3,2025
2025-03-30 17:00:00.000,H15,LA MACHINE A VOYAGER DANS LE TEMPS,147,22297,17,0,14,30,3,2025
2025-03-30 18:00:00.000,H15,LA MACHINE A VOYAGER DANS LE TEMPS,27,22321,18,0,14,30,3,2025
2025-03-30 19:00:00.000,H15,LA MACHINE A VOYAGER DANS LE TEMPS,61,22337,19,0,14,30,3,2025
2025-03-30 20:00:00.000,H15,LA MACHINE A VOYAGER DANS LE TEMPS,1,22353,20,0,14,30,3,2025
2025-03-30 21:00:00.000,H15,LA MACHINE A VOYAGER DANS LE TEMPS,0,22369,21,0,14,30,3,2025
2025-03-30 22:00:00.000,H15,LA MACHINE A VOYAGER DANS LE TEMPS,0,22385,22,0,14,30,3,2025
2025-03-30 23:00:00.000,H15,LA MACHINE A VOYAGER DANS LE TEMPS,0,22401,23,0,14,30,3,2025
2025-03-31 00:00:00.000,H15,LA MACHINE A VOYAGER DANS LE TEMPS,0,22417,0,0,14,31,3,2025
2025-03-31 01:00:00.000,H15,LA MACHINE A VOYAGER DANS LE TEMPS,0,22433,1,0,14,31,3,2025
2025-03-31 02:00:00.000,H15,LA MACHINE A VOYAGER DANS LE TEMPS,0,22449,2,0,14,31,3,2025
2025-03-31 03:00:00.000,H15,LA MACHINE A VOYAGER DANS LE TEMPS,0,22465,3,0,14,31,3,2025
2025-03-31 04:00:00.000,H15,LA MACHINE A VOYAGER DANS LE TEMPS,0,22481,4,0,14,31,3,2025
2025-03-31 05:00:00.000,H15,LA MACHINE A VOYAGER DANS LE TEMPS,0,22497,5,0,14,31,3,2025
2025-03-31 06:00:00.000,H15,LA MACHINE A VOYAGER DANS LE TEMPS,0,22513,6,0,14,31,3,2025
2025-03-31 07:00:00.000,H15,LA MACHINE A VOYAGER DANS LE TEMPS,0,22534,7,0,14,31,3,2025
2025-03-31 08:00:00.000,H15,LA MACHINE A VOYAGER DANS LE TEMPS,0,22555,8,0,14,31,3,2025
2025-03-31 09:00:00.000,H15,LA MACHINE A VOYAGER DANS LE TEMPS,0,22576,9,0,14,31,3,2025
2025-03-31 10:00:00.000,H15,LA MACHINE A VOYAGER DANS LE TEMPS,120,22597,10,0,14,31,3,2025
2025-03-31 11:00:00.000,H15,LA MACHINE A VOYAGER DANS LE TEMPS,53,22618,11,0,14,31,3,2025
2025-03-31 12:00:00.000,H15,LA MACHINE A VOYAGER DANS LE TEMPS,49,22639,12,0,14,31,3,2025
2025-03-31 13:00:00.000,H15,LA MACHINE A VOYAGER DANS LE TEMPS,62,22660,13,0,14,31,3,2025
2025-03-31 14:00:00.000,H15,LA MACHINE A VOYAGER DANS LE TEMPS,13,22681,14,0,14,31,3,2025
2025-03-31 15:00:00.000,H15,LA MACHINE A VOYAGER DANS LE TEMPS,14,22702,15,0,14,31,3,2025
2025-03-31 16:00:00.000,H15,LA MACHINE A VOYAGER DANS LE TEMPS,18,22723,16,0,14,31,3,2025
2025-03-31 17:00:00.000,H15,LA MACHINE A VOYAGER DANS LE TEMPS,13,22744,17,0,14,31,3,2025
2025-03-31 18:00:00.000,H15,LA MACHINE A VOYAGER DANS LE TEMPS,21,22765,18,0,14,31,3,2025
2025-03-31 19:00:00.000,H15,LA MACHINE A VOYAGER DANS LE TEMPS,6,22778,19,0,14,31,3,2025
2025-03-31 20:00:00.000,H15,LA MACHINE A VOYAGER DANS LE TEMPS,0,22791,20,0,14,31,3,2025
2025-03-31 21:00:00.000,H15,LA MACHINE A VOYAGER DANS LE TEMPS,0,22804,21,0,14,31,3,2025
2025-03-31 22:00:00.000,H15,LA MACHINE A VOYAGER DANS LE TEMPS,0,22817,22,0,14,31,3,2025
2025-03-31 23:00:00.000,H15,LA MACHINE A VOYAGER DANS LE TEMPS,0,22830,23,0,14,31,3,2025
2025-04-01 00:00:00.000,H15,LA MACHINE A VOYAGER DANS LE TEMPS,0,22843,0,0,14,1,4,2025
2025-04-01 01:00:00.000,H15,LA MACHINE A VOYAGER DANS LE TEMPS,0,22856,1,0,14,1,4,2025
2025-04-01 02:00:00.000,H15,LA MACHINE A VOYAGER DANS LE TEMPS,0,22869,2,0,14,1,4,2025
2025-04-01 03:00:00.000,H15,LA MACHINE A VOYAGER DANS LE TEMPS,0,22882,3,0,14,1,4,2025
2025-04-01 04:00:00.000,H15,LA MACHINE A VOYAGER DANS LE TEMPS,0,22895,4,0,14,1,4,2025
2025-04-01 05:00:00.000,H15,LA MACHINE A VOYAGER DANS LE TEMPS,0,22908,5,0,14,1,4,2025
2025-04-01 06:00:00.000,H15,LA MACHINE A VOYAGER DANS LE TEMPS,0,22921,6,0,14,1,4,2025
2025-04-01 07:00:00.000,H15,LA MACHINE A VOYAGER DANS LE TEMPS,0,22942,7,0,14,1,4,2025
2025-04-01 08:00:00.000,H15,LA MACHINE A VOYAGER DANS LE TEMPS,0,22963,8,0,14,1,4,2025
2025-04-01 09:00:00.000,H15,LA MACHINE A VOYAGER DANS LE TEMPS,0,22984,9,0,14,1,4,2025
2025-04-01 10:00:00.000,H15,LA MACHINE A VOYAGER DANS LE TEMPS,46,23005,10,0,14,1,4,2025
2025-04-01 11:00:00.000,H15,LA MACHINE A VOYAGER DANS LE TEMPS,63,23026,11,0,14,1,4,2025
2025-04-01 12:00:00.000,H15,LA MACHINE A VOYAGER DANS LE TEMPS,39,23047,12,0,14,1,4,2025
2025-04-01 13:00:00.000,H15,LA MACHINE A VOYAGER DANS LE TEMPS,27,23068,13,0,14,1,4,2025
2025-04-01 14:00:00.000,H15,LA MACHINE A VOYAGER DANS LE TEMPS,72,23089,14,0,14,1,4,2025
2025-04-01 15:00:00.000,H15,LA MACHINE A VOYAGER DANS LE TEMPS,25,23110,15,0,14,1,4,2025
2025-04-01 16:00:00.000,H15,LA MACHINE A VOYAGER DANS LE TEMPS,27,23131,16,0,14,1,4,2025
2025-04-01 17:00:00.000,H15,LA MACHINE A VOYAGER DANS LE TEMPS,42,23152,17,0,14,1,4,2025
2025-04-01 18:00:00.000,H15,LA MACHINE A VOYAGER DANS LE TEMPS,21,23173,18,0,14,1,4,2025
2025-04-01 19:00:00.000,H15,LA MACHINE A VOYAGER DANS LE TEMPS,14,23186,19,0,14,1,4,2025
2025-04-01 20:00:00.000,H15,LA MACHINE A VOYAGER DANS LE TEMPS,0,23198,20,0,14,1,4,2025
2025-04-01 21:00:00.000,H15,LA MACHINE A VOYAGER DANS LE TEMPS,0,23210,21,0,14,1,4,2025
2025-04-01 22:00:00.000,H15,LA MACHINE A VOYAGER DANS LE TEMPS,0,23222,22,0,14,1,4,2025
2025-04-01 23:00:00.000,H15,LA MACHINE A VOYAGER DANS LE TEMPS,0,23234,23,0,14,1,4,2025
2025-04-02 00:00:00.000,H15,LA MACHINE A VOYAGER DANS LE TEMPS,0,23246,0,0,14,2,4,2025
2025-04-02 01:00:00.000,H15,LA MACHINE A VOYAGER DANS LE TEMPS,0,23258,1,0,14,2,4,2025
2025-04-02 02:00:00.000,H15,LA MACHINE A VOYAGER DANS LE TEMPS,0,23270,2,0,14,2,4,2025
2025-04-02 03:00:00.000,H15,LA MACHINE A VOYAGER DANS LE TEMPS,0,23282,3,0,14,2,4,2025
2025-04-02 04:00:00.000,H15,LA MACHINE A VOYAGER DANS LE TEMPS,0,23295,4,0,14,2,4,2025
2025-04-02 05:00:00.000,H15,LA MACHINE A VOYAGER DANS LE TEMPS,0,23308,5,0,14,2,4,2025
2025-04-02 06:00:00.000,H15,LA MACHINE A VOYAGER DANS LE TEMPS,0,23321,6,0,14,2,4,2025
2025-04-02 07:00:00.000,H15,LA MACHINE A VOYAGER DANS LE TEMPS,0,23342,7,0,14,2,4,2025
2025-04-02 08:00:00.000,H15,LA MACHINE A VOYAGER DANS LE TEMPS,0,23363,8,0,14,2,4,2025
2025-04-02 09:00:00.000,H15,LA MACHINE A VOYAGER DANS LE TEMPS,0,23384,9,0,14,2,4,2025
2025-04-02 10:00:00.000,H15,LA MACHINE A VOYAGER DANS LE TEMPS,122,23405,10,0,14,2,4,2025
2025-04-02 11:00:00.000,H15,LA MACHINE A VOYAGER DANS LE TEMPS,128,23426,11,0,14,2,4,2025
2025-04-02 12:00:00.000,H15,LA MACHINE A VOYAGER DANS LE TEMPS,117,23447,12,0,14,2,4,2025
2025-04-02 13:00:00.000,H15,LA MACHINE A VOYAGER DANS LE TEMPS,131,23468,13,0,14,2,4,2025
2025-04-02 14:00:00.000,H15,LA MACHINE A VOYAGER DANS LE TEMPS,63,23489,14,0,14,2,4,2025
2025-04-02 15:00:00.000,H15,LA MACHINE A VOYAGER DANS LE TEMPS,77,23510,15,0,14,2,4,2025
2025-04-02 16:00:00.000,H15,LA MACHINE A VOYAGER DANS LE TEMPS,53,23531,16,0,14,2,4,2025
2025-04-02 17:00:00.000,H15,LA MACHINE A VOYAGER DANS LE TEMPS,7,23552,17,0,14,2,4,2025
2025-04-02 18:00:00.000,H15,LA MACHINE A VOYAGER DANS LE TEMPS,20,23573,18,0,14,2,4,2025
2025-04-02 19:00:00.000,H15,LA MACHINE A VOYAGER DANS LE TEMPS,8,23586,19,0,14,2,4,2025
2025-04-02 20:00:00.000,H15,LA MACHINE A VOYAGER DANS LE TEMPS,5,23599,20,0,14,2,4,2025
2025-04-02 21:00:00.000,H15,LA MACHINE A VOYAGER DANS LE TEMPS,5,23612,21,0,14,2,4,2025
2025-04-02 22:00:00.000,H15,LA MACHINE A VOYAGER DANS LE TEMPS,5,23625,22,0,14,2,4,2025
2025-04-02 23:00:00.000,H15,LA MACHINE A VOYAGER DANS LE TEMPS,5,23638,23,0,14,2,4,2025
2025-04-03 00:00:00.000,H15,LA MACHINE A VOYAGER DANS LE TEMPS,5,23651,0,0,14,3,4,2025
2025-04-03 01:00:00.000,H15,LA MACHINE A VOYAGER DANS LE TEMPS,5,23664,1,0,14,3,4,2025
2025-04-03 02:00:00.000,H15,LA MACHINE A VOYAGER DANS LE TEMPS,5,23677,2,0,14,3,4,2025
2025-04-03 03:00:00.000,H15,LA MACHINE A VOYAGER DANS LE TEMPS,5,23690,3,0,14,3,4,2025
2025-04-03 04:00:00.000,H15,LA MACHINE A VOYAGER DANS LE TEMPS,5,23703,4,0,14,3,4,2025
2025-04-03 05:00:00.000,H15,LA MACHINE A VOYAGER DANS LE TEMPS,5,23716,5,0,14,3,4,2025
2025-04-03 06:00:00.000,H15,LA MACHINE A VOYAGER DANS LE TEMPS,5,23729,6,0,14,3,4,2025
2025-04-03 07:00:00.000,H15,LA MACHINE A VOYAGER DANS LE TEMPS,5,23750,7,0,14,3,4,2025
2025-04-03 08:00:00.000,H15,LA MACHINE A VOYAGER DANS LE TEMPS,5,23771,8,0,14,3,4,2025
2025-04-03 09:00:00.000,H15,LA MACHINE A VOYAGER DANS LE TEMPS,2,23792,9,0,14,3,4,2025
2025-04-03 10:00:00.000,H15,LA MACHINE A VOYAGER DANS LE TEMPS,0,23813,10,0,14,3,4,2025
2025-04-03 11:00:00.000,H15,LA MACHINE A VOYAGER DANS LE TEMPS,118,23834,11,0,14,3,4,2025
2025-04-03 12:00:00.000,H15,LA MACHINE A VOYAGER DANS LE TEMPS,248,23855,12,0,14,3,4,2025
2025-04-03 13:00:00.000,H15,LA MACHINE A VOYAGER DANS LE TEMPS,201,23876,13,0,14,3,4,2025
2025-04-03 14:00:00.000,H15,LA MACHINE A VOYAGER DANS LE TEMPS,104,23897,14,0,14,3,4,2025
2025-04-03 15:00:00.000,H15,LA MACHINE A VOYAGER DANS LE TEMPS,61,23918,15,0,14,3,4,2025
2025-04-03 16:00:00.000,H15,LA MACHINE A VOYAGER DANS LE TEMPS,34,23939,16,0,14,3,4,2025
2025-04-03 17:00:00.000,H15,LA MACHINE A VOYAGER DANS LE TEMPS,40,23960,17,0,14,3,4,2025
2025-04-03 18:00:00.000,H15,LA MACHINE A VOYAGER DANS LE TEMPS,22,23981,18,0,14,3,4,2025
2025-04-03 19:00:00.000,H15,LA MACHINE A VOYAGER DANS LE TEMPS,40,23994,19,0,14,3,4,2025
2025-04-03 20:00:00.000,H15,LA MACHINE A VOYAGER DANS LE TEMPS,0,24007,20,0,14,3,4,2025
2025-04-03 21:00:00.000,H15,LA MACHINE A VOYAGER DANS LE TEMPS,0,24020,21,0,14,3,4,2025
2025-04-03 22:00:00.000,H15,LA MACHINE A VOYAGER DANS LE TEMPS,0,24033,22,0,14,3,4,2025
2025-04-03 23:00:00.000,H15,LA MACHINE A VOYAGER DANS LE TEMPS,0,24046,23,0,14,3,4,2025
2025-04-04 00:00:00.000,H15,LA MACHINE A VOYAGER DANS LE TEMPS,0,24059,0,0,14,4,4,2025
2025-04-04 01:00:00.000,H15,LA MACHINE A VOYAGER DANS LE TEMPS,0,24072,1,0,14,4,4,2025
2025-04-04 02:00:00.000,H15,LA MACHINE A VOYAGER DANS LE TEMPS,0,24085,2,0,14,4,4,2025
2025-04-04 03:00:00.000,H15,LA MACHINE A VOYAGER DANS LE TEMPS,0,24098,3,0,14,4,4,2025
2025-04-04 04:00:00.000,H15,LA MACHINE A VOYAGER DANS LE TEMPS,0,24111,4,0,14,4,4,2025
2025-04-04 05:00:00.000,H15,LA MACHINE A VOYAGER DANS LE TEMPS,0,24124,5,0,14,4,4,2025
2025-04-04 06:00:00.000,H15,LA MACHINE A VOYAGER DANS LE TEMPS,0,24137,6,0,14,4,4,2025
2025-04-04 07:00:00.000,H15,LA MACHINE A VOYAGER DANS LE TEMPS,0,24158,7,0,14,4,4,2025
2025-04-04 08:00:00.000,H15,LA MACHINE A VOYAGER DANS LE TEMPS,0,24179,8,0,14,4,4,2025
2025-04-04 09:00:00.000,H15,LA MACHINE A VOYAGER DANS LE TEMPS,0,24200,9,0,14,4,4,2025
2025-04-04 10:00:00.000,H15,LA MACHINE A VOYAGER DANS LE TEMPS,282,24221,10,0,14,4,4,2025
2025-04-04 11:00:00.000,H15,LA MACHINE A VOYAGER DANS LE TEMPS,601,24242,11,0,14,4,4,2025
2025-04-04 12:00:00.000,H15,LA MACHINE A VOYAGER DANS LE TEMPS,217,24263,12,0,14,4,4,2025
2025-04-04 13:00:00.000,H15,LA MACHINE A VOYAGER DANS LE TEMPS,216,24284,13,0,14,4,4,2025
2025-04-04 14:00:00.000,H15,LA MACHINE A VOYAGER DANS LE TEMPS,125,24305,14,0,14,4,4,2025
2025-04-04 15:00:00.000,H15,LA MACHINE A VOYAGER DANS LE TEMPS,47,24326,15,0,14,4,4,2025
2025-04-04 16:00:00.000,H15,LA MACHINE A VOYAGER DANS LE TEMPS,42,24347,16,0,14,4,4,2025
2025-04-04 17:00:00.000,H15,LA MACHINE A VOYAGER DANS LE TEMPS,18,24368,17,0,14,4,4,2025
2025-04-04 18:00:00.000,H15,LA MACHINE A VOYAGER DANS LE TEMPS,34,24389,18,0,14,4,4,2025
2025-04-04 19:00:00.000,H15,LA MACHINE A VOYAGER DANS LE TEMPS,17,24402,19,0,14,4,4,2025
2025-04-04 20:00:00.000,H15,LA MACHINE A VOYAGER DANS LE TEMPS,0,24415,20,0,14,4,4,2025
2025-04-04 21:00:00.000,H15,LA MACHINE A VOYAGER DANS LE TEMPS,0,24428,21,0,14,4,4,2025
2025-04-04 22:00:00.000,H15,LA MACHINE A VOYAGER DANS LE TEMPS,0,24441,22,0,14,4,4,2025
2025-04-04 23:00:00.000,H15,LA MACHINE A VOYAGER DANS LE TEMPS,0,24454,23,0,14,4,4,2025
2025-04-05 00:00:00.000,H15,LA MACHINE A VOYAGER DANS LE TEMPS,0,24467,0,0,14,5,4,2025
2025-04-05 01:00:00.000,H15,LA MACHINE A VOYAGER DANS LE TEMPS,0,24480,1,0,14,5,4,2025
2025-04-05 02:00:00.000,H15,LA MACHINE A VOYAGER DANS LE TEMPS,0,24493,2,0,14,5,4,2025
2025-04-05 03:00:00.000,H15,LA MACHINE A VOYAGER DANS LE TEMPS,0,24506,3,0,14,5,4,2025
2025-04-05 04:00:00.000,H15,LA MACHINE A VOYAGER DANS LE TEMPS,0,24519,4,0,14,5,4,2025
2025-04-05 05:00:00.000,H15,LA MACHINE A VOYAGER DANS LE TEMPS,0,24532,5,0,14,5,4,2025
2025-04-05 06:00:00.000,H15,LA MACHINE A VOYAGER DANS LE TEMPS,0,24545,6,0,14,5,4,2025
2025-04-05 07:00:00.000,H15,LA MACHINE A VOYAGER DANS LE TEMPS,0,24569,7,0,14,5,4,2025
2025-04-05 08:00:00.000,H15,LA MACHINE A VOYAGER DANS LE TEMPS,0,24593,8,0,14,5,4,2025
2025-04-05 09:00:00.000,H15,LA MACHINE A VOYAGER DANS LE TEMPS,105,24617,9,0,14,5,4,2025
2025-04-05 10:00:00.000,H15,LA MACHINE A VOYAGER DANS LE TEMPS,333,24641,10,0,14,5,4,2025
2025-04-05 11:00:00.000,H15,LA MACHINE A VOYAGER DANS LE TEMPS,459,24665,11,0,14,5,4,2025
2025-04-05 12:00:00.000,H15,LA MACHINE A VOYAGER DANS LE TEMPS,361,24689,12,0,14,5,4,2025
2025-04-05 13:00:00.000,H15,LA MACHINE A VOYAGER DANS LE TEMPS,225,24713,13,0,14,5,4,2025
2025-04-05 14:00:00.000,H15,LA MACHINE A VOYAGER DANS LE TEMPS,340,24737,14,0,14,5,4,2025
2025-04-05 15:00:00.000,H15,LA MACHINE A VOYAGER DANS LE TEMPS,382,24761,15,0,14,5,4,2025
2025-04-05 16:00:00.000,H15,LA MACHINE A VOYAGER DANS LE TEMPS,265,24785,16,0,14,5,4,2025
2025-04-05 17:00:00.000,H15,LA MACHINE A VOYAGER DANS LE TEMPS,280,24809,17,0,14,5,4,2025
2025-04-05 18:00:00.000,H15,LA MACHINE A VOYAGER DANS LE TEMPS,120,24833,18,0,14,5,4,2025
2025-04-05 19:00:00.000,H15,LA MACHINE A VOYAGER DANS LE TEMPS,36,24857,19,0,14,5,4,2025
2025-04-05 20:00:00.000,H15,LA MACHINE A VOYAGER DANS LE TEMPS,38,24881,20,0,14,5,4,2025
2025-04-05 21:00:00.000,H15,LA MACHINE A VOYAGER DANS LE TEMPS,13,24905,21,0,14,5,4,2025
2025-04-05 22:00:00.000,H15,LA MACHINE A VOYAGER DANS LE TEMPS,0,24921,22,0,14,5,4,2025
2025-04-05 23:00:00.000,H15,LA MACHINE A VOYAGER DANS LE TEMPS,0,24937,23,0,14,5,4,2025
2025-04-06 00:00:00.000,H15,LA MACHINE A VOYAGER DANS LE TEMPS,0,24953,0,0,15,6,4,2025
2025-04-06 01:00:00.000,H15,LA MACHINE A VOYAGER DANS LE TEMPS,0,24969,1,0,15,6,4,2025
2025-04-06 02:00:00.000,H15,LA MACHINE A VOYAGER DANS LE TEMPS,0,24985,2,0,15,6,4,2025
2025-04-06 03:00:00.000,H15,LA MACHINE A VOYAGER DANS LE TEMPS,0,25001,3,0,15,6,4,2025
2025-04-06 04:00:00.000,H15,LA MACHINE A VOYAGER DANS LE TEMPS,0,25017,4,0,15,6,4,2025
2025-04-06 05:00:00.000,H15,LA MACHINE A VOYAGER DANS LE TEMPS,0,25033,5,0,15,6,4,2025
2025-04-06 06:00:00.000,H15,LA MACHINE A VOYAGER DANS LE TEMPS,0,25049,6,0,15,6,4,2025
2025-04-06 07:00:00.000,H15,LA MACHINE A VOYAGER DANS LE TEMPS,0,25073,7,0,15,6,4,2025
2025-04-06 08:00:00.000,H15,LA MACHINE A VOYAGER DANS LE TEMPS,0,25097,8,0,15,6,4,2025
2025-04-06 09:00:00.000,H15,LA MACHINE A VOYAGER DANS LE TEMPS,24,25121,9,0,15,6,4,2025
2025-04-06 10:00:00.000,H15,LA MACHINE A VOYAGER DANS LE TEMPS,309,25145,10,0,15,6,4,2025
2025-04-06 11:00:00.000,H15,LA MACHINE A VOYAGER DANS LE TEMPS,283,25169,11,0,15,6,4,2025
2025-04-06 12:00:00.000,H15,LA MACHINE A VOYAGER DANS LE TEMPS,237,25193,12,0,15,6,4,2025
2025-04-06 13:00:00.000,H15,LA MACHINE A VOYAGER DANS LE TEMPS,66,25217,13,0,15,6,4,2025
2025-04-06 14:00:00.000,H15,LA MACHINE A VOYAGER DANS LE TEMPS,58,25241,14,0,15,6,4,2025
2025-04-06 15:00:00.000,H15,LA MACHINE A VOYAGER DANS LE TEMPS,48,25265,15,0,15,6,4,2025
2025-04-06 16:00:00.000,H15,LA MACHINE A VOYAGER DANS LE TEMPS,49,25289,16,0,15,6,4,2025
2025-04-06 17:00:00.000,H15,LA MACHINE A VOYAGER DANS LE TEMPS,23,25313,17,0,15,6,4,2025
2025-04-06 18:00:00.000,H15,LA MACHINE A VOYAGER DANS LE TEMPS,19,25337,18,0,15,6,4,2025
2025-04-06 19:00:00.000,H15,LA MACHINE A VOYAGER DANS LE TEMPS,12,25361,19,0,15,6,4,2025
2025-04-06 20:00:00.000,H15,LA MACHINE A VOYAGER DANS LE TEMPS,6,25385,20,0,15,6,4,2025
2025-04-06 21:00:00.000,H15,LA MACHINE A VOYAGER DANS LE TEMPS,4,25409,21,0,15,6,4,2025
2025-04-06 22:00:00.000,H15,LA MACHINE A VOYAGER DANS LE TEMPS,0,25425,22,0,15,6,4,2025
2025-04-06 23:00:00.000,H15,LA MACHINE A VOYAGER DANS LE TEMPS,0,25441,23,0,15,6,4,2025
2025-04-07 00:00:00.000,H15,LA MACHINE A VOYAGER DANS LE TEMPS,0,25457,0,0,15,7,4,2025
2025-04-07 01:00:00.000,H15,LA MACHINE A VOYAGER DANS LE TEMPS,0,25473,1,0,15,7,4,2025
2025-04-07 02:00:00.000,H15,LA MACHINE A VOYAGER DANS LE TEMPS,0,25489,2,0,15,7,4,2025
2025-04-07 03:00:00.000,H15,LA MACHINE A VOYAGER DANS LE TEMPS,0,25505,3,0,15,7,4,2025
2025-04-07 04:00:00.000,H15,LA MACHINE A VOYAGER DANS LE TEMPS,0,25521,4,0,15,7,4,2025
2025-04-07 05:00:00.000,H15,LA MACHINE A VOYAGER DANS LE TEMPS,0,25537,5,0,15,7,4,2025
2025-04-07 06:00:00.000,H15,LA MACHINE A VOYAGER DANS LE TEMPS,0,25553,6,0,15,7,4,2025
2025-04-07 07:00:00.000,H15,LA MACHINE A VOYAGER DANS LE TEMPS,0,25577,7,0,15,7,4,2025
2025-04-07 08:00:00.000,H15,LA MACHINE A VOYAGER DANS LE TEMPS,0,25601,8,0,15,7,4,2025
2025-04-07 09:00:00.000,H15,LA MACHINE A VOYAGER DANS LE TEMPS,85,25625,9,0,15,7,4,2025
2025-04-07 10:00:00.000,H15,LA MACHINE A VOYAGER DANS LE TEMPS,235,25649,10,0,15,7,4,2025
2025-04-07 11:00:00.000,H15,LA MACHINE A VOYAGER DANS LE TEMPS,363,25673,11,0,15,7,4,2025
2025-04-07 12:00:00.000,H15,LA MACHINE A VOYAGER DANS LE TEMPS,183,25697,12,0,15,7,4,2025
2025-04-07 13:00:00.000,H15,LA MACHINE A VOYAGER DANS LE TEMPS,105,25721,13,0,15,7,4,2025
2025-04-07 14:00:00.000,H15,LA MACHINE A VOYAGER DANS LE TEMPS,162,25745,14,0,15,7,4,2025
2025-04-07 15:00:00.000,H15,LA MACHINE A VOYAGER DANS LE TEMPS,74,25769,15,0,15,7,4,2025
2025-04-07 16:00:00.000,H15,LA MACHINE A VOYAGER DANS LE TEMPS,30,25793,16,0,15,7,4,2025
2025-04-07 17:00:00.000,H15,LA MACHINE A VOYAGER DANS LE TEMPS,22,25817,17,0,15,7,4,2025
2025-04-07 18:00:00.000,H15,LA MACHINE A VOYAGER DANS LE TEMPS,58,25841,18,0,15,7,4,2025
2025-04-07 19:00:00.000,H15,LA MACHINE A VOYAGER DANS LE TEMPS,14,25865,19,0,15,7,4,2025
2025-04-07 20:00:00.000,H15,LA MACHINE A VOYAGER DANS LE TEMPS,19,25889,20,0,15,7,4,2025
2025-04-07 21:00:00.000,H15,LA MACHINE A VOYAGER DANS LE TEMPS,11,25913,21,0,15,7,4,2025
2025-04-07 22:00:00.000,H15,LA MACHINE A VOYAGER DANS LE TEMPS,10,25929,22,0,15,7,4,2025
2025-04-07 23:00:00.000,H15,LA MACHINE A VOYAGER DANS LE TEMPS,10,25945,23,0,15,7,4,2025
2025-04-08 00:00:00.000,H15,LA MACHINE A VOYAGER DANS LE TEMPS,10,25961,0,0,15,8,4,2025
2025-04-08 01:00:00.000,H15,LA MACHINE A VOYAGER DANS LE TEMPS,10,25977,1,0,15,8,4,2025
2025-04-08 02:00:00.000,H15,LA MACHINE A VOYAGER DANS LE TEMPS,10,25993,2,0,15,8,4,2025
2025-04-08 03:00:00.000,H15,LA MACHINE A VOYAGER DANS LE TEMPS,10,26009,3,0,15,8,4,2025
2025-04-08 04:00:00.000,H15,LA MACHINE A VOYAGER DANS LE TEMPS,10,26025,4,0,15,8,4,2025
2025-04-08 05:00:00.000,H15,LA MACHINE A VOYAGER DANS LE TEMPS,10,26041,5,0,15,8,4,2025
2025-04-08 06:00:00.000,H15,LA MACHINE A VOYAGER DANS LE TEMPS,10,26057,6,0,15,8,4,2025
2025-04-08 07:00:00.000,H15,LA MACHINE A VOYAGER DANS LE TEMPS,10,26081,7,0,15,8,4,2025
2025-04-08 08:00:00.000,H15,LA MACHINE A VOYAGER DANS LE TEMPS,1,26105,8,0,15,8,4,2025
2025-04-08 09:00:00.000,H15,LA MACHINE A VOYAGER DANS LE TEMPS,67,26129,9,0,15,8,4,2025
2025-04-08 10:00:00.000,H15,LA MACHINE A VOYAGER DANS LE TEMPS,531,26153,10,0,15,8,4,2025
2025-04-08 11:00:00.000,H15,LA MACHINE A VOYAGER DANS LE TEMPS,607,26177,11,0,15,8,4,2025
2025-04-08 12:00:00.000,H15,LA MACHINE A VOYAGER DANS LE TEMPS,292,26201,12,0,15,8,4,2025
2025-04-08 13:00:00.000,H15,LA MACHINE A VOYAGER DANS LE TEMPS,172,26225,13,0,15,8,4,2025
2025-04-08 14:00:00.000,H15,LA MACHINE A VOYAGER DANS LE TEMPS,206,26249,14,0,15,8,4,2025
2025-04-08 15:00:00.000,H15,LA MACHINE A VOYAGER DANS LE TEMPS,130,26273,15,0,15,8,4,2025
2025-04-08 16:00:00.000,H15,LA MACHINE A VOYAGER DANS LE TEMPS,327,26297,16,0,15,8,4,2025
2025-04-08 17:00:00.000,H15,LA MACHINE A VOYAGER DANS LE TEMPS,112,26321,17,0,15,8,4,2025
2025-04-08 18:00:00.000,H15,LA MACHINE A VOYAGER DANS LE TEMPS,92,26345,18,0,15,8,4,2025
2025-04-08 19:00:00.000,H15,LA MACHINE A VOYAGER DANS LE TEMPS,53,26369,19,0,15,8,4,2025
2025-04-08 20:00:00.000,H15,LA MACHINE A VOYAGER DANS LE TEMPS,38,26393,20,0,15,8,4,2025
2025-04-08 21:00:00.000,H15,LA MACHINE A VOYAGER DANS LE TEMPS,18,26417,21,0,15,8,4,2025
2025-04-08 22:00:00.000,H15,LA MACHINE A VOYAGER DANS LE TEMPS,0,26433,22,0,15,8,4,2025
2025-04-08 23:00:00.000,H15,LA MACHINE A VOYAGER DANS LE TEMPS,0,26449,23,0,15,8,4,2025
2025-04-09 00:00:00.000,H15,LA MACHINE A VOYAGER DANS LE TEMPS,0,26465,0,0,15,9,4,2025
2025-04-09 01:00:00.000,H15,LA MACHINE A VOYAGER DANS LE TEMPS,0,26481,1,0,15,9,4,2025
2025-04-09 02:00:00.000,H15,LA MACHINE A VOYAGER DANS LE TEMPS,0,26497,2,0,15,9,4,2025
2025-04-09 03:00:00.000,H15,LA MACHINE A VOYAGER DANS LE TEMPS,0,26513,3,0,15,9,4,2025
2025-04-09 04:00:00.000,H15,LA MACHINE A VOYAGER DANS LE TEMPS,0,26529,4,0,15,9,4,2025
2025-04-09 05:00:00.000,H15,LA MACHINE A VOYAGER DANS LE TEMPS,0,26545,5,0,15,9,4,2025
2025-04-09 06:00:00.000,H15,LA MACHINE A VOYAGER DANS LE TEMPS,0,26561,6,0,15,9,4,2025
2025-04-09 07:00:00.000,H15,LA MACHINE A VOYAGER DANS LE TEMPS,0,26585,7,0,15,9,4,2025
2025-04-09 08:00:00.000,H15,LA MACHINE A VOYAGER DANS LE TEMPS,0,26609,8,0,15,9,4,2025
2025-04-09 09:00:00.000,H15,LA MACHINE A VOYAGER DANS LE TEMPS,32,26633,9,0,15,9,4,2025
2025-04-09 10:00:00.000,H15,LA MACHINE A VOYAGER DANS LE TEMPS,219,26657,10,0,15,9,4,2025
2025-04-09 11:00:00.000,H15,LA MACHINE A VOYAGER DANS LE TEMPS,348,26681,11,0,15,9,4,2025
2025-04-09 12:00:00.000,H15,LA MACHINE A VOYAGER DANS LE TEMPS,272,26705,12,0,15,9,4,2025
2025-04-09 13:00:00.000,H15,LA MACHINE A VOYAGER DANS LE TEMPS,185,26729,13,0,15,9,4,2025
2025-04-09 14:00:00.000,H15,LA MACHINE A VOYAGER DANS LE TEMPS,113,26753,14,0,15,9,4,2025
2025-04-09 15:00:00.000,H15,LA MACHINE A VOYAGER DANS LE TEMPS,102,26777,15,0,15,9,4,2025
2025-04-09 16:00:00.000,H15,LA MACHINE A VOYAGER DANS LE TEMPS,88,26801,16,0,15,9,4,2025
2025-04-09 17:00:00.000,H15,LA MACHINE A VOYAGER DANS LE TEMPS,51,26825,17,0,15,9,4,2025
2025-04-09 18:00:00.000,H15,LA MACHINE A VOYAGER DANS LE TEMPS,39,26849,18,0,15,9,4,2025
2025-04-09 19:00:00.000,H15,LA MACHINE A VOYAGER DANS LE TEMPS,26,26873,19,0,15,9,4,2025
2025-04-09 20:00:00.000,H15,LA MACHINE A VOYAGER DANS LE TEMPS,23,26897,20,0,15,9,4,2025
2025-04-09 21:00:00.000,H15,LA MACHINE A VOYAGER DANS LE TEMPS,48,26921,21,0,15,9,4,2025
2025-04-09 22:00:00.000,H15,LA MACHINE A VOYAGER DANS LE TEMPS,51,26937,22,0,15,9,4,2025
2025-04-09 23:00:00.000,H15,LA MACHINE A VOYAGER DANS LE TEMPS,51,26953,23,0,15,9,4,2025
2025-04-10 00:00:00.000,H15,LA MACHINE A VOYAGER DANS LE TEMPS,51,26969,0,0,15,10,4,2025
2025-04-10 01:00:00.000,H15,LA MACHINE A VOYAGER DANS LE TEMPS,51,26985,1,0,15,10,4,2025
2025-04-10 02:00:00.000,H15,LA MACHINE A VOYAGER DANS LE TEMPS,51,27001,2,0,15,10,4,2025
2025-04-10 03:00:00.000,H15,LA MACHINE A VOYAGER DANS LE TEMPS,51,27017,3,0,15,10,4,2025
2025-04-10 04:00:00.000,H15,LA MACHINE A VOYAGER DANS LE TEMPS,51,27033,4,0,15,10,4,2025
2025-04-10 05:00:00.000,H15,LA MACHINE A VOYAGER DANS LE TEMPS,51,27049,5,0,15,10,4,2025
2025-04-10 06:00:00.000,H15,LA MACHINE A VOYAGER DANS LE TEMPS,51,27065,6,0,15,10,4,2025
2025-04-10 07:00:00.000,H15,LA MACHINE A VOYAGER DANS LE TEMPS,51,27089,7,0,15,10,4,2025
2025-04-10 08:00:00.000,H15,LA MACHINE A VOYAGER DANS LE TEMPS,51,27113,8,0,15,10,4,2025
2025-04-10 09:00:00.000,H15,LA MACHINE A VOYAGER DANS LE TEMPS,99,27137,9,0,15,10,4,2025
2025-04-10 10:00:00.000,H15,LA MACHINE A VOYAGER DANS LE TEMPS,272,27161,10,0,15,10,4,2025
2025-04-10 11:00:00.000,H15,LA MACHINE A VOYAGER DANS LE TEMPS,344,27185,11,0,15,10,4,2025
2025-04-10 12:00:00.000,H15,LA MACHINE A VOYAGER DANS LE TEMPS,168,27209,12,0,15,10,4,2025
2025-04-10 13:00:00.000,H15,LA MACHINE A VOYAGER DANS LE TEMPS,145,27233,13,0,15,10,4,2025
2025-04-10 14:00:00.000,H15,LA MACHINE A VOYAGER DANS LE TEMPS,132,27257,14,0,15,10,4,2025
2025-04-10 15:00:00.000,H15,LA MACHINE A VOYAGER DANS LE TEMPS,259,27281,15,0,15,10,4,2025
2025-04-10 16:00:00.000,H15,LA MACHINE A VOYAGER DANS LE TEMPS,174,27305,16,0,15,10,4,2025
2025-04-10 17:00:00.000,H15,LA MACHINE A VOYAGER DANS LE TEMPS,58,27329,17,0,15,10,4,2025
2025-04-10 18:00:00.000,H15,LA MACHINE A VOYAGER DANS LE TEMPS,29,27353,18,0,15,10,4,2025
2025-04-10 19:00:00.000,H15,LA MACHINE A VOYAGER DANS LE TEMPS,51,27377,19,0,15,10,4,2025
2025-04-10 20:00:00.000,H15,LA MACHINE A VOYAGER DANS LE TEMPS,9,27401,20,0,15,10,4,2025
2025-04-10 21:00:00.000,H15,LA MACHINE A VOYAGER DANS LE TEMPS,7,27425,21,0,15,10,4,2025
2025-04-10 22:00:00.000,H15,LA MACHINE A VOYAGER DANS LE TEMPS,0,27441,22,0,15,10,4,2025
2025-04-10 23:00:00.000,H15,LA MACHINE A VOYAGER DANS LE TEMPS,0,27457,23,0,15,10,4,2025
2025-04-11 00:00:00.000,H15,LA MACHINE A VOYAGER DANS LE TEMPS,0,27473,0,0,15,11,4,2025
2025-04-11 01:00:00.000,H15,LA MACHINE A VOYAGER DANS LE TEMPS,0,27489,1,0,15,11,4,2025
2025-04-11 02:00:00.000,H15,LA MACHINE A VOYAGER DANS LE TEMPS,0,27505,2,0,15,11,4,2025
2025-04-11 03:00:00.000,H15,LA MACHINE A VOYAGER DANS LE TEMPS,0,27521,3,0,15,11,4,2025
2025-04-11 04:00:00.000,H15,LA MACHINE A VOYAGER DANS LE TEMPS,0,27537,4,0,15,11,4,2025
2025-04-11 05:00:00.000,H15,LA MACHINE A VOYAGER DANS LE TEMPS,0,27553,5,0,15,11,4,2025
2025-04-11 06:00:00.000,H15,LA MACHINE A VOYAGER DANS LE TEMPS,0,27569,6,0,15,11,4,2025
2025-04-11 07:00:00.000,H15,LA MACHINE A VOYAGER DANS LE TEMPS,0,27593,7,0,15,11,4,2025
2025-04-11 08:00:00.000,H15,LA MACHINE A VOYAGER DANS LE TEMPS,0,27617,8,0,15,11,4,2025
2025-04-11 09:00:00.000,H15,LA MACHINE A VOYAGER DANS LE TEMPS,28,27641,9,0,15,11,4,2025
2025-04-11 10:00:00.000,H15,LA MACHINE A VOYAGER DANS LE TEMPS,214,27665,10,0,15,11,4,2025
2025-04-11 11:00:00.000,H15,LA MACHINE A VOYAGER DANS LE TEMPS,288,27689,11,0,15,11,4,2025
2025-04-11 12:00:00.000,H15,LA MACHINE A VOYAGER DANS LE TEMPS,97,27713,12,0,15,11,4,2025
2025-04-11 13:00:00.000,H15,LA MACHINE A VOYAGER DANS LE TEMPS,35,27737,13,0,15,11,4,2025
2025-04-11 14:00:00.000,H15,LA MACHINE A VOYAGER DANS LE TEMPS,56,27761,14,0,15,11,4,2025
2025-04-11 15:00:00.000,H15,LA MACHINE A VOYAGER DANS LE TEMPS,45,27785,15,0,15,11,4,2025
2025-04-11 16:00:00.000,H15,LA MACHINE A VOYAGER DANS LE TEMPS,29,27809,16,0,15,11,4,2025
2025-04-11 17:00:00.000,H15,LA MACHINE A VOYAGER DANS LE TEMPS,47,27833,17,0,15,11,4,2025
2025-04-11 18:00:00.000,H15,LA MACHINE A VOYAGER DANS LE TEMPS,124,27857,18,0,15,11,4,2025
2025-04-11 19:00:00.000,H15,LA MACHINE A VOYAGER DANS LE TEMPS,26,27881,19,0,15,11,4,2025
2025-04-11 20:00:00.000,H15,LA MACHINE A VOYAGER DANS LE TEMPS,22,27905,20,0,15,11,4,2025
2025-04-11 21:00:00.000,H15,LA MACHINE A VOYAGER DANS LE TEMPS,2,27929,21,0,15,11,4,2025
2025-04-11 22:00:00.000,H15,LA MACHINE A VOYAGER DANS LE TEMPS,0,27945,22,0,15,11,4,2025
2025-04-11 23:00:00.000,H15,LA MACHINE A VOYAGER DANS LE TEMPS,0,27961,23,0,15,11,4,2025
2025-04-12 00:00:00.000,H15,LA MACHINE A VOYAGER DANS LE TEMPS,0,27977,0,0,15,12,4,2025
2025-04-12 01:00:00.000,H15,LA MACHINE A VOYAGER DANS LE TEMPS,0,27993,1,0,15,12,4,2025
2025-04-12 02:00:00.000,H15,LA MACHINE A VOYAGER DANS LE TEMPS,0,28009,2,0,15,12,4,2025
2025-04-12 03:00:00.000,H15,LA MACHINE A VOYAGER DANS LE TEMPS,0,28025,3,0,15,12,4,2025
2025-04-12 04:00:00.000,H15,LA MACHINE A VOYAGER DANS LE TEMPS,0,28041,4,0,15,12,4,2025
2025-04-12 05:00:00.000,H15,LA MACHINE A VOYAGER DANS LE TEMPS,0,28057,5,0,15,12,4,2025
2025-04-12 06:00:00.000,H15,LA MACHINE A VOYAGER DANS LE TEMPS,0,28073,6,0,15,12,4,2025
2025-04-12 07:00:00.000,H15,LA MACHINE A VOYAGER DANS LE TEMPS,0,28097,7,0,15,12,4,2025
2025-04-12 08:00:00.000,H15,LA MACHINE A VOYAGER DANS LE TEMPS,0,28121,8,0,15,12,4,2025
2025-04-12 09:00:00.000,H15,LA MACHINE A VOYAGER DANS LE TEMPS,161,28145,9,0,15,12,4,2025
2025-04-12 10:00:00.000,H15,LA MACHINE A VOYAGER DANS LE TEMPS,733,28169,10,0,15,12,4,2025
2025-04-12 11:00:00.000,H15,LA MACHINE A VOYAGER DANS LE TEMPS,1027,28193,11,0,15,12,4,2025
2025-04-12 12:00:00.000,H15,LA MACHINE A VOYAGER DANS LE TEMPS,808,28217,12,0,15,12,4,2025
2025-04-12 13:00:00.000,H15,LA MACHINE A VOYAGER DANS LE TEMPS,481,28241,13,0,15,12,4,2025
2025-04-12 14:00:00.000,H15,LA MACHINE A VOYAGER DANS LE TEMPS,564,28265,14,0,15,12,4,2025
2025-04-12 15:00:00.000,H15,LA MACHINE A VOYAGER DANS LE TEMPS,668,28289,15,0,15,12,4,2025
2025-04-12 16:00:00.000,H15,LA MACHINE A VOYAGER DANS LE TEMPS,527,28313,16,0,15,12,4,2025
2025-04-12 17:00:00.000,H15,LA MACHINE A VOYAGER DANS LE TEMPS,466,28337,17,0,15,12,4,2025
2025-04-12 18:00:00.000,H15,LA MACHINE A VOYAGER DANS LE TEMPS,271,28361,18,0,15,12,4,2025
2025-04-12 19:00:00.000,H15,LA MACHINE A VOYAGER DANS LE TEMPS,40,28385,19,0,15,12,4,2025
2025-04-12 20:00:00.000,H15,LA MACHINE A VOYAGER DANS LE TEMPS,24,28409,20,0,15,12,4,2025
2025-04-12 21:00:00.000,H15,LA MACHINE A VOYAGER DANS LE TEMPS,12,28433,21,0,15,12,4,2025
2025-04-12 22:00:00.000,H15,LA MACHINE A VOYAGER DANS LE TEMPS,0,28449,22,0,15,12,4,2025
2025-04-12 23:00:00.000,H15,LA MACHINE A VOYAGER DANS LE TEMPS,0,28465,23,0,15,12,4,2025
2025-04-13 00:00:00.000,H15,LA MACHINE A VOYAGER DANS LE TEMPS,0,28481,0,0,16,13,4,2025
2025-04-13 01:00:00.000,H15,LA MACHINE A VOYAGER DANS LE TEMPS,0,28497,1,0,16,13,4,2025
2025-04-13 02:00:00.000,H15,LA MACHINE A VOYAGER DANS LE TEMPS,0,28513,2,0,16,13,4,2025
2025-04-13 03:00:00.000,H15,LA MACHINE A VOYAGER DANS LE TEMPS,0,28529,3,0,16,13,4,2025
2025-04-13 04:00:00.000,H15,LA MACHINE A VOYAGER DANS LE TEMPS,0,28545,4,0,16,13,4,2025
2025-04-13 05:00:00.000,H15,LA MACHINE A VOYAGER DANS LE TEMPS,0,28561,5,0,16,13,4,2025
2025-04-13 06:00:00.000,H15,LA MACHINE A VOYAGER DANS LE TEMPS,0,28577,6,0,16,13,4,2025
2025-04-13 07:00:00.000,H15,LA MACHINE A VOYAGER DANS LE TEMPS,0,28601,7,0,16,13,4,2025
2025-04-13 08:00:00.000,H15,LA MACHINE A VOYAGER DANS LE TEMPS,0,28625,8,0,16,13,4,2025
2025-04-13 09:00:00.000,H15,LA MACHINE A VOYAGER DANS LE TEMPS,44,28649,9,0,16,13,4,2025
2025-04-13 10:00:00.000,H15,LA MACHINE A VOYAGER DANS LE TEMPS,444,28673,10,0,16,13,4,2025
2025-04-13 11:00:00.000,H15,LA MACHINE A VOYAGER DANS LE TEMPS,680,28697,11,0,16,13,4,2025
2025-04-13 12:00:00.000,H15,LA MACHINE A VOYAGER DANS LE TEMPS,836,28721,12,0,16,13,4,2025
2025-04-13 13:00:00.000,H15,LA MACHINE A VOYAGER DANS LE TEMPS,303,28745,13,0,16,13,4,2025
2025-04-13 14:00:00.000,H15,LA MACHINE A VOYAGER DANS LE TEMPS,380,28769,14,0,16,13,4,2025
2025-04-13 15:00:00.000,H15,LA MACHINE A VOYAGER DANS LE TEMPS,328,28793,15,0,16,13,4,2025
2025-04-13 16:00:00.000,H15,LA MACHINE A VOYAGER DANS LE TEMPS,322,28817,16,0,16,13,4,2025
2025-04-13 17:00:00.000,H15,LA MACHINE A VOYAGER DANS LE TEMPS,248,28841,17,0,16,13,4,2025
2025-04-13 18:00:00.000,H15,LA MACHINE A VOYAGER DANS LE TEMPS,388,28865,18,0,16,13,4,2025
2025-04-13 19:00:00.000,H15,LA MACHINE A VOYAGER DANS LE TEMPS,15,28889,19,0,16,13,4,2025
2025-04-13 20:00:00.000,H15,LA MACHINE A VOYAGER DANS LE TEMPS,21,28913,20,0,16,13,4,2025
2025-04-13 21:00:00.000,H15,LA MACHINE A VOYAGER DANS LE TEMPS,9,28937,21,0,16,13,4,2025
2025-04-13 22:00:00.000,H15,LA MACHINE A VOYAGER DANS LE TEMPS,0,28961,22,0,16,13,4,2025
2025-04-13 23:00:00.000,H15,LA MACHINE A VOYAGER DANS LE TEMPS,0,28977,23,0,16,13,4,2025
2025-04-14 00:00:00.000,H15,LA MACHINE A VOYAGER DANS LE TEMPS,0,28993,0,0,16,14,4,2025
2025-04-14 01:00:00.000,H15,LA MACHINE A VOYAGER DANS LE TEMPS,0,29009,1,0,16,14,4,2025
2025-04-14 02:00:00.000,H15,LA MACHINE A VOYAGER DANS LE TEMPS,0,29025,2,0,16,14,4,2025
2025-04-14 03:00:00.000,H15,LA MACHINE A VOYAGER DANS LE TEMPS,0,29041,3,0,16,14,4,2025
2025-04-14 04:00:00.000,H15,LA MACHINE A VOYAGER DANS LE TEMPS,0,29057,4,0,16,14,4,2025
2025-04-14 05:00:00.000,H15,LA MACHINE A VOYAGER DANS LE TEMPS,0,29073,5,0,16,14,4,2025
2025-04-14 06:00:00.000,H15,LA MACHINE A VOYAGER DANS LE TEMPS,0,29089,6,0,16,14,4,2025
2025-04-14 07:00:00.000,H15,LA MACHINE A VOYAGER DANS LE TEMPS,0,29113,7,0,16,14,4,2025
2025-04-14 08:00:00.000,H15,LA MACHINE A VOYAGER DANS LE TEMPS,0,29137,8,0,16,14,4,2025
2025-04-14 09:00:00.000,H15,LA MACHINE A VOYAGER DANS LE TEMPS,414,29161,9,0,16,14,4,2025
2025-04-14 10:00:00.000,H15,LA MACHINE A VOYAGER DANS LE TEMPS,988,29185,10,0,16,14,4,2025
2025-04-14 11:00:00.000,H15,LA MACHINE A VOYAGER DANS LE TEMPS,927,29209,11,0,16,14,4,2025
2025-04-14 12:00:00.000,H15,LA MACHINE A VOYAGER DANS LE TEMPS,1018,29233,12,0,16,14,4,2025
2025-04-14 13:00:00.000,H15,LA MACHINE A VOYAGER DANS LE TEMPS,812,29257,13,0,16,14,4,2025
2025-04-14 14:00:00.000,H15,LA MACHINE A VOYAGER DANS LE TEMPS,749,29281,14,0,16,14,4,2025
2025-04-14 15:00:00.000,H15,LA MACHINE A VOYAGER DANS LE TEMPS,980,29305,15,0,16,14,4,2025
2025-04-14 16:00:00.000,H15,LA MACHINE A VOYAGER DANS LE TEMPS,868,29329,16,0,16,14,4,2025
2025-04-14 17:00:00.000,H15,LA MACHINE A VOYAGER DANS LE TEMPS,845,29353,17,0,16,14,4,2025
2025-04-14 18:00:00.000,H15,LA MACHINE A VOYAGER DANS LE TEMPS,671,29377,18,0,16,14,4,2025
2025-04-14 19:00:00.000,H15,LA MACHINE A VOYAGER DANS LE TEMPS,500,29401,19,0,16,14,4,2025
2025-04-14 20:00:00.000,H15,LA MACHINE A VOYAGER DANS LE TEMPS,171,29425,20,0,16,14,4,2025
2025-04-14 21:00:00.000,H15,LA MACHINE A VOYAGER DANS LE TEMPS,11,29449,21,0,16,14,4,2025
2025-04-14 22:00:00.000,H15,LA MACHINE A VOYAGER DANS LE TEMPS,0,29465,22,0,16,14,4,2025
2025-04-14 23:00:00.000,H15,LA MACHINE A VOYAGER DANS LE TEMPS,0,29481,23,0,16,14,4,2025
2025-04-15 00:00:00.000,H15,LA MACHINE A VOYAGER DANS LE TEMPS,0,29497,0,0,16,15,4,2025
2025-04-15 01:00:00.000,H15,LA MACHINE A VOYAGER DANS LE TEMPS,0,29513,1,0,16,15,4,2025
2025-04-15 02:00:00.000,H15,LA MACHINE A VOYAGER DANS LE TEMPS,0,29529,2,0,16,15,4,2025
2025-04-15 03:00:00.000,H15,LA MACHINE A VOYAGER DANS LE TEMPS,0,29545,3,0,16,15,4,2025
2025-04-15 04:00:00.000,H15,LA MACHINE A VOYAGER DANS LE TEMPS,0,29561,4,0,16,15,4,2025
2025-04-15 05:00:00.000,H15,LA MACHINE A VOYAGER DANS LE TEMPS,0,29577,5,0,16,15,4,2025
2025-04-15 06:00:00.000,H15,LA MACHINE A VOYAGER DANS LE TEMPS,0,29593,6,0,16,15,4,2025
2025-04-15 07:00:00.000,H15,LA MACHINE A VOYAGER DANS LE TEMPS,0,29617,7,0,16,15,4,2025
2025-04-15 08:00:00.000,H15,LA MACHINE A VOYAGER DANS LE TEMPS,0,29641,8,0,16,15,4,2025
2025-04-15 09:00:00.000,H15,LA MACHINE A VOYAGER DANS LE TEMPS,289,29665,9,0,16,15,4,2025
2025-04-15 10:00:00.000,H15,LA MACHINE A VOYAGER DANS LE TEMPS,909,29689,10,0,16,15,4,2025
2025-04-15 11:00:00.000,H15,LA MACHINE A VOYAGER DANS LE TEMPS,849,29713,11,0,16,15,4,2025
2025-04-15 12:00:00.000,H15,LA MACHINE A VOYAGER DANS LE TEMPS,840,29737,12,0,16,15,4,2025
2025-04-15 13:00:00.000,H15,LA MACHINE A VOYAGER DANS LE TEMPS,834,29761,13,0,16,15,4,2025
2025-04-15 14:00:00.000,H15,LA MACHINE A VOYAGER DANS LE TEMPS,885,29785,14,0,16,15,4,2025
2025-04-15 15:00:00.000,H15,LA MACHINE A VOYAGER DANS LE TEMPS,770,29809,15,0,16,15,4,2025
2025-04-15 16:00:00.000,H15,LA MACHINE A VOYAGER DANS LE TEMPS,872,29833,16,0,16,15,4,2025
2025-04-15 17:00:00.000,H15,LA MACHINE A VOYAGER DANS LE TEMPS,754,29857,17,0,16,15,4,2025
2025-04-15 18:00:00.000,H15,LA MACHINE A VOYAGER DANS LE TEMPS,651,29881,18,0,16,15,4,2025
2025-04-15 19:00:00.000,H15,LA MACHINE A VOYAGER DANS LE TEMPS,383,29905,19,0,16,15,4,2025
2025-04-15 20:00:00.000,H15,LA MACHINE A VOYAGER DANS LE TEMPS,208,29929,20,0,16,15,4,2025
2025-04-15 21:00:00.000,H15,LA MACHINE A VOYAGER DANS LE TEMPS,184,29953,21,0,16,15,4,2025
2025-04-15 22:00:00.000,H15,LA MACHINE A VOYAGER DANS LE TEMPS,0,29969,22,0,16,15,4,2025
2025-04-15 23:00:00.000,H15,LA MACHINE A VOYAGER DANS LE TEMPS,0,29985,23,0,16,15,4,2025
2025-04-16 00:00:00.000,H15,LA MACHINE A VOYAGER DANS LE TEMPS,0,30001,0,0,16,16,4,2025
2025-04-16 01:00:00.000,H15,LA MACHINE A VOYAGER DANS LE TEMPS,0,30017,1,0,16,16,4,2025
2025-04-16 02:00:00.000,H15,LA MACHINE A VOYAGER DANS LE TEMPS,0,30033,2,0,16,16,4,2025
2025-04-16 03:00:00.000,H15,LA MACHINE A VOYAGER DANS LE TEMPS,0,30049,3,0,16,16,4,2025
2025-04-16 04:00:00.000,H15,LA MACHINE A VOYAGER DANS LE TEMPS,0,30065,4,0,16,16,4,2025
2025-04-16 05:00:00.000,H15,LA MACHINE A VOYAGER DANS LE TEMPS,0,30081,5,0,16,16,4,2025
2025-04-16 06:00:00.000,H15,LA MACHINE A VOYAGER DANS LE TEMPS,0,30097,6,0,16,16,4,2025
2025-04-16 07:00:00.000,H15,LA MACHINE A VOYAGER DANS LE TEMPS,0,30121,7,0,16,16,4,2025
2025-04-16 08:00:00.000,H15,LA MACHINE A VOYAGER DANS LE TEMPS,0,30145,8,0,16,16,4,2025
2025-04-16 09:00:00.000,H15,LA MACHINE A VOYAGER DANS LE TEMPS,220,30169,9,0,16,16,4,2025
2025-04-16 10:00:00.000,H15,LA MACHINE A VOYAGER DANS LE TEMPS,729,30193,10,0,16,16,4,2025
2025-04-16 11:00:00.000,H15,LA MACHINE A VOYAGER DANS LE TEMPS,790,30217,11,0,16,16,4,2025
2025-04-16 12:00:00.000,H15,LA MACHINE A VOYAGER DANS LE TEMPS,664,30241,12,0,16,16,4,2025
2025-04-16 13:00:00.000,H15,LA MACHINE A VOYAGER DANS LE TEMPS,725,30265,13,0,16,16,4,2025
2025-04-16 14:00:00.000,H15,LA MACHINE A VOYAGER DANS LE TEMPS,770,30289,14,0,16,16,4,2025
2025-04-16 15:00:00.000,H15,LA MACHINE A VOYAGER DANS LE TEMPS,722,30313,15,0,16,16,4,2025
2025-04-16 16:00:00.000,H15,LA MACHINE A VOYAGER DANS LE TEMPS,593,30337,16,0,16,16,4,2025
2025-04-16 17:00:00.000,H15,LA MACHINE A VOYAGER DANS LE TEMPS,578,30361,17,0,16,16,4,2025
2025-04-16 18:00:00.000,H15,LA MACHINE A VOYAGER DANS LE TEMPS,453,30385,18,0,16,16,4,2025
2025-04-16 19:00:00.000,H15,LA MACHINE A VOYAGER DANS LE TEMPS,155,30409,19,0,16,16,4,2025
2025-04-16 20:00:00.000,H15,LA MACHINE A VOYAGER DANS LE TEMPS,37,30433,20,0,16,16,4,2025
2025-04-16 21:00:00.000,H15,LA MACHINE A VOYAGER DANS LE TEMPS,39,30457,21,0,16,16,4,2025
2025-04-16 22:00:00.000,H15,LA MACHINE A VOYAGER DANS LE TEMPS,0,30473,22,0,16,16,4,2025
2025-04-16 23:00:00.000,H15,LA MACHINE A VOYAGER DANS LE TEMPS,0,30489,23,0,16,16,4,2025
2025-04-17 00:00:00.000,H15,LA MACHINE A VOYAGER DANS LE TEMPS,0,30505,0,0,16,17,4,2025
2025-04-17 01:00:00.000,H15,LA MACHINE A VOYAGER DANS LE TEMPS,0,30521,1,0,16,17,4,2025
2025-04-17 02:00:00.000,H15,LA MACHINE A VOYAGER DANS LE TEMPS,0,30537,2,0,16,17,4,2025
2025-04-17 03:00:00.000,H15,LA MACHINE A VOYAGER DANS LE TEMPS,0,30553,3,0,16,17,4,2025
2025-04-17 04:00:00.000,H15,LA MACHINE A VOYAGER DANS LE TEMPS,0,30569,4,0,16,17,4,2025
2025-04-17 05:00:00.000,H15,LA MACHINE A VOYAGER DANS LE TEMPS,0,30585,5,0,16,17,4,2025
2025-04-17 06:00:00.000,H15,LA MACHINE A VOYAGER DANS LE TEMPS,0,30601,6,0,16,17,4,2025
2025-04-17 07:00:00.000,H15,LA MACHINE A VOYAGER DANS LE TEMPS,0,30625,7,0,16,17,4,2025
2025-04-17 08:00:00.000,H15,LA MACHINE A VOYAGER DANS LE TEMPS,0,30649,8,0,16,17,4,2025
2025-04-17 09:00:00.000,H15,LA MACHINE A VOYAGER DANS LE TEMPS,181,30673,9,0,16,17,4,2025
2025-04-17 10:00:00.000,H15,LA MACHINE A VOYAGER DANS LE TEMPS,816,30697,10,0,16,17,4,2025
2025-04-17 11:00:00.000,H15,LA MACHINE A VOYAGER DANS LE TEMPS,863,30721,11,0,16,17,4,2025
2025-04-17 12:00:00.000,H15,LA MACHINE A VOYAGER DANS LE TEMPS,729,30745,12,0,16,17,4,2025
2025-04-17 13:00:00.000,H15,LA MACHINE A VOYAGER DANS LE TEMPS,702,30769,13,0,16,17,4,2025
2025-04-17 14:00:00.000,H15,LA MACHINE A VOYAGER DANS LE TEMPS,720,30793,14,0,16,17,4,2025
2025-04-17 15:00:00.000,H15,LA MACHINE A VOYAGER DANS LE TEMPS,716,30817,15,0,16,17,4,2025
2025-04-17 16:00:00.000,H15,LA MACHINE A VOYAGER DANS LE TEMPS,768,30841,16,0,16,17,4,2025
2025-04-17 17:00:00.000,H15,LA MACHINE A VOYAGER DANS LE TEMPS,721,30865,17,0,16,17,4,2025
2025-04-17 18:00:00.000,H15,LA MACHINE A VOYAGER DANS LE TEMPS,690,30889,18,0,16,17,4,2025
2025-04-17 19:00:00.000,H15,LA MACHINE A VOYAGER DANS LE TEMPS,521,30913,19,0,16,17,4,2025
2025-04-17 20:00:00.000,H15,LA MACHINE A VOYAGER DANS LE TEMPS,135,30937,20,0,16,17,4,2025
2025-04-17 21:00:00.000,H15,LA MACHINE A VOYAGER DANS LE TEMPS,208,30961,21,0,16,17,4,2025
2025-04-17 22:00:00.000,H15,LA MACHINE A VOYAGER DANS LE TEMPS,225,30977,22,0,16,17,4,2025
2025-04-17 23:00:00.000,H15,LA MACHINE A VOYAGER DANS LE TEMPS,225,30993,23,0,16,17,4,2025
2025-04-18 00:00:00.000,H15,LA MACHINE A VOYAGER DANS LE TEMPS,225,31009,0,0,16,18,4,2025
2025-04-18 01:00:00.000,H15,LA MACHINE A VOYAGER DANS LE TEMPS,225,31025,1,0,16,18,4,2025
2025-04-18 02:00:00.000,H15,LA MACHINE A VOYAGER DANS LE TEMPS,225,31041,2,0,16,18,4,2025
2025-04-18 03:00:00.000,H15,LA MACHINE A VOYAGER DANS LE TEMPS,225,31057,3,0,16,18,4,2025
2025-04-18 04:00:00.000,H15,LA MACHINE A VOYAGER DANS LE TEMPS,225,31073,4,0,16,18,4,2025
2025-04-18 05:00:00.000,H15,LA MACHINE A VOYAGER DANS LE TEMPS,225,31089,5,0,16,18,4,2025
2025-04-18 06:00:00.000,H15,LA MACHINE A VOYAGER DANS LE TEMPS,225,31105,6,0,16,18,4,2025
2025-04-18 07:00:00.000,H15,LA MACHINE A VOYAGER DANS LE TEMPS,225,31129,7,0,16,18,4,2025
2025-04-18 08:00:00.000,H15,LA MACHINE A VOYAGER DANS LE TEMPS,123,31153,8,0,16,18,4,2025
2025-04-18 09:00:00.000,H15,LA MACHINE A VOYAGER DANS LE TEMPS,125,31177,9,0,16,18,4,2025
2025-04-18 10:00:00.000,H15,LA MACHINE A VOYAGER DANS LE TEMPS,408,31201,10,0,16,18,4,2025
2025-04-18 11:00:00.000,H15,LA MACHINE A VOYAGER DANS LE TEMPS,612,31225,11,0,16,18,4,2025
2025-04-18 12:00:00.000,H15,LA MACHINE A VOYAGER DANS LE TEMPS,510,31249,12,0,16,18,4,2025
2025-04-18 13:00:00.000,H15,LA MACHINE A VOYAGER DANS LE TEMPS,394,31273,13,0,16,18,4,2025
2025-04-18 14:00:00.000,H15,LA MACHINE A VOYAGER DANS LE TEMPS,281,31297,14,0,16,18,4,2025
2025-04-18 15:00:00.000,H15,LA MACHINE A VOYAGER DANS LE TEMPS,252,31321,15,0,16,18,4,2025
2025-04-18 16:00:00.000,H15,LA MACHINE A VOYAGER DANS LE TEMPS,268,31345,16,0,16,18,4,2025
2025-04-18 17:00:00.000,H15,LA MACHINE A VOYAGER DANS LE TEMPS,323,31369,17,0,16,18,4,2025
2025-04-18 18:00:00.000,H15,LA MACHINE A VOYAGER DANS LE TEMPS,217,31393,18,0,16,18,4,2025
2025-04-18 19:00:00.000,H15,LA MACHINE A VOYAGER DANS LE TEMPS,56,31417,19,0,16,18,4,2025
2025-04-18 20:00:00.000,H15,LA MACHINE A VOYAGER DANS LE TEMPS,59,31441,20,0,16,18,4,2025
2025-04-18 21:00:00.000,H15,LA MACHINE A VOYAGER DANS LE TEMPS,9,31465,21,0,16,18,4,2025
2025-04-18 22:00:00.000,H15,LA MACHINE A VOYAGER DANS LE TEMPS,2,31481,22,0,16,18,4,2025
2025-04-18 23:00:00.000,H15,LA MACHINE A VOYAGER DANS LE TEMPS,2,31497,23,0,16,18,4,2025
2025-04-19 00:00:00.000,H15,LA MACHINE A VOYAGER DANS LE TEMPS,2,31513,0,0,16,19,4,2025
2025-04-19 01:00:00.000,H15,LA MACHINE A VOYAGER DANS LE TEMPS,2,31529,1,0,16,19,4,2025
2025-04-19 02:00:00.000,H15,LA MACHINE A VOYAGER DANS LE TEMPS,2,31545,2,0,16,19,4,2025
2025-04-19 03:00:00.000,H15,LA MACHINE A VOYAGER DANS LE TEMPS,2,31561,3,0,16,19,4,2025
2025-04-19 04:00:00.000,H15,LA MACHINE A VOYAGER DANS LE TEMPS,2,31577,4,0,16,19,4,2025
2025-04-19 05:00:00.000,H15,LA MACHINE A VOYAGER DANS LE TEMPS,2,31593,5,0,16,19,4,2025
2025-04-19 06:00:00.000,H15,LA MACHINE A VOYAGER DANS LE TEMPS,2,31609,6,0,16,19,4,2025
2025-04-19 07:00:00.000,H15,LA MACHINE A VOYAGER DANS LE TEMPS,2,31633,7,0,16,19,4,2025
2025-04-19 08:00:00.000,H15,LA MACHINE A VOYAGER DANS LE TEMPS,1,31657,8,0,16,19,4,2025
2025-04-19 09:00:00.000,H15,LA MACHINE A VOYAGER DANS LE TEMPS,90,31681,9,0,16,19,4,2025
2025-04-19 10:00:00.000,H15,LA MACHINE A VOYAGER DANS LE TEMPS,757,31705,10,0,16,19,4,2025
2025-04-19 11:00:00.000,H15,LA MACHINE A VOYAGER DANS LE TEMPS,978,31729,11,0,16,19,4,2025
2025-04-19 12:00:00.000,H15,LA MACHINE A VOYAGER DANS LE TEMPS,722,31753,12,0,16,19,4,2025
2025-04-19 13:00:00.000,H15,LA MACHINE A VOYAGER DANS LE TEMPS,715,31777,13,0,16,19,4,2025
2025-04-19 14:00:00.000,H15,LA MACHINE A VOYAGER DANS LE TEMPS,815,31801,14,0,16,19,4,2025
2025-04-19 15:00:00.000,H15,LA MACHINE A VOYAGER DANS LE TEMPS,745,31825,15,0,16,19,4,2025
2025-04-19 16:00:00.000,H15,LA MACHINE A VOYAGER DANS LE TEMPS,812,31849,16,0,16,19,4,2025
2025-04-19 17:00:00.000,H15,LA MACHINE A VOYAGER DANS LE TEMPS,881,31873,17,0,16,19,4,2025
2025-04-19 18:00:00.000,H15,LA MACHINE A VOYAGER DANS LE TEMPS,595,31897,18,0,16,19,4,2025
2025-04-19 19:00:00.000,H15,LA MACHINE A VOYAGER DANS LE TEMPS,487,31921,19,0,16,19,4,2025
2025-04-19 20:00:00.000,H15,LA MACHINE A VOYAGER DANS LE TEMPS,91,31945,20,0,16,19,4,2025
2025-04-19 21:00:00.000,H15,LA MACHINE A VOYAGER DANS LE TEMPS,11,31969,21,0,16,19,4,2025
2025-04-19 22:00:00.000,H15,LA MACHINE A VOYAGER DANS LE TEMPS,0,31985,22,0,16,19,4,2025
2025-04-19 23:00:00.000,H15,LA MACHINE A VOYAGER DANS LE TEMPS,0,32001,23,0,16,19,4,2025
2025-04-20 00:00:00.000,H15,LA MACHINE A VOYAGER DANS LE TEMPS,0,32017,0,0,17,20,4,2025
2025-04-20 01:00:00.000,H15,LA MACHINE A VOYAGER DANS LE TEMPS,0,32033,1,0,17,20,4,2025
2025-04-20 02:00:00.000,H15,LA MACHINE A VOYAGER DANS LE TEMPS,0,32049,2,0,17,20,4,2025
2025-04-20 03:00:00.000,H15,LA MACHINE A VOYAGER DANS LE TEMPS,0,32065,3,0,17,20,4,2025
2025-04-20 04:00:00.000,H15,LA MACHINE A VOYAGER DANS LE TEMPS,0,32081,4,0,17,20,4,2025
2025-04-20 05:00:00.000,H15,LA MACHINE A VOYAGER DANS LE TEMPS,0,32097,5,0,17,20,4,2025
2025-04-20 06:00:00.000,H15,LA MACHINE A VOYAGER DANS LE TEMPS,0,32113,6,0,17,20,4,2025
2025-04-20 07:00:00.000,H15,LA MACHINE A VOYAGER DANS LE TEMPS,0,32137,7,0,17,20,4,2025
2025-04-20 08:00:00.000,H15,LA MACHINE A VOYAGER DANS LE TEMPS,0,32161,8,0,17,20,4,2025
2025-04-20 09:00:00.000,H15,LA MACHINE A VOYAGER DANS LE TEMPS,151,32185,9,0,17,20,4,2025
2025-04-20 10:00:00.000,H15,LA MACHINE A VOYAGER DANS LE TEMPS,898,32209,10,0,17,20,4,2025
2025-04-20 11:00:00.000,H15,LA MACHINE A VOYAGER DANS LE TEMPS,975,32233,11,0,17,20,4,2025
2025-04-20 12:00:00.000,H15,LA MACHINE A VOYAGER DANS LE TEMPS,819,32257,12,0,17,20,4,2025
2025-04-20 13:00:00.000,H15,LA MACHINE A VOYAGER DANS LE TEMPS,668,32281,13,0,17,20,4,2025
2025-04-20 14:00:00.000,H15,LA MACHINE A VOYAGER DANS LE TEMPS,565,32305,14,0,17,20,4,2025
2025-04-20 15:00:00.000,H15,LA MACHINE A VOYAGER DANS LE TEMPS,784,32329,15,0,17,20,4,2025
2025-04-20 16:00:00.000,H15,LA MACHINE A VOYAGER DANS LE TEMPS,625,32353,16,0,17,20,4,2025
2025-04-20 17:00:00.000,H15,LA MACHINE A VOYAGER DANS LE TEMPS,560,32377,17,0,17,20,4,2025
2025-04-20 18:00:00.000,H15,LA MACHINE A VOYAGER DANS LE TEMPS,420,32401,18,0,17,20,4,2025
2025-04-20 19:00:00.000,H15,LA MACHINE A VOYAGER DANS LE TEMPS,201,32425,19,0,17,20,4,2025
2025-04-20 20:00:00.000,H15,LA MACHINE A VOYAGER DANS LE TEMPS,21,32449,20,0,17,20,4,2025
2025-04-20 21:00:00.000,H15,LA MACHINE A VOYAGER DANS LE TEMPS,15,32473,21,0,17,20,4,2025
2025-04-20 22:00:00.000,H15,LA MACHINE A VOYAGER DANS LE TEMPS,0,32489,22,0,17,20,4,2025
2025-04-20 23:00:00.000,H15,LA MACHINE A VOYAGER DANS LE TEMPS,0,32505,23,0,17,20,4,2025
2025-04-21 00:00:00.000,H15,LA MACHINE A VOYAGER DANS LE TEMPS,0,32521,0,0,17,21,4,2025
2025-04-21 01:00:00.000,H15,LA MACHINE A VOYAGER DANS LE TEMPS,0,32537,1,0,17,21,4,2025
2025-04-21 02:00:00.000,H15,LA MACHINE A VOYAGER DANS LE TEMPS,0,32553,2,0,17,21,4,2025
2025-04-21 03:00:00.000,H15,LA MACHINE A VOYAGER DANS LE TEMPS,0,32569,3,0,17,21,4,2025
2025-04-21 04:00:00.000,H15,LA MACHINE A VOYAGER DANS LE TEMPS,0,32585,4,0,17,21,4,2025
2025-04-21 05:00:00.000,H15,LA MACHINE A VOYAGER DANS LE TEMPS,0,32601,5,0,17,21,4,2025
2025-04-21 06:00:00.000,H15,LA MACHINE A VOYAGER DANS LE TEMPS,0,32617,6,0,17,21,4,2025
2025-04-21 07:00:00.000,H15,LA MACHINE A VOYAGER DANS LE TEMPS,0,32641,7,0,17,21,4,2025
2025-04-21 08:00:00.000,H15,LA MACHINE A VOYAGER DANS LE TEMPS,0,32665,8,0,17,21,4,2025
2025-04-21 09:00:00.000,H15,LA MACHINE A VOYAGER DANS LE TEMPS,79,32689,9,0,17,21,4,2025
2025-04-21 10:00:00.000,H15,LA MACHINE A VOYAGER DANS LE TEMPS,402,32713,10,0,17,21,4,2025
2025-04-21 11:00:00.000,H15,LA MACHINE A VOYAGER DANS LE TEMPS,360,32737,11,0,17,21,4,2025
2025-04-21 12:00:00.000,H15,LA MACHINE A VOYAGER DANS LE TEMPS,313,32761,12,0,17,21,4,2025
2025-04-21 13:00:00.000,H15,LA MACHINE A VOYAGER DANS LE TEMPS,202,32785,13,0,17,21,4,2025
2025-04-21 14:00:00.000,H15,LA MACHINE A VOYAGER DANS LE TEMPS,146,32809,14,0,17,21,4,2025
2025-04-21 15:00:00.000,H15,LA MACHINE A VOYAGER DANS LE TEMPS,135,32833,15,0,17,21,4,2025
2025-04-21 16:00:00.000,H15,LA MACHINE A VOYAGER DANS LE TEMPS,135,32857,16,0,17,21,4,2025
2025-04-21 17:00:00.000,H15,LA MACHINE A VOYAGER DANS LE TEMPS,114,32881,17,0,17,21,4,2025
2025-04-21 18:00:00.000,H15,LA MACHINE A VOYAGER DANS LE TEMPS,64,32905,18,0,17,21,4,2025
2025-04-21 19:00:00.000,H15,LA MACHINE A VOYAGER DANS LE TEMPS,25,32929,19,0,17,21,4,2025
2025-04-21 20:00:00.000,H15,LA MACHINE A VOYAGER DANS LE TEMPS,27,32953,20,0,17,21,4,2025
2025-04-21 21:00:00.000,H15,LA MACHINE A VOYAGER DANS LE TEMPS,51,32977,21,0,17,21,4,2025
2025-04-21 22:00:00.000,H15,LA MACHINE A VOYAGER DANS LE TEMPS,0,32993,22,0,17,21,4,2025
2025-04-21 23:00:00.000,H15,LA MACHINE A VOYAGER DANS LE TEMPS,0,33009,23,0,17,21,4,2025
2025-04-22 00:00:00.000,H15,LA MACHINE A VOYAGER DANS LE TEMPS,0,33025,0,0,17,22,4,2025
2025-04-22 01:00:00.000,H15,LA MACHINE A VOYAGER DANS LE TEMPS,0,33041,1,0,17,22,4,2025
2025-04-22 02:00:00.000,H15,LA MACHINE A VOYAGER DANS LE TEMPS,0,33057,2,0,17,22,4,2025
2025-04-22 03:00:00.000,H15,LA MACHINE A VOYAGER DANS LE TEMPS,0,33073,3,0,17,22,4,2025
2025-04-22 04:00:00.000,H15,LA MACHINE A VOYAGER DANS LE TEMPS,0,33089,4,0,17,22,4,2025
2025-04-22 05:00:00.000,H15,LA MACHINE A VOYAGER DANS LE TEMPS,0,33105,5,0,17,22,4,2025
2025-04-22 06:00:00.000,H15,LA MACHINE A VOYAGER DANS LE TEMPS,0,33121,6,0,17,22,4,2025
2025-04-22 07:00:00.000,H15,LA MACHINE A VOYAGER DANS LE TEMPS,0,33145,7,0,17,22,4,2025
2025-04-22 08:00:00.000,H15,LA MACHINE A VOYAGER DANS LE TEMPS,0,33169,8,0,17,22,4,2025
2025-04-22 09:00:00.000,H15,LA MACHINE A VOYAGER DANS LE TEMPS,131,33193,9,0,17,22,4,2025
2025-04-22 10:00:00.000,H15,LA MACHINE A VOYAGER DANS LE TEMPS,595,33217,10,0,17,22,4,2025
2025-04-22 11:00:00.000,H15,LA MACHINE A VOYAGER DANS LE TEMPS,718,33241,11,0,17,22,4,2025
2025-04-22 12:00:00.000,H15,LA MACHINE A VOYAGER DANS LE TEMPS,589,33265,12,0,17,22,4,2025
2025-04-22 13:00:00.000,H15,LA MACHINE A VOYAGER DANS LE TEMPS,555,33289,13,0,17,22,4,2025
2025-04-22 14:00:00.000,H15,LA MACHINE A VOYAGER DANS LE TEMPS,467,33313,14,0,17,22,4,2025
2025-04-22 15:00:00.000,H15,LA MACHINE A VOYAGER DANS LE TEMPS,556,33337,15,0,17,22,4,2025
2025-04-22 16:00:00.000,H15,LA MACHINE A VOYAGER DANS LE TEMPS,561,33361,16,0,17,22,4,2025
2025-04-22 17:00:00.000,H15,LA MACHINE A VOYAGER DANS LE TEMPS,410,33385,17,0,17,22,4,2025
2025-04-22 18:00:00.000,H15,LA MACHINE A VOYAGER DANS LE TEMPS,378,33409,18,0,17,22,4,2025
2025-04-22 19:00:00.000,H15,LA MACHINE A VOYAGER DANS LE TEMPS,183,33433,19,0,17,22,4,2025
2025-04-22 20:00:00.000,H15,LA MACHINE A VOYAGER DANS LE TEMPS,55,33457,20,0,17,22,4,2025
2025-04-22 21:00:00.000,H15,LA MACHINE A VOYAGER DANS LE TEMPS,10,33481,21,0,17,22,4,2025
2025-04-22 22:00:00.000,H15,LA MACHINE A VOYAGER DANS LE TEMPS,0,33497,22,0,17,22,4,2025
2025-04-22 23:00:00.000,H15,LA MACHINE A VOYAGER DANS LE TEMPS,0,33513,23,0,17,22,4,2025
2025-04-23 00:00:00.000,H15,LA MACHINE A VOYAGER DANS LE TEMPS,0,33529,0,0,17,23,4,2025
2025-04-23 01:00:00.000,H15,LA MACHINE A VOYAGER DANS LE TEMPS,0,33545,1,0,17,23,4,2025
2025-04-23 02:00:00.000,H15,LA MACHINE A VOYAGER DANS LE TEMPS,0,33561,2,0,17,23,4,2025
2025-04-23 03:00:00.000,H15,LA MACHINE A VOYAGER DANS LE TEMPS,0,33577,3,0,17,23,4,2025
2025-04-23 04:00:00.000,H15,LA MACHINE A VOYAGER DANS LE TEMPS,0,33593,4,0,17,23,4,2025
2025-04-23 05:00:00.000,H15,LA MACHINE A VOYAGER DANS LE TEMPS,0,33609,5,0,17,23,4,2025
2025-04-23 06:00:00.000,H15,LA MACHINE A VOYAGER DANS LE TEMPS,0,33625,6,0,17,23,4,2025
2025-04-23 07:00:00.000,H15,LA MACHINE A VOYAGER DANS LE TEMPS,0,33649,7,0,17,23,4,2025
2025-04-23 08:00:00.000,H15,LA MACHINE A VOYAGER DANS LE TEMPS,0,33673,8,0,17,23,4,2025
2025-04-23 09:00:00.000,H15,LA MACHINE A VOYAGER DANS LE TEMPS,100,33697,9,0,17,23,4,2025
2025-04-23 10:00:00.000,H15,LA MACHINE A VOYAGER DANS LE TEMPS,862,33721,10,0,17,23,4,2025
2025-04-23 11:00:00.000,H15,LA MACHINE A VOYAGER DANS LE TEMPS,855,33745,11,0,17,23,4,2025
2025-04-23 12:00:00.000,H15,LA MACHINE A VOYAGER DANS LE TEMPS,647,33769,12,0,17,23,4,2025
2025-04-23 13:00:00.000,H15,LA MACHINE A VOYAGER DANS LE TEMPS,631,33793,13,0,17,23,4,2025
2025-04-23 14:00:00.000,H15,LA MACHINE A VOYAGER DANS LE TEMPS,696,33817,14,0,17,23,4,2025
2025-04-23 15:00:00.000,H15,LA MACHINE A VOYAGER DANS LE TEMPS,566,33841,15,0,17,23,4,2025
2025-04-23 16:00:00.000,H15,LA MACHINE A VOYAGER DANS LE TEMPS,422,33865,16,0,17,23,4,2025
2025-04-23 17:00:00.000,H15,LA MACHINE A VOYAGER DANS LE TEMPS,336,33889,17,0,17,23,4,2025
2025-04-23 18:00:00.000,H15,LA MACHINE A VOYAGER DANS LE TEMPS,320,33913,18,0,17,23,4,2025
2025-04-23 19:00:00.000,H15,LA MACHINE A VOYAGER DANS LE TEMPS,98,33937,19,0,17,23,4,2025
2025-04-23 20:00:00.000,H15,LA MACHINE A VOYAGER DANS LE TEMPS,65,33961,20,0,17,23,4,2025
2025-04-23 21:00:00.000,H15,LA MACHINE A VOYAGER DANS LE TEMPS,15,33985,21,0,17,23,4,2025
2025-04-23 22:00:00.000,H15,LA MACHINE A VOYAGER DANS LE TEMPS,0,34001,22,0,17,23,4,2025
2025-04-23 23:00:00.000,H15,LA MACHINE A VOYAGER DANS LE TEMPS,0,34017,23,0,17,23,4,2025
2025-04-24 00:00:00.000,H15,LA MACHINE A VOYAGER DANS LE TEMPS,0,34033,0,0,17,24,4,2025
2025-04-24 01:00:00.000,H15,LA MACHINE A VOYAGER DANS LE TEMPS,0,34049,1,0,17,24,4,2025
2025-04-24 02:00:00.000,H15,LA MACHINE A VOYAGER DANS LE TEMPS,0,34065,2,0,17,24,4,2025
2025-04-24 03:00:00.000,H15,LA MACHINE A VOYAGER DANS LE TEMPS,0,34081,3,0,17,24,4,2025
2025-04-24 04:00:00.000,H15,LA MACHINE A VOYAGER DANS LE TEMPS,0,34097,4,0,17,24,4,2025
2025-04-24 05:00:00.000,H15,LA MACHINE A VOYAGER DANS LE TEMPS,0,34113,5,0,17,24,4,2025
2025-04-24 06:00:00.000,H15,LA MACHINE A VOYAGER DANS LE TEMPS,0,34129,6,0,17,24,4,2025
2025-04-24 07:00:00.000,H15,LA MACHINE A VOYAGER DANS LE TEMPS,0,34153,7,0,17,24,4,2025
2025-04-24 08:00:00.000,H15,LA MACHINE A VOYAGER DANS LE TEMPS,0,34177,8,0,17,24,4,2025
2025-04-24 09:00:00.000,H15,LA MACHINE A VOYAGER DANS LE TEMPS,108,34201,9,0,17,24,4,2025
2025-04-24 10:00:00.000,H15,LA MACHINE A VOYAGER DANS LE TEMPS,592,34225,10,0,17,24,4,2025
2025-04-24 11:00:00.000,H15,LA MACHINE A VOYAGER DANS LE TEMPS,639,34249,11,0,17,24,4,2025
2025-04-24 12:00:00.000,H15,LA MACHINE A VOYAGER DANS LE TEMPS,543,34273,12,0,17,24,4,2025
2025-04-24 13:00:00.000,H15,LA MACHINE A VOYAGER DANS LE TEMPS,467,34297,13,0,17,24,4,2025
2025-04-24 14:00:00.000,H15,LA MACHINE A VOYAGER DANS LE TEMPS,484,34321,14,0,17,24,4,2025
2025-04-24 15:00:00.000,H15,LA MACHINE A VOYAGER DANS LE TEMPS,573,34345,15,0,17,24,4,2025
2025-04-24 16:00:00.000,H15,LA MACHINE A VOYAGER DANS LE TEMPS,381,34369,16,0,17,24,4,2025
2025-04-24 17:00:00.000,H15,LA MACHINE A VOYAGER DANS LE TEMPS,401,34393,17,0,17,24,4,2025
2025-04-24 18:00:00.000,H15,LA MACHINE A VOYAGER DANS LE TEMPS,207,34417,18,0,17,24,4,2025
2025-04-24 19:00:00.000,H15,LA MACHINE A VOYAGER DANS LE TEMPS,126,34441,19,0,17,24,4,2025
2025-04-24 20:00:00.000,H15,LA MACHINE A VOYAGER DANS LE TEMPS,78,34465,20,0,17,24,4,2025
2025-04-24 21:00:00.000,H15,LA MACHINE A VOYAGER DANS LE TEMPS,19,34489,21,0,17,24,4,2025
2025-04-24 22:00:00.000,H15,LA MACHINE A VOYAGER DANS LE TEMPS,0,34505,22,0,17,24,4,2025
2025-04-24 23:00:00.000,H15,LA MACHINE A VOYAGER DANS LE TEMPS,0,34521,23,0,17,24,4,2025
2025-04-25 00:00:00.000,H15,LA MACHINE A VOYAGER DANS LE TEMPS,0,34537,0,0,17,25,4,2025
2025-04-25 01:00:00.000,H15,LA MACHINE A VOYAGER DANS LE TEMPS,0,34553,1,0,17,25,4,2025
2025-04-25 02:00:00.000,H15,LA MACHINE A VOYAGER DANS LE TEMPS,0,34569,2,0,17,25,4,2025
2025-04-25 03:00:00.000,H15,LA MACHINE A VOYAGER DANS LE TEMPS,0,34585,3,0,17,25,4,2025
2025-04-25 04:00:00.000,H15,LA MACHINE A VOYAGER DANS LE TEMPS,0,34601,4,0,17,25,4,2025
2025-04-25 05:00:00.000,H15,LA MACHINE A VOYAGER DANS LE TEMPS,0,34617,5,0,17,25,4,2025
2025-04-25 06:00:00.000,H15,LA MACHINE A VOYAGER DANS LE TEMPS,0,34633,6,0,17,25,4,2025
2025-04-25 07:00:00.000,H15,LA MACHINE A VOYAGER DANS LE TEMPS,0,34657,7,0,17,25,4,2025
2025-04-25 08:00:00.000,H15,LA MACHINE A VOYAGER DANS LE TEMPS,0,34681,8,0,17,25,4,2025
2025-04-25 09:00:00.000,H15,LA MACHINE A VOYAGER DANS LE TEMPS,46,34705,9,0,17,25,4,2025
2025-04-25 10:00:00.000,H15,LA MACHINE A VOYAGER DANS LE TEMPS,253,34729,10,0,17,25,4,2025
2025-04-25 11:00:00.000,H15,LA MACHINE A VOYAGER DANS LE TEMPS,443,34753,11,0,17,25,4,2025
2025-04-25 12:00:00.000,H15,LA MACHINE A VOYAGER DANS LE TEMPS,499,34777,12,0,17,25,4,2025
2025-04-25 13:00:00.000,H15,LA MACHINE A VOYAGER DANS LE TEMPS,186,34801,13,0,17,25,4,2025
2025-04-25 14:00:00.000,H15,LA MACHINE A VOYAGER DANS LE TEMPS,192,34825,14,0,17,25,4,2025
2025-04-25 15:00:00.000,H15,LA MACHINE A VOYAGER DANS LE TEMPS,215,34849,15,0,17,25,4,2025
2025-04-25 16:00:00.000,H15,LA MACHINE A VOYAGER DANS LE TEMPS,175,34873,16,0,17,25,4,2025
2025-04-25 17:00:00.000,H15,LA MACHINE A VOYAGER DANS LE TEMPS,98,34897,17,0,17,25,4,2025
2025-04-25 18:00:00.000,H15,LA MACHINE A VOYAGER DANS LE TEMPS,26,34921,18,0,17,25,4,2025
2025-04-25 19:00:00.000,H15,LA MACHINE A VOYAGER DANS LE TEMPS,12,34945,19,0,17,25,4,2025
2025-04-25 20:00:00.000,H15,LA MACHINE A VOYAGER DANS LE TEMPS,20,34969,20,0,17,25,4,2025
2025-04-25 21:00:00.000,H15,LA MACHINE A VOYAGER DANS LE TEMPS,12,34993,21,0,17,25,4,2025
2025-04-25 22:00:00.000,H15,LA MACHINE A VOYAGER DANS LE TEMPS,0,35009,22,0,17,25,4,2025
2025-04-25 23:00:00.000,H15,LA MACHINE A VOYAGER DANS LE TEMPS,0,35025,23,0,17,25,4,2025
2025-04-26 00:00:00.000,H15,LA MACHINE A VOYAGER DANS LE TEMPS,0,35041,0,0,17,26,4,2025
2025-04-26 01:00:00.000,H15,LA MACHINE A VOYAGER DANS LE TEMPS,0,35057,1,0,17,26,4,2025
2025-04-26 02:00:00.000,H15,LA MACHINE A VOYAGER DANS LE TEMPS,0,35073,2,0,17,26,4,2025
2025-04-26 03:00:00.000,H15,LA MACHINE A VOYAGER DANS LE TEMPS,0,35089,3,0,17,26,4,2025
2025-04-26 04:00:00.000,H15,LA MACHINE A VOYAGER DANS LE TEMPS,0,35105,4,0,17,26,4,2025
2025-04-26 05:00:00.000,H15,LA MACHINE A VOYAGER DANS LE TEMPS,0,35121,5,0,17,26,4,2025
2025-04-26 06:00:00.000,H15,LA MACHINE A VOYAGER DANS LE TEMPS,0,35137,6,0,17,26,4,2025
2025-04-26 07:00:00.000,H15,LA MACHINE A VOYAGER DANS LE TEMPS,0,35161,7,0,17,26,4,2025
2025-04-26 08:00:00.000,H15,LA MACHINE A VOYAGER DANS LE TEMPS,0,35184,8,0,17,26,4,2025
2025-04-26 09:00:00.000,H15,LA MACHINE A VOYAGER DANS LE TEMPS,96,35207,9,0,17,26,4,2025
2025-04-26 10:00:00.000,H15,LA MACHINE A VOYAGER DANS LE TEMPS,468,35230,10,0,17,26,4,2025
2025-04-26 11:00:00.000,H15,LA MACHINE A VOYAGER DANS LE TEMPS,501,35253,11,0,17,26,4,2025
2025-04-26 12:00:00.000,H15,LA MACHINE A VOYAGER DANS LE TEMPS,374,35276,12,0,17,26,4,2025
2025-04-26 13:00:00.000,H15,LA MACHINE A VOYAGER DANS LE TEMPS,329,35299,13,0,17,26,4,2025
2025-04-26 14:00:00.000,H15,LA MACHINE A VOYAGER DANS LE TEMPS,344,35322,14,0,17,26,4,2025
2025-04-26 15:00:00.000,H15,LA MACHINE A VOYAGER DANS LE TEMPS,398,35345,15,0,17,26,4,2025
2025-04-26 16:00:00.000,H15,LA MACHINE A VOYAGER DANS LE TEMPS,399,35368,16,0,17,26,4,2025
2025-04-26 17:00:00.000,H15,LA MACHINE A VOYAGER DANS LE TEMPS,248,35391,17,0,17,26,4,2025
2025-04-26 18:00:00.000,H15,LA MACHINE A VOYAGER DANS LE TEMPS,142,35414,18,0,17,26,4,2025
2025-04-26 19:00:00.000,H15,LA MACHINE A VOYAGER DANS LE TEMPS,82,35437,19,0,17,26,4,2025
2025-04-26 20:00:00.000,H15,LA MACHINE A VOYAGER DANS LE TEMPS,66,35460,20,0,17,26,4,2025
2025-04-26 21:00:00.000,H15,LA MACHINE A VOYAGER DANS LE TEMPS,18,35483,21,0,17,26,4,2025
2025-04-26 22:00:00.000,H15,LA MACHINE A VOYAGER DANS LE TEMPS,0,35498,22,0,17,26,4,2025
2025-04-26 23:00:00.000,H15,LA MACHINE A VOYAGER DANS LE TEMPS,0,35513,23,0,17,26,4,2025
2025-04-27 00:00:00.000,H15,LA MACHINE A VOYAGER DANS LE TEMPS,0,35528,0,0,18,27,4,2025
2025-04-27 01:00:00.000,H15,LA MACHINE A VOYAGER DANS LE TEMPS,0,35543,1,0,18,27,4,2025
2025-04-27 02:00:00.000,H15,LA MACHINE A VOYAGER DANS LE TEMPS,0,35558,2,0,18,27,4,2025
2025-04-27 03:00:00.000,H15,LA MACHINE A VOYAGER DANS LE TEMPS,0,35573,3,0,18,27,4,2025
2025-04-27 04:00:00.000,H15,LA MACHINE A VOYAGER DANS LE TEMPS,0,35588,4,0,18,27,4,2025
2025-04-27 05:00:00.000,H15,LA MACHINE A VOYAGER DANS LE TEMPS,0,35603,5,0,18,27,4,2025
2025-04-27 06:00:00.000,H15,LA MACHINE A VOYAGER DANS LE TEMPS,0,35618,6,0,18,27,4,2025
2025-04-27 07:00:00.000,H15,LA MACHINE A VOYAGER DANS LE TEMPS,0,35641,7,0,18,27,4,2025
2025-04-27 08:00:00.000,H15,LA MACHINE A VOYAGER DANS LE TEMPS,0,35664,8,0,18,27,4,2025
2025-04-27 09:00:00.000,H15,LA MACHINE A VOYAGER DANS LE TEMPS,71,35687,9,0,18,27,4,2025
2025-04-27 10:00:00.000,H15,LA MACHINE A VOYAGER DANS LE TEMPS,247,35710,10,0,18,27,4,2025
2025-04-27 11:00:00.000,H15,LA MACHINE A VOYAGER DANS LE TEMPS,221,35733,11,0,18,27,4,2025
2025-04-27 12:00:00.000,H15,LA MACHINE A VOYAGER DANS LE TEMPS,108,35756,12,0,18,27,4,2025
2025-04-27 13:00:00.000,H15,LA MACHINE A VOYAGER DANS LE TEMPS,43,35779,13,0,18,27,4,2025
2025-04-27 14:00:00.000,H15,LA MACHINE A VOYAGER DANS LE TEMPS,41,35802,14,0,18,27,4,2025
2025-04-27 15:00:00.000,H15,LA MACHINE A VOYAGER DANS LE TEMPS,40,35825,15,0,18,27,4,2025
2025-04-27 16:00:00.000,H15,LA MACHINE A VOYAGER DANS LE TEMPS,55,35848,16,0,18,27,4,2025
2025-04-27 17:00:00.000,H15,LA MACHINE A VOYAGER DANS LE TEMPS,59,35871,17,0,18,27,4,2025
2025-04-27 18:00:00.000,H15,LA MACHINE A VOYAGER DANS LE TEMPS,59,35894,18,0,18,27,4,2025
2025-04-27 19:00:00.000,H15,LA MACHINE A VOYAGER DANS LE TEMPS,16,35917,19,0,18,27,4,2025
2025-04-27 20:00:00.000,H15,LA MACHINE A VOYAGER DANS LE TEMPS,19,35940,20,0,18,27,4,2025
2025-04-27 21:00:00.000,H15,LA MACHINE A VOYAGER DANS LE TEMPS,9,35963,21,0,18,27,4,2025
2025-04-27 22:00:00.000,H15,LA MACHINE A VOYAGER DANS LE TEMPS,0,35978,22,0,18,27,4,2025
2025-04-27 23:00:00.000,H15,LA MACHINE A VOYAGER DANS LE TEMPS,0,35993,23,0,18,27,4,2025
2025-04-28 00:00:00.000,H15,LA MACHINE A VOYAGER DANS LE TEMPS,0,36008,0,0,18,28,4,2025
2025-04-28 01:00:00.000,H15,LA MACHINE A VOYAGER DANS LE TEMPS,0,36023,1,0,18,28,4,2025
2025-04-28 02:00:00.000,H15,LA MACHINE A VOYAGER DANS LE TEMPS,0,36038,2,0,18,28,4,2025
2025-04-28 03:00:00.000,H15,LA MACHINE A VOYAGER DANS LE TEMPS,0,36053,3,0,18,28,4,2025
2025-04-28 04:00:00.000,H15,LA MACHINE A VOYAGER DANS LE TEMPS,0,36068,4,0,18,28,4,2025
2025-04-28 05:00:00.000,H15,LA MACHINE A VOYAGER DANS LE TEMPS,0,36083,5,0,18,28,4,2025
2025-04-28 06:00:00.000,H15,LA MACHINE A VOYAGER DANS LE TEMPS,0,36098,6,0,18,28,4,2025
2025-04-28 07:00:00.000,H15,LA MACHINE A VOYAGER DANS LE TEMPS,0,36122,7,0,18,28,4,2025
2025-04-28 08:00:00.000,H15,LA MACHINE A VOYAGER DANS LE TEMPS,0,36146,8,0,18,28,4,2025
2025-04-28 09:00:00.000,H15,LA MACHINE A VOYAGER DANS LE TEMPS,124,36170,9,0,18,28,4,2025
2025-04-28 10:00:00.000,H15,LA MACHINE A VOYAGER DANS LE TEMPS,370,36194,10,0,18,28,4,2025
2025-04-28 11:00:00.000,H15,LA MACHINE A VOYAGER DANS LE TEMPS,524,36218,11,0,18,28,4,2025
2025-04-28 12:00:00.000,H15,LA MACHINE A VOYAGER DANS LE TEMPS,355,36242,12,0,18,28,4,2025
2025-04-28 13:00:00.000,H15,LA MACHINE A VOYAGER DANS LE TEMPS,234,36266,13,0,18,28,4,2025
2025-04-28 14:00:00.000,H15,LA MACHINE A VOYAGER DANS LE TEMPS,348,36290,14,0,18,28,4,2025
2025-04-28 15:00:00.000,H15,LA MACHINE A VOYAGER DANS LE TEMPS,255,36314,15,0,18,28,4,2025
2025-04-28 16:00:00.000,H15,LA MACHINE A VOYAGER DANS LE TEMPS,283,36338,16,0,18,28,4,2025
2025-04-28 17:00:00.000,H15,LA MACHINE A VOYAGER DANS LE TEMPS,231,36362,17,0,18,28,4,2025
2025-04-28 18:00:00.000,H15,LA MACHINE A VOYAGER DANS LE TEMPS,156,36386,18,0,18,28,4,2025
2025-04-28 19:00:00.000,H15,LA MACHINE A VOYAGER DANS LE TEMPS,104,36410,19,0,18,28,4,2025
2025-04-28 20:00:00.000,H15,LA MACHINE A VOYAGER DANS LE TEMPS,22,36434,20,0,18,28,4,2025
2025-04-28 21:00:00.000,H15,LA MACHINE A VOYAGER DANS LE TEMPS,14,36458,21,0,18,28,4,2025
2025-04-28 22:00:00.000,H15,LA MACHINE A VOYAGER DANS LE TEMPS,10,36474,22,0,18,28,4,2025
2025-04-28 23:00:00.000,H15,LA MACHINE A VOYAGER DANS LE TEMPS,10,36490,23,0,18,28,4,2025
2025-04-29 00:00:00.000,H15,LA MACHINE A VOYAGER DANS LE TEMPS,10,36506,0,0,18,29,4,2025
2025-04-29 01:00:00.000,H15,LA MACHINE A VOYAGER DANS LE TEMPS,10,36522,1,0,18,29,4,2025
2025-04-29 02:00:00.000,H15,LA MACHINE A VOYAGER DANS LE TEMPS,10,36538,2,0,18,29,4,2025
2025-04-29 03:00:00.000,H15,LA MACHINE A VOYAGER DANS LE TEMPS,10,36554,3,0,18,29,4,2025
2025-04-29 04:00:00.000,H15,LA MACHINE A VOYAGER DANS LE TEMPS,10,36570,4,0,18,29,4,2025
2025-04-29 05:00:00.000,H15,LA MACHINE A VOYAGER DANS LE TEMPS,10,36586,5,0,18,29,4,2025
2025-04-29 06:00:00.000,H15,LA MACHINE A VOYAGER DANS LE TEMPS,10,36602,6,0,18,29,4,2025
2025-04-29 07:00:00.000,H15,LA MACHINE A VOYAGER DANS LE TEMPS,10,36626,7,0,18,29,4,2025
2025-04-29 08:00:00.000,H15,LA MACHINE A VOYAGER DANS LE TEMPS,4,36650,8,0,18,29,4,2025
2025-04-29 09:00:00.000,H15,LA MACHINE A VOYAGER DANS LE TEMPS,0,36674,9,0,18,29,4,2025
2025-04-29 10:00:00.000,H15,LA MACHINE A VOYAGER DANS LE TEMPS,380,36698,10,0,18,29,4,2025
2025-04-29 11:00:00.000,H15,LA MACHINE A VOYAGER DANS LE TEMPS,653,36722,11,0,18,29,4,2025
2025-04-29 12:00:00.000,H15,LA MACHINE A VOYAGER DANS LE TEMPS,432,36746,12,0,18,29,4,2025
2025-04-29 13:00:00.000,H15,LA MACHINE A VOYAGER DANS LE TEMPS,349,36770,13,0,18,29,4,2025
2025-04-29 14:00:00.000,H15,LA MACHINE A VOYAGER DANS LE TEMPS,312,36794,14,0,18,29,4,2025
2025-04-29 15:00:00.000,H15,LA MACHINE A VOYAGER DANS LE TEMPS,357,36818,15,0,18,29,4,2025
2025-04-29 16:00:00.000,H15,LA MACHINE A VOYAGER DANS LE TEMPS,252,36842,16,0,18,29,4,2025
2025-04-29 17:00:00.000,H15,LA MACHINE A VOYAGER DANS LE TEMPS,192,36866,17,0,18,29,4,2025
2025-04-29 18:00:00.000,H15,LA MACHINE A VOYAGER DANS LE TEMPS,61,36890,18,0,18,29,4,2025
2025-04-29 19:00:00.000,H15,LA MACHINE A VOYAGER DANS LE TEMPS,14,36914,19,0,18,29,4,2025
2025-04-29 20:00:00.000,H15,LA MACHINE A VOYAGER DANS LE TEMPS,15,36938,20,0,18,29,4,2025
2025-04-29 21:00:00.000,H15,LA MACHINE A VOYAGER DANS LE TEMPS,5,36962,21,0,18,29,4,2025
2025-04-29 22:00:00.000,H15,LA MACHINE A VOYAGER DANS LE TEMPS,0,36978,22,0,18,29,4,2025
2025-04-29 23:00:00.000,H15,LA MACHINE A VOYAGER DANS LE TEMPS,0,36994,23,0,18,29,4,2025
2025-04-30 00:00:00.000,H15,LA MACHINE A VOYAGER DANS LE TEMPS,0,37010,0,0,18,30,4,2025
2025-04-30 01:00:00.000,H15,LA MACHINE A VOYAGER DANS LE TEMPS,0,37026,1,0,18,30,4,2025
2025-04-30 02:00:00.000,H15,LA MACHINE A VOYAGER DANS LE TEMPS,0,37042,2,0,18,30,4,2025
2025-04-30 03:00:00.000,H15,LA MACHINE A VOYAGER DANS LE TEMPS,0,37058,3,0,18,30,4,2025
2025-04-30 04:00:00.000,H15,LA MACHINE A VOYAGER DANS LE TEMPS,0,37074,4,0,18,30,4,2025
2025-04-30 05:00:00.000,H15,LA MACHINE A VOYAGER DANS LE TEMPS,0,37090,5,0,18,30,4,2025
2025-04-30 06:00:00.000,H15,LA MACHINE A VOYAGER DANS LE TEMPS,0,37106,6,0,18,30,4,2025
2025-04-30 07:00:00.000,H15,LA MACHINE A VOYAGER DANS LE TEMPS,0,37130,7,0,18,30,4,2025
2025-04-30 08:00:00.000,H15,LA MACHINE A VOYAGER DANS LE TEMPS,0,37154,8,0,18,30,4,2025
2025-04-30 09:00:00.000,H15,LA MACHINE A VOYAGER DANS LE TEMPS,50,37178,9,0,18,30,4,2025
2025-04-30 10:00:00.000,H15,LA MACHINE A VOYAGER DANS LE TEMPS,249,37202,10,0,18,30,4,2025
2025-04-30 11:00:00.000,H15,LA MACHINE A VOYAGER DANS LE TEMPS,438,37226,11,0,18,30,4,2025
2025-04-30 12:00:00.000,H15,LA MACHINE A VOYAGER DANS LE TEMPS,169,37250,12,0,18,30,4,2025
2025-04-30 13:00:00.000,H15,LA MACHINE A VOYAGER DANS LE TEMPS,97,37274,13,0,18,30,4,2025
2025-04-30 14:00:00.000,H15,LA MACHINE A VOYAGER DANS LE TEMPS,114,37298,14,0,18,30,4,2025
2025-04-30 15:00:00.000,H15,LA MACHINE A VOYAGER DANS LE TEMPS,61,37322,15,0,18,30,4,2025
2025-04-30 16:00:00.000,H15,LA MACHINE A VOYAGER DANS LE TEMPS,33,37346,16,0,18,30,4,2025
2025-04-30 17:00:00.000,H15,LA MACHINE A VOYAGER DANS LE TEMPS,24,37370,17,0,18,30,4,2025
2025-04-30 18:00:00.000,H15,LA MACHINE A VOYAGER DANS LE TEMPS,29,37394,18,0,18,30,4,2025
2025-04-30 19:00:00.000,H15,LA MACHINE A VOYAGER DANS LE TEMPS,16,37418,19,0,18,30,4,2025
2025-04-30 20:00:00.000,H15,LA MACHINE A VOYAGER DANS LE TEMPS,37,37442,20,0,18,30,4,2025
2025-04-30 21:00:00.000,H15,LA MACHINE A VOYAGER DANS LE TEMPS,21,37466,21,0,18,30,4,2025
2025-04-30 22:00:00.000,H15,LA MACHINE A VOYAGER DANS LE TEMPS,18,37482,22,0,18,30,4,2025
2025-04-30 23:00:00.000,H15,LA MACHINE A VOYAGER DANS LE TEMPS,18,37498,23,0,18,30,4,2025
2025-05-01 00:00:00.000,H15,LA MACHINE A VOYAGER DANS LE TEMPS,18,37514,0,0,18,1,5,2025
2025-05-01 01:00:00.000,H15,LA MACHINE A VOYAGER DANS LE TEMPS,18,37530,1,0,18,1,5,2025
2025-05-01 02:00:00.000,H15,LA MACHINE A VOYAGER DANS LE TEMPS,18,37546,2,0,18,1,5,2025
2025-05-01 03:00:00.000,H15,LA MACHINE A VOYAGER DANS LE TEMPS,18,37562,3,0,18,1,5,2025
2025-05-01 04:00:00.000,H15,LA MACHINE A VOYAGER DANS LE TEMPS,18,37578,4,0,18,1,5,2025
2025-05-01 05:00:00.000,H15,LA MACHINE A VOYAGER DANS LE TEMPS,18,37594,5,0,18,1,5,2025
2025-05-01 06:00:00.000,H15,LA MACHINE A VOYAGER DANS LE TEMPS,18,37610,6,0,18,1,5,2025
2025-05-01 07:00:00.000,H15,LA MACHINE A VOYAGER DANS LE TEMPS,18,37634,7,0,18,1,5,2025
2025-05-01 08:00:00.000,H15,LA MACHINE A VOYAGER DANS LE TEMPS,9,37658,8,0,18,1,5,2025
2025-05-01 09:00:00.000,H15,LA MACHINE A VOYAGER DANS LE TEMPS,65,37682,9,0,18,1,5,2025
2025-05-01 10:00:00.000,H15,LA MACHINE A VOYAGER DANS LE TEMPS,401,37706,10,0,18,1,5,2025
2025-05-01 11:00:00.000,H15,LA MACHINE A VOYAGER DANS LE TEMPS,622,37730,11,0,18,1,5,2025
2025-05-01 12:00:00.000,H15,LA MACHINE A VOYAGER DANS LE TEMPS,505,37754,12,0,18,1,5,2025
2025-05-01 13:00:00.000,H15,LA MACHINE A VOYAGER DANS LE TEMPS,409,37778,13,0,18,1,5,2025
2025-05-01 14:00:00.000,H15,LA MACHINE A VOYAGER DANS LE TEMPS,347,37802,14,0,18,1,5,2025
2025-05-01 15:00:00.000,H15,LA MACHINE A VOYAGER DANS LE TEMPS,355,37826,15,0,18,1,5,2025
2025-05-01 16:00:00.000,H15,LA MACHINE A VOYAGER DANS LE TEMPS,340,37850,16,0,18,1,5,2025
2025-05-01 17:00:00.000,H15,LA MACHINE A VOYAGER DANS LE TEMPS,435,37874,17,0,18,1,5,2025
2025-05-01 18:00:00.000,H15,LA MACHINE A VOYAGER DANS LE TEMPS,353,37898,18,0,18,1,5,2025
2025-05-01 19:00:00.000,H15,LA MACHINE A VOYAGER DANS LE TEMPS,203,37922,19,0,18,1,5,2025
2025-05-01 20:00:00.000,H15,LA MACHINE A VOYAGER DANS LE TEMPS,15,37946,20,0,18,1,5,2025
2025-05-01 21:00:00.000,H15,LA MACHINE A VOYAGER DANS LE TEMPS,11,37970,21,0,18,1,5,2025
2025-05-01 22:00:00.000,H15,LA MACHINE A VOYAGER DANS LE TEMPS,0,37986,22,0,18,1,5,2025
2025-05-01 23:00:00.000,H15,LA MACHINE A VOYAGER DANS LE TEMPS,0,38002,23,0,18,1,5,2025
2025-05-02 00:00:00.000,H15,LA MACHINE A VOYAGER DANS LE TEMPS,0,38018,0,0,18,2,5,2025
2025-05-02 01:00:00.000,H15,LA MACHINE A VOYAGER DANS LE TEMPS,0,38034,1,0,18,2,5,2025
2025-05-02 02:00:00.000,H15,LA MACHINE A VOYAGER DANS LE TEMPS,0,38050,2,0,18,2,5,2025
2025-05-02 03:00:00.000,H15,LA MACHINE A VOYAGER DANS LE TEMPS,0,38066,3,0,18,2,5,2025
2025-05-02 04:00:00.000,H15,LA MACHINE A VOYAGER DANS LE TEMPS,0,38082,4,0,18,2,5,2025
2025-05-02 05:00:00.000,H15,LA MACHINE A VOYAGER DANS LE TEMPS,0,38098,5,0,18,2,5,2025
2025-05-02 06:00:00.000,H15,LA MACHINE A VOYAGER DANS LE TEMPS,0,38114,6,0,18,2,5,2025
2025-05-02 07:00:00.000,H15,LA MACHINE A VOYAGER DANS LE TEMPS,0,38138,7,0,18,2,5,2025
2025-05-02 08:00:00.000,H15,LA MACHINE A VOYAGER DANS LE TEMPS,0,38162,8,0,18,2,5,2025
2025-05-02 09:00:00.000,H15,LA MACHINE A VOYAGER DANS LE TEMPS,265,38186,9,0,18,2,5,2025
2025-05-02 10:00:00.000,H15,LA MACHINE A VOYAGER DANS LE TEMPS,709,38210,10,0,18,2,5,2025
2025-05-02 11:00:00.000,H15,LA MACHINE A VOYAGER DANS LE TEMPS,739,38234,11,0,18,2,5,2025
2025-05-02 12:00:00.000,H15,LA MACHINE A VOYAGER DANS LE TEMPS,482,38258,12,0,18,2,5,2025
2025-05-02 13:00:00.000,H15,LA MACHINE A VOYAGER DANS LE TEMPS,447,38282,13,0,18,2,5,2025
2025-05-02 14:00:00.000,H15,LA MACHINE A VOYAGER DANS LE TEMPS,470,38306,14,0,18,2,5,2025
2025-05-02 15:00:00.000,H15,LA MACHINE A VOYAGER DANS LE TEMPS,430,38330,15,0,18,2,5,2025
2025-05-02 16:00:00.000,H15,LA MACHINE A VOYAGER DANS LE TEMPS,466,38354,16,0,18,2,5,2025
2025-05-02 17:00:00.000,H15,LA MACHINE A VOYAGER DANS LE TEMPS,374,38378,17,0,18,2,5,2025
2025-05-02 18:00:00.000,H15,LA MACHINE A VOYAGER DANS LE TEMPS,258,38402,18,0,18,2,5,2025
2025-05-02 19:00:00.000,H15,LA MACHINE A VOYAGER DANS LE TEMPS,155,38426,19,0,18,2,5,2025
2025-05-02 20:00:00.000,H15,LA MACHINE A VOYAGER DANS LE TEMPS,50,38450,20,0,18,2,5,2025
2025-05-02 21:00:00.000,H15,LA MACHINE A VOYAGER DANS LE TEMPS,11,38474,21,0,18,2,5,2025
2025-05-02 22:00:00.000,H15,LA MACHINE A VOYAGER DANS LE TEMPS,0,38490,22,0,18,2,5,2025
2025-05-02 23:00:00.000,H15,LA MACHINE A VOYAGER DANS LE TEMPS,0,38506,23,0,18,2,5,2025
2025-05-03 00:00:00.000,H15,LA MACHINE A VOYAGER DANS LE TEMPS,0,38522,0,0,18,3,5,2025
2025-05-03 01:00:00.000,H15,LA MACHINE A VOYAGER DANS LE TEMPS,0,38538,1,0,18,3,5,2025
2025-05-03 02:00:00.000,H15,LA MACHINE A VOYAGER DANS LE TEMPS,0,38554,2,0,18,3,5,2025
2025-05-03 03:00:00.000,H15,LA MACHINE A VOYAGER DANS LE TEMPS,0,38570,3,0,18,3,5,2025
2025-05-03 04:00:00.000,H15,LA MACHINE A VOYAGER DANS LE TEMPS,0,38586,4,0,18,3,5,2025
2025-05-03 05:00:00.000,H15,LA MACHINE A VOYAGER DANS LE TEMPS,0,38602,5,0,18,3,5,2025
2025-05-03 06:00:00.000,H15,LA MACHINE A VOYAGER DANS LE TEMPS,0,38618,6,0,18,3,5,2025
2025-05-03 07:00:00.000,H15,LA MACHINE A VOYAGER DANS LE TEMPS,0,38642,7,0,18,3,5,2025
2025-05-03 08:00:00.000,H15,LA MACHINE A VOYAGER DANS LE TEMPS,0,38666,8,0,18,3,5,2025
2025-05-03 09:00:00.000,H15,LA MACHINE A VOYAGER DANS LE TEMPS,81,38690,9,0,18,3,5,2025
2025-05-03 10:00:00.000,H15,LA MACHINE A VOYAGER DANS LE TEMPS,585,38714,10,0,18,3,5,2025
2025-05-03 11:00:00.000,H15,LA MACHINE A VOYAGER DANS LE TEMPS,670,38738,11,0,18,3,5,2025
2025-05-03 12:00:00.000,H15,LA MACHINE A VOYAGER DANS LE TEMPS,538,38762,12,0,18,3,5,2025
2025-05-03 13:00:00.000,H15,LA MACHINE A VOYAGER DANS LE TEMPS,387,38786,13,0,18,3,5,2025
2025-05-03 14:00:00.000,H15,LA MACHINE A VOYAGER DANS LE TEMPS,350,38810,14,0,18,3,5,2025
2025-05-03 15:00:00.000,H15,LA MACHINE A VOYAGER DANS LE TEMPS,422,38834,15,0,18,3,5,2025
2025-05-03 16:00:00.000,H15,LA MACHINE A VOYAGER DANS LE TEMPS,398,38858,16,0,18,3,5,2025
2025-05-03 17:00:00.000,H15,LA MACHINE A VOYAGER DANS LE TEMPS,298,38882,17,0,18,3,5,2025
2025-05-03 18:00:00.000,H15,LA MACHINE A VOYAGER DANS LE TEMPS,209,38906,18,0,18,3,5,2025
2025-05-03 19:00:00.000,H15,LA MACHINE A VOYAGER DANS LE TEMPS,106,38930,19,0,18,3,5,2025
2025-05-03 20:00:00.000,H15,LA MACHINE A VOYAGER DANS LE TEMPS,68,38954,20,0,18,3,5,2025
2025-05-03 21:00:00.000,H15,LA MACHINE A VOYAGER DANS LE TEMPS,6,38978,21,0,18,3,5,2025
2025-05-03 22:00:00.000,H15,LA MACHINE A VOYAGER DANS LE TEMPS,0,38994,22,0,18,3,5,2025
2025-05-03 23:00:00.000,H15,LA MACHINE A VOYAGER DANS LE TEMPS,0,39010,23,0,18,3,5,2025
2025-05-04 00:00:00.000,H15,LA MACHINE A VOYAGER DANS LE TEMPS,0,39026,0,0,19,4,5,2025
2025-05-04 01:00:00.000,H15,LA MACHINE A VOYAGER DANS LE TEMPS,0,39042,1,0,19,4,5,2025
2025-05-04 02:00:00.000,H15,LA MACHINE A VOYAGER DANS LE TEMPS,0,39058,2,0,19,4,5,2025
2025-05-04 03:00:00.000,H15,LA MACHINE A VOYAGER DANS LE TEMPS,0,39074,3,0,19,4,5,2025
2025-05-04 04:00:00.000,H15,LA MACHINE A VOYAGER DANS LE TEMPS,0,39090,4,0,19,4,5,2025
2025-05-04 05:00:00.000,H15,LA MACHINE A VOYAGER DANS LE TEMPS,0,39106,5,0,19,4,5,2025
2025-05-04 06:00:00.000,H15,LA MACHINE A VOYAGER DANS LE TEMPS,0,39122,6,0,19,4,5,2025
2025-05-04 07:00:00.000,H15,LA MACHINE A VOYAGER DANS LE TEMPS,0,39146,7,0,19,4,5,2025
2025-05-04 08:00:00.000,H15,LA MACHINE A VOYAGER DANS LE TEMPS,0,39170,8,0,19,4,5,2025
2025-05-04 09:00:00.000,H15,LA MACHINE A VOYAGER DANS LE TEMPS,14,39194,9,0,19,4,5,2025
2025-05-04 10:00:00.000,H15,LA MACHINE A VOYAGER DANS LE TEMPS,67,39218,10,0,19,4,5,2025
2025-05-04 11:00:00.000,H15,LA MACHINE A VOYAGER DANS LE TEMPS,117,39242,11,0,19,4,5,2025
2025-05-04 12:00:00.000,H15,LA MACHINE A VOYAGER DANS LE TEMPS,59,39266,12,0,19,4,5,2025
2025-05-04 13:00:00.000,H15,LA MACHINE A VOYAGER DANS LE TEMPS,24,39290,13,0,19,4,5,2025
2025-05-04 14:00:00.000,H15,LA MACHINE A VOYAGER DANS LE TEMPS,25,39314,14,0,19,4,5,2025
2025-05-04 15:00:00.000,H15,LA MACHINE A VOYAGER DANS LE TEMPS,27,39338,15,0,19,4,5,2025
2025-05-04 16:00:00.000,H15,LA MACHINE A VOYAGER DANS LE TEMPS,25,39362,16,0,19,4,5,2025
2025-05-04 17:00:00.000,H15,LA MACHINE A VOYAGER DANS LE TEMPS,27,39386,17,0,19,4,5,2025
2025-05-04 18:00:00.000,H15,LA MACHINE A VOYAGER DANS LE TEMPS,13,39410,18,0,19,4,5,2025
2025-05-04 19:00:00.000,H15,LA MACHINE A VOYAGER DANS LE TEMPS,5,39426,19,0,19,4,5,2025
2025-05-04 20:00:00.000,H15,LA MACHINE A VOYAGER DANS LE TEMPS,6,39442,20,0,19,4,5,2025
2025-05-04 21:00:00.000,H15,LA MACHINE A VOYAGER DANS LE TEMPS,1,39458,21,0,19,4,5,2025
2025-05-04 22:00:00.000,H15,LA MACHINE A VOYAGER DANS LE TEMPS,0,39474,22,0,19,4,5,2025
2025-05-04 23:00:00.000,H15,LA MACHINE A VOYAGER DANS LE TEMPS,0,39490,23,0,19,4,5,2025
2025-05-05 00:00:00.000,H15,LA MACHINE A VOYAGER DANS LE TEMPS,0,39506,0,0,19,5,5,2025
2025-05-05 01:00:00.000,H15,LA MACHINE A VOYAGER DANS LE TEMPS,0,39522,1,0,19,5,5,2025
2025-05-05 02:00:00.000,H15,LA MACHINE A VOYAGER DANS LE TEMPS,0,39538,2,0,19,5,5,2025
2025-05-05 03:00:00.000,H15,LA MACHINE A VOYAGER DANS LE TEMPS,0,39554,3,0,19,5,5,2025
2025-05-05 04:00:00.000,H15,LA MACHINE A VOYAGER DANS LE TEMPS,0,39570,4,0,19,5,5,2025
2025-05-05 05:00:00.000,H15,LA MACHINE A VOYAGER DANS LE TEMPS,0,39586,5,0,19,5,5,2025
2025-05-05 06:00:00.000,H15,LA MACHINE A VOYAGER DANS LE TEMPS,0,39602,6,0,19,5,5,2025
2025-05-05 07:00:00.000,H15,LA MACHINE A VOYAGER DANS LE TEMPS,0,39624,7,0,19,5,5,2025
2025-05-05 08:00:00.000,H15,LA MACHINE A VOYAGER DANS LE TEMPS,0,39646,8,0,19,5,5,2025
2025-05-05 09:00:00.000,H15,LA MACHINE A VOYAGER DANS LE TEMPS,0,39668,9,0,19,5,5,2025
2025-05-05 10:00:00.000,H15,LA MACHINE A VOYAGER DANS LE TEMPS,36,39690,10,0,19,5,5,2025
2025-05-05 11:00:00.000,H15,LA MACHINE A VOYAGER DANS LE TEMPS,78,39712,11,0,19,5,5,2025
2025-05-05 12:00:00.000,H15,LA MACHINE A VOYAGER DANS LE TEMPS,54,39734,12,0,19,5,5,2025
2025-05-05 13:00:00.000,H15,LA MACHINE A VOYAGER DANS LE TEMPS,16,39756,13,0,19,5,5,2025
2025-05-05 14:00:00.000,H15,LA MACHINE A VOYAGER DANS LE TEMPS,38,39778,14,0,19,5,5,2025
2025-05-05 15:00:00.000,H15,LA MACHINE A VOYAGER DANS LE TEMPS,37,39800,15,0,19,5,5,2025
2025-05-05 16:00:00.000,H15,LA MACHINE A VOYAGER DANS LE TEMPS,57,39822,16,0,19,5,5,2025
2025-05-05 17:00:00.000,H15,LA MACHINE A VOYAGER DANS LE TEMPS,41,39844,17,0,19,5,5,2025
2025-05-05 18:00:00.000,H15,LA MACHINE A VOYAGER DANS LE TEMPS,14,39866,18,0,19,5,5,2025
2025-05-05 19:00:00.000,H15,LA MACHINE A VOYAGER DANS LE TEMPS,17,39880,19,0,19,5,5,2025
2025-05-05 20:00:00.000,H15,LA MACHINE A VOYAGER DANS LE TEMPS,9,39894,20,0,19,5,5,2025
2025-05-05 21:00:00.000,H15,LA MACHINE A VOYAGER DANS LE TEMPS,0,39908,21,0,19,5,5,2025
2025-05-05 22:00:00.000,H15,LA MACHINE A VOYAGER DANS LE TEMPS,0,39922,22,0,19,5,5,2025
2025-05-05 23:00:00.000,H15,LA MACHINE A VOYAGER DANS LE TEMPS,0,39936,23,0,19,5,5,2025
2025-05-06 00:00:00.000,H15,LA MACHINE A VOYAGER DANS LE TEMPS,0,39950,0,0,19,6,5,2025
2025-05-06 01:00:00.000,H15,LA MACHINE A VOYAGER DANS LE TEMPS,0,39964,1,0,19,6,5,2025
2025-05-06 02:00:00.000,H15,LA MACHINE A VOYAGER DANS LE TEMPS,0,39978,2,0,19,6,5,2025
2025-05-06 03:00:00.000,H15,LA MACHINE A VOYAGER DANS LE TEMPS,0,39992,3,0,19,6,5,2025
2025-05-06 04:00:00.000,H15,LA MACHINE A VOYAGER DANS LE TEMPS,0,40006,4,0,19,6,5,2025
2025-05-06 05:00:00.000,H15,LA MACHINE A VOYAGER DANS LE TEMPS,0,40020,5,0,19,6,5,2025
2025-05-06 06:00:00.000,H15,LA MACHINE A VOYAGER DANS LE TEMPS,0,40034,6,0,19,6,5,2025
2025-05-06 07:00:00.000,H15,LA MACHINE A VOYAGER DANS LE TEMPS,0,40056,7,0,19,6,5,2025
2025-05-06 08:00:00.000,H15,LA MACHINE A VOYAGER DANS LE TEMPS,0,40078,8,0,19,6,5,2025
2025-05-06 09:00:00.000,H15,LA MACHINE A VOYAGER DANS LE TEMPS,0,40100,9,0,19,6,5,2025
2025-05-06 10:00:00.000,H15,LA MACHINE A VOYAGER DANS LE TEMPS,277,40122,10,0,19,6,5,2025
2025-05-06 11:00:00.000,H15,LA MACHINE A VOYAGER DANS LE TEMPS,373,40144,11,0,19,6,5,2025
2025-05-06 12:00:00.000,H15,LA MACHINE A VOYAGER DANS LE TEMPS,232,40166,12,0,19,6,5,2025
2025-05-06 13:00:00.000,H15,LA MACHINE A VOYAGER DANS LE TEMPS,85,40188,13,0,19,6,5,2025
2025-05-06 14:00:00.000,H15,LA MACHINE A VOYAGER DANS LE TEMPS,26,40210,14,0,19,6,5,2025
2025-05-06 15:00:00.000,H15,LA MACHINE A VOYAGER DANS LE TEMPS,21,40232,15,0,19,6,5,2025
2025-05-06 16:00:00.000,H15,LA MACHINE A VOYAGER DANS LE TEMPS,13,40254,16,0,19,6,5,2025
2025-05-06 17:00:00.000,H15,LA MACHINE A VOYAGER DANS LE TEMPS,17,40276,17,0,19,6,5,2025
2025-05-06 18:00:00.000,H15,LA MACHINE A VOYAGER DANS LE TEMPS,7,40298,18,0,19,6,5,2025
2025-05-06 19:00:00.000,H15,LA MACHINE A VOYAGER DANS LE TEMPS,6,40312,19,0,19,6,5,2025
2025-05-06 20:00:00.000,H15,LA MACHINE A VOYAGER DANS LE TEMPS,5,40326,20,0,19,6,5,2025
2025-05-06 21:00:00.000,H15,LA MACHINE A VOYAGER DANS LE TEMPS,0,40340,21,0,19,6,5,2025
2025-05-06 22:00:00.000,H15,LA MACHINE A VOYAGER DANS LE TEMPS,0,40354,22,0,19,6,5,2025
2025-05-06 23:00:00.000,H15,LA MACHINE A VOYAGER DANS LE TEMPS,0,40368,23,0,19,6,5,2025
2025-05-07 00:00:00.000,H15,LA MACHINE A VOYAGER DANS LE TEMPS,0,40382,0,0,19,7,5,2025
2025-05-07 01:00:00.000,H15,LA MACHINE A VOYAGER DANS LE TEMPS,0,40396,1,0,19,7,5,2025
2025-05-07 02:00:00.000,H15,LA MACHINE A VOYAGER DANS LE TEMPS,0,40410,2,0,19,7,5,2025
2025-05-07 03:00:00.000,H15,LA MACHINE A VOYAGER DANS LE TEMPS,0,40424,3,0,19,7,5,2025
2025-05-07 04:00:00.000,H15,LA MACHINE A VOYAGER DANS LE TEMPS,0,40438,4,0,19,7,5,2025
2025-05-07 05:00:00.000,H15,LA MACHINE A VOYAGER DANS LE TEMPS,0,40452,5,0,19,7,5,2025
2025-05-07 06:00:00.000,H15,LA MACHINE A VOYAGER DANS LE TEMPS,0,40466,6,0,19,7,5,2025
2025-05-07 07:00:00.000,H15,LA MACHINE A VOYAGER DANS LE TEMPS,0,40488,7,0,19,7,5,2025
2025-05-07 08:00:00.000,H15,LA MACHINE A VOYAGER DANS LE TEMPS,0,40510,8,0,19,7,5,2025
2025-05-07 09:00:00.000,H15,LA MACHINE A VOYAGER DANS LE TEMPS,0,40532,9,0,19,7,5,2025
2025-05-07 10:00:00.000,H15,LA MACHINE A VOYAGER DANS LE TEMPS,78,40554,10,0,19,7,5,2025
2025-05-07 11:00:00.000,H15,LA MACHINE A VOYAGER DANS LE TEMPS,230,40576,11,0,19,7,5,2025
2025-05-07 12:00:00.000,H15,LA MACHINE A VOYAGER DANS LE TEMPS,111,40598,12,0,19,7,5,2025
2025-05-07 13:00:00.000,H15,LA MACHINE A VOYAGER DANS LE TEMPS,24,40620,13,0,19,7,5,2025
2025-05-07 14:00:00.000,H15,LA MACHINE A VOYAGER DANS LE TEMPS,40,40642,14,0,19,7,5,2025
2025-05-07 15:00:00.000,H15,LA MACHINE A VOYAGER DANS LE TEMPS,47,40664,15,0,19,7,5,2025
2025-05-07 16:00:00.000,H15,LA MACHINE A VOYAGER DANS LE TEMPS,39,40686,16,0,19,7,5,2025
2025-05-07 17:00:00.000,H15,LA MACHINE A VOYAGER DANS LE TEMPS,41,40708,17,0,19,7,5,2025
2025-05-07 18:00:00.000,H15,LA MACHINE A VOYAGER DANS LE TEMPS,18,40730,18,0,19,7,5,2025
2025-05-07 19:00:00.000,H15,LA MACHINE A VOYAGER DANS LE TEMPS,10,40744,19,0,19,7,5,2025
2025-05-07 20:00:00.000,H15,LA MACHINE A VOYAGER DANS LE TEMPS,5,40758,20,0,19,7,5,2025
2025-05-07 21:00:00.000,H15,LA MACHINE A VOYAGER DANS LE TEMPS,0,40772,21,0,19,7,5,2025
2025-05-07 22:00:00.000,H15,LA MACHINE A VOYAGER DANS LE TEMPS,0,40786,22,0,19,7,5,2025
2025-05-07 23:00:00.000,H15,LA MACHINE A VOYAGER DANS LE TEMPS,0,40800,23,0,19,7,5,2025
2025-05-08 00:00:00.000,H15,LA MACHINE A VOYAGER DANS LE TEMPS,0,40814,0,0,19,8,5,2025
2025-05-08 01:00:00.000,H15,LA MACHINE A VOYAGER DANS LE TEMPS,0,40828,1,0,19,8,5,2025
2025-05-08 02:00:00.000,H15,LA MACHINE A VOYAGER DANS LE TEMPS,0,40842,2,0,19,8,5,2025
2025-05-08 03:00:00.000,H15,LA MACHINE A VOYAGER DANS LE TEMPS,0,40856,3,0,19,8,5,2025
2025-05-08 04:00:00.000,H15,LA MACHINE A VOYAGER DANS LE TEMPS,0,40870,4,0,19,8,5,2025
2025-05-08 05:00:00.000,H15,LA MACHINE A VOYAGER DANS LE TEMPS,0,40884,5,0,19,8,5,2025
2025-05-08 06:00:00.000,H15,LA MACHINE A VOYAGER DANS LE TEMPS,0,40898,6,0,19,8,5,2025
2025-05-08 07:00:00.000,H15,LA MACHINE A VOYAGER DANS LE TEMPS,0,40922,7,0,19,8,5,2025
2025-05-08 08:00:00.000,H15,LA MACHINE A VOYAGER DANS LE TEMPS,0,40946,8,0,19,8,5,2025
2025-05-08 09:00:00.000,H15,LA MACHINE A VOYAGER DANS LE TEMPS,36,40970,9,0,19,8,5,2025
2025-05-08 10:00:00.000,H15,LA MACHINE A VOYAGER DANS LE TEMPS,146,40994,10,0,19,8,5,2025
2025-05-08 11:00:00.000,H15,LA MACHINE A VOYAGER DANS LE TEMPS,243,41018,11,0,19,8,5,2025
2025-05-08 12:00:00.000,H15,LA MACHINE A VOYAGER DANS LE TEMPS,186,41042,12,0,19,8,5,2025
2025-05-08 13:00:00.000,H15,LA MACHINE A VOYAGER DANS LE TEMPS,47,41066,13,0,19,8,5,2025
2025-05-08 14:00:00.000,H15,LA MACHINE A VOYAGER DANS LE TEMPS,70,41090,14,0,19,8,5,2025
2025-05-08 15:00:00.000,H15,LA MACHINE A VOYAGER DANS LE TEMPS,131,41114,15,0,19,8,5,2025
2025-05-08 16:00:00.000,H15,LA MACHINE A VOYAGER DANS LE TEMPS,126,41138,16,0,19,8,5,2025
2025-05-08 17:00:00.000,H15,LA MACHINE A VOYAGER DANS LE TEMPS,150,41162,17,0,19,8,5,2025
2025-05-08 18:00:00.000,H15,LA MACHINE A VOYAGER DANS LE TEMPS,98,41186,18,0,19,8,5,2025
2025-05-08 19:00:00.000,H15,LA MACHINE A VOYAGER DANS LE TEMPS,23,41210,19,0,19,8,5,2025
2025-05-08 20:00:00.000,H15,LA MACHINE A VOYAGER DANS LE TEMPS,26,41234,20,0,19,8,5,2025
2025-05-08 21:00:00.000,H15,LA MACHINE A VOYAGER DANS LE TEMPS,24,41258,21,0,19,8,5,2025
2025-05-08 22:00:00.000,H15,LA MACHINE A VOYAGER DANS LE TEMPS,21,41274,22,0,19,8,5,2025
2025-05-08 23:00:00.000,H15,LA MACHINE A VOYAGER DANS LE TEMPS,21,41290,23,0,19,8,5,2025
2025-05-09 00:00:00.000,H15,LA MACHINE A VOYAGER DANS LE TEMPS,21,41306,0,0,19,9,5,2025
2025-05-09 01:00:00.000,H15,LA MACHINE A VOYAGER DANS LE TEMPS,21,41322,1,0,19,9,5,2025
2025-05-09 02:00:00.000,H15,LA MACHINE A VOYAGER DANS LE TEMPS,21,41338,2,0,19,9,5,2025
2025-05-09 03:00:00.000,H15,LA MACHINE A VOYAGER DANS LE TEMPS,21,41354,3,0,19,9,5,2025
2025-05-09 04:00:00.000,H15,LA MACHINE A VOYAGER DANS LE TEMPS,21,41370,4,0,19,9,5,2025
2025-05-09 05:00:00.000,H15,LA MACHINE A VOYAGER DANS LE TEMPS,21,41386,5,0,19,9,5,2025
2025-05-09 06:00:00.000,H15,LA MACHINE A VOYAGER DANS LE TEMPS,21,41402,6,0,19,9,5,2025
2025-05-09 07:00:00.000,H15,LA MACHINE A VOYAGER DANS LE TEMPS,21,41426,7,0,19,9,5,2025
2025-05-09 08:00:00.000,H15,LA MACHINE A VOYAGER DANS LE TEMPS,7,41450,8,0,19,9,5,2025
2025-05-09 09:00:00.000,H15,LA MACHINE A VOYAGER DANS LE TEMPS,147,41474,9,0,19,9,5,2025
2025-05-09 10:00:00.000,H15,LA MACHINE A VOYAGER DANS LE TEMPS,624,41498,10,0,19,9,5,2025
2025-05-09 11:00:00.000,H15,LA MACHINE A VOYAGER DANS LE TEMPS,653,41522,11,0,19,9,5,2025
2025-05-09 12:00:00.000,H15,LA MACHINE A VOYAGER DANS LE TEMPS,487,41546,12,0,19,9,5,2025
2025-05-09 13:00:00.000,H15,LA MACHINE A VOYAGER DANS LE TEMPS,405,41570,13,0,19,9,5,2025
2025-05-09 14:00:00.000,H15,LA MACHINE A VOYAGER DANS LE TEMPS,321,41594,14,0,19,9,5,2025
2025-05-09 15:00:00.000,H15,LA MACHINE A VOYAGER DANS LE TEMPS,820,41618,15,0,19,9,5,2025
2025-05-09 16:00:00.000,H15,LA MACHINE A VOYAGER DANS LE TEMPS,380,41642,16,0,19,9,5,2025
2025-05-09 17:00:00.000,H15,LA MACHINE A VOYAGER DANS LE TEMPS,327,41666,17,0,19,9,5,2025
2025-05-09 18:00:00.000,H15,LA MACHINE A VOYAGER DANS LE TEMPS,226,41690,18,0,19,9,5,2025
2025-05-09 19:00:00.000,H15,LA MACHINE A VOYAGER DANS LE TEMPS,86,41714,19,0,19,9,5,2025
2025-05-09 20:00:00.000,H15,LA MACHINE A VOYAGER DANS LE TEMPS,52,41738,20,0,19,9,5,2025
2025-05-09 21:00:00.000,H15,LA MACHINE A VOYAGER DANS LE TEMPS,55,41762,21,0,19,9,5,2025
2025-05-09 22:00:00.000,H15,LA MACHINE A VOYAGER DANS LE TEMPS,52,41778,22,0,19,9,5,2025
2025-05-09 23:00:00.000,H15,LA MACHINE A VOYAGER DANS LE TEMPS,52,41794,23,0,19,9,5,2025
2025-05-10 00:00:00.000,H15,LA MACHINE A VOYAGER DANS LE TEMPS,52,41810,0,0,19,10,5,2025
2025-05-10 01:00:00.000,H15,LA MACHINE A VOYAGER DANS LE TEMPS,52,41826,1,0,19,10,5,2025
2025-05-10 02:00:00.000,H15,LA MACHINE A VOYAGER DANS LE TEMPS,52,41842,2,0,19,10,5,2025
2025-05-10 03:00:00.000,H15,LA MACHINE A VOYAGER DANS LE TEMPS,52,41858,3,0,19,10,5,2025
2025-05-10 04:00:00.000,H15,LA MACHINE A VOYAGER DANS LE TEMPS,52,41874,4,0,19,10,5,2025
2025-05-10 05:00:00.000,H15,LA MACHINE A VOYAGER DANS LE TEMPS,52,41890,5,0,19,10,5,2025
2025-05-10 06:00:00.000,H15,LA MACHINE A VOYAGER DANS LE TEMPS,52,41906,6,0,19,10,5,2025
2025-05-10 07:00:00.000,H15,LA MACHINE A VOYAGER DANS LE TEMPS,52,41930,7,0,19,10,5,2025
2025-05-10 08:00:00.000,H15,LA MACHINE A VOYAGER DANS LE TEMPS,26,41954,8,0,19,10,5,2025
2025-05-10 09:00:00.000,H15,LA MACHINE A VOYAGER DANS LE TEMPS,114,41978,9,0,19,10,5,2025
2025-05-10 10:00:00.000,H15,LA MACHINE A VOYAGER DANS LE TEMPS,450,42002,10,0,19,10,5,2025
2025-05-10 11:00:00.000,H15,LA MACHINE A VOYAGER DANS LE TEMPS,609,42026,11,0,19,10,5,2025
2025-05-10 12:00:00.000,H15,LA MACHINE A VOYAGER DANS LE TEMPS,418,42050,12,0,19,10,5,2025
2025-05-10 13:00:00.000,H15,LA MACHINE A VOYAGER DANS LE TEMPS,345,42074,13,0,19,10,5,2025
2025-05-10 14:00:00.000,H15,LA MACHINE A VOYAGER DANS LE TEMPS,367,42098,14,0,19,10,5,2025
2025-05-10 15:00:00.000,H15,LA MACHINE A VOYAGER DANS LE TEMPS,359,42122,15,0,19,10,5,2025
2025-05-10 16:00:00.000,H15,LA MACHINE A VOYAGER DANS LE TEMPS,267,42146,16,0,19,10,5,2025
2025-05-10 17:00:00.000,H15,LA MACHINE A VOYAGER DANS LE TEMPS,131,42170,17,0,19,10,5,2025
2025-05-10 18:00:00.000,H15,LA MACHINE A VOYAGER DANS LE TEMPS,78,42194,18,0,19,10,5,2025
2025-05-10 19:00:00.000,H15,LA MACHINE A VOYAGER DANS LE TEMPS,39,42218,19,0,19,10,5,2025
2025-05-10 20:00:00.000,H15,LA MACHINE A VOYAGER DANS LE TEMPS,35,42242,20,0,19,10,5,2025
2025-05-10 21:00:00.000,H15,LA MACHINE A VOYAGER DANS LE TEMPS,23,42266,21,0,19,10,5,2025
2025-05-10 22:00:00.000,H15,LA MACHINE A VOYAGER DANS LE TEMPS,23,42282,22,0,19,10,5,2025
2025-05-10 23:00:00.000,H15,LA MACHINE A VOYAGER DANS LE TEMPS,23,42298,23,0,19,10,5,2025
2025-05-11 00:00:00.000,H15,LA MACHINE A VOYAGER DANS LE TEMPS,23,42314,0,0,20,11,5,2025
2025-05-11 01:00:00.000,H15,LA MACHINE A VOYAGER DANS LE TEMPS,23,42330,1,0,20,11,5,2025
2025-05-11 02:00:00.000,H15,LA MACHINE A VOYAGER DANS LE TEMPS,23,42346,2,0,20,11,5,2025
2025-05-11 03:00:00.000,H15,LA MACHINE A VOYAGER DANS LE TEMPS,23,42362,3,0,20,11,5,2025
2025-05-11 04:00:00.000,H15,LA MACHINE A VOYAGER DANS LE TEMPS,23,42378,4,0,20,11,5,2025
2025-05-11 05:00:00.000,H15,LA MACHINE A VOYAGER DANS LE TEMPS,23,42394,5,0,20,11,5,2025
2025-05-11 06:00:00.000,H15,LA MACHINE A VOYAGER DANS LE TEMPS,23,42410,6,0,20,11,5,2025
2025-05-11 07:00:00.000,H15,LA MACHINE A VOYAGER DANS LE TEMPS,23,42434,7,0,20,11,5,2025
2025-05-11 08:00:00.000,H15,LA MACHINE A VOYAGER DANS LE TEMPS,10,42458,8,0,20,11,5,2025
2025-05-11 09:00:00.000,H15,LA MACHINE A VOYAGER DANS LE TEMPS,14,42482,9,0,20,11,5,2025
2025-05-11 10:00:00.000,H15,LA MACHINE A VOYAGER DANS LE TEMPS,46,42506,10,0,20,11,5,2025
2025-05-11 11:00:00.000,H15,LA MACHINE A VOYAGER DANS LE TEMPS,24,42530,11,0,20,11,5,2025
2025-05-11 12:00:00.000,H15,LA MACHINE A VOYAGER DANS LE TEMPS,34,42554,12,0,20,11,5,2025
2025-05-11 13:00:00.000,H15,LA MACHINE A VOYAGER DANS LE TEMPS,13,42578,13,0,20,11,5,2025
2025-05-11 14:00:00.000,H15,LA MACHINE A VOYAGER DANS LE TEMPS,20,42602,14,0,20,11,5,2025
2025-05-11 15:00:00.000,H15,LA MACHINE A VOYAGER DANS LE TEMPS,23,42626,15,0,20,11,5,2025
2025-05-11 16:00:00.000,H15,LA MACHINE A VOYAGER DANS LE TEMPS,8,42650,16,0,20,11,5,2025
2025-05-11 17:00:00.000,H15,LA MACHINE A VOYAGER DANS LE TEMPS,10,42674,17,0,20,11,5,2025
2025-05-11 18:00:00.000,H15,LA MACHINE A VOYAGER DANS LE TEMPS,13,42698,18,0,20,11,5,2025
2025-05-11 19:00:00.000,H15,LA MACHINE A VOYAGER DANS LE TEMPS,10,42714,19,0,20,11,5,2025
2025-05-11 20:00:00.000,H15,LA MACHINE A VOYAGER DANS LE TEMPS,7,42730,20,0,20,11,5,2025
2025-05-11 21:00:00.000,H15,LA MACHINE A VOYAGER DANS LE TEMPS,7,42746,21,0,20,11,5,2025
2025-05-11 22:00:00.000,H15,LA MACHINE A VOYAGER DANS LE TEMPS,7,42762,22,0,20,11,5,2025
2025-05-11 23:00:00.000,H15,LA MACHINE A VOYAGER DANS LE TEMPS,7,42778,23,0,20,11,5,2025
2025-05-12 00:00:00.000,H15,LA MACHINE A VOYAGER DANS LE TEMPS,7,42794,0,0,20,12,5,2025
2025-05-12 01:00:00.000,H15,LA MACHINE A VOYAGER DANS LE TEMPS,7,42810,1,0,20,12,5,2025
2025-05-12 02:00:00.000,H15,LA MACHINE A VOYAGER DANS LE TEMPS,7,42826,2,0,20,12,5,2025
2025-05-12 03:00:00.000,H15,LA MACHINE A VOYAGER DANS LE TEMPS,7,42842,3,0,20,12,5,2025
2025-05-12 04:00:00.000,H15,LA MACHINE A VOYAGER DANS LE TEMPS,7,42858,4,0,20,12,5,2025
2025-05-12 05:00:00.000,H15,LA MACHINE A VOYAGER DANS LE TEMPS,7,42874,5,0,20,12,5,2025
2025-05-12 06:00:00.000,H15,LA MACHINE A VOYAGER DANS LE TEMPS,7,42890,6,0,20,12,5,2025
2025-05-12 07:00:00.000,H15,LA MACHINE A VOYAGER DANS LE TEMPS,7,42912,7,0,20,12,5,2025
2025-05-12 08:00:00.000,H15,LA MACHINE A VOYAGER DANS LE TEMPS,7,42934,8,0,20,12,5,2025
2025-05-12 09:00:00.000,H15,LA MACHINE A VOYAGER DANS LE TEMPS,3,42956,9,0,20,12,5,2025
2025-05-12 10:00:00.000,H15,LA MACHINE A VOYAGER DANS LE TEMPS,53,42978,10,0,20,12,5,2025
2025-05-12 11:00:00.000,H15,LA MACHINE A VOYAGER DANS LE TEMPS,81,43000,11,0,20,12,5,2025
2025-05-12 12:00:00.000,H15,LA MACHINE A VOYAGER DANS LE TEMPS,53,43022,12,0,20,12,5,2025
2025-05-12 13:00:00.000,H15,LA MACHINE A VOYAGER DANS LE TEMPS,19,43044,13,0,20,12,5,2025
2025-05-12 14:00:00.000,H15,LA MACHINE A VOYAGER DANS LE TEMPS,0,43066,14,0,20,12,5,2025
2025-05-12 15:00:00.000,H15,LA MACHINE A VOYAGER DANS LE TEMPS,42,43088,15,0,20,12,5,2025
2025-05-12 16:00:00.000,H15,LA MACHINE A VOYAGER DANS LE TEMPS,12,43110,16,0,20,12,5,2025
2025-05-12 17:00:00.000,H15,LA MACHINE A VOYAGER DANS LE TEMPS,21,43132,17,0,20,12,5,2025
2025-05-12 18:00:00.000,H15,LA MACHINE A VOYAGER DANS LE TEMPS,23,43154,18,0,20,12,5,2025
2025-05-12 19:00:00.000,H15,LA MACHINE A VOYAGER DANS LE TEMPS,25,43168,19,0,20,12,5,2025
2025-05-12 20:00:00.000,H15,LA MACHINE A VOYAGER DANS LE TEMPS,0,43182,20,0,20,12,5,2025
2025-05-12 21:00:00.000,H15,LA MACHINE A VOYAGER DANS LE TEMPS,0,43196,21,0,20,12,5,2025
2025-05-12 22:00:00.000,H15,LA MACHINE A VOYAGER DANS LE TEMPS,0,43210,22,0,20,12,5,2025
2025-05-12 23:00:00.000,H15,LA MACHINE A VOYAGER DANS LE TEMPS,0,43224,23,0,20,12,5,2025
2025-05-13 00:00:00.000,H15,LA MACHINE A VOYAGER DANS LE TEMPS,0,43238,0,0,20,13,5,2025
2025-05-13 01:00:00.000,H15,LA MACHINE A VOYAGER DANS LE TEMPS,0,43252,1,0,20,13,5,2025
2025-05-13 02:00:00.000,H15,LA MACHINE A VOYAGER DANS LE TEMPS,0,43266,2,0,20,13,5,2025
2025-05-13 03:00:00.000,H15,LA MACHINE A VOYAGER DANS LE TEMPS,0,43280,3,0,20,13,5,2025
2025-05-13 04:00:00.000,H15,LA MACHINE A VOYAGER DANS LE TEMPS,0,43294,4,0,20,13,5,2025
2025-05-13 05:00:00.000,H15,LA MACHINE A VOYAGER DANS LE TEMPS,0,43308,5,0,20,13,5,2025
2025-05-13 06:00:00.000,H15,LA MACHINE A VOYAGER DANS LE TEMPS,0,43322,6,0,20,13,5,2025
2025-05-13 07:00:00.000,H15,LA MACHINE A VOYAGER DANS LE TEMPS,0,43344,7,0,20,13,5,2025
2025-05-13 08:00:00.000,H15,LA MACHINE A VOYAGER DANS LE TEMPS,0,43366,8,0,20,13,5,2025
2025-05-13 09:00:00.000,H15,LA MACHINE A VOYAGER DANS LE TEMPS,0,43388,9,0,20,13,5,2025
2025-05-13 10:00:00.000,H15,LA MACHINE A VOYAGER DANS LE TEMPS,87,43410,10,0,20,13,5,2025
2025-05-13 11:00:00.000,H15,LA MACHINE A VOYAGER DANS LE TEMPS,171,43432,11,0,20,13,5,2025
2025-05-13 12:00:00.000,H15,LA MACHINE A VOYAGER DANS LE TEMPS,145,43454,12,0,20,13,5,2025
2025-05-13 13:00:00.000,H15,LA MACHINE A VOYAGER DANS LE TEMPS,55,43476,13,0,20,13,5,2025
2025-05-13 14:00:00.000,H15,LA MACHINE A VOYAGER DANS LE TEMPS,1,43498,14,0,20,13,5,2025
2025-05-13 15:00:00.000,H15,LA MACHINE A VOYAGER DANS LE TEMPS,45,43520,15,0,20,13,5,2025
2025-05-13 16:00:00.000,H15,LA MACHINE A VOYAGER DANS LE TEMPS,35,43542,16,0,20,13,5,2025
2025-05-13 17:00:00.000,H15,LA MACHINE A VOYAGER DANS LE TEMPS,11,43564,17,0,20,13,5,2025
2025-05-13 18:00:00.000,H15,LA MACHINE A VOYAGER DANS LE TEMPS,12,43586,18,0,20,13,5,2025
2025-05-13 19:00:00.000,H15,LA MACHINE A VOYAGER DANS LE TEMPS,10,43600,19,0,20,13,5,2025
2025-05-13 20:00:00.000,H15,LA MACHINE A VOYAGER DANS LE TEMPS,1,43614,20,0,20,13,5,2025
2025-05-13 21:00:00.000,H15,LA MACHINE A VOYAGER DANS LE TEMPS,0,43628,21,0,20,13,5,2025
2025-05-13 22:00:00.000,H15,LA MACHINE A VOYAGER DANS LE TEMPS,0,43642,22,0,20,13,5,2025
2025-05-13 23:00:00.000,H15,LA MACHINE A VOYAGER DANS LE TEMPS,0,43656,23,0,20,13,5,2025
2025-05-14 00:00:00.000,H15,LA MACHINE A VOYAGER DANS LE TEMPS,0,43670,0,0,20,14,5,2025
2025-05-14 01:00:00.000,H15,LA MACHINE A VOYAGER DANS LE TEMPS,0,43684,1,0,20,14,5,2025
2025-05-14 02:00:00.000,H15,LA MACHINE A VOYAGER DANS LE TEMPS,0,43698,2,0,20,14,5,2025
2025-05-14 03:00:00.000,H15,LA MACHINE A VOYAGER DANS LE TEMPS,0,43712,3,0,20,14,5,2025
2025-05-14 04:00:00.000,H15,LA MACHINE A VOYAGER DANS LE TEMPS,0,43726,4,0,20,14,5,2025
2025-05-14 05:00:00.000,H15,LA MACHINE A VOYAGER DANS LE TEMPS,0,43740,5,0,20,14,5,2025
2025-05-14 06:00:00.000,H15,LA MACHINE A VOYAGER DANS LE TEMPS,0,43754,6,0,20,14,5,2025
2025-05-14 07:00:00.000,H15,LA MACHINE A VOYAGER DANS LE TEMPS,0,43776,7,0,20,14,5,2025
2025-05-14 08:00:00.000,H15,LA MACHINE A VOYAGER DANS LE TEMPS,0,43798,8,0,20,14,5,2025
2025-05-14 09:00:00.000,H15,LA MACHINE A VOYAGER DANS LE TEMPS,0,43820,9,0,20,14,5,2025
2025-05-14 10:00:00.000,H15,LA MACHINE A VOYAGER DANS LE TEMPS,69,43842,10,0,20,14,5,2025
2025-05-14 11:00:00.000,H15,LA MACHINE A VOYAGER DANS LE TEMPS,71,43864,11,0,20,14,5,2025
2025-05-14 12:00:00.000,H15,LA MACHINE A VOYAGER DANS LE TEMPS,99,43886,12,0,20,14,5,2025
2025-05-14 13:00:00.000,H15,LA MACHINE A VOYAGER DANS LE TEMPS,10,43908,13,0,20,14,5,2025
2025-05-14 14:00:00.000,H15,LA MACHINE A VOYAGER DANS LE TEMPS,0,43930,14,0,20,14,5,2025
2025-05-14 15:00:00.000,H15,LA MACHINE A VOYAGER DANS LE TEMPS,208,43952,15,0,20,14,5,2025
2025-05-14 16:00:00.000,H15,LA MACHINE A VOYAGER DANS LE TEMPS,65,43974,16,0,20,14,5,2025
2025-05-14 17:00:00.000,H15,LA MACHINE A VOYAGER DANS LE TEMPS,20,43996,17,0,20,14,5,2025
2025-05-14 18:00:00.000,H15,LA MACHINE A VOYAGER DANS LE TEMPS,31,44018,18,0,20,14,5,2025
2025-05-14 19:00:00.000,H15,LA MACHINE A VOYAGER DANS LE TEMPS,20,44032,19,0,20,14,5,2025
2025-05-14 20:00:00.000,H15,LA MACHINE A VOYAGER DANS LE TEMPS,12,44046,20,0,20,14,5,2025
2025-05-14 21:00:00.000,H15,LA MACHINE A VOYAGER DANS LE TEMPS,12,44060,21,0,20,14,5,2025
2025-05-14 22:00:00.000,H15,LA MACHINE A VOYAGER DANS LE TEMPS,12,44074,22,0,20,14,5,2025
2025-05-14 23:00:00.000,H15,LA MACHINE A VOYAGER DANS LE TEMPS,12,44088,23,0,20,14,5,2025
2025-05-15 00:00:00.000,H15,LA MACHINE A VOYAGER DANS LE TEMPS,12,44102,0,0,20,15,5,2025
2025-05-15 01:00:00.000,H15,LA MACHINE A VOYAGER DANS LE TEMPS,12,44116,1,0,20,15,5,2025
2025-05-15 02:00:00.000,H15,LA MACHINE A VOYAGER DANS LE TEMPS,12,44130,2,0,20,15,5,2025
2025-05-15 03:00:00.000,H15,LA MACHINE A VOYAGER DANS LE TEMPS,12,44144,3,0,20,15,5,2025
2025-05-15 04:00:00.000,H15,LA MACHINE A VOYAGER DANS LE TEMPS,12,44158,4,0,20,15,5,2025
2025-05-15 05:00:00.000,H15,LA MACHINE A VOYAGER DANS LE TEMPS,12,44172,5,0,20,15,5,2025
2025-05-15 06:00:00.000,H15,LA MACHINE A VOYAGER DANS LE TEMPS,12,44186,6,0,20,15,5,2025
2025-05-15 07:00:00.000,H15,LA MACHINE A VOYAGER DANS LE TEMPS,12,44208,7,0,20,15,5,2025
2025-05-15 08:00:00.000,H15,LA MACHINE A VOYAGER DANS LE TEMPS,12,44230,8,0,20,15,5,2025
2025-05-15 09:00:00.000,H15,LA MACHINE A VOYAGER DANS LE TEMPS,1,44252,9,0,20,15,5,2025
2025-05-15 10:00:00.000,H15,LA MACHINE A VOYAGER DANS LE TEMPS,56,44274,10,0,20,15,5,2025
2025-05-15 11:00:00.000,H15,LA MACHINE A VOYAGER DANS LE TEMPS,38,44296,11,0,20,15,5,2025
2025-05-15 12:00:00.000,H15,LA MACHINE A VOYAGER DANS LE TEMPS,17,44318,12,0,20,15,5,2025
2025-05-15 13:00:00.000,H15,LA MACHINE A VOYAGER DANS LE TEMPS,5,44340,13,0,20,15,5,2025
2025-05-15 14:00:00.000,H15,LA MACHINE A VOYAGER DANS LE TEMPS,0,44362,14,0,20,15,5,2025
2025-05-15 15:00:00.000,H15,LA MACHINE A VOYAGER DANS LE TEMPS,86,44384,15,0,20,15,5,2025
2025-05-15 16:00:00.000,H15,LA MACHINE A VOYAGER DANS LE TEMPS,33,44406,16,0,20,15,5,2025
2025-05-15 17:00:00.000,H15,LA MACHINE A VOYAGER DANS LE TEMPS,27,44428,17,0,20,15,5,2025
2025-05-15 18:00:00.000,H15,LA MACHINE A VOYAGER DANS LE TEMPS,8,44450,18,0,20,15,5,2025
2025-05-15 19:00:00.000,H15,LA MACHINE A VOYAGER DANS LE TEMPS,7,44464,19,0,20,15,5,2025
2025-05-15 20:00:00.000,H15,LA MACHINE A VOYAGER DANS LE TEMPS,0,44478,20,0,20,15,5,2025
2025-05-15 21:00:00.000,H15,LA MACHINE A VOYAGER DANS LE TEMPS,0,44492,21,0,20,15,5,2025
2025-05-15 22:00:00.000,H15,LA MACHINE A VOYAGER DANS LE TEMPS,0,44506,22,0,20,15,5,2025
2025-05-15 23:00:00.000,H15,LA MACHINE A VOYAGER DANS LE TEMPS,0,44520,23,0,20,15,5,2025
2025-05-16 00:00:00.000,H15,LA MACHINE A VOYAGER DANS LE TEMPS,0,44534,0,0,20,16,5,2025
2025-05-16 01:00:00.000,H15,LA MACHINE A VOYAGER DANS LE TEMPS,0,44548,1,0,20,16,5,2025
2025-05-16 02:00:00.000,H15,LA MACHINE A VOYAGER DANS LE TEMPS,0,44562,2,0,20,16,5,2025
2025-05-16 03:00:00.000,H15,LA MACHINE A VOYAGER DANS LE TEMPS,0,44576,3,0,20,16,5,2025
2025-05-16 04:00:00.000,H15,LA MACHINE A VOYAGER DANS LE TEMPS,0,44590,4,0,20,16,5,2025
2025-05-16 05:00:00.000,H15,LA MACHINE A VOYAGER DANS LE TEMPS,0,44604,5,0,20,16,5,2025
2025-05-16 06:00:00.000,H15,LA MACHINE A VOYAGER DANS LE TEMPS,0,44618,6,0,20,16,5,2025
2025-05-16 07:00:00.000,H15,LA MACHINE A VOYAGER DANS LE TEMPS,0,44640,7,0,20,16,5,2025
2025-05-16 08:00:00.000,H15,LA MACHINE A VOYAGER DANS LE TEMPS,0,44662,8,0,20,16,5,2025
2025-05-16 09:00:00.000,H15,LA MACHINE A VOYAGER DANS LE TEMPS,0,44684,9,0,20,16,5,2025
2025-05-16 10:00:00.000,H15,LA MACHINE A VOYAGER DANS LE TEMPS,130,44706,10,0,20,16,5,2025
2025-05-16 11:00:00.000,H15,LA MACHINE A VOYAGER DANS LE TEMPS,154,44728,11,0,20,16,5,2025
2025-05-16 12:00:00.000,H15,LA MACHINE A VOYAGER DANS LE TEMPS,74,44750,12,0,20,16,5,2025
2025-05-16 13:00:00.000,H15,LA MACHINE A VOYAGER DANS LE TEMPS,34,44772,13,0,20,16,5,2025
2025-05-16 14:00:00.000,H15,LA MACHINE A VOYAGER DANS LE TEMPS,0,44794,14,0,20,16,5,2025
2025-05-16 15:00:00.000,H15,LA MACHINE A VOYAGER DANS LE TEMPS,72,44816,15,0,20,16,5,2025
2025-05-16 16:00:00.000,H15,LA MACHINE A VOYAGER DANS LE TEMPS,18,44838,16,0,20,16,5,2025
2025-05-16 17:00:00.000,H15,LA MACHINE A VOYAGER DANS LE TEMPS,23,44860,17,0,20,16,5,2025
2025-05-16 18:00:00.000,H15,LA MACHINE A VOYAGER DANS LE TEMPS,48,44882,18,0,20,16,5,2025
2025-05-16 19:00:00.000,H15,LA MACHINE A VOYAGER DANS LE TEMPS,29,44896,19,0,20,16,5,2025
2025-05-16 20:00:00.000,H15,LA MACHINE A VOYAGER DANS LE TEMPS,20,44910,20,0,20,16,5,2025
2025-05-16 21:00:00.000,H15,LA MACHINE A VOYAGER DANS LE TEMPS,20,44924,21,0,20,16,5,2025
2025-05-16 22:00:00.000,H15,LA MACHINE A VOYAGER DANS LE TEMPS,20,44938,22,0,20,16,5,2025
2025-05-16 23:00:00.000,H15,LA MACHINE A VOYAGER DANS LE TEMPS,20,44952,23,0,20,16,5,2025
2025-05-17 00:00:00.000,H15,LA MACHINE A VOYAGER DANS LE TEMPS,20,44966,0,0,20,17,5,2025
2025-05-17 01:00:00.000,H15,LA MACHINE A VOYAGER DANS LE TEMPS,20,44980,1,0,20,17,5,2025
2025-05-17 02:00:00.000,H15,LA MACHINE A VOYAGER DANS LE TEMPS,20,44994,2,0,20,17,5,2025
2025-05-17 03:00:00.000,H15,LA MACHINE A VOYAGER DANS LE TEMPS,20,45008,3,0,20,17,5,2025
2025-05-17 04:00:00.000,H15,LA MACHINE A VOYAGER DANS LE TEMPS,20,45022,4,0,20,17,5,2025
2025-05-17 05:00:00.000,H15,LA MACHINE A VOYAGER DANS LE TEMPS,20,45036,5,0,20,17,5,2025
2025-05-17 06:00:00.000,H15,LA MACHINE A VOYAGER DANS LE TEMPS,20,45050,6,0,20,17,5,2025
2025-05-17 07:00:00.000,H15,LA MACHINE A VOYAGER DANS LE TEMPS,20,45074,7,0,20,17,5,2025
2025-05-17 08:00:00.000,H15,LA MACHINE A VOYAGER DANS LE TEMPS,13,45098,8,0,20,17,5,2025
2025-05-17 09:00:00.000,H15,LA MACHINE A VOYAGER DANS LE TEMPS,15,45122,9,0,20,17,5,2025
2025-05-17 10:00:00.000,H15,LA MACHINE A VOYAGER DANS LE TEMPS,445,45146,10,0,20,17,5,2025
2025-05-17 11:00:00.000,H15,LA MACHINE A VOYAGER DANS LE TEMPS,699,45170,11,0,20,17,5,2025
2025-05-17 12:00:00.000,H15,LA MACHINE A VOYAGER DANS LE TEMPS,561,45194,12,0,20,17,5,2025
2025-05-17 13:00:00.000,H15,LA MACHINE A VOYAGER DANS LE TEMPS,450,45218,13,0,20,17,5,2025
2025-05-17 14:00:00.000,H15,LA MACHINE A VOYAGER DANS LE TEMPS,488,45242,14,0,20,17,5,2025
2025-05-17 15:00:00.000,H15,LA MACHINE A VOYAGER DANS LE TEMPS,525,45266,15,0,20,17,5,2025
2025-05-17 16:00:00.000,H15,LA MACHINE A VOYAGER DANS LE TEMPS,484,45290,16,0,20,17,5,2025
2025-05-17 17:00:00.000,H15,LA MACHINE A VOYAGER DANS LE TEMPS,497,45314,17,0,20,17,5,2025
2025-05-17 18:00:00.000,H15,LA MACHINE A VOYAGER DANS LE TEMPS,362,45338,18,0,20,17,5,2025
2025-05-17 19:00:00.000,H15,LA MACHINE A VOYAGER DANS LE TEMPS,192,45362,19,0,20,17,5,2025
2025-05-17 20:00:00.000,H15,LA MACHINE A VOYAGER DANS LE TEMPS,118,45386,20,0,20,17,5,2025
2025-05-17 21:00:00.000,H15,LA MACHINE A VOYAGER DANS LE TEMPS,19,45410,21,0,20,17,5,2025
2025-05-17 22:00:00.000,H15,LA MACHINE A VOYAGER DANS LE TEMPS,0,45426,22,0,20,17,5,2025
2025-05-17 23:00:00.000,H15,LA MACHINE A VOYAGER DANS LE TEMPS,0,45442,23,0,20,17,5,2025
2025-05-18 00:00:00.000,H15,LA MACHINE A VOYAGER DANS LE TEMPS,0,45458,0,0,21,18,5,2025
2025-05-18 01:00:00.000,H15,LA MACHINE A VOYAGER DANS LE TEMPS,0,45474,1,0,21,18,5,2025
2025-05-18 02:00:00.000,H15,LA MACHINE A VOYAGER DANS LE TEMPS,0,45490,2,0,21,18,5,2025
2025-05-18 03:00:00.000,H15,LA MACHINE A VOYAGER DANS LE TEMPS,0,45506,3,0,21,18,5,2025
2025-05-18 04:00:00.000,H15,LA MACHINE A VOYAGER DANS LE TEMPS,0,45522,4,0,21,18,5,2025
2025-05-18 05:00:00.000,H15,LA MACHINE A VOYAGER DANS LE TEMPS,0,45538,5,0,21,18,5,2025
2025-05-18 06:00:00.000,H15,LA MACHINE A VOYAGER DANS LE TEMPS,0,45554,6,0,21,18,5,2025
2025-05-18 07:00:00.000,H15,LA MACHINE A VOYAGER DANS LE TEMPS,0,45578,7,0,21,18,5,2025
2025-05-18 08:00:00.000,H15,LA MACHINE A VOYAGER DANS LE TEMPS,0,45602,8,0,21,18,5,2025
2025-05-18 09:00:00.000,H15,LA MACHINE A VOYAGER DANS LE TEMPS,9,45626,9,0,21,18,5,2025
2025-05-18 10:00:00.000,H15,LA MACHINE A VOYAGER DANS LE TEMPS,263,45650,10,0,21,18,5,2025
2025-05-18 11:00:00.000,H15,LA MACHINE A VOYAGER DANS LE TEMPS,252,45674,11,0,21,18,5,2025
2025-05-18 12:00:00.000,H15,LA MACHINE A VOYAGER DANS LE TEMPS,22,45698,12,0,21,18,5,2025
2025-05-18 13:00:00.000,H15,LA MACHINE A VOYAGER DANS LE TEMPS,21,45722,13,0,21,18,5,2025
2025-05-18 14:00:00.000,H15,LA MACHINE A VOYAGER DANS LE TEMPS,48,45746,14,0,21,18,5,2025
2025-05-18 15:00:00.000,H15,LA MACHINE A VOYAGER DANS LE TEMPS,34,45770,15,0,21,18,5,2025
2025-05-18 16:00:00.000,H15,LA MACHINE A VOYAGER DANS LE TEMPS,20,45794,16,0,21,18,5,2025
2025-05-18 17:00:00.000,H15,LA MACHINE A VOYAGER DANS LE TEMPS,30,45818,17,0,21,18,5,2025
2025-05-18 18:00:00.000,H15,LA MACHINE A VOYAGER DANS LE TEMPS,28,45842,18,0,21,18,5,2025
2025-05-18 19:00:00.000,H15,LA MACHINE A VOYAGER DANS LE TEMPS,4,45858,19,0,21,18,5,2025
2025-05-18 20:00:00.000,H15,LA MACHINE A VOYAGER DANS LE TEMPS,0,45874,20,0,21,18,5,2025
2025-05-18 21:00:00.000,H15,LA MACHINE A VOYAGER DANS LE TEMPS,0,45890,21,0,21,18,5,2025
2025-05-18 22:00:00.000,H15,LA MACHINE A VOYAGER DANS LE TEMPS,0,45906,22,0,21,18,5,2025
2025-05-18 23:00:00.000,H15,LA MACHINE A VOYAGER DANS LE TEMPS,0,45922,23,0,21,18,5,2025
2025-05-19 00:00:00.000,H15,LA MACHINE A VOYAGER DANS LE TEMPS,0,45938,0,0,21,19,5,2025
2025-05-19 01:00:00.000,H15,LA MACHINE A VOYAGER DANS LE TEMPS,0,45954,1,0,21,19,5,2025
2025-05-19 02:00:00.000,H15,LA MACHINE A VOYAGER DANS LE TEMPS,0,45970,2,0,21,19,5,2025
2025-05-19 03:00:00.000,H15,LA MACHINE A VOYAGER DANS LE TEMPS,0,45986,3,0,21,19,5,2025
2025-05-19 04:00:00.000,H15,LA MACHINE A VOYAGER DANS LE TEMPS,0,46002,4,0,21,19,5,2025
2025-05-19 05:00:00.000,H15,LA MACHINE A VOYAGER DANS LE TEMPS,0,46018,5,0,21,19,5,2025
2025-05-19 06:00:00.000,H15,LA MACHINE A VOYAGER DANS LE TEMPS,0,46034,6,0,21,19,5,2025
2025-05-19 07:00:00.000,H15,LA MACHINE A VOYAGER DANS LE TEMPS,0,46056,7,0,21,19,5,2025
2025-05-19 08:00:00.000,H15,LA MACHINE A VOYAGER DANS LE TEMPS,0,46078,8,0,21,19,5,2025
2025-05-19 09:00:00.000,H15,LA MACHINE A VOYAGER DANS LE TEMPS,0,46100,9,0,21,19,5,2025
2025-05-19 10:00:00.000,H15,LA MACHINE A VOYAGER DANS LE TEMPS,69,46122,10,0,21,19,5,2025
2025-05-19 11:00:00.000,H15,LA MACHINE A VOYAGER DANS LE TEMPS,25,46144,11,0,21,19,5,2025
2025-05-19 12:00:00.000,H15,LA MACHINE A VOYAGER DANS LE TEMPS,57,46166,12,0,21,19,5,2025
2025-05-19 13:00:00.000,H15,LA MACHINE A VOYAGER DANS LE TEMPS,5,46188,13,0,21,19,5,2025
2025-05-19 14:00:00.000,H15,LA MACHINE A VOYAGER DANS LE TEMPS,0,46210,14,0,21,19,5,2025
2025-05-19 15:00:00.000,H15,LA MACHINE A VOYAGER DANS LE TEMPS,55,46232,15,0,21,19,5,2025
2025-05-19 16:00:00.000,H15,LA MACHINE A VOYAGER DANS LE TEMPS,22,46254,16,0,21,19,5,2025
2025-05-19 17:00:00.000,H15,LA MACHINE A VOYAGER DANS LE TEMPS,22,46276,17,0,21,19,5,2025
2025-05-19 18:00:00.000,H15,LA MACHINE A VOYAGER DANS LE TEMPS,11,46298,18,0,21,19,5,2025
2025-05-19 19:00:00.000,H15,LA MACHINE A VOYAGER DANS LE TEMPS,4,46312,19,0,21,19,5,2025
2025-05-19 20:00:00.000,H15,LA MACHINE A VOYAGER DANS LE TEMPS,0,46326,20,0,21,19,5,2025
2025-05-19 21:00:00.000,H15,LA MACHINE A VOYAGER DANS LE TEMPS,0,46340,21,0,21,19,5,2025
2025-05-19 22:00:00.000,H15,LA MACHINE A VOYAGER DANS LE TEMPS,0,46354,22,0,21,19,5,2025
2025-05-19 23:00:00.000,H15,LA MACHINE A VOYAGER DANS LE TEMPS,0,46368,23,0,21,19,5,2025
2025-05-20 00:00:00.000,H15,LA MACHINE A VOYAGER DANS LE TEMPS,0,46382,0,0,21,20,5,2025
2025-05-20 01:00:00.000,H15,LA MACHINE A VOYAGER DANS LE TEMPS,0,46396,1,0,21,20,5,2025
2025-05-20 02:00:00.000,H15,LA MACHINE A VOYAGER DANS LE TEMPS,0,46410,2,0,21,20,5,2025
2025-05-20 03:00:00.000,H15,LA MACHINE A VOYAGER DANS LE TEMPS,0,46424,3,0,21,20,5,2025
2025-05-20 04:00:00.000,H15,LA MACHINE A VOYAGER DANS LE TEMPS,0,46438,4,0,21,20,5,2025
2025-05-20 05:00:00.000,H15,LA MACHINE A VOYAGER DANS LE TEMPS,0,46452,5,0,21,20,5,2025
2025-05-20 06:00:00.000,H15,LA MACHINE A VOYAGER DANS LE TEMPS,0,46466,6,0,21,20,5,2025
2025-05-20 07:00:00.000,H15,LA MACHINE A VOYAGER DANS LE TEMPS,0,46488,7,0,21,20,5,2025
2025-05-20 08:00:00.000,H15,LA MACHINE A VOYAGER DANS LE TEMPS,0,46510,8,0,21,20,5,2025
2025-05-20 09:00:00.000,H15,LA MACHINE A VOYAGER DANS LE TEMPS,0,46532,9,0,21,20,5,2025
2025-05-20 10:00:00.000,H15,LA MACHINE A VOYAGER DANS LE TEMPS,163,46554,10,0,21,20,5,2025
2025-05-20 11:00:00.000,H15,LA MACHINE A VOYAGER DANS LE TEMPS,148,46576,11,0,21,20,5,2025
2025-05-20 12:00:00.000,H15,LA MACHINE A VOYAGER DANS LE TEMPS,29,46598,12,0,21,20,5,2025
2025-05-20 13:00:00.000,H15,LA MACHINE A VOYAGER DANS LE TEMPS,6,46620,13,0,21,20,5,2025
2025-05-20 14:00:00.000,H15,LA MACHINE A VOYAGER DANS LE TEMPS,0,46642,14,0,21,20,5,2025
2025-05-20 15:00:00.000,H15,LA MACHINE A VOYAGER DANS LE TEMPS,37,46664,15,0,21,20,5,2025
2025-05-20 16:00:00.000,H15,LA MACHINE A VOYAGER DANS LE TEMPS,17,46686,16,0,21,20,5,2025
2025-05-20 17:00:00.000,H15,LA MACHINE A VOYAGER DANS LE TEMPS,18,46708,17,0,21,20,5,2025
2025-05-20 18:00:00.000,H15,LA MACHINE A VOYAGER DANS LE TEMPS,6,46730,18,0,21,20,5,2025
2025-05-20 19:00:00.000,H15,LA MACHINE A VOYAGER DANS LE TEMPS,3,46744,19,0,21,20,5,2025
2025-05-20 20:00:00.000,H15,LA MACHINE A VOYAGER DANS LE TEMPS,0,46758,20,0,21,20,5,2025
2025-05-20 21:00:00.000,H15,LA MACHINE A VOYAGER DANS LE TEMPS,0,46772,21,0,21,20,5,2025
2025-05-20 22:00:00.000,H15,LA MACHINE A VOYAGER DANS LE TEMPS,0,46786,22,0,21,20,5,2025
2025-05-20 23:00:00.000,H15,LA MACHINE A VOYAGER DANS LE TEMPS,0,46800,23,0,21,20,5,2025
2025-05-21 00:00:00.000,H15,LA MACHINE A VOYAGER DANS LE TEMPS,0,46814,0,0,21,21,5,2025
2025-05-21 01:00:00.000,H15,LA MACHINE A VOYAGER DANS LE TEMPS,0,46828,1,0,21,21,5,2025
2025-05-21 02:00:00.000,H15,LA MACHINE A VOYAGER DANS LE TEMPS,0,46842,2,0,21,21,5,2025
2025-05-21 03:00:00.000,H15,LA MACHINE A VOYAGER DANS LE TEMPS,0,46856,3,0,21,21,5,2025
2025-05-21 04:00:00.000,H15,LA MACHINE A VOYAGER DANS LE TEMPS,0,46870,4,0,21,21,5,2025
2025-05-21 05:00:00.000,H15,LA MACHINE A VOYAGER DANS LE TEMPS,0,46884,5,0,21,21,5,2025
2025-05-21 06:00:00.000,H15,LA MACHINE A VOYAGER DANS LE TEMPS,0,46898,6,0,21,21,5,2025
2025-05-21 07:00:00.000,H15,LA MACHINE A VOYAGER DANS LE TEMPS,0,46920,7,0,21,21,5,2025
2025-05-21 08:00:00.000,H15,LA MACHINE A VOYAGER DANS LE TEMPS,0,46942,8,0,21,21,5,2025
2025-05-21 09:00:00.000,H15,LA MACHINE A VOYAGER DANS LE TEMPS,0,46964,9,0,21,21,5,2025
2025-05-21 10:00:00.000,H15,LA MACHINE A VOYAGER DANS LE TEMPS,37,46986,10,0,21,21,5,2025
2025-05-21 11:00:00.000,H15,LA MACHINE A VOYAGER DANS LE TEMPS,46,47008,11,0,21,21,5,2025
2025-05-21 12:00:00.000,H15,LA MACHINE A VOYAGER DANS LE TEMPS,22,47030,12,0,21,21,5,2025
2025-05-21 13:00:00.000,H15,LA MACHINE A VOYAGER DANS LE TEMPS,13,47052,13,0,21,21,5,2025
2025-05-21 14:00:00.000,H15,LA MACHINE A VOYAGER DANS LE TEMPS,5,47074,14,0,21,21,5,2025
2025-05-21 15:00:00.000,H15,LA MACHINE A VOYAGER DANS LE TEMPS,63,47096,15,0,21,21,5,2025
2025-05-21 16:00:00.000,H15,LA MACHINE A VOYAGER DANS LE TEMPS,20,47118,16,0,21,21,5,2025
2025-05-21 17:00:00.000,H15,LA MACHINE A VOYAGER DANS LE TEMPS,18,47140,17,0,21,21,5,2025
2025-05-21 18:00:00.000,H15,LA MACHINE A VOYAGER DANS LE TEMPS,18,47162,18,0,21,21,5,2025
2025-05-21 19:00:00.000,H15,LA MACHINE A VOYAGER DANS LE TEMPS,15,47176,19,0,21,21,5,2025
2025-05-21 20:00:00.000,H15,LA MACHINE A VOYAGER DANS LE TEMPS,1,47190,20,0,21,21,5,2025
2025-05-21 21:00:00.000,H15,LA MACHINE A VOYAGER DANS LE TEMPS,0,47204,21,0,21,21,5,2025
2025-05-21 22:00:00.000,H15,LA MACHINE A VOYAGER DANS LE TEMPS,0,47218,22,0,21,21,5,2025
2025-05-21 23:00:00.000,H15,LA MACHINE A VOYAGER DANS LE TEMPS,0,47232,23,0,21,21,5,2025
2025-05-22 00:00:00.000,H15,LA MACHINE A VOYAGER DANS LE TEMPS,0,47246,0,0,21,22,5,2025
2025-05-22 01:00:00.000,H15,LA MACHINE A VOYAGER DANS LE TEMPS,0,47260,1,0,21,22,5,2025
2025-05-22 02:00:00.000,H15,LA MACHINE A VOYAGER DANS LE TEMPS,0,47274,2,0,21,22,5,2025
2025-05-22 03:00:00.000,H15,LA MACHINE A VOYAGER DANS LE TEMPS,0,47288,3,0,21,22,5,2025
2025-05-22 04:00:00.000,H15,LA MACHINE A VOYAGER DANS LE TEMPS,0,47302,4,0,21,22,5,2025
2025-05-22 05:00:00.000,H15,LA MACHINE A VOYAGER DANS LE TEMPS,0,47316,5,0,21,22,5,2025
2025-05-22 06:00:00.000,H15,LA MACHINE A VOYAGER DANS LE TEMPS,0,47330,6,0,21,22,5,2025
2025-05-22 07:00:00.000,H15,LA MACHINE A VOYAGER DANS LE TEMPS,0,47352,7,0,21,22,5,2025
2025-05-22 08:00:00.000,H15,LA MACHINE A VOYAGER DANS LE TEMPS,0,47374,8,0,21,22,5,2025
2025-05-22 09:00:00.000,H15,LA MACHINE A VOYAGER DANS LE TEMPS,0,47396,9,0,21,22,5,2025
2025-05-22 10:00:00.000,H15,LA MACHINE A VOYAGER DANS LE TEMPS,39,47418,10,0,21,22,5,2025
2025-05-22 11:00:00.000,H15,LA MACHINE A VOYAGER DANS LE TEMPS,33,47440,11,0,21,22,5,2025
2025-05-22 12:00:00.000,H15,LA MACHINE A VOYAGER DANS LE TEMPS,30,47462,12,0,21,22,5,2025
2025-05-22 13:00:00.000,H15,LA MACHINE A VOYAGER DANS LE TEMPS,18,47484,13,0,21,22,5,2025
2025-05-22 14:00:00.000,H15,LA MACHINE A VOYAGER DANS LE TEMPS,0,47506,14,0,21,22,5,2025
2025-05-22 15:00:00.000,H15,LA MACHINE A VOYAGER DANS LE TEMPS,65,47528,15,0,21,22,5,2025
2025-05-22 16:00:00.000,H15,LA MACHINE A VOYAGER DANS LE TEMPS,16,47550,16,0,21,22,5,2025
2025-05-22 17:00:00.000,H15,LA MACHINE A VOYAGER DANS LE TEMPS,18,47572,17,0,21,22,5,2025
2025-05-22 18:00:00.000,H15,LA MACHINE A VOYAGER DANS LE TEMPS,14,47594,18,0,21,22,5,2025
2025-05-22 19:00:00.000,H15,LA MACHINE A VOYAGER DANS LE TEMPS,9,47608,19,0,21,22,5,2025
2025-05-22 20:00:00.000,H15,LA MACHINE A VOYAGER DANS LE TEMPS,0,47622,20,0,21,22,5,2025
2025-05-22 21:00:00.000,H15,LA MACHINE A VOYAGER DANS LE TEMPS,0,47636,21,0,21,22,5,2025
2025-05-22 22:00:00.000,H15,LA MACHINE A VOYAGER DANS LE TEMPS,0,47650,22,0,21,22,5,2025
2025-05-22 23:00:00.000,H15,LA MACHINE A VOYAGER DANS LE TEMPS,0,47664,23,0,21,22,5,2025
2025-05-23 00:00:00.000,H15,LA MACHINE A VOYAGER DANS LE TEMPS,0,47678,0,0,21,23,5,2025
2025-05-23 01:00:00.000,H15,LA MACHINE A VOYAGER DANS LE TEMPS,0,47692,1,0,21,23,5,2025
2025-05-23 02:00:00.000,H15,LA MACHINE A VOYAGER DANS LE TEMPS,0,47706,2,0,21,23,5,2025
2025-05-23 03:00:00.000,H15,LA MACHINE A VOYAGER DANS LE TEMPS,0,47720,3,0,21,23,5,2025
2025-05-23 04:00:00.000,H15,LA MACHINE A VOYAGER DANS LE TEMPS,0,47734,4,0,21,23,5,2025
2025-05-23 05:00:00.000,H15,LA MACHINE A VOYAGER DANS LE TEMPS,0,47748,5,0,21,23,5,2025
2025-05-23 06:00:00.000,H15,LA MACHINE A VOYAGER DANS LE TEMPS,0,47762,6,0,21,23,5,2025
2025-05-23 07:00:00.000,H15,LA MACHINE A VOYAGER DANS LE TEMPS,0,47784,7,0,21,23,5,2025
2025-05-23 08:00:00.000,H15,LA MACHINE A VOYAGER DANS LE TEMPS,0,47806,8,0,21,23,5,2025
2025-05-23 09:00:00.000,H15,LA MACHINE A VOYAGER DANS LE TEMPS,0,47828,9,0,21,23,5,2025
2025-05-23 10:00:00.000,H15,LA MACHINE A VOYAGER DANS LE TEMPS,65,47850,10,0,21,23,5,2025
2025-05-23 11:00:00.000,H15,LA MACHINE A VOYAGER DANS LE TEMPS,49,47872,11,0,21,23,5,2025
2025-05-23 12:00:00.000,H15,LA MACHINE A VOYAGER DANS LE TEMPS,30,47894,12,0,21,23,5,2025
2025-05-23 13:00:00.000,H15,LA MACHINE A VOYAGER DANS LE TEMPS,16,47916,13,0,21,23,5,2025
2025-05-23 14:00:00.000,H15,LA MACHINE A VOYAGER DANS LE TEMPS,14,47938,14,0,21,23,5,2025
2025-05-23 15:00:00.000,H15,LA MACHINE A VOYAGER DANS LE TEMPS,85,47960,15,0,21,23,5,2025
2025-05-23 16:00:00.000,H15,LA MACHINE A VOYAGER DANS LE TEMPS,28,47982,16,0,21,23,5,2025
2025-05-23 17:00:00.000,H15,LA MACHINE A VOYAGER DANS LE TEMPS,17,48004,17,0,21,23,5,2025
2025-05-23 18:00:00.000,H15,LA MACHINE A VOYAGER DANS LE TEMPS,19,48026,18,0,21,23,5,2025
2025-05-23 19:00:00.000,H15,LA MACHINE A VOYAGER DANS LE TEMPS,10,48040,19,0,21,23,5,2025
2025-05-23 20:00:00.000,H15,LA MACHINE A VOYAGER DANS LE TEMPS,0,48054,20,0,21,23,5,2025
2025-05-23 21:00:00.000,H15,LA MACHINE A VOYAGER DANS LE TEMPS,0,48068,21,0,21,23,5,2025
2025-05-23 22:00:00.000,H15,LA MACHINE A VOYAGER DANS LE TEMPS,0,48082,22,0,21,23,5,2025
2025-05-23 23:00:00.000,H15,LA MACHINE A VOYAGER DANS LE TEMPS,0,48096,23,0,21,23,5,2025
2025-05-24 00:00:00.000,H15,LA MACHINE A VOYAGER DANS LE TEMPS,0,48110,0,0,21,24,5,2025
2025-05-24 01:00:00.000,H15,LA MACHINE A VOYAGER DANS LE TEMPS,0,48124,1,0,21,24,5,2025
2025-05-24 02:00:00.000,H15,LA MACHINE A VOYAGER DANS LE TEMPS,0,48138,2,0,21,24,5,2025
2025-05-24 03:00:00.000,H15,LA MACHINE A VOYAGER DANS LE TEMPS,0,48152,3,0,21,24,5,2025
2025-05-24 04:00:00.000,H15,LA MACHINE A VOYAGER DANS LE TEMPS,0,48166,4,0,21,24,5,2025
2025-05-24 05:00:00.000,H15,LA MACHINE A VOYAGER DANS LE TEMPS,0,48180,5,0,21,24,5,2025
2025-05-24 06:00:00.000,H15,LA MACHINE A VOYAGER DANS LE TEMPS,0,48194,6,0,21,24,5,2025
2025-05-24 07:00:00.000,H15,LA MACHINE A VOYAGER DANS LE TEMPS,0,48218,7,0,21,24,5,2025
2025-05-24 08:00:00.000,H15,LA MACHINE A VOYAGER DANS LE TEMPS,0,48242,8,0,21,24,5,2025
2025-05-24 09:00:00.000,H15,LA MACHINE A VOYAGER DANS LE TEMPS,35,48266,9,0,21,24,5,2025
2025-05-24 10:00:00.000,H15,LA MACHINE A VOYAGER DANS LE TEMPS,688,48290,10,0,21,24,5,2025
2025-05-24 11:00:00.000,H15,LA MACHINE A VOYAGER DANS LE TEMPS,631,48314,11,0,21,24,5,2025
2025-05-24 12:00:00.000,H15,LA MACHINE A VOYAGER DANS LE TEMPS,424,48338,12,0,21,24,5,2025
2025-05-24 13:00:00.000,H15,LA MACHINE A VOYAGER DANS LE TEMPS,239,48362,13,0,21,24,5,2025
2025-05-24 14:00:00.000,H15,LA MACHINE A VOYAGER DANS LE TEMPS,214,48386,14,0,21,24,5,2025
2025-05-24 15:00:00.000,H15,LA MACHINE A VOYAGER DANS LE TEMPS,308,48410,15,0,21,24,5,2025
2025-05-24 16:00:00.000,H15,LA MACHINE A VOYAGER DANS LE TEMPS,321,48434,16,0,21,24,5,2025
2025-05-24 17:00:00.000,H15,LA MACHINE A VOYAGER DANS LE TEMPS,348,48458,17,0,21,24,5,2025
2025-05-24 18:00:00.000,H15,LA MACHINE A VOYAGER DANS LE TEMPS,144,48482,18,0,21,24,5,2025
2025-05-24 19:00:00.000,H15,LA MACHINE A VOYAGER DANS LE TEMPS,12,48506,19,0,21,24,5,2025
2025-05-24 20:00:00.000,H15,LA MACHINE A VOYAGER DANS LE TEMPS,26,48530,20,0,21,24,5,2025
2025-05-24 21:00:00.000,H15,LA MACHINE A VOYAGER DANS LE TEMPS,7,48554,21,0,21,24,5,2025
2025-05-24 22:00:00.000,H15,LA MACHINE A VOYAGER DANS LE TEMPS,0,48570,22,0,21,24,5,2025
2025-05-24 23:00:00.000,H15,LA MACHINE A VOYAGER DANS LE TEMPS,0,48586,23,0,21,24,5,2025
2025-05-25 00:00:00.000,H15,LA MACHINE A VOYAGER DANS LE TEMPS,0,48602,0,0,22,25,5,2025
2025-05-25 01:00:00.000,H15,LA MACHINE A VOYAGER DANS LE TEMPS,0,48618,1,0,22,25,5,2025
2025-05-25 02:00:00.000,H15,LA MACHINE A VOYAGER DANS LE TEMPS,0,48634,2,0,22,25,5,2025
2025-05-25 03:00:00.000,H15,LA MACHINE A VOYAGER DANS LE TEMPS,0,48650,3,0,22,25,5,2025
2025-05-25 04:00:00.000,H15,LA MACHINE A VOYAGER DANS LE TEMPS,0,48666,4,0,22,25,5,2025
2025-05-25 05:00:00.000,H15,LA MACHINE A VOYAGER DANS LE TEMPS,0,48682,5,0,22,25,5,2025
2025-05-25 06:00:00.000,H15,LA MACHINE A VOYAGER DANS LE TEMPS,0,48698,6,0,22,25,5,2025
2025-05-25 07:00:00.000,H15,LA MACHINE A VOYAGER DANS LE TEMPS,0,48722,7,0,22,25,5,2025
2025-05-25 08:00:00.000,H15,LA MACHINE A VOYAGER DANS LE TEMPS,0,48746,8,0,22,25,5,2025
2025-05-25 09:00:00.000,H15,LA MACHINE A VOYAGER DANS LE TEMPS,29,48770,9,0,22,25,5,2025
2025-05-25 10:00:00.000,H15,LA MACHINE A VOYAGER DANS LE TEMPS,84,48794,10,0,22,25,5,2025
2025-05-25 11:00:00.000,H15,LA MACHINE A VOYAGER DANS LE TEMPS,101,48818,11,0,22,25,5,2025
2025-05-25 12:00:00.000,H15,LA MACHINE A VOYAGER DANS LE TEMPS,102,48842,12,0,22,25,5,2025
2025-05-25 13:00:00.000,H15,LA MACHINE A VOYAGER DANS LE TEMPS,17,48866,13,0,22,25,5,2025
2025-05-25 14:00:00.000,H15,LA MACHINE A VOYAGER DANS LE TEMPS,37,48890,14,0,22,25,5,2025
2025-05-25 15:00:00.000,H15,LA MACHINE A VOYAGER DANS LE TEMPS,49,48914,15,0,22,25,5,2025
2025-05-25 16:00:00.000,H15,LA MACHINE A VOYAGER DANS LE TEMPS,104,48938,16,0,22,25,5,2025
2025-05-25 17:00:00.000,H15,LA MACHINE A VOYAGER DANS LE TEMPS,50,48962,17,0,22,25,5,2025
2025-05-25 18:00:00.000,H15,LA MACHINE A VOYAGER DANS LE TEMPS,19,48986,18,0,22,25,5,2025
2025-05-25 19:00:00.000,H15,LA MACHINE A VOYAGER DANS LE TEMPS,4,49002,19,0,22,25,5,2025
2025-05-25 20:00:00.000,H15,LA MACHINE A VOYAGER DANS LE TEMPS,0,49018,20,0,22,25,5,2025
2025-05-25 21:00:00.000,H15,LA MACHINE A VOYAGER DANS LE TEMPS,0,49034,21,0,22,25,5,2025
2025-05-25 22:00:00.000,H15,LA MACHINE A VOYAGER DANS LE TEMPS,0,49050,22,0,22,25,5,2025
2025-05-25 23:00:00.000,H15,LA MACHINE A VOYAGER DANS LE TEMPS,0,49066,23,0,22,25,5,2025
2025-05-26 00:00:00.000,H15,LA MACHINE A VOYAGER DANS LE TEMPS,0,49082,0,0,22,26,5,2025
2025-05-26 01:00:00.000,H15,LA MACHINE A VOYAGER DANS LE TEMPS,0,49098,1,0,22,26,5,2025
2025-05-26 02:00:00.000,H15,LA MACHINE A VOYAGER DANS LE TEMPS,0,49114,2,0,22,26,5,2025
2025-05-26 03:00:00.000,H15,LA MACHINE A VOYAGER DANS LE TEMPS,0,49130,3,0,22,26,5,2025
2025-05-26 04:00:00.000,H15,LA MACHINE A VOYAGER DANS LE TEMPS,0,49146,4,0,22,26,5,2025
2025-05-26 05:00:00.000,H15,LA MACHINE A VOYAGER DANS LE TEMPS,0,49162,5,0,22,26,5,2025
2025-05-26 06:00:00.000,H15,LA MACHINE A VOYAGER DANS LE TEMPS,0,49178,6,0,22,26,5,2025
2025-05-26 07:00:00.000,H15,LA MACHINE A VOYAGER DANS LE TEMPS,0,49200,7,0,22,26,5,2025
2025-05-26 08:00:00.000,H15,LA MACHINE A VOYAGER DANS LE TEMPS,0,49222,8,0,22,26,5,2025
2025-05-26 09:00:00.000,H15,LA MACHINE A VOYAGER DANS LE TEMPS,0,49244,9,0,22,26,5,2025
2025-05-26 10:00:00.000,H15,LA MACHINE A VOYAGER DANS LE TEMPS,75,49266,10,0,22,26,5,2025
2025-05-26 11:00:00.000,H15,LA MACHINE A VOYAGER DANS LE TEMPS,89,49289,11,0,22,26,5,2025
2025-05-26 12:00:00.000,H15,LA MACHINE A VOYAGER DANS LE TEMPS,32,49312,12,0,22,26,5,2025
2025-05-26 13:00:00.000,H15,LA MACHINE A VOYAGER DANS LE TEMPS,7,49335,13,0,22,26,5,2025
2025-05-26 14:00:00.000,H15,LA MACHINE A VOYAGER DANS LE TEMPS,0,49358,14,0,22,26,5,2025
2025-05-26 15:00:00.000,H15,LA MACHINE A VOYAGER DANS LE TEMPS,111,49381,15,0,22,26,5,2025
2025-05-26 16:00:00.000,H15,LA MACHINE A VOYAGER DANS LE TEMPS,28,49404,16,0,22,26,5,2025
2025-05-26 17:00:00.000,H15,LA MACHINE A VOYAGER DANS LE TEMPS,19,49427,17,0,22,26,5,2025
2025-05-26 18:00:00.000,H15,LA MACHINE A VOYAGER DANS LE TEMPS,55,49450,18,0,22,26,5,2025
2025-05-26 19:00:00.000,H15,LA MACHINE A VOYAGER DANS LE TEMPS,25,49465,19,0,22,26,5,2025
2025-05-26 20:00:00.000,H15,LA MACHINE A VOYAGER DANS LE TEMPS,26,49480,20,0,22,26,5,2025
2025-05-26 21:00:00.000,H15,LA MACHINE A VOYAGER DANS LE TEMPS,26,49495,21,0,22,26,5,2025
2025-05-26 22:00:00.000,H15,LA MACHINE A VOYAGER DANS LE TEMPS,26,49510,22,0,22,26,5,2025
2025-05-26 23:00:00.000,H15,LA MACHINE A VOYAGER DANS LE TEMPS,26,49525,23,0,22,26,5,2025
2025-05-27 00:00:00.000,H15,LA MACHINE A VOYAGER DANS LE TEMPS,26,49540,0,0,22,27,5,2025
2025-05-27 01:00:00.000,H15,LA MACHINE A VOYAGER DANS LE TEMPS,26,49555,1,0,22,27,5,2025
2025-05-27 02:00:00.000,H15,LA MACHINE A VOYAGER DANS LE TEMPS,26,49570,2,0,22,27,5,2025
2025-05-27 03:00:00.000,H15,LA MACHINE A VOYAGER DANS LE TEMPS,26,49585,3,0,22,27,5,2025
2025-05-27 04:00:00.000,H15,LA MACHINE A VOYAGER DANS LE TEMPS,26,49600,4,0,22,27,5,2025
2025-05-27 05:00:00.000,H15,LA MACHINE A VOYAGER DANS LE TEMPS,26,49615,5,0,22,27,5,2025
2025-05-27 06:00:00.000,H15,LA MACHINE A VOYAGER DANS LE TEMPS,26,49630,6,0,22,27,5,2025
2025-05-27 07:00:00.000,H15,LA MACHINE A VOYAGER DANS LE TEMPS,26,49652,7,0,22,27,5,2025
2025-05-27 08:00:00.000,H15,LA MACHINE A VOYAGER DANS LE TEMPS,26,49673,8,0,22,27,5,2025
2025-05-27 09:00:00.000,H15,LA MACHINE A VOYAGER DANS LE TEMPS,20,49694,9,0,22,27,5,2025
2025-05-27 10:00:00.000,H15,LA MACHINE A VOYAGER DANS LE TEMPS,177,49716,10,0,22,27,5,2025
2025-05-27 11:00:00.000,H15,LA MACHINE A VOYAGER DANS LE TEMPS,340,49738,11,0,22,27,5,2025
2025-05-27 12:00:00.000,H15,LA MACHINE A VOYAGER DANS LE TEMPS,207,49760,12,0,22,27,5,2025
2025-05-27 13:00:00.000,H15,LA MACHINE A VOYAGER DANS LE TEMPS,14,49782,13,0,22,27,5,2025
2025-05-27 14:00:00.000,H15,LA MACHINE A VOYAGER DANS LE TEMPS,0,49804,14,0,22,27,5,2025
2025-05-27 15:00:00.000,H15,LA MACHINE A VOYAGER DANS LE TEMPS,164,49826,15,0,22,27,5,2025
2025-05-27 16:00:00.000,H15,LA MACHINE A VOYAGER DANS LE TEMPS,34,49848,16,0,22,27,5,2025
2025-05-27 17:00:00.000,H15,LA MACHINE A VOYAGER DANS LE TEMPS,13,49870,17,0,22,27,5,2025
2025-05-27 18:00:00.000,H15,LA MACHINE A VOYAGER DANS LE TEMPS,19,49892,18,0,22,27,5,2025
2025-05-27 19:00:00.000,H15,LA MACHINE A VOYAGER DANS LE TEMPS,6,49906,19,0,22,27,5,2025
2025-05-27 20:00:00.000,H15,LA MACHINE A VOYAGER DANS LE TEMPS,0,49920,20,0,22,27,5,2025
2025-05-27 21:00:00.000,H15,LA MACHINE A VOYAGER DANS LE TEMPS,0,49934,21,0,22,27,5,2025
2025-05-27 22:00:00.000,H15,LA MACHINE A VOYAGER DANS LE TEMPS,0,49948,22,0,22,27,5,2025
2025-05-27 23:00:00.000,H15,LA MACHINE A VOYAGER DANS LE TEMPS,0,49962,23,0,22,27,5,2025
2025-05-28 00:00:00.000,H15,LA MACHINE A VOYAGER DANS LE TEMPS,0,49976,0,0,22,28,5,2025
2025-05-28 01:00:00.000,H15,LA MACHINE A VOYAGER DANS LE TEMPS,0,49990,1,0,22,28,5,2025
2025-05-28 02:00:00.000,H15,LA MACHINE A VOYAGER DANS LE TEMPS,0,50004,2,0,22,28,5,2025
2025-05-28 03:00:00.000,H15,LA MACHINE A VOYAGER DANS LE TEMPS,0,50018,3,0,22,28,5,2025
2025-05-28 04:00:00.000,H15,LA MACHINE A VOYAGER DANS LE TEMPS,0,50032,4,0,22,28,5,2025
2025-05-28 05:00:00.000,H15,LA MACHINE A VOYAGER DANS LE TEMPS,0,50046,5,0,22,28,5,2025
2025-05-28 06:00:00.000,H15,LA MACHINE A VOYAGER DANS LE TEMPS,0,50060,6,0,22,28,5,2025
2025-05-28 07:00:00.000,H15,LA MACHINE A VOYAGER DANS LE TEMPS,0,50083,7,0,22,28,5,2025
2025-05-28 08:00:00.000,H15,LA MACHINE A VOYAGER DANS LE TEMPS,0,50105,8,0,22,28,5,2025
2025-05-28 09:00:00.000,H15,LA MACHINE A VOYAGER DANS LE TEMPS,0,50127,9,0,22,28,5,2025
2025-05-28 10:00:00.000,H15,LA MACHINE A VOYAGER DANS LE TEMPS,224,50149,10,0,22,28,5,2025
2025-05-28 11:00:00.000,H15,LA MACHINE A VOYAGER DANS LE TEMPS,246,50171,11,0,22,28,5,2025
2025-05-28 12:00:00.000,H15,LA MACHINE A VOYAGER DANS LE TEMPS,143,50193,12,0,22,28,5,2025
2025-05-28 13:00:00.000,H15,LA MACHINE A VOYAGER DANS LE TEMPS,5,50215,13,0,22,28,5,2025
2025-05-28 14:00:00.000,H15,LA MACHINE A VOYAGER DANS LE TEMPS,1,50237,14,0,22,28,5,2025
2025-05-28 15:00:00.000,H15,LA MACHINE A VOYAGER DANS LE TEMPS,191,50259,15,0,22,28,5,2025
2025-05-28 16:00:00.000,H15,LA MACHINE A VOYAGER DANS LE TEMPS,190,50281,16,0,22,28,5,2025
2025-05-28 17:00:00.000,H15,LA MACHINE A VOYAGER DANS LE TEMPS,21,50303,17,0,22,28,5,2025
2025-05-28 18:00:00.000,H15,LA MACHINE A VOYAGER DANS LE TEMPS,29,50325,18,0,22,28,5,2025
2025-05-28 19:00:00.000,H15,LA MACHINE A VOYAGER DANS LE TEMPS,31,50339,19,0,22,28,5,2025
2025-05-28 20:00:00.000,H15,LA MACHINE A VOYAGER DANS LE TEMPS,0,50353,20,0,22,28,5,2025
2025-05-28 21:00:00.000,H15,LA MACHINE A VOYAGER DANS LE TEMPS,0,50367,21,0,22,28,5,2025
2025-05-28 22:00:00.000,H15,LA MACHINE A VOYAGER DANS LE TEMPS,0,50381,22,0,22,28,5,2025
2025-05-28 23:00:00.000,H15,LA MACHINE A VOYAGER DANS LE TEMPS,0,50395,23,0,22,28,5,2025
2025-05-29 00:00:00.000,H15,LA MACHINE A VOYAGER DANS LE TEMPS,0,50409,0,0,22,29,5,2025
2025-05-29 01:00:00.000,H15,LA MACHINE A VOYAGER DANS LE TEMPS,0,50423,1,0,22,29,5,2025
2025-05-29 02:00:00.000,H15,LA MACHINE A VOYAGER DANS LE TEMPS,0,50437,2,0,22,29,5,2025
2025-05-29 03:00:00.000,H15,LA MACHINE A VOYAGER DANS LE TEMPS,0,50451,3,0,22,29,5,2025
2025-05-29 04:00:00.000,H15,LA MACHINE A VOYAGER DANS LE TEMPS,0,50465,4,0,22,29,5,2025
2025-05-29 05:00:00.000,H15,LA MACHINE A VOYAGER DANS LE TEMPS,0,50479,5,0,22,29,5,2025
2025-05-29 06:00:00.000,H15,LA MACHINE A VOYAGER DANS LE TEMPS,0,50493,6,0,22,29,5,2025
2025-05-29 07:00:00.000,H15,LA MACHINE A VOYAGER DANS LE TEMPS,0,50517,7,0,22,29,5,2025
2025-05-29 08:00:00.000,H15,LA MACHINE A VOYAGER DANS LE TEMPS,2,50541,8,0,22,29,5,2025
2025-05-29 09:00:00.000,H15,LA MACHINE A VOYAGER DANS LE TEMPS,67,50565,9,0,22,29,5,2025
2025-05-29 10:00:00.000,H15,LA MACHINE A VOYAGER DANS LE TEMPS,659,50589,10,0,22,29,5,2025
2025-05-29 11:00:00.000,H15,LA MACHINE A VOYAGER DANS LE TEMPS,692,50613,11,0,22,29,5,2025
2025-05-29 12:00:00.000,H15,LA MACHINE A VOYAGER DANS LE TEMPS,608,50637,12,0,22,29,5,2025
2025-05-29 13:00:00.000,H15,LA MACHINE A VOYAGER DANS LE TEMPS,427,50661,13,0,22,29,5,2025
2025-05-29 14:00:00.000,H15,LA MACHINE A VOYAGER DANS LE TEMPS,562,50685,14,0,22,29,5,2025
2025-05-29 15:00:00.000,H15,LA MACHINE A VOYAGER DANS LE TEMPS,668,50709,15,0,22,29,5,2025
2025-05-29 16:00:00.000,H15,LA MACHINE A VOYAGER DANS LE TEMPS,692,50733,16,0,22,29,5,2025
2025-05-29 17:00:00.000,H15,LA MACHINE A VOYAGER DANS LE TEMPS,456,50757,17,0,22,29,5,2025
2025-05-29 18:00:00.000,H15,LA MACHINE A VOYAGER DANS LE TEMPS,518,50781,18,0,22,29,5,2025
2025-05-29 19:00:00.000,H15,LA MACHINE A VOYAGER DANS LE TEMPS,265,50805,19,0,22,29,5,2025
2025-05-29 20:00:00.000,H15,LA MACHINE A VOYAGER DANS LE TEMPS,50,50829,20,0,22,29,5,2025
2025-05-29 21:00:00.000,H15,LA MACHINE A VOYAGER DANS LE TEMPS,26,50853,21,0,22,29,5,2025
2025-05-29 22:00:00.000,H15,LA MACHINE A VOYAGER DANS LE TEMPS,10,50869,22,0,22,29,5,2025
2025-05-29 23:00:00.000,H15,LA MACHINE A VOYAGER DANS LE TEMPS,1,50885,23,0,22,29,5,2025
2025-05-30 00:00:00.000,H15,LA MACHINE A VOYAGER DANS LE TEMPS,0,50901,0,0,22,30,5,2025
2025-05-30 01:00:00.000,H15,LA MACHINE A VOYAGER DANS LE TEMPS,0,50917,1,0,22,30,5,2025
2025-05-30 02:00:00.000,H15,LA MACHINE A VOYAGER DANS LE TEMPS,0,50933,2,0,22,30,5,2025
2025-05-30 03:00:00.000,H15,LA MACHINE A VOYAGER DANS LE TEMPS,0,50949,3,0,22,30,5,2025
2025-05-30 04:00:00.000,H15,LA MACHINE A VOYAGER DANS LE TEMPS,0,50965,4,0,22,30,5,2025
2025-05-30 05:00:00.000,H15,LA MACHINE A VOYAGER DANS LE TEMPS,0,50981,5,0,22,30,5,2025
2025-05-30 06:00:00.000,H15,LA MACHINE A VOYAGER DANS LE TEMPS,0,50997,6,0,22,30,5,2025
2025-05-30 07:00:00.000,H15,LA MACHINE A VOYAGER DANS LE TEMPS,0,51021,7,0,22,30,5,2025
2025-05-30 08:00:00.000,H15,LA MACHINE A VOYAGER DANS LE TEMPS,0,51045,8,0,22,30,5,2025
2025-05-30 09:00:00.000,H15,LA MACHINE A VOYAGER DANS LE TEMPS,393,51069,9,0,22,30,5,2025
2025-05-30 10:00:00.000,H15,LA MACHINE A VOYAGER DANS LE TEMPS,1080,51093,10,0,22,30,5,2025
2025-05-30 11:00:00.000,H15,LA MACHINE A VOYAGER DANS LE TEMPS,1137,51117,11,0,22,30,5,2025
2025-05-30 12:00:00.000,H15,LA MACHINE A VOYAGER DANS LE TEMPS,1073,51141,12,0,22,30,5,2025
2025-05-30 13:00:00.000,H15,LA MACHINE A VOYAGER DANS LE TEMPS,990,51165,13,0,22,30,5,2025
2025-05-30 14:00:00.000,H15,LA MACHINE A VOYAGER DANS LE TEMPS,1008,51189,14,0,22,30,5,2025
2025-05-30 15:00:00.000,H15,LA MACHINE A VOYAGER DANS LE TEMPS,1212,51213,15,0,22,30,5,2025
2025-05-30 16:00:00.000,H15,LA MACHINE A VOYAGER DANS LE TEMPS,964,51237,16,0,22,30,5,2025
2025-05-30 17:00:00.000,H15,LA MACHINE A VOYAGER DANS LE TEMPS,1288,51261,17,0,22,30,5,2025
2025-05-30 18:00:00.000,H15,LA MACHINE A VOYAGER DANS LE TEMPS,842,51285,18,0,22,30,5,2025
2025-05-30 19:00:00.000,H15,LA MACHINE A VOYAGER DANS LE TEMPS,698,51309,19,0,22,30,5,2025
2025-05-30 20:00:00.000,H15,LA MACHINE A VOYAGER DANS LE TEMPS,533,51333,20,0,22,30,5,2025
2025-05-30 21:00:00.000,H15,LA MACHINE A VOYAGER DANS LE TEMPS,382,51357,21,0,22,30,5,2025
2025-05-30 22:00:00.000,H15,LA MACHINE A VOYAGER DANS LE TEMPS,153,51373,22,0,22,30,5,2025
2025-05-30 23:00:00.000,H15,LA MACHINE A VOYAGER DANS LE TEMPS,103,51389,23,0,22,30,5,2025
2025-05-31 00:00:00.000,H15,LA MACHINE A VOYAGER DANS LE TEMPS,103,51413,0,0,22,31,5,2025
2025-05-31 01:00:00.000,H15,LA MACHINE A VOYAGER DANS LE TEMPS,103,51437,1,0,22,31,5,2025
2025-05-31 02:00:00.000,H15,LA MACHINE A VOYAGER DANS LE TEMPS,103,51453,2,0,22,31,5,2025
2025-05-31 03:00:00.000,H15,LA MACHINE A VOYAGER DANS LE TEMPS,103,51469,3,0,22,31,5,2025
2025-05-31 04:00:00.000,H15,LA MACHINE A VOYAGER DANS LE TEMPS,103,51485,4,0,22,31,5,2025
2025-05-31 05:00:00.000,H15,LA MACHINE A VOYAGER DANS LE TEMPS,103,51501,5,0,22,31,5,2025
2025-05-31 06:00:00.000,H15,LA MACHINE A VOYAGER DANS LE TEMPS,103,51517,6,0,22,31,5,2025
2025-05-31 07:00:00.000,H15,LA MACHINE A VOYAGER DANS LE TEMPS,103,51541,7,0,22,31,5,2025
2025-05-31 08:00:00.000,H15,LA MACHINE A VOYAGER DANS LE TEMPS,87,51565,8,0,22,31,5,2025
2025-05-31 09:00:00.000,H15,LA MACHINE A VOYAGER DANS LE TEMPS,154,51589,9,0,22,31,5,2025
2025-05-31 10:00:00.000,H15,LA MACHINE A VOYAGER DANS LE TEMPS,1230,51613,10,0,22,31,5,2025
2025-05-31 11:00:00.000,H15,LA MACHINE A VOYAGER DANS LE TEMPS,770,51637,11,0,22,31,5,2025
2025-05-31 12:00:00.000,H15,LA MACHINE A VOYAGER DANS LE TEMPS,717,51661,12,0,22,31,5,2025
2025-05-31 13:00:00.000,H15,LA MACHINE A VOYAGER DANS LE TEMPS,610,51685,13,0,22,31,5,2025
2025-05-31 14:00:00.000,H15,LA MACHINE A VOYAGER DANS LE TEMPS,469,51709,14,0,22,31,5,2025
2025-05-31 15:00:00.000,H15,LA MACHINE A VOYAGER DANS LE TEMPS,630,51733,15,0,22,31,5,2025
2025-05-31 16:00:00.000,H15,LA MACHINE A VOYAGER DANS LE TEMPS,495,51757,16,0,22,31,5,2025
2025-05-31 17:00:00.000,H15,LA MACHINE A VOYAGER DANS LE TEMPS,355,51781,17,0,22,31,5,2025
2025-05-31 18:00:00.000,H15,LA MACHINE A VOYAGER DANS LE TEMPS,322,51805,18,0,22,31,5,2025
2025-05-31 19:00:00.000,H15,LA MACHINE A VOYAGER DANS LE TEMPS,148,51829,19,0,22,31,5,2025
2025-05-31 20:00:00.000,H15,LA MACHINE A VOYAGER DANS LE TEMPS,23,51853,20,0,22,31,5,2025
2025-05-31 21:00:00.000,H15,LA MACHINE A VOYAGER DANS LE TEMPS,14,51877,21,0,22,31,5,2025
2025-05-31 22:00:00.000,H15,LA MACHINE A VOYAGER DANS LE TEMPS,7,51893,22,0,22,31,5,2025
2025-05-31 23:00:00.000,H15,LA MACHINE A VOYAGER DANS LE TEMPS,5,51909,23,0,22,31,5,2025
2025-06-01 00:00:00.000,H15,LA MACHINE A VOYAGER DANS LE TEMPS,5,51925,0,0,23,1,6,2025
2025-06-01 01:00:00.000,H15,LA MACHINE A VOYAGER DANS LE TEMPS,5,51941,1,0,23,1,6,2025
2025-06-01 02:00:00.000,H15,LA MACHINE A VOYAGER DANS LE TEMPS,5,51957,2,0,23,1,6,2025
2025-06-01 03:00:00.000,H15,LA MACHINE A VOYAGER DANS LE TEMPS,5,51973,3,0,23,1,6,2025
2025-06-01 04:00:00.000,H15,LA MACHINE A VOYAGER DANS LE TEMPS,5,51989,4,0,23,1,6,2025
2025-06-01 05:00:00.000,H15,LA MACHINE A VOYAGER DANS LE TEMPS,5,52005,5,0,23,1,6,2025
2025-06-01 06:00:00.000,H15,LA MACHINE A VOYAGER DANS LE TEMPS,5,52021,6,0,23,1,6,2025
2025-06-01 07:00:00.000,H15,LA MACHINE A VOYAGER DANS LE TEMPS,5,52045,7,0,23,1,6,2025
2025-06-01 08:00:00.000,H15,LA MACHINE A VOYAGER DANS LE TEMPS,3,52069,8,0,23,1,6,2025
2025-06-01 09:00:00.000,H15,LA MACHINE A VOYAGER DANS LE TEMPS,56,52093,9,0,23,1,6,2025
2025-06-01 10:00:00.000,H15,LA MACHINE A VOYAGER DANS LE TEMPS,51,52117,10,0,23,1,6,2025
2025-06-01 11:00:00.000,H15,LA MACHINE A VOYAGER DANS LE TEMPS,40,52141,11,0,23,1,6,2025
2025-06-01 12:00:00.000,H15,LA MACHINE A VOYAGER DANS LE TEMPS,63,52165,12,0,23,1,6,2025
2025-06-01 13:00:00.000,H15,LA MACHINE A VOYAGER DANS LE TEMPS,45,52189,13,0,23,1,6,2025
2025-06-01 14:00:00.000,H15,LA MACHINE A VOYAGER DANS LE TEMPS,72,52213,14,0,23,1,6,2025
2025-06-01 15:00:00.000,H15,LA MACHINE A VOYAGER DANS LE TEMPS,36,52237,15,0,23,1,6,2025
2025-06-01 16:00:00.000,H15,LA MACHINE A VOYAGER DANS LE TEMPS,24,52261,16,0,23,1,6,2025
2025-06-01 17:00:00.000,H15,LA MACHINE A VOYAGER DANS LE TEMPS,12,52285,17,0,23,1,6,2025
2025-06-01 18:00:00.000,H15,LA MACHINE A VOYAGER DANS LE TEMPS,29,52309,18,0,23,1,6,2025
2025-06-01 19:00:00.000,H15,LA MACHINE A VOYAGER DANS LE TEMPS,2,52325,19,0,23,1,6,2025
2025-06-01 20:00:00.000,H15,LA MACHINE A VOYAGER DANS LE TEMPS,0,52341,20,0,23,1,6,2025
2025-06-01 21:00:00.000,H15,LA MACHINE A VOYAGER DANS LE TEMPS,0,52357,21,0,23,1,6,2025
2025-06-01 22:00:00.000,H15,LA MACHINE A VOYAGER DANS LE TEMPS,0,52373,22,0,23,1,6,2025
2025-06-01 23:00:00.000,H15,LA MACHINE A VOYAGER DANS LE TEMPS,0,52389,23,0,23,1,6,2025
2025-06-02 00:00:00.000,H15,LA MACHINE A VOYAGER DANS LE TEMPS,0,52405,0,0,23,2,6,2025
2025-06-02 01:00:00.000,H15,LA MACHINE A VOYAGER DANS LE TEMPS,0,52421,1,0,23,2,6,2025
2025-06-02 02:00:00.000,H15,LA MACHINE A VOYAGER DANS LE TEMPS,0,52437,2,0,23,2,6,2025
2025-06-02 03:00:00.000,H15,LA MACHINE A VOYAGER DANS LE TEMPS,0,52453,3,0,23,2,6,2025
2025-06-02 04:00:00.000,H15,LA MACHINE A VOYAGER DANS LE TEMPS,0,52469,4,0,23,2,6,2025
2025-06-02 05:00:00.000,H15,LA MACHINE A VOYAGER DANS LE TEMPS,0,52485,5,0,23,2,6,2025
2025-06-02 06:00:00.000,H15,LA MACHINE A VOYAGER DANS LE TEMPS,0,52501,6,0,23,2,6,2025
2025-06-02 07:00:00.000,H15,LA MACHINE A VOYAGER DANS LE TEMPS,0,52522,7,0,23,2,6,2025
2025-06-02 08:00:00.000,H15,LA MACHINE A VOYAGER DANS LE TEMPS,0,52543,8,0,23,2,6,2025
2025-06-02 09:00:00.000,H15,LA MACHINE A VOYAGER DANS LE TEMPS,0,52564,9,0,23,2,6,2025
2025-06-02 10:00:00.000,H15,LA MACHINE A VOYAGER DANS LE TEMPS,32,52585,10,0,23,2,6,2025
2025-06-02 11:00:00.000,H15,LA MACHINE A VOYAGER DANS LE TEMPS,40,52606,11,0,23,2,6,2025
2025-06-02 12:00:00.000,H15,LA MACHINE A VOYAGER DANS LE TEMPS,26,52627,12,0,23,2,6,2025
2025-06-02 13:00:00.000,H15,LA MACHINE A VOYAGER DANS LE TEMPS,4,52648,13,0,23,2,6,2025
2025-06-02 14:00:00.000,H15,LA MACHINE A VOYAGER DANS LE TEMPS,0,52669,14,0,23,2,6,2025
2025-06-02 15:00:00.000,H15,LA MACHINE A VOYAGER DANS LE TEMPS,47,52690,15,0,23,2,6,2025
2025-06-02 16:00:00.000,H15,LA MACHINE A VOYAGER DANS LE TEMPS,62,52711,16,0,23,2,6,2025
2025-06-02 17:00:00.000,H15,LA MACHINE A VOYAGER DANS LE TEMPS,30,52732,17,0,23,2,6,2025
2025-06-02 18:00:00.000,H15,LA MACHINE A VOYAGER DANS LE TEMPS,25,52753,18,0,23,2,6,2025
2025-06-02 19:00:00.000,H15,LA MACHINE A VOYAGER DANS LE TEMPS,34,52766,19,0,23,2,6,2025
2025-06-02 20:00:00.000,H15,LA MACHINE A VOYAGER DANS LE TEMPS,0,52779,20,0,23,2,6,2025
2025-06-02 21:00:00.000,H15,LA MACHINE A VOYAGER DANS LE TEMPS,0,52792,21,0,23,2,6,2025
2025-06-02 22:00:00.000,H15,LA MACHINE A VOYAGER DANS LE TEMPS,0,52805,22,0,23,2,6,2025
2025-06-02 23:00:00.000,H15,LA MACHINE A VOYAGER DANS LE TEMPS,0,52818,23,0,23,2,6,2025
2025-06-03 00:00:00.000,H15,LA MACHINE A VOYAGER DANS LE TEMPS,0,52831,0,0,23,3,6,2025
2025-06-03 01:00:00.000,H15,LA MACHINE A VOYAGER DANS LE TEMPS,0,52844,1,0,23,3,6,2025
2025-06-03 02:00:00.000,H15,LA MACHINE A VOYAGER DANS LE TEMPS,0,52857,2,0,23,3,6,2025
2025-06-03 03:00:00.000,H15,LA MACHINE A VOYAGER DANS LE TEMPS,0,52870,3,0,23,3,6,2025
2025-06-03 04:00:00.000,H15,LA MACHINE A VOYAGER DANS LE TEMPS,0,52883,4,0,23,3,6,2025
2025-06-03 05:00:00.000,H15,LA MACHINE A VOYAGER DANS LE TEMPS,0,52896,5,0,23,3,6,2025
2025-06-03 06:00:00.000,H15,LA MACHINE A VOYAGER DANS LE TEMPS,0,52909,6,0,23,3,6,2025
2025-06-03 07:00:00.000,H15,LA MACHINE A VOYAGER DANS LE TEMPS,0,52931,7,0,23,3,6,2025
2025-06-03 08:00:00.000,H15,LA MACHINE A VOYAGER DANS LE TEMPS,0,52953,8,0,23,3,6,2025
2025-06-03 09:00:00.000,H15,LA MACHINE A VOYAGER DANS LE TEMPS,0,52975,9,0,23,3,6,2025
2025-06-03 10:00:00.000,H15,LA MACHINE A VOYAGER DANS LE TEMPS,68,52997,10,0,23,3,6,2025
2025-06-03 11:00:00.000,H15,LA MACHINE A VOYAGER DANS LE TEMPS,248,53019,11,0,23,3,6,2025
2025-06-03 12:00:00.000,H15,LA MACHINE A VOYAGER DANS LE TEMPS,102,53041,12,0,23,3,6,2025
2025-06-03 13:00:00.000,H15,LA MACHINE A VOYAGER DANS LE TEMPS,25,53063,13,0,23,3,6,2025
2025-06-03 14:00:00.000,H15,LA MACHINE A VOYAGER DANS LE TEMPS,0,53085,14,0,23,3,6,2025
2025-06-03 15:00:00.000,H15,LA MACHINE A VOYAGER DANS LE TEMPS,55,53107,15,0,23,3,6,2025
2025-06-03 16:00:00.000,H15,LA MACHINE A VOYAGER DANS LE TEMPS,45,53129,16,0,23,3,6,2025
2025-06-03 17:00:00.000,H15,LA MACHINE A VOYAGER DANS LE TEMPS,31,53151,17,0,23,3,6,2025
2025-06-03 18:00:00.000,H15,LA MACHINE A VOYAGER DANS LE TEMPS,35,53173,18,0,23,3,6,2025
2025-06-03 19:00:00.000,H15,LA MACHINE A VOYAGER DANS LE TEMPS,28,53187,19,0,23,3,6,2025
2025-06-03 20:00:00.000,H15,LA MACHINE A VOYAGER DANS LE TEMPS,20,53201,20,0,23,3,6,2025
2025-06-03 21:00:00.000,H15,LA MACHINE A VOYAGER DANS LE TEMPS,20,53215,21,0,23,3,6,2025
2025-06-03 22:00:00.000,H15,LA MACHINE A VOYAGER DANS LE TEMPS,20,53229,22,0,23,3,6,2025
2025-06-03 23:00:00.000,H15,LA MACHINE A VOYAGER DANS LE TEMPS,20,53243,23,0,23,3,6,2025
2025-06-04 00:00:00.000,H15,LA MACHINE A VOYAGER DANS LE TEMPS,20,53257,0,0,23,4,6,2025
2025-06-04 01:00:00.000,H15,LA MACHINE A VOYAGER DANS LE TEMPS,20,53271,1,0,23,4,6,2025
2025-06-04 02:00:00.000,H15,LA MACHINE A VOYAGER DANS LE TEMPS,20,53285,2,0,23,4,6,2025
2025-06-04 03:00:00.000,H15,LA MACHINE A VOYAGER DANS LE TEMPS,20,53299,3,0,23,4,6,2025
2025-06-04 04:00:00.000,H15,LA MACHINE A VOYAGER DANS LE TEMPS,20,53313,4,0,23,4,6,2025
2025-06-04 05:00:00.000,H15,LA MACHINE A VOYAGER DANS LE TEMPS,20,53327,5,0,23,4,6,2025
2025-06-04 06:00:00.000,H15,LA MACHINE A VOYAGER DANS LE TEMPS,20,53341,6,0,23,4,6,2025
2025-06-04 07:00:00.000,H15,LA MACHINE A VOYAGER DANS LE TEMPS,20,53362,7,0,23,4,6,2025
2025-06-04 08:00:00.000,H15,LA MACHINE A VOYAGER DANS LE TEMPS,19,53383,8,0,23,4,6,2025
2025-06-04 09:00:00.000,H15,LA MACHINE A VOYAGER DANS LE TEMPS,16,53404,9,0,23,4,6,2025
2025-06-04 10:00:00.000,H15,LA MACHINE A VOYAGER DANS LE TEMPS,52,53425,10,0,23,4,6,2025
2025-06-04 11:00:00.000,H15,LA MACHINE A VOYAGER DANS LE TEMPS,46,53446,11,0,23,4,6,2025
2025-06-04 12:00:00.000,H15,LA MACHINE A VOYAGER DANS LE TEMPS,31,53467,12,0,23,4,6,2025
2025-06-04 13:00:00.000,H15,LA MACHINE A VOYAGER DANS LE TEMPS,29,53488,13,0,23,4,6,2025
2025-06-04 14:00:00.000,H15,LA MACHINE A VOYAGER DANS LE TEMPS,29,53509,14,0,23,4,6,2025
2025-06-04 15:00:00.000,H15,LA MACHINE A VOYAGER DANS LE TEMPS,66,53530,15,0,23,4,6,2025
2025-06-04 16:00:00.000,H15,LA MACHINE A VOYAGER DANS LE TEMPS,96,53551,16,0,23,4,6,2025
2025-06-04 17:00:00.000,H15,LA MACHINE A VOYAGER DANS LE TEMPS,57,53572,17,0,23,4,6,2025
2025-06-04 18:00:00.000,H15,LA MACHINE A VOYAGER DANS LE TEMPS,20,53593,18,0,23,4,6,2025
2025-06-04 19:00:00.000,H15,LA MACHINE A VOYAGER DANS LE TEMPS,14,53606,19,0,23,4,6,2025
2025-06-04 20:00:00.000,H15,LA MACHINE A VOYAGER DANS LE TEMPS,13,53619,20,0,23,4,6,2025
2025-06-04 21:00:00.000,H15,LA MACHINE A VOYAGER DANS LE TEMPS,13,53632,21,0,23,4,6,2025
2025-06-04 22:00:00.000,H15,LA MACHINE A VOYAGER DANS LE TEMPS,13,53645,22,0,23,4,6,2025
2025-06-04 23:00:00.000,H15,LA MACHINE A VOYAGER DANS LE TEMPS,13,53658,23,0,23,4,6,2025
2025-06-05 00:00:00.000,H15,LA MACHINE A VOYAGER DANS LE TEMPS,13,53671,0,0,23,5,6,2025
2025-06-05 01:00:00.000,H15,LA MACHINE A VOYAGER DANS LE TEMPS,13,53684,1,0,23,5,6,2025
2025-06-05 02:00:00.000,H15,LA MACHINE A VOYAGER DANS LE TEMPS,13,53697,2,0,23,5,6,2025
2025-06-05 03:00:00.000,H15,LA MACHINE A VOYAGER DANS LE TEMPS,13,53710,3,0,23,5,6,2025
2025-06-05 04:00:00.000,H15,LA MACHINE A VOYAGER DANS LE TEMPS,13,53723,4,0,23,5,6,2025
2025-06-05 05:00:00.000,H15,LA MACHINE A VOYAGER DANS LE TEMPS,13,53736,5,0,23,5,6,2025
2025-06-05 06:00:00.000,H15,LA MACHINE A VOYAGER DANS LE TEMPS,13,53749,6,0,23,5,6,2025
2025-06-05 07:00:00.000,H15,LA MACHINE A VOYAGER DANS LE TEMPS,13,53770,7,0,23,5,6,2025
2025-06-05 08:00:00.000,H15,LA MACHINE A VOYAGER DANS LE TEMPS,13,53791,8,0,23,5,6,2025
2025-06-05 09:00:00.000,H15,LA MACHINE A VOYAGER DANS LE TEMPS,13,53812,9,0,23,5,6,2025
2025-06-05 10:00:00.000,H15,LA MACHINE A VOYAGER DANS LE TEMPS,70,53833,10,0,23,5,6,2025
2025-06-05 11:00:00.000,H15,LA MACHINE A VOYAGER DANS LE TEMPS,183,53854,11,0,23,5,6,2025
2025-06-05 12:00:00.000,H15,LA MACHINE A VOYAGER DANS LE TEMPS,42,53875,12,0,23,5,6,2025
2025-06-05 13:00:00.000,H15,LA MACHINE A VOYAGER DANS LE TEMPS,33,53896,13,0,23,5,6,2025
2025-06-05 14:00:00.000,H15,LA MACHINE A VOYAGER DANS LE TEMPS,0,53917,14,0,23,5,6,2025
2025-06-05 15:00:00.000,H15,LA MACHINE A VOYAGER DANS LE TEMPS,112,53938,15,0,23,5,6,2025
2025-06-05 16:00:00.000,H15,LA MACHINE A VOYAGER DANS LE TEMPS,69,53959,16,0,23,5,6,2025
2025-06-05 17:00:00.000,H15,LA MACHINE A VOYAGER DANS LE TEMPS,20,53980,17,0,23,5,6,2025
2025-06-05 18:00:00.000,H15,LA MACHINE A VOYAGER DANS LE TEMPS,20,54001,18,0,23,5,6,2025
2025-06-05 19:00:00.000,H15,LA MACHINE A VOYAGER DANS LE TEMPS,9,54014,19,0,23,5,6,2025
2025-06-05 20:00:00.000,H15,LA MACHINE A VOYAGER DANS LE TEMPS,0,54027,20,0,23,5,6,2025
2025-06-05 21:00:00.000,H15,LA MACHINE A VOYAGER DANS LE TEMPS,0,54040,21,0,23,5,6,2025
2025-06-05 22:00:00.000,H15,LA MACHINE A VOYAGER DANS LE TEMPS,0,54053,22,0,23,5,6,2025
2025-06-05 23:00:00.000,H15,LA MACHINE A VOYAGER DANS LE TEMPS,0,54066,23,0,23,5,6,2025
2025-06-06 00:00:00.000,H15,LA MACHINE A VOYAGER DANS LE TEMPS,0,54079,0,0,23,6,6,2025
2025-06-06 01:00:00.000,H15,LA MACHINE A VOYAGER DANS LE TEMPS,0,54092,1,0,23,6,6,2025
2025-06-06 02:00:00.000,H15,LA MACHINE A VOYAGER DANS LE TEMPS,0,54105,2,0,23,6,6,2025
2025-06-06 03:00:00.000,H15,LA MACHINE A VOYAGER DANS LE TEMPS,0,54118,3,0,23,6,6,2025
2025-06-06 04:00:00.000,H15,LA MACHINE A VOYAGER DANS LE TEMPS,0,54131,4,0,23,6,6,2025
2025-06-06 05:00:00.000,H15,LA MACHINE A VOYAGER DANS LE TEMPS,0,54144,5,0,23,6,6,2025
2025-06-06 06:00:00.000,H15,LA MACHINE A VOYAGER DANS LE TEMPS,0,54157,6,0,23,6,6,2025
2025-06-06 07:00:00.000,H15,LA MACHINE A VOYAGER DANS LE TEMPS,0,54179,7,0,23,6,6,2025
2025-06-06 08:00:00.000,H15,LA MACHINE A VOYAGER DANS LE TEMPS,0,54202,8,0,23,6,6,2025
2025-06-06 09:00:00.000,H15,LA MACHINE A VOYAGER DANS LE TEMPS,0,54225,9,0,23,6,6,2025
2025-06-06 10:00:00.000,H15,LA MACHINE A VOYAGER DANS LE TEMPS,220,54248,10,0,23,6,6,2025
2025-06-06 11:00:00.000,H15,LA MACHINE A VOYAGER DANS LE TEMPS,438,54271,11,0,23,6,6,2025
2025-06-06 12:00:00.000,H15,LA MACHINE A VOYAGER DANS LE TEMPS,181,54294,12,0,23,6,6,2025
2025-06-06 13:00:00.000,H15,LA MACHINE A VOYAGER DANS LE TEMPS,27,54317,13,0,23,6,6,2025
2025-06-06 14:00:00.000,H15,LA MACHINE A VOYAGER DANS LE TEMPS,0,54340,14,0,23,6,6,2025
2025-06-06 15:00:00.000,H15,LA MACHINE A VOYAGER DANS LE TEMPS,192,54363,15,0,23,6,6,2025
2025-06-06 16:00:00.000,H15,LA MACHINE A VOYAGER DANS LE TEMPS,42,54386,16,0,23,6,6,2025
2025-06-06 17:00:00.000,H15,LA MACHINE A VOYAGER DANS LE TEMPS,32,54409,17,0,23,6,6,2025
2025-06-06 18:00:00.000,H15,LA MACHINE A VOYAGER DANS LE TEMPS,23,54432,18,0,23,6,6,2025
2025-06-06 19:00:00.000,H15,LA MACHINE A VOYAGER DANS LE TEMPS,12,54455,19,0,23,6,6,2025
2025-06-06 20:00:00.000,H15,LA MACHINE A VOYAGER DANS LE TEMPS,0,54478,20,0,23,6,6,2025
2025-06-06 21:00:00.000,H15,LA MACHINE A VOYAGER DANS LE TEMPS,0,54501,21,0,23,6,6,2025
2025-06-06 22:00:00.000,H15,LA MACHINE A VOYAGER DANS LE TEMPS,0,54516,22,0,23,6,6,2025
2025-06-06 23:00:00.000,H15,LA MACHINE A VOYAGER DANS LE TEMPS,0,54531,23,0,23,6,6,2025
2025-06-07 00:00:00.000,H15,LA MACHINE A VOYAGER DANS LE TEMPS,0,54546,0,0,23,7,6,2025
2025-06-07 01:00:00.000,H15,LA MACHINE A VOYAGER DANS LE TEMPS,0,54561,1,0,23,7,6,2025
2025-06-07 02:00:00.000,H15,LA MACHINE A VOYAGER DANS LE TEMPS,0,54576,2,0,23,7,6,2025
2025-06-07 03:00:00.000,H15,LA MACHINE A VOYAGER DANS LE TEMPS,0,54591,3,0,23,7,6,2025
2025-06-07 04:00:00.000,H15,LA MACHINE A VOYAGER DANS LE TEMPS,0,54606,4,0,23,7,6,2025
2025-06-07 05:00:00.000,H15,LA MACHINE A VOYAGER DANS LE TEMPS,0,54621,5,0,23,7,6,2025
2025-06-07 06:00:00.000,H15,LA MACHINE A VOYAGER DANS LE TEMPS,0,54636,6,0,23,7,6,2025
2025-06-07 07:00:00.000,H15,LA MACHINE A VOYAGER DANS LE TEMPS,0,54661,7,0,23,7,6,2025
2025-06-07 08:00:00.000,H15,LA MACHINE A VOYAGER DANS LE TEMPS,0,54685,8,0,23,7,6,2025
2025-06-07 09:00:00.000,H15,LA MACHINE A VOYAGER DANS LE TEMPS,53,54709,9,0,23,7,6,2025
2025-06-07 10:00:00.000,H15,LA MACHINE A VOYAGER DANS LE TEMPS,414,54733,10,0,23,7,6,2025
2025-06-07 11:00:00.000,H15,LA MACHINE A VOYAGER DANS LE TEMPS,550,54757,11,0,23,7,6,2025
2025-06-07 12:00:00.000,H15,LA MACHINE A VOYAGER DANS LE TEMPS,443,54781,12,0,23,7,6,2025
2025-06-07 13:00:00.000,H15,LA MACHINE A VOYAGER DANS LE TEMPS,636,54805,13,0,23,7,6,2025
2025-06-07 14:00:00.000,H15,LA MACHINE A VOYAGER DANS LE TEMPS,432,54829,14,0,23,7,6,2025
2025-06-07 15:00:00.000,H15,LA MACHINE A VOYAGER DANS LE TEMPS,538,54853,15,0,23,7,6,2025
2025-06-07 16:00:00.000,H15,LA MACHINE A VOYAGER DANS LE TEMPS,536,54877,16,0,23,7,6,2025
2025-06-07 17:00:00.000,H15,LA MACHINE A VOYAGER DANS LE TEMPS,413,54901,17,0,23,7,6,2025
2025-06-07 18:00:00.000,H15,LA MACHINE A VOYAGER DANS LE TEMPS,377,54925,18,0,23,7,6,2025
2025-06-07 19:00:00.000,H15,LA MACHINE A VOYAGER DANS LE TEMPS,243,54949,19,0,23,7,6,2025
2025-06-07 20:00:00.000,H15,LA MACHINE A VOYAGER DANS LE TEMPS,19,54973,20,0,23,7,6,2025
2025-06-07 21:00:00.000,H15,LA MACHINE A VOYAGER DANS LE TEMPS,25,54997,21,0,23,7,6,2025
2025-06-07 22:00:00.000,H15,LA MACHINE A VOYAGER DANS LE TEMPS,5,55013,22,0,23,7,6,2025
2025-06-07 23:00:00.000,H15,LA MACHINE A VOYAGER DANS LE TEMPS,0,55029,23,0,23,7,6,2025
2025-06-08 00:00:00.000,H15,LA MACHINE A VOYAGER DANS LE TEMPS,0,55045,0,0,24,8,6,2025
2025-06-08 01:00:00.000,H15,LA MACHINE A VOYAGER DANS LE TEMPS,0,55061,1,0,24,8,6,2025
2025-06-08 02:00:00.000,H15,LA MACHINE A VOYAGER DANS LE TEMPS,0,55077,2,0,24,8,6,2025
2025-06-08 03:00:00.000,H15,LA MACHINE A VOYAGER DANS LE TEMPS,0,55093,3,0,24,8,6,2025
2025-06-08 04:00:00.000,H15,LA MACHINE A VOYAGER DANS LE TEMPS,0,55109,4,0,24,8,6,2025
2025-06-08 05:00:00.000,H15,LA MACHINE A VOYAGER DANS LE TEMPS,0,55125,5,0,24,8,6,2025
2025-06-08 06:00:00.000,H15,LA MACHINE A VOYAGER DANS LE TEMPS,0,55141,6,0,24,8,6,2025
2025-06-08 07:00:00.000,H15,LA MACHINE A VOYAGER DANS LE TEMPS,0,55165,7,0,24,8,6,2025
2025-06-08 08:00:00.000,H15,LA MACHINE A VOYAGER DANS LE TEMPS,0,55189,8,0,24,8,6,2025
2025-06-08 09:00:00.000,H15,LA MACHINE A VOYAGER DANS LE TEMPS,182,55213,9,0,24,8,6,2025
2025-06-08 10:00:00.000,H15,LA MACHINE A VOYAGER DANS LE TEMPS,718,55237,10,0,24,8,6,2025
2025-06-08 11:00:00.000,H15,LA MACHINE A VOYAGER DANS LE TEMPS,858,55261,11,0,24,8,6,2025
2025-06-08 12:00:00.000,H15,LA MACHINE A VOYAGER DANS LE TEMPS,698,55285,12,0,24,8,6,2025
2025-06-08 13:00:00.000,H15,LA MACHINE A VOYAGER DANS LE TEMPS,645,55309,13,0,24,8,6,2025
2025-06-08 14:00:00.000,H15,LA MACHINE A VOYAGER DANS LE TEMPS,582,55333,14,0,24,8,6,2025
2025-06-08 15:00:00.000,H15,LA MACHINE A VOYAGER DANS LE TEMPS,638,55357,15,0,24,8,6,2025
2025-06-08 16:00:00.000,H15,LA MACHINE A VOYAGER DANS LE TEMPS,523,55381,16,0,24,8,6,2025
2025-06-08 17:00:00.000,H15,LA MACHINE A VOYAGER DANS LE TEMPS,432,55405,17,0,24,8,6,2025
2025-06-08 18:00:00.000,H15,LA MACHINE A VOYAGER DANS LE TEMPS,346,55429,18,0,24,8,6,2025
2025-06-08 19:00:00.000,H15,LA MACHINE A VOYAGER DANS LE TEMPS,148,55453,19,0,24,8,6,2025
2025-06-08 20:00:00.000,H15,LA MACHINE A VOYAGER DANS LE TEMPS,63,55477,20,0,24,8,6,2025
2025-06-08 21:00:00.000,H15,LA MACHINE A VOYAGER DANS LE TEMPS,16,55501,21,0,24,8,6,2025
2025-06-08 22:00:00.000,H15,LA MACHINE A VOYAGER DANS LE TEMPS,16,55517,22,0,24,8,6,2025
2025-06-08 23:00:00.000,H15,LA MACHINE A VOYAGER DANS LE TEMPS,0,55533,23,0,24,8,6,2025
2025-06-09 00:00:00.000,H15,LA MACHINE A VOYAGER DANS LE TEMPS,0,55549,0,0,24,9,6,2025
2025-06-09 01:00:00.000,H15,LA MACHINE A VOYAGER DANS LE TEMPS,0,55565,1,0,24,9,6,2025
2025-06-09 02:00:00.000,H15,LA MACHINE A VOYAGER DANS LE TEMPS,0,55581,2,0,24,9,6,2025
2025-06-09 03:00:00.000,H15,LA MACHINE A VOYAGER DANS LE TEMPS,0,55597,3,0,24,9,6,2025
2025-06-09 04:00:00.000,H15,LA MACHINE A VOYAGER DANS LE TEMPS,0,55613,4,0,24,9,6,2025
2025-06-09 05:00:00.000,H15,LA MACHINE A VOYAGER DANS LE TEMPS,0,55629,5,0,24,9,6,2025
2025-06-09 06:00:00.000,H15,LA MACHINE A VOYAGER DANS LE TEMPS,0,55645,6,0,24,9,6,2025
2025-06-09 07:00:00.000,H15,LA MACHINE A VOYAGER DANS LE TEMPS,0,55669,7,0,24,9,6,2025
2025-06-09 08:00:00.000,H15,LA MACHINE A VOYAGER DANS LE TEMPS,0,55693,8,0,24,9,6,2025
2025-06-09 09:00:00.000,H15,LA MACHINE A VOYAGER DANS LE TEMPS,31,55717,9,0,24,9,6,2025
2025-06-09 10:00:00.000,H15,LA MACHINE A VOYAGER DANS LE TEMPS,160,55741,10,0,24,9,6,2025
2025-06-09 11:00:00.000,H15,LA MACHINE A VOYAGER DANS LE TEMPS,180,55765,11,0,24,9,6,2025
2025-06-09 12:00:00.000,H15,LA MACHINE A VOYAGER DANS LE TEMPS,112,55789,12,0,24,9,6,2025
2025-06-09 13:00:00.000,H15,LA MACHINE A VOYAGER DANS LE TEMPS,45,55813,13,0,24,9,6,2025
2025-06-09 14:00:00.000,H15,LA MACHINE A VOYAGER DANS LE TEMPS,49,55837,14,0,24,9,6,2025
2025-06-09 15:00:00.000,H15,LA MACHINE A VOYAGER DANS LE TEMPS,36,55861,15,0,24,9,6,2025
2025-06-09 16:00:00.000,H15,LA MACHINE A VOYAGER DANS LE TEMPS,30,55885,16,0,24,9,6,2025
2025-06-09 17:00:00.000,H15,LA MACHINE A VOYAGER DANS LE TEMPS,21,55909,17,0,24,9,6,2025
2025-06-09 18:00:00.000,H15,LA MACHINE A VOYAGER DANS LE TEMPS,15,55933,18,0,24,9,6,2025
2025-06-09 19:00:00.000,H15,LA MACHINE A VOYAGER DANS LE TEMPS,5,55949,19,0,24,9,6,2025
2025-06-09 20:00:00.000,H15,LA MACHINE A VOYAGER DANS LE TEMPS,0,55965,20,0,24,9,6,2025
2025-06-09 21:00:00.000,H15,LA MACHINE A VOYAGER DANS LE TEMPS,0,55981,21,0,24,9,6,2025
2025-06-09 22:00:00.000,H15,LA MACHINE A VOYAGER DANS LE TEMPS,0,55997,22,0,24,9,6,2025
2025-06-09 23:00:00.000,H15,LA MACHINE A VOYAGER DANS LE TEMPS,0,56013,23,0,24,9,6,2025
2025-06-10 00:00:00.000,H15,LA MACHINE A VOYAGER DANS LE TEMPS,0,56029,0,0,24,10,6,2025
2025-06-10 01:00:00.000,H15,LA MACHINE A VOYAGER DANS LE TEMPS,0,56045,1,0,24,10,6,2025
2025-06-10 02:00:00.000,H15,LA MACHINE A VOYAGER DANS LE TEMPS,0,56061,2,0,24,10,6,2025
2025-06-10 03:00:00.000,H15,LA MACHINE A VOYAGER DANS LE TEMPS,0,56077,3,0,24,10,6,2025
2025-06-10 04:00:00.000,H15,LA MACHINE A VOYAGER DANS LE TEMPS,0,56093,4,0,24,10,6,2025
2025-06-10 05:00:00.000,H15,LA MACHINE A VOYAGER DANS LE TEMPS,0,56109,5,0,24,10,6,2025
2025-06-10 06:00:00.000,H15,LA MACHINE A VOYAGER DANS LE TEMPS,0,56125,6,0,24,10,6,2025
2025-06-10 07:00:00.000,H15,LA MACHINE A VOYAGER DANS LE TEMPS,0,56147,7,0,24,10,6,2025
2025-06-10 08:00:00.000,H15,LA MACHINE A VOYAGER DANS LE TEMPS,0,56169,8,0,24,10,6,2025
2025-06-10 09:00:00.000,H15,LA MACHINE A VOYAGER DANS LE TEMPS,0,56191,9,0,24,10,6,2025
2025-06-10 10:00:00.000,H15,LA MACHINE A VOYAGER DANS LE TEMPS,63,56213,10,0,24,10,6,2025
2025-06-10 11:00:00.000,H15,LA MACHINE A VOYAGER DANS LE TEMPS,130,56235,11,0,24,10,6,2025
2025-06-10 12:00:00.000,H15,LA MACHINE A VOYAGER DANS LE TEMPS,23,56257,12,0,24,10,6,2025
2025-06-10 13:00:00.000,H15,LA MACHINE A VOYAGER DANS LE TEMPS,10,56279,13,0,24,10,6,2025
2025-06-10 14:00:00.000,H15,LA MACHINE A VOYAGER DANS LE TEMPS,0,56301,14,0,24,10,6,2025
2025-06-10 15:00:00.000,H15,LA MACHINE A VOYAGER DANS LE TEMPS,99,56323,15,0,24,10,6,2025
2025-06-10 16:00:00.000,H15,LA MACHINE A VOYAGER DANS LE TEMPS,40,56345,16,0,24,10,6,2025
2025-06-10 17:00:00.000,H15,LA MACHINE A VOYAGER DANS LE TEMPS,29,56367,17,0,24,10,6,2025
2025-06-10 18:00:00.000,H15,LA MACHINE A VOYAGER DANS LE TEMPS,9,56389,18,0,24,10,6,2025
2025-06-10 19:00:00.000,H15,LA MACHINE A VOYAGER DANS LE TEMPS,6,56403,19,0,24,10,6,2025
2025-06-10 20:00:00.000,H15,LA MACHINE A VOYAGER DANS LE TEMPS,0,56417,20,0,24,10,6,2025
2025-06-10 21:00:00.000,H15,LA MACHINE A VOYAGER DANS LE TEMPS,0,56431,21,0,24,10,6,2025
2025-06-10 22:00:00.000,H15,LA MACHINE A VOYAGER DANS LE TEMPS,0,56445,22,0,24,10,6,2025
2025-06-10 23:00:00.000,H15,LA MACHINE A VOYAGER DANS LE TEMPS,0,56459,23,0,24,10,6,2025
2025-06-11 00:00:00.000,H15,LA MACHINE A VOYAGER DANS LE TEMPS,0,56473,0,0,24,11,6,2025
2025-06-11 01:00:00.000,H15,LA MACHINE A VOYAGER DANS LE TEMPS,0,56487,1,0,24,11,6,2025
2025-06-11 02:00:00.000,H15,LA MACHINE A VOYAGER DANS LE TEMPS,0,56501,2,0,24,11,6,2025
2025-06-11 03:00:00.000,H15,LA MACHINE A VOYAGER DANS LE TEMPS,0,56515,3,0,24,11,6,2025
2025-06-11 04:00:00.000,H15,LA MACHINE A VOYAGER DANS LE TEMPS,0,56529,4,0,24,11,6,2025
2025-06-11 05:00:00.000,H15,LA MACHINE A VOYAGER DANS LE TEMPS,0,56543,5,0,24,11,6,2025
2025-06-11 06:00:00.000,H15,LA MACHINE A VOYAGER DANS LE TEMPS,0,56557,6,0,24,11,6,2025
2025-06-11 07:00:00.000,H15,LA MACHINE A VOYAGER DANS LE TEMPS,0,56579,7,0,24,11,6,2025
2025-06-11 08:00:00.000,H15,LA MACHINE A VOYAGER DANS LE TEMPS,0,56601,8,0,24,11,6,2025
2025-06-11 09:00:00.000,H15,LA MACHINE A VOYAGER DANS LE TEMPS,0,56623,9,0,24,11,6,2025
2025-06-11 10:00:00.000,H15,LA MACHINE A VOYAGER DANS LE TEMPS,166,56645,10,0,24,11,6,2025
2025-06-11 11:00:00.000,H15,LA MACHINE A VOYAGER DANS LE TEMPS,63,56667,11,0,24,11,6,2025
2025-06-11 12:00:00.000,H15,LA MACHINE A VOYAGER DANS LE TEMPS,60,56689,12,0,24,11,6,2025
2025-06-11 13:00:00.000,H15,LA MACHINE A VOYAGER DANS LE TEMPS,4,56711,13,0,24,11,6,2025
2025-06-11 14:00:00.000,H15,LA MACHINE A VOYAGER DANS LE TEMPS,0,56733,14,0,24,11,6,2025
2025-06-11 15:00:00.000,H15,LA MACHINE A VOYAGER DANS LE TEMPS,80,56755,15,0,24,11,6,2025
2025-06-11 16:00:00.000,H15,LA MACHINE A VOYAGER DANS LE TEMPS,18,56777,16,0,24,11,6,2025
2025-06-11 17:00:00.000,H15,LA MACHINE A VOYAGER DANS LE TEMPS,21,56799,17,0,24,11,6,2025
2025-06-11 18:00:00.000,H15,LA MACHINE A VOYAGER DANS LE TEMPS,9,56821,18,0,24,11,6,2025
2025-06-11 19:00:00.000,H15,LA MACHINE A VOYAGER DANS LE TEMPS,3,56835,19,0,24,11,6,2025
2025-06-11 20:00:00.000,H15,LA MACHINE A VOYAGER DANS LE TEMPS,0,56849,20,0,24,11,6,2025
2025-06-11 21:00:00.000,H15,LA MACHINE A VOYAGER DANS LE TEMPS,0,56863,21,0,24,11,6,2025
2025-06-11 22:00:00.000,H15,LA MACHINE A VOYAGER DANS LE TEMPS,0,56877,22,0,24,11,6,2025
2025-06-11 23:00:00.000,H15,LA MACHINE A VOYAGER DANS LE TEMPS,0,56891,23,0,24,11,6,2025
2025-06-12 00:00:00.000,H15,LA MACHINE A VOYAGER DANS LE TEMPS,0,56905,0,0,24,12,6,2025
2025-06-12 01:00:00.000,H15,LA MACHINE A VOYAGER DANS LE TEMPS,0,56919,1,0,24,12,6,2025
2025-06-12 02:00:00.000,H15,LA MACHINE A VOYAGER DANS LE TEMPS,0,56933,2,0,24,12,6,2025
2025-06-12 03:00:00.000,H15,LA MACHINE A VOYAGER DANS LE TEMPS,0,56947,3,0,24,12,6,2025
2025-06-12 04:00:00.000,H15,LA MACHINE A VOYAGER DANS LE TEMPS,0,56961,4,0,24,12,6,2025
2025-06-12 05:00:00.000,H15,LA MACHINE A VOYAGER DANS LE TEMPS,0,56975,5,0,24,12,6,2025
2025-06-12 06:00:00.000,H15,LA MACHINE A VOYAGER DANS LE TEMPS,0,56989,6,0,24,12,6,2025
2025-06-12 07:00:00.000,H15,LA MACHINE A VOYAGER DANS LE TEMPS,0,57011,7,0,24,12,6,2025
2025-06-12 08:00:00.000,H15,LA MACHINE A VOYAGER DANS LE TEMPS,0,57033,8,0,24,12,6,2025
2025-06-12 09:00:00.000,H15,LA MACHINE A VOYAGER DANS LE TEMPS,0,57055,9,0,24,12,6,2025
2025-06-12 10:00:00.000,H15,LA MACHINE A VOYAGER DANS LE TEMPS,178,57077,10,0,24,12,6,2025
2025-06-12 11:00:00.000,H15,LA MACHINE A VOYAGER DANS LE TEMPS,248,57099,11,0,24,12,6,2025
2025-06-12 12:00:00.000,H15,LA MACHINE A VOYAGER DANS LE TEMPS,40,57121,12,0,24,12,6,2025
2025-06-12 13:00:00.000,H15,LA MACHINE A VOYAGER DANS LE TEMPS,10,57143,13,0,24,12,6,2025
2025-06-12 14:00:00.000,H15,LA MACHINE A VOYAGER DANS LE TEMPS,0,57165,14,0,24,12,6,2025
2025-06-12 15:00:00.000,H15,LA MACHINE A VOYAGER DANS LE TEMPS,289,57187,15,0,24,12,6,2025
2025-06-12 16:00:00.000,H15,LA MACHINE A VOYAGER DANS LE TEMPS,217,57209,16,0,24,12,6,2025
2025-06-12 17:00:00.000,H15,LA MACHINE A VOYAGER DANS LE TEMPS,56,57231,17,0,24,12,6,2025
2025-06-12 18:00:00.000,H15,LA MACHINE A VOYAGER DANS LE TEMPS,29,57253,18,0,24,12,6,2025
2025-06-12 19:00:00.000,H15,LA MACHINE A VOYAGER DANS LE TEMPS,27,57267,19,0,24,12,6,2025
2025-06-12 20:00:00.000,H15,LA MACHINE A VOYAGER DANS LE TEMPS,1,57281,20,0,24,12,6,2025
2025-06-12 21:00:00.000,H15,LA MACHINE A VOYAGER DANS LE TEMPS,0,57295,21,0,24,12,6,2025
2025-06-12 22:00:00.000,H15,LA MACHINE A VOYAGER DANS LE TEMPS,0,57309,22,0,24,12,6,2025
2025-06-12 23:00:00.000,H15,LA MACHINE A VOYAGER DANS LE TEMPS,0,57323,23,0,24,12,6,2025
2025-06-13 00:00:00.000,H15,LA MACHINE A VOYAGER DANS LE TEMPS,0,57337,0,0,24,13,6,2025
2025-06-13 01:00:00.000,H15,LA MACHINE A VOYAGER DANS LE TEMPS,0,57351,1,0,24,13,6,2025
2025-06-13 02:00:00.000,H15,LA MACHINE A VOYAGER DANS LE TEMPS,0,57365,2,0,24,13,6,2025
2025-06-13 03:00:00.000,H15,LA MACHINE A VOYAGER DANS LE TEMPS,0,57379,3,0,24,13,6,2025
2025-06-13 04:00:00.000,H15,LA MACHINE A VOYAGER DANS LE TEMPS,0,57393,4,0,24,13,6,2025
2025-06-13 05:00:00.000,H15,LA MACHINE A VOYAGER DANS LE TEMPS,0,57407,5,0,24,13,6,2025
2025-06-13 06:00:00.000,H15,LA MACHINE A VOYAGER DANS LE TEMPS,0,57421,6,0,24,13,6,2025
2025-06-13 07:00:00.000,H15,LA MACHINE A VOYAGER DANS LE TEMPS,0,57442,7,0,24,13,6,2025
2025-06-13 08:00:00.000,H15,LA MACHINE A VOYAGER DANS LE TEMPS,0,57463,8,0,24,13,6,2025
2025-06-13 09:00:00.000,H15,LA MACHINE A VOYAGER DANS LE TEMPS,0,57484,9,0,24,13,6,2025
2025-06-13 10:00:00.000,H15,LA MACHINE A VOYAGER DANS LE TEMPS,114,57505,10,0,24,13,6,2025
2025-06-13 11:00:00.000,H15,LA MACHINE A VOYAGER DANS LE TEMPS,200,57526,11,0,24,13,6,2025
2025-06-13 12:00:00.000,H15,LA MACHINE A VOYAGER DANS LE TEMPS,28,57547,12,0,24,13,6,2025
2025-06-13 13:00:00.000,H15,LA MACHINE A VOYAGER DANS LE TEMPS,4,57568,13,0,24,13,6,2025
2025-06-13 14:00:00.000,H15,LA MACHINE A VOYAGER DANS LE TEMPS,0,57589,14,0,24,13,6,2025
2025-06-13 15:00:00.000,H15,LA MACHINE A VOYAGER DANS LE TEMPS,138,57610,15,0,24,13,6,2025
2025-06-13 16:00:00.000,H15,LA MACHINE A VOYAGER DANS LE TEMPS,46,57631,16,0,24,13,6,2025
2025-06-13 17:00:00.000,H15,LA MACHINE A VOYAGER DANS LE TEMPS,10,57652,17,0,24,13,6,2025
2025-06-13 18:00:00.000,H15,LA MACHINE A VOYAGER DANS LE TEMPS,7,57673,18,0,24,13,6,2025
2025-06-13 19:00:00.000,H15,LA MACHINE A VOYAGER DANS LE TEMPS,4,57694,19,0,24,13,6,2025
2025-06-13 20:00:00.000,H15,LA MACHINE A VOYAGER DANS LE TEMPS,0,57715,20,0,24,13,6,2025
2025-06-13 21:00:00.000,H15,LA MACHINE A VOYAGER DANS LE TEMPS,0,57736,21,0,24,13,6,2025
2025-06-13 22:00:00.000,H15,LA MACHINE A VOYAGER DANS LE TEMPS,0,57749,22,0,24,13,6,2025
2025-06-13 23:00:00.000,H15,LA MACHINE A VOYAGER DANS LE TEMPS,0,57762,23,0,24,13,6,2025
2025-06-14 00:00:00.000,H15,LA MACHINE A VOYAGER DANS LE TEMPS,0,57775,0,0,24,14,6,2025
2025-06-14 01:00:00.000,H15,LA MACHINE A VOYAGER DANS LE TEMPS,0,57788,1,0,24,14,6,2025
2025-06-14 02:00:00.000,H15,LA MACHINE A VOYAGER DANS LE TEMPS,0,57801,2,0,24,14,6,2025
2025-06-14 03:00:00.000,H15,LA MACHINE A VOYAGER DANS LE TEMPS,0,57814,3,0,24,14,6,2025
2025-06-14 04:00:00.000,H15,LA MACHINE A VOYAGER DANS LE TEMPS,0,57827,4,0,24,14,6,2025
2025-06-14 05:00:00.000,H15,LA MACHINE A VOYAGER DANS LE TEMPS,0,57840,5,0,24,14,6,2025
2025-06-14 06:00:00.000,H15,LA MACHINE A VOYAGER DANS LE TEMPS,0,57853,6,0,24,14,6,2025
2025-06-14 07:00:00.000,H15,LA MACHINE A VOYAGER DANS LE TEMPS,0,57877,7,0,24,14,6,2025
2025-06-14 08:00:00.000,H15,LA MACHINE A VOYAGER DANS LE TEMPS,0,57901,8,0,24,14,6,2025
2025-06-14 09:00:00.000,H15,LA MACHINE A VOYAGER DANS LE TEMPS,0,57925,9,0,24,14,6,2025
2025-06-14 10:00:00.000,H15,LA MACHINE A VOYAGER DANS LE TEMPS,0,57949,10,0,24,14,6,2025
2025-06-14 11:00:00.000,H15,LA MACHINE A VOYAGER DANS LE TEMPS,1,57973,11,0,24,14,6,2025
2025-06-14 12:00:00.000,H15,LA MACHINE A VOYAGER DANS LE TEMPS,44,57997,12,0,24,14,6,2025
2025-06-14 13:00:00.000,H15,LA MACHINE A VOYAGER DANS LE TEMPS,641,58021,13,0,24,14,6,2025
2025-06-14 14:00:00.000,H15,LA MACHINE A VOYAGER DANS LE TEMPS,701,58045,14,0,24,14,6,2025
2025-06-14 15:00:00.000,H15,LA MACHINE A VOYAGER DANS LE TEMPS,762,58069,15,0,24,14,6,2025
2025-06-14 16:00:00.000,H15,LA MACHINE A VOYAGER DANS LE TEMPS,638,58093,16,0,24,14,6,2025
2025-06-14 17:00:00.000,H15,LA MACHINE A VOYAGER DANS LE TEMPS,656,58117,17,0,24,14,6,2025
2025-06-14 18:00:00.000,H15,LA MACHINE A VOYAGER DANS LE TEMPS,676,58141,18,0,24,14,6,2025
2025-06-14 19:00:00.000,H15,LA MACHINE A VOYAGER DANS LE TEMPS,434,58165,19,0,24,14,6,2025
2025-06-14 20:00:00.000,H15,LA MACHINE A VOYAGER DANS LE TEMPS,311,58189,20,0,24,14,6,2025
2025-06-14 21:00:00.000,H15,LA MACHINE A VOYAGER DANS LE TEMPS,111,58213,21,0,24,14,6,2025
2025-06-14 22:00:00.000,H15,LA MACHINE A VOYAGER DANS LE TEMPS,0,58229,22,0,24,14,6,2025
2025-06-14 23:00:00.000,H15,LA MACHINE A VOYAGER DANS LE TEMPS,0,58245,23,0,24,14,6,2025
2025-06-15 00:00:00.000,H15,LA MACHINE A VOYAGER DANS LE TEMPS,0,58261,0,0,25,15,6,2025
2025-06-15 01:00:00.000,H15,LA MACHINE A VOYAGER DANS LE TEMPS,0,58277,1,0,25,15,6,2025
2025-06-15 02:00:00.000,H15,LA MACHINE A VOYAGER DANS LE TEMPS,0,58293,2,0,25,15,6,2025
2025-06-15 03:00:00.000,H15,LA MACHINE A VOYAGER DANS LE TEMPS,0,58309,3,0,25,15,6,2025
2025-06-15 04:00:00.000,H15,LA MACHINE A VOYAGER DANS LE TEMPS,0,58325,4,0,25,15,6,2025
2025-06-15 05:00:00.000,H15,LA MACHINE A VOYAGER DANS LE TEMPS,0,58341,5,0,25,15,6,2025
2025-06-15 06:00:00.000,H15,LA MACHINE A VOYAGER DANS LE TEMPS,0,58357,6,0,25,15,6,2025
2025-06-15 07:00:00.000,H15,LA MACHINE A VOYAGER DANS LE TEMPS,0,58381,7,0,25,15,6,2025
2025-06-15 08:00:00.000,H15,LA MACHINE A VOYAGER DANS LE TEMPS,0,58405,8,0,25,15,6,2025
2025-06-15 09:00:00.000,H15,LA MACHINE A VOYAGER DANS LE TEMPS,40,58429,9,0,25,15,6,2025
2025-06-15 10:00:00.000,H15,LA MACHINE A VOYAGER DANS LE TEMPS,333,58453,10,0,25,15,6,2025
2025-06-15 11:00:00.000,H15,LA MACHINE A VOYAGER DANS LE TEMPS,118,58477,11,0,25,15,6,2025
2025-06-15 12:00:00.000,H15,LA MACHINE A VOYAGER DANS LE TEMPS,115,58501,12,0,25,15,6,2025
2025-06-15 13:00:00.000,H15,LA MACHINE A VOYAGER DANS LE TEMPS,50,58525,13,0,25,15,6,2025
2025-06-15 14:00:00.000,H15,LA MACHINE A VOYAGER DANS LE TEMPS,37,58549,14,0,25,15,6,2025
2025-06-15 15:00:00.000,H15,LA MACHINE A VOYAGER DANS LE TEMPS,41,58573,15,0,25,15,6,2025
2025-06-15 16:00:00.000,H15,LA MACHINE A VOYAGER DANS LE TEMPS,20,58597,16,0,25,15,6,2025
2025-06-15 17:00:00.000,H15,LA MACHINE A VOYAGER DANS LE TEMPS,14,58621,17,0,25,15,6,2025
2025-06-15 18:00:00.000,H15,LA MACHINE A VOYAGER DANS LE TEMPS,12,58645,18,0,25,15,6,2025
2025-06-15 19:00:00.000,H15,LA MACHINE A VOYAGER DANS LE TEMPS,2,58661,19,0,25,15,6,2025
2025-06-15 20:00:00.000,H15,LA MACHINE A VOYAGER DANS LE TEMPS,0,58677,20,0,25,15,6,2025
2025-06-15 21:00:00.000,H15,LA MACHINE A VOYAGER DANS LE TEMPS,0,58693,21,0,25,15,6,2025
2025-06-15 22:00:00.000,H15,LA MACHINE A VOYAGER DANS LE TEMPS,0,58709,22,0,25,15,6,2025
2025-06-15 23:00:00.000,H15,LA MACHINE A VOYAGER DANS LE TEMPS,0,58725,23,0,25,15,6,2025
2025-06-16 00:00:00.000,H15,LA MACHINE A VOYAGER DANS LE TEMPS,0,58741,0,0,25,16,6,2025
2025-06-16 01:00:00.000,H15,LA MACHINE A VOYAGER DANS LE TEMPS,0,58757,1,0,25,16,6,2025
2025-06-16 02:00:00.000,H15,LA MACHINE A VOYAGER DANS LE TEMPS,0,58773,2,0,25,16,6,2025
2025-06-16 03:00:00.000,H15,LA MACHINE A VOYAGER DANS LE TEMPS,0,58789,3,0,25,16,6,2025
2025-06-16 04:00:00.000,H15,LA MACHINE A VOYAGER DANS LE TEMPS,0,58805,4,0,25,16,6,2025
2025-06-16 05:00:00.000,H15,LA MACHINE A VOYAGER DANS LE TEMPS,0,58821,5,0,25,16,6,2025
2025-06-16 06:00:00.000,H15,LA MACHINE A VOYAGER DANS LE TEMPS,0,58837,6,0,25,16,6,2025
2025-06-16 07:00:00.000,H15,LA MACHINE A VOYAGER DANS LE TEMPS,0,58859,7,0,25,16,6,2025
2025-06-16 08:00:00.000,H15,LA MACHINE A VOYAGER DANS LE TEMPS,0,58881,8,0,25,16,6,2025
2025-06-16 09:00:00.000,H15,LA MACHINE A VOYAGER DANS LE TEMPS,0,58903,9,0,25,16,6,2025
2025-06-16 10:00:00.000,H15,LA MACHINE A VOYAGER DANS LE TEMPS,59,58925,10,0,25,16,6,2025
2025-06-16 11:00:00.000,H15,LA MACHINE A VOYAGER DANS LE TEMPS,42,58947,11,0,25,16,6,2025
2025-06-16 12:00:00.000,H15,LA MACHINE A VOYAGER DANS LE TEMPS,49,58969,12,0,25,16,6,2025
2025-06-16 13:00:00.000,H15,LA MACHINE A VOYAGER DANS LE TEMPS,42,58991,13,0,25,16,6,2025
2025-06-16 14:00:00.000,H15,LA MACHINE A VOYAGER DANS LE TEMPS,0,59013,14,0,25,16,6,2025
2025-06-16 15:00:00.000,H15,LA MACHINE A VOYAGER DANS LE TEMPS,56,59035,15,0,25,16,6,2025
2025-06-16 16:00:00.000,H15,LA MACHINE A VOYAGER DANS LE TEMPS,53,59057,16,0,25,16,6,2025
2025-06-16 17:00:00.000,H15,LA MACHINE A VOYAGER DANS LE TEMPS,41,59079,17,0,25,16,6,2025
2025-06-16 18:00:00.000,H15,LA MACHINE A VOYAGER DANS LE TEMPS,12,59101,18,0,25,16,6,2025
2025-06-16 19:00:00.000,H15,LA MACHINE A VOYAGER DANS LE TEMPS,8,59123,19,0,25,16,6,2025
2025-06-16 20:00:00.000,H15,LA MACHINE A VOYAGER DANS LE TEMPS,1,59137,20,0,25,16,6,2025
2025-06-16 21:00:00.000,H15,LA MACHINE A VOYAGER DANS LE TEMPS,0,59151,21,0,25,16,6,2025
2025-06-16 22:00:00.000,H15,LA MACHINE A VOYAGER DANS LE TEMPS,0,59165,22,0,25,16,6,2025
2025-06-16 23:00:00.000,H15,LA MACHINE A VOYAGER DANS LE TEMPS,0,59179,23,0,25,16,6,2025
2025-06-17 00:00:00.000,H15,LA MACHINE A VOYAGER DANS LE TEMPS,0,59193,0,0,25,17,6,2025
2025-06-17 01:00:00.000,H15,LA MACHINE A VOYAGER DANS LE TEMPS,0,59207,1,0,25,17,6,2025
2025-06-17 02:00:00.000,H15,LA MACHINE A VOYAGER DANS LE TEMPS,0,59221,2,0,25,17,6,2025
2025-06-17 03:00:00.000,H15,LA MACHINE A VOYAGER DANS LE TEMPS,0,59235,3,0,25,17,6,2025
2025-06-17 04:00:00.000,H15,LA MACHINE A VOYAGER DANS LE TEMPS,0,59249,4,0,25,17,6,2025
2025-06-17 05:00:00.000,H15,LA MACHINE A VOYAGER DANS LE TEMPS,0,59263,5,0,25,17,6,2025
2025-06-17 06:00:00.000,H15,LA MACHINE A VOYAGER DANS LE TEMPS,0,59277,6,0,25,17,6,2025
2025-06-17 07:00:00.000,H15,LA MACHINE A VOYAGER DANS LE TEMPS,0,59298,7,0,25,17,6,2025
2025-06-17 08:00:00.000,H15,LA MACHINE A VOYAGER DANS LE TEMPS,0,59319,8,0,25,17,6,2025
2025-06-17 09:00:00.000,H15,LA MACHINE A VOYAGER DANS LE TEMPS,0,59340,9,0,25,17,6,2025
2025-06-17 10:00:00.000,H15,LA MACHINE A VOYAGER DANS LE TEMPS,154,59361,10,0,25,17,6,2025
2025-06-17 11:00:00.000,H15,LA MACHINE A VOYAGER DANS LE TEMPS,321,59382,11,0,25,17,6,2025
2025-06-17 12:00:00.000,H15,LA MACHINE A VOYAGER DANS LE TEMPS,234,59403,12,0,25,17,6,2025
2025-06-17 13:00:00.000,H15,LA MACHINE A VOYAGER DANS LE TEMPS,19,59424,13,0,25,17,6,2025
2025-06-17 14:00:00.000,H15,LA MACHINE A VOYAGER DANS LE TEMPS,0,59445,14,0,25,17,6,2025
2025-06-17 15:00:00.000,H15,LA MACHINE A VOYAGER DANS LE TEMPS,108,59466,15,0,25,17,6,2025
2025-06-17 16:00:00.000,H15,LA MACHINE A VOYAGER DANS LE TEMPS,24,59487,16,0,25,17,6,2025
2025-06-17 17:00:00.000,H15,LA MACHINE A VOYAGER DANS LE TEMPS,30,59508,17,0,25,17,6,2025
2025-06-17 18:00:00.000,H15,LA MACHINE A VOYAGER DANS LE TEMPS,25,59529,18,0,25,17,6,2025
2025-06-17 19:00:00.000,H15,LA MACHINE A VOYAGER DANS LE TEMPS,6,59542,19,0,25,17,6,2025
2025-06-17 20:00:00.000,H15,LA MACHINE A VOYAGER DANS LE TEMPS,0,59555,20,0,25,17,6,2025
2025-06-17 21:00:00.000,H15,LA MACHINE A VOYAGER DANS LE TEMPS,0,59568,21,0,25,17,6,2025
2025-06-17 22:00:00.000,H15,LA MACHINE A VOYAGER DANS LE TEMPS,0,59581,22,0,25,17,6,2025
2025-06-17 23:00:00.000,H15,LA MACHINE A VOYAGER DANS LE TEMPS,0,59594,23,0,25,17,6,2025
2025-06-18 00:00:00.000,H15,LA MACHINE A VOYAGER DANS LE TEMPS,0,59607,0,0,25,18,6,2025
2025-06-18 01:00:00.000,H15,LA MACHINE A VOYAGER DANS LE TEMPS,0,59620,1,0,25,18,6,2025
2025-06-18 02:00:00.000,H15,LA MACHINE A VOYAGER DANS LE TEMPS,0,59633,2,0,25,18,6,2025
2025-06-18 03:00:00.000,H15,LA MACHINE A VOYAGER DANS LE TEMPS,0,59646,3,0,25,18,6,2025
2025-06-18 04:00:00.000,H15,LA MACHINE A VOYAGER DANS LE TEMPS,0,59659,4,0,25,18,6,2025
2025-06-18 05:00:00.000,H15,LA MACHINE A VOYAGER DANS LE TEMPS,0,59672,5,0,25,18,6,2025
2025-06-18 06:00:00.000,H15,LA MACHINE A VOYAGER DANS LE TEMPS,0,59685,6,0,25,18,6,2025
2025-06-18 07:00:00.000,H15,LA MACHINE A VOYAGER DANS LE TEMPS,0,59698,7,0,25,18,6,2025
2025-06-18 09:00:00.000,H15,LA MACHINE A VOYAGER DANS LE TEMPS,0,59719,9,0,25,18,6,2025
2025-06-18 10:00:00.000,H15,LA MACHINE A VOYAGER DANS LE TEMPS,124,59740,10,0,25,18,6,2025
2025-06-18 11:00:00.000,H15,LA MACHINE A VOYAGER DANS LE TEMPS,158,59761,11,0,25,18,6,2025
2025-06-18 12:00:00.000,H15,LA MACHINE A VOYAGER DANS LE TEMPS,32,59782,12,0,25,18,6,2025
2025-06-18 13:00:00.000,H15,LA MACHINE A VOYAGER DANS LE TEMPS,16,59803,13,0,25,18,6,2025
2025-06-18 14:00:00.000,H15,LA MACHINE A VOYAGER DANS LE TEMPS,15,59824,14,0,25,18,6,2025
2025-06-18 15:00:00.000,H15,LA MACHINE A VOYAGER DANS LE TEMPS,102,59845,15,0,25,18,6,2025
2025-06-18 16:00:00.000,H15,LA MACHINE A VOYAGER DANS LE TEMPS,34,59866,16,0,25,18,6,2025
2025-06-18 17:00:00.000,H15,LA MACHINE A VOYAGER DANS LE TEMPS,56,59887,17,0,25,18,6,2025
2025-06-18 18:00:00.000,H15,LA MACHINE A VOYAGER DANS LE TEMPS,12,59908,18,0,25,18,6,2025
2025-06-18 19:00:00.000,H15,LA MACHINE A VOYAGER DANS LE TEMPS,12,59921,19,0,25,18,6,2025
2025-06-18 20:00:00.000,H15,LA MACHINE A VOYAGER DANS LE TEMPS,0,59934,20,0,25,18,6,2025
2025-06-18 21:00:00.000,H15,LA MACHINE A VOYAGER DANS LE TEMPS,0,59947,21,0,25,18,6,2025
2025-06-18 22:00:00.000,H15,LA MACHINE A VOYAGER DANS LE TEMPS,0,59960,22,0,25,18,6,2025
2025-06-18 23:00:00.000,H15,LA MACHINE A VOYAGER DANS LE TEMPS,0,59973,23,0,25,18,6,2025
2025-06-19 00:00:00.000,H15,LA MACHINE A VOYAGER DANS LE TEMPS,0,59986,0,0,25,19,6,2025
2025-06-19 01:00:00.000,H15,LA MACHINE A VOYAGER DANS LE TEMPS,0,59999,1,0,25,19,6,2025
2025-06-19 02:00:00.000,H15,LA MACHINE A VOYAGER DANS LE TEMPS,0,60012,2,0,25,19,6,2025
2025-06-19 03:00:00.000,H15,LA MACHINE A VOYAGER DANS LE TEMPS,0,60025,3,0,25,19,6,2025
2025-06-19 04:00:00.000,H15,LA MACHINE A VOYAGER DANS LE TEMPS,0,60038,4,0,25,19,6,2025
2025-06-19 05:00:00.000,H15,LA MACHINE A VOYAGER DANS LE TEMPS,0,60051,5,0,25,19,6,2025
2025-06-19 06:00:00.000,H15,LA MACHINE A VOYAGER DANS LE TEMPS,0,60064,6,0,25,19,6,2025
2025-06-19 07:00:00.000,H15,LA MACHINE A VOYAGER DANS LE TEMPS,0,60085,7,0,25,19,6,2025
2025-06-19 08:00:00.000,H15,LA MACHINE A VOYAGER DANS LE TEMPS,0,60106,8,0,25,19,6,2025
2025-06-19 09:00:00.000,H15,LA MACHINE A VOYAGER DANS LE TEMPS,0,60127,9,0,25,19,6,2025
2025-06-19 10:00:00.000,H15,LA MACHINE A VOYAGER DANS LE TEMPS,335,60148,10,0,25,19,6,2025
2025-06-19 11:00:00.000,H15,LA MACHINE A VOYAGER DANS LE TEMPS,354,60169,11,0,25,19,6,2025
2025-06-19 12:00:00.000,H15,LA MACHINE A VOYAGER DANS LE TEMPS,88,60190,12,0,25,19,6,2025
2025-06-19 13:00:00.000,H15,LA MACHINE A VOYAGER DANS LE TEMPS,5,60211,13,0,25,19,6,2025
2025-06-19 14:00:00.000,H15,LA MACHINE A VOYAGER DANS LE TEMPS,3,60232,14,0,25,19,6,2025
2025-06-19 15:00:00.000,H15,LA MACHINE A VOYAGER DANS LE TEMPS,82,60253,15,0,25,19,6,2025
2025-06-19 16:00:00.000,H15,LA MACHINE A VOYAGER DANS LE TEMPS,67,60274,16,0,25,19,6,2025
2025-06-19 17:00:00.000,H15,LA MACHINE A VOYAGER DANS LE TEMPS,19,60295,17,0,25,19,6,2025
2025-06-19 18:00:00.000,H15,LA MACHINE A VOYAGER DANS LE TEMPS,22,60316,18,0,25,19,6,2025
2025-06-19 19:00:00.000,H15,LA MACHINE A VOYAGER DANS LE TEMPS,16,60329,19,0,25,19,6,2025
2025-06-19 20:00:00.000,H15,LA MACHINE A VOYAGER DANS LE TEMPS,0,60342,20,0,25,19,6,2025
2025-06-19 21:00:00.000,H15,LA MACHINE A VOYAGER DANS LE TEMPS,0,60355,21,0,25,19,6,2025
2025-06-19 22:00:00.000,H15,LA MACHINE A VOYAGER DANS LE TEMPS,0,60368,22,0,25,19,6,2025
2025-06-19 23:00:00.000,H15,LA MACHINE A VOYAGER DANS LE TEMPS,0,60381,23,0,25,19,6,2025
2025-06-20 00:00:00.000,H15,LA MACHINE A VOYAGER DANS LE TEMPS,0,60394,0,0,25,20,6,2025
2025-06-20 01:00:00.000,H15,LA MACHINE A VOYAGER DANS LE TEMPS,0,60407,1,0,25,20,6,2025
2025-06-20 02:00:00.000,H15,LA MACHINE A VOYAGER DANS LE TEMPS,0,60420,2,0,25,20,6,2025
2025-06-20 03:00:00.000,H15,LA MACHINE A VOYAGER DANS LE TEMPS,0,60433,3,0,25,20,6,2025
2025-06-20 04:00:00.000,H15,LA MACHINE A VOYAGER DANS LE TEMPS,0,60446,4,0,25,20,6,2025
2025-06-20 05:00:00.000,H15,LA MACHINE A VOYAGER DANS LE TEMPS,0,60459,5,0,25,20,6,2025
2025-06-20 06:00:00.000,H15,LA MACHINE A VOYAGER DANS LE TEMPS,0,60472,6,0,25,20,6,2025
2025-06-20 07:00:00.000,H15,LA MACHINE A VOYAGER DANS LE TEMPS,0,60493,7,0,25,20,6,2025
2025-06-20 08:00:00.000,H15,LA MACHINE A VOYAGER DANS LE TEMPS,0,60514,8,0,25,20,6,2025
2025-06-20 09:00:00.000,H15,LA MACHINE A VOYAGER DANS LE TEMPS,0,60535,9,0,25,20,6,2025
2025-06-20 10:00:00.000,H15,LA MACHINE A VOYAGER DANS LE TEMPS,69,60556,10,0,25,20,6,2025
2025-06-20 11:00:00.000,H15,LA MACHINE A VOYAGER DANS LE TEMPS,78,60577,11,0,25,20,6,2025
2025-06-20 12:00:00.000,H15,LA MACHINE A VOYAGER DANS LE TEMPS,72,60598,12,0,25,20,6,2025
2025-06-20 13:00:00.000,H15,LA MACHINE A VOYAGER DANS LE TEMPS,39,60619,13,0,25,20,6,2025
2025-06-20 14:00:00.000,H15,LA MACHINE A VOYAGER DANS LE TEMPS,0,60640,14,0,25,20,6,2025
2025-06-20 15:00:00.000,H15,LA MACHINE A VOYAGER DANS LE TEMPS,29,60661,15,0,25,20,6,2025
2025-06-20 16:00:00.000,H15,LA MACHINE A VOYAGER DANS LE TEMPS,74,60682,16,0,25,20,6,2025
2025-06-20 17:00:00.000,H15,LA MACHINE A VOYAGER DANS LE TEMPS,41,60703,17,0,25,20,6,2025
2025-06-20 18:00:00.000,H15,LA MACHINE A VOYAGER DANS LE TEMPS,41,60724,18,0,25,20,6,2025
2025-06-20 19:00:00.000,H15,LA MACHINE A VOYAGER DANS LE TEMPS,29,60745,19,0,25,20,6,2025
2025-06-20 20:00:00.000,H15,LA MACHINE A VOYAGER DANS LE TEMPS,22,60766,20,0,25,20,6,2025
2025-06-20 21:00:00.000,H15,LA MACHINE A VOYAGER DANS LE TEMPS,22,60787,21,0,25,20,6,2025
2025-06-20 22:00:00.000,H15,LA MACHINE A VOYAGER DANS LE TEMPS,22,60800,22,0,25,20,6,2025
2025-06-20 23:00:00.000,H15,LA MACHINE A VOYAGER DANS LE TEMPS,22,60813,23,0,25,20,6,2025
2025-06-21 00:00:00.000,H15,LA MACHINE A VOYAGER DANS LE TEMPS,22,60826,0,0,25,21,6,2025
2025-06-21 01:00:00.000,H15,LA MACHINE A VOYAGER DANS LE TEMPS,22,60839,1,0,25,21,6,2025
2025-06-21 02:00:00.000,H15,LA MACHINE A VOYAGER DANS LE TEMPS,22,60852,2,0,25,21,6,2025
2025-06-21 03:00:00.000,H15,LA MACHINE A VOYAGER DANS LE TEMPS,22,60865,3,0,25,21,6,2025
2025-06-21 04:00:00.000,H15,LA MACHINE A VOYAGER DANS LE TEMPS,22,60878,4,0,25,21,6,2025
2025-06-21 05:00:00.000,H15,LA MACHINE A VOYAGER DANS LE TEMPS,22,60891,5,0,25,21,6,2025
2025-06-21 06:00:00.000,H15,LA MACHINE A VOYAGER DANS LE TEMPS,22,60904,6,0,25,21,6,2025
2025-06-21 07:00:00.000,H15,LA MACHINE A VOYAGER DANS LE TEMPS,22,60928,7,0,25,21,6,2025
2025-06-21 08:00:00.000,H15,LA MACHINE A VOYAGER DANS LE TEMPS,15,60952,8,0,25,21,6,2025
2025-06-21 09:00:00.000,H15,LA MACHINE A VOYAGER DANS LE TEMPS,16,60976,9,0,25,21,6,2025
2025-06-21 10:00:00.000,H15,LA MACHINE A VOYAGER DANS LE TEMPS,498,61000,10,0,25,21,6,2025
2025-06-21 11:00:00.000,H15,LA MACHINE A VOYAGER DANS LE TEMPS,558,61024,11,0,25,21,6,2025
2025-06-21 12:00:00.000,H15,LA MACHINE A VOYAGER DANS LE TEMPS,344,61048,12,0,25,21,6,2025
2025-06-21 13:00:00.000,H15,LA MACHINE A VOYAGER DANS LE TEMPS,325,61072,13,0,25,21,6,2025
2025-06-21 14:00:00.000,H15,LA MACHINE A VOYAGER DANS LE TEMPS,363,61096,14,0,25,21,6,2025
2025-06-21 15:00:00.000,H15,LA MACHINE A VOYAGER DANS LE TEMPS,262,61120,15,0,25,21,6,2025
2025-06-21 16:00:00.000,H15,LA MACHINE A VOYAGER DANS LE TEMPS,415,61144,16,0,25,21,6,2025
2025-06-21 17:00:00.000,H15,LA MACHINE A VOYAGER DANS LE TEMPS,353,61168,17,0,25,21,6,2025
2025-06-21 18:00:00.000,H15,LA MACHINE A VOYAGER DANS LE TEMPS,318,61192,18,0,25,21,6,2025
2025-06-21 19:00:00.000,H15,LA MACHINE A VOYAGER DANS LE TEMPS,191,61216,19,0,25,21,6,2025
2025-06-21 20:00:00.000,H15,LA MACHINE A VOYAGER DANS LE TEMPS,72,61240,20,0,25,21,6,2025
2025-06-21 21:00:00.000,H15,LA MACHINE A VOYAGER DANS LE TEMPS,60,61264,21,0,25,21,6,2025
2025-06-21 22:00:00.000,H15,LA MACHINE A VOYAGER DANS LE TEMPS,56,61280,22,0,25,21,6,2025
2025-06-21 23:00:00.000,H15,LA MACHINE A VOYAGER DANS LE TEMPS,56,61296,23,0,25,21,6,2025
2025-06-22 00:00:00.000,H15,LA MACHINE A VOYAGER DANS LE TEMPS,56,61312,0,0,26,22,6,2025
2025-06-22 01:00:00.000,H15,LA MACHINE A VOYAGER DANS LE TEMPS,56,61328,1,0,26,22,6,2025
2025-06-22 02:00:00.000,H15,LA MACHINE A VOYAGER DANS LE TEMPS,56,61344,2,0,26,22,6,2025
2025-06-22 03:00:00.000,H15,LA MACHINE A VOYAGER DANS LE TEMPS,56,61360,3,0,26,22,6,2025
2025-06-22 04:00:00.000,H15,LA MACHINE A VOYAGER DANS LE TEMPS,56,61376,4,0,26,22,6,2025
2025-06-22 05:00:00.000,H15,LA MACHINE A VOYAGER DANS LE TEMPS,56,61392,5,0,26,22,6,2025
2025-06-22 06:00:00.000,H15,LA MACHINE A VOYAGER DANS LE TEMPS,56,61408,6,0,26,22,6,2025
2025-06-22 07:00:00.000,H15,LA MACHINE A VOYAGER DANS LE TEMPS,56,61432,7,0,26,22,6,2025
2025-06-22 08:00:00.000,H15,LA MACHINE A VOYAGER DANS LE TEMPS,42,61456,8,0,26,22,6,2025
2025-06-22 09:00:00.000,H15,LA MACHINE A VOYAGER DANS LE TEMPS,33,61480,9,0,26,22,6,2025
2025-06-22 10:00:00.000,H15,LA MACHINE A VOYAGER DANS LE TEMPS,162,61504,10,0,26,22,6,2025
2025-06-22 11:00:00.000,H15,LA MACHINE A VOYAGER DANS LE TEMPS,345,61528,11,0,26,22,6,2025
2025-06-22 12:00:00.000,H15,LA MACHINE A VOYAGER DANS LE TEMPS,182,61552,12,0,26,22,6,2025
2025-06-22 13:00:00.000,H15,LA MACHINE A VOYAGER DANS LE TEMPS,65,61576,13,0,26,22,6,2025
2025-06-22 14:00:00.000,H15,LA MACHINE A VOYAGER DANS LE TEMPS,70,61600,14,0,26,22,6,2025
2025-06-22 15:00:00.000,H15,LA MACHINE A VOYAGER DANS LE TEMPS,69,61624,15,0,26,22,6,2025
2025-06-22 16:00:00.000,H15,LA MACHINE A VOYAGER DANS LE TEMPS,41,61649,16,0,26,22,6,2025
2025-06-22 17:00:00.000,H15,LA MACHINE A VOYAGER DANS LE TEMPS,29,61674,17,0,26,22,6,2025
2025-06-22 18:00:00.000,H15,LA MACHINE A VOYAGER DANS LE TEMPS,26,61699,18,0,26,22,6,2025
2025-06-22 19:00:00.000,H15,LA MACHINE A VOYAGER DANS LE TEMPS,10,61716,19,0,26,22,6,2025
2025-06-22 20:00:00.000,H15,LA MACHINE A VOYAGER DANS LE TEMPS,0,61733,20,0,26,22,6,2025
2025-06-22 21:00:00.000,H15,LA MACHINE A VOYAGER DANS LE TEMPS,0,61750,21,0,26,22,6,2025
2025-06-22 22:00:00.000,H15,LA MACHINE A VOYAGER DANS LE TEMPS,0,61767,22,0,26,22,6,2025
2025-06-22 23:00:00.000,H15,LA MACHINE A VOYAGER DANS LE TEMPS,0,61784,23,0,26,22,6,2025
2025-06-23 00:00:00.000,H15,LA MACHINE A VOYAGER DANS LE TEMPS,0,61801,0,0,26,23,6,2025
2025-06-23 01:00:00.000,H15,LA MACHINE A VOYAGER DANS LE TEMPS,0,61818,1,0,26,23,6,2025
2025-06-23 02:00:00.000,H15,LA MACHINE A VOYAGER DANS LE TEMPS,0,61835,2,0,26,23,6,2025
2025-06-23 03:00:00.000,H15,LA MACHINE A VOYAGER DANS LE TEMPS,0,61852,3,0,26,23,6,2025
2025-06-23 04:00:00.000,H15,LA MACHINE A VOYAGER DANS LE TEMPS,0,61869,4,0,26,23,6,2025
2025-06-23 05:00:00.000,H15,LA MACHINE A VOYAGER DANS LE TEMPS,0,61886,5,0,26,23,6,2025
2025-06-23 06:00:00.000,H15,LA MACHINE A VOYAGER DANS LE TEMPS,0,61903,6,0,26,23,6,2025
2025-06-23 07:00:00.000,H15,LA MACHINE A VOYAGER DANS LE TEMPS,0,61926,7,0,26,23,6,2025
2025-06-23 08:00:00.000,H15,LA MACHINE A VOYAGER DANS LE TEMPS,0,61948,8,0,26,23,6,2025
2025-06-23 09:00:00.000,H15,LA MACHINE A VOYAGER DANS LE TEMPS,0,61970,9,0,26,23,6,2025
2025-06-23 10:00:00.000,H15,LA MACHINE A VOYAGER DANS LE TEMPS,131,61992,10,0,26,23,6,2025
2025-06-23 11:00:00.000,H15,LA MACHINE A VOYAGER DANS LE TEMPS,407,62014,11,0,26,23,6,2025
2025-06-23 12:00:00.000,H15,LA MACHINE A VOYAGER DANS LE TEMPS,287,62036,12,0,26,23,6,2025
2025-06-23 13:00:00.000,H15,LA MACHINE A VOYAGER DANS LE TEMPS,25,62058,13,0,26,23,6,2025
2025-06-23 14:00:00.000,H15,LA MACHINE A VOYAGER DANS LE TEMPS,3,62080,14,0,26,23,6,2025
2025-06-23 15:00:00.000,H15,LA MACHINE A VOYAGER DANS LE TEMPS,70,62102,15,0,26,23,6,2025
2025-06-23 16:00:00.000,H15,LA MACHINE A VOYAGER DANS LE TEMPS,58,62124,16,0,26,23,6,2025
2025-06-23 17:00:00.000,H15,LA MACHINE A VOYAGER DANS LE TEMPS,38,62146,17,0,26,23,6,2025
2025-06-23 18:00:00.000,H15,LA MACHINE A VOYAGER DANS LE TEMPS,42,62168,18,0,26,23,6,2025
2025-06-23 19:00:00.000,H15,LA MACHINE A VOYAGER DANS LE TEMPS,53,62182,19,0,26,23,6,2025
2025-06-23 20:00:00.000,H15,LA MACHINE A VOYAGER DANS LE TEMPS,4,62196,20,0,26,23,6,2025
2025-06-23 21:00:00.000,H15,LA MACHINE A VOYAGER DANS LE TEMPS,0,62210,21,0,26,23,6,2025
2025-06-23 22:00:00.000,H15,LA MACHINE A VOYAGER DANS LE TEMPS,0,62224,22,0,26,23,6,2025
2025-06-23 23:00:00.000,H15,LA MACHINE A VOYAGER DANS LE TEMPS,0,62238,23,0,26,23,6,2025
2025-06-24 00:00:00.000,H15,LA MACHINE A VOYAGER DANS LE TEMPS,0,62252,0,0,26,24,6,2025
2025-06-24 01:00:00.000,H15,LA MACHINE A VOYAGER DANS LE TEMPS,0,62266,1,0,26,24,6,2025
2025-06-24 02:00:00.000,H15,LA MACHINE A VOYAGER DANS LE TEMPS,0,62280,2,0,26,24,6,2025
2025-06-24 03:00:00.000,H15,LA MACHINE A VOYAGER DANS LE TEMPS,0,62294,3,0,26,24,6,2025
2025-06-24 04:00:00.000,H15,LA MACHINE A VOYAGER DANS LE TEMPS,0,62308,4,0,26,24,6,2025
2025-06-24 05:00:00.000,H15,LA MACHINE A VOYAGER DANS LE TEMPS,0,62322,5,0,26,24,6,2025
2025-06-24 06:00:00.000,H15,LA MACHINE A VOYAGER DANS LE TEMPS,0,62336,6,0,26,24,6,2025
2025-06-24 07:00:00.000,H15,LA MACHINE A VOYAGER DANS LE TEMPS,0,62358,7,0,26,24,6,2025
2025-06-24 08:00:00.000,H15,LA MACHINE A VOYAGER DANS LE TEMPS,0,62380,8,0,26,24,6,2025
2025-06-24 09:00:00.000,H15,LA MACHINE A VOYAGER DANS LE TEMPS,0,62402,9,0,26,24,6,2025
2025-06-24 10:00:00.000,H15,LA MACHINE A VOYAGER DANS LE TEMPS,374,62424,10,0,26,24,6,2025
2025-06-24 11:00:00.000,H15,LA MACHINE A VOYAGER DANS LE TEMPS,711,62446,11,0,26,24,6,2025
2025-06-24 12:00:00.000,H15,LA MACHINE A VOYAGER DANS LE TEMPS,383,62468,12,0,26,24,6,2025
2025-06-24 13:00:00.000,H15,LA MACHINE A VOYAGER DANS LE TEMPS,156,62490,13,0,26,24,6,2025
2025-06-24 14:00:00.000,H15,LA MACHINE A VOYAGER DANS LE TEMPS,0,62512,14,0,26,24,6,2025
2025-06-24 15:00:00.000,H15,LA MACHINE A VOYAGER DANS LE TEMPS,378,62534,15,0,26,24,6,2025
2025-06-24 16:00:00.000,H15,LA MACHINE A VOYAGER DANS LE TEMPS,157,62556,16,0,26,24,6,2025
2025-06-24 17:00:00.000,H15,LA MACHINE A VOYAGER DANS LE TEMPS,64,62578,17,0,26,24,6,2025
2025-06-24 18:00:00.000,H15,LA MACHINE A VOYAGER DANS LE TEMPS,14,62600,18,0,26,24,6,2025
2025-06-24 19:00:00.000,H15,LA MACHINE A VOYAGER DANS LE TEMPS,18,62614,19,0,26,24,6,2025
2025-06-24 20:00:00.000,H15,LA MACHINE A VOYAGER DANS LE TEMPS,0,62628,20,0,26,24,6,2025
2025-06-24 21:00:00.000,H15,LA MACHINE A VOYAGER DANS LE TEMPS,0,62642,21,0,26,24,6,2025
2025-06-24 22:00:00.000,H15,LA MACHINE A VOYAGER DANS LE TEMPS,0,62656,22,0,26,24,6,2025
2025-06-24 23:00:00.000,H15,LA MACHINE A VOYAGER DANS LE TEMPS,0,62670,23,0,26,24,6,2025
2025-06-25 00:00:00.000,H15,LA MACHINE A VOYAGER DANS LE TEMPS,0,62684,0,0,26,25,6,2025
2025-06-25 01:00:00.000,H15,LA MACHINE A VOYAGER DANS LE TEMPS,0,62698,1,0,26,25,6,2025
2025-06-25 02:00:00.000,H15,LA MACHINE A VOYAGER DANS LE TEMPS,0,62712,2,0,26,25,6,2025
2025-06-25 03:00:00.000,H15,LA MACHINE A VOYAGER DANS LE TEMPS,0,62726,3,0,26,25,6,2025
2025-06-25 04:00:00.000,H15,LA MACHINE A VOYAGER DANS LE TEMPS,0,62740,4,0,26,25,6,2025
2025-06-25 05:00:00.000,H15,LA MACHINE A VOYAGER DANS LE TEMPS,0,62754,5,0,26,25,6,2025
2025-06-25 06:00:00.000,H15,LA MACHINE A VOYAGER DANS LE TEMPS,0,62768,6,0,26,25,6,2025
2025-06-25 07:00:00.000,H15,LA MACHINE A VOYAGER DANS LE TEMPS,0,62790,7,0,26,25,6,2025
2025-06-25 08:00:00.000,H15,LA MACHINE A VOYAGER DANS LE TEMPS,0,62812,8,0,26,25,6,2025
2025-06-25 09:00:00.000,H15,LA MACHINE A VOYAGER DANS LE TEMPS,0,62834,9,0,26,25,6,2025
2025-06-25 10:00:00.000,H15,LA MACHINE A VOYAGER DANS LE TEMPS,101,62856,10,0,26,25,6,2025
2025-06-25 11:00:00.000,H15,LA MACHINE A VOYAGER DANS LE TEMPS,171,62878,11,0,26,25,6,2025
2025-06-25 12:00:00.000,H15,LA MACHINE A VOYAGER DANS LE TEMPS,137,62900,12,0,26,25,6,2025
2025-06-25 13:00:00.000,H15,LA MACHINE A VOYAGER DANS LE TEMPS,69,62922,13,0,26,25,6,2025
2025-06-25 14:00:00.000,H15,LA MACHINE A VOYAGER DANS LE TEMPS,0,62944,14,0,26,25,6,2025
2025-06-25 15:00:00.000,H15,LA MACHINE A VOYAGER DANS LE TEMPS,70,62966,15,0,26,25,6,2025
2025-06-25 16:00:00.000,H15,LA MACHINE A VOYAGER DANS LE TEMPS,49,62988,16,0,26,25,6,2025
2025-06-25 17:00:00.000,H15,LA MACHINE A VOYAGER DANS LE TEMPS,38,63010,17,0,26,25,6,2025
2025-06-25 18:00:00.000,H15,LA MACHINE A VOYAGER DANS LE TEMPS,11,63032,18,0,26,25,6,2025
2025-06-25 19:00:00.000,H15,LA MACHINE A VOYAGER DANS LE TEMPS,10,63046,19,0,26,25,6,2025
2025-06-25 20:00:00.000,H15,LA MACHINE A VOYAGER DANS LE TEMPS,0,63060,20,0,26,25,6,2025
2025-06-25 21:00:00.000,H15,LA MACHINE A VOYAGER DANS LE TEMPS,0,63074,21,0,26,25,6,2025
2025-06-25 22:00:00.000,H15,LA MACHINE A VOYAGER DANS LE TEMPS,0,63088,22,0,26,25,6,2025
2025-06-25 23:00:00.000,H15,LA MACHINE A VOYAGER DANS LE TEMPS,0,63102,23,0,26,25,6,2025
2025-06-26 00:00:00.000,H15,LA MACHINE A VOYAGER DANS LE TEMPS,0,63116,0,0,26,26,6,2025
2025-06-26 01:00:00.000,H15,LA MACHINE A VOYAGER DANS LE TEMPS,0,63130,1,0,26,26,6,2025
2025-06-26 02:00:00.000,H15,LA MACHINE A VOYAGER DANS LE TEMPS,0,63144,2,0,26,26,6,2025
2025-06-26 03:00:00.000,H15,LA MACHINE A VOYAGER DANS LE TEMPS,0,63158,3,0,26,26,6,2025
2025-06-26 04:00:00.000,H15,LA MACHINE A VOYAGER DANS LE TEMPS,0,63172,4,0,26,26,6,2025
2025-06-26 05:00:00.000,H15,LA MACHINE A VOYAGER DANS LE TEMPS,0,63186,5,0,26,26,6,2025
2025-06-26 06:00:00.000,H15,LA MACHINE A VOYAGER DANS LE TEMPS,0,63200,6,0,26,26,6,2025
2025-06-26 07:00:00.000,H15,LA MACHINE A VOYAGER DANS LE TEMPS,0,63222,7,0,26,26,6,2025
2025-06-26 08:00:00.000,H15,LA MACHINE A VOYAGER DANS LE TEMPS,0,63244,8,0,26,26,6,2025
2025-06-26 09:00:00.000,H15,LA MACHINE A VOYAGER DANS LE TEMPS,0,63266,9,0,26,26,6,2025
2025-06-26 10:00:00.000,H15,LA MACHINE A VOYAGER DANS LE TEMPS,220,63288,10,0,26,26,6,2025
2025-06-26 11:00:00.000,H15,LA MACHINE A VOYAGER DANS LE TEMPS,383,63310,11,0,26,26,6,2025
2025-06-26 12:00:00.000,H15,LA MACHINE A VOYAGER DANS LE TEMPS,335,63332,12,0,26,26,6,2025
2025-06-26 13:00:00.000,H15,LA MACHINE A VOYAGER DANS LE TEMPS,12,63354,13,0,26,26,6,2025
2025-06-26 14:00:00.000,H15,LA MACHINE A VOYAGER DANS LE TEMPS,0,63376,14,0,26,26,6,2025
2025-06-26 15:00:00.000,H15,LA MACHINE A VOYAGER DANS LE TEMPS,92,63398,15,0,26,26,6,2025
2025-06-26 16:00:00.000,H15,LA MACHINE A VOYAGER DANS LE TEMPS,109,63420,16,0,26,26,6,2025
2025-06-26 17:00:00.000,H15,LA MACHINE A VOYAGER DANS LE TEMPS,45,63442,17,0,26,26,6,2025
2025-06-26 18:00:00.000,H15,LA MACHINE A VOYAGER DANS LE TEMPS,12,63464,18,0,26,26,6,2025
2025-06-26 19:00:00.000,H15,LA MACHINE A VOYAGER DANS LE TEMPS,31,63478,19,0,26,26,6,2025
2025-06-26 20:00:00.000,H15,LA MACHINE A VOYAGER DANS LE TEMPS,2,63492,20,0,26,26,6,2025
2025-06-26 21:00:00.000,H15,LA MACHINE A VOYAGER DANS LE TEMPS,0,63506,21,0,26,26,6,2025
2025-06-26 22:00:00.000,H15,LA MACHINE A VOYAGER DANS LE TEMPS,0,63520,22,0,26,26,6,2025
2025-06-26 23:00:00.000,H15,LA MACHINE A VOYAGER DANS LE TEMPS,0,63534,23,0,26,26,6,2025
2025-06-27 00:00:00.000,H15,LA MACHINE A VOYAGER DANS LE TEMPS,0,63548,0,0,26,27,6,2025
2025-06-27 01:00:00.000,H15,LA MACHINE A VOYAGER DANS LE TEMPS,0,63562,1,0,26,27,6,2025
2025-06-27 02:00:00.000,H15,LA MACHINE A VOYAGER DANS LE TEMPS,0,63576,2,0,26,27,6,2025
2025-06-27 03:00:00.000,H15,LA MACHINE A VOYAGER DANS LE TEMPS,0,63590,3,0,26,27,6,2025
2025-06-27 04:00:00.000,H15,LA MACHINE A VOYAGER DANS LE TEMPS,0,63604,4,0,26,27,6,2025
2025-06-27 05:00:00.000,H15,LA MACHINE A VOYAGER DANS LE TEMPS,0,63618,5,0,26,27,6,2025
2025-06-27 06:00:00.000,H15,LA MACHINE A VOYAGER DANS LE TEMPS,0,63632,6,0,26,27,6,2025
2025-06-27 07:00:00.000,H15,LA MACHINE A VOYAGER DANS LE TEMPS,0,63654,7,0,26,27,6,2025
2025-06-27 08:00:00.000,H15,LA MACHINE A VOYAGER DANS LE TEMPS,0,63676,8,0,26,27,6,2025
2025-06-27 09:00:00.000,H15,LA MACHINE A VOYAGER DANS LE TEMPS,0,63698,9,0,26,27,6,2025
2025-06-27 10:00:00.000,H15,LA MACHINE A VOYAGER DANS LE TEMPS,94,63720,10,0,26,27,6,2025
2025-06-27 11:00:00.000,H15,LA MACHINE A VOYAGER DANS LE TEMPS,180,63742,11,0,26,27,6,2025
2025-06-27 12:00:00.000,H15,LA MACHINE A VOYAGER DANS LE TEMPS,67,63764,12,0,26,27,6,2025
2025-06-27 13:00:00.000,H15,LA MACHINE A VOYAGER DANS LE TEMPS,13,63786,13,0,26,27,6,2025
2025-06-27 14:00:00.000,H15,LA MACHINE A VOYAGER DANS LE TEMPS,0,63808,14,0,26,27,6,2025
2025-06-27 15:00:00.000,H15,LA MACHINE A VOYAGER DANS LE TEMPS,60,63830,15,0,26,27,6,2025
2025-06-27 16:00:00.000,H15,LA MACHINE A VOYAGER DANS LE TEMPS,24,63852,16,0,26,27,6,2025
2025-06-27 17:00:00.000,H15,LA MACHINE A VOYAGER DANS LE TEMPS,23,63874,17,0,26,27,6,2025
2025-06-27 18:00:00.000,H15,LA MACHINE A VOYAGER DANS LE TEMPS,18,63896,18,0,26,27,6,2025
2025-06-27 19:00:00.000,H15,LA MACHINE A VOYAGER DANS LE TEMPS,22,63918,19,0,26,27,6,2025
2025-06-27 20:00:00.000,H15,LA MACHINE A VOYAGER DANS LE TEMPS,1,63940,20,0,26,27,6,2025
2025-06-27 21:00:00.000,H15,LA MACHINE A VOYAGER DANS LE TEMPS,0,63962,21,0,26,27,6,2025
2025-06-27 22:00:00.000,H15,LA MACHINE A VOYAGER DANS LE TEMPS,0,63976,22,0,26,27,6,2025
2025-06-27 23:00:00.000,H15,LA MACHINE A VOYAGER DANS LE TEMPS,0,63990,23,0,26,27,6,2025
2025-06-28 00:00:00.000,H15,LA MACHINE A VOYAGER DANS LE TEMPS,0,64004,0,0,26,28,6,2025
2025-06-28 01:00:00.000,H15,LA MACHINE A VOYAGER DANS LE TEMPS,0,64018,1,0,26,28,6,2025
2025-06-28 02:00:00.000,H15,LA MACHINE A VOYAGER DANS LE TEMPS,0,64032,2,0,26,28,6,2025
2025-06-28 03:00:00.000,H15,LA MACHINE A VOYAGER DANS LE TEMPS,0,64046,3,0,26,28,6,2025
2025-06-28 04:00:00.000,H15,LA MACHINE A VOYAGER DANS LE TEMPS,0,64060,4,0,26,28,6,2025
2025-06-28 05:00:00.000,H15,LA MACHINE A VOYAGER DANS LE TEMPS,0,64074,5,0,26,28,6,2025
2025-06-28 06:00:00.000,H15,LA MACHINE A VOYAGER DANS LE TEMPS,0,64088,6,0,26,28,6,2025
2025-06-28 07:00:00.000,H15,LA MACHINE A VOYAGER DANS LE TEMPS,0,64112,7,0,26,28,6,2025
2025-06-28 08:00:00.000,H15,LA MACHINE A VOYAGER DANS LE TEMPS,0,64137,8,0,26,28,6,2025
2025-06-28 09:00:00.000,H15,LA MACHINE A VOYAGER DANS LE TEMPS,17,64162,9,0,26,28,6,2025
2025-06-28 10:00:00.000,H15,LA MACHINE A VOYAGER DANS LE TEMPS,619,64187,10,0,26,28,6,2025
2025-06-28 11:00:00.000,H15,LA MACHINE A VOYAGER DANS LE TEMPS,701,64212,11,0,26,28,6,2025
2025-06-28 12:00:00.000,H15,LA MACHINE A VOYAGER DANS LE TEMPS,622,64237,12,0,26,28,6,2025
2025-06-28 13:00:00.000,H15,LA MACHINE A VOYAGER DANS LE TEMPS,488,64262,13,0,26,28,6,2025
2025-06-28 14:00:00.000,H15,LA MACHINE A VOYAGER DANS LE TEMPS,528,64287,14,0,26,28,6,2025
2025-06-28 15:00:00.000,H15,LA MACHINE A VOYAGER DANS LE TEMPS,387,64312,15,0,26,28,6,2025
2025-06-28 16:00:00.000,H15,LA MACHINE A VOYAGER DANS LE TEMPS,381,64337,16,0,26,28,6,2025
2025-06-28 17:00:00.000,H15,LA MACHINE A VOYAGER DANS LE TEMPS,376,64362,17,0,26,28,6,2025
2025-06-28 18:00:00.000,H15,LA MACHINE A VOYAGER DANS LE TEMPS,361,64387,18,0,26,28,6,2025
2025-06-28 19:00:00.000,H15,LA MACHINE A VOYAGER DANS LE TEMPS,93,64412,19,0,26,28,6,2025
2025-06-28 20:00:00.000,H15,LA MACHINE A VOYAGER DANS LE TEMPS,49,64437,20,0,26,28,6,2025
2025-06-28 21:00:00.000,H15,LA MACHINE A VOYAGER DANS LE TEMPS,9,64462,21,0,26,28,6,2025
2025-06-28 22:00:00.000,H15,LA MACHINE A VOYAGER DANS LE TEMPS,0,64479,22,0,26,28,6,2025
2025-06-28 23:00:00.000,H15,LA MACHINE A VOYAGER DANS LE TEMPS,0,64496,23,0,26,28,6,2025
2025-06-29 00:00:00.000,H15,LA MACHINE A VOYAGER DANS LE TEMPS,0,64513,0,0,27,29,6,2025
2025-06-29 01:00:00.000,H15,LA MACHINE A VOYAGER DANS LE TEMPS,0,64530,1,0,27,29,6,2025
2025-06-29 02:00:00.000,H15,LA MACHINE A VOYAGER DANS LE TEMPS,0,64547,2,0,27,29,6,2025
2025-06-29 03:00:00.000,H15,LA MACHINE A VOYAGER DANS LE TEMPS,0,64564,3,0,27,29,6,2025
2025-06-29 04:00:00.000,H15,LA MACHINE A VOYAGER DANS LE TEMPS,0,64581,4,0,27,29,6,2025
2025-06-29 05:00:00.000,H15,LA MACHINE A VOYAGER DANS LE TEMPS,0,64598,5,0,27,29,6,2025
2025-06-29 06:00:00.000,H15,LA MACHINE A VOYAGER DANS LE TEMPS,0,64615,6,0,27,29,6,2025
2025-06-29 07:00:00.000,H15,LA MACHINE A VOYAGER DANS LE TEMPS,0,64640,7,0,27,29,6,2025
2025-06-29 08:00:00.000,H15,LA MACHINE A VOYAGER DANS LE TEMPS,0,64665,8,0,27,29,6,2025
2025-06-29 09:00:00.000,H15,LA MACHINE A VOYAGER DANS LE TEMPS,14,64690,9,0,27,29,6,2025
2025-06-29 10:00:00.000,H15,LA MACHINE A VOYAGER DANS LE TEMPS,235,64715,10,0,27,29,6,2025
2025-06-29 11:00:00.000,H15,LA MACHINE A VOYAGER DANS LE TEMPS,315,64740,11,0,27,29,6,2025
2025-06-29 12:00:00.000,H15,LA MACHINE A VOYAGER DANS LE TEMPS,284,64765,12,0,27,29,6,2025
2025-06-29 13:00:00.000,H15,LA MACHINE A VOYAGER DANS LE TEMPS,63,64790,13,0,27,29,6,2025
2025-06-29 14:00:00.000,H15,LA MACHINE A VOYAGER DANS LE TEMPS,114,64815,14,0,27,29,6,2025
2025-06-29 15:00:00.000,H15,LA MACHINE A VOYAGER DANS LE TEMPS,124,64840,15,0,27,29,6,2025
2025-06-29 16:00:00.000,H15,LA MACHINE A VOYAGER DANS LE TEMPS,160,64865,16,0,27,29,6,2025
2025-06-29 17:00:00.000,H15,LA MACHINE A VOYAGER DANS LE TEMPS,19,64890,17,0,27,29,6,2025
2025-06-29 18:00:00.000,H15,LA MACHINE A VOYAGER DANS LE TEMPS,21,64915,18,0,27,29,6,2025
2025-06-29 19:00:00.000,H15,LA MACHINE A VOYAGER DANS LE TEMPS,19,64940,19,0,27,29,6,2025
2025-06-29 20:00:00.000,H15,LA MACHINE A VOYAGER DANS LE TEMPS,0,64957,20,0,27,29,6,2025
2025-06-29 21:00:00.000,H15,LA MACHINE A VOYAGER DANS LE TEMPS,0,64974,21,0,27,29,6,2025
2025-06-29 22:00:00.000,H15,LA MACHINE A VOYAGER DANS LE TEMPS,0,64991,22,0,27,29,6,2025
2025-06-29 23:00:00.000,H15,LA MACHINE A VOYAGER DANS LE TEMPS,0,65008,23,0,27,29,6,2025
2025-06-30 00:00:00.000,H15,LA MACHINE A VOYAGER DANS LE TEMPS,0,65025,0,0,27,30,6,2025
2025-06-30 01:00:00.000,H15,LA MACHINE A VOYAGER DANS LE TEMPS,0,65042,1,0,27,30,6,2025
2025-06-30 02:00:00.000,H15,LA MACHINE A VOYAGER DANS LE TEMPS,0,65059,2,0,27,30,6,2025
2025-06-30 03:00:00.000,H15,LA MACHINE A VOYAGER DANS LE TEMPS,0,65076,3,0,27,30,6,2025
2025-06-30 04:00:00.000,H15,LA MACHINE A VOYAGER DANS LE TEMPS,0,65093,4,0,27,30,6,2025
2025-06-30 05:00:00.000,H15,LA MACHINE A VOYAGER DANS LE TEMPS,0,65110,5,0,27,30,6,2025
2025-06-30 06:00:00.000,H15,LA MACHINE A VOYAGER DANS LE TEMPS,0,65127,6,0,27,30,6,2025
2025-06-30 07:00:00.000,H15,LA MACHINE A VOYAGER DANS LE TEMPS,0,65150,7,0,27,30,6,2025
2025-06-30 08:00:00.000,H15,LA MACHINE A VOYAGER DANS LE TEMPS,0,65173,8,0,27,30,6,2025
2025-06-30 09:00:00.000,H15,LA MACHINE A VOYAGER DANS LE TEMPS,0,65196,9,0,27,30,6,2025
2025-06-30 10:00:00.000,H15,LA MACHINE A VOYAGER DANS LE TEMPS,219,65219,10,0,27,30,6,2025
2025-06-30 11:00:00.000,H15,LA MACHINE A VOYAGER DANS LE TEMPS,404,65242,11,0,27,30,6,2025
2025-06-30 12:00:00.000,H15,LA MACHINE A VOYAGER DANS LE TEMPS,202,65265,12,0,27,30,6,2025
2025-06-30 13:00:00.000,H15,LA MACHINE A VOYAGER DANS LE TEMPS,19,65288,13,0,27,30,6,2025
2025-06-30 14:00:00.000,H15,LA MACHINE A VOYAGER DANS LE TEMPS,1,65311,14,0,27,30,6,2025
2025-06-30 15:00:00.000,H15,LA MACHINE A VOYAGER DANS LE TEMPS,204,65334,15,0,27,30,6,2025
2025-06-30 16:00:00.000,H15,LA MACHINE A VOYAGER DANS LE TEMPS,108,65357,16,0,27,30,6,2025
2025-06-30 17:00:00.000,H15,LA MACHINE A VOYAGER DANS LE TEMPS,73,65380,17,0,27,30,6,2025
2025-06-30 18:00:00.000,H15,LA MACHINE A VOYAGER DANS LE TEMPS,15,65403,18,0,27,30,6,2025
2025-06-30 19:00:00.000,H15,LA MACHINE A VOYAGER DANS LE TEMPS,29,65418,19,0,27,30,6,2025
2025-06-30 20:00:00.000,H15,LA MACHINE A VOYAGER DANS LE TEMPS,9,65433,20,0,27,30,6,2025
2025-06-30 21:00:00.000,H15,LA MACHINE A VOYAGER DANS LE TEMPS,0,65448,21,0,27,30,6,2025
2025-06-30 22:00:00.000,H15,LA MACHINE A VOYAGER DANS LE TEMPS,0,65463,22,0,27,30,6,2025
2025-06-30 23:00:00.000,H15,LA MACHINE A VOYAGER DANS LE TEMPS,0,65478,23,0,27,30,6,2025
2025-07-01 00:00:00.000,H15,LA MACHINE A VOYAGER DANS LE TEMPS,0,65493,0,0,27,1,7,2025
2025-07-01 01:00:00.000,H15,LA MACHINE A VOYAGER DANS LE TEMPS,0,65508,1,0,27,1,7,2025
2025-07-01 02:00:00.000,H15,LA MACHINE A VOYAGER DANS LE TEMPS,0,65523,2,0,27,1,7,2025
2025-07-01 03:00:00.000,H15,LA MACHINE A VOYAGER DANS LE TEMPS,0,65538,3,0,27,1,7,2025
2025-07-01 04:00:00.000,H15,LA MACHINE A VOYAGER DANS LE TEMPS,0,65553,4,0,27,1,7,2025
2025-07-01 05:00:00.000,H15,LA MACHINE A VOYAGER DANS LE TEMPS,0,65568,5,0,27,1,7,2025
2025-07-01 06:00:00.000,H15,LA MACHINE A VOYAGER DANS LE TEMPS,0,65583,6,0,27,1,7,2025
2025-07-01 07:00:00.000,H15,LA MACHINE A VOYAGER DANS LE TEMPS,0,65606,7,0,27,1,7,2025
2025-07-01 08:00:00.000,H15,LA MACHINE A VOYAGER DANS LE TEMPS,0,65629,8,0,27,1,7,2025
2025-07-01 09:00:00.000,H15,LA MACHINE A VOYAGER DANS LE TEMPS,0,65652,9,0,27,1,7,2025
2025-07-01 10:00:00.000,H15,LA MACHINE A VOYAGER DANS LE TEMPS,212,65675,10,0,27,1,7,2025
2025-07-01 11:00:00.000,H15,LA MACHINE A VOYAGER DANS LE TEMPS,222,65698,11,0,27,1,7,2025
2025-07-01 12:00:00.000,H15,LA MACHINE A VOYAGER DANS LE TEMPS,154,65721,12,0,27,1,7,2025
2025-07-01 13:00:00.000,H15,LA MACHINE A VOYAGER DANS LE TEMPS,20,65744,13,0,27,1,7,2025
2025-07-01 14:00:00.000,H15,LA MACHINE A VOYAGER DANS LE TEMPS,0,65767,14,0,27,1,7,2025
2025-07-01 15:00:00.000,H15,LA MACHINE A VOYAGER DANS LE TEMPS,84,65790,15,0,27,1,7,2025
2025-07-01 16:00:00.000,H15,LA MACHINE A VOYAGER DANS LE TEMPS,45,65813,16,0,27,1,7,2025
2025-07-01 17:00:00.000,H15,LA MACHINE A VOYAGER DANS LE TEMPS,28,65836,17,0,27,1,7,2025
2025-07-01 18:00:00.000,H15,LA MACHINE A VOYAGER DANS LE TEMPS,17,65859,18,0,27,1,7,2025
2025-07-01 19:00:00.000,H15,LA MACHINE A VOYAGER DANS LE TEMPS,8,65874,19,0,27,1,7,2025
2025-07-01 20:00:00.000,H15,LA MACHINE A VOYAGER DANS LE TEMPS,0,65889,20,0,27,1,7,2025
2025-07-01 21:00:00.000,H15,LA MACHINE A VOYAGER DANS LE TEMPS,0,65904,21,0,27,1,7,2025
2025-07-01 22:00:00.000,H15,LA MACHINE A VOYAGER DANS LE TEMPS,0,65919,22,0,27,1,7,2025
2025-07-01 23:00:00.000,H15,LA MACHINE A VOYAGER DANS LE TEMPS,0,65934,23,0,27,1,7,2025
2025-07-02 00:00:00.000,H15,LA MACHINE A VOYAGER DANS LE TEMPS,0,65949,0,0,27,2,7,2025
2025-07-02 01:00:00.000,H15,LA MACHINE A VOYAGER DANS LE TEMPS,0,65964,1,0,27,2,7,2025
2025-07-02 02:00:00.000,H15,LA MACHINE A VOYAGER DANS LE TEMPS,0,65979,2,0,27,2,7,2025
2025-07-02 03:00:00.000,H15,LA MACHINE A VOYAGER DANS LE TEMPS,0,65994,3,0,27,2,7,2025
2025-07-02 04:00:00.000,H15,LA MACHINE A VOYAGER DANS LE TEMPS,0,66009,4,0,27,2,7,2025
2025-07-02 05:00:00.000,H15,LA MACHINE A VOYAGER DANS LE TEMPS,0,66024,5,0,27,2,7,2025
2025-07-02 06:00:00.000,H15,LA MACHINE A VOYAGER DANS LE TEMPS,0,66039,6,0,27,2,7,2025
2025-07-02 07:00:00.000,H15,LA MACHINE A VOYAGER DANS LE TEMPS,0,66062,7,0,27,2,7,2025
2025-07-02 08:00:00.000,H15,LA MACHINE A VOYAGER DANS LE TEMPS,0,66085,8,0,27,2,7,2025
2025-07-02 09:00:00.000,H15,LA MACHINE A VOYAGER DANS LE TEMPS,0,66108,9,0,27,2,7,2025
2025-07-02 10:00:00.000,H15,LA MACHINE A VOYAGER DANS LE TEMPS,56,66131,10,0,27,2,7,2025
2025-07-02 11:00:00.000,H15,LA MACHINE A VOYAGER DANS LE TEMPS,195,66154,11,0,27,2,7,2025
2025-07-02 12:00:00.000,H15,LA MACHINE A VOYAGER DANS LE TEMPS,137,66177,12,0,27,2,7,2025
2025-07-02 13:00:00.000,H15,LA MACHINE A VOYAGER DANS LE TEMPS,4,66200,13,0,27,2,7,2025
2025-07-02 14:00:00.000,H15,LA MACHINE A VOYAGER DANS LE TEMPS,0,66223,14,0,27,2,7,2025
2025-07-02 15:00:00.000,H15,LA MACHINE A VOYAGER DANS LE TEMPS,71,66246,15,0,27,2,7,2025
2025-07-02 16:00:00.000,H15,LA MACHINE A VOYAGER DANS LE TEMPS,44,66269,16,0,27,2,7,2025
2025-07-02 17:00:00.000,H15,LA MACHINE A VOYAGER DANS LE TEMPS,53,66292,17,0,27,2,7,2025
2025-07-02 18:00:00.000,H15,LA MACHINE A VOYAGER DANS LE TEMPS,48,66315,18,0,27,2,7,2025
2025-07-02 19:00:00.000,H15,LA MACHINE A VOYAGER DANS LE TEMPS,32,66330,19,0,27,2,7,2025
2025-07-02 20:00:00.000,H15,LA MACHINE A VOYAGER DANS LE TEMPS,0,66345,20,0,27,2,7,2025
2025-07-02 21:00:00.000,H15,LA MACHINE A VOYAGER DANS LE TEMPS,0,66360,21,0,27,2,7,2025
2025-07-02 22:00:00.000,H15,LA MACHINE A VOYAGER DANS LE TEMPS,0,66375,22,0,27,2,7,2025
2025-07-02 23:00:00.000,H15,LA MACHINE A VOYAGER DANS LE TEMPS,0,66390,23,0,27,2,7,2025
2025-07-03 00:00:00.000,H15,LA MACHINE A VOYAGER DANS LE TEMPS,0,66405,0,0,27,3,7,2025
2025-07-03 01:00:00.000,H15,LA MACHINE A VOYAGER DANS LE TEMPS,0,66420,1,0,27,3,7,2025
2025-07-03 02:00:00.000,H15,LA MACHINE A VOYAGER DANS LE TEMPS,0,66435,2,0,27,3,7,2025
2025-07-03 03:00:00.000,H15,LA MACHINE A VOYAGER DANS LE TEMPS,0,66450,3,0,27,3,7,2025
2025-07-03 04:00:00.000,H15,LA MACHINE A VOYAGER DANS LE TEMPS,0,66465,4,0,27,3,7,2025
2025-07-03 05:00:00.000,H15,LA MACHINE A VOYAGER DANS LE TEMPS,0,66480,5,0,27,3,7,2025
2025-07-03 06:00:00.000,H15,LA MACHINE A VOYAGER DANS LE TEMPS,0,66495,6,0,27,3,7,2025
2025-07-03 07:00:00.000,H15,LA MACHINE A VOYAGER DANS LE TEMPS,0,66519,7,0,27,3,7,2025
2025-07-03 08:00:00.000,H15,LA MACHINE A VOYAGER DANS LE TEMPS,0,66543,8,0,27,3,7,2025
2025-07-03 09:00:00.000,H15,LA MACHINE A VOYAGER DANS LE TEMPS,0,66567,9,0,27,3,7,2025
2025-07-03 10:00:00.000,H15,LA MACHINE A VOYAGER DANS LE TEMPS,115,66591,10,0,27,3,7,2025
2025-07-03 11:00:00.000,H15,LA MACHINE A VOYAGER DANS LE TEMPS,462,66615,11,0,27,3,7,2025
2025-07-03 12:00:00.000,H15,LA MACHINE A VOYAGER DANS LE TEMPS,252,66639,12,0,27,3,7,2025
2025-07-03 13:00:00.000,H15,LA MACHINE A VOYAGER DANS LE TEMPS,28,66663,13,0,27,3,7,2025
2025-07-03 14:00:00.000,H15,LA MACHINE A VOYAGER DANS LE TEMPS,0,66687,14,0,27,3,7,2025
2025-07-03 15:00:00.000,H15,LA MACHINE A VOYAGER DANS LE TEMPS,86,66711,15,0,27,3,7,2025
2025-07-03 16:00:00.000,H15,LA MACHINE A VOYAGER DANS LE TEMPS,37,66735,16,0,27,3,7,2025
2025-07-03 17:00:00.000,H15,LA MACHINE A VOYAGER DANS LE TEMPS,31,66759,17,0,27,3,7,2025
2025-07-03 18:00:00.000,H15,LA MACHINE A VOYAGER DANS LE TEMPS,20,66783,18,0,27,3,7,2025
2025-07-03 19:00:00.000,H15,LA MACHINE A VOYAGER DANS LE TEMPS,13,66799,19,0,27,3,7,2025
2025-07-03 20:00:00.000,H15,LA MACHINE A VOYAGER DANS LE TEMPS,0,66815,20,0,27,3,7,2025
2025-07-03 21:00:00.000,H15,LA MACHINE A VOYAGER DANS LE TEMPS,0,66831,21,0,27,3,7,2025
2025-07-03 22:00:00.000,H15,LA MACHINE A VOYAGER DANS LE TEMPS,0,66847,22,0,27,3,7,2025
2025-07-03 23:00:00.000,H15,LA MACHINE A VOYAGER DANS LE TEMPS,0,66863,23,0,27,3,7,2025
2025-07-04 00:00:00.000,H15,LA MACHINE A VOYAGER DANS LE TEMPS,0,66879,0,0,27,4,7,2025
2025-07-04 01:00:00.000,H15,LA MACHINE A VOYAGER DANS LE TEMPS,0,66895,1,0,27,4,7,2025
2025-07-04 02:00:00.000,H15,LA MACHINE A VOYAGER DANS LE TEMPS,0,66911,2,0,27,4,7,2025
2025-07-04 03:00:00.000,H15,LA MACHINE A VOYAGER DANS LE TEMPS,0,66927,3,0,27,4,7,2025
2025-07-04 04:00:00.000,H15,LA MACHINE A VOYAGER DANS LE TEMPS,0,66943,4,0,27,4,7,2025
2025-07-04 05:00:00.000,H15,LA MACHINE A VOYAGER DANS LE TEMPS,0,66959,5,0,27,4,7,2025
2025-07-04 06:00:00.000,H15,LA MACHINE A VOYAGER DANS LE TEMPS,0,66975,6,0,27,4,7,2025
2025-07-04 07:00:00.000,H15,LA MACHINE A VOYAGER DANS LE TEMPS,0,66999,7,0,27,4,7,2025
2025-07-04 08:00:00.000,H15,LA MACHINE A VOYAGER DANS LE TEMPS,0,67023,8,0,27,4,7,2025
2025-07-04 09:00:00.000,H15,LA MACHINE A VOYAGER DANS LE TEMPS,0,67047,9,0,27,4,7,2025
2025-07-04 10:00:00.000,H15,LA MACHINE A VOYAGER DANS LE TEMPS,43,67071,10,0,27,4,7,2025
2025-07-04 11:00:00.000,H15,LA MACHINE A VOYAGER DANS LE TEMPS,83,67095,11,0,27,4,7,2025
2025-07-04 12:00:00.000,H15,LA MACHINE A VOYAGER DANS LE TEMPS,62,67119,12,0,27,4,7,2025
2025-07-04 13:00:00.000,H15,LA MACHINE A VOYAGER DANS LE TEMPS,12,67143,13,0,27,4,7,2025
2025-07-04 14:00:00.000,H15,LA MACHINE A VOYAGER DANS LE TEMPS,0,67167,14,0,27,4,7,2025
2025-07-04 15:00:00.000,H15,LA MACHINE A VOYAGER DANS LE TEMPS,46,67191,15,0,27,4,7,2025
2025-07-04 16:00:00.000,H15,LA MACHINE A VOYAGER DANS LE TEMPS,51,67215,16,0,27,4,7,2025
2025-07-04 17:00:00.000,H15,LA MACHINE A VOYAGER DANS LE TEMPS,24,67239,17,0,27,4,7,2025
2025-07-04 18:00:00.000,H15,LA MACHINE A VOYAGER DANS LE TEMPS,14,67263,18,0,27,4,7,2025
2025-07-04 19:00:00.000,H15,LA MACHINE A VOYAGER DANS LE TEMPS,19,67279,19,0,27,4,7,2025
2025-07-04 20:00:00.000,H15,LA MACHINE A VOYAGER DANS LE TEMPS,0,67295,20,0,27,4,7,2025
2025-07-04 21:00:00.000,H15,LA MACHINE A VOYAGER DANS LE TEMPS,0,67311,21,0,27,4,7,2025
2025-07-04 22:00:00.000,H15,LA MACHINE A VOYAGER DANS LE TEMPS,0,67327,22,0,27,4,7,2025
2025-07-04 23:00:00.000,H15,LA MACHINE A VOYAGER DANS LE TEMPS,0,67343,23,0,27,4,7,2025
2025-07-05 00:00:00.000,H15,LA MACHINE A VOYAGER DANS LE TEMPS,0,67359,0,0,27,5,7,2025
2025-07-05 01:00:00.000,H15,LA MACHINE A VOYAGER DANS LE TEMPS,0,67375,1,0,27,5,7,2025
2025-07-05 02:00:00.000,H15,LA MACHINE A VOYAGER DANS LE TEMPS,0,67391,2,0,27,5,7,2025
2025-07-05 03:00:00.000,H15,LA MACHINE A VOYAGER DANS LE TEMPS,0,67407,3,0,27,5,7,2025
2025-07-05 04:00:00.000,H15,LA MACHINE A VOYAGER DANS LE TEMPS,0,67423,4,0,27,5,7,2025
2025-07-05 05:00:00.000,H15,LA MACHINE A VOYAGER DANS LE TEMPS,0,67439,5,0,27,5,7,2025
2025-07-05 06:00:00.000,H15,LA MACHINE A VOYAGER DANS LE TEMPS,0,67455,6,0,27,5,7,2025
2025-07-05 07:00:00.000,H15,LA MACHINE A VOYAGER DANS LE TEMPS,0,67480,7,0,27,5,7,2025
2025-07-05 08:00:00.000,H15,LA MACHINE A VOYAGER DANS LE TEMPS,0,67505,8,0,27,5,7,2025
2025-07-05 09:00:00.000,H15,LA MACHINE A VOYAGER DANS LE TEMPS,13,67530,9,0,27,5,7,2025
2025-07-05 10:00:00.000,H15,LA MACHINE A VOYAGER DANS LE TEMPS,377,67555,10,0,27,5,7,2025
2025-07-05 11:00:00.000,H15,LA MACHINE A VOYAGER DANS LE TEMPS,719,67580,11,0,27,5,7,2025
2025-07-05 12:00:00.000,H15,LA MACHINE A VOYAGER DANS LE TEMPS,720,67605,12,0,27,5,7,2025
2025-07-05 13:00:00.000,H15,LA MACHINE A VOYAGER DANS LE TEMPS,441,67630,13,0,27,5,7,2025
2025-07-05 14:00:00.000,H15,LA MACHINE A VOYAGER DANS LE TEMPS,341,67655,14,0,27,5,7,2025
2025-07-05 15:00:00.000,H15,LA MACHINE A VOYAGER DANS LE TEMPS,493,67680,15,0,27,5,7,2025
2025-07-05 16:00:00.000,H15,LA MACHINE A VOYAGER DANS LE TEMPS,467,67705,16,0,27,5,7,2025
2025-07-05 17:00:00.000,H15,LA MACHINE A VOYAGER DANS LE TEMPS,461,67730,17,0,27,5,7,2025
2025-07-05 18:00:00.000,H15,LA MACHINE A VOYAGER DANS LE TEMPS,336,67755,18,0,27,5,7,2025
2025-07-05 19:00:00.000,H15,LA MACHINE A VOYAGER DANS LE TEMPS,171,67780,19,0,27,5,7,2025
2025-07-05 20:00:00.000,H15,LA MACHINE A VOYAGER DANS LE TEMPS,72,67805,20,0,27,5,7,2025
2025-07-05 21:00:00.000,H15,LA MACHINE A VOYAGER DANS LE TEMPS,3,67830,21,0,27,5,7,2025
2025-07-05 22:00:00.000,H15,LA MACHINE A VOYAGER DANS LE TEMPS,0,67847,22,0,27,5,7,2025
2025-07-05 23:00:00.000,H15,LA MACHINE A VOYAGER DANS LE TEMPS,0,67864,23,0,27,5,7,2025
2025-07-06 00:00:00.000,H15,LA MACHINE A VOYAGER DANS LE TEMPS,0,67881,0,0,28,6,7,2025
2025-07-06 01:00:00.000,H15,LA MACHINE A VOYAGER DANS LE TEMPS,0,67898,1,0,28,6,7,2025
2025-07-06 02:00:00.000,H15,LA MACHINE A VOYAGER DANS LE TEMPS,0,67915,2,0,28,6,7,2025
2025-07-06 03:00:00.000,H15,LA MACHINE A VOYAGER DANS LE TEMPS,0,67932,3,0,28,6,7,2025
2025-07-06 04:00:00.000,H15,LA MACHINE A VOYAGER DANS LE TEMPS,0,67949,4,0,28,6,7,2025
2025-07-06 05:00:00.000,H15,LA MACHINE A VOYAGER DANS LE TEMPS,0,67966,5,0,28,6,7,2025
2025-07-06 06:00:00.000,H15,LA MACHINE A VOYAGER DANS LE TEMPS,0,67983,6,0,28,6,7,2025
2025-07-06 07:00:00.000,H15,LA MACHINE A VOYAGER DANS LE TEMPS,0,68008,7,0,28,6,7,2025
2025-07-06 08:00:00.000,H15,LA MACHINE A VOYAGER DANS LE TEMPS,0,68033,8,0,28,6,7,2025
2025-07-06 09:00:00.000,H15,LA MACHINE A VOYAGER DANS LE TEMPS,24,68058,9,0,28,6,7,2025
2025-07-06 10:00:00.000,H15,LA MACHINE A VOYAGER DANS LE TEMPS,377,68083,10,0,28,6,7,2025
2025-07-06 11:00:00.000,H15,LA MACHINE A VOYAGER DANS LE TEMPS,638,68108,11,0,28,6,7,2025
2025-07-06 12:00:00.000,H15,LA MACHINE A VOYAGER DANS LE TEMPS,700,68133,12,0,28,6,7,2025
2025-07-06 13:00:00.000,H15,LA MACHINE A VOYAGER DANS LE TEMPS,328,68158,13,0,28,6,7,2025
2025-07-06 14:00:00.000,H15,LA MACHINE A VOYAGER DANS LE TEMPS,287,68183,14,0,28,6,7,2025
2025-07-06 15:00:00.000,H15,LA MACHINE A VOYAGER DANS LE TEMPS,248,68208,15,0,28,6,7,2025
2025-07-06 16:00:00.000,H15,LA MACHINE A VOYAGER DANS LE TEMPS,198,68233,16,0,28,6,7,2025
2025-07-06 17:00:00.000,H15,LA MACHINE A VOYAGER DANS LE TEMPS,148,68258,17,0,28,6,7,2025
2025-07-06 18:00:00.000,H15,LA MACHINE A VOYAGER DANS LE TEMPS,113,68283,18,0,28,6,7,2025
2025-07-06 19:00:00.000,H15,LA MACHINE A VOYAGER DANS LE TEMPS,118,68308,19,0,28,6,7,2025
2025-07-06 20:00:00.000,H15,LA MACHINE A VOYAGER DANS LE TEMPS,14,68333,20,0,28,6,7,2025
2025-07-06 21:00:00.000,H15,LA MACHINE A VOYAGER DANS LE TEMPS,0,68358,21,0,28,6,7,2025
2025-07-06 22:00:00.000,H15,LA MACHINE A VOYAGER DANS LE TEMPS,0,68375,22,0,28,6,7,2025
2025-07-06 23:00:00.000,H15,LA MACHINE A VOYAGER DANS LE TEMPS,0,68392,23,0,28,6,7,2025
2025-07-07 00:00:00.000,H15,LA MACHINE A VOYAGER DANS LE TEMPS,0,68409,0,0,28,7,7,2025
2025-07-07 01:00:00.000,H15,LA MACHINE A VOYAGER DANS LE TEMPS,0,68426,1,0,28,7,7,2025
2025-07-07 02:00:00.000,H15,LA MACHINE A VOYAGER DANS LE TEMPS,0,68443,2,0,28,7,7,2025
2025-07-07 03:00:00.000,H15,LA MACHINE A VOYAGER DANS LE TEMPS,0,68460,3,0,28,7,7,2025
2025-07-07 04:00:00.000,H15,LA MACHINE A VOYAGER DANS LE TEMPS,0,68477,4,0,28,7,7,2025
2025-07-07 05:00:00.000,H15,LA MACHINE A VOYAGER DANS LE TEMPS,0,68494,5,0,28,7,7,2025
2025-07-07 06:00:00.000,H15,LA MACHINE A VOYAGER DANS LE TEMPS,0,68511,6,0,28,7,7,2025
2025-07-07 07:00:00.000,H15,LA MACHINE A VOYAGER DANS LE TEMPS,0,68536,7,0,28,7,7,2025
2025-07-07 08:00:00.000,H15,LA MACHINE A VOYAGER DANS LE TEMPS,0,68561,8,0,28,7,7,2025
2025-07-07 09:00:00.000,H15,LA MACHINE A VOYAGER DANS LE TEMPS,22,68586,9,0,28,7,7,2025
2025-07-07 10:00:00.000,H15,LA MACHINE A VOYAGER DANS LE TEMPS,272,68611,10,0,28,7,7,2025
2025-07-07 11:00:00.000,H15,LA MACHINE A VOYAGER DANS LE TEMPS,387,68636,11,0,28,7,7,2025
2025-07-07 12:00:00.000,H15,LA MACHINE A VOYAGER DANS LE TEMPS,168,68661,12,0,28,7,7,2025
2025-07-07 13:00:00.000,H15,LA MACHINE A VOYAGER DANS LE TEMPS,53,68686,13,0,28,7,7,2025
2025-07-07 14:00:00.000,H15,LA MACHINE A VOYAGER DANS LE TEMPS,47,68711,14,0,28,7,7,2025
2025-07-07 15:00:00.000,H15,LA MACHINE A VOYAGER DANS LE TEMPS,166,68736,15,0,28,7,7,2025
2025-07-07 16:00:00.000,H15,LA MACHINE A VOYAGER DANS LE TEMPS,181,68761,16,0,28,7,7,2025
2025-07-07 17:00:00.000,H15,LA MACHINE A VOYAGER DANS LE TEMPS,36,68786,17,0,28,7,7,2025
2025-07-07 18:00:00.000,H15,LA MACHINE A VOYAGER DANS LE TEMPS,36,68811,18,0,28,7,7,2025
2025-07-07 19:00:00.000,H15,LA MACHINE A VOYAGER DANS LE TEMPS,41,68836,19,0,28,7,7,2025
2025-07-07 20:00:00.000,H15,LA MACHINE A VOYAGER DANS LE TEMPS,13,68861,20,0,28,7,7,2025
2025-07-07 21:00:00.000,H15,LA MACHINE A VOYAGER DANS LE TEMPS,0,68886,21,0,28,7,7,2025
2025-07-07 22:00:00.000,H15,LA MACHINE A VOYAGER DANS LE TEMPS,0,68903,22,0,28,7,7,2025
2025-07-07 23:00:00.000,H15,LA MACHINE A VOYAGER DANS LE TEMPS,0,68920,23,0,28,7,7,2025
2025-07-08 00:00:00.000,H15,LA MACHINE A VOYAGER DANS LE TEMPS,0,68937,0,0,28,8,7,2025
2025-07-08 01:00:00.000,H15,LA MACHINE A VOYAGER DANS LE TEMPS,0,68954,1,0,28,8,7,2025
2025-07-08 02:00:00.000,H15,LA MACHINE A VOYAGER DANS LE TEMPS,0,68971,2,0,28,8,7,2025
2025-07-08 03:00:00.000,H15,LA MACHINE A VOYAGER DANS LE TEMPS,0,68988,3,0,28,8,7,2025
2025-07-08 04:00:00.000,H15,LA MACHINE A VOYAGER DANS LE TEMPS,0,69005,4,0,28,8,7,2025
2025-07-08 05:00:00.000,H15,LA MACHINE A VOYAGER DANS LE TEMPS,0,69022,5,0,28,8,7,2025
2025-07-08 06:00:00.000,H15,LA MACHINE A VOYAGER DANS LE TEMPS,0,69039,6,0,28,8,7,2025
2025-07-08 07:00:00.000,H15,LA MACHINE A VOYAGER DANS LE TEMPS,0,69064,7,0,28,8,7,2025
2025-07-08 08:00:00.000,H15,LA MACHINE A VOYAGER DANS LE TEMPS,0,69089,8,0,28,8,7,2025
2025-07-08 09:00:00.000,H15,LA MACHINE A VOYAGER DANS LE TEMPS,30,69114,9,0,28,8,7,2025
2025-07-08 10:00:00.000,H15,LA MACHINE A VOYAGER DANS LE TEMPS,530,69139,10,0,28,8,7,2025
2025-07-08 11:00:00.000,H15,LA MACHINE A VOYAGER DANS LE TEMPS,715,69164,11,0,28,8,7,2025
2025-07-08 12:00:00.000,H15,LA MACHINE A VOYAGER DANS LE TEMPS,443,69189,12,0,28,8,7,2025
2025-07-08 13:00:00.000,H15,LA MACHINE A VOYAGER DANS LE TEMPS,318,69214,13,0,28,8,7,2025
2025-07-08 14:00:00.000,H15,LA MACHINE A VOYAGER DANS LE TEMPS,316,69239,14,0,28,8,7,2025
2025-07-08 15:00:00.000,H15,LA MACHINE A VOYAGER DANS LE TEMPS,334,69264,15,0,28,8,7,2025
2025-07-08 16:00:00.000,H15,LA MACHINE A VOYAGER DANS LE TEMPS,153,69289,16,0,28,8,7,2025
2025-07-08 17:00:00.000,H15,LA MACHINE A VOYAGER DANS LE TEMPS,163,69314,17,0,28,8,7,2025
2025-07-08 18:00:00.000,H15,LA MACHINE A VOYAGER DANS LE TEMPS,113,69339,18,0,28,8,7,2025
2025-07-08 19:00:00.000,H15,LA MACHINE A VOYAGER DANS LE TEMPS,48,69364,19,0,28,8,7,2025
2025-07-08 20:00:00.000,H15,LA MACHINE A VOYAGER DANS LE TEMPS,18,69389,20,0,28,8,7,2025
2025-07-08 21:00:00.000,H15,LA MACHINE A VOYAGER DANS LE TEMPS,0,69414,21,0,28,8,7,2025
2025-07-08 22:00:00.000,H15,LA MACHINE A VOYAGER DANS LE TEMPS,0,69439,22,0,28,8,7,2025
2025-07-08 23:00:00.000,H15,LA MACHINE A VOYAGER DANS LE TEMPS,0,69456,23,0,28,8,7,2025
2025-07-09 00:00:00.000,H15,LA MACHINE A VOYAGER DANS LE TEMPS,0,69473,0,0,28,9,7,2025
2025-07-09 01:00:00.000,H15,LA MACHINE A VOYAGER DANS LE TEMPS,0,69490,1,0,28,9,7,2025
2025-07-09 02:00:00.000,H15,LA MACHINE A VOYAGER DANS LE TEMPS,0,69507,2,0,28,9,7,2025
2025-07-09 03:00:00.000,H15,LA MACHINE A VOYAGER DANS LE TEMPS,0,69524,3,0,28,9,7,2025
2025-07-09 04:00:00.000,H15,LA MACHINE A VOYAGER DANS LE TEMPS,0,69541,4,0,28,9,7,2025
2025-07-09 05:00:00.000,H15,LA MACHINE A VOYAGER DANS LE TEMPS,0,69558,5,0,28,9,7,2025
2025-07-09 06:00:00.000,H15,LA MACHINE A VOYAGER DANS LE TEMPS,0,69575,6,0,28,9,7,2025
2025-07-09 07:00:00.000,H15,LA MACHINE A VOYAGER DANS LE TEMPS,0,69600,7,0,28,9,7,2025
2025-07-09 08:00:00.000,H15,LA MACHINE A VOYAGER DANS LE TEMPS,0,69625,8,0,28,9,7,2025
2025-07-09 09:00:00.000,H15,LA MACHINE A VOYAGER DANS LE TEMPS,57,69650,9,0,28,9,7,2025
2025-07-09 10:00:00.000,H15,LA MACHINE A VOYAGER DANS LE TEMPS,647,69675,10,0,28,9,7,2025
2025-07-09 11:00:00.000,H15,LA MACHINE A VOYAGER DANS LE TEMPS,285,69700,11,0,28,9,7,2025
2025-07-09 12:00:00.000,H15,LA MACHINE A VOYAGER DANS LE TEMPS,276,69725,12,0,28,9,7,2025
2025-07-09 13:00:00.000,H15,LA MACHINE A VOYAGER DANS LE TEMPS,69,69750,13,0,28,9,7,2025
2025-07-09 14:00:00.000,H15,LA MACHINE A VOYAGER DANS LE TEMPS,69,69775,14,0,28,9,7,2025
2025-07-09 15:00:00.000,H15,LA MACHINE A VOYAGER DANS LE TEMPS,139,69800,15,0,28,9,7,2025
2025-07-09 16:00:00.000,H15,LA MACHINE A VOYAGER DANS LE TEMPS,134,69825,16,0,28,9,7,2025
2025-07-09 17:00:00.000,H15,LA MACHINE A VOYAGER DANS LE TEMPS,155,69850,17,0,28,9,7,2025
2025-07-09 18:00:00.000,H15,LA MACHINE A VOYAGER DANS LE TEMPS,39,69875,18,0,28,9,7,2025
2025-07-09 19:00:00.000,H15,LA MACHINE A VOYAGER DANS LE TEMPS,28,69900,19,0,28,9,7,2025
2025-07-09 20:00:00.000,H15,LA MACHINE A VOYAGER DANS LE TEMPS,42,69925,20,0,28,9,7,2025
2025-07-09 21:00:00.000,H15,LA MACHINE A VOYAGER DANS LE TEMPS,0,69950,21,0,28,9,7,2025
2025-07-09 22:00:00.000,H15,LA MACHINE A VOYAGER DANS LE TEMPS,0,69967,22,0,28,9,7,2025
2025-07-09 23:00:00.000,H15,LA MACHINE A VOYAGER DANS LE TEMPS,0,69984,23,0,28,9,7,2025
2025-07-10 00:00:00.000,H15,LA MACHINE A VOYAGER DANS LE TEMPS,0,70001,0,0,28,10,7,2025
2025-07-10 01:00:00.000,H15,LA MACHINE A VOYAGER DANS LE TEMPS,0,70018,1,0,28,10,7,2025
2025-07-10 02:00:00.000,H15,LA MACHINE A VOYAGER DANS LE TEMPS,0,70035,2,0,28,10,7,2025
2025-07-10 03:00:00.000,H15,LA MACHINE A VOYAGER DANS LE TEMPS,0,70052,3,0,28,10,7,2025
2025-07-10 04:00:00.000,H15,LA MACHINE A VOYAGER DANS LE TEMPS,0,70069,4,0,28,10,7,2025
2025-07-10 05:00:00.000,H15,LA MACHINE A VOYAGER DANS LE TEMPS,0,70086,5,0,28,10,7,2025
2025-07-10 06:00:00.000,H15,LA MACHINE A VOYAGER DANS LE TEMPS,0,70103,6,0,28,10,7,2025
2025-07-10 07:00:00.000,H15,LA MACHINE A VOYAGER DANS LE TEMPS,0,70128,7,0,28,10,7,2025
2025-07-10 08:00:00.000,H15,LA MACHINE A VOYAGER DANS LE TEMPS,0,70153,8,0,28,10,7,2025
2025-07-10 09:00:00.000,H15,LA MACHINE A VOYAGER DANS LE TEMPS,50,70178,9,0,28,10,7,2025
2025-07-10 10:00:00.000,H15,LA MACHINE A VOYAGER DANS LE TEMPS,407,70203,10,0,28,10,7,2025
2025-07-10 11:00:00.000,H15,LA MACHINE A VOYAGER DANS LE TEMPS,600,70228,11,0,28,10,7,2025
2025-07-10 12:00:00.000,H15,LA MACHINE A VOYAGER DANS LE TEMPS,332,70253,12,0,28,10,7,2025
2025-07-10 13:00:00.000,H15,LA MACHINE A VOYAGER DANS LE TEMPS,135,70278,13,0,28,10,7,2025
2025-07-10 14:00:00.000,H15,LA MACHINE A VOYAGER DANS LE TEMPS,244,70303,14,0,28,10,7,2025
2025-07-10 15:00:00.000,H15,LA MACHINE A VOYAGER DANS LE TEMPS,111,70328,15,0,28,10,7,2025
2025-07-10 16:00:00.000,H15,LA MACHINE A VOYAGER DANS LE TEMPS,183,70353,16,0,28,10,7,2025
2025-07-10 17:00:00.000,H15,LA MACHINE A VOYAGER DANS LE TEMPS,104,70378,17,0,28,10,7,2025
2025-07-10 18:00:00.000,H15,LA MACHINE A VOYAGER DANS LE TEMPS,80,70403,18,0,28,10,7,2025
2025-07-10 19:00:00.000,H15,LA MACHINE A VOYAGER DANS LE TEMPS,74,70428,19,0,28,10,7,2025
2025-07-10 20:00:00.000,H15,LA MACHINE A VOYAGER DANS LE TEMPS,2031,70453,20,0,28,10,7,2025
2025-07-10 21:00:00.000,H15,LA MACHINE A VOYAGER DANS LE TEMPS,499,70478,21,0,28,10,7,2025
2025-07-10 22:00:00.000,H15,LA MACHINE A VOYAGER DANS LE TEMPS,0,70495,22,0,28,10,7,2025
2025-07-10 23:00:00.000,H15,LA MACHINE A VOYAGER DANS LE TEMPS,0,70512,23,0,28,10,7,2025
2025-07-11 00:00:00.000,H15,LA MACHINE A VOYAGER DANS LE TEMPS,0,70529,0,0,28,11,7,2025
2025-07-11 01:00:00.000,H15,LA MACHINE A VOYAGER DANS LE TEMPS,0,70546,1,0,28,11,7,2025
2025-07-11 02:00:00.000,H15,LA MACHINE A VOYAGER DANS LE TEMPS,0,70563,2,0,28,11,7,2025
2025-07-11 03:00:00.000,H15,LA MACHINE A VOYAGER DANS LE TEMPS,0,70580,3,0,28,11,7,2025
2025-07-11 04:00:00.000,H15,LA MACHINE A VOYAGER DANS LE TEMPS,0,70597,4,0,28,11,7,2025
2025-07-11 05:00:00.000,H15,LA MACHINE A VOYAGER DANS LE TEMPS,0,70614,5,0,28,11,7,2025
2025-07-11 06:00:00.000,H15,LA MACHINE A VOYAGER DANS LE TEMPS,0,70631,6,0,28,11,7,2025
2025-07-11 07:00:00.000,H15,LA MACHINE A VOYAGER DANS LE TEMPS,0,70656,7,0,28,11,7,2025
2025-07-11 08:00:00.000,H15,LA MACHINE A VOYAGER DANS LE TEMPS,0,70681,8,0,28,11,7,2025
2025-07-11 09:00:00.000,H15,LA MACHINE A VOYAGER DANS LE TEMPS,9,70706,9,0,28,11,7,2025
2025-07-11 10:00:00.000,H15,LA MACHINE A VOYAGER DANS LE TEMPS,172,70731,10,0,28,11,7,2025
2025-07-11 11:00:00.000,H15,LA MACHINE A VOYAGER DANS LE TEMPS,367,70756,11,0,28,11,7,2025
2025-07-11 12:00:00.000,H15,LA MACHINE A VOYAGER DANS LE TEMPS,251,70781,12,0,28,11,7,2025
2025-07-11 13:00:00.000,H15,LA MACHINE A VOYAGER DANS LE TEMPS,106,70806,13,0,28,11,7,2025
2025-07-11 14:00:00.000,H15,LA MACHINE A VOYAGER DANS LE TEMPS,56,70831,14,0,28,11,7,2025
2025-07-11 15:00:00.000,H15,LA MACHINE A VOYAGER DANS LE TEMPS,97,70856,15,0,28,11,7,2025
2025-07-11 16:00:00.000,H15,LA MACHINE A VOYAGER DANS LE TEMPS,84,70881,16,0,28,11,7,2025
2025-07-11 17:00:00.000,H15,LA MACHINE A VOYAGER DANS LE TEMPS,61,70906,17,0,28,11,7,2025
2025-07-11 18:00:00.000,H15,LA MACHINE A VOYAGER DANS LE TEMPS,21,70931,18,0,28,11,7,2025
2025-07-11 19:00:00.000,H15,LA MACHINE A VOYAGER DANS LE TEMPS,26,70956,19,0,28,11,7,2025
2025-07-11 20:00:00.000,H15,LA MACHINE A VOYAGER DANS LE TEMPS,19,70981,20,0,28,11,7,2025
2025-07-11 21:00:00.000,H15,LA MACHINE A VOYAGER DANS LE TEMPS,13,71006,21,0,28,11,7,2025
2025-07-11 22:00:00.000,H15,LA MACHINE A VOYAGER DANS LE TEMPS,13,71023,22,0,28,11,7,2025
2025-07-11 23:00:00.000,H15,LA MACHINE A VOYAGER DANS LE TEMPS,13,71040,23,0,28,11,7,2025
2025-07-12 00:00:00.000,H15,LA MACHINE A VOYAGER DANS LE TEMPS,13,71057,0,0,28,12,7,2025
2025-07-12 01:00:00.000,H15,LA MACHINE A VOYAGER DANS LE TEMPS,13,71074,1,0,28,12,7,2025
2025-07-12 02:00:00.000,H15,LA MACHINE A VOYAGER DANS LE TEMPS,13,71091,2,0,28,12,7,2025
2025-07-12 03:00:00.000,H15,LA MACHINE A VOYAGER DANS LE TEMPS,13,71108,3,0,28,12,7,2025
2025-07-12 04:00:00.000,H15,LA MACHINE A VOYAGER DANS LE TEMPS,13,71125,4,0,28,12,7,2025
2025-07-12 05:00:00.000,H15,LA MACHINE A VOYAGER DANS LE TEMPS,13,71142,5,0,28,12,7,2025
2025-07-12 06:00:00.000,H15,LA MACHINE A VOYAGER DANS LE TEMPS,13,71159,6,0,28,12,7,2025
2025-07-12 07:00:00.000,H15,LA MACHINE A VOYAGER DANS LE TEMPS,13,71184,7,0,28,12,7,2025
2025-07-12 08:00:00.000,H15,LA MACHINE A VOYAGER DANS LE TEMPS,9,71209,8,0,28,12,7,2025
2025-07-12 09:00:00.000,H15,LA MACHINE A VOYAGER DANS LE TEMPS,15,71234,9,0,28,12,7,2025
2025-07-12 10:00:00.000,H15,LA MACHINE A VOYAGER DANS LE TEMPS,267,71259,10,0,28,12,7,2025
2025-07-12 11:00:00.000,H15,LA MACHINE A VOYAGER DANS LE TEMPS,620,71284,11,0,28,12,7,2025
2025-07-12 12:00:00.000,H15,LA MACHINE A VOYAGER DANS LE TEMPS,492,71309,12,0,28,12,7,2025
2025-07-12 13:00:00.000,H15,LA MACHINE A VOYAGER DANS LE TEMPS,237,71334,13,0,28,12,7,2025
2025-07-12 14:00:00.000,H15,LA MACHINE A VOYAGER DANS LE TEMPS,391,71359,14,0,28,12,7,2025
2025-07-12 15:00:00.000,H15,LA MACHINE A VOYAGER DANS LE TEMPS,396,71384,15,0,28,12,7,2025
2025-07-12 16:00:00.000,H15,LA MACHINE A VOYAGER DANS LE TEMPS,374,71409,16,0,28,12,7,2025
2025-07-12 17:00:00.000,H15,LA MACHINE A VOYAGER DANS LE TEMPS,381,71434,17,0,28,12,7,2025
2025-07-12 18:00:00.000,H15,LA MACHINE A VOYAGER DANS LE TEMPS,391,71459,18,0,28,12,7,2025
2025-07-12 19:00:00.000,H15,LA MACHINE A VOYAGER DANS LE TEMPS,103,71484,19,0,28,12,7,2025
2025-07-12 20:00:00.000,H15,LA MACHINE A VOYAGER DANS LE TEMPS,79,71509,20,0,28,12,7,2025
2025-07-12 21:00:00.000,H15,LA MACHINE A VOYAGER DANS LE TEMPS,5,71534,21,0,28,12,7,2025
2025-07-12 22:00:00.000,H15,LA MACHINE A VOYAGER DANS LE TEMPS,0,71559,22,0,28,12,7,2025
2025-07-12 23:00:00.000,H15,LA MACHINE A VOYAGER DANS LE TEMPS,0,71576,23,0,28,12,7,2025
2025-07-13 00:00:00.000,H15,LA MACHINE A VOYAGER DANS LE TEMPS,0,71593,0,0,29,13,7,2025
2025-07-13 01:00:00.000,H15,LA MACHINE A VOYAGER DANS LE TEMPS,0,71610,1,0,29,13,7,2025
2025-07-13 02:00:00.000,H15,LA MACHINE A VOYAGER DANS LE TEMPS,0,71627,2,0,29,13,7,2025
2025-07-13 03:00:00.000,H15,LA MACHINE A VOYAGER DANS LE TEMPS,0,71644,3,0,29,13,7,2025
2025-07-13 04:00:00.000,H15,LA MACHINE A VOYAGER DANS LE TEMPS,0,71661,4,0,29,13,7,2025
2025-07-13 05:00:00.000,H15,LA MACHINE A VOYAGER DANS LE TEMPS,0,71678,5,0,29,13,7,2025
2025-07-13 06:00:00.000,H15,LA MACHINE A VOYAGER DANS LE TEMPS,0,71695,6,0,29,13,7,2025
2025-07-13 07:00:00.000,H15,LA MACHINE A VOYAGER DANS LE TEMPS,0,71720,7,0,29,13,7,2025
2025-07-13 08:00:00.000,H15,LA MACHINE A VOYAGER DANS LE TEMPS,0,71745,8,0,29,13,7,2025
2025-07-13 09:00:00.000,H15,LA MACHINE A VOYAGER DANS LE TEMPS,35,71769,9,0,29,13,7,2025
2025-07-13 10:00:00.000,H15,LA MACHINE A VOYAGER DANS LE TEMPS,642,71793,10,0,29,13,7,2025
2025-07-13 11:00:00.000,H15,LA MACHINE A VOYAGER DANS LE TEMPS,701,71817,11,0,29,13,7,2025
2025-07-13 12:00:00.000,H15,LA MACHINE A VOYAGER DANS LE TEMPS,531,71841,12,0,29,13,7,2025
2025-07-13 13:00:00.000,H15,LA MACHINE A VOYAGER DANS LE TEMPS,359,71865,13,0,29,13,7,2025
2025-07-13 14:00:00.000,H15,LA MACHINE A VOYAGER DANS LE TEMPS,402,71889,14,0,29,13,7,2025
2025-07-13 15:00:00.000,H15,LA MACHINE A VOYAGER DANS LE TEMPS,521,71913,15,0,29,13,7,2025
2025-07-13 16:00:00.000,H15,LA MACHINE A VOYAGER DANS LE TEMPS,441,71937,16,0,29,13,7,2025
2025-07-13 17:00:00.000,H15,LA MACHINE A VOYAGER DANS LE TEMPS,349,71961,17,0,29,13,7,2025
2025-07-13 18:00:00.000,H15,LA MACHINE A VOYAGER DANS LE TEMPS,285,71985,18,0,29,13,7,2025
2025-07-13 19:00:00.000,H15,LA MACHINE A VOYAGER DANS LE TEMPS,144,72009,19,0,29,13,7,2025
2025-07-13 20:00:00.000,H15,LA MACHINE A VOYAGER DANS LE TEMPS,89,72033,20,0,29,13,7,2025
2025-07-13 21:00:00.000,H15,LA MACHINE A VOYAGER DANS LE TEMPS,15,72057,21,0,29,13,7,2025
2025-07-13 22:00:00.000,H15,LA MACHINE A VOYAGER DANS LE TEMPS,0,72073,22,0,29,13,7,2025
2025-07-13 23:00:00.000,H15,LA MACHINE A VOYAGER DANS LE TEMPS,0,72089,23,0,29,13,7,2025
2025-07-14 00:00:00.000,H15,LA MACHINE A VOYAGER DANS LE TEMPS,0,72105,0,0,29,14,7,2025
2025-07-14 01:00:00.000,H15,LA MACHINE A VOYAGER DANS LE TEMPS,0,72121,1,0,29,14,7,2025
2025-07-14 02:00:00.000,H15,LA MACHINE A VOYAGER DANS LE TEMPS,0,72137,2,0,29,14,7,2025
2025-07-14 03:00:00.000,H15,LA MACHINE A VOYAGER DANS LE TEMPS,0,72153,3,0,29,14,7,2025
2025-07-14 04:00:00.000,H15,LA MACHINE A VOYAGER DANS LE TEMPS,0,72169,4,0,29,14,7,2025
2025-07-14 05:00:00.000,H15,LA MACHINE A VOYAGER DANS LE TEMPS,0,72185,5,0,29,14,7,2025
2025-07-14 06:00:00.000,H15,LA MACHINE A VOYAGER DANS LE TEMPS,0,72201,6,0,29,14,7,2025
2025-07-14 07:00:00.000,H15,LA MACHINE A VOYAGER DANS LE TEMPS,0,72225,7,0,29,14,7,2025
2025-07-14 08:00:00.000,H15,LA MACHINE A VOYAGER DANS LE TEMPS,0,72249,8,0,29,14,7,2025
2025-07-14 09:00:00.000,H15,LA MACHINE A VOYAGER DANS LE TEMPS,14,72273,9,0,29,14,7,2025
2025-07-14 10:00:00.000,H15,LA MACHINE A VOYAGER DANS LE TEMPS,191,72297,10,0,29,14,7,2025
2025-07-14 11:00:00.000,H15,LA MACHINE A VOYAGER DANS LE TEMPS,289,72321,11,0,29,14,7,2025
2025-07-14 12:00:00.000,H15,LA MACHINE A VOYAGER DANS LE TEMPS,141,72345,12,0,29,14,7,2025
2025-07-14 13:00:00.000,H15,LA MACHINE A VOYAGER DANS LE TEMPS,34,72369,13,0,29,14,7,2025
2025-07-14 14:00:00.000,H15,LA MACHINE A VOYAGER DANS LE TEMPS,42,72393,14,0,29,14,7,2025
2025-07-14 15:00:00.000,H15,LA MACHINE A VOYAGER DANS LE TEMPS,61,72417,15,0,29,14,7,2025
2025-07-14 16:00:00.000,H15,LA MACHINE A VOYAGER DANS LE TEMPS,86,72441,16,0,29,14,7,2025
2025-07-14 17:00:00.000,H15,LA MACHINE A VOYAGER DANS LE TEMPS,63,72465,17,0,29,14,7,2025
2025-07-14 18:00:00.000,H15,LA MACHINE A VOYAGER DANS LE TEMPS,37,72489,18,0,29,14,7,2025
2025-07-14 19:00:00.000,H15,LA MACHINE A VOYAGER DANS LE TEMPS,56,72513,19,0,29,14,7,2025
2025-07-14 20:00:00.000,H15,LA MACHINE A VOYAGER DANS LE TEMPS,12,72537,20,0,29,14,7,2025
2025-07-14 21:00:00.000,H15,LA MACHINE A VOYAGER DANS LE TEMPS,0,72561,21,0,29,14,7,2025
2025-07-14 22:00:00.000,H15,LA MACHINE A VOYAGER DANS LE TEMPS,0,72577,22,0,29,14,7,2025
2025-07-14 23:00:00.000,H15,LA MACHINE A VOYAGER DANS LE TEMPS,0,72593,23,0,29,14,7,2025
2025-07-15 00:00:00.000,H15,LA MACHINE A VOYAGER DANS LE TEMPS,0,72609,0,0,29,15,7,2025
2025-07-15 01:00:00.000,H15,LA MACHINE A VOYAGER DANS LE TEMPS,0,72625,1,0,29,15,7,2025
2025-07-15 02:00:00.000,H15,LA MACHINE A VOYAGER DANS LE TEMPS,0,72641,2,0,29,15,7,2025
2025-07-15 03:00:00.000,H15,LA MACHINE A VOYAGER DANS LE TEMPS,0,72657,3,0,29,15,7,2025
2025-07-15 04:00:00.000,H15,LA MACHINE A VOYAGER DANS LE TEMPS,0,72673,4,0,29,15,7,2025
2025-07-15 05:00:00.000,H15,LA MACHINE A VOYAGER DANS LE TEMPS,0,72689,5,0,29,15,7,2025
2025-07-15 06:00:00.000,H15,LA MACHINE A VOYAGER DANS LE TEMPS,0,72705,6,0,29,15,7,2025
2025-07-15 07:00:00.000,H15,LA MACHINE A VOYAGER DANS LE TEMPS,0,72729,7,0,29,15,7,2025
2025-07-15 08:00:00.000,H15,LA MACHINE A VOYAGER DANS LE TEMPS,0,72753,8,0,29,15,7,2025
2025-07-15 09:00:00.000,H15,LA MACHINE A VOYAGER DANS LE TEMPS,12,72777,9,0,29,15,7,2025
2025-07-15 10:00:00.000,H15,LA MACHINE A VOYAGER DANS LE TEMPS,208,72802,10,0,29,15,7,2025
2025-07-15 11:00:00.000,H15,LA MACHINE A VOYAGER DANS LE TEMPS,514,72827,11,0,29,15,7,2025
2025-07-15 12:00:00.000,H15,LA MACHINE A VOYAGER DANS LE TEMPS,408,72852,12,0,29,15,7,2025
2025-07-15 13:00:00.000,H15,LA MACHINE A VOYAGER DANS LE TEMPS,161,72877,13,0,29,15,7,2025
2025-07-15 14:00:00.000,H15,LA MACHINE A VOYAGER DANS LE TEMPS,231,72902,14,0,29,15,7,2025
2025-07-15 15:00:00.000,H15,LA MACHINE A VOYAGER DANS LE TEMPS,343,72927,15,0,29,15,7,2025
2025-07-15 16:00:00.000,H15,LA MACHINE A VOYAGER DANS LE TEMPS,335,72952,16,0,29,15,7,2025
2025-07-15 17:00:00.000,H15,LA MACHINE A VOYAGER DANS LE TEMPS,309,72977,17,0,29,15,7,2025
2025-07-15 18:00:00.000,H15,LA MACHINE A VOYAGER DANS LE TEMPS,145,73002,18,0,29,15,7,2025
2025-07-15 19:00:00.000,H15,LA MACHINE A VOYAGER DANS LE TEMPS,89,73027,19,0,29,15,7,2025
2025-07-15 20:00:00.000,H15,LA MACHINE A VOYAGER DANS LE TEMPS,93,73052,20,0,29,15,7,2025
2025-07-15 21:00:00.000,H15,LA MACHINE A VOYAGER DANS LE TEMPS,0,73077,21,0,29,15,7,2025
2025-07-15 22:00:00.000,H15,LA MACHINE A VOYAGER DANS LE TEMPS,0,73094,22,0,29,15,7,2025
2025-07-15 23:00:00.000,H15,LA MACHINE A VOYAGER DANS LE TEMPS,0,73111,23,0,29,15,7,2025
2025-07-16 00:00:00.000,H15,LA MACHINE A VOYAGER DANS LE TEMPS,0,73128,0,0,29,16,7,2025
2025-07-16 01:00:00.000,H15,LA MACHINE A VOYAGER DANS LE TEMPS,0,73145,1,0,29,16,7,2025
2025-07-16 02:00:00.000,H15,LA MACHINE A VOYAGER DANS LE TEMPS,0,73162,2,0,29,16,7,2025
2025-07-16 03:00:00.000,H15,LA MACHINE A VOYAGER DANS LE TEMPS,0,73179,3,0,29,16,7,2025
2025-07-16 04:00:00.000,H15,LA MACHINE A VOYAGER DANS LE TEMPS,0,73196,4,0,29,16,7,2025
2025-07-16 05:00:00.000,H15,LA MACHINE A VOYAGER DANS LE TEMPS,0,73213,5,0,29,16,7,2025
2025-07-16 06:00:00.000,H15,LA MACHINE A VOYAGER DANS LE TEMPS,0,73230,6,0,29,16,7,2025
2025-07-16 07:00:00.000,H15,LA MACHINE A VOYAGER DANS LE TEMPS,0,73255,7,0,29,16,7,2025
2025-07-16 08:00:00.000,H15,LA MACHINE A VOYAGER DANS LE TEMPS,0,73280,8,0,29,16,7,2025
2025-07-16 09:00:00.000,H15,LA MACHINE A VOYAGER DANS LE TEMPS,12,73305,9,0,29,16,7,2025
2025-07-16 10:00:00.000,H15,LA MACHINE A VOYAGER DANS LE TEMPS,228,73330,10,0,29,16,7,2025
2025-07-16 11:00:00.000,H15,LA MACHINE A VOYAGER DANS LE TEMPS,637,73355,11,0,29,16,7,2025
2025-07-16 12:00:00.000,H15,LA MACHINE A VOYAGER DANS LE TEMPS,429,73380,12,0,29,16,7,2025
2025-07-16 13:00:00.000,H15,LA MACHINE A VOYAGER DANS LE TEMPS,337,73405,13,0,29,16,7,2025
2025-07-16 14:00:00.000,H15,LA MACHINE A VOYAGER DANS LE TEMPS,389,73430,14,0,29,16,7,2025
2025-07-16 15:00:00.000,H15,LA MACHINE A VOYAGER DANS LE TEMPS,413,73455,15,0,29,16,7,2025
2025-07-16 16:00:00.000,H15,LA MACHINE A VOYAGER DANS LE TEMPS,407,73480,16,0,29,16,7,2025
2025-07-16 17:00:00.000,H15,LA MACHINE A VOYAGER DANS LE TEMPS,390,73505,17,0,29,16,7,2025
2025-07-16 18:00:00.000,H15,LA MACHINE A VOYAGER DANS LE TEMPS,384,73530,18,0,29,16,7,2025
2025-07-16 19:00:00.000,H15,LA MACHINE A VOYAGER DANS LE TEMPS,149,73555,19,0,29,16,7,2025
2025-07-16 20:00:00.000,H15,LA MACHINE A VOYAGER DANS LE TEMPS,18,73580,20,0,29,16,7,2025
2025-07-16 21:00:00.000,H15,LA MACHINE A VOYAGER DANS LE TEMPS,0,73605,21,0,29,16,7,2025
2025-07-16 22:00:00.000,H15,LA MACHINE A VOYAGER DANS LE TEMPS,0,73622,22,0,29,16,7,2025
2025-07-16 23:00:00.000,H15,LA MACHINE A VOYAGER DANS LE TEMPS,0,73639,23,0,29,16,7,2025
2025-07-17 00:00:00.000,H15,LA MACHINE A VOYAGER DANS LE TEMPS,0,73656,0,0,29,17,7,2025
2025-07-17 01:00:00.000,H15,LA MACHINE A VOYAGER DANS LE TEMPS,0,73673,1,0,29,17,7,2025
2025-07-17 02:00:00.000,H15,LA MACHINE A VOYAGER DANS LE TEMPS,0,73690,2,0,29,17,7,2025
2025-07-17 03:00:00.000,H15,LA MACHINE A VOYAGER DANS LE TEMPS,0,73707,3,0,29,17,7,2025
2025-07-17 04:00:00.000,H15,LA MACHINE A VOYAGER DANS LE TEMPS,0,73724,4,0,29,17,7,2025
2025-07-17 05:00:00.000,H15,LA MACHINE A VOYAGER DANS LE TEMPS,0,73741,5,0,29,17,7,2025
2025-07-17 06:00:00.000,H15,LA MACHINE A VOYAGER DANS LE TEMPS,0,73758,6,0,29,17,7,2025
2025-07-17 07:00:00.000,H15,LA MACHINE A VOYAGER DANS LE TEMPS,0,73783,7,0,29,17,7,2025
2025-07-17 08:00:00.000,H15,LA MACHINE A VOYAGER DANS LE TEMPS,0,73808,8,0,29,17,7,2025
2025-07-17 09:00:00.000,H15,LA MACHINE A VOYAGER DANS LE TEMPS,8,73833,9,0,29,17,7,2025
2025-07-17 10:00:00.000,H15,LA MACHINE A VOYAGER DANS LE TEMPS,294,73858,10,0,29,17,7,2025
2025-07-17 11:00:00.000,H15,LA MACHINE A VOYAGER DANS LE TEMPS,511,73883,11,0,29,17,7,2025
2025-07-17 12:00:00.000,H15,LA MACHINE A VOYAGER DANS LE TEMPS,288,73908,12,0,29,17,7,2025
2025-07-17 13:00:00.000,H15,LA MACHINE A VOYAGER DANS LE TEMPS,79,73933,13,0,29,17,7,2025
2025-07-17 14:00:00.000,H15,LA MACHINE A VOYAGER DANS LE TEMPS,134,73958,14,0,29,17,7,2025
2025-07-17 15:00:00.000,H15,LA MACHINE A VOYAGER DANS LE TEMPS,191,73983,15,0,29,17,7,2025
2025-07-17 16:00:00.000,H15,LA MACHINE A VOYAGER DANS LE TEMPS,201,74008,16,0,29,17,7,2025
2025-07-17 17:00:00.000,H15,LA MACHINE A VOYAGER DANS LE TEMPS,190,74033,17,0,29,17,7,2025
2025-07-17 18:00:00.000,H15,LA MACHINE A VOYAGER DANS LE TEMPS,108,74058,18,0,29,17,7,2025
2025-07-17 19:00:00.000,H15,LA MACHINE A VOYAGER DANS LE TEMPS,14,74083,19,0,29,17,7,2025
2025-07-17 20:00:00.000,H15,LA MACHINE A VOYAGER DANS LE TEMPS,13,74108,20,0,29,17,7,2025
2025-07-17 21:00:00.000,H15,LA MACHINE A VOYAGER DANS LE TEMPS,0,74133,21,0,29,17,7,2025
2025-07-17 22:00:00.000,H15,LA MACHINE A VOYAGER DANS LE TEMPS,0,74150,22,0,29,17,7,2025
2025-07-17 23:00:00.000,H15,LA MACHINE A VOYAGER DANS LE TEMPS,0,74167,23,0,29,17,7,2025
2025-07-18 00:00:00.000,H15,LA MACHINE A VOYAGER DANS LE TEMPS,0,74184,0,0,29,18,7,2025
2025-07-18 01:00:00.000,H15,LA MACHINE A VOYAGER DANS LE TEMPS,0,74201,1,0,29,18,7,2025
2025-07-18 02:00:00.000,H15,LA MACHINE A VOYAGER DANS LE TEMPS,0,74218,2,0,29,18,7,2025
2025-07-18 03:00:00.000,H15,LA MACHINE A VOYAGER DANS LE TEMPS,0,74235,3,0,29,18,7,2025
2025-07-18 04:00:00.000,H15,LA MACHINE A VOYAGER DANS LE TEMPS,0,74252,4,0,29,18,7,2025
2025-07-18 05:00:00.000,H15,LA MACHINE A VOYAGER DANS LE TEMPS,0,74269,5,0,29,18,7,2025
2025-07-18 06:00:00.000,H15,LA MACHINE A VOYAGER DANS LE TEMPS,0,74286,6,0,29,18,7,2025
2025-07-18 07:00:00.000,H15,LA MACHINE A VOYAGER DANS LE TEMPS,0,74311,7,0,29,18,7,2025
2025-07-18 08:00:00.000,H15,LA MACHINE A VOYAGER DANS LE TEMPS,0,74336,8,0,29,18,7,2025
2025-07-18 09:00:00.000,H15,LA MACHINE A VOYAGER DANS LE TEMPS,17,74361,9,0,29,18,7,2025
2025-07-18 10:00:00.000,H15,LA MACHINE A VOYAGER DANS LE TEMPS,76,74386,10,0,29,18,7,2025
2025-07-18 11:00:00.000,H15,LA MACHINE A VOYAGER DANS LE TEMPS,169,74411,11,0,29,18,7,2025
2025-07-18 12:00:00.000,H15,LA MACHINE A VOYAGER DANS LE TEMPS,104,74436,12,0,29,18,7,2025
2025-07-18 13:00:00.000,H15,LA MACHINE A VOYAGER DANS LE TEMPS,81,74461,13,0,29,18,7,2025
2025-07-18 14:00:00.000,H15,LA MACHINE A VOYAGER DANS LE TEMPS,52,74486,14,0,29,18,7,2025
2025-07-18 15:00:00.000,H15,LA MACHINE A VOYAGER DANS LE TEMPS,49,74511,15,0,29,18,7,2025
2025-07-18 16:00:00.000,H15,LA MACHINE A VOYAGER DANS LE TEMPS,42,74536,16,0,29,18,7,2025
2025-07-18 17:00:00.000,H15,LA MACHINE A VOYAGER DANS LE TEMPS,33,74561,17,0,29,18,7,2025
2025-07-18 18:00:00.000,H15,LA MACHINE A VOYAGER DANS LE TEMPS,34,74586,18,0,29,18,7,2025
2025-07-18 19:00:00.000,H15,LA MACHINE A VOYAGER DANS LE TEMPS,28,74611,19,0,29,18,7,2025
2025-07-18 20:00:00.000,H15,LA MACHINE A VOYAGER DANS LE TEMPS,25,74636,20,0,29,18,7,2025
2025-07-18 21:00:00.000,H15,LA MACHINE A VOYAGER DANS LE TEMPS,0,74661,21,0,29,18,7,2025
2025-07-18 22:00:00.000,H15,LA MACHINE A VOYAGER DANS LE TEMPS,0,74686,22,0,29,18,7,2025
2025-07-18 23:00:00.000,H15,LA MACHINE A VOYAGER DANS LE TEMPS,0,74703,23,0,29,18,7,2025
2025-07-19 00:00:00.000,H15,LA MACHINE A VOYAGER DANS LE TEMPS,0,74720,0,0,29,19,7,2025
2025-07-19 01:00:00.000,H15,LA MACHINE A VOYAGER DANS LE TEMPS,0,74737,1,0,29,19,7,2025
2025-07-19 02:00:00.000,H15,LA MACHINE A VOYAGER DANS LE TEMPS,0,74754,2,0,29,19,7,2025
2025-07-19 03:00:00.000,H15,LA MACHINE A VOYAGER DANS LE TEMPS,0,74771,3,0,29,19,7,2025
2025-07-19 04:00:00.000,H15,LA MACHINE A VOYAGER DANS LE TEMPS,0,74788,4,0,29,19,7,2025
2025-07-19 05:00:00.000,H15,LA MACHINE A VOYAGER DANS LE TEMPS,0,74805,5,0,29,19,7,2025
2025-07-19 06:00:00.000,H15,LA MACHINE A VOYAGER DANS LE TEMPS,0,74822,6,0,29,19,7,2025
2025-07-19 07:00:00.000,H15,LA MACHINE A VOYAGER DANS LE TEMPS,0,74847,7,0,29,19,7,2025
2025-07-19 08:00:00.000,H15,LA MACHINE A VOYAGER DANS LE TEMPS,0,74872,8,0,29,19,7,2025
2025-07-19 09:00:00.000,H15,LA MACHINE A VOYAGER DANS LE TEMPS,37,74897,9,0,29,19,7,2025
2025-07-19 10:00:00.000,H15,LA MACHINE A VOYAGER DANS LE TEMPS,228,74922,10,0,29,19,7,2025
2025-07-19 11:00:00.000,H15,LA MACHINE A VOYAGER DANS LE TEMPS,542,74947,11,0,29,19,7,2025
2025-07-19 12:00:00.000,H15,LA MACHINE A VOYAGER DANS LE TEMPS,335,74972,12,0,29,19,7,2025
2025-07-19 13:00:00.000,H15,LA MACHINE A VOYAGER DANS LE TEMPS,289,74997,13,0,29,19,7,2025
2025-07-19 14:00:00.000,H15,LA MACHINE A VOYAGER DANS LE TEMPS,260,75022,14,0,29,19,7,2025
2025-07-19 15:00:00.000,H15,LA MACHINE A VOYAGER DANS LE TEMPS,270,75047,15,0,29,19,7,2025
2025-07-19 16:00:00.000,H15,LA MACHINE A VOYAGER DANS LE TEMPS,251,75072,16,0,29,19,7,2025
2025-07-19 17:00:00.000,H15,LA MACHINE A VOYAGER DANS LE TEMPS,144,75097,17,0,29,19,7,2025
2025-07-19 18:00:00.000,H15,LA MACHINE A VOYAGER DANS LE TEMPS,137,75122,18,0,29,19,7,2025
2025-07-19 19:00:00.000,H15,LA MACHINE A VOYAGER DANS LE TEMPS,28,75147,19,0,29,19,7,2025
2025-07-19 20:00:00.000,H15,LA MACHINE A VOYAGER DANS LE TEMPS,13,75172,20,0,29,19,7,2025
2025-07-19 21:00:00.000,H15,LA MACHINE A VOYAGER DANS LE TEMPS,0,75197,21,0,29,19,7,2025
2025-07-19 22:00:00.000,H15,LA MACHINE A VOYAGER DANS LE TEMPS,0,75214,22,0,29,19,7,2025
2025-07-19 23:00:00.000,H15,LA MACHINE A VOYAGER DANS LE TEMPS,0,75231,23,0,29,19,7,2025
2025-07-20 00:00:00.000,H15,LA MACHINE A VOYAGER DANS LE TEMPS,0,75248,0,0,30,20,7,2025
2025-07-20 01:00:00.000,H15,LA MACHINE A VOYAGER DANS LE TEMPS,0,75265,1,0,30,20,7,2025
2025-07-20 02:00:00.000,H15,LA MACHINE A VOYAGER DANS LE TEMPS,0,75282,2,0,30,20,7,2025
2025-07-20 03:00:00.000,H15,LA MACHINE A VOYAGER DANS LE TEMPS,0,75299,3,0,30,20,7,2025
2025-07-20 04:00:00.000,H15,LA MACHINE A VOYAGER DANS LE TEMPS,0,75316,4,0,30,20,7,2025
2025-07-20 05:00:00.000,H15,LA MACHINE A VOYAGER DANS LE TEMPS,0,75333,5,0,30,20,7,2025
2025-07-20 06:00:00.000,H15,LA MACHINE A VOYAGER DANS LE TEMPS,0,75350,6,0,30,20,7,2025
2025-07-20 07:00:00.000,H15,LA MACHINE A VOYAGER DANS LE TEMPS,0,75375,7,0,30,20,7,2025
2025-07-20 08:00:00.000,H15,LA MACHINE A VOYAGER DANS LE TEMPS,0,75400,8,0,30,20,7,2025
2025-07-20 09:00:00.000,H15,LA MACHINE A VOYAGER DANS LE TEMPS,11,75425,9,0,30,20,7,2025
2025-07-20 10:00:00.000,H15,LA MACHINE A VOYAGER DANS LE TEMPS,308,75450,10,0,30,20,7,2025
2025-07-20 11:00:00.000,H15,LA MACHINE A VOYAGER DANS LE TEMPS,250,75475,11,0,30,20,7,2025
2025-07-20 12:00:00.000,H15,LA MACHINE A VOYAGER DANS LE TEMPS,61,75500,12,0,30,20,7,2025
2025-07-20 13:00:00.000,H15,LA MACHINE A VOYAGER DANS LE TEMPS,52,75525,13,0,30,20,7,2025
2025-07-20 14:00:00.000,H15,LA MACHINE A VOYAGER DANS LE TEMPS,77,75550,14,0,30,20,7,2025
2025-07-20 15:00:00.000,H15,LA MACHINE A VOYAGER DANS LE TEMPS,133,75575,15,0,30,20,7,2025
2025-07-20 16:00:00.000,H15,LA MACHINE A VOYAGER DANS LE TEMPS,248,75600,16,0,30,20,7,2025
2025-07-20 17:00:00.000,H15,LA MACHINE A VOYAGER DANS LE TEMPS,122,75625,17,0,30,20,7,2025
2025-07-20 18:00:00.000,H15,LA MACHINE A VOYAGER DANS LE TEMPS,37,75650,18,0,30,20,7,2025
2025-07-20 19:00:00.000,H15,LA MACHINE A VOYAGER DANS LE TEMPS,16,75675,19,0,30,20,7,2025
2025-07-20 20:00:00.000,H15,LA MACHINE A VOYAGER DANS LE TEMPS,8,75700,20,0,30,20,7,2025
2025-07-20 21:00:00.000,H15,LA MACHINE A VOYAGER DANS LE TEMPS,0,75725,21,0,30,20,7,2025
2025-07-20 22:00:00.000,H15,LA MACHINE A VOYAGER DANS LE TEMPS,0,75742,22,0,30,20,7,2025
2025-07-20 23:00:00.000,H15,LA MACHINE A VOYAGER DANS LE TEMPS,0,75759,23,0,30,20,7,2025
2025-07-21 00:00:00.000,H15,LA MACHINE A VOYAGER DANS LE TEMPS,0,75776,0,0,30,21,7,2025
2025-07-21 01:00:00.000,H15,LA MACHINE A VOYAGER DANS LE TEMPS,0,75793,1,0,30,21,7,2025
2025-07-21 02:00:00.000,H15,LA MACHINE A VOYAGER DANS LE TEMPS,0,75810,2,0,30,21,7,2025
2025-07-21 03:00:00.000,H15,LA MACHINE A VOYAGER DANS LE TEMPS,0,75827,3,0,30,21,7,2025
2025-07-21 04:00:00.000,H15,LA MACHINE A VOYAGER DANS LE TEMPS,0,75844,4,0,30,21,7,2025
2025-07-21 05:00:00.000,H15,LA MACHINE A VOYAGER DANS LE TEMPS,0,75861,5,0,30,21,7,2025
2025-07-21 06:00:00.000,H15,LA MACHINE A VOYAGER DANS LE TEMPS,0,75878,6,0,30,21,7,2025
2025-07-21 07:00:00.000,H15,LA MACHINE A VOYAGER DANS LE TEMPS,0,75903,7,0,30,21,7,2025
2025-07-21 08:00:00.000,H15,LA MACHINE A VOYAGER DANS LE TEMPS,0,75928,8,0,30,21,7,2025
2025-07-21 09:00:00.000,H15,LA MACHINE A VOYAGER DANS LE TEMPS,50,75953,9,0,30,21,7,2025
2025-07-21 10:00:00.000,H15,LA MACHINE A VOYAGER DANS LE TEMPS,476,75978,10,0,30,21,7,2025
2025-07-21 11:00:00.000,H15,LA MACHINE A VOYAGER DANS LE TEMPS,517,76003,11,0,30,21,7,2025
2025-07-21 12:00:00.000,H15,LA MACHINE A VOYAGER DANS LE TEMPS,270,76028,12,0,30,21,7,2025
2025-07-21 13:00:00.000,H15,LA MACHINE A VOYAGER DANS LE TEMPS,234,76053,13,0,30,21,7,2025
2025-07-21 14:00:00.000,H15,LA MACHINE A VOYAGER DANS LE TEMPS,164,76078,14,0,30,21,7,2025
2025-07-21 15:00:00.000,H15,LA MACHINE A VOYAGER DANS LE TEMPS,320,76103,15,0,30,21,7,2025
2025-07-21 16:00:00.000,H15,LA MACHINE A VOYAGER DANS LE TEMPS,219,76128,16,0,30,21,7,2025
2025-07-21 17:00:00.000,H15,LA MACHINE A VOYAGER DANS LE TEMPS,82,76153,17,0,30,21,7,2025
2025-07-21 18:00:00.000,H15,LA MACHINE A VOYAGER DANS LE TEMPS,24,76178,18,0,30,21,7,2025
2025-07-21 19:00:00.000,H15,LA MACHINE A VOYAGER DANS LE TEMPS,22,76203,19,0,30,21,7,2025
2025-07-21 20:00:00.000,H15,LA MACHINE A VOYAGER DANS LE TEMPS,9,76228,20,0,30,21,7,2025
2025-07-21 21:00:00.000,H15,LA MACHINE A VOYAGER DANS LE TEMPS,0,76253,21,0,30,21,7,2025
2025-07-21 22:00:00.000,H15,LA MACHINE A VOYAGER DANS LE TEMPS,0,76270,22,0,30,21,7,2025
2025-07-21 23:00:00.000,H15,LA MACHINE A VOYAGER DANS LE TEMPS,0,76287,23,0,30,21,7,2025
2025-07-22 00:00:00.000,H15,LA MACHINE A VOYAGER DANS LE TEMPS,0,76304,0,0,30,22,7,2025
2025-07-22 01:00:00.000,H15,LA MACHINE A VOYAGER DANS LE TEMPS,0,76321,1,0,30,22,7,2025
2025-07-22 02:00:00.000,H15,LA MACHINE A VOYAGER DANS LE TEMPS,0,76338,2,0,30,22,7,2025
2025-07-22 03:00:00.000,H15,LA MACHINE A VOYAGER DANS LE TEMPS,0,76355,3,0,30,22,7,2025
2025-07-22 04:00:00.000,H15,LA MACHINE A VOYAGER DANS LE TEMPS,0,76372,4,0,30,22,7,2025
2025-07-22 05:00:00.000,H15,LA MACHINE A VOYAGER DANS LE TEMPS,0,76389,5,0,30,22,7,2025
2025-07-22 06:00:00.000,H15,LA MACHINE A VOYAGER DANS LE TEMPS,0,76406,6,0,30,22,7,2025
2025-07-22 07:00:00.000,H15,LA MACHINE A VOYAGER DANS LE TEMPS,0,76431,7,0,30,22,7,2025
2025-07-22 08:00:00.000,H15,LA MACHINE A VOYAGER DANS LE TEMPS,0,76456,8,0,30,22,7,2025
2025-07-22 09:00:00.000,H15,LA MACHINE A VOYAGER DANS LE TEMPS,22,76481,9,0,30,22,7,2025
2025-07-22 10:00:00.000,H15,LA MACHINE A VOYAGER DANS LE TEMPS,435,76506,10,0,30,22,7,2025
2025-07-22 11:00:00.000,H15,LA MACHINE A VOYAGER DANS LE TEMPS,754,76531,11,0,30,22,7,2025
2025-07-22 12:00:00.000,H15,LA MACHINE A VOYAGER DANS LE TEMPS,544,76556,12,0,30,22,7,2025
2025-07-22 13:00:00.000,H15,LA MACHINE A VOYAGER DANS LE TEMPS,531,76581,13,0,30,22,7,2025
2025-07-22 14:00:00.000,H15,LA MACHINE A VOYAGER DANS LE TEMPS,554,76606,14,0,30,22,7,2025
2025-07-22 15:00:00.000,H15,LA MACHINE A VOYAGER DANS LE TEMPS,609,76631,15,0,30,22,7,2025
2025-07-22 16:00:00.000,H15,LA MACHINE A VOYAGER DANS LE TEMPS,536,76656,16,0,30,22,7,2025
2025-07-22 17:00:00.000,H15,LA MACHINE A VOYAGER DANS LE TEMPS,666,76681,17,0,30,22,7,2025
2025-07-22 18:00:00.000,H15,LA MACHINE A VOYAGER DANS LE TEMPS,427,76706,18,0,30,22,7,2025
2025-07-22 19:00:00.000,H15,LA MACHINE A VOYAGER DANS LE TEMPS,354,76731,19,0,30,22,7,2025
2025-07-22 20:00:00.000,H15,LA MACHINE A VOYAGER DANS LE TEMPS,228,76756,20,0,30,22,7,2025
2025-07-22 21:00:00.000,H15,LA MACHINE A VOYAGER DANS LE TEMPS,5,76781,21,0,30,22,7,2025
2025-07-22 22:00:00.000,H15,LA MACHINE A VOYAGER DANS LE TEMPS,5,76798,22,0,30,22,7,2025
2025-07-22 23:00:00.000,H15,LA MACHINE A VOYAGER DANS LE TEMPS,5,76815,23,0,30,22,7,2025
2025-07-23 00:00:00.000,H15,LA MACHINE A VOYAGER DANS LE TEMPS,5,76832,0,0,30,23,7,2025
2025-07-23 01:00:00.000,H15,LA MACHINE A VOYAGER DANS LE TEMPS,5,76849,1,0,30,23,7,2025
2025-07-23 02:00:00.000,H15,LA MACHINE A VOYAGER DANS LE TEMPS,5,76866,2,0,30,23,7,2025
2025-07-23 03:00:00.000,H15,LA MACHINE A VOYAGER DANS LE TEMPS,5,76883,3,0,30,23,7,2025
2025-07-23 04:00:00.000,H15,LA MACHINE A VOYAGER DANS LE TEMPS,5,76900,4,0,30,23,7,2025
2025-07-23 05:00:00.000,H15,LA MACHINE A VOYAGER DANS LE TEMPS,5,76917,5,0,30,23,7,2025
2025-07-23 06:00:00.000,H15,LA MACHINE A VOYAGER DANS LE TEMPS,5,76934,6,0,30,23,7,2025
2025-07-23 07:00:00.000,H15,LA MACHINE A VOYAGER DANS LE TEMPS,5,76959,7,0,30,23,7,2025
2025-07-23 08:00:00.000,H15,LA MACHINE A VOYAGER DANS LE TEMPS,4,76984,8,0,30,23,7,2025
2025-07-23 09:00:00.000,H15,LA MACHINE A VOYAGER DANS LE TEMPS,15,77009,9,0,30,23,7,2025
2025-07-23 10:00:00.000,H15,LA MACHINE A VOYAGER DANS LE TEMPS,304,77034,10,0,30,23,7,2025
2025-07-23 11:00:00.000,H15,LA MACHINE A VOYAGER DANS LE TEMPS,597,77059,11,0,30,23,7,2025
2025-07-23 12:00:00.000,H15,LA MACHINE A VOYAGER DANS LE TEMPS,458,77084,12,0,30,23,7,2025
2025-07-23 13:00:00.000,H15,LA MACHINE A VOYAGER DANS LE TEMPS,234,77109,13,0,30,23,7,2025
2025-07-23 14:00:00.000,H15,LA MACHINE A VOYAGER DANS LE TEMPS,285,77134,14,0,30,23,7,2025
2025-07-23 15:00:00.000,H15,LA MACHINE A VOYAGER DANS LE TEMPS,529,77159,15,0,30,23,7,2025
2025-07-23 16:00:00.000,H15,LA MACHINE A VOYAGER DANS LE TEMPS,438,77184,16,0,30,23,7,2025
2025-07-23 17:00:00.000,H15,LA MACHINE A VOYAGER DANS LE TEMPS,227,77209,17,0,30,23,7,2025
2025-07-23 18:00:00.000,H15,LA MACHINE A VOYAGER DANS LE TEMPS,84,77234,18,0,30,23,7,2025
2025-07-23 19:00:00.000,H15,LA MACHINE A VOYAGER DANS LE TEMPS,59,77259,19,0,30,23,7,2025
2025-07-23 20:00:00.000,H15,LA MACHINE A VOYAGER DANS LE TEMPS,41,77284,20,0,30,23,7,2025
2025-07-23 21:00:00.000,H15,LA MACHINE A VOYAGER DANS LE TEMPS,44,77309,21,0,30,23,7,2025
2025-07-23 22:00:00.000,H15,LA MACHINE A VOYAGER DANS LE TEMPS,44,77326,22,0,30,23,7,2025
2025-07-23 23:00:00.000,H15,LA MACHINE A VOYAGER DANS LE TEMPS,44,77343,23,0,30,23,7,2025
2025-07-24 00:00:00.000,H15,LA MACHINE A VOYAGER DANS LE TEMPS,44,77360,0,0,30,24,7,2025
2025-07-24 01:00:00.000,H15,LA MACHINE A VOYAGER DANS LE TEMPS,44,77377,1,0,30,24,7,2025
2025-07-24 02:00:00.000,H15,LA MACHINE A VOYAGER DANS LE TEMPS,44,77394,2,0,30,24,7,2025
2025-07-24 03:00:00.000,H15,LA MACHINE A VOYAGER DANS LE TEMPS,44,77411,3,0,30,24,7,2025
2025-07-24 04:00:00.000,H15,LA MACHINE A VOYAGER DANS LE TEMPS,44,77428,4,0,30,24,7,2025
2025-07-24 05:00:00.000,H15,LA MACHINE A VOYAGER DANS LE TEMPS,44,77445,5,0,30,24,7,2025
2025-07-24 06:00:00.000,H15,LA MACHINE A VOYAGER DANS LE TEMPS,44,77462,6,0,30,24,7,2025
2025-07-24 07:00:00.000,H15,LA MACHINE A VOYAGER DANS LE TEMPS,44,77487,7,0,30,24,7,2025
2025-07-24 08:00:00.000,H15,LA MACHINE A VOYAGER DANS LE TEMPS,44,77512,8,0,30,24,7,2025
2025-07-24 09:00:00.000,H15,LA MACHINE A VOYAGER DANS LE TEMPS,11,77537,9,0,30,24,7,2025
2025-07-24 10:00:00.000,H15,LA MACHINE A VOYAGER DANS LE TEMPS,374,77562,10,0,30,24,7,2025
2025-07-24 11:00:00.000,H15,LA MACHINE A VOYAGER DANS LE TEMPS,1003,77587,11,0,30,24,7,2025
2025-07-24 12:00:00.000,H15,LA MACHINE A VOYAGER DANS LE TEMPS,348,77612,12,0,30,24,7,2025
2025-07-24 13:00:00.000,H15,LA MACHINE A VOYAGER DANS LE TEMPS,293,77637,13,0,30,24,7,2025
2025-07-24 14:00:00.000,H15,LA MACHINE A VOYAGER DANS LE TEMPS,338,77662,14,0,30,24,7,2025
2025-07-24 15:00:00.000,H15,LA MACHINE A VOYAGER DANS LE TEMPS,325,77687,15,0,30,24,7,2025
2025-07-24 16:00:00.000,H15,LA MACHINE A VOYAGER DANS LE TEMPS,267,77712,16,0,30,24,7,2025
2025-07-24 17:00:00.000,H15,LA MACHINE A VOYAGER DANS LE TEMPS,268,77737,17,0,30,24,7,2025
2025-07-24 18:00:00.000,H15,LA MACHINE A VOYAGER DANS LE TEMPS,181,77762,18,0,30,24,7,2025
2025-07-24 19:00:00.000,H15,LA MACHINE A VOYAGER DANS LE TEMPS,52,77787,19,0,30,24,7,2025
2025-07-24 20:00:00.000,H15,LA MACHINE A VOYAGER DANS LE TEMPS,52,77812,20,0,30,24,7,2025
2025-07-24 21:00:00.000,H15,LA MACHINE A VOYAGER DANS LE TEMPS,5,77837,21,0,30,24,7,2025
2025-07-24 22:00:00.000,H15,LA MACHINE A VOYAGER DANS LE TEMPS,0,77854,22,0,30,24,7,2025
2025-07-24 23:00:00.000,H15,LA MACHINE A VOYAGER DANS LE TEMPS,0,77871,23,0,30,24,7,2025
2025-07-25 00:00:00.000,H15,LA MACHINE A VOYAGER DANS LE TEMPS,0,77888,0,0,30,25,7,2025
2025-07-25 01:00:00.000,H15,LA MACHINE A VOYAGER DANS LE TEMPS,0,77905,1,0,30,25,7,2025
2025-07-25 02:00:00.000,H15,LA MACHINE A VOYAGER DANS LE TEMPS,0,77922,2,0,30,25,7,2025
2025-07-25 03:00:00.000,H15,LA MACHINE A VOYAGER DANS LE TEMPS,0,77939,3,0,30,25,7,2025
2025-07-25 04:00:00.000,H15,LA MACHINE A VOYAGER DANS LE TEMPS,0,77956,4,0,30,25,7,2025
2025-07-25 05:00:00.000,H15,LA MACHINE A VOYAGER DANS LE TEMPS,0,77973,5,0,30,25,7,2025
2025-07-25 06:00:00.000,H15,LA MACHINE A VOYAGER DANS LE TEMPS,0,77990,6,0,30,25,7,2025
2025-07-25 07:00:00.000,H15,LA MACHINE A VOYAGER DANS LE TEMPS,0,78015,7,0,30,25,7,2025
2025-07-25 08:00:00.000,H15,LA MACHINE A VOYAGER DANS LE TEMPS,0,78040,8,0,30,25,7,2025
2025-07-25 09:00:00.000,H15,LA MACHINE A VOYAGER DANS LE TEMPS,30,78065,9,0,30,25,7,2025
2025-07-25 10:00:00.000,H15,LA MACHINE A VOYAGER DANS LE TEMPS,406,78090,10,0,30,25,7,2025
2025-07-25 11:00:00.000,H15,LA MACHINE A VOYAGER DANS LE TEMPS,409,78115,11,0,30,25,7,2025
2025-07-25 12:00:00.000,H15,LA MACHINE A VOYAGER DANS LE TEMPS,240,78140,12,0,30,25,7,2025
2025-07-25 13:00:00.000,H15,LA MACHINE A VOYAGER DANS LE TEMPS,69,78165,13,0,30,25,7,2025
2025-07-25 14:00:00.000,H15,LA MACHINE A VOYAGER DANS LE TEMPS,54,78190,14,0,30,25,7,2025
2025-07-25 15:00:00.000,H15,LA MACHINE A VOYAGER DANS LE TEMPS,153,78215,15,0,30,25,7,2025
2025-07-25 16:00:00.000,H15,LA MACHINE A VOYAGER DANS LE TEMPS,90,78240,16,0,30,25,7,2025
2025-07-25 17:00:00.000,H15,LA MACHINE A VOYAGER DANS LE TEMPS,45,78265,17,0,30,25,7,2025
2025-07-25 18:00:00.000,H15,LA MACHINE A VOYAGER DANS LE TEMPS,27,78290,18,0,30,25,7,2025
2025-07-25 19:00:00.000,H15,LA MACHINE A VOYAGER DANS LE TEMPS,24,78315,19,0,30,25,7,2025
2025-07-25 20:00:00.000,H15,LA MACHINE A VOYAGER DANS LE TEMPS,19,78340,20,0,30,25,7,2025
2025-07-25 21:00:00.000,H15,LA MACHINE A VOYAGER DANS LE TEMPS,0,78365,21,0,30,25,7,2025
2025-07-25 22:00:00.000,H15,LA MACHINE A VOYAGER DANS LE TEMPS,0,78382,22,0,30,25,7,2025
2025-07-25 23:00:00.000,H15,LA MACHINE A VOYAGER DANS LE TEMPS,0,78399,23,0,30,25,7,2025
2025-07-26 00:00:00.000,H15,LA MACHINE A VOYAGER DANS LE TEMPS,0,78416,0,0,30,26,7,2025
2025-07-26 01:00:00.000,H15,LA MACHINE A VOYAGER DANS LE TEMPS,0,78433,1,0,30,26,7,2025
2025-07-26 02:00:00.000,H15,LA MACHINE A VOYAGER DANS LE TEMPS,0,78450,2,0,30,26,7,2025
2025-07-26 03:00:00.000,H15,LA MACHINE A VOYAGER DANS LE TEMPS,0,78467,3,0,30,26,7,2025
2025-07-26 04:00:00.000,H15,LA MACHINE A VOYAGER DANS LE TEMPS,0,78484,4,0,30,26,7,2025
2025-07-26 05:00:00.000,H15,LA MACHINE A VOYAGER DANS LE TEMPS,0,78501,5,0,30,26,7,2025
2025-07-26 06:00:00.000,H15,LA MACHINE A VOYAGER DANS LE TEMPS,0,78518,6,0,30,26,7,2025
2025-07-26 07:00:00.000,H15,LA MACHINE A VOYAGER DANS LE TEMPS,0,78543,7,0,30,26,7,2025
2025-07-26 08:00:00.000,H15,LA MACHINE A VOYAGER DANS LE TEMPS,0,78568,8,0,30,26,7,2025
2025-07-26 09:00:00.000,H15,LA MACHINE A VOYAGER DANS LE TEMPS,12,78593,9,0,30,26,7,2025
2025-07-26 10:00:00.000,H15,LA MACHINE A VOYAGER DANS LE TEMPS,401,78618,10,0,30,26,7,2025
2025-07-26 11:00:00.000,H15,LA MACHINE A VOYAGER DANS LE TEMPS,598,78643,11,0,30,26,7,2025
2025-07-26 12:00:00.000,H15,LA MACHINE A VOYAGER DANS LE TEMPS,451,78668,12,0,30,26,7,2025
2025-07-26 13:00:00.000,H15,LA MACHINE A VOYAGER DANS LE TEMPS,209,78693,13,0,30,26,7,2025
2025-07-26 14:00:00.000,H15,LA MACHINE A VOYAGER DANS LE TEMPS,258,78718,14,0,30,26,7,2025
2025-07-26 15:00:00.000,H15,LA MACHINE A VOYAGER DANS LE TEMPS,320,78743,15,0,30,26,7,2025
2025-07-26 16:00:00.000,H15,LA MACHINE A VOYAGER DANS LE TEMPS,377,78768,16,0,30,26,7,2025
2025-07-26 17:00:00.000,H15,LA MACHINE A VOYAGER DANS LE TEMPS,472,78793,17,0,30,26,7,2025
2025-07-26 18:00:00.000,H15,LA MACHINE A VOYAGER DANS LE TEMPS,301,78818,18,0,30,26,7,2025
2025-07-26 19:00:00.000,H15,LA MACHINE A VOYAGER DANS LE TEMPS,158,78843,19,0,30,26,7,2025
2025-07-26 20:00:00.000,H15,LA MACHINE A VOYAGER DANS LE TEMPS,18,78868,20,0,30,26,7,2025
2025-07-26 21:00:00.000,H15,LA MACHINE A VOYAGER DANS LE TEMPS,0,78893,21,0,30,26,7,2025
2025-07-26 22:00:00.000,H15,LA MACHINE A VOYAGER DANS LE TEMPS,0,78910,22,0,30,26,7,2025
2025-07-26 23:00:00.000,H15,LA MACHINE A VOYAGER DANS LE TEMPS,0,78927,23,0,30,26,7,2025
2025-07-27 00:00:00.000,H15,LA MACHINE A VOYAGER DANS LE TEMPS,0,78944,0,0,31,27,7,2025
2025-07-27 01:00:00.000,H15,LA MACHINE A VOYAGER DANS LE TEMPS,0,78961,1,0,31,27,7,2025
2025-07-27 02:00:00.000,H15,LA MACHINE A VOYAGER DANS LE TEMPS,0,78978,2,0,31,27,7,2025
2025-07-27 03:00:00.000,H15,LA MACHINE A VOYAGER DANS LE TEMPS,0,78995,3,0,31,27,7,2025
2025-07-27 04:00:00.000,H15,LA MACHINE A VOYAGER DANS LE TEMPS,0,79012,4,0,31,27,7,2025
2025-07-27 05:00:00.000,H15,LA MACHINE A VOYAGER DANS LE TEMPS,0,79029,5,0,31,27,7,2025
2025-07-27 06:00:00.000,H15,LA MACHINE A VOYAGER DANS LE TEMPS,0,79046,6,0,31,27,7,2025
2025-07-27 07:00:00.000,H15,LA MACHINE A VOYAGER DANS LE TEMPS,0,79071,7,0,31,27,7,2025
2025-07-27 08:00:00.000,H15,LA MACHINE A VOYAGER DANS LE TEMPS,0,79096,8,0,31,27,7,2025
2025-07-27 09:00:00.000,H15,LA MACHINE A VOYAGER DANS LE TEMPS,25,79121,9,0,31,27,7,2025
2025-07-27 10:00:00.000,H15,LA MACHINE A VOYAGER DANS LE TEMPS,980,79146,10,0,31,27,7,2025
2025-07-27 11:00:00.000,H15,LA MACHINE A VOYAGER DANS LE TEMPS,588,79171,11,0,31,27,7,2025
2025-07-27 12:00:00.000,H15,LA MACHINE A VOYAGER DANS LE TEMPS,286,79196,12,0,31,27,7,2025
2025-07-27 13:00:00.000,H15,LA MACHINE A VOYAGER DANS LE TEMPS,276,79221,13,0,31,27,7,2025
2025-07-27 14:00:00.000,H15,LA MACHINE A VOYAGER DANS LE TEMPS,214,79246,14,0,31,27,7,2025
2025-07-27 15:00:00.000,H15,LA MACHINE A VOYAGER DANS LE TEMPS,287,79271,15,0,31,27,7,2025
2025-07-27 16:00:00.000,H15,LA MACHINE A VOYAGER DANS LE TEMPS,196,79296,16,0,31,27,7,2025
2025-07-27 17:00:00.000,H15,LA MACHINE A VOYAGER DANS LE TEMPS,183,79321,17,0,31,27,7,2025
2025-07-27 18:00:00.000,H15,LA MACHINE A VOYAGER DANS LE TEMPS,94,79346,18,0,31,27,7,2025
2025-07-27 19:00:00.000,H15,LA MACHINE A VOYAGER DANS LE TEMPS,42,79371,19,0,31,27,7,2025
2025-07-27 20:00:00.000,H15,LA MACHINE A VOYAGER DANS LE TEMPS,16,79396,20,0,31,27,7,2025
2025-07-27 21:00:00.000,H15,LA MACHINE A VOYAGER DANS LE TEMPS,0,79421,21,0,31,27,7,2025
2025-07-27 22:00:00.000,H15,LA MACHINE A VOYAGER DANS LE TEMPS,0,79438,22,0,31,27,7,2025
2025-07-27 23:00:00.000,H15,LA MACHINE A VOYAGER DANS LE TEMPS,0,79455,23,0,31,27,7,2025
2025-07-28 00:00:00.000,H15,LA MACHINE A VOYAGER DANS LE TEMPS,0,79472,0,0,31,28,7,2025
2025-07-28 01:00:00.000,H15,LA MACHINE A VOYAGER DANS LE TEMPS,0,79489,1,0,31,28,7,2025
2025-07-28 02:00:00.000,H15,LA MACHINE A VOYAGER DANS LE TEMPS,0,79506,2,0,31,28,7,2025
2025-07-28 03:00:00.000,H15,LA MACHINE A VOYAGER DANS LE TEMPS,0,79523,3,0,31,28,7,2025
2025-07-28 04:00:00.000,H15,LA MACHINE A VOYAGER DANS LE TEMPS,0,79540,4,0,31,28,7,2025
2025-07-28 05:00:00.000,H15,LA MACHINE A VOYAGER DANS LE TEMPS,0,79557,5,0,31,28,7,2025
2025-07-28 06:00:00.000,H15,LA MACHINE A VOYAGER DANS LE TEMPS,0,79574,6,0,31,28,7,2025
2025-07-28 07:00:00.000,H15,LA MACHINE A VOYAGER DANS LE TEMPS,0,79599,7,0,31,28,7,2025
2025-07-28 08:00:00.000,H15,LA MACHINE A VOYAGER DANS LE TEMPS,0,79624,8,0,31,28,7,2025
2025-07-28 09:00:00.000,H15,LA MACHINE A VOYAGER DANS LE TEMPS,19,79649,9,0,31,28,7,2025
2025-07-28 10:00:00.000,H15,LA MACHINE A VOYAGER DANS LE TEMPS,390,79674,10,0,31,28,7,2025
2025-07-28 11:00:00.000,H15,LA MACHINE A VOYAGER DANS LE TEMPS,625,79699,11,0,31,28,7,2025
2025-07-28 12:00:00.000,H15,LA MACHINE A VOYAGER DANS LE TEMPS,521,79724,12,0,31,28,7,2025
2025-07-28 13:00:00.000,H15,LA MACHINE A VOYAGER DANS LE TEMPS,400,79749,13,0,31,28,7,2025
2025-07-28 14:00:00.000,H15,LA MACHINE A VOYAGER DANS LE TEMPS,374,79774,14,0,31,28,7,2025
2025-07-28 15:00:00.000,H15,LA MACHINE A VOYAGER DANS LE TEMPS,456,79799,15,0,31,28,7,2025
2025-07-28 16:00:00.000,H15,LA MACHINE A VOYAGER DANS LE TEMPS,478,79824,16,0,31,28,7,2025
2025-07-28 17:00:00.000,H15,LA MACHINE A VOYAGER DANS LE TEMPS,288,79849,17,0,31,28,7,2025
2025-07-28 18:00:00.000,H15,LA MACHINE A VOYAGER DANS LE TEMPS,288,79874,18,0,31,28,7,2025
2025-07-28 19:00:00.000,H15,LA MACHINE A VOYAGER DANS LE TEMPS,155,79899,19,0,31,28,7,2025
2025-07-28 20:00:00.000,H15,LA MACHINE A VOYAGER DANS LE TEMPS,14,79924,20,0,31,28,7,2025
2025-07-28 21:00:00.000,H15,LA MACHINE A VOYAGER DANS LE TEMPS,0,79949,21,0,31,28,7,2025
2025-07-28 22:00:00.000,H15,LA MACHINE A VOYAGER DANS LE TEMPS,0,79966,22,0,31,28,7,2025
2025-07-28 23:00:00.000,H15,LA MACHINE A VOYAGER DANS LE TEMPS,0,79983,23,0,31,28,7,2025
2025-07-29 00:00:00.000,H15,LA MACHINE A VOYAGER DANS LE TEMPS,0,80000,0,0,31,29,7,2025
2025-07-29 01:00:00.000,H15,LA MACHINE A VOYAGER DANS LE TEMPS,0,80017,1,0,31,29,7,2025
2025-07-29 02:00:00.000,H15,LA MACHINE A VOYAGER DANS LE TEMPS,0,80034,2,0,31,29,7,2025
2025-07-29 03:00:00.000,H15,LA MACHINE A VOYAGER DANS LE TEMPS,0,80051,3,0,31,29,7,2025
2025-07-29 04:00:00.000,H15,LA MACHINE A VOYAGER DANS LE TEMPS,0,80068,4,0,31,29,7,2025
2025-07-29 05:00:00.000,H15,LA MACHINE A VOYAGER DANS LE TEMPS,0,80085,5,0,31,29,7,2025
2025-07-29 06:00:00.000,H15,LA MACHINE A VOYAGER DANS LE TEMPS,0,80102,6,0,31,29,7,2025
2025-07-29 07:00:00.000,H15,LA MACHINE A VOYAGER DANS LE TEMPS,0,80127,7,0,31,29,7,2025
2025-07-29 08:00:00.000,H15,LA MACHINE A VOYAGER DANS LE TEMPS,0,80152,8,0,31,29,7,2025
2025-07-29 09:00:00.000,H15,LA MACHINE A VOYAGER DANS LE TEMPS,14,80177,9,0,31,29,7,2025
2025-07-29 10:00:00.000,H15,LA MACHINE A VOYAGER DANS LE TEMPS,682,80202,10,0,31,29,7,2025
2025-07-29 11:00:00.000,H15,LA MACHINE A VOYAGER DANS LE TEMPS,748,80227,11,0,31,29,7,2025
2025-07-29 12:00:00.000,H15,LA MACHINE A VOYAGER DANS LE TEMPS,632,80252,12,0,31,29,7,2025
2025-07-29 13:00:00.000,H15,LA MACHINE A VOYAGER DANS LE TEMPS,567,80277,13,0,31,29,7,2025
2025-07-29 14:00:00.000,H15,LA MACHINE A VOYAGER DANS LE TEMPS,656,80302,14,0,31,29,7,2025
2025-07-29 15:00:00.000,H15,LA MACHINE A VOYAGER DANS LE TEMPS,559,80327,15,0,31,29,7,2025
2025-07-29 16:00:00.000,H15,LA MACHINE A VOYAGER DANS LE TEMPS,519,80352,16,0,31,29,7,2025
2025-07-29 17:00:00.000,H15,LA MACHINE A VOYAGER DANS LE TEMPS,375,80377,17,0,31,29,7,2025
2025-07-29 18:00:00.000,H15,LA MACHINE A VOYAGER DANS LE TEMPS,297,80402,18,0,31,29,7,2025
2025-07-29 19:00:00.000,H15,LA MACHINE A VOYAGER DANS LE TEMPS,24,80427,19,0,31,29,7,2025
2025-07-29 20:00:00.000,H15,LA MACHINE A VOYAGER DANS LE TEMPS,22,80452,20,0,31,29,7,2025
2025-07-29 21:00:00.000,H15,LA MACHINE A VOYAGER DANS LE TEMPS,2,80477,21,0,31,29,7,2025
2025-07-29 22:00:00.000,H15,LA MACHINE A VOYAGER DANS LE TEMPS,0,80494,22,0,31,29,7,2025
2025-07-29 23:00:00.000,H15,LA MACHINE A VOYAGER DANS LE TEMPS,0,80511,23,0,31,29,7,2025
2025-07-30 00:00:00.000,H15,LA MACHINE A VOYAGER DANS LE TEMPS,0,80528,0,0,31,30,7,2025
2025-07-30 01:00:00.000,H15,LA MACHINE A VOYAGER DANS LE TEMPS,0,80545,1,0,31,30,7,2025
2025-07-30 02:00:00.000,H15,LA MACHINE A VOYAGER DANS LE TEMPS,0,80562,2,0,31,30,7,2025
2025-07-30 03:00:00.000,H15,LA MACHINE A VOYAGER DANS LE TEMPS,0,80579,3,0,31,30,7,2025
2025-07-30 04:00:00.000,H15,LA MACHINE A VOYAGER DANS LE TEMPS,0,80596,4,0,31,30,7,2025
2025-07-30 05:00:00.000,H15,LA MACHINE A VOYAGER DANS LE TEMPS,0,80613,5,0,31,30,7,2025
2025-07-30 06:00:00.000,H15,LA MACHINE A VOYAGER DANS LE TEMPS,0,80630,6,0,31,30,7,2025
2025-07-30 07:00:00.000,H15,LA MACHINE A VOYAGER DANS LE TEMPS,0,80655,7,0,31,30,7,2025
2025-07-30 08:00:00.000,H15,LA MACHINE A VOYAGER DANS LE TEMPS,0,80680,8,0,31,30,7,2025
2025-07-30 09:00:00.000,H15,LA MACHINE A VOYAGER DANS LE TEMPS,24,80705,9,0,31,30,7,2025
2025-07-30 10:00:00.000,H15,LA MACHINE A VOYAGER DANS LE TEMPS,383,80730,10,0,31,30,7,2025
2025-07-30 11:00:00.000,H15,LA MACHINE A VOYAGER DANS LE TEMPS,544,80755,11,0,31,30,7,2025
2025-07-30 12:00:00.000,H15,LA MACHINE A VOYAGER DANS LE TEMPS,405,80780,12,0,31,30,7,2025
2025-07-30 13:00:00.000,H15,LA MACHINE A VOYAGER DANS LE TEMPS,317,80805,13,0,31,30,7,2025
2025-07-30 14:00:00.000,H15,LA MACHINE A VOYAGER DANS LE TEMPS,254,80830,14,0,31,30,7,2025
2025-07-30 15:00:00.000,H15,LA MACHINE A VOYAGER DANS LE TEMPS,306,80855,15,0,31,30,7,2025
2025-07-30 16:00:00.000,H15,LA MACHINE A VOYAGER DANS LE TEMPS,384,80880,16,0,31,30,7,2025
2025-07-30 17:00:00.000,H15,LA MACHINE A VOYAGER DANS LE TEMPS,353,80905,17,0,31,30,7,2025
2025-07-30 18:00:00.000,H15,LA MACHINE A VOYAGER DANS LE TEMPS,249,80930,18,0,31,30,7,2025
2025-07-30 19:00:00.000,H15,LA MACHINE A VOYAGER DANS LE TEMPS,93,80955,19,0,31,30,7,2025
2025-07-30 20:00:00.000,H15,LA MACHINE A VOYAGER DANS LE TEMPS,70,80980,20,0,31,30,7,2025
2025-07-30 21:00:00.000,H15,LA MACHINE A VOYAGER DANS LE TEMPS,2,81005,21,0,31,30,7,2025
2025-07-30 22:00:00.000,H15,LA MACHINE A VOYAGER DANS LE TEMPS,0,81022,22,0,31,30,7,2025
2025-07-30 23:00:00.000,H15,LA MACHINE A VOYAGER DANS LE TEMPS,0,81039,23,0,31,30,7,2025
2025-07-31 00:00:00.000,H15,LA MACHINE A VOYAGER DANS LE TEMPS,0,81056,0,0,31,31,7,2025
2025-07-31 01:00:00.000,H15,LA MACHINE A VOYAGER DANS LE TEMPS,0,81073,1,0,31,31,7,2025
2025-07-31 02:00:00.000,H15,LA MACHINE A VOYAGER DANS LE TEMPS,0,81090,2,0,31,31,7,2025
2025-07-31 03:00:00.000,H15,LA MACHINE A VOYAGER DANS LE TEMPS,0,81107,3,0,31,31,7,2025
2025-07-31 04:00:00.000,H15,LA MACHINE A VOYAGER DANS LE TEMPS,0,81124,4,0,31,31,7,2025
2025-07-31 05:00:00.000,H15,LA MACHINE A VOYAGER DANS LE TEMPS,0,81141,5,0,31,31,7,2025
2025-07-31 06:00:00.000,H15,LA MACHINE A VOYAGER DANS LE TEMPS,0,81158,6,0,31,31,7,2025
2025-07-31 07:00:00.000,H15,LA MACHINE A VOYAGER DANS LE TEMPS,0,81183,7,0,31,31,7,2025
2025-07-31 08:00:00.000,H15,LA MACHINE A VOYAGER DANS LE TEMPS,0,81208,8,0,31,31,7,2025
2025-07-31 09:00:00.000,H15,LA MACHINE A VOYAGER DANS LE TEMPS,16,81233,9,0,31,31,7,2025
2025-07-31 10:00:00.000,H15,LA MACHINE A VOYAGER DANS LE TEMPS,543,81258,10,0,31,31,7,2025
2025-07-31 11:00:00.000,H15,LA MACHINE A VOYAGER DANS LE TEMPS,631,81283,11,0,31,31,7,2025
2025-07-31 12:00:00.000,H15,LA MACHINE A VOYAGER DANS LE TEMPS,379,81308,12,0,31,31,7,2025
2025-07-31 13:00:00.000,H15,LA MACHINE A VOYAGER DANS LE TEMPS,290,81333,13,0,31,31,7,2025
2025-07-31 14:00:00.000,H15,LA MACHINE A VOYAGER DANS LE TEMPS,372,81358,14,0,31,31,7,2025
2025-07-31 15:00:00.000,H15,LA MACHINE A VOYAGER DANS LE TEMPS,450,81383,15,0,31,31,7,2025
2025-07-31 16:00:00.000,H15,LA MACHINE A VOYAGER DANS LE TEMPS,394,81408,16,0,31,31,7,2025
2025-07-31 17:00:00.000,H15,LA MACHINE A VOYAGER DANS LE TEMPS,488,81433,17,0,31,31,7,2025
2025-07-31 18:00:00.000,H15,LA MACHINE A VOYAGER DANS LE TEMPS,344,81458,18,0,31,31,7,2025
2025-07-31 19:00:00.000,H15,LA MACHINE A VOYAGER DANS LE TEMPS,180,81483,19,0,31,31,7,2025
2025-07-31 20:00:00.000,H15,LA MACHINE A VOYAGER DANS LE TEMPS,31,81508,20,0,31,31,7,2025
2025-07-31 21:00:00.000,H15,LA MACHINE A VOYAGER DANS LE TEMPS,0,81533,21,0,31,31,7,2025
2025-07-31 22:00:00.000,H15,LA MACHINE A VOYAGER DANS LE TEMPS,0,81550,22,0,31,31,7,2025
2025-07-31 23:00:00.000,H15,LA MACHINE A VOYAGER DANS LE TEMPS,0,81567,23,0,31,31,7,2025
2025-08-01 00:00:00.000,H15,LA MACHINE A VOYAGER DANS LE TEMPS,0,81584,0,0,31,1,8,2025
2025-08-01 01:00:00.000,H15,LA MACHINE A VOYAGER DANS LE TEMPS,0,81601,1,0,31,1,8,2025
2025-08-01 02:00:00.000,H15,LA MACHINE A VOYAGER DANS LE TEMPS,0,81618,2,0,31,1,8,2025
2025-08-01 03:00:00.000,H15,LA MACHINE A VOYAGER DANS LE TEMPS,0,81635,3,0,31,1,8,2025
2025-08-01 04:00:00.000,H15,LA MACHINE A VOYAGER DANS LE TEMPS,0,81652,4,0,31,1,8,2025
2025-08-01 05:00:00.000,H15,LA MACHINE A VOYAGER DANS LE TEMPS,0,81669,5,0,31,1,8,2025
2025-08-01 06:00:00.000,H15,LA MACHINE A VOYAGER DANS LE TEMPS,0,81686,6,0,31,1,8,2025
2025-08-01 07:00:00.000,H15,LA MACHINE A VOYAGER DANS LE TEMPS,0,81711,7,0,31,1,8,2025
2025-08-01 08:00:00.000,H15,LA MACHINE A VOYAGER DANS LE TEMPS,0,81736,8,0,31,1,8,2025
2025-08-01 09:00:00.000,H15,LA MACHINE A VOYAGER DANS LE TEMPS,27,81761,9,0,31,1,8,2025
2025-08-01 10:00:00.000,H15,LA MACHINE A VOYAGER DANS LE TEMPS,192,81786,10,0,31,1,8,2025
2025-08-01 11:00:00.000,H15,LA MACHINE A VOYAGER DANS LE TEMPS,427,81811,11,0,31,1,8,2025
2025-08-01 12:00:00.000,H15,LA MACHINE A VOYAGER DANS LE TEMPS,337,81836,12,0,31,1,8,2025
2025-08-01 13:00:00.000,H15,LA MACHINE A VOYAGER DANS LE TEMPS,189,81861,13,0,31,1,8,2025
2025-08-01 14:00:00.000,H15,LA MACHINE A VOYAGER DANS LE TEMPS,208,81886,14,0,31,1,8,2025
2025-08-01 15:00:00.000,H15,LA MACHINE A VOYAGER DANS LE TEMPS,266,81911,15,0,31,1,8,2025
2025-08-01 16:00:00.000,H15,LA MACHINE A VOYAGER DANS LE TEMPS,241,81936,16,0,31,1,8,2025
2025-08-01 17:00:00.000,H15,LA MACHINE A VOYAGER DANS LE TEMPS,172,81961,17,0,31,1,8,2025
2025-08-01 18:00:00.000,H15,LA MACHINE A VOYAGER DANS LE TEMPS,44,81986,18,0,31,1,8,2025
2025-08-01 19:00:00.000,H15,LA MACHINE A VOYAGER DANS LE TEMPS,21,82011,19,0,31,1,8,2025
2025-08-01 20:00:00.000,H15,LA MACHINE A VOYAGER DANS LE TEMPS,30,82036,20,0,31,1,8,2025
2025-08-01 21:00:00.000,H15,LA MACHINE A VOYAGER DANS LE TEMPS,14,82061,21,0,31,1,8,2025
2025-08-01 22:00:00.000,H15,LA MACHINE A VOYAGER DANS LE TEMPS,14,82078,22,0,31,1,8,2025
2025-08-01 23:00:00.000,H15,LA MACHINE A VOYAGER DANS LE TEMPS,14,82095,23,0,31,1,8,2025
2025-08-02 00:00:00.000,H15,LA MACHINE A VOYAGER DANS LE TEMPS,14,82112,0,0,31,2,8,2025
2025-08-02 01:00:00.000,H15,LA MACHINE A VOYAGER DANS LE TEMPS,14,82129,1,0,31,2,8,2025
2025-08-02 02:00:00.000,H15,LA MACHINE A VOYAGER DANS LE TEMPS,14,82146,2,0,31,2,8,2025
2025-08-02 03:00:00.000,H15,LA MACHINE A VOYAGER DANS LE TEMPS,14,82163,3,0,31,2,8,2025
2025-08-02 04:00:00.000,H15,LA MACHINE A VOYAGER DANS LE TEMPS,14,82180,4,0,31,2,8,2025
2025-08-02 05:00:00.000,H15,LA MACHINE A VOYAGER DANS LE TEMPS,14,82197,5,0,31,2,8,2025
2025-08-02 06:00:00.000,H15,LA MACHINE A VOYAGER DANS LE TEMPS,14,82214,6,0,31,2,8,2025
2025-08-02 07:00:00.000,H15,LA MACHINE A VOYAGER DANS LE TEMPS,14,82239,7,0,31,2,8,2025
2025-08-02 08:00:00.000,H15,LA MACHINE A VOYAGER DANS LE TEMPS,12,82264,8,0,31,2,8,2025
2025-08-02 09:00:00.000,H15,LA MACHINE A VOYAGER DANS LE TEMPS,10,82289,9,0,31,2,8,2025
2025-08-02 10:00:00.000,H15,LA MACHINE A VOYAGER DANS LE TEMPS,271,82314,10,0,31,2,8,2025
2025-08-02 11:00:00.000,H15,LA MACHINE A VOYAGER DANS LE TEMPS,518,82339,11,0,31,2,8,2025
2025-08-02 12:00:00.000,H15,LA MACHINE A VOYAGER DANS LE TEMPS,356,82364,12,0,31,2,8,2025
2025-08-02 13:00:00.000,H15,LA MACHINE A VOYAGER DANS LE TEMPS,238,82389,13,0,31,2,8,2025
2025-08-02 14:00:00.000,H15,LA MACHINE A VOYAGER DANS LE TEMPS,367,82414,14,0,31,2,8,2025
2025-08-02 15:00:00.000,H15,LA MACHINE A VOYAGER DANS LE TEMPS,365,82439,15,0,31,2,8,2025
2025-08-02 16:00:00.000,H15,LA MACHINE A VOYAGER DANS LE TEMPS,334,82464,16,0,31,2,8,2025
2025-08-02 17:00:00.000,H15,LA MACHINE A VOYAGER DANS LE TEMPS,193,82489,17,0,31,2,8,2025
2025-08-02 18:00:00.000,H15,LA MACHINE A VOYAGER DANS LE TEMPS,134,82514,18,0,31,2,8,2025
2025-08-02 19:00:00.000,H15,LA MACHINE A VOYAGER DANS LE TEMPS,74,82539,19,0,31,2,8,2025
2025-08-02 20:00:00.000,H15,LA MACHINE A VOYAGER DANS LE TEMPS,68,82564,20,0,31,2,8,2025
2025-08-02 21:00:00.000,H15,LA MACHINE A VOYAGER DANS LE TEMPS,0,82589,21,0,31,2,8,2025
2025-08-02 22:00:00.000,H15,LA MACHINE A VOYAGER DANS LE TEMPS,0,82606,22,0,31,2,8,2025
2025-08-02 23:00:00.000,H15,LA MACHINE A VOYAGER DANS LE TEMPS,0,82623,23,0,31,2,8,2025
2025-08-03 00:00:00.000,H15,LA MACHINE A VOYAGER DANS LE TEMPS,0,82640,0,0,32,3,8,2025
2025-08-03 01:00:00.000,H15,LA MACHINE A VOYAGER DANS LE TEMPS,0,82657,1,0,32,3,8,2025
2025-08-03 02:00:00.000,H15,LA MACHINE A VOYAGER DANS LE TEMPS,0,82674,2,0,32,3,8,2025
2025-08-03 03:00:00.000,H15,LA MACHINE A VOYAGER DANS LE TEMPS,0,82691,3,0,32,3,8,2025
2025-08-03 04:00:00.000,H15,LA MACHINE A VOYAGER DANS LE TEMPS,0,82708,4,0,32,3,8,2025
2025-08-03 05:00:00.000,H15,LA MACHINE A VOYAGER DANS LE TEMPS,0,82725,5,0,32,3,8,2025
2025-08-03 06:00:00.000,H15,LA MACHINE A VOYAGER DANS LE TEMPS,0,82742,6,0,32,3,8,2025
2025-08-03 07:00:00.000,H15,LA MACHINE A VOYAGER DANS LE TEMPS,0,82767,7,0,32,3,8,2025
2025-08-03 08:00:00.000,H15,LA MACHINE A VOYAGER DANS LE TEMPS,0,82792,8,0,32,3,8,2025
2025-08-03 09:00:00.000,H15,LA MACHINE A VOYAGER DANS LE TEMPS,13,82817,9,0,32,3,8,2025
2025-08-03 10:00:00.000,H15,LA MACHINE A VOYAGER DANS LE TEMPS,323,82842,10,0,32,3,8,2025
2025-08-03 11:00:00.000,H15,LA MACHINE A VOYAGER DANS LE TEMPS,457,82867,11,0,32,3,8,2025
2025-08-03 12:00:00.000,H15,LA MACHINE A VOYAGER DANS LE TEMPS,533,82892,12,0,32,3,8,2025
2025-08-03 13:00:00.000,H15,LA MACHINE A VOYAGER DANS LE TEMPS,238,82917,13,0,32,3,8,2025
2025-08-03 14:00:00.000,H15,LA MACHINE A VOYAGER DANS LE TEMPS,263,82942,14,0,32,3,8,2025
2025-08-03 15:00:00.000,H15,LA MACHINE A VOYAGER DANS LE TEMPS,355,82967,15,0,32,3,8,2025
2025-08-03 16:00:00.000,H15,LA MACHINE A VOYAGER DANS LE TEMPS,356,82992,16,0,32,3,8,2025
2025-08-03 17:00:00.000,H15,LA MACHINE A VOYAGER DANS LE TEMPS,281,83017,17,0,32,3,8,2025
2025-08-03 18:00:00.000,H15,LA MACHINE A VOYAGER DANS LE TEMPS,252,83042,18,0,32,3,8,2025
2025-08-03 19:00:00.000,H15,LA MACHINE A VOYAGER DANS LE TEMPS,182,83067,19,0,32,3,8,2025
2025-08-03 20:00:00.000,H15,LA MACHINE A VOYAGER DANS LE TEMPS,120,83092,20,0,32,3,8,2025
2025-08-03 21:00:00.000,H15,LA MACHINE A VOYAGER DANS LE TEMPS,46,83117,21,0,32,3,8,2025
2025-08-03 22:00:00.000,H15,LA MACHINE A VOYAGER DANS LE TEMPS,46,83134,22,0,32,3,8,2025
2025-08-03 23:00:00.000,H15,LA MACHINE A VOYAGER DANS LE TEMPS,46,83151,23,0,32,3,8,2025
2025-08-04 00:00:00.000,H15,LA MACHINE A VOYAGER DANS LE TEMPS,46,83168,0,0,32,4,8,2025
2025-08-04 01:00:00.000,H15,LA MACHINE A VOYAGER DANS LE TEMPS,46,83185,1,0,32,4,8,2025
2025-08-04 02:00:00.000,H15,LA MACHINE A VOYAGER DANS LE TEMPS,46,83202,2,0,32,4,8,2025
2025-08-04 03:00:00.000,H15,LA MACHINE A VOYAGER DANS LE TEMPS,46,83219,3,0,32,4,8,2025
2025-08-04 04:00:00.000,H15,LA MACHINE A VOYAGER DANS LE TEMPS,46,83236,4,0,32,4,8,2025
2025-08-04 05:00:00.000,H15,LA MACHINE A VOYAGER DANS LE TEMPS,46,83253,5,0,32,4,8,2025
2025-08-04 06:00:00.000,H15,LA MACHINE A VOYAGER DANS LE TEMPS,46,83270,6,0,32,4,8,2025
2025-08-04 07:00:00.000,H15,LA MACHINE A VOYAGER DANS LE TEMPS,46,83295,7,0,32,4,8,2025
2025-08-04 08:00:00.000,H15,LA MACHINE A VOYAGER DANS LE TEMPS,46,83320,8,0,32,4,8,2025
2025-08-04 09:00:00.000,H15,LA MACHINE A VOYAGER DANS LE TEMPS,104,83345,9,0,32,4,8,2025
2025-08-04 10:00:00.000,H15,LA MACHINE A VOYAGER DANS LE TEMPS,733,83370,10,0,32,4,8,2025
2025-08-04 11:00:00.000,H15,LA MACHINE A VOYAGER DANS LE TEMPS,754,83395,11,0,32,4,8,2025
2025-08-04 12:00:00.000,H15,LA MACHINE A VOYAGER DANS LE TEMPS,714,83420,12,0,32,4,8,2025
2025-08-04 13:00:00.000,H15,LA MACHINE A VOYAGER DANS LE TEMPS,691,83445,13,0,32,4,8,2025
2025-08-04 14:00:00.000,H15,LA MACHINE A VOYAGER DANS LE TEMPS,673,83470,14,0,32,4,8,2025
2025-08-04 15:00:00.000,H15,LA MACHINE A VOYAGER DANS LE TEMPS,593,83495,15,0,32,4,8,2025
2025-08-04 16:00:00.000,H15,LA MACHINE A VOYAGER DANS LE TEMPS,540,83520,16,0,32,4,8,2025
2025-08-04 17:00:00.000,H15,LA MACHINE A VOYAGER DANS LE TEMPS,612,83545,17,0,32,4,8,2025
2025-08-04 18:00:00.000,H15,LA MACHINE A VOYAGER DANS LE TEMPS,485,83570,18,0,32,4,8,2025
2025-08-04 19:00:00.000,H15,LA MACHINE A VOYAGER DANS LE TEMPS,244,83595,19,0,32,4,8,2025
2025-08-04 20:00:00.000,H15,LA MACHINE A VOYAGER DANS LE TEMPS,125,83620,20,0,32,4,8,2025
2025-08-04 21:00:00.000,H15,LA MACHINE A VOYAGER DANS LE TEMPS,85,83645,21,0,32,4,8,2025
2025-08-04 22:00:00.000,H15,LA MACHINE A VOYAGER DANS LE TEMPS,10,83662,22,0,32,4,8,2025
2025-08-04 23:00:00.000,H15,LA MACHINE A VOYAGER DANS LE TEMPS,0,83679,23,0,32,4,8,2025
2025-08-05 00:00:00.000,H15,LA MACHINE A VOYAGER DANS LE TEMPS,0,83696,0,0,32,5,8,2025
2025-08-05 01:00:00.000,H15,LA MACHINE A VOYAGER DANS LE TEMPS,0,83713,1,0,32,5,8,2025
2025-08-05 02:00:00.000,H15,LA MACHINE A VOYAGER DANS LE TEMPS,0,83730,2,0,32,5,8,2025
2025-08-05 03:00:00.000,H15,LA MACHINE A VOYAGER DANS LE TEMPS,0,83747,3,0,32,5,8,2025
2025-08-05 04:00:00.000,H15,LA MACHINE A VOYAGER DANS LE TEMPS,0,83764,4,0,32,5,8,2025
2025-08-05 05:00:00.000,H15,LA MACHINE A VOYAGER DANS LE TEMPS,0,83781,5,0,32,5,8,2025
2025-08-05 06:00:00.000,H15,LA MACHINE A VOYAGER DANS LE TEMPS,0,83798,6,0,32,5,8,2025
2025-08-05 07:00:00.000,H15,LA MACHINE A VOYAGER DANS LE TEMPS,0,83823,7,0,32,5,8,2025
2025-08-05 08:00:00.000,H15,LA MACHINE A VOYAGER DANS LE TEMPS,0,83848,8,0,32,5,8,2025
2025-08-05 09:00:00.000,H15,LA MACHINE A VOYAGER DANS LE TEMPS,108,83873,9,0,32,5,8,2025
2025-08-05 10:00:00.000,H15,LA MACHINE A VOYAGER DANS LE TEMPS,1018,83898,10,0,32,5,8,2025
2025-08-05 11:00:00.000,H15,LA MACHINE A VOYAGER DANS LE TEMPS,1167,83923,11,0,32,5,8,2025
2025-08-05 12:00:00.000,H15,LA MACHINE A VOYAGER DANS LE TEMPS,888,83948,12,0,32,5,8,2025
2025-08-05 13:00:00.000,H15,LA MACHINE A VOYAGER DANS LE TEMPS,771,83973,13,0,32,5,8,2025
2025-08-05 14:00:00.000,H15,LA MACHINE A VOYAGER DANS LE TEMPS,773,83998,14,0,32,5,8,2025
2025-08-05 15:00:00.000,H15,LA MACHINE A VOYAGER DANS LE TEMPS,887,84023,15,0,32,5,8,2025
2025-08-05 16:00:00.000,H15,LA MACHINE A VOYAGER DANS LE TEMPS,807,84048,16,0,32,5,8,2025
2025-08-05 17:00:00.000,H15,LA MACHINE A VOYAGER DANS LE TEMPS,897,84073,17,0,32,5,8,2025
2025-08-05 18:00:00.000,H15,LA MACHINE A VOYAGER DANS LE TEMPS,884,84098,18,0,32,5,8,2025
2025-08-05 19:00:00.000,H15,LA MACHINE A VOYAGER DANS LE TEMPS,650,84123,19,0,32,5,8,2025
2025-08-05 20:00:00.000,H15,LA MACHINE A VOYAGER DANS LE TEMPS,552,84148,20,0,32,5,8,2025
2025-08-05 21:00:00.000,H15,LA MACHINE A VOYAGER DANS LE TEMPS,278,84173,21,0,32,5,8,2025
2025-08-05 22:00:00.000,H15,LA MACHINE A VOYAGER DANS LE TEMPS,0,84190,22,0,32,5,8,2025
2025-08-05 23:00:00.000,H15,LA MACHINE A VOYAGER DANS LE TEMPS,0,84207,23,0,32,5,8,2025
2025-08-06 00:00:00.000,H15,LA MACHINE A VOYAGER DANS LE TEMPS,0,84224,0,0,32,6,8,2025
2025-08-06 01:00:00.000,H15,LA MACHINE A VOYAGER DANS LE TEMPS,0,84241,1,0,32,6,8,2025
2025-08-06 02:00:00.000,H15,LA MACHINE A VOYAGER DANS LE TEMPS,0,84258,2,0,32,6,8,2025
2025-08-06 03:00:00.000,H15,LA MACHINE A VOYAGER DANS LE TEMPS,0,84275,3,0,32,6,8,2025
2025-08-06 04:00:00.000,H15,LA MACHINE A VOYAGER DANS LE TEMPS,0,84292,4,0,32,6,8,2025
2025-08-06 05:00:00.000,H15,LA MACHINE A VOYAGER DANS LE TEMPS,0,84309,5,0,32,6,8,2025
2025-08-06 06:00:00.000,H15,LA MACHINE A VOYAGER DANS LE TEMPS,0,84326,6,0,32,6,8,2025
2025-08-06 07:00:00.000,H15,LA MACHINE A VOYAGER DANS LE TEMPS,0,84351,7,0,32,6,8,2025
2025-08-06 08:00:00.000,H15,LA MACHINE A VOYAGER DANS LE TEMPS,0,84376,8,0,32,6,8,2025
2025-08-06 09:00:00.000,H15,LA MACHINE A VOYAGER DANS LE TEMPS,74,84401,9,0,32,6,8,2025
2025-08-06 10:00:00.000,H15,LA MACHINE A VOYAGER DANS LE TEMPS,657,84426,10,0,32,6,8,2025
2025-08-06 11:00:00.000,H15,LA MACHINE A VOYAGER DANS LE TEMPS,1308,84451,11,0,32,6,8,2025
2025-08-06 12:00:00.000,H15,LA MACHINE A VOYAGER DANS LE TEMPS,915,84476,12,0,32,6,8,2025
2025-08-06 13:00:00.000,H15,LA MACHINE A VOYAGER DANS LE TEMPS,694,84501,13,0,32,6,8,2025
2025-08-06 14:00:00.000,H15,LA MACHINE A VOYAGER DANS LE TEMPS,854,84526,14,0,32,6,8,2025
2025-08-06 15:00:00.000,H15,LA MACHINE A VOYAGER DANS LE TEMPS,840,84551,15,0,32,6,8,2025
2025-08-06 16:00:00.000,H15,LA MACHINE A VOYAGER DANS LE TEMPS,919,84576,16,0,32,6,8,2025
2025-08-06 17:00:00.000,H15,LA MACHINE A VOYAGER DANS LE TEMPS,712,84601,17,0,32,6,8,2025
2025-08-06 18:00:00.000,H15,LA MACHINE A VOYAGER DANS LE TEMPS,754,84626,18,0,32,6,8,2025
2025-08-06 19:00:00.000,H15,LA MACHINE A VOYAGER DANS LE TEMPS,401,84651,19,0,32,6,8,2025
2025-08-06 20:00:00.000,H15,LA MACHINE A VOYAGER DANS LE TEMPS,280,84676,20,0,32,6,8,2025
2025-08-06 21:00:00.000,H15,LA MACHINE A VOYAGER DANS LE TEMPS,129,84701,21,0,32,6,8,2025
2025-08-06 22:00:00.000,H15,LA MACHINE A VOYAGER DANS LE TEMPS,0,84718,22,0,32,6,8,2025
2025-08-06 23:00:00.000,H15,LA MACHINE A VOYAGER DANS LE TEMPS,0,84735,23,0,32,6,8,2025
2025-08-07 00:00:00.000,H15,LA MACHINE A VOYAGER DANS LE TEMPS,0,84752,0,0,32,7,8,2025
2025-08-07 01:00:00.000,H15,LA MACHINE A VOYAGER DANS LE TEMPS,0,84769,1,0,32,7,8,2025
2025-08-07 02:00:00.000,H15,LA MACHINE A VOYAGER DANS LE TEMPS,0,84786,2,0,32,7,8,2025
2025-08-07 03:00:00.000,H15,LA MACHINE A VOYAGER DANS LE TEMPS,0,84803,3,0,32,7,8,2025
2025-08-07 04:00:00.000,H15,LA MACHINE A VOYAGER DANS LE TEMPS,0,84820,4,0,32,7,8,2025
2025-08-07 05:00:00.000,H15,LA MACHINE A VOYAGER DANS LE TEMPS,0,84837,5,0,32,7,8,2025
2025-08-07 06:00:00.000,H15,LA MACHINE A VOYAGER DANS LE TEMPS,0,84854,6,0,32,7,8,2025
2025-08-07 07:00:00.000,H15,LA MACHINE A VOYAGER DANS LE TEMPS,0,84879,7,0,32,7,8,2025
2025-08-07 08:00:00.000,H15,LA MACHINE A VOYAGER DANS LE TEMPS,0,84904,8,0,32,7,8,2025
2025-08-07 09:00:00.000,H15,LA MACHINE A VOYAGER DANS LE TEMPS,86,84929,9,0,32,7,8,2025
2025-08-07 10:00:00.000,H15,LA MACHINE A VOYAGER DANS LE TEMPS,633,84954,10,0,32,7,8,2025
2025-08-07 11:00:00.000,H15,LA MACHINE A VOYAGER DANS LE TEMPS,831,84979,11,0,32,7,8,2025
2025-08-07 12:00:00.000,H15,LA MACHINE A VOYAGER DANS LE TEMPS,791,85004,12,0,32,7,8,2025
2025-08-07 13:00:00.000,H15,LA MACHINE A VOYAGER DANS LE TEMPS,586,85029,13,0,32,7,8,2025
2025-08-07 14:00:00.000,H15,LA MACHINE A VOYAGER DANS LE TEMPS,639,85054,14,0,32,7,8,2025
2025-08-07 15:00:00.000,H15,LA MACHINE A VOYAGER DANS LE TEMPS,686,85079,15,0,32,7,8,2025
2025-08-07 16:00:00.000,H15,LA MACHINE A VOYAGER DANS LE TEMPS,647,85104,16,0,32,7,8,2025
2025-08-07 17:00:00.000,H15,LA MACHINE A VOYAGER DANS LE TEMPS,512,85129,17,0,32,7,8,2025
2025-08-07 18:00:00.000,H15,LA MACHINE A VOYAGER DANS LE TEMPS,574,85154,18,0,32,7,8,2025
2025-08-07 19:00:00.000,H15,LA MACHINE A VOYAGER DANS LE TEMPS,376,85179,19,0,32,7,8,2025
2025-08-07 20:00:00.000,H15,LA MACHINE A VOYAGER DANS LE TEMPS,73,85204,20,0,32,7,8,2025
2025-08-07 21:00:00.000,H15,LA MACHINE A VOYAGER DANS LE TEMPS,16,85229,21,0,32,7,8,2025
2025-08-07 22:00:00.000,H15,LA MACHINE A VOYAGER DANS LE TEMPS,0,85254,22,0,32,7,8,2025
2025-08-07 23:00:00.000,H15,LA MACHINE A VOYAGER DANS LE TEMPS,0,85271,23,0,32,7,8,2025
2025-08-08 00:00:00.000,H15,LA MACHINE A VOYAGER DANS LE TEMPS,0,85288,0,0,32,8,8,2025
2025-08-08 01:00:00.000,H15,LA MACHINE A VOYAGER DANS LE TEMPS,0,85305,1,0,32,8,8,2025
2025-08-08 02:00:00.000,H15,LA MACHINE A VOYAGER DANS LE TEMPS,0,85322,2,0,32,8,8,2025
2025-08-08 03:00:00.000,H15,LA MACHINE A VOYAGER DANS LE TEMPS,0,85339,3,0,32,8,8,2025
2025-08-08 04:00:00.000,H15,LA MACHINE A VOYAGER DANS LE TEMPS,0,85356,4,0,32,8,8,2025
2025-08-08 05:00:00.000,H15,LA MACHINE A VOYAGER DANS LE TEMPS,0,85373,5,0,32,8,8,2025
2025-08-08 06:00:00.000,H15,LA MACHINE A VOYAGER DANS LE TEMPS,0,85390,6,0,32,8,8,2025
2025-08-08 07:00:00.000,H15,LA MACHINE A VOYAGER DANS LE TEMPS,0,85415,7,0,32,8,8,2025
2025-08-08 08:00:00.000,H15,LA MACHINE A VOYAGER DANS LE TEMPS,0,85440,8,0,32,8,8,2025
2025-08-08 09:00:00.000,H15,LA MACHINE A VOYAGER DANS LE TEMPS,107,85465,9,0,32,8,8,2025
2025-08-08 10:00:00.000,H15,LA MACHINE A VOYAGER DANS LE TEMPS,750,85490,10,0,32,8,8,2025
2025-08-08 11:00:00.000,H15,LA MACHINE A VOYAGER DANS LE TEMPS,554,85515,11,0,32,8,8,2025
2025-08-08 12:00:00.000,H15,LA MACHINE A VOYAGER DANS LE TEMPS,417,85540,12,0,32,8,8,2025
2025-08-08 13:00:00.000,H15,LA MACHINE A VOYAGER DANS LE TEMPS,410,85565,13,0,32,8,8,2025
2025-08-08 14:00:00.000,H15,LA MACHINE A VOYAGER DANS LE TEMPS,334,85590,14,0,32,8,8,2025
2025-08-08 15:00:00.000,H15,LA MACHINE A VOYAGER DANS LE TEMPS,341,85615,15,0,32,8,8,2025
2025-08-08 16:00:00.000,H15,LA MACHINE A VOYAGER DANS LE TEMPS,301,85640,16,0,32,8,8,2025
2025-08-08 17:00:00.000,H15,LA MACHINE A VOYAGER DANS LE TEMPS,183,85665,17,0,32,8,8,2025
2025-08-08 18:00:00.000,H15,LA MACHINE A VOYAGER DANS LE TEMPS,246,85690,18,0,32,8,8,2025
2025-08-08 19:00:00.000,H15,LA MACHINE A VOYAGER DANS LE TEMPS,142,85715,19,0,32,8,8,2025
2025-08-08 20:00:00.000,H15,LA MACHINE A VOYAGER DANS LE TEMPS,48,85740,20,0,32,8,8,2025
2025-08-08 21:00:00.000,H15,LA MACHINE A VOYAGER DANS LE TEMPS,41,85765,21,0,32,8,8,2025
2025-08-08 22:00:00.000,H15,LA MACHINE A VOYAGER DANS LE TEMPS,0,85790,22,0,32,8,8,2025
2025-08-08 23:00:00.000,H15,LA MACHINE A VOYAGER DANS LE TEMPS,0,85807,23,0,32,8,8,2025
2025-08-09 00:00:00.000,H15,LA MACHINE A VOYAGER DANS LE TEMPS,0,85824,0,0,32,9,8,2025
2025-08-09 01:00:00.000,H15,LA MACHINE A VOYAGER DANS LE TEMPS,0,85841,1,0,32,9,8,2025
2025-08-09 02:00:00.000,H15,LA MACHINE A VOYAGER DANS LE TEMPS,0,85858,2,0,32,9,8,2025
2025-08-09 03:00:00.000,H15,LA MACHINE A VOYAGER DANS LE TEMPS,0,85875,3,0,32,9,8,2025
2025-08-09 04:00:00.000,H15,LA MACHINE A VOYAGER DANS LE TEMPS,0,85892,4,0,32,9,8,2025
2025-08-09 05:00:00.000,H15,LA MACHINE A VOYAGER DANS LE TEMPS,0,85909,5,0,32,9,8,2025
2025-08-09 06:00:00.000,H15,LA MACHINE A VOYAGER DANS LE TEMPS,0,85926,6,0,32,9,8,2025
2025-08-09 07:00:00.000,H15,LA MACHINE A VOYAGER DANS LE TEMPS,0,85951,7,0,32,9,8,2025
2025-08-09 08:00:00.000,H15,LA MACHINE A VOYAGER DANS LE TEMPS,0,85976,8,0,32,9,8,2025
2025-08-09 09:00:00.000,H15,LA MACHINE A VOYAGER DANS LE TEMPS,35,86001,9,0,32,9,8,2025
2025-08-09 10:00:00.000,H15,LA MACHINE A VOYAGER DANS LE TEMPS,312,86026,10,0,32,9,8,2025
2025-08-09 11:00:00.000,H15,LA MACHINE A VOYAGER DANS LE TEMPS,581,86051,11,0,32,9,8,2025
2025-08-09 12:00:00.000,H15,LA MACHINE A VOYAGER DANS LE TEMPS,404,86076,12,0,32,9,8,2025
2025-08-09 13:00:00.000,H15,LA MACHINE A VOYAGER DANS LE TEMPS,384,86101,13,0,32,9,8,2025
2025-08-09 14:00:00.000,H15,LA MACHINE A VOYAGER DANS LE TEMPS,397,86126,14,0,32,9,8,2025
2025-08-09 15:00:00.000,H15,LA MACHINE A VOYAGER DANS LE TEMPS,519,86151,15,0,32,9,8,2025
2025-08-09 16:00:00.000,H15,LA MACHINE A VOYAGER DANS LE TEMPS,518,86176,16,0,32,9,8,2025
2025-08-09 17:00:00.000,H15,LA MACHINE A VOYAGER DANS LE TEMPS,372,86201,17,0,32,9,8,2025
2025-08-09 18:00:00.000,H15,LA MACHINE A VOYAGER DANS LE TEMPS,319,86226,18,0,32,9,8,2025
2025-08-09 19:00:00.000,H15,LA MACHINE A VOYAGER DANS LE TEMPS,215,86251,19,0,32,9,8,2025
2025-08-09 20:00:00.000,H15,LA MACHINE A VOYAGER DANS LE TEMPS,67,86276,20,0,32,9,8,2025
2025-08-09 21:00:00.000,H15,LA MACHINE A VOYAGER DANS LE TEMPS,18,86301,21,0,32,9,8,2025
2025-08-09 22:00:00.000,H15,LA MACHINE A VOYAGER DANS LE TEMPS,0,86318,22,0,32,9,8,2025
2025-08-09 23:00:00.000,H15,LA MACHINE A VOYAGER DANS LE TEMPS,0,86335,23,0,32,9,8,2025
2025-08-10 00:00:00.000,H15,LA MACHINE A VOYAGER DANS LE TEMPS,0,86352,0,0,33,10,8,2025
2025-08-10 01:00:00.000,H15,LA MACHINE A VOYAGER DANS LE TEMPS,0,86369,1,0,33,10,8,2025
2025-08-10 02:00:00.000,H15,LA MACHINE A VOYAGER DANS LE TEMPS,0,86386,2,0,33,10,8,2025
2025-08-10 03:00:00.000,H15,LA MACHINE A VOYAGER DANS LE TEMPS,0,86403,3,0,33,10,8,2025
2025-08-10 04:00:00.000,H15,LA MACHINE A VOYAGER DANS LE TEMPS,0,86420,4,0,33,10,8,2025
2025-08-10 05:00:00.000,H15,LA MACHINE A VOYAGER DANS LE TEMPS,0,86437,5,0,33,10,8,2025
2025-08-10 06:00:00.000,H15,LA MACHINE A VOYAGER DANS LE TEMPS,0,86454,6,0,33,10,8,2025
2025-08-10 07:00:00.000,H15,LA MACHINE A VOYAGER DANS LE TEMPS,0,86479,7,0,33,10,8,2025
2025-08-10 08:00:00.000,H15,LA MACHINE A VOYAGER DANS LE TEMPS,0,86504,8,0,33,10,8,2025
2025-08-10 09:00:00.000,H15,LA MACHINE A VOYAGER DANS LE TEMPS,83,86529,9,0,33,10,8,2025
2025-08-10 10:00:00.000,H15,LA MACHINE A VOYAGER DANS LE TEMPS,604,86554,10,0,33,10,8,2025
2025-08-10 11:00:00.000,H15,LA MACHINE A VOYAGER DANS LE TEMPS,650,86579,11,0,33,10,8,2025
2025-08-10 12:00:00.000,H15,LA MACHINE A VOYAGER DANS LE TEMPS,573,86604,12,0,33,10,8,2025
2025-08-10 13:00:00.000,H15,LA MACHINE A VOYAGER DANS LE TEMPS,539,86629,13,0,33,10,8,2025
2025-08-10 14:00:00.000,H15,LA MACHINE A VOYAGER DANS LE TEMPS,518,86654,14,0,33,10,8,2025
2025-08-10 15:00:00.000,H15,LA MACHINE A VOYAGER DANS LE TEMPS,525,86679,15,0,33,10,8,2025
2025-08-10 16:00:00.000,H15,LA MACHINE A VOYAGER DANS LE TEMPS,382,86704,16,0,33,10,8,2025
2025-08-10 17:00:00.000,H15,LA MACHINE A VOYAGER DANS LE TEMPS,397,86729,17,0,33,10,8,2025
2025-08-10 18:00:00.000,H15,LA MACHINE A VOYAGER DANS LE TEMPS,140,86754,18,0,33,10,8,2025
2025-08-10 19:00:00.000,H15,LA MACHINE A VOYAGER DANS LE TEMPS,87,86779,19,0,33,10,8,2025
2025-08-10 20:00:00.000,H15,LA MACHINE A VOYAGER DANS LE TEMPS,43,86804,20,0,33,10,8,2025
2025-08-10 21:00:00.000,H15,LA MACHINE A VOYAGER DANS LE TEMPS,11,86829,21,0,33,10,8,2025
2025-08-10 22:00:00.000,H15,LA MACHINE A VOYAGER DANS LE TEMPS,0,86846,22,0,33,10,8,2025
2025-08-10 23:00:00.000,H15,LA MACHINE A VOYAGER DANS LE TEMPS,0,86863,23,0,33,10,8,2025
2025-08-11 00:00:00.000,H15,LA MACHINE A VOYAGER DANS LE TEMPS,0,86880,0,0,33,11,8,2025
2025-08-11 01:00:00.000,H15,LA MACHINE A VOYAGER DANS LE TEMPS,0,86897,1,0,33,11,8,2025
2025-08-11 02:00:00.000,H15,LA MACHINE A VOYAGER DANS LE TEMPS,0,86914,2,0,33,11,8,2025
2025-08-11 03:00:00.000,H15,LA MACHINE A VOYAGER DANS LE TEMPS,0,86931,3,0,33,11,8,2025
2025-08-11 04:00:00.000,H15,LA MACHINE A VOYAGER DANS LE TEMPS,0,86948,4,0,33,11,8,2025
2025-08-11 05:00:00.000,H15,LA MACHINE A VOYAGER DANS LE TEMPS,0,86965,5,0,33,11,8,2025
2025-08-11 06:00:00.000,H15,LA MACHINE A VOYAGER DANS LE TEMPS,0,86982,6,0,33,11,8,2025
2025-08-11 07:00:00.000,H15,LA MACHINE A VOYAGER DANS LE TEMPS,0,87007,7,0,33,11,8,2025
2025-08-11 08:00:00.000,H15,LA MACHINE A VOYAGER DANS LE TEMPS,0,87032,8,0,33,11,8,2025
2025-08-11 09:00:00.000,H15,LA MACHINE A VOYAGER DANS LE TEMPS,52,87057,9,0,33,11,8,2025
2025-08-11 10:00:00.000,H15,LA MACHINE A VOYAGER DANS LE TEMPS,635,87082,10,0,33,11,8,2025
2025-08-11 11:00:00.000,H15,LA MACHINE A VOYAGER DANS LE TEMPS,840,87107,11,0,33,11,8,2025
2025-08-11 12:00:00.000,H15,LA MACHINE A VOYAGER DANS LE TEMPS,733,87132,12,0,33,11,8,2025
2025-08-11 13:00:00.000,H15,LA MACHINE A VOYAGER DANS LE TEMPS,777,87157,13,0,33,11,8,2025
2025-08-11 14:00:00.000,H15,LA MACHINE A VOYAGER DANS LE TEMPS,551,87182,14,0,33,11,8,2025
2025-08-11 15:00:00.000,H15,LA MACHINE A VOYAGER DANS LE TEMPS,590,87207,15,0,33,11,8,2025
2025-08-11 16:00:00.000,H15,LA MACHINE A VOYAGER DANS LE TEMPS,689,87232,16,0,33,11,8,2025
2025-08-11 17:00:00.000,H15,LA MACHINE A VOYAGER DANS LE TEMPS,573,87257,17,0,33,11,8,2025
2025-08-11 18:00:00.000,H15,LA MACHINE A VOYAGER DANS LE TEMPS,584,87282,18,0,33,11,8,2025
2025-08-11 19:00:00.000,H15,LA MACHINE A VOYAGER DANS LE TEMPS,363,87307,19,0,33,11,8,2025
2025-08-11 20:00:00.000,H15,LA MACHINE A VOYAGER DANS LE TEMPS,222,87332,20,0,33,11,8,2025
2025-08-11 21:00:00.000,H15,LA MACHINE A VOYAGER DANS LE TEMPS,128,87357,21,0,33,11,8,2025
2025-08-11 22:00:00.000,H15,LA MACHINE A VOYAGER DANS LE TEMPS,110,87374,22,0,33,11,8,2025
2025-08-11 23:00:00.000,H15,LA MACHINE A VOYAGER DANS LE TEMPS,110,87391,23,0,33,11,8,2025
2025-08-12 00:00:00.000,H15,LA MACHINE A VOYAGER DANS LE TEMPS,110,87408,0,0,33,12,8,2025
2025-08-12 01:00:00.000,H15,LA MACHINE A VOYAGER DANS LE TEMPS,110,87425,1,0,33,12,8,2025
2025-08-12 02:00:00.000,H15,LA MACHINE A VOYAGER DANS LE TEMPS,110,87442,2,0,33,12,8,2025
2025-08-12 03:00:00.000,H15,LA MACHINE A VOYAGER DANS LE TEMPS,110,87459,3,0,33,12,8,2025
2025-08-12 04:00:00.000,H15,LA MACHINE A VOYAGER DANS LE TEMPS,110,87476,4,0,33,12,8,2025
2025-08-12 05:00:00.000,H15,LA MACHINE A VOYAGER DANS LE TEMPS,110,87493,5,0,33,12,8,2025
2025-08-12 06:00:00.000,H15,LA MACHINE A VOYAGER DANS LE TEMPS,110,87510,6,0,33,12,8,2025
2025-08-12 07:00:00.000,H15,LA MACHINE A VOYAGER DANS LE TEMPS,110,87535,7,0,33,12,8,2025
2025-08-12 08:00:00.000,H15,LA MACHINE A VOYAGER DANS LE TEMPS,110,87560,8,0,33,12,8,2025
2025-08-12 09:00:00.000,H15,LA MACHINE A VOYAGER DANS LE TEMPS,81,87585,9,0,33,12,8,2025
2025-08-12 10:00:00.000,H15,LA MACHINE A VOYAGER DANS LE TEMPS,531,87610,10,0,33,12,8,2025
2025-08-12 11:00:00.000,H15,LA MACHINE A VOYAGER DANS LE TEMPS,840,87635,11,0,33,12,8,2025
2025-08-12 12:00:00.000,H15,LA MACHINE A VOYAGER DANS LE TEMPS,1110,87660,12,0,33,12,8,2025
2025-08-12 13:00:00.000,H15,LA MACHINE A VOYAGER DANS LE TEMPS,820,87685,13,0,33,12,8,2025
2025-08-12 14:00:00.000,H15,LA MACHINE A VOYAGER DANS LE TEMPS,818,87710,14,0,33,12,8,2025
2025-08-12 15:00:00.000,H15,LA MACHINE A VOYAGER DANS LE TEMPS,769,87735,15,0,33,12,8,2025
2025-08-12 16:00:00.000,H15,LA MACHINE A VOYAGER DANS LE TEMPS,800,87760,16,0,33,12,8,2025
2025-08-12 17:00:00.000,H15,LA MACHINE A VOYAGER DANS LE TEMPS,687,87785,17,0,33,12,8,2025
2025-08-12 18:00:00.000,H15,LA MACHINE A VOYAGER DANS LE TEMPS,612,87810,18,0,33,12,8,2025
2025-08-12 19:00:00.000,H15,LA MACHINE A VOYAGER DANS LE TEMPS,494,87835,19,0,33,12,8,2025
2025-08-12 20:00:00.000,H15,LA MACHINE A VOYAGER DANS LE TEMPS,317,87860,20,0,33,12,8,2025
2025-08-12 21:00:00.000,H15,LA MACHINE A VOYAGER DANS LE TEMPS,233,87885,21,0,33,12,8,2025
2025-08-12 22:00:00.000,H15,LA MACHINE A VOYAGER DANS LE TEMPS,182,87902,22,0,33,12,8,2025
2025-08-12 23:00:00.000,H15,LA MACHINE A VOYAGER DANS LE TEMPS,182,87919,23,0,33,12,8,2025
2025-08-13 00:00:00.000,H15,LA MACHINE A VOYAGER DANS LE TEMPS,182,87936,0,0,33,13,8,2025
2025-08-13 01:00:00.000,H15,LA MACHINE A VOYAGER DANS LE TEMPS,182,87953,1,0,33,13,8,2025
2025-08-13 02:00:00.000,H15,LA MACHINE A VOYAGER DANS LE TEMPS,182,87970,2,0,33,13,8,2025
2025-08-13 03:00:00.000,H15,LA MACHINE A VOYAGER DANS LE TEMPS,182,87987,3,0,33,13,8,2025
2025-08-13 04:00:00.000,H15,LA MACHINE A VOYAGER DANS LE TEMPS,182,88004,4,0,33,13,8,2025
2025-08-13 05:00:00.000,H15,LA MACHINE A VOYAGER DANS LE TEMPS,182,88021,5,0,33,13,8,2025
2025-08-13 06:00:00.000,H15,LA MACHINE A VOYAGER DANS LE TEMPS,182,88038,6,0,33,13,8,2025
2025-08-13 07:00:00.000,H15,LA MACHINE A VOYAGER DANS LE TEMPS,182,88062,7,0,33,13,8,2025
2025-08-13 08:00:00.000,H15,LA MACHINE A VOYAGER DANS LE TEMPS,163,88086,8,0,33,13,8,2025
2025-08-13 09:00:00.000,H15,LA MACHINE A VOYAGER DANS LE TEMPS,49,88110,9,0,33,13,8,2025
2025-08-13 10:00:00.000,H15,LA MACHINE A VOYAGER DANS LE TEMPS,791,88134,10,0,33,13,8,2025
2025-08-13 11:00:00.000,H15,LA MACHINE A VOYAGER DANS LE TEMPS,1009,88158,11,0,33,13,8,2025
2025-08-13 12:00:00.000,H15,LA MACHINE A VOYAGER DANS LE TEMPS,957,88182,12,0,33,13,8,2025
2025-08-13 13:00:00.000,H15,LA MACHINE A VOYAGER DANS LE TEMPS,764,88206,13,0,33,13,8,2025
2025-08-13 14:00:00.000,H15,LA MACHINE A VOYAGER DANS LE TEMPS,1032,88230,14,0,33,13,8,2025
2025-08-13 15:00:00.000,H15,LA MACHINE A VOYAGER DANS LE TEMPS,771,88254,15,0,33,13,8,2025
2025-08-13 16:00:00.000,H15,LA MACHINE A VOYAGER DANS LE TEMPS,883,88278,16,0,33,13,8,2025
2025-08-13 17:00:00.000,H15,LA MACHINE A VOYAGER DANS LE TEMPS,1001,88302,17,0,33,13,8,2025
2025-08-13 18:00:00.000,H15,LA MACHINE A VOYAGER DANS LE TEMPS,672,88326,18,0,33,13,8,2025
2025-08-13 19:00:00.000,H15,LA MACHINE A VOYAGER DANS LE TEMPS,524,88350,19,0,33,13,8,2025
2025-08-13 20:00:00.000,H15,LA MACHINE A VOYAGER DANS LE TEMPS,390,88374,20,0,33,13,8,2025
2025-08-13 21:00:00.000,H15,LA MACHINE A VOYAGER DANS LE TEMPS,237,88398,21,0,33,13,8,2025
2025-08-13 22:00:00.000,H15,LA MACHINE A VOYAGER DANS LE TEMPS,111,88414,22,0,33,13,8,2025
2025-08-13 23:00:00.000,H15,LA MACHINE A VOYAGER DANS LE TEMPS,0,88430,23,0,33,13,8,2025
2025-08-14 00:00:00.000,H15,LA MACHINE A VOYAGER DANS LE TEMPS,0,88446,0,0,33,14,8,2025
2025-08-14 01:00:00.000,H15,LA MACHINE A VOYAGER DANS LE TEMPS,0,88462,1,0,33,14,8,2025
2025-08-14 02:00:00.000,H15,LA MACHINE A VOYAGER DANS LE TEMPS,0,88478,2,0,33,14,8,2025
2025-08-14 03:00:00.000,H15,LA MACHINE A VOYAGER DANS LE TEMPS,0,88494,3,0,33,14,8,2025
2025-08-14 04:00:00.000,H15,LA MACHINE A VOYAGER DANS LE TEMPS,0,88510,4,0,33,14,8,2025
2025-08-14 05:00:00.000,H15,LA MACHINE A VOYAGER DANS LE TEMPS,0,88526,5,0,33,14,8,2025
2025-08-14 06:00:00.000,H15,LA MACHINE A VOYAGER DANS LE TEMPS,0,88542,6,0,33,14,8,2025
2025-08-14 07:00:00.000,H15,LA MACHINE A VOYAGER DANS LE TEMPS,0,88566,7,0,33,14,8,2025
2025-08-14 08:00:00.000,H15,LA MACHINE A VOYAGER DANS LE TEMPS,0,88590,8,0,33,14,8,2025
2025-08-14 09:00:00.000,H15,LA MACHINE A VOYAGER DANS LE TEMPS,157,88614,9,0,33,14,8,2025
2025-08-14 10:00:00.000,H15,LA MACHINE A VOYAGER DANS LE TEMPS,801,88638,10,0,33,14,8,2025
2025-08-14 11:00:00.000,H15,LA MACHINE A VOYAGER DANS LE TEMPS,998,88662,11,0,33,14,8,2025
2025-08-14 12:00:00.000,H15,LA MACHINE A VOYAGER DANS LE TEMPS,876,88686,12,0,33,14,8,2025
2025-08-14 13:00:00.000,H15,LA MACHINE A VOYAGER DANS LE TEMPS,773,88710,13,0,33,14,8,2025
2025-08-14 14:00:00.000,H15,LA MACHINE A VOYAGER DANS LE TEMPS,665,88734,14,0,33,14,8,2025
2025-08-14 15:00:00.000,H15,LA MACHINE A VOYAGER DANS LE TEMPS,770,88758,15,0,33,14,8,2025
2025-08-14 16:00:00.000,H15,LA MACHINE A VOYAGER DANS LE TEMPS,749,88782,16,0,33,14,8,2025
2025-08-14 17:00:00.000,H15,LA MACHINE A VOYAGER DANS LE TEMPS,718,88806,17,0,33,14,8,2025
2025-08-14 18:00:00.000,H15,LA MACHINE A VOYAGER DANS LE TEMPS,671,88830,18,0,33,14,8,2025
2025-08-14 19:00:00.000,H15,LA MACHINE A VOYAGER DANS LE TEMPS,465,88854,19,0,33,14,8,2025
2025-08-14 20:00:00.000,H15,LA MACHINE A VOYAGER DANS LE TEMPS,249,88878,20,0,33,14,8,2025
2025-08-14 21:00:00.000,H15,LA MACHINE A VOYAGER DANS LE TEMPS,36,88902,21,0,33,14,8,2025
2025-08-14 22:00:00.000,H15,LA MACHINE A VOYAGER DANS LE TEMPS,0,88918,22,0,33,14,8,2025
2025-08-14 23:00:00.000,H15,LA MACHINE A VOYAGER DANS LE TEMPS,0,88934,23,0,33,14,8,2025
2025-08-15 00:00:00.000,H15,LA MACHINE A VOYAGER DANS LE TEMPS,0,88950,0,0,33,15,8,2025
2025-08-15 01:00:00.000,H15,LA MACHINE A VOYAGER DANS LE TEMPS,0,88966,1,0,33,15,8,2025
2025-08-15 02:00:00.000,H15,LA MACHINE A VOYAGER DANS LE TEMPS,0,88982,2,0,33,15,8,2025
2025-08-15 03:00:00.000,H15,LA MACHINE A VOYAGER DANS LE TEMPS,0,88998,3,0,33,15,8,2025
2025-08-15 04:00:00.000,H15,LA MACHINE A VOYAGER DANS LE TEMPS,0,89014,4,0,33,15,8,2025
2025-08-15 05:00:00.000,H15,LA MACHINE A VOYAGER DANS LE TEMPS,0,89030,5,0,33,15,8,2025
2025-08-15 06:00:00.000,H15,LA MACHINE A VOYAGER DANS LE TEMPS,0,89046,6,0,33,15,8,2025
2025-08-15 07:00:00.000,H15,LA MACHINE A VOYAGER DANS LE TEMPS,0,89070,7,0,33,15,8,2025
2025-08-15 08:00:00.000,H15,LA MACHINE A VOYAGER DANS LE TEMPS,0,89094,8,0,33,15,8,2025
2025-08-15 09:00:00.000,H15,LA MACHINE A VOYAGER DANS LE TEMPS,97,89118,9,0,33,15,8,2025
2025-08-15 10:00:00.000,H15,LA MACHINE A VOYAGER DANS LE TEMPS,638,89142,10,0,33,15,8,2025
2025-08-15 11:00:00.000,H15,LA MACHINE A VOYAGER DANS LE TEMPS,699,89166,11,0,33,15,8,2025
2025-08-15 12:00:00.000,H15,LA MACHINE A VOYAGER DANS LE TEMPS,622,89190,12,0,33,15,8,2025
2025-08-15 13:00:00.000,H15,LA MACHINE A VOYAGER DANS LE TEMPS,516,89214,13,0,33,15,8,2025
2025-08-15 14:00:00.000,H15,LA MACHINE A VOYAGER DANS LE TEMPS,562,89238,14,0,33,15,8,2025
2025-08-15 15:00:00.000,H15,LA MACHINE A VOYAGER DANS LE TEMPS,533,89262,15,0,33,15,8,2025
2025-08-15 16:00:00.000,H15,LA MACHINE A VOYAGER DANS LE TEMPS,643,89286,16,0,33,15,8,2025
2025-08-15 17:00:00.000,H15,LA MACHINE A VOYAGER DANS LE TEMPS,494,89310,17,0,33,15,8,2025
2025-08-15 18:00:00.000,H15,LA MACHINE A VOYAGER DANS LE TEMPS,376,89334,18,0,33,15,8,2025
2025-08-15 19:00:00.000,H15,LA MACHINE A VOYAGER DANS LE TEMPS,175,89358,19,0,33,15,8,2025
2025-08-15 20:00:00.000,H15,LA MACHINE A VOYAGER DANS LE TEMPS,48,89382,20,0,33,15,8,2025
2025-08-15 21:00:00.000,H15,LA MACHINE A VOYAGER DANS LE TEMPS,18,89406,21,0,33,15,8,2025
2025-08-15 22:00:00.000,H15,LA MACHINE A VOYAGER DANS LE TEMPS,0,89422,22,0,33,15,8,2025
2025-08-15 23:00:00.000,H15,LA MACHINE A VOYAGER DANS LE TEMPS,0,89438,23,0,33,15,8,2025
2025-08-16 00:00:00.000,H15,LA MACHINE A VOYAGER DANS LE TEMPS,0,89454,0,0,33,16,8,2025
2025-08-16 01:00:00.000,H15,LA MACHINE A VOYAGER DANS LE TEMPS,0,89470,1,0,33,16,8,2025
2025-08-16 02:00:00.000,H15,LA MACHINE A VOYAGER DANS LE TEMPS,0,89486,2,0,33,16,8,2025
2025-08-16 03:00:00.000,H15,LA MACHINE A VOYAGER DANS LE TEMPS,0,89502,3,0,33,16,8,2025
2025-08-16 04:00:00.000,H15,LA MACHINE A VOYAGER DANS LE TEMPS,0,89518,4,0,33,16,8,2025
2025-08-16 05:00:00.000,H15,LA MACHINE A VOYAGER DANS LE TEMPS,0,89534,5,0,33,16,8,2025
2025-08-16 06:00:00.000,H15,LA MACHINE A VOYAGER DANS LE TEMPS,0,89550,6,0,33,16,8,2025
2025-08-16 07:00:00.000,H15,LA MACHINE A VOYAGER DANS LE TEMPS,0,89574,7,0,33,16,8,2025
2025-08-16 08:00:00.000,H15,LA MACHINE A VOYAGER DANS LE TEMPS,0,89598,8,0,33,16,8,2025
2025-08-16 09:00:00.000,H15,LA MACHINE A VOYAGER DANS LE TEMPS,42,89622,9,0,33,16,8,2025
2025-08-16 10:00:00.000,H15,LA MACHINE A VOYAGER DANS LE TEMPS,579,89646,10,0,33,16,8,2025
2025-08-16 11:00:00.000,H15,LA MACHINE A VOYAGER DANS LE TEMPS,794,89670,11,0,33,16,8,2025
2025-08-16 12:00:00.000,H15,LA MACHINE A VOYAGER DANS LE TEMPS,669,89694,12,0,33,16,8,2025
2025-08-16 13:00:00.000,H15,LA MACHINE A VOYAGER DANS LE TEMPS,521,89718,13,0,33,16,8,2025
2025-08-16 14:00:00.000,H15,LA MACHINE A VOYAGER DANS LE TEMPS,491,89742,14,0,33,16,8,2025
2025-08-16 15:00:00.000,H15,LA MACHINE A VOYAGER DANS LE TEMPS,537,89766,15,0,33,16,8,2025
2025-08-16 16:00:00.000,H15,LA MACHINE A VOYAGER DANS LE TEMPS,506,89790,16,0,33,16,8,2025
2025-08-16 17:00:00.000,H15,LA MACHINE A VOYAGER DANS LE TEMPS,523,89814,17,0,33,16,8,2025
2025-08-16 18:00:00.000,H15,LA MACHINE A VOYAGER DANS LE TEMPS,350,89838,18,0,33,16,8,2025
2025-08-16 19:00:00.000,H15,LA MACHINE A VOYAGER DANS LE TEMPS,319,89862,19,0,33,16,8,2025
2025-08-16 20:00:00.000,H15,LA MACHINE A VOYAGER DANS LE TEMPS,126,89886,20,0,33,16,8,2025
2025-08-16 21:00:00.000,H15,LA MACHINE A VOYAGER DANS LE TEMPS,22,89910,21,0,33,16,8,2025
2025-08-16 22:00:00.000,H15,LA MACHINE A VOYAGER DANS LE TEMPS,0,89926,22,0,33,16,8,2025
2025-08-16 23:00:00.000,H15,LA MACHINE A VOYAGER DANS LE TEMPS,0,89942,23,0,33,16,8,2025
2025-08-17 00:00:00.000,H15,LA MACHINE A VOYAGER DANS LE TEMPS,0,89958,0,0,34,17,8,2025
2025-08-17 01:00:00.000,H15,LA MACHINE A VOYAGER DANS LE TEMPS,0,89974,1,0,34,17,8,2025
2025-08-17 02:00:00.000,H15,LA MACHINE A VOYAGER DANS LE TEMPS,0,89990,2,0,34,17,8,2025
2025-08-17 03:00:00.000,H15,LA MACHINE A VOYAGER DANS LE TEMPS,0,90006,3,0,34,17,8,2025
2025-08-17 04:00:00.000,H15,LA MACHINE A VOYAGER DANS LE TEMPS,0,90022,4,0,34,17,8,2025
2025-08-17 05:00:00.000,H15,LA MACHINE A VOYAGER DANS LE TEMPS,0,90038,5,0,34,17,8,2025
2025-08-17 06:00:00.000,H15,LA MACHINE A VOYAGER DANS LE TEMPS,0,90054,6,0,34,17,8,2025
2025-08-17 07:00:00.000,H15,LA MACHINE A VOYAGER DANS LE TEMPS,0,90079,7,0,34,17,8,2025
2025-08-17 08:00:00.000,H15,LA MACHINE A VOYAGER DANS LE TEMPS,0,90104,8,0,34,17,8,2025
2025-08-17 09:00:00.000,H15,LA MACHINE A VOYAGER DANS LE TEMPS,44,90129,9,0,34,17,8,2025
2025-08-17 10:00:00.000,H15,LA MACHINE A VOYAGER DANS LE TEMPS,528,90154,10,0,34,17,8,2025
2025-08-17 11:00:00.000,H15,LA MACHINE A VOYAGER DANS LE TEMPS,602,90179,11,0,34,17,8,2025
2025-08-17 12:00:00.000,H15,LA MACHINE A VOYAGER DANS LE TEMPS,464,90204,12,0,34,17,8,2025
2025-08-17 13:00:00.000,H15,LA MACHINE A VOYAGER DANS LE TEMPS,342,90229,13,0,34,17,8,2025
2025-08-17 14:00:00.000,H15,LA MACHINE A VOYAGER DANS LE TEMPS,185,90254,14,0,34,17,8,2025
2025-08-17 15:00:00.000,H15,LA MACHINE A VOYAGER DANS LE TEMPS,364,90279,15,0,34,17,8,2025
2025-08-17 16:00:00.000,H15,LA MACHINE A VOYAGER DANS LE TEMPS,372,90304,16,0,34,17,8,2025
2025-08-17 17:00:00.000,H15,LA MACHINE A VOYAGER DANS LE TEMPS,383,90329,17,0,34,17,8,2025
2025-08-17 18:00:00.000,H15,LA MACHINE A VOYAGER DANS LE TEMPS,212,90354,18,0,34,17,8,2025
2025-08-17 19:00:00.000,H15,LA MACHINE A VOYAGER DANS LE TEMPS,98,90379,19,0,34,17,8,2025
2025-08-17 20:00:00.000,H15,LA MACHINE A VOYAGER DANS LE TEMPS,61,90404,20,0,34,17,8,2025
2025-08-17 21:00:00.000,H15,LA MACHINE A VOYAGER DANS LE TEMPS,10,90429,21,0,34,17,8,2025
2025-08-17 22:00:00.000,H15,LA MACHINE A VOYAGER DANS LE TEMPS,0,90446,22,0,34,17,8,2025
2025-08-17 23:00:00.000,H15,LA MACHINE A VOYAGER DANS LE TEMPS,0,90463,23,0,34,17,8,2025
2025-08-18 00:00:00.000,H15,LA MACHINE A VOYAGER DANS LE TEMPS,0,90480,0,0,34,18,8,2025
2025-08-18 01:00:00.000,H15,LA MACHINE A VOYAGER DANS LE TEMPS,0,90497,1,0,34,18,8,2025
2025-08-18 02:00:00.000,H15,LA MACHINE A VOYAGER DANS LE TEMPS,0,90514,2,0,34,18,8,2025
2025-08-18 03:00:00.000,H15,LA MACHINE A VOYAGER DANS LE TEMPS,0,90531,3,0,34,18,8,2025
2025-08-18 04:00:00.000,H15,LA MACHINE A VOYAGER DANS LE TEMPS,0,90548,4,0,34,18,8,2025
2025-08-18 05:00:00.000,H15,LA MACHINE A VOYAGER DANS LE TEMPS,0,90565,5,0,34,18,8,2025
2025-08-18 06:00:00.000,H15,LA MACHINE A VOYAGER DANS LE TEMPS,0,90582,6,0,34,18,8,2025
2025-08-18 07:00:00.000,H15,LA MACHINE A VOYAGER DANS LE TEMPS,0,90607,7,0,34,18,8,2025
2025-08-18 08:00:00.000,H15,LA MACHINE A VOYAGER DANS LE TEMPS,0,90632,8,0,34,18,8,2025
2025-08-18 09:00:00.000,H15,LA MACHINE A VOYAGER DANS LE TEMPS,54,90657,9,0,34,18,8,2025
2025-08-18 10:00:00.000,H15,LA MACHINE A VOYAGER DANS LE TEMPS,355,90682,10,0,34,18,8,2025
2025-08-18 11:00:00.000,H15,LA MACHINE A VOYAGER DANS LE TEMPS,1101,90707,11,0,34,18,8,2025
2025-08-18 12:00:00.000,H15,LA MACHINE A VOYAGER DANS LE TEMPS,730,90732,12,0,34,18,8,2025
2025-08-18 13:00:00.000,H15,LA MACHINE A VOYAGER DANS LE TEMPS,687,90757,13,0,34,18,8,2025
2025-08-18 14:00:00.000,H15,LA MACHINE A VOYAGER DANS LE TEMPS,699,90782,14,0,34,18,8,2025
2025-08-18 15:00:00.000,H15,LA MACHINE A VOYAGER DANS LE TEMPS,797,90807,15,0,34,18,8,2025
2025-08-18 16:00:00.000,H15,LA MACHINE A VOYAGER DANS LE TEMPS,742,90832,16,0,34,18,8,2025
2025-08-18 17:00:00.000,H15,LA MACHINE A VOYAGER DANS LE TEMPS,697,90857,17,0,34,18,8,2025
2025-08-18 18:00:00.000,H15,LA MACHINE A VOYAGER DANS LE TEMPS,602,90882,18,0,34,18,8,2025
2025-08-18 19:00:00.000,H15,LA MACHINE A VOYAGER DANS LE TEMPS,444,90907,19,0,34,18,8,2025
2025-08-18 20:00:00.000,H15,LA MACHINE A VOYAGER DANS LE TEMPS,225,90932,20,0,34,18,8,2025
2025-08-18 21:00:00.000,H15,LA MACHINE A VOYAGER DANS LE TEMPS,73,90957,21,0,34,18,8,2025
2025-08-18 22:00:00.000,H15,LA MACHINE A VOYAGER DANS LE TEMPS,0,90974,22,0,34,18,8,2025
2025-08-18 23:00:00.000,H15,LA MACHINE A VOYAGER DANS LE TEMPS,0,90991,23,0,34,18,8,2025
2025-08-19 00:00:00.000,H15,LA MACHINE A VOYAGER DANS LE TEMPS,0,91008,0,0,34,19,8,2025
2025-08-19 01:00:00.000,H15,LA MACHINE A VOYAGER DANS LE TEMPS,0,91025,1,0,34,19,8,2025
2025-08-19 02:00:00.000,H15,LA MACHINE A VOYAGER DANS LE TEMPS,0,91042,2,0,34,19,8,2025
2025-08-19 03:00:00.000,H15,LA MACHINE A VOYAGER DANS LE TEMPS,0,91059,3,0,34,19,8,2025
2025-08-19 04:00:00.000,H15,LA MACHINE A VOYAGER DANS LE TEMPS,0,91076,4,0,34,19,8,2025
2025-08-19 05:00:00.000,H15,LA MACHINE A VOYAGER DANS LE TEMPS,0,91093,5,0,34,19,8,2025
2025-08-19 06:00:00.000,H15,LA MACHINE A VOYAGER DANS LE TEMPS,0,91110,6,0,34,19,8,2025
2025-08-19 07:00:00.000,H15,LA MACHINE A VOYAGER DANS LE TEMPS,0,91135,7,0,34,19,8,2025
2025-08-19 08:00:00.000,H15,LA MACHINE A VOYAGER DANS LE TEMPS,0,91160,8,0,34,19,8,2025
2025-08-19 09:00:00.000,H15,LA MACHINE A VOYAGER DANS LE TEMPS,133,91185,9,0,34,19,8,2025
2025-08-19 10:00:00.000,H15,LA MACHINE A VOYAGER DANS LE TEMPS,867,91210,10,0,34,19,8,2025
2025-08-19 11:00:00.000,H15,LA MACHINE A VOYAGER DANS LE TEMPS,1054,91235,11,0,34,19,8,2025
2025-08-19 12:00:00.000,H15,LA MACHINE A VOYAGER DANS LE TEMPS,919,91260,12,0,34,19,8,2025
2025-08-19 13:00:00.000,H15,LA MACHINE A VOYAGER DANS LE TEMPS,904,91285,13,0,34,19,8,2025
2025-08-19 14:00:00.000,H15,LA MACHINE A VOYAGER DANS LE TEMPS,813,91310,14,0,34,19,8,2025
2025-08-19 15:00:00.000,H15,LA MACHINE A VOYAGER DANS LE TEMPS,913,91335,15,0,34,19,8,2025
2025-08-19 16:00:00.000,H15,LA MACHINE A VOYAGER DANS LE TEMPS,950,91360,16,0,34,19,8,2025
2025-08-19 17:00:00.000,H15,LA MACHINE A VOYAGER DANS LE TEMPS,850,91385,17,0,34,19,8,2025
2025-08-19 18:00:00.000,H15,LA MACHINE A VOYAGER DANS LE TEMPS,785,91410,18,0,34,19,8,2025
2025-08-19 19:00:00.000,H15,LA MACHINE A VOYAGER DANS LE TEMPS,572,91435,19,0,34,19,8,2025
2025-08-19 20:00:00.000,H15,LA MACHINE A VOYAGER DANS LE TEMPS,437,91460,20,0,34,19,8,2025
2025-08-19 21:00:00.000,H15,LA MACHINE A VOYAGER DANS LE TEMPS,304,91485,21,0,34,19,8,2025
2025-08-19 22:00:00.000,H15,LA MACHINE A VOYAGER DANS LE TEMPS,25,91502,22,0,34,19,8,2025
2025-08-19 23:00:00.000,H15,LA MACHINE A VOYAGER DANS LE TEMPS,0,91519,23,0,34,19,8,2025
2025-08-20 00:00:00.000,H15,LA MACHINE A VOYAGER DANS LE TEMPS,0,91536,0,0,34,20,8,2025
2025-08-20 01:00:00.000,H15,LA MACHINE A VOYAGER DANS LE TEMPS,0,91553,1,0,34,20,8,2025
2025-08-20 02:00:00.000,H15,LA MACHINE A VOYAGER DANS LE TEMPS,0,91570,2,0,34,20,8,2025
2025-08-20 03:00:00.000,H15,LA MACHINE A VOYAGER DANS LE TEMPS,0,91587,3,0,34,20,8,2025
2025-08-20 04:00:00.000,H15,LA MACHINE A VOYAGER DANS LE TEMPS,0,91604,4,0,34,20,8,2025
2025-08-20 05:00:00.000,H15,LA MACHINE A VOYAGER DANS LE TEMPS,0,91621,5,0,34,20,8,2025
2025-08-20 06:00:00.000,H15,LA MACHINE A VOYAGER DANS LE TEMPS,0,91638,6,0,34,20,8,2025
2025-08-20 07:00:00.000,H15,LA MACHINE A VOYAGER DANS LE TEMPS,0,91663,7,0,34,20,8,2025
2025-08-20 08:00:00.000,H15,LA MACHINE A VOYAGER DANS LE TEMPS,0,91688,8,0,34,20,8,2025
2025-08-20 09:00:00.000,H15,LA MACHINE A VOYAGER DANS LE TEMPS,46,91713,9,0,34,20,8,2025
2025-08-20 10:00:00.000,H15,LA MACHINE A VOYAGER DANS LE TEMPS,992,91738,10,0,34,20,8,2025
2025-08-20 11:00:00.000,H15,LA MACHINE A VOYAGER DANS LE TEMPS,960,91763,11,0,34,20,8,2025
2025-08-20 12:00:00.000,H15,LA MACHINE A VOYAGER DANS LE TEMPS,870,91788,12,0,34,20,8,2025
2025-08-20 13:00:00.000,H15,LA MACHINE A VOYAGER DANS LE TEMPS,699,91813,13,0,34,20,8,2025
2025-08-20 14:00:00.000,H15,LA MACHINE A VOYAGER DANS LE TEMPS,764,91838,14,0,34,20,8,2025
2025-08-20 15:00:00.000,H15,LA MACHINE A VOYAGER DANS LE TEMPS,762,91863,15,0,34,20,8,2025
2025-08-20 16:00:00.000,H15,LA MACHINE A VOYAGER DANS LE TEMPS,854,91888,16,0,34,20,8,2025
2025-08-20 17:00:00.000,H15,LA MACHINE A VOYAGER DANS LE TEMPS,836,91913,17,0,34,20,8,2025
2025-08-20 18:00:00.000,H15,LA MACHINE A VOYAGER DANS LE TEMPS,782,91938,18,0,34,20,8,2025
2025-08-20 19:00:00.000,H15,LA MACHINE A VOYAGER DANS LE TEMPS,437,91963,19,0,34,20,8,2025
2025-08-20 20:00:00.000,H15,LA MACHINE A VOYAGER DANS LE TEMPS,110,91988,20,0,34,20,8,2025
2025-08-20 21:00:00.000,H15,LA MACHINE A VOYAGER DANS LE TEMPS,14,92013,21,0,34,20,8,2025
2025-08-20 22:00:00.000,H15,LA MACHINE A VOYAGER DANS LE TEMPS,0,92030,22,0,34,20,8,2025
2025-08-20 23:00:00.000,H15,LA MACHINE A VOYAGER DANS LE TEMPS,0,92047,23,0,34,20,8,2025
2025-08-21 00:00:00.000,H15,LA MACHINE A VOYAGER DANS LE TEMPS,0,92064,0,0,34,21,8,2025
2025-08-21 01:00:00.000,H15,LA MACHINE A VOYAGER DANS LE TEMPS,0,92081,1,0,34,21,8,2025
2025-08-21 02:00:00.000,H15,LA MACHINE A VOYAGER DANS LE TEMPS,0,92098,2,0,34,21,8,2025
2025-08-21 03:00:00.000,H15,LA MACHINE A VOYAGER DANS LE TEMPS,0,92115,3,0,34,21,8,2025
2025-08-21 04:00:00.000,H15,LA MACHINE A VOYAGER DANS LE TEMPS,0,92132,4,0,34,21,8,2025
2025-08-21 05:00:00.000,H15,LA MACHINE A VOYAGER DANS LE TEMPS,0,92149,5,0,34,21,8,2025
2025-08-21 06:00:00.000,H15,LA MACHINE A VOYAGER DANS LE TEMPS,0,92166,6,0,34,21,8,2025
2025-08-21 07:00:00.000,H15,LA MACHINE A VOYAGER DANS LE TEMPS,0,92191,7,0,34,21,8,2025
2025-08-21 08:00:00.000,H15,LA MACHINE A VOYAGER DANS LE TEMPS,0,92216,8,0,34,21,8,2025
2025-08-21 09:00:00.000,H15,LA MACHINE A VOYAGER DANS LE TEMPS,152,92241,9,0,34,21,8,2025
2025-08-21 10:00:00.000,H15,LA MACHINE A VOYAGER DANS LE TEMPS,848,92266,10,0,34,21,8,2025
2025-08-21 11:00:00.000,H15,LA MACHINE A VOYAGER DANS LE TEMPS,936,92291,11,0,34,21,8,2025
2025-08-21 12:00:00.000,H15,LA MACHINE A VOYAGER DANS LE TEMPS,883,92316,12,0,34,21,8,2025
2025-08-21 13:00:00.000,H15,LA MACHINE A VOYAGER DANS LE TEMPS,767,92341,13,0,34,21,8,2025
2025-08-21 14:00:00.000,H15,LA MACHINE A VOYAGER DANS LE TEMPS,774,92366,14,0,34,21,8,2025
2025-08-21 15:00:00.000,H15,LA MACHINE A VOYAGER DANS LE TEMPS,862,92391,15,0,34,21,8,2025
2025-08-21 16:00:00.000,H15,LA MACHINE A VOYAGER DANS LE TEMPS,904,92416,16,0,34,21,8,2025
2025-08-21 17:00:00.000,H15,LA MACHINE A VOYAGER DANS LE TEMPS,783,92441,17,0,34,21,8,2025
2025-08-21 18:00:00.000,H15,LA MACHINE A VOYAGER DANS LE TEMPS,694,92466,18,0,34,21,8,2025
2025-08-21 19:00:00.000,H15,LA MACHINE A VOYAGER DANS LE TEMPS,473,92491,19,0,34,21,8,2025
2025-08-21 20:00:00.000,H15,LA MACHINE A VOYAGER DANS LE TEMPS,371,92516,20,0,34,21,8,2025
2025-08-21 21:00:00.000,H15,LA MACHINE A VOYAGER DANS LE TEMPS,277,92541,21,0,34,21,8,2025
2025-08-21 22:00:00.000,H15,LA MACHINE A VOYAGER DANS LE TEMPS,89,92558,22,0,34,21,8,2025
2025-08-21 23:00:00.000,H15,LA MACHINE A VOYAGER DANS LE TEMPS,89,92575,23,0,34,21,8,2025
2025-08-22 00:00:00.000,H15,LA MACHINE A VOYAGER DANS LE TEMPS,89,92592,0,0,34,22,8,2025
2025-08-22 01:00:00.000,H15,LA MACHINE A VOYAGER DANS LE TEMPS,89,92609,1,0,34,22,8,2025
2025-08-22 02:00:00.000,H15,LA MACHINE A VOYAGER DANS LE TEMPS,89,92626,2,0,34,22,8,2025
2025-08-22 03:00:00.000,H15,LA MACHINE A VOYAGER DANS LE TEMPS,89,92643,3,0,34,22,8,2025
2025-08-22 04:00:00.000,H15,LA MACHINE A VOYAGER DANS LE TEMPS,89,92660,4,0,34,22,8,2025
2025-08-22 05:00:00.000,H15,LA MACHINE A VOYAGER DANS LE TEMPS,89,92677,5,0,34,22,8,2025
2025-08-22 06:00:00.000,H15,LA MACHINE A VOYAGER DANS LE TEMPS,89,92694,6,0,34,22,8,2025
2025-08-22 07:00:00.000,H15,LA MACHINE A VOYAGER DANS LE TEMPS,89,92719,7,0,34,22,8,2025
2025-08-22 08:00:00.000,H15,LA MACHINE A VOYAGER DANS LE TEMPS,75,92744,8,0,34,22,8,2025
2025-08-22 09:00:00.000,H15,LA MACHINE A VOYAGER DANS LE TEMPS,76,92769,9,0,34,22,8,2025
2025-08-22 10:00:00.000,H15,LA MACHINE A VOYAGER DANS LE TEMPS,508,92794,10,0,34,22,8,2025
2025-08-22 11:00:00.000,H15,LA MACHINE A VOYAGER DANS LE TEMPS,748,92819,11,0,34,22,8,2025
2025-08-22 12:00:00.000,H15,LA MACHINE A VOYAGER DANS LE TEMPS,559,92844,12,0,34,22,8,2025
2025-08-22 13:00:00.000,H15,LA MACHINE A VOYAGER DANS LE TEMPS,538,92869,13,0,34,22,8,2025
2025-08-22 14:00:00.000,H15,LA MACHINE A VOYAGER DANS LE TEMPS,478,92894,14,0,34,22,8,2025
2025-08-22 15:00:00.000,H15,LA MACHINE A VOYAGER DANS LE TEMPS,655,92919,15,0,34,22,8,2025
2025-08-22 16:00:00.000,H15,LA MACHINE A VOYAGER DANS LE TEMPS,664,92944,16,0,34,22,8,2025
2025-08-22 17:00:00.000,H15,LA MACHINE A VOYAGER DANS LE TEMPS,524,92969,17,0,34,22,8,2025
2025-08-22 18:00:00.000,H15,LA MACHINE A VOYAGER DANS LE TEMPS,401,92994,18,0,34,22,8,2025
2025-08-22 19:00:00.000,H15,LA MACHINE A VOYAGER DANS LE TEMPS,166,93019,19,0,34,22,8,2025
2025-08-22 20:00:00.000,H15,LA MACHINE A VOYAGER DANS LE TEMPS,46,93044,20,0,34,22,8,2025
2025-08-22 21:00:00.000,H15,LA MACHINE A VOYAGER DANS LE TEMPS,21,93069,21,0,34,22,8,2025
2025-08-22 22:00:00.000,H15,LA MACHINE A VOYAGER DANS LE TEMPS,9,93086,22,0,34,22,8,2025
2025-08-22 23:00:00.000,H15,LA MACHINE A VOYAGER DANS LE TEMPS,9,93103,23,0,34,22,8,2025
2025-08-23 00:00:00.000,H15,LA MACHINE A VOYAGER DANS LE TEMPS,9,93120,0,0,34,23,8,2025
2025-08-23 01:00:00.000,H15,LA MACHINE A VOYAGER DANS LE TEMPS,9,93137,1,0,34,23,8,2025
2025-08-23 02:00:00.000,H15,LA MACHINE A VOYAGER DANS LE TEMPS,9,93154,2,0,34,23,8,2025
2025-08-23 03:00:00.000,H15,LA MACHINE A VOYAGER DANS LE TEMPS,9,93171,3,0,34,23,8,2025
2025-08-23 04:00:00.000,H15,LA MACHINE A VOYAGER DANS LE TEMPS,9,93188,4,0,34,23,8,2025
2025-08-23 05:00:00.000,H15,LA MACHINE A VOYAGER DANS LE TEMPS,9,93205,5,0,34,23,8,2025
2025-08-23 06:00:00.000,H15,LA MACHINE A VOYAGER DANS LE TEMPS,9,93222,6,0,34,23,8,2025
2025-08-23 07:00:00.000,H15,LA MACHINE A VOYAGER DANS LE TEMPS,9,93247,7,0,34,23,8,2025
2025-08-23 08:00:00.000,H15,LA MACHINE A VOYAGER DANS LE TEMPS,5,93272,8,0,34,23,8,2025
2025-08-23 09:00:00.000,H15,LA MACHINE A VOYAGER DANS LE TEMPS,57,93297,9,0,34,23,8,2025
2025-08-23 10:00:00.000,H15,LA MACHINE A VOYAGER DANS LE TEMPS,609,93322,10,0,34,23,8,2025
2025-08-23 11:00:00.000,H15,LA MACHINE A VOYAGER DANS LE TEMPS,702,93347,11,0,34,23,8,2025
2025-08-23 12:00:00.000,H15,LA MACHINE A VOYAGER DANS LE TEMPS,568,93372,12,0,34,23,8,2025
2025-08-23 13:00:00.000,H15,LA MACHINE A VOYAGER DANS LE TEMPS,557,93397,13,0,34,23,8,2025
2025-08-23 14:00:00.000,H15,LA MACHINE A VOYAGER DANS LE TEMPS,487,93422,14,0,34,23,8,2025
2025-08-23 15:00:00.000,H15,LA MACHINE A VOYAGER DANS LE TEMPS,589,93447,15,0,34,23,8,2025
2025-08-23 16:00:00.000,H15,LA MACHINE A VOYAGER DANS LE TEMPS,677,93472,16,0,34,23,8,2025
2025-08-23 17:00:00.000,H15,LA MACHINE A VOYAGER DANS LE TEMPS,525,93497,17,0,34,23,8,2025
2025-08-23 18:00:00.000,H15,LA MACHINE A VOYAGER DANS LE TEMPS,296,93522,18,0,34,23,8,2025
2025-08-23 19:00:00.000,H15,LA MACHINE A VOYAGER DANS LE TEMPS,237,93547,19,0,34,23,8,2025
2025-08-23 20:00:00.000,H15,LA MACHINE A VOYAGER DANS LE TEMPS,23,93572,20,0,34,23,8,2025
2025-08-23 21:00:00.000,H15,LA MACHINE A VOYAGER DANS LE TEMPS,15,93597,21,0,34,23,8,2025
2025-08-23 22:00:00.000,H15,LA MACHINE A VOYAGER DANS LE TEMPS,0,93614,22,0,34,23,8,2025
2025-08-23 23:00:00.000,H15,LA MACHINE A VOYAGER DANS LE TEMPS,0,93631,23,0,34,23,8,2025
2025-08-24 00:00:00.000,H15,LA MACHINE A VOYAGER DANS LE TEMPS,0,93648,0,0,35,24,8,2025
2025-08-24 01:00:00.000,H15,LA MACHINE A VOYAGER DANS LE TEMPS,0,93665,1,0,35,24,8,2025
2025-08-24 02:00:00.000,H15,LA MACHINE A VOYAGER DANS LE TEMPS,0,93682,2,0,35,24,8,2025
2025-08-24 03:00:00.000,H15,LA MACHINE A VOYAGER DANS LE TEMPS,0,93699,3,0,35,24,8,2025
2025-08-24 04:00:00.000,H15,LA MACHINE A VOYAGER DANS LE TEMPS,0,93716,4,0,35,24,8,2025
2025-08-24 05:00:00.000,H15,LA MACHINE A VOYAGER DANS LE TEMPS,0,93733,5,0,35,24,8,2025
2025-08-24 06:00:00.000,H15,LA MACHINE A VOYAGER DANS LE TEMPS,0,93750,6,0,35,24,8,2025
2025-08-24 07:00:00.000,H15,LA MACHINE A VOYAGER DANS LE TEMPS,0,93775,7,0,35,24,8,2025
2025-08-24 08:00:00.000,H15,LA MACHINE A VOYAGER DANS LE TEMPS,0,93800,8,0,35,24,8,2025
2025-08-24 09:00:00.000,H15,LA MACHINE A VOYAGER DANS LE TEMPS,39,93825,9,0,35,24,8,2025
2025-08-24 10:00:00.000,H15,LA MACHINE A VOYAGER DANS LE TEMPS,294,93850,10,0,35,24,8,2025
2025-08-24 11:00:00.000,H15,LA MACHINE A VOYAGER DANS LE TEMPS,521,93875,11,0,35,24,8,2025
2025-08-24 12:00:00.000,H15,LA MACHINE A VOYAGER DANS LE TEMPS,302,93900,12,0,35,24,8,2025
2025-08-24 13:00:00.000,H15,LA MACHINE A VOYAGER DANS LE TEMPS,324,93925,13,0,35,24,8,2025
2025-08-24 14:00:00.000,H15,LA MACHINE A VOYAGER DANS LE TEMPS,343,93950,14,0,35,24,8,2025
2025-08-24 15:00:00.000,H15,LA MACHINE A VOYAGER DANS LE TEMPS,186,93975,15,0,35,24,8,2025
2025-08-24 16:00:00.000,H15,LA MACHINE A VOYAGER DANS LE TEMPS,223,94000,16,0,35,24,8,2025
2025-08-24 17:00:00.000,H15,LA MACHINE A VOYAGER DANS LE TEMPS,228,94025,17,0,35,24,8,2025
2025-08-24 18:00:00.000,H15,LA MACHINE A VOYAGER DANS LE TEMPS,174,94050,18,0,35,24,8,2025
2025-08-24 19:00:00.000,H15,LA MACHINE A VOYAGER DANS LE TEMPS,22,94075,19,0,35,24,8,2025
2025-08-24 20:00:00.000,H15,LA MACHINE A VOYAGER DANS LE TEMPS,19,94100,20,0,35,24,8,2025
2025-08-24 21:00:00.000,H15,LA MACHINE A VOYAGER DANS LE TEMPS,8,94125,21,0,35,24,8,2025
2025-08-24 22:00:00.000,H15,LA MACHINE A VOYAGER DANS LE TEMPS,0,94142,22,0,35,24,8,2025
2025-08-24 23:00:00.000,H15,LA MACHINE A VOYAGER DANS LE TEMPS,0,94159,23,0,35,24,8,2025
2025-08-25 00:00:00.000,H15,LA MACHINE A VOYAGER DANS LE TEMPS,0,94176,0,0,35,25,8,2025
2025-08-25 01:00:00.000,H15,LA MACHINE A VOYAGER DANS LE TEMPS,0,94193,1,0,35,25,8,2025
2025-08-25 02:00:00.000,H15,LA MACHINE A VOYAGER DANS LE TEMPS,0,94210,2,0,35,25,8,2025
2025-08-25 03:00:00.000,H15,LA MACHINE A VOYAGER DANS LE TEMPS,0,94227,3,0,35,25,8,2025
2025-08-25 04:00:00.000,H15,LA MACHINE A VOYAGER DANS LE TEMPS,0,94244,4,0,35,25,8,2025
2025-08-25 05:00:00.000,H15,LA MACHINE A VOYAGER DANS LE TEMPS,0,94261,5,0,35,25,8,2025
2025-08-25 06:00:00.000,H15,LA MACHINE A VOYAGER DANS LE TEMPS,0,94278,6,0,35,25,8,2025
2025-08-25 07:00:00.000,H15,LA MACHINE A VOYAGER DANS LE TEMPS,0,94303,7,0,35,25,8,2025
2025-08-25 08:00:00.000,H15,LA MACHINE A VOYAGER DANS LE TEMPS,0,94328,8,0,35,25,8,2025
2025-08-25 09:00:00.000,H15,LA MACHINE A VOYAGER DANS LE TEMPS,241,94353,9,0,35,25,8,2025
2025-08-25 10:00:00.000,H15,LA MACHINE A VOYAGER DANS LE TEMPS,609,94378,10,0,35,25,8,2025
2025-08-25 11:00:00.000,H15,LA MACHINE A VOYAGER DANS LE TEMPS,572,94403,11,0,35,25,8,2025
2025-08-25 12:00:00.000,H15,LA MACHINE A VOYAGER DANS LE TEMPS,535,94428,12,0,35,25,8,2025
2025-08-25 13:00:00.000,H15,LA MACHINE A VOYAGER DANS LE TEMPS,432,94453,13,0,35,25,8,2025
2025-08-25 14:00:00.000,H15,LA MACHINE A VOYAGER DANS LE TEMPS,559,94478,14,0,35,25,8,2025
2025-08-25 15:00:00.000,H15,LA MACHINE A VOYAGER DANS LE TEMPS,553,94503,15,0,35,25,8,2025
2025-08-25 16:00:00.000,H15,LA MACHINE A VOYAGER DANS LE TEMPS,487,94528,16,0,35,25,8,2025
2025-08-25 17:00:00.000,H15,LA MACHINE A VOYAGER DANS LE TEMPS,396,94553,17,0,35,25,8,2025
2025-08-25 18:00:00.000,H15,LA MACHINE A VOYAGER DANS LE TEMPS,435,94578,18,0,35,25,8,2025
2025-08-25 19:00:00.000,H15,LA MACHINE A VOYAGER DANS LE TEMPS,172,94603,19,0,35,25,8,2025
2025-08-25 20:00:00.000,H15,LA MACHINE A VOYAGER DANS LE TEMPS,40,94628,20,0,35,25,8,2025
2025-08-25 21:00:00.000,H15,LA MACHINE A VOYAGER DANS LE TEMPS,23,94653,21,0,35,25,8,2025
2025-08-25 22:00:00.000,H15,LA MACHINE A VOYAGER DANS LE TEMPS,0,94670,22,0,35,25,8,2025
2025-08-25 23:00:00.000,H15,LA MACHINE A VOYAGER DANS LE TEMPS,0,94687,23,0,35,25,8,2025
2025-08-26 00:00:00.000,H15,LA MACHINE A VOYAGER DANS LE TEMPS,0,94704,0,0,35,26,8,2025
2025-08-26 01:00:00.000,H15,LA MACHINE A VOYAGER DANS LE TEMPS,0,94721,1,0,35,26,8,2025
2025-08-26 02:00:00.000,H15,LA MACHINE A VOYAGER DANS LE TEMPS,0,94738,2,0,35,26,8,2025
2025-08-26 03:00:00.000,H15,LA MACHINE A VOYAGER DANS LE TEMPS,0,94755,3,0,35,26,8,2025
2025-08-26 04:00:00.000,H15,LA MACHINE A VOYAGER DANS LE TEMPS,0,94772,4,0,35,26,8,2025
2025-08-26 05:00:00.000,H15,LA MACHINE A VOYAGER DANS LE TEMPS,0,94789,5,0,35,26,8,2025
2025-08-26 06:00:00.000,H15,LA MACHINE A VOYAGER DANS LE TEMPS,0,94806,6,0,35,26,8,2025
2025-08-26 07:00:00.000,H15,LA MACHINE A VOYAGER DANS LE TEMPS,0,94831,7,0,35,26,8,2025
2025-08-26 08:00:00.000,H15,LA MACHINE A VOYAGER DANS LE TEMPS,0,94856,8,0,35,26,8,2025
2025-08-26 09:00:00.000,H15,LA MACHINE A VOYAGER DANS LE TEMPS,66,94881,9,0,35,26,8,2025
2025-08-26 10:00:00.000,H15,LA MACHINE A VOYAGER DANS LE TEMPS,616,94906,10,0,35,26,8,2025
2025-08-26 11:00:00.000,H15,LA MACHINE A VOYAGER DANS LE TEMPS,736,94931,11,0,35,26,8,2025
2025-08-26 12:00:00.000,H15,LA MACHINE A VOYAGER DANS LE TEMPS,570,94956,12,0,35,26,8,2025
2025-08-26 13:00:00.000,H15,LA MACHINE A VOYAGER DANS LE TEMPS,487,94981,13,0,35,26,8,2025
2025-08-26 14:00:00.000,H15,LA MACHINE A VOYAGER DANS LE TEMPS,568,95006,14,0,35,26,8,2025
2025-08-26 15:00:00.000,H15,LA MACHINE A VOYAGER DANS LE TEMPS,512,95031,15,0,35,26,8,2025
2025-08-26 16:00:00.000,H15,LA MACHINE A VOYAGER DANS LE TEMPS,568,95056,16,0,35,26,8,2025
2025-08-26 17:00:00.000,H15,LA MACHINE A VOYAGER DANS LE TEMPS,450,95081,17,0,35,26,8,2025
2025-08-26 18:00:00.000,H15,LA MACHINE A VOYAGER DANS LE TEMPS,332,95106,18,0,35,26,8,2025
2025-08-26 19:00:00.000,H15,LA MACHINE A VOYAGER DANS LE TEMPS,263,95131,19,0,35,26,8,2025
2025-08-26 20:00:00.000,H15,LA MACHINE A VOYAGER DANS LE TEMPS,139,95156,20,0,35,26,8,2025
2025-08-26 21:00:00.000,H15,LA MACHINE A VOYAGER DANS LE TEMPS,21,95181,21,0,35,26,8,2025
2025-08-26 22:00:00.000,H15,LA MACHINE A VOYAGER DANS LE TEMPS,2,95198,22,0,35,26,8,2025
2025-08-26 23:00:00.000,H15,LA MACHINE A VOYAGER DANS LE TEMPS,0,95215,23,0,35,26,8,2025
2025-08-27 00:00:00.000,H15,LA MACHINE A VOYAGER DANS LE TEMPS,0,95232,0,0,35,27,8,2025
2025-08-27 01:00:00.000,H15,LA MACHINE A VOYAGER DANS LE TEMPS,0,95249,1,0,35,27,8,2025
2025-08-27 02:00:00.000,H15,LA MACHINE A VOYAGER DANS LE TEMPS,0,95266,2,0,35,27,8,2025
2025-08-27 03:00:00.000,H15,LA MACHINE A VOYAGER DANS LE TEMPS,0,95283,3,0,35,27,8,2025
2025-08-27 04:00:00.000,H15,LA MACHINE A VOYAGER DANS LE TEMPS,0,95300,4,0,35,27,8,2025
2025-08-27 05:00:00.000,H15,LA MACHINE A VOYAGER DANS LE TEMPS,0,95317,5,0,35,27,8,2025
2025-08-27 06:00:00.000,H15,LA MACHINE A VOYAGER DANS LE TEMPS,0,95334,6,0,35,27,8,2025
2025-08-27 07:00:00.000,H15,LA MACHINE A VOYAGER DANS LE TEMPS,0,95359,7,0,35,27,8,2025
2025-08-27 08:00:00.000,H15,LA MACHINE A VOYAGER DANS LE TEMPS,0,95384,8,0,35,27,8,2025
2025-08-27 09:00:00.000,H15,LA MACHINE A VOYAGER DANS LE TEMPS,52,95409,9,0,35,27,8,2025
2025-08-27 10:00:00.000,H15,LA MACHINE A VOYAGER DANS LE TEMPS,572,95434,10,0,35,27,8,2025
2025-08-27 11:00:00.000,H15,LA MACHINE A VOYAGER DANS LE TEMPS,628,95459,11,0,35,27,8,2025
2025-08-27 12:00:00.000,H15,LA MACHINE A VOYAGER DANS LE TEMPS,443,95484,12,0,35,27,8,2025
2025-08-27 13:00:00.000,H15,LA MACHINE A VOYAGER DANS LE TEMPS,428,95509,13,0,35,27,8,2025
2025-08-27 14:00:00.000,H15,LA MACHINE A VOYAGER DANS LE TEMPS,484,95534,14,0,35,27,8,2025
2025-08-27 15:00:00.000,H15,LA MACHINE A VOYAGER DANS LE TEMPS,494,95559,15,0,35,27,8,2025
2025-08-27 16:00:00.000,H15,LA MACHINE A VOYAGER DANS LE TEMPS,484,95584,16,0,35,27,8,2025
2025-08-27 17:00:00.000,H15,LA MACHINE A VOYAGER DANS LE TEMPS,426,95609,17,0,35,27,8,2025
2025-08-27 18:00:00.000,H15,LA MACHINE A VOYAGER DANS LE TEMPS,239,95634,18,0,35,27,8,2025
2025-08-27 19:00:00.000,H15,LA MACHINE A VOYAGER DANS LE TEMPS,176,95659,19,0,35,27,8,2025
2025-08-27 20:00:00.000,H15,LA MACHINE A VOYAGER DANS LE TEMPS,34,95684,20,0,35,27,8,2025
2025-08-27 21:00:00.000,H15,LA MACHINE A VOYAGER DANS LE TEMPS,10,95709,21,0,35,27,8,2025
2025-08-27 22:00:00.000,H15,LA MACHINE A VOYAGER DANS LE TEMPS,0,95726,22,0,35,27,8,2025
2025-08-27 23:00:00.000,H15,LA MACHINE A VOYAGER DANS LE TEMPS,0,95743,23,0,35,27,8,2025
2025-08-28 00:00:00.000,H15,LA MACHINE A VOYAGER DANS LE TEMPS,0,95760,0,0,35,28,8,2025
2025-08-28 01:00:00.000,H15,LA MACHINE A VOYAGER DANS LE TEMPS,0,95777,1,0,35,28,8,2025
2025-08-28 02:00:00.000,H15,LA MACHINE A VOYAGER DANS LE TEMPS,0,95794,2,0,35,28,8,2025
2025-08-28 03:00:00.000,H15,LA MACHINE A VOYAGER DANS LE TEMPS,0,95811,3,0,35,28,8,2025
2025-08-28 04:00:00.000,H15,LA MACHINE A VOYAGER DANS LE TEMPS,0,95828,4,0,35,28,8,2025
2025-08-28 05:00:00.000,H15,LA MACHINE A VOYAGER DANS LE TEMPS,0,95845,5,0,35,28,8,2025
2025-08-28 06:00:00.000,H15,LA MACHINE A VOYAGER DANS LE TEMPS,0,95862,6,0,35,28,8,2025
2025-08-28 07:00:00.000,H15,LA MACHINE A VOYAGER DANS LE TEMPS,0,95887,7,0,35,28,8,2025
2025-08-28 08:00:00.000,H15,LA MACHINE A VOYAGER DANS LE TEMPS,0,95912,8,0,35,28,8,2025
2025-08-28 09:00:00.000,H15,LA MACHINE A VOYAGER DANS LE TEMPS,0,95937,9,0,35,28,8,2025
2025-08-28 10:00:00.000,H15,LA MACHINE A VOYAGER DANS LE TEMPS,0,95962,10,0,35,28,8,2025
2025-08-28 11:00:00.000,H15,LA MACHINE A VOYAGER DANS LE TEMPS,0,95987,11,0,35,28,8,2025
2025-08-28 12:00:00.000,H15,LA MACHINE A VOYAGER DANS LE TEMPS,0,96012,12,0,35,28,8,2025
2025-08-28 13:00:00.000,H15,LA MACHINE A VOYAGER DANS LE TEMPS,0,96037,13,0,35,28,8,2025
2025-08-28 14:00:00.000,H15,LA MACHINE A VOYAGER DANS LE TEMPS,0,96062,14,0,35,28,8,2025
2025-08-28 15:00:00.000,H15,LA MACHINE A VOYAGER DANS LE TEMPS,0,96087,15,0,35,28,8,2025
2025-08-28 16:00:00.000,H15,LA MACHINE A VOYAGER DANS LE TEMPS,0,96112,16,0,35,28,8,2025
2025-08-28 17:00:00.000,H15,LA MACHINE A VOYAGER DANS LE TEMPS,0,96137,17,0,35,28,8,2025
2025-08-28 18:00:00.000,H15,LA MACHINE A VOYAGER DANS LE TEMPS,124,96162,18,0,35,28,8,2025
2025-08-28 19:00:00.000,H15,LA MACHINE A VOYAGER DANS LE TEMPS,657,96187,19,0,35,28,8,2025
2025-08-28 20:00:00.000,H15,LA MACHINE A VOYAGER DANS LE TEMPS,588,96212,20,0,35,28,8,2025
2025-08-28 21:00:00.000,H15,LA MACHINE A VOYAGER DANS LE TEMPS,364,96237,21,0,35,28,8,2025
2025-08-28 22:00:00.000,H15,LA MACHINE A VOYAGER DANS LE TEMPS,7,96254,22,0,35,28,8,2025
2025-08-28 23:00:00.000,H15,LA MACHINE A VOYAGER DANS LE TEMPS,0,96271,23,0,35,28,8,2025
2025-08-29 00:00:00.000,H15,LA MACHINE A VOYAGER DANS LE TEMPS,0,96288,0,0,35,29,8,2025
2025-08-29 01:00:00.000,H15,LA MACHINE A VOYAGER DANS LE TEMPS,0,96305,1,0,35,29,8,2025
2025-08-29 02:00:00.000,H15,LA MACHINE A VOYAGER DANS LE TEMPS,0,96322,2,0,35,29,8,2025
2025-08-29 03:00:00.000,H15,LA MACHINE A VOYAGER DANS LE TEMPS,0,96339,3,0,35,29,8,2025
2025-08-29 04:00:00.000,H15,LA MACHINE A VOYAGER DANS LE TEMPS,0,96356,4,0,35,29,8,2025
2025-08-29 05:00:00.000,H15,LA MACHINE A VOYAGER DANS LE TEMPS,0,96373,5,0,35,29,8,2025
2025-08-29 06:00:00.000,H15,LA MACHINE A VOYAGER DANS LE TEMPS,0,96390,6,0,35,29,8,2025
2025-08-29 07:00:00.000,H15,LA MACHINE A VOYAGER DANS LE TEMPS,0,96415,7,0,35,29,8,2025
2025-08-29 08:00:00.000,H15,LA MACHINE A VOYAGER DANS LE TEMPS,0,96440,8,0,35,29,8,2025
2025-08-29 09:00:00.000,H15,LA MACHINE A VOYAGER DANS LE TEMPS,57,96465,9,0,35,29,8,2025
2025-08-29 10:00:00.000,H15,LA MACHINE A VOYAGER DANS LE TEMPS,379,96490,10,0,35,29,8,2025
2025-08-29 11:00:00.000,H15,LA MACHINE A VOYAGER DANS LE TEMPS,455,96515,11,0,35,29,8,2025
2025-08-29 12:00:00.000,H15,LA MACHINE A VOYAGER DANS LE TEMPS,229,96540,12,0,35,29,8,2025
2025-08-29 13:00:00.000,H15,LA MACHINE A VOYAGER DANS LE TEMPS,148,96565,13,0,35,29,8,2025
2025-08-29 14:00:00.000,H15,LA MACHINE A VOYAGER DANS LE TEMPS,179,96590,14,0,35,29,8,2025
2025-08-29 15:00:00.000,H15,LA MACHINE A VOYAGER DANS LE TEMPS,188,96615,15,0,35,29,8,2025
2025-08-29 16:00:00.000,H15,LA MACHINE A VOYAGER DANS LE TEMPS,99,96640,16,0,35,29,8,2025
2025-08-29 17:00:00.000,H15,LA MACHINE A VOYAGER DANS LE TEMPS,74,96665,17,0,35,29,8,2025
2025-08-29 18:00:00.000,H15,LA MACHINE A VOYAGER DANS LE TEMPS,87,96690,18,0,35,29,8,2025
2025-08-29 19:00:00.000,H15,LA MACHINE A VOYAGER DANS LE TEMPS,107,96715,19,0,35,29,8,2025
2025-08-29 20:00:00.000,H15,LA MACHINE A VOYAGER DANS LE TEMPS,90,96740,20,0,35,29,8,2025
2025-08-29 21:00:00.000,H15,LA MACHINE A VOYAGER DANS LE TEMPS,90,96765,21,0,35,29,8,2025
2025-08-29 22:00:00.000,H15,LA MACHINE A VOYAGER DANS LE TEMPS,90,96782,22,0,35,29,8,2025
2025-08-29 23:00:00.000,H15,LA MACHINE A VOYAGER DANS LE TEMPS,90,96799,23,0,35,29,8,2025
2025-08-30 00:00:00.000,H15,LA MACHINE A VOYAGER DANS LE TEMPS,90,96816,0,0,35,30,8,2025
2025-08-30 01:00:00.000,H15,LA MACHINE A VOYAGER DANS LE TEMPS,90,96833,1,0,35,30,8,2025
2025-08-30 02:00:00.000,H15,LA MACHINE A VOYAGER DANS LE TEMPS,90,96850,2,0,35,30,8,2025
2025-08-30 03:00:00.000,H15,LA MACHINE A VOYAGER DANS LE TEMPS,90,96867,3,0,35,30,8,2025
2025-08-30 04:00:00.000,H15,LA MACHINE A VOYAGER DANS LE TEMPS,90,96884,4,0,35,30,8,2025
2025-08-30 05:00:00.000,H15,LA MACHINE A VOYAGER DANS LE TEMPS,90,96901,5,0,35,30,8,2025
2025-08-30 06:00:00.000,H15,LA MACHINE A VOYAGER DANS LE TEMPS,90,96918,6,0,35,30,8,2025
2025-08-30 07:00:00.000,H15,LA MACHINE A VOYAGER DANS LE TEMPS,90,96943,7,0,35,30,8,2025
2025-08-30 08:00:00.000,H15,LA MACHINE A VOYAGER DANS LE TEMPS,63,96968,8,0,35,30,8,2025
2025-08-30 09:00:00.000,H15,LA MACHINE A VOYAGER DANS LE TEMPS,21,96993,9,0,35,30,8,2025
2025-08-30 10:00:00.000,H15,LA MACHINE A VOYAGER DANS LE TEMPS,500,97018,10,0,35,30,8,2025
2025-08-30 11:00:00.000,H15,LA MACHINE A VOYAGER DANS LE TEMPS,696,97043,11,0,35,30,8,2025
2025-08-30 12:00:00.000,H15,LA MACHINE A VOYAGER DANS LE TEMPS,554,97068,12,0,35,30,8,2025
2025-08-30 13:00:00.000,H15,LA MACHINE A VOYAGER DANS LE TEMPS,403,97093,13,0,35,30,8,2025
2025-08-30 14:00:00.000,H15,LA MACHINE A VOYAGER DANS LE TEMPS,335,97118,14,0,35,30,8,2025
2025-08-30 15:00:00.000,H15,LA MACHINE A VOYAGER DANS LE TEMPS,323,97143,15,0,35,30,8,2025
2025-08-30 16:00:00.000,H15,LA MACHINE A VOYAGER DANS LE TEMPS,308,97168,16,0,35,30,8,2025
2025-08-30 17:00:00.000,H15,LA MACHINE A VOYAGER DANS LE TEMPS,263,97193,17,0,35,30,8,2025
2025-08-30 18:00:00.000,H15,LA MACHINE A VOYAGER DANS LE TEMPS,85,97218,18,0,35,30,8,2025
2025-08-30 19:00:00.000,H15,LA MACHINE A VOYAGER DANS LE TEMPS,25,97243,19,0,35,30,8,2025
2025-08-30 20:00:00.000,H15,LA MACHINE A VOYAGER DANS LE TEMPS,0,97268,20,0,35,30,8,2025
2025-08-30 21:00:00.000,H15,LA MACHINE A VOYAGER DANS LE TEMPS,0,97293,21,0,35,30,8,2025
2025-08-30 22:00:00.000,H15,LA MACHINE A VOYAGER DANS LE TEMPS,0,97310,22,0,35,30,8,2025
2025-08-30 23:00:00.000,H15,LA MACHINE A VOYAGER DANS LE TEMPS,0,97327,23,0,35,30,8,2025
2025-08-31 00:00:00.000,H15,LA MACHINE A VOYAGER DANS LE TEMPS,0,97344,0,0,36,31,8,2025
2025-08-31 01:00:00.000,H15,LA MACHINE A VOYAGER DANS LE TEMPS,0,97361,1,0,36,31,8,2025
2025-08-31 02:00:00.000,H15,LA MACHINE A VOYAGER DANS LE TEMPS,0,97378,2,0,36,31,8,2025
2025-08-31 03:00:00.000,H15,LA MACHINE A VOYAGER DANS LE TEMPS,0,97395,3,0,36,31,8,2025
2025-08-31 04:00:00.000,H15,LA MACHINE A VOYAGER DANS LE TEMPS,0,97412,4,0,36,31,8,2025
2025-08-31 05:00:00.000,H15,LA MACHINE A VOYAGER DANS LE TEMPS,0,97429,5,0,36,31,8,2025
2025-08-31 06:00:00.000,H15,LA MACHINE A VOYAGER DANS LE TEMPS,0,97446,6,0,36,31,8,2025
2025-08-31 07:00:00.000,H15,LA MACHINE A VOYAGER DANS LE TEMPS,0,97471,7,0,36,31,8,2025
2025-08-31 08:00:00.000,H15,LA MACHINE A VOYAGER DANS LE TEMPS,0,97496,8,0,36,31,8,2025
2025-08-31 09:00:00.000,H15,LA MACHINE A VOYAGER DANS LE TEMPS,18,97521,9,0,36,31,8,2025
2025-08-31 10:00:00.000,H15,LA MACHINE A VOYAGER DANS LE TEMPS,84,97546,10,0,36,31,8,2025
2025-08-31 11:00:00.000,H15,LA MACHINE A VOYAGER DANS LE TEMPS,40,97571,11,0,36,31,8,2025
2025-08-31 12:00:00.000,H15,LA MACHINE A VOYAGER DANS LE TEMPS,36,97596,12,0,36,31,8,2025
2025-08-31 13:00:00.000,H15,LA MACHINE A VOYAGER DANS LE TEMPS,37,97621,13,0,36,31,8,2025
2025-08-31 14:00:00.000,H15,LA MACHINE A VOYAGER DANS LE TEMPS,75,97646,14,0,36,31,8,2025
2025-08-31 15:00:00.000,H15,LA MACHINE A VOYAGER DANS LE TEMPS,78,97671,15,0,36,31,8,2025
2025-08-31 16:00:00.000,H15,LA MACHINE A VOYAGER DANS LE TEMPS,27,97696,16,0,36,31,8,2025
2025-08-31 17:00:00.000,H15,LA MACHINE A VOYAGER DANS LE TEMPS,20,97721,17,0,36,31,8,2025
2025-08-31 18:00:00.000,H15,LA MACHINE A VOYAGER DANS LE TEMPS,21,97746,18,0,36,31,8,2025
2025-08-31 19:00:00.000,H15,LA MACHINE A VOYAGER DANS LE TEMPS,14,97771,19,0,36,31,8,2025
2025-08-31 20:00:00.000,H15,LA MACHINE A VOYAGER DANS LE TEMPS,0,97796,20,0,36,31,8,2025
2025-08-31 21:00:00.000,H15,LA MACHINE A VOYAGER DANS LE TEMPS,0,97821,21,0,36,31,8,2025
2025-08-31 22:00:00.000,H15,LA MACHINE A VOYAGER DANS LE TEMPS,0,97838,22,0,36,31,8,2025
2025-08-31 23:00:00.000,H15,LA MACHINE A VOYAGER DANS LE TEMPS,0,97855,23,0,36,31,8,2025
2025-09-01 00:00:00.000,H15,LA MACHINE A VOYAGER DANS LE TEMPS,0,97872,0,0,36,1,9,2025
2025-09-01 01:00:00.000,H15,LA MACHINE A VOYAGER DANS LE TEMPS,0,97889,1,0,36,1,9,2025
2025-09-01 02:00:00.000,H15,LA MACHINE A VOYAGER DANS LE TEMPS,0,97906,2,0,36,1,9,2025
2025-09-01 03:00:00.000,H15,LA MACHINE A VOYAGER DANS LE TEMPS,0,97923,3,0,36,1,9,2025
2025-09-01 04:00:00.000,H15,LA MACHINE A VOYAGER DANS LE TEMPS,0,97940,4,0,36,1,9,2025
2025-09-01 05:00:00.000,H15,LA MACHINE A VOYAGER DANS LE TEMPS,0,97957,5,0,36,1,9,2025
2025-09-01 06:00:00.000,H15,LA MACHINE A VOYAGER DANS LE TEMPS,0,97974,6,0,36,1,9,2025
2025-09-01 07:00:00.000,H15,LA MACHINE A VOYAGER DANS LE TEMPS,0,97999,7,0,36,1,9,2025
2025-09-01 08:00:00.000,H15,LA MACHINE A VOYAGER DANS LE TEMPS,0,98024,8,0,36,1,9,2025
2025-09-01 09:00:00.000,H15,LA MACHINE A VOYAGER DANS LE TEMPS,0,98049,9,0,36,1,9,2025
2025-09-01 10:00:00.000,H15,LA MACHINE A VOYAGER DANS LE TEMPS,51,98074,10,0,36,1,9,2025
2025-09-01 11:00:00.000,H15,LA MACHINE A VOYAGER DANS LE TEMPS,47,98099,11,0,36,1,9,2025
2025-09-01 12:00:00.000,H15,LA MACHINE A VOYAGER DANS LE TEMPS,89,98124,12,0,36,1,9,2025
2025-09-01 13:00:00.000,H15,LA MACHINE A VOYAGER DANS LE TEMPS,157,98149,13,0,36,1,9,2025
2025-09-01 14:00:00.000,H15,LA MACHINE A VOYAGER DANS LE TEMPS,225,98174,14,0,36,1,9,2025
2025-09-01 15:00:00.000,H15,LA MACHINE A VOYAGER DANS LE TEMPS,46,98199,15,0,36,1,9,2025
2025-09-01 16:00:00.000,H15,LA MACHINE A VOYAGER DANS LE TEMPS,54,98224,16,0,36,1,9,2025
2025-09-01 17:00:00.000,H15,LA MACHINE A VOYAGER DANS LE TEMPS,11,98249,17,0,36,1,9,2025
2025-09-01 18:00:00.000,H15,LA MACHINE A VOYAGER DANS LE TEMPS,19,98274,18,0,36,1,9,2025
2025-09-01 19:00:00.000,H15,LA MACHINE A VOYAGER DANS LE TEMPS,9,98291,19,0,36,1,9,2025
2025-09-01 20:00:00.000,H15,LA MACHINE A VOYAGER DANS LE TEMPS,0,98308,20,0,36,1,9,2025
2025-09-01 21:00:00.000,H15,LA MACHINE A VOYAGER DANS LE TEMPS,0,98325,21,0,36,1,9,2025
2025-09-01 22:00:00.000,H15,LA MACHINE A VOYAGER DANS LE TEMPS,0,98342,22,0,36,1,9,2025
2025-09-01 23:00:00.000,H15,LA MACHINE A VOYAGER DANS LE TEMPS,0,98359,23,0,36,1,9,2025
2025-09-02 00:00:00.000,H15,LA MACHINE A VOYAGER DANS LE TEMPS,0,98376,0,0,36,2,9,2025
2025-09-02 01:00:00.000,H15,LA MACHINE A VOYAGER DANS LE TEMPS,0,98393,1,0,36,2,9,2025
2025-09-02 02:00:00.000,H15,LA MACHINE A VOYAGER DANS LE TEMPS,0,98410,2,0,36,2,9,2025
2025-09-02 03:00:00.000,H15,LA MACHINE A VOYAGER DANS LE TEMPS,0,98427,3,0,36,2,9,2025
2025-09-02 04:00:00.000,H15,LA MACHINE A VOYAGER DANS LE TEMPS,0,98444,4,0,36,2,9,2025
2025-09-02 05:00:00.000,H15,LA MACHINE A VOYAGER DANS LE TEMPS,0,98461,5,0,36,2,9,2025
2025-09-02 06:00:00.000,H15,LA MACHINE A VOYAGER DANS LE TEMPS,0,98478,6,0,36,2,9,2025
2025-09-02 07:00:00.000,H15,LA MACHINE A VOYAGER DANS LE TEMPS,0,98503,7,0,36,2,9,2025
2025-09-02 08:00:00.000,H15,LA MACHINE A VOYAGER DANS LE TEMPS,0,98528,8,0,36,2,9,2025
2025-09-02 09:00:00.000,H15,LA MACHINE A VOYAGER DANS LE TEMPS,0,98553,9,0,36,2,9,2025
2025-09-02 10:00:00.000,H15,LA MACHINE A VOYAGER DANS LE TEMPS,50,98578,10,0,36,2,9,2025
2025-09-02 11:00:00.000,H15,LA MACHINE A VOYAGER DANS LE TEMPS,51,98603,11,0,36,2,9,2025
2025-09-02 12:00:00.000,H15,LA MACHINE A VOYAGER DANS LE TEMPS,49,98628,12,0,36,2,9,2025
2025-09-02 13:00:00.000,H15,LA MACHINE A VOYAGER DANS LE TEMPS,19,98653,13,0,36,2,9,2025
2025-09-02 14:00:00.000,H15,LA MACHINE A VOYAGER DANS LE TEMPS,2,98678,14,0,36,2,9,2025
2025-09-02 15:00:00.000,H15,LA MACHINE A VOYAGER DANS LE TEMPS,49,98703,15,0,36,2,9,2025
2025-09-02 16:00:00.000,H15,LA MACHINE A VOYAGER DANS LE TEMPS,29,98728,16,0,36,2,9,2025
2025-09-02 17:00:00.000,H15,LA MACHINE A VOYAGER DANS LE TEMPS,33,98753,17,0,36,2,9,2025
2025-09-02 18:00:00.000,H15,LA MACHINE A VOYAGER DANS LE TEMPS,27,98778,18,0,36,2,9,2025
2025-09-02 19:00:00.000,H15,LA MACHINE A VOYAGER DANS LE TEMPS,12,98795,19,0,36,2,9,2025
2025-09-02 20:00:00.000,H15,LA MACHINE A VOYAGER DANS LE TEMPS,0,98812,20,0,36,2,9,2025
2025-09-02 21:00:00.000,H15,LA MACHINE A VOYAGER DANS LE TEMPS,0,98829,21,0,36,2,9,2025
2025-09-02 22:00:00.000,H15,LA MACHINE A VOYAGER DANS LE TEMPS,0,98846,22,0,36,2,9,2025
2025-09-02 23:00:00.000,H15,LA MACHINE A VOYAGER DANS LE TEMPS,0,98863,23,0,36,2,9,2025
2025-09-03 00:00:00.000,H15,LA MACHINE A VOYAGER DANS LE TEMPS,0,98880,0,0,36,3,9,2025
2025-09-03 01:00:00.000,H15,LA MACHINE A VOYAGER DANS LE TEMPS,0,98897,1,0,36,3,9,2025
2025-09-03 02:00:00.000,H15,LA MACHINE A VOYAGER DANS LE TEMPS,0,98914,2,0,36,3,9,2025
2025-09-03 03:00:00.000,H15,LA MACHINE A VOYAGER DANS LE TEMPS,0,98931,3,0,36,3,9,2025
2025-09-03 04:00:00.000,H15,LA MACHINE A VOYAGER DANS LE TEMPS,0,98948,4,0,36,3,9,2025
2025-09-03 05:00:00.000,H15,LA MACHINE A VOYAGER DANS LE TEMPS,0,98965,5,0,36,3,9,2025
2025-09-03 06:00:00.000,H15,LA MACHINE A VOYAGER DANS LE TEMPS,0,98982,6,0,36,3,9,2025
2025-09-03 07:00:00.000,H15,LA MACHINE A VOYAGER DANS LE TEMPS,0,99005,7,0,36,3,9,2025
2025-09-03 08:00:00.000,H15,LA MACHINE A VOYAGER DANS LE TEMPS,0,99028,8,0,36,3,9,2025
2025-09-03 09:00:00.000,H15,LA MACHINE A VOYAGER DANS LE TEMPS,0,99051,9,0,36,3,9,2025
2025-09-03 10:00:00.000,H15,LA MACHINE A VOYAGER DANS LE TEMPS,56,99074,10,0,36,3,9,2025
2025-09-03 11:00:00.000,H15,LA MACHINE A VOYAGER DANS LE TEMPS,124,99097,11,0,36,3,9,2025
2025-09-03 12:00:00.000,H15,LA MACHINE A VOYAGER DANS LE TEMPS,61,99120,12,0,36,3,9,2025
2025-09-03 13:00:00.000,H15,LA MACHINE A VOYAGER DANS LE TEMPS,68,99143,13,0,36,3,9,2025
2025-09-03 14:00:00.000,H15,LA MACHINE A VOYAGER DANS LE TEMPS,83,99166,14,0,36,3,9,2025
2025-09-03 15:00:00.000,H15,LA MACHINE A VOYAGER DANS LE TEMPS,56,99189,15,0,36,3,9,2025
2025-09-03 16:00:00.000,H15,LA MACHINE A VOYAGER DANS LE TEMPS,40,99212,16,0,36,3,9,2025
2025-09-03 17:00:00.000,H15,LA MACHINE A VOYAGER DANS LE TEMPS,43,99235,17,0,36,3,9,2025
2025-09-03 18:00:00.000,H15,LA MACHINE A VOYAGER DANS LE TEMPS,48,99258,18,0,36,3,9,2025
2025-09-03 19:00:00.000,H15,LA MACHINE A VOYAGER DANS LE TEMPS,21,99273,19,0,36,3,9,2025
2025-09-03 20:00:00.000,H15,LA MACHINE A VOYAGER DANS LE TEMPS,0,99288,20,0,36,3,9,2025
2025-09-03 21:00:00.000,H15,LA MACHINE A VOYAGER DANS LE TEMPS,0,99303,21,0,36,3,9,2025
2025-09-03 22:00:00.000,H15,LA MACHINE A VOYAGER DANS LE TEMPS,0,99318,22,0,36,3,9,2025
2025-09-03 23:00:00.000,H15,LA MACHINE A VOYAGER DANS LE TEMPS,0,99333,23,0,36,3,9,2025
2025-09-04 00:00:00.000,H15,LA MACHINE A VOYAGER DANS LE TEMPS,0,99348,0,0,36,4,9,2025
2025-09-04 01:00:00.000,H15,LA MACHINE A VOYAGER DANS LE TEMPS,0,99363,1,0,36,4,9,2025
2025-09-04 02:00:00.000,H15,LA MACHINE A VOYAGER DANS LE TEMPS,0,99378,2,0,36,4,9,2025
2025-09-04 03:00:00.000,H15,LA MACHINE A VOYAGER DANS LE TEMPS,0,99393,3,0,36,4,9,2025
2025-09-04 04:00:00.000,H15,LA MACHINE A VOYAGER DANS LE TEMPS,0,99408,4,0,36,4,9,2025
2025-09-04 05:00:00.000,H15,LA MACHINE A VOYAGER DANS LE TEMPS,0,99423,5,0,36,4,9,2025
2025-09-04 06:00:00.000,H15,LA MACHINE A VOYAGER DANS LE TEMPS,0,99438,6,0,36,4,9,2025
2025-09-04 07:00:00.000,H15,LA MACHINE A VOYAGER DANS LE TEMPS,0,99461,7,0,36,4,9,2025
2025-09-04 08:00:00.000,H15,LA MACHINE A VOYAGER DANS LE TEMPS,0,99484,8,0,36,4,9,2025
2025-09-04 09:00:00.000,H15,LA MACHINE A VOYAGER DANS LE TEMPS,0,99507,9,0,36,4,9,2025
2025-09-04 10:00:00.000,H15,LA MACHINE A VOYAGER DANS LE TEMPS,36,99530,10,0,36,4,9,2025
2025-09-04 11:00:00.000,H15,LA MACHINE A VOYAGER DANS LE TEMPS,53,99553,11,0,36,4,9,2025
2025-09-04 12:00:00.000,H15,LA MACHINE A VOYAGER DANS LE TEMPS,48,99576,12,0,36,4,9,2025
2025-09-04 13:00:00.000,H15,LA MACHINE A VOYAGER DANS LE TEMPS,29,99599,13,0,36,4,9,2025
2025-09-04 14:00:00.000,H15,LA MACHINE A VOYAGER DANS LE TEMPS,12,99622,14,0,36,4,9,2025
2025-09-04 15:00:00.000,H15,LA MACHINE A VOYAGER DANS LE TEMPS,33,99645,15,0,36,4,9,2025
2025-09-04 16:00:00.000,H15,LA MACHINE A VOYAGER DANS LE TEMPS,54,99668,16,0,36,4,9,2025
2025-09-04 17:00:00.000,H15,LA MACHINE A VOYAGER DANS LE TEMPS,27,99691,17,0,36,4,9,2025
2025-09-04 18:00:00.000,H15,LA MACHINE A VOYAGER DANS LE TEMPS,24,99714,18,0,36,4,9,2025
2025-09-04 19:00:00.000,H15,LA MACHINE A VOYAGER DANS LE TEMPS,7,99729,19,0,36,4,9,2025
2025-09-04 20:00:00.000,H15,LA MACHINE A VOYAGER DANS LE TEMPS,0,99744,20,0,36,4,9,2025
2025-09-04 21:00:00.000,H15,LA MACHINE A VOYAGER DANS LE TEMPS,0,99759,21,0,36,4,9,2025
2025-09-04 22:00:00.000,H15,LA MACHINE A VOYAGER DANS LE TEMPS,0,99774,22,0,36,4,9,2025
2025-09-04 23:00:00.000,H15,LA MACHINE A VOYAGER DANS LE TEMPS,0,99789,23,0,36,4,9,2025
2025-09-05 00:00:00.000,H15,LA MACHINE A VOYAGER DANS LE TEMPS,0,99804,0,0,36,5,9,2025
2025-09-05 01:00:00.000,H15,LA MACHINE A VOYAGER DANS LE TEMPS,0,99819,1,0,36,5,9,2025
2025-09-05 02:00:00.000,H15,LA MACHINE A VOYAGER DANS LE TEMPS,0,99834,2,0,36,5,9,2025
2025-09-05 03:00:00.000,H15,LA MACHINE A VOYAGER DANS LE TEMPS,0,99849,3,0,36,5,9,2025
2025-09-05 04:00:00.000,H15,LA MACHINE A VOYAGER DANS LE TEMPS,0,99864,4,0,36,5,9,2025
2025-09-05 05:00:00.000,H15,LA MACHINE A VOYAGER DANS LE TEMPS,0,99879,5,0,36,5,9,2025
2025-09-05 06:00:00.000,H15,LA MACHINE A VOYAGER DANS LE TEMPS,0,99894,6,0,36,5,9,2025
2025-09-05 07:00:00.000,H15,LA MACHINE A VOYAGER DANS LE TEMPS,0,99917,7,0,36,5,9,2025
2025-09-05 08:00:00.000,H15,LA MACHINE A VOYAGER DANS LE TEMPS,0,99940,8,0,36,5,9,2025
2025-09-05 09:00:00.000,H15,LA MACHINE A VOYAGER DANS LE TEMPS,0,99963,9,0,36,5,9,2025
2025-09-05 10:00:00.000,H15,LA MACHINE A VOYAGER DANS LE TEMPS,77,99986,10,0,36,5,9,2025
2025-09-05 11:00:00.000,H15,LA MACHINE A VOYAGER DANS LE TEMPS,60,100009,11,0,36,5,9,2025
2025-09-05 12:00:00.000,H15,LA MACHINE A VOYAGER DANS LE TEMPS,18,100032,12,0,36,5,9,2025
2025-09-05 13:00:00.000,H15,LA MACHINE A VOYAGER DANS LE TEMPS,9,100055,13,0,36,5,9,2025
2025-09-05 14:00:00.000,H15,LA MACHINE A VOYAGER DANS LE TEMPS,11,100078,14,0,36,5,9,2025
2025-09-05 15:00:00.000,H15,LA MACHINE A VOYAGER DANS LE TEMPS,14,100101,15,0,36,5,9,2025
2025-09-05 16:00:00.000,H15,LA MACHINE A VOYAGER DANS LE TEMPS,7,100124,16,0,36,5,9,2025
2025-09-05 17:00:00.000,H15,LA MACHINE A VOYAGER DANS LE TEMPS,7,100147,17,0,36,5,9,2025
2025-09-05 18:00:00.000,H15,LA MACHINE A VOYAGER DANS LE TEMPS,9,100170,18,0,36,5,9,2025
2025-09-05 19:00:00.000,H15,LA MACHINE A VOYAGER DANS LE TEMPS,3,100193,19,0,36,5,9,2025
2025-09-05 20:00:00.000,H15,LA MACHINE A VOYAGER DANS LE TEMPS,0,100208,20,0,36,5,9,2025
2025-09-05 21:00:00.000,H15,LA MACHINE A VOYAGER DANS LE TEMPS,0,100223,21,0,36,5,9,2025
2025-09-05 22:00:00.000,H15,LA MACHINE A VOYAGER DANS LE TEMPS,0,100238,22,0,36,5,9,2025
2025-09-05 23:00:00.000,H15,LA MACHINE A VOYAGER DANS LE TEMPS,0,100253,23,0,36,5,9,2025
2025-09-06 00:00:00.000,H15,LA MACHINE A VOYAGER DANS LE TEMPS,0,100268,0,0,36,6,9,2025
2025-09-06 01:00:00.000,H15,LA MACHINE A VOYAGER DANS LE TEMPS,0,100283,1,0,36,6,9,2025
2025-09-06 02:00:00.000,H15,LA MACHINE A VOYAGER DANS LE TEMPS,0,100298,2,0,36,6,9,2025
2025-09-06 03:00:00.000,H15,LA MACHINE A VOYAGER DANS LE TEMPS,0,100313,3,0,36,6,9,2025
2025-09-06 04:00:00.000,H15,LA MACHINE A VOYAGER DANS LE TEMPS,0,100328,4,0,36,6,9,2025
2025-09-06 05:00:00.000,H15,LA MACHINE A VOYAGER DANS LE TEMPS,0,100343,5,0,36,6,9,2025
2025-09-06 06:00:00.000,H15,LA MACHINE A VOYAGER DANS LE TEMPS,0,100358,6,0,36,6,9,2025
2025-09-06 07:00:00.000,H15,LA MACHINE A VOYAGER DANS LE TEMPS,0,100383,7,0,36,6,9,2025
2025-09-06 08:00:00.000,H15,LA MACHINE A VOYAGER DANS LE TEMPS,0,100408,8,0,36,6,9,2025
2025-09-06 09:00:00.000,H15,LA MACHINE A VOYAGER DANS LE TEMPS,7,100433,9,0,36,6,9,2025
2025-09-06 10:00:00.000,H15,LA MACHINE A VOYAGER DANS LE TEMPS,162,100458,10,0,36,6,9,2025
2025-09-06 11:00:00.000,H15,LA MACHINE A VOYAGER DANS LE TEMPS,339,100483,11,0,36,6,9,2025
2025-09-06 12:00:00.000,H15,LA MACHINE A VOYAGER DANS LE TEMPS,253,100508,12,0,36,6,9,2025
2025-09-06 13:00:00.000,H15,LA MACHINE A VOYAGER DANS LE TEMPS,102,100533,13,0,36,6,9,2025
2025-09-06 14:00:00.000,H15,LA MACHINE A VOYAGER DANS LE TEMPS,95,100558,14,0,36,6,9,2025
2025-09-06 15:00:00.000,H15,LA MACHINE A VOYAGER DANS LE TEMPS,247,100583,15,0,36,6,9,2025
2025-09-06 16:00:00.000,H15,LA MACHINE A VOYAGER DANS LE TEMPS,384,100608,16,0,36,6,9,2025
2025-09-06 17:00:00.000,H15,LA MACHINE A VOYAGER DANS LE TEMPS,280,100633,17,0,36,6,9,2025
2025-09-06 18:00:00.000,H15,LA MACHINE A VOYAGER DANS LE TEMPS,672,100658,18,0,36,6,9,2025
2025-09-06 19:00:00.000,H15,LA MACHINE A VOYAGER DANS LE TEMPS,73,100683,19,0,36,6,9,2025
2025-09-06 20:00:00.000,H15,LA MACHINE A VOYAGER DANS LE TEMPS,9,100708,20,0,36,6,9,2025
2025-09-06 21:00:00.000,H15,LA MACHINE A VOYAGER DANS LE TEMPS,1,100733,21,0,36,6,9,2025
2025-09-06 22:00:00.000,H15,LA MACHINE A VOYAGER DANS LE TEMPS,0,100750,22,0,36,6,9,2025
2025-09-06 23:00:00.000,H15,LA MACHINE A VOYAGER DANS LE TEMPS,0,100767,23,0,36,6,9,2025
2025-09-07 00:00:00.000,H15,LA MACHINE A VOYAGER DANS LE TEMPS,0,100784,0,0,37,7,9,2025
2025-09-07 01:00:00.000,H15,LA MACHINE A VOYAGER DANS LE TEMPS,0,100801,1,0,37,7,9,2025
2025-09-07 02:00:00.000,H15,LA MACHINE A VOYAGER DANS LE TEMPS,0,100818,2,0,37,7,9,2025
2025-09-07 03:00:00.000,H15,LA MACHINE A VOYAGER DANS LE TEMPS,0,100835,3,0,37,7,9,2025
2025-09-07 04:00:00.000,H15,LA MACHINE A VOYAGER DANS LE TEMPS,0,100852,4,0,37,7,9,2025
2025-09-07 05:00:00.000,H15,LA MACHINE A VOYAGER DANS LE TEMPS,0,100869,5,0,37,7,9,2025
2025-09-07 06:00:00.000,H15,LA MACHINE A VOYAGER DANS LE TEMPS,0,100886,6,0,37,7,9,2025
2025-09-07 07:00:00.000,H15,LA MACHINE A VOYAGER DANS LE TEMPS,0,100911,7,0,37,7,9,2025
2025-09-07 08:00:00.000,H15,LA MACHINE A VOYAGER DANS LE TEMPS,0,100936,8,0,37,7,9,2025
2025-09-07 09:00:00.000,H15,LA MACHINE A VOYAGER DANS LE TEMPS,6,100961,9,0,37,7,9,2025
2025-09-07 10:00:00.000,H15,LA MACHINE A VOYAGER DANS LE TEMPS,67,100986,10,0,37,7,9,2025
2025-09-07 11:00:00.000,H15,LA MACHINE A VOYAGER DANS LE TEMPS,186,101011,11,0,37,7,9,2025
2025-09-07 12:00:00.000,H15,LA MACHINE A VOYAGER DANS LE TEMPS,84,101036,12,0,37,7,9,2025
2025-09-07 13:00:00.000,H15,LA MACHINE A VOYAGER DANS LE TEMPS,18,101061,13,0,37,7,9,2025
2025-09-07 14:00:00.000,H15,LA MACHINE A VOYAGER DANS LE TEMPS,32,101086,14,0,37,7,9,2025
2025-09-07 15:00:00.000,H15,LA MACHINE A VOYAGER DANS LE TEMPS,31,101111,15,0,37,7,9,2025
2025-09-07 16:00:00.000,H15,LA MACHINE A VOYAGER DANS LE TEMPS,22,101136,16,0,37,7,9,2025
2025-09-07 17:00:00.000,H15,LA MACHINE A VOYAGER DANS LE TEMPS,10,101161,17,0,37,7,9,2025
2025-09-07 18:00:00.000,H15,LA MACHINE A VOYAGER DANS LE TEMPS,5,101186,18,0,37,7,9,2025
2025-09-07 19:00:00.000,H15,LA MACHINE A VOYAGER DANS LE TEMPS,0,101203,19,0,37,7,9,2025
2025-09-07 20:00:00.000,H15,LA MACHINE A VOYAGER DANS LE TEMPS,0,101220,20,0,37,7,9,2025
2025-09-07 21:00:00.000,H15,LA MACHINE A VOYAGER DANS LE TEMPS,0,101237,21,0,37,7,9,2025
2025-09-07 22:00:00.000,H15,LA MACHINE A VOYAGER DANS LE TEMPS,0,101254,22,0,37,7,9,2025
2025-09-07 23:00:00.000,H15,LA MACHINE A VOYAGER DANS LE TEMPS,0,101271,23,0,37,7,9,2025
2025-09-08 00:00:00.000,H15,LA MACHINE A VOYAGER DANS LE TEMPS,0,101288,0,0,37,8,9,2025
2025-09-08 01:00:00.000,H15,LA MACHINE A VOYAGER DANS LE TEMPS,0,101305,1,0,37,8,9,2025
2025-09-08 02:00:00.000,H15,LA MACHINE A VOYAGER DANS LE TEMPS,0,101322,2,0,37,8,9,2025
2025-09-08 03:00:00.000,H15,LA MACHINE A VOYAGER DANS LE TEMPS,0,101339,3,0,37,8,9,2025
2025-09-08 04:00:00.000,H15,LA MACHINE A VOYAGER DANS LE TEMPS,0,101356,4,0,37,8,9,2025
2025-09-08 05:00:00.000,H15,LA MACHINE A VOYAGER DANS LE TEMPS,0,101373,5,0,37,8,9,2025
2025-09-08 06:00:00.000,H15,LA MACHINE A VOYAGER DANS LE TEMPS,0,101390,6,0,37,8,9,2025
2025-09-08 07:00:00.000,H15,LA MACHINE A VOYAGER DANS LE TEMPS,0,101415,7,0,37,8,9,2025
2025-09-08 08:00:00.000,H15,LA MACHINE A VOYAGER DANS LE TEMPS,0,101438,8,0,37,8,9,2025
2025-09-08 09:00:00.000,H15,LA MACHINE A VOYAGER DANS LE TEMPS,0,101461,9,0,37,8,9,2025
2025-09-08 10:00:00.000,H15,LA MACHINE A VOYAGER DANS LE TEMPS,41,101484,10,0,37,8,9,2025
2025-09-08 11:00:00.000,H15,LA MACHINE A VOYAGER DANS LE TEMPS,44,101507,11,0,37,8,9,2025
2025-09-08 12:00:00.000,H15,LA MACHINE A VOYAGER DANS LE TEMPS,14,101530,12,0,37,8,9,2025
2025-09-08 13:00:00.000,H15,LA MACHINE A VOYAGER DANS LE TEMPS,8,101553,13,0,37,8,9,2025
2025-09-08 14:00:00.000,H15,LA MACHINE A VOYAGER DANS LE TEMPS,18,101576,14,0,37,8,9,2025
2025-09-08 15:00:00.000,H15,LA MACHINE A VOYAGER DANS LE TEMPS,17,101599,15,0,37,8,9,2025
2025-09-08 16:00:00.000,H15,LA MACHINE A VOYAGER DANS LE TEMPS,17,101622,16,0,37,8,9,2025
2025-09-08 17:00:00.000,H15,LA MACHINE A VOYAGER DANS LE TEMPS,19,101645,17,0,37,8,9,2025
2025-09-08 18:00:00.000,H15,LA MACHINE A VOYAGER DANS LE TEMPS,23,101668,18,0,37,8,9,2025
2025-09-08 19:00:00.000,H15,LA MACHINE A VOYAGER DANS LE TEMPS,20,101683,19,0,37,8,9,2025
2025-09-08 20:00:00.000,H15,LA MACHINE A VOYAGER DANS LE TEMPS,17,101698,20,0,37,8,9,2025
2025-09-08 21:00:00.000,H15,LA MACHINE A VOYAGER DANS LE TEMPS,17,101713,21,0,37,8,9,2025
2025-09-08 22:00:00.000,H15,LA MACHINE A VOYAGER DANS LE TEMPS,17,101728,22,0,37,8,9,2025
2025-09-08 23:00:00.000,H15,LA MACHINE A VOYAGER DANS LE TEMPS,17,101743,23,0,37,8,9,2025
2025-09-09 00:00:00.000,H15,LA MACHINE A VOYAGER DANS LE TEMPS,17,101758,0,0,37,9,9,2025
2025-09-09 01:00:00.000,H15,LA MACHINE A VOYAGER DANS LE TEMPS,17,101773,1,0,37,9,9,2025
2025-09-09 02:00:00.000,H15,LA MACHINE A VOYAGER DANS LE TEMPS,17,101788,2,0,37,9,9,2025
2025-09-09 03:00:00.000,H15,LA MACHINE A VOYAGER DANS LE TEMPS,17,101803,3,0,37,9,9,2025
2025-09-09 04:00:00.000,H15,LA MACHINE A VOYAGER DANS LE TEMPS,17,101818,4,0,37,9,9,2025
2025-09-09 05:00:00.000,H15,LA MACHINE A VOYAGER DANS LE TEMPS,17,101833,5,0,37,9,9,2025
2025-09-09 06:00:00.000,H15,LA MACHINE A VOYAGER DANS LE TEMPS,17,101848,6,0,37,9,9,2025
2025-09-09 07:00:00.000,H15,LA MACHINE A VOYAGER DANS LE TEMPS,17,101871,7,0,37,9,9,2025
2025-09-09 08:00:00.000,H15,LA MACHINE A VOYAGER DANS LE TEMPS,8,101894,8,0,37,9,9,2025
2025-09-09 09:00:00.000,H15,LA MACHINE A VOYAGER DANS LE TEMPS,0,101917,9,0,37,9,9,2025
2025-09-09 10:00:00.000,H15,LA MACHINE A VOYAGER DANS LE TEMPS,172,101940,10,0,37,9,9,2025
2025-09-09 11:00:00.000,H15,LA MACHINE A VOYAGER DANS LE TEMPS,157,101963,11,0,37,9,9,2025
2025-09-09 12:00:00.000,H15,LA MACHINE A VOYAGER DANS LE TEMPS,32,101986,12,0,37,9,9,2025
2025-09-09 13:00:00.000,H15,LA MACHINE A VOYAGER DANS LE TEMPS,4,102009,13,0,37,9,9,2025
2025-09-09 14:00:00.000,H15,LA MACHINE A VOYAGER DANS LE TEMPS,11,102032,14,0,37,9,9,2025
2025-09-09 15:00:00.000,H15,LA MACHINE A VOYAGER DANS LE TEMPS,23,102055,15,0,37,9,9,2025
2025-09-09 16:00:00.000,H15,LA MACHINE A VOYAGER DANS LE TEMPS,24,102078,16,0,37,9,9,2025
2025-09-09 17:00:00.000,H15,LA MACHINE A VOYAGER DANS LE TEMPS,12,102101,17,0,37,9,9,2025
2025-09-09 18:00:00.000,H15,LA MACHINE A VOYAGER DANS LE TEMPS,30,102124,18,0,37,9,9,2025
2025-09-09 19:00:00.000,H15,LA MACHINE A VOYAGER DANS LE TEMPS,5,102139,19,0,37,9,9,2025
2025-09-09 20:00:00.000,H15,LA MACHINE A VOYAGER DANS LE TEMPS,0,102154,20,0,37,9,9,2025
2025-09-09 21:00:00.000,H15,LA MACHINE A VOYAGER DANS LE TEMPS,0,102169,21,0,37,9,9,2025
2025-09-09 22:00:00.000,H15,LA MACHINE A VOYAGER DANS LE TEMPS,0,102184,22,0,37,9,9,2025
2025-09-09 23:00:00.000,H15,LA MACHINE A VOYAGER DANS LE TEMPS,0,102199,23,0,37,9,9,2025
2025-09-10 00:00:00.000,H15,LA MACHINE A VOYAGER DANS LE TEMPS,0,102214,0,0,37,10,9,2025
2025-09-10 01:00:00.000,H15,LA MACHINE A VOYAGER DANS LE TEMPS,0,102229,1,0,37,10,9,2025
2025-09-10 02:00:00.000,H15,LA MACHINE A VOYAGER DANS LE TEMPS,0,102244,2,0,37,10,9,2025
2025-09-10 03:00:00.000,H15,LA MACHINE A VOYAGER DANS LE TEMPS,0,102259,3,0,37,10,9,2025
2025-09-10 04:00:00.000,H15,LA MACHINE A VOYAGER DANS LE TEMPS,0,102274,4,0,37,10,9,2025
2025-09-10 05:00:00.000,H15,LA MACHINE A VOYAGER DANS LE TEMPS,0,102289,5,0,37,10,9,2025
2025-09-10 06:00:00.000,H15,LA MACHINE A VOYAGER DANS LE TEMPS,0,102304,6,0,37,10,9,2025
2025-09-10 07:00:00.000,H15,LA MACHINE A VOYAGER DANS LE TEMPS,0,102327,7,0,37,10,9,2025
2025-09-10 08:00:00.000,H15,LA MACHINE A VOYAGER DANS LE TEMPS,0,102350,8,0,37,10,9,2025
2025-09-10 09:00:00.000,H15,LA MACHINE A VOYAGER DANS LE TEMPS,0,102373,9,0,37,10,9,2025
2025-09-10 10:00:00.000,H15,LA MACHINE A VOYAGER DANS LE TEMPS,30,102396,10,0,37,10,9,2025
2025-09-10 11:00:00.000,H15,LA MACHINE A VOYAGER DANS LE TEMPS,26,102419,11,0,37,10,9,2025
2025-09-10 12:00:00.000,H15,LA MACHINE A VOYAGER DANS LE TEMPS,19,102442,12,0,37,10,9,2025
2025-09-10 13:00:00.000,H15,LA MACHINE A VOYAGER DANS LE TEMPS,4,102465,13,0,37,10,9,2025
2025-09-10 14:00:00.000,H15,LA MACHINE A VOYAGER DANS LE TEMPS,11,102488,14,0,37,10,9,2025
2025-09-10 15:00:00.000,H15,LA MACHINE A VOYAGER DANS LE TEMPS,30,102511,15,0,37,10,9,2025
2025-09-10 16:00:00.000,H15,LA MACHINE A VOYAGER DANS LE TEMPS,15,102534,16,0,37,10,9,2025
2025-09-10 17:00:00.000,H15,LA MACHINE A VOYAGER DANS LE TEMPS,3,102557,17,0,37,10,9,2025
2025-09-10 18:00:00.000,H15,LA MACHINE A VOYAGER DANS LE TEMPS,9,102580,18,0,37,10,9,2025
2025-09-10 19:00:00.000,H15,LA MACHINE A VOYAGER DANS LE TEMPS,1,102595,19,0,37,10,9,2025
2025-09-10 20:00:00.000,H15,LA MACHINE A VOYAGER DANS LE TEMPS,0,102610,20,0,37,10,9,2025
2025-09-10 21:00:00.000,H15,LA MACHINE A VOYAGER DANS LE TEMPS,0,102625,21,0,37,10,9,2025
2025-09-10 22:00:00.000,H15,LA MACHINE A VOYAGER DANS LE TEMPS,0,102640,22,0,37,10,9,2025
2025-09-10 23:00:00.000,H15,LA MACHINE A VOYAGER DANS LE TEMPS,0,102655,23,0,37,10,9,2025
2025-09-11 00:00:00.000,H15,LA MACHINE A VOYAGER DANS LE TEMPS,0,102670,0,0,37,11,9,2025
2025-09-11 01:00:00.000,H15,LA MACHINE A VOYAGER DANS LE TEMPS,0,102685,1,0,37,11,9,2025
2025-09-11 02:00:00.000,H15,LA MACHINE A VOYAGER DANS LE TEMPS,0,102700,2,0,37,11,9,2025
2025-09-11 03:00:00.000,H15,LA MACHINE A VOYAGER DANS LE TEMPS,0,102715,3,0,37,11,9,2025
2025-09-11 04:00:00.000,H15,LA MACHINE A VOYAGER DANS LE TEMPS,0,102730,4,0,37,11,9,2025
2025-09-11 05:00:00.000,H15,LA MACHINE A VOYAGER DANS LE TEMPS,0,102745,5,0,37,11,9,2025
2025-09-11 06:00:00.000,H15,LA MACHINE A VOYAGER DANS LE TEMPS,0,102760,6,0,37,11,9,2025
2025-09-11 07:00:00.000,H15,LA MACHINE A VOYAGER DANS LE TEMPS,0,102783,7,0,37,11,9,2025
2025-09-11 08:00:00.000,H15,LA MACHINE A VOYAGER DANS LE TEMPS,0,102805,8,0,37,11,9,2025
2025-09-11 09:00:00.000,H15,LA MACHINE A VOYAGER DANS LE TEMPS,0,102827,9,0,37,11,9,2025
2025-09-11 10:00:00.000,H15,LA MACHINE A VOYAGER DANS LE TEMPS,49,102849,10,0,37,11,9,2025
2025-09-11 11:00:00.000,H15,LA MACHINE A VOYAGER DANS LE TEMPS,54,102871,11,0,37,11,9,2025
2025-09-11 12:00:00.000,H15,LA MACHINE A VOYAGER DANS LE TEMPS,15,102893,12,0,37,11,9,2025
2025-09-11 13:00:00.000,H15,LA MACHINE A VOYAGER DANS LE TEMPS,5,102916,13,0,37,11,9,2025
2025-09-11 14:00:00.000,H15,LA MACHINE A VOYAGER DANS LE TEMPS,10,102939,14,0,37,11,9,2025
2025-09-11 15:00:00.000,H15,LA MACHINE A VOYAGER DANS LE TEMPS,24,102962,15,0,37,11,9,2025
2025-09-11 16:00:00.000,H15,LA MACHINE A VOYAGER DANS LE TEMPS,18,102985,16,0,37,11,9,2025
2025-09-11 17:00:00.000,H15,LA MACHINE A VOYAGER DANS LE TEMPS,13,103008,17,0,37,11,9,2025
2025-09-11 18:00:00.000,H15,LA MACHINE A VOYAGER DANS LE TEMPS,14,103031,18,0,37,11,9,2025
2025-09-11 19:00:00.000,H15,LA MACHINE A VOYAGER DANS LE TEMPS,3,103046,19,0,37,11,9,2025
2025-09-11 20:00:00.000,H15,LA MACHINE A VOYAGER DANS LE TEMPS,0,103061,20,0,37,11,9,2025
2025-09-11 21:00:00.000,H15,LA MACHINE A VOYAGER DANS LE TEMPS,0,103076,21,0,37,11,9,2025
2025-09-11 22:00:00.000,H15,LA MACHINE A VOYAGER DANS LE TEMPS,0,103091,22,0,37,11,9,2025
2025-09-11 23:00:00.000,H15,LA MACHINE A VOYAGER DANS LE TEMPS,0,103106,23,0,37,11,9,2025
2025-09-12 00:00:00.000,H15,LA MACHINE A VOYAGER DANS LE TEMPS,0,103121,0,0,37,12,9,2025
2025-09-12 01:00:00.000,H15,LA MACHINE A VOYAGER DANS LE TEMPS,0,103136,1,0,37,12,9,2025
2025-09-12 02:00:00.000,H15,LA MACHINE A VOYAGER DANS LE TEMPS,0,103151,2,0,37,12,9,2025
2025-09-12 03:00:00.000,H15,LA MACHINE A VOYAGER DANS LE TEMPS,0,103166,3,0,37,12,9,2025
2025-09-12 04:00:00.000,H15,LA MACHINE A VOYAGER DANS LE TEMPS,0,103181,4,0,37,12,9,2025
2025-09-12 05:00:00.000,H15,LA MACHINE A VOYAGER DANS LE TEMPS,0,103196,5,0,37,12,9,2025
2025-09-12 06:00:00.000,H15,LA MACHINE A VOYAGER DANS LE TEMPS,0,103211,6,0,37,12,9,2025
2025-09-12 07:00:00.000,H15,LA MACHINE A VOYAGER DANS LE TEMPS,0,103234,7,0,37,12,9,2025
2025-09-12 08:00:00.000,H15,LA MACHINE A VOYAGER DANS LE TEMPS,0,103257,8,0,37,12,9,2025
2025-09-12 09:00:00.000,H15,LA MACHINE A VOYAGER DANS LE TEMPS,0,103280,9,0,37,12,9,2025
2025-09-12 10:00:00.000,H15,LA MACHINE A VOYAGER DANS LE TEMPS,28,103303,10,0,37,12,9,2025
2025-09-12 11:00:00.000,H15,LA MACHINE A VOYAGER DANS LE TEMPS,53,103326,11,0,37,12,9,2025
2025-09-12 12:00:00.000,H15,LA MACHINE A VOYAGER DANS LE TEMPS,23,103349,12,0,37,12,9,2025
2025-09-12 13:00:00.000,H15,LA MACHINE A VOYAGER DANS LE TEMPS,9,103372,13,0,37,12,9,2025
2025-09-12 14:00:00.000,H15,LA MACHINE A VOYAGER DANS LE TEMPS,17,103395,14,0,37,12,9,2025
2025-09-12 15:00:00.000,H15,LA MACHINE A VOYAGER DANS LE TEMPS,20,103418,15,0,37,12,9,2025
2025-09-12 16:00:00.000,H15,LA MACHINE A VOYAGER DANS LE TEMPS,21,103441,16,0,37,12,9,2025
2025-09-12 17:00:00.000,H15,LA MACHINE A VOYAGER DANS LE TEMPS,9,103464,17,0,37,12,9,2025
2025-09-12 18:00:00.000,H15,LA MACHINE A VOYAGER DANS LE TEMPS,6,103487,18,0,37,12,9,2025
2025-09-12 19:00:00.000,H15,LA MACHINE A VOYAGER DANS LE TEMPS,1,103502,19,0,37,12,9,2025
2025-09-12 20:00:00.000,H15,LA MACHINE A VOYAGER DANS LE TEMPS,0,103517,20,0,37,12,9,2025
2025-09-12 21:00:00.000,H15,LA MACHINE A VOYAGER DANS LE TEMPS,0,103532,21,0,37,12,9,2025
2025-09-12 22:00:00.000,H15,LA MACHINE A VOYAGER DANS LE TEMPS,0,103547,22,0,37,12,9,2025
2025-09-12 23:00:00.000,H15,LA MACHINE A VOYAGER DANS LE TEMPS,0,103562,23,0,37,12,9,2025
2025-09-13 00:00:00.000,H15,LA MACHINE A VOYAGER DANS LE TEMPS,0,103577,0,0,37,13,9,2025
2025-09-13 01:00:00.000,H15,LA MACHINE A VOYAGER DANS LE TEMPS,0,103592,1,0,37,13,9,2025
2025-09-13 02:00:00.000,H15,LA MACHINE A VOYAGER DANS LE TEMPS,0,103607,2,0,37,13,9,2025
2025-09-13 03:00:00.000,H15,LA MACHINE A VOYAGER DANS LE TEMPS,0,103622,3,0,37,13,9,2025
2025-09-13 04:00:00.000,H15,LA MACHINE A VOYAGER DANS LE TEMPS,0,103637,4,0,37,13,9,2025
2025-09-13 05:00:00.000,H15,LA MACHINE A VOYAGER DANS LE TEMPS,0,103652,5,0,37,13,9,2025
2025-09-13 06:00:00.000,H15,LA MACHINE A VOYAGER DANS LE TEMPS,0,103667,6,0,37,13,9,2025
2025-09-13 07:00:00.000,H15,LA MACHINE A VOYAGER DANS LE TEMPS,0,103692,7,0,37,13,9,2025
2025-09-13 08:00:00.000,H15,LA MACHINE A VOYAGER DANS LE TEMPS,0,103717,8,0,37,13,9,2025
2025-09-13 09:00:00.000,H15,LA MACHINE A VOYAGER DANS LE TEMPS,6,103742,9,0,37,13,9,2025
2025-09-13 10:00:00.000,H15,LA MACHINE A VOYAGER DANS LE TEMPS,56,103767,10,0,37,13,9,2025
2025-09-13 11:00:00.000,H15,LA MACHINE A VOYAGER DANS LE TEMPS,182,103792,11,0,37,13,9,2025
2025-09-13 12:00:00.000,H15,LA MACHINE A VOYAGER DANS LE TEMPS,168,103817,12,0,37,13,9,2025
2025-09-13 13:00:00.000,H15,LA MACHINE A VOYAGER DANS LE TEMPS,30,103842,13,0,37,13,9,2025
2025-09-13 14:00:00.000,H15,LA MACHINE A VOYAGER DANS LE TEMPS,52,103867,14,0,37,13,9,2025
2025-09-13 15:00:00.000,H15,LA MACHINE A VOYAGER DANS LE TEMPS,155,103892,15,0,37,13,9,2025
2025-09-13 16:00:00.000,H15,LA MACHINE A VOYAGER DANS LE TEMPS,144,103917,16,0,37,13,9,2025
2025-09-13 17:00:00.000,H15,LA MACHINE A VOYAGER DANS LE TEMPS,53,103942,17,0,37,13,9,2025
2025-09-13 18:00:00.000,H15,LA MACHINE A VOYAGER DANS LE TEMPS,44,103967,18,0,37,13,9,2025
2025-09-13 19:00:00.000,H15,LA MACHINE A VOYAGER DANS LE TEMPS,28,103992,19,0,37,13,9,2025
2025-09-13 20:00:00.000,H15,LA MACHINE A VOYAGER DANS LE TEMPS,23,104017,20,0,37,13,9,2025
2025-09-13 21:00:00.000,H15,LA MACHINE A VOYAGER DANS LE TEMPS,5,104042,21,0,37,13,9,2025
2025-09-13 22:00:00.000,H15,LA MACHINE A VOYAGER DANS LE TEMPS,5,104059,22,0,37,13,9,2025
2025-09-13 23:00:00.000,H15,LA MACHINE A VOYAGER DANS LE TEMPS,5,104076,23,0,37,13,9,2025
2025-09-14 00:00:00.000,H15,LA MACHINE A VOYAGER DANS LE TEMPS,5,104093,0,0,38,14,9,2025
2025-09-14 01:00:00.000,H15,LA MACHINE A VOYAGER DANS LE TEMPS,5,104110,1,0,38,14,9,2025
2025-09-14 02:00:00.000,H15,LA MACHINE A VOYAGER DANS LE TEMPS,5,104127,2,0,38,14,9,2025
2025-09-14 03:00:00.000,H15,LA MACHINE A VOYAGER DANS LE TEMPS,5,104144,3,0,38,14,9,2025
2025-09-14 04:00:00.000,H15,LA MACHINE A VOYAGER DANS LE TEMPS,5,104161,4,0,38,14,9,2025
2025-09-14 05:00:00.000,H15,LA MACHINE A VOYAGER DANS LE TEMPS,5,104178,5,0,38,14,9,2025
2025-09-14 06:00:00.000,H15,LA MACHINE A VOYAGER DANS LE TEMPS,5,104195,6,0,38,14,9,2025
2025-09-14 07:00:00.000,H15,LA MACHINE A VOYAGER DANS LE TEMPS,4,104220,7,0,38,14,9,2025
2025-09-14 08:00:00.000,H15,LA MACHINE A VOYAGER DANS LE TEMPS,3,104245,8,0,38,14,9,2025
2025-09-14 09:00:00.000,H15,LA MACHINE A VOYAGER DANS LE TEMPS,3,104270,9,0,38,14,9,2025
2025-09-14 10:00:00.000,H15,LA MACHINE A VOYAGER DANS LE TEMPS,37,104295,10,0,38,14,9,2025
2025-09-14 11:00:00.000,H15,LA MACHINE A VOYAGER DANS LE TEMPS,42,104320,11,0,38,14,9,2025
2025-09-14 12:00:00.000,H15,LA MACHINE A VOYAGER DANS LE TEMPS,47,104345,12,0,38,14,9,2025
2025-09-14 13:00:00.000,H15,LA MACHINE A VOYAGER DANS LE TEMPS,47,104370,13,0,38,14,9,2025
2025-09-14 14:00:00.000,H15,LA MACHINE A VOYAGER DANS LE TEMPS,22,104395,14,0,38,14,9,2025
2025-09-14 15:00:00.000,H15,LA MACHINE A VOYAGER DANS LE TEMPS,26,104420,15,0,38,14,9,2025
2025-09-14 16:00:00.000,H15,LA MACHINE A VOYAGER DANS LE TEMPS,21,104445,16,0,38,14,9,2025
2025-09-14 17:00:00.000,H15,LA MACHINE A VOYAGER DANS LE TEMPS,15,104470,17,0,38,14,9,2025
2025-09-14 18:00:00.000,H15,LA MACHINE A VOYAGER DANS LE TEMPS,18,104495,18,0,38,14,9,2025
2025-09-14 19:00:00.000,H15,LA MACHINE A VOYAGER DANS LE TEMPS,0,104512,19,0,38,14,9,2025
2025-09-14 20:00:00.000,H15,LA MACHINE A VOYAGER DANS LE TEMPS,0,104529,20,0,38,14,9,2025
2025-09-14 21:00:00.000,H15,LA MACHINE A VOYAGER DANS LE TEMPS,0,104546,21,0,38,14,9,2025
2025-09-14 22:00:00.000,H15,LA MACHINE A VOYAGER DANS LE TEMPS,0,104563,22,0,38,14,9,2025
2025-09-14 23:00:00.000,H15,LA MACHINE A VOYAGER DANS LE TEMPS,0,104580,23,0,38,14,9,2025
2025-09-15 00:00:00.000,H15,LA MACHINE A VOYAGER DANS LE TEMPS,0,104597,0,0,38,15,9,2025
2025-09-15 01:00:00.000,H15,LA MACHINE A VOYAGER DANS LE TEMPS,0,104614,1,0,38,15,9,2025
2025-09-15 02:00:00.000,H15,LA MACHINE A VOYAGER DANS LE TEMPS,0,104631,2,0,38,15,9,2025
2025-09-15 03:00:00.000,H15,LA MACHINE A VOYAGER DANS LE TEMPS,0,104648,3,0,38,15,9,2025
2025-09-15 04:00:00.000,H15,LA MACHINE A VOYAGER DANS LE TEMPS,0,104665,4,0,38,15,9,2025
2025-09-15 05:00:00.000,H15,LA MACHINE A VOYAGER DANS LE TEMPS,0,104682,5,0,38,15,9,2025
2025-09-15 06:00:00.000,H15,LA MACHINE A VOYAGER DANS LE TEMPS,0,104699,6,0,38,15,9,2025
2025-09-18 07:00:00.000,H15,LA MACHINE A VOYAGER DANS LE TEMPS,0,104889,7,0,38,18,9,2025
2025-09-18 08:00:00.000,H15,LA MACHINE A VOYAGER DANS LE TEMPS,0,104911,8,0,38,18,9,2025
2025-09-18 09:00:00.000,H15,LA MACHINE A VOYAGER DANS LE TEMPS,0,104933,9,0,38,18,9,2025
2025-09-18 10:00:00.000,H15,LA MACHINE A VOYAGER DANS LE TEMPS,50,104955,10,0,38,18,9,2025
2025-09-18 11:00:00.000,H15,LA MACHINE A VOYAGER DANS LE TEMPS,106,104977,11,0,38,18,9,2025
2025-09-18 12:00:00.000,H15,LA MACHINE A VOYAGER DANS LE TEMPS,85,104999,12,0,38,18,9,2025
2025-09-18 13:00:00.000,H15,LA MACHINE A VOYAGER DANS LE TEMPS,21,105021,13,0,38,18,9,2025
2025-09-18 14:00:00.000,H15,LA MACHINE A VOYAGER DANS LE TEMPS,16,105043,14,0,38,18,9,2025
2025-09-18 15:00:00.000,H15,LA MACHINE A VOYAGER DANS LE TEMPS,163,105065,15,0,38,18,9,2025
2025-09-18 16:00:00.000,H15,LA MACHINE A VOYAGER DANS LE TEMPS,98,105087,16,0,38,18,9,2025
2025-09-18 17:00:00.000,H15,LA MACHINE A VOYAGER DANS LE TEMPS,98,105109,17,0,38,18,9,2025
2025-09-18 18:00:00.000,H15,LA MACHINE A VOYAGER DANS LE TEMPS,89,105131,18,0,38,18,9,2025
2025-09-18 19:00:00.000,H15,LA MACHINE A VOYAGER DANS LE TEMPS,4,105145,19,0,38,18,9,2025
2025-09-18 20:00:00.000,H15,LA MACHINE A VOYAGER DANS LE TEMPS,0,105159,20,0,38,18,9,2025
2025-09-18 21:00:00.000,H15,LA MACHINE A VOYAGER DANS LE TEMPS,0,105173,21,0,38,18,9,2025
2025-09-18 22:00:00.000,H15,LA MACHINE A VOYAGER DANS LE TEMPS,0,105187,22,0,38,18,9,2025
2025-09-18 23:00:00.000,H15,LA MACHINE A VOYAGER DANS LE TEMPS,0,105201,23,0,38,18,9,2025
2025-09-19 00:00:00.000,H15,LA MACHINE A VOYAGER DANS LE TEMPS,0,105215,0,0,38,19,9,2025
2025-09-19 01:00:00.000,H15,LA MACHINE A VOYAGER DANS LE TEMPS,0,105229,1,0,38,19,9,2025
2025-09-19 02:00:00.000,H15,LA MACHINE A VOYAGER DANS LE TEMPS,0,105243,2,0,38,19,9,2025
2025-09-19 03:00:00.000,H15,LA MACHINE A VOYAGER DANS LE TEMPS,0,105257,3,0,38,19,9,2025
2025-09-19 04:00:00.000,H15,LA MACHINE A VOYAGER DANS LE TEMPS,0,105271,4,0,38,19,9,2025
2025-09-19 05:00:00.000,H15,LA MACHINE A VOYAGER DANS LE TEMPS,0,105285,5,0,38,19,9,2025
2025-09-19 06:00:00.000,H15,LA MACHINE A VOYAGER DANS LE TEMPS,0,105299,6,0,38,19,9,2025
2025-09-19 07:00:00.000,H15,LA MACHINE A VOYAGER DANS LE TEMPS,0,105321,7,0,38,19,9,2025
2025-09-19 08:00:00.000,H15,LA MACHINE A VOYAGER DANS LE TEMPS,0,105343,8,0,38,19,9,2025
2025-09-19 09:00:00.000,H15,LA MACHINE A VOYAGER DANS LE TEMPS,0,105365,9,0,38,19,9,2025
2025-09-19 10:00:00.000,H15,LA MACHINE A VOYAGER DANS LE TEMPS,51,105387,10,0,38,19,9,2025
2025-09-19 11:00:00.000,H15,LA MACHINE A VOYAGER DANS LE TEMPS,65,105409,11,0,38,19,9,2025
2025-09-19 12:00:00.000,H15,LA MACHINE A VOYAGER DANS LE TEMPS,40,105431,12,0,38,19,9,2025
2025-09-19 13:00:00.000,H15,LA MACHINE A VOYAGER DANS LE TEMPS,22,105453,13,0,38,19,9,2025
2025-09-19 14:00:00.000,H15,LA MACHINE A VOYAGER DANS LE TEMPS,10,105475,14,0,38,19,9,2025
2025-09-19 15:00:00.000,H15,LA MACHINE A VOYAGER DANS LE TEMPS,22,105497,15,0,38,19,9,2025
2025-09-19 16:00:00.000,H15,LA MACHINE A VOYAGER DANS LE TEMPS,35,105519,16,0,38,19,9,2025
2025-09-19 17:00:00.000,H15,LA MACHINE A VOYAGER DANS LE TEMPS,13,105541,17,0,38,19,9,2025
2025-09-19 18:00:00.000,H15,LA MACHINE A VOYAGER DANS LE TEMPS,20,105563,18,0,38,19,9,2025
2025-09-19 19:00:00.000,H15,LA MACHINE A VOYAGER DANS LE TEMPS,16,105585,19,0,38,19,9,2025
2025-09-19 20:00:00.000,H15,LA MACHINE A VOYAGER DANS LE TEMPS,0,105607,20,0,38,19,9,2025
2025-09-19 21:00:00.000,H15,LA MACHINE A VOYAGER DANS LE TEMPS,0,105629,21,0,38,19,9,2025
2025-09-19 22:00:00.000,H15,LA MACHINE A VOYAGER DANS LE TEMPS,0,105643,22,0,38,19,9,2025
2025-09-19 23:00:00.000,H15,LA MACHINE A VOYAGER DANS LE TEMPS,0,105657,23,0,38,19,9,2025
2025-09-20 00:00:00.000,H15,LA MACHINE A VOYAGER DANS LE TEMPS,0,105671,0,0,38,20,9,2025
2025-09-20 01:00:00.000,H15,LA MACHINE A VOYAGER DANS LE TEMPS,0,105685,1,0,38,20,9,2025
2025-09-20 02:00:00.000,H15,LA MACHINE A VOYAGER DANS LE TEMPS,0,105699,2,0,38,20,9,2025
2025-09-20 03:00:00.000,H15,LA MACHINE A VOYAGER DANS LE TEMPS,0,105713,3,0,38,20,9,2025
2025-09-20 04:00:00.000,H15,LA MACHINE A VOYAGER DANS LE TEMPS,0,105727,4,0,38,20,9,2025
2025-09-20 05:00:00.000,H15,LA MACHINE A VOYAGER DANS LE TEMPS,0,105741,5,0,38,20,9,2025
2025-09-20 06:00:00.000,H15,LA MACHINE A VOYAGER DANS LE TEMPS,0,105755,6,0,38,20,9,2025
2025-09-20 07:00:00.000,H15,LA MACHINE A VOYAGER DANS LE TEMPS,0,105779,7,0,38,20,9,2025
2025-09-20 08:00:00.000,H15,LA MACHINE A VOYAGER DANS LE TEMPS,0,105803,8,0,38,20,9,2025
2025-09-20 09:00:00.000,H15,LA MACHINE A VOYAGER DANS LE TEMPS,16,105827,9,0,38,20,9,2025
2025-09-20 10:00:00.000,H15,LA MACHINE A VOYAGER DANS LE TEMPS,617,105851,10,0,38,20,9,2025
2025-09-20 11:00:00.000,H15,LA MACHINE A VOYAGER DANS LE TEMPS,1149,105875,11,0,38,20,9,2025
2025-09-20 12:00:00.000,H15,LA MACHINE A VOYAGER DANS LE TEMPS,987,105899,12,0,38,20,9,2025
2025-09-20 13:00:00.000,H15,LA MACHINE A VOYAGER DANS LE TEMPS,863,105923,13,0,38,20,9,2025
2025-09-20 14:00:00.000,H15,LA MACHINE A VOYAGER DANS LE TEMPS,877,105947,14,0,38,20,9,2025
2025-09-20 15:00:00.000,H15,LA MACHINE A VOYAGER DANS LE TEMPS,1021,105971,15,0,38,20,9,2025
2025-09-20 16:00:00.000,H15,LA MACHINE A VOYAGER DANS LE TEMPS,1213,105995,16,0,38,20,9,2025
2025-09-20 17:00:00.000,H15,LA MACHINE A VOYAGER DANS LE TEMPS,1032,106019,17,0,38,20,9,2025
2025-09-20 18:00:00.000,H15,LA MACHINE A VOYAGER DANS LE TEMPS,662,106043,18,0,38,20,9,2025
2025-09-20 19:00:00.000,H15,LA MACHINE A VOYAGER DANS LE TEMPS,491,106067,19,0,38,20,9,2025
2025-09-20 20:00:00.000,H15,LA MACHINE A VOYAGER DANS LE TEMPS,311,106091,20,0,38,20,9,2025
2025-09-20 21:00:00.000,H15,LA MACHINE A VOYAGER DANS LE TEMPS,5,106115,21,0,38,20,9,2025
2025-09-20 22:00:00.000,H15,LA MACHINE A VOYAGER DANS LE TEMPS,0,106139,22,0,38,20,9,2025
2025-09-20 23:00:00.000,H15,LA MACHINE A VOYAGER DANS LE TEMPS,0,106155,23,0,38,20,9,2025
2025-09-21 00:00:00.000,H15,LA MACHINE A VOYAGER DANS LE TEMPS,0,106171,0,0,39,21,9,2025
2025-09-21 01:00:00.000,H15,LA MACHINE A VOYAGER DANS LE TEMPS,0,106187,1,0,39,21,9,2025
2025-09-21 02:00:00.000,H15,LA MACHINE A VOYAGER DANS LE TEMPS,0,106203,2,0,39,21,9,2025
2025-09-21 03:00:00.000,H15,LA MACHINE A VOYAGER DANS LE TEMPS,0,106219,3,0,39,21,9,2025
2025-09-21 04:00:00.000,H15,LA MACHINE A VOYAGER DANS LE TEMPS,0,106235,4,0,39,21,9,2025
2025-09-21 05:00:00.000,H15,LA MACHINE A VOYAGER DANS LE TEMPS,0,106251,5,0,39,21,9,2025
2025-09-21 06:00:00.000,H15,LA MACHINE A VOYAGER DANS LE TEMPS,0,106267,6,0,39,21,9,2025
2025-09-21 07:00:00.000,H15,LA MACHINE A VOYAGER DANS LE TEMPS,0,106291,7,0,39,21,9,2025
2025-09-21 08:00:00.000,H15,LA MACHINE A VOYAGER DANS LE TEMPS,0,106315,8,0,39,21,9,2025
2025-09-21 09:00:00.000,H15,LA MACHINE A VOYAGER DANS LE TEMPS,11,106339,9,0,39,21,9,2025
2025-09-21 10:00:00.000,H15,LA MACHINE A VOYAGER DANS LE TEMPS,190,106363,10,0,39,21,9,2025
2025-09-21 11:00:00.000,H15,LA MACHINE A VOYAGER DANS LE TEMPS,399,106387,11,0,39,21,9,2025
2025-09-21 12:00:00.000,H15,LA MACHINE A VOYAGER DANS LE TEMPS,200,106411,12,0,39,21,9,2025
2025-09-21 13:00:00.000,H15,LA MACHINE A VOYAGER DANS LE TEMPS,101,106435,13,0,39,21,9,2025
2025-09-21 14:00:00.000,H15,LA MACHINE A VOYAGER DANS LE TEMPS,39,106459,14,0,39,21,9,2025
2025-09-21 15:00:00.000,H15,LA MACHINE A VOYAGER DANS LE TEMPS,30,106483,15,0,39,21,9,2025
2025-09-21 16:00:00.000,H15,LA MACHINE A VOYAGER DANS LE TEMPS,40,106507,16,0,39,21,9,2025
2025-09-21 17:00:00.000,H15,LA MACHINE A VOYAGER DANS LE TEMPS,40,106531,17,0,39,21,9,2025
2025-09-21 18:00:00.000,H15,LA MACHINE A VOYAGER DANS LE TEMPS,45,106555,18,0,39,21,9,2025
2025-09-21 19:00:00.000,H15,LA MACHINE A VOYAGER DANS LE TEMPS,1,106571,19,0,39,21,9,2025
2025-09-21 20:00:00.000,H15,LA MACHINE A VOYAGER DANS LE TEMPS,0,106587,20,0,39,21,9,2025
2025-09-21 21:00:00.000,H15,LA MACHINE A VOYAGER DANS LE TEMPS,0,106603,21,0,39,21,9,2025
2025-09-21 22:00:00.000,H15,LA MACHINE A VOYAGER DANS LE TEMPS,0,106619,22,0,39,21,9,2025
2025-09-21 23:00:00.000,H15,LA MACHINE A VOYAGER DANS LE TEMPS,0,106635,23,0,39,21,9,2025
2025-09-22 00:00:00.000,H15,LA MACHINE A VOYAGER DANS LE TEMPS,0,106651,0,0,39,22,9,2025
2025-09-22 01:00:00.000,H15,LA MACHINE A VOYAGER DANS LE TEMPS,0,106667,1,0,39,22,9,2025
2025-09-22 02:00:00.000,H15,LA MACHINE A VOYAGER DANS LE TEMPS,0,106683,2,0,39,22,9,2025
2025-09-22 03:00:00.000,H15,LA MACHINE A VOYAGER DANS LE TEMPS,0,106699,3,0,39,22,9,2025
2025-09-22 04:00:00.000,H15,LA MACHINE A VOYAGER DANS LE TEMPS,0,106715,4,0,39,22,9,2025
2025-09-22 05:00:00.000,H15,LA MACHINE A VOYAGER DANS LE TEMPS,0,106731,5,0,39,22,9,2025
2025-09-22 06:00:00.000,H15,LA MACHINE A VOYAGER DANS LE TEMPS,0,106747,6,0,39,22,9,2025
2025-09-25 07:00:00.000,H15,LA MACHINE A VOYAGER DANS LE TEMPS,0,106880,7,0,39,25,9,2025
2025-09-25 08:00:00.000,H15,LA MACHINE A VOYAGER DANS LE TEMPS,0,106902,8,0,39,25,9,2025
2025-09-25 09:00:00.000,H15,LA MACHINE A VOYAGER DANS LE TEMPS,0,106924,9,0,39,25,9,2025
2025-09-25 10:00:00.000,H15,LA MACHINE A VOYAGER DANS LE TEMPS,63,106946,10,0,39,25,9,2025
2025-09-25 11:00:00.000,H15,LA MACHINE A VOYAGER DANS LE TEMPS,121,106968,11,0,39,25,9,2025
2025-09-25 12:00:00.000,H15,LA MACHINE A VOYAGER DANS LE TEMPS,38,106990,12,0,39,25,9,2025
2025-09-25 13:00:00.000,H15,LA MACHINE A VOYAGER DANS LE TEMPS,12,107012,13,0,39,25,9,2025
2025-09-25 14:00:00.000,H15,LA MACHINE A VOYAGER DANS LE TEMPS,17,107034,14,0,39,25,9,2025
2025-09-25 15:00:00.000,H15,LA MACHINE A VOYAGER DANS LE TEMPS,40,107056,15,0,39,25,9,2025
2025-09-25 16:00:00.000,H15,LA MACHINE A VOYAGER DANS LE TEMPS,30,107078,16,0,39,25,9,2025
2025-09-25 17:00:00.000,H15,LA MACHINE A VOYAGER DANS LE TEMPS,21,107100,17,0,39,25,9,2025
2025-09-25 18:00:00.000,H15,LA MACHINE A VOYAGER DANS LE TEMPS,22,107122,18,0,39,25,9,2025
2025-09-25 19:00:00.000,H15,LA MACHINE A VOYAGER DANS LE TEMPS,5,107136,19,0,39,25,9,2025
2025-09-25 20:00:00.000,H15,LA MACHINE A VOYAGER DANS LE TEMPS,0,107150,20,0,39,25,9,2025
2025-09-25 21:00:00.000,H15,LA MACHINE A VOYAGER DANS LE TEMPS,0,107164,21,0,39,25,9,2025
2025-09-25 22:00:00.000,H15,LA MACHINE A VOYAGER DANS LE TEMPS,0,107178,22,0,39,25,9,2025
2025-09-25 23:00:00.000,H15,LA MACHINE A VOYAGER DANS LE TEMPS,0,107192,23,0,39,25,9,2025
2025-09-26 00:00:00.000,H15,LA MACHINE A VOYAGER DANS LE TEMPS,0,107206,0,0,39,26,9,2025
2025-09-26 01:00:00.000,H15,LA MACHINE A VOYAGER DANS LE TEMPS,0,107220,1,0,39,26,9,2025
2025-09-26 02:00:00.000,H15,LA MACHINE A VOYAGER DANS LE TEMPS,0,107234,2,0,39,26,9,2025
2025-09-26 03:00:00.000,H15,LA MACHINE A VOYAGER DANS LE TEMPS,0,107248,3,0,39,26,9,2025
2025-09-26 04:00:00.000,H15,LA MACHINE A VOYAGER DANS LE TEMPS,0,107262,4,0,39,26,9,2025
2025-09-26 05:00:00.000,H15,LA MACHINE A VOYAGER DANS LE TEMPS,0,107276,5,0,39,26,9,2025
2025-09-26 06:00:00.000,H15,LA MACHINE A VOYAGER DANS LE TEMPS,0,107290,6,0,39,26,9,2025
2025-09-26 07:00:00.000,H15,LA MACHINE A VOYAGER DANS LE TEMPS,0,107312,7,0,39,26,9,2025
2025-09-26 08:00:00.000,H15,LA MACHINE A VOYAGER DANS LE TEMPS,0,107334,8,0,39,26,9,2025
2025-09-26 09:00:00.000,H15,LA MACHINE A VOYAGER DANS LE TEMPS,0,107356,9,0,39,26,9,2025
2025-09-26 10:00:00.000,H15,LA MACHINE A VOYAGER DANS LE TEMPS,37,107379,10,0,39,26,9,2025
2025-09-26 11:00:00.000,H15,LA MACHINE A VOYAGER DANS LE TEMPS,54,107402,11,0,39,26,9,2025
2025-09-26 12:00:00.000,H15,LA MACHINE A VOYAGER DANS LE TEMPS,16,107425,12,0,39,26,9,2025
2025-09-26 13:00:00.000,H15,LA MACHINE A VOYAGER DANS LE TEMPS,19,107448,13,0,39,26,9,2025
2025-09-26 14:00:00.000,H15,LA MACHINE A VOYAGER DANS LE TEMPS,26,107471,14,0,39,26,9,2025
2025-09-26 15:00:00.000,H15,LA MACHINE A VOYAGER DANS LE TEMPS,72,107494,15,0,39,26,9,2025
2025-09-26 16:00:00.000,H15,LA MACHINE A VOYAGER DANS LE TEMPS,44,107517,16,0,39,26,9,2025
2025-09-26 17:00:00.000,H15,LA MACHINE A VOYAGER DANS LE TEMPS,11,107540,17,0,39,26,9,2025
2025-09-26 18:00:00.000,H15,LA MACHINE A VOYAGER DANS LE TEMPS,13,107563,18,0,39,26,9,2025
2025-09-26 19:00:00.000,H15,LA MACHINE A VOYAGER DANS LE TEMPS,5,107586,19,0,39,26,9,2025
2025-09-26 20:00:00.000,H15,LA MACHINE A VOYAGER DANS LE TEMPS,4,107609,20,0,39,26,9,2025
2025-09-26 21:00:00.000,H15,LA MACHINE A VOYAGER DANS LE TEMPS,4,107632,21,0,39,26,9,2025
2025-09-26 22:00:00.000,H15,LA MACHINE A VOYAGER DANS LE TEMPS,4,107647,22,0,39,26,9,2025
2025-09-26 23:00:00.000,H15,LA MACHINE A VOYAGER DANS LE TEMPS,4,107662,23,0,39,26,9,2025
2025-09-27 00:00:00.000,H15,LA MACHINE A VOYAGER DANS LE TEMPS,4,107677,0,0,39,27,9,2025
2025-09-27 01:00:00.000,H15,LA MACHINE A VOYAGER DANS LE TEMPS,4,107692,1,0,39,27,9,2025
2025-09-27 02:00:00.000,H15,LA MACHINE A VOYAGER DANS LE TEMPS,4,107707,2,0,39,27,9,2025
2025-09-27 03:00:00.000,H15,LA MACHINE A VOYAGER DANS LE TEMPS,4,107722,3,0,39,27,9,2025
2025-09-27 04:00:00.000,H15,LA MACHINE A VOYAGER DANS LE TEMPS,4,107737,4,0,39,27,9,2025
2025-09-27 05:00:00.000,H15,LA MACHINE A VOYAGER DANS LE TEMPS,4,107752,5,0,39,27,9,2025
2025-09-27 06:00:00.000,H15,LA MACHINE A VOYAGER DANS LE TEMPS,4,107767,6,0,39,27,9,2025
2025-09-27 07:00:00.000,H15,LA MACHINE A VOYAGER DANS LE TEMPS,4,107792,7,0,39,27,9,2025
2025-09-27 08:00:00.000,H15,LA MACHINE A VOYAGER DANS LE TEMPS,4,107817,8,0,39,27,9,2025
2025-09-27 09:00:00.000,H15,LA MACHINE A VOYAGER DANS LE TEMPS,49,107842,9,0,39,27,9,2025
2025-09-27 10:00:00.000,H15,LA MACHINE A VOYAGER DANS LE TEMPS,669,107867,10,0,39,27,9,2025
2025-09-27 11:00:00.000,H15,LA MACHINE A VOYAGER DANS LE TEMPS,1018,107892,11,0,39,27,9,2025
2025-09-27 12:00:00.000,H15,LA MACHINE A VOYAGER DANS LE TEMPS,692,107917,12,0,39,27,9,2025
2025-09-27 13:00:00.000,H15,LA MACHINE A VOYAGER DANS LE TEMPS,664,107942,13,0,39,27,9,2025
2025-09-27 14:00:00.000,H15,LA MACHINE A VOYAGER DANS LE TEMPS,733,107967,14,0,39,27,9,2025
2025-09-27 15:00:00.000,H15,LA MACHINE A VOYAGER DANS LE TEMPS,831,107992,15,0,39,27,9,2025
2025-09-27 16:00:00.000,H15,LA MACHINE A VOYAGER DANS LE TEMPS,772,108017,16,0,39,27,9,2025
2025-09-27 17:00:00.000,H15,LA MACHINE A VOYAGER DANS LE TEMPS,705,108042,17,0,39,27,9,2025
2025-09-27 18:00:00.000,H15,LA MACHINE A VOYAGER DANS LE TEMPS,599,108067,18,0,39,27,9,2025
2025-09-27 19:00:00.000,H15,LA MACHINE A VOYAGER DANS LE TEMPS,358,108092,19,0,39,27,9,2025
2025-09-27 20:00:00.000,H15,LA MACHINE A VOYAGER DANS LE TEMPS,63,108117,20,0,39,27,9,2025
2025-09-27 21:00:00.000,H15,LA MACHINE A VOYAGER DANS LE TEMPS,0,108142,21,0,39,27,9,2025
2025-09-27 22:00:00.000,H15,LA MACHINE A VOYAGER DANS LE TEMPS,0,108159,22,0,39,27,9,2025
2025-09-27 23:00:00.000,H15,LA MACHINE A VOYAGER DANS LE TEMPS,0,108176,23,0,39,27,9,2025
2025-09-28 00:00:00.000,H15,LA MACHINE A VOYAGER DANS LE TEMPS,0,108193,0,0,40,28,9,2025
2025-09-28 01:00:00.000,H15,LA MACHINE A VOYAGER DANS LE TEMPS,0,108210,1,0,40,28,9,2025
2025-09-28 02:00:00.000,H15,LA MACHINE A VOYAGER DANS LE TEMPS,0,108227,2,0,40,28,9,2025
2025-09-28 03:00:00.000,H15,LA MACHINE A VOYAGER DANS LE TEMPS,0,108244,3,0,40,28,9,2025
2025-09-28 04:00:00.000,H15,LA MACHINE A VOYAGER DANS LE TEMPS,0,108261,4,0,40,28,9,2025
2025-09-28 05:00:00.000,H15,LA MACHINE A VOYAGER DANS LE TEMPS,0,108278,5,0,40,28,9,2025
2025-09-28 06:00:00.000,H15,LA MACHINE A VOYAGER DANS LE TEMPS,0,108295,6,0,40,28,9,2025
2025-09-28 07:00:00.000,H15,LA MACHINE A VOYAGER DANS LE TEMPS,0,108320,7,0,40,28,9,2025
2025-09-28 08:00:00.000,H15,LA MACHINE A VOYAGER DANS LE TEMPS,0,108345,8,0,40,28,9,2025
2025-09-28 09:00:00.000,H15,LA MACHINE A VOYAGER DANS LE TEMPS,25,108370,9,0,40,28,9,2025
2025-09-28 10:00:00.000,H15,LA MACHINE A VOYAGER DANS LE TEMPS,398,108395,10,0,40,28,9,2025
2025-09-28 11:00:00.000,H15,LA MACHINE A VOYAGER DANS LE TEMPS,506,108420,11,0,40,28,9,2025
2025-09-28 12:00:00.000,H15,LA MACHINE A VOYAGER DANS LE TEMPS,223,108445,12,0,40,28,9,2025
2025-09-28 13:00:00.000,H15,LA MACHINE A VOYAGER DANS LE TEMPS,23,108470,13,0,40,28,9,2025
2025-09-28 14:00:00.000,H15,LA MACHINE A VOYAGER DANS LE TEMPS,92,108495,14,0,40,28,9,2025
2025-09-28 15:00:00.000,H15,LA MACHINE A VOYAGER DANS LE TEMPS,134,108520,15,0,40,28,9,2025
2025-09-28 16:00:00.000,H15,LA MACHINE A VOYAGER DANS LE TEMPS,86,108545,16,0,40,28,9,2025
2025-09-28 17:00:00.000,H15,LA MACHINE A VOYAGER DANS LE TEMPS,14,108570,17,0,40,28,9,2025
2025-09-28 18:00:00.000,H15,LA MACHINE A VOYAGER DANS LE TEMPS,8,108595,18,0,40,28,9,2025
2025-09-28 19:00:00.000,H15,LA MACHINE A VOYAGER DANS LE TEMPS,0,108612,19,0,40,28,9,2025
2025-09-28 20:00:00.000,H15,LA MACHINE A VOYAGER DANS LE TEMPS,0,108629,20,0,40,28,9,2025
2025-09-28 21:00:00.000,H15,LA MACHINE A VOYAGER DANS LE TEMPS,0,108646,21,0,40,28,9,2025
2025-09-28 22:00:00.000,H15,LA MACHINE A VOYAGER DANS LE TEMPS,0,108663,22,0,40,28,9,2025
2025-09-28 23:00:00.000,H15,LA MACHINE A VOYAGER DANS LE TEMPS,0,108680,23,0,40,28,9,2025
2025-09-29 00:00:00.000,H15,LA MACHINE A VOYAGER DANS LE TEMPS,0,108697,0,0,40,29,9,2025
2025-09-29 01:00:00.000,H15,LA MACHINE A VOYAGER DANS LE TEMPS,0,108714,1,0,40,29,9,2025
2025-09-29 02:00:00.000,H15,LA MACHINE A VOYAGER DANS LE TEMPS,0,108731,2,0,40,29,9,2025
2025-09-29 03:00:00.000,H15,LA MACHINE A VOYAGER DANS LE TEMPS,0,108748,3,0,40,29,9,2025
2025-09-29 04:00:00.000,H15,LA MACHINE A VOYAGER DANS LE TEMPS,0,108765,4,0,40,29,9,2025
2025-09-29 05:00:00.000,H15,LA MACHINE A VOYAGER DANS LE TEMPS,0,108782,5,0,40,29,9,2025
2025-09-29 06:00:00.000,H15,LA MACHINE A VOYAGER DANS LE TEMPS,0,108799,6,0,40,29,9,2025
2025-09-29 07:00:00.000,H15,LA MACHINE A VOYAGER DANS LE TEMPS,0,108816,7,0,40,29,9,2025
2025-10-02 07:00:00.000,H15,LA MACHINE A VOYAGER DANS LE TEMPS,0,108936,7,0,40,2,10,2025
2025-10-02 08:00:00.000,H15,LA MACHINE A VOYAGER DANS LE TEMPS,0,108959,8,0,40,2,10,2025
2025-10-02 09:00:00.000,H15,LA MACHINE A VOYAGER DANS LE TEMPS,0,108982,9,0,40,2,10,2025
2025-10-02 10:00:00.000,H15,LA MACHINE A VOYAGER DANS LE TEMPS,262,109005,10,0,40,2,10,2025
2025-10-02 11:00:00.000,H15,LA MACHINE A VOYAGER DANS LE TEMPS,39,109028,11,0,40,2,10,2025
2025-10-02 12:00:00.000,H15,LA MACHINE A VOYAGER DANS LE TEMPS,65,109051,12,0,40,2,10,2025
2025-10-02 13:00:00.000,H15,LA MACHINE A VOYAGER DANS LE TEMPS,9,109074,13,0,40,2,10,2025
2025-10-02 14:00:00.000,H15,LA MACHINE A VOYAGER DANS LE TEMPS,13,109097,14,0,40,2,10,2025
2025-10-02 15:00:00.000,H15,LA MACHINE A VOYAGER DANS LE TEMPS,31,109120,15,0,40,2,10,2025
2025-10-02 16:00:00.000,H15,LA MACHINE A VOYAGER DANS LE TEMPS,29,109143,16,0,40,2,10,2025
2025-10-02 17:00:00.000,H15,LA MACHINE A VOYAGER DANS LE TEMPS,26,109166,17,0,40,2,10,2025
2025-10-02 18:00:00.000,H15,LA MACHINE A VOYAGER DANS LE TEMPS,22,109189,18,0,40,2,10,2025
2025-10-02 19:00:00.000,H15,LA MACHINE A VOYAGER DANS LE TEMPS,1,109204,19,0,40,2,10,2025
2025-10-02 20:00:00.000,H15,LA MACHINE A VOYAGER DANS LE TEMPS,0,109219,20,0,40,2,10,2025
2025-10-02 21:00:00.000,H15,LA MACHINE A VOYAGER DANS LE TEMPS,0,109234,21,0,40,2,10,2025
2025-10-02 22:00:00.000,H15,LA MACHINE A VOYAGER DANS LE TEMPS,0,109249,22,0,40,2,10,2025
2025-10-02 23:00:00.000,H15,LA MACHINE A VOYAGER DANS LE TEMPS,0,109264,23,0,40,2,10,2025
2025-10-03 00:00:00.000,H15,LA MACHINE A VOYAGER DANS LE TEMPS,0,109279,0,0,40,3,10,2025
2025-10-03 01:00:00.000,H15,LA MACHINE A VOYAGER DANS LE TEMPS,0,109294,1,0,40,3,10,2025
2025-10-03 02:00:00.000,H15,LA MACHINE A VOYAGER DANS LE TEMPS,0,109309,2,0,40,3,10,2025
2025-10-03 03:00:00.000,H15,LA MACHINE A VOYAGER DANS LE TEMPS,0,109324,3,0,40,3,10,2025
2025-10-03 04:00:00.000,H15,LA MACHINE A VOYAGER DANS LE TEMPS,0,109339,4,0,40,3,10,2025
2025-10-03 05:00:00.000,H15,LA MACHINE A VOYAGER DANS LE TEMPS,0,109354,5,0,40,3,10,2025
2025-10-03 06:00:00.000,H15,LA MACHINE A VOYAGER DANS LE TEMPS,0,109369,6,0,40,3,10,2025
2025-10-03 07:00:00.000,H15,LA MACHINE A VOYAGER DANS LE TEMPS,0,109392,7,0,40,3,10,2025
2025-10-03 08:00:00.000,H15,LA MACHINE A VOYAGER DANS LE TEMPS,0,109415,8,0,40,3,10,2025
2025-10-03 09:00:00.000,H15,LA MACHINE A VOYAGER DANS LE TEMPS,0,109438,9,0,40,3,10,2025
2025-10-03 10:00:00.000,H15,LA MACHINE A VOYAGER DANS LE TEMPS,35,109461,10,0,40,3,10,2025
2025-10-03 11:00:00.000,H15,LA MACHINE A VOYAGER DANS LE TEMPS,72,109484,11,0,40,3,10,2025
2025-10-03 12:00:00.000,H15,LA MACHINE A VOYAGER DANS LE TEMPS,24,109507,12,0,40,3,10,2025
2025-10-03 13:00:00.000,H15,LA MACHINE A VOYAGER DANS LE TEMPS,3,109530,13,0,40,3,10,2025
2025-10-03 14:00:00.000,H15,LA MACHINE A VOYAGER DANS LE TEMPS,5,109553,14,0,40,3,10,2025
2025-10-03 15:00:00.000,H15,LA MACHINE A VOYAGER DANS LE TEMPS,26,109576,15,0,40,3,10,2025
2025-10-03 16:00:00.000,H15,LA MACHINE A VOYAGER DANS LE TEMPS,12,109599,16,0,40,3,10,2025
2025-10-03 17:00:00.000,H15,LA MACHINE A VOYAGER DANS LE TEMPS,9,109622,17,0,40,3,10,2025
2025-10-03 18:00:00.000,H15,LA MACHINE A VOYAGER DANS LE TEMPS,11,109645,18,0,40,3,10,2025
2025-10-03 19:00:00.000,H15,LA MACHINE A VOYAGER DANS LE TEMPS,0,109668,19,0,40,3,10,2025
2025-10-03 20:00:00.000,H15,LA MACHINE A VOYAGER DANS LE TEMPS,0,109691,20,0,40,3,10,2025
2025-10-03 21:00:00.000,H15,LA MACHINE A VOYAGER DANS LE TEMPS,0,109714,21,0,40,3,10,2025
2025-10-03 22:00:00.000,H15,LA MACHINE A VOYAGER DANS LE TEMPS,0,109729,22,0,40,3,10,2025
2025-10-03 23:00:00.000,H15,LA MACHINE A VOYAGER DANS LE TEMPS,0,109744,23,0,40,3,10,2025
2025-10-04 00:00:00.000,H15,LA MACHINE A VOYAGER DANS LE TEMPS,0,109759,0,0,40,4,10,2025
2025-10-04 01:00:00.000,H15,LA MACHINE A VOYAGER DANS LE TEMPS,0,109774,1,0,40,4,10,2025
2025-10-04 02:00:00.000,H15,LA MACHINE A VOYAGER DANS LE TEMPS,0,109789,2,0,40,4,10,2025
2025-10-04 03:00:00.000,H15,LA MACHINE A VOYAGER DANS LE TEMPS,0,109804,3,0,40,4,10,2025
2025-10-04 04:00:00.000,H15,LA MACHINE A VOYAGER DANS LE TEMPS,0,109819,4,0,40,4,10,2025
2025-10-04 05:00:00.000,H15,LA MACHINE A VOYAGER DANS LE TEMPS,0,109834,5,0,40,4,10,2025
2025-10-04 06:00:00.000,H15,LA MACHINE A VOYAGER DANS LE TEMPS,0,109849,6,0,40,4,10,2025
2025-10-04 07:00:00.000,H15,LA MACHINE A VOYAGER DANS LE TEMPS,0,109873,7,0,40,4,10,2025
2025-10-04 08:00:00.000,H15,LA MACHINE A VOYAGER DANS LE TEMPS,0,109898,8,0,40,4,10,2025
2025-10-04 09:00:00.000,H15,LA MACHINE A VOYAGER DANS LE TEMPS,46,109923,9,0,40,4,10,2025
2025-10-04 10:00:00.000,H15,LA MACHINE A VOYAGER DANS LE TEMPS,439,109948,10,0,40,4,10,2025
2025-10-04 11:00:00.000,H15,LA MACHINE A VOYAGER DANS LE TEMPS,797,109973,11,0,40,4,10,2025
2025-10-04 12:00:00.000,H15,LA MACHINE A VOYAGER DANS LE TEMPS,1183,109998,12,0,40,4,10,2025
2025-10-04 13:00:00.000,H15,LA MACHINE A VOYAGER DANS LE TEMPS,510,110023,13,0,40,4,10,2025
2025-10-04 14:00:00.000,H15,LA MACHINE A VOYAGER DANS LE TEMPS,487,110048,14,0,40,4,10,2025
2025-10-04 15:00:00.000,H15,LA MACHINE A VOYAGER DANS LE TEMPS,640,110073,15,0,40,4,10,2025
2025-10-04 16:00:00.000,H15,LA MACHINE A VOYAGER DANS LE TEMPS,661,110098,16,0,40,4,10,2025
2025-10-04 17:00:00.000,H15,LA MACHINE A VOYAGER DANS LE TEMPS,532,110123,17,0,40,4,10,2025
2025-10-04 18:00:00.000,H15,LA MACHINE A VOYAGER DANS LE TEMPS,386,110148,18,0,40,4,10,2025
2025-10-04 19:00:00.000,H15,LA MACHINE A VOYAGER DANS LE TEMPS,192,110173,19,0,40,4,10,2025
2025-10-04 20:00:00.000,H15,LA MACHINE A VOYAGER DANS LE TEMPS,202,110198,20,0,40,4,10,2025
2025-10-04 21:00:00.000,H15,LA MACHINE A VOYAGER DANS LE TEMPS,154,110223,21,0,40,4,10,2025
2025-10-04 22:00:00.000,H15,LA MACHINE A VOYAGER DANS LE TEMPS,154,110240,22,0,40,4,10,2025
2025-10-04 23:00:00.000,H15,LA MACHINE A VOYAGER DANS LE TEMPS,154,110257,23,0,40,4,10,2025
2025-10-05 00:00:00.000,H15,LA MACHINE A VOYAGER DANS LE TEMPS,154,110274,0,0,41,5,10,2025
2025-10-05 01:00:00.000,H15,LA MACHINE A VOYAGER DANS LE TEMPS,154,110291,1,0,41,5,10,2025
2025-10-05 02:00:00.000,H15,LA MACHINE A VOYAGER DANS LE TEMPS,154,110308,2,0,41,5,10,2025
2025-10-05 03:00:00.000,H15,LA MACHINE A VOYAGER DANS LE TEMPS,154,110325,3,0,41,5,10,2025
2025-10-05 04:00:00.000,H15,LA MACHINE A VOYAGER DANS LE TEMPS,154,110342,4,0,41,5,10,2025
2025-10-05 05:00:00.000,H15,LA MACHINE A VOYAGER DANS LE TEMPS,154,110359,5,0,41,5,10,2025
2025-10-05 06:00:00.000,H15,LA MACHINE A VOYAGER DANS LE TEMPS,154,110376,6,0,41,5,10,2025
2025-10-05 07:00:00.000,H15,LA MACHINE A VOYAGER DANS LE TEMPS,154,110401,7,0,41,5,10,2025
2025-10-05 08:00:00.000,H15,LA MACHINE A VOYAGER DANS LE TEMPS,107,110426,8,0,41,5,10,2025
2025-10-05 09:00:00.000,H15,LA MACHINE A VOYAGER DANS LE TEMPS,29,110451,9,0,41,5,10,2025
2025-10-05 10:00:00.000,H15,LA MACHINE A VOYAGER DANS LE TEMPS,195,110476,10,0,41,5,10,2025
2025-10-05 11:00:00.000,H15,LA MACHINE A VOYAGER DANS LE TEMPS,444,110501,11,0,41,5,10,2025
2025-10-05 12:00:00.000,H15,LA MACHINE A VOYAGER DANS LE TEMPS,128,110526,12,0,41,5,10,2025
2025-10-05 13:00:00.000,H15,LA MACHINE A VOYAGER DANS LE TEMPS,67,110551,13,0,41,5,10,2025
2025-10-05 14:00:00.000,H15,LA MACHINE A VOYAGER DANS LE TEMPS,37,110576,14,0,41,5,10,2025
2025-10-05 15:00:00.000,H15,LA MACHINE A VOYAGER DANS LE TEMPS,67,110601,15,0,41,5,10,2025
2025-10-05 16:00:00.000,H15,LA MACHINE A VOYAGER DANS LE TEMPS,48,110626,16,0,41,5,10,2025
2025-10-05 17:00:00.000,H15,LA MACHINE A VOYAGER DANS LE TEMPS,24,110651,17,0,41,5,10,2025
2025-10-05 18:00:00.000,H15,LA MACHINE A VOYAGER DANS LE TEMPS,4,110676,18,0,41,5,10,2025
2025-10-05 19:00:00.000,H15,LA MACHINE A VOYAGER DANS LE TEMPS,0,110693,19,0,41,5,10,2025
2025-10-05 20:00:00.000,H15,LA MACHINE A VOYAGER DANS LE TEMPS,0,110710,20,0,41,5,10,2025
2025-10-05 21:00:00.000,H15,LA MACHINE A VOYAGER DANS LE TEMPS,0,110727,21,0,41,5,10,2025
2025-10-05 22:00:00.000,H15,LA MACHINE A VOYAGER DANS LE TEMPS,0,110744,22,0,41,5,10,2025
2025-10-05 23:00:00.000,H15,LA MACHINE A VOYAGER DANS LE TEMPS,0,110761,23,0,41,5,10,2025
2025-10-06 00:00:00.000,H15,LA MACHINE A VOYAGER DANS LE TEMPS,0,110778,0,0,41,6,10,2025
2025-10-06 01:00:00.000,H15,LA MACHINE A VOYAGER DANS LE TEMPS,0,110795,1,0,41,6,10,2025
2025-10-06 02:00:00.000,H15,LA MACHINE A VOYAGER DANS LE TEMPS,0,110812,2,0,41,6,10,2025
2025-10-06 03:00:00.000,H15,LA MACHINE A VOYAGER DANS LE TEMPS,0,110829,3,0,41,6,10,2025
2025-10-06 04:00:00.000,H15,LA MACHINE A VOYAGER DANS LE TEMPS,0,110846,4,0,41,6,10,2025
2025-10-06 05:00:00.000,H15,LA MACHINE A VOYAGER DANS LE TEMPS,0,110863,5,0,41,6,10,2025
2025-10-06 06:00:00.000,H15,LA MACHINE A VOYAGER DANS LE TEMPS,0,110880,6,0,41,6,10,2025
2025-10-06 07:00:00.000,H15,LA MACHINE A VOYAGER DANS LE TEMPS,0,110905,7,0,41,6,10,2025
2025-10-09 07:00:00.000,H15,LA MACHINE A VOYAGER DANS LE TEMPS,0,111209,7,0,41,9,10,2025
2025-10-09 08:00:00.000,H15,LA MACHINE A VOYAGER DANS LE TEMPS,0,111233,8,0,41,9,10,2025
2025-10-09 09:00:00.000,H15,LA MACHINE A VOYAGER DANS LE TEMPS,0,111257,9,0,41,9,10,2025
2025-10-09 10:00:00.000,H15,LA MACHINE A VOYAGER DANS LE TEMPS,47,111281,10,0,41,9,10,2025
2025-10-09 11:00:00.000,H15,LA MACHINE A VOYAGER DANS LE TEMPS,77,111305,11,0,41,9,10,2025
2025-10-09 12:00:00.000,H15,LA MACHINE A VOYAGER DANS LE TEMPS,26,111329,12,0,41,9,10,2025
2025-10-09 13:00:00.000,H15,LA MACHINE A VOYAGER DANS LE TEMPS,8,111353,13,0,41,9,10,2025
2025-10-09 14:00:00.000,H15,LA MACHINE A VOYAGER DANS LE TEMPS,0,111377,14,0,41,9,10,2025
2025-10-09 15:00:00.000,H15,LA MACHINE A VOYAGER DANS LE TEMPS,76,111401,15,0,41,9,10,2025
2025-10-09 16:00:00.000,H15,LA MACHINE A VOYAGER DANS LE TEMPS,67,111425,16,0,41,9,10,2025
2025-10-09 17:00:00.000,H15,LA MACHINE A VOYAGER DANS LE TEMPS,35,111449,17,0,41,9,10,2025
2025-10-09 18:00:00.000,H15,LA MACHINE A VOYAGER DANS LE TEMPS,17,111473,18,0,41,9,10,2025
2025-10-09 19:00:00.000,H15,LA MACHINE A VOYAGER DANS LE TEMPS,0,111489,19,0,41,9,10,2025
2025-10-09 20:00:00.000,H15,LA MACHINE A VOYAGER DANS LE TEMPS,0,111505,20,0,41,9,10,2025
2025-10-09 21:00:00.000,H15,LA MACHINE A VOYAGER DANS LE TEMPS,0,111521,21,0,41,9,10,2025
2025-10-09 22:00:00.000,H15,LA MACHINE A VOYAGER DANS LE TEMPS,0,111537,22,0,41,9,10,2025
2025-10-09 23:00:00.000,H15,LA MACHINE A VOYAGER DANS LE TEMPS,0,111553,23,0,41,9,10,2025
2025-10-10 00:00:00.000,H15,LA MACHINE A VOYAGER DANS LE TEMPS,0,111569,0,0,41,10,10,2025
2025-10-10 01:00:00.000,H15,LA MACHINE A VOYAGER DANS LE TEMPS,0,111585,1,0,41,10,10,2025
2025-10-10 02:00:00.000,H15,LA MACHINE A VOYAGER DANS LE TEMPS,0,111601,2,0,41,10,10,2025
2025-10-10 03:00:00.000,H15,LA MACHINE A VOYAGER DANS LE TEMPS,0,111617,3,0,41,10,10,2025
2025-10-10 04:00:00.000,H15,LA MACHINE A VOYAGER DANS LE TEMPS,0,111633,4,0,41,10,10,2025
2025-10-10 05:00:00.000,H15,LA MACHINE A VOYAGER DANS LE TEMPS,0,111649,5,0,41,10,10,2025
2025-10-10 06:00:00.000,H15,LA MACHINE A VOYAGER DANS LE TEMPS,0,111665,6,0,41,10,10,2025
2025-10-10 07:00:00.000,H15,LA MACHINE A VOYAGER DANS LE TEMPS,0,111689,7,0,41,10,10,2025
2025-10-10 08:00:00.000,H15,LA MACHINE A VOYAGER DANS LE TEMPS,0,111712,8,0,41,10,10,2025
2025-10-10 09:00:00.000,H15,LA MACHINE A VOYAGER DANS LE TEMPS,0,111735,9,0,41,10,10,2025
2025-10-10 10:00:00.000,H15,LA MACHINE A VOYAGER DANS LE TEMPS,33,111758,10,0,41,10,10,2025
2025-10-10 11:00:00.000,H15,LA MACHINE A VOYAGER DANS LE TEMPS,43,111781,11,0,41,10,10,2025
2025-10-10 12:00:00.000,H15,LA MACHINE A VOYAGER DANS LE TEMPS,27,111804,12,0,41,10,10,2025
2025-10-10 13:00:00.000,H15,LA MACHINE A VOYAGER DANS LE TEMPS,10,111827,13,0,41,10,10,2025
2025-10-10 14:00:00.000,H15,LA MACHINE A VOYAGER DANS LE TEMPS,11,111850,14,0,41,10,10,2025
2025-10-10 15:00:00.000,H15,LA MACHINE A VOYAGER DANS LE TEMPS,26,111873,15,0,41,10,10,2025
2025-10-10 16:00:00.000,H15,LA MACHINE A VOYAGER DANS LE TEMPS,28,111896,16,0,41,10,10,2025
2025-10-10 17:00:00.000,H15,LA MACHINE A VOYAGER DANS LE TEMPS,27,111919,17,0,41,10,10,2025
2025-10-10 18:00:00.000,H15,LA MACHINE A VOYAGER DANS LE TEMPS,23,111942,18,0,41,10,10,2025
2025-10-10 19:00:00.000,H15,LA MACHINE A VOYAGER DANS LE TEMPS,0,111965,19,0,41,10,10,2025
2025-10-10 20:00:00.000,H15,LA MACHINE A VOYAGER DANS LE TEMPS,0,111988,20,0,41,10,10,2025
2025-10-10 21:00:00.000,H15,LA MACHINE A VOYAGER DANS LE TEMPS,0,112011,21,0,41,10,10,2025
2025-10-10 22:00:00.000,H15,LA MACHINE A VOYAGER DANS LE TEMPS,0,112026,22,0,41,10,10,2025
2025-10-10 23:00:00.000,H15,LA MACHINE A VOYAGER DANS LE TEMPS,0,112041,23,0,41,10,10,2025
2025-10-11 00:00:00.000,H15,LA MACHINE A VOYAGER DANS LE TEMPS,0,112056,0,0,41,11,10,2025
2025-10-11 01:00:00.000,H15,LA MACHINE A VOYAGER DANS LE TEMPS,0,112071,1,0,41,11,10,2025
2025-10-11 02:00:00.000,H15,LA MACHINE A VOYAGER DANS LE TEMPS,0,112086,2,0,41,11,10,2025
2025-10-11 03:00:00.000,H15,LA MACHINE A VOYAGER DANS LE TEMPS,0,112101,3,0,41,11,10,2025
2025-10-11 04:00:00.000,H15,LA MACHINE A VOYAGER DANS LE TEMPS,0,112116,4,0,41,11,10,2025
2025-10-11 05:00:00.000,H15,LA MACHINE A VOYAGER DANS LE TEMPS,0,112131,5,0,41,11,10,2025
2025-10-11 06:00:00.000,H15,LA MACHINE A VOYAGER DANS LE TEMPS,0,112146,6,0,41,11,10,2025
2025-10-11 07:00:00.000,H15,LA MACHINE A VOYAGER DANS LE TEMPS,0,112172,7,0,41,11,10,2025
2025-10-11 08:00:00.000,H15,LA MACHINE A VOYAGER DANS LE TEMPS,0,112198,8,0,41,11,10,2025
2025-10-11 09:00:00.000,H15,LA MACHINE A VOYAGER DANS LE TEMPS,37,112224,9,0,41,11,10,2025
2025-10-11 10:00:00.000,H15,LA MACHINE A VOYAGER DANS LE TEMPS,561,112250,10,0,41,11,10,2025
2025-10-11 11:00:00.000,H15,LA MACHINE A VOYAGER DANS LE TEMPS,654,112276,11,0,41,11,10,2025
2025-10-11 12:00:00.000,H15,LA MACHINE A VOYAGER DANS LE TEMPS,671,112302,12,0,41,11,10,2025
2025-10-11 13:00:00.000,H15,LA MACHINE A VOYAGER DANS LE TEMPS,621,112328,13,0,41,11,10,2025
2025-10-11 14:00:00.000,H15,LA MACHINE A VOYAGER DANS LE TEMPS,704,112354,14,0,41,11,10,2025
2025-10-11 15:00:00.000,H15,LA MACHINE A VOYAGER DANS LE TEMPS,781,112380,15,0,41,11,10,2025
2025-10-11 16:00:00.000,H15,LA MACHINE A VOYAGER DANS LE TEMPS,789,112406,16,0,41,11,10,2025
2025-10-11 17:00:00.000,H15,LA MACHINE A VOYAGER DANS LE TEMPS,816,112432,17,0,41,11,10,2025
2025-10-11 18:00:00.000,H15,LA MACHINE A VOYAGER DANS LE TEMPS,667,112458,18,0,41,11,10,2025
2025-10-11 19:00:00.000,H15,LA MACHINE A VOYAGER DANS LE TEMPS,158,112484,19,0,41,11,10,2025
2025-10-11 20:00:00.000,H15,LA MACHINE A VOYAGER DANS LE TEMPS,0,112510,20,0,41,11,10,2025
2025-10-11 21:00:00.000,H15,LA MACHINE A VOYAGER DANS LE TEMPS,0,112536,21,0,41,11,10,2025
2025-10-11 22:00:00.000,H15,LA MACHINE A VOYAGER DANS LE TEMPS,0,112562,22,0,41,11,10,2025
2025-10-11 23:00:00.000,H15,LA MACHINE A VOYAGER DANS LE TEMPS,0,112580,23,0,41,11,10,2025
2025-10-12 00:00:00.000,H15,LA MACHINE A VOYAGER DANS LE TEMPS,0,112598,0,0,42,12,10,2025
2025-10-12 01:00:00.000,H15,LA MACHINE A VOYAGER DANS LE TEMPS,0,112616,1,0,42,12,10,2025
2025-10-12 02:00:00.000,H15,LA MACHINE A VOYAGER DANS LE TEMPS,0,112634,2,0,42,12,10,2025
2025-10-12 03:00:00.000,H15,LA MACHINE A VOYAGER DANS LE TEMPS,0,112652,3,0,42,12,10,2025
2025-10-12 04:00:00.000,H15,LA MACHINE A VOYAGER DANS LE TEMPS,0,112670,4,0,42,12,10,2025
2025-10-12 05:00:00.000,H15,LA MACHINE A VOYAGER DANS LE TEMPS,0,112688,5,0,42,12,10,2025
2025-10-12 06:00:00.000,H15,LA MACHINE A VOYAGER DANS LE TEMPS,0,112706,6,0,42,12,10,2025
2025-10-12 07:00:00.000,H15,LA MACHINE A VOYAGER DANS LE TEMPS,0,112732,7,0,42,12,10,2025
2025-10-12 08:00:00.000,H15,LA MACHINE A VOYAGER DANS LE TEMPS,0,112758,8,0,42,12,10,2025
2025-10-12 09:00:00.000,H15,LA MACHINE A VOYAGER DANS LE TEMPS,19,112784,9,0,42,12,10,2025
2025-10-12 10:00:00.000,H15,LA MACHINE A VOYAGER DANS LE TEMPS,474,112810,10,0,42,12,10,2025
2025-10-12 11:00:00.000,H15,LA MACHINE A VOYAGER DANS LE TEMPS,726,112836,11,0,42,12,10,2025
2025-10-12 12:00:00.000,H15,LA MACHINE A VOYAGER DANS LE TEMPS,565,112862,12,0,42,12,10,2025
2025-10-12 13:00:00.000,H15,LA MACHINE A VOYAGER DANS LE TEMPS,199,112888,13,0,42,12,10,2025
2025-10-12 14:00:00.000,H15,LA MACHINE A VOYAGER DANS LE TEMPS,150,112914,14,0,42,12,10,2025
2025-10-12 15:00:00.000,H15,LA MACHINE A VOYAGER DANS LE TEMPS,185,112940,15,0,42,12,10,2025
2025-10-12 16:00:00.000,H15,LA MACHINE A VOYAGER DANS LE TEMPS,157,112966,16,0,42,12,10,2025
2025-10-12 17:00:00.000,H15,LA MACHINE A VOYAGER DANS LE TEMPS,96,112992,17,0,42,12,10,2025
2025-10-12 18:00:00.000,H15,LA MACHINE A VOYAGER DANS LE TEMPS,14,113018,18,0,42,12,10,2025
2025-10-12 19:00:00.000,H15,LA MACHINE A VOYAGER DANS LE TEMPS,0,113036,19,0,42,12,10,2025
2025-10-12 20:00:00.000,H15,LA MACHINE A VOYAGER DANS LE TEMPS,0,113054,20,0,42,12,10,2025
2025-10-12 21:00:00.000,H15,LA MACHINE A VOYAGER DANS LE TEMPS,0,113072,21,0,42,12,10,2025
2025-10-12 22:00:00.000,H15,LA MACHINE A VOYAGER DANS LE TEMPS,0,113090,22,0,42,12,10,2025
2025-10-12 23:00:00.000,H15,LA MACHINE A VOYAGER DANS LE TEMPS,0,113108,23,0,42,12,10,2025
2025-10-13 00:00:00.000,H15,LA MACHINE A VOYAGER DANS LE TEMPS,0,113126,0,0,42,13,10,2025
2025-10-13 01:00:00.000,H15,LA MACHINE A VOYAGER DANS LE TEMPS,0,113144,1,0,42,13,10,2025
2025-10-13 02:00:00.000,H15,LA MACHINE A VOYAGER DANS LE TEMPS,0,113162,2,0,42,13,10,2025
2025-10-13 03:00:00.000,H15,LA MACHINE A VOYAGER DANS LE TEMPS,0,113180,3,0,42,13,10,2025
2025-10-13 04:00:00.000,H15,LA MACHINE A VOYAGER DANS LE TEMPS,0,113198,4,0,42,13,10,2025
2025-10-13 05:00:00.000,H15,LA MACHINE A VOYAGER DANS LE TEMPS,0,113216,5,0,42,13,10,2025
2025-10-13 06:00:00.000,H15,LA MACHINE A VOYAGER DANS LE TEMPS,0,113234,6,0,42,13,10,2025
2025-10-16 07:00:00.000,H15,LA MACHINE A VOYAGER DANS LE TEMPS,0,113617,7,0,42,16,10,2025
2025-10-16 08:00:00.000,H15,LA MACHINE A VOYAGER DANS LE TEMPS,0,113641,8,0,42,16,10,2025
2025-10-16 09:00:00.000,H15,LA MACHINE A VOYAGER DANS LE TEMPS,0,113665,9,0,42,16,10,2025
2025-10-16 10:00:00.000,H15,LA MACHINE A VOYAGER DANS LE TEMPS,61,113689,10,0,42,16,10,2025
2025-10-16 11:00:00.000,H15,LA MACHINE A VOYAGER DANS LE TEMPS,113,113713,11,0,42,16,10,2025
2025-10-16 12:00:00.000,H15,LA MACHINE A VOYAGER DANS LE TEMPS,61,113737,12,0,42,16,10,2025
2025-10-16 13:00:00.000,H15,LA MACHINE A VOYAGER DANS LE TEMPS,40,113761,13,0,42,16,10,2025
2025-10-16 14:00:00.000,H15,LA MACHINE A VOYAGER DANS LE TEMPS,41,113785,14,0,42,16,10,2025
2025-10-16 15:00:00.000,H15,LA MACHINE A VOYAGER DANS LE TEMPS,81,113809,15,0,42,16,10,2025
2025-10-16 16:00:00.000,H15,LA MACHINE A VOYAGER DANS LE TEMPS,52,113833,16,0,42,16,10,2025
2025-10-16 17:00:00.000,H15,LA MACHINE A VOYAGER DANS LE TEMPS,21,113857,17,0,42,16,10,2025
2025-10-16 18:00:00.000,H15,LA MACHINE A VOYAGER DANS LE TEMPS,11,113881,18,0,42,16,10,2025
2025-10-16 19:00:00.000,H15,LA MACHINE A VOYAGER DANS LE TEMPS,0,113897,19,0,42,16,10,2025
2025-10-16 20:00:00.000,H15,LA MACHINE A VOYAGER DANS LE TEMPS,0,113913,20,0,42,16,10,2025
2025-10-16 21:00:00.000,H15,LA MACHINE A VOYAGER DANS LE TEMPS,0,113929,21,0,42,16,10,2025
2025-10-16 22:00:00.000,H15,LA MACHINE A VOYAGER DANS LE TEMPS,0,113945,22,0,42,16,10,2025
2025-10-16 23:00:00.000,H15,LA MACHINE A VOYAGER DANS LE TEMPS,0,113961,23,0,42,16,10,2025
2025-10-17 00:00:00.000,H15,LA MACHINE A VOYAGER DANS LE TEMPS,0,113977,0,0,42,17,10,2025
2025-10-17 01:00:00.000,H15,LA MACHINE A VOYAGER DANS LE TEMPS,0,113993,1,0,42,17,10,2025
2025-10-17 02:00:00.000,H15,LA MACHINE A VOYAGER DANS LE TEMPS,0,114009,2,0,42,17,10,2025
2025-10-17 03:00:00.000,H15,LA MACHINE A VOYAGER DANS LE TEMPS,0,114025,3,0,42,17,10,2025
2025-10-17 04:00:00.000,H15,LA MACHINE A VOYAGER DANS LE TEMPS,0,114041,4,0,42,17,10,2025
2025-10-17 05:00:00.000,H15,LA MACHINE A VOYAGER DANS LE TEMPS,0,114057,5,0,42,17,10,2025
2025-10-17 06:00:00.000,H15,LA MACHINE A VOYAGER DANS LE TEMPS,0,114073,6,0,42,17,10,2025
2025-10-17 07:00:00.000,H15,LA MACHINE A VOYAGER DANS LE TEMPS,0,114097,7,0,42,17,10,2025
2025-10-17 08:00:00.000,H15,LA MACHINE A VOYAGER DANS LE TEMPS,0,114121,8,0,42,17,10,2025
2025-10-17 09:00:00.000,H15,LA MACHINE A VOYAGER DANS LE TEMPS,0,114145,9,0,42,17,10,2025
2025-10-17 10:00:00.000,H15,LA MACHINE A VOYAGER DANS LE TEMPS,84,114169,10,0,42,17,10,2025
2025-10-17 11:00:00.000,H15,LA MACHINE A VOYAGER DANS LE TEMPS,85,114193,11,0,42,17,10,2025
2025-10-17 12:00:00.000,H15,LA MACHINE A VOYAGER DANS LE TEMPS,17,114217,12,0,42,17,10,2025
2025-10-17 13:00:00.000,H15,LA MACHINE A VOYAGER DANS LE TEMPS,14,114241,13,0,42,17,10,2025
2025-10-17 14:00:00.000,H15,LA MACHINE A VOYAGER DANS LE TEMPS,0,114265,14,0,42,17,10,2025
2025-10-17 15:00:00.000,H15,LA MACHINE A VOYAGER DANS LE TEMPS,6,114289,15,0,42,17,10,2025
2025-10-17 16:00:00.000,H15,LA MACHINE A VOYAGER DANS LE TEMPS,30,114313,16,0,42,17,10,2025
2025-10-17 17:00:00.000,H15,LA MACHINE A VOYAGER DANS LE TEMPS,63,114337,17,0,42,17,10,2025
2025-10-17 18:00:00.000,H15,LA MACHINE A VOYAGER DANS LE TEMPS,28,114361,18,0,42,17,10,2025
2025-10-17 19:00:00.000,H15,LA MACHINE A VOYAGER DANS LE TEMPS,1,114385,19,0,42,17,10,2025
2025-10-17 20:00:00.000,H15,LA MACHINE A VOYAGER DANS LE TEMPS,0,114409,20,0,42,17,10,2025
2025-10-17 21:00:00.000,H15,LA MACHINE A VOYAGER DANS LE TEMPS,0,114433,21,0,42,17,10,2025
2025-10-17 22:00:00.000,H15,LA MACHINE A VOYAGER DANS LE TEMPS,0,114449,22,0,42,17,10,2025
2025-10-17 23:00:00.000,H15,LA MACHINE A VOYAGER DANS LE TEMPS,0,114465,23,0,42,17,10,2025
2025-10-18 00:00:00.000,H15,LA MACHINE A VOYAGER DANS LE TEMPS,0,114481,0,0,42,18,10,2025
2025-10-18 01:00:00.000,H15,LA MACHINE A VOYAGER DANS LE TEMPS,0,114497,1,0,42,18,10,2025
2025-10-18 02:00:00.000,H15,LA MACHINE A VOYAGER DANS LE TEMPS,0,114513,2,0,42,18,10,2025
2025-10-18 03:00:00.000,H15,LA MACHINE A VOYAGER DANS LE TEMPS,0,114529,3,0,42,18,10,2025
2025-10-18 04:00:00.000,H15,LA MACHINE A VOYAGER DANS LE TEMPS,0,114545,4,0,42,18,10,2025
2025-10-18 05:00:00.000,H15,LA MACHINE A VOYAGER DANS LE TEMPS,0,114561,5,0,42,18,10,2025
2025-10-18 06:00:00.000,H15,LA MACHINE A VOYAGER DANS LE TEMPS,0,114577,6,0,42,18,10,2025
2025-10-18 07:00:00.000,H15,LA MACHINE A VOYAGER DANS LE TEMPS,0,114603,7,0,42,18,10,2025
2025-10-18 08:00:00.000,H15,LA MACHINE A VOYAGER DANS LE TEMPS,0,114629,8,0,42,18,10,2025
2025-10-18 09:00:00.000,H15,LA MACHINE A VOYAGER DANS LE TEMPS,52,114655,9,0,42,18,10,2025
2025-10-18 10:00:00.000,H15,LA MACHINE A VOYAGER DANS LE TEMPS,546,114681,10,0,42,18,10,2025
2025-10-18 11:00:00.000,H15,LA MACHINE A VOYAGER DANS LE TEMPS,583,114707,11,0,42,18,10,2025
2025-10-18 12:00:00.000,H15,LA MACHINE A VOYAGER DANS LE TEMPS,591,114733,12,0,42,18,10,2025
2025-10-18 13:00:00.000,H15,LA MACHINE A VOYAGER DANS LE TEMPS,272,114759,13,0,42,18,10,2025
2025-10-18 14:00:00.000,H15,LA MACHINE A VOYAGER DANS LE TEMPS,5,114785,14,0,42,18,10,2025
2025-10-18 15:00:00.000,H15,LA MACHINE A VOYAGER DANS LE TEMPS,501,114811,15,0,42,18,10,2025
2025-10-18 16:00:00.000,H15,LA MACHINE A VOYAGER DANS LE TEMPS,615,114837,16,0,42,18,10,2025
2025-10-18 17:00:00.000,H15,LA MACHINE A VOYAGER DANS LE TEMPS,562,114863,17,0,42,18,10,2025
2025-10-18 18:00:00.000,H15,LA MACHINE A VOYAGER DANS LE TEMPS,432,114889,18,0,42,18,10,2025
2025-10-18 19:00:00.000,H15,LA MACHINE A VOYAGER DANS LE TEMPS,245,114915,19,0,42,18,10,2025
2025-10-18 20:00:00.000,H15,LA MACHINE A VOYAGER DANS LE TEMPS,62,114941,20,0,42,18,10,2025
2025-10-18 21:00:00.000,H15,LA MACHINE A VOYAGER DANS LE TEMPS,0,114967,21,0,42,18,10,2025
2025-10-18 22:00:00.000,H15,LA MACHINE A VOYAGER DANS LE TEMPS,0,114985,22,0,42,18,10,2025
2025-10-18 23:00:00.000,H15,LA MACHINE A VOYAGER DANS LE TEMPS,0,115003,23,0,42,18,10,2025
2025-10-19 00:00:00.000,H15,LA MACHINE A VOYAGER DANS LE TEMPS,0,115021,0,0,43,19,10,2025
2025-10-19 01:00:00.000,H15,LA MACHINE A VOYAGER DANS LE TEMPS,0,115039,1,0,43,19,10,2025
2025-10-19 02:00:00.000,H15,LA MACHINE A VOYAGER DANS LE TEMPS,0,115057,2,0,43,19,10,2025
2025-10-19 03:00:00.000,H15,LA MACHINE A VOYAGER DANS LE TEMPS,0,115075,3,0,43,19,10,2025
2025-10-19 04:00:00.000,H15,LA MACHINE A VOYAGER DANS LE TEMPS,0,115093,4,0,43,19,10,2025
2025-10-19 05:00:00.000,H15,LA MACHINE A VOYAGER DANS LE TEMPS,0,115111,5,0,43,19,10,2025
2025-10-19 06:00:00.000,H15,LA MACHINE A VOYAGER DANS LE TEMPS,0,115129,6,0,43,19,10,2025
2025-10-19 07:00:00.000,H15,LA MACHINE A VOYAGER DANS LE TEMPS,0,115155,7,0,43,19,10,2025
2025-10-19 08:00:00.000,H15,LA MACHINE A VOYAGER DANS LE TEMPS,0,115181,8,0,43,19,10,2025
2025-10-19 09:00:00.000,H15,LA MACHINE A VOYAGER DANS LE TEMPS,48,115207,9,0,43,19,10,2025
2025-10-19 10:00:00.000,H15,LA MACHINE A VOYAGER DANS LE TEMPS,553,115233,10,0,43,19,10,2025
2025-10-19 11:00:00.000,H15,LA MACHINE A VOYAGER DANS LE TEMPS,681,115259,11,0,43,19,10,2025
2025-10-19 12:00:00.000,H15,LA MACHINE A VOYAGER DANS LE TEMPS,566,115285,12,0,43,19,10,2025
2025-10-19 13:00:00.000,H15,LA MACHINE A VOYAGER DANS LE TEMPS,328,115311,13,0,43,19,10,2025
2025-10-19 14:00:00.000,H15,LA MACHINE A VOYAGER DANS LE TEMPS,469,115337,14,0,43,19,10,2025
2025-10-19 15:00:00.000,H15,LA MACHINE A VOYAGER DANS LE TEMPS,378,115363,15,0,43,19,10,2025
2025-10-19 16:00:00.000,H15,LA MACHINE A VOYAGER DANS LE TEMPS,352,115389,16,0,43,19,10,2025
2025-10-19 17:00:00.000,H15,LA MACHINE A VOYAGER DANS LE TEMPS,340,115415,17,0,43,19,10,2025
2025-10-19 18:00:00.000,H15,LA MACHINE A VOYAGER DANS LE TEMPS,515,115441,18,0,43,19,10,2025
2025-10-19 19:00:00.000,H15,LA MACHINE A VOYAGER DANS LE TEMPS,59,115467,19,0,43,19,10,2025
2025-10-19 20:00:00.000,H15,LA MACHINE A VOYAGER DANS LE TEMPS,19,115493,20,0,43,19,10,2025
2025-10-19 21:00:00.000,H15,LA MACHINE A VOYAGER DANS LE TEMPS,0,115519,21,0,43,19,10,2025
2025-10-19 22:00:00.000,H15,LA MACHINE A VOYAGER DANS LE TEMPS,0,115537,22,0,43,19,10,2025
2025-10-19 23:00:00.000,H15,LA MACHINE A VOYAGER DANS LE TEMPS,0,115555,23,0,43,19,10,2025
2025-10-20 00:00:00.000,H15,LA MACHINE A VOYAGER DANS LE TEMPS,0,115573,0,0,43,20,10,2025
2025-10-20 01:00:00.000,H15,LA MACHINE A VOYAGER DANS LE TEMPS,0,115591,1,0,43,20,10,2025
2025-10-20 02:00:00.000,H15,LA MACHINE A VOYAGER DANS LE TEMPS,0,115609,2,0,43,20,10,2025
2025-10-20 03:00:00.000,H15,LA MACHINE A VOYAGER DANS LE TEMPS,0,115627,3,0,43,20,10,2025
2025-10-20 04:00:00.000,H15,LA MACHINE A VOYAGER DANS LE TEMPS,0,115645,4,0,43,20,10,2025
2025-10-20 05:00:00.000,H15,LA MACHINE A VOYAGER DANS LE TEMPS,0,115663,5,0,43,20,10,2025
2025-10-20 06:00:00.000,H15,LA MACHINE A VOYAGER DANS LE TEMPS,0,115681,6,0,43,20,10,2025
2025-10-20 07:00:00.000,H15,LA MACHINE A VOYAGER DANS LE TEMPS,0,115707,7,0,43,20,10,2025
2025-10-20 08:00:00.000,H15,LA MACHINE A VOYAGER DANS LE TEMPS,0,115733,8,0,43,20,10,2025
2025-10-20 09:00:00.000,H15,LA MACHINE A VOYAGER DANS LE TEMPS,57,115759,9,0,43,20,10,2025
2025-10-20 10:00:00.000,H15,LA MACHINE A VOYAGER DANS LE TEMPS,579,115785,10,0,43,20,10,2025
2025-10-20 11:00:00.000,H15,LA MACHINE A VOYAGER DANS LE TEMPS,748,115811,11,0,43,20,10,2025
2025-10-20 12:00:00.000,H15,LA MACHINE A VOYAGER DANS LE TEMPS,501,115837,12,0,43,20,10,2025
2025-10-20 13:00:00.000,H15,LA MACHINE A VOYAGER DANS LE TEMPS,437,115863,13,0,43,20,10,2025
2025-10-20 14:00:00.000,H15,LA MACHINE A VOYAGER DANS LE TEMPS,497,115889,14,0,43,20,10,2025
2025-10-20 15:00:00.000,H15,LA MACHINE A VOYAGER DANS LE TEMPS,567,115915,15,0,43,20,10,2025
2025-10-20 16:00:00.000,H15,LA MACHINE A VOYAGER DANS LE TEMPS,492,115941,16,0,43,20,10,2025
2025-10-20 17:00:00.000,H15,LA MACHINE A VOYAGER DANS LE TEMPS,498,115967,17,0,43,20,10,2025
2025-10-20 18:00:00.000,H15,LA MACHINE A VOYAGER DANS LE TEMPS,342,115993,18,0,43,20,10,2025
2025-10-20 19:00:00.000,H15,LA MACHINE A VOYAGER DANS LE TEMPS,164,116019,19,0,43,20,10,2025
2025-10-20 20:00:00.000,H15,LA MACHINE A VOYAGER DANS LE TEMPS,95,116045,20,0,43,20,10,2025
2025-10-20 21:00:00.000,H15,LA MACHINE A VOYAGER DANS LE TEMPS,6,116071,21,0,43,20,10,2025
2025-10-20 22:00:00.000,H15,LA MACHINE A VOYAGER DANS LE TEMPS,0,116097,22,0,43,20,10,2025
2025-10-20 23:00:00.000,H15,LA MACHINE A VOYAGER DANS LE TEMPS,0,116115,23,0,43,20,10,2025
2025-10-21 00:00:00.000,H15,LA MACHINE A VOYAGER DANS LE TEMPS,0,116133,0,0,43,21,10,2025
2025-10-21 01:00:00.000,H15,LA MACHINE A VOYAGER DANS LE TEMPS,0,116151,1,0,43,21,10,2025
2025-10-21 02:00:00.000,H15,LA MACHINE A VOYAGER DANS LE TEMPS,0,116169,2,0,43,21,10,2025
2025-10-21 03:00:00.000,H15,LA MACHINE A VOYAGER DANS LE TEMPS,0,116187,3,0,43,21,10,2025
2025-10-21 04:00:00.000,H15,LA MACHINE A VOYAGER DANS LE TEMPS,0,116205,4,0,43,21,10,2025
2025-10-21 05:00:00.000,H15,LA MACHINE A VOYAGER DANS LE TEMPS,0,116223,5,0,43,21,10,2025
2025-10-21 06:00:00.000,H15,LA MACHINE A VOYAGER DANS LE TEMPS,0,116241,6,0,43,21,10,2025
2025-10-21 07:00:00.000,H15,LA MACHINE A VOYAGER DANS LE TEMPS,0,116267,7,0,43,21,10,2025
2025-10-21 08:00:00.000,H15,LA MACHINE A VOYAGER DANS LE TEMPS,0,116293,8,0,43,21,10,2025
2025-10-21 09:00:00.000,H15,LA MACHINE A VOYAGER DANS LE TEMPS,86,116319,9,0,43,21,10,2025
2025-10-21 10:00:00.000,H15,LA MACHINE A VOYAGER DANS LE TEMPS,723,116345,10,0,43,21,10,2025
2025-10-21 11:00:00.000,H15,LA MACHINE A VOYAGER DANS LE TEMPS,729,116371,11,0,43,21,10,2025
2025-10-21 12:00:00.000,H15,LA MACHINE A VOYAGER DANS LE TEMPS,579,116397,12,0,43,21,10,2025
2025-10-21 13:00:00.000,H15,LA MACHINE A VOYAGER DANS LE TEMPS,497,116423,13,0,43,21,10,2025
2025-10-21 14:00:00.000,H15,LA MACHINE A VOYAGER DANS LE TEMPS,529,116449,14,0,43,21,10,2025
2025-10-21 15:00:00.000,H15,LA MACHINE A VOYAGER DANS LE TEMPS,572,116475,15,0,43,21,10,2025
2025-10-21 16:00:00.000,H15,LA MACHINE A VOYAGER DANS LE TEMPS,533,116501,16,0,43,21,10,2025
2025-10-21 17:00:00.000,H15,LA MACHINE A VOYAGER DANS LE TEMPS,298,116527,17,0,43,21,10,2025
2025-10-21 18:00:00.000,H15,LA MACHINE A VOYAGER DANS LE TEMPS,346,116553,18,0,43,21,10,2025
2025-10-21 19:00:00.000,H15,LA MACHINE A VOYAGER DANS LE TEMPS,35,116579,19,0,43,21,10,2025
2025-10-21 20:00:00.000,H15,LA MACHINE A VOYAGER DANS LE TEMPS,39,116605,20,0,43,21,10,2025
2025-10-21 21:00:00.000,H15,LA MACHINE A VOYAGER DANS LE TEMPS,2,116631,21,0,43,21,10,2025
2025-10-21 22:00:00.000,H15,LA MACHINE A VOYAGER DANS LE TEMPS,0,116649,22,0,43,21,10,2025
2025-10-21 23:00:00.000,H15,LA MACHINE A VOYAGER DANS LE TEMPS,0,116667,23,0,43,21,10,2025
2025-10-22 00:00:00.000,H15,LA MACHINE A VOYAGER DANS LE TEMPS,0,116685,0,0,43,22,10,2025
2025-10-22 01:00:00.000,H15,LA MACHINE A VOYAGER DANS LE TEMPS,0,116703,1,0,43,22,10,2025
2025-10-22 02:00:00.000,H15,LA MACHINE A VOYAGER DANS LE TEMPS,0,116721,2,0,43,22,10,2025
2025-10-22 03:00:00.000,H15,LA MACHINE A VOYAGER DANS LE TEMPS,0,116739,3,0,43,22,10,2025
2025-10-22 04:00:00.000,H15,LA MACHINE A VOYAGER DANS LE TEMPS,0,116757,4,0,43,22,10,2025
2025-10-22 05:00:00.000,H15,LA MACHINE A VOYAGER DANS LE TEMPS,0,116775,5,0,43,22,10,2025
2025-10-22 06:00:00.000,H15,LA MACHINE A VOYAGER DANS LE TEMPS,0,116793,6,0,43,22,10,2025
2025-10-22 07:00:00.000,H15,LA MACHINE A VOYAGER DANS LE TEMPS,0,116819,7,0,43,22,10,2025
2025-10-22 08:00:00.000,H15,LA MACHINE A VOYAGER DANS LE TEMPS,0,116845,8,0,43,22,10,2025
2025-10-22 09:00:00.000,H15,LA MACHINE A VOYAGER DANS LE TEMPS,82,116871,9,0,43,22,10,2025
2025-10-22 10:00:00.000,H15,LA MACHINE A VOYAGER DANS LE TEMPS,534,116897,10,0,43,22,10,2025
2025-10-22 11:00:00.000,H15,LA MACHINE A VOYAGER DANS LE TEMPS,659,116923,11,0,43,22,10,2025
2025-10-22 12:00:00.000,H15,LA MACHINE A VOYAGER DANS LE TEMPS,650,116949,12,0,43,22,10,2025
2025-10-22 13:00:00.000,H15,LA MACHINE A VOYAGER DANS LE TEMPS,416,116975,13,0,43,22,10,2025
2025-10-22 14:00:00.000,H15,LA MACHINE A VOYAGER DANS LE TEMPS,388,117001,14,0,43,22,10,2025
2025-10-22 15:00:00.000,H15,LA MACHINE A VOYAGER DANS LE TEMPS,365,117027,15,0,43,22,10,2025
2025-10-22 16:00:00.000,H15,LA MACHINE A VOYAGER DANS LE TEMPS,402,117053,16,0,43,22,10,2025
2025-10-22 17:00:00.000,H15,LA MACHINE A VOYAGER DANS LE TEMPS,232,117079,17,0,43,22,10,2025
2025-10-22 18:00:00.000,H15,LA MACHINE A VOYAGER DANS LE TEMPS,166,117105,18,0,43,22,10,2025
2025-10-22 19:00:00.000,H15,LA MACHINE A VOYAGER DANS LE TEMPS,102,117131,19,0,43,22,10,2025
2025-10-22 20:00:00.000,H15,LA MACHINE A VOYAGER DANS LE TEMPS,99,117157,20,0,43,22,10,2025
2025-10-22 21:00:00.000,H15,LA MACHINE A VOYAGER DANS LE TEMPS,0,117183,21,0,43,22,10,2025
2025-10-22 22:00:00.000,H15,LA MACHINE A VOYAGER DANS LE TEMPS,0,117201,22,0,43,22,10,2025
2025-10-22 23:00:00.000,H15,LA MACHINE A VOYAGER DANS LE TEMPS,0,117219,23,0,43,22,10,2025
2025-10-23 00:00:00.000,H15,LA MACHINE A VOYAGER DANS LE TEMPS,0,117237,0,0,43,23,10,2025
2025-10-23 01:00:00.000,H15,LA MACHINE A VOYAGER DANS LE TEMPS,0,117255,1,0,43,23,10,2025
2025-10-23 02:00:00.000,H15,LA MACHINE A VOYAGER DANS LE TEMPS,0,117273,2,0,43,23,10,2025
2025-10-23 03:00:00.000,H15,LA MACHINE A VOYAGER DANS LE TEMPS,0,117291,3,0,43,23,10,2025
2025-10-23 04:00:00.000,H15,LA MACHINE A VOYAGER DANS LE TEMPS,0,117309,4,0,43,23,10,2025
2025-10-23 05:00:00.000,H15,LA MACHINE A VOYAGER DANS LE TEMPS,0,117327,5,0,43,23,10,2025
2025-10-23 06:00:00.000,H15,LA MACHINE A VOYAGER DANS LE TEMPS,0,117345,6,0,43,23,10,2025
2025-10-23 07:00:00.000,H15,LA MACHINE A VOYAGER DANS LE TEMPS,0,117370,7,0,43,23,10,2025
2025-10-23 08:00:00.000,H15,LA MACHINE A VOYAGER DANS LE TEMPS,0,117395,8,0,43,23,10,2025
2025-10-23 09:00:00.000,H15,LA MACHINE A VOYAGER DANS LE TEMPS,19,117420,9,0,43,23,10,2025
2025-10-23 10:00:00.000,H15,LA MACHINE A VOYAGER DANS LE TEMPS,525,117445,10,0,43,23,10,2025
2025-10-23 11:00:00.000,H15,LA MACHINE A VOYAGER DANS LE TEMPS,691,117470,11,0,43,23,10,2025
2025-10-23 12:00:00.000,H15,LA MACHINE A VOYAGER DANS LE TEMPS,491,117495,12,0,43,23,10,2025
2025-10-23 13:00:00.000,H15,LA MACHINE A VOYAGER DANS LE TEMPS,367,117520,13,0,43,23,10,2025
2025-10-23 14:00:00.000,H15,LA MACHINE A VOYAGER DANS LE TEMPS,308,117545,14,0,43,23,10,2025
2025-10-23 15:00:00.000,H15,LA MACHINE A VOYAGER DANS LE TEMPS,470,117570,15,0,43,23,10,2025
2025-10-23 16:00:00.000,H15,LA MACHINE A VOYAGER DANS LE TEMPS,382,117595,16,0,43,23,10,2025
2025-10-23 17:00:00.000,H15,LA MACHINE A VOYAGER DANS LE TEMPS,305,117620,17,0,43,23,10,2025
2025-10-23 18:00:00.000,H15,LA MACHINE A VOYAGER DANS LE TEMPS,408,117645,18,0,43,23,10,2025
2025-10-23 19:00:00.000,H15,LA MACHINE A VOYAGER DANS LE TEMPS,37,117670,19,0,43,23,10,2025
2025-10-23 20:00:00.000,H15,LA MACHINE A VOYAGER DANS LE TEMPS,27,117695,20,0,43,23,10,2025
2025-10-23 21:00:00.000,H15,LA MACHINE A VOYAGER DANS LE TEMPS,37,117720,21,0,43,23,10,2025
2025-10-23 22:00:00.000,H15,LA MACHINE A VOYAGER DANS LE TEMPS,37,117745,22,0,43,23,10,2025
2025-10-23 23:00:00.000,H15,LA MACHINE A VOYAGER DANS LE TEMPS,37,117762,23,0,43,23,10,2025
2025-10-24 00:00:00.000,H15,LA MACHINE A VOYAGER DANS LE TEMPS,37,117779,0,0,43,24,10,2025
2025-10-24 01:00:00.000,H15,LA MACHINE A VOYAGER DANS LE TEMPS,37,117796,1,0,43,24,10,2025
2025-10-24 02:00:00.000,H15,LA MACHINE A VOYAGER DANS LE TEMPS,37,117813,2,0,43,24,10,2025
2025-10-24 03:00:00.000,H15,LA MACHINE A VOYAGER DANS LE TEMPS,37,117830,3,0,43,24,10,2025
2025-10-24 04:00:00.000,H15,LA MACHINE A VOYAGER DANS LE TEMPS,37,117847,4,0,43,24,10,2025
2025-10-24 05:00:00.000,H15,LA MACHINE A VOYAGER DANS LE TEMPS,37,117864,5,0,43,24,10,2025
2025-10-24 06:00:00.000,H15,LA MACHINE A VOYAGER DANS LE TEMPS,37,117881,6,0,43,24,10,2025
2025-10-24 07:00:00.000,H15,LA MACHINE A VOYAGER DANS LE TEMPS,37,117907,7,0,43,24,10,2025
2025-10-24 08:00:00.000,H15,LA MACHINE A VOYAGER DANS LE TEMPS,12,117933,8,0,43,24,10,2025
2025-10-24 09:00:00.000,H15,LA MACHINE A VOYAGER DANS LE TEMPS,33,117959,9,0,43,24,10,2025
2025-10-24 10:00:00.000,H15,LA MACHINE A VOYAGER DANS LE TEMPS,422,117985,10,0,43,24,10,2025
2025-10-24 11:00:00.000,H15,LA MACHINE A VOYAGER DANS LE TEMPS,577,118011,11,0,43,24,10,2025
2025-10-24 12:00:00.000,H15,LA MACHINE A VOYAGER DANS LE TEMPS,429,118037,12,0,43,24,10,2025
2025-10-24 13:00:00.000,H15,LA MACHINE A VOYAGER DANS LE TEMPS,376,118063,13,0,43,24,10,2025
2025-10-24 14:00:00.000,H15,LA MACHINE A VOYAGER DANS LE TEMPS,338,118089,14,0,43,24,10,2025
2025-10-24 15:00:00.000,H15,LA MACHINE A VOYAGER DANS LE TEMPS,376,118115,15,0,43,24,10,2025
2025-10-24 16:00:00.000,H15,LA MACHINE A VOYAGER DANS LE TEMPS,434,118141,16,0,43,24,10,2025
2025-10-24 17:00:00.000,H15,LA MACHINE A VOYAGER DANS LE TEMPS,238,118167,17,0,43,24,10,2025
2025-10-24 18:00:00.000,H15,LA MACHINE A VOYAGER DANS LE TEMPS,294,118193,18,0,43,24,10,2025
2025-10-24 19:00:00.000,H15,LA MACHINE A VOYAGER DANS LE TEMPS,100,118219,19,0,43,24,10,2025
2025-10-24 20:00:00.000,H15,LA MACHINE A VOYAGER DANS LE TEMPS,16,118245,20,0,43,24,10,2025
2025-10-24 21:00:00.000,H15,LA MACHINE A VOYAGER DANS LE TEMPS,4,118271,21,0,43,24,10,2025
2025-10-24 22:00:00.000,H15,LA MACHINE A VOYAGER DANS LE TEMPS,4,118297,22,0,43,24,10,2025
2025-10-24 23:00:00.000,H15,LA MACHINE A VOYAGER DANS LE TEMPS,4,118315,23,0,43,24,10,2025
2025-10-25 00:00:00.000,H15,LA MACHINE A VOYAGER DANS LE TEMPS,4,118333,0,0,43,25,10,2025
2025-10-25 01:00:00.000,H15,LA MACHINE A VOYAGER DANS LE TEMPS,4,118351,1,0,43,25,10,2025
2025-10-25 02:00:00.000,H15,LA MACHINE A VOYAGER DANS LE TEMPS,4,118369,2,0,43,25,10,2025
2025-10-25 03:00:00.000,H15,LA MACHINE A VOYAGER DANS LE TEMPS,4,118387,3,0,43,25,10,2025
2025-10-25 04:00:00.000,H15,LA MACHINE A VOYAGER DANS LE TEMPS,4,118405,4,0,43,25,10,2025
2025-10-25 05:00:00.000,H15,LA MACHINE A VOYAGER DANS LE TEMPS,4,118423,5,0,43,25,10,2025
2025-10-25 06:00:00.000,H15,LA MACHINE A VOYAGER DANS LE TEMPS,4,118441,6,0,43,25,10,2025
2025-10-25 07:00:00.000,H15,LA MACHINE A VOYAGER DANS LE TEMPS,4,118467,7,0,43,25,10,2025
2025-10-25 08:00:00.000,H15,LA MACHINE A VOYAGER DANS LE TEMPS,2,118493,8,0,43,25,10,2025
2025-10-25 09:00:00.000,H15,LA MACHINE A VOYAGER DANS LE TEMPS,59,118519,9,0,43,25,10,2025
2025-10-25 10:00:00.000,H15,LA MACHINE A VOYAGER DANS LE TEMPS,638,118545,10,0,43,25,10,2025
2025-10-25 11:00:00.000,H15,LA MACHINE A VOYAGER DANS LE TEMPS,850,118571,11,0,43,25,10,2025
2025-10-25 12:00:00.000,H15,LA MACHINE A VOYAGER DANS LE TEMPS,653,118597,12,0,43,25,10,2025
2025-10-25 13:00:00.000,H15,LA MACHINE A VOYAGER DANS LE TEMPS,537,118623,13,0,43,25,10,2025
2025-10-25 14:00:00.000,H15,LA MACHINE A VOYAGER DANS LE TEMPS,655,118649,14,0,43,25,10,2025
2025-10-25 15:00:00.000,H15,LA MACHINE A VOYAGER DANS LE TEMPS,753,118675,15,0,43,25,10,2025
2025-10-25 16:00:00.000,H15,LA MACHINE A VOYAGER DANS LE TEMPS,697,118701,16,0,43,25,10,2025
2025-10-25 17:00:00.000,H15,LA MACHINE A VOYAGER DANS LE TEMPS,599,118727,17,0,43,25,10,2025
2025-10-25 18:00:00.000,H15,LA MACHINE A VOYAGER DANS LE TEMPS,633,118753,18,0,43,25,10,2025
2025-10-25 19:00:00.000,H15,LA MACHINE A VOYAGER DANS LE TEMPS,295,118779,19,0,43,25,10,2025
2025-10-25 20:00:00.000,H15,LA MACHINE A VOYAGER DANS LE TEMPS,218,118805,20,0,43,25,10,2025
2025-10-25 21:00:00.000,H15,LA MACHINE A VOYAGER DANS LE TEMPS,103,118831,21,0,43,25,10,2025
2025-10-25 22:00:00.000,H15,LA MACHINE A VOYAGER DANS LE TEMPS,103,118849,22,0,43,25,10,2025
2025-10-25 23:00:00.000,H15,LA MACHINE A VOYAGER DANS LE TEMPS,103,118867,23,0,43,25,10,2025
2025-10-26 00:00:00.000,H15,LA MACHINE A VOYAGER DANS LE TEMPS,103,118885,0,0,44,26,10,2025
2025-10-26 01:00:00.000,H15,LA MACHINE A VOYAGER DANS LE TEMPS,103,118903,1,0,44,26,10,2025
2025-10-26 02:00:00.000,H15,LA MACHINE A VOYAGER DANS LE TEMPS,103,118921,2,0,44,26,10,2025
2025-10-26 03:00:00.000,H15,LA MACHINE A VOYAGER DANS LE TEMPS,103,118939,3,0,44,26,10,2025
2025-10-26 04:00:00.000,H15,LA MACHINE A VOYAGER DANS LE TEMPS,103,118957,4,0,44,26,10,2025
2025-10-26 05:00:00.000,H15,LA MACHINE A VOYAGER DANS LE TEMPS,103,118975,5,0,44,26,10,2025
2025-10-26 06:00:00.000,H15,LA MACHINE A VOYAGER DANS LE TEMPS,103,118993,6,0,44,26,10,2025
2025-10-26 07:00:00.000,H15,LA MACHINE A VOYAGER DANS LE TEMPS,103,119019,7,0,44,26,10,2025
2025-10-26 08:00:00.000,H15,LA MACHINE A VOYAGER DANS LE TEMPS,41,119045,8,0,44,26,10,2025
2025-10-26 09:00:00.000,H15,LA MACHINE A VOYAGER DANS LE TEMPS,98,119071,9,0,44,26,10,2025
2025-10-26 10:00:00.000,H15,LA MACHINE A VOYAGER DANS LE TEMPS,744,119097,10,0,44,26,10,2025
2025-10-26 11:00:00.000,H15,LA MACHINE A VOYAGER DANS LE TEMPS,737,119123,11,0,44,26,10,2025
2025-10-26 12:00:00.000,H15,LA MACHINE A VOYAGER DANS LE TEMPS,410,119149,12,0,44,26,10,2025
2025-10-26 13:00:00.000,H15,LA MACHINE A VOYAGER DANS LE TEMPS,339,119175,13,0,44,26,10,2025
2025-10-26 14:00:00.000,H15,LA MACHINE A VOYAGER DANS LE TEMPS,416,119201,14,0,44,26,10,2025
2025-10-26 15:00:00.000,H15,LA MACHINE A VOYAGER DANS LE TEMPS,412,119227,15,0,44,26,10,2025
2025-10-26 16:00:00.000,H15,LA MACHINE A VOYAGER DANS LE TEMPS,349,119253,16,0,44,26,10,2025
2025-10-26 17:00:00.000,H15,LA MACHINE A VOYAGER DANS LE TEMPS,364,119279,17,0,44,26,10,2025
2025-10-26 18:00:00.000,H15,LA MACHINE A VOYAGER DANS LE TEMPS,219,119305,18,0,44,26,10,2025
2025-10-26 19:00:00.000,H15,LA MACHINE A VOYAGER DANS LE TEMPS,107,119331,19,0,44,26,10,2025
2025-10-26 20:00:00.000,H15,LA MACHINE A VOYAGER DANS LE TEMPS,68,119357,20,0,44,26,10,2025
2025-10-26 21:00:00.000,H15,LA MACHINE A VOYAGER DANS LE TEMPS,51,119383,21,0,44,26,10,2025
2025-10-26 22:00:00.000,H15,LA MACHINE A VOYAGER DANS LE TEMPS,51,119401,22,0,44,26,10,2025
2025-10-26 23:00:00.000,H15,LA MACHINE A VOYAGER DANS LE TEMPS,51,119419,23,0,44,26,10,2025
2025-10-27 00:00:00.000,H15,LA MACHINE A VOYAGER DANS LE TEMPS,51,119437,0,0,44,27,10,2025
2025-10-27 01:00:00.000,H15,LA MACHINE A VOYAGER DANS LE TEMPS,51,119455,1,0,44,27,10,2025
2025-10-27 02:00:00.000,H15,LA MACHINE A VOYAGER DANS LE TEMPS,51,119473,2,0,44,27,10,2025
2025-10-27 03:00:00.000,H15,LA MACHINE A VOYAGER DANS LE TEMPS,51,119491,3,0,44,27,10,2025
2025-10-27 04:00:00.000,H15,LA MACHINE A VOYAGER DANS LE TEMPS,51,119509,4,0,44,27,10,2025
2025-10-27 05:00:00.000,H15,LA MACHINE A VOYAGER DANS LE TEMPS,51,119527,5,0,44,27,10,2025
2025-10-27 06:00:00.000,H15,LA MACHINE A VOYAGER DANS LE TEMPS,51,119545,6,0,44,27,10,2025
2025-10-27 07:00:00.000,H15,LA MACHINE A VOYAGER DANS LE TEMPS,51,119571,7,0,44,27,10,2025
2025-10-27 08:00:00.000,H15,LA MACHINE A VOYAGER DANS LE TEMPS,20,119597,8,0,44,27,10,2025
2025-10-27 09:00:00.000,H15,LA MACHINE A VOYAGER DANS LE TEMPS,96,119623,9,0,44,27,10,2025
2025-10-27 10:00:00.000,H15,LA MACHINE A VOYAGER DANS LE TEMPS,731,119649,10,0,44,27,10,2025
2025-10-27 11:00:00.000,H15,LA MACHINE A VOYAGER DANS LE TEMPS,738,119675,11,0,44,27,10,2025
2025-10-27 12:00:00.000,H15,LA MACHINE A VOYAGER DANS LE TEMPS,577,119701,12,0,44,27,10,2025
2025-10-27 13:00:00.000,H15,LA MACHINE A VOYAGER DANS LE TEMPS,517,119727,13,0,44,27,10,2025
2025-10-27 14:00:00.000,H15,LA MACHINE A VOYAGER DANS LE TEMPS,543,119753,14,0,44,27,10,2025
2025-10-27 15:00:00.000,H15,LA MACHINE A VOYAGER DANS LE TEMPS,524,119779,15,0,44,27,10,2025
2025-10-27 16:00:00.000,H15,LA MACHINE A VOYAGER DANS LE TEMPS,323,119805,16,0,44,27,10,2025
2025-10-27 17:00:00.000,H15,LA MACHINE A VOYAGER DANS LE TEMPS,174,119831,17,0,44,27,10,2025
2025-10-27 18:00:00.000,H15,LA MACHINE A VOYAGER DANS LE TEMPS,73,119857,18,0,44,27,10,2025
2025-10-27 19:00:00.000,H15,LA MACHINE A VOYAGER DANS LE TEMPS,3,119883,19,0,44,27,10,2025
2025-10-27 20:00:00.000,H15,LA MACHINE A VOYAGER DANS LE TEMPS,0,119909,20,0,44,27,10,2025
2025-10-27 21:00:00.000,H15,LA MACHINE A VOYAGER DANS LE TEMPS,0,119935,21,0,44,27,10,2025
2025-10-27 22:00:00.000,H15,LA MACHINE A VOYAGER DANS LE TEMPS,0,119961,22,0,44,27,10,2025
2025-10-27 23:00:00.000,H15,LA MACHINE A VOYAGER DANS LE TEMPS,0,119979,23,0,44,27,10,2025
2025-10-28 00:00:00.000,H15,LA MACHINE A VOYAGER DANS LE TEMPS,0,119997,0,0,44,28,10,2025
2025-10-28 01:00:00.000,H15,LA MACHINE A VOYAGER DANS LE TEMPS,0,120015,1,0,44,28,10,2025
2025-10-28 02:00:00.000,H15,LA MACHINE A VOYAGER DANS LE TEMPS,0,120033,2,0,44,28,10,2025
2025-10-28 03:00:00.000,H15,LA MACHINE A VOYAGER DANS LE TEMPS,0,120051,3,0,44,28,10,2025
2025-10-28 04:00:00.000,H15,LA MACHINE A VOYAGER DANS LE TEMPS,0,120069,4,0,44,28,10,2025
2025-10-28 05:00:00.000,H15,LA MACHINE A VOYAGER DANS LE TEMPS,0,120087,5,0,44,28,10,2025
2025-10-28 06:00:00.000,H15,LA MACHINE A VOYAGER DANS LE TEMPS,0,120105,6,0,44,28,10,2025
2025-10-28 07:00:00.000,H15,LA MACHINE A VOYAGER DANS LE TEMPS,0,120131,7,0,44,28,10,2025
2025-10-28 08:00:00.000,H15,LA MACHINE A VOYAGER DANS LE TEMPS,0,120157,8,0,44,28,10,2025
2025-10-28 09:00:00.000,H15,LA MACHINE A VOYAGER DANS LE TEMPS,0,120183,9,0,44,28,10,2025
2025-10-28 10:00:00.000,H15,LA MACHINE A VOYAGER DANS LE TEMPS,574,120209,10,0,44,28,10,2025
2025-10-28 11:00:00.000,H15,LA MACHINE A VOYAGER DANS LE TEMPS,1020,120235,11,0,44,28,10,2025
2025-10-28 12:00:00.000,H15,LA MACHINE A VOYAGER DANS LE TEMPS,934,120261,12,0,44,28,10,2025
2025-10-28 13:00:00.000,H15,LA MACHINE A VOYAGER DANS LE TEMPS,906,120287,13,0,44,28,10,2025
2025-10-28 14:00:00.000,H15,LA MACHINE A VOYAGER DANS LE TEMPS,776,120313,14,0,44,28,10,2025
2025-10-28 15:00:00.000,H15,LA MACHINE A VOYAGER DANS LE TEMPS,1325,120339,15,0,44,28,10,2025
2025-10-28 16:00:00.000,H15,LA MACHINE A VOYAGER DANS LE TEMPS,807,120365,16,0,44,28,10,2025
2025-10-28 17:00:00.000,H15,LA MACHINE A VOYAGER DANS LE TEMPS,816,120391,17,0,44,28,10,2025
2025-10-28 18:00:00.000,H15,LA MACHINE A VOYAGER DANS LE TEMPS,661,120417,18,0,44,28,10,2025
2025-10-28 19:00:00.000,H15,LA MACHINE A VOYAGER DANS LE TEMPS,371,120443,19,0,44,28,10,2025
2025-10-28 20:00:00.000,H15,LA MACHINE A VOYAGER DANS LE TEMPS,244,120469,20,0,44,28,10,2025
2025-10-28 21:00:00.000,H15,LA MACHINE A VOYAGER DANS LE TEMPS,275,120495,21,0,44,28,10,2025
2025-10-28 22:00:00.000,H15,LA MACHINE A VOYAGER DANS LE TEMPS,275,120513,22,0,44,28,10,2025
2025-10-28 23:00:00.000,H15,LA MACHINE A VOYAGER DANS LE TEMPS,275,120531,23,0,44,28,10,2025
2025-10-29 00:00:00.000,H15,LA MACHINE A VOYAGER DANS LE TEMPS,275,120549,0,0,44,29,10,2025
2025-10-29 01:00:00.000,H15,LA MACHINE A VOYAGER DANS LE TEMPS,275,120567,1,0,44,29,10,2025
2025-10-29 02:00:00.000,H15,LA MACHINE A VOYAGER DANS LE TEMPS,275,120585,2,0,44,29,10,2025
2025-10-29 03:00:00.000,H15,LA MACHINE A VOYAGER DANS LE TEMPS,275,120603,3,0,44,29,10,2025
2025-10-29 04:00:00.000,H15,LA MACHINE A VOYAGER DANS LE TEMPS,275,120621,4,0,44,29,10,2025
2025-10-29 05:00:00.000,H15,LA MACHINE A VOYAGER DANS LE TEMPS,275,120639,5,0,44,29,10,2025
2025-10-29 06:00:00.000,H15,LA MACHINE A VOYAGER DANS LE TEMPS,275,120657,6,0,44,29,10,2025
2025-10-29 07:00:00.000,H15,LA MACHINE A VOYAGER DANS LE TEMPS,275,120683,7,0,44,29,10,2025
2025-10-29 08:00:00.000,H15,LA MACHINE A VOYAGER DANS LE TEMPS,275,120709,8,0,44,29,10,2025
2025-10-29 09:00:00.000,H15,LA MACHINE A VOYAGER DANS LE TEMPS,298,120735,9,0,44,29,10,2025
2025-10-29 10:00:00.000,H15,LA MACHINE A VOYAGER DANS LE TEMPS,657,120761,10,0,44,29,10,2025
2025-10-29 11:00:00.000,H15,LA MACHINE A VOYAGER DANS LE TEMPS,736,120787,11,0,44,29,10,2025
2025-10-29 12:00:00.000,H15,LA MACHINE A VOYAGER DANS LE TEMPS,483,120813,12,0,44,29,10,2025
2025-10-29 13:00:00.000,H15,LA MACHINE A VOYAGER DANS LE TEMPS,455,120839,13,0,44,29,10,2025
2025-10-29 14:00:00.000,H15,LA MACHINE A VOYAGER DANS LE TEMPS,416,120865,14,0,44,29,10,2025
2025-10-29 15:00:00.000,H15,LA MACHINE A VOYAGER DANS LE TEMPS,618,120891,15,0,44,29,10,2025
2025-10-29 16:00:00.000,H15,LA MACHINE A VOYAGER DANS LE TEMPS,416,120917,16,0,44,29,10,2025
2025-10-29 17:00:00.000,H15,LA MACHINE A VOYAGER DANS LE TEMPS,341,120943,17,0,44,29,10,2025
2025-10-29 18:00:00.000,H15,LA MACHINE A VOYAGER DANS LE TEMPS,173,120969,18,0,44,29,10,2025
2025-10-29 19:00:00.000,H15,LA MACHINE A VOYAGER DANS LE TEMPS,133,120995,19,0,44,29,10,2025
2025-10-29 20:00:00.000,H15,LA MACHINE A VOYAGER DANS LE TEMPS,98,121021,20,0,44,29,10,2025
2025-10-29 21:00:00.000,H15,LA MACHINE A VOYAGER DANS LE TEMPS,0,121047,21,0,44,29,10,2025
2025-10-29 22:00:00.000,H15,LA MACHINE A VOYAGER DANS LE TEMPS,0,121065,22,0,44,29,10,2025
2025-10-29 23:00:00.000,H15,LA MACHINE A VOYAGER DANS LE TEMPS,0,121083,23,0,44,29,10,2025
2025-10-30 00:00:00.000,H15,LA MACHINE A VOYAGER DANS LE TEMPS,0,121101,0,0,44,30,10,2025
2025-10-30 01:00:00.000,H15,LA MACHINE A VOYAGER DANS LE TEMPS,0,121119,1,0,44,30,10,2025
2025-10-30 02:00:00.000,H15,LA MACHINE A VOYAGER DANS LE TEMPS,0,121137,2,0,44,30,10,2025
2025-10-30 03:00:00.000,H15,LA MACHINE A VOYAGER DANS LE TEMPS,0,121155,3,0,44,30,10,2025
2025-10-30 04:00:00.000,H15,LA MACHINE A VOYAGER DANS LE TEMPS,0,121173,4,0,44,30,10,2025
2025-10-30 05:00:00.000,H15,LA MACHINE A VOYAGER DANS LE TEMPS,0,121191,5,0,44,30,10,2025
2025-10-30 06:00:00.000,H15,LA MACHINE A VOYAGER DANS LE TEMPS,0,121209,6,0,44,30,10,2025
2025-10-30 07:00:00.000,H15,LA MACHINE A VOYAGER DANS LE TEMPS,0,121235,7,0,44,30,10,2025
2025-10-30 08:00:00.000,H15,LA MACHINE A VOYAGER DANS LE TEMPS,0,121261,8,0,44,30,10,2025
2025-10-30 09:00:00.000,H15,LA MACHINE A VOYAGER DANS LE TEMPS,272,121287,9,0,44,30,10,2025
2025-10-30 10:00:00.000,H15,LA MACHINE A VOYAGER DANS LE TEMPS,873,121313,10,0,44,30,10,2025
2025-10-30 11:00:00.000,H15,LA MACHINE A VOYAGER DANS LE TEMPS,628,121339,11,0,44,30,10,2025
2025-10-30 12:00:00.000,H15,LA MACHINE A VOYAGER DANS LE TEMPS,387,121365,12,0,44,30,10,2025
2025-10-30 13:00:00.000,H15,LA MACHINE A VOYAGER DANS LE TEMPS,283,121391,13,0,44,30,10,2025
2025-10-30 14:00:00.000,H15,LA MACHINE A VOYAGER DANS LE TEMPS,417,121417,14,0,44,30,10,2025
2025-10-30 15:00:00.000,H15,LA MACHINE A VOYAGER DANS LE TEMPS,545,121443,15,0,44,30,10,2025
2025-10-30 16:00:00.000,H15,LA MACHINE A VOYAGER DANS LE TEMPS,432,121469,16,0,44,30,10,2025
2025-10-30 17:00:00.000,H15,LA MACHINE A VOYAGER DANS LE TEMPS,413,121495,17,0,44,30,10,2025
2025-10-30 18:00:00.000,H15,LA MACHINE A VOYAGER DANS LE TEMPS,291,121521,18,0,44,30,10,2025
2025-10-30 19:00:00.000,H15,LA MACHINE A VOYAGER DANS LE TEMPS,179,121547,19,0,44,30,10,2025
2025-10-30 20:00:00.000,H15,LA MACHINE A VOYAGER DANS LE TEMPS,34,121573,20,0,44,30,10,2025
2025-10-30 21:00:00.000,H15,LA MACHINE A VOYAGER DANS LE TEMPS,0,121599,21,0,44,30,10,2025
2025-10-30 22:00:00.000,H15,LA MACHINE A VOYAGER DANS LE TEMPS,0,121617,22,0,44,30,10,2025
2025-10-30 23:00:00.000,H15,LA MACHINE A VOYAGER DANS LE TEMPS,0,121635,23,0,44,30,10,2025
2025-10-31 00:00:00.000,H15,LA MACHINE A VOYAGER DANS LE TEMPS,0,121653,0,0,44,31,10,2025
2025-10-31 01:00:00.000,H15,LA MACHINE A VOYAGER DANS LE TEMPS,0,121671,1,0,44,31,10,2025
2025-10-31 02:00:00.000,H15,LA MACHINE A VOYAGER DANS LE TEMPS,0,121689,2,0,44,31,10,2025
2025-10-31 03:00:00.000,H15,LA MACHINE A VOYAGER DANS LE TEMPS,0,121707,3,0,44,31,10,2025
2025-10-31 04:00:00.000,H15,LA MACHINE A VOYAGER DANS LE TEMPS,0,121725,4,0,44,31,10,2025
2025-10-31 05:00:00.000,H15,LA MACHINE A VOYAGER DANS LE TEMPS,0,121743,5,0,44,31,10,2025
2025-10-31 06:00:00.000,H15,LA MACHINE A VOYAGER DANS LE TEMPS,0,121761,6,0,44,31,10,2025
2025-10-31 07:00:00.000,H15,LA MACHINE A VOYAGER DANS LE TEMPS,0,121787,7,0,44,31,10,2025
2025-10-31 08:00:00.000,H15,LA MACHINE A VOYAGER DANS LE TEMPS,0,121813,8,0,44,31,10,2025
2025-10-31 09:00:00.000,H15,LA MACHINE A VOYAGER DANS LE TEMPS,36,121839,9,0,44,31,10,2025
2025-10-31 10:00:00.000,H15,LA MACHINE A VOYAGER DANS LE TEMPS,366,121865,10,0,44,31,10,2025
2025-10-31 11:00:00.000,H15,LA MACHINE A VOYAGER DANS LE TEMPS,402,121891,11,0,44,31,10,2025
2025-10-31 12:00:00.000,H15,LA MACHINE A VOYAGER DANS LE TEMPS,230,121917,12,0,44,31,10,2025
2025-10-31 13:00:00.000,H15,LA MACHINE A VOYAGER DANS LE TEMPS,207,121943,13,0,44,31,10,2025
2025-10-31 14:00:00.000,H15,LA MACHINE A VOYAGER DANS LE TEMPS,184,121969,14,0,44,31,10,2025
2025-10-31 15:00:00.000,H15,LA MACHINE A VOYAGER DANS LE TEMPS,296,121995,15,0,44,31,10,2025
2025-10-31 16:00:00.000,H15,LA MACHINE A VOYAGER DANS LE TEMPS,73,122021,16,0,44,31,10,2025
2025-10-31 17:00:00.000,H15,LA MACHINE A VOYAGER DANS LE TEMPS,39,122047,17,0,44,31,10,2025
2025-10-31 18:00:00.000,H15,LA MACHINE A VOYAGER DANS LE TEMPS,43,122073,18,0,44,31,10,2025
2025-10-31 19:00:00.000,H15,LA MACHINE A VOYAGER DANS LE TEMPS,42,122099,19,0,44,31,10,2025
2025-10-31 20:00:00.000,H15,LA MACHINE A VOYAGER DANS LE TEMPS,41,122125,20,0,44,31,10,2025
2025-10-31 21:00:00.000,H15,LA MACHINE A VOYAGER DANS LE TEMPS,3,122151,21,0,44,31,10,2025
2025-10-31 22:00:00.000,H15,LA MACHINE A VOYAGER DANS LE TEMPS,0,122169,22,0,44,31,10,2025
2025-10-31 23:00:00.000,H15,LA MACHINE A VOYAGER DANS LE TEMPS,0,122187,23,0,44,31,10,2025
2025-11-01 00:00:00.000,H15,LA MACHINE A VOYAGER DANS LE TEMPS,0,122205,0,0,44,1,11,2025
2025-11-01 01:00:00.000,H15,LA MACHINE A VOYAGER DANS LE TEMPS,0,122223,1,0,44,1,11,2025
2025-11-01 02:00:00.000,H15,LA MACHINE A VOYAGER DANS LE TEMPS,0,122241,2,0,44,1,11,2025
2025-11-01 03:00:00.000,H15,LA MACHINE A VOYAGER DANS LE TEMPS,0,122259,3,0,44,1,11,2025
2025-11-01 04:00:00.000,H15,LA MACHINE A VOYAGER DANS LE TEMPS,0,122277,4,0,44,1,11,2025
2025-11-01 05:00:00.000,H15,LA MACHINE A VOYAGER DANS LE TEMPS,0,122295,5,0,44,1,11,2025
2025-11-01 06:00:00.000,H15,LA MACHINE A VOYAGER DANS LE TEMPS,0,122313,6,0,44,1,11,2025
2025-11-01 07:00:00.000,H15,LA MACHINE A VOYAGER DANS LE TEMPS,0,122339,7,0,44,1,11,2025
2025-11-01 08:00:00.000,H15,LA MACHINE A VOYAGER DANS LE TEMPS,0,122365,8,0,44,1,11,2025
2025-11-01 09:00:00.000,H15,LA MACHINE A VOYAGER DANS LE TEMPS,40,122391,9,0,44,1,11,2025
2025-11-01 10:00:00.000,H15,LA MACHINE A VOYAGER DANS LE TEMPS,436,122417,10,0,44,1,11,2025
2025-11-01 11:00:00.000,H15,LA MACHINE A VOYAGER DANS LE TEMPS,521,122443,11,0,44,1,11,2025
2025-11-01 12:00:00.000,H15,LA MACHINE A VOYAGER DANS LE TEMPS,292,122469,12,0,44,1,11,2025
2025-11-01 13:00:00.000,H15,LA MACHINE A VOYAGER DANS LE TEMPS,175,122495,13,0,44,1,11,2025
2025-11-01 14:00:00.000,H15,LA MACHINE A VOYAGER DANS LE TEMPS,68,122521,14,0,44,1,11,2025
2025-11-01 15:00:00.000,H15,LA MACHINE A VOYAGER DANS LE TEMPS,186,122547,15,0,44,1,11,2025
2025-11-01 16:00:00.000,H15,LA MACHINE A VOYAGER DANS LE TEMPS,217,122573,16,0,44,1,11,2025
2025-11-01 17:00:00.000,H15,LA MACHINE A VOYAGER DANS LE TEMPS,107,122599,17,0,44,1,11,2025
2025-11-01 18:00:00.000,H15,LA MACHINE A VOYAGER DANS LE TEMPS,30,122625,18,0,44,1,11,2025
2025-11-01 19:00:00.000,H15,LA MACHINE A VOYAGER DANS LE TEMPS,31,122651,19,0,44,1,11,2025
2025-11-01 20:00:00.000,H15,LA MACHINE A VOYAGER DANS LE TEMPS,14,122677,20,0,44,1,11,2025
2025-11-01 21:00:00.000,H15,LA MACHINE A VOYAGER DANS LE TEMPS,0,122703,21,0,44,1,11,2025
2025-11-01 22:00:00.000,H15,LA MACHINE A VOYAGER DANS LE TEMPS,0,122721,22,0,44,1,11,2025
2025-11-01 23:00:00.000,H15,LA MACHINE A VOYAGER DANS LE TEMPS,0,122739,23,0,44,1,11,2025
2025-11-02 00:00:00.000,H15,LA MACHINE A VOYAGER DANS LE TEMPS,0,122757,0,0,45,2,11,2025
2025-11-02 01:00:00.000,H15,LA MACHINE A VOYAGER DANS LE TEMPS,0,122775,1,0,45,2,11,2025
2025-11-02 02:00:00.000,H15,LA MACHINE A VOYAGER DANS LE TEMPS,0,122793,2,0,45,2,11,2025
2025-11-02 03:00:00.000,H15,LA MACHINE A VOYAGER DANS LE TEMPS,0,122811,3,0,45,2,11,2025
2025-11-02 04:00:00.000,H15,LA MACHINE A VOYAGER DANS LE TEMPS,0,122829,4,0,45,2,11,2025
2025-11-02 05:00:00.000,H15,LA MACHINE A VOYAGER DANS LE TEMPS,0,122847,5,0,45,2,11,2025
2025-11-02 06:00:00.000,H15,LA MACHINE A VOYAGER DANS LE TEMPS,0,122865,6,0,45,2,11,2025
2025-11-02 07:00:00.000,H15,LA MACHINE A VOYAGER DANS LE TEMPS,0,122891,7,0,45,2,11,2025
2025-11-02 08:00:00.000,H15,LA MACHINE A VOYAGER DANS LE TEMPS,0,122917,8,0,45,2,11,2025
2025-11-02 09:00:00.000,H15,LA MACHINE A VOYAGER DANS LE TEMPS,11,122943,9,0,45,2,11,2025
2025-11-02 10:00:00.000,H15,LA MACHINE A VOYAGER DANS LE TEMPS,37,122969,10,0,45,2,11,2025
2025-11-02 11:00:00.000,H15,LA MACHINE A VOYAGER DANS LE TEMPS,25,122995,11,0,45,2,11,2025
2025-11-02 12:00:00.000,H15,LA MACHINE A VOYAGER DANS LE TEMPS,25,123021,12,0,45,2,11,2025
2025-11-02 13:00:00.000,H15,LA MACHINE A VOYAGER DANS LE TEMPS,22,123047,13,0,45,2,11,2025
2025-11-02 14:00:00.000,H15,LA MACHINE A VOYAGER DANS LE TEMPS,27,123073,14,0,45,2,11,2025
2025-11-02 15:00:00.000,H15,LA MACHINE A VOYAGER DANS LE TEMPS,18,123099,15,0,45,2,11,2025
2025-11-02 16:00:00.000,H15,LA MACHINE A VOYAGER DANS LE TEMPS,22,123125,16,0,45,2,11,2025
2025-11-02 17:00:00.000,H15,LA MACHINE A VOYAGER DANS LE TEMPS,16,123151,17,0,45,2,11,2025
2025-11-02 18:00:00.000,H15,LA MACHINE A VOYAGER DANS LE TEMPS,0,123177,18,0,45,2,11,2025
2025-11-02 19:00:00.000,H15,LA MACHINE A VOYAGER DANS LE TEMPS,0,123195,19,0,45,2,11,2025
2025-11-02 20:00:00.000,H15,LA MACHINE A VOYAGER DANS LE TEMPS,0,123213,20,0,45,2,11,2025
2025-11-02 21:00:00.000,H15,LA MACHINE A VOYAGER DANS LE TEMPS,0,123231,21,0,45,2,11,2025
2025-11-02 22:00:00.000,H15,LA MACHINE A VOYAGER DANS LE TEMPS,0,123249,22,0,45,2,11,2025
2025-11-02 23:00:00.000,H15,LA MACHINE A VOYAGER DANS LE TEMPS,0,123267,23,0,45,2,11,2025
2025-11-03 00:00:00.000,H15,LA MACHINE A VOYAGER DANS LE TEMPS,0,123285,0,0,45,3,11,2025
2025-11-03 01:00:00.000,H15,LA MACHINE A VOYAGER DANS LE TEMPS,0,123303,1,0,45,3,11,2025
2025-11-03 02:00:00.000,H15,LA MACHINE A VOYAGER DANS LE TEMPS,0,123321,2,0,45,3,11,2025
2025-11-03 03:00:00.000,H15,LA MACHINE A VOYAGER DANS LE TEMPS,0,123339,3,0,45,3,11,2025
2025-11-03 04:00:00.000,H15,LA MACHINE A VOYAGER DANS LE TEMPS,0,123357,4,0,45,3,11,2025
2025-11-03 05:00:00.000,H15,LA MACHINE A VOYAGER DANS LE TEMPS,0,123375,5,0,45,3,11,2025
2025-11-03 06:00:00.000,H15,LA MACHINE A VOYAGER DANS LE TEMPS,0,123393,6,0,45,3,11,2025
2025-11-04 11:00:00.000,H15,LA MACHINE A VOYAGER DANS LE TEMPS,0,123546,11,0,45,4,11,2025
2025-11-04 12:00:00.000,H15,LA MACHINE A VOYAGER DANS LE TEMPS,0,123571,12,0,45,4,11,2025
2025-11-04 13:00:00.000,H15,LA MACHINE A VOYAGER DANS LE TEMPS,0,123596,13,0,45,4,11,2025
2025-11-04 14:00:00.000,H15,LA MACHINE A VOYAGER DANS LE TEMPS,0,123621,14,0,45,4,11,2025
2025-11-04 15:00:00.000,H15,LA MACHINE A VOYAGER DANS LE TEMPS,0,123646,15,0,45,4,11,2025
2025-11-04 16:00:00.000,H15,LA MACHINE A VOYAGER DANS LE TEMPS,0,123671,16,0,45,4,11,2025
2025-11-04 17:00:00.000,H15,LA MACHINE A VOYAGER DANS LE TEMPS,0,123696,17,0,45,4,11,2025
2025-11-04 18:00:00.000,H15,LA MACHINE A VOYAGER DANS LE TEMPS,0,123721,18,0,45,4,11,2025
2025-11-04 19:00:00.000,H15,LA MACHINE A VOYAGER DANS LE TEMPS,0,123738,19,0,45,4,11,2025
2025-11-04 20:00:00.000,H15,LA MACHINE A VOYAGER DANS LE TEMPS,0,123755,20,0,45,4,11,2025
2025-11-04 21:00:00.000,H15,LA MACHINE A VOYAGER DANS LE TEMPS,0,123772,21,0,45,4,11,2025
2025-11-04 22:00:00.000,H15,LA MACHINE A VOYAGER DANS LE TEMPS,0,123789,22,0,45,4,11,2025
2025-11-04 23:00:00.000,H15,LA MACHINE A VOYAGER DANS LE TEMPS,0,123806,23,0,45,4,11,2025
2025-11-05 00:00:00.000,H15,LA MACHINE A VOYAGER DANS LE TEMPS,0,123823,0,0,45,5,11,2025
2025-11-05 01:00:00.000,H15,LA MACHINE A VOYAGER DANS LE TEMPS,0,123840,1,0,45,5,11,2025
2025-11-05 02:00:00.000,H15,LA MACHINE A VOYAGER DANS LE TEMPS,0,123857,2,0,45,5,11,2025
2025-11-05 03:00:00.000,H15,LA MACHINE A VOYAGER DANS LE TEMPS,0,123874,3,0,45,5,11,2025
2025-11-05 04:00:00.000,H15,LA MACHINE A VOYAGER DANS LE TEMPS,0,123891,4,0,45,5,11,2025
2025-11-05 05:00:00.000,H15,LA MACHINE A VOYAGER DANS LE TEMPS,0,123908,5,0,45,5,11,2025
2025-11-05 06:00:00.000,H15,LA MACHINE A VOYAGER DANS LE TEMPS,0,123925,6,0,45,5,11,2025
2025-11-05 09:00:00.000,H15,LA MACHINE A VOYAGER DANS LE TEMPS,0,123967,9,0,45,5,11,2025
2025-11-05 10:00:00.000,H15,LA MACHINE A VOYAGER DANS LE TEMPS,0,123993,10,0,45,5,11,2025
2025-11-05 11:00:00.000,H15,LA MACHINE A VOYAGER DANS LE TEMPS,0,124019,11,0,45,5,11,2025
2025-11-05 12:00:00.000,H15,LA MACHINE A VOYAGER DANS LE TEMPS,0,124045,12,0,45,5,11,2025
2025-11-05 13:00:00.000,H15,LA MACHINE A VOYAGER DANS LE TEMPS,0,124071,13,0,45,5,11,2025
2025-11-05 14:00:00.000,H15,LA MACHINE A VOYAGER DANS LE TEMPS,0,124097,14,0,45,5,11,2025
2025-11-05 15:00:00.000,H15,LA MACHINE A VOYAGER DANS LE TEMPS,0,124123,15,0,45,5,11,2025
2025-11-05 16:00:00.000,H15,LA MACHINE A VOYAGER DANS LE TEMPS,0,124149,16,0,45,5,11,2025
2025-11-05 17:00:00.000,H15,LA MACHINE A VOYAGER DANS LE TEMPS,0,124175,17,0,45,5,11,2025
2025-11-05 18:00:00.000,H15,LA MACHINE A VOYAGER DANS LE TEMPS,0,124201,18,0,45,5,11,2025
2025-11-05 19:00:00.000,H15,LA MACHINE A VOYAGER DANS LE TEMPS,0,124219,19,0,45,5,11,2025
2025-11-05 20:00:00.000,H15,LA MACHINE A VOYAGER DANS LE TEMPS,0,124237,20,0,45,5,11,2025
2025-11-05 21:00:00.000,H15,LA MACHINE A VOYAGER DANS LE TEMPS,0,124255,21,0,45,5,11,2025
2025-11-05 22:00:00.000,H15,LA MACHINE A VOYAGER DANS LE TEMPS,0,124273,22,0,45,5,11,2025
2025-11-05 23:00:00.000,H15,LA MACHINE A VOYAGER DANS LE TEMPS,0,124291,23,0,45,5,11,2025
2025-11-06 00:00:00.000,H15,LA MACHINE A VOYAGER DANS LE TEMPS,0,124309,0,0,45,6,11,2025
2025-11-06 01:00:00.000,H15,LA MACHINE A VOYAGER DANS LE TEMPS,0,124327,1,0,45,6,11,2025
2025-11-06 02:00:00.000,H15,LA MACHINE A VOYAGER DANS LE TEMPS,0,124345,2,0,45,6,11,2025
2025-11-06 03:00:00.000,H15,LA MACHINE A VOYAGER DANS LE TEMPS,0,124363,3,0,45,6,11,2025
2025-11-06 04:00:00.000,H15,LA MACHINE A VOYAGER DANS LE TEMPS,0,124381,4,0,45,6,11,2025
2025-11-06 05:00:00.000,H15,LA MACHINE A VOYAGER DANS LE TEMPS,0,124399,5,0,45,6,11,2025
2025-11-06 06:00:00.000,H15,LA MACHINE A VOYAGER DANS LE TEMPS,0,124417,6,0,45,6,11,2025
2025-11-08 07:00:00.000,H15,LA MACHINE A VOYAGER DANS LE TEMPS,0,124659,7,0,45,8,11,2025
2025-11-08 08:00:00.000,H15,LA MACHINE A VOYAGER DANS LE TEMPS,0,124685,8,0,45,8,11,2025
2025-11-08 09:00:00.000,H15,LA MACHINE A VOYAGER DANS LE TEMPS,97,124711,9,0,45,8,11,2025
2025-11-08 10:00:00.000,H15,LA MACHINE A VOYAGER DANS LE TEMPS,173,124737,10,0,45,8,11,2025
2025-11-08 11:00:00.000,H15,LA MACHINE A VOYAGER DANS LE TEMPS,361,124763,11,0,45,8,11,2025
2025-11-08 12:00:00.000,H15,LA MACHINE A VOYAGER DANS LE TEMPS,289,124789,12,0,45,8,11,2025
2025-11-08 13:00:00.000,H15,LA MACHINE A VOYAGER DANS LE TEMPS,154,124815,13,0,45,8,11,2025
2025-11-08 14:00:00.000,H15,LA MACHINE A VOYAGER DANS LE TEMPS,175,124841,14,0,45,8,11,2025
2025-11-08 15:00:00.000,H15,LA MACHINE A VOYAGER DANS LE TEMPS,224,124867,15,0,45,8,11,2025
2025-11-08 16:00:00.000,H15,LA MACHINE A VOYAGER DANS LE TEMPS,83,124893,16,0,45,8,11,2025
2025-11-08 17:00:00.000,H15,LA MACHINE A VOYAGER DANS LE TEMPS,164,124919,17,0,45,8,11,2025
2025-11-08 18:00:00.000,H15,LA MACHINE A VOYAGER DANS LE TEMPS,121,124945,18,0,45,8,11,2025
2025-11-08 19:00:00.000,H15,LA MACHINE A VOYAGER DANS LE TEMPS,12,124971,19,0,45,8,11,2025
2025-11-08 20:00:00.000,H15,LA MACHINE A VOYAGER DANS LE TEMPS,14,124997,20,0,45,8,11,2025
2025-11-08 21:00:00.000,H15,LA MACHINE A VOYAGER DANS LE TEMPS,0,125023,21,0,45,8,11,2025
2025-11-08 22:00:00.000,H15,LA MACHINE A VOYAGER DANS LE TEMPS,0,125041,22,0,45,8,11,2025
2025-11-08 23:00:00.000,H15,LA MACHINE A VOYAGER DANS LE TEMPS,0,125059,23,0,45,8,11,2025
2025-11-09 00:00:00.000,H15,LA MACHINE A VOYAGER DANS LE TEMPS,0,125077,0,0,46,9,11,2025
2025-11-09 01:00:00.000,H15,LA MACHINE A VOYAGER DANS LE TEMPS,0,125095,1,0,46,9,11,2025
2025-11-09 02:00:00.000,H15,LA MACHINE A VOYAGER DANS LE TEMPS,0,125113,2,0,46,9,11,2025
2025-11-09 03:00:00.000,H15,LA MACHINE A VOYAGER DANS LE TEMPS,0,125131,3,0,46,9,11,2025
2025-11-09 04:00:00.000,H15,LA MACHINE A VOYAGER DANS LE TEMPS,0,125149,4,0,46,9,11,2025
2025-11-09 05:00:00.000,H15,LA MACHINE A VOYAGER DANS LE TEMPS,0,125167,5,0,46,9,11,2025
2025-11-09 06:00:00.000,H15,LA MACHINE A VOYAGER DANS LE TEMPS,0,125185,6,0,46,9,11,2025
2025-11-09 07:00:00.000,H15,LA MACHINE A VOYAGER DANS LE TEMPS,0,125211,7,0,46,9,11,2025
2025-11-09 08:00:00.000,H15,LA MACHINE A VOYAGER DANS LE TEMPS,0,125237,8,0,46,9,11,2025
2025-11-09 09:00:00.000,H15,LA MACHINE A VOYAGER DANS LE TEMPS,115,125263,9,0,46,9,11,2025
2025-11-09 10:00:00.000,H15,LA MACHINE A VOYAGER DANS LE TEMPS,298,125289,10,0,46,9,11,2025
2025-11-09 11:00:00.000,H15,LA MACHINE A VOYAGER DANS LE TEMPS,487,125315,11,0,46,9,11,2025
2025-11-09 12:00:00.000,H15,LA MACHINE A VOYAGER DANS LE TEMPS,480,125341,12,0,46,9,11,2025
2025-11-09 13:00:00.000,H15,LA MACHINE A VOYAGER DANS LE TEMPS,124,125367,13,0,46,9,11,2025
2025-11-09 14:00:00.000,H15,LA MACHINE A VOYAGER DANS LE TEMPS,86,125393,14,0,46,9,11,2025
2025-11-09 15:00:00.000,H15,LA MACHINE A VOYAGER DANS LE TEMPS,71,125419,15,0,46,9,11,2025
2025-11-09 16:00:00.000,H15,LA MACHINE A VOYAGER DANS LE TEMPS,150,125445,16,0,46,9,11,2025
2025-11-09 17:00:00.000,H15,LA MACHINE A VOYAGER DANS LE TEMPS,48,125471,17,0,46,9,11,2025
2025-11-09 18:00:00.000,H15,LA MACHINE A VOYAGER DANS LE TEMPS,39,125497,18,0,46,9,11,2025
2025-11-09 19:00:00.000,H15,LA MACHINE A VOYAGER DANS LE TEMPS,9,125523,19,0,46,9,11,2025
2025-11-09 20:00:00.000,H15,LA MACHINE A VOYAGER DANS LE TEMPS,11,125549,20,0,46,9,11,2025
2025-11-09 21:00:00.000,H15,LA MACHINE A VOYAGER DANS LE TEMPS,1,125575,21,0,46,9,11,2025
2025-11-09 22:00:00.000,H15,LA MACHINE A VOYAGER DANS LE TEMPS,0,125601,22,0,46,9,11,2025
2025-11-09 23:00:00.000,H15,LA MACHINE A VOYAGER DANS LE TEMPS,0,125619,23,0,46,9,11,2025
2025-11-10 00:00:00.000,H15,LA MACHINE A VOYAGER DANS LE TEMPS,0,125637,0,0,46,10,11,2025
2025-11-10 01:00:00.000,H15,LA MACHINE A VOYAGER DANS LE TEMPS,0,125655,1,0,46,10,11,2025
2025-11-10 02:00:00.000,H15,LA MACHINE A VOYAGER DANS LE TEMPS,0,125673,2,0,46,10,11,2025
2025-11-10 03:00:00.000,H15,LA MACHINE A VOYAGER DANS LE TEMPS,0,125691,3,0,46,10,11,2025
2025-11-10 04:00:00.000,H15,LA MACHINE A VOYAGER DANS LE TEMPS,0,125709,4,0,46,10,11,2025
2025-11-10 05:00:00.000,H15,LA MACHINE A VOYAGER DANS LE TEMPS,0,125727,5,0,46,10,11,2025
2025-11-10 06:00:00.000,H15,LA MACHINE A VOYAGER DANS LE TEMPS,0,125745,6,0,46,10,11,2025
2025-11-10 07:00:00.000,H15,LA MACHINE A VOYAGER DANS LE TEMPS,0,125771,7,0,46,10,11,2025
2025-11-10 08:00:00.000,H15,LA MACHINE A VOYAGER DANS LE TEMPS,0,125797,8,0,46,10,11,2025
2025-11-10 09:00:00.000,H15,LA MACHINE A VOYAGER DANS LE TEMPS,89,125823,9,0,46,10,11,2025
2025-11-10 10:00:00.000,H15,LA MACHINE A VOYAGER DANS LE TEMPS,250,125849,10,0,46,10,11,2025
2025-11-10 11:00:00.000,H15,LA MACHINE A VOYAGER DANS LE TEMPS,461,125875,11,0,46,10,11,2025
2025-11-10 12:00:00.000,H15,LA MACHINE A VOYAGER DANS LE TEMPS,139,125901,12,0,46,10,11,2025
2025-11-10 13:00:00.000,H15,LA MACHINE A VOYAGER DANS LE TEMPS,151,125927,13,0,46,10,11,2025
2025-11-10 14:00:00.000,H15,LA MACHINE A VOYAGER DANS LE TEMPS,83,125953,14,0,46,10,11,2025
2025-11-10 15:00:00.000,H15,LA MACHINE A VOYAGER DANS LE TEMPS,51,125979,15,0,46,10,11,2025
2025-11-10 16:00:00.000,H15,LA MACHINE A VOYAGER DANS LE TEMPS,81,126005,16,0,46,10,11,2025
2025-11-10 17:00:00.000,H15,LA MACHINE A VOYAGER DANS LE TEMPS,81,126031,17,0,46,10,11,2025
2025-11-10 18:00:00.000,H15,LA MACHINE A VOYAGER DANS LE TEMPS,78,126057,18,0,46,10,11,2025
2025-11-10 19:00:00.000,H15,LA MACHINE A VOYAGER DANS LE TEMPS,78,126083,19,0,46,10,11,2025
2025-11-10 20:00:00.000,H15,LA MACHINE A VOYAGER DANS LE TEMPS,53,126109,20,0,46,10,11,2025
2025-11-10 21:00:00.000,H15,LA MACHINE A VOYAGER DANS LE TEMPS,0,126135,21,0,46,10,11,2025
2025-11-10 22:00:00.000,H15,LA MACHINE A VOYAGER DANS LE TEMPS,0,126153,22,0,46,10,11,2025
2025-11-10 23:00:00.000,H15,LA MACHINE A VOYAGER DANS LE TEMPS,0,126171,23,0,46,10,11,2025
2025-11-11 00:00:00.000,H15,LA MACHINE A VOYAGER DANS LE TEMPS,0,126189,0,0,46,11,11,2025
2025-11-11 01:00:00.000,H15,LA MACHINE A VOYAGER DANS LE TEMPS,0,126207,1,0,46,11,11,2025
2025-11-11 02:00:00.000,H15,LA MACHINE A VOYAGER DANS LE TEMPS,0,126225,2,0,46,11,11,2025
2025-11-11 03:00:00.000,H15,LA MACHINE A VOYAGER DANS LE TEMPS,0,126243,3,0,46,11,11,2025
2025-11-11 04:00:00.000,H15,LA MACHINE A VOYAGER DANS LE TEMPS,0,126261,4,0,46,11,11,2025
2025-11-11 05:00:00.000,H15,LA MACHINE A VOYAGER DANS LE TEMPS,0,126279,5,0,46,11,11,2025
2025-11-11 06:00:00.000,H15,LA MACHINE A VOYAGER DANS LE TEMPS,0,126297,6,0,46,11,11,2025
2025-11-11 07:00:00.000,H15,LA MACHINE A VOYAGER DANS LE TEMPS,0,126322,7,0,46,11,11,2025
2025-11-11 08:00:00.000,H15,LA MACHINE A VOYAGER DANS LE TEMPS,0,126347,8,0,46,11,11,2025
2025-11-11 09:00:00.000,H15,LA MACHINE A VOYAGER DANS LE TEMPS,32,126372,9,0,46,11,11,2025
2025-11-11 10:00:00.000,H15,LA MACHINE A VOYAGER DANS LE TEMPS,61,126397,10,0,46,11,11,2025
2025-11-11 11:00:00.000,H15,LA MACHINE A VOYAGER DANS LE TEMPS,49,126422,11,0,46,11,11,2025
2025-11-11 12:00:00.000,H15,LA MACHINE A VOYAGER DANS LE TEMPS,61,126447,12,0,46,11,11,2025
2025-11-11 13:00:00.000,H15,LA MACHINE A VOYAGER DANS LE TEMPS,55,126472,13,0,46,11,11,2025
2025-11-11 14:00:00.000,H15,LA MACHINE A VOYAGER DANS LE TEMPS,46,126497,14,0,46,11,11,2025
2025-11-11 15:00:00.000,H15,LA MACHINE A VOYAGER DANS LE TEMPS,32,126522,15,0,46,11,11,2025
2025-11-11 16:00:00.000,H15,LA MACHINE A VOYAGER DANS LE TEMPS,22,126547,16,0,46,11,11,2025
2025-11-11 17:00:00.000,H15,LA MACHINE A VOYAGER DANS LE TEMPS,17,126572,17,0,46,11,11,2025
2025-11-11 18:00:00.000,H15,LA MACHINE A VOYAGER DANS LE TEMPS,0,126597,18,0,46,11,11,2025
2025-11-11 19:00:00.000,H15,LA MACHINE A VOYAGER DANS LE TEMPS,0,126614,19,0,46,11,11,2025
2025-11-11 20:00:00.000,H15,LA MACHINE A VOYAGER DANS LE TEMPS,0,126631,20,0,46,11,11,2025
2025-11-11 21:00:00.000,H15,LA MACHINE A VOYAGER DANS LE TEMPS,0,126648,21,0,46,11,11,2025
2025-11-11 22:00:00.000,H15,LA MACHINE A VOYAGER DANS LE TEMPS,0,126665,22,0,46,11,11,2025
2025-11-11 23:00:00.000,H15,LA MACHINE A VOYAGER DANS LE TEMPS,0,126682,23,0,46,11,11,2025
2025-11-12 00:00:00.000,H15,LA MACHINE A VOYAGER DANS LE TEMPS,0,126699,0,0,46,12,11,2025
2025-11-12 01:00:00.000,H15,LA MACHINE A VOYAGER DANS LE TEMPS,0,126716,1,0,46,12,11,2025
2025-11-12 02:00:00.000,H15,LA MACHINE A VOYAGER DANS LE TEMPS,0,126733,2,0,46,12,11,2025
2025-11-12 03:00:00.000,H15,LA MACHINE A VOYAGER DANS LE TEMPS,0,126750,3,0,46,12,11,2025
2025-11-12 04:00:00.000,H15,LA MACHINE A VOYAGER DANS LE TEMPS,0,126767,4,0,46,12,11,2025
2025-11-12 05:00:00.000,H15,LA MACHINE A VOYAGER DANS LE TEMPS,0,126784,5,0,46,12,11,2025
2025-11-12 06:00:00.000,H15,LA MACHINE A VOYAGER DANS LE TEMPS,0,126801,6,0,46,12,11,2025
2025-11-15 07:00:00.000,H15,LA MACHINE A VOYAGER DANS LE TEMPS,0,127145,7,0,46,15,11,2025
2025-11-15 08:00:00.000,H15,LA MACHINE A VOYAGER DANS LE TEMPS,0,127171,8,0,46,15,11,2025
2025-11-15 09:00:00.000,H15,LA MACHINE A VOYAGER DANS LE TEMPS,0,127197,9,0,46,15,11,2025
2025-11-15 10:00:00.000,H15,LA MACHINE A VOYAGER DANS LE TEMPS,392,127223,10,0,46,15,11,2025
2025-11-15 11:00:00.000,H15,LA MACHINE A VOYAGER DANS LE TEMPS,559,127249,11,0,46,15,11,2025
2025-11-15 12:00:00.000,H15,LA MACHINE A VOYAGER DANS LE TEMPS,444,127275,12,0,46,15,11,2025
2025-11-15 13:00:00.000,H15,LA MACHINE A VOYAGER DANS LE TEMPS,313,127301,13,0,46,15,11,2025
2025-11-15 14:00:00.000,H15,LA MACHINE A VOYAGER DANS LE TEMPS,371,127327,14,0,46,15,11,2025
2025-11-15 15:00:00.000,H15,LA MACHINE A VOYAGER DANS LE TEMPS,376,127353,15,0,46,15,11,2025
2025-11-15 16:00:00.000,H15,LA MACHINE A VOYAGER DANS LE TEMPS,232,127379,16,0,46,15,11,2025
2025-11-15 17:00:00.000,H15,LA MACHINE A VOYAGER DANS LE TEMPS,172,127405,17,0,46,15,11,2025
2025-11-15 18:00:00.000,H15,LA MACHINE A VOYAGER DANS LE TEMPS,74,127431,18,0,46,15,11,2025
2025-11-15 19:00:00.000,H15,LA MACHINE A VOYAGER DANS LE TEMPS,57,127457,19,0,46,15,11,2025
2025-11-15 20:00:00.000,H15,LA MACHINE A VOYAGER DANS LE TEMPS,5,127483,20,0,46,15,11,2025
2025-11-15 21:00:00.000,H15,LA MACHINE A VOYAGER DANS LE TEMPS,0,127509,21,0,46,15,11,2025
2025-11-15 22:00:00.000,H15,LA MACHINE A VOYAGER DANS LE TEMPS,0,127527,22,0,46,15,11,2025
2025-11-15 23:00:00.000,H15,LA MACHINE A VOYAGER DANS LE TEMPS,0,127545,23,0,46,15,11,2025
2025-11-16 00:00:00.000,H15,LA MACHINE A VOYAGER DANS LE TEMPS,0,127563,0,0,47,16,11,2025
2025-11-16 01:00:00.000,H15,LA MACHINE A VOYAGER DANS LE TEMPS,0,127581,1,0,47,16,11,2025
2025-11-16 02:00:00.000,H15,LA MACHINE A VOYAGER DANS LE TEMPS,0,127599,2,0,47,16,11,2025
2025-11-16 03:00:00.000,H15,LA MACHINE A VOYAGER DANS LE TEMPS,0,127617,3,0,47,16,11,2025
2025-11-16 04:00:00.000,H15,LA MACHINE A VOYAGER DANS LE TEMPS,0,127635,4,0,47,16,11,2025
2025-11-16 05:00:00.000,H15,LA MACHINE A VOYAGER DANS LE TEMPS,0,127653,5,0,47,16,11,2025
2025-11-16 06:00:00.000,H15,LA MACHINE A VOYAGER DANS LE TEMPS,0,127671,6,0,47,16,11,2025
2025-11-16 07:00:00.000,H15,LA MACHINE A VOYAGER DANS LE TEMPS,0,127697,7,0,47,16,11,2025
2025-11-16 08:00:00.000,H15,LA MACHINE A VOYAGER DANS LE TEMPS,0,127723,8,0,47,16,11,2025
2025-11-16 09:00:00.000,H15,LA MACHINE A VOYAGER DANS LE TEMPS,0,127749,9,0,47,16,11,2025
2025-11-16 10:00:00.000,H15,LA MACHINE A VOYAGER DANS LE TEMPS,48,127775,10,0,47,16,11,2025
2025-11-16 11:00:00.000,H15,LA MACHINE A VOYAGER DANS LE TEMPS,52,127801,11,0,47,16,11,2025
2025-11-16 12:00:00.000,H15,LA MACHINE A VOYAGER DANS LE TEMPS,58,127827,12,0,47,16,11,2025
2025-11-16 13:00:00.000,H15,LA MACHINE A VOYAGER DANS LE TEMPS,57,127853,13,0,47,16,11,2025
2025-11-16 14:00:00.000,H15,LA MACHINE A VOYAGER DANS LE TEMPS,59,127879,14,0,47,16,11,2025
2025-11-16 15:00:00.000,H15,LA MACHINE A VOYAGER DANS LE TEMPS,31,127905,15,0,47,16,11,2025
2025-11-16 16:00:00.000,H15,LA MACHINE A VOYAGER DANS LE TEMPS,13,127931,16,0,47,16,11,2025
2025-11-16 17:00:00.000,H15,LA MACHINE A VOYAGER DANS LE TEMPS,0,127957,17,0,47,16,11,2025
2025-11-16 18:00:00.000,H15,LA MACHINE A VOYAGER DANS LE TEMPS,0,127983,18,0,47,16,11,2025
2025-11-16 19:00:00.000,H15,LA MACHINE A VOYAGER DANS LE TEMPS,0,128001,19,0,47,16,11,2025
2025-11-16 20:00:00.000,H15,LA MACHINE A VOYAGER DANS LE TEMPS,0,128019,20,0,47,16,11,2025
2025-11-16 21:00:00.000,H15,LA MACHINE A VOYAGER DANS LE TEMPS,0,128037,21,0,47,16,11,2025
2025-11-16 22:00:00.000,H15,LA MACHINE A VOYAGER DANS LE TEMPS,0,128055,22,0,47,16,11,2025
2025-11-16 23:00:00.000,H15,LA MACHINE A VOYAGER DANS LE TEMPS,0,128073,23,0,47,16,11,2025
2025-11-17 00:00:00.000,H15,LA MACHINE A VOYAGER DANS LE TEMPS,0,128091,0,0,47,17,11,2025
2025-11-17 01:00:00.000,H15,LA MACHINE A VOYAGER DANS LE TEMPS,0,128109,1,0,47,17,11,2025
2025-11-17 02:00:00.000,H15,LA MACHINE A VOYAGER DANS LE TEMPS,0,128127,2,0,47,17,11,2025
2025-11-17 03:00:00.000,H15,LA MACHINE A VOYAGER DANS LE TEMPS,0,128145,3,0,47,17,11,2025
2025-11-17 04:00:00.000,H15,LA MACHINE A VOYAGER DANS LE TEMPS,0,128163,4,0,47,17,11,2025
2025-11-17 05:00:00.000,H15,LA MACHINE A VOYAGER DANS LE TEMPS,0,128181,5,0,47,17,11,2025
2025-11-17 06:00:00.000,H15,LA MACHINE A VOYAGER DANS LE TEMPS,0,128199,6,0,47,17,11,2025
2025-11-22 07:00:00.000,H15,LA MACHINE A VOYAGER DANS LE TEMPS,0,128729,7,0,47,22,11,2025
2025-11-22 08:00:00.000,H15,LA MACHINE A VOYAGER DANS LE TEMPS,0,128754,8,0,47,22,11,2025
2025-11-22 09:00:00.000,H15,LA MACHINE A VOYAGER DANS LE TEMPS,0,128779,9,0,47,22,11,2025
2025-11-22 10:00:00.000,H15,LA MACHINE A VOYAGER DANS LE TEMPS,393,128804,10,0,47,22,11,2025
2025-11-22 11:00:00.000,H15,LA MACHINE A VOYAGER DANS LE TEMPS,570,128829,11,0,47,22,11,2025
2025-11-22 12:00:00.000,H15,LA MACHINE A VOYAGER DANS LE TEMPS,358,128854,12,0,47,22,11,2025
2025-11-22 13:00:00.000,H15,LA MACHINE A VOYAGER DANS LE TEMPS,244,128879,13,0,47,22,11,2025
2025-11-22 14:00:00.000,H15,LA MACHINE A VOYAGER DANS LE TEMPS,202,128904,14,0,47,22,11,2025
2025-11-22 15:00:00.000,H15,LA MACHINE A VOYAGER DANS LE TEMPS,138,128929,15,0,47,22,11,2025
2025-11-22 16:00:00.000,H15,LA MACHINE A VOYAGER DANS LE TEMPS,210,128954,16,0,47,22,11,2025
2025-11-22 17:00:00.000,H15,LA MACHINE A VOYAGER DANS LE TEMPS,264,128980,17,0,47,22,11,2025
2025-11-22 18:00:00.000,H15,LA MACHINE A VOYAGER DANS LE TEMPS,294,129006,18,0,47,22,11,2025
2025-11-22 19:00:00.000,H15,LA MACHINE A VOYAGER DANS LE TEMPS,78,129032,19,0,47,22,11,2025
2025-11-22 20:00:00.000,H15,LA MACHINE A VOYAGER DANS LE TEMPS,0,129058,20,0,47,22,11,2025
2025-11-22 21:00:00.000,H15,LA MACHINE A VOYAGER DANS LE TEMPS,0,129084,21,0,47,22,11,2025
2025-11-22 22:00:00.000,H15,LA MACHINE A VOYAGER DANS LE TEMPS,0,129110,22,0,47,22,11,2025
2025-11-22 23:00:00.000,H15,LA MACHINE A VOYAGER DANS LE TEMPS,0,129128,23,0,47,22,11,2025
2025-11-23 00:00:00.000,H15,LA MACHINE A VOYAGER DANS LE TEMPS,0,129146,0,0,48,23,11,2025
2025-11-23 01:00:00.000,H15,LA MACHINE A VOYAGER DANS LE TEMPS,0,129164,1,0,48,23,11,2025
2025-11-23 02:00:00.000,H15,LA MACHINE A VOYAGER DANS LE TEMPS,0,129182,2,0,48,23,11,2025
2025-11-23 03:00:00.000,H15,LA MACHINE A VOYAGER DANS LE TEMPS,0,129200,3,0,48,23,11,2025
2025-11-23 04:00:00.000,H15,LA MACHINE A VOYAGER DANS LE TEMPS,0,129218,4,0,48,23,11,2025
2025-11-23 05:00:00.000,H15,LA MACHINE A VOYAGER DANS LE TEMPS,0,129236,5,0,48,23,11,2025
2025-11-23 06:00:00.000,H15,LA MACHINE A VOYAGER DANS LE TEMPS,0,129254,6,0,48,23,11,2025
2025-11-23 07:00:00.000,H15,LA MACHINE A VOYAGER DANS LE TEMPS,0,129280,7,0,48,23,11,2025
2025-11-23 08:00:00.000,H15,LA MACHINE A VOYAGER DANS LE TEMPS,0,129306,8,0,48,23,11,2025
2025-11-23 09:00:00.000,H15,LA MACHINE A VOYAGER DANS LE TEMPS,0,129332,9,0,48,23,11,2025
2025-11-23 10:00:00.000,H15,LA MACHINE A VOYAGER DANS LE TEMPS,56,129358,10,0,48,23,11,2025
2025-11-23 11:00:00.000,H15,LA MACHINE A VOYAGER DANS LE TEMPS,80,129384,11,0,48,23,11,2025
2025-11-23 12:00:00.000,H15,LA MACHINE A VOYAGER DANS LE TEMPS,44,129410,12,0,48,23,11,2025
2025-11-23 13:00:00.000,H15,LA MACHINE A VOYAGER DANS LE TEMPS,32,129436,13,0,48,23,11,2025
2025-11-23 14:00:00.000,H15,LA MACHINE A VOYAGER DANS LE TEMPS,20,129462,14,0,48,23,11,2025
2025-11-23 15:00:00.000,H15,LA MACHINE A VOYAGER DANS LE TEMPS,31,129488,15,0,48,23,11,2025
2025-11-23 16:00:00.000,H15,LA MACHINE A VOYAGER DANS LE TEMPS,34,129514,16,0,48,23,11,2025
2025-11-23 17:00:00.000,H15,LA MACHINE A VOYAGER DANS LE TEMPS,2,129540,17,0,48,23,11,2025
2025-11-23 18:00:00.000,H15,LA MACHINE A VOYAGER DANS LE TEMPS,0,129566,18,0,48,23,11,2025
2025-11-23 19:00:00.000,H15,LA MACHINE A VOYAGER DANS LE TEMPS,0,129584,19,0,48,23,11,2025
2025-11-23 20:00:00.000,H15,LA MACHINE A VOYAGER DANS LE TEMPS,0,129602,20,0,48,23,11,2025
2025-11-23 21:00:00.000,H15,LA MACHINE A VOYAGER DANS LE TEMPS,0,129620,21,0,48,23,11,2025
2025-11-23 22:00:00.000,H15,LA MACHINE A VOYAGER DANS LE TEMPS,0,129638,22,0,48,23,11,2025
2025-11-23 23:00:00.000,H15,LA MACHINE A VOYAGER DANS LE TEMPS,0,129656,23,0,48,23,11,2025
2025-11-24 00:00:00.000,H15,LA MACHINE A VOYAGER DANS LE TEMPS,0,129674,0,0,48,24,11,2025
2025-11-24 01:00:00.000,H15,LA MACHINE A VOYAGER DANS LE TEMPS,0,129692,1,0,48,24,11,2025
2025-11-24 02:00:00.000,H15,LA MACHINE A VOYAGER DANS LE TEMPS,0,129710,2,0,48,24,11,2025
2025-11-24 03:00:00.000,H15,LA MACHINE A VOYAGER DANS LE TEMPS,0,129728,3,0,48,24,11,2025
2025-11-24 04:00:00.000,H15,LA MACHINE A VOYAGER DANS LE TEMPS,0,129746,4,0,48,24,11,2025
2025-11-24 05:00:00.000,H15,LA MACHINE A VOYAGER DANS LE TEMPS,0,129764,5,0,48,24,11,2025
2025-11-24 06:00:00.000,H15,LA MACHINE A VOYAGER DANS LE TEMPS,0,129782,6,0,48,24,11,2025
2025-11-29 07:00:00.000,H15,LA MACHINE A VOYAGER DANS LE TEMPS,0,130312,7,0,48,29,11,2025
2025-11-29 08:00:00.000,H15,LA MACHINE A VOYAGER DANS LE TEMPS,0,130338,8,0,48,29,11,2025
2025-11-29 09:00:00.000,H15,LA MACHINE A VOYAGER DANS LE TEMPS,0,130364,9,0,48,29,11,2025
2025-11-29 10:00:00.000,H15,LA MACHINE A VOYAGER DANS LE TEMPS,380,130390,10,0,48,29,11,2025
2025-11-29 11:00:00.000,H15,LA MACHINE A VOYAGER DANS LE TEMPS,581,130416,11,0,48,29,11,2025
2025-11-29 12:00:00.000,H15,LA MACHINE A VOYAGER DANS LE TEMPS,420,130442,12,0,48,29,11,2025
2025-11-29 13:00:00.000,H15,LA MACHINE A VOYAGER DANS LE TEMPS,209,130468,13,0,48,29,11,2025
2025-11-29 14:00:00.000,H15,LA MACHINE A VOYAGER DANS LE TEMPS,244,130494,14,0,48,29,11,2025
2025-11-29 15:00:00.000,H15,LA MACHINE A VOYAGER DANS LE TEMPS,240,130520,15,0,48,29,11,2025
2025-11-29 16:00:00.000,H15,LA MACHINE A VOYAGER DANS LE TEMPS,353,130546,16,0,48,29,11,2025
2025-11-29 17:00:00.000,H15,LA MACHINE A VOYAGER DANS LE TEMPS,327,130572,17,0,48,29,11,2025
2025-11-29 18:00:00.000,H15,LA MACHINE A VOYAGER DANS LE TEMPS,88,130598,18,0,48,29,11,2025
2025-11-29 19:00:00.000,H15,LA MACHINE A VOYAGER DANS LE TEMPS,17,130624,19,0,48,29,11,2025
2025-11-29 20:00:00.000,H15,LA MACHINE A VOYAGER DANS LE TEMPS,1,130650,20,0,48,29,11,2025
2025-11-29 21:00:00.000,H15,LA MACHINE A VOYAGER DANS LE TEMPS,0,130676,21,0,48,29,11,2025
2025-11-29 22:00:00.000,H15,LA MACHINE A VOYAGER DANS LE TEMPS,0,130694,22,0,48,29,11,2025
2025-11-29 23:00:00.000,H15,LA MACHINE A VOYAGER DANS LE TEMPS,0,130712,23,0,48,29,11,2025
2025-11-30 00:00:00.000,H15,LA MACHINE A VOYAGER DANS LE TEMPS,0,130730,0,0,49,30,11,2025
2025-11-30 01:00:00.000,H15,LA MACHINE A VOYAGER DANS LE TEMPS,0,130748,1,0,49,30,11,2025
2025-11-30 02:00:00.000,H15,LA MACHINE A VOYAGER DANS LE TEMPS,0,130766,2,0,49,30,11,2025
2025-11-30 03:00:00.000,H15,LA MACHINE A VOYAGER DANS LE TEMPS,0,130784,3,0,49,30,11,2025
2025-11-30 04:00:00.000,H15,LA MACHINE A VOYAGER DANS LE TEMPS,0,130802,4,0,49,30,11,2025
2025-11-30 05:00:00.000,H15,LA MACHINE A VOYAGER DANS LE TEMPS,0,130820,5,0,49,30,11,2025
2025-11-30 06:00:00.000,H15,LA MACHINE A VOYAGER DANS LE TEMPS,0,130838,6,0,49,30,11,2025
2025-11-30 07:00:00.000,H15,LA MACHINE A VOYAGER DANS LE TEMPS,0,130864,7,0,49,30,11,2025
2025-11-30 08:00:00.000,H15,LA MACHINE A VOYAGER DANS LE TEMPS,0,130890,8,0,49,30,11,2025
2025-11-30 09:00:00.000,H15,LA MACHINE A VOYAGER DANS LE TEMPS,0,130916,9,0,49,30,11,2025
2025-11-30 10:00:00.000,H15,LA MACHINE A VOYAGER DANS LE TEMPS,102,130942,10,0,49,30,11,2025
2025-11-30 11:00:00.000,H15,LA MACHINE A VOYAGER DANS LE TEMPS,122,130968,11,0,49,30,11,2025
2025-11-30 12:00:00.000,H15,LA MACHINE A VOYAGER DANS LE TEMPS,102,130994,12,0,49,30,11,2025
2025-11-30 13:00:00.000,H15,LA MACHINE A VOYAGER DANS LE TEMPS,59,131020,13,0,49,30,11,2025
2025-11-30 14:00:00.000,H15,LA MACHINE A VOYAGER DANS LE TEMPS,71,131046,14,0,49,30,11,2025
2025-11-30 15:00:00.000,H15,LA MACHINE A VOYAGER DANS LE TEMPS,47,131072,15,0,49,30,11,2025
2025-11-30 16:00:00.000,H15,LA MACHINE A VOYAGER DANS LE TEMPS,30,131098,16,0,49,30,11,2025
2025-11-30 17:00:00.000,H15,LA MACHINE A VOYAGER DANS LE TEMPS,2,131124,17,0,49,30,11,2025
2025-11-30 18:00:00.000,H15,LA MACHINE A VOYAGER DANS LE TEMPS,0,131150,18,0,49,30,11,2025
2025-11-30 19:00:00.000,H15,LA MACHINE A VOYAGER DANS LE TEMPS,0,131168,19,0,49,30,11,2025
2025-11-30 20:00:00.000,H15,LA MACHINE A VOYAGER DANS LE TEMPS,0,131186,20,0,49,30,11,2025
2025-11-30 21:00:00.000,H15,LA MACHINE A VOYAGER DANS LE TEMPS,0,131204,21,0,49,30,11,2025
2025-11-30 22:00:00.000,H15,LA MACHINE A VOYAGER DANS LE TEMPS,0,131222,22,0,49,30,11,2025
2025-11-30 23:00:00.000,H15,LA MACHINE A VOYAGER DANS LE TEMPS,0,131240,23,0,49,30,11,2025
2025-12-01 00:00:00.000,H15,LA MACHINE A VOYAGER DANS LE TEMPS,0,131258,0,0,49,1,12,2025
2025-12-01 01:00:00.000,H15,LA MACHINE A VOYAGER DANS LE TEMPS,0,131276,1,0,49,1,12,2025
2025-12-01 02:00:00.000,H15,LA MACHINE A VOYAGER DANS LE TEMPS,0,131294,2,0,49,1,12,2025
2025-12-01 03:00:00.000,H15,LA MACHINE A VOYAGER DANS LE TEMPS,0,131312,3,0,49,1,12,2025
2025-12-01 04:00:00.000,H15,LA MACHINE A VOYAGER DANS LE TEMPS,0,131330,4,0,49,1,12,2025
2025-12-01 05:00:00.000,H15,LA MACHINE A VOYAGER DANS LE TEMPS,0,131348,5,0,49,1,12,2025
2025-12-01 06:00:00.000,H15,LA MACHINE A VOYAGER DANS LE TEMPS,0,131366,6,0,49,1,12,2025
2025-12-01 07:00:00.000,H15,LA MACHINE A VOYAGER DANS LE TEMPS,0,131390,7,0,49,1,12,2025
2025-12-01 10:00:00.000,H15,LA MACHINE A VOYAGER DANS LE TEMPS,0,131429,10,0,49,1,12,2025
2025-12-01 11:00:00.000,H15,LA MACHINE A VOYAGER DANS LE TEMPS,0,131453,11,0,49,1,12,2025
2025-12-01 12:00:00.000,H15,LA MACHINE A VOYAGER DANS LE TEMPS,0,131477,12,0,49,1,12,2025
2025-12-01 13:00:00.000,H15,LA MACHINE A VOYAGER DANS LE TEMPS,0,131501,13,0,49,1,12,2025
2025-12-01 14:00:00.000,H15,LA MACHINE A VOYAGER DANS LE TEMPS,0,131525,14,0,49,1,12,2025
2025-12-01 15:00:00.000,H15,LA MACHINE A VOYAGER DANS LE TEMPS,0,131549,15,0,49,1,12,2025
2025-12-01 16:00:00.000,H15,LA MACHINE A VOYAGER DANS LE TEMPS,0,131574,16,0,49,1,12,2025
2025-12-01 17:00:00.000,H15,LA MACHINE A VOYAGER DANS LE TEMPS,0,131598,17,0,49,1,12,2025
2025-12-01 18:00:00.000,H15,LA MACHINE A VOYAGER DANS LE TEMPS,0,131622,18,0,49,1,12,2025
2025-12-01 19:00:00.000,H15,LA MACHINE A VOYAGER DANS LE TEMPS,0,131638,19,0,49,1,12,2025
2025-12-01 20:00:00.000,H15,LA MACHINE A VOYAGER DANS LE TEMPS,0,131654,20,0,49,1,12,2025
2025-12-01 21:00:00.000,H15,LA MACHINE A VOYAGER DANS LE TEMPS,0,131670,21,0,49,1,12,2025
2025-12-01 22:00:00.000,H15,LA MACHINE A VOYAGER DANS LE TEMPS,0,131686,22,0,49,1,12,2025
2025-12-01 23:00:00.000,H15,LA MACHINE A VOYAGER DANS LE TEMPS,0,131702,23,0,49,1,12,2025
2025-12-02 00:00:00.000,H15,LA MACHINE A VOYAGER DANS LE TEMPS,0,131718,0,0,49,2,12,2025
2025-12-02 01:00:00.000,H15,LA MACHINE A VOYAGER DANS LE TEMPS,0,131734,1,0,49,2,12,2025
2025-12-02 02:00:00.000,H15,LA MACHINE A VOYAGER DANS LE TEMPS,0,131750,2,0,49,2,12,2025
2025-12-02 03:00:00.000,H15,LA MACHINE A VOYAGER DANS LE TEMPS,0,131766,3,0,49,2,12,2025
2025-12-02 04:00:00.000,H15,LA MACHINE A VOYAGER DANS LE TEMPS,0,131782,4,0,49,2,12,2025
2025-12-02 05:00:00.000,H15,LA MACHINE A VOYAGER DANS LE TEMPS,0,131798,5,0,49,2,12,2025
2025-12-02 06:00:00.000,H15,LA MACHINE A VOYAGER DANS LE TEMPS,0,131814,6,0,49,2,12,2025
2025-12-02 07:00:00.000,H15,LA MACHINE A VOYAGER DANS LE TEMPS,0,131836,7,0,49,2,12,2025
2025-12-06 07:00:00.000,H15,LA MACHINE A VOYAGER DANS LE TEMPS,0,132285,7,0,49,6,12,2025
2025-12-06 08:00:00.000,H15,LA MACHINE A VOYAGER DANS LE TEMPS,0,132310,8,0,49,6,12,2025
2025-12-06 09:00:00.000,H15,LA MACHINE A VOYAGER DANS LE TEMPS,9,132335,9,0,49,6,12,2025
2025-12-06 10:00:00.000,H15,LA MACHINE A VOYAGER DANS LE TEMPS,423,132360,10,0,49,6,12,2025
2025-12-06 11:00:00.000,H15,LA MACHINE A VOYAGER DANS LE TEMPS,733,132385,11,0,49,6,12,2025
2025-12-06 12:00:00.000,H15,LA MACHINE A VOYAGER DANS LE TEMPS,620,132410,12,0,49,6,12,2025
2025-12-06 13:00:00.000,H15,LA MACHINE A VOYAGER DANS LE TEMPS,552,132435,13,0,49,6,12,2025
2025-12-06 14:00:00.000,H15,LA MACHINE A VOYAGER DANS LE TEMPS,489,132460,14,0,49,6,12,2025
2025-12-06 15:00:00.000,H15,LA MACHINE A VOYAGER DANS LE TEMPS,540,132485,15,0,49,6,12,2025
2025-12-06 16:00:00.000,H15,LA MACHINE A VOYAGER DANS LE TEMPS,842,132510,16,0,49,6,12,2025
2025-12-06 17:00:00.000,H15,LA MACHINE A VOYAGER DANS LE TEMPS,694,132535,17,0,49,6,12,2025
2025-12-06 18:00:00.000,H15,LA MACHINE A VOYAGER DANS LE TEMPS,788,132560,18,0,49,6,12,2025
2025-12-06 19:00:00.000,H15,LA MACHINE A VOYAGER DANS LE TEMPS,582,132585,19,0,49,6,12,2025
2025-12-06 20:00:00.000,H15,LA MACHINE A VOYAGER DANS LE TEMPS,214,132610,20,0,49,6,12,2025
2025-12-06 21:00:00.000,H15,LA MACHINE A VOYAGER DANS LE TEMPS,25,132635,21,0,49,6,12,2025
2025-12-06 22:00:00.000,H15,LA MACHINE A VOYAGER DANS LE TEMPS,103,132652,22,0,49,6,12,2025
2025-12-06 23:00:00.000,H15,LA MACHINE A VOYAGER DANS LE TEMPS,195,132669,23,0,49,6,12,2025
2025-12-07 00:00:00.000,H15,LA MACHINE A VOYAGER DANS LE TEMPS,0,132686,0,0,50,7,12,2025
2025-12-07 01:00:00.000,H15,LA MACHINE A VOYAGER DANS LE TEMPS,0,132703,1,0,50,7,12,2025
2025-12-07 02:00:00.000,H15,LA MACHINE A VOYAGER DANS LE TEMPS,0,132720,2,0,50,7,12,2025
2025-12-07 03:00:00.000,H15,LA MACHINE A VOYAGER DANS LE TEMPS,0,132737,3,0,50,7,12,2025
2025-12-07 04:00:00.000,H15,LA MACHINE A VOYAGER DANS LE TEMPS,0,132754,4,0,50,7,12,2025
2025-12-07 05:00:00.000,H15,LA MACHINE A VOYAGER DANS LE TEMPS,0,132771,5,0,50,7,12,2025
2025-12-07 06:00:00.000,H15,LA MACHINE A VOYAGER DANS LE TEMPS,0,132788,6,0,50,7,12,2025
2025-12-07 07:00:00.000,H15,LA MACHINE A VOYAGER DANS LE TEMPS,0,132813,7,0,50,7,12,2025
2025-12-07 08:00:00.000,H15,LA MACHINE A VOYAGER DANS LE TEMPS,0,132838,8,0,50,7,12,2025
2025-12-07 09:00:00.000,H15,LA MACHINE A VOYAGER DANS LE TEMPS,0,132863,9,0,50,7,12,2025
2025-12-07 10:00:00.000,H15,LA MACHINE A VOYAGER DANS LE TEMPS,296,132888,10,0,50,7,12,2025
2025-12-07 11:00:00.000,H15,LA MACHINE A VOYAGER DANS LE TEMPS,350,132913,11,0,50,7,12,2025
2025-12-07 12:00:00.000,H15,LA MACHINE A VOYAGER DANS LE TEMPS,125,132938,12,0,50,7,12,2025
2025-12-07 13:00:00.000,H15,LA MACHINE A VOYAGER DANS LE TEMPS,94,132963,13,0,50,7,12,2025
2025-12-07 14:00:00.000,H15,LA MACHINE A VOYAGER DANS LE TEMPS,171,132988,14,0,50,7,12,2025
2025-12-07 15:00:00.000,H15,LA MACHINE A VOYAGER DANS LE TEMPS,130,133013,15,0,50,7,12,2025
2025-12-07 16:00:00.000,H15,LA MACHINE A VOYAGER DANS LE TEMPS,160,133038,16,0,50,7,12,2025
2025-12-07 17:00:00.000,H15,LA MACHINE A VOYAGER DANS LE TEMPS,37,133063,17,0,50,7,12,2025
2025-12-07 18:00:00.000,H15,LA MACHINE A VOYAGER DANS LE TEMPS,0,133088,18,0,50,7,12,2025
2025-12-07 19:00:00.000,H15,LA MACHINE A VOYAGER DANS LE TEMPS,0,133105,19,0,50,7,12,2025
2025-12-07 20:00:00.000,H15,LA MACHINE A VOYAGER DANS LE TEMPS,0,133122,20,0,50,7,12,2025
2025-12-07 21:00:00.000,H15,LA MACHINE A VOYAGER DANS LE TEMPS,0,133139,21,0,50,7,12,2025
2025-12-07 22:00:00.000,H15,LA MACHINE A VOYAGER DANS LE TEMPS,0,133156,22,0,50,7,12,2025
2025-12-07 23:00:00.000,H15,LA MACHINE A VOYAGER DANS LE TEMPS,0,133173,23,0,50,7,12,2025
2025-12-08 00:00:00.000,H15,LA MACHINE A VOYAGER DANS LE TEMPS,0,133190,0,0,50,8,12,2025
2025-12-08 01:00:00.000,H15,LA MACHINE A VOYAGER DANS LE TEMPS,0,133207,1,0,50,8,12,2025
2025-12-08 02:00:00.000,H15,LA MACHINE A VOYAGER DANS LE TEMPS,0,133224,2,0,50,8,12,2025
2025-12-08 03:00:00.000,H15,LA MACHINE A VOYAGER DANS LE TEMPS,0,133241,3,0,50,8,12,2025
2025-12-08 04:00:00.000,H15,LA MACHINE A VOYAGER DANS LE TEMPS,0,133258,4,0,50,8,12,2025
2025-12-08 05:00:00.000,H15,LA MACHINE A VOYAGER DANS LE TEMPS,0,133275,5,0,50,8,12,2025
2025-12-08 06:00:00.000,H15,LA MACHINE A VOYAGER DANS LE TEMPS,0,133292,6,0,50,8,12,2025
2025-12-13 07:00:00.000,H15,LA MACHINE A VOYAGER DANS LE TEMPS,0,133821,7,0,50,13,12,2025
2025-12-13 08:00:00.000,H15,LA MACHINE A VOYAGER DANS LE TEMPS,0,133846,8,0,50,13,12,2025
2025-12-13 09:00:00.000,H15,LA MACHINE A VOYAGER DANS LE TEMPS,0,133871,9,0,50,13,12,2025
2025-12-13 10:00:00.000,H15,LA MACHINE A VOYAGER DANS LE TEMPS,211,133896,10,0,50,13,12,2025
2025-12-13 11:00:00.000,H15,LA MACHINE A VOYAGER DANS LE TEMPS,725,133921,11,0,50,13,12,2025
2025-12-13 12:00:00.000,H15,LA MACHINE A VOYAGER DANS LE TEMPS,513,133946,12,0,50,13,12,2025
2025-12-13 13:00:00.000,H15,LA MACHINE A VOYAGER DANS LE TEMPS,414,133971,13,0,50,13,12,2025
2025-12-13 14:00:00.000,H15,LA MACHINE A VOYAGER DANS LE TEMPS,399,133996,14,0,50,13,12,2025
2025-12-13 15:00:00.000,H15,LA MACHINE A VOYAGER DANS LE TEMPS,432,134021,15,0,50,13,12,2025
2025-12-13 16:00:00.000,H15,LA MACHINE A VOYAGER DANS LE TEMPS,521,134046,16,0,50,13,12,2025
2025-12-13 17:00:00.000,H15,LA MACHINE A VOYAGER DANS LE TEMPS,510,134071,17,0,50,13,12,2025
2025-12-13 18:00:00.000,H15,LA MACHINE A VOYAGER DANS LE TEMPS,422,134096,18,0,50,13,12,2025
2025-12-13 19:00:00.000,H15,LA MACHINE A VOYAGER DANS LE TEMPS,161,134121,19,0,50,13,12,2025
2025-12-13 20:00:00.000,H15,LA MACHINE A VOYAGER DANS LE TEMPS,6,134146,20,0,50,13,12,2025
2025-12-13 21:00:00.000,H15,LA MACHINE A VOYAGER DANS LE TEMPS,6,134171,21,0,50,13,12,2025
2025-12-13 22:00:00.000,H15,LA MACHINE A VOYAGER DANS LE TEMPS,6,134188,22,0,50,13,12,2025
2025-12-13 23:00:00.000,H15,LA MACHINE A VOYAGER DANS LE TEMPS,6,134205,23,0,50,13,12,2025
2025-12-14 00:00:00.000,H15,LA MACHINE A VOYAGER DANS LE TEMPS,6,134222,0,0,51,14,12,2025
2025-12-14 01:00:00.000,H15,LA MACHINE A VOYAGER DANS LE TEMPS,6,134239,1,0,51,14,12,2025
2025-12-14 02:00:00.000,H15,LA MACHINE A VOYAGER DANS LE TEMPS,6,134256,2,0,51,14,12,2025
2025-12-14 03:00:00.000,H15,LA MACHINE A VOYAGER DANS LE TEMPS,6,134273,3,0,51,14,12,2025
2025-12-14 04:00:00.000,H15,LA MACHINE A VOYAGER DANS LE TEMPS,6,134290,4,0,51,14,12,2025
2025-12-14 05:00:00.000,H15,LA MACHINE A VOYAGER DANS LE TEMPS,6,134307,5,0,51,14,12,2025
2025-12-14 06:00:00.000,H15,LA MACHINE A VOYAGER DANS LE TEMPS,6,134324,6,0,51,14,12,2025
2025-12-14 07:00:00.000,H15,LA MACHINE A VOYAGER DANS LE TEMPS,6,134349,7,0,51,14,12,2025
2025-12-14 08:00:00.000,H15,LA MACHINE A VOYAGER DANS LE TEMPS,6,134374,8,0,51,14,12,2025
2025-12-14 09:00:00.000,H15,LA MACHINE A VOYAGER DANS LE TEMPS,3,134399,9,0,51,14,12,2025
2025-12-14 10:00:00.000,H15,LA MACHINE A VOYAGER DANS LE TEMPS,117,134424,10,0,51,14,12,2025
2025-12-14 11:00:00.000,H15,LA MACHINE A VOYAGER DANS LE TEMPS,418,134449,11,0,51,14,12,2025
2025-12-14 12:00:00.000,H15,LA MACHINE A VOYAGER DANS LE TEMPS,54,134474,12,0,51,14,12,2025
2025-12-14 13:00:00.000,H15,LA MACHINE A VOYAGER DANS LE TEMPS,55,134499,13,0,51,14,12,2025
2025-12-14 14:00:00.000,H15,LA MACHINE A VOYAGER DANS LE TEMPS,38,134524,14,0,51,14,12,2025
2025-12-14 15:00:00.000,H15,LA MACHINE A VOYAGER DANS LE TEMPS,40,134549,15,0,51,14,12,2025
2025-12-14 16:00:00.000,H15,LA MACHINE A VOYAGER DANS LE TEMPS,75,134574,16,0,51,14,12,2025
2025-12-14 17:00:00.000,H15,LA MACHINE A VOYAGER DANS LE TEMPS,9,134599,17,0,51,14,12,2025
2025-12-14 18:00:00.000,H15,LA MACHINE A VOYAGER DANS LE TEMPS,0,134624,18,0,51,14,12,2025
2025-12-14 19:00:00.000,H15,LA MACHINE A VOYAGER DANS LE TEMPS,0,134641,19,0,51,14,12,2025
2025-12-14 20:00:00.000,H15,LA MACHINE A VOYAGER DANS LE TEMPS,0,134658,20,0,51,14,12,2025
2025-12-14 21:00:00.000,H15,LA MACHINE A VOYAGER DANS LE TEMPS,0,134675,21,0,51,14,12,2025
2025-12-14 22:00:00.000,H15,LA MACHINE A VOYAGER DANS LE TEMPS,0,134692,22,0,51,14,12,2025
2025-12-14 23:00:00.000,H15,LA MACHINE A VOYAGER DANS LE TEMPS,0,134709,23,0,51,14,12,2025
2025-12-15 00:00:00.000,H15,LA MACHINE A VOYAGER DANS LE TEMPS,0,134726,0,0,51,15,12,2025
2025-12-15 01:00:00.000,H15,LA MACHINE A VOYAGER DANS LE TEMPS,0,134743,1,0,51,15,12,2025
2025-12-15 02:00:00.000,H15,LA MACHINE A VOYAGER DANS LE TEMPS,0,134760,2,0,51,15,12,2025
2025-12-15 03:00:00.000,H15,LA MACHINE A VOYAGER DANS LE TEMPS,0,134777,3,0,51,15,12,2025
2025-12-15 04:00:00.000,H15,LA MACHINE A VOYAGER DANS LE TEMPS,0,134794,4,0,51,15,12,2025
2025-12-15 05:00:00.000,H15,LA MACHINE A VOYAGER DANS LE TEMPS,0,134811,5,0,51,15,12,2025
2025-12-15 06:00:00.000,H15,LA MACHINE A VOYAGER DANS LE TEMPS,0,134828,6,0,51,15,12,2025
2025-12-17 10:00:00.000,H15,LA MACHINE A VOYAGER DANS LE TEMPS,0,135068,10,0,51,17,12,2025
2025-12-17 11:00:00.000,H15,LA MACHINE A VOYAGER DANS LE TEMPS,0,135092,11,0,51,17,12,2025
2025-12-17 12:00:00.000,H15,LA MACHINE A VOYAGER DANS LE TEMPS,0,135116,12,0,51,17,12,2025
2025-12-17 13:00:00.000,H15,LA MACHINE A VOYAGER DANS LE TEMPS,0,135140,13,0,51,17,12,2025
2025-12-17 14:00:00.000,H15,LA MACHINE A VOYAGER DANS LE TEMPS,0,135167,14,0,51,17,12,2025
2025-12-17 15:00:00.000,H15,LA MACHINE A VOYAGER DANS LE TEMPS,0,135194,15,0,51,17,12,2025
2025-12-17 16:00:00.000,H15,LA MACHINE A VOYAGER DANS LE TEMPS,0,135221,16,0,51,17,12,2025
2025-12-17 17:00:00.000,H15,LA MACHINE A VOYAGER DANS LE TEMPS,0,135248,17,0,51,17,12,2025
2025-12-17 18:00:00.000,H15,LA MACHINE A VOYAGER DANS LE TEMPS,0,135275,18,0,51,17,12,2025
2025-12-17 19:00:00.000,H15,LA MACHINE A VOYAGER DANS LE TEMPS,0,135302,19,0,51,17,12,2025
2025-12-17 20:00:00.000,H15,LA MACHINE A VOYAGER DANS LE TEMPS,0,135329,20,0,51,17,12,2025
2025-12-17 21:00:00.000,H15,LA MACHINE A VOYAGER DANS LE TEMPS,0,135356,21,0,51,17,12,2025
2025-12-17 22:00:00.000,H15,LA MACHINE A VOYAGER DANS LE TEMPS,0,135375,22,0,51,17,12,2025
2025-12-17 23:00:00.000,H15,LA MACHINE A VOYAGER DANS LE TEMPS,0,135394,23,0,51,17,12,2025
2025-12-18 00:00:00.000,H15,LA MACHINE A VOYAGER DANS LE TEMPS,0,135413,0,0,51,18,12,2025
2025-12-18 01:00:00.000,H15,LA MACHINE A VOYAGER DANS LE TEMPS,0,135432,1,0,51,18,12,2025
2025-12-18 02:00:00.000,H15,LA MACHINE A VOYAGER DANS LE TEMPS,0,135451,2,0,51,18,12,2025
2025-12-18 03:00:00.000,H15,LA MACHINE A VOYAGER DANS LE TEMPS,0,135470,3,0,51,18,12,2025
2025-12-18 04:00:00.000,H15,LA MACHINE A VOYAGER DANS LE TEMPS,0,135489,4,0,51,18,12,2025
2025-12-18 05:00:00.000,H15,LA MACHINE A VOYAGER DANS LE TEMPS,0,135508,5,0,51,18,12,2025
2025-12-18 06:00:00.000,H15,LA MACHINE A VOYAGER DANS LE TEMPS,0,135527,6,0,51,18,12,2025
2025-12-18 09:00:00.000,H15,LA MACHINE A VOYAGER DANS LE TEMPS,0,135569,9,0,51,18,12,2025
2025-12-18 10:00:00.000,H15,LA MACHINE A VOYAGER DANS LE TEMPS,0,135595,10,0,51,18,12,2025
2025-12-18 11:00:00.000,H15,LA MACHINE A VOYAGER DANS LE TEMPS,0,135621,11,0,51,18,12,2025
2025-12-18 12:00:00.000,H15,LA MACHINE A VOYAGER DANS LE TEMPS,0,135647,12,0,51,18,12,2025
2025-12-18 13:00:00.000,H15,LA MACHINE A VOYAGER DANS LE TEMPS,0,135673,13,0,51,18,12,2025
2025-12-18 14:00:00.000,H15,LA MACHINE A VOYAGER DANS LE TEMPS,0,135699,14,0,51,18,12,2025
2025-12-18 15:00:00.000,H15,LA MACHINE A VOYAGER DANS LE TEMPS,0,135725,15,0,51,18,12,2025
2025-12-18 16:00:00.000,H15,LA MACHINE A VOYAGER DANS LE TEMPS,0,135751,16,0,51,18,12,2025
2025-12-18 17:00:00.000,H15,LA MACHINE A VOYAGER DANS LE TEMPS,0,135777,17,0,51,18,12,2025
2025-12-18 18:00:00.000,H15,LA MACHINE A VOYAGER DANS LE TEMPS,0,135803,18,0,51,18,12,2025
2025-12-18 19:00:00.000,H15,LA MACHINE A VOYAGER DANS LE TEMPS,0,135821,19,0,51,18,12,2025
2025-12-18 20:00:00.000,H15,LA MACHINE A VOYAGER DANS LE TEMPS,0,135839,20,0,51,18,12,2025
2025-12-18 21:00:00.000,H15,LA MACHINE A VOYAGER DANS LE TEMPS,0,135857,21,0,51,18,12,2025
2025-12-18 22:00:00.000,H15,LA MACHINE A VOYAGER DANS LE TEMPS,0,135875,22,0,51,18,12,2025
2025-12-18 23:00:00.000,H15,LA MACHINE A VOYAGER DANS LE TEMPS,0,135893,23,0,51,18,12,2025
2025-12-19 00:00:00.000,H15,LA MACHINE A VOYAGER DANS LE TEMPS,0,135911,0,0,51,19,12,2025
2025-12-19 01:00:00.000,H15,LA MACHINE A VOYAGER DANS LE TEMPS,0,135929,1,0,51,19,12,2025
2025-12-19 02:00:00.000,H15,LA MACHINE A VOYAGER DANS LE TEMPS,0,135947,2,0,51,19,12,2025
2025-12-19 03:00:00.000,H15,LA MACHINE A VOYAGER DANS LE TEMPS,0,135965,3,0,51,19,12,2025
2025-12-19 04:00:00.000,H15,LA MACHINE A VOYAGER DANS LE TEMPS,0,135983,4,0,51,19,12,2025
2025-12-19 05:00:00.000,H15,LA MACHINE A VOYAGER DANS LE TEMPS,0,136001,5,0,51,19,12,2025
2025-12-19 06:00:00.000,H15,LA MACHINE A VOYAGER DANS LE TEMPS,0,136019,6,0,51,19,12,2025
2025-12-19 07:00:00.000,H15,LA MACHINE A VOYAGER DANS LE TEMPS,0,136044,7,0,51,19,12,2025
2025-12-19 09:00:00.000,H15,LA MACHINE A VOYAGER DANS LE TEMPS,0,136078,9,0,51,19,12,2025
2025-12-19 10:00:00.000,H15,LA MACHINE A VOYAGER DANS LE TEMPS,0,136103,10,0,51,19,12,2025
2025-12-19 11:00:00.000,H15,LA MACHINE A VOYAGER DANS LE TEMPS,0,136128,11,0,51,19,12,2025
2025-12-19 12:00:00.000,H15,LA MACHINE A VOYAGER DANS LE TEMPS,0,136153,12,0,51,19,12,2025
2025-12-19 13:00:00.000,H15,LA MACHINE A VOYAGER DANS LE TEMPS,0,136178,13,0,51,19,12,2025
2025-12-19 14:00:00.000,H15,LA MACHINE A VOYAGER DANS LE TEMPS,0,136203,14,0,51,19,12,2025
2025-12-19 15:00:00.000,H15,LA MACHINE A VOYAGER DANS LE TEMPS,0,136228,15,0,51,19,12,2025
2025-12-19 16:00:00.000,H15,LA MACHINE A VOYAGER DANS LE TEMPS,0,136253,16,0,51,19,12,2025
2025-12-19 17:00:00.000,H15,LA MACHINE A VOYAGER DANS LE TEMPS,0,136278,17,0,51,19,12,2025
2025-12-19 18:00:00.000,H15,LA MACHINE A VOYAGER DANS LE TEMPS,0,136303,18,0,51,19,12,2025
2025-12-19 19:00:00.000,H15,LA MACHINE A VOYAGER DANS LE TEMPS,0,136328,19,0,51,19,12,2025
2025-12-19 20:00:00.000,H15,LA MACHINE A VOYAGER DANS LE TEMPS,0,136353,20,0,51,19,12,2025
2025-12-19 21:00:00.000,H15,LA MACHINE A VOYAGER DANS LE TEMPS,0,136378,21,0,51,19,12,2025
2025-12-19 22:00:00.000,H15,LA MACHINE A VOYAGER DANS LE TEMPS,0,136395,22,0,51,19,12,2025
2025-12-19 23:00:00.000,H15,LA MACHINE A VOYAGER DANS LE TEMPS,0,136412,23,0,51,19,12,2025
2025-12-20 00:00:00.000,H15,LA MACHINE A VOYAGER DANS LE TEMPS,0,136429,0,0,51,20,12,2025
2025-12-20 01:00:00.000,H15,LA MACHINE A VOYAGER DANS LE TEMPS,0,136446,1,0,51,20,12,2025
2025-12-20 02:00:00.000,H15,LA MACHINE A VOYAGER DANS LE TEMPS,0,136463,2,0,51,20,12,2025
2025-12-20 03:00:00.000,H15,LA MACHINE A VOYAGER DANS LE TEMPS,0,136480,3,0,51,20,12,2025
2025-12-20 04:00:00.000,H15,LA MACHINE A VOYAGER DANS LE TEMPS,0,136497,4,0,51,20,12,2025
2025-12-20 05:00:00.000,H15,LA MACHINE A VOYAGER DANS LE TEMPS,0,136514,5,0,51,20,12,2025
2025-12-20 06:00:00.000,H15,LA MACHINE A VOYAGER DANS LE TEMPS,0,136531,6,0,51,20,12,2025
2025-12-20 07:00:00.000,H15,LA MACHINE A VOYAGER DANS LE TEMPS,0,136556,7,0,51,20,12,2025
2025-12-20 08:00:00.000,H15,LA MACHINE A VOYAGER DANS LE TEMPS,0,136581,8,0,51,20,12,2025
2025-12-20 09:00:00.000,H15,LA MACHINE A VOYAGER DANS LE TEMPS,24,136606,9,0,51,20,12,2025
2025-12-20 10:00:00.000,H15,LA MACHINE A VOYAGER DANS LE TEMPS,161,136631,10,0,51,20,12,2025
2025-12-20 11:00:00.000,H15,LA MACHINE A VOYAGER DANS LE TEMPS,230,136656,11,0,51,20,12,2025
2025-12-20 12:00:00.000,H15,LA MACHINE A VOYAGER DANS LE TEMPS,197,136681,12,0,51,20,12,2025
2025-12-20 13:00:00.000,H15,LA MACHINE A VOYAGER DANS LE TEMPS,49,136706,13,0,51,20,12,2025
2025-12-20 14:00:00.000,H15,LA MACHINE A VOYAGER DANS LE TEMPS,113,136731,14,0,51,20,12,2025
2025-12-20 15:00:00.000,H15,LA MACHINE A VOYAGER DANS LE TEMPS,87,136756,15,0,51,20,12,2025
2025-12-20 16:00:00.000,H15,LA MACHINE A VOYAGER DANS LE TEMPS,48,136781,16,0,51,20,12,2025
2025-12-20 17:00:00.000,H15,LA MACHINE A VOYAGER DANS LE TEMPS,101,136806,17,0,51,20,12,2025
2025-12-20 18:00:00.000,H15,LA MACHINE A VOYAGER DANS LE TEMPS,98,136831,18,0,51,20,12,2025
2025-12-20 19:00:00.000,H15,LA MACHINE A VOYAGER DANS LE TEMPS,30,136856,19,0,51,20,12,2025
2025-12-20 20:00:00.000,H15,LA MACHINE A VOYAGER DANS LE TEMPS,8,136881,20,0,51,20,12,2025
2025-12-20 21:00:00.000,H15,LA MACHINE A VOYAGER DANS LE TEMPS,0,136906,21,0,51,20,12,2025
2025-12-20 22:00:00.000,H15,LA MACHINE A VOYAGER DANS LE TEMPS,0,136923,22,0,51,20,12,2025
2025-12-20 23:00:00.000,H15,LA MACHINE A VOYAGER DANS LE TEMPS,0,136940,23,0,51,20,12,2025
2025-12-21 00:00:00.000,H15,LA MACHINE A VOYAGER DANS LE TEMPS,0,136957,0,0,52,21,12,2025
2025-12-21 01:00:00.000,H15,LA MACHINE A VOYAGER DANS LE TEMPS,0,136974,1,0,52,21,12,2025
2025-12-21 02:00:00.000,H15,LA MACHINE A VOYAGER DANS LE TEMPS,0,136991,2,0,52,21,12,2025
2025-12-21 03:00:00.000,H15,LA MACHINE A VOYAGER DANS LE TEMPS,0,137008,3,0,52,21,12,2025
2025-12-21 04:00:00.000,H15,LA MACHINE A VOYAGER DANS LE TEMPS,0,137025,4,0,52,21,12,2025
2025-12-21 05:00:00.000,H15,LA MACHINE A VOYAGER DANS LE TEMPS,0,137042,5,0,52,21,12,2025
2025-12-21 06:00:00.000,H15,LA MACHINE A VOYAGER DANS LE TEMPS,0,137059,6,0,52,21,12,2025
2025-12-21 07:00:00.000,H15,LA MACHINE A VOYAGER DANS LE TEMPS,0,137083,7,0,52,21,12,2025
2025-12-21 08:00:00.000,H15,LA MACHINE A VOYAGER DANS LE TEMPS,0,137107,8,0,52,21,12,2025
2025-12-21 09:00:00.000,H15,LA MACHINE A VOYAGER DANS LE TEMPS,20,137131,9,0,52,21,12,2025
2025-12-21 10:00:00.000,H15,LA MACHINE A VOYAGER DANS LE TEMPS,256,137155,10,0,52,21,12,2025
2025-12-21 11:00:00.000,H15,LA MACHINE A VOYAGER DANS LE TEMPS,331,137179,11,0,52,21,12,2025
2025-12-21 12:00:00.000,H15,LA MACHINE A VOYAGER DANS LE TEMPS,121,137203,12,0,52,21,12,2025
2025-12-21 13:00:00.000,H15,LA MACHINE A VOYAGER DANS LE TEMPS,41,137227,13,0,52,21,12,2025
2025-12-21 14:00:00.000,H15,LA MACHINE A VOYAGER DANS LE TEMPS,44,137251,14,0,52,21,12,2025
2025-12-21 15:00:00.000,H15,LA MACHINE A VOYAGER DANS LE TEMPS,118,137275,15,0,52,21,12,2025
2025-12-21 16:00:00.000,H15,LA MACHINE A VOYAGER DANS LE TEMPS,104,137299,16,0,52,21,12,2025
2025-12-21 17:00:00.000,H15,LA MACHINE A VOYAGER DANS LE TEMPS,136,137323,17,0,52,21,12,2025
2025-12-21 18:00:00.000,H15,LA MACHINE A VOYAGER DANS LE TEMPS,49,137347,18,0,52,21,12,2025
2025-12-21 19:00:00.000,H15,LA MACHINE A VOYAGER DANS LE TEMPS,15,137371,19,0,52,21,12,2025
2025-12-21 20:00:00.000,H15,LA MACHINE A VOYAGER DANS LE TEMPS,4,137395,20,0,52,21,12,2025
2025-12-21 21:00:00.000,H15,LA MACHINE A VOYAGER DANS LE TEMPS,0,137419,21,0,52,21,12,2025
2025-12-21 22:00:00.000,H15,LA MACHINE A VOYAGER DANS LE TEMPS,0,137435,22,0,52,21,12,2025
2025-12-21 23:00:00.000,H15,LA MACHINE A VOYAGER DANS LE TEMPS,0,137451,23,0,52,21,12,2025
2025-12-22 00:00:00.000,H15,LA MACHINE A VOYAGER DANS LE TEMPS,0,137467,0,0,52,22,12,2025
2025-12-22 01:00:00.000,H15,LA MACHINE A VOYAGER DANS LE TEMPS,0,137483,1,0,52,22,12,2025
2025-12-22 02:00:00.000,H15,LA MACHINE A VOYAGER DANS LE TEMPS,0,137499,2,0,52,22,12,2025
2025-12-22 03:00:00.000,H15,LA MACHINE A VOYAGER DANS LE TEMPS,0,137515,3,0,52,22,12,2025
2025-12-22 04:00:00.000,H15,LA MACHINE A VOYAGER DANS LE TEMPS,0,137531,4,0,52,22,12,2025
2025-12-22 05:00:00.000,H15,LA MACHINE A VOYAGER DANS LE TEMPS,0,137547,5,0,52,22,12,2025
2025-12-22 06:00:00.000,H15,LA MACHINE A VOYAGER DANS LE TEMPS,0,137563,6,0,52,22,12,2025
2025-12-22 07:00:00.000,H15,LA MACHINE A VOYAGER DANS LE TEMPS,0,137587,7,0,52,22,12,2025
2025-12-22 08:00:00.000,H15,LA MACHINE A VOYAGER DANS LE TEMPS,0,137611,8,0,52,22,12,2025
2025-12-22 09:00:00.000,H15,LA MACHINE A VOYAGER DANS LE TEMPS,40,137635,9,0,52,22,12,2025
2025-12-22 10:00:00.000,H15,LA MACHINE A VOYAGER DANS LE TEMPS,503,137659,10,0,52,22,12,2025
2025-12-22 11:00:00.000,H15,LA MACHINE A VOYAGER DANS LE TEMPS,440,137683,11,0,52,22,12,2025
2025-12-22 12:00:00.000,H15,LA MACHINE A VOYAGER DANS LE TEMPS,227,137707,12,0,52,22,12,2025
2025-12-22 13:00:00.000,H15,LA MACHINE A VOYAGER DANS LE TEMPS,270,137731,13,0,52,22,12,2025
2025-12-22 14:00:00.000,H15,LA MACHINE A VOYAGER DANS LE TEMPS,293,137755,14,0,52,22,12,2025
2025-12-22 15:00:00.000,H15,LA MACHINE A VOYAGER DANS LE TEMPS,362,137780,15,0,52,22,12,2025
2025-12-22 16:00:00.000,H15,LA MACHINE A VOYAGER DANS LE TEMPS,34,137805,16,0,52,22,12,2025
2025-12-22 17:00:00.000,H15,LA MACHINE A VOYAGER DANS LE TEMPS,47,137830,17,0,52,22,12,2025
2025-12-22 18:00:00.000,H15,LA MACHINE A VOYAGER DANS LE TEMPS,19,137855,18,0,52,22,12,2025
2025-12-22 19:00:00.000,H15,LA MACHINE A VOYAGER DANS LE TEMPS,35,137880,19,0,52,22,12,2025
2025-12-22 20:00:00.000,H15,LA MACHINE A VOYAGER DANS LE TEMPS,41,137905,20,0,52,22,12,2025
2025-12-22 21:00:00.000,H15,LA MACHINE A VOYAGER DANS LE TEMPS,39,137930,21,0,52,22,12,2025
2025-12-22 22:00:00.000,H15,LA MACHINE A VOYAGER DANS LE TEMPS,39,137947,22,0,52,22,12,2025
2025-12-22 23:00:00.000,H15,LA MACHINE A VOYAGER DANS LE TEMPS,39,137964,23,0,52,22,12,2025
2025-12-23 00:00:00.000,H15,LA MACHINE A VOYAGER DANS LE TEMPS,39,137981,0,0,52,23,12,2025
2025-12-23 01:00:00.000,H15,LA MACHINE A VOYAGER DANS LE TEMPS,39,137998,1,0,52,23,12,2025
2025-12-23 02:00:00.000,H15,LA MACHINE A VOYAGER DANS LE TEMPS,39,138015,2,0,52,23,12,2025
2025-12-23 03:00:00.000,H15,LA MACHINE A VOYAGER DANS LE TEMPS,39,138032,3,0,52,23,12,2025
2025-12-23 04:00:00.000,H15,LA MACHINE A VOYAGER DANS LE TEMPS,39,138049,4,0,52,23,12,2025
2025-12-23 05:00:00.000,H15,LA MACHINE A VOYAGER DANS LE TEMPS,39,138066,5,0,52,23,12,2025
2025-12-23 06:00:00.000,H15,LA MACHINE A VOYAGER DANS LE TEMPS,39,138083,6,0,52,23,12,2025
2025-12-23 07:00:00.000,H15,LA MACHINE A VOYAGER DANS LE TEMPS,39,138108,7,0,52,23,12,2025
2025-12-23 08:00:00.000,H15,LA MACHINE A VOYAGER DANS LE TEMPS,15,138133,8,0,52,23,12,2025
2025-12-23 09:00:00.000,H15,LA MACHINE A VOYAGER DANS LE TEMPS,24,138158,9,0,52,23,12,2025
2025-12-23 10:00:00.000,H15,LA MACHINE A VOYAGER DANS LE TEMPS,205,138183,10,0,52,23,12,2025
2025-12-23 11:00:00.000,H15,LA MACHINE A VOYAGER DANS LE TEMPS,229,138208,11,0,52,23,12,2025
2025-12-23 12:00:00.000,H15,LA MACHINE A VOYAGER DANS LE TEMPS,114,138233,12,0,52,23,12,2025
2025-12-23 13:00:00.000,H15,LA MACHINE A VOYAGER DANS LE TEMPS,42,138258,13,0,52,23,12,2025
2025-12-23 14:00:00.000,H15,LA MACHINE A VOYAGER DANS LE TEMPS,75,138283,14,0,52,23,12,2025
2025-12-23 15:00:00.000,H15,LA MACHINE A VOYAGER DANS LE TEMPS,101,138308,15,0,52,23,12,2025
2025-12-23 16:00:00.000,H15,LA MACHINE A VOYAGER DANS LE TEMPS,99,138333,16,0,52,23,12,2025
2025-12-23 17:00:00.000,H15,LA MACHINE A VOYAGER DANS LE TEMPS,75,138358,17,0,52,23,12,2025
2025-12-23 18:00:00.000,H15,LA MACHINE A VOYAGER DANS LE TEMPS,90,138383,18,0,52,23,12,2025
2025-12-23 19:00:00.000,H15,LA MACHINE A VOYAGER DANS LE TEMPS,98,138408,19,0,52,23,12,2025
2025-12-23 20:00:00.000,H15,LA MACHINE A VOYAGER DANS LE TEMPS,55,138433,20,0,52,23,12,2025
2025-12-23 21:00:00.000,H15,LA MACHINE A VOYAGER DANS LE TEMPS,0,138458,21,0,52,23,12,2025
2025-12-23 22:00:00.000,H15,LA MACHINE A VOYAGER DANS LE TEMPS,0,138475,22,0,52,23,12,2025
2025-12-23 23:00:00.000,H15,LA MACHINE A VOYAGER DANS LE TEMPS,0,138492,23,0,52,23,12,2025
2025-12-24 00:00:00.000,H15,LA MACHINE A VOYAGER DANS LE TEMPS,0,138509,0,0,52,24,12,2025
2025-12-24 01:00:00.000,H15,LA MACHINE A VOYAGER DANS LE TEMPS,0,138526,1,0,52,24,12,2025
2025-12-24 02:00:00.000,H15,LA MACHINE A VOYAGER DANS LE TEMPS,0,138543,2,0,52,24,12,2025
2025-12-24 03:00:00.000,H15,LA MACHINE A VOYAGER DANS LE TEMPS,0,138560,3,0,52,24,12,2025
2025-12-24 04:00:00.000,H15,LA MACHINE A VOYAGER DANS LE TEMPS,0,138577,4,0,52,24,12,2025
2025-12-24 05:00:00.000,H15,LA MACHINE A VOYAGER DANS LE TEMPS,0,138594,5,0,52,24,12,2025
2025-12-24 06:00:00.000,H15,LA MACHINE A VOYAGER DANS LE TEMPS,0,138611,6,0,52,24,12,2025
2025-12-24 07:00:00.000,H15,LA MACHINE A VOYAGER DANS LE TEMPS,0,138636,7,0,52,24,12,2025
2025-12-24 08:00:00.000,H15,LA MACHINE A VOYAGER DANS LE TEMPS,0,138661,8,0,52,24,12,2025
2025-12-24 09:00:00.000,H15,LA MACHINE A VOYAGER DANS LE TEMPS,19,138686,9,0,52,24,12,2025
2025-12-24 10:00:00.000,H15,LA MACHINE A VOYAGER DANS LE TEMPS,162,138711,10,0,52,24,12,2025
2025-12-24 11:00:00.000,H15,LA MACHINE A VOYAGER DANS LE TEMPS,182,138736,11,0,52,24,12,2025
2025-12-24 12:00:00.000,H15,LA MACHINE A VOYAGER DANS LE TEMPS,131,138761,12,0,52,24,12,2025
2025-12-24 13:00:00.000,H15,LA MACHINE A VOYAGER DANS LE TEMPS,121,138786,13,0,52,24,12,2025
2025-12-24 14:00:00.000,H15,LA MACHINE A VOYAGER DANS LE TEMPS,73,138811,14,0,52,24,12,2025
2025-12-24 15:00:00.000,H15,LA MACHINE A VOYAGER DANS LE TEMPS,106,138836,15,0,52,24,12,2025
2025-12-24 16:00:00.000,H15,LA MACHINE A VOYAGER DANS LE TEMPS,92,138861,16,0,52,24,12,2025
2025-12-24 17:00:00.000,H15,LA MACHINE A VOYAGER DANS LE TEMPS,52,138886,17,0,52,24,12,2025
2025-12-24 18:00:00.000,H15,LA MACHINE A VOYAGER DANS LE TEMPS,0,138911,18,0,52,24,12,2025
2025-12-24 19:00:00.000,H15,LA MACHINE A VOYAGER DANS LE TEMPS,0,138928,19,0,52,24,12,2025
2025-12-24 20:00:00.000,H15,LA MACHINE A VOYAGER DANS LE TEMPS,0,138945,20,0,52,24,12,2025
2025-12-24 21:00:00.000,H15,LA MACHINE A VOYAGER DANS LE TEMPS,0,138962,21,0,52,24,12,2025
2025-12-24 22:00:00.000,H15,LA MACHINE A VOYAGER DANS LE TEMPS,0,138979,22,0,52,24,12,2025
2025-12-24 23:00:00.000,H15,LA MACHINE A VOYAGER DANS LE TEMPS,0,138996,23,0,52,24,12,2025
2025-12-25 00:00:00.000,H15,LA MACHINE A VOYAGER DANS LE TEMPS,0,139013,0,0,52,25,12,2025
2025-12-25 01:00:00.000,H15,LA MACHINE A VOYAGER DANS LE TEMPS,0,139030,1,0,52,25,12,2025
2025-12-25 02:00:00.000,H15,LA MACHINE A VOYAGER DANS LE TEMPS,0,139047,2,0,52,25,12,2025
2025-12-25 03:00:00.000,H15,LA MACHINE A VOYAGER DANS LE TEMPS,0,139064,3,0,52,25,12,2025
2025-12-25 04:00:00.000,H15,LA MACHINE A VOYAGER DANS LE TEMPS,0,139081,4,0,52,25,12,2025
2025-12-25 05:00:00.000,H15,LA MACHINE A VOYAGER DANS LE TEMPS,0,139098,5,0,52,25,12,2025
2025-12-25 06:00:00.000,H15,LA MACHINE A VOYAGER DANS LE TEMPS,0,139115,6,0,52,25,12,2025
2025-12-25 07:00:00.000,H15,LA MACHINE A VOYAGER DANS LE TEMPS,0,139140,7,0,52,25,12,2025
2025-12-25 08:00:00.000,H15,LA MACHINE A VOYAGER DANS LE TEMPS,0,139165,8,0,52,25,12,2025
2025-12-25 09:00:00.000,H15,LA MACHINE A VOYAGER DANS LE TEMPS,25,139190,9,0,52,25,12,2025
2025-12-25 10:00:00.000,H15,LA MACHINE A VOYAGER DANS LE TEMPS,175,139215,10,0,52,25,12,2025
2025-12-25 11:00:00.000,H15,LA MACHINE A VOYAGER DANS LE TEMPS,324,139240,11,0,52,25,12,2025
2025-12-25 12:00:00.000,H15,LA MACHINE A VOYAGER DANS LE TEMPS,224,139265,12,0,52,25,12,2025
2025-12-25 13:00:00.000,H15,LA MACHINE A VOYAGER DANS LE TEMPS,126,139290,13,0,52,25,12,2025
2025-12-25 14:00:00.000,H15,LA MACHINE A VOYAGER DANS LE TEMPS,80,139315,14,0,52,25,12,2025
2025-12-25 15:00:00.000,H15,LA MACHINE A VOYAGER DANS LE TEMPS,52,139340,15,0,52,25,12,2025
2025-12-25 16:00:00.000,H15,LA MACHINE A VOYAGER DANS LE TEMPS,56,139365,16,0,52,25,12,2025
2025-12-25 17:00:00.000,H15,LA MACHINE A VOYAGER DANS LE TEMPS,106,139390,17,0,52,25,12,2025
2025-12-25 18:00:00.000,H15,LA MACHINE A VOYAGER DANS LE TEMPS,13,139415,18,0,52,25,12,2025
2025-12-25 19:00:00.000,H15,LA MACHINE A VOYAGER DANS LE TEMPS,44,139440,19,0,52,25,12,2025
2025-12-25 20:00:00.000,H15,LA MACHINE A VOYAGER DANS LE TEMPS,24,139465,20,0,52,25,12,2025
2025-12-25 21:00:00.000,H15,LA MACHINE A VOYAGER DANS LE TEMPS,0,139490,21,0,52,25,12,2025
2025-12-25 22:00:00.000,H15,LA MACHINE A VOYAGER DANS LE TEMPS,0,139507,22,0,52,25,12,2025
2025-12-25 23:00:00.000,H15,LA MACHINE A VOYAGER DANS LE TEMPS,0,139524,23,0,52,25,12,2025
2025-12-26 00:00:00.000,H15,LA MACHINE A VOYAGER DANS LE TEMPS,0,139541,0,0,52,26,12,2025
2025-12-26 01:00:00.000,H15,LA MACHINE A VOYAGER DANS LE TEMPS,0,139558,1,0,52,26,12,2025
2025-12-26 02:00:00.000,H15,LA MACHINE A VOYAGER DANS LE TEMPS,0,139575,2,0,52,26,12,2025
2025-12-26 03:00:00.000,H15,LA MACHINE A VOYAGER DANS LE TEMPS,0,139592,3,0,52,26,12,2025
2025-12-26 04:00:00.000,H15,LA MACHINE A VOYAGER DANS LE TEMPS,0,139609,4,0,52,26,12,2025
2025-12-26 05:00:00.000,H15,LA MACHINE A VOYAGER DANS LE TEMPS,0,139626,5,0,52,26,12,2025
2025-12-26 06:00:00.000,H15,LA MACHINE A VOYAGER DANS LE TEMPS,0,139643,6,0,52,26,12,2025
2025-12-26 07:00:00.000,H15,LA MACHINE A VOYAGER DANS LE TEMPS,0,139668,7,0,52,26,12,2025
2025-12-26 08:00:00.000,H15,LA MACHINE A VOYAGER DANS LE TEMPS,0,139693,8,0,52,26,12,2025
2025-12-26 09:00:00.000,H15,LA MACHINE A VOYAGER DANS LE TEMPS,27,139718,9,0,52,26,12,2025
2025-12-26 10:00:00.000,H15,LA MACHINE A VOYAGER DANS LE TEMPS,0,139743,10,0,52,26,12,2025
2025-12-26 11:00:00.000,H15,LA MACHINE A VOYAGER DANS LE TEMPS,334,139768,11,0,52,26,12,2025
2025-12-26 12:00:00.000,H15,LA MACHINE A VOYAGER DANS LE TEMPS,623,139793,12,0,52,26,12,2025
2025-12-26 13:00:00.000,H15,LA MACHINE A VOYAGER DANS LE TEMPS,498,139818,13,0,52,26,12,2025
2025-12-26 14:00:00.000,H15,LA MACHINE A VOYAGER DANS LE TEMPS,511,139843,14,0,52,26,12,2025
2025-12-26 15:00:00.000,H15,LA MACHINE A VOYAGER DANS LE TEMPS,580,139868,15,0,52,26,12,2025
2025-12-26 16:00:00.000,H15,LA MACHINE A VOYAGER DANS LE TEMPS,604,139893,16,0,52,26,12,2025
2025-12-26 17:00:00.000,H15,LA MACHINE A VOYAGER DANS LE TEMPS,565,139918,17,0,52,26,12,2025
2025-12-26 18:00:00.000,H15,LA MACHINE A VOYAGER DANS LE TEMPS,398,139943,18,0,52,26,12,2025
2025-12-26 19:00:00.000,H15,LA MACHINE A VOYAGER DANS LE TEMPS,165,139968,19,0,52,26,12,2025
2025-12-26 20:00:00.000,H15,LA MACHINE A VOYAGER DANS LE TEMPS,89,139993,20,0,52,26,12,2025
2025-12-26 21:00:00.000,H15,LA MACHINE A VOYAGER DANS LE TEMPS,13,140018,21,0,52,26,12,2025
2025-12-26 22:00:00.000,H15,LA MACHINE A VOYAGER DANS LE TEMPS,0,140035,22,0,52,26,12,2025
2025-12-26 23:00:00.000,H15,LA MACHINE A VOYAGER DANS LE TEMPS,0,140052,23,0,52,26,12,2025
2025-12-27 00:00:00.000,H15,LA MACHINE A VOYAGER DANS LE TEMPS,0,140069,0,0,52,27,12,2025
2025-12-27 01:00:00.000,H15,LA MACHINE A VOYAGER DANS LE TEMPS,0,140086,1,0,52,27,12,2025
2025-12-27 02:00:00.000,H15,LA MACHINE A VOYAGER DANS LE TEMPS,0,140103,2,0,52,27,12,2025
2025-12-27 03:00:00.000,H15,LA MACHINE A VOYAGER DANS LE TEMPS,0,140120,3,0,52,27,12,2025
2025-12-27 04:00:00.000,H15,LA MACHINE A VOYAGER DANS LE TEMPS,0,140137,4,0,52,27,12,2025
2025-12-27 05:00:00.000,H15,LA MACHINE A VOYAGER DANS LE TEMPS,0,140154,5,0,52,27,12,2025
2025-12-27 06:00:00.000,H15,LA MACHINE A VOYAGER DANS LE TEMPS,0,140171,6,0,52,27,12,2025
2025-12-27 07:00:00.000,H15,LA MACHINE A VOYAGER DANS LE TEMPS,0,140196,7,0,52,27,12,2025
2025-12-27 08:00:00.000,H15,LA MACHINE A VOYAGER DANS LE TEMPS,0,140221,8,0,52,27,12,2025
2025-12-27 09:00:00.000,H15,LA MACHINE A VOYAGER DANS LE TEMPS,86,140246,9,0,52,27,12,2025
2025-12-27 10:00:00.000,H15,LA MACHINE A VOYAGER DANS LE TEMPS,787,140271,10,0,52,27,12,2025
2025-12-27 11:00:00.000,H15,LA MACHINE A VOYAGER DANS LE TEMPS,1013,140296,11,0,52,27,12,2025
2025-12-27 12:00:00.000,H15,LA MACHINE A VOYAGER DANS LE TEMPS,983,140321,12,0,52,27,12,2025
2025-12-27 13:00:00.000,H15,LA MACHINE A VOYAGER DANS LE TEMPS,702,140346,13,0,52,27,12,2025
2025-12-27 14:00:00.000,H15,LA MACHINE A VOYAGER DANS LE TEMPS,706,140371,14,0,52,27,12,2025
2025-12-27 15:00:00.000,H15,LA MACHINE A VOYAGER DANS LE TEMPS,767,140396,15,0,52,27,12,2025
2025-12-27 16:00:00.000,H15,LA MACHINE A VOYAGER DANS LE TEMPS,670,140421,16,0,52,27,12,2025
2025-12-27 17:00:00.000,H15,LA MACHINE A VOYAGER DANS LE TEMPS,719,140446,17,0,52,27,12,2025
2025-12-27 18:00:00.000,H15,LA MACHINE A VOYAGER DANS LE TEMPS,795,140471,18,0,52,27,12,2025
2025-12-27 19:00:00.000,H15,LA MACHINE A VOYAGER DANS LE TEMPS,816,140496,19,0,52,27,12,2025
2025-12-27 20:00:00.000,H15,LA MACHINE A VOYAGER DANS LE TEMPS,816,140521,20,0,52,27,12,2025
2025-12-27 21:00:00.000,H15,LA MACHINE A VOYAGER DANS LE TEMPS,816,140546,21,0,52,27,12,2025
2025-12-27 22:00:00.000,H15,LA MACHINE A VOYAGER DANS LE TEMPS,816,140563,22,0,52,27,12,2025
2025-12-27 23:00:00.000,H15,LA MACHINE A VOYAGER DANS LE TEMPS,816,140580,23,0,52,27,12,2025
2025-12-28 00:00:00.000,H15,LA MACHINE A VOYAGER DANS LE TEMPS,816,140597,0,0,1,28,12,2025
2025-12-28 01:00:00.000,H15,LA MACHINE A VOYAGER DANS LE TEMPS,816,140614,1,0,1,28,12,2025
2025-12-28 02:00:00.000,H15,LA MACHINE A VOYAGER DANS LE TEMPS,816,140631,2,0,1,28,12,2025
2025-12-28 03:00:00.000,H15,LA MACHINE A VOYAGER DANS LE TEMPS,816,140648,3,0,1,28,12,2025
2025-12-28 04:00:00.000,H15,LA MACHINE A VOYAGER DANS LE TEMPS,816,140665,4,0,1,28,12,2025
2025-12-28 05:00:00.000,H15,LA MACHINE A VOYAGER DANS LE TEMPS,816,140682,5,0,1,28,12,2025
2025-12-28 06:00:00.000,H15,LA MACHINE A VOYAGER DANS LE TEMPS,816,140699,6,0,1,28,12,2025
2025-12-28 07:00:00.000,H15,LA MACHINE A VOYAGER DANS LE TEMPS,816,140724,7,0,1,28,12,2025
2025-12-28 08:00:00.000,H15,LA MACHINE A VOYAGER DANS LE TEMPS,367,140748,8,0,1,28,12,2025
2025-12-28 09:00:00.000,H15,LA MACHINE A VOYAGER DANS LE TEMPS,190,140772,9,0,1,28,12,2025
2025-12-28 10:00:00.000,H15,LA MACHINE A VOYAGER DANS LE TEMPS,853,140796,10,0,1,28,12,2025
2025-12-28 11:00:00.000,H15,LA MACHINE A VOYAGER DANS LE TEMPS,950,140820,11,0,1,28,12,2025
2025-12-28 12:00:00.000,H15,LA MACHINE A VOYAGER DANS LE TEMPS,795,140844,12,0,1,28,12,2025
2025-12-28 13:00:00.000,H15,LA MACHINE A VOYAGER DANS LE TEMPS,706,140868,13,0,1,28,12,2025
2025-12-28 14:00:00.000,H15,LA MACHINE A VOYAGER DANS LE TEMPS,668,140892,14,0,1,28,12,2025
2025-12-28 15:00:00.000,H15,LA MACHINE A VOYAGER DANS LE TEMPS,791,140916,15,0,1,28,12,2025
2025-12-28 16:00:00.000,H15,LA MACHINE A VOYAGER DANS LE TEMPS,749,140940,16,0,1,28,12,2025
2025-12-28 17:00:00.000,H15,LA MACHINE A VOYAGER DANS LE TEMPS,695,140964,17,0,1,28,12,2025
2025-12-28 18:00:00.000,H15,LA MACHINE A VOYAGER DANS LE TEMPS,621,140988,18,0,1,28,12,2025
2025-12-28 19:00:00.000,H15,LA MACHINE A VOYAGER DANS LE TEMPS,418,141012,19,0,1,28,12,2025
2025-12-28 20:00:00.000,H15,LA MACHINE A VOYAGER DANS LE TEMPS,31,141036,20,0,1,28,12,2025
2025-12-28 21:00:00.000,H15,LA MACHINE A VOYAGER DANS LE TEMPS,0,141060,21,0,1,28,12,2025
2025-12-28 22:00:00.000,H15,LA MACHINE A VOYAGER DANS LE TEMPS,0,141076,22,0,1,28,12,2025
2025-12-28 23:00:00.000,H15,LA MACHINE A VOYAGER DANS LE TEMPS,0,141092,23,0,1,28,12,2025
2025-12-29 00:00:00.000,H15,LA MACHINE A VOYAGER DANS LE TEMPS,0,141108,0,0,1,29,12,2025
2025-12-29 01:00:00.000,H15,LA MACHINE A VOYAGER DANS LE TEMPS,0,141124,1,0,1,29,12,2025
2025-12-29 02:00:00.000,H15,LA MACHINE A VOYAGER DANS LE TEMPS,0,141140,2,0,1,29,12,2025
2025-12-29 03:00:00.000,H15,LA MACHINE A VOYAGER DANS LE TEMPS,0,141156,3,0,1,29,12,2025
2025-12-29 04:00:00.000,H15,LA MACHINE A VOYAGER DANS LE TEMPS,0,141172,4,0,1,29,12,2025
2025-12-29 05:00:00.000,H15,LA MACHINE A VOYAGER DANS LE TEMPS,0,141188,5,0,1,29,12,2025
2025-12-29 06:00:00.000,H15,LA MACHINE A VOYAGER DANS LE TEMPS,0,141204,6,0,1,29,12,2025
2025-12-29 07:00:00.000,H15,LA MACHINE A VOYAGER DANS LE TEMPS,0,141228,7,0,1,29,12,2025
2025-12-29 08:00:00.000,H15,LA MACHINE A VOYAGER DANS LE TEMPS,0,141252,8,0,1,29,12,2025
2025-12-29 09:00:00.000,H15,LA MACHINE A VOYAGER DANS LE TEMPS,135,141276,9,0,1,29,12,2025
2025-12-29 10:00:00.000,H15,LA MACHINE A VOYAGER DANS LE TEMPS,969,141300,10,0,1,29,12,2025
2025-12-29 11:00:00.000,H15,LA MACHINE A VOYAGER DANS LE TEMPS,1293,141324,11,0,1,29,12,2025
2025-12-29 12:00:00.000,H15,LA MACHINE A VOYAGER DANS LE TEMPS,962,141348,12,0,1,29,12,2025
2025-12-29 13:00:00.000,H15,LA MACHINE A VOYAGER DANS LE TEMPS,929,141372,13,0,1,29,12,2025
2025-12-29 14:00:00.000,H15,LA MACHINE A VOYAGER DANS LE TEMPS,794,141396,14,0,1,29,12,2025
2025-12-29 15:00:00.000,H15,LA MACHINE A VOYAGER DANS LE TEMPS,973,141420,15,0,1,29,12,2025
2025-12-29 16:00:00.000,H15,LA MACHINE A VOYAGER DANS LE TEMPS,917,141444,16,0,1,29,12,2025
2025-12-29 17:00:00.000,H15,LA MACHINE A VOYAGER DANS LE TEMPS,848,141468,17,0,1,29,12,2025
2025-12-29 18:00:00.000,H15,LA MACHINE A VOYAGER DANS LE TEMPS,763,141492,18,0,1,29,12,2025
2025-12-29 19:00:00.000,H15,LA MACHINE A VOYAGER DANS LE TEMPS,554,141516,19,0,1,29,12,2025
2025-12-29 20:00:00.000,H15,LA MACHINE A VOYAGER DANS LE TEMPS,291,141540,20,0,1,29,12,2025
2025-12-29 21:00:00.000,H15,LA MACHINE A VOYAGER DANS LE TEMPS,18,141564,21,0,1,29,12,2025
2025-12-29 22:00:00.000,H15,LA MACHINE A VOYAGER DANS LE TEMPS,0,141580,22,0,1,29,12,2025
2025-12-29 23:00:00.000,H15,LA MACHINE A VOYAGER DANS LE TEMPS,0,141596,23,0,1,29,12,2025
2025-12-30 00:00:00.000,H15,LA MACHINE A VOYAGER DANS LE TEMPS,0,141612,0,0,1,30,12,2025
2025-12-30 01:00:00.000,H15,LA MACHINE A VOYAGER DANS LE TEMPS,0,141628,1,0,1,30,12,2025
2025-12-30 02:00:00.000,H15,LA MACHINE A VOYAGER DANS LE TEMPS,0,141644,2,0,1,30,12,2025
2025-12-30 03:00:00.000,H15,LA MACHINE A VOYAGER DANS LE TEMPS,0,141660,3,0,1,30,12,2025
2025-12-30 04:00:00.000,H15,LA MACHINE A VOYAGER DANS LE TEMPS,0,141676,4,0,1,30,12,2025
2025-12-30 05:00:00.000,H15,LA MACHINE A VOYAGER DANS LE TEMPS,0,141692,5,0,1,30,12,2025
2025-12-30 06:00:00.000,H15,LA MACHINE A VOYAGER DANS LE TEMPS,0,141708,6,0,1,30,12,2025
2025-12-30 07:00:00.000,H15,LA MACHINE A VOYAGER DANS LE TEMPS,0,141732,7,0,1,30,12,2025
2025-12-30 08:00:00.000,H15,LA MACHINE A VOYAGER DANS LE TEMPS,0,141756,8,0,1,30,12,2025
2025-12-30 09:00:00.000,H15,LA MACHINE A VOYAGER DANS LE TEMPS,185,141780,9,0,1,30,12,2025
2025-12-30 10:00:00.000,H15,LA MACHINE A VOYAGER DANS LE TEMPS,894,141804,10,0,1,30,12,2025
2025-12-30 11:00:00.000,H15,LA MACHINE A VOYAGER DANS LE TEMPS,894,141828,11,0,1,30,12,2025
2025-12-30 12:00:00.000,H15,LA MACHINE A VOYAGER DANS LE TEMPS,741,141852,12,0,1,30,12,2025
2025-12-30 13:00:00.000,H15,LA MACHINE A VOYAGER DANS LE TEMPS,711,141876,13,0,1,30,12,2025
2025-12-30 14:00:00.000,H15,LA MACHINE A VOYAGER DANS LE TEMPS,781,141900,14,0,1,30,12,2025
2025-12-30 15:00:00.000,H15,LA MACHINE A VOYAGER DANS LE TEMPS,699,141924,15,0,1,30,12,2025
2025-12-30 16:00:00.000,H15,LA MACHINE A VOYAGER DANS LE TEMPS,691,141948,16,0,1,30,12,2025
2025-12-30 17:00:00.000,H15,LA MACHINE A VOYAGER DANS LE TEMPS,608,141972,17,0,1,30,12,2025
2025-12-30 18:00:00.000,H15,LA MACHINE A VOYAGER DANS LE TEMPS,469,141996,18,0,1,30,12,2025
2025-12-30 19:00:00.000,H15,LA MACHINE A VOYAGER DANS LE TEMPS,375,142020,19,0,1,30,12,2025
2025-12-30 20:00:00.000,H15,LA MACHINE A VOYAGER DANS LE TEMPS,56,142044,20,0,1,30,12,2025
2025-12-30 21:00:00.000,H15,LA MACHINE A VOYAGER DANS LE TEMPS,2,142068,21,0,1,30,12,2025
2025-12-30 22:00:00.000,H15,LA MACHINE A VOYAGER DANS LE TEMPS,0,142084,22,0,1,30,12,2025
2025-12-30 23:00:00.000,H15,LA MACHINE A VOYAGER DANS LE TEMPS,0,142100,23,0,1,30,12,2025
2025-12-31 00:00:00.000,H15,LA MACHINE A VOYAGER DANS LE TEMPS,0,142116,0,0,1,31,12,2025
2025-12-31 01:00:00.000,H15,LA MACHINE A VOYAGER DANS LE TEMPS,0,142132,1,0,1,31,12,2025
2025-12-31 02:00:00.000,H15,LA MACHINE A VOYAGER DANS LE TEMPS,0,142148,2,0,1,31,12,2025
2025-12-31 03:00:00.000,H15,LA MACHINE A VOYAGER DANS LE TEMPS,0,142164,3,0,1,31,12,2025
2025-12-31 04:00:00.000,H15,LA MACHINE A VOYAGER DANS LE TEMPS,0,142180,4,0,1,31,12,2025
2025-12-31 05:00:00.000,H15,LA MACHINE A VOYAGER DANS LE TEMPS,0,142196,5,0,1,31,12,2025
2025-12-31 06:00:00.000,H15,LA MACHINE A VOYAGER DANS LE TEMPS,0,142212,6,0,1,31,12,2025
2025-12-31 07:00:00.000,H15,LA MACHINE A VOYAGER DANS LE TEMPS,0,142236,7,0,1,31,12,2025
2025-12-31 08:00:00.000,H15,LA MACHINE A VOYAGER DANS LE TEMPS,0,142260,8,0,1,31,12,2025
2025-12-31 09:00:00.000,H15,LA MACHINE A VOYAGER DANS LE TEMPS,67,142284,9,0,1,31,12,2025
2025-12-31 10:00:00.000,H15,LA MACHINE A VOYAGER DANS LE TEMPS,826,142308,10,0,1,31,12,2025
2025-12-31 11:00:00.000,H15,LA MACHINE A VOYAGER DANS LE TEMPS,861,142332,11,0,1,31,12,2025
2025-12-31 12:00:00.000,H15,LA MACHINE A VOYAGER DANS LE TEMPS,809,142356,12,0,1,31,12,2025
2025-12-31 13:00:00.000,H15,LA MACHINE A VOYAGER DANS LE TEMPS,606,142380,13,0,1,31,12,2025
2025-12-31 14:00:00.000,H15,LA MACHINE A VOYAGER DANS LE TEMPS,601,142404,14,0,1,31,12,2025
2025-12-31 15:00:00.000,H15,LA MACHINE A VOYAGER DANS LE TEMPS,593,142428,15,0,1,31,12,2025
2025-12-31 16:00:00.000,H15,LA MACHINE A VOYAGER DANS LE TEMPS,594,142452,16,0,1,31,12,2025
2025-12-31 17:00:00.000,H15,LA MACHINE A VOYAGER DANS LE TEMPS,639,142476,17,0,1,31,12,2025
2025-12-31 18:00:00.000,H15,LA MACHINE A VOYAGER DANS LE TEMPS,327,142500,18,0,1,31,12,2025
2025-12-31 19:00:00.000,H15,LA MACHINE A VOYAGER DANS LE TEMPS,121,142524,19,0,1,31,12,2025
2025-12-31 20:00:00.000,H15,LA MACHINE A VOYAGER DANS LE TEMPS,258,142548,20,0,1,31,12,2025
2025-12-31 21:00:00.000,H15,LA MACHINE A VOYAGER DANS LE TEMPS,17,142572,21,0,1,31,12,2025
2025-12-31 22:00:00.000,H15,LA MACHINE A VOYAGER DANS LE TEMPS,0,142588,22,0,1,31,12,2025
2025-12-31 23:00:00.000,H15,LA MACHINE A VOYAGER DANS LE TEMPS,0,142604,23,0,1,31,12,2025
