id,date,id_attraction,attraction_name,interrompu,ouvert,operation,hour,min,week,day,month,year
275442,2025-09-26 10:00:00.000,D17,LA MAISON A L'ENVERS,0.06,0.06,0.0,10,0,39,26,9,2025
275457,2025-09-26 11:00:00.000,D17,LA MAISON A L'ENVERS,0.00,0.05,0.05,11,0,39,26,9,2025
275472,2025-09-26 12:00:00.000,D17,LA MAISON A L'ENVERS,0.00,0.10,0.1,12,0,39,26,9,2025
275487,2025-09-26 13:00:00.000,D17,LA MAISON A L'ENVERS,0.00,0.00,0.0,13,0,39,26,9,2025
275502,2025-09-26 14:00:00.000,D17,LA MAISON A L'ENVERS,0.00,0.05,0.05,14,0,39,26,9,2025
275517,2025-09-26 15:00:00.000,D17,LA MAISON A L'ENVERS,0.00,1.00,1.0,15,0,39,26,9,2025
275532,2025-09-26 16:00:00.000,D17,LA MAISON A L'ENVERS,0.00,1.00,1.0,16,0,39,26,9,2025
275547,2025-09-26 17:00:00.000,D17,LA MAISON A L'ENVERS,0.00,1.00,1.0,17,0,39,26,9,2025
275562,2025-09-26 18:00:00.000,D17,LA MAISON A L'ENVERS,0.00,1.00,1.0,18,0,39,26,9,2025
275577,2025-09-26 19:00:00.000,D17,LA MAISON A L'ENVERS,0.00,1.00,1.0,19,0,39,26,9,2025
275592,2025-09-26 20:00:00.000,D17,LA MAISON A L'ENVERS,0.00,1.00,1.0,20,0,39,26,9,2025
275607,2025-09-26 21:00:00.000,D17,LA MAISON A L'ENVERS,0.00,1.00,1.0,21,0,39,26,9,2025
275622,2025-09-26 22:00:00.000,D17,LA MAISON A L'ENVERS,0.00,1.00,1.0,22,0,39,26,9,2025
275637,2025-09-26 23:00:00.000,D17,LA MAISON A L'ENVERS,0.00,1.00,1.0,23,0,39,26,9,2025
275652,2025-09-27 00:00:00.000,D17,LA MAISON A L'ENVERS,0.00,1.00,1.0,0,0,39,27,9,2025
275667,2025-09-27 01:00:00.000,D17,LA MAISON A L'ENVERS,0.00,1.00,1.0,1,0,39,27,9,2025
275682,2025-09-27 02:00:00.000,D17,LA MAISON A L'ENVERS,0.00,1.00,1.0,2,0,39,27,9,2025
275697,2025-09-27 03:00:00.000,D17,LA MAISON A L'ENVERS,0.00,1.00,1.0,3,0,39,27,9,2025
275712,2025-09-27 04:00:00.000,D17,LA MAISON A L'ENVERS,0.00,1.00,1.0,4,0,39,27,9,2025
275727,2025-09-27 05:00:00.000,D17,LA MAISON A L'ENVERS,0.00,1.00,1.0,5,0,39,27,9,2025
275742,2025-09-27 06:00:00.000,D17,LA MAISON A L'ENVERS,0.00,1.00,1.0,6,0,39,27,9,2025
275757,2025-09-27 07:00:00.000,D17,LA MAISON A L'ENVERS,0.00,0.00,0.0,7,0,39,27,9,2025
275774,2025-09-27 08:00:00.000,D17,LA MAISON A L'ENVERS,0.00,0.00,0.0,8,0,39,27,9,2025
275791,2025-09-27 09:00:00.000,D17,LA MAISON A L'ENVERS,0.00,0.00,0.0,9,0,39,27,9,2025
275808,2025-09-27 10:00:00.000,D17,LA MAISON A L'ENVERS,0.00,0.10,0.1,10,0,39,27,9,2025
275825,2025-09-27 11:00:00.000,D17,LA MAISON A L'ENVERS,0.00,1.00,1.0,11,0,39,27,9,2025
275842,2025-09-27 12:00:00.000,D17,LA MAISON A L'ENVERS,0.00,1.00,1.0,12,0,39,27,9,2025
275859,2025-09-27 13:00:00.000,D17,LA MAISON A L'ENVERS,0.00,1.00,1.0,13,0,39,27,9,2025
275876,2025-09-27 14:00:00.000,D17,LA MAISON A L'ENVERS,0.00,1.00,1.0,14,0,39,27,9,2025
275893,2025-09-27 15:00:00.000,D17,LA MAISON A L'ENVERS,0.00,1.00,1.0,15,0,39,27,9,2025
275910,2025-09-27 16:00:00.000,D17,LA MAISON A L'ENVERS,0.00,1.00,1.0,16,0,39,27,9,2025
275927,2025-09-27 17:00:00.000,D17,LA MAISON A L'ENVERS,0.00,1.00,1.0,17,0,39,27,9,2025
275944,2025-09-27 18:00:00.000,D17,LA MAISON A L'ENVERS,0.00,1.00,1.0,18,0,39,27,9,2025
275961,2025-09-27 19:00:00.000,D17,LA MAISON A L'ENVERS,0.00,1.00,1.0,19,0,39,27,9,2025
275978,2025-09-27 20:00:00.000,D17,LA MAISON A L'ENVERS,0.00,0.25,0.25,20,0,39,27,9,2025
275995,2025-09-27 21:00:00.000,D17,LA MAISON A L'ENVERS,0.00,0.00,0.0,21,0,39,27,9,2025
276012,2025-09-27 22:00:00.000,D17,LA MAISON A L'ENVERS,0.00,0.00,0.0,22,0,39,27,9,2025
276029,2025-09-27 23:00:00.000,D17,LA MAISON A L'ENVERS,0.00,0.00,0.0,23,0,39,27,9,2025
276046,2025-09-28 00:00:00.000,D17,LA MAISON A L'ENVERS,0.00,0.00,0.0,0,0,40,28,9,2025
276063,2025-09-28 01:00:00.000,D17,LA MAISON A L'ENVERS,0.00,0.00,0.0,1,0,40,28,9,2025
276080,2025-09-28 02:00:00.000,D17,LA MAISON A L'ENVERS,0.00,0.00,0.0,2,0,40,28,9,2025
276097,2025-09-28 03:00:00.000,D17,LA MAISON A L'ENVERS,0.00,0.00,0.0,3,0,40,28,9,2025
276114,2025-09-28 04:00:00.000,D17,LA MAISON A L'ENVERS,0.00,0.00,0.0,4,0,40,28,9,2025
276131,2025-09-28 05:00:00.000,D17,LA MAISON A L'ENVERS,0.00,0.00,0.0,5,0,40,28,9,2025
276148,2025-09-28 06:00:00.000,D17,LA MAISON A L'ENVERS,0.00,0.00,0.0,6,0,40,28,9,2025
276165,2025-09-28 07:00:00.000,D17,LA MAISON A L'ENVERS,0.00,0.00,0.0,7,0,40,28,9,2025
276182,2025-09-28 08:00:00.000,D17,LA MAISON A L'ENVERS,0.00,0.00,0.0,8,0,40,28,9,2025
276199,2025-09-28 09:00:00.000,D17,LA MAISON A L'ENVERS,0.00,0.00,0.0,9,0,40,28,9,2025
276216,2025-09-28 10:00:00.000,D17,LA MAISON A L'ENVERS,0.00,0.00,0.0,10,0,40,28,9,2025
276233,2025-09-28 11:00:00.000,D17,LA MAISON A L'ENVERS,0.00,0.25,0.25,11,0,40,28,9,2025
276250,2025-09-28 12:00:00.000,D17,LA MAISON A L'ENVERS,0.00,1.00,1.0,12,0,40,28,9,2025
276267,2025-09-28 13:00:00.000,D17,LA MAISON A L'ENVERS,0.00,1.00,1.0,13,0,40,28,9,2025
276284,2025-09-28 14:00:00.000,D17,LA MAISON A L'ENVERS,0.00,1.00,1.0,14,0,40,28,9,2025
276301,2025-09-28 15:00:00.000,D17,LA MAISON A L'ENVERS,0.00,1.00,1.0,15,0,40,28,9,2025
276318,2025-09-28 16:00:00.000,D17,LA MAISON A L'ENVERS,0.00,1.00,1.0,16,0,40,28,9,2025
276335,2025-09-28 17:00:00.000,D17,LA MAISON A L'ENVERS,0.00,1.00,1.0,17,0,40,28,9,2025
276352,2025-09-28 18:00:00.000,D17,LA MAISON A L'ENVERS,0.00,0.05,0.05,18,0,40,28,9,2025
276369,2025-09-28 19:00:00.000,D17,LA MAISON A L'ENVERS,0.00,0.00,0.0,19,0,40,28,9,2025
276386,2025-09-28 20:00:00.000,D17,LA MAISON A L'ENVERS,0.00,0.00,0.0,20,0,40,28,9,2025
276403,2025-09-28 21:00:00.000,D17,LA MAISON A L'ENVERS,0.00,0.00,0.0,21,0,40,28,9,2025
276420,2025-09-28 22:00:00.000,D17,LA MAISON A L'ENVERS,0.00,0.00,0.0,22,0,40,28,9,2025
276437,2025-09-28 23:00:00.000,D17,LA MAISON A L'ENVERS,0.00,0.00,0.0,23,0,40,28,9,2025
276454,2025-09-29 00:00:00.000,D17,LA MAISON A L'ENVERS,0.00,0.00,0.0,0,0,40,29,9,2025
276471,2025-09-29 01:00:00.000,D17,LA MAISON A L'ENVERS,0.00,0.00,0.0,1,0,40,29,9,2025
276488,2025-09-29 02:00:00.000,D17,LA MAISON A L'ENVERS,0.00,0.00,0.0,2,0,40,29,9,2025
276505,2025-09-29 03:00:00.000,D17,LA MAISON A L'ENVERS,0.00,0.00,0.0,3,0,40,29,9,2025
276522,2025-09-29 04:00:00.000,D17,LA MAISON A L'ENVERS,0.00,0.00,0.0,4,0,40,29,9,2025
276539,2025-09-29 05:00:00.000,D17,LA MAISON A L'ENVERS,0.00,0.00,0.0,5,0,40,29,9,2025
276556,2025-09-29 06:00:00.000,D17,LA MAISON A L'ENVERS,0.00,0.00,0.0,6,0,40,29,9,2025
276573,2025-09-29 07:00:00.000,D17,LA MAISON A L'ENVERS,0.00,0.00,0.0,7,0,40,29,9,2025
276590,2025-10-02 07:00:00.000,D17,LA MAISON A L'ENVERS,0.00,0.00,0.0,7,0,40,2,10,2025
276605,2025-10-02 08:00:00.000,D17,LA MAISON A L'ENVERS,0.00,0.00,0.0,8,0,40,2,10,2025
276620,2025-10-02 09:00:00.000,D17,LA MAISON A L'ENVERS,0.00,0.00,0.0,9,0,40,2,10,2025
276635,2025-10-02 10:00:00.000,D17,LA MAISON A L'ENVERS,0.00,0.50,0.5,10,0,40,2,10,2025
276650,2025-10-02 11:00:00.000,D17,LA MAISON A L'ENVERS,0.00,1.00,1.0,11,0,40,2,10,2025
276665,2025-10-02 12:00:00.000,D17,LA MAISON A L'ENVERS,0.00,1.00,1.0,12,0,40,2,10,2025
276680,2025-10-02 13:00:00.000,D17,LA MAISON A L'ENVERS,0.00,1.00,1.0,13,0,40,2,10,2025
276695,2025-10-02 14:00:00.000,D17,LA MAISON A L'ENVERS,0.00,1.00,1.0,14,0,40,2,10,2025
276710,2025-10-02 15:00:00.000,D17,LA MAISON A L'ENVERS,0.00,1.00,1.0,15,0,40,2,10,2025
276725,2025-10-02 16:00:00.000,D17,LA MAISON A L'ENVERS,0.00,1.00,1.0,16,0,40,2,10,2025
276740,2025-10-02 17:00:00.000,D17,LA MAISON A L'ENVERS,0.00,1.00,1.0,17,0,40,2,10,2025
276755,2025-10-02 18:00:00.000,D17,LA MAISON A L'ENVERS,0.00,0.95,0.95,18,0,40,2,10,2025
276770,2025-10-02 19:00:00.000,D17,LA MAISON A L'ENVERS,0.00,0.00,0.0,19,0,40,2,10,2025
276785,2025-10-02 20:00:00.000,D17,LA MAISON A L'ENVERS,0.00,0.00,0.0,20,0,40,2,10,2025
276800,2025-10-02 21:00:00.000,D17,LA MAISON A L'ENVERS,0.00,0.00,0.0,21,0,40,2,10,2025
276815,2025-10-02 22:00:00.000,D17,LA MAISON A L'ENVERS,0.00,0.00,0.0,22,0,40,2,10,2025
276830,2025-10-02 23:00:00.000,D17,LA MAISON A L'ENVERS,0.00,0.00,0.0,23,0,40,2,10,2025
276845,2025-10-03 00:00:00.000,D17,LA MAISON A L'ENVERS,0.00,0.00,0.0,0,0,40,3,10,2025
276860,2025-10-03 01:00:00.000,D17,LA MAISON A L'ENVERS,0.00,0.00,0.0,1,0,40,3,10,2025
276875,2025-10-03 02:00:00.000,D17,LA MAISON A L'ENVERS,0.00,0.00,0.0,2,0,40,3,10,2025
276890,2025-10-03 03:00:00.000,D17,LA MAISON A L'ENVERS,0.00,0.00,0.0,3,0,40,3,10,2025
276905,2025-10-03 04:00:00.000,D17,LA MAISON A L'ENVERS,0.00,0.00,0.0,4,0,40,3,10,2025
276920,2025-10-03 05:00:00.000,D17,LA MAISON A L'ENVERS,0.00,0.00,0.0,5,0,40,3,10,2025
276935,2025-10-03 06:00:00.000,D17,LA MAISON A L'ENVERS,0.00,0.00,0.0,6,0,40,3,10,2025
276950,2025-10-03 07:00:00.000,D17,LA MAISON A L'ENVERS,0.00,0.00,0.0,7,0,40,3,10,2025
276965,2025-10-03 08:00:00.000,D17,LA MAISON A L'ENVERS,0.00,0.00,0.0,8,0,40,3,10,2025
276980,2025-10-03 09:00:00.000,D17,LA MAISON A L'ENVERS,0.00,0.00,0.0,9,0,40,3,10,2025
276995,2025-10-03 10:00:00.000,D17,LA MAISON A L'ENVERS,0.00,0.00,0.0,10,0,40,3,10,2025
277010,2025-10-03 11:00:00.000,D17,LA MAISON A L'ENVERS,0.00,0.00,0.0,11,0,40,3,10,2025
277025,2025-10-03 12:00:00.000,D17,LA MAISON A L'ENVERS,0.00,0.00,0.0,12,0,40,3,10,2025
277040,2025-10-03 13:00:00.000,D17,LA MAISON A L'ENVERS,0.00,0.95,0.95,13,0,40,3,10,2025
277055,2025-10-03 14:00:00.000,D17,LA MAISON A L'ENVERS,0.00,1.00,1.0,14,0,40,3,10,2025
277070,2025-10-03 15:00:00.000,D17,LA MAISON A L'ENVERS,0.00,1.00,1.0,15,0,40,3,10,2025
277085,2025-10-03 16:00:00.000,D17,LA MAISON A L'ENVERS,0.00,1.00,1.0,16,0,40,3,10,2025
277100,2025-10-03 17:00:00.000,D17,LA MAISON A L'ENVERS,0.00,1.00,1.0,17,0,40,3,10,2025
277115,2025-10-03 18:00:00.000,D17,LA MAISON A L'ENVERS,0.00,1.00,1.0,18,0,40,3,10,2025
277130,2025-10-03 19:00:00.000,D17,LA MAISON A L'ENVERS,0.00,0.35,0.35,19,0,40,3,10,2025
277145,2025-10-03 20:00:00.000,D17,LA MAISON A L'ENVERS,0.00,0.00,0.0,20,0,40,3,10,2025
277160,2025-10-03 21:00:00.000,D17,LA MAISON A L'ENVERS,0.00,0.00,0.0,21,0,40,3,10,2025
277175,2025-10-03 22:00:00.000,D17,LA MAISON A L'ENVERS,0.00,0.00,0.0,22,0,40,3,10,2025
277190,2025-10-03 23:00:00.000,D17,LA MAISON A L'ENVERS,0.00,0.00,0.0,23,0,40,3,10,2025
277205,2025-10-04 00:00:00.000,D17,LA MAISON A L'ENVERS,0.00,0.00,0.0,0,0,40,4,10,2025
277220,2025-10-04 01:00:00.000,D17,LA MAISON A L'ENVERS,0.00,0.00,0.0,1,0,40,4,10,2025
277235,2025-10-04 02:00:00.000,D17,LA MAISON A L'ENVERS,0.00,0.00,0.0,2,0,40,4,10,2025
277250,2025-10-04 03:00:00.000,D17,LA MAISON A L'ENVERS,0.00,0.00,0.0,3,0,40,4,10,2025
277265,2025-10-04 04:00:00.000,D17,LA MAISON A L'ENVERS,0.00,0.00,0.0,4,0,40,4,10,2025
277280,2025-10-04 05:00:00.000,D17,LA MAISON A L'ENVERS,0.00,0.00,0.0,5,0,40,4,10,2025
277295,2025-10-04 06:00:00.000,D17,LA MAISON A L'ENVERS,0.00,0.00,0.0,6,0,40,4,10,2025
277310,2025-10-04 07:00:00.000,D17,LA MAISON A L'ENVERS,0.00,0.00,0.0,7,0,40,4,10,2025
277327,2025-10-04 08:00:00.000,D17,LA MAISON A L'ENVERS,0.00,0.00,0.0,8,0,40,4,10,2025
277344,2025-10-04 09:00:00.000,D17,LA MAISON A L'ENVERS,0.00,0.00,0.0,9,0,40,4,10,2025
277361,2025-10-04 10:00:00.000,D17,LA MAISON A L'ENVERS,0.00,0.00,0.0,10,0,40,4,10,2025
277378,2025-10-04 11:00:00.000,D17,LA MAISON A L'ENVERS,0.00,0.00,0.0,11,0,40,4,10,2025
277395,2025-10-04 12:00:00.000,D17,LA MAISON A L'ENVERS,0.00,0.90,0.9,12,0,40,4,10,2025
277412,2025-10-04 13:00:00.000,D17,LA MAISON A L'ENVERS,0.00,1.00,1.0,13,0,40,4,10,2025
277429,2025-10-04 14:00:00.000,D17,LA MAISON A L'ENVERS,0.00,1.00,1.0,14,0,40,4,10,2025
277446,2025-10-04 15:00:00.000,D17,LA MAISON A L'ENVERS,0.00,1.00,1.0,15,0,40,4,10,2025
277463,2025-10-04 16:00:00.000,D17,LA MAISON A L'ENVERS,0.00,1.00,1.0,16,0,40,4,10,2025
277480,2025-10-04 17:00:00.000,D17,LA MAISON A L'ENVERS,0.00,1.00,1.0,17,0,40,4,10,2025
277497,2025-10-04 18:00:00.000,D17,LA MAISON A L'ENVERS,0.00,1.00,1.0,18,0,40,4,10,2025
277514,2025-10-04 19:00:00.000,D17,LA MAISON A L'ENVERS,0.30,0.70,0.4,19,0,40,4,10,2025
277531,2025-10-04 20:00:00.000,D17,LA MAISON A L'ENVERS,1.00,0.05,0.0,20,0,40,4,10,2025
277548,2025-10-04 21:00:00.000,D17,LA MAISON A L'ENVERS,1.00,0.00,0.0,21,0,40,4,10,2025
277565,2025-10-04 22:00:00.000,D17,LA MAISON A L'ENVERS,1.00,0.00,0.0,22,0,40,4,10,2025
277582,2025-10-04 23:00:00.000,D17,LA MAISON A L'ENVERS,1.00,0.00,0.0,23,0,40,4,10,2025
277599,2025-10-05 00:00:00.000,D17,LA MAISON A L'ENVERS,1.00,0.00,0.0,0,0,41,5,10,2025
277616,2025-10-05 01:00:00.000,D17,LA MAISON A L'ENVERS,1.00,0.00,0.0,1,0,41,5,10,2025
277633,2025-10-05 02:00:00.000,D17,LA MAISON A L'ENVERS,1.00,0.00,0.0,2,0,41,5,10,2025
277650,2025-10-05 03:00:00.000,D17,LA MAISON A L'ENVERS,1.00,0.00,0.0,3,0,41,5,10,2025
277667,2025-10-05 04:00:00.000,D17,LA MAISON A L'ENVERS,1.00,0.00,0.0,4,0,41,5,10,2025
277684,2025-10-05 05:00:00.000,D17,LA MAISON A L'ENVERS,1.00,0.00,0.0,5,0,41,5,10,2025
277701,2025-10-05 06:00:00.000,D17,LA MAISON A L'ENVERS,1.00,0.00,0.0,6,0,41,5,10,2025
277718,2025-10-05 07:00:00.000,D17,LA MAISON A L'ENVERS,1.00,0.00,0.0,7,0,41,5,10,2025
277735,2025-10-05 08:00:00.000,D17,LA MAISON A L'ENVERS,1.00,0.00,0.0,8,0,41,5,10,2025
277752,2025-10-05 09:00:00.000,D17,LA MAISON A L'ENVERS,1.00,0.15,0.0,9,0,41,5,10,2025
277769,2025-10-05 10:00:00.000,D17,LA MAISON A L'ENVERS,1.00,1.00,0.0,10,0,41,5,10,2025
277786,2025-10-05 11:00:00.000,D17,LA MAISON A L'ENVERS,0.60,1.00,0.4,11,0,41,5,10,2025
277803,2025-10-05 12:00:00.000,D17,LA MAISON A L'ENVERS,0.00,1.00,1.0,12,0,41,5,10,2025
277820,2025-10-05 13:00:00.000,D17,LA MAISON A L'ENVERS,0.00,1.00,1.0,13,0,41,5,10,2025
277837,2025-10-05 14:00:00.000,D17,LA MAISON A L'ENVERS,0.00,1.00,1.0,14,0,41,5,10,2025
277854,2025-10-05 15:00:00.000,D17,LA MAISON A L'ENVERS,0.00,1.00,1.0,15,0,41,5,10,2025
277871,2025-10-05 16:00:00.000,D17,LA MAISON A L'ENVERS,0.00,1.00,1.0,16,0,41,5,10,2025
277888,2025-10-05 17:00:00.000,D17,LA MAISON A L'ENVERS,0.00,1.00,1.0,17,0,41,5,10,2025
277905,2025-10-05 18:00:00.000,D17,LA MAISON A L'ENVERS,0.00,0.20,0.2,18,0,41,5,10,2025
277922,2025-10-05 19:00:00.000,D17,LA MAISON A L'ENVERS,0.00,0.00,0.0,19,0,41,5,10,2025
277939,2025-10-05 20:00:00.000,D17,LA MAISON A L'ENVERS,0.00,0.00,0.0,20,0,41,5,10,2025
277956,2025-10-05 21:00:00.000,D17,LA MAISON A L'ENVERS,0.00,0.00,0.0,21,0,41,5,10,2025
277973,2025-10-05 22:00:00.000,D17,LA MAISON A L'ENVERS,0.00,0.00,0.0,22,0,41,5,10,2025
277990,2025-10-05 23:00:00.000,D17,LA MAISON A L'ENVERS,0.00,0.00,0.0,23,0,41,5,10,2025
278007,2025-10-06 00:00:00.000,D17,LA MAISON A L'ENVERS,0.00,0.00,0.0,0,0,41,6,10,2025
278024,2025-10-06 01:00:00.000,D17,LA MAISON A L'ENVERS,0.00,0.00,0.0,1,0,41,6,10,2025
278041,2025-10-06 02:00:00.000,D17,LA MAISON A L'ENVERS,0.00,0.00,0.0,2,0,41,6,10,2025
278058,2025-10-06 03:00:00.000,D17,LA MAISON A L'ENVERS,0.00,0.00,0.0,3,0,41,6,10,2025
278075,2025-10-06 04:00:00.000,D17,LA MAISON A L'ENVERS,0.00,0.00,0.0,4,0,41,6,10,2025
278092,2025-10-06 05:00:00.000,D17,LA MAISON A L'ENVERS,0.00,0.00,0.0,5,0,41,6,10,2025
278109,2025-10-06 06:00:00.000,D17,LA MAISON A L'ENVERS,0.00,0.00,0.0,6,0,41,6,10,2025
278126,2025-10-06 07:00:00.000,D17,LA MAISON A L'ENVERS,0.00,0.00,0.0,7,0,41,6,10,2025
278143,2025-10-09 07:00:00.000,D17,LA MAISON A L'ENVERS,0.00,0.00,0.0,7,0,41,9,10,2025
278159,2025-10-09 08:00:00.000,D17,LA MAISON A L'ENVERS,0.00,0.00,0.0,8,0,41,9,10,2025
278175,2025-10-09 09:00:00.000,D17,LA MAISON A L'ENVERS,0.00,0.00,0.0,9,0,41,9,10,2025
278191,2025-10-09 10:00:00.000,D17,LA MAISON A L'ENVERS,0.00,0.00,0.0,10,0,41,9,10,2025
278207,2025-10-09 11:00:00.000,D17,LA MAISON A L'ENVERS,0.00,0.00,0.0,11,0,41,9,10,2025
278223,2025-10-09 12:00:00.000,D17,LA MAISON A L'ENVERS,0.00,0.00,0.0,12,0,41,9,10,2025
278239,2025-10-09 13:00:00.000,D17,LA MAISON A L'ENVERS,0.00,0.00,0.0,13,0,41,9,10,2025
278255,2025-10-09 14:00:00.000,D17,LA MAISON A L'ENVERS,0.00,0.00,0.0,14,0,41,9,10,2025
278271,2025-10-09 15:00:00.000,D17,LA MAISON A L'ENVERS,0.00,0.00,0.0,15,0,41,9,10,2025
278287,2025-10-09 16:00:00.000,D17,LA MAISON A L'ENVERS,0.00,0.00,0.0,16,0,41,9,10,2025
278303,2025-10-09 17:00:00.000,D17,LA MAISON A L'ENVERS,0.00,0.00,0.0,17,0,41,9,10,2025
278319,2025-10-09 18:00:00.000,D17,LA MAISON A L'ENVERS,0.00,0.00,0.0,18,0,41,9,10,2025
278335,2025-10-09 19:00:00.000,D17,LA MAISON A L'ENVERS,0.00,0.00,0.0,19,0,41,9,10,2025
278351,2025-10-09 20:00:00.000,D17,LA MAISON A L'ENVERS,0.00,0.00,0.0,20,0,41,9,10,2025
278367,2025-10-09 21:00:00.000,D17,LA MAISON A L'ENVERS,0.00,0.00,0.0,21,0,41,9,10,2025
278383,2025-10-09 22:00:00.000,D17,LA MAISON A L'ENVERS,0.00,0.00,0.0,22,0,41,9,10,2025
278399,2025-10-09 23:00:00.000,D17,LA MAISON A L'ENVERS,0.00,0.00,0.0,23,0,41,9,10,2025
278415,2025-10-10 00:00:00.000,D17,LA MAISON A L'ENVERS,0.00,0.00,0.0,0,0,41,10,10,2025
278431,2025-10-10 01:00:00.000,D17,LA MAISON A L'ENVERS,0.00,0.00,0.0,1,0,41,10,10,2025
278447,2025-10-10 02:00:00.000,D17,LA MAISON A L'ENVERS,0.00,0.00,0.0,2,0,41,10,10,2025
278463,2025-10-10 03:00:00.000,D17,LA MAISON A L'ENVERS,0.00,0.00,0.0,3,0,41,10,10,2025
278479,2025-10-10 04:00:00.000,D17,LA MAISON A L'ENVERS,0.00,0.00,0.0,4,0,41,10,10,2025
278495,2025-10-10 05:00:00.000,D17,LA MAISON A L'ENVERS,0.00,0.00,0.0,5,0,41,10,10,2025
278511,2025-10-10 06:00:00.000,D17,LA MAISON A L'ENVERS,0.00,0.00,0.0,6,0,41,10,10,2025
278527,2025-10-10 07:00:00.000,D17,LA MAISON A L'ENVERS,0.00,0.00,0.0,7,0,41,10,10,2025
278542,2025-10-10 08:00:00.000,D17,LA MAISON A L'ENVERS,0.00,0.00,0.0,8,0,41,10,10,2025
278557,2025-10-10 09:00:00.000,D17,LA MAISON A L'ENVERS,0.00,0.00,0.0,9,0,41,10,10,2025
278572,2025-10-10 10:00:00.000,D17,LA MAISON A L'ENVERS,0.00,0.00,0.0,10,0,41,10,10,2025
278587,2025-10-10 11:00:00.000,D17,LA MAISON A L'ENVERS,0.00,0.00,0.0,11,0,41,10,10,2025
278602,2025-10-10 12:00:00.000,D17,LA MAISON A L'ENVERS,0.00,0.00,0.0,12,0,41,10,10,2025
278617,2025-10-10 13:00:00.000,D17,LA MAISON A L'ENVERS,0.00,0.00,0.0,13,0,41,10,10,2025
278632,2025-10-10 14:00:00.000,D17,LA MAISON A L'ENVERS,0.00,0.00,0.0,14,0,41,10,10,2025
278647,2025-10-10 15:00:00.000,D17,LA MAISON A L'ENVERS,0.00,0.70,0.7,15,0,41,10,10,2025
278662,2025-10-10 16:00:00.000,D17,LA MAISON A L'ENVERS,0.00,1.00,1.0,16,0,41,10,10,2025
278677,2025-10-10 17:00:00.000,D17,LA MAISON A L'ENVERS,0.00,1.00,1.0,17,0,41,10,10,2025
278692,2025-10-10 18:00:00.000,D17,LA MAISON A L'ENVERS,0.00,1.00,1.0,18,0,41,10,10,2025
278707,2025-10-10 19:00:00.000,D17,LA MAISON A L'ENVERS,0.00,1.00,1.0,19,0,41,10,10,2025
278722,2025-10-10 20:00:00.000,D17,LA MAISON A L'ENVERS,0.00,1.00,1.0,20,0,41,10,10,2025
278737,2025-10-10 21:00:00.000,D17,LA MAISON A L'ENVERS,0.00,1.00,1.0,21,0,41,10,10,2025
278752,2025-10-10 22:00:00.000,D17,LA MAISON A L'ENVERS,0.00,1.00,1.0,22,0,41,10,10,2025
278767,2025-10-10 23:00:00.000,D17,LA MAISON A L'ENVERS,0.00,1.00,1.0,23,0,41,10,10,2025
278782,2025-10-11 00:00:00.000,D17,LA MAISON A L'ENVERS,0.00,1.00,1.0,0,0,41,11,10,2025
278797,2025-10-11 01:00:00.000,D17,LA MAISON A L'ENVERS,0.00,1.00,1.0,1,0,41,11,10,2025
278812,2025-10-11 02:00:00.000,D17,LA MAISON A L'ENVERS,0.00,1.00,1.0,2,0,41,11,10,2025
278827,2025-10-11 03:00:00.000,D17,LA MAISON A L'ENVERS,0.00,1.00,1.0,3,0,41,11,10,2025
278842,2025-10-11 04:00:00.000,D17,LA MAISON A L'ENVERS,0.00,1.00,1.0,4,0,41,11,10,2025
278857,2025-10-11 05:00:00.000,D17,LA MAISON A L'ENVERS,0.00,1.00,1.0,5,0,41,11,10,2025
278872,2025-10-11 06:00:00.000,D17,LA MAISON A L'ENVERS,0.00,1.00,1.0,6,0,41,11,10,2025
278888,2025-10-11 07:00:00.000,D17,LA MAISON A L'ENVERS,0.00,0.00,0.0,7,0,41,11,10,2025
278906,2025-10-11 08:00:00.000,D17,LA MAISON A L'ENVERS,0.00,0.00,0.0,8,0,41,11,10,2025
278924,2025-10-11 09:00:00.000,D17,LA MAISON A L'ENVERS,0.00,0.00,0.0,9,0,41,11,10,2025
278942,2025-10-11 10:00:00.000,D17,LA MAISON A L'ENVERS,0.00,0.00,0.0,10,0,41,11,10,2025
278960,2025-10-11 11:00:00.000,D17,LA MAISON A L'ENVERS,0.00,0.90,0.9,11,0,41,11,10,2025
278978,2025-10-11 12:00:00.000,D17,LA MAISON A L'ENVERS,0.00,1.00,1.0,12,0,41,11,10,2025
278996,2025-10-11 13:00:00.000,D17,LA MAISON A L'ENVERS,0.00,1.00,1.0,13,0,41,11,10,2025
279014,2025-10-11 14:00:00.000,D17,LA MAISON A L'ENVERS,0.00,1.00,1.0,14,0,41,11,10,2025
279032,2025-10-11 15:00:00.000,D17,LA MAISON A L'ENVERS,0.00,1.00,1.0,15,0,41,11,10,2025
279050,2025-10-11 16:00:00.000,D17,LA MAISON A L'ENVERS,0.00,1.00,1.0,16,0,41,11,10,2025
279068,2025-10-11 17:00:00.000,D17,LA MAISON A L'ENVERS,0.00,1.00,1.0,17,0,41,11,10,2025
279086,2025-10-11 18:00:00.000,D17,LA MAISON A L'ENVERS,0.00,1.00,1.0,18,0,41,11,10,2025
279104,2025-10-11 19:00:00.000,D17,LA MAISON A L'ENVERS,0.35,1.00,0.65,19,0,41,11,10,2025
279122,2025-10-11 20:00:00.000,D17,LA MAISON A L'ENVERS,1.00,1.00,0.0,20,0,41,11,10,2025
279140,2025-10-11 21:00:00.000,D17,LA MAISON A L'ENVERS,1.00,1.00,0.0,21,0,41,11,10,2025
279158,2025-10-11 22:00:00.000,D17,LA MAISON A L'ENVERS,1.00,1.00,0.0,22,0,41,11,10,2025
279176,2025-10-11 23:00:00.000,D17,LA MAISON A L'ENVERS,1.00,1.00,0.0,23,0,41,11,10,2025
279194,2025-10-12 00:00:00.000,D17,LA MAISON A L'ENVERS,1.00,1.00,0.0,0,0,42,12,10,2025
279212,2025-10-12 01:00:00.000,D17,LA MAISON A L'ENVERS,1.00,1.00,0.0,1,0,42,12,10,2025
279230,2025-10-12 02:00:00.000,D17,LA MAISON A L'ENVERS,1.00,1.00,0.0,2,0,42,12,10,2025
279248,2025-10-12 03:00:00.000,D17,LA MAISON A L'ENVERS,1.00,1.00,0.0,3,0,42,12,10,2025
279266,2025-10-12 04:00:00.000,D17,LA MAISON A L'ENVERS,1.00,1.00,0.0,4,0,42,12,10,2025
279284,2025-10-12 05:00:00.000,D17,LA MAISON A L'ENVERS,1.00,1.00,0.0,5,0,42,12,10,2025
279302,2025-10-12 06:00:00.000,D17,LA MAISON A L'ENVERS,1.00,1.00,0.0,6,0,42,12,10,2025
279320,2025-10-12 07:00:00.000,D17,LA MAISON A L'ENVERS,1.00,0.00,0.0,7,0,42,12,10,2025
279338,2025-10-12 08:00:00.000,D17,LA MAISON A L'ENVERS,1.00,0.00,0.0,8,0,42,12,10,2025
279356,2025-10-12 09:00:00.000,D17,LA MAISON A L'ENVERS,1.00,0.00,0.0,9,0,42,12,10,2025
279374,2025-10-12 10:00:00.000,D17,LA MAISON A L'ENVERS,1.00,0.05,0.0,10,0,42,12,10,2025
279392,2025-10-12 11:00:00.000,D17,LA MAISON A L'ENVERS,0.10,1.00,0.9,11,0,42,12,10,2025
279410,2025-10-12 12:00:00.000,D17,LA MAISON A L'ENVERS,0.00,1.00,1.0,12,0,42,12,10,2025
279428,2025-10-12 13:00:00.000,D17,LA MAISON A L'ENVERS,0.00,1.00,1.0,13,0,42,12,10,2025
279446,2025-10-12 14:00:00.000,D17,LA MAISON A L'ENVERS,0.00,1.00,1.0,14,0,42,12,10,2025
279464,2025-10-12 15:00:00.000,D17,LA MAISON A L'ENVERS,0.00,1.00,1.0,15,0,42,12,10,2025
279482,2025-10-12 16:00:00.000,D17,LA MAISON A L'ENVERS,0.00,1.00,1.0,16,0,42,12,10,2025
279500,2025-10-12 17:00:00.000,D17,LA MAISON A L'ENVERS,0.00,1.00,1.0,17,0,42,12,10,2025
279518,2025-10-12 18:00:00.000,D17,LA MAISON A L'ENVERS,0.00,0.35,0.35,18,0,42,12,10,2025
279536,2025-10-12 19:00:00.000,D17,LA MAISON A L'ENVERS,0.00,0.00,0.0,19,0,42,12,10,2025
279554,2025-10-12 20:00:00.000,D17,LA MAISON A L'ENVERS,0.00,0.00,0.0,20,0,42,12,10,2025
279572,2025-10-12 21:00:00.000,D17,LA MAISON A L'ENVERS,0.00,0.00,0.0,21,0,42,12,10,2025
279590,2025-10-12 22:00:00.000,D17,LA MAISON A L'ENVERS,0.00,0.00,0.0,22,0,42,12,10,2025
279608,2025-10-12 23:00:00.000,D17,LA MAISON A L'ENVERS,0.00,0.00,0.0,23,0,42,12,10,2025
279626,2025-10-13 00:00:00.000,D17,LA MAISON A L'ENVERS,0.00,0.00,0.0,0,0,42,13,10,2025
279644,2025-10-13 01:00:00.000,D17,LA MAISON A L'ENVERS,0.00,0.00,0.0,1,0,42,13,10,2025
279662,2025-10-13 02:00:00.000,D17,LA MAISON A L'ENVERS,0.00,0.00,0.0,2,0,42,13,10,2025
279680,2025-10-13 03:00:00.000,D17,LA MAISON A L'ENVERS,0.00,0.00,0.0,3,0,42,13,10,2025
279698,2025-10-13 04:00:00.000,D17,LA MAISON A L'ENVERS,0.00,0.00,0.0,4,0,42,13,10,2025
279716,2025-10-13 05:00:00.000,D17,LA MAISON A L'ENVERS,0.00,0.00,0.0,5,0,42,13,10,2025
279734,2025-10-13 06:00:00.000,D17,LA MAISON A L'ENVERS,0.00,0.00,0.0,6,0,42,13,10,2025
279747,2025-10-13 07:00:00.000,D17,LA MAISON A L'ENVERS,0.00,0.00,0.0,7,0,42,13,10,2025
279823,2025-10-16 07:00:00.000,D17,LA MAISON A L'ENVERS,0.00,0.00,0.0,7,0,42,16,10,2025
279839,2025-10-16 08:00:00.000,D17,LA MAISON A L'ENVERS,0.00,0.00,0.0,8,0,42,16,10,2025
279855,2025-10-16 09:00:00.000,D17,LA MAISON A L'ENVERS,0.00,0.00,0.0,9,0,42,16,10,2025
279871,2025-10-16 10:00:00.000,D17,LA MAISON A L'ENVERS,0.00,0.00,0.0,10,0,42,16,10,2025
279887,2025-10-16 11:00:00.000,D17,LA MAISON A L'ENVERS,0.00,0.00,0.0,11,0,42,16,10,2025
279903,2025-10-16 12:00:00.000,D17,LA MAISON A L'ENVERS,0.00,0.00,0.0,12,0,42,16,10,2025
279919,2025-10-16 13:00:00.000,D17,LA MAISON A L'ENVERS,0.00,0.00,0.0,13,0,42,16,10,2025
279935,2025-10-16 14:00:00.000,D17,LA MAISON A L'ENVERS,0.00,0.00,0.0,14,0,42,16,10,2025
279951,2025-10-16 15:00:00.000,D17,LA MAISON A L'ENVERS,0.00,0.00,0.0,15,0,42,16,10,2025
279967,2025-10-16 16:00:00.000,D17,LA MAISON A L'ENVERS,0.00,0.00,0.0,16,0,42,16,10,2025
279983,2025-10-16 17:00:00.000,D17,LA MAISON A L'ENVERS,0.00,0.00,0.0,17,0,42,16,10,2025
279999,2025-10-16 18:00:00.000,D17,LA MAISON A L'ENVERS,0.00,0.00,0.0,18,0,42,16,10,2025
280015,2025-10-16 19:00:00.000,D17,LA MAISON A L'ENVERS,0.00,0.00,0.0,19,0,42,16,10,2025
280031,2025-10-16 20:00:00.000,D17,LA MAISON A L'ENVERS,0.00,0.00,0.0,20,0,42,16,10,2025
280047,2025-10-16 21:00:00.000,D17,LA MAISON A L'ENVERS,0.00,0.00,0.0,21,0,42,16,10,2025
280063,2025-10-16 22:00:00.000,D17,LA MAISON A L'ENVERS,0.00,0.00,0.0,22,0,42,16,10,2025
280079,2025-10-16 23:00:00.000,D17,LA MAISON A L'ENVERS,0.00,0.00,0.0,23,0,42,16,10,2025
280095,2025-10-17 00:00:00.000,D17,LA MAISON A L'ENVERS,0.00,0.00,0.0,0,0,42,17,10,2025
280111,2025-10-17 01:00:00.000,D17,LA MAISON A L'ENVERS,0.00,0.00,0.0,1,0,42,17,10,2025
280127,2025-10-17 02:00:00.000,D17,LA MAISON A L'ENVERS,0.00,0.00,0.0,2,0,42,17,10,2025
280143,2025-10-17 03:00:00.000,D17,LA MAISON A L'ENVERS,0.00,0.00,0.0,3,0,42,17,10,2025
280159,2025-10-17 04:00:00.000,D17,LA MAISON A L'ENVERS,0.00,0.00,0.0,4,0,42,17,10,2025
280175,2025-10-17 05:00:00.000,D17,LA MAISON A L'ENVERS,0.00,0.00,0.0,5,0,42,17,10,2025
280191,2025-10-17 06:00:00.000,D17,LA MAISON A L'ENVERS,0.00,0.00,0.0,6,0,42,17,10,2025
280207,2025-10-17 07:00:00.000,D17,LA MAISON A L'ENVERS,0.00,0.00,0.0,7,0,42,17,10,2025
280223,2025-10-17 08:00:00.000,D17,LA MAISON A L'ENVERS,0.00,0.00,0.0,8,0,42,17,10,2025
280239,2025-10-17 09:00:00.000,D17,LA MAISON A L'ENVERS,0.00,0.00,0.0,9,0,42,17,10,2025
280255,2025-10-17 10:00:00.000,D17,LA MAISON A L'ENVERS,0.00,0.00,0.0,10,0,42,17,10,2025
280271,2025-10-17 11:00:00.000,D17,LA MAISON A L'ENVERS,0.00,0.00,0.0,11,0,42,17,10,2025
280287,2025-10-17 12:00:00.000,D17,LA MAISON A L'ENVERS,0.00,0.00,0.0,12,0,42,17,10,2025
280303,2025-10-17 13:00:00.000,D17,LA MAISON A L'ENVERS,0.00,0.00,0.0,13,0,42,17,10,2025
280319,2025-10-17 14:00:00.000,D17,LA MAISON A L'ENVERS,0.00,0.00,0.0,14,0,42,17,10,2025
280335,2025-10-17 15:00:00.000,D17,LA MAISON A L'ENVERS,0.00,0.60,0.6,15,0,42,17,10,2025
280351,2025-10-17 16:00:00.000,D17,LA MAISON A L'ENVERS,0.00,1.00,1.0,16,0,42,17,10,2025
280367,2025-10-17 17:00:00.000,D17,LA MAISON A L'ENVERS,0.00,1.00,1.0,17,0,42,17,10,2025
280383,2025-10-17 18:00:00.000,D17,LA MAISON A L'ENVERS,0.00,1.00,1.0,18,0,42,17,10,2025
280399,2025-10-17 19:00:00.000,D17,LA MAISON A L'ENVERS,0.00,0.20,0.2,19,0,42,17,10,2025
280415,2025-10-17 20:00:00.000,D17,LA MAISON A L'ENVERS,0.00,0.00,0.0,20,0,42,17,10,2025
280431,2025-10-17 21:00:00.000,D17,LA MAISON A L'ENVERS,0.00,0.00,0.0,21,0,42,17,10,2025
280447,2025-10-17 22:00:00.000,D17,LA MAISON A L'ENVERS,0.00,0.00,0.0,22,0,42,17,10,2025
280463,2025-10-17 23:00:00.000,D17,LA MAISON A L'ENVERS,0.00,0.00,0.0,23,0,42,17,10,2025
280479,2025-10-18 00:00:00.000,D17,LA MAISON A L'ENVERS,0.00,0.00,0.0,0,0,42,18,10,2025
280495,2025-10-18 01:00:00.000,D17,LA MAISON A L'ENVERS,0.00,0.00,0.0,1,0,42,18,10,2025
280511,2025-10-18 02:00:00.000,D17,LA MAISON A L'ENVERS,0.00,0.00,0.0,2,0,42,18,10,2025
280527,2025-10-18 03:00:00.000,D17,LA MAISON A L'ENVERS,0.00,0.00,0.0,3,0,42,18,10,2025
280543,2025-10-18 04:00:00.000,D17,LA MAISON A L'ENVERS,0.00,0.00,0.0,4,0,42,18,10,2025
280559,2025-10-18 05:00:00.000,D17,LA MAISON A L'ENVERS,0.00,0.00,0.0,5,0,42,18,10,2025
280575,2025-10-18 06:00:00.000,D17,LA MAISON A L'ENVERS,0.00,0.00,0.0,6,0,42,18,10,2025
280591,2025-10-18 07:00:00.000,D17,LA MAISON A L'ENVERS,0.00,0.00,0.0,7,0,42,18,10,2025
280609,2025-10-18 08:00:00.000,D17,LA MAISON A L'ENVERS,0.00,0.00,0.0,8,0,42,18,10,2025
280627,2025-10-18 09:00:00.000,D17,LA MAISON A L'ENVERS,0.00,0.00,0.0,9,0,42,18,10,2025
280645,2025-10-18 10:00:00.000,D17,LA MAISON A L'ENVERS,0.00,0.40,0.4,10,0,42,18,10,2025
280663,2025-10-18 11:00:00.000,D17,LA MAISON A L'ENVERS,0.00,1.00,1.0,11,0,42,18,10,2025
280681,2025-10-18 12:00:00.000,D17,LA MAISON A L'ENVERS,0.00,1.00,1.0,12,0,42,18,10,2025
280699,2025-10-18 13:00:00.000,D17,LA MAISON A L'ENVERS,0.00,1.00,1.0,13,0,42,18,10,2025
280717,2025-10-18 14:00:00.000,D17,LA MAISON A L'ENVERS,0.00,1.00,1.0,14,0,42,18,10,2025
280735,2025-10-18 15:00:00.000,D17,LA MAISON A L'ENVERS,0.00,1.00,1.0,15,0,42,18,10,2025
280753,2025-10-18 16:00:00.000,D17,LA MAISON A L'ENVERS,0.00,1.00,1.0,16,0,42,18,10,2025
280771,2025-10-18 17:00:00.000,D17,LA MAISON A L'ENVERS,0.00,1.00,1.0,17,0,42,18,10,2025
280789,2025-10-18 18:00:00.000,D17,LA MAISON A L'ENVERS,0.00,1.00,1.0,18,0,42,18,10,2025
280807,2025-10-18 19:00:00.000,D17,LA MAISON A L'ENVERS,0.00,1.00,1.0,19,0,42,18,10,2025
280825,2025-10-18 20:00:00.000,D17,LA MAISON A L'ENVERS,0.10,0.90,0.8,20,0,42,18,10,2025
280843,2025-10-18 21:00:00.000,D17,LA MAISON A L'ENVERS,0.00,0.00,0.0,21,0,42,18,10,2025
280861,2025-10-18 22:00:00.000,D17,LA MAISON A L'ENVERS,0.00,0.00,0.0,22,0,42,18,10,2025
280879,2025-10-18 23:00:00.000,D17,LA MAISON A L'ENVERS,0.00,0.00,0.0,23,0,42,18,10,2025
280897,2025-10-19 00:00:00.000,D17,LA MAISON A L'ENVERS,0.00,0.00,0.0,0,0,43,19,10,2025
280915,2025-10-19 01:00:00.000,D17,LA MAISON A L'ENVERS,0.00,0.00,0.0,1,0,43,19,10,2025
280933,2025-10-19 02:00:00.000,D17,LA MAISON A L'ENVERS,0.00,0.00,0.0,2,0,43,19,10,2025
280951,2025-10-19 03:00:00.000,D17,LA MAISON A L'ENVERS,0.00,0.00,0.0,3,0,43,19,10,2025
280969,2025-10-19 04:00:00.000,D17,LA MAISON A L'ENVERS,0.00,0.00,0.0,4,0,43,19,10,2025
280987,2025-10-19 05:00:00.000,D17,LA MAISON A L'ENVERS,0.00,0.00,0.0,5,0,43,19,10,2025
281005,2025-10-19 06:00:00.000,D17,LA MAISON A L'ENVERS,0.00,0.00,0.0,6,0,43,19,10,2025
281023,2025-10-19 07:00:00.000,D17,LA MAISON A L'ENVERS,0.00,0.00,0.0,7,0,43,19,10,2025
281041,2025-10-19 08:00:00.000,D17,LA MAISON A L'ENVERS,0.00,0.00,0.0,8,0,43,19,10,2025
281059,2025-10-19 09:00:00.000,D17,LA MAISON A L'ENVERS,0.00,0.00,0.0,9,0,43,19,10,2025
281077,2025-10-19 10:00:00.000,D17,LA MAISON A L'ENVERS,0.00,0.50,0.5,10,0,43,19,10,2025
281095,2025-10-19 11:00:00.000,D17,LA MAISON A L'ENVERS,0.00,1.00,1.0,11,0,43,19,10,2025
281113,2025-10-19 12:00:00.000,D17,LA MAISON A L'ENVERS,0.00,1.00,1.0,12,0,43,19,10,2025
281131,2025-10-19 13:00:00.000,D17,LA MAISON A L'ENVERS,0.00,1.00,1.0,13,0,43,19,10,2025
281149,2025-10-19 14:00:00.000,D17,LA MAISON A L'ENVERS,0.00,1.00,1.0,14,0,43,19,10,2025
281167,2025-10-19 15:00:00.000,D17,LA MAISON A L'ENVERS,0.00,1.00,1.0,15,0,43,19,10,2025
281185,2025-10-19 16:00:00.000,D17,LA MAISON A L'ENVERS,0.00,1.00,1.0,16,0,43,19,10,2025
281203,2025-10-19 17:00:00.000,D17,LA MAISON A L'ENVERS,0.00,1.00,1.0,17,0,43,19,10,2025
281221,2025-10-19 18:00:00.000,D17,LA MAISON A L'ENVERS,0.00,1.00,1.0,18,0,43,19,10,2025
281239,2025-10-19 19:00:00.000,D17,LA MAISON A L'ENVERS,0.00,1.00,1.0,19,0,43,19,10,2025
281257,2025-10-19 20:00:00.000,D17,LA MAISON A L'ENVERS,0.00,0.15,0.15,20,0,43,19,10,2025
281275,2025-10-19 21:00:00.000,D17,LA MAISON A L'ENVERS,0.00,0.00,0.0,21,0,43,19,10,2025
281293,2025-10-19 22:00:00.000,D17,LA MAISON A L'ENVERS,0.00,0.00,0.0,22,0,43,19,10,2025
281311,2025-10-19 23:00:00.000,D17,LA MAISON A L'ENVERS,0.00,0.00,0.0,23,0,43,19,10,2025
281329,2025-10-20 00:00:00.000,D17,LA MAISON A L'ENVERS,0.00,0.00,0.0,0,0,43,20,10,2025
281347,2025-10-20 01:00:00.000,D17,LA MAISON A L'ENVERS,0.00,0.00,0.0,1,0,43,20,10,2025
281365,2025-10-20 02:00:00.000,D17,LA MAISON A L'ENVERS,0.00,0.00,0.0,2,0,43,20,10,2025
281383,2025-10-20 03:00:00.000,D17,LA MAISON A L'ENVERS,0.00,0.00,0.0,3,0,43,20,10,2025
281401,2025-10-20 04:00:00.000,D17,LA MAISON A L'ENVERS,0.00,0.00,0.0,4,0,43,20,10,2025
281419,2025-10-20 05:00:00.000,D17,LA MAISON A L'ENVERS,0.00,0.00,0.0,5,0,43,20,10,2025
281437,2025-10-20 06:00:00.000,D17,LA MAISON A L'ENVERS,0.00,0.00,0.0,6,0,43,20,10,2025
281455,2025-10-20 07:00:00.000,D17,LA MAISON A L'ENVERS,0.00,0.00,0.0,7,0,43,20,10,2025
281473,2025-10-20 08:00:00.000,D17,LA MAISON A L'ENVERS,0.00,0.00,0.0,8,0,43,20,10,2025
281491,2025-10-20 09:00:00.000,D17,LA MAISON A L'ENVERS,0.00,0.00,0.0,9,0,43,20,10,2025
281509,2025-10-20 10:00:00.000,D17,LA MAISON A L'ENVERS,0.00,0.00,0.0,10,0,43,20,10,2025
281527,2025-10-20 11:00:00.000,D17,LA MAISON A L'ENVERS,0.00,0.95,0.95,11,0,43,20,10,2025
281545,2025-10-20 12:00:00.000,D17,LA MAISON A L'ENVERS,0.00,1.00,1.0,12,0,43,20,10,2025
281563,2025-10-20 13:00:00.000,D17,LA MAISON A L'ENVERS,0.00,1.00,1.0,13,0,43,20,10,2025
281581,2025-10-20 14:00:00.000,D17,LA MAISON A L'ENVERS,0.00,1.00,1.0,14,0,43,20,10,2025
281599,2025-10-20 15:00:00.000,D17,LA MAISON A L'ENVERS,0.00,1.00,1.0,15,0,43,20,10,2025
281617,2025-10-20 16:00:00.000,D17,LA MAISON A L'ENVERS,0.00,1.00,1.0,16,0,43,20,10,2025
281635,2025-10-20 17:00:00.000,D17,LA MAISON A L'ENVERS,0.00,1.00,1.0,17,0,43,20,10,2025
281653,2025-10-20 18:00:00.000,D17,LA MAISON A L'ENVERS,0.00,1.00,1.0,18,0,43,20,10,2025
281671,2025-10-20 19:00:00.000,D17,LA MAISON A L'ENVERS,0.00,1.00,1.0,19,0,43,20,10,2025
281689,2025-10-20 20:00:00.000,D17,LA MAISON A L'ENVERS,0.00,0.80,0.8,20,0,43,20,10,2025
281707,2025-10-20 21:00:00.000,D17,LA MAISON A L'ENVERS,0.00,0.00,0.0,21,0,43,20,10,2025
281725,2025-10-20 22:00:00.000,D17,LA MAISON A L'ENVERS,0.00,0.00,0.0,22,0,43,20,10,2025
281743,2025-10-20 23:00:00.000,D17,LA MAISON A L'ENVERS,0.00,0.00,0.0,23,0,43,20,10,2025
281761,2025-10-21 00:00:00.000,D17,LA MAISON A L'ENVERS,0.00,0.00,0.0,0,0,43,21,10,2025
281779,2025-10-21 01:00:00.000,D17,LA MAISON A L'ENVERS,0.00,0.00,0.0,1,0,43,21,10,2025
281797,2025-10-21 02:00:00.000,D17,LA MAISON A L'ENVERS,0.00,0.00,0.0,2,0,43,21,10,2025
281815,2025-10-21 03:00:00.000,D17,LA MAISON A L'ENVERS,0.00,0.00,0.0,3,0,43,21,10,2025
281833,2025-10-21 04:00:00.000,D17,LA MAISON A L'ENVERS,0.00,0.00,0.0,4,0,43,21,10,2025
281851,2025-10-21 05:00:00.000,D17,LA MAISON A L'ENVERS,0.00,0.00,0.0,5,0,43,21,10,2025
281869,2025-10-21 06:00:00.000,D17,LA MAISON A L'ENVERS,0.00,0.00,0.0,6,0,43,21,10,2025
281887,2025-10-21 07:00:00.000,D17,LA MAISON A L'ENVERS,0.00,0.00,0.0,7,0,43,21,10,2025
281905,2025-10-21 08:00:00.000,D17,LA MAISON A L'ENVERS,0.00,0.00,0.0,8,0,43,21,10,2025
281923,2025-10-21 09:00:00.000,D17,LA MAISON A L'ENVERS,0.00,0.00,0.0,9,0,43,21,10,2025
281941,2025-10-21 10:00:00.000,D17,LA MAISON A L'ENVERS,0.00,0.00,0.0,10,0,43,21,10,2025
281959,2025-10-21 11:00:00.000,D17,LA MAISON A L'ENVERS,0.00,0.00,0.0,11,0,43,21,10,2025
281977,2025-10-21 12:00:00.000,D17,LA MAISON A L'ENVERS,0.00,0.00,0.0,12,0,43,21,10,2025
281995,2025-10-21 13:00:00.000,D17,LA MAISON A L'ENVERS,0.00,0.45,0.45,13,0,43,21,10,2025
282013,2025-10-21 14:00:00.000,D17,LA MAISON A L'ENVERS,0.00,1.00,1.0,14,0,43,21,10,2025
282031,2025-10-21 15:00:00.000,D17,LA MAISON A L'ENVERS,0.00,1.00,1.0,15,0,43,21,10,2025
282049,2025-10-21 16:00:00.000,D17,LA MAISON A L'ENVERS,0.00,1.00,1.0,16,0,43,21,10,2025
282067,2025-10-21 17:00:00.000,D17,LA MAISON A L'ENVERS,0.00,1.00,1.0,17,0,43,21,10,2025
282085,2025-10-21 18:00:00.000,D17,LA MAISON A L'ENVERS,0.00,1.00,1.0,18,0,43,21,10,2025
282103,2025-10-21 19:00:00.000,D17,LA MAISON A L'ENVERS,0.00,0.70,0.7,19,0,43,21,10,2025
282121,2025-10-21 20:00:00.000,D17,LA MAISON A L'ENVERS,0.00,0.00,0.0,20,0,43,21,10,2025
282139,2025-10-21 21:00:00.000,D17,LA MAISON A L'ENVERS,0.00,0.00,0.0,21,0,43,21,10,2025
282157,2025-10-21 22:00:00.000,D17,LA MAISON A L'ENVERS,0.00,0.00,0.0,22,0,43,21,10,2025
282175,2025-10-21 23:00:00.000,D17,LA MAISON A L'ENVERS,0.00,0.00,0.0,23,0,43,21,10,2025
282193,2025-10-22 00:00:00.000,D17,LA MAISON A L'ENVERS,0.00,0.00,0.0,0,0,43,22,10,2025
282211,2025-10-22 01:00:00.000,D17,LA MAISON A L'ENVERS,0.00,0.00,0.0,1,0,43,22,10,2025
282229,2025-10-22 02:00:00.000,D17,LA MAISON A L'ENVERS,0.00,0.00,0.0,2,0,43,22,10,2025
282247,2025-10-22 03:00:00.000,D17,LA MAISON A L'ENVERS,0.00,0.00,0.0,3,0,43,22,10,2025
282265,2025-10-22 04:00:00.000,D17,LA MAISON A L'ENVERS,0.00,0.00,0.0,4,0,43,22,10,2025
282283,2025-10-22 05:00:00.000,D17,LA MAISON A L'ENVERS,0.00,0.00,0.0,5,0,43,22,10,2025
282301,2025-10-22 06:00:00.000,D17,LA MAISON A L'ENVERS,0.00,0.00,0.0,6,0,43,22,10,2025
282319,2025-10-22 07:00:00.000,D17,LA MAISON A L'ENVERS,0.00,0.00,0.0,7,0,43,22,10,2025
282337,2025-10-22 08:00:00.000,D17,LA MAISON A L'ENVERS,0.00,0.00,0.0,8,0,43,22,10,2025
282355,2025-10-22 09:00:00.000,D17,LA MAISON A L'ENVERS,0.00,0.00,0.0,9,0,43,22,10,2025
282373,2025-10-22 10:00:00.000,D17,LA MAISON A L'ENVERS,0.00,0.00,0.0,10,0,43,22,10,2025
282391,2025-10-22 11:00:00.000,D17,LA MAISON A L'ENVERS,0.00,0.00,0.0,11,0,43,22,10,2025
282409,2025-10-22 12:00:00.000,D17,LA MAISON A L'ENVERS,0.00,0.00,0.0,12,0,43,22,10,2025
282427,2025-10-22 13:00:00.000,D17,LA MAISON A L'ENVERS,0.00,0.00,0.0,13,0,43,22,10,2025
282445,2025-10-22 14:00:00.000,D17,LA MAISON A L'ENVERS,0.00,0.00,0.0,14,0,43,22,10,2025
282463,2025-10-22 15:00:00.000,D17,LA MAISON A L'ENVERS,0.00,0.05,0.05,15,0,43,22,10,2025
282481,2025-10-22 16:00:00.000,D17,LA MAISON A L'ENVERS,0.00,0.00,0.0,16,0,43,22,10,2025
282499,2025-10-22 17:00:00.000,D17,LA MAISON A L'ENVERS,0.00,0.00,0.0,17,0,43,22,10,2025
282517,2025-10-22 18:00:00.000,D17,LA MAISON A L'ENVERS,0.00,0.00,0.0,18,0,43,22,10,2025
282535,2025-10-22 19:00:00.000,D17,LA MAISON A L'ENVERS,0.00,0.00,0.0,19,0,43,22,10,2025
282553,2025-10-22 20:00:00.000,D17,LA MAISON A L'ENVERS,0.00,0.00,0.0,20,0,43,22,10,2025
282571,2025-10-22 21:00:00.000,D17,LA MAISON A L'ENVERS,0.00,0.00,0.0,21,0,43,22,10,2025
282589,2025-10-22 22:00:00.000,D17,LA MAISON A L'ENVERS,0.00,0.00,0.0,22,0,43,22,10,2025
282607,2025-10-22 23:00:00.000,D17,LA MAISON A L'ENVERS,0.00,0.00,0.0,23,0,43,22,10,2025
282625,2025-10-23 00:00:00.000,D17,LA MAISON A L'ENVERS,0.00,0.00,0.0,0,0,43,23,10,2025
282643,2025-10-23 01:00:00.000,D17,LA MAISON A L'ENVERS,0.00,0.00,0.0,1,0,43,23,10,2025
282661,2025-10-23 02:00:00.000,D17,LA MAISON A L'ENVERS,0.00,0.00,0.0,2,0,43,23,10,2025
282679,2025-10-23 03:00:00.000,D17,LA MAISON A L'ENVERS,0.00,0.00,0.0,3,0,43,23,10,2025
282697,2025-10-23 04:00:00.000,D17,LA MAISON A L'ENVERS,0.00,0.00,0.0,4,0,43,23,10,2025
282715,2025-10-23 05:00:00.000,D17,LA MAISON A L'ENVERS,0.00,0.00,0.0,5,0,43,23,10,2025
282733,2025-10-23 06:00:00.000,D17,LA MAISON A L'ENVERS,0.00,0.00,0.0,6,0,43,23,10,2025
282751,2025-10-23 07:00:00.000,D17,LA MAISON A L'ENVERS,0.00,0.00,0.0,7,0,43,23,10,2025
282768,2025-10-23 08:00:00.000,D17,LA MAISON A L'ENVERS,0.00,0.00,0.0,8,0,43,23,10,2025
282785,2025-10-23 09:00:00.000,D17,LA MAISON A L'ENVERS,0.00,0.00,0.0,9,0,43,23,10,2025
282802,2025-10-23 10:00:00.000,D17,LA MAISON A L'ENVERS,0.00,0.00,0.0,10,0,43,23,10,2025
282819,2025-10-23 11:00:00.000,D17,LA MAISON A L'ENVERS,0.00,0.25,0.25,11,0,43,23,10,2025
282836,2025-10-23 12:00:00.000,D17,LA MAISON A L'ENVERS,0.00,1.00,1.0,12,0,43,23,10,2025
282853,2025-10-23 13:00:00.000,D17,LA MAISON A L'ENVERS,0.00,1.00,1.0,13,0,43,23,10,2025
282870,2025-10-23 14:00:00.000,D17,LA MAISON A L'ENVERS,0.00,1.00,1.0,14,0,43,23,10,2025
282887,2025-10-23 15:00:00.000,D17,LA MAISON A L'ENVERS,0.00,1.00,1.0,15,0,43,23,10,2025
282904,2025-10-23 16:00:00.000,D17,LA MAISON A L'ENVERS,0.00,1.00,1.0,16,0,43,23,10,2025
282921,2025-10-23 17:00:00.000,D17,LA MAISON A L'ENVERS,0.00,1.00,1.0,17,0,43,23,10,2025
282938,2025-10-23 18:00:00.000,D17,LA MAISON A L'ENVERS,0.00,1.00,1.0,18,0,43,23,10,2025
282955,2025-10-23 19:00:00.000,D17,LA MAISON A L'ENVERS,0.00,1.00,1.0,19,0,43,23,10,2025
282972,2025-10-23 20:00:00.000,D17,LA MAISON A L'ENVERS,0.00,0.60,0.6,20,0,43,23,10,2025
282989,2025-10-23 21:00:00.000,D17,LA MAISON A L'ENVERS,0.00,0.00,0.0,21,0,43,23,10,2025
283006,2025-10-23 22:00:00.000,D17,LA MAISON A L'ENVERS,0.00,0.00,0.0,22,0,43,23,10,2025
283023,2025-10-23 23:00:00.000,D17,LA MAISON A L'ENVERS,0.00,0.00,0.0,23,0,43,23,10,2025
283040,2025-10-24 00:00:00.000,D17,LA MAISON A L'ENVERS,0.00,0.00,0.0,0,0,43,24,10,2025
283057,2025-10-24 01:00:00.000,D17,LA MAISON A L'ENVERS,0.00,0.00,0.0,1,0,43,24,10,2025
283074,2025-10-24 02:00:00.000,D17,LA MAISON A L'ENVERS,0.00,0.00,0.0,2,0,43,24,10,2025
283091,2025-10-24 03:00:00.000,D17,LA MAISON A L'ENVERS,0.00,0.00,0.0,3,0,43,24,10,2025
283108,2025-10-24 04:00:00.000,D17,LA MAISON A L'ENVERS,0.00,0.00,0.0,4,0,43,24,10,2025
283125,2025-10-24 05:00:00.000,D17,LA MAISON A L'ENVERS,0.00,0.00,0.0,5,0,43,24,10,2025
283142,2025-10-24 06:00:00.000,D17,LA MAISON A L'ENVERS,0.00,0.00,0.0,6,0,43,24,10,2025
283159,2025-10-24 07:00:00.000,D17,LA MAISON A L'ENVERS,0.00,0.00,0.0,7,0,43,24,10,2025
283177,2025-10-24 08:00:00.000,D17,LA MAISON A L'ENVERS,0.00,0.00,0.0,8,0,43,24,10,2025
283195,2025-10-24 09:00:00.000,D17,LA MAISON A L'ENVERS,0.00,0.00,0.0,9,0,43,24,10,2025
283213,2025-10-24 10:00:00.000,D17,LA MAISON A L'ENVERS,0.00,0.00,0.0,10,0,43,24,10,2025
283231,2025-10-24 11:00:00.000,D17,LA MAISON A L'ENVERS,0.00,0.00,0.0,11,0,43,24,10,2025
283249,2025-10-24 12:00:00.000,D17,LA MAISON A L'ENVERS,0.00,0.00,0.0,12,0,43,24,10,2025
283267,2025-10-24 13:00:00.000,D17,LA MAISON A L'ENVERS,0.00,0.00,0.0,13,0,43,24,10,2025
283285,2025-10-24 14:00:00.000,D17,LA MAISON A L'ENVERS,0.00,0.35,0.35,14,0,43,24,10,2025
283303,2025-10-24 15:00:00.000,D17,LA MAISON A L'ENVERS,0.00,1.00,1.0,15,0,43,24,10,2025
283321,2025-10-24 16:00:00.000,D17,LA MAISON A L'ENVERS,0.00,1.00,1.0,16,0,43,24,10,2025
283339,2025-10-24 17:00:00.000,D17,LA MAISON A L'ENVERS,0.00,1.00,1.0,17,0,43,24,10,2025
283357,2025-10-24 18:00:00.000,D17,LA MAISON A L'ENVERS,0.00,1.00,1.0,18,0,43,24,10,2025
283375,2025-10-24 19:00:00.000,D17,LA MAISON A L'ENVERS,0.00,1.00,1.0,19,0,43,24,10,2025
283393,2025-10-24 20:00:00.000,D17,LA MAISON A L'ENVERS,0.00,0.35,0.35,20,0,43,24,10,2025
283411,2025-10-24 21:00:00.000,D17,LA MAISON A L'ENVERS,0.00,0.00,0.0,21,0,43,24,10,2025
283429,2025-10-24 22:00:00.000,D17,LA MAISON A L'ENVERS,0.00,0.00,0.0,22,0,43,24,10,2025
283447,2025-10-24 23:00:00.000,D17,LA MAISON A L'ENVERS,0.00,0.00,0.0,23,0,43,24,10,2025
283465,2025-10-25 00:00:00.000,D17,LA MAISON A L'ENVERS,0.00,0.00,0.0,0,0,43,25,10,2025
283483,2025-10-25 01:00:00.000,D17,LA MAISON A L'ENVERS,0.00,0.00,0.0,1,0,43,25,10,2025
283501,2025-10-25 02:00:00.000,D17,LA MAISON A L'ENVERS,0.00,0.00,0.0,2,0,43,25,10,2025
283519,2025-10-25 03:00:00.000,D17,LA MAISON A L'ENVERS,0.00,0.00,0.0,3,0,43,25,10,2025
283537,2025-10-25 04:00:00.000,D17,LA MAISON A L'ENVERS,0.00,0.00,0.0,4,0,43,25,10,2025
283555,2025-10-25 05:00:00.000,D17,LA MAISON A L'ENVERS,0.00,0.00,0.0,5,0,43,25,10,2025
283573,2025-10-25 06:00:00.000,D17,LA MAISON A L'ENVERS,0.00,0.00,0.0,6,0,43,25,10,2025
283591,2025-10-25 07:00:00.000,D17,LA MAISON A L'ENVERS,0.00,0.00,0.0,7,0,43,25,10,2025
283609,2025-10-25 08:00:00.000,D17,LA MAISON A L'ENVERS,0.00,0.00,0.0,8,0,43,25,10,2025
283627,2025-10-25 09:00:00.000,D17,LA MAISON A L'ENVERS,0.00,0.00,0.0,9,0,43,25,10,2025
283645,2025-10-25 10:00:00.000,D17,LA MAISON A L'ENVERS,0.00,0.45,0.45,10,0,43,25,10,2025
283663,2025-10-25 11:00:00.000,D17,LA MAISON A L'ENVERS,0.00,1.00,1.0,11,0,43,25,10,2025
283681,2025-10-25 12:00:00.000,D17,LA MAISON A L'ENVERS,0.00,1.00,1.0,12,0,43,25,10,2025
283699,2025-10-25 13:00:00.000,D17,LA MAISON A L'ENVERS,0.00,1.00,1.0,13,0,43,25,10,2025
283717,2025-10-25 14:00:00.000,D17,LA MAISON A L'ENVERS,0.00,1.00,1.0,14,0,43,25,10,2025
283735,2025-10-25 15:00:00.000,D17,LA MAISON A L'ENVERS,0.00,1.00,1.0,15,0,43,25,10,2025
283753,2025-10-25 16:00:00.000,D17,LA MAISON A L'ENVERS,0.00,1.00,1.0,16,0,43,25,10,2025
283771,2025-10-25 17:00:00.000,D17,LA MAISON A L'ENVERS,0.00,1.00,1.0,17,0,43,25,10,2025
283789,2025-10-25 18:00:00.000,D17,LA MAISON A L'ENVERS,0.15,1.00,0.85,18,0,43,25,10,2025
283807,2025-10-25 19:00:00.000,D17,LA MAISON A L'ENVERS,1.00,0.40,0.0,19,0,43,25,10,2025
283825,2025-10-25 20:00:00.000,D17,LA MAISON A L'ENVERS,1.00,0.00,0.0,20,0,43,25,10,2025
283843,2025-10-25 21:00:00.000,D17,LA MAISON A L'ENVERS,1.00,0.00,0.0,21,0,43,25,10,2025
283861,2025-10-25 22:00:00.000,D17,LA MAISON A L'ENVERS,1.00,0.00,0.0,22,0,43,25,10,2025
283879,2025-10-25 23:00:00.000,D17,LA MAISON A L'ENVERS,1.00,0.00,0.0,23,0,43,25,10,2025
283897,2025-10-26 00:00:00.000,D17,LA MAISON A L'ENVERS,1.00,0.00,0.0,0,0,44,26,10,2025
283915,2025-10-26 01:00:00.000,D17,LA MAISON A L'ENVERS,1.00,0.00,0.0,1,0,44,26,10,2025
283933,2025-10-26 02:00:00.000,D17,LA MAISON A L'ENVERS,1.00,0.00,0.0,2,0,44,26,10,2025
283951,2025-10-26 03:00:00.000,D17,LA MAISON A L'ENVERS,1.00,0.00,0.0,3,0,44,26,10,2025
283969,2025-10-26 04:00:00.000,D17,LA MAISON A L'ENVERS,1.00,0.00,0.0,4,0,44,26,10,2025
283987,2025-10-26 05:00:00.000,D17,LA MAISON A L'ENVERS,1.00,0.00,0.0,5,0,44,26,10,2025
284005,2025-10-26 06:00:00.000,D17,LA MAISON A L'ENVERS,1.00,0.00,0.0,6,0,44,26,10,2025
284023,2025-10-26 07:00:00.000,D17,LA MAISON A L'ENVERS,1.00,0.00,0.0,7,0,44,26,10,2025
284041,2025-10-26 08:00:00.000,D17,LA MAISON A L'ENVERS,1.00,0.00,0.0,8,0,44,26,10,2025
284059,2025-10-26 09:00:00.000,D17,LA MAISON A L'ENVERS,1.00,0.00,0.0,9,0,44,26,10,2025
284077,2025-10-26 10:00:00.000,D17,LA MAISON A L'ENVERS,0.65,0.40,0.0,10,0,44,26,10,2025
284095,2025-10-26 11:00:00.000,D17,LA MAISON A L'ENVERS,0.00,1.00,1.0,11,0,44,26,10,2025
284113,2025-10-26 12:00:00.000,D17,LA MAISON A L'ENVERS,0.00,1.00,1.0,12,0,44,26,10,2025
284131,2025-10-26 13:00:00.000,D17,LA MAISON A L'ENVERS,0.00,1.00,1.0,13,0,44,26,10,2025
284149,2025-10-26 14:00:00.000,D17,LA MAISON A L'ENVERS,0.00,1.00,1.0,14,0,44,26,10,2025
284167,2025-10-26 15:00:00.000,D17,LA MAISON A L'ENVERS,0.00,1.00,1.0,15,0,44,26,10,2025
284185,2025-10-26 16:00:00.000,D17,LA MAISON A L'ENVERS,0.00,1.00,1.0,16,0,44,26,10,2025
284203,2025-10-26 17:00:00.000,D17,LA MAISON A L'ENVERS,0.00,1.00,1.0,17,0,44,26,10,2025
284221,2025-10-26 18:00:00.000,D17,LA MAISON A L'ENVERS,0.20,1.00,0.8,18,0,44,26,10,2025
284239,2025-10-26 19:00:00.000,D17,LA MAISON A L'ENVERS,0.05,0.25,0.2,19,0,44,26,10,2025
284257,2025-10-26 20:00:00.000,D17,LA MAISON A L'ENVERS,0.00,0.00,0.0,20,0,44,26,10,2025
284275,2025-10-26 21:00:00.000,D17,LA MAISON A L'ENVERS,0.00,0.00,0.0,21,0,44,26,10,2025
284293,2025-10-26 22:00:00.000,D17,LA MAISON A L'ENVERS,0.00,0.00,0.0,22,0,44,26,10,2025
284311,2025-10-26 23:00:00.000,D17,LA MAISON A L'ENVERS,0.00,0.00,0.0,23,0,44,26,10,2025
284329,2025-10-27 00:00:00.000,D17,LA MAISON A L'ENVERS,0.00,0.00,0.0,0,0,44,27,10,2025
284347,2025-10-27 01:00:00.000,D17,LA MAISON A L'ENVERS,0.00,0.00,0.0,1,0,44,27,10,2025
284365,2025-10-27 02:00:00.000,D17,LA MAISON A L'ENVERS,0.00,0.00,0.0,2,0,44,27,10,2025
284383,2025-10-27 03:00:00.000,D17,LA MAISON A L'ENVERS,0.00,0.00,0.0,3,0,44,27,10,2025
284401,2025-10-27 04:00:00.000,D17,LA MAISON A L'ENVERS,0.00,0.00,0.0,4,0,44,27,10,2025
284419,2025-10-27 05:00:00.000,D17,LA MAISON A L'ENVERS,0.00,0.00,0.0,5,0,44,27,10,2025
284437,2025-10-27 06:00:00.000,D17,LA MAISON A L'ENVERS,0.00,0.00,0.0,6,0,44,27,10,2025
284455,2025-10-27 07:00:00.000,D17,LA MAISON A L'ENVERS,0.00,0.00,0.0,7,0,44,27,10,2025
284473,2025-10-27 08:00:00.000,D17,LA MAISON A L'ENVERS,0.00,0.00,0.0,8,0,44,27,10,2025
284491,2025-10-27 09:00:00.000,D17,LA MAISON A L'ENVERS,0.00,0.00,0.0,9,0,44,27,10,2025
284509,2025-10-27 10:00:00.000,D17,LA MAISON A L'ENVERS,0.00,0.00,0.0,10,0,44,27,10,2025
284527,2025-10-27 11:00:00.000,D17,LA MAISON A L'ENVERS,0.00,0.00,0.0,11,0,44,27,10,2025
284545,2025-10-27 12:00:00.000,D17,LA MAISON A L'ENVERS,0.00,0.00,0.0,12,0,44,27,10,2025
284563,2025-10-27 13:00:00.000,D17,LA MAISON A L'ENVERS,0.00,1.00,1.0,13,0,44,27,10,2025
284581,2025-10-27 14:00:00.000,D17,LA MAISON A L'ENVERS,0.00,1.00,1.0,14,0,44,27,10,2025
284599,2025-10-27 15:00:00.000,D17,LA MAISON A L'ENVERS,0.00,1.00,1.0,15,0,44,27,10,2025
284617,2025-10-27 16:00:00.000,D17,LA MAISON A L'ENVERS,0.00,1.00,1.0,16,0,44,27,10,2025
284635,2025-10-27 17:00:00.000,D17,LA MAISON A L'ENVERS,0.00,1.00,1.0,17,0,44,27,10,2025
284653,2025-10-27 18:00:00.000,D17,LA MAISON A L'ENVERS,0.15,1.00,0.85,18,0,44,27,10,2025
284671,2025-10-27 19:00:00.000,D17,LA MAISON A L'ENVERS,1.00,1.00,0.0,19,0,44,27,10,2025
284689,2025-10-27 20:00:00.000,D17,LA MAISON A L'ENVERS,1.00,1.00,0.0,20,0,44,27,10,2025
284707,2025-10-27 21:00:00.000,D17,LA MAISON A L'ENVERS,1.00,1.00,0.0,21,0,44,27,10,2025
284725,2025-10-27 22:00:00.000,D17,LA MAISON A L'ENVERS,1.00,1.00,0.0,22,0,44,27,10,2025
284743,2025-10-27 23:00:00.000,D17,LA MAISON A L'ENVERS,1.00,1.00,0.0,23,0,44,27,10,2025
284761,2025-10-28 00:00:00.000,D17,LA MAISON A L'ENVERS,1.00,1.00,0.0,0,0,44,28,10,2025
284779,2025-10-28 01:00:00.000,D17,LA MAISON A L'ENVERS,1.00,1.00,0.0,1,0,44,28,10,2025
284797,2025-10-28 02:00:00.000,D17,LA MAISON A L'ENVERS,1.00,1.00,0.0,2,0,44,28,10,2025
284815,2025-10-28 03:00:00.000,D17,LA MAISON A L'ENVERS,1.00,1.00,0.0,3,0,44,28,10,2025
284833,2025-10-28 04:00:00.000,D17,LA MAISON A L'ENVERS,1.00,1.00,0.0,4,0,44,28,10,2025
284851,2025-10-28 05:00:00.000,D17,LA MAISON A L'ENVERS,1.00,1.00,0.0,5,0,44,28,10,2025
284869,2025-10-28 06:00:00.000,D17,LA MAISON A L'ENVERS,1.00,1.00,0.0,6,0,44,28,10,2025
284887,2025-10-28 07:00:00.000,D17,LA MAISON A L'ENVERS,1.00,0.00,0.0,7,0,44,28,10,2025
284905,2025-10-28 08:00:00.000,D17,LA MAISON A L'ENVERS,1.00,0.00,0.0,8,0,44,28,10,2025
284923,2025-10-28 09:00:00.000,D17,LA MAISON A L'ENVERS,1.00,0.00,0.0,9,0,44,28,10,2025
284941,2025-10-28 10:00:00.000,D17,LA MAISON A L'ENVERS,0.65,0.65,0.0,10,0,44,28,10,2025
284959,2025-10-28 11:00:00.000,D17,LA MAISON A L'ENVERS,0.00,1.00,1.0,11,0,44,28,10,2025
284977,2025-10-28 12:00:00.000,D17,LA MAISON A L'ENVERS,0.00,1.00,1.0,12,0,44,28,10,2025
284995,2025-10-28 13:00:00.000,D17,LA MAISON A L'ENVERS,0.00,1.00,1.0,13,0,44,28,10,2025
285013,2025-10-28 14:00:00.000,D17,LA MAISON A L'ENVERS,0.00,1.00,1.0,14,0,44,28,10,2025
285031,2025-10-28 15:00:00.000,D17,LA MAISON A L'ENVERS,0.00,1.00,1.0,15,0,44,28,10,2025
285049,2025-10-28 16:00:00.000,D17,LA MAISON A L'ENVERS,0.00,1.00,1.0,16,0,44,28,10,2025
285067,2025-10-28 17:00:00.000,D17,LA MAISON A L'ENVERS,0.00,1.00,1.0,17,0,44,28,10,2025
285085,2025-10-28 18:00:00.000,D17,LA MAISON A L'ENVERS,0.00,1.00,1.0,18,0,44,28,10,2025
285103,2025-10-28 19:00:00.000,D17,LA MAISON A L'ENVERS,0.00,1.00,1.0,19,0,44,28,10,2025
285121,2025-10-28 20:00:00.000,D17,LA MAISON A L'ENVERS,0.00,1.00,1.0,20,0,44,28,10,2025
285139,2025-10-28 21:00:00.000,D17,LA MAISON A L'ENVERS,0.00,1.00,1.0,21,0,44,28,10,2025
285157,2025-10-28 22:00:00.000,D17,LA MAISON A L'ENVERS,0.00,1.00,1.0,22,0,44,28,10,2025
285175,2025-10-28 23:00:00.000,D17,LA MAISON A L'ENVERS,0.00,1.00,1.0,23,0,44,28,10,2025
285193,2025-10-29 00:00:00.000,D17,LA MAISON A L'ENVERS,0.00,1.00,1.0,0,0,44,29,10,2025
285211,2025-10-29 01:00:00.000,D17,LA MAISON A L'ENVERS,0.00,1.00,1.0,1,0,44,29,10,2025
285229,2025-10-29 02:00:00.000,D17,LA MAISON A L'ENVERS,0.00,1.00,1.0,2,0,44,29,10,2025
285247,2025-10-29 03:00:00.000,D17,LA MAISON A L'ENVERS,0.00,1.00,1.0,3,0,44,29,10,2025
285265,2025-10-29 04:00:00.000,D17,LA MAISON A L'ENVERS,0.00,1.00,1.0,4,0,44,29,10,2025
285283,2025-10-29 05:00:00.000,D17,LA MAISON A L'ENVERS,0.00,1.00,1.0,5,0,44,29,10,2025
285301,2025-10-29 06:00:00.000,D17,LA MAISON A L'ENVERS,0.00,1.00,1.0,6,0,44,29,10,2025
285319,2025-10-29 07:00:00.000,D17,LA MAISON A L'ENVERS,0.00,0.00,0.0,7,0,44,29,10,2025
285337,2025-10-29 08:00:00.000,D17,LA MAISON A L'ENVERS,0.00,0.00,0.0,8,0,44,29,10,2025
285355,2025-10-29 09:00:00.000,D17,LA MAISON A L'ENVERS,0.00,0.00,0.0,9,0,44,29,10,2025
285373,2025-10-29 10:00:00.000,D17,LA MAISON A L'ENVERS,0.00,0.60,0.6,10,0,44,29,10,2025
285391,2025-10-29 11:00:00.000,D17,LA MAISON A L'ENVERS,0.00,1.00,1.0,11,0,44,29,10,2025
285409,2025-10-29 12:00:00.000,D17,LA MAISON A L'ENVERS,0.00,1.00,1.0,12,0,44,29,10,2025
285427,2025-10-29 13:00:00.000,D17,LA MAISON A L'ENVERS,0.00,1.00,1.0,13,0,44,29,10,2025
285445,2025-10-29 14:00:00.000,D17,LA MAISON A L'ENVERS,0.00,1.00,1.0,14,0,44,29,10,2025
285463,2025-10-29 15:00:00.000,D17,LA MAISON A L'ENVERS,0.00,1.00,1.0,15,0,44,29,10,2025
285481,2025-10-29 16:00:00.000,D17,LA MAISON A L'ENVERS,0.00,1.00,1.0,16,0,44,29,10,2025
285499,2025-10-29 17:00:00.000,D17,LA MAISON A L'ENVERS,0.00,1.00,1.0,17,0,44,29,10,2025
285517,2025-10-29 18:00:00.000,D17,LA MAISON A L'ENVERS,0.00,1.00,1.0,18,0,44,29,10,2025
285535,2025-10-29 19:00:00.000,D17,LA MAISON A L'ENVERS,0.00,1.00,1.0,19,0,44,29,10,2025
285553,2025-10-29 20:00:00.000,D17,LA MAISON A L'ENVERS,0.00,1.00,1.0,20,0,44,29,10,2025
285571,2025-10-29 21:00:00.000,D17,LA MAISON A L'ENVERS,0.00,1.00,1.0,21,0,44,29,10,2025
285589,2025-10-29 22:00:00.000,D17,LA MAISON A L'ENVERS,0.00,1.00,1.0,22,0,44,29,10,2025
285607,2025-10-29 23:00:00.000,D17,LA MAISON A L'ENVERS,0.00,1.00,1.0,23,0,44,29,10,2025
285625,2025-10-30 00:00:00.000,D17,LA MAISON A L'ENVERS,0.00,1.00,1.0,0,0,44,30,10,2025
285643,2025-10-30 01:00:00.000,D17,LA MAISON A L'ENVERS,0.00,1.00,1.0,1,0,44,30,10,2025
285661,2025-10-30 02:00:00.000,D17,LA MAISON A L'ENVERS,0.00,1.00,1.0,2,0,44,30,10,2025
285679,2025-10-30 03:00:00.000,D17,LA MAISON A L'ENVERS,0.00,1.00,1.0,3,0,44,30,10,2025
285697,2025-10-30 04:00:00.000,D17,LA MAISON A L'ENVERS,0.00,1.00,1.0,4,0,44,30,10,2025
285715,2025-10-30 05:00:00.000,D17,LA MAISON A L'ENVERS,0.00,1.00,1.0,5,0,44,30,10,2025
285733,2025-10-30 06:00:00.000,D17,LA MAISON A L'ENVERS,0.00,1.00,1.0,6,0,44,30,10,2025
285751,2025-10-30 07:00:00.000,D17,LA MAISON A L'ENVERS,0.00,0.00,0.0,7,0,44,30,10,2025
285769,2025-10-30 08:00:00.000,D17,LA MAISON A L'ENVERS,0.00,0.00,0.0,8,0,44,30,10,2025
285787,2025-10-30 09:00:00.000,D17,LA MAISON A L'ENVERS,0.00,0.00,0.0,9,0,44,30,10,2025
285805,2025-10-30 10:00:00.000,D17,LA MAISON A L'ENVERS,0.00,0.60,0.6,10,0,44,30,10,2025
285823,2025-10-30 11:00:00.000,D17,LA MAISON A L'ENVERS,0.00,1.00,1.0,11,0,44,30,10,2025
285841,2025-10-30 12:00:00.000,D17,LA MAISON A L'ENVERS,0.00,1.00,1.0,12,0,44,30,10,2025
285859,2025-10-30 13:00:00.000,D17,LA MAISON A L'ENVERS,0.00,1.00,1.0,13,0,44,30,10,2025
285877,2025-10-30 14:00:00.000,D17,LA MAISON A L'ENVERS,0.00,1.00,1.0,14,0,44,30,10,2025
285895,2025-10-30 15:00:00.000,D17,LA MAISON A L'ENVERS,0.00,1.00,1.0,15,0,44,30,10,2025
285913,2025-10-30 16:00:00.000,D17,LA MAISON A L'ENVERS,0.00,1.00,1.0,16,0,44,30,10,2025
285931,2025-10-30 17:00:00.000,D17,LA MAISON A L'ENVERS,0.00,1.00,1.0,17,0,44,30,10,2025
285949,2025-10-30 18:00:00.000,D17,LA MAISON A L'ENVERS,0.00,1.00,1.0,18,0,44,30,10,2025
285967,2025-10-30 19:00:00.000,D17,LA MAISON A L'ENVERS,0.20,0.35,0.15,19,0,44,30,10,2025
285985,2025-10-30 20:00:00.000,D17,LA MAISON A L'ENVERS,0.00,0.00,0.0,20,0,44,30,10,2025
286003,2025-10-30 21:00:00.000,D17,LA MAISON A L'ENVERS,0.00,0.00,0.0,21,0,44,30,10,2025
286021,2025-10-30 22:00:00.000,D17,LA MAISON A L'ENVERS,0.00,0.00,0.0,22,0,44,30,10,2025
286039,2025-10-30 23:00:00.000,D17,LA MAISON A L'ENVERS,0.00,0.00,0.0,23,0,44,30,10,2025
286057,2025-10-31 00:00:00.000,D17,LA MAISON A L'ENVERS,0.00,0.00,0.0,0,0,44,31,10,2025
286075,2025-10-31 01:00:00.000,D17,LA MAISON A L'ENVERS,0.00,0.00,0.0,1,0,44,31,10,2025
286093,2025-10-31 02:00:00.000,D17,LA MAISON A L'ENVERS,0.00,0.00,0.0,2,0,44,31,10,2025
286111,2025-10-31 03:00:00.000,D17,LA MAISON A L'ENVERS,0.00,0.00,0.0,3,0,44,31,10,2025
286129,2025-10-31 04:00:00.000,D17,LA MAISON A L'ENVERS,0.00,0.00,0.0,4,0,44,31,10,2025
286147,2025-10-31 05:00:00.000,D17,LA MAISON A L'ENVERS,0.00,0.00,0.0,5,0,44,31,10,2025
286165,2025-10-31 06:00:00.000,D17,LA MAISON A L'ENVERS,0.00,0.00,0.0,6,0,44,31,10,2025
286183,2025-10-31 07:00:00.000,D17,LA MAISON A L'ENVERS,0.00,0.00,0.0,7,0,44,31,10,2025
286201,2025-10-31 08:00:00.000,D17,LA MAISON A L'ENVERS,0.00,0.00,0.0,8,0,44,31,10,2025
286219,2025-10-31 09:00:00.000,D17,LA MAISON A L'ENVERS,0.00,0.00,0.0,9,0,44,31,10,2025
286237,2025-10-31 10:00:00.000,D17,LA MAISON A L'ENVERS,0.00,0.45,0.45,10,0,44,31,10,2025
286255,2025-10-31 11:00:00.000,D17,LA MAISON A L'ENVERS,0.00,1.00,1.0,11,0,44,31,10,2025
286273,2025-10-31 12:00:00.000,D17,LA MAISON A L'ENVERS,0.00,1.00,1.0,12,0,44,31,10,2025
286291,2025-10-31 13:00:00.000,D17,LA MAISON A L'ENVERS,0.00,1.00,1.0,13,0,44,31,10,2025
286309,2025-10-31 14:00:00.000,D17,LA MAISON A L'ENVERS,0.00,1.00,1.0,14,0,44,31,10,2025
286327,2025-10-31 15:00:00.000,D17,LA MAISON A L'ENVERS,0.00,1.00,1.0,15,0,44,31,10,2025
286345,2025-10-31 16:00:00.000,D17,LA MAISON A L'ENVERS,0.00,1.00,1.0,16,0,44,31,10,2025
286363,2025-10-31 17:00:00.000,D17,LA MAISON A L'ENVERS,0.00,1.00,1.0,17,0,44,31,10,2025
286381,2025-10-31 18:00:00.000,D17,LA MAISON A L'ENVERS,0.00,1.00,1.0,18,0,44,31,10,2025
286399,2025-10-31 19:00:00.000,D17,LA MAISON A L'ENVERS,0.00,1.00,1.0,19,0,44,31,10,2025
286417,2025-10-31 20:00:00.000,D17,LA MAISON A L'ENVERS,0.00,1.00,1.0,20,0,44,31,10,2025
286435,2025-10-31 21:00:00.000,D17,LA MAISON A L'ENVERS,0.00,0.40,0.4,21,0,44,31,10,2025
286453,2025-10-31 22:00:00.000,D17,LA MAISON A L'ENVERS,0.00,0.00,0.0,22,0,44,31,10,2025
286471,2025-10-31 23:00:00.000,D17,LA MAISON A L'ENVERS,0.00,0.00,0.0,23,0,44,31,10,2025
286489,2025-11-01 00:00:00.000,D17,LA MAISON A L'ENVERS,0.00,0.00,0.0,0,0,44,1,11,2025
286507,2025-11-01 01:00:00.000,D17,LA MAISON A L'ENVERS,0.00,0.00,0.0,1,0,44,1,11,2025
286525,2025-11-01 02:00:00.000,D17,LA MAISON A L'ENVERS,0.00,0.00,0.0,2,0,44,1,11,2025
286543,2025-11-01 03:00:00.000,D17,LA MAISON A L'ENVERS,0.00,0.00,0.0,3,0,44,1,11,2025
286561,2025-11-01 04:00:00.000,D17,LA MAISON A L'ENVERS,0.00,0.00,0.0,4,0,44,1,11,2025
286579,2025-11-01 05:00:00.000,D17,LA MAISON A L'ENVERS,0.00,0.00,0.0,5,0,44,1,11,2025
286597,2025-11-01 06:00:00.000,D17,LA MAISON A L'ENVERS,0.00,0.00,0.0,6,0,44,1,11,2025
286615,2025-11-01 07:00:00.000,D17,LA MAISON A L'ENVERS,0.00,0.00,0.0,7,0,44,1,11,2025
286633,2025-11-01 08:00:00.000,D17,LA MAISON A L'ENVERS,0.00,0.00,0.0,8,0,44,1,11,2025
286651,2025-11-01 09:00:00.000,D17,LA MAISON A L'ENVERS,0.00,0.00,0.0,9,0,44,1,11,2025
286669,2025-11-01 10:00:00.000,D17,LA MAISON A L'ENVERS,0.00,0.00,0.0,10,0,44,1,11,2025
286687,2025-11-01 11:00:00.000,D17,LA MAISON A L'ENVERS,0.00,0.00,0.0,11,0,44,1,11,2025
286705,2025-11-01 12:00:00.000,D17,LA MAISON A L'ENVERS,0.00,0.00,0.0,12,0,44,1,11,2025
286723,2025-11-01 13:00:00.000,D17,LA MAISON A L'ENVERS,0.00,0.00,0.0,13,0,44,1,11,2025
286741,2025-11-01 14:00:00.000,D17,LA MAISON A L'ENVERS,0.00,0.00,0.0,14,0,44,1,11,2025
286759,2025-11-01 15:00:00.000,D17,LA MAISON A L'ENVERS,0.00,0.85,0.85,15,0,44,1,11,2025
286777,2025-11-01 16:00:00.000,D17,LA MAISON A L'ENVERS,0.00,1.00,1.0,16,0,44,1,11,2025
286795,2025-11-01 17:00:00.000,D17,LA MAISON A L'ENVERS,0.00,1.00,1.0,17,0,44,1,11,2025
286813,2025-11-01 18:00:00.000,D17,LA MAISON A L'ENVERS,0.00,1.00,1.0,18,0,44,1,11,2025
286831,2025-11-01 19:00:00.000,D17,LA MAISON A L'ENVERS,0.00,1.00,1.0,19,0,44,1,11,2025
286849,2025-11-01 20:00:00.000,D17,LA MAISON A L'ENVERS,0.00,1.00,1.0,20,0,44,1,11,2025
286867,2025-11-01 21:00:00.000,D17,LA MAISON A L'ENVERS,0.00,0.60,0.6,21,0,44,1,11,2025
286885,2025-11-01 22:00:00.000,D17,LA MAISON A L'ENVERS,0.00,0.00,0.0,22,0,44,1,11,2025
286903,2025-11-01 23:00:00.000,D17,LA MAISON A L'ENVERS,0.00,0.00,0.0,23,0,44,1,11,2025
286921,2025-11-02 00:00:00.000,D17,LA MAISON A L'ENVERS,0.00,0.00,0.0,0,0,45,2,11,2025
286939,2025-11-02 01:00:00.000,D17,LA MAISON A L'ENVERS,0.00,0.00,0.0,1,0,45,2,11,2025
286957,2025-11-02 02:00:00.000,D17,LA MAISON A L'ENVERS,0.00,0.00,0.0,2,0,45,2,11,2025
286975,2025-11-02 03:00:00.000,D17,LA MAISON A L'ENVERS,0.00,0.00,0.0,3,0,45,2,11,2025
286993,2025-11-02 04:00:00.000,D17,LA MAISON A L'ENVERS,0.00,0.00,0.0,4,0,45,2,11,2025
287011,2025-11-02 05:00:00.000,D17,LA MAISON A L'ENVERS,0.00,0.00,0.0,5,0,45,2,11,2025
287029,2025-11-02 06:00:00.000,D17,LA MAISON A L'ENVERS,0.00,0.00,0.0,6,0,45,2,11,2025
287047,2025-11-02 07:00:00.000,D17,LA MAISON A L'ENVERS,0.00,0.00,0.0,7,0,45,2,11,2025
287065,2025-11-02 08:00:00.000,D17,LA MAISON A L'ENVERS,0.00,0.00,0.0,8,0,45,2,11,2025
287083,2025-11-02 09:00:00.000,D17,LA MAISON A L'ENVERS,0.00,0.00,0.0,9,0,45,2,11,2025
287101,2025-11-02 10:00:00.000,D17,LA MAISON A L'ENVERS,0.00,0.45,0.45,10,0,45,2,11,2025
287119,2025-11-02 11:00:00.000,D17,LA MAISON A L'ENVERS,0.00,1.00,1.0,11,0,45,2,11,2025
287137,2025-11-02 12:00:00.000,D17,LA MAISON A L'ENVERS,0.00,1.00,1.0,12,0,45,2,11,2025
287155,2025-11-02 13:00:00.000,D17,LA MAISON A L'ENVERS,0.00,1.00,1.0,13,0,45,2,11,2025
287173,2025-11-02 14:00:00.000,D17,LA MAISON A L'ENVERS,0.00,1.00,1.0,14,0,45,2,11,2025
287191,2025-11-02 15:00:00.000,D17,LA MAISON A L'ENVERS,0.00,1.00,1.0,15,0,45,2,11,2025
287209,2025-11-02 16:00:00.000,D17,LA MAISON A L'ENVERS,0.00,1.00,1.0,16,0,45,2,11,2025
287227,2025-11-02 17:00:00.000,D17,LA MAISON A L'ENVERS,0.00,0.95,0.95,17,0,45,2,11,2025
287245,2025-11-02 18:00:00.000,D17,LA MAISON A L'ENVERS,0.00,0.00,0.0,18,0,45,2,11,2025
287263,2025-11-02 19:00:00.000,D17,LA MAISON A L'ENVERS,0.00,0.00,0.0,19,0,45,2,11,2025
287281,2025-11-02 20:00:00.000,D17,LA MAISON A L'ENVERS,0.00,0.00,0.0,20,0,45,2,11,2025
287299,2025-11-02 21:00:00.000,D17,LA MAISON A L'ENVERS,0.00,0.00,0.0,21,0,45,2,11,2025
287317,2025-11-02 22:00:00.000,D17,LA MAISON A L'ENVERS,0.00,0.00,0.0,22,0,45,2,11,2025
287335,2025-11-02 23:00:00.000,D17,LA MAISON A L'ENVERS,0.00,0.00,0.0,23,0,45,2,11,2025
287353,2025-11-03 00:00:00.000,D17,LA MAISON A L'ENVERS,0.00,0.00,0.0,0,0,45,3,11,2025
287371,2025-11-03 01:00:00.000,D17,LA MAISON A L'ENVERS,0.00,0.00,0.0,1,0,45,3,11,2025
287389,2025-11-03 02:00:00.000,D17,LA MAISON A L'ENVERS,0.00,0.00,0.0,2,0,45,3,11,2025
287407,2025-11-03 03:00:00.000,D17,LA MAISON A L'ENVERS,0.00,0.00,0.0,3,0,45,3,11,2025
287425,2025-11-03 04:00:00.000,D17,LA MAISON A L'ENVERS,0.00,0.00,0.0,4,0,45,3,11,2025
287443,2025-11-03 05:00:00.000,D17,LA MAISON A L'ENVERS,0.00,0.00,0.0,5,0,45,3,11,2025
287461,2025-11-03 06:00:00.000,D17,LA MAISON A L'ENVERS,0.00,0.00,0.0,6,0,45,3,11,2025
288215,2025-11-08 07:00:00.000,D17,LA MAISON A L'ENVERS,0.00,0.00,0.0,7,0,45,8,11,2025
288233,2025-11-08 08:00:00.000,D17,LA MAISON A L'ENVERS,0.00,0.00,0.0,8,0,45,8,11,2025
288251,2025-11-08 09:00:00.000,D17,LA MAISON A L'ENVERS,0.00,0.00,0.0,9,0,45,8,11,2025
288269,2025-11-08 10:00:00.000,D17,LA MAISON A L'ENVERS,0.00,0.00,0.0,10,0,45,8,11,2025
288287,2025-11-08 11:00:00.000,D17,LA MAISON A L'ENVERS,0.00,0.35,0.35,11,0,45,8,11,2025
288305,2025-11-08 12:00:00.000,D17,LA MAISON A L'ENVERS,0.00,1.00,1.0,12,0,45,8,11,2025
288323,2025-11-08 13:00:00.000,D17,LA MAISON A L'ENVERS,0.00,1.00,1.0,13,0,45,8,11,2025
288341,2025-11-08 14:00:00.000,D17,LA MAISON A L'ENVERS,0.00,1.00,1.0,14,0,45,8,11,2025
288359,2025-11-08 15:00:00.000,D17,LA MAISON A L'ENVERS,0.00,1.00,1.0,15,0,45,8,11,2025
288377,2025-11-08 16:00:00.000,D17,LA MAISON A L'ENVERS,0.00,1.00,1.0,16,0,45,8,11,2025
288395,2025-11-08 17:00:00.000,D17,LA MAISON A L'ENVERS,0.00,1.00,1.0,17,0,45,8,11,2025
288413,2025-11-08 18:00:00.000,D17,LA MAISON A L'ENVERS,0.00,1.00,1.0,18,0,45,8,11,2025
288431,2025-11-08 19:00:00.000,D17,LA MAISON A L'ENVERS,0.00,1.00,1.0,19,0,45,8,11,2025
288449,2025-11-08 20:00:00.000,D17,LA MAISON A L'ENVERS,0.00,1.00,1.0,20,0,45,8,11,2025
288467,2025-11-08 21:00:00.000,D17,LA MAISON A L'ENVERS,0.00,0.60,0.6,21,0,45,8,11,2025
288485,2025-11-08 22:00:00.000,D17,LA MAISON A L'ENVERS,0.00,0.00,0.0,22,0,45,8,11,2025
288503,2025-11-08 23:00:00.000,D17,LA MAISON A L'ENVERS,0.00,0.00,0.0,23,0,45,8,11,2025
288521,2025-11-09 00:00:00.000,D17,LA MAISON A L'ENVERS,0.00,0.00,0.0,0,0,46,9,11,2025
288539,2025-11-09 01:00:00.000,D17,LA MAISON A L'ENVERS,0.00,0.00,0.0,1,0,46,9,11,2025
288557,2025-11-09 02:00:00.000,D17,LA MAISON A L'ENVERS,0.00,0.00,0.0,2,0,46,9,11,2025
288575,2025-11-09 03:00:00.000,D17,LA MAISON A L'ENVERS,0.00,0.00,0.0,3,0,46,9,11,2025
288593,2025-11-09 04:00:00.000,D17,LA MAISON A L'ENVERS,0.00,0.00,0.0,4,0,46,9,11,2025
288611,2025-11-09 05:00:00.000,D17,LA MAISON A L'ENVERS,0.00,0.00,0.0,5,0,46,9,11,2025
288629,2025-11-09 06:00:00.000,D17,LA MAISON A L'ENVERS,0.00,0.00,0.0,6,0,46,9,11,2025
288647,2025-11-09 07:00:00.000,D17,LA MAISON A L'ENVERS,0.00,0.00,0.0,7,0,46,9,11,2025
288665,2025-11-09 08:00:00.000,D17,LA MAISON A L'ENVERS,0.00,0.00,0.0,8,0,46,9,11,2025
288683,2025-11-09 09:00:00.000,D17,LA MAISON A L'ENVERS,0.00,0.00,0.0,9,0,46,9,11,2025
288701,2025-11-09 10:00:00.000,D17,LA MAISON A L'ENVERS,0.00,0.40,0.4,10,0,46,9,11,2025
288719,2025-11-09 11:00:00.000,D17,LA MAISON A L'ENVERS,0.00,1.00,1.0,11,0,46,9,11,2025
288737,2025-11-09 12:00:00.000,D17,LA MAISON A L'ENVERS,0.00,1.00,1.0,12,0,46,9,11,2025
288755,2025-11-09 13:00:00.000,D17,LA MAISON A L'ENVERS,0.00,1.00,1.0,13,0,46,9,11,2025
288773,2025-11-09 14:00:00.000,D17,LA MAISON A L'ENVERS,0.00,1.00,1.0,14,0,46,9,11,2025
288791,2025-11-09 15:00:00.000,D17,LA MAISON A L'ENVERS,0.00,1.00,1.0,15,0,46,9,11,2025
288809,2025-11-09 16:00:00.000,D17,LA MAISON A L'ENVERS,0.00,1.00,1.0,16,0,46,9,11,2025
288827,2025-11-09 17:00:00.000,D17,LA MAISON A L'ENVERS,0.00,1.00,1.0,17,0,46,9,11,2025
288845,2025-11-09 18:00:00.000,D17,LA MAISON A L'ENVERS,0.00,1.00,1.0,18,0,46,9,11,2025
288863,2025-11-09 19:00:00.000,D17,LA MAISON A L'ENVERS,0.75,1.00,0.25,19,0,46,9,11,2025
288881,2025-11-09 20:00:00.000,D17,LA MAISON A L'ENVERS,0.60,0.60,0.0,20,0,46,9,11,2025
288899,2025-11-09 21:00:00.000,D17,LA MAISON A L'ENVERS,0.00,0.00,0.0,21,0,46,9,11,2025
288917,2025-11-09 22:00:00.000,D17,LA MAISON A L'ENVERS,0.00,0.00,0.0,22,0,46,9,11,2025
288935,2025-11-09 23:00:00.000,D17,LA MAISON A L'ENVERS,0.00,0.00,0.0,23,0,46,9,11,2025
288953,2025-11-10 00:00:00.000,D17,LA MAISON A L'ENVERS,0.00,0.00,0.0,0,0,46,10,11,2025
288971,2025-11-10 01:00:00.000,D17,LA MAISON A L'ENVERS,0.00,0.00,0.0,1,0,46,10,11,2025
288989,2025-11-10 02:00:00.000,D17,LA MAISON A L'ENVERS,0.00,0.00,0.0,2,0,46,10,11,2025
289007,2025-11-10 03:00:00.000,D17,LA MAISON A L'ENVERS,0.00,0.00,0.0,3,0,46,10,11,2025
289025,2025-11-10 04:00:00.000,D17,LA MAISON A L'ENVERS,0.00,0.00,0.0,4,0,46,10,11,2025
289043,2025-11-10 05:00:00.000,D17,LA MAISON A L'ENVERS,0.00,0.00,0.0,5,0,46,10,11,2025
289061,2025-11-10 06:00:00.000,D17,LA MAISON A L'ENVERS,0.00,0.00,0.0,6,0,46,10,11,2025
289079,2025-11-10 07:00:00.000,D17,LA MAISON A L'ENVERS,0.00,0.00,0.0,7,0,46,10,11,2025
289097,2025-11-10 08:00:00.000,D17,LA MAISON A L'ENVERS,0.00,0.00,0.0,8,0,46,10,11,2025
289115,2025-11-10 09:00:00.000,D17,LA MAISON A L'ENVERS,0.00,0.00,0.0,9,0,46,10,11,2025
289133,2025-11-10 10:00:00.000,D17,LA MAISON A L'ENVERS,0.00,0.20,0.2,10,0,46,10,11,2025
289151,2025-11-10 11:00:00.000,D17,LA MAISON A L'ENVERS,0.00,1.00,1.0,11,0,46,10,11,2025
289169,2025-11-10 12:00:00.000,D17,LA MAISON A L'ENVERS,0.00,1.00,1.0,12,0,46,10,11,2025
289187,2025-11-10 13:00:00.000,D17,LA MAISON A L'ENVERS,0.00,1.00,1.0,13,0,46,10,11,2025
289205,2025-11-10 14:00:00.000,D17,LA MAISON A L'ENVERS,0.00,1.00,1.0,14,0,46,10,11,2025
289223,2025-11-10 15:00:00.000,D17,LA MAISON A L'ENVERS,0.00,1.00,1.0,15,0,46,10,11,2025
289241,2025-11-10 16:00:00.000,D17,LA MAISON A L'ENVERS,0.00,1.00,1.0,16,0,46,10,11,2025
289259,2025-11-10 17:00:00.000,D17,LA MAISON A L'ENVERS,0.00,1.00,1.0,17,0,46,10,11,2025
289277,2025-11-10 18:00:00.000,D17,LA MAISON A L'ENVERS,0.00,1.00,1.0,18,0,46,10,11,2025
289295,2025-11-10 19:00:00.000,D17,LA MAISON A L'ENVERS,0.00,1.00,1.0,19,0,46,10,11,2025
289313,2025-11-10 20:00:00.000,D17,LA MAISON A L'ENVERS,0.00,1.00,1.0,20,0,46,10,11,2025
289331,2025-11-10 21:00:00.000,D17,LA MAISON A L'ENVERS,0.00,1.00,1.0,21,0,46,10,11,2025
289349,2025-11-10 22:00:00.000,D17,LA MAISON A L'ENVERS,0.00,1.00,1.0,22,0,46,10,11,2025
289367,2025-11-10 23:00:00.000,D17,LA MAISON A L'ENVERS,0.00,1.00,1.0,23,0,46,10,11,2025
289385,2025-11-11 00:00:00.000,D17,LA MAISON A L'ENVERS,0.00,1.00,1.0,0,0,46,11,11,2025
289403,2025-11-11 01:00:00.000,D17,LA MAISON A L'ENVERS,0.00,1.00,1.0,1,0,46,11,11,2025
289421,2025-11-11 02:00:00.000,D17,LA MAISON A L'ENVERS,0.00,1.00,1.0,2,0,46,11,11,2025
289439,2025-11-11 03:00:00.000,D17,LA MAISON A L'ENVERS,0.00,1.00,1.0,3,0,46,11,11,2025
289457,2025-11-11 04:00:00.000,D17,LA MAISON A L'ENVERS,0.00,1.00,1.0,4,0,46,11,11,2025
289475,2025-11-11 05:00:00.000,D17,LA MAISON A L'ENVERS,0.00,1.00,1.0,5,0,46,11,11,2025
289493,2025-11-11 06:00:00.000,D17,LA MAISON A L'ENVERS,0.00,1.00,1.0,6,0,46,11,11,2025
289510,2025-11-11 07:00:00.000,D17,LA MAISON A L'ENVERS,0.00,0.00,0.0,7,0,46,11,11,2025
289527,2025-11-11 08:00:00.000,D17,LA MAISON A L'ENVERS,0.00,0.00,0.0,8,0,46,11,11,2025
289544,2025-11-11 09:00:00.000,D17,LA MAISON A L'ENVERS,0.00,0.00,0.0,9,0,46,11,11,2025
289561,2025-11-11 10:00:00.000,D17,LA MAISON A L'ENVERS,0.00,0.00,0.0,10,0,46,11,11,2025
289578,2025-11-11 11:00:00.000,D17,LA MAISON A L'ENVERS,0.00,0.00,0.0,11,0,46,11,11,2025
289595,2025-11-11 12:00:00.000,D17,LA MAISON A L'ENVERS,0.00,0.00,0.0,12,0,46,11,11,2025
289612,2025-11-11 13:00:00.000,D17,LA MAISON A L'ENVERS,0.00,0.00,0.0,13,0,46,11,11,2025
289629,2025-11-11 14:00:00.000,D17,LA MAISON A L'ENVERS,0.00,0.00,0.0,14,0,46,11,11,2025
289646,2025-11-11 15:00:00.000,D17,LA MAISON A L'ENVERS,0.00,0.00,0.0,15,0,46,11,11,2025
289663,2025-11-11 16:00:00.000,D17,LA MAISON A L'ENVERS,0.00,0.00,0.0,16,0,46,11,11,2025
289680,2025-11-11 17:00:00.000,D17,LA MAISON A L'ENVERS,0.00,0.00,0.0,17,0,46,11,11,2025
289697,2025-11-11 18:00:00.000,D17,LA MAISON A L'ENVERS,0.00,0.00,0.0,18,0,46,11,11,2025
289714,2025-11-11 19:00:00.000,D17,LA MAISON A L'ENVERS,0.00,0.00,0.0,19,0,46,11,11,2025
289731,2025-11-11 20:00:00.000,D17,LA MAISON A L'ENVERS,0.00,0.00,0.0,20,0,46,11,11,2025
289748,2025-11-11 21:00:00.000,D17,LA MAISON A L'ENVERS,0.00,0.00,0.0,21,0,46,11,11,2025
289765,2025-11-11 22:00:00.000,D17,LA MAISON A L'ENVERS,0.00,0.00,0.0,22,0,46,11,11,2025
289782,2025-11-11 23:00:00.000,D17,LA MAISON A L'ENVERS,0.00,0.00,0.0,23,0,46,11,11,2025
289799,2025-11-12 00:00:00.000,D17,LA MAISON A L'ENVERS,0.00,0.00,0.0,0,0,46,12,11,2025
289816,2025-11-12 01:00:00.000,D17,LA MAISON A L'ENVERS,0.00,0.00,0.0,1,0,46,12,11,2025
289833,2025-11-12 02:00:00.000,D17,LA MAISON A L'ENVERS,0.00,0.00,0.0,2,0,46,12,11,2025
289850,2025-11-12 03:00:00.000,D17,LA MAISON A L'ENVERS,0.00,0.00,0.0,3,0,46,12,11,2025
289867,2025-11-12 04:00:00.000,D17,LA MAISON A L'ENVERS,0.00,0.00,0.0,4,0,46,12,11,2025
289884,2025-11-12 05:00:00.000,D17,LA MAISON A L'ENVERS,0.00,0.00,0.0,5,0,46,12,11,2025
289901,2025-11-12 06:00:00.000,D17,LA MAISON A L'ENVERS,0.00,0.00,0.0,6,0,46,12,11,2025
289918,2025-11-12 07:00:00.000,D17,LA MAISON A L'ENVERS,0.00,0.00,0.0,7,0,46,12,11,2025
289949,2025-11-15 07:00:00.000,D17,LA MAISON A L'ENVERS,0.00,0.00,0.0,7,0,46,15,11,2025
289967,2025-11-15 08:00:00.000,D17,LA MAISON A L'ENVERS,0.00,0.00,0.0,8,0,46,15,11,2025
289985,2025-11-15 09:00:00.000,D17,LA MAISON A L'ENVERS,0.00,0.00,0.0,9,0,46,15,11,2025
290003,2025-11-15 10:00:00.000,D17,LA MAISON A L'ENVERS,0.00,0.25,0.25,10,0,46,15,11,2025
290021,2025-11-15 11:00:00.000,D17,LA MAISON A L'ENVERS,0.00,1.00,1.0,11,0,46,15,11,2025
290039,2025-11-15 12:00:00.000,D17,LA MAISON A L'ENVERS,0.00,1.00,1.0,12,0,46,15,11,2025
290057,2025-11-15 13:00:00.000,D17,LA MAISON A L'ENVERS,0.00,1.00,1.0,13,0,46,15,11,2025
290075,2025-11-15 14:00:00.000,D17,LA MAISON A L'ENVERS,0.00,1.00,1.0,14,0,46,15,11,2025
290093,2025-11-15 15:00:00.000,D17,LA MAISON A L'ENVERS,0.00,1.00,1.0,15,0,46,15,11,2025
290111,2025-11-15 16:00:00.000,D17,LA MAISON A L'ENVERS,0.00,1.00,1.0,16,0,46,15,11,2025
290129,2025-11-15 17:00:00.000,D17,LA MAISON A L'ENVERS,0.00,1.00,1.0,17,0,46,15,11,2025
290147,2025-11-15 18:00:00.000,D17,LA MAISON A L'ENVERS,0.20,0.85,0.65,18,0,46,15,11,2025
290165,2025-11-15 19:00:00.000,D17,LA MAISON A L'ENVERS,1.00,0.00,0.0,19,0,46,15,11,2025
290183,2025-11-15 20:00:00.000,D17,LA MAISON A L'ENVERS,0.15,0.00,0.0,20,0,46,15,11,2025
290201,2025-11-15 21:00:00.000,D17,LA MAISON A L'ENVERS,0.00,0.00,0.0,21,0,46,15,11,2025
290219,2025-11-15 22:00:00.000,D17,LA MAISON A L'ENVERS,0.00,0.00,0.0,22,0,46,15,11,2025
290237,2025-11-15 23:00:00.000,D17,LA MAISON A L'ENVERS,0.00,0.00,0.0,23,0,46,15,11,2025
290255,2025-11-16 00:00:00.000,D17,LA MAISON A L'ENVERS,0.00,0.00,0.0,0,0,47,16,11,2025
290273,2025-11-16 01:00:00.000,D17,LA MAISON A L'ENVERS,0.00,0.00,0.0,1,0,47,16,11,2025
290291,2025-11-16 02:00:00.000,D17,LA MAISON A L'ENVERS,0.00,0.00,0.0,2,0,47,16,11,2025
290309,2025-11-16 03:00:00.000,D17,LA MAISON A L'ENVERS,0.00,0.00,0.0,3,0,47,16,11,2025
290327,2025-11-16 04:00:00.000,D17,LA MAISON A L'ENVERS,0.00,0.00,0.0,4,0,47,16,11,2025
290345,2025-11-16 05:00:00.000,D17,LA MAISON A L'ENVERS,0.00,0.00,0.0,5,0,47,16,11,2025
290363,2025-11-16 06:00:00.000,D17,LA MAISON A L'ENVERS,0.00,0.00,0.0,6,0,47,16,11,2025
290381,2025-11-16 07:00:00.000,D17,LA MAISON A L'ENVERS,0.00,0.00,0.0,7,0,47,16,11,2025
290399,2025-11-16 08:00:00.000,D17,LA MAISON A L'ENVERS,0.00,0.00,0.0,8,0,47,16,11,2025
290417,2025-11-16 09:00:00.000,D17,LA MAISON A L'ENVERS,0.00,0.00,0.0,9,0,47,16,11,2025
290435,2025-11-16 10:00:00.000,D17,LA MAISON A L'ENVERS,0.00,0.00,0.0,10,0,47,16,11,2025
290453,2025-11-16 11:00:00.000,D17,LA MAISON A L'ENVERS,0.00,0.95,0.95,11,0,47,16,11,2025
290471,2025-11-16 12:00:00.000,D17,LA MAISON A L'ENVERS,0.00,1.00,1.0,12,0,47,16,11,2025
290489,2025-11-16 13:00:00.000,D17,LA MAISON A L'ENVERS,0.00,1.00,1.0,13,0,47,16,11,2025
290507,2025-11-16 14:00:00.000,D17,LA MAISON A L'ENVERS,0.00,1.00,1.0,14,0,47,16,11,2025
290525,2025-11-16 15:00:00.000,D17,LA MAISON A L'ENVERS,0.00,1.00,1.0,15,0,47,16,11,2025
290543,2025-11-16 16:00:00.000,D17,LA MAISON A L'ENVERS,0.00,1.00,1.0,16,0,47,16,11,2025
290561,2025-11-16 17:00:00.000,D17,LA MAISON A L'ENVERS,0.00,0.50,0.5,17,0,47,16,11,2025
290579,2025-11-16 18:00:00.000,D17,LA MAISON A L'ENVERS,0.00,0.00,0.0,18,0,47,16,11,2025
290597,2025-11-16 19:00:00.000,D17,LA MAISON A L'ENVERS,0.00,0.00,0.0,19,0,47,16,11,2025
290615,2025-11-16 20:00:00.000,D17,LA MAISON A L'ENVERS,0.00,0.00,0.0,20,0,47,16,11,2025
290633,2025-11-16 21:00:00.000,D17,LA MAISON A L'ENVERS,0.00,0.00,0.0,21,0,47,16,11,2025
290651,2025-11-16 22:00:00.000,D17,LA MAISON A L'ENVERS,0.00,0.00,0.0,22,0,47,16,11,2025
290669,2025-11-16 23:00:00.000,D17,LA MAISON A L'ENVERS,0.00,0.00,0.0,23,0,47,16,11,2025
290687,2025-11-17 00:00:00.000,D17,LA MAISON A L'ENVERS,0.00,0.00,0.0,0,0,47,17,11,2025
290705,2025-11-17 01:00:00.000,D17,LA MAISON A L'ENVERS,0.00,0.00,0.0,1,0,47,17,11,2025
290723,2025-11-17 02:00:00.000,D17,LA MAISON A L'ENVERS,0.00,0.00,0.0,2,0,47,17,11,2025
290741,2025-11-17 03:00:00.000,D17,LA MAISON A L'ENVERS,0.00,0.00,0.0,3,0,47,17,11,2025
290759,2025-11-17 04:00:00.000,D17,LA MAISON A L'ENVERS,0.00,0.00,0.0,4,0,47,17,11,2025
290777,2025-11-17 05:00:00.000,D17,LA MAISON A L'ENVERS,0.00,0.00,0.0,5,0,47,17,11,2025
290795,2025-11-17 06:00:00.000,D17,LA MAISON A L'ENVERS,0.00,0.00,0.0,6,0,47,17,11,2025
290813,2025-11-22 07:00:00.000,D17,LA MAISON A L'ENVERS,0.00,0.00,0.0,7,0,47,22,11,2025
290830,2025-11-22 08:00:00.000,D17,LA MAISON A L'ENVERS,0.00,0.00,0.0,8,0,47,22,11,2025
290847,2025-11-22 09:00:00.000,D17,LA MAISON A L'ENVERS,0.00,0.00,0.0,9,0,47,22,11,2025
290864,2025-11-22 10:00:00.000,D17,LA MAISON A L'ENVERS,0.00,0.00,0.0,10,0,47,22,11,2025
290881,2025-11-22 11:00:00.000,D17,LA MAISON A L'ENVERS,0.00,0.90,0.9,11,0,47,22,11,2025
290898,2025-11-22 12:00:00.000,D17,LA MAISON A L'ENVERS,0.00,1.00,1.0,12,0,47,22,11,2025
290915,2025-11-22 13:00:00.000,D17,LA MAISON A L'ENVERS,0.00,1.00,1.0,13,0,47,22,11,2025
290932,2025-11-22 14:00:00.000,D17,LA MAISON A L'ENVERS,0.00,1.00,1.0,14,0,47,22,11,2025
290949,2025-11-22 15:00:00.000,D17,LA MAISON A L'ENVERS,0.00,1.00,1.0,15,0,47,22,11,2025
290966,2025-11-22 16:00:00.000,D17,LA MAISON A L'ENVERS,0.00,1.00,1.0,16,0,47,22,11,2025
290984,2025-11-22 17:00:00.000,D17,LA MAISON A L'ENVERS,0.00,1.00,1.0,17,0,47,22,11,2025
291002,2025-11-22 18:00:00.000,D17,LA MAISON A L'ENVERS,0.00,1.00,1.0,18,0,47,22,11,2025
291020,2025-11-22 19:00:00.000,D17,LA MAISON A L'ENVERS,0.00,0.10,0.1,19,0,47,22,11,2025
291038,2025-11-22 20:00:00.000,D17,LA MAISON A L'ENVERS,0.00,0.00,0.0,20,0,47,22,11,2025
291056,2025-11-22 21:00:00.000,D17,LA MAISON A L'ENVERS,0.00,0.00,0.0,21,0,47,22,11,2025
291074,2025-11-22 22:00:00.000,D17,LA MAISON A L'ENVERS,0.00,0.00,0.0,22,0,47,22,11,2025
291092,2025-11-22 23:00:00.000,D17,LA MAISON A L'ENVERS,0.00,0.00,0.0,23,0,47,22,11,2025
291110,2025-11-23 00:00:00.000,D17,LA MAISON A L'ENVERS,0.00,0.00,0.0,0,0,48,23,11,2025
291128,2025-11-23 01:00:00.000,D17,LA MAISON A L'ENVERS,0.00,0.00,0.0,1,0,48,23,11,2025
291146,2025-11-23 02:00:00.000,D17,LA MAISON A L'ENVERS,0.00,0.00,0.0,2,0,48,23,11,2025
291164,2025-11-23 03:00:00.000,D17,LA MAISON A L'ENVERS,0.00,0.00,0.0,3,0,48,23,11,2025
291182,2025-11-23 04:00:00.000,D17,LA MAISON A L'ENVERS,0.00,0.00,0.0,4,0,48,23,11,2025
291200,2025-11-23 05:00:00.000,D17,LA MAISON A L'ENVERS,0.00,0.00,0.0,5,0,48,23,11,2025
291218,2025-11-23 06:00:00.000,D17,LA MAISON A L'ENVERS,0.00,0.00,0.0,6,0,48,23,11,2025
291236,2025-11-23 07:00:00.000,D17,LA MAISON A L'ENVERS,0.00,0.00,0.0,7,0,48,23,11,2025
291254,2025-11-23 08:00:00.000,D17,LA MAISON A L'ENVERS,0.00,0.00,0.0,8,0,48,23,11,2025
291272,2025-11-23 09:00:00.000,D17,LA MAISON A L'ENVERS,0.00,0.00,0.0,9,0,48,23,11,2025
291290,2025-11-23 10:00:00.000,D17,LA MAISON A L'ENVERS,0.00,0.00,0.0,10,0,48,23,11,2025
291308,2025-11-23 11:00:00.000,D17,LA MAISON A L'ENVERS,0.00,0.35,0.35,11,0,48,23,11,2025
291326,2025-11-23 12:00:00.000,D17,LA MAISON A L'ENVERS,0.00,1.00,1.0,12,0,48,23,11,2025
291344,2025-11-23 13:00:00.000,D17,LA MAISON A L'ENVERS,0.00,1.00,1.0,13,0,48,23,11,2025
291362,2025-11-23 14:00:00.000,D17,LA MAISON A L'ENVERS,0.00,1.00,1.0,14,0,48,23,11,2025
291380,2025-11-23 15:00:00.000,D17,LA MAISON A L'ENVERS,0.00,1.00,1.0,15,0,48,23,11,2025
291398,2025-11-23 16:00:00.000,D17,LA MAISON A L'ENVERS,0.00,1.00,1.0,16,0,48,23,11,2025
291416,2025-11-23 17:00:00.000,D17,LA MAISON A L'ENVERS,0.00,0.55,0.55,17,0,48,23,11,2025
291434,2025-11-23 18:00:00.000,D17,LA MAISON A L'ENVERS,0.00,0.00,0.0,18,0,48,23,11,2025
291452,2025-11-23 19:00:00.000,D17,LA MAISON A L'ENVERS,0.00,0.00,0.0,19,0,48,23,11,2025
291470,2025-11-23 20:00:00.000,D17,LA MAISON A L'ENVERS,0.00,0.00,0.0,20,0,48,23,11,2025
291488,2025-11-23 21:00:00.000,D17,LA MAISON A L'ENVERS,0.00,0.00,0.0,21,0,48,23,11,2025
291506,2025-11-23 22:00:00.000,D17,LA MAISON A L'ENVERS,0.00,0.00,0.0,22,0,48,23,11,2025
291524,2025-11-23 23:00:00.000,D17,LA MAISON A L'ENVERS,0.00,0.00,0.0,23,0,48,23,11,2025
291542,2025-11-24 00:00:00.000,D17,LA MAISON A L'ENVERS,0.00,0.00,0.0,0,0,48,24,11,2025
291560,2025-11-24 01:00:00.000,D17,LA MAISON A L'ENVERS,0.00,0.00,0.0,1,0,48,24,11,2025
291578,2025-11-24 02:00:00.000,D17,LA MAISON A L'ENVERS,0.00,0.00,0.0,2,0,48,24,11,2025
291596,2025-11-24 03:00:00.000,D17,LA MAISON A L'ENVERS,0.00,0.00,0.0,3,0,48,24,11,2025
291614,2025-11-24 04:00:00.000,D17,LA MAISON A L'ENVERS,0.00,0.00,0.0,4,0,48,24,11,2025
291632,2025-11-24 05:00:00.000,D17,LA MAISON A L'ENVERS,0.00,0.00,0.0,5,0,48,24,11,2025
291650,2025-11-24 06:00:00.000,D17,LA MAISON A L'ENVERS,0.00,0.00,0.0,6,0,48,24,11,2025
291668,2025-11-29 07:00:00.000,D17,LA MAISON A L'ENVERS,0.00,0.00,0.0,7,0,48,29,11,2025
291686,2025-11-29 08:00:00.000,D17,LA MAISON A L'ENVERS,0.00,0.00,0.0,8,0,48,29,11,2025
291704,2025-11-29 09:00:00.000,D17,LA MAISON A L'ENVERS,0.00,0.00,0.0,9,0,48,29,11,2025
291722,2025-11-29 10:00:00.000,D17,LA MAISON A L'ENVERS,0.00,0.00,0.0,10,0,48,29,11,2025
291740,2025-11-29 11:00:00.000,D17,LA MAISON A L'ENVERS,0.00,0.00,0.0,11,0,48,29,11,2025
291758,2025-11-29 12:00:00.000,D17,LA MAISON A L'ENVERS,0.00,0.05,0.05,12,0,48,29,11,2025
291776,2025-11-29 13:00:00.000,D17,LA MAISON A L'ENVERS,0.00,1.00,1.0,13,0,48,29,11,2025
291794,2025-11-29 14:00:00.000,D17,LA MAISON A L'ENVERS,0.00,1.00,1.0,14,0,48,29,11,2025
291812,2025-11-29 15:00:00.000,D17,LA MAISON A L'ENVERS,0.00,1.00,1.0,15,0,48,29,11,2025
291830,2025-11-29 16:00:00.000,D17,LA MAISON A L'ENVERS,0.00,1.00,1.0,16,0,48,29,11,2025
291848,2025-11-29 17:00:00.000,D17,LA MAISON A L'ENVERS,0.00,1.00,1.0,17,0,48,29,11,2025
291866,2025-11-29 18:00:00.000,D17,LA MAISON A L'ENVERS,0.00,1.00,1.0,18,0,48,29,11,2025
291884,2025-11-29 19:00:00.000,D17,LA MAISON A L'ENVERS,0.00,0.25,0.25,19,0,48,29,11,2025
291902,2025-11-29 20:00:00.000,D17,LA MAISON A L'ENVERS,0.00,0.00,0.0,20,0,48,29,11,2025
291920,2025-11-29 21:00:00.000,D17,LA MAISON A L'ENVERS,0.00,0.00,0.0,21,0,48,29,11,2025
291938,2025-11-29 22:00:00.000,D17,LA MAISON A L'ENVERS,0.00,0.00,0.0,22,0,48,29,11,2025
291956,2025-11-29 23:00:00.000,D17,LA MAISON A L'ENVERS,0.00,0.00,0.0,23,0,48,29,11,2025
291974,2025-11-30 00:00:00.000,D17,LA MAISON A L'ENVERS,0.00,0.00,0.0,0,0,49,30,11,2025
291992,2025-11-30 01:00:00.000,D17,LA MAISON A L'ENVERS,0.00,0.00,0.0,1,0,49,30,11,2025
292010,2025-11-30 02:00:00.000,D17,LA MAISON A L'ENVERS,0.00,0.00,0.0,2,0,49,30,11,2025
292028,2025-11-30 03:00:00.000,D17,LA MAISON A L'ENVERS,0.00,0.00,0.0,3,0,49,30,11,2025
292046,2025-11-30 04:00:00.000,D17,LA MAISON A L'ENVERS,0.00,0.00,0.0,4,0,49,30,11,2025
292064,2025-11-30 05:00:00.000,D17,LA MAISON A L'ENVERS,0.00,0.00,0.0,5,0,49,30,11,2025
292082,2025-11-30 06:00:00.000,D17,LA MAISON A L'ENVERS,0.00,0.00,0.0,6,0,49,30,11,2025
292100,2025-11-30 07:00:00.000,D17,LA MAISON A L'ENVERS,0.00,0.00,0.0,7,0,49,30,11,2025
292118,2025-11-30 08:00:00.000,D17,LA MAISON A L'ENVERS,0.00,0.00,0.0,8,0,49,30,11,2025
292136,2025-11-30 09:00:00.000,D17,LA MAISON A L'ENVERS,0.00,0.00,0.0,9,0,49,30,11,2025
292154,2025-11-30 10:00:00.000,D17,LA MAISON A L'ENVERS,0.00,0.00,0.0,10,0,49,30,11,2025
292172,2025-11-30 11:00:00.000,D17,LA MAISON A L'ENVERS,0.00,0.00,0.0,11,0,49,30,11,2025
292190,2025-11-30 12:00:00.000,D17,LA MAISON A L'ENVERS,0.00,0.00,0.0,12,0,49,30,11,2025
292208,2025-11-30 13:00:00.000,D17,LA MAISON A L'ENVERS,0.00,0.00,0.0,13,0,49,30,11,2025
292226,2025-11-30 14:00:00.000,D17,LA MAISON A L'ENVERS,0.00,0.00,0.0,14,0,49,30,11,2025
292244,2025-11-30 15:00:00.000,D17,LA MAISON A L'ENVERS,0.00,0.00,0.0,15,0,49,30,11,2025
292262,2025-11-30 16:00:00.000,D17,LA MAISON A L'ENVERS,0.00,0.00,0.0,16,0,49,30,11,2025
292280,2025-11-30 17:00:00.000,D17,LA MAISON A L'ENVERS,0.00,0.00,0.0,17,0,49,30,11,2025
292298,2025-11-30 18:00:00.000,D17,LA MAISON A L'ENVERS,0.00,0.00,0.0,18,0,49,30,11,2025
292316,2025-11-30 19:00:00.000,D17,LA MAISON A L'ENVERS,0.00,0.00,0.0,19,0,49,30,11,2025
292334,2025-11-30 20:00:00.000,D17,LA MAISON A L'ENVERS,0.00,0.00,0.0,20,0,49,30,11,2025
292352,2025-11-30 21:00:00.000,D17,LA MAISON A L'ENVERS,0.00,0.00,0.0,21,0,49,30,11,2025
292370,2025-11-30 22:00:00.000,D17,LA MAISON A L'ENVERS,0.00,0.00,0.0,22,0,49,30,11,2025
292388,2025-11-30 23:00:00.000,D17,LA MAISON A L'ENVERS,0.00,0.00,0.0,23,0,49,30,11,2025
292406,2025-12-01 00:00:00.000,D17,LA MAISON A L'ENVERS,0.00,0.00,0.0,0,0,49,1,12,2025
292424,2025-12-01 01:00:00.000,D17,LA MAISON A L'ENVERS,0.00,0.00,0.0,1,0,49,1,12,2025
292442,2025-12-01 02:00:00.000,D17,LA MAISON A L'ENVERS,0.00,0.00,0.0,2,0,49,1,12,2025
292460,2025-12-01 03:00:00.000,D17,LA MAISON A L'ENVERS,0.00,0.00,0.0,3,0,49,1,12,2025
292478,2025-12-01 04:00:00.000,D17,LA MAISON A L'ENVERS,0.00,0.00,0.0,4,0,49,1,12,2025
292496,2025-12-01 05:00:00.000,D17,LA MAISON A L'ENVERS,0.00,0.00,0.0,5,0,49,1,12,2025
292514,2025-12-01 06:00:00.000,D17,LA MAISON A L'ENVERS,0.00,0.00,0.0,6,0,49,1,12,2025
292921,2025-12-06 07:00:00.000,D17,LA MAISON A L'ENVERS,0.00,0.00,0.0,7,0,49,6,12,2025
292938,2025-12-06 08:00:00.000,D17,LA MAISON A L'ENVERS,0.00,0.00,0.0,8,0,49,6,12,2025
292955,2025-12-06 09:00:00.000,D17,LA MAISON A L'ENVERS,0.00,0.00,0.0,9,0,49,6,12,2025
292972,2025-12-06 10:00:00.000,D17,LA MAISON A L'ENVERS,0.00,0.00,0.0,10,0,49,6,12,2025
292989,2025-12-06 11:00:00.000,D17,LA MAISON A L'ENVERS,0.00,0.60,0.6,11,0,49,6,12,2025
293006,2025-12-06 12:00:00.000,D17,LA MAISON A L'ENVERS,0.00,1.00,1.0,12,0,49,6,12,2025
293023,2025-12-06 13:00:00.000,D17,LA MAISON A L'ENVERS,0.00,1.00,1.0,13,0,49,6,12,2025
293040,2025-12-06 14:00:00.000,D17,LA MAISON A L'ENVERS,0.00,1.00,1.0,14,0,49,6,12,2025
293057,2025-12-06 15:00:00.000,D17,LA MAISON A L'ENVERS,0.00,1.00,1.0,15,0,49,6,12,2025
293074,2025-12-06 16:00:00.000,D17,LA MAISON A L'ENVERS,0.00,1.00,1.0,16,0,49,6,12,2025
293091,2025-12-06 17:00:00.000,D17,LA MAISON A L'ENVERS,0.00,1.00,1.0,17,0,49,6,12,2025
293108,2025-12-06 18:00:00.000,D17,LA MAISON A L'ENVERS,0.00,1.00,1.0,18,0,49,6,12,2025
293125,2025-12-06 19:00:00.000,D17,LA MAISON A L'ENVERS,0.00,1.00,1.0,19,0,49,6,12,2025
293142,2025-12-06 20:00:00.000,D17,LA MAISON A L'ENVERS,0.00,1.00,1.0,20,0,49,6,12,2025
293159,2025-12-06 21:00:00.000,D17,LA MAISON A L'ENVERS,0.00,1.00,1.0,21,0,49,6,12,2025
293176,2025-12-06 22:00:00.000,D17,LA MAISON A L'ENVERS,0.00,1.00,1.0,22,0,49,6,12,2025
293193,2025-12-06 23:00:00.000,D17,LA MAISON A L'ENVERS,0.00,0.30,0.3,23,0,49,6,12,2025
293210,2025-12-07 00:00:00.000,D17,LA MAISON A L'ENVERS,0.00,0.00,0.0,0,0,50,7,12,2025
293227,2025-12-07 01:00:00.000,D17,LA MAISON A L'ENVERS,0.00,0.00,0.0,1,0,50,7,12,2025
293244,2025-12-07 02:00:00.000,D17,LA MAISON A L'ENVERS,0.00,0.00,0.0,2,0,50,7,12,2025
293261,2025-12-07 03:00:00.000,D17,LA MAISON A L'ENVERS,0.00,0.00,0.0,3,0,50,7,12,2025
293278,2025-12-07 04:00:00.000,D17,LA MAISON A L'ENVERS,0.00,0.00,0.0,4,0,50,7,12,2025
293295,2025-12-07 05:00:00.000,D17,LA MAISON A L'ENVERS,0.00,0.00,0.0,5,0,50,7,12,2025
293312,2025-12-07 06:00:00.000,D17,LA MAISON A L'ENVERS,0.00,0.00,0.0,6,0,50,7,12,2025
293329,2025-12-07 07:00:00.000,D17,LA MAISON A L'ENVERS,0.00,0.00,0.0,7,0,50,7,12,2025
293346,2025-12-07 08:00:00.000,D17,LA MAISON A L'ENVERS,0.00,0.00,0.0,8,0,50,7,12,2025
293363,2025-12-07 09:00:00.000,D17,LA MAISON A L'ENVERS,0.00,0.00,0.0,9,0,50,7,12,2025
293380,2025-12-07 10:00:00.000,D17,LA MAISON A L'ENVERS,0.00,0.65,0.65,10,0,50,7,12,2025
293397,2025-12-07 11:00:00.000,D17,LA MAISON A L'ENVERS,0.00,1.00,1.0,11,0,50,7,12,2025
293414,2025-12-07 12:00:00.000,D17,LA MAISON A L'ENVERS,0.00,1.00,1.0,12,0,50,7,12,2025
293431,2025-12-07 13:00:00.000,D17,LA MAISON A L'ENVERS,0.00,1.00,1.0,13,0,50,7,12,2025
293448,2025-12-07 14:00:00.000,D17,LA MAISON A L'ENVERS,0.00,1.00,1.0,14,0,50,7,12,2025
293465,2025-12-07 15:00:00.000,D17,LA MAISON A L'ENVERS,0.00,1.00,1.0,15,0,50,7,12,2025
293482,2025-12-07 16:00:00.000,D17,LA MAISON A L'ENVERS,0.00,1.00,1.0,16,0,50,7,12,2025
293499,2025-12-07 17:00:00.000,D17,LA MAISON A L'ENVERS,0.00,0.10,0.1,17,0,50,7,12,2025
293516,2025-12-07 18:00:00.000,D17,LA MAISON A L'ENVERS,0.00,0.00,0.0,18,0,50,7,12,2025
293533,2025-12-07 19:00:00.000,D17,LA MAISON A L'ENVERS,0.00,0.00,0.0,19,0,50,7,12,2025
293550,2025-12-07 20:00:00.000,D17,LA MAISON A L'ENVERS,0.00,0.00,0.0,20,0,50,7,12,2025
293567,2025-12-07 21:00:00.000,D17,LA MAISON A L'ENVERS,0.00,0.00,0.0,21,0,50,7,12,2025
293584,2025-12-07 22:00:00.000,D17,LA MAISON A L'ENVERS,0.00,0.00,0.0,22,0,50,7,12,2025
293601,2025-12-07 23:00:00.000,D17,LA MAISON A L'ENVERS,0.00,0.00,0.0,23,0,50,7,12,2025
293618,2025-12-08 00:00:00.000,D17,LA MAISON A L'ENVERS,0.00,0.00,0.0,0,0,50,8,12,2025
293635,2025-12-08 01:00:00.000,D17,LA MAISON A L'ENVERS,0.00,0.00,0.0,1,0,50,8,12,2025
293652,2025-12-08 02:00:00.000,D17,LA MAISON A L'ENVERS,0.00,0.00,0.0,2,0,50,8,12,2025
293669,2025-12-08 03:00:00.000,D17,LA MAISON A L'ENVERS,0.00,0.00,0.0,3,0,50,8,12,2025
293686,2025-12-08 04:00:00.000,D17,LA MAISON A L'ENVERS,0.00,0.00,0.0,4,0,50,8,12,2025
293703,2025-12-08 05:00:00.000,D17,LA MAISON A L'ENVERS,0.00,0.00,0.0,5,0,50,8,12,2025
293720,2025-12-08 06:00:00.000,D17,LA MAISON A L'ENVERS,0.00,0.00,0.0,6,0,50,8,12,2025
293737,2025-12-13 07:00:00.000,D17,LA MAISON A L'ENVERS,0.00,0.00,0.0,7,0,50,13,12,2025
293754,2025-12-13 08:00:00.000,D17,LA MAISON A L'ENVERS,0.00,0.00,0.0,8,0,50,13,12,2025
293771,2025-12-13 09:00:00.000,D17,LA MAISON A L'ENVERS,0.00,0.00,0.0,9,0,50,13,12,2025
293788,2025-12-13 10:00:00.000,D17,LA MAISON A L'ENVERS,0.00,0.00,0.0,10,0,50,13,12,2025
293805,2025-12-13 11:00:00.000,D17,LA MAISON A L'ENVERS,0.00,0.05,0.05,11,0,50,13,12,2025
293822,2025-12-13 12:00:00.000,D17,LA MAISON A L'ENVERS,0.00,1.00,1.0,12,0,50,13,12,2025
293839,2025-12-13 13:00:00.000,D17,LA MAISON A L'ENVERS,0.00,1.00,1.0,13,0,50,13,12,2025
293856,2025-12-13 14:00:00.000,D17,LA MAISON A L'ENVERS,0.00,1.00,1.0,14,0,50,13,12,2025
293873,2025-12-13 15:00:00.000,D17,LA MAISON A L'ENVERS,0.00,1.00,1.0,15,0,50,13,12,2025
293890,2025-12-13 16:00:00.000,D17,LA MAISON A L'ENVERS,0.00,1.00,1.0,16,0,50,13,12,2025
293907,2025-12-13 17:00:00.000,D17,LA MAISON A L'ENVERS,0.00,1.00,1.0,17,0,50,13,12,2025
293924,2025-12-13 18:00:00.000,D17,LA MAISON A L'ENVERS,0.40,0.70,0.3,18,0,50,13,12,2025
293941,2025-12-13 19:00:00.000,D17,LA MAISON A L'ENVERS,0.25,0.00,0.0,19,0,50,13,12,2025
293958,2025-12-13 20:00:00.000,D17,LA MAISON A L'ENVERS,0.00,0.00,0.0,20,0,50,13,12,2025
293975,2025-12-13 21:00:00.000,D17,LA MAISON A L'ENVERS,0.00,0.00,0.0,21,0,50,13,12,2025
293992,2025-12-13 22:00:00.000,D17,LA MAISON A L'ENVERS,0.00,0.00,0.0,22,0,50,13,12,2025
294009,2025-12-13 23:00:00.000,D17,LA MAISON A L'ENVERS,0.00,0.00,0.0,23,0,50,13,12,2025
294026,2025-12-14 00:00:00.000,D17,LA MAISON A L'ENVERS,0.00,0.00,0.0,0,0,51,14,12,2025
294043,2025-12-14 01:00:00.000,D17,LA MAISON A L'ENVERS,0.00,0.00,0.0,1,0,51,14,12,2025
294060,2025-12-14 02:00:00.000,D17,LA MAISON A L'ENVERS,0.00,0.00,0.0,2,0,51,14,12,2025
294077,2025-12-14 03:00:00.000,D17,LA MAISON A L'ENVERS,0.00,0.00,0.0,3,0,51,14,12,2025
294094,2025-12-14 04:00:00.000,D17,LA MAISON A L'ENVERS,0.00,0.00,0.0,4,0,51,14,12,2025
294111,2025-12-14 05:00:00.000,D17,LA MAISON A L'ENVERS,0.00,0.00,0.0,5,0,51,14,12,2025
294128,2025-12-14 06:00:00.000,D17,LA MAISON A L'ENVERS,0.00,0.00,0.0,6,0,51,14,12,2025
294145,2025-12-14 07:00:00.000,D17,LA MAISON A L'ENVERS,0.00,0.00,0.0,7,0,51,14,12,2025
294162,2025-12-14 08:00:00.000,D17,LA MAISON A L'ENVERS,0.00,0.00,0.0,8,0,51,14,12,2025
294179,2025-12-14 09:00:00.000,D17,LA MAISON A L'ENVERS,0.00,0.00,0.0,9,0,51,14,12,2025
294196,2025-12-14 10:00:00.000,D17,LA MAISON A L'ENVERS,0.00,0.00,0.0,10,0,51,14,12,2025
294213,2025-12-14 11:00:00.000,D17,LA MAISON A L'ENVERS,0.00,0.65,0.65,11,0,51,14,12,2025
294230,2025-12-14 12:00:00.000,D17,LA MAISON A L'ENVERS,0.00,1.00,1.0,12,0,51,14,12,2025
294247,2025-12-14 13:00:00.000,D17,LA MAISON A L'ENVERS,0.00,1.00,1.0,13,0,51,14,12,2025
294264,2025-12-14 14:00:00.000,D17,LA MAISON A L'ENVERS,0.00,1.00,1.0,14,0,51,14,12,2025
294281,2025-12-14 15:00:00.000,D17,LA MAISON A L'ENVERS,0.00,1.00,1.0,15,0,51,14,12,2025
294298,2025-12-14 16:00:00.000,D17,LA MAISON A L'ENVERS,0.00,1.00,1.0,16,0,51,14,12,2025
294315,2025-12-14 17:00:00.000,D17,LA MAISON A L'ENVERS,0.00,0.40,0.4,17,0,51,14,12,2025
294332,2025-12-14 18:00:00.000,D17,LA MAISON A L'ENVERS,0.00,0.00,0.0,18,0,51,14,12,2025
294349,2025-12-14 19:00:00.000,D17,LA MAISON A L'ENVERS,0.00,0.00,0.0,19,0,51,14,12,2025
294366,2025-12-14 20:00:00.000,D17,LA MAISON A L'ENVERS,0.00,0.00,0.0,20,0,51,14,12,2025
294383,2025-12-14 21:00:00.000,D17,LA MAISON A L'ENVERS,0.00,0.00,0.0,21,0,51,14,12,2025
294400,2025-12-14 22:00:00.000,D17,LA MAISON A L'ENVERS,0.00,0.00,0.0,22,0,51,14,12,2025
294417,2025-12-14 23:00:00.000,D17,LA MAISON A L'ENVERS,0.00,0.00,0.0,23,0,51,14,12,2025
294434,2025-12-15 00:00:00.000,D17,LA MAISON A L'ENVERS,0.00,0.00,0.0,0,0,51,15,12,2025
294451,2025-12-15 01:00:00.000,D17,LA MAISON A L'ENVERS,0.00,0.00,0.0,1,0,51,15,12,2025
294468,2025-12-15 02:00:00.000,D17,LA MAISON A L'ENVERS,0.00,0.00,0.0,2,0,51,15,12,2025
294485,2025-12-15 03:00:00.000,D17,LA MAISON A L'ENVERS,0.00,0.00,0.0,3,0,51,15,12,2025
294502,2025-12-15 04:00:00.000,D17,LA MAISON A L'ENVERS,0.00,0.00,0.0,4,0,51,15,12,2025
294519,2025-12-15 05:00:00.000,D17,LA MAISON A L'ENVERS,0.00,0.00,0.0,5,0,51,15,12,2025
294536,2025-12-15 06:00:00.000,D17,LA MAISON A L'ENVERS,0.00,0.00,0.0,6,0,51,15,12,2025
294617,2025-12-17 14:00:00.000,D17,LA MAISON A L'ENVERS,0.00,0.00,0.0,14,0,51,17,12,2025
294637,2025-12-17 15:00:00.000,D17,LA MAISON A L'ENVERS,0.00,0.00,0.0,15,0,51,17,12,2025
294656,2025-12-17 16:00:00.000,D17,LA MAISON A L'ENVERS,0.00,0.00,0.0,16,0,51,17,12,2025
294675,2025-12-17 17:00:00.000,D17,LA MAISON A L'ENVERS,0.00,0.00,0.0,17,0,51,17,12,2025
294694,2025-12-17 18:00:00.000,D17,LA MAISON A L'ENVERS,0.00,0.00,0.0,18,0,51,17,12,2025
294713,2025-12-17 19:00:00.000,D17,LA MAISON A L'ENVERS,0.00,0.00,0.0,19,0,51,17,12,2025
294732,2025-12-17 20:00:00.000,D17,LA MAISON A L'ENVERS,0.00,0.00,0.0,20,0,51,17,12,2025
294751,2025-12-17 21:00:00.000,D17,LA MAISON A L'ENVERS,0.00,0.00,0.0,21,0,51,17,12,2025
294770,2025-12-17 22:00:00.000,D17,LA MAISON A L'ENVERS,0.00,0.00,0.0,22,0,51,17,12,2025
294789,2025-12-17 23:00:00.000,D17,LA MAISON A L'ENVERS,0.00,0.00,0.0,23,0,51,17,12,2025
294808,2025-12-18 00:00:00.000,D17,LA MAISON A L'ENVERS,0.00,0.00,0.0,0,0,51,18,12,2025
294827,2025-12-18 01:00:00.000,D17,LA MAISON A L'ENVERS,0.00,0.00,0.0,1,0,51,18,12,2025
294846,2025-12-18 02:00:00.000,D17,LA MAISON A L'ENVERS,0.00,0.00,0.0,2,0,51,18,12,2025
294865,2025-12-18 03:00:00.000,D17,LA MAISON A L'ENVERS,0.00,0.00,0.0,3,0,51,18,12,2025
294884,2025-12-18 04:00:00.000,D17,LA MAISON A L'ENVERS,0.00,0.00,0.0,4,0,51,18,12,2025
294903,2025-12-18 05:00:00.000,D17,LA MAISON A L'ENVERS,0.00,0.00,0.0,5,0,51,18,12,2025
294922,2025-12-18 06:00:00.000,D17,LA MAISON A L'ENVERS,0.00,0.00,0.0,6,0,51,18,12,2025
294941,2025-12-18 09:00:00.000,D17,LA MAISON A L'ENVERS,0.00,0.00,0.0,9,0,51,18,12,2025
294959,2025-12-18 10:00:00.000,D17,LA MAISON A L'ENVERS,0.00,0.00,0.0,10,0,51,18,12,2025
294977,2025-12-18 11:00:00.000,D17,LA MAISON A L'ENVERS,0.00,0.00,0.0,11,0,51,18,12,2025
294995,2025-12-18 12:00:00.000,D17,LA MAISON A L'ENVERS,0.00,0.00,0.0,12,0,51,18,12,2025
295013,2025-12-18 13:00:00.000,D17,LA MAISON A L'ENVERS,0.00,0.00,0.0,13,0,51,18,12,2025
295031,2025-12-18 14:00:00.000,D17,LA MAISON A L'ENVERS,0.00,0.00,0.0,14,0,51,18,12,2025
295049,2025-12-18 15:00:00.000,D17,LA MAISON A L'ENVERS,0.00,0.00,0.0,15,0,51,18,12,2025
295067,2025-12-18 16:00:00.000,D17,LA MAISON A L'ENVERS,0.00,0.00,0.0,16,0,51,18,12,2025
295085,2025-12-18 17:00:00.000,D17,LA MAISON A L'ENVERS,0.00,0.00,0.0,17,0,51,18,12,2025
295103,2025-12-18 18:00:00.000,D17,LA MAISON A L'ENVERS,0.00,0.00,0.0,18,0,51,18,12,2025
295121,2025-12-18 19:00:00.000,D17,LA MAISON A L'ENVERS,0.00,0.00,0.0,19,0,51,18,12,2025
295139,2025-12-18 20:00:00.000,D17,LA MAISON A L'ENVERS,0.00,0.00,0.0,20,0,51,18,12,2025
295157,2025-12-18 21:00:00.000,D17,LA MAISON A L'ENVERS,0.00,0.00,0.0,21,0,51,18,12,2025
295175,2025-12-18 22:00:00.000,D17,LA MAISON A L'ENVERS,0.00,0.00,0.0,22,0,51,18,12,2025
295193,2025-12-18 23:00:00.000,D17,LA MAISON A L'ENVERS,0.00,0.00,0.0,23,0,51,18,12,2025
295211,2025-12-19 00:00:00.000,D17,LA MAISON A L'ENVERS,0.00,0.00,0.0,0,0,51,19,12,2025
295229,2025-12-19 01:00:00.000,D17,LA MAISON A L'ENVERS,0.00,0.00,0.0,1,0,51,19,12,2025
295247,2025-12-19 02:00:00.000,D17,LA MAISON A L'ENVERS,0.00,0.00,0.0,2,0,51,19,12,2025
295265,2025-12-19 03:00:00.000,D17,LA MAISON A L'ENVERS,0.00,0.00,0.0,3,0,51,19,12,2025
295283,2025-12-19 04:00:00.000,D17,LA MAISON A L'ENVERS,0.00,0.00,0.0,4,0,51,19,12,2025
295301,2025-12-19 05:00:00.000,D17,LA MAISON A L'ENVERS,0.00,0.00,0.0,5,0,51,19,12,2025
295319,2025-12-19 06:00:00.000,D17,LA MAISON A L'ENVERS,0.00,0.00,0.0,6,0,51,19,12,2025
295354,2025-12-19 09:00:00.000,D17,LA MAISON A L'ENVERS,0.00,0.00,0.0,9,0,51,19,12,2025
295371,2025-12-19 10:00:00.000,D17,LA MAISON A L'ENVERS,0.00,0.00,0.0,10,0,51,19,12,2025
295388,2025-12-19 11:00:00.000,D17,LA MAISON A L'ENVERS,0.00,0.00,0.0,11,0,51,19,12,2025
295405,2025-12-19 12:00:00.000,D17,LA MAISON A L'ENVERS,0.00,0.00,0.0,12,0,51,19,12,2025
295422,2025-12-19 13:00:00.000,D17,LA MAISON A L'ENVERS,0.00,0.00,0.0,13,0,51,19,12,2025
295439,2025-12-19 14:00:00.000,D17,LA MAISON A L'ENVERS,0.00,0.00,0.0,14,0,51,19,12,2025
295456,2025-12-19 15:00:00.000,D17,LA MAISON A L'ENVERS,0.00,0.00,0.0,15,0,51,19,12,2025
295473,2025-12-19 16:00:00.000,D17,LA MAISON A L'ENVERS,0.00,0.00,0.0,16,0,51,19,12,2025
295490,2025-12-19 17:00:00.000,D17,LA MAISON A L'ENVERS,0.00,0.00,0.0,17,0,51,19,12,2025
295507,2025-12-19 18:00:00.000,D17,LA MAISON A L'ENVERS,0.00,0.00,0.0,18,0,51,19,12,2025
295524,2025-12-19 19:00:00.000,D17,LA MAISON A L'ENVERS,0.00,0.00,0.0,19,0,51,19,12,2025
295541,2025-12-19 20:00:00.000,D17,LA MAISON A L'ENVERS,0.00,0.00,0.0,20,0,51,19,12,2025
295558,2025-12-19 21:00:00.000,D17,LA MAISON A L'ENVERS,0.00,0.00,0.0,21,0,51,19,12,2025
295575,2025-12-19 22:00:00.000,D17,LA MAISON A L'ENVERS,0.00,0.00,0.0,22,0,51,19,12,2025
295592,2025-12-19 23:00:00.000,D17,LA MAISON A L'ENVERS,0.00,0.00,0.0,23,0,51,19,12,2025
295609,2025-12-20 00:00:00.000,D17,LA MAISON A L'ENVERS,0.00,0.00,0.0,0,0,51,20,12,2025
295626,2025-12-20 01:00:00.000,D17,LA MAISON A L'ENVERS,0.00,0.00,0.0,1,0,51,20,12,2025
295643,2025-12-20 02:00:00.000,D17,LA MAISON A L'ENVERS,0.00,0.00,0.0,2,0,51,20,12,2025
295660,2025-12-20 03:00:00.000,D17,LA MAISON A L'ENVERS,0.00,0.00,0.0,3,0,51,20,12,2025
295677,2025-12-20 04:00:00.000,D17,LA MAISON A L'ENVERS,0.00,0.00,0.0,4,0,51,20,12,2025
295694,2025-12-20 05:00:00.000,D17,LA MAISON A L'ENVERS,0.00,0.00,0.0,5,0,51,20,12,2025
295711,2025-12-20 06:00:00.000,D17,LA MAISON A L'ENVERS,0.00,0.00,0.0,6,0,51,20,12,2025
295728,2025-12-20 07:00:00.000,D17,LA MAISON A L'ENVERS,0.00,0.00,0.0,7,0,51,20,12,2025
295745,2025-12-20 08:00:00.000,D17,LA MAISON A L'ENVERS,0.00,0.00,0.0,8,0,51,20,12,2025
295762,2025-12-20 09:00:00.000,D17,LA MAISON A L'ENVERS,0.00,0.00,0.0,9,0,51,20,12,2025
295779,2025-12-20 10:00:00.000,D17,LA MAISON A L'ENVERS,0.00,0.00,0.0,10,0,51,20,12,2025
295796,2025-12-20 11:00:00.000,D17,LA MAISON A L'ENVERS,0.00,0.95,0.95,11,0,51,20,12,2025
295813,2025-12-20 12:00:00.000,D17,LA MAISON A L'ENVERS,0.00,1.00,1.0,12,0,51,20,12,2025
295830,2025-12-20 13:00:00.000,D17,LA MAISON A L'ENVERS,0.00,1.00,1.0,13,0,51,20,12,2025
295847,2025-12-20 14:00:00.000,D17,LA MAISON A L'ENVERS,0.00,1.00,1.0,14,0,51,20,12,2025
295864,2025-12-20 15:00:00.000,D17,LA MAISON A L'ENVERS,0.00,1.00,1.0,15,0,51,20,12,2025
295881,2025-12-20 16:00:00.000,D17,LA MAISON A L'ENVERS,0.00,1.00,1.0,16,0,51,20,12,2025
295898,2025-12-20 17:00:00.000,D17,LA MAISON A L'ENVERS,0.00,1.00,1.0,17,0,51,20,12,2025
295915,2025-12-20 18:00:00.000,D17,LA MAISON A L'ENVERS,0.00,1.00,1.0,18,0,51,20,12,2025
295932,2025-12-20 19:00:00.000,D17,LA MAISON A L'ENVERS,0.00,1.00,1.0,19,0,51,20,12,2025
295949,2025-12-20 20:00:00.000,D17,LA MAISON A L'ENVERS,0.00,1.00,1.0,20,0,51,20,12,2025
295966,2025-12-20 21:00:00.000,D17,LA MAISON A L'ENVERS,0.00,1.00,1.0,21,0,51,20,12,2025
295983,2025-12-20 22:00:00.000,D17,LA MAISON A L'ENVERS,0.00,1.00,1.0,22,0,51,20,12,2025
296000,2025-12-20 23:00:00.000,D17,LA MAISON A L'ENVERS,0.00,1.00,1.0,23,0,51,20,12,2025
296017,2025-12-21 00:00:00.000,D17,LA MAISON A L'ENVERS,0.00,1.00,1.0,0,0,52,21,12,2025
296034,2025-12-21 01:00:00.000,D17,LA MAISON A L'ENVERS,0.00,1.00,1.0,1,0,52,21,12,2025
296051,2025-12-21 02:00:00.000,D17,LA MAISON A L'ENVERS,0.00,1.00,1.0,2,0,52,21,12,2025
296068,2025-12-21 03:00:00.000,D17,LA MAISON A L'ENVERS,0.00,1.00,1.0,3,0,52,21,12,2025
296085,2025-12-21 04:00:00.000,D17,LA MAISON A L'ENVERS,0.00,1.00,1.0,4,0,52,21,12,2025
296102,2025-12-21 05:00:00.000,D17,LA MAISON A L'ENVERS,0.00,1.00,1.0,5,0,52,21,12,2025
296119,2025-12-21 06:00:00.000,D17,LA MAISON A L'ENVERS,0.00,1.00,1.0,6,0,52,21,12,2025
296135,2025-12-21 07:00:00.000,D17,LA MAISON A L'ENVERS,0.00,0.00,0.0,7,0,52,21,12,2025
296151,2025-12-21 08:00:00.000,D17,LA MAISON A L'ENVERS,0.00,0.00,0.0,8,0,52,21,12,2025
296167,2025-12-21 09:00:00.000,D17,LA MAISON A L'ENVERS,0.00,0.00,0.0,9,0,52,21,12,2025
296183,2025-12-21 10:00:00.000,D17,LA MAISON A L'ENVERS,0.00,0.00,0.0,10,0,52,21,12,2025
296199,2025-12-21 11:00:00.000,D17,LA MAISON A L'ENVERS,0.00,0.00,0.0,11,0,52,21,12,2025
296215,2025-12-21 12:00:00.000,D17,LA MAISON A L'ENVERS,0.00,0.00,0.0,12,0,52,21,12,2025
296231,2025-12-21 13:00:00.000,D17,LA MAISON A L'ENVERS,0.00,0.00,0.0,13,0,52,21,12,2025
296247,2025-12-21 14:00:00.000,D17,LA MAISON A L'ENVERS,0.00,0.00,0.0,14,0,52,21,12,2025
296263,2025-12-21 15:00:00.000,D17,LA MAISON A L'ENVERS,0.00,0.00,0.0,15,0,52,21,12,2025
296279,2025-12-21 16:00:00.000,D17,LA MAISON A L'ENVERS,0.00,0.00,0.0,16,0,52,21,12,2025
296295,2025-12-21 17:00:00.000,D17,LA MAISON A L'ENVERS,0.00,0.00,0.0,17,0,52,21,12,2025
296311,2025-12-21 18:00:00.000,D17,LA MAISON A L'ENVERS,0.00,0.00,0.0,18,0,52,21,12,2025
296327,2025-12-21 19:00:00.000,D17,LA MAISON A L'ENVERS,0.00,0.00,0.0,19,0,52,21,12,2025
296343,2025-12-21 20:00:00.000,D17,LA MAISON A L'ENVERS,0.00,0.00,0.0,20,0,52,21,12,2025
296359,2025-12-21 21:00:00.000,D17,LA MAISON A L'ENVERS,0.00,0.00,0.0,21,0,52,21,12,2025
296375,2025-12-21 22:00:00.000,D17,LA MAISON A L'ENVERS,0.00,0.00,0.0,22,0,52,21,12,2025
296391,2025-12-21 23:00:00.000,D17,LA MAISON A L'ENVERS,0.00,0.00,0.0,23,0,52,21,12,2025
296407,2025-12-22 00:00:00.000,D17,LA MAISON A L'ENVERS,0.00,0.00,0.0,0,0,52,22,12,2025
296423,2025-12-22 01:00:00.000,D17,LA MAISON A L'ENVERS,0.00,0.00,0.0,1,0,52,22,12,2025
296439,2025-12-22 02:00:00.000,D17,LA MAISON A L'ENVERS,0.00,0.00,0.0,2,0,52,22,12,2025
296455,2025-12-22 03:00:00.000,D17,LA MAISON A L'ENVERS,0.00,0.00,0.0,3,0,52,22,12,2025
296471,2025-12-22 04:00:00.000,D17,LA MAISON A L'ENVERS,0.00,0.00,0.0,4,0,52,22,12,2025
296487,2025-12-22 05:00:00.000,D17,LA MAISON A L'ENVERS,0.00,0.00,0.0,5,0,52,22,12,2025
296503,2025-12-22 06:00:00.000,D17,LA MAISON A L'ENVERS,0.00,0.00,0.0,6,0,52,22,12,2025
296519,2025-12-22 07:00:00.000,D17,LA MAISON A L'ENVERS,0.00,0.00,0.0,7,0,52,22,12,2025
296535,2025-12-22 08:00:00.000,D17,LA MAISON A L'ENVERS,0.00,0.00,0.0,8,0,52,22,12,2025
296551,2025-12-22 09:00:00.000,D17,LA MAISON A L'ENVERS,0.00,0.00,0.0,9,0,52,22,12,2025
296567,2025-12-22 10:00:00.000,D17,LA MAISON A L'ENVERS,0.00,0.00,0.0,10,0,52,22,12,2025
296583,2025-12-22 11:00:00.000,D17,LA MAISON A L'ENVERS,0.00,0.00,0.0,11,0,52,22,12,2025
296599,2025-12-22 12:00:00.000,D17,LA MAISON A L'ENVERS,0.00,0.00,0.0,12,0,52,22,12,2025
296615,2025-12-22 13:00:00.000,D17,LA MAISON A L'ENVERS,0.00,0.00,0.0,13,0,52,22,12,2025
296631,2025-12-22 14:00:00.000,D17,LA MAISON A L'ENVERS,0.00,0.00,0.0,14,0,52,22,12,2025
296648,2025-12-22 15:00:00.000,D17,LA MAISON A L'ENVERS,0.00,0.90,0.9,15,0,52,22,12,2025
296665,2025-12-22 16:00:00.000,D17,LA MAISON A L'ENVERS,0.00,1.00,1.0,16,0,52,22,12,2025
296682,2025-12-22 17:00:00.000,D17,LA MAISON A L'ENVERS,0.00,1.00,1.0,17,0,52,22,12,2025
296699,2025-12-22 18:00:00.000,D17,LA MAISON A L'ENVERS,0.00,1.00,1.0,18,0,52,22,12,2025
296716,2025-12-22 19:00:00.000,D17,LA MAISON A L'ENVERS,0.00,1.00,1.0,19,0,52,22,12,2025
296733,2025-12-22 20:00:00.000,D17,LA MAISON A L'ENVERS,0.00,1.00,1.0,20,0,52,22,12,2025
296750,2025-12-22 21:00:00.000,D17,LA MAISON A L'ENVERS,0.00,1.00,1.0,21,0,52,22,12,2025
296767,2025-12-22 22:00:00.000,D17,LA MAISON A L'ENVERS,0.00,1.00,1.0,22,0,52,22,12,2025
296784,2025-12-22 23:00:00.000,D17,LA MAISON A L'ENVERS,0.00,1.00,1.0,23,0,52,22,12,2025
296801,2025-12-23 00:00:00.000,D17,LA MAISON A L'ENVERS,0.00,1.00,1.0,0,0,52,23,12,2025
296818,2025-12-23 01:00:00.000,D17,LA MAISON A L'ENVERS,0.00,1.00,1.0,1,0,52,23,12,2025
296835,2025-12-23 02:00:00.000,D17,LA MAISON A L'ENVERS,0.00,1.00,1.0,2,0,52,23,12,2025
296852,2025-12-23 03:00:00.000,D17,LA MAISON A L'ENVERS,0.00,1.00,1.0,3,0,52,23,12,2025
296869,2025-12-23 04:00:00.000,D17,LA MAISON A L'ENVERS,0.00,1.00,1.0,4,0,52,23,12,2025
296886,2025-12-23 05:00:00.000,D17,LA MAISON A L'ENVERS,0.00,1.00,1.0,5,0,52,23,12,2025
296903,2025-12-23 06:00:00.000,D17,LA MAISON A L'ENVERS,0.00,1.00,1.0,6,0,52,23,12,2025
296920,2025-12-23 07:00:00.000,D17,LA MAISON A L'ENVERS,0.00,0.00,0.0,7,0,52,23,12,2025
296937,2025-12-23 08:00:00.000,D17,LA MAISON A L'ENVERS,0.00,0.00,0.0,8,0,52,23,12,2025
296954,2025-12-23 09:00:00.000,D17,LA MAISON A L'ENVERS,0.00,0.00,0.0,9,0,52,23,12,2025
296971,2025-12-23 10:00:00.000,D17,LA MAISON A L'ENVERS,0.00,0.00,0.0,10,0,52,23,12,2025
296988,2025-12-23 11:00:00.000,D17,LA MAISON A L'ENVERS,0.00,0.60,0.6,11,0,52,23,12,2025
297005,2025-12-23 12:00:00.000,D17,LA MAISON A L'ENVERS,0.00,1.00,1.0,12,0,52,23,12,2025
297022,2025-12-23 13:00:00.000,D17,LA MAISON A L'ENVERS,0.00,1.00,1.0,13,0,52,23,12,2025
297039,2025-12-23 14:00:00.000,D17,LA MAISON A L'ENVERS,0.00,1.00,1.0,14,0,52,23,12,2025
297056,2025-12-23 15:00:00.000,D17,LA MAISON A L'ENVERS,0.00,1.00,1.0,15,0,52,23,12,2025
297073,2025-12-23 16:00:00.000,D17,LA MAISON A L'ENVERS,0.00,1.00,1.0,16,0,52,23,12,2025
297090,2025-12-23 17:00:00.000,D17,LA MAISON A L'ENVERS,0.00,1.00,1.0,17,0,52,23,12,2025
297107,2025-12-23 18:00:00.000,D17,LA MAISON A L'ENVERS,0.00,1.00,1.0,18,0,52,23,12,2025
297124,2025-12-23 19:00:00.000,D17,LA MAISON A L'ENVERS,0.00,1.00,1.0,19,0,52,23,12,2025
297141,2025-12-23 20:00:00.000,D17,LA MAISON A L'ENVERS,0.00,1.00,1.0,20,0,52,23,12,2025
297158,2025-12-23 21:00:00.000,D17,LA MAISON A L'ENVERS,0.00,1.00,1.0,21,0,52,23,12,2025
297175,2025-12-23 22:00:00.000,D17,LA MAISON A L'ENVERS,0.00,1.00,1.0,22,0,52,23,12,2025
297192,2025-12-23 23:00:00.000,D17,LA MAISON A L'ENVERS,0.00,1.00,1.0,23,0,52,23,12,2025
297209,2025-12-24 00:00:00.000,D17,LA MAISON A L'ENVERS,0.00,1.00,1.0,0,0,52,24,12,2025
297226,2025-12-24 01:00:00.000,D17,LA MAISON A L'ENVERS,0.00,1.00,1.0,1,0,52,24,12,2025
297243,2025-12-24 02:00:00.000,D17,LA MAISON A L'ENVERS,0.00,1.00,1.0,2,0,52,24,12,2025
297260,2025-12-24 03:00:00.000,D17,LA MAISON A L'ENVERS,0.00,1.00,1.0,3,0,52,24,12,2025
297277,2025-12-24 04:00:00.000,D17,LA MAISON A L'ENVERS,0.00,1.00,1.0,4,0,52,24,12,2025
297294,2025-12-24 05:00:00.000,D17,LA MAISON A L'ENVERS,0.00,1.00,1.0,5,0,52,24,12,2025
297311,2025-12-24 06:00:00.000,D17,LA MAISON A L'ENVERS,0.00,1.00,1.0,6,0,52,24,12,2025
297328,2025-12-24 07:00:00.000,D17,LA MAISON A L'ENVERS,0.00,0.00,0.0,7,0,52,24,12,2025
297345,2025-12-24 08:00:00.000,D17,LA MAISON A L'ENVERS,0.00,0.00,0.0,8,0,52,24,12,2025
297362,2025-12-24 09:00:00.000,D17,LA MAISON A L'ENVERS,0.00,0.00,0.0,9,0,52,24,12,2025
297379,2025-12-24 10:00:00.000,D17,LA MAISON A L'ENVERS,0.00,0.00,0.0,10,0,52,24,12,2025
297396,2025-12-24 11:00:00.000,D17,LA MAISON A L'ENVERS,0.00,1.00,1.0,11,0,52,24,12,2025
297413,2025-12-24 12:00:00.000,D17,LA MAISON A L'ENVERS,0.00,1.00,1.0,12,0,52,24,12,2025
297430,2025-12-24 13:00:00.000,D17,LA MAISON A L'ENVERS,0.00,1.00,1.0,13,0,52,24,12,2025
297447,2025-12-24 14:00:00.000,D17,LA MAISON A L'ENVERS,0.00,1.00,1.0,14,0,52,24,12,2025
297464,2025-12-24 15:00:00.000,D17,LA MAISON A L'ENVERS,0.00,1.00,1.0,15,0,52,24,12,2025
297481,2025-12-24 16:00:00.000,D17,LA MAISON A L'ENVERS,0.00,1.00,1.0,16,0,52,24,12,2025
297498,2025-12-24 17:00:00.000,D17,LA MAISON A L'ENVERS,0.00,1.00,1.0,17,0,52,24,12,2025
297515,2025-12-24 18:00:00.000,D17,LA MAISON A L'ENVERS,0.00,1.00,1.0,18,0,52,24,12,2025
297532,2025-12-24 19:00:00.000,D17,LA MAISON A L'ENVERS,0.00,1.00,1.0,19,0,52,24,12,2025
297549,2025-12-24 20:00:00.000,D17,LA MAISON A L'ENVERS,0.00,1.00,1.0,20,0,52,24,12,2025
297566,2025-12-24 21:00:00.000,D17,LA MAISON A L'ENVERS,0.00,1.00,1.0,21,0,52,24,12,2025
297583,2025-12-24 22:00:00.000,D17,LA MAISON A L'ENVERS,0.00,1.00,1.0,22,0,52,24,12,2025
297600,2025-12-24 23:00:00.000,D17,LA MAISON A L'ENVERS,0.00,1.00,1.0,23,0,52,24,12,2025
297617,2025-12-25 00:00:00.000,D17,LA MAISON A L'ENVERS,0.00,1.00,1.0,0,0,52,25,12,2025
297634,2025-12-25 01:00:00.000,D17,LA MAISON A L'ENVERS,0.00,1.00,1.0,1,0,52,25,12,2025
297651,2025-12-25 02:00:00.000,D17,LA MAISON A L'ENVERS,0.00,1.00,1.0,2,0,52,25,12,2025
297668,2025-12-25 03:00:00.000,D17,LA MAISON A L'ENVERS,0.00,1.00,1.0,3,0,52,25,12,2025
297685,2025-12-25 04:00:00.000,D17,LA MAISON A L'ENVERS,0.00,1.00,1.0,4,0,52,25,12,2025
297702,2025-12-25 05:00:00.000,D17,LA MAISON A L'ENVERS,0.00,1.00,1.0,5,0,52,25,12,2025
297719,2025-12-25 06:00:00.000,D17,LA MAISON A L'ENVERS,0.00,1.00,1.0,6,0,52,25,12,2025
297736,2025-12-25 07:00:00.000,D17,LA MAISON A L'ENVERS,0.00,0.00,0.0,7,0,52,25,12,2025
297753,2025-12-25 08:00:00.000,D17,LA MAISON A L'ENVERS,0.00,0.00,0.0,8,0,52,25,12,2025
297770,2025-12-25 09:00:00.000,D17,LA MAISON A L'ENVERS,0.00,0.00,0.0,9,0,52,25,12,2025
297787,2025-12-25 10:00:00.000,D17,LA MAISON A L'ENVERS,0.00,0.00,0.0,10,0,52,25,12,2025
297804,2025-12-25 11:00:00.000,D17,LA MAISON A L'ENVERS,0.00,0.00,0.0,11,0,52,25,12,2025
297821,2025-12-25 12:00:00.000,D17,LA MAISON A L'ENVERS,0.00,0.00,0.0,12,0,52,25,12,2025
297838,2025-12-25 13:00:00.000,D17,LA MAISON A L'ENVERS,0.00,0.00,0.0,13,0,52,25,12,2025
297855,2025-12-25 14:00:00.000,D17,LA MAISON A L'ENVERS,0.00,0.75,0.75,14,0,52,25,12,2025
297872,2025-12-25 15:00:00.000,D17,LA MAISON A L'ENVERS,0.00,1.00,1.0,15,0,52,25,12,2025
297889,2025-12-25 16:00:00.000,D17,LA MAISON A L'ENVERS,0.00,1.00,1.0,16,0,52,25,12,2025
297906,2025-12-25 17:00:00.000,D17,LA MAISON A L'ENVERS,0.00,1.00,1.0,17,0,52,25,12,2025
297923,2025-12-25 18:00:00.000,D17,LA MAISON A L'ENVERS,0.00,1.00,1.0,18,0,52,25,12,2025
297940,2025-12-25 19:00:00.000,D17,LA MAISON A L'ENVERS,0.00,1.00,1.0,19,0,52,25,12,2025
297957,2025-12-25 20:00:00.000,D17,LA MAISON A L'ENVERS,0.00,0.80,0.8,20,0,52,25,12,2025
297974,2025-12-25 21:00:00.000,D17,LA MAISON A L'ENVERS,0.00,0.00,0.0,21,0,52,25,12,2025
297991,2025-12-25 22:00:00.000,D17,LA MAISON A L'ENVERS,0.00,0.00,0.0,22,0,52,25,12,2025
298008,2025-12-25 23:00:00.000,D17,LA MAISON A L'ENVERS,0.00,0.00,0.0,23,0,52,25,12,2025
298025,2025-12-26 00:00:00.000,D17,LA MAISON A L'ENVERS,0.00,0.00,0.0,0,0,52,26,12,2025
298042,2025-12-26 01:00:00.000,D17,LA MAISON A L'ENVERS,0.00,0.00,0.0,1,0,52,26,12,2025
298059,2025-12-26 02:00:00.000,D17,LA MAISON A L'ENVERS,0.00,0.00,0.0,2,0,52,26,12,2025
298076,2025-12-26 03:00:00.000,D17,LA MAISON A L'ENVERS,0.00,0.00,0.0,3,0,52,26,12,2025
298093,2025-12-26 04:00:00.000,D17,LA MAISON A L'ENVERS,0.00,0.00,0.0,4,0,52,26,12,2025
298110,2025-12-26 05:00:00.000,D17,LA MAISON A L'ENVERS,0.00,0.00,0.0,5,0,52,26,12,2025
298127,2025-12-26 06:00:00.000,D17,LA MAISON A L'ENVERS,0.00,0.00,0.0,6,0,52,26,12,2025
298144,2025-12-26 07:00:00.000,D17,LA MAISON A L'ENVERS,0.00,0.00,0.0,7,0,52,26,12,2025
298161,2025-12-26 08:00:00.000,D17,LA MAISON A L'ENVERS,0.00,0.00,0.0,8,0,52,26,12,2025
298178,2025-12-26 09:00:00.000,D17,LA MAISON A L'ENVERS,0.00,0.00,0.0,9,0,52,26,12,2025
298195,2025-12-26 10:00:00.000,D17,LA MAISON A L'ENVERS,0.00,0.00,0.0,10,0,52,26,12,2025
298212,2025-12-26 11:00:00.000,D17,LA MAISON A L'ENVERS,0.00,0.15,0.15,11,0,52,26,12,2025
298229,2025-12-26 12:00:00.000,D17,LA MAISON A L'ENVERS,0.00,1.00,1.0,12,0,52,26,12,2025
298246,2025-12-26 13:00:00.000,D17,LA MAISON A L'ENVERS,0.00,1.00,1.0,13,0,52,26,12,2025
298263,2025-12-26 14:00:00.000,D17,LA MAISON A L'ENVERS,0.00,1.00,1.0,14,0,52,26,12,2025
298280,2025-12-26 15:00:00.000,D17,LA MAISON A L'ENVERS,0.00,1.00,1.0,15,0,52,26,12,2025
298297,2025-12-26 16:00:00.000,D17,LA MAISON A L'ENVERS,0.00,1.00,1.0,16,0,52,26,12,2025
298314,2025-12-26 17:00:00.000,D17,LA MAISON A L'ENVERS,0.00,1.00,1.0,17,0,52,26,12,2025
298331,2025-12-26 18:00:00.000,D17,LA MAISON A L'ENVERS,0.00,1.00,1.0,18,0,52,26,12,2025
298348,2025-12-26 19:00:00.000,D17,LA MAISON A L'ENVERS,0.00,1.00,1.0,19,0,52,26,12,2025
298365,2025-12-26 20:00:00.000,D17,LA MAISON A L'ENVERS,0.00,1.00,1.0,20,0,52,26,12,2025
298382,2025-12-26 21:00:00.000,D17,LA MAISON A L'ENVERS,0.00,1.00,1.0,21,0,52,26,12,2025
298399,2025-12-26 22:00:00.000,D17,LA MAISON A L'ENVERS,0.00,1.00,1.0,22,0,52,26,12,2025
298416,2025-12-26 23:00:00.000,D17,LA MAISON A L'ENVERS,0.00,1.00,1.0,23,0,52,26,12,2025
298433,2025-12-27 00:00:00.000,D17,LA MAISON A L'ENVERS,0.00,1.00,1.0,0,0,52,27,12,2025
298450,2025-12-27 01:00:00.000,D17,LA MAISON A L'ENVERS,0.00,1.00,1.0,1,0,52,27,12,2025
298467,2025-12-27 02:00:00.000,D17,LA MAISON A L'ENVERS,0.00,1.00,1.0,2,0,52,27,12,2025
298484,2025-12-27 03:00:00.000,D17,LA MAISON A L'ENVERS,0.00,1.00,1.0,3,0,52,27,12,2025
298501,2025-12-27 04:00:00.000,D17,LA MAISON A L'ENVERS,0.00,1.00,1.0,4,0,52,27,12,2025
298518,2025-12-27 05:00:00.000,D17,LA MAISON A L'ENVERS,0.00,1.00,1.0,5,0,52,27,12,2025
298535,2025-12-27 06:00:00.000,D17,LA MAISON A L'ENVERS,0.00,1.00,1.0,6,0,52,27,12,2025
298552,2025-12-27 07:00:00.000,D17,LA MAISON A L'ENVERS,0.00,0.00,0.0,7,0,52,27,12,2025
298569,2025-12-27 08:00:00.000,D17,LA MAISON A L'ENVERS,0.00,0.00,0.0,8,0,52,27,12,2025
298586,2025-12-27 09:00:00.000,D17,LA MAISON A L'ENVERS,0.00,0.00,0.0,9,0,52,27,12,2025
298603,2025-12-27 10:00:00.000,D17,LA MAISON A L'ENVERS,0.00,0.15,0.15,10,0,52,27,12,2025
298620,2025-12-27 11:00:00.000,D17,LA MAISON A L'ENVERS,0.00,1.00,1.0,11,0,52,27,12,2025
298637,2025-12-27 12:00:00.000,D17,LA MAISON A L'ENVERS,0.00,1.00,1.0,12,0,52,27,12,2025
298654,2025-12-27 13:00:00.000,D17,LA MAISON A L'ENVERS,0.00,1.00,1.0,13,0,52,27,12,2025
298671,2025-12-27 14:00:00.000,D17,LA MAISON A L'ENVERS,0.00,1.00,1.0,14,0,52,27,12,2025
298688,2025-12-27 15:00:00.000,D17,LA MAISON A L'ENVERS,0.00,1.00,1.0,15,0,52,27,12,2025
298705,2025-12-27 16:00:00.000,D17,LA MAISON A L'ENVERS,0.00,1.00,1.0,16,0,52,27,12,2025
298722,2025-12-27 17:00:00.000,D17,LA MAISON A L'ENVERS,0.00,1.00,1.0,17,0,52,27,12,2025
298739,2025-12-27 18:00:00.000,D17,LA MAISON A L'ENVERS,0.00,1.00,1.0,18,0,52,27,12,2025
298756,2025-12-27 19:00:00.000,D17,LA MAISON A L'ENVERS,0.00,1.00,1.0,19,0,52,27,12,2025
298773,2025-12-27 20:00:00.000,D17,LA MAISON A L'ENVERS,0.00,0.95,0.95,20,0,52,27,12,2025
298790,2025-12-27 21:00:00.000,D17,LA MAISON A L'ENVERS,0.00,0.00,0.0,21,0,52,27,12,2025
298807,2025-12-27 22:00:00.000,D17,LA MAISON A L'ENVERS,0.00,0.00,0.0,22,0,52,27,12,2025
298824,2025-12-27 23:00:00.000,D17,LA MAISON A L'ENVERS,0.00,0.00,0.0,23,0,52,27,12,2025
298841,2025-12-28 00:00:00.000,D17,LA MAISON A L'ENVERS,0.00,0.00,0.0,0,0,1,28,12,2025
298858,2025-12-28 01:00:00.000,D17,LA MAISON A L'ENVERS,0.00,0.00,0.0,1,0,1,28,12,2025
298875,2025-12-28 02:00:00.000,D17,LA MAISON A L'ENVERS,0.00,0.00,0.0,2,0,1,28,12,2025
298892,2025-12-28 03:00:00.000,D17,LA MAISON A L'ENVERS,0.00,0.00,0.0,3,0,1,28,12,2025
298909,2025-12-28 04:00:00.000,D17,LA MAISON A L'ENVERS,0.00,0.00,0.0,4,0,1,28,12,2025
298926,2025-12-28 05:00:00.000,D17,LA MAISON A L'ENVERS,0.00,0.00,0.0,5,0,1,28,12,2025
298943,2025-12-28 06:00:00.000,D17,LA MAISON A L'ENVERS,0.00,0.00,0.0,6,0,1,28,12,2025
298960,2025-12-28 07:00:00.000,D17,LA MAISON A L'ENVERS,0.00,0.00,0.0,7,0,1,28,12,2025
298977,2025-12-28 08:00:00.000,D17,LA MAISON A L'ENVERS,0.00,0.00,0.0,8,0,1,28,12,2025
298993,2025-12-28 09:00:00.000,D17,LA MAISON A L'ENVERS,0.00,0.00,0.0,9,0,1,28,12,2025
299009,2025-12-28 10:00:00.000,D17,LA MAISON A L'ENVERS,0.00,0.00,0.0,10,0,1,28,12,2025
299025,2025-12-28 11:00:00.000,D17,LA MAISON A L'ENVERS,0.00,0.70,0.7,11,0,1,28,12,2025
299041,2025-12-28 12:00:00.000,D17,LA MAISON A L'ENVERS,0.00,1.00,1.0,12,0,1,28,12,2025
299057,2025-12-28 13:00:00.000,D17,LA MAISON A L'ENVERS,0.00,1.00,1.0,13,0,1,28,12,2025
299073,2025-12-28 14:00:00.000,D17,LA MAISON A L'ENVERS,0.00,1.00,1.0,14,0,1,28,12,2025
299089,2025-12-28 15:00:00.000,D17,LA MAISON A L'ENVERS,0.00,1.00,1.0,15,0,1,28,12,2025
299105,2025-12-28 16:00:00.000,D17,LA MAISON A L'ENVERS,0.00,1.00,1.0,16,0,1,28,12,2025
299121,2025-12-28 17:00:00.000,D17,LA MAISON A L'ENVERS,0.00,1.00,1.0,17,0,1,28,12,2025
299137,2025-12-28 18:00:00.000,D17,LA MAISON A L'ENVERS,0.00,1.00,1.0,18,0,1,28,12,2025
299153,2025-12-28 19:00:00.000,D17,LA MAISON A L'ENVERS,0.00,1.00,1.0,19,0,1,28,12,2025
299169,2025-12-28 20:00:00.000,D17,LA MAISON A L'ENVERS,0.00,0.15,0.15,20,0,1,28,12,2025
299185,2025-12-28 21:00:00.000,D17,LA MAISON A L'ENVERS,0.00,0.00,0.0,21,0,1,28,12,2025
299201,2025-12-28 22:00:00.000,D17,LA MAISON A L'ENVERS,0.00,0.00,0.0,22,0,1,28,12,2025
299217,2025-12-28 23:00:00.000,D17,LA MAISON A L'ENVERS,0.00,0.00,0.0,23,0,1,28,12,2025
299233,2025-12-29 00:00:00.000,D17,LA MAISON A L'ENVERS,0.00,0.00,0.0,0,0,1,29,12,2025
299249,2025-12-29 01:00:00.000,D17,LA MAISON A L'ENVERS,0.00,0.00,0.0,1,0,1,29,12,2025
299265,2025-12-29 02:00:00.000,D17,LA MAISON A L'ENVERS,0.00,0.00,0.0,2,0,1,29,12,2025
299281,2025-12-29 03:00:00.000,D17,LA MAISON A L'ENVERS,0.00,0.00,0.0,3,0,1,29,12,2025
299297,2025-12-29 04:00:00.000,D17,LA MAISON A L'ENVERS,0.00,0.00,0.0,4,0,1,29,12,2025
299313,2025-12-29 05:00:00.000,D17,LA MAISON A L'ENVERS,0.00,0.00,0.0,5,0,1,29,12,2025
299329,2025-12-29 06:00:00.000,D17,LA MAISON A L'ENVERS,0.00,0.00,0.0,6,0,1,29,12,2025
299345,2025-12-29 07:00:00.000,D17,LA MAISON A L'ENVERS,0.00,0.00,0.0,7,0,1,29,12,2025
299361,2025-12-29 08:00:00.000,D17,LA MAISON A L'ENVERS,0.00,0.00,0.0,8,0,1,29,12,2025
299377,2025-12-29 09:00:00.000,D17,LA MAISON A L'ENVERS,0.00,0.00,0.0,9,0,1,29,12,2025
299393,2025-12-29 10:00:00.000,D17,LA MAISON A L'ENVERS,0.00,0.05,0.05,10,0,1,29,12,2025
299409,2025-12-29 11:00:00.000,D17,LA MAISON A L'ENVERS,0.00,1.00,1.0,11,0,1,29,12,2025
299425,2025-12-29 12:00:00.000,D17,LA MAISON A L'ENVERS,0.00,1.00,1.0,12,0,1,29,12,2025
299441,2025-12-29 13:00:00.000,D17,LA MAISON A L'ENVERS,0.00,1.00,1.0,13,0,1,29,12,2025
299457,2025-12-29 14:00:00.000,D17,LA MAISON A L'ENVERS,0.00,1.00,1.0,14,0,1,29,12,2025
299473,2025-12-29 15:00:00.000,D17,LA MAISON A L'ENVERS,0.00,1.00,1.0,15,0,1,29,12,2025
299489,2025-12-29 16:00:00.000,D17,LA MAISON A L'ENVERS,0.00,1.00,1.0,16,0,1,29,12,2025
299505,2025-12-29 17:00:00.000,D17,LA MAISON A L'ENVERS,0.00,1.00,1.0,17,0,1,29,12,2025
299521,2025-12-29 18:00:00.000,D17,LA MAISON A L'ENVERS,0.00,1.00,1.0,18,0,1,29,12,2025
299537,2025-12-29 19:00:00.000,D17,LA MAISON A L'ENVERS,0.00,1.00,1.0,19,0,1,29,12,2025
299553,2025-12-29 20:00:00.000,D17,LA MAISON A L'ENVERS,0.05,0.45,0.4,20,0,1,29,12,2025
299569,2025-12-29 21:00:00.000,D17,LA MAISON A L'ENVERS,0.00,0.00,0.0,21,0,1,29,12,2025
299585,2025-12-29 22:00:00.000,D17,LA MAISON A L'ENVERS,0.00,0.00,0.0,22,0,1,29,12,2025
299601,2025-12-29 23:00:00.000,D17,LA MAISON A L'ENVERS,0.00,0.00,0.0,23,0,1,29,12,2025
299617,2025-12-30 00:00:00.000,D17,LA MAISON A L'ENVERS,0.00,0.00,0.0,0,0,1,30,12,2025
299633,2025-12-30 01:00:00.000,D17,LA MAISON A L'ENVERS,0.00,0.00,0.0,1,0,1,30,12,2025
299649,2025-12-30 02:00:00.000,D17,LA MAISON A L'ENVERS,0.00,0.00,0.0,2,0,1,30,12,2025
299665,2025-12-30 03:00:00.000,D17,LA MAISON A L'ENVERS,0.00,0.00,0.0,3,0,1,30,12,2025
299681,2025-12-30 04:00:00.000,D17,LA MAISON A L'ENVERS,0.00,0.00,0.0,4,0,1,30,12,2025
299697,2025-12-30 05:00:00.000,D17,LA MAISON A L'ENVERS,0.00,0.00,0.0,5,0,1,30,12,2025
299713,2025-12-30 06:00:00.000,D17,LA MAISON A L'ENVERS,0.00,0.00,0.0,6,0,1,30,12,2025
299729,2025-12-30 07:00:00.000,D17,LA MAISON A L'ENVERS,0.00,0.00,0.0,7,0,1,30,12,2025
299745,2025-12-30 08:00:00.000,D17,LA MAISON A L'ENVERS,0.00,0.00,0.0,8,0,1,30,12,2025
299761,2025-12-30 09:00:00.000,D17,LA MAISON A L'ENVERS,0.00,0.00,0.0,9,0,1,30,12,2025
299777,2025-12-30 10:00:00.000,D17,LA MAISON A L'ENVERS,0.00,0.80,0.8,10,0,1,30,12,2025
299793,2025-12-30 11:00:00.000,D17,LA MAISON A L'ENVERS,0.00,1.00,1.0,11,0,1,30,12,2025
299809,2025-12-30 12:00:00.000,D17,LA MAISON A L'ENVERS,0.00,1.00,1.0,12,0,1,30,12,2025
299825,2025-12-30 13:00:00.000,D17,LA MAISON A L'ENVERS,0.00,1.00,1.0,13,0,1,30,12,2025
299841,2025-12-30 14:00:00.000,D17,LA MAISON A L'ENVERS,0.00,1.00,1.0,14,0,1,30,12,2025
299857,2025-12-30 15:00:00.000,D17,LA MAISON A L'ENVERS,0.00,1.00,1.0,15,0,1,30,12,2025
299873,2025-12-30 16:00:00.000,D17,LA MAISON A L'ENVERS,0.00,1.00,1.0,16,0,1,30,12,2025
299889,2025-12-30 17:00:00.000,D17,LA MAISON A L'ENVERS,0.00,1.00,1.0,17,0,1,30,12,2025
299905,2025-12-30 18:00:00.000,D17,LA MAISON A L'ENVERS,0.00,1.00,1.0,18,0,1,30,12,2025
299921,2025-12-30 19:00:00.000,D17,LA MAISON A L'ENVERS,0.00,1.00,1.0,19,0,1,30,12,2025
299937,2025-12-30 20:00:00.000,D17,LA MAISON A L'ENVERS,0.95,1.00,0.05,20,0,1,30,12,2025
299953,2025-12-30 21:00:00.000,D17,LA MAISON A L'ENVERS,1.00,1.00,0.0,21,0,1,30,12,2025
299969,2025-12-30 22:00:00.000,D17,LA MAISON A L'ENVERS,1.00,1.00,0.0,22,0,1,30,12,2025
299985,2025-12-30 23:00:00.000,D17,LA MAISON A L'ENVERS,1.00,1.00,0.0,23,0,1,30,12,2025
300001,2025-12-31 00:00:00.000,D17,LA MAISON A L'ENVERS,1.00,1.00,0.0,0,0,1,31,12,2025
300017,2025-12-31 01:00:00.000,D17,LA MAISON A L'ENVERS,1.00,1.00,0.0,1,0,1,31,12,2025
300033,2025-12-31 02:00:00.000,D17,LA MAISON A L'ENVERS,1.00,1.00,0.0,2,0,1,31,12,2025
300049,2025-12-31 03:00:00.000,D17,LA MAISON A L'ENVERS,1.00,1.00,0.0,3,0,1,31,12,2025
300065,2025-12-31 04:00:00.000,D17,LA MAISON A L'ENVERS,1.00,1.00,0.0,4,0,1,31,12,2025
300081,2025-12-31 05:00:00.000,D17,LA MAISON A L'ENVERS,1.00,1.00,0.0,5,0,1,31,12,2025
300097,2025-12-31 06:00:00.000,D17,LA MAISON A L'ENVERS,1.00,1.00,0.0,6,0,1,31,12,2025
300113,2025-12-31 07:00:00.000,D17,LA MAISON A L'ENVERS,1.00,0.00,0.0,7,0,1,31,12,2025
300129,2025-12-31 08:00:00.000,D17,LA MAISON A L'ENVERS,1.00,0.00,0.0,8,0,1,31,12,2025
300145,2025-12-31 09:00:00.000,D17,LA MAISON A L'ENVERS,1.00,0.00,0.0,9,0,1,31,12,2025
300161,2025-12-31 10:00:00.000,D17,LA MAISON A L'ENVERS,1.00,0.25,0.0,10,0,1,31,12,2025
300177,2025-12-31 11:00:00.000,D17,LA MAISON A L'ENVERS,0.50,1.00,0.5,11,0,1,31,12,2025
300193,2025-12-31 12:00:00.000,D17,LA MAISON A L'ENVERS,0.00,1.00,1.0,12,0,1,31,12,2025
300209,2025-12-31 13:00:00.000,D17,LA MAISON A L'ENVERS,0.00,1.00,1.0,13,0,1,31,12,2025
300225,2025-12-31 14:00:00.000,D17,LA MAISON A L'ENVERS,0.00,1.00,1.0,14,0,1,31,12,2025
300241,2025-12-31 15:00:00.000,D17,LA MAISON A L'ENVERS,0.00,1.00,1.0,15,0,1,31,12,2025
300257,2025-12-31 16:00:00.000,D17,LA MAISON A L'ENVERS,0.00,1.00,1.0,16,0,1,31,12,2025
300273,2025-12-31 17:00:00.000,D17,LA MAISON A L'ENVERS,0.00,1.00,1.0,17,0,1,31,12,2025
300289,2025-12-31 18:00:00.000,D17,LA MAISON A L'ENVERS,0.00,1.00,1.0,18,0,1,31,12,2025
300305,2025-12-31 19:00:00.000,D17,LA MAISON A L'ENVERS,0.00,1.00,1.0,19,0,1,31,12,2025
300321,2025-12-31 20:00:00.000,D17,LA MAISON A L'ENVERS,0.00,1.00,1.0,20,0,1,31,12,2025
300337,2025-12-31 21:00:00.000,D17,LA MAISON A L'ENVERS,0.00,1.00,1.0,21,0,1,31,12,2025
300353,2025-12-31 22:00:00.000,D17,LA MAISON A L'ENVERS,0.00,1.00,1.0,22,0,1,31,12,2025
300369,2025-12-31 23:00:00.000,D17,LA MAISON A L'ENVERS,0.00,1.00,1.0,23,0,1,31,12,2025
506,2026-01-01 00:00:00.000,D17,LA MAISON A L'ENVERS,0.00,1.00,1.0,0,0,1,1,1,2026
522,2026-01-01 01:00:00.000,D17,LA MAISON A L'ENVERS,0.00,1.00,1.0,1,0,1,1,1,2026
538,2026-01-01 02:00:00.000,D17,LA MAISON A L'ENVERS,0.00,1.00,1.0,2,0,1,1,1,2026
554,2026-01-01 03:00:00.000,D17,LA MAISON A L'ENVERS,0.00,1.00,1.0,3,0,1,1,1,2026
570,2026-01-01 04:00:00.000,D17,LA MAISON A L'ENVERS,0.00,1.00,1.0,4,0,1,1,1,2026
586,2026-01-01 05:00:00.000,D17,LA MAISON A L'ENVERS,0.00,1.00,1.0,5,0,1,1,1,2026
602,2026-01-01 06:00:00.000,D17,LA MAISON A L'ENVERS,0.00,1.00,1.0,6,0,1,1,1,2026
618,2026-01-01 07:00:00.000,D17,LA MAISON A L'ENVERS,0.00,0.00,0.0,7,0,1,1,1,2026
633,2026-01-01 08:00:00.000,D17,LA MAISON A L'ENVERS,0.00,0.00,0.0,8,0,1,1,1,2026
648,2026-01-01 09:00:00.000,D17,LA MAISON A L'ENVERS,0.00,0.00,0.0,9,0,1,1,1,2026
663,2026-01-01 10:00:00.000,D17,LA MAISON A L'ENVERS,0.00,0.05,0.05,10,0,1,1,1,2026
678,2026-01-01 11:00:00.000,D17,LA MAISON A L'ENVERS,0.00,1.00,1.0,11,0,1,1,1,2026
693,2026-01-01 12:00:00.000,D17,LA MAISON A L'ENVERS,0.00,1.00,1.0,12,0,1,1,1,2026
708,2026-01-01 13:00:00.000,D17,LA MAISON A L'ENVERS,0.00,1.00,1.0,13,0,1,1,1,2026
723,2026-01-01 14:00:00.000,D17,LA MAISON A L'ENVERS,0.00,1.00,1.0,14,0,1,1,1,2026
738,2026-01-01 15:00:00.000,D17,LA MAISON A L'ENVERS,0.00,1.00,1.0,15,0,1,1,1,2026
754,2026-01-01 16:00:00.000,D17,LA MAISON A L'ENVERS,0.00,1.00,1.0,16,0,1,1,1,2026
770,2026-01-01 17:00:00.000,D17,LA MAISON A L'ENVERS,0.00,1.00,1.0,17,0,1,1,1,2026
786,2026-01-01 18:00:00.000,D17,LA MAISON A L'ENVERS,0.00,1.00,1.0,18,0,1,1,1,2026
802,2026-01-01 19:00:00.000,D17,LA MAISON A L'ENVERS,0.35,1.00,0.65,19,0,1,1,1,2026
818,2026-01-01 20:00:00.000,D17,LA MAISON A L'ENVERS,1.00,0.05,0.0,20,0,1,1,1,2026
834,2026-01-01 21:00:00.000,D17,LA MAISON A L'ENVERS,1.00,0.00,0.0,21,0,1,1,1,2026
850,2026-01-01 22:00:00.000,D17,LA MAISON A L'ENVERS,1.00,0.00,0.0,22,0,1,1,1,2026
866,2026-01-01 23:00:00.000,D17,LA MAISON A L'ENVERS,1.00,0.00,0.0,23,0,1,1,1,2026
882,2026-01-02 00:00:00.000,D17,LA MAISON A L'ENVERS,1.00,0.00,0.0,0,0,1,2,1,2026
898,2026-01-02 01:00:00.000,D17,LA MAISON A L'ENVERS,1.00,0.00,0.0,1,0,1,2,1,2026
914,2026-01-02 02:00:00.000,D17,LA MAISON A L'ENVERS,1.00,0.00,0.0,2,0,1,2,1,2026
930,2026-01-02 03:00:00.000,D17,LA MAISON A L'ENVERS,1.00,0.00,0.0,3,0,1,2,1,2026
946,2026-01-02 04:00:00.000,D17,LA MAISON A L'ENVERS,1.00,0.00,0.0,4,0,1,2,1,2026
962,2026-01-02 05:00:00.000,D17,LA MAISON A L'ENVERS,1.00,0.00,0.0,5,0,1,2,1,2026
978,2026-01-02 06:00:00.000,D17,LA MAISON A L'ENVERS,1.00,0.00,0.0,6,0,1,2,1,2026
994,2026-01-02 07:00:00.000,D17,LA MAISON A L'ENVERS,1.00,0.00,0.0,7,0,1,2,1,2026
1511,2026-01-02 08:00:00.000,D17,LA MAISON A L'ENVERS,1.00,0.00,0.0,8,0,1,2,1,2026
1527,2026-01-02 09:00:00.000,D17,LA MAISON A L'ENVERS,1.00,0.00,0.0,9,0,1,2,1,2026
1543,2026-01-02 10:00:00.000,D17,LA MAISON A L'ENVERS,1.00,0.00,0.0,10,0,1,2,1,2026
1559,2026-01-02 11:00:00.000,D17,LA MAISON A L'ENVERS,0.25,0.80,0.55,11,0,1,2,1,2026
1575,2026-01-02 12:00:00.000,D17,LA MAISON A L'ENVERS,0.00,1.00,1.0,12,0,1,2,1,2026
1591,2026-01-02 13:00:00.000,D17,LA MAISON A L'ENVERS,0.00,1.00,1.0,13,0,1,2,1,2026
1607,2026-01-02 14:00:00.000,D17,LA MAISON A L'ENVERS,0.00,1.00,1.0,14,0,1,2,1,2026
1623,2026-01-02 15:00:00.000,D17,LA MAISON A L'ENVERS,0.00,1.00,1.0,15,0,1,2,1,2026
1639,2026-01-02 16:00:00.000,D17,LA MAISON A L'ENVERS,0.00,1.00,1.0,16,0,1,2,1,2026
1655,2026-01-02 17:00:00.000,D17,LA MAISON A L'ENVERS,0.00,1.00,1.0,17,0,1,2,1,2026
1671,2026-01-02 18:00:00.000,D17,LA MAISON A L'ENVERS,0.00,1.00,1.0,18,0,1,2,1,2026
1687,2026-01-02 19:00:00.000,D17,LA MAISON A L'ENVERS,0.00,0.70,0.7,19,0,1,2,1,2026
1703,2026-01-02 20:00:00.000,D17,LA MAISON A L'ENVERS,0.00,0.00,0.0,20,0,1,2,1,2026
1719,2026-01-02 21:00:00.000,D17,LA MAISON A L'ENVERS,0.00,0.00,0.0,21,0,1,2,1,2026
1735,2026-01-02 22:00:00.000,D17,LA MAISON A L'ENVERS,0.00,0.00,0.0,22,0,1,2,1,2026
1751,2026-01-02 23:00:00.000,D17,LA MAISON A L'ENVERS,0.00,0.00,0.0,23,0,1,2,1,2026
1767,2026-01-03 00:00:00.000,D17,LA MAISON A L'ENVERS,0.00,0.00,0.0,0,0,1,3,1,2026
1783,2026-01-03 01:00:00.000,D17,LA MAISON A L'ENVERS,0.00,0.00,0.0,1,0,1,3,1,2026
1799,2026-01-03 02:00:00.000,D17,LA MAISON A L'ENVERS,0.00,0.00,0.0,2,0,1,3,1,2026
1815,2026-01-03 03:00:00.000,D17,LA MAISON A L'ENVERS,0.00,0.00,0.0,3,0,1,3,1,2026
1831,2026-01-03 04:00:00.000,D17,LA MAISON A L'ENVERS,0.00,0.00,0.0,4,0,1,3,1,2026
1847,2026-01-03 05:00:00.000,D17,LA MAISON A L'ENVERS,0.00,0.00,0.0,5,0,1,3,1,2026
1863,2026-01-03 06:00:00.000,D17,LA MAISON A L'ENVERS,0.00,0.00,0.0,6,0,1,3,1,2026
1879,2026-01-03 07:00:00.000,D17,LA MAISON A L'ENVERS,0.00,0.00,0.0,7,0,1,3,1,2026
1895,2026-01-03 08:00:00.000,D17,LA MAISON A L'ENVERS,0.00,0.00,0.0,8,0,1,3,1,2026
1911,2026-01-03 09:00:00.000,D17,LA MAISON A L'ENVERS,0.00,0.00,0.0,9,0,1,3,1,2026
1927,2026-01-03 10:00:00.000,D17,LA MAISON A L'ENVERS,0.00,0.15,0.15,10,0,1,3,1,2026
1943,2026-01-03 11:00:00.000,D17,LA MAISON A L'ENVERS,0.00,1.00,1.0,11,0,1,3,1,2026
1959,2026-01-03 12:00:00.000,D17,LA MAISON A L'ENVERS,0.00,1.00,1.0,12,0,1,3,1,2026
1975,2026-01-03 13:00:00.000,D17,LA MAISON A L'ENVERS,0.00,1.00,1.0,13,0,1,3,1,2026
1991,2026-01-03 14:00:00.000,D17,LA MAISON A L'ENVERS,0.00,1.00,1.0,14,0,1,3,1,2026
2508,2026-01-03 15:00:00.000,D17,LA MAISON A L'ENVERS,0.00,1.00,1.0,15,0,1,3,1,2026
2524,2026-01-03 16:00:00.000,D17,LA MAISON A L'ENVERS,0.00,1.00,1.0,16,0,1,3,1,2026
2540,2026-01-03 17:00:00.000,D17,LA MAISON A L'ENVERS,0.00,1.00,1.0,17,0,1,3,1,2026
2556,2026-01-03 18:00:00.000,D17,LA MAISON A L'ENVERS,0.00,1.00,1.0,18,0,1,3,1,2026
2572,2026-01-03 19:00:00.000,D17,LA MAISON A L'ENVERS,0.00,1.00,1.0,19,0,1,3,1,2026
2588,2026-01-03 20:00:00.000,D17,LA MAISON A L'ENVERS,0.00,0.85,0.85,20,0,1,3,1,2026
2604,2026-01-03 21:00:00.000,D17,LA MAISON A L'ENVERS,0.00,0.00,0.0,21,0,1,3,1,2026
2620,2026-01-03 22:00:00.000,D17,LA MAISON A L'ENVERS,0.00,0.00,0.0,22,0,1,3,1,2026
2636,2026-01-03 23:00:00.000,D17,LA MAISON A L'ENVERS,0.00,0.00,0.0,23,0,1,3,1,2026
2652,2026-01-04 00:00:00.000,D17,LA MAISON A L'ENVERS,0.00,0.00,0.0,0,0,2,4,1,2026
2668,2026-01-04 01:00:00.000,D17,LA MAISON A L'ENVERS,0.00,0.00,0.0,1,0,2,4,1,2026
2684,2026-01-04 02:00:00.000,D17,LA MAISON A L'ENVERS,0.00,0.00,0.0,2,0,2,4,1,2026
2700,2026-01-04 03:00:00.000,D17,LA MAISON A L'ENVERS,0.00,0.00,0.0,3,0,2,4,1,2026
2716,2026-01-04 04:00:00.000,D17,LA MAISON A L'ENVERS,0.00,0.00,0.0,4,0,2,4,1,2026
2732,2026-01-04 05:00:00.000,D17,LA MAISON A L'ENVERS,0.00,0.00,0.0,5,0,2,4,1,2026
2748,2026-01-04 06:00:00.000,D17,LA MAISON A L'ENVERS,0.00,0.00,0.0,6,0,2,4,1,2026
2764,2026-01-04 07:00:00.000,D17,LA MAISON A L'ENVERS,0.00,0.00,0.0,7,0,2,4,1,2026
2779,2026-01-04 08:00:00.000,D17,LA MAISON A L'ENVERS,0.00,0.00,0.0,8,0,2,4,1,2026
2794,2026-01-04 09:00:00.000,D17,LA MAISON A L'ENVERS,0.00,0.00,0.0,9,0,2,4,1,2026
2809,2026-01-04 10:00:00.000,D17,LA MAISON A L'ENVERS,0.00,0.00,0.0,10,0,2,4,1,2026
2824,2026-01-04 11:00:00.000,D17,LA MAISON A L'ENVERS,0.00,0.00,0.0,11,0,2,4,1,2026
2839,2026-01-04 12:00:00.000,D17,LA MAISON A L'ENVERS,0.00,0.00,0.0,12,0,2,4,1,2026
2854,2026-01-04 13:00:00.000,D17,LA MAISON A L'ENVERS,0.00,0.00,0.0,13,0,2,4,1,2026
2869,2026-01-04 14:00:00.000,D17,LA MAISON A L'ENVERS,0.00,0.00,0.0,14,0,2,4,1,2026
2884,2026-01-04 15:00:00.000,D17,LA MAISON A L'ENVERS,0.00,0.00,0.0,15,0,2,4,1,2026
2899,2026-01-04 16:00:00.000,D17,LA MAISON A L'ENVERS,0.00,0.00,0.0,16,0,2,4,1,2026
2914,2026-01-04 17:00:00.000,D17,LA MAISON A L'ENVERS,0.00,0.00,0.0,17,0,2,4,1,2026
2929,2026-01-04 18:00:00.000,D17,LA MAISON A L'ENVERS,0.00,0.00,0.0,18,0,2,4,1,2026
2944,2026-01-04 19:00:00.000,D17,LA MAISON A L'ENVERS,0.00,0.00,0.0,19,0,2,4,1,2026
2959,2026-01-04 20:00:00.000,D17,LA MAISON A L'ENVERS,0.00,0.00,0.0,20,0,2,4,1,2026
2974,2026-01-04 21:00:00.000,D17,LA MAISON A L'ENVERS,0.00,0.00,0.0,21,0,2,4,1,2026
2989,2026-01-04 22:00:00.000,D17,LA MAISON A L'ENVERS,0.00,0.00,0.0,22,0,2,4,1,2026
3004,2026-01-04 23:00:00.000,D17,LA MAISON A L'ENVERS,0.00,0.00,0.0,23,0,2,4,1,2026
3520,2026-01-05 00:00:00.000,D17,LA MAISON A L'ENVERS,0.00,0.00,0.0,0,0,2,5,1,2026
3535,2026-01-05 01:00:00.000,D17,LA MAISON A L'ENVERS,0.00,0.00,0.0,1,0,2,5,1,2026
3550,2026-01-05 02:00:00.000,D17,LA MAISON A L'ENVERS,0.00,0.00,0.0,2,0,2,5,1,2026
3565,2026-01-05 03:00:00.000,D17,LA MAISON A L'ENVERS,0.00,0.00,0.0,3,0,2,5,1,2026
3580,2026-01-05 04:00:00.000,D17,LA MAISON A L'ENVERS,0.00,0.90,0.9,4,0,2,5,1,2026
3596,2026-01-05 05:00:00.000,D17,LA MAISON A L'ENVERS,0.00,1.00,1.0,5,0,2,5,1,2026
3612,2026-01-05 06:00:00.000,D17,LA MAISON A L'ENVERS,0.00,1.00,1.0,6,0,2,5,1,2026
3627,2026-01-13 15:00:00.000,D17,LA MAISON A L'ENVERS,0.00,0.00,0.0,15,0,3,13,1,2026
3645,2026-01-13 16:00:00.000,D17,LA MAISON A L'ENVERS,0.00,0.00,0.0,16,0,3,13,1,2026
3663,2026-01-13 17:00:00.000,D17,LA MAISON A L'ENVERS,0.00,0.00,0.0,17,0,3,13,1,2026
3681,2026-01-13 18:00:00.000,D17,LA MAISON A L'ENVERS,0.00,0.00,0.0,18,0,3,13,1,2026
3699,2026-01-13 19:00:00.000,D17,LA MAISON A L'ENVERS,0.00,0.00,0.0,19,0,3,13,1,2026
3717,2026-01-13 20:00:00.000,D17,LA MAISON A L'ENVERS,0.00,0.00,0.0,20,0,3,13,1,2026
3734,2026-01-13 21:00:00.000,D17,LA MAISON A L'ENVERS,0.00,0.00,0.0,21,0,3,13,1,2026
3751,2026-01-13 22:00:00.000,D17,LA MAISON A L'ENVERS,0.00,0.00,0.0,22,0,3,13,1,2026
3768,2026-01-13 23:00:00.000,D17,LA MAISON A L'ENVERS,0.00,0.00,0.0,23,0,3,13,1,2026
3785,2026-01-14 00:00:00.000,D17,LA MAISON A L'ENVERS,0.00,0.00,0.0,0,0,3,14,1,2026
3802,2026-01-14 01:00:00.000,D17,LA MAISON A L'ENVERS,0.00,0.00,0.0,1,0,3,14,1,2026
3819,2026-01-14 02:00:00.000,D17,LA MAISON A L'ENVERS,0.00,0.00,0.0,2,0,3,14,1,2026
3836,2026-01-14 03:00:00.000,D17,LA MAISON A L'ENVERS,0.00,0.00,0.0,3,0,3,14,1,2026
3853,2026-01-14 04:00:00.000,D17,LA MAISON A L'ENVERS,0.00,0.00,0.0,4,0,3,14,1,2026
3871,2026-01-14 05:00:00.000,D17,LA MAISON A L'ENVERS,0.00,0.00,0.0,5,0,3,14,1,2026
3889,2026-01-14 06:00:00.000,D17,LA MAISON A L'ENVERS,0.00,0.00,0.0,6,0,3,14,1,2026
3908,2026-01-19 09:00:00.000,D17,LA MAISON A L'ENVERS,0.00,0.00,0.0,9,0,4,19,1,2026
3923,2026-01-19 10:00:00.000,D17,LA MAISON A L'ENVERS,0.00,0.00,0.0,10,0,4,19,1,2026
3938,2026-01-19 11:00:00.000,D17,LA MAISON A L'ENVERS,0.00,0.00,0.0,11,0,4,19,1,2026
3953,2026-01-19 12:00:00.000,D17,LA MAISON A L'ENVERS,0.00,0.00,0.0,12,0,4,19,1,2026
3968,2026-01-19 13:00:00.000,D17,LA MAISON A L'ENVERS,0.00,0.00,0.0,13,0,4,19,1,2026
3983,2026-01-19 14:00:00.000,D17,LA MAISON A L'ENVERS,0.00,0.00,0.0,14,0,4,19,1,2026
3998,2026-01-19 15:00:00.000,D17,LA MAISON A L'ENVERS,0.00,0.00,0.0,15,0,4,19,1,2026
4514,2026-01-19 16:00:00.000,D17,LA MAISON A L'ENVERS,0.00,0.00,0.0,16,0,4,19,1,2026
4529,2026-01-19 17:00:00.000,D17,LA MAISON A L'ENVERS,0.00,0.00,0.0,17,0,4,19,1,2026
4544,2026-01-19 18:00:00.000,D17,LA MAISON A L'ENVERS,0.00,0.00,0.0,18,0,4,19,1,2026
4559,2026-01-19 19:00:00.000,D17,LA MAISON A L'ENVERS,0.00,0.00,0.0,19,0,4,19,1,2026
4574,2026-01-19 20:00:00.000,D17,LA MAISON A L'ENVERS,0.00,0.00,0.0,20,0,4,19,1,2026
4589,2026-01-19 21:00:00.000,D17,LA MAISON A L'ENVERS,0.00,0.00,0.0,21,0,4,19,1,2026
4604,2026-01-19 22:00:00.000,D17,LA MAISON A L'ENVERS,0.00,0.00,0.0,22,0,4,19,1,2026
4619,2026-01-19 23:00:00.000,D17,LA MAISON A L'ENVERS,0.00,0.00,0.0,23,0,4,19,1,2026
4634,2026-01-20 00:00:00.000,D17,LA MAISON A L'ENVERS,0.00,0.00,0.0,0,0,4,20,1,2026
4649,2026-01-20 01:00:00.000,D17,LA MAISON A L'ENVERS,0.00,0.00,0.0,1,0,4,20,1,2026
4664,2026-01-20 02:00:00.000,D17,LA MAISON A L'ENVERS,0.00,0.00,0.0,2,0,4,20,1,2026
4679,2026-01-20 03:00:00.000,D17,LA MAISON A L'ENVERS,0.00,0.00,0.0,3,0,4,20,1,2026
4694,2026-01-20 04:00:00.000,D17,LA MAISON A L'ENVERS,0.00,0.00,0.0,4,0,4,20,1,2026
4709,2026-01-20 05:00:00.000,D17,LA MAISON A L'ENVERS,0.00,0.00,0.0,5,0,4,20,1,2026
4724,2026-01-20 06:00:00.000,D17,LA MAISON A L'ENVERS,0.00,0.00,0.0,6,0,4,20,1,2026
4738,2026-01-20 09:00:00.000,D17,LA MAISON A L'ENVERS,0.00,0.00,0.0,9,0,4,20,1,2026
4756,2026-01-20 10:00:00.000,D17,LA MAISON A L'ENVERS,0.00,0.00,0.0,10,0,4,20,1,2026
4774,2026-01-20 11:00:00.000,D17,LA MAISON A L'ENVERS,0.00,0.00,0.0,11,0,4,20,1,2026
4792,2026-01-20 12:00:00.000,D17,LA MAISON A L'ENVERS,0.00,0.00,0.0,12,0,4,20,1,2026
4810,2026-01-20 13:00:00.000,D17,LA MAISON A L'ENVERS,0.00,0.00,0.0,13,0,4,20,1,2026
4828,2026-01-20 14:00:00.000,D17,LA MAISON A L'ENVERS,0.00,0.00,0.0,14,0,4,20,1,2026
4846,2026-01-20 15:00:00.000,D17,LA MAISON A L'ENVERS,0.00,0.00,0.0,15,0,4,20,1,2026
4864,2026-01-20 16:00:00.000,D17,LA MAISON A L'ENVERS,0.00,0.00,0.0,16,0,4,20,1,2026
4882,2026-01-20 17:00:00.000,D17,LA MAISON A L'ENVERS,0.00,0.00,0.0,17,0,4,20,1,2026
4900,2026-01-20 18:00:00.000,D17,LA MAISON A L'ENVERS,0.00,0.00,0.0,18,0,4,20,1,2026
4918,2026-01-20 19:00:00.000,D17,LA MAISON A L'ENVERS,0.00,0.00,0.0,19,0,4,20,1,2026
4936,2026-01-20 20:00:00.000,D17,LA MAISON A L'ENVERS,0.00,0.00,0.0,20,0,4,20,1,2026
4954,2026-01-20 21:00:00.000,D17,LA MAISON A L'ENVERS,0.00,0.00,0.0,21,0,4,20,1,2026
4972,2026-01-20 22:00:00.000,D17,LA MAISON A L'ENVERS,0.00,0.00,0.0,22,0,4,20,1,2026
4990,2026-01-20 23:00:00.000,D17,LA MAISON A L'ENVERS,0.00,0.00,0.0,23,0,4,20,1,2026
5008,2026-01-21 00:00:00.000,D17,LA MAISON A L'ENVERS,0.00,0.00,0.0,0,0,4,21,1,2026
5527,2026-01-21 01:00:00.000,D17,LA MAISON A L'ENVERS,0.00,0.00,0.0,1,0,4,21,1,2026
5545,2026-01-21 02:00:00.000,D17,LA MAISON A L'ENVERS,0.00,0.00,0.0,2,0,4,21,1,2026
5563,2026-01-21 03:00:00.000,D17,LA MAISON A L'ENVERS,0.00,0.00,0.0,3,0,4,21,1,2026
5581,2026-01-21 04:00:00.000,D17,LA MAISON A L'ENVERS,0.00,0.00,0.0,4,0,4,21,1,2026
5599,2026-01-21 05:00:00.000,D17,LA MAISON A L'ENVERS,0.00,0.00,0.0,5,0,4,21,1,2026
5617,2026-01-21 06:00:00.000,D17,LA MAISON A L'ENVERS,0.00,0.00,0.0,6,0,4,21,1,2026
5636,2026-01-21 09:00:00.000,D17,LA MAISON A L'ENVERS,0.00,0.00,0.0,9,0,4,21,1,2026
5651,2026-01-21 10:00:00.000,D17,LA MAISON A L'ENVERS,0.00,0.00,0.0,10,0,4,21,1,2026
5666,2026-01-21 11:00:00.000,D17,LA MAISON A L'ENVERS,0.00,0.00,0.0,11,0,4,21,1,2026
5681,2026-01-21 12:00:00.000,D17,LA MAISON A L'ENVERS,0.00,0.00,0.0,12,0,4,21,1,2026
5696,2026-01-21 13:00:00.000,D17,LA MAISON A L'ENVERS,0.00,0.00,0.0,13,0,4,21,1,2026
5711,2026-01-21 14:00:00.000,D17,LA MAISON A L'ENVERS,0.00,0.00,0.0,14,0,4,21,1,2026
5726,2026-01-21 15:00:00.000,D17,LA MAISON A L'ENVERS,0.00,0.00,0.0,15,0,4,21,1,2026
5741,2026-01-21 16:00:00.000,D17,LA MAISON A L'ENVERS,0.00,0.00,0.0,16,0,4,21,1,2026
5756,2026-01-21 17:00:00.000,D17,LA MAISON A L'ENVERS,0.00,0.00,0.0,17,0,4,21,1,2026
5771,2026-01-21 18:00:00.000,D17,LA MAISON A L'ENVERS,0.00,0.00,0.0,18,0,4,21,1,2026
5786,2026-01-21 19:00:00.000,D17,LA MAISON A L'ENVERS,0.00,0.00,0.0,19,0,4,21,1,2026
5801,2026-01-21 20:00:00.000,D17,LA MAISON A L'ENVERS,0.00,0.00,0.0,20,0,4,21,1,2026
5816,2026-01-21 21:00:00.000,D17,LA MAISON A L'ENVERS,0.00,0.00,0.0,21,0,4,21,1,2026
5831,2026-01-21 22:00:00.000,D17,LA MAISON A L'ENVERS,0.00,0.00,0.0,22,0,4,21,1,2026
5846,2026-01-21 23:00:00.000,D17,LA MAISON A L'ENVERS,0.00,0.00,0.0,23,0,4,21,1,2026
5861,2026-01-22 00:00:00.000,D17,LA MAISON A L'ENVERS,0.00,0.00,0.0,0,0,4,22,1,2026
5876,2026-01-22 01:00:00.000,D17,LA MAISON A L'ENVERS,0.00,0.00,0.0,1,0,4,22,1,2026
5891,2026-01-22 02:00:00.000,D17,LA MAISON A L'ENVERS,0.00,0.00,0.0,2,0,4,22,1,2026
5906,2026-01-22 03:00:00.000,D17,LA MAISON A L'ENVERS,0.00,0.00,0.0,3,0,4,22,1,2026
5921,2026-01-22 04:00:00.000,D17,LA MAISON A L'ENVERS,0.00,0.00,0.0,4,0,4,22,1,2026
5936,2026-01-22 05:00:00.000,D17,LA MAISON A L'ENVERS,0.00,0.00,0.0,5,0,4,22,1,2026
5951,2026-01-22 06:00:00.000,D17,LA MAISON A L'ENVERS,0.00,0.00,0.0,6,0,4,22,1,2026
5965,2026-01-26 09:00:00.000,D17,LA MAISON A L'ENVERS,0.00,0.00,0.0,9,0,5,26,1,2026
5983,2026-01-26 10:00:00.000,D17,LA MAISON A L'ENVERS,0.00,0.00,0.0,10,0,5,26,1,2026
6001,2026-01-26 11:00:00.000,D17,LA MAISON A L'ENVERS,0.00,0.00,0.0,11,0,5,26,1,2026
6520,2026-01-26 12:00:00.000,D17,LA MAISON A L'ENVERS,0.00,0.00,0.0,12,0,5,26,1,2026
6538,2026-01-26 13:00:00.000,D17,LA MAISON A L'ENVERS,0.00,0.00,0.0,13,0,5,26,1,2026
6556,2026-01-26 14:00:00.000,D17,LA MAISON A L'ENVERS,0.00,0.00,0.0,14,0,5,26,1,2026
6574,2026-01-26 15:00:00.000,D17,LA MAISON A L'ENVERS,0.00,0.00,0.0,15,0,5,26,1,2026
6592,2026-01-26 16:00:00.000,D17,LA MAISON A L'ENVERS,0.00,0.00,0.0,16,0,5,26,1,2026
6610,2026-01-26 17:00:00.000,D17,LA MAISON A L'ENVERS,0.00,0.00,0.0,17,0,5,26,1,2026
6628,2026-01-26 18:00:00.000,D17,LA MAISON A L'ENVERS,0.00,0.00,0.0,18,0,5,26,1,2026
6646,2026-01-26 19:00:00.000,D17,LA MAISON A L'ENVERS,0.00,0.00,0.0,19,0,5,26,1,2026
6664,2026-01-26 20:00:00.000,D17,LA MAISON A L'ENVERS,0.00,0.00,0.0,20,0,5,26,1,2026
6682,2026-01-26 21:00:00.000,D17,LA MAISON A L'ENVERS,0.00,0.00,0.0,21,0,5,26,1,2026
6700,2026-01-26 22:00:00.000,D17,LA MAISON A L'ENVERS,0.00,0.00,0.0,22,0,5,26,1,2026
6718,2026-01-26 23:00:00.000,D17,LA MAISON A L'ENVERS,0.00,0.00,0.0,23,0,5,26,1,2026
6736,2026-01-27 00:00:00.000,D17,LA MAISON A L'ENVERS,0.00,0.00,0.0,0,0,5,27,1,2026
6754,2026-01-27 01:00:00.000,D17,LA MAISON A L'ENVERS,0.00,0.00,0.0,1,0,5,27,1,2026
6772,2026-01-27 02:00:00.000,D17,LA MAISON A L'ENVERS,0.00,0.00,0.0,2,0,5,27,1,2026
6790,2026-01-27 03:00:00.000,D17,LA MAISON A L'ENVERS,0.00,0.00,0.0,3,0,5,27,1,2026
6808,2026-01-27 04:00:00.000,D17,LA MAISON A L'ENVERS,0.00,0.00,0.0,4,0,5,27,1,2026
6826,2026-01-27 05:00:00.000,D17,LA MAISON A L'ENVERS,0.00,0.00,0.0,5,0,5,27,1,2026
6844,2026-01-27 06:00:00.000,D17,LA MAISON A L'ENVERS,0.00,0.00,0.0,6,0,5,27,1,2026
6906,2026-02-02 10:00:00.000,D17,LA MAISON A L'ENVERS,0.00,0.00,0.0,10,0,6,2,2,2026
6924,2026-02-02 11:00:00.000,D17,LA MAISON A L'ENVERS,0.00,0.00,0.0,11,0,6,2,2,2026
6942,2026-02-02 12:00:00.000,D17,LA MAISON A L'ENVERS,0.00,0.00,0.0,12,0,6,2,2,2026
6960,2026-02-02 13:00:00.000,D17,LA MAISON A L'ENVERS,0.00,0.00,0.0,13,0,6,2,2,2026
6978,2026-02-02 14:00:00.000,D17,LA MAISON A L'ENVERS,0.00,0.00,0.0,14,0,6,2,2,2026
6996,2026-02-02 15:00:00.000,D17,LA MAISON A L'ENVERS,0.00,0.00,0.0,15,0,6,2,2,2026
7515,2026-02-02 16:00:00.000,D17,LA MAISON A L'ENVERS,0.00,0.00,0.0,16,0,6,2,2,2026
7533,2026-02-02 17:00:00.000,D17,LA MAISON A L'ENVERS,0.00,0.00,0.0,17,0,6,2,2,2026
7551,2026-02-02 18:00:00.000,D17,LA MAISON A L'ENVERS,0.00,0.00,0.0,18,0,6,2,2,2026
7569,2026-02-02 19:00:00.000,D17,LA MAISON A L'ENVERS,0.00,0.00,0.0,19,0,6,2,2,2026
7587,2026-02-02 20:00:00.000,D17,LA MAISON A L'ENVERS,0.00,0.00,0.0,20,0,6,2,2,2026
7605,2026-02-02 21:00:00.000,D17,LA MAISON A L'ENVERS,0.00,0.00,0.0,21,0,6,2,2,2026
7623,2026-02-02 22:00:00.000,D17,LA MAISON A L'ENVERS,0.00,0.00,0.0,22,0,6,2,2,2026
7641,2026-02-02 23:00:00.000,D17,LA MAISON A L'ENVERS,0.00,0.00,0.0,23,0,6,2,2,2026
7659,2026-02-03 00:00:00.000,D17,LA MAISON A L'ENVERS,0.00,0.00,0.0,0,0,6,3,2,2026
7677,2026-02-03 01:00:00.000,D17,LA MAISON A L'ENVERS,0.00,0.00,0.0,1,0,6,3,2,2026
7695,2026-02-03 02:00:00.000,D17,LA MAISON A L'ENVERS,0.00,0.00,0.0,2,0,6,3,2,2026
7713,2026-02-03 03:00:00.000,D17,LA MAISON A L'ENVERS,0.00,0.00,0.0,3,0,6,3,2,2026
7731,2026-02-03 04:00:00.000,D17,LA MAISON A L'ENVERS,0.00,0.00,0.0,4,0,6,3,2,2026
7749,2026-02-03 05:00:00.000,D17,LA MAISON A L'ENVERS,0.00,0.00,0.0,5,0,6,3,2,2026
7767,2026-02-03 06:00:00.000,D17,LA MAISON A L'ENVERS,0.00,0.00,0.0,6,0,6,3,2,2026
7785,2026-02-03 07:00:00.000,D17,LA MAISON A L'ENVERS,0.00,0.00,0.0,7,0,6,3,2,2026
7803,2026-02-03 08:00:00.000,D17,LA MAISON A L'ENVERS,0.00,0.00,0.0,8,0,6,3,2,2026
7821,2026-02-03 09:00:00.000,D17,LA MAISON A L'ENVERS,0.00,0.00,0.0,9,0,6,3,2,2026
7839,2026-02-03 10:00:00.000,D17,LA MAISON A L'ENVERS,0.00,0.00,0.0,10,0,6,3,2,2026
7857,2026-02-03 11:00:00.000,D17,LA MAISON A L'ENVERS,0.00,0.00,0.0,11,0,6,3,2,2026
7875,2026-02-03 12:00:00.000,D17,LA MAISON A L'ENVERS,0.00,0.00,0.0,12,0,6,3,2,2026
7893,2026-02-03 13:00:00.000,D17,LA MAISON A L'ENVERS,0.00,0.00,0.0,13,0,6,3,2,2026
7911,2026-02-03 14:00:00.000,D17,LA MAISON A L'ENVERS,0.00,0.00,0.0,14,0,6,3,2,2026
7929,2026-02-03 15:00:00.000,D17,LA MAISON A L'ENVERS,0.00,0.00,0.0,15,0,6,3,2,2026
7947,2026-02-03 16:00:00.000,D17,LA MAISON A L'ENVERS,0.00,0.00,0.0,16,0,6,3,2,2026
7965,2026-02-03 17:00:00.000,D17,LA MAISON A L'ENVERS,0.00,0.00,0.0,17,0,6,3,2,2026
7983,2026-02-03 18:00:00.000,D17,LA MAISON A L'ENVERS,0.00,0.00,0.0,18,0,6,3,2,2026
8001,2026-02-03 19:00:00.000,D17,LA MAISON A L'ENVERS,0.00,0.00,0.0,19,0,6,3,2,2026
8520,2026-02-03 20:00:00.000,D17,LA MAISON A L'ENVERS,0.00,0.00,0.0,20,0,6,3,2,2026
8538,2026-02-03 21:00:00.000,D17,LA MAISON A L'ENVERS,0.00,0.00,0.0,21,0,6,3,2,2026
8556,2026-02-03 22:00:00.000,D17,LA MAISON A L'ENVERS,0.00,0.00,0.0,22,0,6,3,2,2026
8574,2026-02-03 23:00:00.000,D17,LA MAISON A L'ENVERS,0.00,0.00,0.0,23,0,6,3,2,2026
8592,2026-02-04 00:00:00.000,D17,LA MAISON A L'ENVERS,0.00,0.00,0.0,0,0,6,4,2,2026
8610,2026-02-04 01:00:00.000,D17,LA MAISON A L'ENVERS,0.00,0.00,0.0,1,0,6,4,2,2026
8628,2026-02-04 02:00:00.000,D17,LA MAISON A L'ENVERS,0.00,0.00,0.0,2,0,6,4,2,2026
8646,2026-02-04 03:00:00.000,D17,LA MAISON A L'ENVERS,0.00,0.00,0.0,3,0,6,4,2,2026
8664,2026-02-04 04:00:00.000,D17,LA MAISON A L'ENVERS,0.00,0.00,0.0,4,0,6,4,2,2026
8682,2026-02-04 05:00:00.000,D17,LA MAISON A L'ENVERS,0.00,0.00,0.0,5,0,6,4,2,2026
8700,2026-02-04 06:00:00.000,D17,LA MAISON A L'ENVERS,0.00,0.00,0.0,6,0,6,4,2,2026
8718,2026-02-04 07:00:00.000,D17,LA MAISON A L'ENVERS,0.00,0.00,0.0,7,0,6,4,2,2026
8736,2026-02-04 08:00:00.000,D17,LA MAISON A L'ENVERS,0.00,0.00,0.0,8,0,6,4,2,2026
8754,2026-02-04 09:00:00.000,D17,LA MAISON A L'ENVERS,0.00,0.00,0.0,9,0,6,4,2,2026
8772,2026-02-04 10:00:00.000,D17,LA MAISON A L'ENVERS,0.00,0.00,0.0,10,0,6,4,2,2026
8790,2026-02-04 11:00:00.000,D17,LA MAISON A L'ENVERS,0.00,0.00,0.0,11,0,6,4,2,2026
8808,2026-02-04 12:00:00.000,D17,LA MAISON A L'ENVERS,0.00,0.00,0.0,12,0,6,4,2,2026
8826,2026-02-04 13:00:00.000,D17,LA MAISON A L'ENVERS,0.00,0.00,0.0,13,0,6,4,2,2026
8844,2026-02-04 14:00:00.000,D17,LA MAISON A L'ENVERS,0.00,0.00,0.0,14,0,6,4,2,2026
8862,2026-02-04 15:00:00.000,D17,LA MAISON A L'ENVERS,0.00,0.00,0.0,15,0,6,4,2,2026
8880,2026-02-04 16:00:00.000,D17,LA MAISON A L'ENVERS,0.00,0.00,0.0,16,0,6,4,2,2026
8898,2026-02-04 17:00:00.000,D17,LA MAISON A L'ENVERS,0.00,0.00,0.0,17,0,6,4,2,2026
8916,2026-02-04 18:00:00.000,D17,LA MAISON A L'ENVERS,0.00,0.00,0.0,18,0,6,4,2,2026
8934,2026-02-04 19:00:00.000,D17,LA MAISON A L'ENVERS,0.00,0.00,0.0,19,0,6,4,2,2026
8952,2026-02-04 20:00:00.000,D17,LA MAISON A L'ENVERS,0.00,0.00,0.0,20,0,6,4,2,2026
8970,2026-02-04 21:00:00.000,D17,LA MAISON A L'ENVERS,0.00,0.00,0.0,21,0,6,4,2,2026
8988,2026-02-04 22:00:00.000,D17,LA MAISON A L'ENVERS,0.00,0.00,0.0,22,0,6,4,2,2026
9006,2026-02-04 23:00:00.000,D17,LA MAISON A L'ENVERS,0.00,0.00,0.0,23,0,6,4,2,2026
9525,2026-02-05 00:00:00.000,D17,LA MAISON A L'ENVERS,0.00,0.00,0.0,0,0,6,5,2,2026
9543,2026-02-05 01:00:00.000,D17,LA MAISON A L'ENVERS,0.00,0.00,0.0,1,0,6,5,2,2026
9561,2026-02-05 02:00:00.000,D17,LA MAISON A L'ENVERS,0.00,0.00,0.0,2,0,6,5,2,2026
9579,2026-02-05 03:00:00.000,D17,LA MAISON A L'ENVERS,0.00,0.00,0.0,3,0,6,5,2,2026
9597,2026-02-05 04:00:00.000,D17,LA MAISON A L'ENVERS,0.00,0.00,0.0,4,0,6,5,2,2026
9615,2026-02-05 05:00:00.000,D17,LA MAISON A L'ENVERS,0.00,0.00,0.0,5,0,6,5,2,2026
9633,2026-02-05 06:00:00.000,D17,LA MAISON A L'ENVERS,0.00,0.00,0.0,6,0,6,5,2,2026
9651,2026-02-05 07:00:00.000,D17,LA MAISON A L'ENVERS,0.00,0.00,0.0,7,0,6,5,2,2026
9669,2026-02-05 08:00:00.000,D17,LA MAISON A L'ENVERS,0.00,0.00,0.0,8,0,6,5,2,2026
9687,2026-02-05 09:00:00.000,D17,LA MAISON A L'ENVERS,0.00,0.00,0.0,9,0,6,5,2,2026
9705,2026-02-05 10:00:00.000,D17,LA MAISON A L'ENVERS,0.00,0.00,0.0,10,0,6,5,2,2026
9723,2026-02-05 11:00:00.000,D17,LA MAISON A L'ENVERS,0.00,0.00,0.0,11,0,6,5,2,2026
9741,2026-02-05 12:00:00.000,D17,LA MAISON A L'ENVERS,0.00,0.00,0.0,12,0,6,5,2,2026
9759,2026-02-05 13:00:00.000,D17,LA MAISON A L'ENVERS,0.00,0.00,0.0,13,0,6,5,2,2026
9777,2026-02-05 14:00:00.000,D17,LA MAISON A L'ENVERS,0.00,0.00,0.0,14,0,6,5,2,2026
9795,2026-02-05 15:00:00.000,D17,LA MAISON A L'ENVERS,0.00,0.00,0.0,15,0,6,5,2,2026
9813,2026-02-05 16:00:00.000,D17,LA MAISON A L'ENVERS,0.00,0.00,0.0,16,0,6,5,2,2026
9831,2026-02-05 17:00:00.000,D17,LA MAISON A L'ENVERS,0.00,0.00,0.0,17,0,6,5,2,2026
9849,2026-02-05 18:00:00.000,D17,LA MAISON A L'ENVERS,0.00,0.00,0.0,18,0,6,5,2,2026
9867,2026-02-05 19:00:00.000,D17,LA MAISON A L'ENVERS,0.00,0.00,0.0,19,0,6,5,2,2026
9885,2026-02-05 20:00:00.000,D17,LA MAISON A L'ENVERS,0.00,0.00,0.0,20,0,6,5,2,2026
9903,2026-02-05 21:00:00.000,D17,LA MAISON A L'ENVERS,0.00,0.00,0.0,21,0,6,5,2,2026
9921,2026-02-05 22:00:00.000,D17,LA MAISON A L'ENVERS,0.00,0.00,0.0,22,0,6,5,2,2026
9939,2026-02-05 23:00:00.000,D17,LA MAISON A L'ENVERS,0.00,0.00,0.0,23,0,6,5,2,2026
9957,2026-02-06 00:00:00.000,D17,LA MAISON A L'ENVERS,0.00,0.00,0.0,0,0,6,6,2,2026
9975,2026-02-06 01:00:00.000,D17,LA MAISON A L'ENVERS,0.00,0.00,0.0,1,0,6,6,2,2026
9993,2026-02-06 02:00:00.000,D17,LA MAISON A L'ENVERS,0.00,0.00,0.0,2,0,6,6,2,2026
10011,2026-02-06 03:00:00.000,D17,LA MAISON A L'ENVERS,0.00,0.00,0.0,3,0,6,6,2,2026
10530,2026-02-06 04:00:00.000,D17,LA MAISON A L'ENVERS,0.00,0.00,0.0,4,0,6,6,2,2026
10548,2026-02-06 05:00:00.000,D17,LA MAISON A L'ENVERS,0.00,0.00,0.0,5,0,6,6,2,2026
10566,2026-02-06 06:00:00.000,D17,LA MAISON A L'ENVERS,0.00,0.00,0.0,6,0,6,6,2,2026
10584,2026-02-06 07:00:00.000,D17,LA MAISON A L'ENVERS,0.00,0.00,0.0,7,0,6,6,2,2026
10602,2026-02-06 08:00:00.000,D17,LA MAISON A L'ENVERS,0.00,0.00,0.0,8,0,6,6,2,2026
10620,2026-02-06 09:00:00.000,D17,LA MAISON A L'ENVERS,0.00,0.00,0.0,9,0,6,6,2,2026
10638,2026-02-06 10:00:00.000,D17,LA MAISON A L'ENVERS,0.00,0.00,0.0,10,0,6,6,2,2026
10656,2026-02-06 11:00:00.000,D17,LA MAISON A L'ENVERS,0.00,0.00,0.0,11,0,6,6,2,2026
10674,2026-02-06 12:00:00.000,D17,LA MAISON A L'ENVERS,0.00,0.00,0.0,12,0,6,6,2,2026
10692,2026-02-06 13:00:00.000,D17,LA MAISON A L'ENVERS,0.00,0.00,0.0,13,0,6,6,2,2026
10710,2026-02-06 14:00:00.000,D17,LA MAISON A L'ENVERS,0.00,0.00,0.0,14,0,6,6,2,2026
10728,2026-02-06 15:00:00.000,D17,LA MAISON A L'ENVERS,0.00,0.00,0.0,15,0,6,6,2,2026
10746,2026-02-06 16:00:00.000,D17,LA MAISON A L'ENVERS,0.00,0.00,0.0,16,0,6,6,2,2026
10764,2026-02-06 17:00:00.000,D17,LA MAISON A L'ENVERS,0.00,0.00,0.0,17,0,6,6,2,2026
10782,2026-02-06 18:00:00.000,D17,LA MAISON A L'ENVERS,0.00,0.00,0.0,18,0,6,6,2,2026
10800,2026-02-06 19:00:00.000,D17,LA MAISON A L'ENVERS,0.00,0.00,0.0,19,0,6,6,2,2026
10818,2026-02-06 20:00:00.000,D17,LA MAISON A L'ENVERS,0.00,0.00,0.0,20,0,6,6,2,2026
10836,2026-02-06 21:00:00.000,D17,LA MAISON A L'ENVERS,0.00,0.00,0.0,21,0,6,6,2,2026
10854,2026-02-06 22:00:00.000,D17,LA MAISON A L'ENVERS,0.00,0.00,0.0,22,0,6,6,2,2026
10872,2026-02-06 23:00:00.000,D17,LA MAISON A L'ENVERS,0.00,0.00,0.0,23,0,6,6,2,2026
10890,2026-02-07 00:00:00.000,D17,LA MAISON A L'ENVERS,0.00,0.00,0.0,0,0,6,7,2,2026
10908,2026-02-07 01:00:00.000,D17,LA MAISON A L'ENVERS,0.00,0.00,0.0,1,0,6,7,2,2026
10926,2026-02-07 02:00:00.000,D17,LA MAISON A L'ENVERS,0.00,0.00,0.0,2,0,6,7,2,2026
10944,2026-02-07 03:00:00.000,D17,LA MAISON A L'ENVERS,0.00,0.00,0.0,3,0,6,7,2,2026
10962,2026-02-07 04:00:00.000,D17,LA MAISON A L'ENVERS,0.00,0.00,0.0,4,0,6,7,2,2026
10980,2026-02-07 05:00:00.000,D17,LA MAISON A L'ENVERS,0.00,0.00,0.0,5,0,6,7,2,2026
10998,2026-02-07 06:00:00.000,D17,LA MAISON A L'ENVERS,0.00,0.00,0.0,6,0,6,7,2,2026
11016,2026-02-07 07:00:00.000,D17,LA MAISON A L'ENVERS,0.00,0.00,0.0,7,0,6,7,2,2026
11535,2026-02-07 08:00:00.000,D17,LA MAISON A L'ENVERS,0.00,0.00,0.0,8,0,6,7,2,2026
11553,2026-02-07 09:00:00.000,D17,LA MAISON A L'ENVERS,0.00,0.00,0.0,9,0,6,7,2,2026
11571,2026-02-07 10:00:00.000,D17,LA MAISON A L'ENVERS,0.00,0.00,0.0,10,0,6,7,2,2026
11589,2026-02-07 11:00:00.000,D17,LA MAISON A L'ENVERS,0.00,0.00,0.0,11,0,6,7,2,2026
11607,2026-02-07 12:00:00.000,D17,LA MAISON A L'ENVERS,0.00,0.00,0.0,12,0,6,7,2,2026
11625,2026-02-07 13:00:00.000,D17,LA MAISON A L'ENVERS,0.00,0.00,0.0,13,0,6,7,2,2026
11643,2026-02-07 14:00:00.000,D17,LA MAISON A L'ENVERS,0.00,0.00,0.0,14,0,6,7,2,2026
11661,2026-02-07 15:00:00.000,D17,LA MAISON A L'ENVERS,0.00,0.95,0.95,15,0,6,7,2,2026
11679,2026-02-07 16:00:00.000,D17,LA MAISON A L'ENVERS,0.00,1.00,1.0,16,0,6,7,2,2026
11697,2026-02-07 17:00:00.000,D17,LA MAISON A L'ENVERS,0.00,1.00,1.0,17,0,6,7,2,2026
11715,2026-02-07 18:00:00.000,D17,LA MAISON A L'ENVERS,0.00,1.00,1.0,18,0,6,7,2,2026
11733,2026-02-07 19:00:00.000,D17,LA MAISON A L'ENVERS,0.00,1.00,1.0,19,0,6,7,2,2026
11751,2026-02-07 20:00:00.000,D17,LA MAISON A L'ENVERS,0.00,0.45,0.45,20,0,6,7,2,2026
11769,2026-02-07 21:00:00.000,D17,LA MAISON A L'ENVERS,0.00,0.00,0.0,21,0,6,7,2,2026
11787,2026-02-07 22:00:00.000,D17,LA MAISON A L'ENVERS,0.00,0.00,0.0,22,0,6,7,2,2026
11805,2026-02-07 23:00:00.000,D17,LA MAISON A L'ENVERS,0.00,0.00,0.0,23,0,6,7,2,2026
11823,2026-02-08 00:00:00.000,D17,LA MAISON A L'ENVERS,0.00,0.00,0.0,0,0,7,8,2,2026
11841,2026-02-08 01:00:00.000,D17,LA MAISON A L'ENVERS,0.00,0.00,0.0,1,0,7,8,2,2026
11859,2026-02-08 02:00:00.000,D17,LA MAISON A L'ENVERS,0.00,0.00,0.0,2,0,7,8,2,2026
11877,2026-02-08 03:00:00.000,D17,LA MAISON A L'ENVERS,0.00,0.00,0.0,3,0,7,8,2,2026
11895,2026-02-08 04:00:00.000,D17,LA MAISON A L'ENVERS,0.00,0.00,0.0,4,0,7,8,2,2026
11913,2026-02-08 05:00:00.000,D17,LA MAISON A L'ENVERS,0.00,0.00,0.0,5,0,7,8,2,2026
11931,2026-02-08 06:00:00.000,D17,LA MAISON A L'ENVERS,0.00,0.00,0.0,6,0,7,8,2,2026
11949,2026-02-08 07:00:00.000,D17,LA MAISON A L'ENVERS,0.00,0.00,0.0,7,0,7,8,2,2026
11967,2026-02-08 08:00:00.000,D17,LA MAISON A L'ENVERS,0.00,0.00,0.0,8,0,7,8,2,2026
11985,2026-02-08 09:00:00.000,D17,LA MAISON A L'ENVERS,0.00,0.00,0.0,9,0,7,8,2,2026
12003,2026-02-08 10:00:00.000,D17,LA MAISON A L'ENVERS,0.00,0.00,0.0,10,0,7,8,2,2026
12021,2026-02-08 11:00:00.000,D17,LA MAISON A L'ENVERS,0.00,0.00,0.0,11,0,7,8,2,2026
12540,2026-02-08 12:00:00.000,D17,LA MAISON A L'ENVERS,0.00,0.00,0.0,12,0,7,8,2,2026
12558,2026-02-08 13:00:00.000,D17,LA MAISON A L'ENVERS,0.00,0.00,0.0,13,0,7,8,2,2026
12576,2026-02-08 14:00:00.000,D17,LA MAISON A L'ENVERS,0.00,0.20,0.2,14,0,7,8,2,2026
12594,2026-02-08 15:00:00.000,D17,LA MAISON A L'ENVERS,0.00,0.00,0.0,15,0,7,8,2,2026
12612,2026-02-08 16:00:00.000,D17,LA MAISON A L'ENVERS,0.00,0.00,0.0,16,0,7,8,2,2026
12630,2026-02-08 17:00:00.000,D17,LA MAISON A L'ENVERS,0.00,0.00,0.0,17,0,7,8,2,2026
12648,2026-02-08 18:00:00.000,D17,LA MAISON A L'ENVERS,0.00,0.00,0.0,18,0,7,8,2,2026
12666,2026-02-08 19:00:00.000,D17,LA MAISON A L'ENVERS,0.00,0.00,0.0,19,0,7,8,2,2026
12684,2026-02-08 20:00:00.000,D17,LA MAISON A L'ENVERS,0.00,0.00,0.0,20,0,7,8,2,2026
12702,2026-02-08 21:00:00.000,D17,LA MAISON A L'ENVERS,0.00,0.00,0.0,21,0,7,8,2,2026
12720,2026-02-08 22:00:00.000,D17,LA MAISON A L'ENVERS,0.00,0.00,0.0,22,0,7,8,2,2026
12738,2026-02-08 23:00:00.000,D17,LA MAISON A L'ENVERS,0.00,0.00,0.0,23,0,7,8,2,2026
12756,2026-02-09 00:00:00.000,D17,LA MAISON A L'ENVERS,0.00,0.00,0.0,0,0,7,9,2,2026
12774,2026-02-09 01:00:00.000,D17,LA MAISON A L'ENVERS,0.00,0.00,0.0,1,0,7,9,2,2026
12792,2026-02-09 02:00:00.000,D17,LA MAISON A L'ENVERS,0.00,0.00,0.0,2,0,7,9,2,2026
12810,2026-02-09 03:00:00.000,D17,LA MAISON A L'ENVERS,0.00,0.00,0.0,3,0,7,9,2,2026
12828,2026-02-09 04:00:00.000,D17,LA MAISON A L'ENVERS,0.00,0.00,0.0,4,0,7,9,2,2026
12846,2026-02-09 05:00:00.000,D17,LA MAISON A L'ENVERS,0.00,0.00,0.0,5,0,7,9,2,2026
12864,2026-02-09 06:00:00.000,D17,LA MAISON A L'ENVERS,0.00,0.00,0.0,6,0,7,9,2,2026
12882,2026-02-09 07:00:00.000,D17,LA MAISON A L'ENVERS,0.00,0.00,0.0,7,0,7,9,2,2026
12900,2026-02-09 08:00:00.000,D17,LA MAISON A L'ENVERS,0.00,0.00,0.0,8,0,7,9,2,2026
12918,2026-02-09 09:00:00.000,D17,LA MAISON A L'ENVERS,0.00,0.00,0.0,9,0,7,9,2,2026
12936,2026-02-09 10:00:00.000,D17,LA MAISON A L'ENVERS,0.00,0.00,0.0,10,0,7,9,2,2026
12954,2026-02-09 11:00:00.000,D17,LA MAISON A L'ENVERS,0.00,0.00,0.0,11,0,7,9,2,2026
12972,2026-02-09 12:00:00.000,D17,LA MAISON A L'ENVERS,0.00,0.00,0.0,12,0,7,9,2,2026
12990,2026-02-09 13:00:00.000,D17,LA MAISON A L'ENVERS,0.00,0.00,0.0,13,0,7,9,2,2026
13008,2026-02-09 14:00:00.000,D17,LA MAISON A L'ENVERS,0.00,0.00,0.0,14,0,7,9,2,2026
13527,2026-02-09 15:00:00.000,D17,LA MAISON A L'ENVERS,0.00,0.00,0.0,15,0,7,9,2,2026
13545,2026-02-09 16:00:00.000,D17,LA MAISON A L'ENVERS,0.00,0.00,0.0,16,0,7,9,2,2026
13563,2026-02-09 17:00:00.000,D17,LA MAISON A L'ENVERS,0.00,0.00,0.0,17,0,7,9,2,2026
13581,2026-02-09 18:00:00.000,D17,LA MAISON A L'ENVERS,0.00,0.00,0.0,18,0,7,9,2,2026
13599,2026-02-09 19:00:00.000,D17,LA MAISON A L'ENVERS,0.00,0.00,0.0,19,0,7,9,2,2026
13617,2026-02-09 20:00:00.000,D17,LA MAISON A L'ENVERS,0.00,0.00,0.0,20,0,7,9,2,2026
13635,2026-02-09 21:00:00.000,D17,LA MAISON A L'ENVERS,0.00,0.00,0.0,21,0,7,9,2,2026
13653,2026-02-09 22:00:00.000,D17,LA MAISON A L'ENVERS,0.00,0.00,0.0,22,0,7,9,2,2026
13671,2026-02-09 23:00:00.000,D17,LA MAISON A L'ENVERS,0.00,0.00,0.0,23,0,7,9,2,2026
13689,2026-02-10 00:00:00.000,D17,LA MAISON A L'ENVERS,0.00,0.00,0.0,0,0,7,10,2,2026
13707,2026-02-10 01:00:00.000,D17,LA MAISON A L'ENVERS,0.00,0.00,0.0,1,0,7,10,2,2026
13725,2026-02-10 02:00:00.000,D17,LA MAISON A L'ENVERS,0.00,0.00,0.0,2,0,7,10,2,2026
13743,2026-02-10 03:00:00.000,D17,LA MAISON A L'ENVERS,0.00,0.00,0.0,3,0,7,10,2,2026
13761,2026-02-10 04:00:00.000,D17,LA MAISON A L'ENVERS,0.00,0.00,0.0,4,0,7,10,2,2026
13779,2026-02-10 05:00:00.000,D17,LA MAISON A L'ENVERS,0.00,0.00,0.0,5,0,7,10,2,2026
13797,2026-02-10 06:00:00.000,D17,LA MAISON A L'ENVERS,0.00,0.00,0.0,6,0,7,10,2,2026
13815,2026-02-10 07:00:00.000,D17,LA MAISON A L'ENVERS,0.00,0.00,0.0,7,0,7,10,2,2026
13833,2026-02-10 08:00:00.000,D17,LA MAISON A L'ENVERS,0.00,0.00,0.0,8,0,7,10,2,2026
13851,2026-02-10 09:00:00.000,D17,LA MAISON A L'ENVERS,0.00,0.00,0.0,9,0,7,10,2,2026
13869,2026-02-10 10:00:00.000,D17,LA MAISON A L'ENVERS,0.00,0.00,0.0,10,0,7,10,2,2026
13887,2026-02-10 11:00:00.000,D17,LA MAISON A L'ENVERS,0.00,0.00,0.0,11,0,7,10,2,2026
13905,2026-02-10 12:00:00.000,D17,LA MAISON A L'ENVERS,0.00,0.25,0.25,12,0,7,10,2,2026
13923,2026-02-10 13:00:00.000,D17,LA MAISON A L'ENVERS,0.00,1.00,1.0,13,0,7,10,2,2026
13941,2026-02-10 14:00:00.000,D17,LA MAISON A L'ENVERS,0.00,1.00,1.0,14,0,7,10,2,2026
13959,2026-02-10 15:00:00.000,D17,LA MAISON A L'ENVERS,0.00,1.00,1.0,15,0,7,10,2,2026
13977,2026-02-10 16:00:00.000,D17,LA MAISON A L'ENVERS,0.00,1.00,1.0,16,0,7,10,2,2026
13995,2026-02-10 17:00:00.000,D17,LA MAISON A L'ENVERS,0.00,1.00,1.0,17,0,7,10,2,2026
14013,2026-02-10 18:00:00.000,D17,LA MAISON A L'ENVERS,0.00,1.00,1.0,18,0,7,10,2,2026
14532,2026-02-10 19:00:00.000,D17,LA MAISON A L'ENVERS,0.00,1.00,1.0,19,0,7,10,2,2026
14550,2026-02-10 20:00:00.000,D17,LA MAISON A L'ENVERS,0.00,1.00,1.0,20,0,7,10,2,2026
14568,2026-02-10 21:00:00.000,D17,LA MAISON A L'ENVERS,0.00,1.00,1.0,21,0,7,10,2,2026
14586,2026-02-10 22:00:00.000,D17,LA MAISON A L'ENVERS,0.00,1.00,1.0,22,0,7,10,2,2026
14604,2026-02-10 23:00:00.000,D17,LA MAISON A L'ENVERS,0.00,1.00,1.0,23,0,7,10,2,2026
14622,2026-02-11 00:00:00.000,D17,LA MAISON A L'ENVERS,0.00,1.00,1.0,0,0,7,11,2,2026
14640,2026-02-11 01:00:00.000,D17,LA MAISON A L'ENVERS,0.00,1.00,1.0,1,0,7,11,2,2026
14658,2026-02-11 02:00:00.000,D17,LA MAISON A L'ENVERS,0.00,1.00,1.0,2,0,7,11,2,2026
14676,2026-02-11 03:00:00.000,D17,LA MAISON A L'ENVERS,0.00,1.00,1.0,3,0,7,11,2,2026
14694,2026-02-11 04:00:00.000,D17,LA MAISON A L'ENVERS,0.00,1.00,1.0,4,0,7,11,2,2026
14712,2026-02-11 05:00:00.000,D17,LA MAISON A L'ENVERS,0.00,1.00,1.0,5,0,7,11,2,2026
14730,2026-02-11 06:00:00.000,D17,LA MAISON A L'ENVERS,0.00,1.00,1.0,6,0,7,11,2,2026
14748,2026-02-11 07:00:00.000,D17,LA MAISON A L'ENVERS,0.00,0.00,0.0,7,0,7,11,2,2026
14766,2026-02-11 08:00:00.000,D17,LA MAISON A L'ENVERS,0.00,0.00,0.0,8,0,7,11,2,2026
14784,2026-02-11 09:00:00.000,D17,LA MAISON A L'ENVERS,0.00,0.00,0.0,9,0,7,11,2,2026
14802,2026-02-11 10:00:00.000,D17,LA MAISON A L'ENVERS,0.00,0.00,0.0,10,0,7,11,2,2026
14820,2026-02-11 11:00:00.000,D17,LA MAISON A L'ENVERS,0.00,0.00,0.0,11,0,7,11,2,2026
14838,2026-02-11 12:00:00.000,D17,LA MAISON A L'ENVERS,0.00,0.00,0.0,12,0,7,11,2,2026
14856,2026-02-11 13:00:00.000,D17,LA MAISON A L'ENVERS,0.00,0.00,0.0,13,0,7,11,2,2026
14874,2026-02-11 14:00:00.000,D17,LA MAISON A L'ENVERS,0.00,0.00,0.0,14,0,7,11,2,2026
14892,2026-02-11 15:00:00.000,D17,LA MAISON A L'ENVERS,0.00,0.00,0.0,15,0,7,11,2,2026
14910,2026-02-11 16:00:00.000,D17,LA MAISON A L'ENVERS,0.00,0.00,0.0,16,0,7,11,2,2026
14928,2026-02-11 17:00:00.000,D17,LA MAISON A L'ENVERS,0.00,0.00,0.0,17,0,7,11,2,2026
14946,2026-02-11 18:00:00.000,D17,LA MAISON A L'ENVERS,0.00,0.00,0.0,18,0,7,11,2,2026
14964,2026-02-11 19:00:00.000,D17,LA MAISON A L'ENVERS,0.00,0.05,0.05,19,0,7,11,2,2026
14982,2026-02-11 20:00:00.000,D17,LA MAISON A L'ENVERS,0.00,0.00,0.0,20,0,7,11,2,2026
15000,2026-02-11 21:00:00.000,D17,LA MAISON A L'ENVERS,0.00,0.00,0.0,21,0,7,11,2,2026
15018,2026-02-11 22:00:00.000,D17,LA MAISON A L'ENVERS,0.00,0.00,0.0,22,0,7,11,2,2026
15537,2026-02-11 23:00:00.000,D17,LA MAISON A L'ENVERS,0.00,0.00,0.0,23,0,7,11,2,2026
15555,2026-02-12 00:00:00.000,D17,LA MAISON A L'ENVERS,0.00,0.00,0.0,0,0,7,12,2,2026
15573,2026-02-12 01:00:00.000,D17,LA MAISON A L'ENVERS,0.00,0.00,0.0,1,0,7,12,2,2026
15591,2026-02-12 02:00:00.000,D17,LA MAISON A L'ENVERS,0.00,0.00,0.0,2,0,7,12,2,2026
15609,2026-02-12 03:00:00.000,D17,LA MAISON A L'ENVERS,0.00,0.00,0.0,3,0,7,12,2,2026
15627,2026-02-12 04:00:00.000,D17,LA MAISON A L'ENVERS,0.00,0.00,0.0,4,0,7,12,2,2026
15645,2026-02-12 05:00:00.000,D17,LA MAISON A L'ENVERS,0.00,0.00,0.0,5,0,7,12,2,2026
15663,2026-02-12 06:00:00.000,D17,LA MAISON A L'ENVERS,0.00,0.00,0.0,6,0,7,12,2,2026
15681,2026-02-12 07:00:00.000,D17,LA MAISON A L'ENVERS,0.00,0.00,0.0,7,0,7,12,2,2026
15699,2026-02-12 08:00:00.000,D17,LA MAISON A L'ENVERS,0.00,0.00,0.0,8,0,7,12,2,2026
15717,2026-02-12 09:00:00.000,D17,LA MAISON A L'ENVERS,0.00,0.00,0.0,9,0,7,12,2,2026
15735,2026-02-12 10:00:00.000,D17,LA MAISON A L'ENVERS,0.00,0.00,0.0,10,0,7,12,2,2026
15753,2026-02-12 11:00:00.000,D17,LA MAISON A L'ENVERS,0.00,0.00,0.0,11,0,7,12,2,2026
15771,2026-02-12 12:00:00.000,D17,LA MAISON A L'ENVERS,0.00,0.00,0.0,12,0,7,12,2,2026
15789,2026-02-12 13:00:00.000,D17,LA MAISON A L'ENVERS,0.00,0.00,0.0,13,0,7,12,2,2026
15807,2026-02-12 14:00:00.000,D17,LA MAISON A L'ENVERS,0.00,0.00,0.0,14,0,7,12,2,2026
15825,2026-02-12 15:00:00.000,D17,LA MAISON A L'ENVERS,0.00,0.00,0.0,15,0,7,12,2,2026
15843,2026-02-12 16:00:00.000,D17,LA MAISON A L'ENVERS,0.00,0.00,0.0,16,0,7,12,2,2026
15861,2026-02-12 17:00:00.000,D17,LA MAISON A L'ENVERS,0.00,0.00,0.0,17,0,7,12,2,2026
15879,2026-02-12 18:00:00.000,D17,LA MAISON A L'ENVERS,0.00,0.00,0.0,18,0,7,12,2,2026
15897,2026-02-12 19:00:00.000,D17,LA MAISON A L'ENVERS,0.00,0.00,0.0,19,0,7,12,2,2026
15915,2026-02-12 20:00:00.000,D17,LA MAISON A L'ENVERS,0.00,0.00,0.0,20,0,7,12,2,2026
15933,2026-02-12 21:00:00.000,D17,LA MAISON A L'ENVERS,0.00,0.00,0.0,21,0,7,12,2,2026
15951,2026-02-12 22:00:00.000,D17,LA MAISON A L'ENVERS,0.00,0.00,0.0,22,0,7,12,2,2026
15969,2026-02-12 23:00:00.000,D17,LA MAISON A L'ENVERS,0.00,0.00,0.0,23,0,7,12,2,2026
15987,2026-02-13 00:00:00.000,D17,LA MAISON A L'ENVERS,0.00,0.00,0.0,0,0,7,13,2,2026
16005,2026-02-13 01:00:00.000,D17,LA MAISON A L'ENVERS,0.00,0.00,0.0,1,0,7,13,2,2026
16023,2026-02-13 02:00:00.000,D17,LA MAISON A L'ENVERS,0.00,0.00,0.0,2,0,7,13,2,2026
16542,2026-02-13 03:00:00.000,D17,LA MAISON A L'ENVERS,0.00,0.00,0.0,3,0,7,13,2,2026
16560,2026-02-13 04:00:00.000,D17,LA MAISON A L'ENVERS,0.00,0.00,0.0,4,0,7,13,2,2026
16578,2026-02-13 05:00:00.000,D17,LA MAISON A L'ENVERS,0.00,0.00,0.0,5,0,7,13,2,2026
16596,2026-02-13 06:00:00.000,D17,LA MAISON A L'ENVERS,0.00,0.00,0.0,6,0,7,13,2,2026
16614,2026-02-13 07:00:00.000,D17,LA MAISON A L'ENVERS,0.00,0.00,0.0,7,0,7,13,2,2026
16632,2026-02-13 08:00:00.000,D17,LA MAISON A L'ENVERS,0.00,0.00,0.0,8,0,7,13,2,2026
16650,2026-02-13 09:00:00.000,D17,LA MAISON A L'ENVERS,0.00,0.00,0.0,9,0,7,13,2,2026
16668,2026-02-13 10:00:00.000,D17,LA MAISON A L'ENVERS,0.00,0.00,0.0,10,0,7,13,2,2026
16686,2026-02-13 11:00:00.000,D17,LA MAISON A L'ENVERS,0.00,0.00,0.0,11,0,7,13,2,2026
16704,2026-02-13 12:00:00.000,D17,LA MAISON A L'ENVERS,0.00,0.85,0.85,12,0,7,13,2,2026
16722,2026-02-13 13:00:00.000,D17,LA MAISON A L'ENVERS,0.00,1.00,1.0,13,0,7,13,2,2026
16740,2026-02-13 14:00:00.000,D17,LA MAISON A L'ENVERS,0.00,1.00,1.0,14,0,7,13,2,2026
16758,2026-02-13 15:00:00.000,D17,LA MAISON A L'ENVERS,0.00,1.00,1.0,15,0,7,13,2,2026
16776,2026-02-13 16:00:00.000,D17,LA MAISON A L'ENVERS,0.00,1.00,1.0,16,0,7,13,2,2026
16794,2026-02-13 17:00:00.000,D17,LA MAISON A L'ENVERS,0.00,1.00,1.0,17,0,7,13,2,2026
16812,2026-02-13 18:00:00.000,D17,LA MAISON A L'ENVERS,0.00,1.00,1.0,18,0,7,13,2,2026
16830,2026-02-13 19:00:00.000,D17,LA MAISON A L'ENVERS,0.00,1.00,1.0,19,0,7,13,2,2026
16848,2026-02-13 20:00:00.000,D17,LA MAISON A L'ENVERS,0.00,1.00,1.0,20,0,7,13,2,2026
16866,2026-02-13 21:00:00.000,D17,LA MAISON A L'ENVERS,0.00,1.00,1.0,21,0,7,13,2,2026
16884,2026-02-13 22:00:00.000,D17,LA MAISON A L'ENVERS,0.00,1.00,1.0,22,0,7,13,2,2026
16902,2026-02-13 23:00:00.000,D17,LA MAISON A L'ENVERS,0.00,1.00,1.0,23,0,7,13,2,2026
16920,2026-02-14 00:00:00.000,D17,LA MAISON A L'ENVERS,0.00,1.00,1.0,0,0,7,14,2,2026
16938,2026-02-14 01:00:00.000,D17,LA MAISON A L'ENVERS,0.00,1.00,1.0,1,0,7,14,2,2026
16956,2026-02-14 02:00:00.000,D17,LA MAISON A L'ENVERS,0.00,1.00,1.0,2,0,7,14,2,2026
16974,2026-02-14 03:00:00.000,D17,LA MAISON A L'ENVERS,0.00,1.00,1.0,3,0,7,14,2,2026
16992,2026-02-14 04:00:00.000,D17,LA MAISON A L'ENVERS,0.00,1.00,1.0,4,0,7,14,2,2026
17010,2026-02-14 05:00:00.000,D17,LA MAISON A L'ENVERS,0.00,1.00,1.0,5,0,7,14,2,2026
17028,2026-02-14 06:00:00.000,D17,LA MAISON A L'ENVERS,0.00,1.00,1.0,6,0,7,14,2,2026
17547,2026-02-14 07:00:00.000,D17,LA MAISON A L'ENVERS,0.00,0.00,0.0,7,0,7,14,2,2026
17565,2026-02-14 08:00:00.000,D17,LA MAISON A L'ENVERS,0.00,0.00,0.0,8,0,7,14,2,2026
17583,2026-02-14 09:00:00.000,D17,LA MAISON A L'ENVERS,0.00,0.00,0.0,9,0,7,14,2,2026
17601,2026-02-14 10:00:00.000,D17,LA MAISON A L'ENVERS,0.00,0.00,0.0,10,0,7,14,2,2026
17619,2026-02-14 11:00:00.000,D17,LA MAISON A L'ENVERS,0.00,0.00,0.0,11,0,7,14,2,2026
17637,2026-02-14 12:00:00.000,D17,LA MAISON A L'ENVERS,0.00,0.40,0.4,12,0,7,14,2,2026
17655,2026-02-14 13:00:00.000,D17,LA MAISON A L'ENVERS,0.00,1.00,1.0,13,0,7,14,2,2026
17673,2026-02-14 14:00:00.000,D17,LA MAISON A L'ENVERS,0.00,1.00,1.0,14,0,7,14,2,2026
17691,2026-02-14 15:00:00.000,D17,LA MAISON A L'ENVERS,0.00,1.00,1.0,15,0,7,14,2,2026
17709,2026-02-14 16:00:00.000,D17,LA MAISON A L'ENVERS,0.00,1.00,1.0,16,0,7,14,2,2026
17727,2026-02-14 17:00:00.000,D17,LA MAISON A L'ENVERS,0.00,1.00,1.0,17,0,7,14,2,2026
17745,2026-02-14 18:00:00.000,D17,LA MAISON A L'ENVERS,0.00,1.00,1.0,18,0,7,14,2,2026
17763,2026-02-14 19:00:00.000,D17,LA MAISON A L'ENVERS,0.05,0.25,0.2,19,0,7,14,2,2026
17781,2026-02-14 20:00:00.000,D17,LA MAISON A L'ENVERS,0.00,0.00,0.0,20,0,7,14,2,2026
17799,2026-02-14 21:00:00.000,D17,LA MAISON A L'ENVERS,0.00,0.00,0.0,21,0,7,14,2,2026
17817,2026-02-14 22:00:00.000,D17,LA MAISON A L'ENVERS,0.00,0.00,0.0,22,0,7,14,2,2026
17835,2026-02-14 23:00:00.000,D17,LA MAISON A L'ENVERS,0.00,0.00,0.0,23,0,7,14,2,2026
17853,2026-02-15 00:00:00.000,D17,LA MAISON A L'ENVERS,0.00,0.00,0.0,0,0,8,15,2,2026
17871,2026-02-15 01:00:00.000,D17,LA MAISON A L'ENVERS,0.00,0.00,0.0,1,0,8,15,2,2026
17889,2026-02-15 02:00:00.000,D17,LA MAISON A L'ENVERS,0.00,0.00,0.0,2,0,8,15,2,2026
17907,2026-02-15 03:00:00.000,D17,LA MAISON A L'ENVERS,0.00,0.00,0.0,3,0,8,15,2,2026
17925,2026-02-15 04:00:00.000,D17,LA MAISON A L'ENVERS,0.00,0.00,0.0,4,0,8,15,2,2026
17943,2026-02-15 05:00:00.000,D17,LA MAISON A L'ENVERS,0.00,0.00,0.0,5,0,8,15,2,2026
17961,2026-02-15 06:00:00.000,D17,LA MAISON A L'ENVERS,0.00,0.00,0.0,6,0,8,15,2,2026
17979,2026-02-15 07:00:00.000,D17,LA MAISON A L'ENVERS,0.00,0.00,0.0,7,0,8,15,2,2026
17997,2026-02-15 08:00:00.000,D17,LA MAISON A L'ENVERS,0.00,0.00,0.0,8,0,8,15,2,2026
18015,2026-02-15 09:00:00.000,D17,LA MAISON A L'ENVERS,0.00,0.00,0.0,9,0,8,15,2,2026
18033,2026-02-15 10:00:00.000,D17,LA MAISON A L'ENVERS,0.00,0.00,0.0,10,0,8,15,2,2026
18552,2026-02-15 11:00:00.000,D17,LA MAISON A L'ENVERS,0.00,0.00,0.0,11,0,8,15,2,2026
18570,2026-02-15 12:00:00.000,D17,LA MAISON A L'ENVERS,0.00,1.00,1.0,12,0,8,15,2,2026
18588,2026-02-15 13:00:00.000,D17,LA MAISON A L'ENVERS,0.00,1.00,1.0,13,0,8,15,2,2026
18606,2026-02-15 14:00:00.000,D17,LA MAISON A L'ENVERS,0.00,1.00,1.0,14,0,8,15,2,2026
18624,2026-02-15 15:00:00.000,D17,LA MAISON A L'ENVERS,0.00,1.00,1.0,15,0,8,15,2,2026
18642,2026-02-15 16:00:00.000,D17,LA MAISON A L'ENVERS,0.00,1.00,1.0,16,0,8,15,2,2026
18660,2026-02-15 17:00:00.000,D17,LA MAISON A L'ENVERS,0.00,1.00,1.0,17,0,8,15,2,2026
18678,2026-02-15 18:00:00.000,D17,LA MAISON A L'ENVERS,0.00,1.00,1.0,18,0,8,15,2,2026
18696,2026-02-15 19:00:00.000,D17,LA MAISON A L'ENVERS,0.00,1.00,1.0,19,0,8,15,2,2026
18714,2026-02-15 20:00:00.000,D17,LA MAISON A L'ENVERS,0.00,0.00,0.0,20,0,8,15,2,2026
18732,2026-02-15 21:00:00.000,D17,LA MAISON A L'ENVERS,0.00,0.00,0.0,21,0,8,15,2,2026
18750,2026-02-15 22:00:00.000,D17,LA MAISON A L'ENVERS,0.00,0.00,0.0,22,0,8,15,2,2026
18768,2026-02-15 23:00:00.000,D17,LA MAISON A L'ENVERS,0.00,0.00,0.0,23,0,8,15,2,2026
18786,2026-02-16 00:00:00.000,D17,LA MAISON A L'ENVERS,0.00,0.00,0.0,0,0,8,16,2,2026
18804,2026-02-16 01:00:00.000,D17,LA MAISON A L'ENVERS,0.00,0.00,0.0,1,0,8,16,2,2026
18822,2026-02-16 02:00:00.000,D17,LA MAISON A L'ENVERS,0.00,0.00,0.0,2,0,8,16,2,2026
18840,2026-02-16 03:00:00.000,D17,LA MAISON A L'ENVERS,0.00,0.00,0.0,3,0,8,16,2,2026
18858,2026-02-16 04:00:00.000,D17,LA MAISON A L'ENVERS,0.00,0.00,0.0,4,0,8,16,2,2026
18876,2026-02-16 05:00:00.000,D17,LA MAISON A L'ENVERS,0.00,0.00,0.0,5,0,8,16,2,2026
18894,2026-02-16 06:00:00.000,D17,LA MAISON A L'ENVERS,0.00,0.00,0.0,6,0,8,16,2,2026
18912,2026-02-16 07:00:00.000,D17,LA MAISON A L'ENVERS,0.00,0.00,0.0,7,0,8,16,2,2026
18930,2026-02-16 08:00:00.000,D17,LA MAISON A L'ENVERS,0.00,0.00,0.0,8,0,8,16,2,2026
18948,2026-02-16 09:00:00.000,D17,LA MAISON A L'ENVERS,0.00,0.00,0.0,9,0,8,16,2,2026
18966,2026-02-16 10:00:00.000,D17,LA MAISON A L'ENVERS,0.00,0.00,0.0,10,0,8,16,2,2026
18984,2026-02-16 11:00:00.000,D17,LA MAISON A L'ENVERS,0.00,0.00,0.0,11,0,8,16,2,2026
19002,2026-02-16 12:00:00.000,D17,LA MAISON A L'ENVERS,0.35,0.70,0.35,12,0,8,16,2,2026
19020,2026-02-16 13:00:00.000,D17,LA MAISON A L'ENVERS,0.00,1.00,1.0,13,0,8,16,2,2026
19539,2026-02-16 14:00:00.000,D17,LA MAISON A L'ENVERS,0.00,1.00,1.0,14,0,8,16,2,2026
19557,2026-02-16 15:00:00.000,D17,LA MAISON A L'ENVERS,0.00,1.00,1.0,15,0,8,16,2,2026
19575,2026-02-16 16:00:00.000,D17,LA MAISON A L'ENVERS,0.00,1.00,1.0,16,0,8,16,2,2026
19593,2026-02-16 17:00:00.000,D17,LA MAISON A L'ENVERS,0.00,1.00,1.0,17,0,8,16,2,2026
19611,2026-02-16 18:00:00.000,D17,LA MAISON A L'ENVERS,0.00,1.00,1.0,18,0,8,16,2,2026
19629,2026-02-16 19:00:00.000,D17,LA MAISON A L'ENVERS,0.00,0.20,0.2,19,0,8,16,2,2026
19647,2026-02-16 20:00:00.000,D17,LA MAISON A L'ENVERS,0.00,0.00,0.0,20,0,8,16,2,2026
19665,2026-02-16 21:00:00.000,D17,LA MAISON A L'ENVERS,0.00,0.00,0.0,21,0,8,16,2,2026
19683,2026-02-16 22:00:00.000,D17,LA MAISON A L'ENVERS,0.00,0.00,0.0,22,0,8,16,2,2026
19701,2026-02-16 23:00:00.000,D17,LA MAISON A L'ENVERS,0.00,0.00,0.0,23,0,8,16,2,2026
19719,2026-02-17 00:00:00.000,D17,LA MAISON A L'ENVERS,0.00,0.00,0.0,0,0,8,17,2,2026
19737,2026-02-17 01:00:00.000,D17,LA MAISON A L'ENVERS,0.00,0.00,0.0,1,0,8,17,2,2026
19755,2026-02-17 02:00:00.000,D17,LA MAISON A L'ENVERS,0.00,0.00,0.0,2,0,8,17,2,2026
19773,2026-02-17 03:00:00.000,D17,LA MAISON A L'ENVERS,0.00,0.00,0.0,3,0,8,17,2,2026
19791,2026-02-17 04:00:00.000,D17,LA MAISON A L'ENVERS,0.00,0.00,0.0,4,0,8,17,2,2026
19809,2026-02-17 05:00:00.000,D17,LA MAISON A L'ENVERS,0.00,0.00,0.0,5,0,8,17,2,2026
19827,2026-02-17 06:00:00.000,D17,LA MAISON A L'ENVERS,0.00,0.00,0.0,6,0,8,17,2,2026
19845,2026-02-17 07:00:00.000,D17,LA MAISON A L'ENVERS,0.00,0.00,0.0,7,0,8,17,2,2026
19863,2026-02-17 08:00:00.000,D17,LA MAISON A L'ENVERS,0.00,0.00,0.0,8,0,8,17,2,2026
19881,2026-02-17 09:00:00.000,D17,LA MAISON A L'ENVERS,0.00,0.00,0.0,9,0,8,17,2,2026
19899,2026-02-17 10:00:00.000,D17,LA MAISON A L'ENVERS,0.00,0.00,0.0,10,0,8,17,2,2026
19917,2026-02-17 11:00:00.000,D17,LA MAISON A L'ENVERS,0.00,0.10,0.1,11,0,8,17,2,2026
19935,2026-02-17 12:00:00.000,D17,LA MAISON A L'ENVERS,0.00,1.00,1.0,12,0,8,17,2,2026
19953,2026-02-17 13:00:00.000,D17,LA MAISON A L'ENVERS,0.00,1.00,1.0,13,0,8,17,2,2026
19971,2026-02-17 14:00:00.000,D17,LA MAISON A L'ENVERS,0.00,1.00,1.0,14,0,8,17,2,2026
19989,2026-02-17 15:00:00.000,D17,LA MAISON A L'ENVERS,0.00,1.00,1.0,15,0,8,17,2,2026
20007,2026-02-17 16:00:00.000,D17,LA MAISON A L'ENVERS,0.00,1.00,1.0,16,0,8,17,2,2026
20025,2026-02-17 17:00:00.000,D17,LA MAISON A L'ENVERS,0.00,1.00,1.0,17,0,8,17,2,2026
20544,2026-02-17 18:00:00.000,D17,LA MAISON A L'ENVERS,0.00,0.75,0.75,18,0,8,17,2,2026
20562,2026-02-17 19:00:00.000,D17,LA MAISON A L'ENVERS,0.00,0.00,0.0,19,0,8,17,2,2026
20580,2026-02-17 20:00:00.000,D17,LA MAISON A L'ENVERS,0.00,0.00,0.0,20,0,8,17,2,2026
20598,2026-02-17 21:00:00.000,D17,LA MAISON A L'ENVERS,0.00,0.00,0.0,21,0,8,17,2,2026
20616,2026-02-17 22:00:00.000,D17,LA MAISON A L'ENVERS,0.00,0.00,0.0,22,0,8,17,2,2026
20634,2026-02-17 23:00:00.000,D17,LA MAISON A L'ENVERS,0.00,0.00,0.0,23,0,8,17,2,2026
20652,2026-02-18 00:00:00.000,D17,LA MAISON A L'ENVERS,0.00,0.00,0.0,0,0,8,18,2,2026
20670,2026-02-18 01:00:00.000,D17,LA MAISON A L'ENVERS,0.00,0.00,0.0,1,0,8,18,2,2026
20688,2026-02-18 02:00:00.000,D17,LA MAISON A L'ENVERS,0.00,0.00,0.0,2,0,8,18,2,2026
20706,2026-02-18 03:00:00.000,D17,LA MAISON A L'ENVERS,0.00,0.00,0.0,3,0,8,18,2,2026
20724,2026-02-18 04:00:00.000,D17,LA MAISON A L'ENVERS,0.00,0.00,0.0,4,0,8,18,2,2026
20742,2026-02-18 05:00:00.000,D17,LA MAISON A L'ENVERS,0.00,0.00,0.0,5,0,8,18,2,2026
20760,2026-02-18 06:00:00.000,D17,LA MAISON A L'ENVERS,0.00,0.00,0.0,6,0,8,18,2,2026
20778,2026-02-18 07:00:00.000,D17,LA MAISON A L'ENVERS,0.00,0.00,0.0,7,0,8,18,2,2026
20796,2026-02-18 08:00:00.000,D17,LA MAISON A L'ENVERS,0.00,0.00,0.0,8,0,8,18,2,2026
20814,2026-02-18 09:00:00.000,D17,LA MAISON A L'ENVERS,0.00,0.00,0.0,9,0,8,18,2,2026
20832,2026-02-18 10:00:00.000,D17,LA MAISON A L'ENVERS,0.00,0.00,0.0,10,0,8,18,2,2026
20850,2026-02-18 11:00:00.000,D17,LA MAISON A L'ENVERS,0.00,0.00,0.0,11,0,8,18,2,2026
20868,2026-02-18 12:00:00.000,D17,LA MAISON A L'ENVERS,0.00,0.50,0.5,12,0,8,18,2,2026
20886,2026-02-18 13:00:00.000,D17,LA MAISON A L'ENVERS,0.00,1.00,1.0,13,0,8,18,2,2026
20904,2026-02-18 14:00:00.000,D17,LA MAISON A L'ENVERS,0.00,1.00,1.0,14,0,8,18,2,2026
20922,2026-02-18 15:00:00.000,D17,LA MAISON A L'ENVERS,0.00,1.00,1.0,15,0,8,18,2,2026
20940,2026-02-18 16:00:00.000,D17,LA MAISON A L'ENVERS,0.00,1.00,1.0,16,0,8,18,2,2026
20958,2026-02-18 17:00:00.000,D17,LA MAISON A L'ENVERS,0.00,1.00,1.0,17,0,8,18,2,2026
20976,2026-02-18 18:00:00.000,D17,LA MAISON A L'ENVERS,0.00,1.00,1.0,18,0,8,18,2,2026
20994,2026-02-18 19:00:00.000,D17,LA MAISON A L'ENVERS,0.00,1.00,1.0,19,0,8,18,2,2026
21012,2026-02-18 20:00:00.000,D17,LA MAISON A L'ENVERS,0.00,1.00,1.0,20,0,8,18,2,2026
21030,2026-02-18 21:00:00.000,D17,LA MAISON A L'ENVERS,0.00,1.00,1.0,21,0,8,18,2,2026
21549,2026-02-18 22:00:00.000,D17,LA MAISON A L'ENVERS,0.00,1.00,1.0,22,0,8,18,2,2026
21567,2026-02-18 23:00:00.000,D17,LA MAISON A L'ENVERS,0.00,1.00,1.0,23,0,8,18,2,2026
21585,2026-02-19 00:00:00.000,D17,LA MAISON A L'ENVERS,0.00,1.00,1.0,0,0,8,19,2,2026
21603,2026-02-19 01:00:00.000,D17,LA MAISON A L'ENVERS,0.00,1.00,1.0,1,0,8,19,2,2026
21621,2026-02-19 02:00:00.000,D17,LA MAISON A L'ENVERS,0.00,1.00,1.0,2,0,8,19,2,2026
21639,2026-02-19 03:00:00.000,D17,LA MAISON A L'ENVERS,0.00,1.00,1.0,3,0,8,19,2,2026
21657,2026-02-19 04:00:00.000,D17,LA MAISON A L'ENVERS,0.00,1.00,1.0,4,0,8,19,2,2026
21675,2026-02-19 05:00:00.000,D17,LA MAISON A L'ENVERS,0.00,1.00,1.0,5,0,8,19,2,2026
21693,2026-02-19 06:00:00.000,D17,LA MAISON A L'ENVERS,0.00,1.00,1.0,6,0,8,19,2,2026
21711,2026-02-19 07:00:00.000,D17,LA MAISON A L'ENVERS,0.00,0.00,0.0,7,0,8,19,2,2026
21729,2026-02-19 08:00:00.000,D17,LA MAISON A L'ENVERS,0.00,0.00,0.0,8,0,8,19,2,2026
21747,2026-02-19 09:00:00.000,D17,LA MAISON A L'ENVERS,0.00,0.00,0.0,9,0,8,19,2,2026
21765,2026-02-19 10:00:00.000,D17,LA MAISON A L'ENVERS,0.00,0.00,0.0,10,0,8,19,2,2026
21783,2026-02-19 11:00:00.000,D17,LA MAISON A L'ENVERS,0.00,0.00,0.0,11,0,8,19,2,2026
21801,2026-02-19 12:00:00.000,D17,LA MAISON A L'ENVERS,0.00,0.00,0.0,12,0,8,19,2,2026
21819,2026-02-19 13:00:00.000,D17,LA MAISON A L'ENVERS,0.00,0.00,0.0,13,0,8,19,2,2026
21837,2026-02-19 14:00:00.000,D17,LA MAISON A L'ENVERS,0.00,0.00,0.0,14,0,8,19,2,2026
21855,2026-02-19 15:00:00.000,D17,LA MAISON A L'ENVERS,0.00,0.00,0.0,15,0,8,19,2,2026
21873,2026-02-19 16:00:00.000,D17,LA MAISON A L'ENVERS,0.00,0.00,0.0,16,0,8,19,2,2026
21891,2026-02-19 17:00:00.000,D17,LA MAISON A L'ENVERS,0.00,0.00,0.0,17,0,8,19,2,2026
21909,2026-02-19 18:00:00.000,D17,LA MAISON A L'ENVERS,0.00,0.00,0.0,18,0,8,19,2,2026
21927,2026-02-19 19:00:00.000,D17,LA MAISON A L'ENVERS,0.00,0.00,0.0,19,0,8,19,2,2026
21945,2026-02-19 20:00:00.000,D17,LA MAISON A L'ENVERS,0.00,0.00,0.0,20,0,8,19,2,2026
21963,2026-02-19 21:00:00.000,D17,LA MAISON A L'ENVERS,0.00,0.00,0.0,21,0,8,19,2,2026
21981,2026-02-19 22:00:00.000,D17,LA MAISON A L'ENVERS,0.00,0.00,0.0,22,0,8,19,2,2026
21999,2026-02-19 23:00:00.000,D17,LA MAISON A L'ENVERS,0.00,0.00,0.0,23,0,8,19,2,2026
22017,2026-02-20 00:00:00.000,D17,LA MAISON A L'ENVERS,0.00,0.00,0.0,0,0,8,20,2,2026
22035,2026-02-20 01:00:00.000,D17,LA MAISON A L'ENVERS,0.00,0.00,0.0,1,0,8,20,2,2026
22554,2026-02-20 02:00:00.000,D17,LA MAISON A L'ENVERS,0.00,0.00,0.0,2,0,8,20,2,2026
22572,2026-02-20 03:00:00.000,D17,LA MAISON A L'ENVERS,0.00,0.00,0.0,3,0,8,20,2,2026
22590,2026-02-20 04:00:00.000,D17,LA MAISON A L'ENVERS,0.00,0.00,0.0,4,0,8,20,2,2026
22608,2026-02-20 05:00:00.000,D17,LA MAISON A L'ENVERS,0.00,0.00,0.0,5,0,8,20,2,2026
22626,2026-02-20 06:00:00.000,D17,LA MAISON A L'ENVERS,0.00,0.00,0.0,6,0,8,20,2,2026
22644,2026-02-20 07:00:00.000,D17,LA MAISON A L'ENVERS,0.00,0.00,0.0,7,0,8,20,2,2026
22662,2026-02-20 08:00:00.000,D17,LA MAISON A L'ENVERS,0.00,0.00,0.0,8,0,8,20,2,2026
22680,2026-02-20 09:00:00.000,D17,LA MAISON A L'ENVERS,0.00,0.00,0.0,9,0,8,20,2,2026
22698,2026-02-20 10:00:00.000,D17,LA MAISON A L'ENVERS,0.00,0.00,0.0,10,0,8,20,2,2026
22716,2026-02-20 11:00:00.000,D17,LA MAISON A L'ENVERS,0.00,0.05,0.05,11,0,8,20,2,2026
22734,2026-02-20 12:00:00.000,D17,LA MAISON A L'ENVERS,0.00,1.00,1.0,12,0,8,20,2,2026
22752,2026-02-20 13:00:00.000,D17,LA MAISON A L'ENVERS,0.00,1.00,1.0,13,0,8,20,2,2026
22770,2026-02-20 14:00:00.000,D17,LA MAISON A L'ENVERS,0.00,1.00,1.0,14,0,8,20,2,2026
22788,2026-02-20 15:00:00.000,D17,LA MAISON A L'ENVERS,0.00,1.00,1.0,15,0,8,20,2,2026
22806,2026-02-20 16:00:00.000,D17,LA MAISON A L'ENVERS,0.00,1.00,1.0,16,0,8,20,2,2026
22824,2026-02-20 17:00:00.000,D17,LA MAISON A L'ENVERS,0.00,1.00,1.0,17,0,8,20,2,2026
22842,2026-02-20 18:00:00.000,D17,LA MAISON A L'ENVERS,0.00,1.00,1.0,18,0,8,20,2,2026
22860,2026-02-20 19:00:00.000,D17,LA MAISON A L'ENVERS,0.00,0.45,0.45,19,0,8,20,2,2026
22878,2026-02-20 20:00:00.000,D17,LA MAISON A L'ENVERS,0.00,0.00,0.0,20,0,8,20,2,2026
22896,2026-02-20 21:00:00.000,D17,LA MAISON A L'ENVERS,0.00,0.00,0.0,21,0,8,20,2,2026
22914,2026-02-20 22:00:00.000,D17,LA MAISON A L'ENVERS,0.00,0.00,0.0,22,0,8,20,2,2026
22932,2026-02-20 23:00:00.000,D17,LA MAISON A L'ENVERS,0.00,0.00,0.0,23,0,8,20,2,2026
22950,2026-02-21 00:00:00.000,D17,LA MAISON A L'ENVERS,0.00,0.00,0.0,0,0,8,21,2,2026
22968,2026-02-21 01:00:00.000,D17,LA MAISON A L'ENVERS,0.00,0.00,0.0,1,0,8,21,2,2026
22986,2026-02-21 02:00:00.000,D17,LA MAISON A L'ENVERS,0.00,0.00,0.0,2,0,8,21,2,2026
23004,2026-02-21 03:00:00.000,D17,LA MAISON A L'ENVERS,0.00,0.00,0.0,3,0,8,21,2,2026
23022,2026-02-21 04:00:00.000,D17,LA MAISON A L'ENVERS,0.00,0.00,0.0,4,0,8,21,2,2026
23040,2026-02-21 05:00:00.000,D17,LA MAISON A L'ENVERS,0.00,0.00,0.0,5,0,8,21,2,2026
23559,2026-02-21 06:00:00.000,D17,LA MAISON A L'ENVERS,0.00,0.00,0.0,6,0,8,21,2,2026
23577,2026-02-21 07:00:00.000,D17,LA MAISON A L'ENVERS,0.00,0.00,0.0,7,0,8,21,2,2026
23595,2026-02-21 08:00:00.000,D17,LA MAISON A L'ENVERS,0.00,0.00,0.0,8,0,8,21,2,2026
23613,2026-02-21 09:00:00.000,D17,LA MAISON A L'ENVERS,0.00,0.00,0.0,9,0,8,21,2,2026
23631,2026-02-21 10:00:00.000,D17,LA MAISON A L'ENVERS,0.00,0.00,0.0,10,0,8,21,2,2026
23649,2026-02-21 11:00:00.000,D17,LA MAISON A L'ENVERS,0.00,0.00,0.0,11,0,8,21,2,2026
23667,2026-02-21 12:00:00.000,D17,LA MAISON A L'ENVERS,0.00,0.00,0.0,12,0,8,21,2,2026
23685,2026-02-21 13:00:00.000,D17,LA MAISON A L'ENVERS,0.00,0.55,0.55,13,0,8,21,2,2026
23703,2026-02-21 14:00:00.000,D17,LA MAISON A L'ENVERS,0.00,1.00,1.0,14,0,8,21,2,2026
23721,2026-02-21 15:00:00.000,D17,LA MAISON A L'ENVERS,0.00,1.00,1.0,15,0,8,21,2,2026
23739,2026-02-21 16:00:00.000,D17,LA MAISON A L'ENVERS,0.00,1.00,1.0,16,0,8,21,2,2026
23757,2026-02-21 17:00:00.000,D17,LA MAISON A L'ENVERS,0.00,1.00,1.0,17,0,8,21,2,2026
23775,2026-02-21 18:00:00.000,D17,LA MAISON A L'ENVERS,0.25,0.80,0.55,18,0,8,21,2,2026
23793,2026-02-21 19:00:00.000,D17,LA MAISON A L'ENVERS,0.00,0.00,0.0,19,0,8,21,2,2026
23811,2026-02-21 20:00:00.000,D17,LA MAISON A L'ENVERS,0.00,0.00,0.0,20,0,8,21,2,2026
23829,2026-02-21 21:00:00.000,D17,LA MAISON A L'ENVERS,0.00,0.00,0.0,21,0,8,21,2,2026
23847,2026-02-21 22:00:00.000,D17,LA MAISON A L'ENVERS,0.00,0.00,0.0,22,0,8,21,2,2026
23865,2026-02-21 23:00:00.000,D17,LA MAISON A L'ENVERS,0.00,0.00,0.0,23,0,8,21,2,2026
23883,2026-02-22 00:00:00.000,D17,LA MAISON A L'ENVERS,0.00,0.00,0.0,0,0,9,22,2,2026
23901,2026-02-22 01:00:00.000,D17,LA MAISON A L'ENVERS,0.00,0.00,0.0,1,0,9,22,2,2026
23919,2026-02-22 02:00:00.000,D17,LA MAISON A L'ENVERS,0.00,0.00,0.0,2,0,9,22,2,2026
23937,2026-02-22 03:00:00.000,D17,LA MAISON A L'ENVERS,0.00,0.00,0.0,3,0,9,22,2,2026
23955,2026-02-22 04:00:00.000,D17,LA MAISON A L'ENVERS,0.00,0.00,0.0,4,0,9,22,2,2026
23973,2026-02-22 05:00:00.000,D17,LA MAISON A L'ENVERS,0.00,0.00,0.0,5,0,9,22,2,2026
23991,2026-02-22 06:00:00.000,D17,LA MAISON A L'ENVERS,0.00,0.00,0.0,6,0,9,22,2,2026
24009,2026-02-22 07:00:00.000,D17,LA MAISON A L'ENVERS,0.00,0.00,0.0,7,0,9,22,2,2026
24027,2026-02-22 08:00:00.000,D17,LA MAISON A L'ENVERS,0.00,0.00,0.0,8,0,9,22,2,2026
24045,2026-02-22 09:00:00.000,D17,LA MAISON A L'ENVERS,0.00,0.00,0.0,9,0,9,22,2,2026
24564,2026-02-22 10:00:00.000,D17,LA MAISON A L'ENVERS,0.00,0.00,0.0,10,0,9,22,2,2026
24582,2026-02-22 11:00:00.000,D17,LA MAISON A L'ENVERS,0.00,0.00,0.0,11,0,9,22,2,2026
24600,2026-02-22 12:00:00.000,D17,LA MAISON A L'ENVERS,0.00,0.10,0.1,12,0,9,22,2,2026
24618,2026-02-22 13:00:00.000,D17,LA MAISON A L'ENVERS,0.00,1.00,1.0,13,0,9,22,2,2026
24636,2026-02-22 14:00:00.000,D17,LA MAISON A L'ENVERS,0.00,1.00,1.0,14,0,9,22,2,2026
24654,2026-02-22 15:00:00.000,D17,LA MAISON A L'ENVERS,0.00,1.00,1.0,15,0,9,22,2,2026
24672,2026-02-22 16:00:00.000,D17,LA MAISON A L'ENVERS,0.00,1.00,1.0,16,0,9,22,2,2026
24690,2026-02-22 17:00:00.000,D17,LA MAISON A L'ENVERS,0.00,1.00,1.0,17,0,9,22,2,2026
24708,2026-02-22 18:00:00.000,D17,LA MAISON A L'ENVERS,0.00,1.00,1.0,18,0,9,22,2,2026
24726,2026-02-22 19:00:00.000,D17,LA MAISON A L'ENVERS,0.00,1.00,1.0,19,0,9,22,2,2026
24744,2026-02-22 20:00:00.000,D17,LA MAISON A L'ENVERS,0.00,1.00,1.0,20,0,9,22,2,2026
24762,2026-02-22 21:00:00.000,D17,LA MAISON A L'ENVERS,0.00,1.00,1.0,21,0,9,22,2,2026
24780,2026-02-22 22:00:00.000,D17,LA MAISON A L'ENVERS,0.00,1.00,1.0,22,0,9,22,2,2026
24798,2026-02-22 23:00:00.000,D17,LA MAISON A L'ENVERS,0.00,1.00,1.0,23,0,9,22,2,2026
24816,2026-02-23 00:00:00.000,D17,LA MAISON A L'ENVERS,0.00,1.00,1.0,0,0,9,23,2,2026
24834,2026-02-23 01:00:00.000,D17,LA MAISON A L'ENVERS,0.00,1.00,1.0,1,0,9,23,2,2026
24852,2026-02-23 02:00:00.000,D17,LA MAISON A L'ENVERS,0.00,1.00,1.0,2,0,9,23,2,2026
24870,2026-02-23 03:00:00.000,D17,LA MAISON A L'ENVERS,0.00,1.00,1.0,3,0,9,23,2,2026
24888,2026-02-23 04:00:00.000,D17,LA MAISON A L'ENVERS,0.00,1.00,1.0,4,0,9,23,2,2026
24906,2026-02-23 05:00:00.000,D17,LA MAISON A L'ENVERS,0.00,1.00,1.0,5,0,9,23,2,2026
24924,2026-02-23 06:00:00.000,D17,LA MAISON A L'ENVERS,0.00,1.00,1.0,6,0,9,23,2,2026
24942,2026-02-23 07:00:00.000,D17,LA MAISON A L'ENVERS,0.00,0.00,0.0,7,0,9,23,2,2026
24960,2026-02-23 08:00:00.000,D17,LA MAISON A L'ENVERS,0.00,0.00,0.0,8,0,9,23,2,2026
24978,2026-02-23 09:00:00.000,D17,LA MAISON A L'ENVERS,0.00,0.00,0.0,9,0,9,23,2,2026
24996,2026-02-23 10:00:00.000,D17,LA MAISON A L'ENVERS,0.00,0.00,0.0,10,0,9,23,2,2026
25014,2026-02-23 11:00:00.000,D17,LA MAISON A L'ENVERS,0.00,0.00,0.0,11,0,9,23,2,2026
25032,2026-02-23 12:00:00.000,D17,LA MAISON A L'ENVERS,0.00,0.00,0.0,12,0,9,23,2,2026
25551,2026-02-23 13:00:00.000,D17,LA MAISON A L'ENVERS,0.00,0.00,0.0,13,0,9,23,2,2026
25569,2026-02-23 14:00:00.000,D17,LA MAISON A L'ENVERS,0.00,0.00,0.0,14,0,9,23,2,2026
25587,2026-02-23 15:00:00.000,D17,LA MAISON A L'ENVERS,0.00,0.00,0.0,15,0,9,23,2,2026
25605,2026-02-23 16:00:00.000,D17,LA MAISON A L'ENVERS,0.00,0.00,0.0,16,0,9,23,2,2026
25623,2026-02-23 17:00:00.000,D17,LA MAISON A L'ENVERS,0.00,0.00,0.0,17,0,9,23,2,2026
25641,2026-02-23 18:00:00.000,D17,LA MAISON A L'ENVERS,0.00,0.00,0.0,18,0,9,23,2,2026
25659,2026-02-23 19:00:00.000,D17,LA MAISON A L'ENVERS,0.00,0.00,0.0,19,0,9,23,2,2026
25677,2026-02-23 20:00:00.000,D17,LA MAISON A L'ENVERS,0.00,0.00,0.0,20,0,9,23,2,2026
25695,2026-02-23 21:00:00.000,D17,LA MAISON A L'ENVERS,0.00,0.00,0.0,21,0,9,23,2,2026
25713,2026-02-23 22:00:00.000,D17,LA MAISON A L'ENVERS,0.00,0.00,0.0,22,0,9,23,2,2026
25731,2026-02-23 23:00:00.000,D17,LA MAISON A L'ENVERS,0.00,0.00,0.0,23,0,9,23,2,2026
25749,2026-02-24 00:00:00.000,D17,LA MAISON A L'ENVERS,0.00,0.00,0.0,0,0,9,24,2,2026
25767,2026-02-24 01:00:00.000,D17,LA MAISON A L'ENVERS,0.00,0.00,0.0,1,0,9,24,2,2026
25785,2026-02-24 02:00:00.000,D17,LA MAISON A L'ENVERS,0.00,0.00,0.0,2,0,9,24,2,2026
25803,2026-02-24 03:00:00.000,D17,LA MAISON A L'ENVERS,0.00,0.00,0.0,3,0,9,24,2,2026
25821,2026-02-24 04:00:00.000,D17,LA MAISON A L'ENVERS,0.00,0.00,0.0,4,0,9,24,2,2026
25839,2026-02-24 05:00:00.000,D17,LA MAISON A L'ENVERS,0.00,0.00,0.0,5,0,9,24,2,2026
25857,2026-02-24 06:00:00.000,D17,LA MAISON A L'ENVERS,0.00,0.00,0.0,6,0,9,24,2,2026
25875,2026-02-24 07:00:00.000,D17,LA MAISON A L'ENVERS,0.00,0.00,0.0,7,0,9,24,2,2026
25893,2026-02-24 08:00:00.000,D17,LA MAISON A L'ENVERS,0.00,0.00,0.0,8,0,9,24,2,2026
25911,2026-02-24 09:00:00.000,D17,LA MAISON A L'ENVERS,0.00,0.00,0.0,9,0,9,24,2,2026
25929,2026-02-24 10:00:00.000,D17,LA MAISON A L'ENVERS,0.00,0.00,0.0,10,0,9,24,2,2026
25947,2026-02-24 11:00:00.000,D17,LA MAISON A L'ENVERS,0.00,0.00,0.0,11,0,9,24,2,2026
25965,2026-02-24 12:00:00.000,D17,LA MAISON A L'ENVERS,0.15,0.85,0.7,12,0,9,24,2,2026
25983,2026-02-24 13:00:00.000,D17,LA MAISON A L'ENVERS,0.00,1.00,1.0,13,0,9,24,2,2026
26001,2026-02-24 14:00:00.000,D17,LA MAISON A L'ENVERS,0.00,1.00,1.0,14,0,9,24,2,2026
26019,2026-02-24 15:00:00.000,D17,LA MAISON A L'ENVERS,0.00,1.00,1.0,15,0,9,24,2,2026
26037,2026-02-24 16:00:00.000,D17,LA MAISON A L'ENVERS,0.00,1.00,1.0,16,0,9,24,2,2026
26556,2026-02-24 17:00:00.000,D17,LA MAISON A L'ENVERS,0.00,1.00,1.0,17,0,9,24,2,2026
26574,2026-02-24 18:00:00.000,D17,LA MAISON A L'ENVERS,0.00,1.00,1.0,18,0,9,24,2,2026
26592,2026-02-24 19:00:00.000,D17,LA MAISON A L'ENVERS,0.00,0.05,0.05,19,0,9,24,2,2026
26610,2026-02-24 20:00:00.000,D17,LA MAISON A L'ENVERS,0.00,0.00,0.0,20,0,9,24,2,2026
26628,2026-02-24 21:00:00.000,D17,LA MAISON A L'ENVERS,0.00,0.00,0.0,21,0,9,24,2,2026
26646,2026-02-24 22:00:00.000,D17,LA MAISON A L'ENVERS,0.00,0.00,0.0,22,0,9,24,2,2026
26664,2026-02-24 23:00:00.000,D17,LA MAISON A L'ENVERS,0.00,0.00,0.0,23,0,9,24,2,2026
26682,2026-02-25 00:00:00.000,D17,LA MAISON A L'ENVERS,0.00,0.00,0.0,0,0,9,25,2,2026
26700,2026-02-25 01:00:00.000,D17,LA MAISON A L'ENVERS,0.00,0.00,0.0,1,0,9,25,2,2026
26718,2026-02-25 02:00:00.000,D17,LA MAISON A L'ENVERS,0.00,0.00,0.0,2,0,9,25,2,2026
26736,2026-02-25 03:00:00.000,D17,LA MAISON A L'ENVERS,0.00,0.00,0.0,3,0,9,25,2,2026
26754,2026-02-25 04:00:00.000,D17,LA MAISON A L'ENVERS,0.00,0.00,0.0,4,0,9,25,2,2026
26772,2026-02-25 05:00:00.000,D17,LA MAISON A L'ENVERS,0.00,0.00,0.0,5,0,9,25,2,2026
26790,2026-02-25 06:00:00.000,D17,LA MAISON A L'ENVERS,0.00,0.00,0.0,6,0,9,25,2,2026
26808,2026-02-25 07:00:00.000,D17,LA MAISON A L'ENVERS,0.00,0.00,0.0,7,0,9,25,2,2026
26826,2026-02-25 08:00:00.000,D17,LA MAISON A L'ENVERS,0.00,0.00,0.0,8,0,9,25,2,2026
26844,2026-02-25 09:00:00.000,D17,LA MAISON A L'ENVERS,0.00,0.00,0.0,9,0,9,25,2,2026
26862,2026-02-25 10:00:00.000,D17,LA MAISON A L'ENVERS,0.00,0.00,0.0,10,0,9,25,2,2026
26880,2026-02-25 11:00:00.000,D17,LA MAISON A L'ENVERS,0.00,0.00,0.0,11,0,9,25,2,2026
26898,2026-02-25 12:00:00.000,D17,LA MAISON A L'ENVERS,0.00,0.75,0.75,12,0,9,25,2,2026
26916,2026-02-25 13:00:00.000,D17,LA MAISON A L'ENVERS,0.00,1.00,1.0,13,0,9,25,2,2026
26934,2026-02-25 14:00:00.000,D17,LA MAISON A L'ENVERS,0.00,1.00,1.0,14,0,9,25,2,2026
26952,2026-02-25 15:00:00.000,D17,LA MAISON A L'ENVERS,0.00,1.00,1.0,15,0,9,25,2,2026
26970,2026-02-25 16:00:00.000,D17,LA MAISON A L'ENVERS,0.00,1.00,1.0,16,0,9,25,2,2026
26988,2026-02-25 17:00:00.000,D17,LA MAISON A L'ENVERS,0.00,1.00,1.0,17,0,9,25,2,2026
27006,2026-02-25 18:00:00.000,D17,LA MAISON A L'ENVERS,0.00,1.00,1.0,18,0,9,25,2,2026
27024,2026-02-25 19:00:00.000,D17,LA MAISON A L'ENVERS,0.00,0.05,0.05,19,0,9,25,2,2026
27042,2026-02-25 20:00:00.000,D17,LA MAISON A L'ENVERS,0.00,0.00,0.0,20,0,9,25,2,2026
27561,2026-02-25 21:00:00.000,D17,LA MAISON A L'ENVERS,0.00,0.00,0.0,21,0,9,25,2,2026
27579,2026-02-25 22:00:00.000,D17,LA MAISON A L'ENVERS,0.00,0.00,0.0,22,0,9,25,2,2026
27597,2026-02-25 23:00:00.000,D17,LA MAISON A L'ENVERS,0.00,0.00,0.0,23,0,9,25,2,2026
27615,2026-02-26 00:00:00.000,D17,LA MAISON A L'ENVERS,0.00,0.00,0.0,0,0,9,26,2,2026
27633,2026-02-26 01:00:00.000,D17,LA MAISON A L'ENVERS,0.00,0.00,0.0,1,0,9,26,2,2026
27651,2026-02-26 02:00:00.000,D17,LA MAISON A L'ENVERS,0.00,0.00,0.0,2,0,9,26,2,2026
27669,2026-02-26 03:00:00.000,D17,LA MAISON A L'ENVERS,0.00,0.00,0.0,3,0,9,26,2,2026
27687,2026-02-26 04:00:00.000,D17,LA MAISON A L'ENVERS,0.00,0.00,0.0,4,0,9,26,2,2026
27705,2026-02-26 05:00:00.000,D17,LA MAISON A L'ENVERS,0.00,0.00,0.0,5,0,9,26,2,2026
27723,2026-02-26 06:00:00.000,D17,LA MAISON A L'ENVERS,0.00,0.00,0.0,6,0,9,26,2,2026
27741,2026-02-26 07:00:00.000,D17,LA MAISON A L'ENVERS,0.00,0.00,0.0,7,0,9,26,2,2026
27759,2026-02-26 08:00:00.000,D17,LA MAISON A L'ENVERS,0.00,0.00,0.0,8,0,9,26,2,2026
27777,2026-02-26 09:00:00.000,D17,LA MAISON A L'ENVERS,0.00,0.00,0.0,9,0,9,26,2,2026
27795,2026-02-26 10:00:00.000,D17,LA MAISON A L'ENVERS,0.00,0.00,0.0,10,0,9,26,2,2026
27813,2026-02-26 11:00:00.000,D17,LA MAISON A L'ENVERS,0.00,0.05,0.05,11,0,9,26,2,2026
27831,2026-02-26 12:00:00.000,D17,LA MAISON A L'ENVERS,0.00,1.00,1.0,12,0,9,26,2,2026
27849,2026-02-26 13:00:00.000,D17,LA MAISON A L'ENVERS,0.00,1.00,1.0,13,0,9,26,2,2026
27867,2026-02-26 14:00:00.000,D17,LA MAISON A L'ENVERS,0.00,1.00,1.0,14,0,9,26,2,2026
27885,2026-02-26 15:00:00.000,D17,LA MAISON A L'ENVERS,0.00,1.00,1.0,15,0,9,26,2,2026
27903,2026-02-26 16:00:00.000,D17,LA MAISON A L'ENVERS,0.00,1.00,1.0,16,0,9,26,2,2026
27921,2026-02-26 17:00:00.000,D17,LA MAISON A L'ENVERS,0.00,1.00,1.0,17,0,9,26,2,2026
27939,2026-02-26 18:00:00.000,D17,LA MAISON A L'ENVERS,0.00,1.00,1.0,18,0,9,26,2,2026
27957,2026-02-26 19:00:00.000,D17,LA MAISON A L'ENVERS,0.00,1.00,1.0,19,0,9,26,2,2026
27975,2026-02-26 20:00:00.000,D17,LA MAISON A L'ENVERS,0.00,1.00,1.0,20,0,9,26,2,2026
27993,2026-02-26 21:00:00.000,D17,LA MAISON A L'ENVERS,0.00,1.00,1.0,21,0,9,26,2,2026
28011,2026-02-26 22:00:00.000,D17,LA MAISON A L'ENVERS,0.00,1.00,1.0,22,0,9,26,2,2026
28029,2026-02-26 23:00:00.000,D17,LA MAISON A L'ENVERS,0.00,1.00,1.0,23,0,9,26,2,2026
28047,2026-02-27 00:00:00.000,D17,LA MAISON A L'ENVERS,0.00,1.00,1.0,0,0,9,27,2,2026
28566,2026-02-27 01:00:00.000,D17,LA MAISON A L'ENVERS,0.00,1.00,1.0,1,0,9,27,2,2026
28584,2026-02-27 02:00:00.000,D17,LA MAISON A L'ENVERS,0.00,1.00,1.0,2,0,9,27,2,2026
28602,2026-02-27 03:00:00.000,D17,LA MAISON A L'ENVERS,0.00,1.00,1.0,3,0,9,27,2,2026
28620,2026-02-27 04:00:00.000,D17,LA MAISON A L'ENVERS,0.00,1.00,1.0,4,0,9,27,2,2026
28638,2026-02-27 05:00:00.000,D17,LA MAISON A L'ENVERS,0.00,1.00,1.0,5,0,9,27,2,2026
28656,2026-02-27 06:00:00.000,D17,LA MAISON A L'ENVERS,0.00,1.00,1.0,6,0,9,27,2,2026
28674,2026-02-27 07:00:00.000,D17,LA MAISON A L'ENVERS,0.00,0.00,0.0,7,0,9,27,2,2026
28692,2026-02-27 08:00:00.000,D17,LA MAISON A L'ENVERS,0.00,0.00,0.0,8,0,9,27,2,2026
28710,2026-02-27 09:00:00.000,D17,LA MAISON A L'ENVERS,0.00,0.00,0.0,9,0,9,27,2,2026
28728,2026-02-27 10:00:00.000,D17,LA MAISON A L'ENVERS,0.00,0.00,0.0,10,0,9,27,2,2026
28746,2026-02-27 11:00:00.000,D17,LA MAISON A L'ENVERS,0.00,0.00,0.0,11,0,9,27,2,2026
28764,2026-02-27 12:00:00.000,D17,LA MAISON A L'ENVERS,0.00,0.00,0.0,12,0,9,27,2,2026
28782,2026-02-27 13:00:00.000,D17,LA MAISON A L'ENVERS,0.00,0.00,0.0,13,0,9,27,2,2026
28800,2026-02-27 14:00:00.000,D17,LA MAISON A L'ENVERS,0.00,0.00,0.0,14,0,9,27,2,2026
28818,2026-02-27 15:00:00.000,D17,LA MAISON A L'ENVERS,0.00,0.00,0.0,15,0,9,27,2,2026
28836,2026-02-27 16:00:00.000,D17,LA MAISON A L'ENVERS,0.00,0.00,0.0,16,0,9,27,2,2026
28854,2026-02-27 17:00:00.000,D17,LA MAISON A L'ENVERS,0.00,0.05,0.05,17,0,9,27,2,2026
28872,2026-02-27 18:00:00.000,D17,LA MAISON A L'ENVERS,0.00,1.00,1.0,18,0,9,27,2,2026
28890,2026-02-27 19:00:00.000,D17,LA MAISON A L'ENVERS,0.00,1.00,1.0,19,0,9,27,2,2026
28908,2026-02-27 20:00:00.000,D17,LA MAISON A L'ENVERS,0.00,1.00,1.0,20,0,9,27,2,2026
28926,2026-02-27 21:00:00.000,D17,LA MAISON A L'ENVERS,0.00,1.00,1.0,21,0,9,27,2,2026
28944,2026-02-27 22:00:00.000,D17,LA MAISON A L'ENVERS,0.00,1.00,1.0,22,0,9,27,2,2026
28962,2026-02-27 23:00:00.000,D17,LA MAISON A L'ENVERS,0.00,1.00,1.0,23,0,9,27,2,2026
28980,2026-02-28 00:00:00.000,D17,LA MAISON A L'ENVERS,0.00,1.00,1.0,0,0,9,28,2,2026
28998,2026-02-28 01:00:00.000,D17,LA MAISON A L'ENVERS,0.00,1.00,1.0,1,0,9,28,2,2026
29016,2026-02-28 02:00:00.000,D17,LA MAISON A L'ENVERS,0.00,1.00,1.0,2,0,9,28,2,2026
29034,2026-02-28 03:00:00.000,D17,LA MAISON A L'ENVERS,0.00,1.00,1.0,3,0,9,28,2,2026
29052,2026-02-28 04:00:00.000,D17,LA MAISON A L'ENVERS,0.00,1.00,1.0,4,0,9,28,2,2026
29571,2026-02-28 05:00:00.000,D17,LA MAISON A L'ENVERS,0.00,1.00,1.0,5,0,9,28,2,2026
29589,2026-02-28 06:00:00.000,D17,LA MAISON A L'ENVERS,0.00,1.00,1.0,6,0,9,28,2,2026
29607,2026-02-28 07:00:00.000,D17,LA MAISON A L'ENVERS,0.00,0.00,0.0,7,0,9,28,2,2026
29625,2026-02-28 08:00:00.000,D17,LA MAISON A L'ENVERS,0.00,0.00,0.0,8,0,9,28,2,2026
29643,2026-02-28 09:00:00.000,D17,LA MAISON A L'ENVERS,0.00,0.00,0.0,9,0,9,28,2,2026
29661,2026-02-28 10:00:00.000,D17,LA MAISON A L'ENVERS,0.00,0.00,0.0,10,0,9,28,2,2026
29679,2026-02-28 11:00:00.000,D17,LA MAISON A L'ENVERS,0.00,0.10,0.1,11,0,9,28,2,2026
29697,2026-02-28 12:00:00.000,D17,LA MAISON A L'ENVERS,0.00,1.00,1.0,12,0,9,28,2,2026
29715,2026-02-28 13:00:00.000,D17,LA MAISON A L'ENVERS,0.00,1.00,1.0,13,0,9,28,2,2026
29733,2026-02-28 14:00:00.000,D17,LA MAISON A L'ENVERS,0.00,1.00,1.0,14,0,9,28,2,2026
29751,2026-02-28 15:00:00.000,D17,LA MAISON A L'ENVERS,0.00,1.00,1.0,15,0,9,28,2,2026
29769,2026-02-28 16:00:00.000,D17,LA MAISON A L'ENVERS,0.00,1.00,1.0,16,0,9,28,2,2026
29787,2026-02-28 17:00:00.000,D17,LA MAISON A L'ENVERS,0.00,1.00,1.0,17,0,9,28,2,2026
29805,2026-02-28 18:00:00.000,D17,LA MAISON A L'ENVERS,0.00,1.00,1.0,18,0,9,28,2,2026
29823,2026-02-28 19:00:00.000,D17,LA MAISON A L'ENVERS,0.00,1.00,1.0,19,0,9,28,2,2026
29841,2026-02-28 20:00:00.000,D17,LA MAISON A L'ENVERS,0.00,0.20,0.2,20,0,9,28,2,2026
29859,2026-02-28 21:00:00.000,D17,LA MAISON A L'ENVERS,0.00,0.00,0.0,21,0,9,28,2,2026
29877,2026-02-28 22:00:00.000,D17,LA MAISON A L'ENVERS,0.00,0.00,0.0,22,0,9,28,2,2026
29895,2026-02-28 23:00:00.000,D17,LA MAISON A L'ENVERS,0.00,0.00,0.0,23,0,9,28,2,2026
29913,2026-03-01 00:00:00.000,D17,LA MAISON A L'ENVERS,0.00,0.00,0.0,0,0,10,1,3,2026
29931,2026-03-01 01:00:00.000,D17,LA MAISON A L'ENVERS,0.00,0.00,0.0,1,0,10,1,3,2026
29949,2026-03-01 02:00:00.000,D17,LA MAISON A L'ENVERS,0.00,0.00,0.0,2,0,10,1,3,2026
29967,2026-03-01 03:00:00.000,D17,LA MAISON A L'ENVERS,0.00,0.00,0.0,3,0,10,1,3,2026
29985,2026-03-01 04:00:00.000,D17,LA MAISON A L'ENVERS,0.00,0.00,0.0,4,0,10,1,3,2026
30003,2026-03-01 05:00:00.000,D17,LA MAISON A L'ENVERS,0.00,0.00,0.0,5,0,10,1,3,2026
30021,2026-03-01 06:00:00.000,D17,LA MAISON A L'ENVERS,0.00,0.00,0.0,6,0,10,1,3,2026
30039,2026-03-01 07:00:00.000,D17,LA MAISON A L'ENVERS,0.00,0.00,0.0,7,0,10,1,3,2026
30057,2026-03-01 08:00:00.000,D17,LA MAISON A L'ENVERS,0.00,0.00,0.0,8,0,10,1,3,2026
30576,2026-03-01 09:00:00.000,D17,LA MAISON A L'ENVERS,0.00,0.00,0.0,9,0,10,1,3,2026
30594,2026-03-01 10:00:00.000,D17,LA MAISON A L'ENVERS,0.00,0.00,0.0,10,0,10,1,3,2026
30612,2026-03-01 11:00:00.000,D17,LA MAISON A L'ENVERS,0.00,0.10,0.1,11,0,10,1,3,2026
30630,2026-03-01 12:00:00.000,D17,LA MAISON A L'ENVERS,0.00,1.00,1.0,12,0,10,1,3,2026
30648,2026-03-01 13:00:00.000,D17,LA MAISON A L'ENVERS,0.00,1.00,1.0,13,0,10,1,3,2026
30666,2026-03-01 14:00:00.000,D17,LA MAISON A L'ENVERS,0.00,1.00,1.0,14,0,10,1,3,2026
30684,2026-03-01 15:00:00.000,D17,LA MAISON A L'ENVERS,0.00,1.00,1.0,15,0,10,1,3,2026
30702,2026-03-01 16:00:00.000,D17,LA MAISON A L'ENVERS,0.00,1.00,1.0,16,0,10,1,3,2026
30720,2026-03-01 17:00:00.000,D17,LA MAISON A L'ENVERS,0.00,1.00,1.0,17,0,10,1,3,2026
30738,2026-03-01 18:00:00.000,D17,LA MAISON A L'ENVERS,0.00,1.00,1.0,18,0,10,1,3,2026
30756,2026-03-01 19:00:00.000,D17,LA MAISON A L'ENVERS,0.00,1.00,1.0,19,0,10,1,3,2026
30774,2026-03-01 20:00:00.000,D17,LA MAISON A L'ENVERS,0.00,0.35,0.35,20,0,10,1,3,2026
30792,2026-03-01 21:00:00.000,D17,LA MAISON A L'ENVERS,0.00,0.00,0.0,21,0,10,1,3,2026
30810,2026-03-01 22:00:00.000,D17,LA MAISON A L'ENVERS,0.00,0.00,0.0,22,0,10,1,3,2026
30828,2026-03-01 23:00:00.000,D17,LA MAISON A L'ENVERS,0.00,0.00,0.0,23,0,10,1,3,2026
30846,2026-03-02 00:00:00.000,D17,LA MAISON A L'ENVERS,0.00,0.00,0.0,0,0,10,2,3,2026
30864,2026-03-02 01:00:00.000,D17,LA MAISON A L'ENVERS,0.00,0.00,0.0,1,0,10,2,3,2026
30882,2026-03-02 02:00:00.000,D17,LA MAISON A L'ENVERS,0.00,0.00,0.0,2,0,10,2,3,2026
30900,2026-03-02 03:00:00.000,D17,LA MAISON A L'ENVERS,0.00,0.00,0.0,3,0,10,2,3,2026
30918,2026-03-02 04:00:00.000,D17,LA MAISON A L'ENVERS,0.00,0.00,0.0,4,0,10,2,3,2026
30936,2026-03-02 05:00:00.000,D17,LA MAISON A L'ENVERS,0.00,0.00,0.0,5,0,10,2,3,2026
30954,2026-03-02 06:00:00.000,D17,LA MAISON A L'ENVERS,0.00,0.00,0.0,6,0,10,2,3,2026
30972,2026-03-02 07:00:00.000,D17,LA MAISON A L'ENVERS,0.00,0.00,0.0,7,0,10,2,3,2026
30990,2026-03-02 08:00:00.000,D17,LA MAISON A L'ENVERS,0.00,0.00,0.0,8,0,10,2,3,2026
31008,2026-03-02 09:00:00.000,D17,LA MAISON A L'ENVERS,0.00,0.00,0.0,9,0,10,2,3,2026
31026,2026-03-02 10:00:00.000,D17,LA MAISON A L'ENVERS,0.00,0.00,0.0,10,0,10,2,3,2026
31044,2026-03-02 11:00:00.000,D17,LA MAISON A L'ENVERS,0.00,0.00,0.0,11,0,10,2,3,2026
31563,2026-03-02 12:00:00.000,D17,LA MAISON A L'ENVERS,0.00,0.10,0.1,12,0,10,2,3,2026
31581,2026-03-02 13:00:00.000,D17,LA MAISON A L'ENVERS,0.00,1.00,1.0,13,0,10,2,3,2026
31599,2026-03-02 14:00:00.000,D17,LA MAISON A L'ENVERS,0.00,1.00,1.0,14,0,10,2,3,2026
31617,2026-03-02 15:00:00.000,D17,LA MAISON A L'ENVERS,0.00,1.00,1.0,15,0,10,2,3,2026
31635,2026-03-02 16:00:00.000,D17,LA MAISON A L'ENVERS,0.00,1.00,1.0,16,0,10,2,3,2026
31653,2026-03-02 17:00:00.000,D17,LA MAISON A L'ENVERS,0.00,1.00,1.0,17,0,10,2,3,2026
31671,2026-03-02 18:00:00.000,D17,LA MAISON A L'ENVERS,0.00,1.00,1.0,18,0,10,2,3,2026
31689,2026-03-02 19:00:00.000,D17,LA MAISON A L'ENVERS,0.00,1.00,1.0,19,0,10,2,3,2026
31707,2026-03-02 20:00:00.000,D17,LA MAISON A L'ENVERS,0.00,1.00,1.0,20,0,10,2,3,2026
31725,2026-03-02 21:00:00.000,D17,LA MAISON A L'ENVERS,0.00,1.00,1.0,21,0,10,2,3,2026
31743,2026-03-02 22:00:00.000,D17,LA MAISON A L'ENVERS,0.00,1.00,1.0,22,0,10,2,3,2026
31761,2026-03-02 23:00:00.000,D17,LA MAISON A L'ENVERS,0.00,1.00,1.0,23,0,10,2,3,2026
31779,2026-03-03 00:00:00.000,D17,LA MAISON A L'ENVERS,0.00,1.00,1.0,0,0,10,3,3,2026
31797,2026-03-03 01:00:00.000,D17,LA MAISON A L'ENVERS,0.00,1.00,1.0,1,0,10,3,3,2026
31815,2026-03-03 02:00:00.000,D17,LA MAISON A L'ENVERS,0.00,1.00,1.0,2,0,10,3,3,2026
31833,2026-03-03 03:00:00.000,D17,LA MAISON A L'ENVERS,0.00,1.00,1.0,3,0,10,3,3,2026
31851,2026-03-03 04:00:00.000,D17,LA MAISON A L'ENVERS,0.00,1.00,1.0,4,0,10,3,3,2026
31869,2026-03-03 05:00:00.000,D17,LA MAISON A L'ENVERS,0.00,1.00,1.0,5,0,10,3,3,2026
31887,2026-03-03 06:00:00.000,D17,LA MAISON A L'ENVERS,0.00,1.00,1.0,6,0,10,3,3,2026
31905,2026-03-03 07:00:00.000,D17,LA MAISON A L'ENVERS,0.00,0.00,0.0,7,0,10,3,3,2026
31923,2026-03-03 08:00:00.000,D17,LA MAISON A L'ENVERS,0.00,0.00,0.0,8,0,10,3,3,2026
31941,2026-03-03 09:00:00.000,D17,LA MAISON A L'ENVERS,0.00,0.00,0.0,9,0,10,3,3,2026
31959,2026-03-03 10:00:00.000,D17,LA MAISON A L'ENVERS,0.00,0.00,0.0,10,0,10,3,3,2026
31977,2026-03-03 11:00:00.000,D17,LA MAISON A L'ENVERS,0.00,0.00,0.0,11,0,10,3,3,2026
31995,2026-03-03 12:00:00.000,D17,LA MAISON A L'ENVERS,0.00,0.95,0.95,12,0,10,3,3,2026
32013,2026-03-03 13:00:00.000,D17,LA MAISON A L'ENVERS,0.00,1.00,1.0,13,0,10,3,3,2026
32031,2026-03-03 14:00:00.000,D17,LA MAISON A L'ENVERS,0.00,1.00,1.0,14,0,10,3,3,2026
32049,2026-03-03 15:00:00.000,D17,LA MAISON A L'ENVERS,0.00,1.00,1.0,15,0,10,3,3,2026
32568,2026-03-03 16:00:00.000,D17,LA MAISON A L'ENVERS,0.00,1.00,1.0,16,0,10,3,3,2026
32586,2026-03-03 17:00:00.000,D17,LA MAISON A L'ENVERS,0.00,1.00,1.0,17,0,10,3,3,2026
32604,2026-03-03 18:00:00.000,D17,LA MAISON A L'ENVERS,0.00,1.00,1.0,18,0,10,3,3,2026
32622,2026-03-03 19:00:00.000,D17,LA MAISON A L'ENVERS,0.00,0.60,0.6,19,0,10,3,3,2026
32640,2026-03-03 20:00:00.000,D17,LA MAISON A L'ENVERS,0.00,0.00,0.0,20,0,10,3,3,2026
32658,2026-03-03 21:00:00.000,D17,LA MAISON A L'ENVERS,0.00,0.00,0.0,21,0,10,3,3,2026
32676,2026-03-03 22:00:00.000,D17,LA MAISON A L'ENVERS,0.00,0.00,0.0,22,0,10,3,3,2026
32694,2026-03-03 23:00:00.000,D17,LA MAISON A L'ENVERS,0.00,0.00,0.0,23,0,10,3,3,2026
32712,2026-03-04 00:00:00.000,D17,LA MAISON A L'ENVERS,0.00,0.00,0.0,0,0,10,4,3,2026
32730,2026-03-04 01:00:00.000,D17,LA MAISON A L'ENVERS,0.00,0.00,0.0,1,0,10,4,3,2026
32748,2026-03-04 02:00:00.000,D17,LA MAISON A L'ENVERS,0.00,0.00,0.0,2,0,10,4,3,2026
32766,2026-03-04 03:00:00.000,D17,LA MAISON A L'ENVERS,0.00,0.00,0.0,3,0,10,4,3,2026
32784,2026-03-04 04:00:00.000,D17,LA MAISON A L'ENVERS,0.00,0.00,0.0,4,0,10,4,3,2026
32802,2026-03-04 05:00:00.000,D17,LA MAISON A L'ENVERS,0.00,0.00,0.0,5,0,10,4,3,2026
32820,2026-03-04 06:00:00.000,D17,LA MAISON A L'ENVERS,0.00,0.00,0.0,6,0,10,4,3,2026
32838,2026-03-04 07:00:00.000,D17,LA MAISON A L'ENVERS,0.00,0.00,0.0,7,0,10,4,3,2026
32856,2026-03-04 08:00:00.000,D17,LA MAISON A L'ENVERS,0.00,0.00,0.0,8,0,10,4,3,2026
32874,2026-03-04 09:00:00.000,D17,LA MAISON A L'ENVERS,0.00,0.00,0.0,9,0,10,4,3,2026
32892,2026-03-04 10:00:00.000,D17,LA MAISON A L'ENVERS,0.00,0.00,0.0,10,0,10,4,3,2026
32910,2026-03-04 11:00:00.000,D17,LA MAISON A L'ENVERS,0.00,0.00,0.0,11,0,10,4,3,2026
32928,2026-03-04 12:00:00.000,D17,LA MAISON A L'ENVERS,0.00,0.90,0.9,12,0,10,4,3,2026
32946,2026-03-04 13:00:00.000,D17,LA MAISON A L'ENVERS,0.00,1.00,1.0,13,0,10,4,3,2026
32964,2026-03-04 14:00:00.000,D17,LA MAISON A L'ENVERS,0.00,1.00,1.0,14,0,10,4,3,2026
32982,2026-03-04 15:00:00.000,D17,LA MAISON A L'ENVERS,0.00,1.00,1.0,15,0,10,4,3,2026
33000,2026-03-04 16:00:00.000,D17,LA MAISON A L'ENVERS,0.00,1.00,1.0,16,0,10,4,3,2026
33018,2026-03-04 17:00:00.000,D17,LA MAISON A L'ENVERS,0.00,1.00,1.0,17,0,10,4,3,2026
33036,2026-03-04 18:00:00.000,D17,LA MAISON A L'ENVERS,0.00,1.00,1.0,18,0,10,4,3,2026
33054,2026-03-04 19:00:00.000,D17,LA MAISON A L'ENVERS,0.00,1.00,1.0,19,0,10,4,3,2026
33573,2026-03-04 20:00:00.000,D17,LA MAISON A L'ENVERS,0.00,0.25,0.25,20,0,10,4,3,2026
33591,2026-03-04 21:00:00.000,D17,LA MAISON A L'ENVERS,0.00,0.00,0.0,21,0,10,4,3,2026
33609,2026-03-04 22:00:00.000,D17,LA MAISON A L'ENVERS,0.00,0.00,0.0,22,0,10,4,3,2026
33627,2026-03-04 23:00:00.000,D17,LA MAISON A L'ENVERS,0.00,0.00,0.0,23,0,10,4,3,2026
33645,2026-03-05 00:00:00.000,D17,LA MAISON A L'ENVERS,0.00,0.00,0.0,0,0,10,5,3,2026
33663,2026-03-05 01:00:00.000,D17,LA MAISON A L'ENVERS,0.00,0.00,0.0,1,0,10,5,3,2026
33681,2026-03-05 02:00:00.000,D17,LA MAISON A L'ENVERS,0.00,0.00,0.0,2,0,10,5,3,2026
33699,2026-03-05 03:00:00.000,D17,LA MAISON A L'ENVERS,0.00,0.00,0.0,3,0,10,5,3,2026
33717,2026-03-05 04:00:00.000,D17,LA MAISON A L'ENVERS,0.00,0.00,0.0,4,0,10,5,3,2026
33735,2026-03-05 05:00:00.000,D17,LA MAISON A L'ENVERS,0.00,0.00,0.0,5,0,10,5,3,2026
33753,2026-03-05 06:00:00.000,D17,LA MAISON A L'ENVERS,0.00,0.00,0.0,6,0,10,5,3,2026
33771,2026-03-05 07:00:00.000,D17,LA MAISON A L'ENVERS,0.00,0.00,0.0,7,0,10,5,3,2026
33789,2026-03-05 08:00:00.000,D17,LA MAISON A L'ENVERS,0.00,0.00,0.0,8,0,10,5,3,2026
33807,2026-03-05 09:00:00.000,D17,LA MAISON A L'ENVERS,0.00,0.00,0.0,9,0,10,5,3,2026
33825,2026-03-05 10:00:00.000,D17,LA MAISON A L'ENVERS,0.00,0.00,0.0,10,0,10,5,3,2026
33843,2026-03-05 11:00:00.000,D17,LA MAISON A L'ENVERS,0.00,0.00,0.0,11,0,10,5,3,2026
33861,2026-03-05 12:00:00.000,D17,LA MAISON A L'ENVERS,0.00,0.50,0.5,12,0,10,5,3,2026
33879,2026-03-05 13:00:00.000,D17,LA MAISON A L'ENVERS,0.00,1.00,1.0,13,0,10,5,3,2026
33897,2026-03-05 14:00:00.000,D17,LA MAISON A L'ENVERS,0.00,1.00,1.0,14,0,10,5,3,2026
33915,2026-03-05 15:00:00.000,D17,LA MAISON A L'ENVERS,0.00,1.00,1.0,15,0,10,5,3,2026
33933,2026-03-05 16:00:00.000,D17,LA MAISON A L'ENVERS,0.00,1.00,1.0,16,0,10,5,3,2026
33951,2026-03-05 17:00:00.000,D17,LA MAISON A L'ENVERS,0.00,1.00,1.0,17,0,10,5,3,2026
33969,2026-03-05 18:00:00.000,D17,LA MAISON A L'ENVERS,0.00,1.00,1.0,18,0,10,5,3,2026
33987,2026-03-05 19:00:00.000,D17,LA MAISON A L'ENVERS,0.00,1.00,1.0,19,0,10,5,3,2026
34005,2026-03-05 20:00:00.000,D17,LA MAISON A L'ENVERS,0.00,1.00,1.0,20,0,10,5,3,2026
34023,2026-03-05 21:00:00.000,D17,LA MAISON A L'ENVERS,0.00,1.00,1.0,21,0,10,5,3,2026
34041,2026-03-05 22:00:00.000,D17,LA MAISON A L'ENVERS,0.00,1.00,1.0,22,0,10,5,3,2026
34059,2026-03-05 23:00:00.000,D17,LA MAISON A L'ENVERS,0.00,1.00,1.0,23,0,10,5,3,2026
34578,2026-03-06 00:00:00.000,D17,LA MAISON A L'ENVERS,0.00,1.00,1.0,0,0,10,6,3,2026
34596,2026-03-06 01:00:00.000,D17,LA MAISON A L'ENVERS,0.00,1.00,1.0,1,0,10,6,3,2026
34614,2026-03-06 02:00:00.000,D17,LA MAISON A L'ENVERS,0.00,1.00,1.0,2,0,10,6,3,2026
34632,2026-03-06 03:00:00.000,D17,LA MAISON A L'ENVERS,0.00,1.00,1.0,3,0,10,6,3,2026
34650,2026-03-06 04:00:00.000,D17,LA MAISON A L'ENVERS,0.00,1.00,1.0,4,0,10,6,3,2026
34668,2026-03-06 05:00:00.000,D17,LA MAISON A L'ENVERS,0.00,1.00,1.0,5,0,10,6,3,2026
34686,2026-03-06 06:00:00.000,D17,LA MAISON A L'ENVERS,0.00,1.00,1.0,6,0,10,6,3,2026
34704,2026-03-06 07:00:00.000,D17,LA MAISON A L'ENVERS,0.00,0.00,0.0,7,0,10,6,3,2026
34722,2026-03-06 08:00:00.000,D17,LA MAISON A L'ENVERS,0.00,0.00,0.0,8,0,10,6,3,2026
34740,2026-03-06 09:00:00.000,D17,LA MAISON A L'ENVERS,0.00,0.00,0.0,9,0,10,6,3,2026
34758,2026-03-06 10:00:00.000,D17,LA MAISON A L'ENVERS,0.00,0.00,0.0,10,0,10,6,3,2026
34776,2026-03-06 11:00:00.000,D17,LA MAISON A L'ENVERS,0.00,0.00,0.0,11,0,10,6,3,2026
34794,2026-03-06 12:00:00.000,D17,LA MAISON A L'ENVERS,0.00,0.90,0.9,12,0,10,6,3,2026
34812,2026-03-06 13:00:00.000,D17,LA MAISON A L'ENVERS,0.00,1.00,1.0,13,0,10,6,3,2026
34830,2026-03-06 14:00:00.000,D17,LA MAISON A L'ENVERS,0.00,1.00,1.0,14,0,10,6,3,2026
34848,2026-03-06 15:00:00.000,D17,LA MAISON A L'ENVERS,0.00,1.00,1.0,15,0,10,6,3,2026
34866,2026-03-06 16:00:00.000,D17,LA MAISON A L'ENVERS,0.00,1.00,1.0,16,0,10,6,3,2026
34884,2026-03-06 17:00:00.000,D17,LA MAISON A L'ENVERS,0.00,1.00,1.0,17,0,10,6,3,2026
34902,2026-03-06 18:00:00.000,D17,LA MAISON A L'ENVERS,0.00,1.00,1.0,18,0,10,6,3,2026
34920,2026-03-06 19:00:00.000,D17,LA MAISON A L'ENVERS,0.00,0.10,0.1,19,0,10,6,3,2026
34938,2026-03-06 20:00:00.000,D17,LA MAISON A L'ENVERS,0.00,0.00,0.0,20,0,10,6,3,2026
34956,2026-03-06 21:00:00.000,D17,LA MAISON A L'ENVERS,0.00,0.00,0.0,21,0,10,6,3,2026
34974,2026-03-06 22:00:00.000,D17,LA MAISON A L'ENVERS,0.00,0.00,0.0,22,0,10,6,3,2026
34992,2026-03-06 23:00:00.000,D17,LA MAISON A L'ENVERS,0.00,0.00,0.0,23,0,10,6,3,2026
35010,2026-03-07 00:00:00.000,D17,LA MAISON A L'ENVERS,0.00,0.00,0.0,0,0,10,7,3,2026
35028,2026-03-07 01:00:00.000,D17,LA MAISON A L'ENVERS,0.00,0.00,0.0,1,0,10,7,3,2026
35046,2026-03-07 02:00:00.000,D17,LA MAISON A L'ENVERS,0.00,0.00,0.0,2,0,10,7,3,2026
35064,2026-03-07 03:00:00.000,D17,LA MAISON A L'ENVERS,0.00,0.00,0.0,3,0,10,7,3,2026
35583,2026-03-07 04:00:00.000,D17,LA MAISON A L'ENVERS,0.00,0.00,0.0,4,0,10,7,3,2026
35601,2026-03-07 05:00:00.000,D17,LA MAISON A L'ENVERS,0.00,0.00,0.0,5,0,10,7,3,2026
35619,2026-03-07 06:00:00.000,D17,LA MAISON A L'ENVERS,0.00,0.00,0.0,6,0,10,7,3,2026
35637,2026-03-07 07:00:00.000,D17,LA MAISON A L'ENVERS,0.00,0.00,0.0,7,0,10,7,3,2026
35655,2026-03-07 08:00:00.000,D17,LA MAISON A L'ENVERS,0.00,0.00,0.0,8,0,10,7,3,2026
35673,2026-03-07 09:00:00.000,D17,LA MAISON A L'ENVERS,0.00,0.00,0.0,9,0,10,7,3,2026
35691,2026-03-07 10:00:00.000,D17,LA MAISON A L'ENVERS,0.00,0.00,0.0,10,0,10,7,3,2026
35709,2026-03-07 11:00:00.000,D17,LA MAISON A L'ENVERS,0.00,0.40,0.4,11,0,10,7,3,2026
35727,2026-03-07 12:00:00.000,D17,LA MAISON A L'ENVERS,0.00,1.00,1.0,12,0,10,7,3,2026
35745,2026-03-07 13:00:00.000,D17,LA MAISON A L'ENVERS,0.00,1.00,1.0,13,0,10,7,3,2026
35763,2026-03-07 14:00:00.000,D17,LA MAISON A L'ENVERS,0.00,1.00,1.0,14,0,10,7,3,2026
35781,2026-03-07 15:00:00.000,D17,LA MAISON A L'ENVERS,0.00,1.00,1.0,15,0,10,7,3,2026
35799,2026-03-07 16:00:00.000,D17,LA MAISON A L'ENVERS,0.00,1.00,1.0,16,0,10,7,3,2026
35817,2026-03-07 17:00:00.000,D17,LA MAISON A L'ENVERS,0.00,1.00,1.0,17,0,10,7,3,2026
35835,2026-03-07 18:00:00.000,D17,LA MAISON A L'ENVERS,0.00,1.00,1.0,18,0,10,7,3,2026
35853,2026-03-07 19:00:00.000,D17,LA MAISON A L'ENVERS,0.00,0.05,0.05,19,0,10,7,3,2026
35871,2026-03-07 20:00:00.000,D17,LA MAISON A L'ENVERS,0.00,0.00,0.0,20,0,10,7,3,2026
35889,2026-03-07 21:00:00.000,D17,LA MAISON A L'ENVERS,0.00,0.00,0.0,21,0,10,7,3,2026
35907,2026-03-07 22:00:00.000,D17,LA MAISON A L'ENVERS,0.00,0.00,0.0,22,0,10,7,3,2026
35925,2026-03-07 23:00:00.000,D17,LA MAISON A L'ENVERS,0.00,0.00,0.0,23,0,10,7,3,2026
35943,2026-03-08 00:00:00.000,D17,LA MAISON A L'ENVERS,0.00,0.00,0.0,0,0,11,8,3,2026
35961,2026-03-08 01:00:00.000,D17,LA MAISON A L'ENVERS,0.00,0.00,0.0,1,0,11,8,3,2026
35979,2026-03-08 02:00:00.000,D17,LA MAISON A L'ENVERS,0.00,0.00,0.0,2,0,11,8,3,2026
35997,2026-03-08 03:00:00.000,D17,LA MAISON A L'ENVERS,0.00,0.00,0.0,3,0,11,8,3,2026
36015,2026-03-08 04:00:00.000,D17,LA MAISON A L'ENVERS,0.00,0.00,0.0,4,0,11,8,3,2026
36033,2026-03-08 05:00:00.000,D17,LA MAISON A L'ENVERS,0.00,0.00,0.0,5,0,11,8,3,2026
36051,2026-03-08 06:00:00.000,D17,LA MAISON A L'ENVERS,0.00,0.00,0.0,6,0,11,8,3,2026
36069,2026-03-08 07:00:00.000,D17,LA MAISON A L'ENVERS,0.00,0.00,0.0,7,0,11,8,3,2026
36588,2026-03-08 08:00:00.000,D17,LA MAISON A L'ENVERS,0.00,0.00,0.0,8,0,11,8,3,2026
36606,2026-03-08 09:00:00.000,D17,LA MAISON A L'ENVERS,0.00,0.00,0.0,9,0,11,8,3,2026
36624,2026-03-08 10:00:00.000,D17,LA MAISON A L'ENVERS,0.00,0.00,0.0,10,0,11,8,3,2026
36642,2026-03-08 11:00:00.000,D17,LA MAISON A L'ENVERS,0.00,0.00,0.0,11,0,11,8,3,2026
36660,2026-03-08 12:00:00.000,D17,LA MAISON A L'ENVERS,0.00,0.65,0.65,12,0,11,8,3,2026
36678,2026-03-08 13:00:00.000,D17,LA MAISON A L'ENVERS,0.00,1.00,1.0,13,0,11,8,3,2026
36696,2026-03-08 14:00:00.000,D17,LA MAISON A L'ENVERS,0.00,1.00,1.0,14,0,11,8,3,2026
36714,2026-03-08 15:00:00.000,D17,LA MAISON A L'ENVERS,0.00,1.00,1.0,15,0,11,8,3,2026
36732,2026-03-08 16:00:00.000,D17,LA MAISON A L'ENVERS,0.00,1.00,1.0,16,0,11,8,3,2026
36750,2026-03-08 17:00:00.000,D17,LA MAISON A L'ENVERS,0.00,1.00,1.0,17,0,11,8,3,2026
36768,2026-03-08 18:00:00.000,D17,LA MAISON A L'ENVERS,0.00,0.25,0.25,18,0,11,8,3,2026
36786,2026-03-08 19:00:00.000,D17,LA MAISON A L'ENVERS,0.00,0.00,0.0,19,0,11,8,3,2026
36804,2026-03-08 20:00:00.000,D17,LA MAISON A L'ENVERS,0.00,0.00,0.0,20,0,11,8,3,2026
36822,2026-03-08 21:00:00.000,D17,LA MAISON A L'ENVERS,0.00,0.00,0.0,21,0,11,8,3,2026
36840,2026-03-08 22:00:00.000,D17,LA MAISON A L'ENVERS,0.00,0.00,0.0,22,0,11,8,3,2026
36858,2026-03-08 23:00:00.000,D17,LA MAISON A L'ENVERS,0.00,0.00,0.0,23,0,11,8,3,2026
36876,2026-03-09 00:00:00.000,D17,LA MAISON A L'ENVERS,0.00,0.00,0.0,0,0,11,9,3,2026
36894,2026-03-09 01:00:00.000,D17,LA MAISON A L'ENVERS,0.00,0.00,0.0,1,0,11,9,3,2026
36912,2026-03-09 02:00:00.000,D17,LA MAISON A L'ENVERS,0.00,0.00,0.0,2,0,11,9,3,2026
36930,2026-03-09 03:00:00.000,D17,LA MAISON A L'ENVERS,0.00,0.00,0.0,3,0,11,9,3,2026
36948,2026-03-09 04:00:00.000,D17,LA MAISON A L'ENVERS,0.00,0.00,0.0,4,0,11,9,3,2026
36966,2026-03-09 05:00:00.000,D17,LA MAISON A L'ENVERS,0.00,0.00,0.0,5,0,11,9,3,2026
36984,2026-03-09 06:00:00.000,D17,LA MAISON A L'ENVERS,0.00,0.00,0.0,6,0,11,9,3,2026
37002,2026-03-09 07:00:00.000,D17,LA MAISON A L'ENVERS,0.00,0.00,0.0,7,0,11,9,3,2026
37019,2026-03-09 08:00:00.000,D17,LA MAISON A L'ENVERS,0.00,0.00,0.0,8,0,11,9,3,2026
37036,2026-03-09 09:00:00.000,D17,LA MAISON A L'ENVERS,0.00,0.00,0.0,9,0,11,9,3,2026
37053,2026-03-09 10:00:00.000,D17,LA MAISON A L'ENVERS,0.00,0.00,0.0,10,0,11,9,3,2026
37070,2026-03-09 11:00:00.000,D17,LA MAISON A L'ENVERS,0.00,0.00,0.0,11,0,11,9,3,2026
37588,2026-03-09 12:00:00.000,D17,LA MAISON A L'ENVERS,0.00,0.00,0.0,12,0,11,9,3,2026
37605,2026-03-09 13:00:00.000,D17,LA MAISON A L'ENVERS,0.00,0.00,0.0,13,0,11,9,3,2026
37622,2026-03-09 14:00:00.000,D17,LA MAISON A L'ENVERS,0.00,0.00,0.0,14,0,11,9,3,2026
37639,2026-03-09 15:00:00.000,D17,LA MAISON A L'ENVERS,0.00,0.00,0.0,15,0,11,9,3,2026
37656,2026-03-09 16:00:00.000,D17,LA MAISON A L'ENVERS,0.00,0.00,0.0,16,0,11,9,3,2026
37673,2026-03-09 17:00:00.000,D17,LA MAISON A L'ENVERS,0.00,0.00,0.0,17,0,11,9,3,2026
37690,2026-03-09 18:00:00.000,D17,LA MAISON A L'ENVERS,0.00,0.00,0.0,18,0,11,9,3,2026
37707,2026-03-09 19:00:00.000,D17,LA MAISON A L'ENVERS,0.00,0.00,0.0,19,0,11,9,3,2026
37724,2026-03-09 20:00:00.000,D17,LA MAISON A L'ENVERS,0.00,0.00,0.0,20,0,11,9,3,2026
37741,2026-03-09 21:00:00.000,D17,LA MAISON A L'ENVERS,0.00,0.00,0.0,21,0,11,9,3,2026
37758,2026-03-09 22:00:00.000,D17,LA MAISON A L'ENVERS,0.00,0.00,0.0,22,0,11,9,3,2026
37775,2026-03-09 23:00:00.000,D17,LA MAISON A L'ENVERS,0.00,0.00,0.0,23,0,11,9,3,2026
37792,2026-03-10 00:00:00.000,D17,LA MAISON A L'ENVERS,0.00,0.00,0.0,0,0,11,10,3,2026
37809,2026-03-10 01:00:00.000,D17,LA MAISON A L'ENVERS,0.00,0.00,0.0,1,0,11,10,3,2026
37826,2026-03-10 02:00:00.000,D17,LA MAISON A L'ENVERS,0.00,0.00,0.0,2,0,11,10,3,2026
37843,2026-03-10 03:00:00.000,D17,LA MAISON A L'ENVERS,0.00,0.00,0.0,3,0,11,10,3,2026
37860,2026-03-10 04:00:00.000,D17,LA MAISON A L'ENVERS,0.00,0.00,0.0,4,0,11,10,3,2026
37877,2026-03-10 05:00:00.000,D17,LA MAISON A L'ENVERS,0.00,0.00,0.0,5,0,11,10,3,2026
37894,2026-03-10 06:00:00.000,D17,LA MAISON A L'ENVERS,0.00,0.00,0.0,6,0,11,10,3,2026
37911,2026-03-10 07:00:00.000,D17,LA MAISON A L'ENVERS,0.00,0.00,0.0,7,0,11,10,3,2026
37928,2026-03-10 08:00:00.000,D17,LA MAISON A L'ENVERS,0.00,0.00,0.0,8,0,11,10,3,2026
37945,2026-03-10 09:00:00.000,D17,LA MAISON A L'ENVERS,0.00,0.00,0.0,9,0,11,10,3,2026
37962,2026-03-10 10:00:00.000,D17,LA MAISON A L'ENVERS,0.00,0.00,0.0,10,0,11,10,3,2026
37979,2026-03-10 11:00:00.000,D17,LA MAISON A L'ENVERS,0.00,0.00,0.0,11,0,11,10,3,2026
37996,2026-03-10 12:00:00.000,D17,LA MAISON A L'ENVERS,0.00,0.00,0.0,12,0,11,10,3,2026
38013,2026-03-10 13:00:00.000,D17,LA MAISON A L'ENVERS,0.00,0.00,0.0,13,0,11,10,3,2026
38030,2026-03-10 14:00:00.000,D17,LA MAISON A L'ENVERS,0.00,0.55,0.55,14,0,11,10,3,2026
38047,2026-03-10 15:00:00.000,D17,LA MAISON A L'ENVERS,0.00,1.00,1.0,15,0,11,10,3,2026
38064,2026-03-10 16:00:00.000,D17,LA MAISON A L'ENVERS,0.00,1.00,1.0,16,0,11,10,3,2026
38582,2026-03-10 17:00:00.000,D17,LA MAISON A L'ENVERS,0.00,1.00,1.0,17,0,11,10,3,2026
38599,2026-03-10 18:00:00.000,D17,LA MAISON A L'ENVERS,0.00,1.00,1.0,18,0,11,10,3,2026
38616,2026-03-10 19:00:00.000,D17,LA MAISON A L'ENVERS,0.00,1.00,1.0,19,0,11,10,3,2026
38633,2026-03-10 20:00:00.000,D17,LA MAISON A L'ENVERS,0.00,1.00,1.0,20,0,11,10,3,2026
38650,2026-03-10 21:00:00.000,D17,LA MAISON A L'ENVERS,0.00,1.00,1.0,21,0,11,10,3,2026
38667,2026-03-10 22:00:00.000,D17,LA MAISON A L'ENVERS,0.00,1.00,1.0,22,0,11,10,3,2026
38684,2026-03-10 23:00:00.000,D17,LA MAISON A L'ENVERS,0.00,1.00,1.0,23,0,11,10,3,2026
38701,2026-03-11 00:00:00.000,D17,LA MAISON A L'ENVERS,0.00,1.00,1.0,0,0,11,11,3,2026
38718,2026-03-11 01:00:00.000,D17,LA MAISON A L'ENVERS,0.00,1.00,1.0,1,0,11,11,3,2026
38735,2026-03-11 02:00:00.000,D17,LA MAISON A L'ENVERS,0.00,1.00,1.0,2,0,11,11,3,2026
38752,2026-03-11 03:00:00.000,D17,LA MAISON A L'ENVERS,0.00,1.00,1.0,3,0,11,11,3,2026
38769,2026-03-11 04:00:00.000,D17,LA MAISON A L'ENVERS,0.00,1.00,1.0,4,0,11,11,3,2026
38786,2026-03-11 05:00:00.000,D17,LA MAISON A L'ENVERS,0.00,1.00,1.0,5,0,11,11,3,2026
38803,2026-03-11 06:00:00.000,D17,LA MAISON A L'ENVERS,0.00,1.00,1.0,6,0,11,11,3,2026
38820,2026-03-11 07:00:00.000,D17,LA MAISON A L'ENVERS,0.00,0.00,0.0,7,0,11,11,3,2026
38837,2026-03-11 08:00:00.000,D17,LA MAISON A L'ENVERS,0.00,0.00,0.0,8,0,11,11,3,2026
38854,2026-03-11 09:00:00.000,D17,LA MAISON A L'ENVERS,0.00,0.00,0.0,9,0,11,11,3,2026
38871,2026-03-11 10:00:00.000,D17,LA MAISON A L'ENVERS,0.00,0.00,0.0,10,0,11,11,3,2026
38888,2026-03-11 11:00:00.000,D17,LA MAISON A L'ENVERS,0.00,0.00,0.0,11,0,11,11,3,2026
38905,2026-03-11 12:00:00.000,D17,LA MAISON A L'ENVERS,0.00,0.00,0.0,12,0,11,11,3,2026
38922,2026-03-11 13:00:00.000,D17,LA MAISON A L'ENVERS,0.00,0.05,0.05,13,0,11,11,3,2026
38939,2026-03-11 14:00:00.000,D17,LA MAISON A L'ENVERS,0.00,0.70,0.7,14,0,11,11,3,2026
38956,2026-03-11 15:00:00.000,D17,LA MAISON A L'ENVERS,0.00,1.00,1.0,15,0,11,11,3,2026
38973,2026-03-11 16:00:00.000,D17,LA MAISON A L'ENVERS,0.00,1.00,1.0,16,0,11,11,3,2026
38990,2026-03-11 17:00:00.000,D17,LA MAISON A L'ENVERS,0.00,1.00,1.0,17,0,11,11,3,2026
39007,2026-03-11 18:00:00.000,D17,LA MAISON A L'ENVERS,0.00,1.00,1.0,18,0,11,11,3,2026
39024,2026-03-11 19:00:00.000,D17,LA MAISON A L'ENVERS,0.00,1.00,1.0,19,0,11,11,3,2026
39041,2026-03-11 20:00:00.000,D17,LA MAISON A L'ENVERS,0.00,1.00,1.0,20,0,11,11,3,2026
39058,2026-03-11 21:00:00.000,D17,LA MAISON A L'ENVERS,0.00,1.00,1.0,21,0,11,11,3,2026
39075,2026-03-11 22:00:00.000,D17,LA MAISON A L'ENVERS,0.00,1.00,1.0,22,0,11,11,3,2026
39593,2026-03-11 23:00:00.000,D17,LA MAISON A L'ENVERS,0.00,1.00,1.0,23,0,11,11,3,2026
39610,2026-03-12 00:00:00.000,D17,LA MAISON A L'ENVERS,0.00,1.00,1.0,0,0,11,12,3,2026
39627,2026-03-12 01:00:00.000,D17,LA MAISON A L'ENVERS,0.00,1.00,1.0,1,0,11,12,3,2026
39644,2026-03-12 02:00:00.000,D17,LA MAISON A L'ENVERS,0.00,1.00,1.0,2,0,11,12,3,2026
39661,2026-03-12 03:00:00.000,D17,LA MAISON A L'ENVERS,0.00,1.00,1.0,3,0,11,12,3,2026
39678,2026-03-12 04:00:00.000,D17,LA MAISON A L'ENVERS,0.00,1.00,1.0,4,0,11,12,3,2026
39695,2026-03-12 05:00:00.000,D17,LA MAISON A L'ENVERS,0.00,1.00,1.0,5,0,11,12,3,2026
39712,2026-03-12 06:00:00.000,D17,LA MAISON A L'ENVERS,0.00,1.00,1.0,6,0,11,12,3,2026
39729,2026-03-12 07:00:00.000,D17,LA MAISON A L'ENVERS,0.00,0.00,0.0,7,0,11,12,3,2026
39746,2026-03-12 08:00:00.000,D17,LA MAISON A L'ENVERS,0.00,0.00,0.0,8,0,11,12,3,2026
39763,2026-03-12 09:00:00.000,D17,LA MAISON A L'ENVERS,0.00,0.00,0.0,9,0,11,12,3,2026
39780,2026-03-12 10:00:00.000,D17,LA MAISON A L'ENVERS,0.00,0.00,0.0,10,0,11,12,3,2026
39797,2026-03-12 11:00:00.000,D17,LA MAISON A L'ENVERS,0.00,0.00,0.0,11,0,11,12,3,2026
39814,2026-03-12 12:00:00.000,D17,LA MAISON A L'ENVERS,0.00,0.00,0.0,12,0,11,12,3,2026
39831,2026-03-12 13:00:00.000,D17,LA MAISON A L'ENVERS,0.00,0.00,0.0,13,0,11,12,3,2026
39848,2026-03-12 14:00:00.000,D17,LA MAISON A L'ENVERS,0.00,0.00,0.0,14,0,11,12,3,2026
39865,2026-03-12 15:00:00.000,D17,LA MAISON A L'ENVERS,0.00,0.00,0.0,15,0,11,12,3,2026
39882,2026-03-12 16:00:00.000,D17,LA MAISON A L'ENVERS,0.00,0.00,0.0,16,0,11,12,3,2026
39899,2026-03-12 17:00:00.000,D17,LA MAISON A L'ENVERS,0.00,0.00,0.0,17,0,11,12,3,2026
39916,2026-03-12 18:00:00.000,D17,LA MAISON A L'ENVERS,0.00,0.60,0.6,18,0,11,12,3,2026
39933,2026-03-12 19:00:00.000,D17,LA MAISON A L'ENVERS,0.00,1.00,1.0,19,0,11,12,3,2026
39950,2026-03-12 20:00:00.000,D17,LA MAISON A L'ENVERS,0.00,1.00,1.0,20,0,11,12,3,2026
39967,2026-03-12 21:00:00.000,D17,LA MAISON A L'ENVERS,0.00,1.00,1.0,21,0,11,12,3,2026
39984,2026-03-12 22:00:00.000,D17,LA MAISON A L'ENVERS,0.00,1.00,1.0,22,0,11,12,3,2026
40001,2026-03-12 23:00:00.000,D17,LA MAISON A L'ENVERS,0.00,1.00,1.0,23,0,11,12,3,2026
40018,2026-03-13 00:00:00.000,D17,LA MAISON A L'ENVERS,0.00,1.00,1.0,0,0,11,13,3,2026
40035,2026-03-13 01:00:00.000,D17,LA MAISON A L'ENVERS,0.00,1.00,1.0,1,0,11,13,3,2026
40052,2026-03-13 02:00:00.000,D17,LA MAISON A L'ENVERS,0.00,1.00,1.0,2,0,11,13,3,2026
40069,2026-03-13 03:00:00.000,D17,LA MAISON A L'ENVERS,0.00,1.00,1.0,3,0,11,13,3,2026
40587,2026-03-13 04:00:00.000,D17,LA MAISON A L'ENVERS,0.00,1.00,1.0,4,0,11,13,3,2026
40604,2026-03-13 05:00:00.000,D17,LA MAISON A L'ENVERS,0.00,1.00,1.0,5,0,11,13,3,2026
40621,2026-03-13 06:00:00.000,D17,LA MAISON A L'ENVERS,0.00,1.00,1.0,6,0,11,13,3,2026
40638,2026-03-13 07:00:00.000,D17,LA MAISON A L'ENVERS,0.00,0.00,0.0,7,0,11,13,3,2026
40655,2026-03-13 08:00:00.000,D17,LA MAISON A L'ENVERS,0.00,0.00,0.0,8,0,11,13,3,2026
40672,2026-03-13 09:00:00.000,D17,LA MAISON A L'ENVERS,0.00,0.00,0.0,9,0,11,13,3,2026
40689,2026-03-13 10:00:00.000,D17,LA MAISON A L'ENVERS,0.00,0.00,0.0,10,0,11,13,3,2026
40706,2026-03-13 11:00:00.000,D17,LA MAISON A L'ENVERS,0.00,0.00,0.0,11,0,11,13,3,2026
40723,2026-03-13 12:00:00.000,D17,LA MAISON A L'ENVERS,0.00,0.00,0.0,12,0,11,13,3,2026
40740,2026-03-13 13:00:00.000,D17,LA MAISON A L'ENVERS,0.00,0.00,0.0,13,0,11,13,3,2026
40757,2026-03-13 14:00:00.000,D17,LA MAISON A L'ENVERS,0.00,0.00,0.0,14,0,11,13,3,2026
40774,2026-03-13 15:00:00.000,D17,LA MAISON A L'ENVERS,0.00,0.00,0.0,15,0,11,13,3,2026
40791,2026-03-13 16:00:00.000,D17,LA MAISON A L'ENVERS,0.00,0.00,0.0,16,0,11,13,3,2026
40808,2026-03-13 17:00:00.000,D17,LA MAISON A L'ENVERS,0.00,0.00,0.0,17,0,11,13,3,2026
40825,2026-03-13 18:00:00.000,D17,LA MAISON A L'ENVERS,0.00,0.00,0.0,18,0,11,13,3,2026
40842,2026-03-13 19:00:00.000,D17,LA MAISON A L'ENVERS,0.00,0.00,0.0,19,0,11,13,3,2026
40859,2026-03-13 20:00:00.000,D17,LA MAISON A L'ENVERS,0.00,0.00,0.0,20,0,11,13,3,2026
40876,2026-03-13 21:00:00.000,D17,LA MAISON A L'ENVERS,0.00,0.00,0.0,21,0,11,13,3,2026
40893,2026-03-13 22:00:00.000,D17,LA MAISON A L'ENVERS,0.00,0.00,0.0,22,0,11,13,3,2026
40910,2026-03-13 23:00:00.000,D17,LA MAISON A L'ENVERS,0.00,0.00,0.0,23,0,11,13,3,2026
40927,2026-03-14 00:00:00.000,D17,LA MAISON A L'ENVERS,0.00,0.00,0.0,0,0,11,14,3,2026
40944,2026-03-14 01:00:00.000,D17,LA MAISON A L'ENVERS,0.00,0.00,0.0,1,0,11,14,3,2026
40961,2026-03-14 02:00:00.000,D17,LA MAISON A L'ENVERS,0.00,0.00,0.0,2,0,11,14,3,2026
40978,2026-03-14 03:00:00.000,D17,LA MAISON A L'ENVERS,0.00,0.00,0.0,3,0,11,14,3,2026
40995,2026-03-14 04:00:00.000,D17,LA MAISON A L'ENVERS,0.00,0.00,0.0,4,0,11,14,3,2026
41012,2026-03-14 05:00:00.000,D17,LA MAISON A L'ENVERS,0.00,0.00,0.0,5,0,11,14,3,2026
41029,2026-03-14 06:00:00.000,D17,LA MAISON A L'ENVERS,0.00,0.00,0.0,6,0,11,14,3,2026
41047,2026-03-14 07:00:00.000,D17,LA MAISON A L'ENVERS,0.00,0.00,0.0,7,0,11,14,3,2026
41066,2026-03-14 08:00:00.000,D17,LA MAISON A L'ENVERS,0.00,0.00,0.0,8,0,11,14,3,2026
41586,2026-03-14 09:00:00.000,D17,LA MAISON A L'ENVERS,0.00,0.00,0.0,9,0,11,14,3,2026
41605,2026-03-14 10:00:00.000,D17,LA MAISON A L'ENVERS,0.00,0.00,0.0,10,0,11,14,3,2026
41624,2026-03-14 11:00:00.000,D17,LA MAISON A L'ENVERS,0.00,0.90,0.9,11,0,11,14,3,2026
41643,2026-03-14 12:00:00.000,D17,LA MAISON A L'ENVERS,0.00,1.00,1.0,12,0,11,14,3,2026
41662,2026-03-14 13:00:00.000,D17,LA MAISON A L'ENVERS,0.00,1.00,1.0,13,0,11,14,3,2026
41681,2026-03-14 14:00:00.000,D17,LA MAISON A L'ENVERS,0.00,1.00,1.0,14,0,11,14,3,2026
41700,2026-03-14 15:00:00.000,D17,LA MAISON A L'ENVERS,0.00,1.00,1.0,15,0,11,14,3,2026
41719,2026-03-14 16:00:00.000,D17,LA MAISON A L'ENVERS,0.00,1.00,1.0,16,0,11,14,3,2026
41738,2026-03-14 17:00:00.000,D17,LA MAISON A L'ENVERS,0.00,1.00,1.0,17,0,11,14,3,2026
41757,2026-03-14 18:00:00.000,D17,LA MAISON A L'ENVERS,0.00,1.00,1.0,18,0,11,14,3,2026
41776,2026-03-14 19:00:00.000,D17,LA MAISON A L'ENVERS,0.00,1.00,1.0,19,0,11,14,3,2026
41795,2026-03-14 20:00:00.000,D17,LA MAISON A L'ENVERS,0.00,0.50,0.5,20,0,11,14,3,2026
41814,2026-03-14 21:00:00.000,D17,LA MAISON A L'ENVERS,0.00,0.00,0.0,21,0,11,14,3,2026
41833,2026-03-14 22:00:00.000,D17,LA MAISON A L'ENVERS,0.00,0.00,0.0,22,0,11,14,3,2026
41852,2026-03-14 23:00:00.000,D17,LA MAISON A L'ENVERS,0.00,0.00,0.0,23,0,11,14,3,2026
41871,2026-03-15 00:00:00.000,D17,LA MAISON A L'ENVERS,0.00,0.00,0.0,0,0,12,15,3,2026
41890,2026-03-15 01:00:00.000,D17,LA MAISON A L'ENVERS,0.00,0.00,0.0,1,0,12,15,3,2026
41909,2026-03-15 02:00:00.000,D17,LA MAISON A L'ENVERS,0.00,0.00,0.0,2,0,12,15,3,2026
41928,2026-03-15 03:00:00.000,D17,LA MAISON A L'ENVERS,0.00,0.00,0.0,3,0,12,15,3,2026
41947,2026-03-15 04:00:00.000,D17,LA MAISON A L'ENVERS,0.00,0.00,0.0,4,0,12,15,3,2026
41966,2026-03-15 05:00:00.000,D17,LA MAISON A L'ENVERS,0.00,0.00,0.0,5,0,12,15,3,2026
41985,2026-03-15 06:00:00.000,D17,LA MAISON A L'ENVERS,0.00,0.00,0.0,6,0,12,15,3,2026
42003,2026-03-15 07:00:00.000,D17,LA MAISON A L'ENVERS,0.00,0.00,0.0,7,0,12,15,3,2026
42021,2026-03-15 08:00:00.000,D17,LA MAISON A L'ENVERS,0.00,0.00,0.0,8,0,12,15,3,2026
42039,2026-03-15 09:00:00.000,D17,LA MAISON A L'ENVERS,0.00,0.00,0.0,9,0,12,15,3,2026
42057,2026-03-15 10:00:00.000,D17,LA MAISON A L'ENVERS,0.00,0.05,0.05,10,0,12,15,3,2026
42075,2026-03-15 11:00:00.000,D17,LA MAISON A L'ENVERS,0.00,1.00,1.0,11,0,12,15,3,2026
42594,2026-03-15 12:00:00.000,D17,LA MAISON A L'ENVERS,0.00,1.00,1.0,12,0,12,15,3,2026
42612,2026-03-15 13:00:00.000,D17,LA MAISON A L'ENVERS,0.00,1.00,1.0,13,0,12,15,3,2026
42630,2026-03-15 14:00:00.000,D17,LA MAISON A L'ENVERS,0.00,1.00,1.0,14,0,12,15,3,2026
42648,2026-03-15 15:00:00.000,D17,LA MAISON A L'ENVERS,0.00,1.00,1.0,15,0,12,15,3,2026
42666,2026-03-15 16:00:00.000,D17,LA MAISON A L'ENVERS,0.00,1.00,1.0,16,0,12,15,3,2026
42684,2026-03-15 17:00:00.000,D17,LA MAISON A L'ENVERS,0.00,1.00,1.0,17,0,12,15,3,2026
42702,2026-03-15 18:00:00.000,D17,LA MAISON A L'ENVERS,0.00,1.00,1.0,18,0,12,15,3,2026
42720,2026-03-15 19:00:00.000,D17,LA MAISON A L'ENVERS,0.00,0.55,0.55,19,0,12,15,3,2026
42738,2026-03-15 20:00:00.000,D17,LA MAISON A L'ENVERS,0.00,0.00,0.0,20,0,12,15,3,2026
42756,2026-03-15 21:00:00.000,D17,LA MAISON A L'ENVERS,0.00,0.00,0.0,21,0,12,15,3,2026
42774,2026-03-15 22:00:00.000,D17,LA MAISON A L'ENVERS,0.00,0.00,0.0,22,0,12,15,3,2026
42792,2026-03-15 23:00:00.000,D17,LA MAISON A L'ENVERS,0.00,0.00,0.0,23,0,12,15,3,2026
42810,2026-03-16 00:00:00.000,D17,LA MAISON A L'ENVERS,0.00,0.00,0.0,0,0,12,16,3,2026
42828,2026-03-16 01:00:00.000,D17,LA MAISON A L'ENVERS,0.00,0.00,0.0,1,0,12,16,3,2026
42846,2026-03-16 02:00:00.000,D17,LA MAISON A L'ENVERS,0.00,0.00,0.0,2,0,12,16,3,2026
42864,2026-03-16 03:00:00.000,D17,LA MAISON A L'ENVERS,0.00,0.00,0.0,3,0,12,16,3,2026
42882,2026-03-16 04:00:00.000,D17,LA MAISON A L'ENVERS,0.00,0.00,0.0,4,0,12,16,3,2026
42900,2026-03-16 05:00:00.000,D17,LA MAISON A L'ENVERS,0.00,0.00,0.0,5,0,12,16,3,2026
42918,2026-03-16 06:00:00.000,D17,LA MAISON A L'ENVERS,0.00,0.00,0.0,6,0,12,16,3,2026
42936,2026-03-16 07:00:00.000,D17,LA MAISON A L'ENVERS,0.00,0.00,0.0,7,0,12,16,3,2026
42953,2026-03-16 08:00:00.000,D17,LA MAISON A L'ENVERS,0.00,0.00,0.0,8,0,12,16,3,2026
42970,2026-03-16 09:00:00.000,D17,LA MAISON A L'ENVERS,0.00,0.00,0.0,9,0,12,16,3,2026
42987,2026-03-16 10:00:00.000,D17,LA MAISON A L'ENVERS,0.00,0.00,0.0,10,0,12,16,3,2026
43004,2026-03-16 11:00:00.000,D17,LA MAISON A L'ENVERS,0.00,0.00,0.0,11,0,12,16,3,2026
43021,2026-03-16 12:00:00.000,D17,LA MAISON A L'ENVERS,0.00,0.00,0.0,12,0,12,16,3,2026
43038,2026-03-16 13:00:00.000,D17,LA MAISON A L'ENVERS,0.00,0.10,0.1,13,0,12,16,3,2026
43055,2026-03-16 14:00:00.000,D17,LA MAISON A L'ENVERS,0.00,1.00,1.0,14,0,12,16,3,2026
43072,2026-03-16 15:00:00.000,D17,LA MAISON A L'ENVERS,0.00,1.00,1.0,15,0,12,16,3,2026
43590,2026-03-16 16:00:00.000,D17,LA MAISON A L'ENVERS,0.00,1.00,1.0,16,0,12,16,3,2026
43607,2026-03-16 17:00:00.000,D17,LA MAISON A L'ENVERS,0.00,1.00,1.0,17,0,12,16,3,2026
43624,2026-03-16 18:00:00.000,D17,LA MAISON A L'ENVERS,0.00,1.00,1.0,18,0,12,16,3,2026
43641,2026-03-16 19:00:00.000,D17,LA MAISON A L'ENVERS,0.00,0.20,0.2,19,0,12,16,3,2026
43658,2026-03-16 20:00:00.000,D17,LA MAISON A L'ENVERS,0.00,0.00,0.0,20,0,12,16,3,2026
43675,2026-03-16 21:00:00.000,D17,LA MAISON A L'ENVERS,0.00,0.00,0.0,21,0,12,16,3,2026
43692,2026-03-16 22:00:00.000,D17,LA MAISON A L'ENVERS,0.00,0.00,0.0,22,0,12,16,3,2026
43709,2026-03-16 23:00:00.000,D17,LA MAISON A L'ENVERS,0.00,0.00,0.0,23,0,12,16,3,2026
43726,2026-03-17 00:00:00.000,D17,LA MAISON A L'ENVERS,0.00,0.00,0.0,0,0,12,17,3,2026
43743,2026-03-17 01:00:00.000,D17,LA MAISON A L'ENVERS,0.00,0.00,0.0,1,0,12,17,3,2026
43760,2026-03-17 02:00:00.000,D17,LA MAISON A L'ENVERS,0.00,0.00,0.0,2,0,12,17,3,2026
43777,2026-03-17 03:00:00.000,D17,LA MAISON A L'ENVERS,0.00,0.00,0.0,3,0,12,17,3,2026
43794,2026-03-17 04:00:00.000,D17,LA MAISON A L'ENVERS,0.00,0.00,0.0,4,0,12,17,3,2026
43811,2026-03-17 05:00:00.000,D17,LA MAISON A L'ENVERS,0.00,0.00,0.0,5,0,12,17,3,2026
43828,2026-03-17 06:00:00.000,D17,LA MAISON A L'ENVERS,0.00,0.00,0.0,6,0,12,17,3,2026
43845,2026-03-17 07:00:00.000,D17,LA MAISON A L'ENVERS,0.00,0.00,0.0,7,0,12,17,3,2026
43862,2026-03-17 08:00:00.000,D17,LA MAISON A L'ENVERS,0.00,0.00,0.0,8,0,12,17,3,2026
43879,2026-03-17 09:00:00.000,D17,LA MAISON A L'ENVERS,0.00,0.00,0.0,9,0,12,17,3,2026
43896,2026-03-17 10:00:00.000,D17,LA MAISON A L'ENVERS,0.00,0.00,0.0,10,0,12,17,3,2026
43913,2026-03-17 11:00:00.000,D17,LA MAISON A L'ENVERS,0.00,0.00,0.0,11,0,12,17,3,2026
43930,2026-03-17 12:00:00.000,D17,LA MAISON A L'ENVERS,0.00,0.00,0.0,12,0,12,17,3,2026
43947,2026-03-17 13:00:00.000,D17,LA MAISON A L'ENVERS,0.00,0.00,0.0,13,0,12,17,3,2026
43964,2026-03-17 14:00:00.000,D17,LA MAISON A L'ENVERS,0.00,0.00,0.0,14,0,12,17,3,2026
43981,2026-03-17 15:00:00.000,D17,LA MAISON A L'ENVERS,0.00,0.00,0.0,15,0,12,17,3,2026
43998,2026-03-17 16:00:00.000,D17,LA MAISON A L'ENVERS,0.00,0.00,0.0,16,0,12,17,3,2026
44015,2026-03-17 17:00:00.000,D17,LA MAISON A L'ENVERS,0.00,0.00,0.0,17,0,12,17,3,2026
44032,2026-03-17 18:00:00.000,D17,LA MAISON A L'ENVERS,0.00,0.00,0.0,18,0,12,17,3,2026
44049,2026-03-17 19:00:00.000,D17,LA MAISON A L'ENVERS,0.00,0.05,0.05,19,0,12,17,3,2026
44066,2026-03-17 20:00:00.000,D17,LA MAISON A L'ENVERS,0.00,0.00,0.0,20,0,12,17,3,2026
44083,2026-03-17 21:00:00.000,D17,LA MAISON A L'ENVERS,0.00,0.00,0.0,21,0,12,17,3,2026
44601,2026-03-17 22:00:00.000,D17,LA MAISON A L'ENVERS,0.00,0.00,0.0,22,0,12,17,3,2026
44618,2026-03-17 23:00:00.000,D17,LA MAISON A L'ENVERS,0.00,0.00,0.0,23,0,12,17,3,2026
44635,2026-03-18 00:00:00.000,D17,LA MAISON A L'ENVERS,0.00,0.00,0.0,0,0,12,18,3,2026
44652,2026-03-18 01:00:00.000,D17,LA MAISON A L'ENVERS,0.00,0.00,0.0,1,0,12,18,3,2026
44669,2026-03-18 02:00:00.000,D17,LA MAISON A L'ENVERS,0.00,0.00,0.0,2,0,12,18,3,2026
44686,2026-03-18 03:00:00.000,D17,LA MAISON A L'ENVERS,0.00,0.00,0.0,3,0,12,18,3,2026
44703,2026-03-18 04:00:00.000,D17,LA MAISON A L'ENVERS,0.00,0.00,0.0,4,0,12,18,3,2026
44720,2026-03-18 05:00:00.000,D17,LA MAISON A L'ENVERS,0.00,0.00,0.0,5,0,12,18,3,2026
44737,2026-03-18 06:00:00.000,D17,LA MAISON A L'ENVERS,0.00,0.00,0.0,6,0,12,18,3,2026
44754,2026-03-18 07:00:00.000,D17,LA MAISON A L'ENVERS,0.00,0.00,0.0,7,0,12,18,3,2026
44770,2026-03-18 08:00:00.000,D17,LA MAISON A L'ENVERS,0.00,0.00,0.0,8,0,12,18,3,2026
44786,2026-03-18 09:00:00.000,D17,LA MAISON A L'ENVERS,0.00,0.00,0.0,9,0,12,18,3,2026
44802,2026-03-18 10:00:00.000,D17,LA MAISON A L'ENVERS,0.00,0.00,0.0,10,0,12,18,3,2026
44819,2026-03-18 11:00:00.000,D17,LA MAISON A L'ENVERS,0.00,0.00,0.0,11,0,12,18,3,2026
44836,2026-03-18 12:00:00.000,D17,LA MAISON A L'ENVERS,0.00,0.00,0.0,12,0,12,18,3,2026
44853,2026-03-18 13:00:00.000,D17,LA MAISON A L'ENVERS,0.00,0.00,0.0,13,0,12,18,3,2026
44870,2026-03-18 14:00:00.000,D17,LA MAISON A L'ENVERS,0.00,0.00,0.0,14,0,12,18,3,2026
44887,2026-03-18 15:00:00.000,D17,LA MAISON A L'ENVERS,0.00,0.00,0.0,15,0,12,18,3,2026
44904,2026-03-18 16:00:00.000,D17,LA MAISON A L'ENVERS,0.00,0.90,0.9,16,0,12,18,3,2026
44921,2026-03-18 17:00:00.000,D17,LA MAISON A L'ENVERS,0.00,1.00,1.0,17,0,12,18,3,2026
44938,2026-03-18 18:00:00.000,D17,LA MAISON A L'ENVERS,0.00,1.00,1.0,18,0,12,18,3,2026
44955,2026-03-18 19:00:00.000,D17,LA MAISON A L'ENVERS,0.00,1.00,1.0,19,0,12,18,3,2026
44972,2026-03-18 20:00:00.000,D17,LA MAISON A L'ENVERS,0.00,1.00,1.0,20,0,12,18,3,2026
44989,2026-03-18 21:00:00.000,D17,LA MAISON A L'ENVERS,0.00,1.00,1.0,21,0,12,18,3,2026
45006,2026-03-18 22:00:00.000,D17,LA MAISON A L'ENVERS,0.00,1.00,1.0,22,0,12,18,3,2026
45023,2026-03-18 23:00:00.000,D17,LA MAISON A L'ENVERS,0.00,1.00,1.0,23,0,12,18,3,2026
45040,2026-03-19 00:00:00.000,D17,LA MAISON A L'ENVERS,0.00,1.00,1.0,0,0,12,19,3,2026
45057,2026-03-19 01:00:00.000,D17,LA MAISON A L'ENVERS,0.00,1.00,1.0,1,0,12,19,3,2026
45074,2026-03-19 02:00:00.000,D17,LA MAISON A L'ENVERS,0.00,1.00,1.0,2,0,12,19,3,2026
45592,2026-03-19 03:00:00.000,D17,LA MAISON A L'ENVERS,0.00,1.00,1.0,3,0,12,19,3,2026
45609,2026-03-19 04:00:00.000,D17,LA MAISON A L'ENVERS,0.00,1.00,1.0,4,0,12,19,3,2026
45626,2026-03-19 05:00:00.000,D17,LA MAISON A L'ENVERS,0.00,1.00,1.0,5,0,12,19,3,2026
45643,2026-03-19 06:00:00.000,D17,LA MAISON A L'ENVERS,0.00,1.00,1.0,6,0,12,19,3,2026
45660,2026-03-19 07:00:00.000,D17,LA MAISON A L'ENVERS,0.00,0.00,0.0,7,0,12,19,3,2026
45677,2026-03-19 08:00:00.000,D17,LA MAISON A L'ENVERS,0.00,0.00,0.0,8,0,12,19,3,2026
45694,2026-03-19 09:00:00.000,D17,LA MAISON A L'ENVERS,0.00,0.00,0.0,9,0,12,19,3,2026
45711,2026-03-19 10:00:00.000,D17,LA MAISON A L'ENVERS,0.00,0.00,0.0,10,0,12,19,3,2026
45728,2026-03-19 11:00:00.000,D17,LA MAISON A L'ENVERS,0.00,0.00,0.0,11,0,12,19,3,2026
45745,2026-03-19 12:00:00.000,D17,LA MAISON A L'ENVERS,0.00,0.00,0.0,12,0,12,19,3,2026
45762,2026-03-19 13:00:00.000,D17,LA MAISON A L'ENVERS,0.00,0.00,0.0,13,0,12,19,3,2026
45779,2026-03-19 14:00:00.000,D17,LA MAISON A L'ENVERS,0.00,0.00,0.0,14,0,12,19,3,2026
45796,2026-03-19 15:00:00.000,D17,LA MAISON A L'ENVERS,0.00,0.00,0.0,15,0,12,19,3,2026
45813,2026-03-19 16:00:00.000,D17,LA MAISON A L'ENVERS,0.00,0.00,0.0,16,0,12,19,3,2026
45830,2026-03-19 17:00:00.000,D17,LA MAISON A L'ENVERS,0.00,0.00,0.0,17,0,12,19,3,2026
45847,2026-03-19 18:00:00.000,D17,LA MAISON A L'ENVERS,0.00,0.00,0.0,18,0,12,19,3,2026
45864,2026-03-19 19:00:00.000,D17,LA MAISON A L'ENVERS,0.00,0.00,0.0,19,0,12,19,3,2026
45881,2026-03-19 20:00:00.000,D17,LA MAISON A L'ENVERS,0.00,0.00,0.0,20,0,12,19,3,2026
45898,2026-03-19 21:00:00.000,D17,LA MAISON A L'ENVERS,0.00,0.00,0.0,21,0,12,19,3,2026
45915,2026-03-19 22:00:00.000,D17,LA MAISON A L'ENVERS,0.00,0.00,0.0,22,0,12,19,3,2026
45932,2026-03-19 23:00:00.000,D17,LA MAISON A L'ENVERS,0.00,0.00,0.0,23,0,12,19,3,2026
45949,2026-03-20 00:00:00.000,D17,LA MAISON A L'ENVERS,0.00,0.00,0.0,0,0,12,20,3,2026
45966,2026-03-20 01:00:00.000,D17,LA MAISON A L'ENVERS,0.00,0.00,0.0,1,0,12,20,3,2026
45983,2026-03-20 02:00:00.000,D17,LA MAISON A L'ENVERS,0.00,0.00,0.0,2,0,12,20,3,2026
46000,2026-03-20 03:00:00.000,D17,LA MAISON A L'ENVERS,0.00,0.00,0.0,3,0,12,20,3,2026
46017,2026-03-20 04:00:00.000,D17,LA MAISON A L'ENVERS,0.00,0.00,0.0,4,0,12,20,3,2026
46034,2026-03-20 05:00:00.000,D17,LA MAISON A L'ENVERS,0.00,0.00,0.0,5,0,12,20,3,2026
46051,2026-03-20 06:00:00.000,D17,LA MAISON A L'ENVERS,0.00,0.00,0.0,6,0,12,20,3,2026
46068,2026-03-20 07:00:00.000,D17,LA MAISON A L'ENVERS,0.00,0.00,0.0,7,0,12,20,3,2026
46085,2026-03-20 08:00:00.000,D17,LA MAISON A L'ENVERS,0.00,0.00,0.0,8,0,12,20,3,2026
46603,2026-03-20 09:00:00.000,D17,LA MAISON A L'ENVERS,0.00,0.00,0.0,9,0,12,20,3,2026
46620,2026-03-20 10:00:00.000,D17,LA MAISON A L'ENVERS,0.00,0.00,0.0,10,0,12,20,3,2026
46637,2026-03-20 11:00:00.000,D17,LA MAISON A L'ENVERS,0.00,0.00,0.0,11,0,12,20,3,2026
46654,2026-03-20 12:00:00.000,D17,LA MAISON A L'ENVERS,0.00,0.00,0.0,12,0,12,20,3,2026
46670,2026-03-20 13:00:00.000,D17,LA MAISON A L'ENVERS,0.00,0.00,0.0,13,0,12,20,3,2026
46686,2026-03-20 14:00:00.000,D17,LA MAISON A L'ENVERS,0.00,0.00,0.0,14,0,12,20,3,2026
46702,2026-03-20 15:00:00.000,D17,LA MAISON A L'ENVERS,0.00,0.00,0.0,15,0,12,20,3,2026
46718,2026-03-20 16:00:00.000,D17,LA MAISON A L'ENVERS,0.00,0.00,0.0,16,0,12,20,3,2026
46734,2026-03-20 17:00:00.000,D17,LA MAISON A L'ENVERS,0.00,0.00,0.0,17,0,12,20,3,2026
46750,2026-03-20 18:00:00.000,D17,LA MAISON A L'ENVERS,0.00,0.00,0.0,18,0,12,20,3,2026
46766,2026-03-20 19:00:00.000,D17,LA MAISON A L'ENVERS,0.00,0.00,0.0,19,0,12,20,3,2026
46782,2026-03-20 20:00:00.000,D17,LA MAISON A L'ENVERS,0.00,0.00,0.0,20,0,12,20,3,2026
46798,2026-03-20 21:00:00.000,D17,LA MAISON A L'ENVERS,0.00,0.00,0.0,21,0,12,20,3,2026
46814,2026-03-20 22:00:00.000,D17,LA MAISON A L'ENVERS,0.00,0.00,0.0,22,0,12,20,3,2026
46830,2026-03-20 23:00:00.000,D17,LA MAISON A L'ENVERS,0.00,0.00,0.0,23,0,12,20,3,2026
46846,2026-03-21 00:00:00.000,D17,LA MAISON A L'ENVERS,0.00,0.00,0.0,0,0,12,21,3,2026
46862,2026-03-21 01:00:00.000,D17,LA MAISON A L'ENVERS,0.00,0.00,0.0,1,0,12,21,3,2026
46878,2026-03-21 02:00:00.000,D17,LA MAISON A L'ENVERS,0.00,0.00,0.0,2,0,12,21,3,2026
46894,2026-03-21 03:00:00.000,D17,LA MAISON A L'ENVERS,0.00,0.00,0.0,3,0,12,21,3,2026
46910,2026-03-21 04:00:00.000,D17,LA MAISON A L'ENVERS,0.00,0.00,0.0,4,0,12,21,3,2026
46927,2026-03-21 05:00:00.000,D17,LA MAISON A L'ENVERS,0.00,0.00,0.0,5,0,12,21,3,2026
46944,2026-03-21 06:00:00.000,D17,LA MAISON A L'ENVERS,0.00,0.00,0.0,6,0,12,21,3,2026
46961,2026-03-21 07:00:00.000,D17,LA MAISON A L'ENVERS,0.00,0.00,0.0,7,0,12,21,3,2026
46979,2026-03-21 08:00:00.000,D17,LA MAISON A L'ENVERS,0.00,0.00,0.0,8,0,12,21,3,2026
46997,2026-03-21 09:00:00.000,D17,LA MAISON A L'ENVERS,0.00,0.00,0.0,9,0,12,21,3,2026
47015,2026-03-21 10:00:00.000,D17,LA MAISON A L'ENVERS,0.00,0.05,0.05,10,0,12,21,3,2026
47033,2026-03-21 11:00:00.000,D17,LA MAISON A L'ENVERS,0.00,1.00,1.0,11,0,12,21,3,2026
47051,2026-03-21 12:00:00.000,D17,LA MAISON A L'ENVERS,0.00,1.00,1.0,12,0,12,21,3,2026
47069,2026-03-21 13:00:00.000,D17,LA MAISON A L'ENVERS,0.00,1.00,1.0,13,0,12,21,3,2026
47087,2026-03-21 14:00:00.000,D17,LA MAISON A L'ENVERS,0.00,1.00,1.0,14,0,12,21,3,2026
47606,2026-03-21 15:00:00.000,D17,LA MAISON A L'ENVERS,0.00,1.00,1.0,15,0,12,21,3,2026
47624,2026-03-21 16:00:00.000,D17,LA MAISON A L'ENVERS,0.00,1.00,1.0,16,0,12,21,3,2026
47642,2026-03-21 17:00:00.000,D17,LA MAISON A L'ENVERS,0.00,1.00,1.0,17,0,12,21,3,2026
47660,2026-03-21 18:00:00.000,D17,LA MAISON A L'ENVERS,0.00,1.00,1.0,18,0,12,21,3,2026
47678,2026-03-21 19:00:00.000,D17,LA MAISON A L'ENVERS,0.00,1.00,1.0,19,0,12,21,3,2026
47696,2026-03-21 20:00:00.000,D17,LA MAISON A L'ENVERS,0.00,0.90,0.9,20,0,12,21,3,2026
47714,2026-03-21 21:00:00.000,D17,LA MAISON A L'ENVERS,0.00,0.00,0.0,21,0,12,21,3,2026
47732,2026-03-21 22:00:00.000,D17,LA MAISON A L'ENVERS,0.00,0.00,0.0,22,0,12,21,3,2026
47750,2026-03-21 23:00:00.000,D17,LA MAISON A L'ENVERS,0.00,0.00,0.0,23,0,12,21,3,2026
47768,2026-03-22 00:00:00.000,D17,LA MAISON A L'ENVERS,0.00,0.00,0.0,0,0,13,22,3,2026
47786,2026-03-22 01:00:00.000,D17,LA MAISON A L'ENVERS,0.00,0.00,0.0,1,0,13,22,3,2026
47804,2026-03-22 02:00:00.000,D17,LA MAISON A L'ENVERS,0.00,0.00,0.0,2,0,13,22,3,2026
47822,2026-03-22 03:00:00.000,D17,LA MAISON A L'ENVERS,0.00,0.00,0.0,3,0,13,22,3,2026
47840,2026-03-22 04:00:00.000,D17,LA MAISON A L'ENVERS,0.00,0.00,0.0,4,0,13,22,3,2026
47858,2026-03-22 05:00:00.000,D17,LA MAISON A L'ENVERS,0.00,0.00,0.0,5,0,13,22,3,2026
47876,2026-03-22 06:00:00.000,D17,LA MAISON A L'ENVERS,0.00,0.00,0.0,6,0,13,22,3,2026
47894,2026-03-22 07:00:00.000,D17,LA MAISON A L'ENVERS,0.00,0.00,0.0,7,0,13,22,3,2026
47912,2026-03-22 08:00:00.000,D17,LA MAISON A L'ENVERS,0.00,0.00,0.0,8,0,13,22,3,2026
47930,2026-03-22 09:00:00.000,D17,LA MAISON A L'ENVERS,0.00,0.00,0.0,9,0,13,22,3,2026
47948,2026-03-22 10:00:00.000,D17,LA MAISON A L'ENVERS,0.00,0.00,0.0,10,0,13,22,3,2026
47966,2026-03-22 11:00:00.000,D17,LA MAISON A L'ENVERS,0.00,0.00,0.0,11,0,13,22,3,2026
47984,2026-03-22 12:00:00.000,D17,LA MAISON A L'ENVERS,0.00,0.00,0.0,12,0,13,22,3,2026
48002,2026-03-22 13:00:00.000,D17,LA MAISON A L'ENVERS,0.00,0.00,0.0,13,0,13,22,3,2026
48020,2026-03-22 14:00:00.000,D17,LA MAISON A L'ENVERS,0.00,1.00,1.0,14,0,13,22,3,2026
48038,2026-03-22 15:00:00.000,D17,LA MAISON A L'ENVERS,0.00,1.00,1.0,15,0,13,22,3,2026
48056,2026-03-22 16:00:00.000,D17,LA MAISON A L'ENVERS,0.00,1.00,1.0,16,0,13,22,3,2026
48074,2026-03-22 17:00:00.000,D17,LA MAISON A L'ENVERS,0.00,1.00,1.0,17,0,13,22,3,2026
48092,2026-03-22 18:00:00.000,D17,LA MAISON A L'ENVERS,0.00,1.00,1.0,18,0,13,22,3,2026
48611,2026-03-22 19:00:00.000,D17,LA MAISON A L'ENVERS,0.00,1.00,1.0,19,0,13,22,3,2026
48629,2026-03-22 20:00:00.000,D17,LA MAISON A L'ENVERS,0.00,1.00,1.0,20,0,13,22,3,2026
48647,2026-03-22 21:00:00.000,D17,LA MAISON A L'ENVERS,0.00,1.00,1.0,21,0,13,22,3,2026
48665,2026-03-22 22:00:00.000,D17,LA MAISON A L'ENVERS,0.00,1.00,1.0,22,0,13,22,3,2026
48683,2026-03-22 23:00:00.000,D17,LA MAISON A L'ENVERS,0.00,1.00,1.0,23,0,13,22,3,2026
48701,2026-03-23 00:00:00.000,D17,LA MAISON A L'ENVERS,0.00,1.00,1.0,0,0,13,23,3,2026
48719,2026-03-23 01:00:00.000,D17,LA MAISON A L'ENVERS,0.00,1.00,1.0,1,0,13,23,3,2026
48737,2026-03-23 02:00:00.000,D17,LA MAISON A L'ENVERS,0.00,1.00,1.0,2,0,13,23,3,2026
48755,2026-03-23 03:00:00.000,D17,LA MAISON A L'ENVERS,0.00,1.00,1.0,3,0,13,23,3,2026
48773,2026-03-23 04:00:00.000,D17,LA MAISON A L'ENVERS,0.00,1.00,1.0,4,0,13,23,3,2026
48791,2026-03-23 05:00:00.000,D17,LA MAISON A L'ENVERS,0.00,1.00,1.0,5,0,13,23,3,2026
48809,2026-03-23 06:00:00.000,D17,LA MAISON A L'ENVERS,0.00,1.00,1.0,6,0,13,23,3,2026
48827,2026-03-23 07:00:00.000,D17,LA MAISON A L'ENVERS,0.00,1.00,1.0,7,0,13,23,3,2026
48844,2026-03-23 08:00:00.000,D17,LA MAISON A L'ENVERS,0.00,1.00,1.0,8,0,13,23,3,2026
48861,2026-03-23 09:00:00.000,D17,LA MAISON A L'ENVERS,0.00,0.20,0.2,9,0,13,23,3,2026
48879,2026-03-23 10:00:00.000,D17,LA MAISON A L'ENVERS,0.00,0.00,0.0,10,0,13,23,3,2026
48896,2026-03-23 11:00:00.000,D17,LA MAISON A L'ENVERS,0.00,0.00,0.0,11,0,13,23,3,2026
48913,2026-03-23 12:00:00.000,D17,LA MAISON A L'ENVERS,0.00,0.00,0.0,12,0,13,23,3,2026
48930,2026-03-23 13:00:00.000,D17,LA MAISON A L'ENVERS,0.00,0.05,0.05,13,0,13,23,3,2026
48947,2026-03-23 14:00:00.000,D17,LA MAISON A L'ENVERS,0.00,1.00,1.0,14,0,13,23,3,2026
48964,2026-03-23 15:00:00.000,D17,LA MAISON A L'ENVERS,0.00,1.00,1.0,15,0,13,23,3,2026
48981,2026-03-23 16:00:00.000,D17,LA MAISON A L'ENVERS,0.00,1.00,1.0,16,0,13,23,3,2026
48998,2026-03-23 17:00:00.000,D17,LA MAISON A L'ENVERS,0.00,1.00,1.0,17,0,13,23,3,2026
49015,2026-03-23 18:00:00.000,D17,LA MAISON A L'ENVERS,0.00,1.00,1.0,18,0,13,23,3,2026
49032,2026-03-23 19:00:00.000,D17,LA MAISON A L'ENVERS,0.00,1.00,1.0,19,0,13,23,3,2026
49049,2026-03-23 20:00:00.000,D17,LA MAISON A L'ENVERS,0.00,1.00,1.0,20,0,13,23,3,2026
49066,2026-03-23 21:00:00.000,D17,LA MAISON A L'ENVERS,0.00,1.00,1.0,21,0,13,23,3,2026
49083,2026-03-23 22:00:00.000,D17,LA MAISON A L'ENVERS,0.00,1.00,1.0,22,0,13,23,3,2026
49601,2026-03-23 23:00:00.000,D17,LA MAISON A L'ENVERS,0.00,1.00,1.0,23,0,13,23,3,2026
49618,2026-03-24 00:00:00.000,D17,LA MAISON A L'ENVERS,0.00,1.00,1.0,0,0,13,24,3,2026
49635,2026-03-24 01:00:00.000,D17,LA MAISON A L'ENVERS,0.00,1.00,1.0,1,0,13,24,3,2026
49652,2026-03-24 02:00:00.000,D17,LA MAISON A L'ENVERS,0.00,1.00,1.0,2,0,13,24,3,2026
49669,2026-03-24 03:00:00.000,D17,LA MAISON A L'ENVERS,0.00,1.00,1.0,3,0,13,24,3,2026
49686,2026-03-24 04:00:00.000,D17,LA MAISON A L'ENVERS,0.00,1.00,1.0,4,0,13,24,3,2026
49703,2026-03-24 05:00:00.000,D17,LA MAISON A L'ENVERS,0.00,1.00,1.0,5,0,13,24,3,2026
49720,2026-03-24 06:00:00.000,D17,LA MAISON A L'ENVERS,0.00,1.00,1.0,6,0,13,24,3,2026
49737,2026-03-24 07:00:00.000,D17,LA MAISON A L'ENVERS,0.00,0.00,0.0,7,0,13,24,3,2026
49754,2026-03-24 08:00:00.000,D17,LA MAISON A L'ENVERS,0.00,0.00,0.0,8,0,13,24,3,2026
49771,2026-03-24 09:00:00.000,D17,LA MAISON A L'ENVERS,0.00,0.00,0.0,9,0,13,24,3,2026
49788,2026-03-24 10:00:00.000,D17,LA MAISON A L'ENVERS,0.00,0.00,0.0,10,0,13,24,3,2026
49805,2026-03-24 11:00:00.000,D17,LA MAISON A L'ENVERS,0.00,0.00,0.0,11,0,13,24,3,2026
49822,2026-03-24 12:00:00.000,D17,LA MAISON A L'ENVERS,0.00,0.00,0.0,12,0,13,24,3,2026
49839,2026-03-24 13:00:00.000,D17,LA MAISON A L'ENVERS,0.00,0.00,0.0,13,0,13,24,3,2026
49856,2026-03-24 14:00:00.000,D17,LA MAISON A L'ENVERS,0.00,0.00,0.0,14,0,13,24,3,2026
49873,2026-03-24 15:00:00.000,D17,LA MAISON A L'ENVERS,0.00,0.00,0.0,15,0,13,24,3,2026
49890,2026-03-24 16:00:00.000,D17,LA MAISON A L'ENVERS,0.00,0.00,0.0,16,0,13,24,3,2026
49907,2026-03-24 17:00:00.000,D17,LA MAISON A L'ENVERS,0.00,0.00,0.0,17,0,13,24,3,2026
49924,2026-03-24 18:00:00.000,D17,LA MAISON A L'ENVERS,0.00,0.00,0.0,18,0,13,24,3,2026
49941,2026-03-24 19:00:00.000,D17,LA MAISON A L'ENVERS,0.00,0.00,0.0,19,0,13,24,3,2026
49958,2026-03-24 20:00:00.000,D17,LA MAISON A L'ENVERS,0.00,0.00,0.0,20,0,13,24,3,2026
49975,2026-03-24 21:00:00.000,D17,LA MAISON A L'ENVERS,0.00,0.00,0.0,21,0,13,24,3,2026
49992,2026-03-24 22:00:00.000,D17,LA MAISON A L'ENVERS,0.00,0.00,0.0,22,0,13,24,3,2026
50009,2026-03-24 23:00:00.000,D17,LA MAISON A L'ENVERS,0.00,0.00,0.0,23,0,13,24,3,2026
50026,2026-03-25 00:00:00.000,D17,LA MAISON A L'ENVERS,0.00,0.00,0.0,0,0,13,25,3,2026
50043,2026-03-25 01:00:00.000,D17,LA MAISON A L'ENVERS,0.00,0.00,0.0,1,0,13,25,3,2026
50060,2026-03-25 02:00:00.000,D17,LA MAISON A L'ENVERS,0.00,0.00,0.0,2,0,13,25,3,2026
50077,2026-03-25 03:00:00.000,D17,LA MAISON A L'ENVERS,0.00,0.00,0.0,3,0,13,25,3,2026
50094,2026-03-25 04:00:00.000,D17,LA MAISON A L'ENVERS,0.00,0.00,0.0,4,0,13,25,3,2026
50612,2026-03-25 05:00:00.000,D17,LA MAISON A L'ENVERS,0.00,0.00,0.0,5,0,13,25,3,2026
50629,2026-03-25 06:00:00.000,D17,LA MAISON A L'ENVERS,0.00,0.00,0.0,6,0,13,25,3,2026
50646,2026-03-25 07:00:00.000,D17,LA MAISON A L'ENVERS,0.00,0.00,0.0,7,0,13,25,3,2026
50663,2026-03-25 08:00:00.000,D17,LA MAISON A L'ENVERS,0.00,0.00,0.0,8,0,13,25,3,2026
50680,2026-03-25 09:00:00.000,D17,LA MAISON A L'ENVERS,0.00,0.00,0.0,9,0,13,25,3,2026
50697,2026-03-25 10:00:00.000,D17,LA MAISON A L'ENVERS,0.00,0.00,0.0,10,0,13,25,3,2026
50714,2026-03-25 11:00:00.000,D17,LA MAISON A L'ENVERS,0.00,0.00,0.0,11,0,13,25,3,2026
50731,2026-03-25 12:00:00.000,D17,LA MAISON A L'ENVERS,0.00,0.00,0.0,12,0,13,25,3,2026
50748,2026-03-25 13:00:00.000,D17,LA MAISON A L'ENVERS,0.00,0.00,0.0,13,0,13,25,3,2026
50765,2026-03-25 14:00:00.000,D17,LA MAISON A L'ENVERS,0.00,0.75,0.75,14,0,13,25,3,2026
50782,2026-03-25 15:00:00.000,D17,LA MAISON A L'ENVERS,0.00,1.00,1.0,15,0,13,25,3,2026
50799,2026-03-25 16:00:00.000,D17,LA MAISON A L'ENVERS,0.00,1.00,1.0,16,0,13,25,3,2026
50816,2026-03-25 17:00:00.000,D17,LA MAISON A L'ENVERS,0.00,1.00,1.0,17,0,13,25,3,2026
50833,2026-03-25 18:00:00.000,D17,LA MAISON A L'ENVERS,0.00,1.00,1.0,18,0,13,25,3,2026
50850,2026-03-25 19:00:00.000,D17,LA MAISON A L'ENVERS,0.00,1.00,1.0,19,0,13,25,3,2026
50867,2026-03-25 20:00:00.000,D17,LA MAISON A L'ENVERS,0.00,1.00,1.0,20,0,13,25,3,2026
50884,2026-03-25 21:00:00.000,D17,LA MAISON A L'ENVERS,0.00,1.00,1.0,21,0,13,25,3,2026
50901,2026-03-25 22:00:00.000,D17,LA MAISON A L'ENVERS,0.00,1.00,1.0,22,0,13,25,3,2026
50918,2026-03-25 23:00:00.000,D17,LA MAISON A L'ENVERS,0.00,1.00,1.0,23,0,13,25,3,2026
50935,2026-03-26 00:00:00.000,D17,LA MAISON A L'ENVERS,0.00,1.00,1.0,0,0,13,26,3,2026
50952,2026-03-26 01:00:00.000,D17,LA MAISON A L'ENVERS,0.00,1.00,1.0,1,0,13,26,3,2026
50969,2026-03-26 02:00:00.000,D17,LA MAISON A L'ENVERS,0.00,1.00,1.0,2,0,13,26,3,2026
50986,2026-03-26 03:00:00.000,D17,LA MAISON A L'ENVERS,0.00,1.00,1.0,3,0,13,26,3,2026
51003,2026-03-26 04:00:00.000,D17,LA MAISON A L'ENVERS,0.00,1.00,1.0,4,0,13,26,3,2026
51020,2026-03-26 05:00:00.000,D17,LA MAISON A L'ENVERS,0.00,1.00,1.0,5,0,13,26,3,2026
51037,2026-03-26 06:00:00.000,D17,LA MAISON A L'ENVERS,0.00,1.00,1.0,6,0,13,26,3,2026
51054,2026-03-26 07:00:00.000,D17,LA MAISON A L'ENVERS,0.00,0.00,0.0,7,0,13,26,3,2026
51071,2026-03-26 08:00:00.000,D17,LA MAISON A L'ENVERS,0.00,0.00,0.0,8,0,13,26,3,2026
51088,2026-03-26 09:00:00.000,D17,LA MAISON A L'ENVERS,0.00,0.00,0.0,9,0,13,26,3,2026
51606,2026-03-26 10:00:00.000,D17,LA MAISON A L'ENVERS,0.00,0.00,0.0,10,0,13,26,3,2026
51623,2026-03-26 11:00:00.000,D17,LA MAISON A L'ENVERS,0.00,0.00,0.0,11,0,13,26,3,2026
51640,2026-03-26 12:00:00.000,D17,LA MAISON A L'ENVERS,0.00,0.00,0.0,12,0,13,26,3,2026
51657,2026-03-26 13:00:00.000,D17,LA MAISON A L'ENVERS,0.00,0.00,0.0,13,0,13,26,3,2026
51674,2026-03-26 14:00:00.000,D17,LA MAISON A L'ENVERS,0.00,0.00,0.0,14,0,13,26,3,2026
51691,2026-03-26 15:00:00.000,D17,LA MAISON A L'ENVERS,0.00,0.00,0.0,15,0,13,26,3,2026
51708,2026-03-26 16:00:00.000,D17,LA MAISON A L'ENVERS,0.00,0.00,0.0,16,0,13,26,3,2026
51725,2026-03-26 17:00:00.000,D17,LA MAISON A L'ENVERS,0.00,0.00,0.0,17,0,13,26,3,2026
51742,2026-03-26 18:00:00.000,D17,LA MAISON A L'ENVERS,0.00,0.00,0.0,18,0,13,26,3,2026
51759,2026-03-26 19:00:00.000,D17,LA MAISON A L'ENVERS,0.00,0.00,0.0,19,0,13,26,3,2026
51776,2026-03-26 20:00:00.000,D17,LA MAISON A L'ENVERS,0.00,0.00,0.0,20,0,13,26,3,2026
51793,2026-03-26 21:00:00.000,D17,LA MAISON A L'ENVERS,0.00,0.00,0.0,21,0,13,26,3,2026
51810,2026-03-26 22:00:00.000,D17,LA MAISON A L'ENVERS,0.00,0.00,0.0,22,0,13,26,3,2026
51827,2026-03-26 23:00:00.000,D17,LA MAISON A L'ENVERS,0.00,0.00,0.0,23,0,13,26,3,2026
51844,2026-03-27 00:00:00.000,D17,LA MAISON A L'ENVERS,0.00,0.00,0.0,0,0,13,27,3,2026
51861,2026-03-27 01:00:00.000,D17,LA MAISON A L'ENVERS,0.00,0.00,0.0,1,0,13,27,3,2026
51878,2026-03-27 02:00:00.000,D17,LA MAISON A L'ENVERS,0.00,0.00,0.0,2,0,13,27,3,2026
51895,2026-03-27 03:00:00.000,D17,LA MAISON A L'ENVERS,0.00,0.00,0.0,3,0,13,27,3,2026
51912,2026-03-27 04:00:00.000,D17,LA MAISON A L'ENVERS,0.00,0.00,0.0,4,0,13,27,3,2026
51929,2026-03-27 05:00:00.000,D17,LA MAISON A L'ENVERS,0.00,0.00,0.0,5,0,13,27,3,2026
51946,2026-03-27 06:00:00.000,D17,LA MAISON A L'ENVERS,0.00,0.00,0.0,6,0,13,27,3,2026
51963,2026-03-27 07:00:00.000,D17,LA MAISON A L'ENVERS,0.00,0.00,0.0,7,0,13,27,3,2026
51980,2026-03-27 08:00:00.000,D17,LA MAISON A L'ENVERS,0.00,0.00,0.0,8,0,13,27,3,2026
51997,2026-03-27 09:00:00.000,D17,LA MAISON A L'ENVERS,0.00,0.00,0.0,9,0,13,27,3,2026
52014,2026-03-27 10:00:00.000,D17,LA MAISON A L'ENVERS,0.00,0.00,0.0,10,0,13,27,3,2026
52031,2026-03-27 11:00:00.000,D17,LA MAISON A L'ENVERS,0.00,0.00,0.0,11,0,13,27,3,2026
52048,2026-03-27 12:00:00.000,D17,LA MAISON A L'ENVERS,0.00,0.00,0.0,12,0,13,27,3,2026
52065,2026-03-27 13:00:00.000,D17,LA MAISON A L'ENVERS,0.00,0.00,0.0,13,0,13,27,3,2026
52082,2026-03-27 14:00:00.000,D17,LA MAISON A L'ENVERS,0.00,1.00,1.0,14,0,13,27,3,2026
52099,2026-03-27 15:00:00.000,D17,LA MAISON A L'ENVERS,0.00,1.00,1.0,15,0,13,27,3,2026
52617,2026-03-27 16:00:00.000,D17,LA MAISON A L'ENVERS,0.00,1.00,1.0,16,0,13,27,3,2026
52634,2026-03-27 17:00:00.000,D17,LA MAISON A L'ENVERS,0.00,1.00,1.0,17,0,13,27,3,2026
52651,2026-03-27 18:00:00.000,D17,LA MAISON A L'ENVERS,0.00,1.00,1.0,18,0,13,27,3,2026
52668,2026-03-27 19:00:00.000,D17,LA MAISON A L'ENVERS,0.00,1.00,1.0,19,0,13,27,3,2026
52685,2026-03-27 20:00:00.000,D17,LA MAISON A L'ENVERS,0.00,1.00,1.0,20,0,13,27,3,2026
52702,2026-03-27 21:00:00.000,D17,LA MAISON A L'ENVERS,0.00,1.00,1.0,21,0,13,27,3,2026
52719,2026-03-27 22:00:00.000,D17,LA MAISON A L'ENVERS,0.00,1.00,1.0,22,0,13,27,3,2026
52736,2026-03-27 23:00:00.000,D17,LA MAISON A L'ENVERS,0.00,1.00,1.0,23,0,13,27,3,2026
52753,2026-03-28 00:00:00.000,D17,LA MAISON A L'ENVERS,0.00,1.00,1.0,0,0,13,28,3,2026
52770,2026-03-28 01:00:00.000,D17,LA MAISON A L'ENVERS,0.00,1.00,1.0,1,0,13,28,3,2026
52787,2026-03-28 02:00:00.000,D17,LA MAISON A L'ENVERS,0.00,1.00,1.0,2,0,13,28,3,2026
52804,2026-03-28 03:00:00.000,D17,LA MAISON A L'ENVERS,0.00,1.00,1.0,3,0,13,28,3,2026
52821,2026-03-28 04:00:00.000,D17,LA MAISON A L'ENVERS,0.00,1.00,1.0,4,0,13,28,3,2026
52838,2026-03-28 05:00:00.000,D17,LA MAISON A L'ENVERS,0.00,1.00,1.0,5,0,13,28,3,2026
52855,2026-03-28 06:00:00.000,D17,LA MAISON A L'ENVERS,0.00,1.00,1.0,6,0,13,28,3,2026
52872,2026-03-28 07:00:00.000,D17,LA MAISON A L'ENVERS,0.00,0.00,0.0,7,0,13,28,3,2026
52890,2026-03-28 08:00:00.000,D17,LA MAISON A L'ENVERS,0.00,0.00,0.0,8,0,13,28,3,2026
52908,2026-03-28 09:00:00.000,D17,LA MAISON A L'ENVERS,0.00,0.00,0.0,9,0,13,28,3,2026
52926,2026-03-28 10:00:00.000,D17,LA MAISON A L'ENVERS,0.00,0.00,0.0,10,0,13,28,3,2026
52944,2026-03-28 11:00:00.000,D17,LA MAISON A L'ENVERS,0.00,0.00,0.0,11,0,13,28,3,2026
52962,2026-03-28 12:00:00.000,D17,LA MAISON A L'ENVERS,0.00,0.85,0.85,12,0,13,28,3,2026
52980,2026-03-28 13:00:00.000,D17,LA MAISON A L'ENVERS,0.00,1.00,1.0,13,0,13,28,3,2026
52998,2026-03-28 14:00:00.000,D17,LA MAISON A L'ENVERS,0.00,1.00,1.0,14,0,13,28,3,2026
53016,2026-03-28 15:00:00.000,D17,LA MAISON A L'ENVERS,0.00,1.00,1.0,15,0,13,28,3,2026
53034,2026-03-28 16:00:00.000,D17,LA MAISON A L'ENVERS,0.00,1.00,1.0,16,0,13,28,3,2026
53052,2026-03-28 17:00:00.000,D17,LA MAISON A L'ENVERS,0.00,1.00,1.0,17,0,13,28,3,2026
53070,2026-03-28 18:00:00.000,D17,LA MAISON A L'ENVERS,0.00,1.00,1.0,18,0,13,28,3,2026
53088,2026-03-28 19:00:00.000,D17,LA MAISON A L'ENVERS,0.00,1.00,1.0,19,0,13,28,3,2026
53607,2026-03-28 20:00:00.000,D17,LA MAISON A L'ENVERS,0.00,1.00,1.0,20,0,13,28,3,2026
53625,2026-03-28 21:00:00.000,D17,LA MAISON A L'ENVERS,0.00,1.00,1.0,21,0,13,28,3,2026
53643,2026-03-28 22:00:00.000,D17,LA MAISON A L'ENVERS,0.00,1.00,1.0,22,0,13,28,3,2026
53661,2026-03-28 23:00:00.000,D17,LA MAISON A L'ENVERS,0.00,1.00,1.0,23,0,13,28,3,2026
53679,2026-03-29 00:00:00.000,D17,LA MAISON A L'ENVERS,0.00,1.00,1.0,0,0,14,29,3,2026
53697,2026-03-29 01:00:00.000,D17,LA MAISON A L'ENVERS,0.00,1.00,1.0,1,0,14,29,3,2026
53715,2026-03-29 02:00:00.000,D17,LA MAISON A L'ENVERS,0.00,1.00,1.0,3,0,14,29,3,2026
53733,2026-03-29 03:00:00.000,D17,LA MAISON A L'ENVERS,0.00,1.00,1.0,3,0,14,29,3,2026
53751,2026-03-29 04:00:00.000,D17,LA MAISON A L'ENVERS,0.00,1.00,1.0,4,0,14,29,3,2026
53769,2026-03-29 05:00:00.000,D17,LA MAISON A L'ENVERS,0.00,1.00,1.0,5,0,14,29,3,2026
53787,2026-03-29 06:00:00.000,D17,LA MAISON A L'ENVERS,0.00,1.00,1.0,6,0,14,29,3,2026
53805,2026-03-29 07:00:00.000,D17,LA MAISON A L'ENVERS,0.00,0.00,0.0,7,0,14,29,3,2026
53823,2026-03-29 08:00:00.000,D17,LA MAISON A L'ENVERS,0.00,0.00,0.0,8,0,14,29,3,2026
53841,2026-03-29 09:00:00.000,D17,LA MAISON A L'ENVERS,0.00,0.00,0.0,9,0,14,29,3,2026
53859,2026-03-29 10:00:00.000,D17,LA MAISON A L'ENVERS,0.00,0.00,0.0,10,0,14,29,3,2026
53877,2026-03-29 11:00:00.000,D17,LA MAISON A L'ENVERS,0.00,0.00,0.0,11,0,14,29,3,2026
53895,2026-03-29 12:00:00.000,D17,LA MAISON A L'ENVERS,0.00,0.00,0.0,12,0,14,29,3,2026
53913,2026-03-29 13:00:00.000,D17,LA MAISON A L'ENVERS,0.00,0.00,0.0,13,0,14,29,3,2026
53931,2026-03-29 14:00:00.000,D17,LA MAISON A L'ENVERS,0.00,0.00,0.0,14,0,14,29,3,2026
53949,2026-03-29 15:00:00.000,D17,LA MAISON A L'ENVERS,0.00,0.00,0.0,15,0,14,29,3,2026
53967,2026-03-29 16:00:00.000,D17,LA MAISON A L'ENVERS,0.00,0.00,0.0,16,0,14,29,3,2026
53985,2026-03-29 17:00:00.000,D17,LA MAISON A L'ENVERS,0.00,0.00,0.0,17,0,14,29,3,2026
54003,2026-03-29 18:00:00.000,D17,LA MAISON A L'ENVERS,0.00,0.50,0.5,18,0,14,29,3,2026
54021,2026-03-29 19:00:00.000,D17,LA MAISON A L'ENVERS,0.00,1.00,1.0,19,0,14,29,3,2026
54039,2026-03-29 20:00:00.000,D17,LA MAISON A L'ENVERS,0.00,0.45,0.45,20,0,14,29,3,2026
54057,2026-03-29 21:00:00.000,D17,LA MAISON A L'ENVERS,0.00,0.00,0.0,21,0,14,29,3,2026
54075,2026-03-29 22:00:00.000,D17,LA MAISON A L'ENVERS,0.00,0.00,0.0,22,0,14,29,3,2026
54093,2026-03-29 23:00:00.000,D17,LA MAISON A L'ENVERS,0.00,0.00,0.0,23,0,14,29,3,2026
54612,2026-03-30 00:00:00.000,D17,LA MAISON A L'ENVERS,0.00,0.00,0.0,0,0,14,30,3,2026
54630,2026-03-30 01:00:00.000,D17,LA MAISON A L'ENVERS,0.00,0.00,0.0,1,0,14,30,3,2026
54648,2026-03-30 02:00:00.000,D17,LA MAISON A L'ENVERS,0.00,0.00,0.0,2,0,14,30,3,2026
54666,2026-03-30 03:00:00.000,D17,LA MAISON A L'ENVERS,0.00,0.00,0.0,3,0,14,30,3,2026
54684,2026-03-30 04:00:00.000,D17,LA MAISON A L'ENVERS,0.00,0.00,0.0,4,0,14,30,3,2026
54702,2026-03-30 05:00:00.000,D17,LA MAISON A L'ENVERS,0.00,0.00,0.0,5,0,14,30,3,2026
54720,2026-03-30 06:00:00.000,D17,LA MAISON A L'ENVERS,0.00,0.00,0.0,6,0,14,30,3,2026
54738,2026-03-30 07:00:00.000,D17,LA MAISON A L'ENVERS,0.00,0.00,0.0,7,0,14,30,3,2026
54754,2026-03-30 08:00:00.000,D17,LA MAISON A L'ENVERS,0.00,0.00,0.0,8,0,14,30,3,2026
54770,2026-03-30 09:00:00.000,D17,LA MAISON A L'ENVERS,0.00,0.00,0.0,9,0,14,30,3,2026
54788,2026-03-30 10:00:00.000,D17,LA MAISON A L'ENVERS,0.00,0.00,0.0,10,0,14,30,3,2026
54807,2026-03-30 11:00:00.000,D17,LA MAISON A L'ENVERS,0.00,0.00,0.0,11,0,14,30,3,2026
54826,2026-03-30 12:00:00.000,D17,LA MAISON A L'ENVERS,0.00,0.00,0.0,12,0,14,30,3,2026
54845,2026-03-30 13:00:00.000,D17,LA MAISON A L'ENVERS,0.00,0.00,0.0,13,0,14,30,3,2026
54864,2026-03-30 14:00:00.000,D17,LA MAISON A L'ENVERS,0.00,1.00,1.0,14,0,14,30,3,2026
54883,2026-03-30 15:00:00.000,D17,LA MAISON A L'ENVERS,0.00,1.00,1.0,15,0,14,30,3,2026
54902,2026-03-30 16:00:00.000,D17,LA MAISON A L'ENVERS,0.00,1.00,1.0,16,0,14,30,3,2026
54921,2026-03-30 17:00:00.000,D17,LA MAISON A L'ENVERS,0.00,1.00,1.0,17,0,14,30,3,2026
54940,2026-03-30 18:00:00.000,D17,LA MAISON A L'ENVERS,0.00,1.00,1.0,18,0,14,30,3,2026
54959,2026-03-30 19:00:00.000,D17,LA MAISON A L'ENVERS,0.00,1.00,1.0,19,0,14,30,3,2026
54978,2026-03-30 20:00:00.000,D17,LA MAISON A L'ENVERS,0.00,0.20,0.2,20,0,14,30,3,2026
54997,2026-03-30 21:00:00.000,D17,LA MAISON A L'ENVERS,0.00,0.00,0.0,21,0,14,30,3,2026
55016,2026-03-30 22:00:00.000,D17,LA MAISON A L'ENVERS,0.00,0.00,0.0,22,0,14,30,3,2026
55035,2026-03-30 23:00:00.000,D17,LA MAISON A L'ENVERS,0.00,0.00,0.0,23,0,14,30,3,2026
55054,2026-03-31 00:00:00.000,D17,LA MAISON A L'ENVERS,0.00,0.00,0.0,0,0,14,31,3,2026
55073,2026-03-31 01:00:00.000,D17,LA MAISON A L'ENVERS,0.00,0.00,0.0,1,0,14,31,3,2026
55092,2026-03-31 02:00:00.000,D17,LA MAISON A L'ENVERS,0.00,0.00,0.0,2,0,14,31,3,2026
55612,2026-03-31 03:00:00.000,D17,LA MAISON A L'ENVERS,0.00,0.00,0.0,3,0,14,31,3,2026
55631,2026-03-31 04:00:00.000,D17,LA MAISON A L'ENVERS,0.00,0.00,0.0,4,0,14,31,3,2026
55650,2026-03-31 05:00:00.000,D17,LA MAISON A L'ENVERS,0.00,0.00,0.0,5,0,14,31,3,2026
55669,2026-03-31 06:00:00.000,D17,LA MAISON A L'ENVERS,0.00,0.00,0.0,6,0,14,31,3,2026
55688,2026-03-31 07:00:00.000,D17,LA MAISON A L'ENVERS,0.00,0.00,0.0,7,0,14,31,3,2026
55706,2026-03-31 08:00:00.000,D17,LA MAISON A L'ENVERS,0.00,0.00,0.0,8,0,14,31,3,2026
55725,2026-03-31 09:00:00.000,D17,LA MAISON A L'ENVERS,0.00,0.00,0.0,9,0,14,31,3,2026
55744,2026-03-31 10:00:00.000,D17,LA MAISON A L'ENVERS,0.00,0.00,0.0,10,0,14,31,3,2026
55763,2026-03-31 11:00:00.000,D17,LA MAISON A L'ENVERS,0.00,0.00,0.0,11,0,14,31,3,2026
55783,2026-03-31 12:00:00.000,D17,LA MAISON A L'ENVERS,0.00,0.00,0.0,12,0,14,31,3,2026
55803,2026-03-31 13:00:00.000,D17,LA MAISON A L'ENVERS,0.00,0.00,0.0,13,0,14,31,3,2026
55823,2026-03-31 14:00:00.000,D17,LA MAISON A L'ENVERS,0.00,0.00,0.0,14,0,14,31,3,2026
55843,2026-03-31 15:00:00.000,D17,LA MAISON A L'ENVERS,0.00,0.00,0.0,15,0,14,31,3,2026
55863,2026-03-31 16:00:00.000,D17,LA MAISON A L'ENVERS,0.00,0.00,0.0,16,0,14,31,3,2026
55883,2026-03-31 17:00:00.000,D17,LA MAISON A L'ENVERS,0.00,0.00,0.0,17,0,14,31,3,2026
55903,2026-03-31 18:00:00.000,D17,LA MAISON A L'ENVERS,0.00,0.00,0.0,18,0,14,31,3,2026
55923,2026-03-31 19:00:00.000,D17,LA MAISON A L'ENVERS,0.00,0.00,0.0,19,0,14,31,3,2026
55943,2026-03-31 20:00:00.000,D17,LA MAISON A L'ENVERS,0.00,0.00,0.0,20,0,14,31,3,2026
55963,2026-03-31 21:00:00.000,D17,LA MAISON A L'ENVERS,0.00,0.00,0.0,21,0,14,31,3,2026
55983,2026-03-31 22:00:00.000,D17,LA MAISON A L'ENVERS,0.00,0.00,0.0,22,0,14,31,3,2026
56003,2026-03-31 23:00:00.000,D17,LA MAISON A L'ENVERS,0.00,0.00,0.0,23,0,14,31,3,2026
56023,2026-04-01 00:00:00.000,D17,LA MAISON A L'ENVERS,0.00,0.00,0.0,0,0,14,1,4,2026
56043,2026-04-01 01:00:00.000,D17,LA MAISON A L'ENVERS,0.00,0.00,0.0,1,0,14,1,4,2026
56063,2026-04-01 02:00:00.000,D17,LA MAISON A L'ENVERS,0.00,0.00,0.0,2,0,14,1,4,2026
56083,2026-04-01 03:00:00.000,D17,LA MAISON A L'ENVERS,0.00,0.00,0.0,3,0,14,1,4,2026
56103,2026-04-01 04:00:00.000,D17,LA MAISON A L'ENVERS,0.00,0.00,0.0,4,0,14,1,4,2026
56624,2026-04-01 05:00:00.000,D17,LA MAISON A L'ENVERS,0.00,0.00,0.0,5,0,14,1,4,2026
56644,2026-04-01 06:00:00.000,D17,LA MAISON A L'ENVERS,0.00,0.00,0.0,6,0,14,1,4,2026
56663,2026-04-01 07:00:00.000,D17,LA MAISON A L'ENVERS,0.00,0.00,0.0,7,0,14,1,4,2026
56681,2026-04-01 08:00:00.000,D17,LA MAISON A L'ENVERS,0.00,0.00,0.0,8,0,14,1,4,2026
56699,2026-04-01 09:00:00.000,D17,LA MAISON A L'ENVERS,0.00,0.00,0.0,9,0,14,1,4,2026
56717,2026-04-01 10:00:00.000,D17,LA MAISON A L'ENVERS,0.00,0.00,0.0,10,0,14,1,4,2026
56735,2026-04-01 11:00:00.000,D17,LA MAISON A L'ENVERS,0.00,0.00,0.0,11,0,14,1,4,2026
56753,2026-04-01 12:00:00.000,D17,LA MAISON A L'ENVERS,0.00,0.00,0.0,12,0,14,1,4,2026
56771,2026-04-01 13:00:00.000,D17,LA MAISON A L'ENVERS,0.00,0.00,0.0,13,0,14,1,4,2026
56789,2026-04-01 14:00:00.000,D17,LA MAISON A L'ENVERS,0.00,0.00,0.0,14,0,14,1,4,2026
56807,2026-04-01 15:00:00.000,D17,LA MAISON A L'ENVERS,0.00,0.00,0.0,15,0,14,1,4,2026
56825,2026-04-01 16:00:00.000,D17,LA MAISON A L'ENVERS,0.00,0.00,0.0,16,0,14,1,4,2026
56843,2026-04-01 17:00:00.000,D17,LA MAISON A L'ENVERS,0.00,0.00,0.0,17,0,14,1,4,2026
56861,2026-04-01 18:00:00.000,D17,LA MAISON A L'ENVERS,0.00,0.00,0.0,18,0,14,1,4,2026
56879,2026-04-01 19:00:00.000,D17,LA MAISON A L'ENVERS,0.00,0.00,0.0,19,0,14,1,4,2026
56897,2026-04-01 20:00:00.000,D17,LA MAISON A L'ENVERS,0.00,0.00,0.0,20,0,14,1,4,2026
56915,2026-04-01 21:00:00.000,D17,LA MAISON A L'ENVERS,0.00,0.00,0.0,21,0,14,1,4,2026
56933,2026-04-01 22:00:00.000,D17,LA MAISON A L'ENVERS,0.00,0.00,0.0,22,0,14,1,4,2026
56951,2026-04-01 23:00:00.000,D17,LA MAISON A L'ENVERS,0.00,0.00,0.0,23,0,14,1,4,2026
56969,2026-04-02 00:00:00.000,D17,LA MAISON A L'ENVERS,0.00,0.00,0.0,0,0,14,2,4,2026
56987,2026-04-02 01:00:00.000,D17,LA MAISON A L'ENVERS,0.00,0.00,0.0,1,0,14,2,4,2026
57005,2026-04-02 02:00:00.000,D17,LA MAISON A L'ENVERS,0.00,0.00,0.0,2,0,14,2,4,2026
57023,2026-04-02 03:00:00.000,D17,LA MAISON A L'ENVERS,0.00,0.00,0.0,3,0,14,2,4,2026
57041,2026-04-02 04:00:00.000,D17,LA MAISON A L'ENVERS,0.00,0.00,0.0,4,0,14,2,4,2026
57059,2026-04-02 05:00:00.000,D17,LA MAISON A L'ENVERS,0.00,0.00,0.0,5,0,14,2,4,2026
57077,2026-04-02 06:00:00.000,D17,LA MAISON A L'ENVERS,0.00,0.00,0.0,6,0,14,2,4,2026
57095,2026-04-02 07:00:00.000,D17,LA MAISON A L'ENVERS,0.00,0.00,0.0,7,0,14,2,4,2026
57113,2026-04-02 08:00:00.000,D17,LA MAISON A L'ENVERS,0.00,0.00,0.0,8,0,14,2,4,2026
57633,2026-04-02 09:00:00.000,D17,LA MAISON A L'ENVERS,0.00,0.00,0.0,9,0,14,2,4,2026
57652,2026-04-02 10:00:00.000,D17,LA MAISON A L'ENVERS,0.00,0.00,0.0,10,0,14,2,4,2026
57671,2026-04-02 11:00:00.000,D17,LA MAISON A L'ENVERS,0.00,0.00,0.0,11,0,14,2,4,2026
57690,2026-04-02 12:00:00.000,D17,LA MAISON A L'ENVERS,0.00,0.00,0.0,12,0,14,2,4,2026
57709,2026-04-02 13:00:00.000,D17,LA MAISON A L'ENVERS,0.00,0.00,0.0,13,0,14,2,4,2026
57728,2026-04-02 14:00:00.000,D17,LA MAISON A L'ENVERS,0.00,0.00,0.0,14,0,14,2,4,2026
57747,2026-04-02 15:00:00.000,D17,LA MAISON A L'ENVERS,0.00,0.00,0.0,15,0,14,2,4,2026
57767,2026-04-02 16:00:00.000,D17,LA MAISON A L'ENVERS,0.00,0.00,0.0,16,0,14,2,4,2026
57787,2026-04-02 17:00:00.000,D17,LA MAISON A L'ENVERS,0.00,0.00,0.0,17,0,14,2,4,2026
57807,2026-04-02 18:00:00.000,D17,LA MAISON A L'ENVERS,0.00,0.00,0.0,18,0,14,2,4,2026
57827,2026-04-02 19:00:00.000,D17,LA MAISON A L'ENVERS,0.00,0.00,0.0,19,0,14,2,4,2026
57847,2026-04-02 20:00:00.000,D17,LA MAISON A L'ENVERS,0.00,0.00,0.0,20,0,14,2,4,2026
57867,2026-04-02 21:00:00.000,D17,LA MAISON A L'ENVERS,0.00,0.00,0.0,21,0,14,2,4,2026
57887,2026-04-02 22:00:00.000,D17,LA MAISON A L'ENVERS,0.00,0.00,0.0,22,0,14,2,4,2026
57907,2026-04-02 23:00:00.000,D17,LA MAISON A L'ENVERS,0.00,0.00,0.0,23,0,14,2,4,2026
57927,2026-04-03 00:00:00.000,D17,LA MAISON A L'ENVERS,0.00,0.00,0.0,0,0,14,3,4,2026
57947,2026-04-03 01:00:00.000,D17,LA MAISON A L'ENVERS,0.00,0.00,0.0,1,0,14,3,4,2026
57967,2026-04-03 02:00:00.000,D17,LA MAISON A L'ENVERS,0.00,0.00,0.0,2,0,14,3,4,2026
57987,2026-04-03 03:00:00.000,D17,LA MAISON A L'ENVERS,0.00,0.00,0.0,3,0,14,3,4,2026
58007,2026-04-03 04:00:00.000,D17,LA MAISON A L'ENVERS,0.00,0.00,0.0,4,0,14,3,4,2026
58027,2026-04-03 05:00:00.000,D17,LA MAISON A L'ENVERS,0.00,0.00,0.0,5,0,14,3,4,2026
58047,2026-04-03 06:00:00.000,D17,LA MAISON A L'ENVERS,0.00,0.00,0.0,6,0,14,3,4,2026
58066,2026-04-03 07:00:00.000,D17,LA MAISON A L'ENVERS,0.00,0.00,0.0,7,0,14,3,4,2026
58084,2026-04-03 08:00:00.000,D17,LA MAISON A L'ENVERS,0.00,0.00,0.0,8,0,14,3,4,2026
58103,2026-04-03 09:00:00.000,D17,LA MAISON A L'ENVERS,0.00,0.00,0.0,9,0,14,3,4,2026
58624,2026-04-03 10:00:00.000,D17,LA MAISON A L'ENVERS,0.00,0.00,0.0,10,0,14,3,4,2026
58644,2026-04-03 11:00:00.000,D17,LA MAISON A L'ENVERS,0.00,0.00,0.0,11,0,14,3,4,2026
58664,2026-04-03 12:00:00.000,D17,LA MAISON A L'ENVERS,0.00,0.00,0.0,12,0,14,3,4,2026
58684,2026-04-03 13:00:00.000,D17,LA MAISON A L'ENVERS,0.00,0.00,0.0,13,0,14,3,4,2026
58704,2026-04-03 14:00:00.000,D17,LA MAISON A L'ENVERS,0.00,0.00,0.0,14,0,14,3,4,2026
58724,2026-04-03 15:00:00.000,D17,LA MAISON A L'ENVERS,0.00,0.00,0.0,15,0,14,3,4,2026
58744,2026-04-03 16:00:00.000,D17,LA MAISON A L'ENVERS,0.00,0.00,0.0,16,0,14,3,4,2026
58764,2026-04-03 17:00:00.000,D17,LA MAISON A L'ENVERS,0.00,0.00,0.0,17,0,14,3,4,2026
58784,2026-04-03 18:00:00.000,D17,LA MAISON A L'ENVERS,0.00,0.00,0.0,18,0,14,3,4,2026
58804,2026-04-03 19:00:00.000,D17,LA MAISON A L'ENVERS,0.00,0.00,0.0,19,0,14,3,4,2026
58824,2026-04-03 20:00:00.000,D17,LA MAISON A L'ENVERS,0.00,0.00,0.0,20,0,14,3,4,2026
58844,2026-04-03 21:00:00.000,D17,LA MAISON A L'ENVERS,0.00,0.00,0.0,21,0,14,3,4,2026
58864,2026-04-03 22:00:00.000,D17,LA MAISON A L'ENVERS,0.00,0.00,0.0,22,0,14,3,4,2026
58884,2026-04-03 23:00:00.000,D17,LA MAISON A L'ENVERS,0.00,0.00,0.0,23,0,14,3,4,2026
58904,2026-04-04 00:00:00.000,D17,LA MAISON A L'ENVERS,0.00,0.00,0.0,0,0,14,4,4,2026
58924,2026-04-04 01:00:00.000,D17,LA MAISON A L'ENVERS,0.00,0.00,0.0,1,0,14,4,4,2026
58944,2026-04-04 02:00:00.000,D17,LA MAISON A L'ENVERS,0.00,0.00,0.0,2,0,14,4,4,2026
58964,2026-04-04 03:00:00.000,D17,LA MAISON A L'ENVERS,0.00,0.00,0.0,3,0,14,4,4,2026
58984,2026-04-04 04:00:00.000,D17,LA MAISON A L'ENVERS,0.00,0.00,0.0,4,0,14,4,4,2026
59004,2026-04-04 05:00:00.000,D17,LA MAISON A L'ENVERS,0.00,0.00,0.0,5,0,14,4,4,2026
59024,2026-04-04 06:00:00.000,D17,LA MAISON A L'ENVERS,0.00,0.00,0.0,6,0,14,4,4,2026
59044,2026-04-04 07:00:00.000,D17,LA MAISON A L'ENVERS,0.00,0.00,0.0,7,0,14,4,4,2026
59066,2026-04-04 08:00:00.000,D17,LA MAISON A L'ENVERS,0.00,0.00,0.0,8,0,14,4,4,2026
59088,2026-04-04 09:00:00.000,D17,LA MAISON A L'ENVERS,0.00,0.00,0.0,9,0,14,4,4,2026
59110,2026-04-04 10:00:00.000,D17,LA MAISON A L'ENVERS,0.00,0.00,0.0,10,0,14,4,4,2026
59633,2026-04-04 11:00:00.000,D17,LA MAISON A L'ENVERS,0.00,0.00,0.0,11,0,14,4,4,2026
59655,2026-04-04 12:00:00.000,D17,LA MAISON A L'ENVERS,0.00,0.00,0.0,12,0,14,4,4,2026
59677,2026-04-04 13:00:00.000,D17,LA MAISON A L'ENVERS,0.00,0.00,0.0,13,0,14,4,4,2026
59699,2026-04-04 14:00:00.000,D17,LA MAISON A L'ENVERS,0.00,0.00,0.0,14,0,14,4,4,2026
59721,2026-04-04 15:00:00.000,D17,LA MAISON A L'ENVERS,0.00,0.00,0.0,15,0,14,4,4,2026
59743,2026-04-04 16:00:00.000,D17,LA MAISON A L'ENVERS,0.00,0.00,0.0,16,0,14,4,4,2026
59765,2026-04-04 17:00:00.000,D17,LA MAISON A L'ENVERS,0.00,0.00,0.0,17,0,14,4,4,2026
59787,2026-04-04 18:00:00.000,D17,LA MAISON A L'ENVERS,0.00,0.00,0.0,18,0,14,4,4,2026
59809,2026-04-04 19:00:00.000,D17,LA MAISON A L'ENVERS,0.00,0.00,0.0,19,0,14,4,4,2026
59831,2026-04-04 20:00:00.000,D17,LA MAISON A L'ENVERS,0.00,0.00,0.0,20,0,14,4,4,2026
59853,2026-04-04 21:00:00.000,D17,LA MAISON A L'ENVERS,0.00,0.00,0.0,21,0,14,4,4,2026
59875,2026-04-04 22:00:00.000,D17,LA MAISON A L'ENVERS,0.00,0.00,0.0,22,0,14,4,4,2026
59897,2026-04-04 23:00:00.000,D17,LA MAISON A L'ENVERS,0.00,0.00,0.0,23,0,14,4,4,2026
59919,2026-04-05 00:00:00.000,D17,LA MAISON A L'ENVERS,0.00,0.00,0.0,0,0,15,5,4,2026
59941,2026-04-05 01:00:00.000,D17,LA MAISON A L'ENVERS,0.00,0.00,0.0,1,0,15,5,4,2026
59963,2026-04-05 02:00:00.000,D17,LA MAISON A L'ENVERS,0.00,0.00,0.0,2,0,15,5,4,2026
59985,2026-04-05 03:00:00.000,D17,LA MAISON A L'ENVERS,0.00,0.00,0.0,3,0,15,5,4,2026
60007,2026-04-05 04:00:00.000,D17,LA MAISON A L'ENVERS,0.00,0.00,0.0,4,0,15,5,4,2026
60029,2026-04-05 05:00:00.000,D17,LA MAISON A L'ENVERS,0.00,0.00,0.0,5,0,15,5,4,2026
60051,2026-04-05 06:00:00.000,D17,LA MAISON A L'ENVERS,0.00,0.00,0.0,6,0,15,5,4,2026
60074,2026-04-05 07:00:00.000,D17,LA MAISON A L'ENVERS,0.00,0.00,0.0,7,0,15,5,4,2026
60097,2026-04-05 08:00:00.000,D17,LA MAISON A L'ENVERS,0.00,0.00,0.0,8,0,15,5,4,2026
60621,2026-04-05 09:00:00.000,D17,LA MAISON A L'ENVERS,0.00,0.00,0.0,9,0,15,5,4,2026
60644,2026-04-05 10:00:00.000,D17,LA MAISON A L'ENVERS,0.00,0.90,0.9,10,0,15,5,4,2026
60667,2026-04-05 11:00:00.000,D17,LA MAISON A L'ENVERS,0.00,1.00,1.0,11,0,15,5,4,2026
60690,2026-04-05 12:00:00.000,D17,LA MAISON A L'ENVERS,0.00,1.00,1.0,12,0,15,5,4,2026
60713,2026-04-05 13:00:00.000,D17,LA MAISON A L'ENVERS,0.00,1.00,1.0,13,0,15,5,4,2026
60736,2026-04-05 14:00:00.000,D17,LA MAISON A L'ENVERS,0.00,1.00,1.0,14,0,15,5,4,2026
60759,2026-04-05 15:00:00.000,D17,LA MAISON A L'ENVERS,0.00,1.00,1.0,15,0,15,5,4,2026
60782,2026-04-05 16:00:00.000,D17,LA MAISON A L'ENVERS,0.00,1.00,1.0,16,0,15,5,4,2026
60805,2026-04-05 17:00:00.000,D17,LA MAISON A L'ENVERS,0.00,1.00,1.0,17,0,15,5,4,2026
60828,2026-04-05 18:00:00.000,D17,LA MAISON A L'ENVERS,0.00,1.00,1.0,18,0,15,5,4,2026
60851,2026-04-05 19:00:00.000,D17,LA MAISON A L'ENVERS,0.00,1.00,1.0,19,0,15,5,4,2026
60874,2026-04-05 20:00:00.000,D17,LA MAISON A L'ENVERS,0.00,1.00,1.0,20,0,15,5,4,2026
60897,2026-04-05 21:00:00.000,D17,LA MAISON A L'ENVERS,0.05,0.75,0.7,21,0,15,5,4,2026
60920,2026-04-05 22:00:00.000,D17,LA MAISON A L'ENVERS,0.00,0.00,0.0,22,0,15,5,4,2026
60943,2026-04-05 23:00:00.000,D17,LA MAISON A L'ENVERS,0.00,0.00,0.0,23,0,15,5,4,2026
60966,2026-04-06 00:00:00.000,D17,LA MAISON A L'ENVERS,0.00,0.00,0.0,0,0,15,6,4,2026
60989,2026-04-06 01:00:00.000,D17,LA MAISON A L'ENVERS,0.00,0.00,0.0,1,0,15,6,4,2026
61012,2026-04-06 02:00:00.000,D17,LA MAISON A L'ENVERS,0.00,0.00,0.0,2,0,15,6,4,2026
61035,2026-04-06 03:00:00.000,D17,LA MAISON A L'ENVERS,0.00,0.00,0.0,3,0,15,6,4,2026
61058,2026-04-06 04:00:00.000,D17,LA MAISON A L'ENVERS,0.00,0.00,0.0,4,0,15,6,4,2026
61081,2026-04-06 05:00:00.000,D17,LA MAISON A L'ENVERS,0.00,0.00,0.0,5,0,15,6,4,2026
61104,2026-04-06 06:00:00.000,D17,LA MAISON A L'ENVERS,0.00,0.00,0.0,6,0,15,6,4,2026
61627,2026-04-06 07:00:00.000,D17,LA MAISON A L'ENVERS,0.00,0.00,0.0,7,0,15,6,4,2026
61649,2026-04-06 08:00:00.000,D17,LA MAISON A L'ENVERS,0.00,0.00,0.0,8,0,15,6,4,2026
61671,2026-04-06 09:00:00.000,D17,LA MAISON A L'ENVERS,0.00,0.00,0.0,9,0,15,6,4,2026
61693,2026-04-06 10:00:00.000,D17,LA MAISON A L'ENVERS,0.00,0.00,0.0,10,0,15,6,4,2026
61715,2026-04-06 11:00:00.000,D17,LA MAISON A L'ENVERS,0.00,0.70,0.7,11,0,15,6,4,2026
61737,2026-04-06 12:00:00.000,D17,LA MAISON A L'ENVERS,0.00,1.00,1.0,12,0,15,6,4,2026
61759,2026-04-06 13:00:00.000,D17,LA MAISON A L'ENVERS,0.00,1.00,1.0,13,0,15,6,4,2026
61781,2026-04-06 14:00:00.000,D17,LA MAISON A L'ENVERS,0.00,1.00,1.0,14,0,15,6,4,2026
61803,2026-04-06 15:00:00.000,D17,LA MAISON A L'ENVERS,0.00,1.00,1.0,15,0,15,6,4,2026
61825,2026-04-06 16:00:00.000,D17,LA MAISON A L'ENVERS,0.00,1.00,1.0,16,0,15,6,4,2026
61847,2026-04-06 17:00:00.000,D17,LA MAISON A L'ENVERS,0.00,1.00,1.0,17,0,15,6,4,2026
61869,2026-04-06 18:00:00.000,D17,LA MAISON A L'ENVERS,0.00,1.00,1.0,18,0,15,6,4,2026
61891,2026-04-06 19:00:00.000,D17,LA MAISON A L'ENVERS,0.00,1.00,1.0,19,0,15,6,4,2026
61913,2026-04-06 20:00:00.000,D17,LA MAISON A L'ENVERS,0.00,1.00,1.0,20,0,15,6,4,2026
61935,2026-04-06 21:00:00.000,D17,LA MAISON A L'ENVERS,0.00,0.05,0.05,21,0,15,6,4,2026
61957,2026-04-06 22:00:00.000,D17,LA MAISON A L'ENVERS,0.00,0.00,0.0,22,0,15,6,4,2026
61979,2026-04-06 23:00:00.000,D17,LA MAISON A L'ENVERS,0.00,0.00,0.0,23,0,15,6,4,2026
62001,2026-04-07 00:00:00.000,D17,LA MAISON A L'ENVERS,0.00,0.00,0.0,0,0,15,7,4,2026
62023,2026-04-07 01:00:00.000,D17,LA MAISON A L'ENVERS,0.00,0.00,0.0,1,0,15,7,4,2026
62045,2026-04-07 02:00:00.000,D17,LA MAISON A L'ENVERS,0.00,0.00,0.0,2,0,15,7,4,2026
62067,2026-04-07 03:00:00.000,D17,LA MAISON A L'ENVERS,0.00,0.00,0.0,3,0,15,7,4,2026
62089,2026-04-07 04:00:00.000,D17,LA MAISON A L'ENVERS,0.00,0.00,0.0,4,0,15,7,4,2026
62111,2026-04-07 05:00:00.000,D17,LA MAISON A L'ENVERS,0.00,0.00,0.0,5,0,15,7,4,2026
62634,2026-04-07 06:00:00.000,D17,LA MAISON A L'ENVERS,0.00,0.00,0.0,6,0,15,7,4,2026
62656,2026-04-07 07:00:00.000,D17,LA MAISON A L'ENVERS,0.00,0.00,0.0,7,0,15,7,4,2026
62678,2026-04-07 08:00:00.000,D17,LA MAISON A L'ENVERS,0.00,0.00,0.0,8,0,15,7,4,2026
62700,2026-04-07 09:00:00.000,D17,LA MAISON A L'ENVERS,0.00,0.00,0.0,9,0,15,7,4,2026
62722,2026-04-07 10:00:00.000,D17,LA MAISON A L'ENVERS,0.00,0.05,0.05,10,0,15,7,4,2026
62744,2026-04-07 11:00:00.000,D17,LA MAISON A L'ENVERS,0.00,1.00,1.0,11,0,15,7,4,2026
62766,2026-04-07 12:00:00.000,D17,LA MAISON A L'ENVERS,0.00,1.00,1.0,12,0,15,7,4,2026
62788,2026-04-07 13:00:00.000,D17,LA MAISON A L'ENVERS,0.00,1.00,1.0,13,0,15,7,4,2026
62810,2026-04-07 14:00:00.000,D17,LA MAISON A L'ENVERS,0.00,1.00,1.0,14,0,15,7,4,2026
62832,2026-04-07 15:00:00.000,D17,LA MAISON A L'ENVERS,0.00,1.00,1.0,15,0,15,7,4,2026
62854,2026-04-07 16:00:00.000,D17,LA MAISON A L'ENVERS,0.00,1.00,1.0,16,0,15,7,4,2026
62876,2026-04-07 17:00:00.000,D17,LA MAISON A L'ENVERS,0.00,1.00,1.0,17,0,15,7,4,2026
62898,2026-04-07 18:00:00.000,D17,LA MAISON A L'ENVERS,0.00,1.00,1.0,18,0,15,7,4,2026
62920,2026-04-07 19:00:00.000,D17,LA MAISON A L'ENVERS,0.00,1.00,1.0,19,0,15,7,4,2026
62942,2026-04-07 20:00:00.000,D17,LA MAISON A L'ENVERS,0.00,1.00,1.0,20,0,15,7,4,2026
62964,2026-04-07 21:00:00.000,D17,LA MAISON A L'ENVERS,0.00,1.00,1.0,21,0,15,7,4,2026
62986,2026-04-07 22:00:00.000,D17,LA MAISON A L'ENVERS,0.00,1.00,1.0,22,0,15,7,4,2026
63008,2026-04-07 23:00:00.000,D17,LA MAISON A L'ENVERS,0.00,1.00,1.0,23,0,15,7,4,2026
63030,2026-04-08 00:00:00.000,D17,LA MAISON A L'ENVERS,0.00,1.00,1.0,0,0,15,8,4,2026
63052,2026-04-08 01:00:00.000,D17,LA MAISON A L'ENVERS,0.00,1.00,1.0,1,0,15,8,4,2026
63074,2026-04-08 02:00:00.000,D17,LA MAISON A L'ENVERS,0.00,1.00,1.0,2,0,15,8,4,2026
63096,2026-04-08 03:00:00.000,D17,LA MAISON A L'ENVERS,0.00,1.00,1.0,3,0,15,8,4,2026
63118,2026-04-08 04:00:00.000,D17,LA MAISON A L'ENVERS,0.00,1.00,1.0,4,0,15,8,4,2026
63641,2026-04-08 05:00:00.000,D17,LA MAISON A L'ENVERS,0.00,1.00,1.0,5,0,15,8,4,2026
63663,2026-04-08 06:00:00.000,D17,LA MAISON A L'ENVERS,0.00,1.00,1.0,6,0,15,8,4,2026
63685,2026-04-08 07:00:00.000,D17,LA MAISON A L'ENVERS,0.00,0.00,0.0,7,0,15,8,4,2026
63707,2026-04-08 08:00:00.000,D17,LA MAISON A L'ENVERS,0.00,0.00,0.0,8,0,15,8,4,2026
63729,2026-04-08 09:00:00.000,D17,LA MAISON A L'ENVERS,0.00,0.00,0.0,9,0,15,8,4,2026
63751,2026-04-08 10:00:00.000,D17,LA MAISON A L'ENVERS,0.00,0.00,0.0,10,0,15,8,4,2026
63773,2026-04-08 11:00:00.000,D17,LA MAISON A L'ENVERS,0.00,0.00,0.0,11,0,15,8,4,2026
63795,2026-04-08 12:00:00.000,D17,LA MAISON A L'ENVERS,0.00,0.00,0.0,12,0,15,8,4,2026
63817,2026-04-08 13:00:00.000,D17,LA MAISON A L'ENVERS,0.00,0.00,0.0,13,0,15,8,4,2026
63839,2026-04-08 14:00:00.000,D17,LA MAISON A L'ENVERS,0.00,0.00,0.0,14,0,15,8,4,2026
63861,2026-04-08 15:00:00.000,D17,LA MAISON A L'ENVERS,0.00,0.00,0.0,15,0,15,8,4,2026
63883,2026-04-08 16:00:00.000,D17,LA MAISON A L'ENVERS,0.00,0.00,0.0,16,0,15,8,4,2026
63905,2026-04-08 17:00:00.000,D17,LA MAISON A L'ENVERS,0.00,0.00,0.0,17,0,15,8,4,2026
63927,2026-04-08 18:00:00.000,D17,LA MAISON A L'ENVERS,0.00,0.00,0.0,18,0,15,8,4,2026
63949,2026-04-08 19:00:00.000,D17,LA MAISON A L'ENVERS,0.00,0.00,0.0,19,0,15,8,4,2026
63971,2026-04-08 20:00:00.000,D17,LA MAISON A L'ENVERS,0.00,0.00,0.0,20,0,15,8,4,2026
63993,2026-04-08 21:00:00.000,D17,LA MAISON A L'ENVERS,0.00,0.00,0.0,21,0,15,8,4,2026
64015,2026-04-08 22:00:00.000,D17,LA MAISON A L'ENVERS,0.00,0.00,0.0,22,0,15,8,4,2026
64037,2026-04-08 23:00:00.000,D17,LA MAISON A L'ENVERS,0.00,0.00,0.0,23,0,15,8,4,2026
64059,2026-04-09 00:00:00.000,D17,LA MAISON A L'ENVERS,0.00,0.00,0.0,0,0,15,9,4,2026
64081,2026-04-09 01:00:00.000,D17,LA MAISON A L'ENVERS,0.00,0.00,0.0,1,0,15,9,4,2026
64103,2026-04-09 02:00:00.000,D17,LA MAISON A L'ENVERS,0.00,0.00,0.0,2,0,15,9,4,2026
64125,2026-04-09 03:00:00.000,D17,LA MAISON A L'ENVERS,0.00,0.00,0.0,3,0,15,9,4,2026
64648,2026-04-09 04:00:00.000,D17,LA MAISON A L'ENVERS,0.00,0.00,0.0,4,0,15,9,4,2026
64670,2026-04-09 05:00:00.000,D17,LA MAISON A L'ENVERS,0.00,0.00,0.0,5,0,15,9,4,2026
64692,2026-04-09 06:00:00.000,D17,LA MAISON A L'ENVERS,0.00,0.00,0.0,6,0,15,9,4,2026
64714,2026-04-09 07:00:00.000,D17,LA MAISON A L'ENVERS,0.00,0.00,0.0,7,0,15,9,4,2026
64736,2026-04-09 08:00:00.000,D17,LA MAISON A L'ENVERS,0.00,0.00,0.0,8,0,15,9,4,2026
64758,2026-04-09 09:00:00.000,D17,LA MAISON A L'ENVERS,0.00,0.00,0.0,9,0,15,9,4,2026
64780,2026-04-09 10:00:00.000,D17,LA MAISON A L'ENVERS,0.00,0.00,0.0,10,0,15,9,4,2026
64802,2026-04-09 11:00:00.000,D17,LA MAISON A L'ENVERS,0.00,0.00,0.0,11,0,15,9,4,2026
64824,2026-04-09 12:00:00.000,D17,LA MAISON A L'ENVERS,0.00,0.00,0.0,12,0,15,9,4,2026
64846,2026-04-09 13:00:00.000,D17,LA MAISON A L'ENVERS,0.00,0.65,0.65,13,0,15,9,4,2026
64868,2026-04-09 14:00:00.000,D17,LA MAISON A L'ENVERS,0.00,1.00,1.0,14,0,15,9,4,2026
64890,2026-04-09 15:00:00.000,D17,LA MAISON A L'ENVERS,0.00,1.00,1.0,15,0,15,9,4,2026
64912,2026-04-09 16:00:00.000,D17,LA MAISON A L'ENVERS,0.00,1.00,1.0,16,0,15,9,4,2026
64934,2026-04-09 17:00:00.000,D17,LA MAISON A L'ENVERS,0.00,1.00,1.0,17,0,15,9,4,2026
64956,2026-04-09 18:00:00.000,D17,LA MAISON A L'ENVERS,0.00,1.00,1.0,18,0,15,9,4,2026
64978,2026-04-09 19:00:00.000,D17,LA MAISON A L'ENVERS,0.00,1.00,1.0,19,0,15,9,4,2026
65000,2026-04-09 20:00:00.000,D17,LA MAISON A L'ENVERS,0.00,1.00,1.0,20,0,15,9,4,2026
65022,2026-04-09 21:00:00.000,D17,LA MAISON A L'ENVERS,0.00,1.00,1.0,21,0,15,9,4,2026
65044,2026-04-09 22:00:00.000,D17,LA MAISON A L'ENVERS,0.00,1.00,1.0,22,0,15,9,4,2026
65066,2026-04-09 23:00:00.000,D17,LA MAISON A L'ENVERS,0.00,1.00,1.0,23,0,15,9,4,2026
65088,2026-04-10 00:00:00.000,D17,LA MAISON A L'ENVERS,0.00,1.00,1.0,0,0,15,10,4,2026
65110,2026-04-10 01:00:00.000,D17,LA MAISON A L'ENVERS,0.00,1.00,1.0,1,0,15,10,4,2026
65633,2026-04-10 02:00:00.000,D17,LA MAISON A L'ENVERS,0.00,1.00,1.0,2,0,15,10,4,2026
65655,2026-04-10 03:00:00.000,D17,LA MAISON A L'ENVERS,0.00,1.00,1.0,3,0,15,10,4,2026
65677,2026-04-10 04:00:00.000,D17,LA MAISON A L'ENVERS,0.00,1.00,1.0,4,0,15,10,4,2026
65699,2026-04-10 05:00:00.000,D17,LA MAISON A L'ENVERS,0.00,1.00,1.0,5,0,15,10,4,2026
65721,2026-04-10 06:00:00.000,D17,LA MAISON A L'ENVERS,0.00,1.00,1.0,6,0,15,10,4,2026
65743,2026-04-10 07:00:00.000,D17,LA MAISON A L'ENVERS,0.00,0.00,0.0,7,0,15,10,4,2026
65764,2026-04-10 08:00:00.000,D17,LA MAISON A L'ENVERS,0.00,0.00,0.0,8,0,15,10,4,2026
65785,2026-04-10 09:00:00.000,D17,LA MAISON A L'ENVERS,0.00,0.00,0.0,9,0,15,10,4,2026
65807,2026-04-10 10:00:00.000,D17,LA MAISON A L'ENVERS,0.00,0.00,0.0,10,0,15,10,4,2026
65829,2026-04-10 11:00:00.000,D17,LA MAISON A L'ENVERS,0.00,0.00,0.0,11,0,15,10,4,2026
65851,2026-04-10 12:00:00.000,D17,LA MAISON A L'ENVERS,0.00,0.00,0.0,12,0,15,10,4,2026
65873,2026-04-10 13:00:00.000,D17,LA MAISON A L'ENVERS,0.00,0.00,0.0,13,0,15,10,4,2026
65895,2026-04-10 14:00:00.000,D17,LA MAISON A L'ENVERS,0.00,0.00,0.0,14,0,15,10,4,2026
65917,2026-04-10 15:00:00.000,D17,LA MAISON A L'ENVERS,0.00,0.00,0.0,15,0,15,10,4,2026
65939,2026-04-10 16:00:00.000,D17,LA MAISON A L'ENVERS,0.00,0.00,0.0,16,0,15,10,4,2026
65961,2026-04-10 17:00:00.000,D17,LA MAISON A L'ENVERS,0.00,0.00,0.0,17,0,15,10,4,2026
65983,2026-04-10 18:00:00.000,D17,LA MAISON A L'ENVERS,0.00,0.00,0.0,18,0,15,10,4,2026
66005,2026-04-10 19:00:00.000,D17,LA MAISON A L'ENVERS,0.00,0.00,0.0,19,0,15,10,4,2026
66027,2026-04-10 20:00:00.000,D17,LA MAISON A L'ENVERS,0.00,0.00,0.0,20,0,15,10,4,2026
66049,2026-04-10 21:00:00.000,D17,LA MAISON A L'ENVERS,0.00,0.00,0.0,21,0,15,10,4,2026
66071,2026-04-10 22:00:00.000,D17,LA MAISON A L'ENVERS,0.00,0.00,0.0,22,0,15,10,4,2026
66093,2026-04-10 23:00:00.000,D17,LA MAISON A L'ENVERS,0.00,0.00,0.0,23,0,15,10,4,2026
66115,2026-04-11 00:00:00.000,D17,LA MAISON A L'ENVERS,0.00,0.00,0.0,0,0,15,11,4,2026
66638,2026-04-11 01:00:00.000,D17,LA MAISON A L'ENVERS,0.00,0.00,0.0,1,0,15,11,4,2026
66660,2026-04-11 02:00:00.000,D17,LA MAISON A L'ENVERS,0.00,0.00,0.0,2,0,15,11,4,2026
66682,2026-04-11 03:00:00.000,D17,LA MAISON A L'ENVERS,0.00,0.00,0.0,3,0,15,11,4,2026
66704,2026-04-11 04:00:00.000,D17,LA MAISON A L'ENVERS,0.00,0.00,0.0,4,0,15,11,4,2026
66726,2026-04-11 05:00:00.000,D17,LA MAISON A L'ENVERS,0.00,0.00,0.0,5,0,15,11,4,2026
66748,2026-04-11 06:00:00.000,D17,LA MAISON A L'ENVERS,0.00,0.00,0.0,6,0,15,11,4,2026
66770,2026-04-11 07:00:00.000,D17,LA MAISON A L'ENVERS,0.00,0.00,0.0,7,0,15,11,4,2026
66792,2026-04-11 08:00:00.000,D17,LA MAISON A L'ENVERS,0.00,0.00,0.0,8,0,15,11,4,2026
66814,2026-04-11 09:00:00.000,D17,LA MAISON A L'ENVERS,0.00,0.00,0.0,9,0,15,11,4,2026
66836,2026-04-11 10:00:00.000,D17,LA MAISON A L'ENVERS,0.00,0.00,0.0,10,0,15,11,4,2026
66858,2026-04-11 11:00:00.000,D17,LA MAISON A L'ENVERS,0.00,0.80,0.8,11,0,15,11,4,2026
66880,2026-04-11 12:00:00.000,D17,LA MAISON A L'ENVERS,0.00,1.00,1.0,12,0,15,11,4,2026
66902,2026-04-11 13:00:00.000,D17,LA MAISON A L'ENVERS,0.00,1.00,1.0,13,0,15,11,4,2026
66924,2026-04-11 14:00:00.000,D17,LA MAISON A L'ENVERS,0.00,1.00,1.0,14,0,15,11,4,2026
66946,2026-04-11 15:00:00.000,D17,LA MAISON A L'ENVERS,0.00,1.00,1.0,15,0,15,11,4,2026
66968,2026-04-11 16:00:00.000,D17,LA MAISON A L'ENVERS,0.00,1.00,1.0,16,0,15,11,4,2026
66990,2026-04-11 17:00:00.000,D17,LA MAISON A L'ENVERS,0.00,1.00,1.0,17,0,15,11,4,2026
67012,2026-04-11 18:00:00.000,D17,LA MAISON A L'ENVERS,0.00,1.00,1.0,18,0,15,11,4,2026
67034,2026-04-11 19:00:00.000,D17,LA MAISON A L'ENVERS,0.00,1.00,1.0,19,0,15,11,4,2026
67056,2026-04-11 20:00:00.000,D17,LA MAISON A L'ENVERS,0.00,1.00,1.0,20,0,15,11,4,2026
67078,2026-04-11 21:00:00.000,D17,LA MAISON A L'ENVERS,0.00,1.00,1.0,21,0,15,11,4,2026
67100,2026-04-11 22:00:00.000,D17,LA MAISON A L'ENVERS,0.00,1.00,1.0,22,0,15,11,4,2026
67122,2026-04-11 23:00:00.000,D17,LA MAISON A L'ENVERS,0.00,1.00,1.0,23,0,15,11,4,2026
67645,2026-04-12 00:00:00.000,D17,LA MAISON A L'ENVERS,0.00,1.00,1.0,0,0,16,12,4,2026
67667,2026-04-12 01:00:00.000,D17,LA MAISON A L'ENVERS,0.00,1.00,1.0,1,0,16,12,4,2026
67689,2026-04-12 02:00:00.000,D17,LA MAISON A L'ENVERS,0.00,1.00,1.0,2,0,16,12,4,2026
67711,2026-04-12 03:00:00.000,D17,LA MAISON A L'ENVERS,0.00,1.00,1.0,3,0,16,12,4,2026
67733,2026-04-12 04:00:00.000,D17,LA MAISON A L'ENVERS,0.00,1.00,1.0,4,0,16,12,4,2026
67755,2026-04-12 05:00:00.000,D17,LA MAISON A L'ENVERS,0.00,1.00,1.0,5,0,16,12,4,2026
67777,2026-04-12 06:00:00.000,D17,LA MAISON A L'ENVERS,0.00,1.00,1.0,6,0,16,12,4,2026
67799,2026-04-12 07:00:00.000,D17,LA MAISON A L'ENVERS,0.00,0.00,0.0,7,0,16,12,4,2026
67821,2026-04-12 08:00:00.000,D17,LA MAISON A L'ENVERS,0.00,0.00,0.0,8,0,16,12,4,2026
67843,2026-04-12 09:00:00.000,D17,LA MAISON A L'ENVERS,0.00,0.00,0.0,9,0,16,12,4,2026
67865,2026-04-12 10:00:00.000,D17,LA MAISON A L'ENVERS,0.00,0.00,0.0,10,0,16,12,4,2026
67887,2026-04-12 11:00:00.000,D17,LA MAISON A L'ENVERS,0.00,0.00,0.0,11,0,16,12,4,2026
67909,2026-04-12 12:00:00.000,D17,LA MAISON A L'ENVERS,0.00,0.45,0.45,12,0,16,12,4,2026
67931,2026-04-12 13:00:00.000,D17,LA MAISON A L'ENVERS,0.00,1.00,1.0,13,0,16,12,4,2026
67953,2026-04-12 14:00:00.000,D17,LA MAISON A L'ENVERS,0.00,1.00,1.0,14,0,16,12,4,2026
67975,2026-04-12 15:00:00.000,D17,LA MAISON A L'ENVERS,0.00,1.00,1.0,15,0,16,12,4,2026
67997,2026-04-12 16:00:00.000,D17,LA MAISON A L'ENVERS,0.00,1.00,1.0,16,0,16,12,4,2026
68019,2026-04-12 17:00:00.000,D17,LA MAISON A L'ENVERS,0.00,1.00,1.0,17,0,16,12,4,2026
68041,2026-04-12 18:00:00.000,D17,LA MAISON A L'ENVERS,0.00,1.00,1.0,18,0,16,12,4,2026
68063,2026-04-12 19:00:00.000,D17,LA MAISON A L'ENVERS,0.00,1.00,1.0,19,0,16,12,4,2026
68085,2026-04-12 20:00:00.000,D17,LA MAISON A L'ENVERS,0.00,1.00,1.0,20,0,16,12,4,2026
68107,2026-04-12 21:00:00.000,D17,LA MAISON A L'ENVERS,0.00,1.00,1.0,21,0,16,12,4,2026
68129,2026-04-12 22:00:00.000,D17,LA MAISON A L'ENVERS,0.00,1.00,1.0,22,0,16,12,4,2026
68652,2026-04-12 23:00:00.000,D17,LA MAISON A L'ENVERS,0.00,1.00,1.0,23,0,16,12,4,2026
68674,2026-04-13 00:00:00.000,D17,LA MAISON A L'ENVERS,0.00,1.00,1.0,0,0,16,13,4,2026
68696,2026-04-13 01:00:00.000,D17,LA MAISON A L'ENVERS,0.00,1.00,1.0,1,0,16,13,4,2026
68718,2026-04-13 02:00:00.000,D17,LA MAISON A L'ENVERS,0.00,1.00,1.0,2,0,16,13,4,2026
68740,2026-04-13 03:00:00.000,D17,LA MAISON A L'ENVERS,0.00,1.00,1.0,3,0,16,13,4,2026
68762,2026-04-13 04:00:00.000,D17,LA MAISON A L'ENVERS,0.00,1.00,1.0,4,0,16,13,4,2026
68784,2026-04-13 05:00:00.000,D17,LA MAISON A L'ENVERS,0.00,1.00,1.0,5,0,16,13,4,2026
68806,2026-04-13 06:00:00.000,D17,LA MAISON A L'ENVERS,0.00,1.00,1.0,6,0,16,13,4,2026
68828,2026-04-13 07:00:00.000,D17,LA MAISON A L'ENVERS,0.00,0.00,0.0,7,0,16,13,4,2026
68850,2026-04-13 08:00:00.000,D17,LA MAISON A L'ENVERS,0.00,0.00,0.0,8,0,16,13,4,2026
68872,2026-04-13 09:00:00.000,D17,LA MAISON A L'ENVERS,0.00,0.00,0.0,9,0,16,13,4,2026
68894,2026-04-13 10:00:00.000,D17,LA MAISON A L'ENVERS,0.00,0.00,0.0,10,0,16,13,4,2026
68916,2026-04-13 11:00:00.000,D17,LA MAISON A L'ENVERS,0.00,1.00,1.0,11,0,16,13,4,2026
68938,2026-04-13 12:00:00.000,D17,LA MAISON A L'ENVERS,0.00,1.00,1.0,12,0,16,13,4,2026
68960,2026-04-13 13:00:00.000,D17,LA MAISON A L'ENVERS,0.00,1.00,1.0,13,0,16,13,4,2026
68982,2026-04-13 14:00:00.000,D17,LA MAISON A L'ENVERS,0.00,1.00,1.0,14,0,16,13,4,2026
69004,2026-04-13 15:00:00.000,D17,LA MAISON A L'ENVERS,0.00,1.00,1.0,15,0,16,13,4,2026
69026,2026-04-13 16:00:00.000,D17,LA MAISON A L'ENVERS,0.00,1.00,1.0,16,0,16,13,4,2026
69048,2026-04-13 17:00:00.000,D17,LA MAISON A L'ENVERS,0.00,1.00,1.0,17,0,16,13,4,2026
69070,2026-04-13 18:00:00.000,D17,LA MAISON A L'ENVERS,0.00,1.00,1.0,18,0,16,13,4,2026
69092,2026-04-13 19:00:00.000,D17,LA MAISON A L'ENVERS,0.00,1.00,1.0,19,0,16,13,4,2026
69114,2026-04-13 20:00:00.000,D17,LA MAISON A L'ENVERS,0.00,1.00,1.0,20,0,16,13,4,2026
69136,2026-04-13 21:00:00.000,D17,LA MAISON A L'ENVERS,0.00,1.00,1.0,21,0,16,13,4,2026
69659,2026-04-13 22:00:00.000,D17,LA MAISON A L'ENVERS,0.00,1.00,1.0,22,0,16,13,4,2026
69681,2026-04-13 23:00:00.000,D17,LA MAISON A L'ENVERS,0.00,1.00,1.0,23,0,16,13,4,2026
69703,2026-04-14 00:00:00.000,D17,LA MAISON A L'ENVERS,0.00,1.00,1.0,0,0,16,14,4,2026
69725,2026-04-14 01:00:00.000,D17,LA MAISON A L'ENVERS,0.00,1.00,1.0,1,0,16,14,4,2026
69747,2026-04-14 02:00:00.000,D17,LA MAISON A L'ENVERS,0.00,1.00,1.0,2,0,16,14,4,2026
69769,2026-04-14 03:00:00.000,D17,LA MAISON A L'ENVERS,0.00,1.00,1.0,3,0,16,14,4,2026
69791,2026-04-14 04:00:00.000,D17,LA MAISON A L'ENVERS,0.00,1.00,1.0,4,0,16,14,4,2026
69813,2026-04-14 05:00:00.000,D17,LA MAISON A L'ENVERS,0.00,1.00,1.0,5,0,16,14,4,2026
69835,2026-04-14 06:00:00.000,D17,LA MAISON A L'ENVERS,0.00,1.00,1.0,6,0,16,14,4,2026
69857,2026-04-14 07:00:00.000,D17,LA MAISON A L'ENVERS,0.00,0.00,0.0,7,0,16,14,4,2026
69879,2026-04-14 08:00:00.000,D17,LA MAISON A L'ENVERS,0.00,0.00,0.0,8,0,16,14,4,2026
69901,2026-04-14 09:00:00.000,D17,LA MAISON A L'ENVERS,0.00,0.00,0.0,9,0,16,14,4,2026
69923,2026-04-14 10:00:00.000,D17,LA MAISON A L'ENVERS,0.00,0.00,0.0,10,0,16,14,4,2026
69945,2026-04-14 11:00:00.000,D17,LA MAISON A L'ENVERS,0.00,0.00,0.0,11,0,16,14,4,2026
69967,2026-04-14 12:00:00.000,D17,LA MAISON A L'ENVERS,0.00,0.00,0.0,12,0,16,14,4,2026
69989,2026-04-14 13:00:00.000,D17,LA MAISON A L'ENVERS,0.00,0.00,0.0,13,0,16,14,4,2026
70011,2026-04-14 14:00:00.000,D17,LA MAISON A L'ENVERS,0.00,0.00,0.0,14,0,16,14,4,2026
70033,2026-04-14 15:00:00.000,D17,LA MAISON A L'ENVERS,0.00,0.00,0.0,15,0,16,14,4,2026
70055,2026-04-14 16:00:00.000,D17,LA MAISON A L'ENVERS,0.00,0.00,0.0,16,0,16,14,4,2026
70077,2026-04-14 17:00:00.000,D17,LA MAISON A L'ENVERS,0.00,0.00,0.0,17,0,16,14,4,2026
70099,2026-04-14 18:00:00.000,D17,LA MAISON A L'ENVERS,0.00,0.00,0.0,18,0,16,14,4,2026
70121,2026-04-14 19:00:00.000,D17,LA MAISON A L'ENVERS,0.00,0.00,0.0,19,0,16,14,4,2026
70644,2026-04-14 20:00:00.000,D17,LA MAISON A L'ENVERS,0.00,0.00,0.0,20,0,16,14,4,2026
70666,2026-04-14 21:00:00.000,D17,LA MAISON A L'ENVERS,0.00,0.00,0.0,21,0,16,14,4,2026
70688,2026-04-14 22:00:00.000,D17,LA MAISON A L'ENVERS,0.00,0.00,0.0,22,0,16,14,4,2026
70710,2026-04-14 23:00:00.000,D17,LA MAISON A L'ENVERS,0.00,0.00,0.0,23,0,16,14,4,2026
70732,2026-04-15 00:00:00.000,D17,LA MAISON A L'ENVERS,0.00,0.00,0.0,0,0,16,15,4,2026
70754,2026-04-15 01:00:00.000,D17,LA MAISON A L'ENVERS,0.00,0.00,0.0,1,0,16,15,4,2026
70776,2026-04-15 02:00:00.000,D17,LA MAISON A L'ENVERS,0.00,0.00,0.0,2,0,16,15,4,2026
70798,2026-04-15 03:00:00.000,D17,LA MAISON A L'ENVERS,0.00,0.00,0.0,3,0,16,15,4,2026
70820,2026-04-15 04:00:00.000,D17,LA MAISON A L'ENVERS,0.00,0.00,0.0,4,0,16,15,4,2026
70842,2026-04-15 05:00:00.000,D17,LA MAISON A L'ENVERS,0.00,0.00,0.0,5,0,16,15,4,2026
70864,2026-04-15 06:00:00.000,D17,LA MAISON A L'ENVERS,0.00,0.00,0.0,6,0,16,15,4,2026
70886,2026-04-15 07:00:00.000,D17,LA MAISON A L'ENVERS,0.00,0.00,0.0,7,0,16,15,4,2026
70908,2026-04-15 08:00:00.000,D17,LA MAISON A L'ENVERS,0.00,0.00,0.0,8,0,16,15,4,2026
70930,2026-04-15 09:00:00.000,D17,LA MAISON A L'ENVERS,0.00,0.00,0.0,9,0,16,15,4,2026
70952,2026-04-15 10:00:00.000,D17,LA MAISON A L'ENVERS,0.00,0.00,0.0,10,0,16,15,4,2026
70974,2026-04-15 11:00:00.000,D17,LA MAISON A L'ENVERS,0.00,0.80,0.8,11,0,16,15,4,2026
70996,2026-04-15 12:00:00.000,D17,LA MAISON A L'ENVERS,0.00,1.00,1.0,12,0,16,15,4,2026
71018,2026-04-15 13:00:00.000,D17,LA MAISON A L'ENVERS,0.00,1.00,1.0,13,0,16,15,4,2026
71040,2026-04-15 14:00:00.000,D17,LA MAISON A L'ENVERS,0.00,1.00,1.0,14,0,16,15,4,2026
71062,2026-04-15 15:00:00.000,D17,LA MAISON A L'ENVERS,0.00,1.00,1.0,15,0,16,15,4,2026
71084,2026-04-15 16:00:00.000,D17,LA MAISON A L'ENVERS,0.00,1.00,1.0,16,0,16,15,4,2026
71106,2026-04-15 17:00:00.000,D17,LA MAISON A L'ENVERS,0.00,1.00,1.0,17,0,16,15,4,2026
71128,2026-04-15 18:00:00.000,D17,LA MAISON A L'ENVERS,0.00,1.00,1.0,18,0,16,15,4,2026
71651,2026-04-15 19:00:00.000,D17,LA MAISON A L'ENVERS,0.00,1.00,1.0,19,0,16,15,4,2026
71673,2026-04-15 20:00:00.000,D17,LA MAISON A L'ENVERS,0.00,1.00,1.0,20,0,16,15,4,2026
71695,2026-04-15 21:00:00.000,D17,LA MAISON A L'ENVERS,0.00,1.00,1.0,21,0,16,15,4,2026
71717,2026-04-15 22:00:00.000,D17,LA MAISON A L'ENVERS,0.00,1.00,1.0,22,0,16,15,4,2026
71739,2026-04-15 23:00:00.000,D17,LA MAISON A L'ENVERS,0.00,1.00,1.0,23,0,16,15,4,2026
71761,2026-04-16 00:00:00.000,D17,LA MAISON A L'ENVERS,0.00,1.00,1.0,0,0,16,16,4,2026
71783,2026-04-16 01:00:00.000,D17,LA MAISON A L'ENVERS,0.00,1.00,1.0,1,0,16,16,4,2026
71805,2026-04-16 02:00:00.000,D17,LA MAISON A L'ENVERS,0.00,1.00,1.0,2,0,16,16,4,2026
71827,2026-04-16 03:00:00.000,D17,LA MAISON A L'ENVERS,0.00,1.00,1.0,3,0,16,16,4,2026
71849,2026-04-16 04:00:00.000,D17,LA MAISON A L'ENVERS,0.00,1.00,1.0,4,0,16,16,4,2026
71871,2026-04-16 05:00:00.000,D17,LA MAISON A L'ENVERS,0.00,1.00,1.0,5,0,16,16,4,2026
71893,2026-04-16 06:00:00.000,D17,LA MAISON A L'ENVERS,0.00,1.00,1.0,6,0,16,16,4,2026
71915,2026-04-16 07:00:00.000,D17,LA MAISON A L'ENVERS,0.00,0.00,0.0,7,0,16,16,4,2026
71937,2026-04-16 08:00:00.000,D17,LA MAISON A L'ENVERS,0.00,0.00,0.0,8,0,16,16,4,2026
71959,2026-04-16 09:00:00.000,D17,LA MAISON A L'ENVERS,0.00,0.00,0.0,9,0,16,16,4,2026
71981,2026-04-16 10:00:00.000,D17,LA MAISON A L'ENVERS,0.00,0.00,0.0,10,0,16,16,4,2026
72003,2026-04-16 11:00:00.000,D17,LA MAISON A L'ENVERS,0.00,0.45,0.45,11,0,16,16,4,2026
72025,2026-04-16 12:00:00.000,D17,LA MAISON A L'ENVERS,0.00,1.00,1.0,12,0,16,16,4,2026
72047,2026-04-16 13:00:00.000,D17,LA MAISON A L'ENVERS,0.00,1.00,1.0,13,0,16,16,4,2026
72069,2026-04-16 14:00:00.000,D17,LA MAISON A L'ENVERS,0.00,1.00,1.0,14,0,16,16,4,2026
72091,2026-04-16 15:00:00.000,D17,LA MAISON A L'ENVERS,0.00,1.00,1.0,15,0,16,16,4,2026
72113,2026-04-16 16:00:00.000,D17,LA MAISON A L'ENVERS,0.00,1.00,1.0,16,0,16,16,4,2026
72135,2026-04-16 17:00:00.000,D17,LA MAISON A L'ENVERS,0.00,1.00,1.0,17,0,16,16,4,2026
72658,2026-04-16 18:00:00.000,D17,LA MAISON A L'ENVERS,0.00,1.00,1.0,18,0,16,16,4,2026
72680,2026-04-16 19:00:00.000,D17,LA MAISON A L'ENVERS,0.00,1.00,1.0,19,0,16,16,4,2026
72702,2026-04-16 20:00:00.000,D17,LA MAISON A L'ENVERS,0.00,1.00,1.0,20,0,16,16,4,2026
72724,2026-04-16 21:00:00.000,D17,LA MAISON A L'ENVERS,0.00,1.00,1.0,21,0,16,16,4,2026
72746,2026-04-16 22:00:00.000,D17,LA MAISON A L'ENVERS,0.00,1.00,1.0,22,0,16,16,4,2026
72768,2026-04-16 23:00:00.000,D17,LA MAISON A L'ENVERS,0.00,1.00,1.0,23,0,16,16,4,2026
72790,2026-04-17 00:00:00.000,D17,LA MAISON A L'ENVERS,0.00,1.00,1.0,0,0,16,17,4,2026
72812,2026-04-17 01:00:00.000,D17,LA MAISON A L'ENVERS,0.00,1.00,1.0,1,0,16,17,4,2026
72834,2026-04-17 02:00:00.000,D17,LA MAISON A L'ENVERS,0.00,1.00,1.0,2,0,16,17,4,2026
72856,2026-04-17 03:00:00.000,D17,LA MAISON A L'ENVERS,0.00,1.00,1.0,3,0,16,17,4,2026
72878,2026-04-17 04:00:00.000,D17,LA MAISON A L'ENVERS,0.00,1.00,1.0,4,0,16,17,4,2026
72900,2026-04-17 05:00:00.000,D17,LA MAISON A L'ENVERS,0.00,1.00,1.0,5,0,16,17,4,2026
72922,2026-04-17 06:00:00.000,D17,LA MAISON A L'ENVERS,0.00,1.00,1.0,6,0,16,17,4,2026
72944,2026-04-17 07:00:00.000,D17,LA MAISON A L'ENVERS,0.00,0.00,0.0,7,0,16,17,4,2026
72966,2026-04-17 08:00:00.000,D17,LA MAISON A L'ENVERS,0.00,0.00,0.0,8,0,16,17,4,2026
72988,2026-04-17 09:00:00.000,D17,LA MAISON A L'ENVERS,0.00,0.00,0.0,9,0,16,17,4,2026
73010,2026-04-17 10:00:00.000,D17,LA MAISON A L'ENVERS,0.00,0.05,0.05,10,0,16,17,4,2026
73032,2026-04-17 11:00:00.000,D17,LA MAISON A L'ENVERS,0.00,1.00,1.0,11,0,16,17,4,2026
73054,2026-04-17 12:00:00.000,D17,LA MAISON A L'ENVERS,0.00,1.00,1.0,12,0,16,17,4,2026
73076,2026-04-17 13:00:00.000,D17,LA MAISON A L'ENVERS,0.00,1.00,1.0,13,0,16,17,4,2026
73098,2026-04-17 14:00:00.000,D17,LA MAISON A L'ENVERS,0.00,1.00,1.0,14,0,16,17,4,2026
73120,2026-04-17 15:00:00.000,D17,LA MAISON A L'ENVERS,0.00,1.00,1.0,15,0,16,17,4,2026
73142,2026-04-17 16:00:00.000,D17,LA MAISON A L'ENVERS,0.00,1.00,1.0,16,0,16,17,4,2026
73665,2026-04-17 17:00:00.000,D17,LA MAISON A L'ENVERS,0.00,1.00,1.0,17,0,16,17,4,2026
73687,2026-04-17 18:00:00.000,D17,LA MAISON A L'ENVERS,0.00,1.00,1.0,18,0,16,17,4,2026
73709,2026-04-17 19:00:00.000,D17,LA MAISON A L'ENVERS,0.00,1.00,1.0,19,0,16,17,4,2026
73731,2026-04-17 20:00:00.000,D17,LA MAISON A L'ENVERS,0.00,1.00,1.0,20,0,16,17,4,2026
73753,2026-04-17 21:00:00.000,D17,LA MAISON A L'ENVERS,0.00,0.10,0.1,21,0,16,17,4,2026
73775,2026-04-17 22:00:00.000,D17,LA MAISON A L'ENVERS,0.00,0.00,0.0,22,0,16,17,4,2026
73797,2026-04-17 23:00:00.000,D17,LA MAISON A L'ENVERS,0.00,0.00,0.0,23,0,16,17,4,2026
73819,2026-04-18 00:00:00.000,D17,LA MAISON A L'ENVERS,0.00,0.00,0.0,0,0,16,18,4,2026
73841,2026-04-18 01:00:00.000,D17,LA MAISON A L'ENVERS,0.00,0.00,0.0,1,0,16,18,4,2026
73863,2026-04-18 02:00:00.000,D17,LA MAISON A L'ENVERS,0.00,0.00,0.0,2,0,16,18,4,2026
73885,2026-04-18 03:00:00.000,D17,LA MAISON A L'ENVERS,0.00,0.00,0.0,3,0,16,18,4,2026
73907,2026-04-18 04:00:00.000,D17,LA MAISON A L'ENVERS,0.00,0.00,0.0,4,0,16,18,4,2026
73929,2026-04-18 05:00:00.000,D17,LA MAISON A L'ENVERS,0.00,0.00,0.0,5,0,16,18,4,2026
73951,2026-04-18 06:00:00.000,D17,LA MAISON A L'ENVERS,0.00,0.00,0.0,6,0,16,18,4,2026
73973,2026-04-18 07:00:00.000,D17,LA MAISON A L'ENVERS,0.00,0.00,0.0,7,0,16,18,4,2026
73995,2026-04-18 08:00:00.000,D17,LA MAISON A L'ENVERS,0.00,0.00,0.0,8,0,16,18,4,2026
74017,2026-04-18 09:00:00.000,D17,LA MAISON A L'ENVERS,0.00,0.00,0.0,9,0,16,18,4,2026
74039,2026-04-18 10:00:00.000,D17,LA MAISON A L'ENVERS,0.00,0.00,0.0,10,0,16,18,4,2026
74061,2026-04-18 11:00:00.000,D17,LA MAISON A L'ENVERS,0.00,0.25,0.25,11,0,16,18,4,2026
74083,2026-04-18 12:00:00.000,D17,LA MAISON A L'ENVERS,0.00,1.00,1.0,12,0,16,18,4,2026
74105,2026-04-18 13:00:00.000,D17,LA MAISON A L'ENVERS,0.00,1.00,1.0,13,0,16,18,4,2026
74127,2026-04-18 14:00:00.000,D17,LA MAISON A L'ENVERS,0.00,1.00,1.0,14,0,16,18,4,2026
74650,2026-04-18 15:00:00.000,D17,LA MAISON A L'ENVERS,0.00,1.00,1.0,15,0,16,18,4,2026
74672,2026-04-18 16:00:00.000,D17,LA MAISON A L'ENVERS,0.00,1.00,1.0,16,0,16,18,4,2026
74694,2026-04-18 17:00:00.000,D17,LA MAISON A L'ENVERS,0.00,1.00,1.0,17,0,16,18,4,2026
74716,2026-04-18 18:00:00.000,D17,LA MAISON A L'ENVERS,0.00,1.00,1.0,18,0,16,18,4,2026
74738,2026-04-18 19:00:00.000,D17,LA MAISON A L'ENVERS,0.00,1.00,1.0,19,0,16,18,4,2026
74760,2026-04-18 20:00:00.000,D17,LA MAISON A L'ENVERS,0.00,1.00,1.0,20,0,16,18,4,2026
74782,2026-04-18 21:00:00.000,D17,LA MAISON A L'ENVERS,0.00,0.20,0.2,21,0,16,18,4,2026
74804,2026-04-18 22:00:00.000,D17,LA MAISON A L'ENVERS,0.00,0.00,0.0,22,0,16,18,4,2026
74826,2026-04-18 23:00:00.000,D17,LA MAISON A L'ENVERS,0.00,0.00,0.0,23,0,16,18,4,2026
74848,2026-04-19 00:00:00.000,D17,LA MAISON A L'ENVERS,0.00,0.00,0.0,0,0,17,19,4,2026
74870,2026-04-19 01:00:00.000,D17,LA MAISON A L'ENVERS,0.00,0.00,0.0,1,0,17,19,4,2026
74892,2026-04-19 02:00:00.000,D17,LA MAISON A L'ENVERS,0.00,0.00,0.0,2,0,17,19,4,2026
74914,2026-04-19 03:00:00.000,D17,LA MAISON A L'ENVERS,0.00,0.00,0.0,3,0,17,19,4,2026
74936,2026-04-19 04:00:00.000,D17,LA MAISON A L'ENVERS,0.00,0.00,0.0,4,0,17,19,4,2026
74958,2026-04-19 05:00:00.000,D17,LA MAISON A L'ENVERS,0.00,0.00,0.0,5,0,17,19,4,2026
74980,2026-04-19 06:00:00.000,D17,LA MAISON A L'ENVERS,0.00,0.00,0.0,6,0,17,19,4,2026
75002,2026-04-19 07:00:00.000,D17,LA MAISON A L'ENVERS,0.00,0.00,0.0,7,0,17,19,4,2026
75024,2026-04-19 08:00:00.000,D17,LA MAISON A L'ENVERS,0.00,0.00,0.0,8,0,17,19,4,2026
75046,2026-04-19 09:00:00.000,D17,LA MAISON A L'ENVERS,0.00,0.00,0.0,9,0,17,19,4,2026
75068,2026-04-19 10:00:00.000,D17,LA MAISON A L'ENVERS,0.00,0.00,0.0,10,0,17,19,4,2026
75090,2026-04-19 11:00:00.000,D17,LA MAISON A L'ENVERS,0.00,0.00,0.0,11,0,17,19,4,2026
75112,2026-04-19 12:00:00.000,D17,LA MAISON A L'ENVERS,0.00,0.00,0.0,12,0,17,19,4,2026
75134,2026-04-19 13:00:00.000,D17,LA MAISON A L'ENVERS,0.00,0.00,0.0,13,0,17,19,4,2026
75657,2026-04-19 14:00:00.000,D17,LA MAISON A L'ENVERS,0.00,0.85,0.85,14,0,17,19,4,2026
75679,2026-04-19 15:00:00.000,D17,LA MAISON A L'ENVERS,0.00,1.00,1.0,15,0,17,19,4,2026
75701,2026-04-19 16:00:00.000,D17,LA MAISON A L'ENVERS,0.00,1.00,1.0,16,0,17,19,4,2026
75723,2026-04-19 17:00:00.000,D17,LA MAISON A L'ENVERS,0.00,1.00,1.0,17,0,17,19,4,2026
75745,2026-04-19 18:00:00.000,D17,LA MAISON A L'ENVERS,0.00,1.00,1.0,18,0,17,19,4,2026
75767,2026-04-19 19:00:00.000,D17,LA MAISON A L'ENVERS,0.00,1.00,1.0,19,0,17,19,4,2026
75789,2026-04-19 20:00:00.000,D17,LA MAISON A L'ENVERS,0.00,1.00,1.0,20,0,17,19,4,2026
75811,2026-04-19 21:00:00.000,D17,LA MAISON A L'ENVERS,0.00,1.00,1.0,21,0,17,19,4,2026
75833,2026-04-19 22:00:00.000,D17,LA MAISON A L'ENVERS,0.00,1.00,1.0,22,0,17,19,4,2026
75855,2026-04-19 23:00:00.000,D17,LA MAISON A L'ENVERS,0.00,1.00,1.0,23,0,17,19,4,2026
75877,2026-04-20 00:00:00.000,D17,LA MAISON A L'ENVERS,0.00,1.00,1.0,0,0,17,20,4,2026
75899,2026-04-20 01:00:00.000,D17,LA MAISON A L'ENVERS,0.00,1.00,1.0,1,0,17,20,4,2026
75921,2026-04-20 02:00:00.000,D17,LA MAISON A L'ENVERS,0.00,1.00,1.0,2,0,17,20,4,2026
75943,2026-04-20 03:00:00.000,D17,LA MAISON A L'ENVERS,0.00,1.00,1.0,3,0,17,20,4,2026
75965,2026-04-20 04:00:00.000,D17,LA MAISON A L'ENVERS,0.00,1.00,1.0,4,0,17,20,4,2026
75987,2026-04-20 05:00:00.000,D17,LA MAISON A L'ENVERS,0.00,1.00,1.0,5,0,17,20,4,2026
76009,2026-04-20 06:00:00.000,D17,LA MAISON A L'ENVERS,0.00,1.00,1.0,6,0,17,20,4,2026
76031,2026-04-20 07:00:00.000,D17,LA MAISON A L'ENVERS,0.00,0.00,0.0,7,0,17,20,4,2026
76053,2026-04-20 08:00:00.000,D17,LA MAISON A L'ENVERS,0.00,0.00,0.0,8,0,17,20,4,2026
76075,2026-04-20 09:00:00.000,D17,LA MAISON A L'ENVERS,0.00,0.00,0.0,9,0,17,20,4,2026
76097,2026-04-20 10:00:00.000,D17,LA MAISON A L'ENVERS,0.00,0.00,0.0,10,0,17,20,4,2026
76119,2026-04-20 11:00:00.000,D17,LA MAISON A L'ENVERS,0.00,0.00,0.0,11,0,17,20,4,2026
76141,2026-04-20 12:00:00.000,D17,LA MAISON A L'ENVERS,0.00,0.00,0.0,12,0,17,20,4,2026
76664,2026-04-20 13:00:00.000,D17,LA MAISON A L'ENVERS,0.00,0.00,0.0,13,0,17,20,4,2026
76686,2026-04-20 14:00:00.000,D17,LA MAISON A L'ENVERS,0.00,0.00,0.0,14,0,17,20,4,2026
76708,2026-04-20 15:00:00.000,D17,LA MAISON A L'ENVERS,0.00,0.55,0.55,15,0,17,20,4,2026
76730,2026-04-20 16:00:00.000,D17,LA MAISON A L'ENVERS,0.00,1.00,1.0,16,0,17,20,4,2026
76752,2026-04-20 17:00:00.000,D17,LA MAISON A L'ENVERS,0.00,1.00,1.0,17,0,17,20,4,2026
76774,2026-04-20 18:00:00.000,D17,LA MAISON A L'ENVERS,0.00,1.00,1.0,18,0,17,20,4,2026
76796,2026-04-20 19:00:00.000,D17,LA MAISON A L'ENVERS,0.00,1.00,1.0,19,0,17,20,4,2026
76818,2026-04-20 20:00:00.000,D17,LA MAISON A L'ENVERS,0.00,1.00,1.0,20,0,17,20,4,2026
76840,2026-04-20 21:00:00.000,D17,LA MAISON A L'ENVERS,0.00,1.00,1.0,21,0,17,20,4,2026
76862,2026-04-20 22:00:00.000,D17,LA MAISON A L'ENVERS,0.00,1.00,1.0,22,0,17,20,4,2026
76884,2026-04-20 23:00:00.000,D17,LA MAISON A L'ENVERS,0.00,1.00,1.0,23,0,17,20,4,2026
76906,2026-04-21 00:00:00.000,D17,LA MAISON A L'ENVERS,0.00,1.00,1.0,0,0,17,21,4,2026
76928,2026-04-21 01:00:00.000,D17,LA MAISON A L'ENVERS,0.00,1.00,1.0,1,0,17,21,4,2026
76950,2026-04-21 02:00:00.000,D17,LA MAISON A L'ENVERS,0.00,1.00,1.0,2,0,17,21,4,2026
76972,2026-04-21 03:00:00.000,D17,LA MAISON A L'ENVERS,0.00,1.00,1.0,3,0,17,21,4,2026
76994,2026-04-21 04:00:00.000,D17,LA MAISON A L'ENVERS,0.00,1.00,1.0,4,0,17,21,4,2026
77016,2026-04-21 05:00:00.000,D17,LA MAISON A L'ENVERS,0.00,1.00,1.0,5,0,17,21,4,2026
77038,2026-04-21 06:00:00.000,D17,LA MAISON A L'ENVERS,0.00,1.00,1.0,6,0,17,21,4,2026
77060,2026-04-21 07:00:00.000,D17,LA MAISON A L'ENVERS,0.00,0.00,0.0,7,0,17,21,4,2026
77082,2026-04-21 08:00:00.000,D17,LA MAISON A L'ENVERS,0.00,0.00,0.0,8,0,17,21,4,2026
77104,2026-04-21 09:00:00.000,D17,LA MAISON A L'ENVERS,0.00,0.00,0.0,9,0,17,21,4,2026
77126,2026-04-21 10:00:00.000,D17,LA MAISON A L'ENVERS,0.00,0.00,0.0,10,0,17,21,4,2026
77148,2026-04-21 11:00:00.000,D17,LA MAISON A L'ENVERS,0.00,0.00,0.0,11,0,17,21,4,2026
77671,2026-04-21 12:00:00.000,D17,LA MAISON A L'ENVERS,0.00,0.00,0.0,12,0,17,21,4,2026
77693,2026-04-21 13:00:00.000,D17,LA MAISON A L'ENVERS,0.00,0.70,0.7,13,0,17,21,4,2026
77715,2026-04-21 14:00:00.000,D17,LA MAISON A L'ENVERS,0.00,1.00,1.0,14,0,17,21,4,2026
77737,2026-04-21 15:00:00.000,D17,LA MAISON A L'ENVERS,0.00,1.00,1.0,15,0,17,21,4,2026
77759,2026-04-21 16:00:00.000,D17,LA MAISON A L'ENVERS,0.00,1.00,1.0,16,0,17,21,4,2026
77781,2026-04-21 17:00:00.000,D17,LA MAISON A L'ENVERS,0.00,1.00,1.0,17,0,17,21,4,2026
77803,2026-04-21 18:00:00.000,D17,LA MAISON A L'ENVERS,0.00,1.00,1.0,18,0,17,21,4,2026
77825,2026-04-21 19:00:00.000,D17,LA MAISON A L'ENVERS,0.00,1.00,1.0,19,0,17,21,4,2026
77847,2026-04-21 20:00:00.000,D17,LA MAISON A L'ENVERS,0.00,1.00,1.0,20,0,17,21,4,2026
77869,2026-04-21 21:00:00.000,D17,LA MAISON A L'ENVERS,0.00,1.00,1.0,21,0,17,21,4,2026
77891,2026-04-21 22:00:00.000,D17,LA MAISON A L'ENVERS,0.00,1.00,1.0,22,0,17,21,4,2026
77913,2026-04-21 23:00:00.000,D17,LA MAISON A L'ENVERS,0.00,1.00,1.0,23,0,17,21,4,2026
77935,2026-04-22 00:00:00.000,D17,LA MAISON A L'ENVERS,0.00,1.00,1.0,0,0,17,22,4,2026
77957,2026-04-22 01:00:00.000,D17,LA MAISON A L'ENVERS,0.00,1.00,1.0,1,0,17,22,4,2026
77979,2026-04-22 02:00:00.000,D17,LA MAISON A L'ENVERS,0.00,1.00,1.0,2,0,17,22,4,2026
78001,2026-04-22 03:00:00.000,D17,LA MAISON A L'ENVERS,0.00,1.00,1.0,3,0,17,22,4,2026
78023,2026-04-22 04:00:00.000,D17,LA MAISON A L'ENVERS,0.00,1.00,1.0,4,0,17,22,4,2026
78045,2026-04-22 05:00:00.000,D17,LA MAISON A L'ENVERS,0.00,1.00,1.0,5,0,17,22,4,2026
78067,2026-04-22 06:00:00.000,D17,LA MAISON A L'ENVERS,0.00,1.00,1.0,6,0,17,22,4,2026
78089,2026-04-22 07:00:00.000,D17,LA MAISON A L'ENVERS,0.00,0.00,0.0,7,0,17,22,4,2026
78111,2026-04-22 08:00:00.000,D17,LA MAISON A L'ENVERS,0.00,0.00,0.0,8,0,17,22,4,2026
78133,2026-04-22 09:00:00.000,D17,LA MAISON A L'ENVERS,0.00,0.00,0.0,9,0,17,22,4,2026
78155,2026-04-22 10:00:00.000,D17,LA MAISON A L'ENVERS,0.00,0.00,0.0,10,0,17,22,4,2026
78678,2026-04-22 11:00:00.000,D17,LA MAISON A L'ENVERS,0.00,0.00,0.0,11,0,17,22,4,2026
78700,2026-04-22 12:00:00.000,D17,LA MAISON A L'ENVERS,0.00,0.00,0.0,12,0,17,22,4,2026
78722,2026-04-22 13:00:00.000,D17,LA MAISON A L'ENVERS,0.00,0.00,0.0,13,0,17,22,4,2026
78744,2026-04-22 14:00:00.000,D17,LA MAISON A L'ENVERS,0.00,0.00,0.0,14,0,17,22,4,2026
78766,2026-04-22 15:00:00.000,D17,LA MAISON A L'ENVERS,0.00,0.00,0.0,15,0,17,22,4,2026
78788,2026-04-22 16:00:00.000,D17,LA MAISON A L'ENVERS,0.00,0.00,0.0,16,0,17,22,4,2026
78810,2026-04-22 17:00:00.000,D17,LA MAISON A L'ENVERS,0.00,0.00,0.0,17,0,17,22,4,2026
78832,2026-04-22 18:00:00.000,D17,LA MAISON A L'ENVERS,0.00,0.00,0.0,18,0,17,22,4,2026
78854,2026-04-22 19:00:00.000,D17,LA MAISON A L'ENVERS,0.00,0.00,0.0,19,0,17,22,4,2026
78876,2026-04-22 20:00:00.000,D17,LA MAISON A L'ENVERS,0.00,0.00,0.0,20,0,17,22,4,2026
78898,2026-04-22 21:00:00.000,D17,LA MAISON A L'ENVERS,0.00,0.00,0.0,21,0,17,22,4,2026
78920,2026-04-22 22:00:00.000,D17,LA MAISON A L'ENVERS,0.00,0.00,0.0,22,0,17,22,4,2026
78942,2026-04-22 23:00:00.000,D17,LA MAISON A L'ENVERS,0.00,0.00,0.0,23,0,17,22,4,2026
78964,2026-04-23 00:00:00.000,D17,LA MAISON A L'ENVERS,0.00,0.00,0.0,0,0,17,23,4,2026
78986,2026-04-23 01:00:00.000,D17,LA MAISON A L'ENVERS,0.00,0.00,0.0,1,0,17,23,4,2026
79008,2026-04-23 02:00:00.000,D17,LA MAISON A L'ENVERS,0.00,0.00,0.0,2,0,17,23,4,2026
79030,2026-04-23 03:00:00.000,D17,LA MAISON A L'ENVERS,0.00,0.00,0.0,3,0,17,23,4,2026
79052,2026-04-23 04:00:00.000,D17,LA MAISON A L'ENVERS,0.00,0.00,0.0,4,0,17,23,4,2026
79074,2026-04-23 05:00:00.000,D17,LA MAISON A L'ENVERS,0.00,0.00,0.0,5,0,17,23,4,2026
79096,2026-04-23 06:00:00.000,D17,LA MAISON A L'ENVERS,0.00,0.00,0.0,6,0,17,23,4,2026
79118,2026-04-23 07:00:00.000,D17,LA MAISON A L'ENVERS,0.00,0.00,0.0,7,0,17,23,4,2026
79140,2026-04-23 08:00:00.000,D17,LA MAISON A L'ENVERS,0.00,0.00,0.0,8,0,17,23,4,2026
79663,2026-04-23 09:00:00.000,D17,LA MAISON A L'ENVERS,0.00,0.00,0.0,9,0,17,23,4,2026
79685,2026-04-23 10:00:00.000,D17,LA MAISON A L'ENVERS,0.00,0.15,0.15,10,0,17,23,4,2026
79707,2026-04-23 11:00:00.000,D17,LA MAISON A L'ENVERS,0.00,1.00,1.0,11,0,17,23,4,2026
79729,2026-04-23 12:00:00.000,D17,LA MAISON A L'ENVERS,0.00,1.00,1.0,12,0,17,23,4,2026
79751,2026-04-23 13:00:00.000,D17,LA MAISON A L'ENVERS,0.00,1.00,1.0,13,0,17,23,4,2026
79773,2026-04-23 14:00:00.000,D17,LA MAISON A L'ENVERS,0.00,1.00,1.0,14,0,17,23,4,2026
79795,2026-04-23 15:00:00.000,D17,LA MAISON A L'ENVERS,0.00,1.00,1.0,15,0,17,23,4,2026
79817,2026-04-23 16:00:00.000,D17,LA MAISON A L'ENVERS,0.00,1.00,1.0,16,0,17,23,4,2026
79839,2026-04-23 17:00:00.000,D17,LA MAISON A L'ENVERS,0.00,1.00,1.0,17,0,17,23,4,2026
79861,2026-04-23 18:00:00.000,D17,LA MAISON A L'ENVERS,0.00,1.00,1.0,18,0,17,23,4,2026
79883,2026-04-23 19:00:00.000,D17,LA MAISON A L'ENVERS,0.00,1.00,1.0,19,0,17,23,4,2026
79905,2026-04-23 20:00:00.000,D17,LA MAISON A L'ENVERS,0.00,1.00,1.0,20,0,17,23,4,2026
79927,2026-04-23 21:00:00.000,D17,LA MAISON A L'ENVERS,0.00,1.00,1.0,21,0,17,23,4,2026
79949,2026-04-23 22:00:00.000,D17,LA MAISON A L'ENVERS,0.00,1.00,1.0,22,0,17,23,4,2026
79971,2026-04-23 23:00:00.000,D17,LA MAISON A L'ENVERS,0.00,1.00,1.0,23,0,17,23,4,2026
79993,2026-04-24 00:00:00.000,D17,LA MAISON A L'ENVERS,0.00,1.00,1.0,0,0,17,24,4,2026
80015,2026-04-24 01:00:00.000,D17,LA MAISON A L'ENVERS,0.00,1.00,1.0,1,0,17,24,4,2026
80037,2026-04-24 02:00:00.000,D17,LA MAISON A L'ENVERS,0.00,1.00,1.0,2,0,17,24,4,2026
80059,2026-04-24 03:00:00.000,D17,LA MAISON A L'ENVERS,0.00,1.00,1.0,3,0,17,24,4,2026
80081,2026-04-24 04:00:00.000,D17,LA MAISON A L'ENVERS,0.00,1.00,1.0,4,0,17,24,4,2026
80103,2026-04-24 05:00:00.000,D17,LA MAISON A L'ENVERS,0.00,1.00,1.0,5,0,17,24,4,2026
80125,2026-04-24 06:00:00.000,D17,LA MAISON A L'ENVERS,0.00,1.00,1.0,6,0,17,24,4,2026
80147,2026-04-24 07:00:00.000,D17,LA MAISON A L'ENVERS,0.00,0.00,0.0,7,0,17,24,4,2026
80670,2026-04-24 08:00:00.000,D17,LA MAISON A L'ENVERS,0.00,0.00,0.0,8,0,17,24,4,2026
80692,2026-04-24 09:00:00.000,D17,LA MAISON A L'ENVERS,0.00,0.00,0.0,9,0,17,24,4,2026
80714,2026-04-24 10:00:00.000,D17,LA MAISON A L'ENVERS,0.00,0.00,0.0,10,0,17,24,4,2026
80736,2026-04-24 11:00:00.000,D17,LA MAISON A L'ENVERS,0.00,0.00,0.0,11,0,17,24,4,2026
80758,2026-04-24 12:00:00.000,D17,LA MAISON A L'ENVERS,0.00,0.00,0.0,12,0,17,24,4,2026
80780,2026-04-24 13:00:00.000,D17,LA MAISON A L'ENVERS,0.05,0.50,0.45,13,0,17,24,4,2026
80802,2026-04-24 14:00:00.000,D17,LA MAISON A L'ENVERS,0.00,1.00,1.0,14,0,17,24,4,2026
80824,2026-04-24 15:00:00.000,D17,LA MAISON A L'ENVERS,0.00,1.00,1.0,15,0,17,24,4,2026
80846,2026-04-24 16:00:00.000,D17,LA MAISON A L'ENVERS,0.00,1.00,1.0,16,0,17,24,4,2026
80868,2026-04-24 17:00:00.000,D17,LA MAISON A L'ENVERS,0.00,1.00,1.0,17,0,17,24,4,2026
80890,2026-04-24 18:00:00.000,D17,LA MAISON A L'ENVERS,0.00,1.00,1.0,18,0,17,24,4,2026
80912,2026-04-24 19:00:00.000,D17,LA MAISON A L'ENVERS,0.00,1.00,1.0,19,0,17,24,4,2026
80934,2026-04-24 20:00:00.000,D17,LA MAISON A L'ENVERS,0.00,1.00,1.0,20,0,17,24,4,2026
80956,2026-04-24 21:00:00.000,D17,LA MAISON A L'ENVERS,0.00,1.00,1.0,21,0,17,24,4,2026
80978,2026-04-24 22:00:00.000,D17,LA MAISON A L'ENVERS,0.00,1.00,1.0,22,0,17,24,4,2026
81000,2026-04-24 23:00:00.000,D17,LA MAISON A L'ENVERS,0.00,1.00,1.0,23,0,17,24,4,2026
81022,2026-04-25 00:00:00.000,D17,LA MAISON A L'ENVERS,0.00,1.00,1.0,0,0,17,25,4,2026
81044,2026-04-25 01:00:00.000,D17,LA MAISON A L'ENVERS,0.00,1.00,1.0,1,0,17,25,4,2026
81066,2026-04-25 02:00:00.000,D17,LA MAISON A L'ENVERS,0.00,1.00,1.0,2,0,17,25,4,2026
81088,2026-04-25 03:00:00.000,D17,LA MAISON A L'ENVERS,0.00,1.00,1.0,3,0,17,25,4,2026
81110,2026-04-25 04:00:00.000,D17,LA MAISON A L'ENVERS,0.00,1.00,1.0,4,0,17,25,4,2026
81132,2026-04-25 05:00:00.000,D17,LA MAISON A L'ENVERS,0.00,1.00,1.0,5,0,17,25,4,2026
81154,2026-04-25 06:00:00.000,D17,LA MAISON A L'ENVERS,0.00,1.00,1.0,6,0,17,25,4,2026
81677,2026-04-25 07:00:00.000,D17,LA MAISON A L'ENVERS,0.00,0.00,0.0,7,0,17,25,4,2026
81699,2026-04-25 08:00:00.000,D17,LA MAISON A L'ENVERS,0.00,0.00,0.0,8,0,17,25,4,2026
81721,2026-04-25 09:00:00.000,D17,LA MAISON A L'ENVERS,0.00,0.00,0.0,9,0,17,25,4,2026
81743,2026-04-25 10:00:00.000,D17,LA MAISON A L'ENVERS,0.00,0.00,0.0,10,0,17,25,4,2026
81765,2026-04-25 11:00:00.000,D17,LA MAISON A L'ENVERS,0.00,0.00,0.0,11,0,17,25,4,2026
81787,2026-04-25 12:00:00.000,D17,LA MAISON A L'ENVERS,0.00,0.00,0.0,12,0,17,25,4,2026
81809,2026-04-25 13:00:00.000,D17,LA MAISON A L'ENVERS,0.00,0.00,0.0,13,0,17,25,4,2026
81831,2026-04-25 14:00:00.000,D17,LA MAISON A L'ENVERS,0.00,0.00,0.0,14,0,17,25,4,2026
81853,2026-04-25 15:00:00.000,D17,LA MAISON A L'ENVERS,0.00,0.00,0.0,15,0,17,25,4,2026
81875,2026-04-25 16:00:00.000,D17,LA MAISON A L'ENVERS,0.00,0.00,0.0,16,0,17,25,4,2026
81897,2026-04-25 17:00:00.000,D17,LA MAISON A L'ENVERS,0.00,0.00,0.0,17,0,17,25,4,2026
81919,2026-04-25 18:00:00.000,D17,LA MAISON A L'ENVERS,0.00,0.00,0.0,18,0,17,25,4,2026
81941,2026-04-25 19:00:00.000,D17,LA MAISON A L'ENVERS,0.00,0.00,0.0,19,0,17,25,4,2026
81963,2026-04-25 20:00:00.000,D17,LA MAISON A L'ENVERS,0.00,0.00,0.0,20,0,17,25,4,2026
81985,2026-04-25 21:00:00.000,D17,LA MAISON A L'ENVERS,0.00,0.00,0.0,21,0,17,25,4,2026
82007,2026-04-25 22:00:00.000,D17,LA MAISON A L'ENVERS,0.00,0.00,0.0,22,0,17,25,4,2026
82029,2026-04-25 23:00:00.000,D17,LA MAISON A L'ENVERS,0.00,0.00,0.0,23,0,17,25,4,2026
82051,2026-04-26 00:00:00.000,D17,LA MAISON A L'ENVERS,0.00,0.00,0.0,0,0,18,26,4,2026
82073,2026-04-26 01:00:00.000,D17,LA MAISON A L'ENVERS,0.00,0.00,0.0,1,0,18,26,4,2026
82095,2026-04-26 02:00:00.000,D17,LA MAISON A L'ENVERS,0.00,0.00,0.0,2,0,18,26,4,2026
82117,2026-04-26 03:00:00.000,D17,LA MAISON A L'ENVERS,0.00,0.00,0.0,3,0,18,26,4,2026
82139,2026-04-26 04:00:00.000,D17,LA MAISON A L'ENVERS,0.00,0.00,0.0,4,0,18,26,4,2026
82161,2026-04-26 05:00:00.000,D17,LA MAISON A L'ENVERS,0.00,0.00,0.0,5,0,18,26,4,2026
82684,2026-04-26 06:00:00.000,D17,LA MAISON A L'ENVERS,0.00,0.00,0.0,6,0,18,26,4,2026
82706,2026-04-26 07:00:00.000,D17,LA MAISON A L'ENVERS,0.00,0.00,0.0,7,0,18,26,4,2026
82728,2026-04-26 08:00:00.000,D17,LA MAISON A L'ENVERS,0.00,0.00,0.0,8,0,18,26,4,2026
82750,2026-04-26 09:00:00.000,D17,LA MAISON A L'ENVERS,0.00,0.00,0.0,9,0,18,26,4,2026
82772,2026-04-26 10:00:00.000,D17,LA MAISON A L'ENVERS,0.00,0.00,0.0,10,0,18,26,4,2026
82794,2026-04-26 11:00:00.000,D17,LA MAISON A L'ENVERS,0.00,0.90,0.9,11,0,18,26,4,2026
82816,2026-04-26 12:00:00.000,D17,LA MAISON A L'ENVERS,0.00,1.00,1.0,12,0,18,26,4,2026
82838,2026-04-26 13:00:00.000,D17,LA MAISON A L'ENVERS,0.00,1.00,1.0,13,0,18,26,4,2026
82860,2026-04-26 14:00:00.000,D17,LA MAISON A L'ENVERS,0.00,1.00,1.0,14,0,18,26,4,2026
82882,2026-04-26 15:00:00.000,D17,LA MAISON A L'ENVERS,0.00,1.00,1.0,15,0,18,26,4,2026
82904,2026-04-26 16:00:00.000,D17,LA MAISON A L'ENVERS,0.00,1.00,1.0,16,0,18,26,4,2026
82926,2026-04-26 17:00:00.000,D17,LA MAISON A L'ENVERS,0.00,1.00,1.0,17,0,18,26,4,2026
82948,2026-04-26 18:00:00.000,D17,LA MAISON A L'ENVERS,0.00,1.00,1.0,18,0,18,26,4,2026
82970,2026-04-26 19:00:00.000,D17,LA MAISON A L'ENVERS,0.00,1.00,1.0,19,0,18,26,4,2026
82992,2026-04-26 20:00:00.000,D17,LA MAISON A L'ENVERS,0.00,1.00,1.0,20,0,18,26,4,2026
83014,2026-04-26 21:00:00.000,D17,LA MAISON A L'ENVERS,0.00,1.00,1.0,21,0,18,26,4,2026
83036,2026-04-26 22:00:00.000,D17,LA MAISON A L'ENVERS,0.00,1.00,1.0,22,0,18,26,4,2026
83058,2026-04-26 23:00:00.000,D17,LA MAISON A L'ENVERS,0.00,1.00,1.0,23,0,18,26,4,2026
83080,2026-04-27 00:00:00.000,D17,LA MAISON A L'ENVERS,0.00,1.00,1.0,0,0,18,27,4,2026
83102,2026-04-27 01:00:00.000,D17,LA MAISON A L'ENVERS,0.00,1.00,1.0,1,0,18,27,4,2026
83124,2026-04-27 02:00:00.000,D17,LA MAISON A L'ENVERS,0.00,1.00,1.0,2,0,18,27,4,2026
83146,2026-04-27 03:00:00.000,D17,LA MAISON A L'ENVERS,0.00,1.00,1.0,3,0,18,27,4,2026
83669,2026-04-27 04:00:00.000,D17,LA MAISON A L'ENVERS,0.00,1.00,1.0,4,0,18,27,4,2026
83691,2026-04-27 05:00:00.000,D17,LA MAISON A L'ENVERS,0.00,1.00,1.0,5,0,18,27,4,2026
83713,2026-04-27 06:00:00.000,D17,LA MAISON A L'ENVERS,0.00,1.00,1.0,6,0,18,27,4,2026
83735,2026-04-27 07:00:00.000,D17,LA MAISON A L'ENVERS,0.00,0.00,0.0,7,0,18,27,4,2026
83757,2026-04-27 08:00:00.000,D17,LA MAISON A L'ENVERS,0.00,0.00,0.0,8,0,18,27,4,2026
83779,2026-04-27 09:00:00.000,D17,LA MAISON A L'ENVERS,0.00,0.00,0.0,9,0,18,27,4,2026
83801,2026-04-27 10:00:00.000,D17,LA MAISON A L'ENVERS,0.00,0.00,0.0,10,0,18,27,4,2026
83823,2026-04-27 11:00:00.000,D17,LA MAISON A L'ENVERS,0.00,0.85,0.85,11,0,18,27,4,2026
83845,2026-04-27 12:00:00.000,D17,LA MAISON A L'ENVERS,0.00,1.00,1.0,12,0,18,27,4,2026
83867,2026-04-27 13:00:00.000,D17,LA MAISON A L'ENVERS,0.00,1.00,1.0,13,0,18,27,4,2026
83889,2026-04-27 14:00:00.000,D17,LA MAISON A L'ENVERS,0.00,1.00,1.0,14,0,18,27,4,2026
83911,2026-04-27 15:00:00.000,D17,LA MAISON A L'ENVERS,0.00,1.00,1.0,15,0,18,27,4,2026
83933,2026-04-27 16:00:00.000,D17,LA MAISON A L'ENVERS,0.00,1.00,1.0,16,0,18,27,4,2026
83955,2026-04-27 17:00:00.000,D17,LA MAISON A L'ENVERS,0.00,1.00,1.0,17,0,18,27,4,2026
83977,2026-04-27 18:00:00.000,D17,LA MAISON A L'ENVERS,0.00,1.00,1.0,18,0,18,27,4,2026
83999,2026-04-27 19:00:00.000,D17,LA MAISON A L'ENVERS,0.00,1.00,1.0,19,0,18,27,4,2026
84021,2026-04-27 20:00:00.000,D17,LA MAISON A L'ENVERS,0.00,1.00,1.0,20,0,18,27,4,2026
84043,2026-04-27 21:00:00.000,D17,LA MAISON A L'ENVERS,0.00,1.00,1.0,21,0,18,27,4,2026
84065,2026-04-27 22:00:00.000,D17,LA MAISON A L'ENVERS,0.00,1.00,1.0,22,0,18,27,4,2026
84087,2026-04-27 23:00:00.000,D17,LA MAISON A L'ENVERS,0.00,1.00,1.0,23,0,18,27,4,2026
84109,2026-04-28 00:00:00.000,D17,LA MAISON A L'ENVERS,0.00,1.00,1.0,0,0,18,28,4,2026
84131,2026-04-28 01:00:00.000,D17,LA MAISON A L'ENVERS,0.00,1.00,1.0,1,0,18,28,4,2026
84153,2026-04-28 02:00:00.000,D17,LA MAISON A L'ENVERS,0.00,1.00,1.0,2,0,18,28,4,2026
84676,2026-04-28 03:00:00.000,D17,LA MAISON A L'ENVERS,0.00,1.00,1.0,3,0,18,28,4,2026
84698,2026-04-28 04:00:00.000,D17,LA MAISON A L'ENVERS,0.00,1.00,1.0,4,0,18,28,4,2026
84720,2026-04-28 05:00:00.000,D17,LA MAISON A L'ENVERS,0.00,1.00,1.0,5,0,18,28,4,2026
84742,2026-04-28 06:00:00.000,D17,LA MAISON A L'ENVERS,0.00,1.00,1.0,6,0,18,28,4,2026
84764,2026-04-28 07:00:00.000,D17,LA MAISON A L'ENVERS,0.00,0.00,0.0,7,0,18,28,4,2026
84786,2026-04-28 08:00:00.000,D17,LA MAISON A L'ENVERS,0.00,0.00,0.0,8,0,18,28,4,2026
84808,2026-04-28 09:00:00.000,D17,LA MAISON A L'ENVERS,0.00,0.00,0.0,9,0,18,28,4,2026
84830,2026-04-28 10:00:00.000,D17,LA MAISON A L'ENVERS,0.00,0.00,0.0,10,0,18,28,4,2026
84852,2026-04-28 11:00:00.000,D17,LA MAISON A L'ENVERS,0.00,0.90,0.9,11,0,18,28,4,2026
84874,2026-04-28 12:00:00.000,D17,LA MAISON A L'ENVERS,0.00,1.00,1.0,12,0,18,28,4,2026
84896,2026-04-28 13:00:00.000,D17,LA MAISON A L'ENVERS,0.00,1.00,1.0,13,0,18,28,4,2026
84918,2026-04-28 14:00:00.000,D17,LA MAISON A L'ENVERS,0.00,1.00,1.0,14,0,18,28,4,2026
84940,2026-04-28 15:00:00.000,D17,LA MAISON A L'ENVERS,0.00,1.00,1.0,15,0,18,28,4,2026
84962,2026-04-28 16:00:00.000,D17,LA MAISON A L'ENVERS,0.00,1.00,1.0,16,0,18,28,4,2026
84984,2026-04-28 17:00:00.000,D17,LA MAISON A L'ENVERS,0.00,1.00,1.0,17,0,18,28,4,2026
85006,2026-04-28 18:00:00.000,D17,LA MAISON A L'ENVERS,0.00,1.00,1.0,18,0,18,28,4,2026
85028,2026-04-28 19:00:00.000,D17,LA MAISON A L'ENVERS,0.00,1.00,1.0,19,0,18,28,4,2026
85050,2026-04-28 20:00:00.000,D17,LA MAISON A L'ENVERS,0.00,1.00,1.0,20,0,18,28,4,2026
85072,2026-04-28 21:00:00.000,D17,LA MAISON A L'ENVERS,0.00,0.10,0.1,21,0,18,28,4,2026
85094,2026-04-28 22:00:00.000,D17,LA MAISON A L'ENVERS,0.00,0.00,0.0,22,0,18,28,4,2026
85116,2026-04-28 23:00:00.000,D17,LA MAISON A L'ENVERS,0.00,0.00,0.0,23,0,18,28,4,2026
85138,2026-04-29 00:00:00.000,D17,LA MAISON A L'ENVERS,0.00,0.00,0.0,0,0,18,29,4,2026
85160,2026-04-29 01:00:00.000,D17,LA MAISON A L'ENVERS,0.00,0.00,0.0,1,0,18,29,4,2026
85683,2026-04-29 02:00:00.000,D17,LA MAISON A L'ENVERS,0.00,0.00,0.0,2,0,18,29,4,2026
85705,2026-04-29 03:00:00.000,D17,LA MAISON A L'ENVERS,0.00,0.00,0.0,3,0,18,29,4,2026
85727,2026-04-29 04:00:00.000,D17,LA MAISON A L'ENVERS,0.00,0.00,0.0,4,0,18,29,4,2026
85749,2026-04-29 05:00:00.000,D17,LA MAISON A L'ENVERS,0.00,0.00,0.0,5,0,18,29,4,2026
85771,2026-04-29 06:00:00.000,D17,LA MAISON A L'ENVERS,0.00,0.00,0.0,6,0,18,29,4,2026
85793,2026-04-29 07:00:00.000,D17,LA MAISON A L'ENVERS,0.00,0.00,0.0,7,0,18,29,4,2026
85815,2026-04-29 08:00:00.000,D17,LA MAISON A L'ENVERS,0.00,0.00,0.0,8,0,18,29,4,2026
85837,2026-04-29 09:00:00.000,D17,LA MAISON A L'ENVERS,0.00,0.00,0.0,9,0,18,29,4,2026
85859,2026-04-29 10:00:00.000,D17,LA MAISON A L'ENVERS,0.00,0.00,0.0,10,0,18,29,4,2026
85881,2026-04-29 11:00:00.000,D17,LA MAISON A L'ENVERS,0.00,0.00,0.0,11,0,18,29,4,2026
85903,2026-04-29 12:00:00.000,D17,LA MAISON A L'ENVERS,0.00,0.00,0.0,12,0,18,29,4,2026
85925,2026-04-29 13:00:00.000,D17,LA MAISON A L'ENVERS,0.00,0.00,0.0,13,0,18,29,4,2026
85947,2026-04-29 14:00:00.000,D17,LA MAISON A L'ENVERS,0.00,1.00,1.0,14,0,18,29,4,2026
85969,2026-04-29 15:00:00.000,D17,LA MAISON A L'ENVERS,0.00,1.00,1.0,15,0,18,29,4,2026
85991,2026-04-29 16:00:00.000,D17,LA MAISON A L'ENVERS,0.00,1.00,1.0,16,0,18,29,4,2026
86013,2026-04-29 17:00:00.000,D17,LA MAISON A L'ENVERS,0.00,1.00,1.0,17,0,18,29,4,2026
86035,2026-04-29 18:00:00.000,D17,LA MAISON A L'ENVERS,0.00,1.00,1.0,18,0,18,29,4,2026
86057,2026-04-29 19:00:00.000,D17,LA MAISON A L'ENVERS,0.00,1.00,1.0,19,0,18,29,4,2026
86079,2026-04-29 20:00:00.000,D17,LA MAISON A L'ENVERS,0.00,1.00,1.0,20,0,18,29,4,2026
86101,2026-04-29 21:00:00.000,D17,LA MAISON A L'ENVERS,0.00,1.00,1.0,21,0,18,29,4,2026
86123,2026-04-29 22:00:00.000,D17,LA MAISON A L'ENVERS,0.00,1.00,1.0,22,0,18,29,4,2026
86145,2026-04-29 23:00:00.000,D17,LA MAISON A L'ENVERS,0.00,1.00,1.0,23,0,18,29,4,2026
86167,2026-04-30 00:00:00.000,D17,LA MAISON A L'ENVERS,0.00,1.00,1.0,0,0,18,30,4,2026
86690,2026-04-30 01:00:00.000,D17,LA MAISON A L'ENVERS,0.00,1.00,1.0,1,0,18,30,4,2026
86712,2026-04-30 02:00:00.000,D17,LA MAISON A L'ENVERS,0.00,1.00,1.0,2,0,18,30,4,2026
86734,2026-04-30 03:00:00.000,D17,LA MAISON A L'ENVERS,0.00,1.00,1.0,3,0,18,30,4,2026
86756,2026-04-30 04:00:00.000,D17,LA MAISON A L'ENVERS,0.00,1.00,1.0,4,0,18,30,4,2026
86778,2026-04-30 05:00:00.000,D17,LA MAISON A L'ENVERS,0.00,1.00,1.0,5,0,18,30,4,2026
86800,2026-04-30 06:00:00.000,D17,LA MAISON A L'ENVERS,0.00,1.00,1.0,6,0,18,30,4,2026
86822,2026-04-30 07:00:00.000,D17,LA MAISON A L'ENVERS,0.00,0.00,0.0,7,0,18,30,4,2026
86844,2026-04-30 08:00:00.000,D17,LA MAISON A L'ENVERS,0.00,0.00,0.0,8,0,18,30,4,2026
86866,2026-04-30 09:00:00.000,D17,LA MAISON A L'ENVERS,0.00,0.00,0.0,9,0,18,30,4,2026
86888,2026-04-30 10:00:00.000,D17,LA MAISON A L'ENVERS,0.00,0.00,0.0,10,0,18,30,4,2026
86910,2026-04-30 11:00:00.000,D17,LA MAISON A L'ENVERS,0.00,0.90,0.9,11,0,18,30,4,2026
86932,2026-04-30 12:00:00.000,D17,LA MAISON A L'ENVERS,0.00,1.00,1.0,12,0,18,30,4,2026
86954,2026-04-30 13:00:00.000,D17,LA MAISON A L'ENVERS,0.00,1.00,1.0,13,0,18,30,4,2026
86976,2026-04-30 14:00:00.000,D17,LA MAISON A L'ENVERS,0.00,1.00,1.0,14,0,18,30,4,2026
86998,2026-04-30 15:00:00.000,D17,LA MAISON A L'ENVERS,0.00,1.00,1.0,15,0,18,30,4,2026
87020,2026-04-30 16:00:00.000,D17,LA MAISON A L'ENVERS,0.00,1.00,1.0,16,0,18,30,4,2026
87042,2026-04-30 17:00:00.000,D17,LA MAISON A L'ENVERS,0.00,1.00,1.0,17,0,18,30,4,2026
87064,2026-04-30 18:00:00.000,D17,LA MAISON A L'ENVERS,0.00,1.00,1.0,18,0,18,30,4,2026
87086,2026-04-30 19:00:00.000,D17,LA MAISON A L'ENVERS,0.00,1.00,1.0,19,0,18,30,4,2026
87108,2026-04-30 20:00:00.000,D17,LA MAISON A L'ENVERS,0.00,1.00,1.0,20,0,18,30,4,2026
87130,2026-04-30 21:00:00.000,D17,LA MAISON A L'ENVERS,0.00,0.45,0.45,21,0,18,30,4,2026
87152,2026-04-30 22:00:00.000,D17,LA MAISON A L'ENVERS,0.00,0.00,0.0,22,0,18,30,4,2026
87675,2026-04-30 23:00:00.000,D17,LA MAISON A L'ENVERS,0.00,0.00,0.0,23,0,18,30,4,2026
87697,2026-05-01 00:00:00.000,D17,LA MAISON A L'ENVERS,0.00,0.00,0.0,0,0,18,1,5,2026
87719,2026-05-01 01:00:00.000,D17,LA MAISON A L'ENVERS,0.00,0.00,0.0,1,0,18,1,5,2026
87741,2026-05-01 02:00:00.000,D17,LA MAISON A L'ENVERS,0.00,0.00,0.0,2,0,18,1,5,2026
87763,2026-05-01 03:00:00.000,D17,LA MAISON A L'ENVERS,0.00,0.00,0.0,3,0,18,1,5,2026
87785,2026-05-01 04:00:00.000,D17,LA MAISON A L'ENVERS,0.00,0.00,0.0,4,0,18,1,5,2026
87807,2026-05-01 05:00:00.000,D17,LA MAISON A L'ENVERS,0.00,0.00,0.0,5,0,18,1,5,2026
87829,2026-05-01 06:00:00.000,D17,LA MAISON A L'ENVERS,0.00,0.00,0.0,6,0,18,1,5,2026
87851,2026-05-01 07:00:00.000,D17,LA MAISON A L'ENVERS,0.00,0.00,0.0,7,0,18,1,5,2026
87873,2026-05-01 08:00:00.000,D17,LA MAISON A L'ENVERS,0.00,0.00,0.0,8,0,18,1,5,2026
87895,2026-05-01 09:00:00.000,D17,LA MAISON A L'ENVERS,0.00,0.00,0.0,9,0,18,1,5,2026
87917,2026-05-01 10:00:00.000,D17,LA MAISON A L'ENVERS,0.00,0.00,0.0,10,0,18,1,5,2026
87939,2026-05-01 11:00:00.000,D17,LA MAISON A L'ENVERS,0.00,0.00,0.0,11,0,18,1,5,2026
87961,2026-05-01 12:00:00.000,D17,LA MAISON A L'ENVERS,0.00,0.00,0.0,12,0,18,1,5,2026
87983,2026-05-01 13:00:00.000,D17,LA MAISON A L'ENVERS,0.00,0.00,0.0,13,0,18,1,5,2026
88005,2026-05-01 14:00:00.000,D17,LA MAISON A L'ENVERS,0.00,0.70,0.7,14,0,18,1,5,2026
88027,2026-05-01 15:00:00.000,D17,LA MAISON A L'ENVERS,0.00,1.00,1.0,15,0,18,1,5,2026
88049,2026-05-01 16:00:00.000,D17,LA MAISON A L'ENVERS,0.00,1.00,1.0,16,0,18,1,5,2026
88071,2026-05-01 17:00:00.000,D17,LA MAISON A L'ENVERS,0.00,1.00,1.0,17,0,18,1,5,2026
88093,2026-05-01 18:00:00.000,D17,LA MAISON A L'ENVERS,0.00,1.00,1.0,18,0,18,1,5,2026
88115,2026-05-01 19:00:00.000,D17,LA MAISON A L'ENVERS,0.00,1.00,1.0,19,0,18,1,5,2026
88137,2026-05-01 20:00:00.000,D17,LA MAISON A L'ENVERS,0.00,1.00,1.0,20,0,18,1,5,2026
88159,2026-05-01 21:00:00.000,D17,LA MAISON A L'ENVERS,0.00,1.00,1.0,21,0,18,1,5,2026
88682,2026-05-01 22:00:00.000,D17,LA MAISON A L'ENVERS,0.00,1.00,1.0,22,0,18,1,5,2026
88704,2026-05-01 23:00:00.000,D17,LA MAISON A L'ENVERS,0.00,1.00,1.0,23,0,18,1,5,2026
88726,2026-05-02 00:00:00.000,D17,LA MAISON A L'ENVERS,0.00,1.00,1.0,0,0,18,2,5,2026
88748,2026-05-02 01:00:00.000,D17,LA MAISON A L'ENVERS,0.00,1.00,1.0,1,0,18,2,5,2026
88770,2026-05-02 02:00:00.000,D17,LA MAISON A L'ENVERS,0.00,1.00,1.0,2,0,18,2,5,2026
88792,2026-05-02 03:00:00.000,D17,LA MAISON A L'ENVERS,0.00,1.00,1.0,3,0,18,2,5,2026
88814,2026-05-02 04:00:00.000,D17,LA MAISON A L'ENVERS,0.00,1.00,1.0,4,0,18,2,5,2026
88836,2026-05-02 05:00:00.000,D17,LA MAISON A L'ENVERS,0.00,1.00,1.0,5,0,18,2,5,2026
88858,2026-05-02 06:00:00.000,D17,LA MAISON A L'ENVERS,0.00,1.00,1.0,6,0,18,2,5,2026
88881,2026-05-02 07:00:00.000,D17,LA MAISON A L'ENVERS,0.00,0.00,0.0,7,0,18,2,5,2026
88904,2026-05-02 08:00:00.000,D17,LA MAISON A L'ENVERS,0.00,0.00,0.0,8,0,18,2,5,2026
88927,2026-05-02 09:00:00.000,D17,LA MAISON A L'ENVERS,0.00,0.10,0.1,9,0,18,2,5,2026
88950,2026-05-02 10:00:00.000,D17,LA MAISON A L'ENVERS,0.00,1.00,1.0,10,0,18,2,5,2026
88973,2026-05-02 11:00:00.000,D17,LA MAISON A L'ENVERS,0.00,1.00,1.0,11,0,18,2,5,2026
88996,2026-05-02 12:00:00.000,D17,LA MAISON A L'ENVERS,0.00,1.00,1.0,12,0,18,2,5,2026
89019,2026-05-02 13:00:00.000,D17,LA MAISON A L'ENVERS,0.00,1.00,1.0,13,0,18,2,5,2026
89042,2026-05-02 14:00:00.000,D17,LA MAISON A L'ENVERS,0.00,1.00,1.0,14,0,18,2,5,2026
89065,2026-05-02 15:00:00.000,D17,LA MAISON A L'ENVERS,0.00,1.00,1.0,15,0,18,2,5,2026
89088,2026-05-02 16:00:00.000,D17,LA MAISON A L'ENVERS,0.00,1.00,1.0,16,0,18,2,5,2026
89111,2026-05-02 17:00:00.000,D17,LA MAISON A L'ENVERS,0.00,1.00,1.0,17,0,18,2,5,2026
89134,2026-05-02 18:00:00.000,D17,LA MAISON A L'ENVERS,0.00,1.00,1.0,18,0,18,2,5,2026
89157,2026-05-02 19:00:00.000,D17,LA MAISON A L'ENVERS,0.00,1.00,1.0,19,0,18,2,5,2026
89681,2026-05-02 20:00:00.000,D17,LA MAISON A L'ENVERS,0.00,1.00,1.0,20,0,18,2,5,2026
89704,2026-05-02 21:00:00.000,D17,LA MAISON A L'ENVERS,0.00,0.95,0.95,21,0,18,2,5,2026
89727,2026-05-02 22:00:00.000,D17,LA MAISON A L'ENVERS,0.00,0.00,0.0,22,0,18,2,5,2026
89750,2026-05-02 23:00:00.000,D17,LA MAISON A L'ENVERS,0.00,0.00,0.0,23,0,18,2,5,2026
89773,2026-05-03 00:00:00.000,D17,LA MAISON A L'ENVERS,0.00,0.00,0.0,0,0,19,3,5,2026
89796,2026-05-03 01:00:00.000,D17,LA MAISON A L'ENVERS,0.00,0.00,0.0,1,0,19,3,5,2026
89819,2026-05-03 02:00:00.000,D17,LA MAISON A L'ENVERS,0.00,0.00,0.0,2,0,19,3,5,2026
89842,2026-05-03 03:00:00.000,D17,LA MAISON A L'ENVERS,0.00,0.00,0.0,3,0,19,3,5,2026
89865,2026-05-03 04:00:00.000,D17,LA MAISON A L'ENVERS,0.00,0.00,0.0,4,0,19,3,5,2026
89888,2026-05-03 05:00:00.000,D17,LA MAISON A L'ENVERS,0.00,0.00,0.0,5,0,19,3,5,2026
89911,2026-05-03 06:00:00.000,D17,LA MAISON A L'ENVERS,0.00,0.00,0.0,6,0,19,3,5,2026
89934,2026-05-03 07:00:00.000,D17,LA MAISON A L'ENVERS,0.00,0.00,0.0,7,0,19,3,5,2026
89956,2026-05-03 08:00:00.000,D17,LA MAISON A L'ENVERS,0.00,0.00,0.0,8,0,19,3,5,2026
89978,2026-05-03 09:00:00.000,D17,LA MAISON A L'ENVERS,0.00,0.00,0.0,9,0,19,3,5,2026
90000,2026-05-03 10:00:00.000,D17,LA MAISON A L'ENVERS,0.00,0.00,0.0,10,0,19,3,5,2026
90022,2026-05-03 11:00:00.000,D17,LA MAISON A L'ENVERS,0.00,0.95,0.95,11,0,19,3,5,2026
90044,2026-05-03 12:00:00.000,D17,LA MAISON A L'ENVERS,0.00,1.00,1.0,12,0,19,3,5,2026
90066,2026-05-03 13:00:00.000,D17,LA MAISON A L'ENVERS,0.00,1.00,1.0,13,0,19,3,5,2026
90088,2026-05-03 14:00:00.000,D17,LA MAISON A L'ENVERS,0.00,1.00,1.0,14,0,19,3,5,2026
90110,2026-05-03 15:00:00.000,D17,LA MAISON A L'ENVERS,0.00,1.00,1.0,15,0,19,3,5,2026
90132,2026-05-03 16:00:00.000,D17,LA MAISON A L'ENVERS,0.00,1.00,1.0,16,0,19,3,5,2026
90154,2026-05-03 17:00:00.000,D17,LA MAISON A L'ENVERS,0.00,1.00,1.0,17,0,19,3,5,2026
90176,2026-05-03 18:00:00.000,D17,LA MAISON A L'ENVERS,0.00,1.00,1.0,18,0,19,3,5,2026
90699,2026-05-03 19:00:00.000,D17,LA MAISON A L'ENVERS,0.00,0.05,0.05,19,0,19,3,5,2026
90721,2026-05-03 20:00:00.000,D17,LA MAISON A L'ENVERS,0.00,0.00,0.0,20,0,19,3,5,2026
90743,2026-05-03 21:00:00.000,D17,LA MAISON A L'ENVERS,0.00,0.00,0.0,21,0,19,3,5,2026
90765,2026-05-03 22:00:00.000,D17,LA MAISON A L'ENVERS,0.00,0.00,0.0,22,0,19,3,5,2026
90787,2026-05-03 23:00:00.000,D17,LA MAISON A L'ENVERS,0.00,0.00,0.0,23,0,19,3,5,2026
90809,2026-05-04 00:00:00.000,D17,LA MAISON A L'ENVERS,0.00,0.00,0.0,0,0,19,4,5,2026
90831,2026-05-04 01:00:00.000,D17,LA MAISON A L'ENVERS,0.00,0.00,0.0,1,0,19,4,5,2026
90853,2026-05-04 02:00:00.000,D17,LA MAISON A L'ENVERS,0.00,0.00,0.0,2,0,19,4,5,2026
90875,2026-05-04 03:00:00.000,D17,LA MAISON A L'ENVERS,0.00,0.00,0.0,3,0,19,4,5,2026
90897,2026-05-04 04:00:00.000,D17,LA MAISON A L'ENVERS,0.00,0.00,0.0,4,0,19,4,5,2026
90919,2026-05-04 05:00:00.000,D17,LA MAISON A L'ENVERS,0.00,0.00,0.0,5,0,19,4,5,2026
90941,2026-05-04 06:00:00.000,D17,LA MAISON A L'ENVERS,0.00,0.00,0.0,6,0,19,4,5,2026
90963,2026-05-04 07:00:00.000,D17,LA MAISON A L'ENVERS,0.00,0.00,0.0,7,0,19,4,5,2026
90984,2026-05-04 08:00:00.000,D17,LA MAISON A L'ENVERS,0.00,0.00,0.0,8,0,19,4,5,2026
91005,2026-05-04 09:00:00.000,D17,LA MAISON A L'ENVERS,0.00,0.00,0.0,9,0,19,4,5,2026
91026,2026-05-04 10:00:00.000,D17,LA MAISON A L'ENVERS,0.00,0.00,0.0,10,0,19,4,5,2026
91047,2026-05-04 11:00:00.000,D17,LA MAISON A L'ENVERS,0.00,0.00,0.0,11,0,19,4,5,2026
91068,2026-05-04 12:00:00.000,D17,LA MAISON A L'ENVERS,0.00,0.00,0.0,12,0,19,4,5,2026
91089,2026-05-04 13:00:00.000,D17,LA MAISON A L'ENVERS,0.00,0.10,0.1,13,0,19,4,5,2026
91110,2026-05-04 14:00:00.000,D17,LA MAISON A L'ENVERS,0.00,1.00,1.0,14,0,19,4,5,2026
91131,2026-05-04 15:00:00.000,D17,LA MAISON A L'ENVERS,0.00,1.00,1.0,15,0,19,4,5,2026
91152,2026-05-04 16:00:00.000,D17,LA MAISON A L'ENVERS,0.00,1.00,1.0,16,0,19,4,5,2026
91173,2026-05-04 17:00:00.000,D17,LA MAISON A L'ENVERS,0.00,1.00,1.0,17,0,19,4,5,2026
91695,2026-05-04 18:00:00.000,D17,LA MAISON A L'ENVERS,0.00,1.00,1.0,18,0,19,4,5,2026
91716,2026-05-04 19:00:00.000,D17,LA MAISON A L'ENVERS,0.00,1.00,1.0,19,0,19,4,5,2026
91737,2026-05-04 20:00:00.000,D17,LA MAISON A L'ENVERS,0.00,1.00,1.0,20,0,19,4,5,2026
91758,2026-05-04 21:00:00.000,D17,LA MAISON A L'ENVERS,0.00,1.00,1.0,21,0,19,4,5,2026
91779,2026-05-04 22:00:00.000,D17,LA MAISON A L'ENVERS,0.00,1.00,1.0,22,0,19,4,5,2026
91800,2026-05-04 23:00:00.000,D17,LA MAISON A L'ENVERS,0.00,1.00,1.0,23,0,19,4,5,2026
91821,2026-05-05 00:00:00.000,D17,LA MAISON A L'ENVERS,0.00,1.00,1.0,0,0,19,5,5,2026
91842,2026-05-05 01:00:00.000,D17,LA MAISON A L'ENVERS,0.00,1.00,1.0,1,0,19,5,5,2026
91863,2026-05-05 02:00:00.000,D17,LA MAISON A L'ENVERS,0.00,1.00,1.0,2,0,19,5,5,2026
91884,2026-05-05 03:00:00.000,D17,LA MAISON A L'ENVERS,0.00,1.00,1.0,3,0,19,5,5,2026
91905,2026-05-05 04:00:00.000,D17,LA MAISON A L'ENVERS,0.00,1.00,1.0,4,0,19,5,5,2026
91926,2026-05-05 05:00:00.000,D17,LA MAISON A L'ENVERS,0.00,1.00,1.0,5,0,19,5,5,2026
91947,2026-05-05 06:00:00.000,D17,LA MAISON A L'ENVERS,0.00,1.00,1.0,6,0,19,5,5,2026
91968,2026-05-05 07:00:00.000,D17,LA MAISON A L'ENVERS,0.00,0.00,0.0,7,0,19,5,5,2026
91989,2026-05-05 08:00:00.000,D17,LA MAISON A L'ENVERS,0.00,0.00,0.0,8,0,19,5,5,2026
92010,2026-05-05 09:00:00.000,D17,LA MAISON A L'ENVERS,0.00,0.00,0.0,9,0,19,5,5,2026
92031,2026-05-05 10:00:00.000,D17,LA MAISON A L'ENVERS,0.00,0.00,0.0,10,0,19,5,5,2026
92052,2026-05-05 11:00:00.000,D17,LA MAISON A L'ENVERS,0.00,0.00,0.0,11,0,19,5,5,2026
92073,2026-05-05 12:00:00.000,D17,LA MAISON A L'ENVERS,0.00,0.00,0.0,12,0,19,5,5,2026
92094,2026-05-05 13:00:00.000,D17,LA MAISON A L'ENVERS,0.00,0.00,0.0,13,0,19,5,5,2026
92115,2026-05-05 14:00:00.000,D17,LA MAISON A L'ENVERS,0.00,0.90,0.9,14,0,19,5,5,2026
92136,2026-05-05 15:00:00.000,D17,LA MAISON A L'ENVERS,0.00,1.00,1.0,15,0,19,5,5,2026
92157,2026-05-05 16:00:00.000,D17,LA MAISON A L'ENVERS,0.00,1.00,1.0,16,0,19,5,5,2026
92178,2026-05-05 17:00:00.000,D17,LA MAISON A L'ENVERS,0.00,1.00,1.0,17,0,19,5,5,2026
92700,2026-05-05 18:00:00.000,D17,LA MAISON A L'ENVERS,0.00,1.00,1.0,18,0,19,5,5,2026
92721,2026-05-05 19:00:00.000,D17,LA MAISON A L'ENVERS,0.00,1.00,1.0,19,0,19,5,5,2026
92742,2026-05-05 20:00:00.000,D17,LA MAISON A L'ENVERS,0.00,1.00,1.0,20,0,19,5,5,2026
92763,2026-05-05 21:00:00.000,D17,LA MAISON A L'ENVERS,0.00,1.00,1.0,21,0,19,5,5,2026
92784,2026-05-05 22:00:00.000,D17,LA MAISON A L'ENVERS,0.00,1.00,1.0,22,0,19,5,5,2026
92805,2026-05-05 23:00:00.000,D17,LA MAISON A L'ENVERS,0.00,1.00,1.0,23,0,19,5,5,2026
92826,2026-05-06 00:00:00.000,D17,LA MAISON A L'ENVERS,0.00,1.00,1.0,0,0,19,6,5,2026
92847,2026-05-06 01:00:00.000,D17,LA MAISON A L'ENVERS,0.00,1.00,1.0,1,0,19,6,5,2026
92868,2026-05-06 02:00:00.000,D17,LA MAISON A L'ENVERS,0.00,1.00,1.0,2,0,19,6,5,2026
92889,2026-05-06 03:00:00.000,D17,LA MAISON A L'ENVERS,0.00,1.00,1.0,3,0,19,6,5,2026
92910,2026-05-06 04:00:00.000,D17,LA MAISON A L'ENVERS,0.00,1.00,1.0,4,0,19,6,5,2026
92931,2026-05-06 05:00:00.000,D17,LA MAISON A L'ENVERS,0.00,1.00,1.0,5,0,19,6,5,2026
92952,2026-05-06 06:00:00.000,D17,LA MAISON A L'ENVERS,0.00,1.00,1.0,6,0,19,6,5,2026
92973,2026-05-06 07:00:00.000,D17,LA MAISON A L'ENVERS,0.00,0.00,0.0,7,0,19,6,5,2026
92994,2026-05-06 08:00:00.000,D17,LA MAISON A L'ENVERS,0.00,0.00,0.0,8,0,19,6,5,2026
93015,2026-05-06 09:00:00.000,D17,LA MAISON A L'ENVERS,0.00,0.00,0.0,9,0,19,6,5,2026
93036,2026-05-06 10:00:00.000,D17,LA MAISON A L'ENVERS,0.00,0.00,0.0,10,0,19,6,5,2026
93057,2026-05-06 11:00:00.000,D17,LA MAISON A L'ENVERS,0.00,0.00,0.0,11,0,19,6,5,2026
93078,2026-05-06 12:00:00.000,D17,LA MAISON A L'ENVERS,0.00,0.00,0.0,12,0,19,6,5,2026
93099,2026-05-06 13:00:00.000,D17,LA MAISON A L'ENVERS,0.00,0.00,0.0,13,0,19,6,5,2026
93120,2026-05-06 14:00:00.000,D17,LA MAISON A L'ENVERS,0.00,1.00,1.0,14,0,19,6,5,2026
93141,2026-05-06 15:00:00.000,D17,LA MAISON A L'ENVERS,0.00,1.00,1.0,15,0,19,6,5,2026
93162,2026-05-06 16:00:00.000,D17,LA MAISON A L'ENVERS,0.00,1.00,1.0,16,0,19,6,5,2026
93183,2026-05-06 17:00:00.000,D17,LA MAISON A L'ENVERS,0.00,1.00,1.0,17,0,19,6,5,2026
93705,2026-05-06 18:00:00.000,D17,LA MAISON A L'ENVERS,0.00,1.00,1.0,18,0,19,6,5,2026
93726,2026-05-06 19:00:00.000,D17,LA MAISON A L'ENVERS,0.00,1.00,1.0,19,0,19,6,5,2026
93747,2026-05-06 20:00:00.000,D17,LA MAISON A L'ENVERS,0.00,1.00,1.0,20,0,19,6,5,2026
93768,2026-05-06 21:00:00.000,D17,LA MAISON A L'ENVERS,0.00,1.00,1.0,21,0,19,6,5,2026
93789,2026-05-06 22:00:00.000,D17,LA MAISON A L'ENVERS,0.00,1.00,1.0,22,0,19,6,5,2026
93810,2026-05-06 23:00:00.000,D17,LA MAISON A L'ENVERS,0.00,1.00,1.0,23,0,19,6,5,2026
93831,2026-05-07 00:00:00.000,D17,LA MAISON A L'ENVERS,0.00,1.00,1.0,0,0,19,7,5,2026
93852,2026-05-07 01:00:00.000,D17,LA MAISON A L'ENVERS,0.00,1.00,1.0,1,0,19,7,5,2026
93873,2026-05-07 02:00:00.000,D17,LA MAISON A L'ENVERS,0.00,1.00,1.0,2,0,19,7,5,2026
93894,2026-05-07 03:00:00.000,D17,LA MAISON A L'ENVERS,0.00,1.00,1.0,3,0,19,7,5,2026
93915,2026-05-07 04:00:00.000,D17,LA MAISON A L'ENVERS,0.00,1.00,1.0,4,0,19,7,5,2026
93936,2026-05-07 05:00:00.000,D17,LA MAISON A L'ENVERS,0.00,1.00,1.0,5,0,19,7,5,2026
93957,2026-05-07 06:00:00.000,D17,LA MAISON A L'ENVERS,0.00,1.00,1.0,6,0,19,7,5,2026
93978,2026-05-07 07:00:00.000,D17,LA MAISON A L'ENVERS,0.00,0.00,0.0,7,0,19,7,5,2026
93999,2026-05-07 08:00:00.000,D17,LA MAISON A L'ENVERS,0.00,0.00,0.0,8,0,19,7,5,2026
94020,2026-05-07 09:00:00.000,D17,LA MAISON A L'ENVERS,0.00,0.00,0.0,9,0,19,7,5,2026
94041,2026-05-07 10:00:00.000,D17,LA MAISON A L'ENVERS,0.00,0.00,0.0,10,0,19,7,5,2026
94062,2026-05-07 11:00:00.000,D17,LA MAISON A L'ENVERS,0.00,0.00,0.0,11,0,19,7,5,2026
94083,2026-05-07 12:00:00.000,D17,LA MAISON A L'ENVERS,0.00,0.00,0.0,12,0,19,7,5,2026
94104,2026-05-07 13:00:00.000,D17,LA MAISON A L'ENVERS,0.00,0.05,0.05,13,0,19,7,5,2026
94125,2026-05-07 14:00:00.000,D17,LA MAISON A L'ENVERS,0.00,1.00,1.0,14,0,19,7,5,2026
94146,2026-05-07 15:00:00.000,D17,LA MAISON A L'ENVERS,0.00,1.00,1.0,15,0,19,7,5,2026
94167,2026-05-07 16:00:00.000,D17,LA MAISON A L'ENVERS,0.00,1.00,1.0,16,0,19,7,5,2026
94689,2026-05-07 17:00:00.000,D17,LA MAISON A L'ENVERS,0.00,1.00,1.0,17,0,19,7,5,2026
94710,2026-05-07 18:00:00.000,D17,LA MAISON A L'ENVERS,0.00,1.00,1.0,18,0,19,7,5,2026
94731,2026-05-07 19:00:00.000,D17,LA MAISON A L'ENVERS,0.00,1.00,1.0,19,0,19,7,5,2026
94752,2026-05-07 20:00:00.000,D17,LA MAISON A L'ENVERS,0.10,0.15,0.05,20,0,19,7,5,2026
94773,2026-05-07 21:00:00.000,D17,LA MAISON A L'ENVERS,0.00,0.00,0.0,21,0,19,7,5,2026
94794,2026-05-07 22:00:00.000,D17,LA MAISON A L'ENVERS,0.00,0.00,0.0,22,0,19,7,5,2026
94815,2026-05-07 23:00:00.000,D17,LA MAISON A L'ENVERS,0.00,0.00,0.0,23,0,19,7,5,2026
94836,2026-05-08 00:00:00.000,D17,LA MAISON A L'ENVERS,0.00,0.00,0.0,0,0,19,8,5,2026
94857,2026-05-08 01:00:00.000,D17,LA MAISON A L'ENVERS,0.00,0.00,0.0,1,0,19,8,5,2026
94878,2026-05-08 02:00:00.000,D17,LA MAISON A L'ENVERS,0.00,0.00,0.0,2,0,19,8,5,2026
94899,2026-05-08 03:00:00.000,D17,LA MAISON A L'ENVERS,0.00,0.00,0.0,3,0,19,8,5,2026
94920,2026-05-08 04:00:00.000,D17,LA MAISON A L'ENVERS,0.00,0.00,0.0,4,0,19,8,5,2026
94941,2026-05-08 05:00:00.000,D17,LA MAISON A L'ENVERS,0.00,0.00,0.0,5,0,19,8,5,2026
94962,2026-05-08 06:00:00.000,D17,LA MAISON A L'ENVERS,0.00,0.00,0.0,6,0,19,8,5,2026
94983,2026-05-08 07:00:00.000,D17,LA MAISON A L'ENVERS,0.00,0.00,0.0,7,0,19,8,5,2026
95005,2026-05-08 08:00:00.000,D17,LA MAISON A L'ENVERS,0.00,0.00,0.0,8,0,19,8,5,2026
95027,2026-05-08 09:00:00.000,D17,LA MAISON A L'ENVERS,0.00,0.00,0.0,9,0,19,8,5,2026
95049,2026-05-08 10:00:00.000,D17,LA MAISON A L'ENVERS,0.00,0.00,0.0,10,0,19,8,5,2026
95071,2026-05-08 11:00:00.000,D17,LA MAISON A L'ENVERS,0.00,0.90,0.9,11,0,19,8,5,2026
95093,2026-05-08 12:00:00.000,D17,LA MAISON A L'ENVERS,0.00,1.00,1.0,12,0,19,8,5,2026
95115,2026-05-08 13:00:00.000,D17,LA MAISON A L'ENVERS,0.00,1.00,1.0,13,0,19,8,5,2026
95137,2026-05-08 14:00:00.000,D17,LA MAISON A L'ENVERS,0.00,1.00,1.0,14,0,19,8,5,2026
95159,2026-05-08 15:00:00.000,D17,LA MAISON A L'ENVERS,0.00,1.00,1.0,15,0,19,8,5,2026
95181,2026-05-08 16:00:00.000,D17,LA MAISON A L'ENVERS,0.00,1.00,1.0,16,0,19,8,5,2026
95704,2026-05-08 17:00:00.000,D17,LA MAISON A L'ENVERS,0.00,1.00,1.0,17,0,19,8,5,2026
95726,2026-05-08 18:00:00.000,D17,LA MAISON A L'ENVERS,0.00,1.00,1.0,18,0,19,8,5,2026
95748,2026-05-08 19:00:00.000,D17,LA MAISON A L'ENVERS,0.00,1.00,1.0,19,0,19,8,5,2026
95770,2026-05-08 20:00:00.000,D17,LA MAISON A L'ENVERS,0.00,1.00,1.0,20,0,19,8,5,2026
95792,2026-05-08 21:00:00.000,D17,LA MAISON A L'ENVERS,0.00,0.45,0.45,21,0,19,8,5,2026
95814,2026-05-08 22:00:00.000,D17,LA MAISON A L'ENVERS,0.00,0.00,0.0,22,0,19,8,5,2026
95836,2026-05-08 23:00:00.000,D17,LA MAISON A L'ENVERS,0.00,0.00,0.0,23,0,19,8,5,2026
95858,2026-05-09 00:00:00.000,D17,LA MAISON A L'ENVERS,0.00,0.00,0.0,0,0,19,9,5,2026
95880,2026-05-09 01:00:00.000,D17,LA MAISON A L'ENVERS,0.00,0.00,0.0,1,0,19,9,5,2026
95902,2026-05-09 02:00:00.000,D17,LA MAISON A L'ENVERS,0.00,0.00,0.0,2,0,19,9,5,2026
95924,2026-05-09 03:00:00.000,D17,LA MAISON A L'ENVERS,0.00,0.00,0.0,3,0,19,9,5,2026
95946,2026-05-09 04:00:00.000,D17,LA MAISON A L'ENVERS,0.00,0.00,0.0,4,0,19,9,5,2026
95968,2026-05-09 05:00:00.000,D17,LA MAISON A L'ENVERS,0.00,0.00,0.0,5,0,19,9,5,2026
95990,2026-05-09 06:00:00.000,D17,LA MAISON A L'ENVERS,0.00,0.00,0.0,6,0,19,9,5,2026
96013,2026-05-09 07:00:00.000,D17,LA MAISON A L'ENVERS,0.00,0.00,0.0,7,0,19,9,5,2026
96036,2026-05-09 08:00:00.000,D17,LA MAISON A L'ENVERS,0.00,0.00,0.0,8,0,19,9,5,2026
96059,2026-05-09 09:00:00.000,D17,LA MAISON A L'ENVERS,0.00,0.00,0.0,9,0,19,9,5,2026
96082,2026-05-09 10:00:00.000,D17,LA MAISON A L'ENVERS,0.00,0.10,0.1,10,0,19,9,5,2026
96105,2026-05-09 11:00:00.000,D17,LA MAISON A L'ENVERS,0.00,1.00,1.0,11,0,19,9,5,2026
96128,2026-05-09 12:00:00.000,D17,LA MAISON A L'ENVERS,0.00,1.00,1.0,12,0,19,9,5,2026
96151,2026-05-09 13:00:00.000,D17,LA MAISON A L'ENVERS,0.00,1.00,1.0,13,0,19,9,5,2026
96174,2026-05-09 14:00:00.000,D17,LA MAISON A L'ENVERS,0.00,1.00,1.0,14,0,19,9,5,2026
96698,2026-05-09 15:00:00.000,D17,LA MAISON A L'ENVERS,0.00,1.00,1.0,15,0,19,9,5,2026
96721,2026-05-09 16:00:00.000,D17,LA MAISON A L'ENVERS,0.00,1.00,1.0,16,0,19,9,5,2026
96744,2026-05-09 17:00:00.000,D17,LA MAISON A L'ENVERS,0.00,1.00,1.0,17,0,19,9,5,2026
96767,2026-05-09 18:00:00.000,D17,LA MAISON A L'ENVERS,0.00,1.00,1.0,18,0,19,9,5,2026
96790,2026-05-09 19:00:00.000,D17,LA MAISON A L'ENVERS,0.00,1.00,1.0,19,0,19,9,5,2026
96813,2026-05-09 20:00:00.000,D17,LA MAISON A L'ENVERS,0.00,1.00,1.0,20,0,19,9,5,2026
96836,2026-05-09 21:00:00.000,D17,LA MAISON A L'ENVERS,0.00,1.00,1.0,21,0,19,9,5,2026
96859,2026-05-09 22:00:00.000,D17,LA MAISON A L'ENVERS,0.00,1.00,1.0,22,0,19,9,5,2026
96882,2026-05-09 23:00:00.000,D17,LA MAISON A L'ENVERS,0.00,1.00,1.0,23,0,19,9,5,2026
96905,2026-05-10 00:00:00.000,D17,LA MAISON A L'ENVERS,0.00,1.00,1.0,0,0,20,10,5,2026
96928,2026-05-10 01:00:00.000,D17,LA MAISON A L'ENVERS,0.00,1.00,1.0,1,0,20,10,5,2026
96951,2026-05-10 02:00:00.000,D17,LA MAISON A L'ENVERS,0.00,1.00,1.0,2,0,20,10,5,2026
96974,2026-05-10 03:00:00.000,D17,LA MAISON A L'ENVERS,0.00,1.00,1.0,3,0,20,10,5,2026
96997,2026-05-10 04:00:00.000,D17,LA MAISON A L'ENVERS,0.00,1.00,1.0,4,0,20,10,5,2026
97020,2026-05-10 05:00:00.000,D17,LA MAISON A L'ENVERS,0.00,1.00,1.0,5,0,20,10,5,2026
97043,2026-05-10 06:00:00.000,D17,LA MAISON A L'ENVERS,0.00,1.00,1.0,6,0,20,10,5,2026
97065,2026-05-10 07:00:00.000,D17,LA MAISON A L'ENVERS,0.00,0.00,0.0,7,0,20,10,5,2026
97086,2026-05-10 08:00:00.000,D17,LA MAISON A L'ENVERS,0.00,0.00,0.0,8,0,20,10,5,2026
97107,2026-05-10 09:00:00.000,D17,LA MAISON A L'ENVERS,0.00,0.00,0.0,9,0,20,10,5,2026
97129,2026-05-10 10:00:00.000,D17,LA MAISON A L'ENVERS,0.00,0.00,0.0,10,0,20,10,5,2026
97151,2026-05-10 11:00:00.000,D17,LA MAISON A L'ENVERS,0.00,0.75,0.75,11,0,20,10,5,2026
97173,2026-05-10 12:00:00.000,D17,LA MAISON A L'ENVERS,0.00,1.00,1.0,12,0,20,10,5,2026
97696,2026-05-10 13:00:00.000,D17,LA MAISON A L'ENVERS,0.00,1.00,1.0,13,0,20,10,5,2026
97718,2026-05-10 14:00:00.000,D17,LA MAISON A L'ENVERS,0.00,1.00,1.0,14,0,20,10,5,2026
97740,2026-05-10 15:00:00.000,D17,LA MAISON A L'ENVERS,0.00,1.00,1.0,15,0,20,10,5,2026
97762,2026-05-10 16:00:00.000,D17,LA MAISON A L'ENVERS,0.00,1.00,1.0,16,0,20,10,5,2026
97784,2026-05-10 17:00:00.000,D17,LA MAISON A L'ENVERS,0.00,1.00,1.0,17,0,20,10,5,2026
97806,2026-05-10 18:00:00.000,D17,LA MAISON A L'ENVERS,0.00,1.00,1.0,18,0,20,10,5,2026
97828,2026-05-10 19:00:00.000,D17,LA MAISON A L'ENVERS,0.00,1.00,1.0,19,0,20,10,5,2026
97850,2026-05-10 20:00:00.000,D17,LA MAISON A L'ENVERS,0.00,0.85,0.85,20,0,20,10,5,2026
97872,2026-05-10 21:00:00.000,D17,LA MAISON A L'ENVERS,0.00,0.00,0.0,21,0,20,10,5,2026
97894,2026-05-10 22:00:00.000,D17,LA MAISON A L'ENVERS,0.00,0.00,0.0,22,0,20,10,5,2026
97916,2026-05-10 23:00:00.000,D17,LA MAISON A L'ENVERS,0.00,0.00,0.0,23,0,20,10,5,2026
97938,2026-05-11 00:00:00.000,D17,LA MAISON A L'ENVERS,0.00,0.00,0.0,0,0,20,11,5,2026
97960,2026-05-11 01:00:00.000,D17,LA MAISON A L'ENVERS,0.00,0.00,0.0,1,0,20,11,5,2026
97982,2026-05-11 02:00:00.000,D17,LA MAISON A L'ENVERS,0.00,0.00,0.0,2,0,20,11,5,2026
98004,2026-05-11 03:00:00.000,D17,LA MAISON A L'ENVERS,0.00,0.00,0.0,3,0,20,11,5,2026
98026,2026-05-11 04:00:00.000,D17,LA MAISON A L'ENVERS,0.00,0.00,0.0,4,0,20,11,5,2026
98048,2026-05-11 05:00:00.000,D17,LA MAISON A L'ENVERS,0.00,0.00,0.0,5,0,20,11,5,2026
98070,2026-05-11 06:00:00.000,D17,LA MAISON A L'ENVERS,0.00,0.00,0.0,6,0,20,11,5,2026
98092,2026-05-11 07:00:00.000,D17,LA MAISON A L'ENVERS,0.00,0.00,0.0,7,0,20,11,5,2026
98113,2026-05-11 08:00:00.000,D17,LA MAISON A L'ENVERS,0.00,0.00,0.0,8,0,20,11,5,2026
98134,2026-05-11 09:00:00.000,D17,LA MAISON A L'ENVERS,0.00,0.00,0.0,9,0,20,11,5,2026
98155,2026-05-11 10:00:00.000,D17,LA MAISON A L'ENVERS,0.00,0.00,0.0,10,0,20,11,5,2026
98176,2026-05-11 11:00:00.000,D17,LA MAISON A L'ENVERS,0.00,0.00,0.0,11,0,20,11,5,2026
98698,2026-05-11 12:00:00.000,D17,LA MAISON A L'ENVERS,0.00,0.00,0.0,12,0,20,11,5,2026
98719,2026-05-11 13:00:00.000,D17,LA MAISON A L'ENVERS,0.00,0.00,0.0,13,0,20,11,5,2026
98740,2026-05-11 14:00:00.000,D17,LA MAISON A L'ENVERS,0.00,0.95,0.95,14,0,20,11,5,2026
98761,2026-05-11 15:00:00.000,D17,LA MAISON A L'ENVERS,0.00,1.00,1.0,15,0,20,11,5,2026
98782,2026-05-11 16:00:00.000,D17,LA MAISON A L'ENVERS,0.00,1.00,1.0,16,0,20,11,5,2026
98803,2026-05-11 17:00:00.000,D17,LA MAISON A L'ENVERS,0.00,1.00,1.0,17,0,20,11,5,2026
98824,2026-05-11 18:00:00.000,D17,LA MAISON A L'ENVERS,0.00,1.00,1.0,18,0,20,11,5,2026
98845,2026-05-11 19:00:00.000,D17,LA MAISON A L'ENVERS,0.00,1.00,1.0,19,0,20,11,5,2026
98866,2026-05-11 20:00:00.000,D17,LA MAISON A L'ENVERS,0.00,1.00,1.0,20,0,20,11,5,2026
98887,2026-05-11 21:00:00.000,D17,LA MAISON A L'ENVERS,0.00,1.00,1.0,21,0,20,11,5,2026
98908,2026-05-11 22:00:00.000,D17,LA MAISON A L'ENVERS,0.00,1.00,1.0,22,0,20,11,5,2026
98929,2026-05-11 23:00:00.000,D17,LA MAISON A L'ENVERS,0.00,1.00,1.0,23,0,20,11,5,2026
98950,2026-05-12 00:00:00.000,D17,LA MAISON A L'ENVERS,0.00,1.00,1.0,0,0,20,12,5,2026
98971,2026-05-12 01:00:00.000,D17,LA MAISON A L'ENVERS,0.00,1.00,1.0,1,0,20,12,5,2026
98992,2026-05-12 02:00:00.000,D17,LA MAISON A L'ENVERS,0.00,1.00,1.0,2,0,20,12,5,2026
99013,2026-05-12 03:00:00.000,D17,LA MAISON A L'ENVERS,0.00,1.00,1.0,3,0,20,12,5,2026
99034,2026-05-12 04:00:00.000,D17,LA MAISON A L'ENVERS,0.00,1.00,1.0,4,0,20,12,5,2026
99055,2026-05-12 05:00:00.000,D17,LA MAISON A L'ENVERS,0.00,1.00,1.0,5,0,20,12,5,2026
99076,2026-05-12 06:00:00.000,D17,LA MAISON A L'ENVERS,0.00,1.00,1.0,6,0,20,12,5,2026
99097,2026-05-12 07:00:00.000,D17,LA MAISON A L'ENVERS,0.00,0.00,0.0,7,0,20,12,5,2026
99118,2026-05-12 08:00:00.000,D17,LA MAISON A L'ENVERS,0.00,0.00,0.0,8,0,20,12,5,2026
99139,2026-05-12 09:00:00.000,D17,LA MAISON A L'ENVERS,0.00,0.00,0.0,9,0,20,12,5,2026
99160,2026-05-12 10:00:00.000,D17,LA MAISON A L'ENVERS,0.00,0.00,0.0,10,0,20,12,5,2026
99181,2026-05-12 11:00:00.000,D17,LA MAISON A L'ENVERS,0.00,0.00,0.0,11,0,20,12,5,2026
99703,2026-05-12 12:00:00.000,D17,LA MAISON A L'ENVERS,0.00,0.00,0.0,12,0,20,12,5,2026
99724,2026-05-12 13:00:00.000,D17,LA MAISON A L'ENVERS,0.00,0.00,0.0,13,0,20,12,5,2026
99745,2026-05-12 14:00:00.000,D17,LA MAISON A L'ENVERS,0.00,0.85,0.85,14,0,20,12,5,2026
99766,2026-05-12 15:00:00.000,D17,LA MAISON A L'ENVERS,0.00,1.00,1.0,15,0,20,12,5,2026
99787,2026-05-12 16:00:00.000,D17,LA MAISON A L'ENVERS,0.00,1.00,1.0,16,0,20,12,5,2026
99808,2026-05-12 17:00:00.000,D17,LA MAISON A L'ENVERS,0.00,1.00,1.0,17,0,20,12,5,2026
99829,2026-05-12 18:00:00.000,D17,LA MAISON A L'ENVERS,0.00,1.00,1.0,18,0,20,12,5,2026
99850,2026-05-12 19:00:00.000,D17,LA MAISON A L'ENVERS,0.00,1.00,1.0,19,0,20,12,5,2026
99871,2026-05-12 20:00:00.000,D17,LA MAISON A L'ENVERS,0.00,1.00,1.0,20,0,20,12,5,2026
99892,2026-05-12 21:00:00.000,D17,LA MAISON A L'ENVERS,0.00,1.00,1.0,21,0,20,12,5,2026
99913,2026-05-12 22:00:00.000,D17,LA MAISON A L'ENVERS,0.00,1.00,1.0,22,0,20,12,5,2026
99934,2026-05-12 23:00:00.000,D17,LA MAISON A L'ENVERS,0.00,1.00,1.0,23,0,20,12,5,2026
99955,2026-05-13 00:00:00.000,D17,LA MAISON A L'ENVERS,0.00,1.00,1.0,0,0,20,13,5,2026
99976,2026-05-13 01:00:00.000,D17,LA MAISON A L'ENVERS,0.00,1.00,1.0,1,0,20,13,5,2026
99997,2026-05-13 02:00:00.000,D17,LA MAISON A L'ENVERS,0.00,1.00,1.0,2,0,20,13,5,2026
100018,2026-05-13 03:00:00.000,D17,LA MAISON A L'ENVERS,0.00,1.00,1.0,3,0,20,13,5,2026
100039,2026-05-13 04:00:00.000,D17,LA MAISON A L'ENVERS,0.00,1.00,1.0,4,0,20,13,5,2026
100060,2026-05-13 05:00:00.000,D17,LA MAISON A L'ENVERS,0.00,1.00,1.0,5,0,20,13,5,2026
100081,2026-05-13 06:00:00.000,D17,LA MAISON A L'ENVERS,0.00,1.00,1.0,6,0,20,13,5,2026
100102,2026-05-13 07:00:00.000,D17,LA MAISON A L'ENVERS,0.00,0.00,0.0,7,0,20,13,5,2026
100123,2026-05-13 08:00:00.000,D17,LA MAISON A L'ENVERS,0.00,0.00,0.0,8,0,20,13,5,2026
100144,2026-05-13 09:00:00.000,D17,LA MAISON A L'ENVERS,0.00,0.00,0.0,9,0,20,13,5,2026
100165,2026-05-13 10:00:00.000,D17,LA MAISON A L'ENVERS,0.00,0.00,0.0,10,0,20,13,5,2026
100186,2026-05-13 11:00:00.000,D17,LA MAISON A L'ENVERS,0.00,0.00,0.0,11,0,20,13,5,2026
100708,2026-05-13 12:00:00.000,D17,LA MAISON A L'ENVERS,0.00,0.00,0.0,12,0,20,13,5,2026
100729,2026-05-13 13:00:00.000,D17,LA MAISON A L'ENVERS,0.00,0.00,0.0,13,0,20,13,5,2026
100750,2026-05-13 14:00:00.000,D17,LA MAISON A L'ENVERS,0.00,0.85,0.85,14,0,20,13,5,2026
100771,2026-05-13 15:00:00.000,D17,LA MAISON A L'ENVERS,0.00,1.00,1.0,15,0,20,13,5,2026
100792,2026-05-13 16:00:00.000,D17,LA MAISON A L'ENVERS,0.00,1.00,1.0,16,0,20,13,5,2026
100813,2026-05-13 17:00:00.000,D17,LA MAISON A L'ENVERS,0.00,1.00,1.0,17,0,20,13,5,2026
100834,2026-05-13 18:00:00.000,D17,LA MAISON A L'ENVERS,0.00,1.00,1.0,18,0,20,13,5,2026
100855,2026-05-13 19:00:00.000,D17,LA MAISON A L'ENVERS,0.00,1.00,1.0,19,0,20,13,5,2026
100876,2026-05-13 20:00:00.000,D17,LA MAISON A L'ENVERS,0.00,1.00,1.0,20,0,20,13,5,2026
100897,2026-05-13 21:00:00.000,D17,LA MAISON A L'ENVERS,0.00,1.00,1.0,21,0,20,13,5,2026
100918,2026-05-13 22:00:00.000,D17,LA MAISON A L'ENVERS,0.00,1.00,1.0,22,0,20,13,5,2026
100939,2026-05-13 23:00:00.000,D17,LA MAISON A L'ENVERS,0.00,1.00,1.0,23,0,20,13,5,2026
100960,2026-05-14 00:00:00.000,D17,LA MAISON A L'ENVERS,0.00,1.00,1.0,0,0,20,14,5,2026
100981,2026-05-14 01:00:00.000,D17,LA MAISON A L'ENVERS,0.00,1.00,1.0,1,0,20,14,5,2026
101002,2026-05-14 02:00:00.000,D17,LA MAISON A L'ENVERS,0.00,1.00,1.0,2,0,20,14,5,2026
101023,2026-05-14 03:00:00.000,D17,LA MAISON A L'ENVERS,0.00,1.00,1.0,3,0,20,14,5,2026
101044,2026-05-14 04:00:00.000,D17,LA MAISON A L'ENVERS,0.00,1.00,1.0,4,0,20,14,5,2026
101065,2026-05-14 05:00:00.000,D17,LA MAISON A L'ENVERS,0.00,1.00,1.0,5,0,20,14,5,2026
101086,2026-05-14 06:00:00.000,D17,LA MAISON A L'ENVERS,0.00,1.00,1.0,6,0,20,14,5,2026
101107,2026-05-14 07:00:00.000,D17,LA MAISON A L'ENVERS,0.00,0.00,0.0,7,0,20,14,5,2026
101129,2026-05-14 08:00:00.000,D17,LA MAISON A L'ENVERS,0.00,0.00,0.0,8,0,20,14,5,2026
101151,2026-05-14 09:00:00.000,D17,LA MAISON A L'ENVERS,0.00,0.00,0.0,9,0,20,14,5,2026
101173,2026-05-14 10:00:00.000,D17,LA MAISON A L'ENVERS,0.00,0.00,0.0,10,0,20,14,5,2026
101195,2026-05-14 11:00:00.000,D17,LA MAISON A L'ENVERS,0.00,0.00,0.0,11,0,20,14,5,2026
101718,2026-05-14 12:00:00.000,D17,LA MAISON A L'ENVERS,0.00,0.00,0.0,12,0,20,14,5,2026
101740,2026-05-14 13:00:00.000,D17,LA MAISON A L'ENVERS,0.00,0.00,0.0,13,0,20,14,5,2026
101762,2026-05-14 14:00:00.000,D17,LA MAISON A L'ENVERS,0.00,0.50,0.5,14,0,20,14,5,2026
101784,2026-05-14 15:00:00.000,D17,LA MAISON A L'ENVERS,0.00,1.00,1.0,15,0,20,14,5,2026
101806,2026-05-14 16:00:00.000,D17,LA MAISON A L'ENVERS,0.00,1.00,1.0,16,0,20,14,5,2026
101828,2026-05-14 17:00:00.000,D17,LA MAISON A L'ENVERS,0.00,1.00,1.0,17,0,20,14,5,2026
101850,2026-05-14 18:00:00.000,D17,LA MAISON A L'ENVERS,0.00,1.00,1.0,18,0,20,14,5,2026
101872,2026-05-14 19:00:00.000,D17,LA MAISON A L'ENVERS,0.00,1.00,1.0,19,0,20,14,5,2026
101894,2026-05-14 20:00:00.000,D17,LA MAISON A L'ENVERS,0.00,0.55,0.55,20,0,20,14,5,2026
101916,2026-05-14 21:00:00.000,D17,LA MAISON A L'ENVERS,0.00,0.00,0.0,21,0,20,14,5,2026
101938,2026-05-14 22:00:00.000,D17,LA MAISON A L'ENVERS,0.00,0.00,0.0,22,0,20,14,5,2026
101960,2026-05-14 23:00:00.000,D17,LA MAISON A L'ENVERS,0.00,0.00,0.0,23,0,20,14,5,2026
101982,2026-05-15 00:00:00.000,D17,LA MAISON A L'ENVERS,0.00,0.00,0.0,0,0,20,15,5,2026
102004,2026-05-15 01:00:00.000,D17,LA MAISON A L'ENVERS,0.00,0.00,0.0,1,0,20,15,5,2026
102026,2026-05-15 02:00:00.000,D17,LA MAISON A L'ENVERS,0.00,0.00,0.0,2,0,20,15,5,2026
102048,2026-05-15 03:00:00.000,D17,LA MAISON A L'ENVERS,0.00,0.00,0.0,3,0,20,15,5,2026
102070,2026-05-15 04:00:00.000,D17,LA MAISON A L'ENVERS,0.00,0.00,0.0,4,0,20,15,5,2026
102092,2026-05-15 05:00:00.000,D17,LA MAISON A L'ENVERS,0.00,0.00,0.0,5,0,20,15,5,2026
102114,2026-05-15 06:00:00.000,D17,LA MAISON A L'ENVERS,0.00,0.00,0.0,6,0,20,15,5,2026
102137,2026-05-15 07:00:00.000,D17,LA MAISON A L'ENVERS,0.00,0.00,0.0,7,0,20,15,5,2026
102160,2026-05-15 08:00:00.000,D17,LA MAISON A L'ENVERS,0.00,0.00,0.0,8,0,20,15,5,2026
102183,2026-05-15 09:00:00.000,D17,LA MAISON A L'ENVERS,0.00,0.00,0.0,9,0,20,15,5,2026
102707,2026-05-15 10:00:00.000,D17,LA MAISON A L'ENVERS,0.00,0.75,0.75,10,0,20,15,5,2026
102730,2026-05-15 11:00:00.000,D17,LA MAISON A L'ENVERS,0.00,1.00,1.0,11,0,20,15,5,2026
102753,2026-05-15 12:00:00.000,D17,LA MAISON A L'ENVERS,0.00,1.00,1.0,12,0,20,15,5,2026
102776,2026-05-15 13:00:00.000,D17,LA MAISON A L'ENVERS,0.00,1.00,1.0,13,0,20,15,5,2026
102799,2026-05-15 14:00:00.000,D17,LA MAISON A L'ENVERS,0.00,1.00,1.0,14,0,20,15,5,2026
102822,2026-05-15 15:00:00.000,D17,LA MAISON A L'ENVERS,0.00,1.00,1.0,15,0,20,15,5,2026
102845,2026-05-15 16:00:00.000,D17,LA MAISON A L'ENVERS,0.00,1.00,1.0,16,0,20,15,5,2026
102868,2026-05-15 17:00:00.000,D17,LA MAISON A L'ENVERS,0.00,1.00,1.0,17,0,20,15,5,2026
102891,2026-05-15 18:00:00.000,D17,LA MAISON A L'ENVERS,0.00,1.00,1.0,18,0,20,15,5,2026
102914,2026-05-15 19:00:00.000,D17,LA MAISON A L'ENVERS,0.00,1.00,1.0,19,0,20,15,5,2026
102937,2026-05-15 20:00:00.000,D17,LA MAISON A L'ENVERS,0.00,1.00,1.0,20,0,20,15,5,2026
102960,2026-05-15 21:00:00.000,D17,LA MAISON A L'ENVERS,0.00,1.00,1.0,21,0,20,15,5,2026
102983,2026-05-15 22:00:00.000,D17,LA MAISON A L'ENVERS,0.00,1.00,1.0,22,0,20,15,5,2026
103005,2026-05-15 23:00:00.000,D17,LA MAISON A L'ENVERS,0.00,1.00,1.0,23,0,20,15,5,2026
103027,2026-05-16 00:00:00.000,D17,LA MAISON A L'ENVERS,0.00,1.00,1.0,0,0,20,16,5,2026
103049,2026-05-16 01:00:00.000,D17,LA MAISON A L'ENVERS,0.00,1.00,1.0,1,0,20,16,5,2026
103071,2026-05-16 02:00:00.000,D17,LA MAISON A L'ENVERS,0.00,1.00,1.0,2,0,20,16,5,2026
103093,2026-05-16 03:00:00.000,D17,LA MAISON A L'ENVERS,0.00,1.00,1.0,3,0,20,16,5,2026
103116,2026-05-16 04:00:00.000,D17,LA MAISON A L'ENVERS,0.00,1.00,1.0,4,0,20,16,5,2026
103139,2026-05-16 05:00:00.000,D17,LA MAISON A L'ENVERS,0.00,1.00,1.0,5,0,20,16,5,2026
103162,2026-05-16 06:00:00.000,D17,LA MAISON A L'ENVERS,0.00,1.00,1.0,6,0,20,16,5,2026
103185,2026-05-16 07:00:00.000,D17,LA MAISON A L'ENVERS,0.00,0.00,0.0,7,0,20,16,5,2026
103709,2026-05-16 08:00:00.000,D17,LA MAISON A L'ENVERS,0.00,0.00,0.0,8,0,20,16,5,2026
103732,2026-05-16 09:00:00.000,D17,LA MAISON A L'ENVERS,0.00,0.00,0.0,9,0,20,16,5,2026
103755,2026-05-16 10:00:00.000,D17,LA MAISON A L'ENVERS,0.00,0.90,0.9,10,0,20,16,5,2026
103778,2026-05-16 11:00:00.000,D17,LA MAISON A L'ENVERS,0.00,1.00,1.0,11,0,20,16,5,2026
103801,2026-05-16 12:00:00.000,D17,LA MAISON A L'ENVERS,0.00,1.00,1.0,12,0,20,16,5,2026
103824,2026-05-16 13:00:00.000,D17,LA MAISON A L'ENVERS,0.00,1.00,1.0,13,0,20,16,5,2026
103847,2026-05-16 14:00:00.000,D17,LA MAISON A L'ENVERS,0.00,1.00,1.0,14,0,20,16,5,2026
103870,2026-05-16 15:00:00.000,D17,LA MAISON A L'ENVERS,0.00,1.00,1.0,15,0,20,16,5,2026
103893,2026-05-16 16:00:00.000,D17,LA MAISON A L'ENVERS,0.00,1.00,1.0,16,0,20,16,5,2026
103916,2026-05-16 17:00:00.000,D17,LA MAISON A L'ENVERS,0.00,1.00,1.0,17,0,20,16,5,2026
103939,2026-05-16 18:00:00.000,D17,LA MAISON A L'ENVERS,0.00,1.00,1.0,18,0,20,16,5,2026
103962,2026-05-16 19:00:00.000,D17,LA MAISON A L'ENVERS,0.00,1.00,1.0,19,0,20,16,5,2026
103985,2026-05-16 20:00:00.000,D17,LA MAISON A L'ENVERS,0.00,1.00,1.0,20,0,20,16,5,2026
104008,2026-05-16 21:00:00.000,D17,LA MAISON A L'ENVERS,0.00,1.00,1.0,21,0,20,16,5,2026
104031,2026-05-16 22:00:00.000,D17,LA MAISON A L'ENVERS,0.00,1.00,1.0,22,0,20,16,5,2026
104054,2026-05-16 23:00:00.000,D17,LA MAISON A L'ENVERS,0.00,1.00,1.0,23,0,20,16,5,2026
104077,2026-05-17 00:00:00.000,D17,LA MAISON A L'ENVERS,0.00,1.00,1.0,0,0,21,17,5,2026
104100,2026-05-17 01:00:00.000,D17,LA MAISON A L'ENVERS,0.00,1.00,1.0,1,0,21,17,5,2026
104123,2026-05-17 02:00:00.000,D17,LA MAISON A L'ENVERS,0.00,1.00,1.0,2,0,21,17,5,2026
104146,2026-05-17 03:00:00.000,D17,LA MAISON A L'ENVERS,0.00,1.00,1.0,3,0,21,17,5,2026
104169,2026-05-17 04:00:00.000,D17,LA MAISON A L'ENVERS,0.00,1.00,1.0,4,0,21,17,5,2026
104192,2026-05-17 05:00:00.000,D17,LA MAISON A L'ENVERS,0.00,1.00,1.0,5,0,21,17,5,2026
104716,2026-05-17 06:00:00.000,D17,LA MAISON A L'ENVERS,0.00,1.00,1.0,6,0,21,17,5,2026
104739,2026-05-17 07:00:00.000,D17,LA MAISON A L'ENVERS,0.00,0.00,0.0,7,0,21,17,5,2026
104762,2026-05-17 08:00:00.000,D17,LA MAISON A L'ENVERS,0.00,0.00,0.0,8,0,21,17,5,2026
104785,2026-05-17 09:00:00.000,D17,LA MAISON A L'ENVERS,0.00,0.00,0.0,9,0,21,17,5,2026
104808,2026-05-17 10:00:00.000,D17,LA MAISON A L'ENVERS,0.00,0.05,0.05,10,0,21,17,5,2026
104831,2026-05-17 11:00:00.000,D17,LA MAISON A L'ENVERS,0.00,1.00,1.0,11,0,21,17,5,2026
104854,2026-05-17 12:00:00.000,D17,LA MAISON A L'ENVERS,0.00,1.00,1.0,12,0,21,17,5,2026
104877,2026-05-17 13:00:00.000,D17,LA MAISON A L'ENVERS,0.00,1.00,1.0,13,0,21,17,5,2026
104900,2026-05-17 14:00:00.000,D17,LA MAISON A L'ENVERS,0.00,1.00,1.0,14,0,21,17,5,2026
104923,2026-05-17 15:00:00.000,D17,LA MAISON A L'ENVERS,0.00,1.00,1.0,15,0,21,17,5,2026
104946,2026-05-17 16:00:00.000,D17,LA MAISON A L'ENVERS,0.00,1.00,1.0,16,0,21,17,5,2026
104969,2026-05-17 17:00:00.000,D17,LA MAISON A L'ENVERS,0.00,1.00,1.0,17,0,21,17,5,2026
104992,2026-05-17 18:00:00.000,D17,LA MAISON A L'ENVERS,0.00,1.00,1.0,18,0,21,17,5,2026
105015,2026-05-17 19:00:00.000,D17,LA MAISON A L'ENVERS,0.00,1.00,1.0,19,0,21,17,5,2026
105038,2026-05-17 20:00:00.000,D17,LA MAISON A L'ENVERS,0.00,1.00,1.0,20,0,21,17,5,2026
105061,2026-05-17 21:00:00.000,D17,LA MAISON A L'ENVERS,0.00,1.00,1.0,21,0,21,17,5,2026
105084,2026-05-17 22:00:00.000,D17,LA MAISON A L'ENVERS,0.00,1.00,1.0,22,0,21,17,5,2026
105107,2026-05-17 23:00:00.000,D17,LA MAISON A L'ENVERS,0.00,1.00,1.0,23,0,21,17,5,2026
105130,2026-05-18 00:00:00.000,D17,LA MAISON A L'ENVERS,0.00,1.00,1.0,0,0,21,18,5,2026
105153,2026-05-18 01:00:00.000,D17,LA MAISON A L'ENVERS,0.00,1.00,1.0,1,0,21,18,5,2026
105176,2026-05-18 02:00:00.000,D17,LA MAISON A L'ENVERS,0.00,1.00,1.0,2,0,21,18,5,2026
105199,2026-05-18 03:00:00.000,D17,LA MAISON A L'ENVERS,0.00,1.00,1.0,3,0,21,18,5,2026
105723,2026-05-18 04:00:00.000,D17,LA MAISON A L'ENVERS,0.00,1.00,1.0,4,0,21,18,5,2026
105746,2026-05-18 05:00:00.000,D17,LA MAISON A L'ENVERS,0.00,1.00,1.0,5,0,21,18,5,2026
105769,2026-05-18 06:00:00.000,D17,LA MAISON A L'ENVERS,0.00,1.00,1.0,6,0,21,18,5,2026
105791,2026-05-18 07:00:00.000,D17,LA MAISON A L'ENVERS,0.00,0.00,0.0,7,0,21,18,5,2026
105812,2026-05-18 08:00:00.000,D17,LA MAISON A L'ENVERS,0.00,0.00,0.0,8,0,21,18,5,2026
105833,2026-05-18 09:00:00.000,D17,LA MAISON A L'ENVERS,0.00,0.00,0.0,9,0,21,18,5,2026
105854,2026-05-18 10:00:00.000,D17,LA MAISON A L'ENVERS,0.00,0.00,0.0,10,0,21,18,5,2026
105875,2026-05-18 11:00:00.000,D17,LA MAISON A L'ENVERS,0.00,0.00,0.0,11,0,21,18,5,2026
105896,2026-05-18 12:00:00.000,D17,LA MAISON A L'ENVERS,0.00,0.00,0.0,12,0,21,18,5,2026
105917,2026-05-18 13:00:00.000,D17,LA MAISON A L'ENVERS,0.00,0.00,0.0,13,0,21,18,5,2026
105938,2026-05-18 14:00:00.000,D17,LA MAISON A L'ENVERS,0.00,0.00,0.0,14,0,21,18,5,2026
105959,2026-05-18 15:00:00.000,D17,LA MAISON A L'ENVERS,0.00,0.75,0.75,15,0,21,18,5,2026
105980,2026-05-18 16:00:00.000,D17,LA MAISON A L'ENVERS,0.00,1.00,1.0,16,0,21,18,5,2026
106001,2026-05-18 17:00:00.000,D17,LA MAISON A L'ENVERS,0.00,1.00,1.0,17,0,21,18,5,2026
106022,2026-05-18 18:00:00.000,D17,LA MAISON A L'ENVERS,0.00,1.00,1.0,18,0,21,18,5,2026
106043,2026-05-18 19:00:00.000,D17,LA MAISON A L'ENVERS,0.00,1.00,1.0,19,0,21,18,5,2026
106064,2026-05-18 20:00:00.000,D17,LA MAISON A L'ENVERS,0.00,1.00,1.0,20,0,21,18,5,2026
106085,2026-05-18 21:00:00.000,D17,LA MAISON A L'ENVERS,0.00,1.00,1.0,21,0,21,18,5,2026
106106,2026-05-18 22:00:00.000,D17,LA MAISON A L'ENVERS,0.00,1.00,1.0,22,0,21,18,5,2026
106127,2026-05-18 23:00:00.000,D17,LA MAISON A L'ENVERS,0.00,1.00,1.0,23,0,21,18,5,2026
106148,2026-05-19 00:00:00.000,D17,LA MAISON A L'ENVERS,0.00,1.00,1.0,0,0,21,19,5,2026
106169,2026-05-19 01:00:00.000,D17,LA MAISON A L'ENVERS,0.00,1.00,1.0,1,0,21,19,5,2026
106190,2026-05-19 02:00:00.000,D17,LA MAISON A L'ENVERS,0.00,1.00,1.0,2,0,21,19,5,2026
106211,2026-05-19 03:00:00.000,D17,LA MAISON A L'ENVERS,0.00,1.00,1.0,3,0,21,19,5,2026
106733,2026-05-19 04:00:00.000,D17,LA MAISON A L'ENVERS,0.00,1.00,1.0,4,0,21,19,5,2026
106754,2026-05-19 05:00:00.000,D17,LA MAISON A L'ENVERS,0.00,1.00,1.0,5,0,21,19,5,2026
106775,2026-05-19 06:00:00.000,D17,LA MAISON A L'ENVERS,0.00,1.00,1.0,6,0,21,19,5,2026
106796,2026-05-19 07:00:00.000,D17,LA MAISON A L'ENVERS,0.00,0.00,0.0,7,0,21,19,5,2026
106817,2026-05-19 08:00:00.000,D17,LA MAISON A L'ENVERS,0.00,0.00,0.0,8,0,21,19,5,2026
106838,2026-05-19 09:00:00.000,D17,LA MAISON A L'ENVERS,0.00,0.00,0.0,9,0,21,19,5,2026
106859,2026-05-19 10:00:00.000,D17,LA MAISON A L'ENVERS,0.00,0.00,0.0,10,0,21,19,5,2026
106880,2026-05-19 11:00:00.000,D17,LA MAISON A L'ENVERS,0.00,0.00,0.0,11,0,21,19,5,2026
106901,2026-05-19 12:00:00.000,D17,LA MAISON A L'ENVERS,0.00,0.00,0.0,12,0,21,19,5,2026
106922,2026-05-19 13:00:00.000,D17,LA MAISON A L'ENVERS,0.00,0.00,0.0,13,0,21,19,5,2026
106943,2026-05-19 14:00:00.000,D17,LA MAISON A L'ENVERS,0.00,0.00,0.0,14,0,21,19,5,2026
106964,2026-05-19 15:00:00.000,D17,LA MAISON A L'ENVERS,0.00,0.00,0.0,15,0,21,19,5,2026
106985,2026-05-19 16:00:00.000,D17,LA MAISON A L'ENVERS,0.00,0.00,0.0,16,0,21,19,5,2026
107006,2026-05-19 17:00:00.000,D17,LA MAISON A L'ENVERS,0.00,0.00,0.0,17,0,21,19,5,2026
107027,2026-05-19 18:00:00.000,D17,LA MAISON A L'ENVERS,0.00,0.00,0.0,18,0,21,19,5,2026
107048,2026-05-19 19:00:00.000,D17,LA MAISON A L'ENVERS,0.00,0.50,0.5,19,0,21,19,5,2026
107069,2026-05-19 20:00:00.000,D17,LA MAISON A L'ENVERS,0.00,1.00,1.0,20,0,21,19,5,2026
107090,2026-05-19 21:00:00.000,D17,LA MAISON A L'ENVERS,0.00,1.00,1.0,21,0,21,19,5,2026
107111,2026-05-19 22:00:00.000,D17,LA MAISON A L'ENVERS,0.00,1.00,1.0,22,0,21,19,5,2026
107132,2026-05-19 23:00:00.000,D17,LA MAISON A L'ENVERS,0.00,1.00,1.0,23,0,21,19,5,2026
107153,2026-05-20 00:00:00.000,D17,LA MAISON A L'ENVERS,0.00,1.00,1.0,0,0,21,20,5,2026
107174,2026-05-20 01:00:00.000,D17,LA MAISON A L'ENVERS,0.00,1.00,1.0,1,0,21,20,5,2026
107195,2026-05-20 02:00:00.000,D17,LA MAISON A L'ENVERS,0.00,1.00,1.0,2,0,21,20,5,2026
107717,2026-05-20 03:00:00.000,D17,LA MAISON A L'ENVERS,0.00,1.00,1.0,3,0,21,20,5,2026
107738,2026-05-20 04:00:00.000,D17,LA MAISON A L'ENVERS,0.00,1.00,1.0,4,0,21,20,5,2026
107759,2026-05-20 05:00:00.000,D17,LA MAISON A L'ENVERS,0.00,1.00,1.0,5,0,21,20,5,2026
107780,2026-05-20 06:00:00.000,D17,LA MAISON A L'ENVERS,0.00,1.00,1.0,6,0,21,20,5,2026
107801,2026-05-20 07:00:00.000,D17,LA MAISON A L'ENVERS,0.00,0.00,0.0,7,0,21,20,5,2026
107822,2026-05-20 08:00:00.000,D17,LA MAISON A L'ENVERS,0.00,0.00,0.0,8,0,21,20,5,2026
107843,2026-05-20 09:00:00.000,D17,LA MAISON A L'ENVERS,0.00,0.00,0.0,9,0,21,20,5,2026
107864,2026-05-20 10:00:00.000,D17,LA MAISON A L'ENVERS,0.00,0.00,0.0,10,0,21,20,5,2026
107885,2026-05-20 11:00:00.000,D17,LA MAISON A L'ENVERS,0.00,0.00,0.0,11,0,21,20,5,2026
107906,2026-05-20 12:00:00.000,D17,LA MAISON A L'ENVERS,0.00,0.00,0.0,12,0,21,20,5,2026
107927,2026-05-20 13:00:00.000,D17,LA MAISON A L'ENVERS,0.00,0.00,0.0,13,0,21,20,5,2026
107948,2026-05-20 14:00:00.000,D17,LA MAISON A L'ENVERS,0.00,0.90,0.9,14,0,21,20,5,2026
107969,2026-05-20 15:00:00.000,D17,LA MAISON A L'ENVERS,0.00,1.00,1.0,15,0,21,20,5,2026
107990,2026-05-20 16:00:00.000,D17,LA MAISON A L'ENVERS,0.00,1.00,1.0,16,0,21,20,5,2026
108011,2026-05-20 17:00:00.000,D17,LA MAISON A L'ENVERS,0.00,1.00,1.0,17,0,21,20,5,2026
108032,2026-05-20 18:00:00.000,D17,LA MAISON A L'ENVERS,0.00,1.00,1.0,18,0,21,20,5,2026
108053,2026-05-20 19:00:00.000,D17,LA MAISON A L'ENVERS,0.00,1.00,1.0,19,0,21,20,5,2026
108074,2026-05-20 20:00:00.000,D17,LA MAISON A L'ENVERS,0.00,1.00,1.0,20,0,21,20,5,2026
108095,2026-05-20 21:00:00.000,D17,LA MAISON A L'ENVERS,0.00,1.00,1.0,21,0,21,20,5,2026
108116,2026-05-20 22:00:00.000,D17,LA MAISON A L'ENVERS,0.00,1.00,1.0,22,0,21,20,5,2026
108137,2026-05-20 23:00:00.000,D17,LA MAISON A L'ENVERS,0.00,1.00,1.0,23,0,21,20,5,2026
108158,2026-05-21 00:00:00.000,D17,LA MAISON A L'ENVERS,0.00,1.00,1.0,0,0,21,21,5,2026
108179,2026-05-21 01:00:00.000,D17,LA MAISON A L'ENVERS,0.00,1.00,1.0,1,0,21,21,5,2026
108200,2026-05-21 02:00:00.000,D17,LA MAISON A L'ENVERS,0.00,1.00,1.0,2,0,21,21,5,2026
108722,2026-05-21 03:00:00.000,D17,LA MAISON A L'ENVERS,0.00,1.00,1.0,3,0,21,21,5,2026
108743,2026-05-21 04:00:00.000,D17,LA MAISON A L'ENVERS,0.00,1.00,1.0,4,0,21,21,5,2026
108764,2026-05-21 05:00:00.000,D17,LA MAISON A L'ENVERS,0.00,1.00,1.0,5,0,21,21,5,2026
108785,2026-05-21 06:00:00.000,D17,LA MAISON A L'ENVERS,0.00,1.00,1.0,6,0,21,21,5,2026
108806,2026-05-21 07:00:00.000,D17,LA MAISON A L'ENVERS,0.00,0.00,0.0,7,0,21,21,5,2026
108826,2026-05-21 08:00:00.000,D17,LA MAISON A L'ENVERS,0.00,0.00,0.0,8,0,21,21,5,2026
108846,2026-05-21 09:00:00.000,D17,LA MAISON A L'ENVERS,0.00,0.00,0.0,9,0,21,21,5,2026
108866,2026-05-21 10:00:00.000,D17,LA MAISON A L'ENVERS,0.00,0.00,0.0,10,0,21,21,5,2026
108887,2026-05-21 11:00:00.000,D17,LA MAISON A L'ENVERS,0.00,0.00,0.0,11,0,21,21,5,2026
108908,2026-05-21 12:00:00.000,D17,LA MAISON A L'ENVERS,0.00,0.00,0.0,12,0,21,21,5,2026
108929,2026-05-21 13:00:00.000,D17,LA MAISON A L'ENVERS,0.00,0.00,0.0,13,0,21,21,5,2026
108950,2026-05-21 14:00:00.000,D17,LA MAISON A L'ENVERS,0.00,0.00,0.0,14,0,21,21,5,2026
108971,2026-05-21 15:00:00.000,D17,LA MAISON A L'ENVERS,0.00,0.00,0.0,15,0,21,21,5,2026
108992,2026-05-21 16:00:00.000,D17,LA MAISON A L'ENVERS,0.00,0.00,0.0,16,0,21,21,5,2026
109013,2026-05-21 17:00:00.000,D17,LA MAISON A L'ENVERS,0.00,0.40,0.4,17,0,21,21,5,2026
109034,2026-05-21 18:00:00.000,D17,LA MAISON A L'ENVERS,0.00,1.00,1.0,18,0,21,21,5,2026
109055,2026-05-21 19:00:00.000,D17,LA MAISON A L'ENVERS,0.00,1.00,1.0,19,0,21,21,5,2026
109076,2026-05-21 20:00:00.000,D17,LA MAISON A L'ENVERS,0.00,1.00,1.0,20,0,21,21,5,2026
109097,2026-05-21 21:00:00.000,D17,LA MAISON A L'ENVERS,0.00,1.00,1.0,21,0,21,21,5,2026
109118,2026-05-21 22:00:00.000,D17,LA MAISON A L'ENVERS,0.00,1.00,1.0,22,0,21,21,5,2026
109139,2026-05-21 23:00:00.000,D17,LA MAISON A L'ENVERS,0.00,1.00,1.0,23,0,21,21,5,2026
109160,2026-05-22 00:00:00.000,D17,LA MAISON A L'ENVERS,0.00,1.00,1.0,0,0,21,22,5,2026
109181,2026-05-22 01:00:00.000,D17,LA MAISON A L'ENVERS,0.00,1.00,1.0,1,0,21,22,5,2026
109202,2026-05-22 02:00:00.000,D17,LA MAISON A L'ENVERS,0.00,1.00,1.0,2,0,21,22,5,2026
109724,2026-05-22 03:00:00.000,D17,LA MAISON A L'ENVERS,0.00,1.00,1.0,3,0,21,22,5,2026
109745,2026-05-22 04:00:00.000,D17,LA MAISON A L'ENVERS,0.00,1.00,1.0,4,0,21,22,5,2026
109766,2026-05-22 05:00:00.000,D17,LA MAISON A L'ENVERS,0.00,1.00,1.0,5,0,21,22,5,2026
109787,2026-05-22 06:00:00.000,D17,LA MAISON A L'ENVERS,0.00,1.00,1.0,6,0,21,22,5,2026
109808,2026-05-22 07:00:00.000,D17,LA MAISON A L'ENVERS,0.00,0.00,0.0,7,0,21,22,5,2026
109829,2026-05-22 08:00:00.000,D17,LA MAISON A L'ENVERS,0.00,0.00,0.0,8,0,21,22,5,2026
109850,2026-05-22 09:00:00.000,D17,LA MAISON A L'ENVERS,0.00,0.00,0.0,9,0,21,22,5,2026
109871,2026-05-22 10:00:00.000,D17,LA MAISON A L'ENVERS,0.00,0.00,0.0,10,0,21,22,5,2026
109892,2026-05-22 11:00:00.000,D17,LA MAISON A L'ENVERS,0.00,0.00,0.0,11,0,21,22,5,2026
109913,2026-05-22 12:00:00.000,D17,LA MAISON A L'ENVERS,0.00,0.00,0.0,12,0,21,22,5,2026
109934,2026-05-22 13:00:00.000,D17,LA MAISON A L'ENVERS,0.00,0.00,0.0,13,0,21,22,5,2026
109955,2026-05-22 14:00:00.000,D17,LA MAISON A L'ENVERS,0.00,0.00,0.0,14,0,21,22,5,2026
109976,2026-05-22 15:00:00.000,D17,LA MAISON A L'ENVERS,0.00,0.00,0.0,15,0,21,22,5,2026
109997,2026-05-22 16:00:00.000,D17,LA MAISON A L'ENVERS,0.00,0.00,0.0,16,0,21,22,5,2026
110018,2026-05-22 17:00:00.000,D17,LA MAISON A L'ENVERS,0.00,0.00,0.0,17,0,21,22,5,2026
110039,2026-05-22 18:00:00.000,D17,LA MAISON A L'ENVERS,0.00,0.00,0.0,18,0,21,22,5,2026
110061,2026-05-22 19:00:00.000,D17,LA MAISON A L'ENVERS,0.00,0.00,0.0,19,0,21,22,5,2026
110082,2026-05-22 20:00:00.000,D17,LA MAISON A L'ENVERS,0.00,0.00,0.0,20,0,21,22,5,2026
110103,2026-05-22 21:00:00.000,D17,LA MAISON A L'ENVERS,0.00,0.00,0.0,21,0,21,22,5,2026
110124,2026-05-22 22:00:00.000,D17,LA MAISON A L'ENVERS,0.00,0.00,0.0,22,0,21,22,5,2026
110145,2026-05-22 23:00:00.000,D17,LA MAISON A L'ENVERS,0.00,0.00,0.0,23,0,21,22,5,2026
110166,2026-05-23 00:00:00.000,D17,LA MAISON A L'ENVERS,0.00,0.00,0.0,0,0,21,23,5,2026
110187,2026-05-23 01:00:00.000,D17,LA MAISON A L'ENVERS,0.00,0.00,0.0,1,0,21,23,5,2026
110208,2026-05-23 02:00:00.000,D17,LA MAISON A L'ENVERS,0.00,0.00,0.0,2,0,21,23,5,2026
110730,2026-05-23 03:00:00.000,D17,LA MAISON A L'ENVERS,0.00,0.00,0.0,3,0,21,23,5,2026
110751,2026-05-23 04:00:00.000,D17,LA MAISON A L'ENVERS,0.00,0.00,0.0,4,0,21,23,5,2026
110772,2026-05-23 05:00:00.000,D17,LA MAISON A L'ENVERS,0.00,0.00,0.0,5,0,21,23,5,2026
110793,2026-05-23 06:00:00.000,D17,LA MAISON A L'ENVERS,0.00,0.00,0.0,6,0,21,23,5,2026
110815,2026-05-23 07:00:00.000,D17,LA MAISON A L'ENVERS,0.00,0.00,0.0,7,0,21,23,5,2026
110837,2026-05-23 08:00:00.000,D17,LA MAISON A L'ENVERS,0.00,0.00,0.0,8,0,21,23,5,2026
110859,2026-05-23 09:00:00.000,D17,LA MAISON A L'ENVERS,0.00,0.00,0.0,9,0,21,23,5,2026
110881,2026-05-23 10:00:00.000,D17,LA MAISON A L'ENVERS,0.00,0.85,0.85,10,0,21,23,5,2026
110903,2026-05-23 11:00:00.000,D17,LA MAISON A L'ENVERS,0.00,1.00,1.0,11,0,21,23,5,2026
110926,2026-05-23 12:00:00.000,D17,LA MAISON A L'ENVERS,0.00,1.00,1.0,12,0,21,23,5,2026
110949,2026-05-23 13:00:00.000,D17,LA MAISON A L'ENVERS,0.00,1.00,1.0,13,0,21,23,5,2026
110972,2026-05-23 14:00:00.000,D17,LA MAISON A L'ENVERS,0.00,1.00,1.0,14,0,21,23,5,2026
110995,2026-05-23 15:00:00.000,D17,LA MAISON A L'ENVERS,0.00,1.00,1.0,15,0,21,23,5,2026
111018,2026-05-23 16:00:00.000,D17,LA MAISON A L'ENVERS,0.00,1.00,1.0,16,0,21,23,5,2026
111041,2026-05-23 17:00:00.000,D17,LA MAISON A L'ENVERS,0.00,1.00,1.0,17,0,21,23,5,2026
111064,2026-05-23 18:00:00.000,D17,LA MAISON A L'ENVERS,0.00,1.00,1.0,18,0,21,23,5,2026
111087,2026-05-23 19:00:00.000,D17,LA MAISON A L'ENVERS,0.00,1.00,1.0,19,0,21,23,5,2026
111110,2026-05-23 20:00:00.000,D17,LA MAISON A L'ENVERS,0.00,1.00,1.0,20,0,21,23,5,2026
111133,2026-05-23 21:00:00.000,D17,LA MAISON A L'ENVERS,0.00,0.20,0.2,21,0,21,23,5,2026
111156,2026-05-23 22:00:00.000,D17,LA MAISON A L'ENVERS,0.00,0.00,0.0,22,0,21,23,5,2026
111179,2026-05-23 23:00:00.000,D17,LA MAISON A L'ENVERS,0.00,0.00,0.0,23,0,21,23,5,2026
111202,2026-05-24 00:00:00.000,D17,LA MAISON A L'ENVERS,0.00,0.00,0.0,0,0,22,24,5,2026
111726,2026-05-24 01:00:00.000,D17,LA MAISON A L'ENVERS,0.00,0.00,0.0,1,0,22,24,5,2026
111749,2026-05-24 02:00:00.000,D17,LA MAISON A L'ENVERS,0.00,0.00,0.0,2,0,22,24,5,2026
111772,2026-05-24 03:00:00.000,D17,LA MAISON A L'ENVERS,0.00,0.00,0.0,3,0,22,24,5,2026
111795,2026-05-24 04:00:00.000,D17,LA MAISON A L'ENVERS,0.00,0.00,0.0,4,0,22,24,5,2026
111818,2026-05-24 05:00:00.000,D17,LA MAISON A L'ENVERS,0.00,0.00,0.0,5,0,22,24,5,2026
111841,2026-05-24 06:00:00.000,D17,LA MAISON A L'ENVERS,0.00,0.00,0.0,6,0,22,24,5,2026
111864,2026-05-24 07:00:00.000,D17,LA MAISON A L'ENVERS,0.00,0.00,0.0,7,0,22,24,5,2026
111887,2026-05-24 08:00:00.000,D17,LA MAISON A L'ENVERS,0.00,0.00,0.0,8,0,22,24,5,2026
111910,2026-05-24 09:00:00.000,D17,LA MAISON A L'ENVERS,0.00,0.00,0.0,9,0,22,24,5,2026
111933,2026-05-24 10:00:00.000,D17,LA MAISON A L'ENVERS,0.00,0.35,0.35,10,0,22,24,5,2026
111956,2026-05-24 11:00:00.000,D17,LA MAISON A L'ENVERS,0.00,1.00,1.0,11,0,22,24,5,2026
111979,2026-05-24 12:00:00.000,D17,LA MAISON A L'ENVERS,0.00,1.00,1.0,12,0,22,24,5,2026
112002,2026-05-24 13:00:00.000,D17,LA MAISON A L'ENVERS,0.00,1.00,1.0,13,0,22,24,5,2026
112025,2026-05-24 14:00:00.000,D17,LA MAISON A L'ENVERS,0.00,1.00,1.0,14,0,22,24,5,2026
112048,2026-05-24 15:00:00.000,D17,LA MAISON A L'ENVERS,0.00,1.00,1.0,15,0,22,24,5,2026
112071,2026-05-24 16:00:00.000,D17,LA MAISON A L'ENVERS,0.00,1.00,1.0,16,0,22,24,5,2026
112094,2026-05-24 17:00:00.000,D17,LA MAISON A L'ENVERS,0.00,1.00,1.0,17,0,22,24,5,2026
112117,2026-05-24 18:00:00.000,D17,LA MAISON A L'ENVERS,0.00,1.00,1.0,18,0,22,24,5,2026
112140,2026-05-24 19:00:00.000,D17,LA MAISON A L'ENVERS,0.00,1.00,1.0,19,0,22,24,5,2026
112163,2026-05-24 20:00:00.000,D17,LA MAISON A L'ENVERS,0.00,1.00,1.0,20,0,22,24,5,2026
112186,2026-05-24 21:00:00.000,D17,LA MAISON A L'ENVERS,0.00,0.35,0.35,21,0,22,24,5,2026
112209,2026-05-24 22:00:00.000,D17,LA MAISON A L'ENVERS,0.00,0.00,0.0,22,0,22,24,5,2026
112733,2026-05-24 23:00:00.000,D17,LA MAISON A L'ENVERS,0.00,0.00,0.0,23,0,22,24,5,2026
112756,2026-05-25 00:00:00.000,D17,LA MAISON A L'ENVERS,0.00,0.00,0.0,0,0,22,25,5,2026
112779,2026-05-25 01:00:00.000,D17,LA MAISON A L'ENVERS,0.00,0.00,0.0,1,0,22,25,5,2026
112802,2026-05-25 02:00:00.000,D17,LA MAISON A L'ENVERS,0.00,0.00,0.0,2,0,22,25,5,2026
112825,2026-05-25 03:00:00.000,D17,LA MAISON A L'ENVERS,0.00,0.00,0.0,3,0,22,25,5,2026
112848,2026-05-25 04:00:00.000,D17,LA MAISON A L'ENVERS,0.00,0.00,0.0,4,0,22,25,5,2026
112871,2026-05-25 05:00:00.000,D17,LA MAISON A L'ENVERS,0.00,0.00,0.0,5,0,22,25,5,2026
112894,2026-05-25 06:00:00.000,D17,LA MAISON A L'ENVERS,0.00,0.00,0.0,6,0,22,25,5,2026
112916,2026-05-25 07:00:00.000,D17,LA MAISON A L'ENVERS,0.00,0.00,0.0,7,0,22,25,5,2026
112938,2026-05-25 08:00:00.000,D17,LA MAISON A L'ENVERS,0.00,0.00,0.0,8,0,22,25,5,2026
112960,2026-05-25 09:00:00.000,D17,LA MAISON A L'ENVERS,0.00,0.00,0.0,9,0,22,25,5,2026
112982,2026-05-25 10:00:00.000,D17,LA MAISON A L'ENVERS,0.00,0.00,0.0,10,0,22,25,5,2026
113004,2026-05-25 11:00:00.000,D17,LA MAISON A L'ENVERS,0.00,0.00,0.0,11,0,22,25,5,2026
113026,2026-05-25 12:00:00.000,D17,LA MAISON A L'ENVERS,0.00,0.00,0.0,12,0,22,25,5,2026
113048,2026-05-25 13:00:00.000,D17,LA MAISON A L'ENVERS,0.00,0.00,0.0,13,0,22,25,5,2026
113070,2026-05-25 14:00:00.000,D17,LA MAISON A L'ENVERS,0.00,0.00,0.0,14,0,22,25,5,2026
113092,2026-05-25 15:00:00.000,D17,LA MAISON A L'ENVERS,0.00,0.00,0.0,15,0,22,25,5,2026
113114,2026-05-25 16:00:00.000,D17,LA MAISON A L'ENVERS,0.00,0.00,0.0,16,0,22,25,5,2026
113136,2026-05-25 17:00:00.000,D17,LA MAISON A L'ENVERS,0.00,0.00,0.0,17,0,22,25,5,2026
113158,2026-05-25 18:00:00.000,D17,LA MAISON A L'ENVERS,0.00,0.00,0.0,18,0,22,25,5,2026
113180,2026-05-25 19:00:00.000,D17,LA MAISON A L'ENVERS,0.00,0.00,0.0,19,0,22,25,5,2026
113202,2026-05-25 20:00:00.000,D17,LA MAISON A L'ENVERS,0.00,0.00,0.0,20,0,22,25,5,2026
113224,2026-05-25 21:00:00.000,D17,LA MAISON A L'ENVERS,0.00,0.00,0.0,21,0,22,25,5,2026
113747,2026-05-25 22:00:00.000,D17,LA MAISON A L'ENVERS,0.00,0.00,0.0,22,0,22,25,5,2026
113769,2026-05-25 23:00:00.000,D17,LA MAISON A L'ENVERS,0.00,0.00,0.0,23,0,22,25,5,2026
113791,2026-05-26 00:00:00.000,D17,LA MAISON A L'ENVERS,0.00,0.00,0.0,0,0,22,26,5,2026
113813,2026-05-26 01:00:00.000,D17,LA MAISON A L'ENVERS,0.00,0.00,0.0,1,0,22,26,5,2026
113835,2026-05-26 02:00:00.000,D17,LA MAISON A L'ENVERS,0.00,0.00,0.0,2,0,22,26,5,2026
113857,2026-05-26 03:00:00.000,D17,LA MAISON A L'ENVERS,0.00,0.00,0.0,3,0,22,26,5,2026
113879,2026-05-26 04:00:00.000,D17,LA MAISON A L'ENVERS,0.00,0.00,0.0,4,0,22,26,5,2026
113901,2026-05-26 05:00:00.000,D17,LA MAISON A L'ENVERS,0.00,0.00,0.0,5,0,22,26,5,2026
113923,2026-05-26 06:00:00.000,D17,LA MAISON A L'ENVERS,0.00,0.00,0.0,6,0,22,26,5,2026
113945,2026-05-26 07:00:00.000,D17,LA MAISON A L'ENVERS,0.00,0.00,0.0,7,0,22,26,5,2026
113965,2026-05-26 08:00:00.000,D17,LA MAISON A L'ENVERS,0.00,0.00,0.0,8,0,22,26,5,2026
113985,2026-05-26 09:00:00.000,D17,LA MAISON A L'ENVERS,0.00,0.00,0.0,9,0,22,26,5,2026
114005,2026-05-26 10:00:00.000,D17,LA MAISON A L'ENVERS,0.00,0.00,0.0,10,0,22,26,5,2026
114025,2026-05-26 11:00:00.000,D17,LA MAISON A L'ENVERS,0.00,0.00,0.0,11,0,22,26,5,2026
114045,2026-05-26 12:00:00.000,D17,LA MAISON A L'ENVERS,0.00,0.00,0.0,12,0,22,26,5,2026
114065,2026-05-26 13:00:00.000,D17,LA MAISON A L'ENVERS,0.00,0.00,0.0,13,0,22,26,5,2026
114085,2026-05-26 14:00:00.000,D17,LA MAISON A L'ENVERS,0.00,0.00,0.0,14,0,22,26,5,2026
114105,2026-05-26 15:00:00.000,D17,LA MAISON A L'ENVERS,0.00,0.00,0.0,15,0,22,26,5,2026
114125,2026-05-26 16:00:00.000,D17,LA MAISON A L'ENVERS,0.00,0.00,0.0,16,0,22,26,5,2026
114145,2026-05-26 17:00:00.000,D17,LA MAISON A L'ENVERS,0.00,0.00,0.0,17,0,22,26,5,2026
114165,2026-05-26 18:00:00.000,D17,LA MAISON A L'ENVERS,0.00,0.00,0.0,18,0,22,26,5,2026
114185,2026-05-26 19:00:00.000,D17,LA MAISON A L'ENVERS,0.00,0.00,0.0,19,0,22,26,5,2026
114205,2026-05-26 20:00:00.000,D17,LA MAISON A L'ENVERS,0.00,0.00,0.0,20,0,22,26,5,2026
114225,2026-05-26 21:00:00.000,D17,LA MAISON A L'ENVERS,0.00,0.00,0.0,21,0,22,26,5,2026
114746,2026-05-26 22:00:00.000,D17,LA MAISON A L'ENVERS,0.00,0.00,0.0,22,0,22,26,5,2026
114766,2026-05-26 23:00:00.000,D17,LA MAISON A L'ENVERS,0.00,0.00,0.0,23,0,22,26,5,2026
114786,2026-05-27 00:00:00.000,D17,LA MAISON A L'ENVERS,0.00,0.00,0.0,0,0,22,27,5,2026
114806,2026-05-27 01:00:00.000,D17,LA MAISON A L'ENVERS,0.00,0.00,0.0,1,0,22,27,5,2026
114826,2026-05-27 02:00:00.000,D17,LA MAISON A L'ENVERS,0.00,0.00,0.0,2,0,22,27,5,2026
114846,2026-05-27 03:00:00.000,D17,LA MAISON A L'ENVERS,0.00,0.00,0.0,3,0,22,27,5,2026
114866,2026-05-27 04:00:00.000,D17,LA MAISON A L'ENVERS,0.00,0.00,0.0,4,0,22,27,5,2026
114886,2026-05-27 05:00:00.000,D17,LA MAISON A L'ENVERS,0.00,0.00,0.0,5,0,22,27,5,2026
114906,2026-05-27 06:00:00.000,D17,LA MAISON A L'ENVERS,0.00,0.00,0.0,6,0,22,27,5,2026
114926,2026-05-27 07:00:00.000,D17,LA MAISON A L'ENVERS,0.00,0.00,0.0,7,0,22,27,5,2026
114947,2026-05-27 08:00:00.000,D17,LA MAISON A L'ENVERS,0.00,0.00,0.0,8,0,22,27,5,2026
114968,2026-05-27 09:00:00.000,D17,LA MAISON A L'ENVERS,0.00,0.00,0.0,9,0,22,27,5,2026
114989,2026-05-27 10:00:00.000,D17,LA MAISON A L'ENVERS,0.00,0.00,0.0,10,0,22,27,5,2026
115010,2026-05-27 11:00:00.000,D17,LA MAISON A L'ENVERS,0.00,0.00,0.0,11,0,22,27,5,2026
115031,2026-05-27 12:00:00.000,D17,LA MAISON A L'ENVERS,0.00,0.00,0.0,12,0,22,27,5,2026
115052,2026-05-27 13:00:00.000,D17,LA MAISON A L'ENVERS,0.00,0.00,0.0,13,0,22,27,5,2026
115073,2026-05-27 14:00:00.000,D17,LA MAISON A L'ENVERS,0.00,1.00,1.0,14,0,22,27,5,2026
115094,2026-05-27 15:00:00.000,D17,LA MAISON A L'ENVERS,0.00,1.00,1.0,15,0,22,27,5,2026
115115,2026-05-27 16:00:00.000,D17,LA MAISON A L'ENVERS,0.00,1.00,1.0,16,0,22,27,5,2026
115136,2026-05-27 17:00:00.000,D17,LA MAISON A L'ENVERS,0.00,1.00,1.0,17,0,22,27,5,2026
115157,2026-05-27 18:00:00.000,D17,LA MAISON A L'ENVERS,0.00,1.00,1.0,18,0,22,27,5,2026
115178,2026-05-27 19:00:00.000,D17,LA MAISON A L'ENVERS,0.00,1.00,1.0,19,0,22,27,5,2026
115199,2026-05-27 20:00:00.000,D17,LA MAISON A L'ENVERS,0.00,1.00,1.0,20,0,22,27,5,2026
115220,2026-05-27 21:00:00.000,D17,LA MAISON A L'ENVERS,0.00,1.00,1.0,21,0,22,27,5,2026
115742,2026-05-27 22:00:00.000,D17,LA MAISON A L'ENVERS,0.00,1.00,1.0,22,0,22,27,5,2026
115763,2026-05-27 23:00:00.000,D17,LA MAISON A L'ENVERS,0.00,1.00,1.0,23,0,22,27,5,2026
115784,2026-05-28 00:00:00.000,D17,LA MAISON A L'ENVERS,0.00,1.00,1.0,0,0,22,28,5,2026
115805,2026-05-28 01:00:00.000,D17,LA MAISON A L'ENVERS,0.00,1.00,1.0,1,0,22,28,5,2026
115826,2026-05-28 02:00:00.000,D17,LA MAISON A L'ENVERS,0.00,1.00,1.0,2,0,22,28,5,2026
115847,2026-05-28 03:00:00.000,D17,LA MAISON A L'ENVERS,0.00,1.00,1.0,3,0,22,28,5,2026
115868,2026-05-28 04:00:00.000,D17,LA MAISON A L'ENVERS,0.00,1.00,1.0,4,0,22,28,5,2026
115889,2026-05-28 05:00:00.000,D17,LA MAISON A L'ENVERS,0.00,1.00,1.0,5,0,22,28,5,2026
115910,2026-05-28 06:00:00.000,D17,LA MAISON A L'ENVERS,0.00,1.00,1.0,6,0,22,28,5,2026
115931,2026-05-28 07:00:00.000,D17,LA MAISON A L'ENVERS,0.00,0.00,0.0,7,0,22,28,5,2026
115952,2026-05-28 08:00:00.000,D17,LA MAISON A L'ENVERS,0.00,0.00,0.0,8,0,22,28,5,2026
115973,2026-05-28 09:00:00.000,D17,LA MAISON A L'ENVERS,0.00,0.00,0.0,9,0,22,28,5,2026
115994,2026-05-28 10:00:00.000,D17,LA MAISON A L'ENVERS,0.00,0.00,0.0,10,0,22,28,5,2026
116015,2026-05-28 11:00:00.000,D17,LA MAISON A L'ENVERS,0.00,0.00,0.0,11,0,22,28,5,2026
116036,2026-05-28 12:00:00.000,D17,LA MAISON A L'ENVERS,0.00,0.00,0.0,12,0,22,28,5,2026
116057,2026-05-28 13:00:00.000,D17,LA MAISON A L'ENVERS,0.00,0.05,0.05,13,0,22,28,5,2026
116078,2026-05-28 14:00:00.000,D17,LA MAISON A L'ENVERS,0.00,1.00,1.0,14,0,22,28,5,2026
116099,2026-05-28 15:00:00.000,D17,LA MAISON A L'ENVERS,0.00,1.00,1.0,15,0,22,28,5,2026
116120,2026-05-28 16:00:00.000,D17,LA MAISON A L'ENVERS,0.00,1.00,1.0,16,0,22,28,5,2026
116141,2026-05-28 17:00:00.000,D17,LA MAISON A L'ENVERS,0.00,1.00,1.0,17,0,22,28,5,2026
116162,2026-05-28 18:00:00.000,D17,LA MAISON A L'ENVERS,0.00,1.00,1.0,18,0,22,28,5,2026
116183,2026-05-28 19:00:00.000,D17,LA MAISON A L'ENVERS,0.00,1.00,1.0,19,0,22,28,5,2026
116204,2026-05-28 20:00:00.000,D17,LA MAISON A L'ENVERS,0.00,1.00,1.0,20,0,22,28,5,2026
116225,2026-05-28 21:00:00.000,D17,LA MAISON A L'ENVERS,0.00,0.50,0.5,21,0,22,28,5,2026
116747,2026-05-28 22:00:00.000,D17,LA MAISON A L'ENVERS,0.00,0.00,0.0,22,0,22,28,5,2026
116768,2026-05-28 23:00:00.000,D17,LA MAISON A L'ENVERS,0.00,0.00,0.0,23,0,22,28,5,2026
116789,2026-05-29 00:00:00.000,D17,LA MAISON A L'ENVERS,0.00,0.00,0.0,0,0,22,29,5,2026
116810,2026-05-29 01:00:00.000,D17,LA MAISON A L'ENVERS,0.00,0.00,0.0,1,0,22,29,5,2026
116831,2026-05-29 02:00:00.000,D17,LA MAISON A L'ENVERS,0.00,0.00,0.0,2,0,22,29,5,2026
116852,2026-05-29 03:00:00.000,D17,LA MAISON A L'ENVERS,0.00,0.00,0.0,3,0,22,29,5,2026
116873,2026-05-29 04:00:00.000,D17,LA MAISON A L'ENVERS,0.00,0.00,0.0,4,0,22,29,5,2026
116894,2026-05-29 05:00:00.000,D17,LA MAISON A L'ENVERS,0.00,0.00,0.0,5,0,22,29,5,2026
116915,2026-05-29 06:00:00.000,D17,LA MAISON A L'ENVERS,0.00,0.00,0.0,6,0,22,29,5,2026
116936,2026-05-29 07:00:00.000,D17,LA MAISON A L'ENVERS,0.00,0.00,0.0,7,0,22,29,5,2026
116957,2026-05-29 08:00:00.000,D17,LA MAISON A L'ENVERS,0.00,0.00,0.0,8,0,22,29,5,2026
116978,2026-05-29 09:00:00.000,D17,LA MAISON A L'ENVERS,0.00,0.00,0.0,9,0,22,29,5,2026
116999,2026-05-29 10:00:00.000,D17,LA MAISON A L'ENVERS,0.00,0.00,0.0,10,0,22,29,5,2026
117020,2026-05-29 11:00:00.000,D17,LA MAISON A L'ENVERS,0.00,0.00,0.0,11,0,22,29,5,2026
117041,2026-05-29 12:00:00.000,D17,LA MAISON A L'ENVERS,0.00,0.00,0.0,12,0,22,29,5,2026
117062,2026-05-29 13:00:00.000,D17,LA MAISON A L'ENVERS,0.00,0.05,0.05,13,0,22,29,5,2026
117083,2026-05-29 14:00:00.000,D17,LA MAISON A L'ENVERS,0.00,1.00,1.0,14,0,22,29,5,2026
117104,2026-05-29 15:00:00.000,D17,LA MAISON A L'ENVERS,0.00,1.00,1.0,15,0,22,29,5,2026
117125,2026-05-29 16:00:00.000,D17,LA MAISON A L'ENVERS,0.00,1.00,1.0,16,0,22,29,5,2026
117146,2026-05-29 17:00:00.000,D17,LA MAISON A L'ENVERS,0.00,1.00,1.0,17,0,22,29,5,2026
117167,2026-05-29 18:00:00.000,D17,LA MAISON A L'ENVERS,0.00,1.00,1.0,18,0,22,29,5,2026
117188,2026-05-29 19:00:00.000,D17,LA MAISON A L'ENVERS,0.00,1.00,1.0,19,0,22,29,5,2026
117209,2026-05-29 20:00:00.000,D17,LA MAISON A L'ENVERS,0.00,0.10,0.1,20,0,22,29,5,2026
117230,2026-05-29 21:00:00.000,D17,LA MAISON A L'ENVERS,0.00,0.00,0.0,21,0,22,29,5,2026
117752,2026-05-29 22:00:00.000,D17,LA MAISON A L'ENVERS,0.00,0.00,0.0,22,0,22,29,5,2026
117773,2026-05-29 23:00:00.000,D17,LA MAISON A L'ENVERS,0.00,0.00,0.0,23,0,22,29,5,2026
117794,2026-05-30 00:00:00.000,D17,LA MAISON A L'ENVERS,0.00,0.00,0.0,0,0,22,30,5,2026
117815,2026-05-30 01:00:00.000,D17,LA MAISON A L'ENVERS,0.00,0.00,0.0,1,0,22,30,5,2026
117836,2026-05-30 02:00:00.000,D17,LA MAISON A L'ENVERS,0.00,0.00,0.0,2,0,22,30,5,2026
117857,2026-05-30 03:00:00.000,D17,LA MAISON A L'ENVERS,0.00,0.00,0.0,3,0,22,30,5,2026
117878,2026-05-30 04:00:00.000,D17,LA MAISON A L'ENVERS,0.00,0.00,0.0,4,0,22,30,5,2026
117899,2026-05-30 05:00:00.000,D17,LA MAISON A L'ENVERS,0.00,0.00,0.0,5,0,22,30,5,2026
117920,2026-05-30 06:00:00.000,D17,LA MAISON A L'ENVERS,0.00,0.00,0.0,6,0,22,30,5,2026
117941,2026-05-30 07:00:00.000,D17,LA MAISON A L'ENVERS,0.00,0.00,0.0,7,0,22,30,5,2026
117963,2026-05-30 08:00:00.000,D17,LA MAISON A L'ENVERS,0.00,0.00,0.0,8,0,22,30,5,2026
117985,2026-05-30 09:00:00.000,D17,LA MAISON A L'ENVERS,0.00,0.00,0.0,9,0,22,30,5,2026
118007,2026-05-30 10:00:00.000,D17,LA MAISON A L'ENVERS,0.00,0.00,0.0,10,0,22,30,5,2026
118029,2026-05-30 11:00:00.000,D17,LA MAISON A L'ENVERS,0.00,0.00,0.0,11,0,22,30,5,2026
118051,2026-05-30 12:00:00.000,D17,LA MAISON A L'ENVERS,0.00,0.00,0.0,12,0,22,30,5,2026
118073,2026-05-30 13:00:00.000,D17,LA MAISON A L'ENVERS,0.00,0.00,0.0,13,0,22,30,5,2026
118095,2026-05-30 14:00:00.000,D17,LA MAISON A L'ENVERS,0.00,0.00,0.0,14,0,22,30,5,2026
118117,2026-05-30 15:00:00.000,D17,LA MAISON A L'ENVERS,0.00,0.00,0.0,15,0,22,30,5,2026
118139,2026-05-30 16:00:00.000,D17,LA MAISON A L'ENVERS,0.00,0.00,0.0,16,0,22,30,5,2026
118161,2026-05-30 17:00:00.000,D17,LA MAISON A L'ENVERS,0.00,0.00,0.0,17,0,22,30,5,2026
118183,2026-05-30 18:00:00.000,D17,LA MAISON A L'ENVERS,0.00,0.50,0.5,18,0,22,30,5,2026
118205,2026-05-30 19:00:00.000,D17,LA MAISON A L'ENVERS,0.00,1.00,1.0,19,0,22,30,5,2026
118227,2026-05-30 20:00:00.000,D17,LA MAISON A L'ENVERS,0.00,1.00,1.0,20,0,22,30,5,2026
118750,2026-05-30 21:00:00.000,D17,LA MAISON A L'ENVERS,0.00,1.00,1.0,21,0,22,30,5,2026
118772,2026-05-30 22:00:00.000,D17,LA MAISON A L'ENVERS,0.00,1.00,1.0,22,0,22,30,5,2026
118793,2026-05-30 23:00:00.000,D17,LA MAISON A L'ENVERS,0.00,1.00,1.0,23,0,22,30,5,2026
118814,2026-05-31 00:00:00.000,D17,LA MAISON A L'ENVERS,0.00,1.00,1.0,0,0,23,31,5,2026
118835,2026-05-31 01:00:00.000,D17,LA MAISON A L'ENVERS,0.00,1.00,1.0,1,0,23,31,5,2026
118856,2026-05-31 02:00:00.000,D17,LA MAISON A L'ENVERS,0.00,1.00,1.0,2,0,23,31,5,2026
118877,2026-05-31 03:00:00.000,D17,LA MAISON A L'ENVERS,0.00,1.00,1.0,3,0,23,31,5,2026
118898,2026-05-31 04:00:00.000,D17,LA MAISON A L'ENVERS,0.00,1.00,1.0,4,0,23,31,5,2026
118920,2026-05-31 05:00:00.000,D17,LA MAISON A L'ENVERS,0.00,1.00,1.0,5,0,23,31,5,2026
118942,2026-05-31 06:00:00.000,D17,LA MAISON A L'ENVERS,0.00,1.00,1.0,6,0,23,31,5,2026
118964,2026-05-31 07:00:00.000,D17,LA MAISON A L'ENVERS,0.00,0.00,0.0,7,0,23,31,5,2026
118986,2026-05-31 08:00:00.000,D17,LA MAISON A L'ENVERS,0.00,0.00,0.0,8,0,23,31,5,2026
119008,2026-05-31 09:00:00.000,D17,LA MAISON A L'ENVERS,0.00,0.00,0.0,9,0,23,31,5,2026
119030,2026-05-31 10:00:00.000,D17,LA MAISON A L'ENVERS,0.00,0.00,0.0,10,0,23,31,5,2026
119052,2026-05-31 11:00:00.000,D17,LA MAISON A L'ENVERS,0.00,0.00,0.0,11,0,23,31,5,2026
119074,2026-05-31 12:00:00.000,D17,LA MAISON A L'ENVERS,0.00,0.00,0.0,12,0,23,31,5,2026
119096,2026-05-31 13:00:00.000,D17,LA MAISON A L'ENVERS,0.00,0.00,0.0,13,0,23,31,5,2026
119118,2026-05-31 14:00:00.000,D17,LA MAISON A L'ENVERS,0.00,0.00,0.0,14,0,23,31,5,2026
119140,2026-05-31 15:00:00.000,D17,LA MAISON A L'ENVERS,0.00,0.00,0.0,15,0,23,31,5,2026
119162,2026-05-31 16:00:00.000,D17,LA MAISON A L'ENVERS,0.00,0.00,0.0,16,0,23,31,5,2026
119184,2026-05-31 17:00:00.000,D17,LA MAISON A L'ENVERS,0.00,0.00,0.0,17,0,23,31,5,2026
119206,2026-05-31 18:00:00.000,D17,LA MAISON A L'ENVERS,0.00,0.00,0.0,18,0,23,31,5,2026
119228,2026-05-31 19:00:00.000,D17,LA MAISON A L'ENVERS,0.00,0.00,0.0,19,0,23,31,5,2026
119751,2026-05-31 20:00:00.000,D17,LA MAISON A L'ENVERS,0.00,0.00,0.0,20,0,23,31,5,2026
119773,2026-05-31 21:00:00.000,D17,LA MAISON A L'ENVERS,0.00,0.00,0.0,21,0,23,31,5,2026
119795,2026-05-31 22:00:00.000,D17,LA MAISON A L'ENVERS,0.00,0.00,0.0,22,0,23,31,5,2026
119817,2026-05-31 23:00:00.000,D17,LA MAISON A L'ENVERS,0.00,0.00,0.0,23,0,23,31,5,2026
119839,2026-06-01 00:00:00.000,D17,LA MAISON A L'ENVERS,0.00,0.00,0.0,0,0,23,1,6,2026
119861,2026-06-01 01:00:00.000,D17,LA MAISON A L'ENVERS,0.00,0.00,0.0,1,0,23,1,6,2026
119883,2026-06-01 02:00:00.000,D17,LA MAISON A L'ENVERS,0.00,0.00,0.0,2,0,23,1,6,2026
119905,2026-06-01 03:00:00.000,D17,LA MAISON A L'ENVERS,0.00,0.00,0.0,3,0,23,1,6,2026
119927,2026-06-01 04:00:00.000,D17,LA MAISON A L'ENVERS,0.00,0.00,0.0,4,0,23,1,6,2026
119949,2026-06-01 05:00:00.000,D17,LA MAISON A L'ENVERS,0.00,0.00,0.0,5,0,23,1,6,2026
119971,2026-06-01 06:00:00.000,D17,LA MAISON A L'ENVERS,0.00,0.00,0.0,6,0,23,1,6,2026
119993,2026-06-01 07:00:00.000,D17,LA MAISON A L'ENVERS,0.00,0.00,0.0,7,0,23,1,6,2026
120013,2026-06-01 08:00:00.000,D17,LA MAISON A L'ENVERS,0.00,0.00,0.0,8,0,23,1,6,2026
120033,2026-06-01 09:00:00.000,D17,LA MAISON A L'ENVERS,0.00,0.00,0.0,9,0,23,1,6,2026
120053,2026-06-01 10:00:00.000,D17,LA MAISON A L'ENVERS,0.00,0.00,0.0,10,0,23,1,6,2026
120073,2026-06-01 11:00:00.000,D17,LA MAISON A L'ENVERS,0.00,0.00,0.0,11,0,23,1,6,2026
120093,2026-06-01 12:00:00.000,D17,LA MAISON A L'ENVERS,0.00,0.00,0.0,12,0,23,1,6,2026
120113,2026-06-01 13:00:00.000,D17,LA MAISON A L'ENVERS,0.00,0.00,0.0,13,0,23,1,6,2026
120133,2026-06-01 14:00:00.000,D17,LA MAISON A L'ENVERS,0.00,0.00,0.0,14,0,23,1,6,2026
120153,2026-06-01 15:00:00.000,D17,LA MAISON A L'ENVERS,0.00,0.00,0.0,15,0,23,1,6,2026
120173,2026-06-01 16:00:00.000,D17,LA MAISON A L'ENVERS,0.00,0.00,0.0,16,0,23,1,6,2026
120193,2026-06-01 17:00:00.000,D17,LA MAISON A L'ENVERS,0.00,0.15,0.15,17,0,23,1,6,2026
120213,2026-06-01 18:00:00.000,D17,LA MAISON A L'ENVERS,0.00,1.00,1.0,18,0,23,1,6,2026
120233,2026-06-01 19:00:00.000,D17,LA MAISON A L'ENVERS,0.00,1.00,1.0,19,0,23,1,6,2026
120754,2026-06-01 20:00:00.000,D17,LA MAISON A L'ENVERS,0.00,1.00,1.0,20,0,23,1,6,2026
120774,2026-06-01 21:00:00.000,D17,LA MAISON A L'ENVERS,0.00,1.00,1.0,21,0,23,1,6,2026
120794,2026-06-01 22:00:00.000,D17,LA MAISON A L'ENVERS,0.00,1.00,1.0,22,0,23,1,6,2026
120814,2026-06-01 23:00:00.000,D17,LA MAISON A L'ENVERS,0.00,1.00,1.0,23,0,23,1,6,2026
120834,2026-06-02 00:00:00.000,D17,LA MAISON A L'ENVERS,0.00,1.00,1.0,0,0,23,2,6,2026
120854,2026-06-02 01:00:00.000,D17,LA MAISON A L'ENVERS,0.00,1.00,1.0,1,0,23,2,6,2026
120874,2026-06-02 02:00:00.000,D17,LA MAISON A L'ENVERS,0.00,1.00,1.0,2,0,23,2,6,2026
120894,2026-06-02 03:00:00.000,D17,LA MAISON A L'ENVERS,0.00,1.00,1.0,3,0,23,2,6,2026
120914,2026-06-02 04:00:00.000,D17,LA MAISON A L'ENVERS,0.00,1.00,1.0,4,0,23,2,6,2026
120934,2026-06-02 05:00:00.000,D17,LA MAISON A L'ENVERS,0.00,1.00,1.0,5,0,23,2,6,2026
120954,2026-06-02 06:00:00.000,D17,LA MAISON A L'ENVERS,0.00,1.00,1.0,6,0,23,2,6,2026
120974,2026-06-02 07:00:00.000,D17,LA MAISON A L'ENVERS,0.00,0.00,0.0,7,0,23,2,6,2026
120993,2026-06-02 08:00:00.000,D17,LA MAISON A L'ENVERS,0.00,0.00,0.0,8,0,23,2,6,2026
121012,2026-06-02 09:00:00.000,D17,LA MAISON A L'ENVERS,0.00,0.00,0.0,9,0,23,2,6,2026
121031,2026-06-02 10:00:00.000,D17,LA MAISON A L'ENVERS,0.00,0.00,0.0,10,0,23,2,6,2026
121050,2026-06-02 11:00:00.000,D17,LA MAISON A L'ENVERS,0.00,0.00,0.0,11,0,23,2,6,2026
121069,2026-06-02 12:00:00.000,D17,LA MAISON A L'ENVERS,0.00,0.00,0.0,12,0,23,2,6,2026
121088,2026-06-02 13:00:00.000,D17,LA MAISON A L'ENVERS,0.00,0.00,0.0,13,0,23,2,6,2026
121107,2026-06-02 14:00:00.000,D17,LA MAISON A L'ENVERS,0.00,1.00,1.0,14,0,23,2,6,2026
121126,2026-06-02 15:00:00.000,D17,LA MAISON A L'ENVERS,0.00,1.00,1.0,15,0,23,2,6,2026
121145,2026-06-02 16:00:00.000,D17,LA MAISON A L'ENVERS,0.00,1.00,1.0,16,0,23,2,6,2026
121164,2026-06-02 17:00:00.000,D17,LA MAISON A L'ENVERS,0.00,1.00,1.0,17,0,23,2,6,2026
121183,2026-06-02 18:00:00.000,D17,LA MAISON A L'ENVERS,0.00,1.00,1.0,18,0,23,2,6,2026
121202,2026-06-02 19:00:00.000,D17,LA MAISON A L'ENVERS,0.00,1.00,1.0,19,0,23,2,6,2026
121221,2026-06-02 20:00:00.000,D17,LA MAISON A L'ENVERS,0.00,1.00,1.0,20,0,23,2,6,2026
121240,2026-06-02 21:00:00.000,D17,LA MAISON A L'ENVERS,0.00,1.00,1.0,21,0,23,2,6,2026
121760,2026-06-02 22:00:00.000,D17,LA MAISON A L'ENVERS,0.00,1.00,1.0,22,0,23,2,6,2026
121779,2026-06-02 23:00:00.000,D17,LA MAISON A L'ENVERS,0.00,1.00,1.0,23,0,23,2,6,2026
121798,2026-06-03 00:00:00.000,D17,LA MAISON A L'ENVERS,0.00,1.00,1.0,0,0,23,3,6,2026
121817,2026-06-03 01:00:00.000,D17,LA MAISON A L'ENVERS,0.00,1.00,1.0,1,0,23,3,6,2026
121836,2026-06-03 02:00:00.000,D17,LA MAISON A L'ENVERS,0.00,1.00,1.0,2,0,23,3,6,2026
121855,2026-06-03 03:00:00.000,D17,LA MAISON A L'ENVERS,0.00,1.00,1.0,3,0,23,3,6,2026
121874,2026-06-03 04:00:00.000,D17,LA MAISON A L'ENVERS,0.00,1.00,1.0,4,0,23,3,6,2026
121893,2026-06-03 05:00:00.000,D17,LA MAISON A L'ENVERS,0.00,1.00,1.0,5,0,23,3,6,2026
121912,2026-06-03 06:00:00.000,D17,LA MAISON A L'ENVERS,0.00,1.00,1.0,6,0,23,3,6,2026
121931,2026-06-03 07:00:00.000,D17,LA MAISON A L'ENVERS,0.00,0.00,0.0,7,0,23,3,6,2026
121950,2026-06-03 08:00:00.000,D17,LA MAISON A L'ENVERS,0.00,0.00,0.0,8,0,23,3,6,2026
121969,2026-06-03 09:00:00.000,D17,LA MAISON A L'ENVERS,0.00,0.00,0.0,9,0,23,3,6,2026
121988,2026-06-03 10:00:00.000,D17,LA MAISON A L'ENVERS,0.00,0.00,0.0,10,0,23,3,6,2026
122007,2026-06-03 11:00:00.000,D17,LA MAISON A L'ENVERS,0.00,0.00,0.0,11,0,23,3,6,2026
122026,2026-06-03 12:00:00.000,D17,LA MAISON A L'ENVERS,0.00,0.00,0.0,12,0,23,3,6,2026
122045,2026-06-03 13:00:00.000,D17,LA MAISON A L'ENVERS,0.00,0.00,0.0,13,0,23,3,6,2026
122064,2026-06-03 14:00:00.000,D17,LA MAISON A L'ENVERS,0.00,0.80,0.8,14,0,23,3,6,2026
122083,2026-06-03 15:00:00.000,D17,LA MAISON A L'ENVERS,0.00,1.00,1.0,15,0,23,3,6,2026
122102,2026-06-03 16:00:00.000,D17,LA MAISON A L'ENVERS,0.00,1.00,1.0,16,0,23,3,6,2026
122121,2026-06-03 17:00:00.000,D17,LA MAISON A L'ENVERS,0.00,1.00,1.0,17,0,23,3,6,2026
122140,2026-06-03 18:00:00.000,D17,LA MAISON A L'ENVERS,0.00,1.00,1.0,18,0,23,3,6,2026
122159,2026-06-03 19:00:00.000,D17,LA MAISON A L'ENVERS,0.00,1.00,1.0,19,0,23,3,6,2026
122178,2026-06-03 20:00:00.000,D17,LA MAISON A L'ENVERS,0.00,0.05,0.05,20,0,23,3,6,2026
122197,2026-06-03 21:00:00.000,D17,LA MAISON A L'ENVERS,0.00,0.00,0.0,21,0,23,3,6,2026
122216,2026-06-03 22:00:00.000,D17,LA MAISON A L'ENVERS,0.00,0.00,0.0,22,0,23,3,6,2026
122235,2026-06-03 23:00:00.000,D17,LA MAISON A L'ENVERS,0.00,0.00,0.0,23,0,23,3,6,2026
122755,2026-06-04 00:00:00.000,D17,LA MAISON A L'ENVERS,0.00,0.00,0.0,0,0,23,4,6,2026
122774,2026-06-04 01:00:00.000,D17,LA MAISON A L'ENVERS,0.00,0.00,0.0,1,0,23,4,6,2026
122793,2026-06-04 02:00:00.000,D17,LA MAISON A L'ENVERS,0.00,0.00,0.0,2,0,23,4,6,2026
122812,2026-06-04 03:00:00.000,D17,LA MAISON A L'ENVERS,0.00,0.00,0.0,3,0,23,4,6,2026
122831,2026-06-04 04:00:00.000,D17,LA MAISON A L'ENVERS,0.00,0.00,0.0,4,0,23,4,6,2026
122850,2026-06-04 05:00:00.000,D17,LA MAISON A L'ENVERS,0.00,0.00,0.0,5,0,23,4,6,2026
122869,2026-06-04 06:00:00.000,D17,LA MAISON A L'ENVERS,0.00,0.00,0.0,6,0,23,4,6,2026
122888,2026-06-04 07:00:00.000,D17,LA MAISON A L'ENVERS,0.00,0.00,0.0,7,0,23,4,6,2026
122907,2026-06-04 08:00:00.000,D17,LA MAISON A L'ENVERS,0.00,0.00,0.0,8,0,23,4,6,2026
122926,2026-06-04 09:00:00.000,D17,LA MAISON A L'ENVERS,0.00,0.00,0.0,9,0,23,4,6,2026
122945,2026-06-04 10:00:00.000,D17,LA MAISON A L'ENVERS,0.00,0.00,0.0,10,0,23,4,6,2026
122964,2026-06-04 11:00:00.000,D17,LA MAISON A L'ENVERS,0.00,0.00,0.0,11,0,23,4,6,2026
122983,2026-06-04 12:00:00.000,D17,LA MAISON A L'ENVERS,0.00,0.00,0.0,12,0,23,4,6,2026
123002,2026-06-04 13:00:00.000,D17,LA MAISON A L'ENVERS,0.00,0.00,0.0,13,0,23,4,6,2026
123021,2026-06-04 14:00:00.000,D17,LA MAISON A L'ENVERS,0.00,0.75,0.75,14,0,23,4,6,2026
123040,2026-06-04 15:00:00.000,D17,LA MAISON A L'ENVERS,0.00,1.00,1.0,15,0,23,4,6,2026
123059,2026-06-04 16:00:00.000,D17,LA MAISON A L'ENVERS,0.00,1.00,1.0,16,0,23,4,6,2026
123078,2026-06-04 17:00:00.000,D17,LA MAISON A L'ENVERS,0.00,1.00,1.0,17,0,23,4,6,2026
123097,2026-06-04 18:00:00.000,D17,LA MAISON A L'ENVERS,0.00,1.00,1.0,18,0,23,4,6,2026
123116,2026-06-04 19:00:00.000,D17,LA MAISON A L'ENVERS,0.00,1.00,1.0,19,0,23,4,6,2026
123135,2026-06-04 20:00:00.000,D17,LA MAISON A L'ENVERS,0.00,1.00,1.0,20,0,23,4,6,2026
123154,2026-06-04 21:00:00.000,D17,LA MAISON A L'ENVERS,0.00,1.00,1.0,21,0,23,4,6,2026
123173,2026-06-04 22:00:00.000,D17,LA MAISON A L'ENVERS,0.00,1.00,1.0,22,0,23,4,6,2026
123192,2026-06-04 23:00:00.000,D17,LA MAISON A L'ENVERS,0.00,1.00,1.0,23,0,23,4,6,2026
123211,2026-06-05 00:00:00.000,D17,LA MAISON A L'ENVERS,0.00,1.00,1.0,0,0,23,5,6,2026
123230,2026-06-05 01:00:00.000,D17,LA MAISON A L'ENVERS,0.00,1.00,1.0,1,0,23,5,6,2026
123750,2026-06-05 02:00:00.000,D17,LA MAISON A L'ENVERS,0.00,1.00,1.0,2,0,23,5,6,2026
123769,2026-06-05 03:00:00.000,D17,LA MAISON A L'ENVERS,0.00,1.00,1.0,3,0,23,5,6,2026
123788,2026-06-05 04:00:00.000,D17,LA MAISON A L'ENVERS,0.00,1.00,1.0,4,0,23,5,6,2026
123807,2026-06-05 05:00:00.000,D17,LA MAISON A L'ENVERS,0.00,1.00,1.0,5,0,23,5,6,2026
123826,2026-06-05 06:00:00.000,D17,LA MAISON A L'ENVERS,0.00,1.00,1.0,6,0,23,5,6,2026
123845,2026-06-05 07:00:00.000,D17,LA MAISON A L'ENVERS,0.00,0.00,0.0,7,0,23,5,6,2026
123864,2026-06-05 08:00:00.000,D17,LA MAISON A L'ENVERS,0.00,0.00,0.0,8,0,23,5,6,2026
123883,2026-06-05 09:00:00.000,D17,LA MAISON A L'ENVERS,0.00,0.00,0.0,9,0,23,5,6,2026
123902,2026-06-05 10:00:00.000,D17,LA MAISON A L'ENVERS,0.00,0.00,0.0,10,0,23,5,6,2026
123921,2026-06-05 11:00:00.000,D17,LA MAISON A L'ENVERS,0.00,0.00,0.0,11,0,23,5,6,2026
123940,2026-06-05 12:00:00.000,D17,LA MAISON A L'ENVERS,0.00,0.00,0.0,12,0,23,5,6,2026
123959,2026-06-05 13:00:00.000,D17,LA MAISON A L'ENVERS,0.00,0.00,0.0,13,0,23,5,6,2026
123978,2026-06-05 14:00:00.000,D17,LA MAISON A L'ENVERS,0.00,1.00,1.0,14,0,23,5,6,2026
123997,2026-06-05 15:00:00.000,D17,LA MAISON A L'ENVERS,0.00,1.00,1.0,15,0,23,5,6,2026
124016,2026-06-05 16:00:00.000,D17,LA MAISON A L'ENVERS,0.00,1.00,1.0,16,0,23,5,6,2026
124036,2026-06-05 17:00:00.000,D17,LA MAISON A L'ENVERS,0.00,1.00,1.0,17,0,23,5,6,2026
124056,2026-06-05 18:00:00.000,D17,LA MAISON A L'ENVERS,0.00,1.00,1.0,18,0,23,5,6,2026
124076,2026-06-05 19:00:00.000,D17,LA MAISON A L'ENVERS,0.00,1.00,1.0,19,0,23,5,6,2026
124096,2026-06-05 20:00:00.000,D17,LA MAISON A L'ENVERS,0.00,1.00,1.0,20,0,23,5,6,2026
124116,2026-06-05 21:00:00.000,D17,LA MAISON A L'ENVERS,0.00,0.95,0.95,21,0,23,5,6,2026
124136,2026-06-05 22:00:00.000,D17,LA MAISON A L'ENVERS,0.00,0.00,0.0,22,0,23,5,6,2026
124156,2026-06-05 23:00:00.000,D17,LA MAISON A L'ENVERS,0.00,0.00,0.0,23,0,23,5,6,2026
124176,2026-06-06 00:00:00.000,D17,LA MAISON A L'ENVERS,0.00,0.00,0.0,0,0,23,6,6,2026
124196,2026-06-06 01:00:00.000,D17,LA MAISON A L'ENVERS,0.00,0.00,0.0,1,0,23,6,6,2026
124216,2026-06-06 02:00:00.000,D17,LA MAISON A L'ENVERS,0.00,0.00,0.0,2,0,23,6,6,2026
124236,2026-06-06 03:00:00.000,D17,LA MAISON A L'ENVERS,0.00,0.00,0.0,3,0,23,6,6,2026
124757,2026-06-06 04:00:00.000,D17,LA MAISON A L'ENVERS,0.00,0.00,0.0,4,0,23,6,6,2026
124777,2026-06-06 05:00:00.000,D17,LA MAISON A L'ENVERS,0.00,0.00,0.0,5,0,23,6,6,2026
124797,2026-06-06 06:00:00.000,D17,LA MAISON A L'ENVERS,0.00,0.00,0.0,6,0,23,6,6,2026
124817,2026-06-06 07:00:00.000,D17,LA MAISON A L'ENVERS,0.00,0.00,0.0,7,0,23,6,6,2026
124839,2026-06-06 08:00:00.000,D17,LA MAISON A L'ENVERS,0.00,0.00,0.0,8,0,23,6,6,2026
124861,2026-06-06 09:00:00.000,D17,LA MAISON A L'ENVERS,0.00,0.00,0.0,9,0,23,6,6,2026
124883,2026-06-06 10:00:00.000,D17,LA MAISON A L'ENVERS,0.00,0.00,0.0,10,0,23,6,6,2026
124905,2026-06-06 11:00:00.000,D17,LA MAISON A L'ENVERS,0.00,0.25,0.25,11,0,23,6,6,2026
124927,2026-06-06 12:00:00.000,D17,LA MAISON A L'ENVERS,0.00,1.00,1.0,12,0,23,6,6,2026
124950,2026-06-06 13:00:00.000,D17,LA MAISON A L'ENVERS,0.00,1.00,1.0,13,0,23,6,6,2026
124973,2026-06-06 14:00:00.000,D17,LA MAISON A L'ENVERS,0.00,1.00,1.0,14,0,23,6,6,2026
124996,2026-06-06 15:00:00.000,D17,LA MAISON A L'ENVERS,0.00,1.00,1.0,15,0,23,6,6,2026
125019,2026-06-06 16:00:00.000,D17,LA MAISON A L'ENVERS,0.00,1.00,1.0,16,0,23,6,6,2026
125042,2026-06-06 17:00:00.000,D17,LA MAISON A L'ENVERS,0.00,1.00,1.0,17,0,23,6,6,2026
125065,2026-06-06 18:00:00.000,D17,LA MAISON A L'ENVERS,0.00,1.00,1.0,18,0,23,6,6,2026
125088,2026-06-06 19:00:00.000,D17,LA MAISON A L'ENVERS,0.00,1.00,1.0,19,0,23,6,6,2026
125111,2026-06-06 20:00:00.000,D17,LA MAISON A L'ENVERS,0.00,1.00,1.0,20,0,23,6,6,2026
125134,2026-06-06 21:00:00.000,D17,LA MAISON A L'ENVERS,0.00,1.00,1.0,21,0,23,6,6,2026
125157,2026-06-06 22:00:00.000,D17,LA MAISON A L'ENVERS,0.00,1.00,1.0,22,0,23,6,6,2026
125180,2026-06-06 23:00:00.000,D17,LA MAISON A L'ENVERS,0.00,1.00,1.0,23,0,23,6,6,2026
125203,2026-06-07 00:00:00.000,D17,LA MAISON A L'ENVERS,0.00,1.00,1.0,0,0,24,7,6,2026
125226,2026-06-07 01:00:00.000,D17,LA MAISON A L'ENVERS,0.00,1.00,1.0,1,0,24,7,6,2026
125249,2026-06-07 02:00:00.000,D17,LA MAISON A L'ENVERS,0.00,1.00,1.0,2,0,24,7,6,2026
125773,2026-06-07 03:00:00.000,D17,LA MAISON A L'ENVERS,0.00,1.00,1.0,3,0,24,7,6,2026
125796,2026-06-07 04:00:00.000,D17,LA MAISON A L'ENVERS,0.00,1.00,1.0,4,0,24,7,6,2026
125819,2026-06-07 05:00:00.000,D17,LA MAISON A L'ENVERS,0.00,1.00,1.0,5,0,24,7,6,2026
125842,2026-06-07 06:00:00.000,D17,LA MAISON A L'ENVERS,0.00,1.00,1.0,6,0,24,7,6,2026
125864,2026-06-07 07:00:00.000,D17,LA MAISON A L'ENVERS,0.00,0.00,0.0,7,0,24,7,6,2026
125886,2026-06-07 08:00:00.000,D17,LA MAISON A L'ENVERS,0.00,0.00,0.0,8,0,24,7,6,2026
125908,2026-06-07 09:00:00.000,D17,LA MAISON A L'ENVERS,0.00,0.00,0.0,9,0,24,7,6,2026
125930,2026-06-07 10:00:00.000,D17,LA MAISON A L'ENVERS,0.00,0.00,0.0,10,0,24,7,6,2026
125952,2026-06-07 11:00:00.000,D17,LA MAISON A L'ENVERS,0.00,1.00,1.0,11,0,24,7,6,2026
125974,2026-06-07 12:00:00.000,D17,LA MAISON A L'ENVERS,0.00,1.00,1.0,12,0,24,7,6,2026
125996,2026-06-07 13:00:00.000,D17,LA MAISON A L'ENVERS,0.00,1.00,1.0,13,0,24,7,6,2026
126018,2026-06-07 14:00:00.000,D17,LA MAISON A L'ENVERS,0.00,1.00,1.0,14,0,24,7,6,2026
126040,2026-06-07 15:00:00.000,D17,LA MAISON A L'ENVERS,0.00,1.00,1.0,15,0,24,7,6,2026
126062,2026-06-07 16:00:00.000,D17,LA MAISON A L'ENVERS,0.00,1.00,1.0,16,0,24,7,6,2026
126084,2026-06-07 17:00:00.000,D17,LA MAISON A L'ENVERS,0.00,1.00,1.0,17,0,24,7,6,2026
126106,2026-06-07 18:00:00.000,D17,LA MAISON A L'ENVERS,0.00,1.00,1.0,18,0,24,7,6,2026
126128,2026-06-07 19:00:00.000,D17,LA MAISON A L'ENVERS,0.00,1.00,1.0,19,0,24,7,6,2026
126150,2026-06-07 20:00:00.000,D17,LA MAISON A L'ENVERS,0.00,1.00,1.0,20,0,24,7,6,2026
126172,2026-06-07 21:00:00.000,D17,LA MAISON A L'ENVERS,0.00,1.00,1.0,21,0,24,7,6,2026
126194,2026-06-07 22:00:00.000,D17,LA MAISON A L'ENVERS,0.00,1.00,1.0,22,0,24,7,6,2026
126216,2026-06-07 23:00:00.000,D17,LA MAISON A L'ENVERS,0.00,1.00,1.0,23,0,24,7,6,2026
126238,2026-06-08 00:00:00.000,D17,LA MAISON A L'ENVERS,0.00,1.00,1.0,0,0,24,8,6,2026
126761,2026-06-08 01:00:00.000,D17,LA MAISON A L'ENVERS,0.00,1.00,1.0,1,0,24,8,6,2026
126783,2026-06-08 02:00:00.000,D17,LA MAISON A L'ENVERS,0.00,1.00,1.0,2,0,24,8,6,2026
126805,2026-06-08 03:00:00.000,D17,LA MAISON A L'ENVERS,0.00,1.00,1.0,3,0,24,8,6,2026
126827,2026-06-08 04:00:00.000,D17,LA MAISON A L'ENVERS,0.00,1.00,1.0,4,0,24,8,6,2026
126849,2026-06-08 05:00:00.000,D17,LA MAISON A L'ENVERS,0.00,1.00,1.0,5,0,24,8,6,2026
126871,2026-06-08 06:00:00.000,D17,LA MAISON A L'ENVERS,0.00,1.00,1.0,6,0,24,8,6,2026
126893,2026-06-08 07:00:00.000,D17,LA MAISON A L'ENVERS,0.00,0.00,0.0,7,0,24,8,6,2026
126913,2026-06-08 08:00:00.000,D17,LA MAISON A L'ENVERS,0.00,0.00,0.0,8,0,24,8,6,2026
126933,2026-06-08 09:00:00.000,D17,LA MAISON A L'ENVERS,0.00,0.00,0.0,9,0,24,8,6,2026
126953,2026-06-08 10:00:00.000,D17,LA MAISON A L'ENVERS,0.00,0.00,0.0,10,0,24,8,6,2026
126973,2026-06-08 11:00:00.000,D17,LA MAISON A L'ENVERS,0.00,0.00,0.0,11,0,24,8,6,2026
126993,2026-06-08 12:00:00.000,D17,LA MAISON A L'ENVERS,0.00,0.00,0.0,12,0,24,8,6,2026
127013,2026-06-08 13:00:00.000,D17,LA MAISON A L'ENVERS,0.00,0.00,0.0,13,0,24,8,6,2026
127033,2026-06-08 14:00:00.000,D17,LA MAISON A L'ENVERS,0.00,0.95,0.95,14,0,24,8,6,2026
127053,2026-06-08 15:00:00.000,D17,LA MAISON A L'ENVERS,0.00,1.00,1.0,15,0,24,8,6,2026
127073,2026-06-08 16:00:00.000,D17,LA MAISON A L'ENVERS,0.00,1.00,1.0,16,0,24,8,6,2026
127093,2026-06-08 17:00:00.000,D17,LA MAISON A L'ENVERS,0.00,1.00,1.0,17,0,24,8,6,2026
127113,2026-06-08 18:00:00.000,D17,LA MAISON A L'ENVERS,0.00,1.00,1.0,18,0,24,8,6,2026
127133,2026-06-08 19:00:00.000,D17,LA MAISON A L'ENVERS,0.00,1.00,1.0,19,0,24,8,6,2026
127153,2026-06-08 20:00:00.000,D17,LA MAISON A L'ENVERS,0.00,1.00,1.0,20,0,24,8,6,2026
127173,2026-06-08 21:00:00.000,D17,LA MAISON A L'ENVERS,0.00,1.00,1.0,21,0,24,8,6,2026
127193,2026-06-08 22:00:00.000,D17,LA MAISON A L'ENVERS,0.00,1.00,1.0,22,0,24,8,6,2026
127213,2026-06-08 23:00:00.000,D17,LA MAISON A L'ENVERS,0.00,1.00,1.0,23,0,24,8,6,2026
127233,2026-06-09 00:00:00.000,D17,LA MAISON A L'ENVERS,0.00,1.00,1.0,0,0,24,9,6,2026
127253,2026-06-09 01:00:00.000,D17,LA MAISON A L'ENVERS,0.00,1.00,1.0,1,0,24,9,6,2026
127774,2026-06-09 02:00:00.000,D17,LA MAISON A L'ENVERS,0.00,1.00,1.0,2,0,24,9,6,2026
127794,2026-06-09 03:00:00.000,D17,LA MAISON A L'ENVERS,0.00,1.00,1.0,3,0,24,9,6,2026
127814,2026-06-09 04:00:00.000,D17,LA MAISON A L'ENVERS,0.00,1.00,1.0,4,0,24,9,6,2026
127834,2026-06-09 05:00:00.000,D17,LA MAISON A L'ENVERS,0.00,1.00,1.0,5,0,24,9,6,2026
127854,2026-06-09 06:00:00.000,D17,LA MAISON A L'ENVERS,0.00,1.00,1.0,6,0,24,9,6,2026
127874,2026-06-09 07:00:00.000,D17,LA MAISON A L'ENVERS,0.00,0.00,0.0,7,0,24,9,6,2026
127894,2026-06-09 08:00:00.000,D17,LA MAISON A L'ENVERS,0.00,0.00,0.0,8,0,24,9,6,2026
127914,2026-06-09 09:00:00.000,D17,LA MAISON A L'ENVERS,0.00,0.00,0.0,9,0,24,9,6,2026
127934,2026-06-09 10:00:00.000,D17,LA MAISON A L'ENVERS,0.00,0.00,0.0,10,0,24,9,6,2026
127954,2026-06-09 11:00:00.000,D17,LA MAISON A L'ENVERS,0.00,0.00,0.0,11,0,24,9,6,2026
127974,2026-06-09 12:00:00.000,D17,LA MAISON A L'ENVERS,0.00,0.00,0.0,12,0,24,9,6,2026
127994,2026-06-09 13:00:00.000,D17,LA MAISON A L'ENVERS,0.00,0.00,0.0,13,0,24,9,6,2026
128014,2026-06-09 14:00:00.000,D17,LA MAISON A L'ENVERS,0.00,1.00,1.0,14,0,24,9,6,2026
128034,2026-06-09 15:00:00.000,D17,LA MAISON A L'ENVERS,0.00,1.00,1.0,15,0,24,9,6,2026
128054,2026-06-09 16:00:00.000,D17,LA MAISON A L'ENVERS,0.00,1.00,1.0,16,0,24,9,6,2026
128074,2026-06-09 17:00:00.000,D17,LA MAISON A L'ENVERS,0.00,1.00,1.0,17,0,24,9,6,2026
128094,2026-06-09 18:00:00.000,D17,LA MAISON A L'ENVERS,0.00,1.00,1.0,18,0,24,9,6,2026
128114,2026-06-09 19:00:00.000,D17,LA MAISON A L'ENVERS,0.00,1.00,1.0,19,0,24,9,6,2026
128134,2026-06-09 20:00:00.000,D17,LA MAISON A L'ENVERS,0.00,1.00,1.0,20,0,24,9,6,2026
128154,2026-06-09 21:00:00.000,D17,LA MAISON A L'ENVERS,0.00,1.00,1.0,21,0,24,9,6,2026
128174,2026-06-09 22:00:00.000,D17,LA MAISON A L'ENVERS,0.00,1.00,1.0,22,0,24,9,6,2026
128194,2026-06-09 23:00:00.000,D17,LA MAISON A L'ENVERS,0.00,1.00,1.0,23,0,24,9,6,2026
128214,2026-06-10 00:00:00.000,D17,LA MAISON A L'ENVERS,0.00,1.00,1.0,0,0,24,10,6,2026
128234,2026-06-10 01:00:00.000,D17,LA MAISON A L'ENVERS,0.00,1.00,1.0,1,0,24,10,6,2026
128254,2026-06-10 02:00:00.000,D17,LA MAISON A L'ENVERS,0.00,1.00,1.0,2,0,24,10,6,2026
128775,2026-06-10 03:00:00.000,D17,LA MAISON A L'ENVERS,0.00,1.00,1.0,3,0,24,10,6,2026
128795,2026-06-10 04:00:00.000,D17,LA MAISON A L'ENVERS,0.00,1.00,1.0,4,0,24,10,6,2026
128815,2026-06-10 05:00:00.000,D17,LA MAISON A L'ENVERS,0.00,1.00,1.0,5,0,24,10,6,2026
128835,2026-06-10 06:00:00.000,D17,LA MAISON A L'ENVERS,0.00,1.00,1.0,6,0,24,10,6,2026
128855,2026-06-10 07:00:00.000,D17,LA MAISON A L'ENVERS,0.00,0.00,0.0,7,0,24,10,6,2026
128875,2026-06-10 08:00:00.000,D17,LA MAISON A L'ENVERS,0.00,0.00,0.0,8,0,24,10,6,2026
128895,2026-06-10 09:00:00.000,D17,LA MAISON A L'ENVERS,0.00,0.00,0.0,9,0,24,10,6,2026
128915,2026-06-10 10:00:00.000,D17,LA MAISON A L'ENVERS,0.00,0.00,0.0,10,0,24,10,6,2026
128935,2026-06-10 11:00:00.000,D17,LA MAISON A L'ENVERS,0.00,0.00,0.0,11,0,24,10,6,2026
128955,2026-06-10 12:00:00.000,D17,LA MAISON A L'ENVERS,0.00,0.00,0.0,12,0,24,10,6,2026
128975,2026-06-10 13:00:00.000,D17,LA MAISON A L'ENVERS,0.00,0.00,0.0,13,0,24,10,6,2026
128995,2026-06-10 14:00:00.000,D17,LA MAISON A L'ENVERS,0.00,0.00,0.0,14,0,24,10,6,2026
129015,2026-06-10 15:00:00.000,D17,LA MAISON A L'ENVERS,0.00,0.15,0.15,15,0,24,10,6,2026
129035,2026-06-10 16:00:00.000,D17,LA MAISON A L'ENVERS,0.00,1.00,1.0,16,0,24,10,6,2026
129055,2026-06-10 17:00:00.000,D17,LA MAISON A L'ENVERS,0.00,1.00,1.0,17,0,24,10,6,2026
129075,2026-06-10 18:00:00.000,D17,LA MAISON A L'ENVERS,0.00,1.00,1.0,18,0,24,10,6,2026
129095,2026-06-10 19:00:00.000,D17,LA MAISON A L'ENVERS,0.00,1.00,1.0,19,0,24,10,6,2026
129115,2026-06-10 20:00:00.000,D17,LA MAISON A L'ENVERS,0.00,0.10,0.1,20,0,24,10,6,2026
129135,2026-06-10 21:00:00.000,D17,LA MAISON A L'ENVERS,0.00,0.00,0.0,21,0,24,10,6,2026
129155,2026-06-10 22:00:00.000,D17,LA MAISON A L'ENVERS,0.00,0.00,0.0,22,0,24,10,6,2026
129175,2026-06-10 23:00:00.000,D17,LA MAISON A L'ENVERS,0.00,0.00,0.0,23,0,24,10,6,2026
129195,2026-06-11 00:00:00.000,D17,LA MAISON A L'ENVERS,0.00,0.00,0.0,0,0,24,11,6,2026
129215,2026-06-11 01:00:00.000,D17,LA MAISON A L'ENVERS,0.00,0.00,0.0,1,0,24,11,6,2026
129235,2026-06-11 02:00:00.000,D17,LA MAISON A L'ENVERS,0.00,0.00,0.0,2,0,24,11,6,2026
129255,2026-06-11 03:00:00.000,D17,LA MAISON A L'ENVERS,0.00,0.00,0.0,3,0,24,11,6,2026
129776,2026-06-11 04:00:00.000,D17,LA MAISON A L'ENVERS,0.00,0.00,0.0,4,0,24,11,6,2026
129796,2026-06-11 05:00:00.000,D17,LA MAISON A L'ENVERS,0.00,0.00,0.0,5,0,24,11,6,2026
129816,2026-06-11 06:00:00.000,D17,LA MAISON A L'ENVERS,0.00,0.00,0.0,6,0,24,11,6,2026
129836,2026-06-11 07:00:00.000,D17,LA MAISON A L'ENVERS,0.00,0.00,0.0,7,0,24,11,6,2026
129856,2026-06-11 08:00:00.000,D17,LA MAISON A L'ENVERS,0.00,0.00,0.0,8,0,24,11,6,2026
129876,2026-06-11 09:00:00.000,D17,LA MAISON A L'ENVERS,0.00,0.00,0.0,9,0,24,11,6,2026
129896,2026-06-11 10:00:00.000,D17,LA MAISON A L'ENVERS,0.00,0.00,0.0,10,0,24,11,6,2026
129916,2026-06-11 11:00:00.000,D17,LA MAISON A L'ENVERS,0.00,0.00,0.0,11,0,24,11,6,2026
129936,2026-06-11 12:00:00.000,D17,LA MAISON A L'ENVERS,0.00,0.00,0.0,12,0,24,11,6,2026
129956,2026-06-11 13:00:00.000,D17,LA MAISON A L'ENVERS,0.00,0.00,0.0,13,0,24,11,6,2026
129976,2026-06-11 14:00:00.000,D17,LA MAISON A L'ENVERS,0.00,0.90,0.9,14,0,24,11,6,2026
129996,2026-06-11 15:00:00.000,D17,LA MAISON A L'ENVERS,0.00,1.00,1.0,15,0,24,11,6,2026
130016,2026-06-11 16:00:00.000,D17,LA MAISON A L'ENVERS,0.00,1.00,1.0,16,0,24,11,6,2026
130036,2026-06-11 17:00:00.000,D17,LA MAISON A L'ENVERS,0.00,1.00,1.0,17,0,24,11,6,2026
130056,2026-06-11 18:00:00.000,D17,LA MAISON A L'ENVERS,0.00,1.00,1.0,18,0,24,11,6,2026
130076,2026-06-11 19:00:00.000,D17,LA MAISON A L'ENVERS,0.00,1.00,1.0,19,0,24,11,6,2026
130096,2026-06-11 20:00:00.000,D17,LA MAISON A L'ENVERS,0.00,1.00,1.0,20,0,24,11,6,2026
130116,2026-06-11 21:00:00.000,D17,LA MAISON A L'ENVERS,0.00,1.00,1.0,21,0,24,11,6,2026
130136,2026-06-11 22:00:00.000,D17,LA MAISON A L'ENVERS,0.00,0.45,0.45,22,0,24,11,6,2026
130156,2026-06-11 23:00:00.000,D17,LA MAISON A L'ENVERS,0.00,0.00,0.0,23,0,24,11,6,2026
130176,2026-06-12 00:00:00.000,D17,LA MAISON A L'ENVERS,0.00,0.00,0.0,0,0,24,12,6,2026
130196,2026-06-12 01:00:00.000,D17,LA MAISON A L'ENVERS,0.00,0.00,0.0,1,0,24,12,6,2026
130216,2026-06-12 02:00:00.000,D17,LA MAISON A L'ENVERS,0.00,0.00,0.0,2,0,24,12,6,2026
130236,2026-06-12 03:00:00.000,D17,LA MAISON A L'ENVERS,0.00,0.00,0.0,3,0,24,12,6,2026
130256,2026-06-12 04:00:00.000,D17,LA MAISON A L'ENVERS,0.00,0.00,0.0,4,0,24,12,6,2026
130777,2026-06-12 05:00:00.000,D17,LA MAISON A L'ENVERS,0.00,0.00,0.0,5,0,24,12,6,2026
130797,2026-06-12 06:00:00.000,D17,LA MAISON A L'ENVERS,0.00,0.00,0.0,6,0,24,12,6,2026
130817,2026-06-12 07:00:00.000,D17,LA MAISON A L'ENVERS,0.00,0.00,0.0,7,0,24,12,6,2026
130837,2026-06-12 08:00:00.000,D17,LA MAISON A L'ENVERS,0.00,0.00,0.0,8,0,24,12,6,2026
130857,2026-06-12 09:00:00.000,D17,LA MAISON A L'ENVERS,0.00,0.00,0.0,9,0,24,12,6,2026
130877,2026-06-12 10:00:00.000,D17,LA MAISON A L'ENVERS,0.00,0.00,0.0,10,0,24,12,6,2026
130897,2026-06-12 11:00:00.000,D17,LA MAISON A L'ENVERS,0.00,0.00,0.0,11,0,24,12,6,2026
130917,2026-06-12 12:00:00.000,D17,LA MAISON A L'ENVERS,0.00,0.00,0.0,12,0,24,12,6,2026
130937,2026-06-12 13:00:00.000,D17,LA MAISON A L'ENVERS,0.00,0.00,0.0,13,0,24,12,6,2026
130957,2026-06-12 14:00:00.000,D17,LA MAISON A L'ENVERS,0.00,0.00,0.0,14,0,24,12,6,2026
130977,2026-06-12 15:00:00.000,D17,LA MAISON A L'ENVERS,0.00,0.00,0.0,15,0,24,12,6,2026
130997,2026-06-12 16:00:00.000,D17,LA MAISON A L'ENVERS,0.00,0.00,0.0,16,0,24,12,6,2026
131017,2026-06-12 17:00:00.000,D17,LA MAISON A L'ENVERS,0.00,0.00,0.0,17,0,24,12,6,2026
131037,2026-06-12 18:00:00.000,D17,LA MAISON A L'ENVERS,0.00,0.00,0.0,18,0,24,12,6,2026
131057,2026-06-12 19:00:00.000,D17,LA MAISON A L'ENVERS,0.00,0.00,0.0,19,0,24,12,6,2026
131077,2026-06-12 20:00:00.000,D17,LA MAISON A L'ENVERS,0.00,0.95,0.95,20,0,24,12,6,2026
131097,2026-06-12 21:00:00.000,D17,LA MAISON A L'ENVERS,0.00,1.00,1.0,21,0,24,12,6,2026
131117,2026-06-12 22:00:00.000,D17,LA MAISON A L'ENVERS,0.00,1.00,1.0,22,0,24,12,6,2026
131136,2026-06-12 23:00:00.000,D17,LA MAISON A L'ENVERS,0.00,1.00,1.0,23,0,24,12,6,2026
131155,2026-06-13 00:00:00.000,D17,LA MAISON A L'ENVERS,0.00,1.00,1.0,0,0,24,13,6,2026
131174,2026-06-13 01:00:00.000,D17,LA MAISON A L'ENVERS,0.00,1.00,1.0,1,0,24,13,6,2026
131193,2026-06-13 02:00:00.000,D17,LA MAISON A L'ENVERS,0.00,1.00,1.0,2,0,24,13,6,2026
131212,2026-06-13 03:00:00.000,D17,LA MAISON A L'ENVERS,0.00,1.00,1.0,3,0,24,13,6,2026
131232,2026-06-13 04:00:00.000,D17,LA MAISON A L'ENVERS,0.00,1.00,1.0,4,0,24,13,6,2026
131252,2026-06-13 05:00:00.000,D17,LA MAISON A L'ENVERS,0.00,1.00,1.0,5,0,24,13,6,2026
131773,2026-06-13 06:00:00.000,D17,LA MAISON A L'ENVERS,0.00,1.00,1.0,6,0,24,13,6,2026
131793,2026-06-13 07:00:00.000,D17,LA MAISON A L'ENVERS,0.00,0.00,0.0,7,0,24,13,6,2026
131814,2026-06-13 08:00:00.000,D17,LA MAISON A L'ENVERS,0.00,0.00,0.0,8,0,24,13,6,2026
131835,2026-06-13 09:00:00.000,D17,LA MAISON A L'ENVERS,0.00,0.00,0.0,9,0,24,13,6,2026
131857,2026-06-13 10:00:00.000,D17,LA MAISON A L'ENVERS,0.00,0.25,0.25,10,0,24,13,6,2026
131879,2026-06-13 11:00:00.000,D17,LA MAISON A L'ENVERS,0.00,1.00,1.0,11,0,24,13,6,2026
131901,2026-06-13 12:00:00.000,D17,LA MAISON A L'ENVERS,0.00,1.00,1.0,12,0,24,13,6,2026
131923,2026-06-13 13:00:00.000,D17,LA MAISON A L'ENVERS,0.00,1.00,1.0,13,0,24,13,6,2026
131945,2026-06-13 14:00:00.000,D17,LA MAISON A L'ENVERS,0.00,1.00,1.0,14,0,24,13,6,2026
131967,2026-06-13 15:00:00.000,D17,LA MAISON A L'ENVERS,0.00,1.00,1.0,15,0,24,13,6,2026
131989,2026-06-13 16:00:00.000,D17,LA MAISON A L'ENVERS,0.00,1.00,1.0,16,0,24,13,6,2026
132011,2026-06-13 17:00:00.000,D17,LA MAISON A L'ENVERS,0.00,1.00,1.0,17,0,24,13,6,2026
132033,2026-06-13 18:00:00.000,D17,LA MAISON A L'ENVERS,0.00,1.00,1.0,18,0,24,13,6,2026
132055,2026-06-13 19:00:00.000,D17,LA MAISON A L'ENVERS,0.00,1.00,1.0,19,0,24,13,6,2026
132077,2026-06-13 20:00:00.000,D17,LA MAISON A L'ENVERS,0.00,1.00,1.0,20,0,24,13,6,2026
132099,2026-06-13 21:00:00.000,D17,LA MAISON A L'ENVERS,0.00,1.00,1.0,21,0,24,13,6,2026
132121,2026-06-13 22:00:00.000,D17,LA MAISON A L'ENVERS,0.00,0.05,0.05,22,0,24,13,6,2026
132143,2026-06-13 23:00:00.000,D17,LA MAISON A L'ENVERS,0.00,0.00,0.0,23,0,24,13,6,2026
132165,2026-06-14 00:00:00.000,D17,LA MAISON A L'ENVERS,0.00,0.00,0.0,0,0,25,14,6,2026
132187,2026-06-14 01:00:00.000,D17,LA MAISON A L'ENVERS,0.00,0.00,0.0,1,0,25,14,6,2026
132209,2026-06-14 02:00:00.000,D17,LA MAISON A L'ENVERS,0.00,0.00,0.0,2,0,25,14,6,2026
132231,2026-06-14 03:00:00.000,D17,LA MAISON A L'ENVERS,0.00,0.00,0.0,3,0,25,14,6,2026
132253,2026-06-14 04:00:00.000,D17,LA MAISON A L'ENVERS,0.00,0.00,0.0,4,0,25,14,6,2026
132776,2026-06-14 05:00:00.000,D17,LA MAISON A L'ENVERS,0.00,0.00,0.0,5,0,25,14,6,2026
132798,2026-06-14 06:00:00.000,D17,LA MAISON A L'ENVERS,0.00,0.00,0.0,6,0,25,14,6,2026
132820,2026-06-14 07:00:00.000,D17,LA MAISON A L'ENVERS,0.00,0.00,0.0,7,0,25,14,6,2026
132842,2026-06-14 08:00:00.000,D17,LA MAISON A L'ENVERS,0.00,0.00,0.0,8,0,25,14,6,2026
132864,2026-06-14 09:00:00.000,D17,LA MAISON A L'ENVERS,0.00,0.00,0.0,9,0,25,14,6,2026
132886,2026-06-14 10:00:00.000,D17,LA MAISON A L'ENVERS,0.00,0.00,0.0,10,0,25,14,6,2026
132908,2026-06-14 11:00:00.000,D17,LA MAISON A L'ENVERS,0.00,1.00,1.0,11,0,25,14,6,2026
132930,2026-06-14 12:00:00.000,D17,LA MAISON A L'ENVERS,0.00,1.00,1.0,12,0,25,14,6,2026
132952,2026-06-14 13:00:00.000,D17,LA MAISON A L'ENVERS,0.00,1.00,1.0,13,0,25,14,6,2026
132974,2026-06-14 14:00:00.000,D17,LA MAISON A L'ENVERS,0.00,1.00,1.0,14,0,25,14,6,2026
132996,2026-06-14 15:00:00.000,D17,LA MAISON A L'ENVERS,0.00,1.00,1.0,15,0,25,14,6,2026
133018,2026-06-14 16:00:00.000,D17,LA MAISON A L'ENVERS,0.00,1.00,1.0,16,0,25,14,6,2026
133040,2026-06-14 17:00:00.000,D17,LA MAISON A L'ENVERS,0.00,1.00,1.0,17,0,25,14,6,2026
133062,2026-06-14 18:00:00.000,D17,LA MAISON A L'ENVERS,0.00,1.00,1.0,18,0,25,14,6,2026
133084,2026-06-14 19:00:00.000,D17,LA MAISON A L'ENVERS,0.00,0.50,0.5,19,0,25,14,6,2026
133106,2026-06-14 20:00:00.000,D17,LA MAISON A L'ENVERS,0.00,0.00,0.0,20,0,25,14,6,2026
133128,2026-06-14 21:00:00.000,D17,LA MAISON A L'ENVERS,0.00,0.00,0.0,21,0,25,14,6,2026
133150,2026-06-14 22:00:00.000,D17,LA MAISON A L'ENVERS,0.00,0.00,0.0,22,0,25,14,6,2026
133172,2026-06-14 23:00:00.000,D17,LA MAISON A L'ENVERS,0.00,0.00,0.0,23,0,25,14,6,2026
133194,2026-06-15 00:00:00.000,D17,LA MAISON A L'ENVERS,0.00,0.00,0.0,0,0,25,15,6,2026
133216,2026-06-15 01:00:00.000,D17,LA MAISON A L'ENVERS,0.00,0.00,0.0,1,0,25,15,6,2026
133238,2026-06-15 02:00:00.000,D17,LA MAISON A L'ENVERS,0.00,0.00,0.0,2,0,25,15,6,2026
133260,2026-06-15 03:00:00.000,D17,LA MAISON A L'ENVERS,0.00,0.00,0.0,3,0,25,15,6,2026
133783,2026-06-15 04:00:00.000,D17,LA MAISON A L'ENVERS,0.00,0.00,0.0,4,0,25,15,6,2026
133805,2026-06-15 05:00:00.000,D17,LA MAISON A L'ENVERS,0.00,0.00,0.0,5,0,25,15,6,2026
133827,2026-06-15 06:00:00.000,D17,LA MAISON A L'ENVERS,0.00,0.00,0.0,6,0,25,15,6,2026
133849,2026-06-15 07:00:00.000,D17,LA MAISON A L'ENVERS,0.00,0.00,0.0,7,0,25,15,6,2026
133869,2026-06-15 08:00:00.000,D17,LA MAISON A L'ENVERS,0.00,0.00,0.0,8,0,25,15,6,2026
133889,2026-06-15 09:00:00.000,D17,LA MAISON A L'ENVERS,0.00,0.00,0.0,9,0,25,15,6,2026
133909,2026-06-15 10:00:00.000,D17,LA MAISON A L'ENVERS,0.00,0.00,0.0,10,0,25,15,6,2026
133929,2026-06-15 11:00:00.000,D17,LA MAISON A L'ENVERS,0.00,0.00,0.0,11,0,25,15,6,2026
133949,2026-06-15 12:00:00.000,D17,LA MAISON A L'ENVERS,0.00,0.00,0.0,12,0,25,15,6,2026
133969,2026-06-15 13:00:00.000,D17,LA MAISON A L'ENVERS,0.00,0.00,0.0,13,0,25,15,6,2026
133989,2026-06-15 14:00:00.000,D17,LA MAISON A L'ENVERS,0.00,0.00,0.0,14,0,25,15,6,2026
134009,2026-06-15 15:00:00.000,D17,LA MAISON A L'ENVERS,0.00,0.50,0.5,15,0,25,15,6,2026
134029,2026-06-15 16:00:00.000,D17,LA MAISON A L'ENVERS,0.00,1.00,1.0,16,0,25,15,6,2026
134049,2026-06-15 17:00:00.000,D17,LA MAISON A L'ENVERS,0.00,1.00,1.0,17,0,25,15,6,2026
134069,2026-06-15 18:00:00.000,D17,LA MAISON A L'ENVERS,0.00,1.00,1.0,18,0,25,15,6,2026
134089,2026-06-15 19:00:00.000,D17,LA MAISON A L'ENVERS,0.00,1.00,1.0,19,0,25,15,6,2026
134109,2026-06-15 20:00:00.000,D17,LA MAISON A L'ENVERS,0.00,1.00,1.0,20,0,25,15,6,2026
134129,2026-06-15 21:00:00.000,D17,LA MAISON A L'ENVERS,0.00,1.00,1.0,21,0,25,15,6,2026
134149,2026-06-15 22:00:00.000,D17,LA MAISON A L'ENVERS,0.00,1.00,1.0,22,0,25,15,6,2026
134169,2026-06-15 23:00:00.000,D17,LA MAISON A L'ENVERS,0.00,1.00,1.0,23,0,25,15,6,2026
134189,2026-06-16 00:00:00.000,D17,LA MAISON A L'ENVERS,0.00,1.00,1.0,0,0,25,16,6,2026
134209,2026-06-16 01:00:00.000,D17,LA MAISON A L'ENVERS,0.00,1.00,1.0,1,0,25,16,6,2026
134229,2026-06-16 02:00:00.000,D17,LA MAISON A L'ENVERS,0.00,1.00,1.0,2,0,25,16,6,2026
134249,2026-06-16 03:00:00.000,D17,LA MAISON A L'ENVERS,0.00,1.00,1.0,3,0,25,16,6,2026
134770,2026-06-16 04:00:00.000,D17,LA MAISON A L'ENVERS,0.00,1.00,1.0,4,0,25,16,6,2026
134790,2026-06-16 05:00:00.000,D17,LA MAISON A L'ENVERS,0.00,1.00,1.0,5,0,25,16,6,2026
134810,2026-06-16 06:00:00.000,D17,LA MAISON A L'ENVERS,0.00,1.00,1.0,6,0,25,16,6,2026
134830,2026-06-16 07:00:00.000,D17,LA MAISON A L'ENVERS,0.00,0.00,0.0,7,0,25,16,6,2026
134850,2026-06-16 08:00:00.000,D17,LA MAISON A L'ENVERS,0.00,0.00,0.0,8,0,25,16,6,2026
134870,2026-06-16 09:00:00.000,D17,LA MAISON A L'ENVERS,0.00,0.00,0.0,9,0,25,16,6,2026
134890,2026-06-16 10:00:00.000,D17,LA MAISON A L'ENVERS,0.00,0.00,0.0,10,0,25,16,6,2026
134910,2026-06-16 11:00:00.000,D17,LA MAISON A L'ENVERS,0.00,0.00,0.0,11,0,25,16,6,2026
134930,2026-06-16 12:00:00.000,D17,LA MAISON A L'ENVERS,0.00,0.00,0.0,12,0,25,16,6,2026
134950,2026-06-16 13:00:00.000,D17,LA MAISON A L'ENVERS,0.00,0.00,0.0,13,0,25,16,6,2026
134970,2026-06-16 14:00:00.000,D17,LA MAISON A L'ENVERS,0.00,0.95,0.95,14,0,25,16,6,2026
134990,2026-06-16 15:00:00.000,D17,LA MAISON A L'ENVERS,0.00,1.00,1.0,15,0,25,16,6,2026
135010,2026-06-16 16:00:00.000,D17,LA MAISON A L'ENVERS,0.00,1.00,1.0,16,0,25,16,6,2026
135030,2026-06-16 17:00:00.000,D17,LA MAISON A L'ENVERS,0.00,1.00,1.0,17,0,25,16,6,2026
135050,2026-06-16 18:00:00.000,D17,LA MAISON A L'ENVERS,0.00,1.00,1.0,18,0,25,16,6,2026
135070,2026-06-16 19:00:00.000,D17,LA MAISON A L'ENVERS,0.00,1.00,1.0,19,0,25,16,6,2026
135090,2026-06-16 20:00:00.000,D17,LA MAISON A L'ENVERS,0.00,1.00,1.0,20,0,25,16,6,2026
135110,2026-06-16 21:00:00.000,D17,LA MAISON A L'ENVERS,0.00,1.00,1.0,21,0,25,16,6,2026
135130,2026-06-16 22:00:00.000,D17,LA MAISON A L'ENVERS,0.00,1.00,1.0,22,0,25,16,6,2026
135150,2026-06-16 23:00:00.000,D17,LA MAISON A L'ENVERS,0.00,1.00,1.0,23,0,25,16,6,2026
135170,2026-06-17 00:00:00.000,D17,LA MAISON A L'ENVERS,0.00,1.00,1.0,0,0,25,17,6,2026
135190,2026-06-17 01:00:00.000,D17,LA MAISON A L'ENVERS,0.00,1.00,1.0,1,0,25,17,6,2026
135210,2026-06-17 02:00:00.000,D17,LA MAISON A L'ENVERS,0.00,1.00,1.0,2,0,25,17,6,2026
135230,2026-06-17 03:00:00.000,D17,LA MAISON A L'ENVERS,0.00,1.00,1.0,3,0,25,17,6,2026
135250,2026-06-17 04:00:00.000,D17,LA MAISON A L'ENVERS,0.00,1.00,1.0,4,0,25,17,6,2026
135771,2026-06-17 05:00:00.000,D17,LA MAISON A L'ENVERS,0.00,1.00,1.0,5,0,25,17,6,2026
135791,2026-06-17 06:00:00.000,D17,LA MAISON A L'ENVERS,0.00,1.00,1.0,6,0,25,17,6,2026
135811,2026-06-17 07:00:00.000,D17,LA MAISON A L'ENVERS,0.00,0.00,0.0,7,0,25,17,6,2026
135831,2026-06-17 08:00:00.000,D17,LA MAISON A L'ENVERS,0.00,0.00,0.0,8,0,25,17,6,2026
135851,2026-06-17 09:00:00.000,D17,LA MAISON A L'ENVERS,0.00,0.00,0.0,9,0,25,17,6,2026
135871,2026-06-17 10:00:00.000,D17,LA MAISON A L'ENVERS,0.00,0.00,0.0,10,0,25,17,6,2026
135891,2026-06-17 11:00:00.000,D17,LA MAISON A L'ENVERS,0.00,0.00,0.0,11,0,25,17,6,2026
135911,2026-06-17 12:00:00.000,D17,LA MAISON A L'ENVERS,0.00,0.00,0.0,12,0,25,17,6,2026
135931,2026-06-17 13:00:00.000,D17,LA MAISON A L'ENVERS,0.00,0.00,0.0,13,0,25,17,6,2026
135951,2026-06-17 14:00:00.000,D17,LA MAISON A L'ENVERS,0.00,0.00,0.0,14,0,25,17,6,2026
135971,2026-06-17 15:00:00.000,D17,LA MAISON A L'ENVERS,0.00,0.00,0.0,15,0,25,17,6,2026
135991,2026-06-17 16:00:00.000,D17,LA MAISON A L'ENVERS,0.00,0.00,0.0,16,0,25,17,6,2026
136011,2026-06-17 17:00:00.000,D17,LA MAISON A L'ENVERS,0.00,0.00,0.0,17,0,25,17,6,2026
136031,2026-06-17 18:00:00.000,D17,LA MAISON A L'ENVERS,0.00,0.00,0.0,18,0,25,17,6,2026
136051,2026-06-17 19:00:00.000,D17,LA MAISON A L'ENVERS,0.00,0.00,0.0,19,0,25,17,6,2026
136071,2026-06-17 20:00:00.000,D17,LA MAISON A L'ENVERS,0.00,0.00,0.0,20,0,25,17,6,2026
136091,2026-06-17 21:00:00.000,D17,LA MAISON A L'ENVERS,0.00,0.00,0.0,21,0,25,17,6,2026
136111,2026-06-17 22:00:00.000,D17,LA MAISON A L'ENVERS,0.00,0.00,0.0,22,0,25,17,6,2026
136131,2026-06-17 23:00:00.000,D17,LA MAISON A L'ENVERS,0.00,0.00,0.0,23,0,25,17,6,2026
136151,2026-06-18 00:00:00.000,D17,LA MAISON A L'ENVERS,0.00,0.00,0.0,0,0,25,18,6,2026
136171,2026-06-18 01:00:00.000,D17,LA MAISON A L'ENVERS,0.00,0.00,0.0,1,0,25,18,6,2026
136191,2026-06-18 02:00:00.000,D17,LA MAISON A L'ENVERS,0.00,0.00,0.0,2,0,25,18,6,2026
136211,2026-06-18 03:00:00.000,D17,LA MAISON A L'ENVERS,0.00,0.00,0.0,3,0,25,18,6,2026
136231,2026-06-18 04:00:00.000,D17,LA MAISON A L'ENVERS,0.00,0.00,0.0,4,0,25,18,6,2026
136251,2026-06-18 05:00:00.000,D17,LA MAISON A L'ENVERS,0.00,0.00,0.0,5,0,25,18,6,2026
136271,2026-06-18 06:00:00.000,D17,LA MAISON A L'ENVERS,0.00,0.00,0.0,6,0,25,18,6,2026
136792,2026-06-18 07:00:00.000,D17,LA MAISON A L'ENVERS,0.00,0.00,0.0,7,0,25,18,6,2026
136811,2026-06-18 08:00:00.000,D17,LA MAISON A L'ENVERS,0.00,0.00,0.0,8,0,25,18,6,2026
136830,2026-06-18 09:00:00.000,D17,LA MAISON A L'ENVERS,0.00,0.00,0.0,9,0,25,18,6,2026
136849,2026-06-18 10:00:00.000,D17,LA MAISON A L'ENVERS,0.00,0.00,0.0,10,0,25,18,6,2026
136868,2026-06-18 11:00:00.000,D17,LA MAISON A L'ENVERS,0.00,0.00,0.0,11,0,25,18,6,2026
136887,2026-06-18 12:00:00.000,D17,LA MAISON A L'ENVERS,0.00,0.00,0.0,12,0,25,18,6,2026
136906,2026-06-18 13:00:00.000,D17,LA MAISON A L'ENVERS,0.00,0.00,0.0,13,0,25,18,6,2026
136925,2026-06-18 14:00:00.000,D17,LA MAISON A L'ENVERS,0.00,0.90,0.9,14,0,25,18,6,2026
136944,2026-06-18 15:00:00.000,D17,LA MAISON A L'ENVERS,0.00,1.00,1.0,15,0,25,18,6,2026
136963,2026-06-18 16:00:00.000,D17,LA MAISON A L'ENVERS,0.00,1.00,1.0,16,0,25,18,6,2026
136982,2026-06-18 17:00:00.000,D17,LA MAISON A L'ENVERS,0.00,1.00,1.0,17,0,25,18,6,2026
137001,2026-06-18 18:00:00.000,D17,LA MAISON A L'ENVERS,0.00,1.00,1.0,18,0,25,18,6,2026
137020,2026-06-18 19:00:00.000,D17,LA MAISON A L'ENVERS,0.00,1.00,1.0,19,0,25,18,6,2026
137039,2026-06-18 20:00:00.000,D17,LA MAISON A L'ENVERS,0.00,0.35,0.35,20,0,25,18,6,2026
137058,2026-06-18 21:00:00.000,D17,LA MAISON A L'ENVERS,0.00,0.00,0.0,21,0,25,18,6,2026
137077,2026-06-18 22:00:00.000,D17,LA MAISON A L'ENVERS,0.00,0.00,0.0,22,0,25,18,6,2026
137096,2026-06-18 23:00:00.000,D17,LA MAISON A L'ENVERS,0.00,0.00,0.0,23,0,25,18,6,2026
137115,2026-06-19 00:00:00.000,D17,LA MAISON A L'ENVERS,0.00,0.00,0.0,0,0,25,19,6,2026
137134,2026-06-19 01:00:00.000,D17,LA MAISON A L'ENVERS,0.00,0.00,0.0,1,0,25,19,6,2026
137153,2026-06-19 02:00:00.000,D17,LA MAISON A L'ENVERS,0.00,0.00,0.0,2,0,25,19,6,2026
137172,2026-06-19 03:00:00.000,D17,LA MAISON A L'ENVERS,0.00,0.00,0.0,3,0,25,19,6,2026
137191,2026-06-19 04:00:00.000,D17,LA MAISON A L'ENVERS,0.00,0.00,0.0,4,0,25,19,6,2026
137210,2026-06-19 05:00:00.000,D17,LA MAISON A L'ENVERS,0.00,0.00,0.0,5,0,25,19,6,2026
137229,2026-06-19 06:00:00.000,D17,LA MAISON A L'ENVERS,0.00,0.00,0.0,6,0,25,19,6,2026
137248,2026-06-19 07:00:00.000,D17,LA MAISON A L'ENVERS,0.00,0.00,0.0,7,0,25,19,6,2026
137267,2026-06-19 08:00:00.000,D17,LA MAISON A L'ENVERS,0.00,0.00,0.0,8,0,25,19,6,2026
137787,2026-06-19 09:00:00.000,D17,LA MAISON A L'ENVERS,0.00,0.00,0.0,9,0,25,19,6,2026
137806,2026-06-19 10:00:00.000,D17,LA MAISON A L'ENVERS,0.00,0.00,0.0,10,0,25,19,6,2026
137825,2026-06-19 11:00:00.000,D17,LA MAISON A L'ENVERS,0.00,0.00,0.0,11,0,25,19,6,2026
137844,2026-06-19 12:00:00.000,D17,LA MAISON A L'ENVERS,0.00,0.00,0.0,12,0,25,19,6,2026
137863,2026-06-19 13:00:00.000,D17,LA MAISON A L'ENVERS,0.00,0.00,0.0,13,0,25,19,6,2026
137882,2026-06-19 14:00:00.000,D17,LA MAISON A L'ENVERS,0.00,0.00,0.0,14,0,25,19,6,2026
137901,2026-06-19 15:00:00.000,D17,LA MAISON A L'ENVERS,0.00,0.00,0.0,15,0,25,19,6,2026
137920,2026-06-19 16:00:00.000,D17,LA MAISON A L'ENVERS,0.00,0.00,0.0,16,0,25,19,6,2026
137939,2026-06-19 17:00:00.000,D17,LA MAISON A L'ENVERS,0.00,0.00,0.0,17,0,25,19,6,2026
137958,2026-06-19 18:00:00.000,D17,LA MAISON A L'ENVERS,0.00,0.00,0.0,18,0,25,19,6,2026
137977,2026-06-19 19:00:00.000,D17,LA MAISON A L'ENVERS,0.00,0.00,0.0,19,0,25,19,6,2026
137996,2026-06-19 20:00:00.000,D17,LA MAISON A L'ENVERS,0.00,0.00,0.0,20,0,25,19,6,2026
138015,2026-06-19 21:00:00.000,D17,LA MAISON A L'ENVERS,0.00,0.00,0.0,21,0,25,19,6,2026
138034,2026-06-19 22:00:00.000,D17,LA MAISON A L'ENVERS,0.00,0.00,0.0,22,0,25,19,6,2026
138053,2026-06-19 23:00:00.000,D17,LA MAISON A L'ENVERS,0.00,0.00,0.0,23,0,25,19,6,2026
138072,2026-06-20 00:00:00.000,D17,LA MAISON A L'ENVERS,0.00,0.00,0.0,0,0,25,20,6,2026
138091,2026-06-20 01:00:00.000,D17,LA MAISON A L'ENVERS,0.00,0.00,0.0,1,0,25,20,6,2026
138110,2026-06-20 02:00:00.000,D17,LA MAISON A L'ENVERS,0.00,0.00,0.0,2,0,25,20,6,2026
138129,2026-06-20 03:00:00.000,D17,LA MAISON A L'ENVERS,0.00,0.00,0.0,3,0,25,20,6,2026
138148,2026-06-20 04:00:00.000,D17,LA MAISON A L'ENVERS,0.00,0.00,0.0,4,0,25,20,6,2026
138167,2026-06-20 05:00:00.000,D17,LA MAISON A L'ENVERS,0.00,0.00,0.0,5,0,25,20,6,2026
138186,2026-06-20 06:00:00.000,D17,LA MAISON A L'ENVERS,0.00,0.00,0.0,6,0,25,20,6,2026
140191,2026-06-22 07:00:00.000,D17,LA MAISON A L'ENVERS,0.00,0.00,0.0,7,0,26,22,6,2026
140210,2026-06-22 08:00:00.000,D17,LA MAISON A L'ENVERS,0.00,0.00,0.0,8,0,26,22,6,2026
140229,2026-06-22 09:00:00.000,D17,LA MAISON A L'ENVERS,0.00,0.00,0.0,9,0,26,22,6,2026
140248,2026-06-22 10:00:00.000,D17,LA MAISON A L'ENVERS,0.00,0.00,0.0,10,0,26,22,6,2026
140267,2026-06-22 11:00:00.000,D17,LA MAISON A L'ENVERS,0.00,0.00,0.0,11,0,26,22,6,2026
140787,2026-06-22 12:00:00.000,D17,LA MAISON A L'ENVERS,0.00,0.00,0.0,12,0,26,22,6,2026
140806,2026-06-22 13:00:00.000,D17,LA MAISON A L'ENVERS,0.00,0.00,0.0,13,0,26,22,6,2026
140825,2026-06-22 14:00:00.000,D17,LA MAISON A L'ENVERS,0.00,0.00,0.0,14,0,26,22,6,2026
140844,2026-06-22 15:00:00.000,D17,LA MAISON A L'ENVERS,0.00,0.00,0.0,15,0,26,22,6,2026
140863,2026-06-22 16:00:00.000,D17,LA MAISON A L'ENVERS,0.00,0.00,0.0,16,0,26,22,6,2026
140882,2026-06-22 17:00:00.000,D17,LA MAISON A L'ENVERS,0.05,0.00,0.0,17,0,26,22,6,2026
140901,2026-06-22 18:00:00.000,D17,LA MAISON A L'ENVERS,1.00,0.00,0.0,18,0,26,22,6,2026
140920,2026-06-22 19:00:00.000,D17,LA MAISON A L'ENVERS,1.00,0.00,0.0,19,0,26,22,6,2026
140939,2026-06-22 20:00:00.000,D17,LA MAISON A L'ENVERS,1.00,0.00,0.0,20,0,26,22,6,2026
140958,2026-06-22 21:00:00.000,D17,LA MAISON A L'ENVERS,1.00,0.00,0.0,21,0,26,22,6,2026
140977,2026-06-22 22:00:00.000,D17,LA MAISON A L'ENVERS,1.00,0.00,0.0,22,0,26,22,6,2026
140996,2026-06-22 23:00:00.000,D17,LA MAISON A L'ENVERS,1.00,0.00,0.0,23,0,26,22,6,2026
141015,2026-06-23 00:00:00.000,D17,LA MAISON A L'ENVERS,1.00,0.00,0.0,0,0,26,23,6,2026
141034,2026-06-23 01:00:00.000,D17,LA MAISON A L'ENVERS,1.00,0.00,0.0,1,0,26,23,6,2026
141053,2026-06-23 02:00:00.000,D17,LA MAISON A L'ENVERS,1.00,0.00,0.0,2,0,26,23,6,2026
141072,2026-06-23 03:00:00.000,D17,LA MAISON A L'ENVERS,1.00,0.00,0.0,3,0,26,23,6,2026
141091,2026-06-23 04:00:00.000,D17,LA MAISON A L'ENVERS,1.00,0.00,0.0,4,0,26,23,6,2026
141110,2026-06-23 05:00:00.000,D17,LA MAISON A L'ENVERS,1.00,0.00,0.0,5,0,26,23,6,2026
141129,2026-06-23 06:00:00.000,D17,LA MAISON A L'ENVERS,1.00,0.00,0.0,6,0,26,23,6,2026
144904,2026-06-27 07:00:00.000,D17,LA MAISON A L'ENVERS,0.00,0.00,0.0,7,0,26,27,6,2026
144925,2026-06-27 08:00:00.000,D17,LA MAISON A L'ENVERS,0.00,0.00,0.0,8,0,26,27,6,2026
144946,2026-06-27 09:00:00.000,D17,LA MAISON A L'ENVERS,0.00,0.00,0.0,9,0,26,27,6,2026
144967,2026-06-27 10:00:00.000,D17,LA MAISON A L'ENVERS,0.00,0.00,0.0,10,0,26,27,6,2026
144988,2026-06-27 11:00:00.000,D17,LA MAISON A L'ENVERS,0.00,0.00,0.0,11,0,26,27,6,2026
145009,2026-06-27 12:00:00.000,D17,LA MAISON A L'ENVERS,0.00,0.00,0.0,12,0,26,27,6,2026
145030,2026-06-27 13:00:00.000,D17,LA MAISON A L'ENVERS,0.00,0.00,0.0,13,0,26,27,6,2026
145051,2026-06-27 14:00:00.000,D17,LA MAISON A L'ENVERS,0.00,0.00,0.0,14,0,26,27,6,2026
145072,2026-06-27 15:00:00.000,D17,LA MAISON A L'ENVERS,0.00,0.00,0.0,15,0,26,27,6,2026
145093,2026-06-27 16:00:00.000,D17,LA MAISON A L'ENVERS,0.00,0.00,0.0,16,0,26,27,6,2026
145114,2026-06-27 17:00:00.000,D17,LA MAISON A L'ENVERS,0.00,0.00,0.0,17,0,26,27,6,2026
145135,2026-06-27 18:00:00.000,D17,LA MAISON A L'ENVERS,0.00,0.00,0.0,18,0,26,27,6,2026
145156,2026-06-27 19:00:00.000,D17,LA MAISON A L'ENVERS,0.00,0.00,0.0,19,0,26,27,6,2026
145177,2026-06-27 20:00:00.000,D17,LA MAISON A L'ENVERS,0.00,0.00,0.0,20,0,26,27,6,2026
145198,2026-06-27 21:00:00.000,D17,LA MAISON A L'ENVERS,0.00,0.00,0.0,21,0,26,27,6,2026
145219,2026-06-27 22:00:00.000,D17,LA MAISON A L'ENVERS,0.00,0.00,0.0,22,0,26,27,6,2026
145240,2026-06-27 23:00:00.000,D17,LA MAISON A L'ENVERS,0.00,0.00,0.0,23,0,26,27,6,2026
145261,2026-06-28 00:00:00.000,D17,LA MAISON A L'ENVERS,0.00,0.00,0.0,0,0,27,28,6,2026
145282,2026-06-28 01:00:00.000,D17,LA MAISON A L'ENVERS,0.00,0.00,0.0,1,0,27,28,6,2026
145804,2026-06-28 02:00:00.000,D17,LA MAISON A L'ENVERS,0.00,0.00,0.0,2,0,27,28,6,2026
145825,2026-06-28 03:00:00.000,D17,LA MAISON A L'ENVERS,0.00,0.00,0.0,3,0,27,28,6,2026
145846,2026-06-28 04:00:00.000,D17,LA MAISON A L'ENVERS,0.00,0.00,0.0,4,0,27,28,6,2026
145867,2026-06-28 05:00:00.000,D17,LA MAISON A L'ENVERS,0.00,0.00,0.0,5,0,27,28,6,2026
145888,2026-06-28 06:00:00.000,D17,LA MAISON A L'ENVERS,0.00,0.00,0.0,6,0,27,28,6,2026
145909,2026-06-28 07:00:00.000,D17,LA MAISON A L'ENVERS,0.00,0.00,0.0,7,0,27,28,6,2026
145930,2026-06-28 08:00:00.000,D17,LA MAISON A L'ENVERS,0.00,0.00,0.0,8,0,27,28,6,2026
145951,2026-06-28 09:00:00.000,D17,LA MAISON A L'ENVERS,0.00,0.00,0.0,9,0,27,28,6,2026
145972,2026-06-28 10:00:00.000,D17,LA MAISON A L'ENVERS,0.00,0.05,0.05,10,0,27,28,6,2026
145993,2026-06-28 11:00:00.000,D17,LA MAISON A L'ENVERS,0.00,1.00,1.0,11,0,27,28,6,2026
146014,2026-06-28 12:00:00.000,D17,LA MAISON A L'ENVERS,0.00,1.00,1.0,12,0,27,28,6,2026
146035,2026-06-28 13:00:00.000,D17,LA MAISON A L'ENVERS,0.00,1.00,1.0,13,0,27,28,6,2026
146056,2026-06-28 14:00:00.000,D17,LA MAISON A L'ENVERS,0.00,1.00,1.0,14,0,27,28,6,2026
146077,2026-06-28 15:00:00.000,D17,LA MAISON A L'ENVERS,0.00,1.00,1.0,15,0,27,28,6,2026
146098,2026-06-28 16:00:00.000,D17,LA MAISON A L'ENVERS,0.00,1.00,1.0,16,0,27,28,6,2026
146119,2026-06-28 17:00:00.000,D17,LA MAISON A L'ENVERS,0.00,1.00,1.0,17,0,27,28,6,2026
146140,2026-06-28 18:00:00.000,D17,LA MAISON A L'ENVERS,0.00,1.00,1.0,18,0,27,28,6,2026
146161,2026-06-28 19:00:00.000,D17,LA MAISON A L'ENVERS,0.00,1.00,1.0,19,0,27,28,6,2026
146182,2026-06-28 20:00:00.000,D17,LA MAISON A L'ENVERS,0.00,1.00,1.0,20,0,27,28,6,2026
146203,2026-06-28 21:00:00.000,D17,LA MAISON A L'ENVERS,0.00,1.00,1.0,21,0,27,28,6,2026
146224,2026-06-28 22:00:00.000,D17,LA MAISON A L'ENVERS,0.00,1.00,1.0,22,0,27,28,6,2026
146245,2026-06-28 23:00:00.000,D17,LA MAISON A L'ENVERS,0.00,1.00,1.0,23,0,27,28,6,2026
146266,2026-06-29 00:00:00.000,D17,LA MAISON A L'ENVERS,0.00,1.00,1.0,0,0,27,29,6,2026
146287,2026-06-29 01:00:00.000,D17,LA MAISON A L'ENVERS,0.00,1.00,1.0,1,0,27,29,6,2026
146809,2026-06-29 02:00:00.000,D17,LA MAISON A L'ENVERS,0.00,1.00,1.0,2,0,27,29,6,2026
146830,2026-06-29 03:00:00.000,D17,LA MAISON A L'ENVERS,0.00,1.00,1.0,3,0,27,29,6,2026
146851,2026-06-29 04:00:00.000,D17,LA MAISON A L'ENVERS,0.00,1.00,1.0,4,0,27,29,6,2026
146872,2026-06-29 05:00:00.000,D17,LA MAISON A L'ENVERS,0.00,1.00,1.0,5,0,27,29,6,2026
146893,2026-06-29 06:00:00.000,D17,LA MAISON A L'ENVERS,0.00,1.00,1.0,6,0,27,29,6,2026
146914,2026-06-29 07:00:00.000,D17,LA MAISON A L'ENVERS,0.00,0.00,0.0,7,0,27,29,6,2026
146935,2026-06-29 08:00:00.000,D17,LA MAISON A L'ENVERS,0.00,0.00,0.0,8,0,27,29,6,2026
146956,2026-06-29 09:00:00.000,D17,LA MAISON A L'ENVERS,0.00,0.00,0.0,9,0,27,29,6,2026
146977,2026-06-29 10:00:00.000,D17,LA MAISON A L'ENVERS,0.00,0.00,0.0,10,0,27,29,6,2026
146998,2026-06-29 11:00:00.000,D17,LA MAISON A L'ENVERS,0.00,0.00,0.0,11,0,27,29,6,2026
147019,2026-06-29 12:00:00.000,D17,LA MAISON A L'ENVERS,0.00,0.00,0.0,12,0,27,29,6,2026
147040,2026-06-29 13:00:00.000,D17,LA MAISON A L'ENVERS,0.00,0.00,0.0,13,0,27,29,6,2026
147061,2026-06-29 14:00:00.000,D17,LA MAISON A L'ENVERS,0.00,0.00,0.0,14,0,27,29,6,2026
147082,2026-06-29 15:00:00.000,D17,LA MAISON A L'ENVERS,0.00,0.00,0.0,15,0,27,29,6,2026
147103,2026-06-29 16:00:00.000,D17,LA MAISON A L'ENVERS,0.00,0.00,0.0,16,0,27,29,6,2026
147124,2026-06-29 17:00:00.000,D17,LA MAISON A L'ENVERS,0.00,0.00,0.0,17,0,27,29,6,2026
147145,2026-06-29 18:00:00.000,D17,LA MAISON A L'ENVERS,0.00,0.00,0.0,18,0,27,29,6,2026
147166,2026-06-29 19:00:00.000,D17,LA MAISON A L'ENVERS,0.00,0.00,0.0,19,0,27,29,6,2026
147187,2026-06-29 20:00:00.000,D17,LA MAISON A L'ENVERS,0.00,0.00,0.0,20,0,27,29,6,2026
147208,2026-06-29 21:00:00.000,D17,LA MAISON A L'ENVERS,0.00,0.00,0.0,21,0,27,29,6,2026
147229,2026-06-29 22:00:00.000,D17,LA MAISON A L'ENVERS,0.00,0.00,0.0,22,0,27,29,6,2026
147250,2026-06-29 23:00:00.000,D17,LA MAISON A L'ENVERS,0.00,0.00,0.0,23,0,27,29,6,2026
147271,2026-06-30 00:00:00.000,D17,LA MAISON A L'ENVERS,0.00,0.00,0.0,0,0,27,30,6,2026
147292,2026-06-30 01:00:00.000,D17,LA MAISON A L'ENVERS,0.00,0.00,0.0,1,0,27,30,6,2026
147814,2026-06-30 02:00:00.000,D17,LA MAISON A L'ENVERS,0.00,0.00,0.0,2,0,27,30,6,2026
147835,2026-06-30 03:00:00.000,D17,LA MAISON A L'ENVERS,0.00,0.00,0.0,3,0,27,30,6,2026
147856,2026-06-30 04:00:00.000,D17,LA MAISON A L'ENVERS,0.00,0.00,0.0,4,0,27,30,6,2026
147877,2026-06-30 05:00:00.000,D17,LA MAISON A L'ENVERS,0.00,0.00,0.0,5,0,27,30,6,2026
147898,2026-06-30 06:00:00.000,D17,LA MAISON A L'ENVERS,0.00,0.00,0.0,6,0,27,30,6,2026
147919,2026-06-30 07:00:00.000,D17,LA MAISON A L'ENVERS,0.00,0.00,0.0,7,0,27,30,6,2026
147940,2026-06-30 08:00:00.000,D17,LA MAISON A L'ENVERS,0.00,0.00,0.0,8,0,27,30,6,2026
147961,2026-06-30 09:00:00.000,D17,LA MAISON A L'ENVERS,0.00,0.00,0.0,9,0,27,30,6,2026
147982,2026-06-30 10:00:00.000,D17,LA MAISON A L'ENVERS,0.00,0.00,0.0,10,0,27,30,6,2026
148003,2026-06-30 11:00:00.000,D17,LA MAISON A L'ENVERS,0.00,0.00,0.0,11,0,27,30,6,2026
148024,2026-06-30 12:00:00.000,D17,LA MAISON A L'ENVERS,0.00,0.00,0.0,12,0,27,30,6,2026
148045,2026-06-30 13:00:00.000,D17,LA MAISON A L'ENVERS,0.00,0.00,0.0,13,0,27,30,6,2026
148066,2026-06-30 14:00:00.000,D17,LA MAISON A L'ENVERS,0.00,0.00,0.0,14,0,27,30,6,2026
148087,2026-06-30 15:00:00.000,D17,LA MAISON A L'ENVERS,0.00,0.00,0.0,15,0,27,30,6,2026
148108,2026-06-30 16:00:00.000,D17,LA MAISON A L'ENVERS,0.00,0.00,0.0,16,0,27,30,6,2026
148129,2026-06-30 17:00:00.000,D17,LA MAISON A L'ENVERS,0.00,0.00,0.0,17,0,27,30,6,2026
148150,2026-06-30 18:00:00.000,D17,LA MAISON A L'ENVERS,0.00,0.00,0.0,18,0,27,30,6,2026
148171,2026-06-30 19:00:00.000,D17,LA MAISON A L'ENVERS,0.00,0.00,0.0,19,0,27,30,6,2026
148192,2026-06-30 20:00:00.000,D17,LA MAISON A L'ENVERS,0.00,0.00,0.0,20,0,27,30,6,2026
148213,2026-06-30 21:00:00.000,D17,LA MAISON A L'ENVERS,0.00,0.00,0.0,21,0,27,30,6,2026
148234,2026-06-30 22:00:00.000,D17,LA MAISON A L'ENVERS,0.00,0.00,0.0,22,0,27,30,6,2026
148255,2026-06-30 23:00:00.000,D17,LA MAISON A L'ENVERS,0.00,0.00,0.0,23,0,27,30,6,2026
148276,2026-07-01 00:00:00.000,D17,LA MAISON A L'ENVERS,0.00,0.00,0.0,0,0,27,1,7,2026
148798,2026-07-01 01:00:00.000,D17,LA MAISON A L'ENVERS,0.00,0.00,0.0,1,0,27,1,7,2026
148819,2026-07-01 02:00:00.000,D17,LA MAISON A L'ENVERS,0.00,0.00,0.0,2,0,27,1,7,2026
148840,2026-07-01 03:00:00.000,D17,LA MAISON A L'ENVERS,0.00,0.00,0.0,3,0,27,1,7,2026
148861,2026-07-01 04:00:00.000,D17,LA MAISON A L'ENVERS,0.00,0.00,0.0,4,0,27,1,7,2026
148882,2026-07-01 05:00:00.000,D17,LA MAISON A L'ENVERS,0.00,0.00,0.0,5,0,27,1,7,2026
148903,2026-07-01 06:00:00.000,D17,LA MAISON A L'ENVERS,0.00,0.00,0.0,6,0,27,1,7,2026
148924,2026-07-01 07:00:00.000,D17,LA MAISON A L'ENVERS,0.00,0.00,0.0,7,0,27,1,7,2026
148945,2026-07-01 08:00:00.000,D17,LA MAISON A L'ENVERS,0.00,0.00,0.0,8,0,27,1,7,2026
148966,2026-07-01 09:00:00.000,D17,LA MAISON A L'ENVERS,0.00,0.00,0.0,9,0,27,1,7,2026
148987,2026-07-01 10:00:00.000,D17,LA MAISON A L'ENVERS,0.00,0.00,0.0,10,0,27,1,7,2026
149008,2026-07-01 11:00:00.000,D17,LA MAISON A L'ENVERS,0.00,0.00,0.0,11,0,27,1,7,2026
149029,2026-07-01 12:00:00.000,D17,LA MAISON A L'ENVERS,0.00,0.00,0.0,12,0,27,1,7,2026
149050,2026-07-01 13:00:00.000,D17,LA MAISON A L'ENVERS,0.00,0.00,0.0,13,0,27,1,7,2026
149071,2026-07-01 14:00:00.000,D17,LA MAISON A L'ENVERS,0.00,0.65,0.65,14,0,27,1,7,2026
149092,2026-07-01 15:00:00.000,D17,LA MAISON A L'ENVERS,0.00,1.00,1.0,15,0,27,1,7,2026
149113,2026-07-01 16:00:00.000,D17,LA MAISON A L'ENVERS,0.00,1.00,1.0,16,0,27,1,7,2026
149134,2026-07-01 17:00:00.000,D17,LA MAISON A L'ENVERS,0.00,1.00,1.0,17,0,27,1,7,2026
149155,2026-07-01 18:00:00.000,D17,LA MAISON A L'ENVERS,0.00,1.00,1.0,18,0,27,1,7,2026
149176,2026-07-01 19:00:00.000,D17,LA MAISON A L'ENVERS,0.00,1.00,1.0,19,0,27,1,7,2026
149197,2026-07-01 20:00:00.000,D17,LA MAISON A L'ENVERS,0.00,0.10,0.1,20,0,27,1,7,2026
149218,2026-07-01 21:00:00.000,D17,LA MAISON A L'ENVERS,0.00,0.00,0.0,21,0,27,1,7,2026
149239,2026-07-01 22:00:00.000,D17,LA MAISON A L'ENVERS,0.00,0.00,0.0,22,0,27,1,7,2026
149260,2026-07-01 23:00:00.000,D17,LA MAISON A L'ENVERS,0.00,0.00,0.0,23,0,27,1,7,2026
149281,2026-07-02 00:00:00.000,D17,LA MAISON A L'ENVERS,0.00,0.00,0.0,0,0,27,2,7,2026
149803,2026-07-02 01:00:00.000,D17,LA MAISON A L'ENVERS,0.00,0.00,0.0,1,0,27,2,7,2026
149824,2026-07-02 02:00:00.000,D17,LA MAISON A L'ENVERS,0.00,0.00,0.0,2,0,27,2,7,2026
149845,2026-07-02 03:00:00.000,D17,LA MAISON A L'ENVERS,0.00,0.00,0.0,3,0,27,2,7,2026
149866,2026-07-02 04:00:00.000,D17,LA MAISON A L'ENVERS,0.00,0.00,0.0,4,0,27,2,7,2026
149887,2026-07-02 05:00:00.000,D17,LA MAISON A L'ENVERS,0.00,0.00,0.0,5,0,27,2,7,2026
149908,2026-07-02 06:00:00.000,D17,LA MAISON A L'ENVERS,0.00,0.00,0.0,6,0,27,2,7,2026
149929,2026-07-02 07:00:00.000,D17,LA MAISON A L'ENVERS,0.00,0.00,0.0,7,0,27,2,7,2026
149951,2026-07-02 08:00:00.000,D17,LA MAISON A L'ENVERS,0.00,0.00,0.0,8,0,27,2,7,2026
149973,2026-07-02 09:00:00.000,D17,LA MAISON A L'ENVERS,0.00,0.00,0.0,9,0,27,2,7,2026
149996,2026-07-02 10:00:00.000,D17,LA MAISON A L'ENVERS,0.00,0.00,0.0,10,0,27,2,7,2026
150019,2026-07-02 11:00:00.000,D17,LA MAISON A L'ENVERS,0.00,0.00,0.0,11,0,27,2,7,2026
150042,2026-07-02 12:00:00.000,D17,LA MAISON A L'ENVERS,0.00,0.00,0.0,12,0,27,2,7,2026
150065,2026-07-02 13:00:00.000,D17,LA MAISON A L'ENVERS,0.00,0.00,0.0,13,0,27,2,7,2026
150088,2026-07-02 14:00:00.000,D17,LA MAISON A L'ENVERS,0.00,0.00,0.0,14,0,27,2,7,2026
150111,2026-07-02 15:00:00.000,D17,LA MAISON A L'ENVERS,0.00,0.00,0.0,15,0,27,2,7,2026
150134,2026-07-02 16:00:00.000,D17,LA MAISON A L'ENVERS,0.00,0.00,0.0,16,0,27,2,7,2026
150157,2026-07-02 17:00:00.000,D17,LA MAISON A L'ENVERS,0.00,0.00,0.0,17,0,27,2,7,2026
150180,2026-07-02 18:00:00.000,D17,LA MAISON A L'ENVERS,0.00,0.00,0.0,18,0,27,2,7,2026
150203,2026-07-02 19:00:00.000,D17,LA MAISON A L'ENVERS,0.00,0.00,0.0,19,0,27,2,7,2026
150226,2026-07-02 20:00:00.000,D17,LA MAISON A L'ENVERS,0.00,0.00,0.0,20,0,27,2,7,2026
150249,2026-07-02 21:00:00.000,D17,LA MAISON A L'ENVERS,0.00,0.00,0.0,21,0,27,2,7,2026
150272,2026-07-02 22:00:00.000,D17,LA MAISON A L'ENVERS,0.00,0.00,0.0,22,0,27,2,7,2026
150295,2026-07-02 23:00:00.000,D17,LA MAISON A L'ENVERS,0.00,0.00,0.0,23,0,27,2,7,2026
150819,2026-07-03 00:00:00.000,D17,LA MAISON A L'ENVERS,0.00,0.00,0.0,0,0,27,3,7,2026
150842,2026-07-03 01:00:00.000,D17,LA MAISON A L'ENVERS,0.00,0.00,0.0,1,0,27,3,7,2026
150865,2026-07-03 02:00:00.000,D17,LA MAISON A L'ENVERS,0.00,0.00,0.0,2,0,27,3,7,2026
150888,2026-07-03 03:00:00.000,D17,LA MAISON A L'ENVERS,0.00,0.00,0.0,3,0,27,3,7,2026
150911,2026-07-03 04:00:00.000,D17,LA MAISON A L'ENVERS,0.00,0.00,0.0,4,0,27,3,7,2026
150934,2026-07-03 05:00:00.000,D17,LA MAISON A L'ENVERS,0.00,0.00,0.0,5,0,27,3,7,2026
150957,2026-07-03 06:00:00.000,D17,LA MAISON A L'ENVERS,0.00,0.00,0.0,6,0,27,3,7,2026
150980,2026-07-03 07:00:00.000,D17,LA MAISON A L'ENVERS,0.00,0.00,0.0,7,0,27,3,7,2026
151003,2026-07-03 08:00:00.000,D17,LA MAISON A L'ENVERS,0.00,0.00,0.0,8,0,27,3,7,2026
151026,2026-07-03 09:00:00.000,D17,LA MAISON A L'ENVERS,0.00,0.00,0.0,9,0,27,3,7,2026
151049,2026-07-03 10:00:00.000,D17,LA MAISON A L'ENVERS,0.00,0.00,0.0,10,0,27,3,7,2026
151072,2026-07-03 11:00:00.000,D17,LA MAISON A L'ENVERS,0.00,0.00,0.0,11,0,27,3,7,2026
151095,2026-07-03 12:00:00.000,D17,LA MAISON A L'ENVERS,0.00,0.00,0.0,12,0,27,3,7,2026
151118,2026-07-03 13:00:00.000,D17,LA MAISON A L'ENVERS,0.00,0.00,0.0,13,0,27,3,7,2026
151141,2026-07-03 14:00:00.000,D17,LA MAISON A L'ENVERS,0.00,0.00,0.0,14,0,27,3,7,2026
151164,2026-07-03 15:00:00.000,D17,LA MAISON A L'ENVERS,0.00,0.00,0.0,15,0,27,3,7,2026
151187,2026-07-03 16:00:00.000,D17,LA MAISON A L'ENVERS,0.00,0.00,0.0,16,0,27,3,7,2026
151210,2026-07-03 17:00:00.000,D17,LA MAISON A L'ENVERS,0.00,0.45,0.45,17,0,27,3,7,2026
151233,2026-07-03 18:00:00.000,D17,LA MAISON A L'ENVERS,0.00,1.00,1.0,18,0,27,3,7,2026
151256,2026-07-03 19:00:00.000,D17,LA MAISON A L'ENVERS,0.00,1.00,1.0,19,0,27,3,7,2026
151279,2026-07-03 20:00:00.000,D17,LA MAISON A L'ENVERS,0.00,0.05,0.05,20,0,27,3,7,2026
151803,2026-07-03 21:00:00.000,D17,LA MAISON A L'ENVERS,0.00,0.00,0.0,21,0,27,3,7,2026
151826,2026-07-03 22:00:00.000,D17,LA MAISON A L'ENVERS,0.00,0.00,0.0,22,0,27,3,7,2026
151849,2026-07-03 23:00:00.000,D17,LA MAISON A L'ENVERS,0.00,0.00,0.0,23,0,27,3,7,2026
151872,2026-07-04 00:00:00.000,D17,LA MAISON A L'ENVERS,0.00,0.00,0.0,0,0,27,4,7,2026
151895,2026-07-04 01:00:00.000,D17,LA MAISON A L'ENVERS,0.00,0.00,0.0,1,0,27,4,7,2026
151918,2026-07-04 02:00:00.000,D17,LA MAISON A L'ENVERS,0.00,0.00,0.0,2,0,27,4,7,2026
151941,2026-07-04 03:00:00.000,D17,LA MAISON A L'ENVERS,0.00,0.00,0.0,3,0,27,4,7,2026
151964,2026-07-04 04:00:00.000,D17,LA MAISON A L'ENVERS,0.00,0.00,0.0,4,0,27,4,7,2026
151987,2026-07-04 05:00:00.000,D17,LA MAISON A L'ENVERS,0.00,0.00,0.0,5,0,27,4,7,2026
152010,2026-07-04 06:00:00.000,D17,LA MAISON A L'ENVERS,0.00,0.00,0.0,6,0,27,4,7,2026
152034,2026-07-04 07:00:00.000,D17,LA MAISON A L'ENVERS,0.00,0.00,0.0,7,0,27,4,7,2026
152058,2026-07-04 08:00:00.000,D17,LA MAISON A L'ENVERS,0.00,0.00,0.0,8,0,27,4,7,2026
152081,2026-07-04 09:00:00.000,D17,LA MAISON A L'ENVERS,0.00,0.00,0.0,9,0,27,4,7,2026
152104,2026-07-04 10:00:00.000,D17,LA MAISON A L'ENVERS,0.00,0.00,0.0,10,0,27,4,7,2026
152127,2026-07-04 11:00:00.000,D17,LA MAISON A L'ENVERS,0.00,1.00,1.0,11,0,27,4,7,2026
152151,2026-07-04 12:00:00.000,D17,LA MAISON A L'ENVERS,0.00,1.00,1.0,12,0,27,4,7,2026
152175,2026-07-04 13:00:00.000,D17,LA MAISON A L'ENVERS,0.00,1.00,1.0,13,0,27,4,7,2026
152199,2026-07-04 14:00:00.000,D17,LA MAISON A L'ENVERS,0.00,1.00,1.0,14,0,27,4,7,2026
152223,2026-07-04 15:00:00.000,D17,LA MAISON A L'ENVERS,0.00,1.00,1.0,15,0,27,4,7,2026
152247,2026-07-04 16:00:00.000,D17,LA MAISON A L'ENVERS,0.00,1.00,1.0,16,0,27,4,7,2026
152271,2026-07-04 17:00:00.000,D17,LA MAISON A L'ENVERS,0.00,1.00,1.0,17,0,27,4,7,2026
152295,2026-07-04 18:00:00.000,D17,LA MAISON A L'ENVERS,0.00,1.00,1.0,18,0,27,4,7,2026
152820,2026-07-04 19:00:00.000,D17,LA MAISON A L'ENVERS,0.00,1.00,1.0,19,0,27,4,7,2026
152844,2026-07-04 20:00:00.000,D17,LA MAISON A L'ENVERS,0.00,1.00,1.0,20,0,27,4,7,2026
152868,2026-07-04 21:00:00.000,D17,LA MAISON A L'ENVERS,0.00,0.10,0.1,21,0,27,4,7,2026
152892,2026-07-04 22:00:00.000,D17,LA MAISON A L'ENVERS,0.00,0.00,0.0,22,0,27,4,7,2026
152916,2026-07-04 23:00:00.000,D17,LA MAISON A L'ENVERS,0.00,0.00,0.0,23,0,27,4,7,2026
152940,2026-07-05 00:00:00.000,D17,LA MAISON A L'ENVERS,0.00,0.00,0.0,0,0,28,5,7,2026
152964,2026-07-05 01:00:00.000,D17,LA MAISON A L'ENVERS,0.00,0.00,0.0,1,0,28,5,7,2026
152988,2026-07-05 02:00:00.000,D17,LA MAISON A L'ENVERS,0.00,0.00,0.0,2,0,28,5,7,2026
153012,2026-07-05 03:00:00.000,D17,LA MAISON A L'ENVERS,0.00,0.00,0.0,3,0,28,5,7,2026
153036,2026-07-05 04:00:00.000,D17,LA MAISON A L'ENVERS,0.00,0.00,0.0,4,0,28,5,7,2026
153060,2026-07-05 05:00:00.000,D17,LA MAISON A L'ENVERS,0.00,0.00,0.0,5,0,28,5,7,2026
153084,2026-07-05 06:00:00.000,D17,LA MAISON A L'ENVERS,0.00,0.00,0.0,6,0,28,5,7,2026
153108,2026-07-05 07:00:00.000,D17,LA MAISON A L'ENVERS,0.00,0.00,0.0,7,0,28,5,7,2026
153132,2026-07-05 08:00:00.000,D17,LA MAISON A L'ENVERS,0.00,0.00,0.0,8,0,28,5,7,2026
153156,2026-07-05 09:00:00.000,D17,LA MAISON A L'ENVERS,0.00,0.00,0.0,9,0,28,5,7,2026
153180,2026-07-05 10:00:00.000,D17,LA MAISON A L'ENVERS,0.00,0.00,0.0,10,0,28,5,7,2026
153204,2026-07-05 11:00:00.000,D17,LA MAISON A L'ENVERS,0.00,0.00,0.0,11,0,28,5,7,2026
153228,2026-07-05 12:00:00.000,D17,LA MAISON A L'ENVERS,0.00,0.90,0.9,12,0,28,5,7,2026
153252,2026-07-05 13:00:00.000,D17,LA MAISON A L'ENVERS,0.00,1.00,1.0,13,0,28,5,7,2026
153276,2026-07-05 14:00:00.000,D17,LA MAISON A L'ENVERS,0.00,1.00,1.0,14,0,28,5,7,2026
153300,2026-07-05 15:00:00.000,D17,LA MAISON A L'ENVERS,0.00,1.00,1.0,15,0,28,5,7,2026
153825,2026-07-05 16:00:00.000,D17,LA MAISON A L'ENVERS,0.00,1.00,1.0,16,0,28,5,7,2026
153849,2026-07-05 17:00:00.000,D17,LA MAISON A L'ENVERS,0.00,1.00,1.0,17,0,28,5,7,2026
153873,2026-07-05 18:00:00.000,D17,LA MAISON A L'ENVERS,0.00,1.00,1.0,18,0,28,5,7,2026
153897,2026-07-05 19:00:00.000,D17,LA MAISON A L'ENVERS,0.00,1.00,1.0,19,0,28,5,7,2026
153921,2026-07-05 20:00:00.000,D17,LA MAISON A L'ENVERS,0.00,1.00,1.0,20,0,28,5,7,2026
153945,2026-07-05 21:00:00.000,D17,LA MAISON A L'ENVERS,0.00,1.00,1.0,21,0,28,5,7,2026
153969,2026-07-05 22:00:00.000,D17,LA MAISON A L'ENVERS,0.00,1.00,1.0,22,0,28,5,7,2026
153993,2026-07-05 23:00:00.000,D17,LA MAISON A L'ENVERS,0.00,1.00,1.0,23,0,28,5,7,2026
154017,2026-07-06 00:00:00.000,D17,LA MAISON A L'ENVERS,0.00,1.00,1.0,0,0,28,6,7,2026
154041,2026-07-06 01:00:00.000,D17,LA MAISON A L'ENVERS,0.00,1.00,1.0,1,0,28,6,7,2026
154065,2026-07-06 02:00:00.000,D17,LA MAISON A L'ENVERS,0.00,1.00,1.0,2,0,28,6,7,2026
154089,2026-07-06 03:00:00.000,D17,LA MAISON A L'ENVERS,0.00,1.00,1.0,3,0,28,6,7,2026
154113,2026-07-06 04:00:00.000,D17,LA MAISON A L'ENVERS,0.00,1.00,1.0,4,0,28,6,7,2026
154137,2026-07-06 05:00:00.000,D17,LA MAISON A L'ENVERS,0.00,1.00,1.0,5,0,28,6,7,2026
154161,2026-07-06 06:00:00.000,D17,LA MAISON A L'ENVERS,0.00,1.00,1.0,6,0,28,6,7,2026
154185,2026-07-06 07:00:00.000,D17,LA MAISON A L'ENVERS,0.00,0.00,0.0,7,0,28,6,7,2026
154208,2026-07-06 08:00:00.000,D17,LA MAISON A L'ENVERS,0.00,0.00,0.0,8,0,28,6,7,2026
154231,2026-07-06 09:00:00.000,D17,LA MAISON A L'ENVERS,0.00,0.00,0.0,9,0,28,6,7,2026
154254,2026-07-06 10:00:00.000,D17,LA MAISON A L'ENVERS,0.00,0.00,0.0,10,0,28,6,7,2026
154277,2026-07-06 11:00:00.000,D17,LA MAISON A L'ENVERS,0.00,0.00,0.0,11,0,28,6,7,2026
154300,2026-07-06 12:00:00.000,D17,LA MAISON A L'ENVERS,0.00,0.00,0.0,12,0,28,6,7,2026
154824,2026-07-06 13:00:00.000,D17,LA MAISON A L'ENVERS,0.00,0.00,0.0,13,0,28,6,7,2026
154847,2026-07-06 14:00:00.000,D17,LA MAISON A L'ENVERS,0.00,0.00,0.0,14,0,28,6,7,2026
154870,2026-07-06 15:00:00.000,D17,LA MAISON A L'ENVERS,0.00,0.00,0.0,15,0,28,6,7,2026
154893,2026-07-06 16:00:00.000,D17,LA MAISON A L'ENVERS,0.00,0.00,0.0,16,0,28,6,7,2026
154916,2026-07-06 17:00:00.000,D17,LA MAISON A L'ENVERS,0.00,0.00,0.0,17,0,28,6,7,2026
154939,2026-07-06 18:00:00.000,D17,LA MAISON A L'ENVERS,0.00,0.00,0.0,18,0,28,6,7,2026
154962,2026-07-06 19:00:00.000,D17,LA MAISON A L'ENVERS,0.00,0.00,0.0,19,0,28,6,7,2026
154985,2026-07-06 20:00:00.000,D17,LA MAISON A L'ENVERS,0.00,0.00,0.0,20,0,28,6,7,2026
155008,2026-07-06 21:00:00.000,D17,LA MAISON A L'ENVERS,0.00,0.00,0.0,21,0,28,6,7,2026
155031,2026-07-06 22:00:00.000,D17,LA MAISON A L'ENVERS,0.00,0.00,0.0,22,0,28,6,7,2026
155054,2026-07-06 23:00:00.000,D17,LA MAISON A L'ENVERS,0.00,0.00,0.0,23,0,28,6,7,2026
155077,2026-07-07 00:00:00.000,D17,LA MAISON A L'ENVERS,0.00,0.00,0.0,0,0,28,7,7,2026
155100,2026-07-07 01:00:00.000,D17,LA MAISON A L'ENVERS,0.00,0.00,0.0,1,0,28,7,7,2026
155123,2026-07-07 02:00:00.000,D17,LA MAISON A L'ENVERS,0.00,0.00,0.0,2,0,28,7,7,2026
155146,2026-07-07 03:00:00.000,D17,LA MAISON A L'ENVERS,0.00,0.00,0.0,3,0,28,7,7,2026
155169,2026-07-07 04:00:00.000,D17,LA MAISON A L'ENVERS,0.00,0.00,0.0,4,0,28,7,7,2026
155192,2026-07-07 05:00:00.000,D17,LA MAISON A L'ENVERS,0.00,0.00,0.0,5,0,28,7,7,2026
155215,2026-07-07 06:00:00.000,D17,LA MAISON A L'ENVERS,0.00,0.00,0.0,6,0,28,7,7,2026
155238,2026-07-07 07:00:00.000,D17,LA MAISON A L'ENVERS,0.00,0.00,0.0,7,0,28,7,7,2026
155262,2026-07-07 08:00:00.000,D17,LA MAISON A L'ENVERS,0.00,0.00,0.0,8,0,28,7,7,2026
155286,2026-07-07 09:00:00.000,D17,LA MAISON A L'ENVERS,0.00,0.00,0.0,9,0,28,7,7,2026
155811,2026-07-07 10:00:00.000,D17,LA MAISON A L'ENVERS,0.00,0.00,0.0,10,0,28,7,7,2026
155835,2026-07-07 11:00:00.000,D17,LA MAISON A L'ENVERS,0.00,0.80,0.8,11,0,28,7,7,2026
155859,2026-07-07 12:00:00.000,D17,LA MAISON A L'ENVERS,0.00,1.00,1.0,12,0,28,7,7,2026
155883,2026-07-07 13:00:00.000,D17,LA MAISON A L'ENVERS,0.00,1.00,1.0,13,0,28,7,7,2026
155907,2026-07-07 14:00:00.000,D17,LA MAISON A L'ENVERS,0.00,1.00,1.0,14,0,28,7,7,2026
155931,2026-07-07 15:00:00.000,D17,LA MAISON A L'ENVERS,0.00,1.00,1.0,15,0,28,7,7,2026
155955,2026-07-07 16:00:00.000,D17,LA MAISON A L'ENVERS,0.00,1.00,1.0,16,0,28,7,7,2026
155979,2026-07-07 17:00:00.000,D17,LA MAISON A L'ENVERS,0.00,0.65,0.65,17,0,28,7,7,2026
156003,2026-07-07 18:00:00.000,D17,LA MAISON A L'ENVERS,0.00,0.00,0.0,18,0,28,7,7,2026
156027,2026-07-07 19:00:00.000,D17,LA MAISON A L'ENVERS,0.00,0.05,0.05,19,0,28,7,7,2026
156051,2026-07-07 20:00:00.000,D17,LA MAISON A L'ENVERS,0.00,0.00,0.0,20,0,28,7,7,2026
156075,2026-07-07 21:00:00.000,D17,LA MAISON A L'ENVERS,0.00,0.00,0.0,21,0,28,7,7,2026
156099,2026-07-07 22:00:00.000,D17,LA MAISON A L'ENVERS,0.00,0.00,0.0,22,0,28,7,7,2026
156123,2026-07-07 23:00:00.000,D17,LA MAISON A L'ENVERS,0.00,0.00,0.0,23,0,28,7,7,2026
156147,2026-07-08 00:00:00.000,D17,LA MAISON A L'ENVERS,0.00,0.00,0.0,0,0,28,8,7,2026
156171,2026-07-08 01:00:00.000,D17,LA MAISON A L'ENVERS,0.00,0.00,0.0,1,0,28,8,7,2026
156195,2026-07-08 02:00:00.000,D17,LA MAISON A L'ENVERS,0.00,0.00,0.0,2,0,28,8,7,2026
156219,2026-07-08 03:00:00.000,D17,LA MAISON A L'ENVERS,0.00,0.00,0.0,3,0,28,8,7,2026
156243,2026-07-08 04:00:00.000,D17,LA MAISON A L'ENVERS,0.00,0.00,0.0,4,0,28,8,7,2026
156267,2026-07-08 05:00:00.000,D17,LA MAISON A L'ENVERS,0.00,0.00,0.0,5,0,28,8,7,2026
156291,2026-07-08 06:00:00.000,D17,LA MAISON A L'ENVERS,0.00,0.00,0.0,6,0,28,8,7,2026
156816,2026-07-08 07:00:00.000,D17,LA MAISON A L'ENVERS,0.00,0.00,0.0,7,0,28,8,7,2026
156840,2026-07-08 08:00:00.000,D17,LA MAISON A L'ENVERS,0.00,0.00,0.0,8,0,28,8,7,2026
156864,2026-07-08 09:00:00.000,D17,LA MAISON A L'ENVERS,0.00,0.00,0.0,9,0,28,8,7,2026
156888,2026-07-08 10:00:00.000,D17,LA MAISON A L'ENVERS,0.00,0.05,0.05,10,0,28,8,7,2026
156912,2026-07-08 11:00:00.000,D17,LA MAISON A L'ENVERS,0.00,1.00,1.0,11,0,28,8,7,2026
156936,2026-07-08 12:00:00.000,D17,LA MAISON A L'ENVERS,0.00,1.00,1.0,12,0,28,8,7,2026
156960,2026-07-08 13:00:00.000,D17,LA MAISON A L'ENVERS,0.00,1.00,1.0,13,0,28,8,7,2026
156984,2026-07-08 14:00:00.000,D17,LA MAISON A L'ENVERS,0.00,1.00,1.0,14,0,28,8,7,2026
157008,2026-07-08 15:00:00.000,D17,LA MAISON A L'ENVERS,0.00,1.00,1.0,15,0,28,8,7,2026
157032,2026-07-08 16:00:00.000,D17,LA MAISON A L'ENVERS,0.05,0.50,0.45,16,0,28,8,7,2026
157056,2026-07-08 17:00:00.000,D17,LA MAISON A L'ENVERS,0.00,0.00,0.0,17,0,28,8,7,2026
157080,2026-07-08 18:00:00.000,D17,LA MAISON A L'ENVERS,0.00,0.00,0.0,18,0,28,8,7,2026
157104,2026-07-08 19:00:00.000,D17,LA MAISON A L'ENVERS,0.00,0.00,0.0,19,0,28,8,7,2026
157128,2026-07-08 20:00:00.000,D17,LA MAISON A L'ENVERS,0.00,0.00,0.0,20,0,28,8,7,2026
157152,2026-07-08 21:00:00.000,D17,LA MAISON A L'ENVERS,0.00,0.00,0.0,21,0,28,8,7,2026
157176,2026-07-08 22:00:00.000,D17,LA MAISON A L'ENVERS,0.00,0.00,0.0,22,0,28,8,7,2026
157200,2026-07-08 23:00:00.000,D17,LA MAISON A L'ENVERS,0.00,0.00,0.0,23,0,28,8,7,2026
157224,2026-07-09 00:00:00.000,D17,LA MAISON A L'ENVERS,0.00,0.00,0.0,0,0,28,9,7,2026
157248,2026-07-09 01:00:00.000,D17,LA MAISON A L'ENVERS,0.00,0.00,0.0,1,0,28,9,7,2026
157272,2026-07-09 02:00:00.000,D17,LA MAISON A L'ENVERS,0.00,0.00,0.0,2,0,28,9,7,2026
157296,2026-07-09 03:00:00.000,D17,LA MAISON A L'ENVERS,0.00,0.00,0.0,3,0,28,9,7,2026
157821,2026-07-09 04:00:00.000,D17,LA MAISON A L'ENVERS,0.00,0.00,0.0,4,0,28,9,7,2026
157845,2026-07-09 05:00:00.000,D17,LA MAISON A L'ENVERS,0.00,0.00,0.0,5,0,28,9,7,2026
157869,2026-07-09 06:00:00.000,D17,LA MAISON A L'ENVERS,0.00,0.00,0.0,6,0,28,9,7,2026
157893,2026-07-09 07:00:00.000,D17,LA MAISON A L'ENVERS,0.00,0.00,0.0,7,0,28,9,7,2026
157917,2026-07-09 08:00:00.000,D17,LA MAISON A L'ENVERS,0.00,0.00,0.0,8,0,28,9,7,2026
157941,2026-07-09 09:00:00.000,D17,LA MAISON A L'ENVERS,0.00,0.00,0.0,9,0,28,9,7,2026
157965,2026-07-09 10:00:00.000,D17,LA MAISON A L'ENVERS,0.00,0.00,0.0,10,0,28,9,7,2026
157989,2026-07-09 11:00:00.000,D17,LA MAISON A L'ENVERS,0.00,0.00,0.0,11,0,28,9,7,2026
158013,2026-07-09 12:00:00.000,D17,LA MAISON A L'ENVERS,0.00,0.00,0.0,12,0,28,9,7,2026
158037,2026-07-09 13:00:00.000,D17,LA MAISON A L'ENVERS,0.00,0.00,0.0,13,0,28,9,7,2026
158061,2026-07-09 14:00:00.000,D17,LA MAISON A L'ENVERS,0.80,0.05,0.0,14,0,28,9,7,2026
158085,2026-07-09 15:00:00.000,D17,LA MAISON A L'ENVERS,1.00,0.00,0.0,15,0,28,9,7,2026
158109,2026-07-09 16:00:00.000,D17,LA MAISON A L'ENVERS,1.00,0.00,0.0,16,0,28,9,7,2026
158133,2026-07-09 17:00:00.000,D17,LA MAISON A L'ENVERS,1.00,0.00,0.0,17,0,28,9,7,2026
158157,2026-07-09 18:00:00.000,D17,LA MAISON A L'ENVERS,1.00,0.00,0.0,18,0,28,9,7,2026
158181,2026-07-09 19:00:00.000,D17,LA MAISON A L'ENVERS,1.00,0.00,0.0,19,0,28,9,7,2026
158205,2026-07-09 20:00:00.000,D17,LA MAISON A L'ENVERS,1.00,0.00,0.0,20,0,28,9,7,2026
158229,2026-07-09 21:00:00.000,D17,LA MAISON A L'ENVERS,0.05,0.00,0.0,21,0,28,9,7,2026
158253,2026-07-09 22:00:00.000,D17,LA MAISON A L'ENVERS,0.00,0.00,0.0,22,0,28,9,7,2026
158277,2026-07-09 23:00:00.000,D17,LA MAISON A L'ENVERS,0.00,0.00,0.0,23,0,28,9,7,2026
158301,2026-07-10 00:00:00.000,D17,LA MAISON A L'ENVERS,0.00,0.00,0.0,0,0,28,10,7,2026
158826,2026-07-10 01:00:00.000,D17,LA MAISON A L'ENVERS,0.00,0.00,0.0,1,0,28,10,7,2026
158850,2026-07-10 02:00:00.000,D17,LA MAISON A L'ENVERS,0.00,0.00,0.0,2,0,28,10,7,2026
158874,2026-07-10 03:00:00.000,D17,LA MAISON A L'ENVERS,0.00,0.00,0.0,3,0,28,10,7,2026
158898,2026-07-10 04:00:00.000,D17,LA MAISON A L'ENVERS,0.00,0.00,0.0,4,0,28,10,7,2026
158922,2026-07-10 05:00:00.000,D17,LA MAISON A L'ENVERS,0.00,0.00,0.0,5,0,28,10,7,2026
158946,2026-07-10 06:00:00.000,D17,LA MAISON A L'ENVERS,0.00,0.00,0.0,6,0,28,10,7,2026
158970,2026-07-10 07:00:00.000,D17,LA MAISON A L'ENVERS,0.00,0.00,0.0,7,0,28,10,7,2026
158994,2026-07-10 08:00:00.000,D17,LA MAISON A L'ENVERS,0.00,0.00,0.0,8,0,28,10,7,2026
159018,2026-07-10 09:00:00.000,D17,LA MAISON A L'ENVERS,0.00,0.00,0.0,9,0,28,10,7,2026
159042,2026-07-10 10:00:00.000,D17,LA MAISON A L'ENVERS,0.00,0.00,0.0,10,0,28,10,7,2026
159066,2026-07-10 11:00:00.000,D17,LA MAISON A L'ENVERS,0.00,0.00,0.0,11,0,28,10,7,2026
159090,2026-07-10 12:00:00.000,D17,LA MAISON A L'ENVERS,0.00,0.00,0.0,12,0,28,10,7,2026
159114,2026-07-10 13:00:00.000,D17,LA MAISON A L'ENVERS,0.00,0.00,0.0,13,0,28,10,7,2026
159138,2026-07-10 14:00:00.000,D17,LA MAISON A L'ENVERS,0.00,0.00,0.0,14,0,28,10,7,2026
159162,2026-07-10 15:00:00.000,D17,LA MAISON A L'ENVERS,0.00,0.00,0.0,15,0,28,10,7,2026
159186,2026-07-10 16:00:00.000,D17,LA MAISON A L'ENVERS,0.00,0.00,0.0,16,0,28,10,7,2026
159210,2026-07-10 17:00:00.000,D17,LA MAISON A L'ENVERS,0.00,0.00,0.0,17,0,28,10,7,2026
159234,2026-07-10 18:00:00.000,D17,LA MAISON A L'ENVERS,0.00,0.00,0.0,18,0,28,10,7,2026
159258,2026-07-10 19:00:00.000,D17,LA MAISON A L'ENVERS,0.00,0.00,0.0,19,0,28,10,7,2026
159282,2026-07-10 20:00:00.000,D17,LA MAISON A L'ENVERS,0.00,0.00,0.0,20,0,28,10,7,2026
159306,2026-07-10 21:00:00.000,D17,LA MAISON A L'ENVERS,0.00,0.00,0.0,21,0,28,10,7,2026
159831,2026-07-10 22:00:00.000,D17,LA MAISON A L'ENVERS,0.00,0.00,0.0,22,0,28,10,7,2026
159855,2026-07-10 23:00:00.000,D17,LA MAISON A L'ENVERS,0.00,0.00,0.0,23,0,28,10,7,2026
159879,2026-07-11 00:00:00.000,D17,LA MAISON A L'ENVERS,0.00,0.00,0.0,0,0,28,11,7,2026
159903,2026-07-11 01:00:00.000,D17,LA MAISON A L'ENVERS,0.00,0.00,0.0,1,0,28,11,7,2026
159927,2026-07-11 02:00:00.000,D17,LA MAISON A L'ENVERS,0.00,0.00,0.0,2,0,28,11,7,2026
159951,2026-07-11 03:00:00.000,D17,LA MAISON A L'ENVERS,0.00,0.00,0.0,3,0,28,11,7,2026
159975,2026-07-11 04:00:00.000,D17,LA MAISON A L'ENVERS,0.00,0.00,0.0,4,0,28,11,7,2026
159999,2026-07-11 05:00:00.000,D17,LA MAISON A L'ENVERS,0.00,0.00,0.0,5,0,28,11,7,2026
160023,2026-07-11 06:00:00.000,D17,LA MAISON A L'ENVERS,0.00,0.00,0.0,6,0,28,11,7,2026
160047,2026-07-11 07:00:00.000,D17,LA MAISON A L'ENVERS,0.00,0.00,0.0,7,0,28,11,7,2026
160071,2026-07-11 08:00:00.000,D17,LA MAISON A L'ENVERS,0.00,0.00,0.0,8,0,28,11,7,2026
160095,2026-07-11 09:00:00.000,D17,LA MAISON A L'ENVERS,0.00,0.00,0.0,9,0,28,11,7,2026
160119,2026-07-11 10:00:00.000,D17,LA MAISON A L'ENVERS,0.00,0.00,0.0,10,0,28,11,7,2026
160143,2026-07-11 11:00:00.000,D17,LA MAISON A L'ENVERS,0.00,0.10,0.1,11,0,28,11,7,2026
160167,2026-07-11 12:00:00.000,D17,LA MAISON A L'ENVERS,0.00,1.00,1.0,12,0,28,11,7,2026
160191,2026-07-11 13:00:00.000,D17,LA MAISON A L'ENVERS,0.00,1.00,1.0,13,0,28,11,7,2026
160215,2026-07-11 14:00:00.000,D17,LA MAISON A L'ENVERS,0.05,0.35,0.3,14,0,28,11,7,2026
160239,2026-07-11 15:00:00.000,D17,LA MAISON A L'ENVERS,0.00,0.00,0.0,15,0,28,11,7,2026
160263,2026-07-11 16:00:00.000,D17,LA MAISON A L'ENVERS,0.00,0.00,0.0,16,0,28,11,7,2026
160287,2026-07-11 17:00:00.000,D17,LA MAISON A L'ENVERS,0.00,0.00,0.0,17,0,28,11,7,2026
160311,2026-07-11 18:00:00.000,D17,LA MAISON A L'ENVERS,0.00,0.00,0.0,18,0,28,11,7,2026
160836,2026-07-11 19:00:00.000,D17,LA MAISON A L'ENVERS,0.00,0.00,0.0,19,0,28,11,7,2026
160860,2026-07-11 20:00:00.000,D17,LA MAISON A L'ENVERS,0.00,0.00,0.0,20,0,28,11,7,2026
160884,2026-07-11 21:00:00.000,D17,LA MAISON A L'ENVERS,0.00,0.00,0.0,21,0,28,11,7,2026
160908,2026-07-11 22:00:00.000,D17,LA MAISON A L'ENVERS,0.00,0.00,0.0,22,0,28,11,7,2026
160932,2026-07-11 23:00:00.000,D17,LA MAISON A L'ENVERS,0.00,0.00,0.0,23,0,28,11,7,2026
160956,2026-07-12 00:00:00.000,D17,LA MAISON A L'ENVERS,0.00,0.00,0.0,0,0,29,12,7,2026
160980,2026-07-12 01:00:00.000,D17,LA MAISON A L'ENVERS,0.00,0.00,0.0,1,0,29,12,7,2026
161004,2026-07-12 02:00:00.000,D17,LA MAISON A L'ENVERS,0.00,0.00,0.0,2,0,29,12,7,2026
161028,2026-07-12 03:00:00.000,D17,LA MAISON A L'ENVERS,0.00,0.00,0.0,3,0,29,12,7,2026
161052,2026-07-12 04:00:00.000,D17,LA MAISON A L'ENVERS,0.00,0.00,0.0,4,0,29,12,7,2026
161076,2026-07-12 05:00:00.000,D17,LA MAISON A L'ENVERS,0.00,0.00,0.0,5,0,29,12,7,2026
161100,2026-07-12 06:00:00.000,D17,LA MAISON A L'ENVERS,0.00,0.00,0.0,6,0,29,12,7,2026
161124,2026-07-12 07:00:00.000,D17,LA MAISON A L'ENVERS,0.00,0.00,0.0,7,0,29,12,7,2026
161148,2026-07-12 08:00:00.000,D17,LA MAISON A L'ENVERS,0.00,0.00,0.0,8,0,29,12,7,2026
161172,2026-07-12 09:00:00.000,D17,LA MAISON A L'ENVERS,0.00,0.00,0.0,9,0,29,12,7,2026
161196,2026-07-12 10:00:00.000,D17,LA MAISON A L'ENVERS,0.00,0.00,0.0,10,0,29,12,7,2026
161220,2026-07-12 11:00:00.000,D17,LA MAISON A L'ENVERS,0.00,0.35,0.35,11,0,29,12,7,2026
161244,2026-07-12 12:00:00.000,D17,LA MAISON A L'ENVERS,0.05,0.45,0.4,12,0,29,12,7,2026
161268,2026-07-12 13:00:00.000,D17,LA MAISON A L'ENVERS,0.00,0.00,0.0,13,0,29,12,7,2026
161292,2026-07-12 14:00:00.000,D17,LA MAISON A L'ENVERS,0.00,0.00,0.0,14,0,29,12,7,2026
161316,2026-07-12 15:00:00.000,D17,LA MAISON A L'ENVERS,0.00,0.00,0.0,15,0,29,12,7,2026
161841,2026-07-12 16:00:00.000,D17,LA MAISON A L'ENVERS,0.00,0.00,0.0,16,0,29,12,7,2026
161865,2026-07-12 17:00:00.000,D17,LA MAISON A L'ENVERS,0.00,0.00,0.0,17,0,29,12,7,2026
161889,2026-07-12 18:00:00.000,D17,LA MAISON A L'ENVERS,0.00,0.00,0.0,18,0,29,12,7,2026
161913,2026-07-12 19:00:00.000,D17,LA MAISON A L'ENVERS,0.00,0.00,0.0,19,0,29,12,7,2026
161937,2026-07-12 20:00:00.000,D17,LA MAISON A L'ENVERS,0.00,0.00,0.0,20,0,29,12,7,2026
161961,2026-07-12 21:00:00.000,D17,LA MAISON A L'ENVERS,0.00,0.00,0.0,21,0,29,12,7,2026
161985,2026-07-12 22:00:00.000,D17,LA MAISON A L'ENVERS,0.00,0.00,0.0,22,0,29,12,7,2026
162009,2026-07-12 23:00:00.000,D17,LA MAISON A L'ENVERS,0.00,0.00,0.0,23,0,29,12,7,2026
162033,2026-07-13 00:00:00.000,D17,LA MAISON A L'ENVERS,0.00,0.00,0.0,0,0,29,13,7,2026
162057,2026-07-13 01:00:00.000,D17,LA MAISON A L'ENVERS,0.00,0.00,0.0,1,0,29,13,7,2026
162081,2026-07-13 02:00:00.000,D17,LA MAISON A L'ENVERS,0.00,0.00,0.0,2,0,29,13,7,2026
162105,2026-07-13 03:00:00.000,D17,LA MAISON A L'ENVERS,0.00,0.00,0.0,3,0,29,13,7,2026
162129,2026-07-13 04:00:00.000,D17,LA MAISON A L'ENVERS,0.00,0.00,0.0,4,0,29,13,7,2026
162153,2026-07-13 05:00:00.000,D17,LA MAISON A L'ENVERS,0.00,0.00,0.0,5,0,29,13,7,2026
162177,2026-07-13 06:00:00.000,D17,LA MAISON A L'ENVERS,0.00,0.00,0.0,6,0,29,13,7,2026
162201,2026-07-13 07:00:00.000,D17,LA MAISON A L'ENVERS,0.00,0.00,0.0,7,0,29,13,7,2026
162224,2026-07-13 08:00:00.000,D17,LA MAISON A L'ENVERS,0.00,0.00,0.0,8,0,29,13,7,2026
162248,2026-07-13 09:00:00.000,D17,LA MAISON A L'ENVERS,0.00,0.00,0.0,9,0,29,13,7,2026
162272,2026-07-13 10:00:00.000,D17,LA MAISON A L'ENVERS,0.00,0.00,0.0,10,0,29,13,7,2026
162296,2026-07-13 11:00:00.000,D17,LA MAISON A L'ENVERS,0.00,0.00,0.0,11,0,29,13,7,2026
162320,2026-07-13 12:00:00.000,D17,LA MAISON A L'ENVERS,0.00,0.00,0.0,12,0,29,13,7,2026
162845,2026-07-13 13:00:00.000,D17,LA MAISON A L'ENVERS,0.00,0.00,0.0,13,0,29,13,7,2026
162869,2026-07-13 14:00:00.000,D17,LA MAISON A L'ENVERS,0.00,0.00,0.0,14,0,29,13,7,2026
162893,2026-07-13 15:00:00.000,D17,LA MAISON A L'ENVERS,0.00,0.00,0.0,15,0,29,13,7,2026
162917,2026-07-13 16:00:00.000,D17,LA MAISON A L'ENVERS,0.00,0.00,0.0,16,0,29,13,7,2026
162941,2026-07-13 17:00:00.000,D17,LA MAISON A L'ENVERS,0.00,0.00,0.0,17,0,29,13,7,2026
162965,2026-07-13 18:00:00.000,D17,LA MAISON A L'ENVERS,0.00,0.00,0.0,18,0,29,13,7,2026
162989,2026-07-13 19:00:00.000,D17,LA MAISON A L'ENVERS,0.00,0.00,0.0,19,0,29,13,7,2026
163013,2026-07-13 20:00:00.000,D17,LA MAISON A L'ENVERS,0.00,0.00,0.0,20,0,29,13,7,2026
163037,2026-07-13 21:00:00.000,D17,LA MAISON A L'ENVERS,0.00,0.00,0.0,21,0,29,13,7,2026
163061,2026-07-13 22:00:00.000,D17,LA MAISON A L'ENVERS,0.00,0.00,0.0,22,0,29,13,7,2026
163085,2026-07-13 23:00:00.000,D17,LA MAISON A L'ENVERS,0.00,0.00,0.0,23,0,29,13,7,2026
163109,2026-07-14 00:00:00.000,D17,LA MAISON A L'ENVERS,0.00,0.00,0.0,0,0,29,14,7,2026
163133,2026-07-14 01:00:00.000,D17,LA MAISON A L'ENVERS,0.00,0.00,0.0,1,0,29,14,7,2026
163157,2026-07-14 02:00:00.000,D17,LA MAISON A L'ENVERS,0.00,0.00,0.0,2,0,29,14,7,2026
163181,2026-07-14 03:00:00.000,D17,LA MAISON A L'ENVERS,0.00,0.00,0.0,3,0,29,14,7,2026
163205,2026-07-14 04:00:00.000,D17,LA MAISON A L'ENVERS,0.00,0.00,0.0,4,0,29,14,7,2026
163229,2026-07-14 05:00:00.000,D17,LA MAISON A L'ENVERS,0.00,0.00,0.0,5,0,29,14,7,2026
163253,2026-07-14 06:00:00.000,D17,LA MAISON A L'ENVERS,0.00,0.00,0.0,6,0,29,14,7,2026
163277,2026-07-14 07:00:00.000,D17,LA MAISON A L'ENVERS,0.00,0.00,0.0,7,0,29,14,7,2026
163301,2026-07-14 08:00:00.000,D17,LA MAISON A L'ENVERS,0.00,0.00,0.0,8,0,29,14,7,2026
163325,2026-07-14 09:00:00.000,D17,LA MAISON A L'ENVERS,0.00,0.00,0.0,9,0,29,14,7,2026
163850,2026-07-14 10:00:00.000,D17,LA MAISON A L'ENVERS,0.00,0.00,0.0,10,0,29,14,7,2026
163874,2026-07-14 11:00:00.000,D17,LA MAISON A L'ENVERS,0.00,0.95,0.95,11,0,29,14,7,2026
163898,2026-07-14 12:00:00.000,D17,LA MAISON A L'ENVERS,0.00,1.00,1.0,12,0,29,14,7,2026
163922,2026-07-14 13:00:00.000,D17,LA MAISON A L'ENVERS,0.00,0.55,0.55,13,0,29,14,7,2026
163946,2026-07-14 14:00:00.000,D17,LA MAISON A L'ENVERS,0.40,0.05,0.0,14,0,29,14,7,2026
163970,2026-07-14 15:00:00.000,D17,LA MAISON A L'ENVERS,1.00,0.00,0.0,15,0,29,14,7,2026
163994,2026-07-14 16:00:00.000,D17,LA MAISON A L'ENVERS,1.00,0.00,0.0,16,0,29,14,7,2026
164018,2026-07-14 17:00:00.000,D17,LA MAISON A L'ENVERS,1.00,0.00,0.0,17,0,29,14,7,2026
164042,2026-07-14 18:00:00.000,D17,LA MAISON A L'ENVERS,1.00,0.00,0.0,18,0,29,14,7,2026
164066,2026-07-14 19:00:00.000,D17,LA MAISON A L'ENVERS,1.00,0.00,0.0,19,0,29,14,7,2026
164090,2026-07-14 20:00:00.000,D17,LA MAISON A L'ENVERS,1.00,0.00,0.0,20,0,29,14,7,2026
164114,2026-07-14 21:00:00.000,D17,LA MAISON A L'ENVERS,1.00,0.00,0.0,21,0,29,14,7,2026
164138,2026-07-14 22:00:00.000,D17,LA MAISON A L'ENVERS,1.00,0.00,0.0,22,0,29,14,7,2026
164162,2026-07-14 23:00:00.000,D17,LA MAISON A L'ENVERS,1.00,0.00,0.0,23,0,29,14,7,2026
164186,2026-07-15 00:00:00.000,D17,LA MAISON A L'ENVERS,1.00,0.00,0.0,0,0,29,15,7,2026
164210,2026-07-15 01:00:00.000,D17,LA MAISON A L'ENVERS,1.00,0.00,0.0,1,0,29,15,7,2026
164234,2026-07-15 02:00:00.000,D17,LA MAISON A L'ENVERS,1.00,0.00,0.0,2,0,29,15,7,2026
164258,2026-07-15 03:00:00.000,D17,LA MAISON A L'ENVERS,1.00,0.00,0.0,3,0,29,15,7,2026
164282,2026-07-15 04:00:00.000,D17,LA MAISON A L'ENVERS,1.00,0.00,0.0,4,0,29,15,7,2026
164306,2026-07-15 05:00:00.000,D17,LA MAISON A L'ENVERS,1.00,0.00,0.0,5,0,29,15,7,2026
164831,2026-07-15 06:00:00.000,D17,LA MAISON A L'ENVERS,1.00,0.00,0.0,6,0,29,15,7,2026
164854,2026-07-15 07:00:00.000,D17,LA MAISON A L'ENVERS,1.00,0.00,0.0,7,0,29,15,7,2026
164877,2026-07-15 08:00:00.000,D17,LA MAISON A L'ENVERS,1.00,0.00,0.0,8,0,29,15,7,2026
164900,2026-07-15 09:00:00.000,D17,LA MAISON A L'ENVERS,1.00,0.00,0.0,9,0,29,15,7,2026
164923,2026-07-15 10:00:00.000,D17,LA MAISON A L'ENVERS,1.00,0.05,0.0,10,0,29,15,7,2026
164947,2026-07-15 11:00:00.000,D17,LA MAISON A L'ENVERS,0.00,1.00,1.0,11,0,29,15,7,2026
164971,2026-07-15 12:00:00.000,D17,LA MAISON A L'ENVERS,0.00,1.00,1.0,12,0,29,15,7,2026
164995,2026-07-15 13:00:00.000,D17,LA MAISON A L'ENVERS,0.15,0.90,0.75,13,0,29,15,7,2026
165019,2026-07-15 14:00:00.000,D17,LA MAISON A L'ENVERS,1.00,0.00,0.0,14,0,29,15,7,2026
165043,2026-07-15 15:00:00.000,D17,LA MAISON A L'ENVERS,1.00,0.00,0.0,15,0,29,15,7,2026
165067,2026-07-15 16:00:00.000,D17,LA MAISON A L'ENVERS,1.00,0.00,0.0,16,0,29,15,7,2026
165091,2026-07-15 17:00:00.000,D17,LA MAISON A L'ENVERS,1.00,0.00,0.0,17,0,29,15,7,2026
165115,2026-07-15 18:00:00.000,D17,LA MAISON A L'ENVERS,1.00,0.00,0.0,18,0,29,15,7,2026
165139,2026-07-15 19:00:00.000,D17,LA MAISON A L'ENVERS,1.00,0.00,0.0,19,0,29,15,7,2026
165163,2026-07-15 20:00:00.000,D17,LA MAISON A L'ENVERS,1.00,0.00,0.0,20,0,29,15,7,2026
165187,2026-07-15 21:00:00.000,D17,LA MAISON A L'ENVERS,1.00,0.00,0.0,21,0,29,15,7,2026
165211,2026-07-15 22:00:00.000,D17,LA MAISON A L'ENVERS,1.00,0.00,0.0,22,0,29,15,7,2026
165235,2026-07-15 23:00:00.000,D17,LA MAISON A L'ENVERS,1.00,0.00,0.0,23,0,29,15,7,2026
165259,2026-07-16 00:00:00.000,D17,LA MAISON A L'ENVERS,1.00,0.00,0.0,0,0,29,16,7,2026
165283,2026-07-16 01:00:00.000,D17,LA MAISON A L'ENVERS,1.00,0.00,0.0,1,0,29,16,7,2026
165307,2026-07-16 02:00:00.000,D17,LA MAISON A L'ENVERS,1.00,0.00,0.0,2,0,29,16,7,2026
165832,2026-07-16 03:00:00.000,D17,LA MAISON A L'ENVERS,1.00,0.00,0.0,3,0,29,16,7,2026
165856,2026-07-16 04:00:00.000,D17,LA MAISON A L'ENVERS,1.00,0.00,0.0,4,0,29,16,7,2026
165880,2026-07-16 05:00:00.000,D17,LA MAISON A L'ENVERS,1.00,0.00,0.0,5,0,29,16,7,2026
165904,2026-07-16 06:00:00.000,D17,LA MAISON A L'ENVERS,1.00,0.00,0.0,6,0,29,16,7,2026
165928,2026-07-16 07:00:00.000,D17,LA MAISON A L'ENVERS,1.00,0.00,0.0,7,0,29,16,7,2026
165952,2026-07-16 08:00:00.000,D17,LA MAISON A L'ENVERS,1.00,0.00,0.0,8,0,29,16,7,2026
165976,2026-07-16 09:00:00.000,D17,LA MAISON A L'ENVERS,1.00,0.00,0.0,9,0,29,16,7,2026
166000,2026-07-16 10:00:00.000,D17,LA MAISON A L'ENVERS,1.00,0.00,0.0,10,0,29,16,7,2026
166024,2026-07-16 11:00:00.000,D17,LA MAISON A L'ENVERS,0.70,1.00,0.3,11,0,29,16,7,2026
166048,2026-07-16 12:00:00.000,D17,LA MAISON A L'ENVERS,0.00,1.00,1.0,12,0,29,16,7,2026
166072,2026-07-16 13:00:00.000,D17,LA MAISON A L'ENVERS,0.00,1.00,1.0,13,0,29,16,7,2026
166096,2026-07-16 14:00:00.000,D17,LA MAISON A L'ENVERS,0.00,1.00,1.0,14,0,29,16,7,2026
166120,2026-07-16 15:00:00.000,D17,LA MAISON A L'ENVERS,0.85,0.20,0.0,15,0,29,16,7,2026
166144,2026-07-16 16:00:00.000,D17,LA MAISON A L'ENVERS,1.00,0.00,0.0,16,0,29,16,7,2026
166168,2026-07-16 17:00:00.000,D17,LA MAISON A L'ENVERS,1.00,0.00,0.0,17,0,29,16,7,2026
166192,2026-07-16 18:00:00.000,D17,LA MAISON A L'ENVERS,1.00,0.00,0.0,18,0,29,16,7,2026
166216,2026-07-16 19:00:00.000,D17,LA MAISON A L'ENVERS,1.00,0.00,0.0,19,0,29,16,7,2026
166240,2026-07-16 20:00:00.000,D17,LA MAISON A L'ENVERS,1.00,0.00,0.0,20,0,29,16,7,2026
166264,2026-07-16 21:00:00.000,D17,LA MAISON A L'ENVERS,1.00,0.00,0.0,21,0,29,16,7,2026
166288,2026-07-16 22:00:00.000,D17,LA MAISON A L'ENVERS,1.00,0.00,0.0,22,0,29,16,7,2026
166312,2026-07-16 23:00:00.000,D17,LA MAISON A L'ENVERS,1.00,0.00,0.0,23,0,29,16,7,2026
166837,2026-07-17 00:00:00.000,D17,LA MAISON A L'ENVERS,1.00,0.00,0.0,0,0,29,17,7,2026
166861,2026-07-17 01:00:00.000,D17,LA MAISON A L'ENVERS,1.00,0.00,0.0,1,0,29,17,7,2026
166885,2026-07-17 02:00:00.000,D17,LA MAISON A L'ENVERS,1.00,0.00,0.0,2,0,29,17,7,2026
166909,2026-07-17 03:00:00.000,D17,LA MAISON A L'ENVERS,1.00,0.00,0.0,3,0,29,17,7,2026
166933,2026-07-17 04:00:00.000,D17,LA MAISON A L'ENVERS,1.00,0.00,0.0,4,0,29,17,7,2026
166957,2026-07-17 05:00:00.000,D17,LA MAISON A L'ENVERS,1.00,0.00,0.0,5,0,29,17,7,2026
166981,2026-07-17 06:00:00.000,D17,LA MAISON A L'ENVERS,1.00,0.00,0.0,6,0,29,17,7,2026
167005,2026-07-17 07:00:00.000,D17,LA MAISON A L'ENVERS,1.00,0.00,0.0,7,0,29,17,7,2026
167029,2026-07-17 08:00:00.000,D17,LA MAISON A L'ENVERS,1.00,0.00,0.0,8,0,29,17,7,2026
167053,2026-07-17 09:00:00.000,D17,LA MAISON A L'ENVERS,1.00,0.00,0.0,9,0,29,17,7,2026
167077,2026-07-17 10:00:00.000,D17,LA MAISON A L'ENVERS,1.00,0.05,0.0,10,0,29,17,7,2026
167101,2026-07-17 11:00:00.000,D17,LA MAISON A L'ENVERS,0.00,1.00,1.0,11,0,29,17,7,2026
167125,2026-07-17 12:00:00.000,D17,LA MAISON A L'ENVERS,0.00,1.00,1.0,12,0,29,17,7,2026
167149,2026-07-17 13:00:00.000,D17,LA MAISON A L'ENVERS,0.00,1.00,1.0,13,0,29,17,7,2026
167173,2026-07-17 14:00:00.000,D17,LA MAISON A L'ENVERS,0.40,0.65,0.25,14,0,29,17,7,2026
167197,2026-07-17 15:00:00.000,D17,LA MAISON A L'ENVERS,1.00,0.00,0.0,15,0,29,17,7,2026
167221,2026-07-17 16:00:00.000,D17,LA MAISON A L'ENVERS,1.00,0.00,0.0,16,0,29,17,7,2026
167245,2026-07-17 17:00:00.000,D17,LA MAISON A L'ENVERS,1.00,0.00,0.0,17,0,29,17,7,2026
167269,2026-07-17 18:00:00.000,D17,LA MAISON A L'ENVERS,0.45,0.60,0.15,18,0,29,17,7,2026
167293,2026-07-17 19:00:00.000,D17,LA MAISON A L'ENVERS,0.00,1.00,1.0,19,0,29,17,7,2026
167317,2026-07-17 20:00:00.000,D17,LA MAISON A L'ENVERS,0.00,1.00,1.0,20,0,29,17,7,2026
167842,2026-07-17 21:00:00.000,D17,LA MAISON A L'ENVERS,0.00,1.00,1.0,21,0,29,17,7,2026
167866,2026-07-17 22:00:00.000,D17,LA MAISON A L'ENVERS,0.00,1.00,1.0,22,0,29,17,7,2026
167890,2026-07-17 23:00:00.000,D17,LA MAISON A L'ENVERS,0.00,1.00,1.0,23,0,29,17,7,2026
167914,2026-07-18 00:00:00.000,D17,LA MAISON A L'ENVERS,0.00,1.00,1.0,0,0,29,18,7,2026
167938,2026-07-18 01:00:00.000,D17,LA MAISON A L'ENVERS,0.00,1.00,1.0,1,0,29,18,7,2026
167962,2026-07-18 02:00:00.000,D17,LA MAISON A L'ENVERS,0.00,1.00,1.0,2,0,29,18,7,2026
167986,2026-07-18 03:00:00.000,D17,LA MAISON A L'ENVERS,0.00,1.00,1.0,3,0,29,18,7,2026
168010,2026-07-18 04:00:00.000,D17,LA MAISON A L'ENVERS,0.00,1.00,1.0,4,0,29,18,7,2026
168034,2026-07-18 05:00:00.000,D17,LA MAISON A L'ENVERS,0.00,1.00,1.0,5,0,29,18,7,2026
168058,2026-07-18 06:00:00.000,D17,LA MAISON A L'ENVERS,0.00,1.00,1.0,6,0,29,18,7,2026
168082,2026-07-18 07:00:00.000,D17,LA MAISON A L'ENVERS,0.00,0.00,0.0,7,0,29,18,7,2026
168106,2026-07-18 08:00:00.000,D17,LA MAISON A L'ENVERS,0.00,0.00,0.0,8,0,29,18,7,2026
168130,2026-07-18 09:00:00.000,D17,LA MAISON A L'ENVERS,0.00,0.00,0.0,9,0,29,18,7,2026
168154,2026-07-18 10:00:00.000,D17,LA MAISON A L'ENVERS,0.00,0.00,0.0,10,0,29,18,7,2026
168178,2026-07-18 11:00:00.000,D17,LA MAISON A L'ENVERS,0.00,0.00,0.0,11,0,29,18,7,2026
168202,2026-07-18 12:00:00.000,D17,LA MAISON A L'ENVERS,0.00,0.00,0.0,12,0,29,18,7,2026
168226,2026-07-18 13:00:00.000,D17,LA MAISON A L'ENVERS,0.00,0.00,0.0,13,0,29,18,7,2026
168250,2026-07-18 14:00:00.000,D17,LA MAISON A L'ENVERS,0.00,0.00,0.0,14,0,29,18,7,2026
168274,2026-07-18 15:00:00.000,D17,LA MAISON A L'ENVERS,0.00,0.00,0.0,15,0,29,18,7,2026
168298,2026-07-18 16:00:00.000,D17,LA MAISON A L'ENVERS,0.00,0.00,0.0,16,0,29,18,7,2026
168322,2026-07-18 17:00:00.000,D17,LA MAISON A L'ENVERS,0.00,0.00,0.0,17,0,29,18,7,2026
168847,2026-07-18 18:00:00.000,D17,LA MAISON A L'ENVERS,0.00,0.00,0.0,18,0,29,18,7,2026
168871,2026-07-18 19:00:00.000,D17,LA MAISON A L'ENVERS,0.00,0.00,0.0,19,0,29,18,7,2026
168895,2026-07-18 20:00:00.000,D17,LA MAISON A L'ENVERS,0.00,0.00,0.0,20,0,29,18,7,2026
168919,2026-07-18 21:00:00.000,D17,LA MAISON A L'ENVERS,0.00,0.00,0.0,21,0,29,18,7,2026
168943,2026-07-18 22:00:00.000,D17,LA MAISON A L'ENVERS,0.00,0.00,0.0,22,0,29,18,7,2026
168967,2026-07-18 23:00:00.000,D17,LA MAISON A L'ENVERS,0.00,0.00,0.0,23,0,29,18,7,2026
168991,2026-07-19 00:00:00.000,D17,LA MAISON A L'ENVERS,0.00,0.00,0.0,0,0,30,19,7,2026
169015,2026-07-19 01:00:00.000,D17,LA MAISON A L'ENVERS,0.00,0.00,0.0,1,0,30,19,7,2026
169039,2026-07-19 02:00:00.000,D17,LA MAISON A L'ENVERS,0.00,0.00,0.0,2,0,30,19,7,2026
169063,2026-07-19 03:00:00.000,D17,LA MAISON A L'ENVERS,0.00,0.00,0.0,3,0,30,19,7,2026
169087,2026-07-19 04:00:00.000,D17,LA MAISON A L'ENVERS,0.00,0.00,0.0,4,0,30,19,7,2026
169111,2026-07-19 05:00:00.000,D17,LA MAISON A L'ENVERS,0.00,0.00,0.0,5,0,30,19,7,2026
169135,2026-07-19 06:00:00.000,D17,LA MAISON A L'ENVERS,0.00,0.00,0.0,6,0,30,19,7,2026
169159,2026-07-19 07:00:00.000,D17,LA MAISON A L'ENVERS,0.00,0.00,0.0,7,0,30,19,7,2026
169183,2026-07-19 08:00:00.000,D17,LA MAISON A L'ENVERS,0.00,0.00,0.0,8,0,30,19,7,2026
169207,2026-07-19 09:00:00.000,D17,LA MAISON A L'ENVERS,0.00,0.00,0.0,9,0,30,19,7,2026
169231,2026-07-19 10:00:00.000,D17,LA MAISON A L'ENVERS,0.00,0.00,0.0,10,0,30,19,7,2026
169255,2026-07-19 11:00:00.000,D17,LA MAISON A L'ENVERS,0.00,0.00,0.0,11,0,30,19,7,2026
169279,2026-07-19 12:00:00.000,D17,LA MAISON A L'ENVERS,0.00,0.00,0.0,12,0,30,19,7,2026
169303,2026-07-19 13:00:00.000,D17,LA MAISON A L'ENVERS,0.00,0.00,0.0,13,0,30,19,7,2026
169327,2026-07-19 14:00:00.000,D17,LA MAISON A L'ENVERS,0.00,0.00,0.0,14,0,30,19,7,2026
169852,2026-07-19 15:00:00.000,D17,LA MAISON A L'ENVERS,0.00,0.00,0.0,15,0,30,19,7,2026
169876,2026-07-19 16:00:00.000,D17,LA MAISON A L'ENVERS,0.00,0.00,0.0,16,0,30,19,7,2026
169900,2026-07-19 17:00:00.000,D17,LA MAISON A L'ENVERS,0.00,0.00,0.0,17,0,30,19,7,2026
169924,2026-07-19 18:00:00.000,D17,LA MAISON A L'ENVERS,0.00,0.00,0.0,18,0,30,19,7,2026
169948,2026-07-19 19:00:00.000,D17,LA MAISON A L'ENVERS,0.00,0.00,0.0,19,0,30,19,7,2026
169972,2026-07-19 20:00:00.000,D17,LA MAISON A L'ENVERS,0.00,0.00,0.0,20,0,30,19,7,2026
169996,2026-07-19 21:00:00.000,D17,LA MAISON A L'ENVERS,0.00,0.00,0.0,21,0,30,19,7,2026
170020,2026-07-19 22:00:00.000,D17,LA MAISON A L'ENVERS,0.00,0.00,0.0,22,0,30,19,7,2026
170044,2026-07-19 23:00:00.000,D17,LA MAISON A L'ENVERS,0.00,0.00,0.0,23,0,30,19,7,2026
170068,2026-07-20 00:00:00.000,D17,LA MAISON A L'ENVERS,0.00,0.00,0.0,0,0,30,20,7,2026
170092,2026-07-20 01:00:00.000,D17,LA MAISON A L'ENVERS,0.00,0.00,0.0,1,0,30,20,7,2026
170116,2026-07-20 02:00:00.000,D17,LA MAISON A L'ENVERS,0.00,0.00,0.0,2,0,30,20,7,2026
170140,2026-07-20 03:00:00.000,D17,LA MAISON A L'ENVERS,0.00,0.00,0.0,3,0,30,20,7,2026
170164,2026-07-20 04:00:00.000,D17,LA MAISON A L'ENVERS,0.00,0.00,0.0,4,0,30,20,7,2026
170188,2026-07-20 05:00:00.000,D17,LA MAISON A L'ENVERS,0.00,0.00,0.0,5,0,30,20,7,2026
170212,2026-07-20 06:00:00.000,D17,LA MAISON A L'ENVERS,0.00,0.00,0.0,6,0,30,20,7,2026
170236,2026-07-20 07:00:00.000,D17,LA MAISON A L'ENVERS,0.00,0.00,0.0,7,0,30,20,7,2026
170260,2026-07-20 08:00:00.000,D17,LA MAISON A L'ENVERS,0.00,0.00,0.0,8,0,30,20,7,2026
170284,2026-07-20 09:00:00.000,D17,LA MAISON A L'ENVERS,0.00,0.00,0.0,9,0,30,20,7,2026
170308,2026-07-20 10:00:00.000,D17,LA MAISON A L'ENVERS,0.00,0.00,0.0,10,0,30,20,7,2026
170332,2026-07-20 11:00:00.000,D17,LA MAISON A L'ENVERS,0.00,0.00,0.0,11,0,30,20,7,2026
170857,2026-07-20 12:00:00.000,D17,LA MAISON A L'ENVERS,0.00,0.00,0.0,12,0,30,20,7,2026
170881,2026-07-20 13:00:00.000,D17,LA MAISON A L'ENVERS,0.00,0.00,0.0,13,0,30,20,7,2026
170905,2026-07-20 14:00:00.000,D17,LA MAISON A L'ENVERS,0.00,0.00,0.0,14,0,30,20,7,2026
170929,2026-07-20 15:00:00.000,D17,LA MAISON A L'ENVERS,0.00,0.10,0.1,15,0,30,20,7,2026
170953,2026-07-20 16:00:00.000,D17,LA MAISON A L'ENVERS,0.00,1.00,1.0,16,0,30,20,7,2026
170977,2026-07-20 17:00:00.000,D17,LA MAISON A L'ENVERS,0.00,1.00,1.0,17,0,30,20,7,2026
171001,2026-07-20 18:00:00.000,D17,LA MAISON A L'ENVERS,0.00,1.00,1.0,18,0,30,20,7,2026
171025,2026-07-20 19:00:00.000,D17,LA MAISON A L'ENVERS,0.00,1.00,1.0,19,0,30,20,7,2026
171049,2026-07-20 20:00:00.000,D17,LA MAISON A L'ENVERS,0.00,1.00,1.0,20,0,30,20,7,2026
171073,2026-07-20 21:00:00.000,D17,LA MAISON A L'ENVERS,0.00,1.00,1.0,21,0,30,20,7,2026
171097,2026-07-20 22:00:00.000,D17,LA MAISON A L'ENVERS,0.00,1.00,1.0,22,0,30,20,7,2026
171121,2026-07-20 23:00:00.000,D17,LA MAISON A L'ENVERS,0.00,1.00,1.0,23,0,30,20,7,2026
171145,2026-07-21 00:00:00.000,D17,LA MAISON A L'ENVERS,0.00,1.00,1.0,0,0,30,21,7,2026
171169,2026-07-21 01:00:00.000,D17,LA MAISON A L'ENVERS,0.00,1.00,1.0,1,0,30,21,7,2026
171193,2026-07-21 02:00:00.000,D17,LA MAISON A L'ENVERS,0.00,1.00,1.0,2,0,30,21,7,2026
171217,2026-07-21 03:00:00.000,D17,LA MAISON A L'ENVERS,0.00,1.00,1.0,3,0,30,21,7,2026
171241,2026-07-21 04:00:00.000,D17,LA MAISON A L'ENVERS,0.00,1.00,1.0,4,0,30,21,7,2026
171265,2026-07-21 05:00:00.000,D17,LA MAISON A L'ENVERS,0.00,1.00,1.0,5,0,30,21,7,2026
171289,2026-07-21 06:00:00.000,D17,LA MAISON A L'ENVERS,0.00,1.00,1.0,6,0,30,21,7,2026
171313,2026-07-21 07:00:00.000,D17,LA MAISON A L'ENVERS,0.00,0.00,0.0,7,0,30,21,7,2026
171337,2026-07-21 08:00:00.000,D17,LA MAISON A L'ENVERS,0.00,0.00,0.0,8,0,30,21,7,2026
171862,2026-07-21 09:00:00.000,D17,LA MAISON A L'ENVERS,0.00,0.00,0.0,9,0,30,21,7,2026
171886,2026-07-21 10:00:00.000,D17,LA MAISON A L'ENVERS,0.00,0.00,0.0,10,0,30,21,7,2026
171910,2026-07-21 11:00:00.000,D17,LA MAISON A L'ENVERS,0.00,0.80,0.8,11,0,30,21,7,2026
171934,2026-07-21 12:00:00.000,D17,LA MAISON A L'ENVERS,0.00,1.00,1.0,12,0,30,21,7,2026
171958,2026-07-21 13:00:00.000,D17,LA MAISON A L'ENVERS,0.00,1.00,1.0,13,0,30,21,7,2026
171982,2026-07-21 14:00:00.000,D17,LA MAISON A L'ENVERS,0.00,1.00,1.0,14,0,30,21,7,2026
172006,2026-07-21 15:00:00.000,D17,LA MAISON A L'ENVERS,0.00,1.00,1.0,15,0,30,21,7,2026
172030,2026-07-21 16:00:00.000,D17,LA MAISON A L'ENVERS,0.00,1.00,1.0,16,0,30,21,7,2026
172054,2026-07-21 17:00:00.000,D17,LA MAISON A L'ENVERS,0.00,1.00,1.0,17,0,30,21,7,2026
172078,2026-07-21 18:00:00.000,D17,LA MAISON A L'ENVERS,0.00,1.00,1.0,18,0,30,21,7,2026
172102,2026-07-21 19:00:00.000,D17,LA MAISON A L'ENVERS,0.00,1.00,1.0,19,0,30,21,7,2026
172126,2026-07-21 20:00:00.000,D17,LA MAISON A L'ENVERS,0.00,1.00,1.0,20,0,30,21,7,2026
172150,2026-07-21 21:00:00.000,D17,LA MAISON A L'ENVERS,0.00,0.40,0.4,21,0,30,21,7,2026
172174,2026-07-21 22:00:00.000,D17,LA MAISON A L'ENVERS,0.00,0.00,0.0,22,0,30,21,7,2026
172198,2026-07-21 23:00:00.000,D17,LA MAISON A L'ENVERS,0.00,0.00,0.0,23,0,30,21,7,2026
172222,2026-07-22 00:00:00.000,D17,LA MAISON A L'ENVERS,0.00,0.00,0.0,0,0,30,22,7,2026
172246,2026-07-22 01:00:00.000,D17,LA MAISON A L'ENVERS,0.00,0.00,0.0,1,0,30,22,7,2026
172270,2026-07-22 02:00:00.000,D17,LA MAISON A L'ENVERS,0.00,0.00,0.0,2,0,30,22,7,2026
172294,2026-07-22 03:00:00.000,D17,LA MAISON A L'ENVERS,0.00,0.00,0.0,3,0,30,22,7,2026
172318,2026-07-22 04:00:00.000,D17,LA MAISON A L'ENVERS,0.00,0.00,0.0,4,0,30,22,7,2026
172342,2026-07-22 05:00:00.000,D17,LA MAISON A L'ENVERS,0.00,0.00,0.0,5,0,30,22,7,2026
172867,2026-07-22 06:00:00.000,D17,LA MAISON A L'ENVERS,0.00,0.00,0.0,6,0,30,22,7,2026
172891,2026-07-22 08:00:00.000,D17,LA MAISON A L'ENVERS,0.00,0.00,0.0,8,0,30,22,7,2026
172915,2026-07-22 09:00:00.000,D17,LA MAISON A L'ENVERS,0.00,0.00,0.0,9,0,30,22,7,2026
172939,2026-07-22 10:00:00.000,D17,LA MAISON A L'ENVERS,0.00,0.00,0.0,10,0,30,22,7,2026
172963,2026-07-22 11:00:00.000,D17,LA MAISON A L'ENVERS,0.00,0.00,0.0,11,0,30,22,7,2026
172987,2026-07-22 12:00:00.000,D17,LA MAISON A L'ENVERS,0.00,0.00,0.0,12,0,30,22,7,2026
173011,2026-07-22 13:00:00.000,D17,LA MAISON A L'ENVERS,0.00,0.75,0.75,13,0,30,22,7,2026
173035,2026-07-22 14:00:00.000,D17,LA MAISON A L'ENVERS,0.00,1.00,1.0,14,0,30,22,7,2026
173059,2026-07-22 15:00:00.000,D17,LA MAISON A L'ENVERS,0.00,1.00,1.0,15,0,30,22,7,2026
173083,2026-07-22 16:00:00.000,D17,LA MAISON A L'ENVERS,0.00,1.00,1.0,16,0,30,22,7,2026
173107,2026-07-22 17:00:00.000,D17,LA MAISON A L'ENVERS,0.00,1.00,1.0,17,0,30,22,7,2026
173131,2026-07-22 18:00:00.000,D17,LA MAISON A L'ENVERS,0.00,1.00,1.0,18,0,30,22,7,2026
173155,2026-07-22 19:00:00.000,D17,LA MAISON A L'ENVERS,0.00,1.00,1.0,19,0,30,22,7,2026
173179,2026-07-22 20:00:00.000,D17,LA MAISON A L'ENVERS,0.00,1.00,1.0,20,0,30,22,7,2026
173203,2026-07-22 21:00:00.000,D17,LA MAISON A L'ENVERS,0.00,1.00,1.0,21,0,30,22,7,2026
173227,2026-07-22 22:00:00.000,D17,LA MAISON A L'ENVERS,0.00,1.00,1.0,22,0,30,22,7,2026
173251,2026-07-22 23:00:00.000,D17,LA MAISON A L'ENVERS,0.00,1.00,1.0,23,0,30,22,7,2026
173275,2026-07-23 00:00:00.000,D17,LA MAISON A L'ENVERS,0.00,1.00,1.0,0,0,30,23,7,2026
173299,2026-07-23 01:00:00.000,D17,LA MAISON A L'ENVERS,0.00,1.00,1.0,1,0,30,23,7,2026
173323,2026-07-23 02:00:00.000,D17,LA MAISON A L'ENVERS,0.00,1.00,1.0,2,0,30,23,7,2026
173848,2026-07-23 03:00:00.000,D17,LA MAISON A L'ENVERS,0.00,1.00,1.0,3,0,30,23,7,2026
173872,2026-07-23 04:00:00.000,D17,LA MAISON A L'ENVERS,0.00,1.00,1.0,4,0,30,23,7,2026
173896,2026-07-23 05:00:00.000,D17,LA MAISON A L'ENVERS,0.00,1.00,1.0,5,0,30,23,7,2026
173920,2026-07-23 06:00:00.000,D17,LA MAISON A L'ENVERS,0.00,1.00,1.0,6,0,30,23,7,2026
173944,2026-07-23 07:00:00.000,D17,LA MAISON A L'ENVERS,0.00,0.00,0.0,7,0,30,23,7,2026
173968,2026-07-23 08:00:00.000,D17,LA MAISON A L'ENVERS,0.00,0.00,0.0,8,0,30,23,7,2026
173992,2026-07-23 09:00:00.000,D17,LA MAISON A L'ENVERS,0.00,0.00,0.0,9,0,30,23,7,2026
174016,2026-07-23 10:00:00.000,D17,LA MAISON A L'ENVERS,0.00,0.05,0.05,10,0,30,23,7,2026
174040,2026-07-23 11:00:00.000,D17,LA MAISON A L'ENVERS,0.00,1.00,1.0,11,0,30,23,7,2026
174064,2026-07-23 12:00:00.000,D17,LA MAISON A L'ENVERS,0.00,1.00,1.0,12,0,30,23,7,2026
174088,2026-07-23 13:00:00.000,D17,LA MAISON A L'ENVERS,0.00,1.00,1.0,13,0,30,23,7,2026
174112,2026-07-23 14:00:00.000,D17,LA MAISON A L'ENVERS,0.00,1.00,1.0,14,0,30,23,7,2026
174136,2026-07-23 15:00:00.000,D17,LA MAISON A L'ENVERS,0.00,1.00,1.0,15,0,30,23,7,2026
174160,2026-07-23 16:00:00.000,D17,LA MAISON A L'ENVERS,0.00,1.00,1.0,16,0,30,23,7,2026
174184,2026-07-23 17:00:00.000,D17,LA MAISON A L'ENVERS,0.00,1.00,1.0,17,0,30,23,7,2026
174208,2026-07-23 18:00:00.000,D17,LA MAISON A L'ENVERS,0.00,1.00,1.0,18,0,30,23,7,2026
174232,2026-07-23 19:00:00.000,D17,LA MAISON A L'ENVERS,0.00,1.00,1.0,19,0,30,23,7,2026
174256,2026-07-23 20:00:00.000,D17,LA MAISON A L'ENVERS,0.00,1.00,1.0,20,0,30,23,7,2026
174280,2026-07-23 21:00:00.000,D17,LA MAISON A L'ENVERS,0.00,1.00,1.0,21,0,30,23,7,2026
174304,2026-07-23 22:00:00.000,D17,LA MAISON A L'ENVERS,0.00,1.00,1.0,22,0,30,23,7,2026
174328,2026-07-23 23:00:00.000,D17,LA MAISON A L'ENVERS,0.00,1.00,1.0,23,0,30,23,7,2026
174853,2026-07-24 00:00:00.000,D17,LA MAISON A L'ENVERS,0.00,1.00,1.0,0,0,30,24,7,2026
174877,2026-07-24 01:00:00.000,D17,LA MAISON A L'ENVERS,0.00,1.00,1.0,1,0,30,24,7,2026
174901,2026-07-24 02:00:00.000,D17,LA MAISON A L'ENVERS,0.00,1.00,1.0,2,0,30,24,7,2026
174925,2026-07-24 03:00:00.000,D17,LA MAISON A L'ENVERS,0.00,1.00,1.0,3,0,30,24,7,2026
174949,2026-07-24 04:00:00.000,D17,LA MAISON A L'ENVERS,0.00,1.00,1.0,4,0,30,24,7,2026
174973,2026-07-24 05:00:00.000,D17,LA MAISON A L'ENVERS,0.00,1.00,1.0,5,0,30,24,7,2026
174997,2026-07-24 06:00:00.000,D17,LA MAISON A L'ENVERS,0.00,1.00,1.0,6,0,30,24,7,2026
175021,2026-07-24 07:00:00.000,D17,LA MAISON A L'ENVERS,0.00,0.00,0.0,7,0,30,24,7,2026
175045,2026-07-24 08:00:00.000,D17,LA MAISON A L'ENVERS,0.00,0.00,0.0,8,0,30,24,7,2026
175069,2026-07-24 09:00:00.000,D17,LA MAISON A L'ENVERS,0.00,0.00,0.0,9,0,30,24,7,2026
175093,2026-07-24 10:00:00.000,D17,LA MAISON A L'ENVERS,0.00,0.00,0.0,10,0,30,24,7,2026
175117,2026-07-24 11:00:00.000,D17,LA MAISON A L'ENVERS,0.00,0.00,0.0,11,0,30,24,7,2026
175141,2026-07-24 12:00:00.000,D17,LA MAISON A L'ENVERS,0.00,0.00,0.0,12,0,30,24,7,2026
175165,2026-07-24 13:00:00.000,D17,LA MAISON A L'ENVERS,0.00,0.00,0.0,13,0,30,24,7,2026
175189,2026-07-24 14:00:00.000,D17,LA MAISON A L'ENVERS,0.00,0.00,0.0,14,0,30,24,7,2026
175213,2026-07-24 15:00:00.000,D17,LA MAISON A L'ENVERS,0.00,0.00,0.0,15,0,30,24,7,2026
175237,2026-07-24 16:00:00.000,D17,LA MAISON A L'ENVERS,0.00,0.00,0.0,16,0,30,24,7,2026
175261,2026-07-24 17:00:00.000,D17,LA MAISON A L'ENVERS,0.00,0.00,0.0,17,0,30,24,7,2026
175285,2026-07-24 18:00:00.000,D17,LA MAISON A L'ENVERS,0.00,0.00,0.0,18,0,30,24,7,2026
175309,2026-07-24 19:00:00.000,D17,LA MAISON A L'ENVERS,0.00,0.00,0.0,19,0,30,24,7,2026
175333,2026-07-24 20:00:00.000,D17,LA MAISON A L'ENVERS,0.00,0.00,0.0,20,0,30,24,7,2026
175858,2026-07-24 21:00:00.000,D17,LA MAISON A L'ENVERS,0.00,0.00,0.0,21,0,30,24,7,2026
175882,2026-07-24 22:00:00.000,D17,LA MAISON A L'ENVERS,0.00,0.00,0.0,22,0,30,24,7,2026
175906,2026-07-24 23:00:00.000,D17,LA MAISON A L'ENVERS,0.00,0.00,0.0,23,0,30,24,7,2026
175930,2026-07-25 00:00:00.000,D17,LA MAISON A L'ENVERS,0.00,0.00,0.0,0,0,30,25,7,2026
175954,2026-07-25 01:00:00.000,D17,LA MAISON A L'ENVERS,0.00,0.00,0.0,1,0,30,25,7,2026
175978,2026-07-25 02:00:00.000,D17,LA MAISON A L'ENVERS,0.00,0.00,0.0,2,0,30,25,7,2026
176002,2026-07-25 03:00:00.000,D17,LA MAISON A L'ENVERS,0.00,0.00,0.0,3,0,30,25,7,2026
176026,2026-07-25 04:00:00.000,D17,LA MAISON A L'ENVERS,0.00,0.00,0.0,4,0,30,25,7,2026
176050,2026-07-25 05:00:00.000,D17,LA MAISON A L'ENVERS,0.00,0.00,0.0,5,0,30,25,7,2026
176074,2026-07-25 06:00:00.000,D17,LA MAISON A L'ENVERS,0.00,0.00,0.0,6,0,30,25,7,2026
176098,2026-07-25 07:00:00.000,D17,LA MAISON A L'ENVERS,0.00,0.00,0.0,7,0,30,25,7,2026
176122,2026-07-25 08:00:00.000,D17,LA MAISON A L'ENVERS,0.00,0.00,0.0,8,0,30,25,7,2026
176146,2026-07-25 09:00:00.000,D17,LA MAISON A L'ENVERS,0.00,0.00,0.0,9,0,30,25,7,2026
176170,2026-07-25 10:00:00.000,D17,LA MAISON A L'ENVERS,0.00,0.00,0.0,10,0,30,25,7,2026
176194,2026-07-25 11:00:00.000,D17,LA MAISON A L'ENVERS,0.00,1.00,1.0,11,0,30,25,7,2026
176218,2026-07-25 12:00:00.000,D17,LA MAISON A L'ENVERS,0.00,1.00,1.0,12,0,30,25,7,2026
176242,2026-07-25 13:00:00.000,D17,LA MAISON A L'ENVERS,0.00,1.00,1.0,13,0,30,25,7,2026
176266,2026-07-25 14:00:00.000,D17,LA MAISON A L'ENVERS,0.00,1.00,1.0,14,0,30,25,7,2026
176290,2026-07-25 15:00:00.000,D17,LA MAISON A L'ENVERS,0.00,1.00,1.0,15,0,30,25,7,2026
176314,2026-07-25 16:00:00.000,D17,LA MAISON A L'ENVERS,0.00,1.00,1.0,16,0,30,25,7,2026
176338,2026-07-25 17:00:00.000,D17,LA MAISON A L'ENVERS,0.00,1.00,1.0,17,0,30,25,7,2026
176863,2026-07-25 18:00:00.000,D17,LA MAISON A L'ENVERS,0.00,1.00,1.0,18,0,30,25,7,2026
176887,2026-07-25 19:00:00.000,D17,LA MAISON A L'ENVERS,0.00,1.00,1.0,19,0,30,25,7,2026
176911,2026-07-25 20:00:00.000,D17,LA MAISON A L'ENVERS,0.00,1.00,1.0,20,0,30,25,7,2026
176935,2026-07-25 21:00:00.000,D17,LA MAISON A L'ENVERS,0.00,1.00,1.0,21,0,30,25,7,2026
176959,2026-07-25 22:00:00.000,D17,LA MAISON A L'ENVERS,0.00,0.00,0.0,22,0,30,25,7,2026
176983,2026-07-25 23:00:00.000,D17,LA MAISON A L'ENVERS,0.00,0.00,0.0,23,0,30,25,7,2026
177007,2026-07-26 00:00:00.000,D17,LA MAISON A L'ENVERS,0.00,0.00,0.0,0,0,31,26,7,2026
177031,2026-07-26 01:00:00.000,D17,LA MAISON A L'ENVERS,0.00,0.00,0.0,1,0,31,26,7,2026
177055,2026-07-26 02:00:00.000,D17,LA MAISON A L'ENVERS,0.00,0.00,0.0,2,0,31,26,7,2026
177079,2026-07-26 03:00:00.000,D17,LA MAISON A L'ENVERS,0.00,0.00,0.0,3,0,31,26,7,2026
177103,2026-07-26 04:00:00.000,D17,LA MAISON A L'ENVERS,0.00,0.00,0.0,4,0,31,26,7,2026
177127,2026-07-26 05:00:00.000,D17,LA MAISON A L'ENVERS,0.00,0.00,0.0,5,0,31,26,7,2026
177151,2026-07-26 06:00:00.000,D17,LA MAISON A L'ENVERS,0.00,0.00,0.0,6,0,31,26,7,2026
177175,2026-07-26 07:00:00.000,D17,LA MAISON A L'ENVERS,0.00,0.00,0.0,7,0,31,26,7,2026
177199,2026-07-26 08:00:00.000,D17,LA MAISON A L'ENVERS,0.00,0.00,0.0,8,0,31,26,7,2026
177223,2026-07-26 09:00:00.000,D17,LA MAISON A L'ENVERS,0.00,0.00,0.0,9,0,31,26,7,2026
177247,2026-07-26 10:00:00.000,D17,LA MAISON A L'ENVERS,0.00,0.05,0.05,10,0,31,26,7,2026
177271,2026-07-26 11:00:00.000,D17,LA MAISON A L'ENVERS,0.00,1.00,1.0,11,0,31,26,7,2026
177295,2026-07-26 12:00:00.000,D17,LA MAISON A L'ENVERS,0.00,1.00,1.0,12,0,31,26,7,2026
177319,2026-07-26 13:00:00.000,D17,LA MAISON A L'ENVERS,0.00,1.00,1.0,13,0,31,26,7,2026
177343,2026-07-26 14:00:00.000,D17,LA MAISON A L'ENVERS,0.00,1.00,1.0,14,0,31,26,7,2026
177868,2026-07-26 15:00:00.000,D17,LA MAISON A L'ENVERS,0.00,1.00,1.0,15,0,31,26,7,2026
177892,2026-07-26 16:00:00.000,D17,LA MAISON A L'ENVERS,0.00,1.00,1.0,16,0,31,26,7,2026
177916,2026-07-26 17:00:00.000,D17,LA MAISON A L'ENVERS,0.00,1.00,1.0,17,0,31,26,7,2026
177940,2026-07-26 18:00:00.000,D17,LA MAISON A L'ENVERS,0.00,1.00,1.0,18,0,31,26,7,2026
177964,2026-07-26 19:00:00.000,D17,LA MAISON A L'ENVERS,0.00,1.00,1.0,19,0,31,26,7,2026
177988,2026-07-26 20:00:00.000,D17,LA MAISON A L'ENVERS,0.00,1.00,1.0,20,0,31,26,7,2026
178012,2026-07-26 21:00:00.000,D17,LA MAISON A L'ENVERS,0.00,0.00,0.0,21,0,31,26,7,2026
178036,2026-07-26 22:00:00.000,D17,LA MAISON A L'ENVERS,0.00,0.00,0.0,22,0,31,26,7,2026
178060,2026-07-26 23:00:00.000,D17,LA MAISON A L'ENVERS,0.00,0.00,0.0,23,0,31,26,7,2026
178084,2026-07-27 00:00:00.000,D17,LA MAISON A L'ENVERS,0.00,0.00,0.0,0,0,31,27,7,2026
178108,2026-07-27 01:00:00.000,D17,LA MAISON A L'ENVERS,0.00,0.00,0.0,1,0,31,27,7,2026
178132,2026-07-27 02:00:00.000,D17,LA MAISON A L'ENVERS,0.00,0.00,0.0,2,0,31,27,7,2026
178156,2026-07-27 03:00:00.000,D17,LA MAISON A L'ENVERS,0.00,0.00,0.0,3,0,31,27,7,2026
178180,2026-07-27 04:00:00.000,D17,LA MAISON A L'ENVERS,0.00,0.00,0.0,4,0,31,27,7,2026
178204,2026-07-27 05:00:00.000,D17,LA MAISON A L'ENVERS,0.00,0.00,0.0,5,0,31,27,7,2026
178228,2026-07-27 06:00:00.000,D17,LA MAISON A L'ENVERS,0.00,0.00,0.0,6,0,31,27,7,2026
178252,2026-07-27 07:00:00.000,D17,LA MAISON A L'ENVERS,0.00,0.00,0.0,7,0,31,27,7,2026
178275,2026-07-27 08:00:00.000,D17,LA MAISON A L'ENVERS,0.00,0.00,0.0,8,0,31,27,7,2026
178298,2026-07-27 09:00:00.000,D17,LA MAISON A L'ENVERS,0.00,0.00,0.0,9,0,31,27,7,2026
178322,2026-07-27 10:00:00.000,D17,LA MAISON A L'ENVERS,0.00,0.00,0.0,10,0,31,27,7,2026
178346,2026-07-27 11:00:00.000,D17,LA MAISON A L'ENVERS,0.00,0.85,0.85,11,0,31,27,7,2026
178871,2026-07-27 12:00:00.000,D17,LA MAISON A L'ENVERS,0.00,1.00,1.0,12,0,31,27,7,2026
178895,2026-07-27 13:00:00.000,D17,LA MAISON A L'ENVERS,0.00,1.00,1.0,13,0,31,27,7,2026
178919,2026-07-27 14:00:00.000,D17,LA MAISON A L'ENVERS,0.00,1.00,1.0,14,0,31,27,7,2026
178943,2026-07-27 15:00:00.000,D17,LA MAISON A L'ENVERS,0.00,1.00,1.0,15,0,31,27,7,2026
178967,2026-07-27 16:00:00.000,D17,LA MAISON A L'ENVERS,0.00,1.00,1.0,16,0,31,27,7,2026
178991,2026-07-27 17:00:00.000,D17,LA MAISON A L'ENVERS,0.00,1.00,1.0,17,0,31,27,7,2026
179015,2026-07-27 18:00:00.000,D17,LA MAISON A L'ENVERS,0.00,1.00,1.0,18,0,31,27,7,2026
179039,2026-07-27 19:00:00.000,D17,LA MAISON A L'ENVERS,0.00,1.00,1.0,19,0,31,27,7,2026
179063,2026-07-27 20:00:00.000,D17,LA MAISON A L'ENVERS,0.00,1.00,1.0,20,0,31,27,7,2026
179087,2026-07-27 21:00:00.000,D17,LA MAISON A L'ENVERS,0.00,1.00,1.0,21,0,31,27,7,2026
179111,2026-07-27 22:00:00.000,D17,LA MAISON A L'ENVERS,0.00,1.00,1.0,22,0,31,27,7,2026
179135,2026-07-27 23:00:00.000,D17,LA MAISON A L'ENVERS,0.00,1.00,1.0,23,0,31,27,7,2026
179159,2026-07-28 00:00:00.000,D17,LA MAISON A L'ENVERS,0.00,1.00,1.0,0,0,31,28,7,2026
179183,2026-07-28 01:00:00.000,D17,LA MAISON A L'ENVERS,0.00,1.00,1.0,1,0,31,28,7,2026
179207,2026-07-28 02:00:00.000,D17,LA MAISON A L'ENVERS,0.00,1.00,1.0,2,0,31,28,7,2026
179231,2026-07-28 03:00:00.000,D17,LA MAISON A L'ENVERS,0.00,1.00,1.0,3,0,31,28,7,2026
179255,2026-07-28 04:00:00.000,D17,LA MAISON A L'ENVERS,0.00,1.00,1.0,4,0,31,28,7,2026
179279,2026-07-28 05:00:00.000,D17,LA MAISON A L'ENVERS,0.00,1.00,1.0,5,0,31,28,7,2026
179303,2026-07-28 06:00:00.000,D17,LA MAISON A L'ENVERS,0.00,1.00,1.0,6,0,31,28,7,2026
179327,2026-07-28 07:00:00.000,D17,LA MAISON A L'ENVERS,0.00,0.00,0.0,7,0,31,28,7,2026
179351,2026-07-28 08:00:00.000,D17,LA MAISON A L'ENVERS,0.00,0.00,0.0,8,0,31,28,7,2026
179876,2026-07-28 09:00:00.000,D17,LA MAISON A L'ENVERS,0.00,0.00,0.0,9,0,31,28,7,2026
179900,2026-07-28 10:00:00.000,D17,LA MAISON A L'ENVERS,0.00,0.00,0.0,10,0,31,28,7,2026
179924,2026-07-28 11:00:00.000,D17,LA MAISON A L'ENVERS,0.00,0.95,0.95,11,0,31,28,7,2026
179948,2026-07-28 12:00:00.000,D17,LA MAISON A L'ENVERS,0.00,1.00,1.0,12,0,31,28,7,2026
179972,2026-07-28 13:00:00.000,D17,LA MAISON A L'ENVERS,0.00,1.00,1.0,13,0,31,28,7,2026
179996,2026-07-28 14:00:00.000,D17,LA MAISON A L'ENVERS,0.00,1.00,1.0,14,0,31,28,7,2026
180020,2026-07-28 15:00:00.000,D17,LA MAISON A L'ENVERS,0.00,1.00,1.0,15,0,31,28,7,2026
180044,2026-07-28 16:00:00.000,D17,LA MAISON A L'ENVERS,0.00,1.00,1.0,16,0,31,28,7,2026
180068,2026-07-28 17:00:00.000,D17,LA MAISON A L'ENVERS,0.00,1.00,1.0,17,0,31,28,7,2026
180092,2026-07-28 18:00:00.000,D17,LA MAISON A L'ENVERS,0.00,1.00,1.0,18,0,31,28,7,2026
180116,2026-07-28 19:00:00.000,D17,LA MAISON A L'ENVERS,0.00,1.00,1.0,19,0,31,28,7,2026
180140,2026-07-28 20:00:00.000,D17,LA MAISON A L'ENVERS,0.00,1.00,1.0,20,0,31,28,7,2026
180164,2026-07-28 21:00:00.000,D17,LA MAISON A L'ENVERS,0.00,0.00,0.0,21,0,31,28,7,2026
180188,2026-07-28 22:00:00.000,D17,LA MAISON A L'ENVERS,0.00,0.00,0.0,22,0,31,28,7,2026
180212,2026-07-28 23:00:00.000,D17,LA MAISON A L'ENVERS,0.00,0.00,0.0,23,0,31,28,7,2026
180236,2026-07-29 00:00:00.000,D17,LA MAISON A L'ENVERS,0.00,0.00,0.0,0,0,31,29,7,2026
180260,2026-07-29 01:00:00.000,D17,LA MAISON A L'ENVERS,0.00,0.00,0.0,1,0,31,29,7,2026
180284,2026-07-29 02:00:00.000,D17,LA MAISON A L'ENVERS,0.00,0.00,0.0,2,0,31,29,7,2026
180308,2026-07-29 03:00:00.000,D17,LA MAISON A L'ENVERS,0.00,0.00,0.0,3,0,31,29,7,2026
180332,2026-07-29 04:00:00.000,D17,LA MAISON A L'ENVERS,0.00,0.00,0.0,4,0,31,29,7,2026
180356,2026-07-29 05:00:00.000,D17,LA MAISON A L'ENVERS,0.00,0.00,0.0,5,0,31,29,7,2026
180881,2026-07-29 06:00:00.000,D17,LA MAISON A L'ENVERS,0.00,0.00,0.0,6,0,31,29,7,2026
180905,2026-07-29 07:00:00.000,D17,LA MAISON A L'ENVERS,0.00,0.00,0.0,7,0,31,29,7,2026
180929,2026-07-29 08:00:00.000,D17,LA MAISON A L'ENVERS,0.00,0.00,0.0,8,0,31,29,7,2026
180953,2026-07-29 09:00:00.000,D17,LA MAISON A L'ENVERS,0.00,0.00,0.0,9,0,31,29,7,2026
180977,2026-07-29 10:00:00.000,D17,LA MAISON A L'ENVERS,0.00,0.00,0.0,10,0,31,29,7,2026
181001,2026-07-29 11:00:00.000,D17,LA MAISON A L'ENVERS,0.00,1.00,1.0,11,0,31,29,7,2026
181025,2026-07-29 12:00:00.000,D17,LA MAISON A L'ENVERS,0.00,1.00,1.0,12,0,31,29,7,2026
181049,2026-07-29 13:00:00.000,D17,LA MAISON A L'ENVERS,0.00,1.00,1.0,13,0,31,29,7,2026
181073,2026-07-29 14:00:00.000,D17,LA MAISON A L'ENVERS,0.00,1.00,1.0,14,0,31,29,7,2026
181097,2026-07-29 15:00:00.000,D17,LA MAISON A L'ENVERS,0.70,0.35,0.0,15,0,31,29,7,2026
181121,2026-07-29 16:00:00.000,D17,LA MAISON A L'ENVERS,1.00,0.00,0.0,16,0,31,29,7,2026
181145,2026-07-29 17:00:00.000,D17,LA MAISON A L'ENVERS,1.00,0.00,0.0,17,0,31,29,7,2026
181169,2026-07-29 18:00:00.000,D17,LA MAISON A L'ENVERS,1.00,0.00,0.0,18,0,31,29,7,2026
181193,2026-07-29 19:00:00.000,D17,LA MAISON A L'ENVERS,1.00,0.00,0.0,19,0,31,29,7,2026
181217,2026-07-29 20:00:00.000,D17,LA MAISON A L'ENVERS,1.00,0.00,0.0,20,0,31,29,7,2026
181241,2026-07-29 21:00:00.000,D17,LA MAISON A L'ENVERS,1.00,0.00,0.0,21,0,31,29,7,2026
181265,2026-07-29 22:00:00.000,D17,LA MAISON A L'ENVERS,1.00,0.00,0.0,22,0,31,29,7,2026
181289,2026-07-29 23:00:00.000,D17,LA MAISON A L'ENVERS,1.00,0.00,0.0,23,0,31,29,7,2026
181313,2026-07-30 00:00:00.000,D17,LA MAISON A L'ENVERS,1.00,0.00,0.0,0,0,31,30,7,2026
181337,2026-07-30 01:00:00.000,D17,LA MAISON A L'ENVERS,1.00,0.00,0.0,1,0,31,30,7,2026
181361,2026-07-30 02:00:00.000,D17,LA MAISON A L'ENVERS,1.00,0.00,0.0,2,0,31,30,7,2026
181886,2026-07-30 03:00:00.000,D17,LA MAISON A L'ENVERS,1.00,0.00,0.0,3,0,31,30,7,2026
181910,2026-07-30 04:00:00.000,D17,LA MAISON A L'ENVERS,1.00,0.00,0.0,4,0,31,30,7,2026
181934,2026-07-30 05:00:00.000,D17,LA MAISON A L'ENVERS,1.00,0.00,0.0,5,0,31,30,7,2026
181958,2026-07-30 06:00:00.000,D17,LA MAISON A L'ENVERS,1.00,0.00,0.0,6,0,31,30,7,2026
181982,2026-07-30 07:00:00.000,D17,LA MAISON A L'ENVERS,1.00,0.00,0.0,7,0,31,30,7,2026
182006,2026-07-30 08:00:00.000,D17,LA MAISON A L'ENVERS,1.00,0.00,0.0,8,0,31,30,7,2026
182030,2026-07-30 09:00:00.000,D17,LA MAISON A L'ENVERS,1.00,0.00,0.0,9,0,31,30,7,2026
182054,2026-07-30 10:00:00.000,D17,LA MAISON A L'ENVERS,1.00,0.05,0.0,10,0,31,30,7,2026
182078,2026-07-30 11:00:00.000,D17,LA MAISON A L'ENVERS,0.00,1.00,1.0,11,0,31,30,7,2026
182102,2026-07-30 12:00:00.000,D17,LA MAISON A L'ENVERS,0.00,1.00,1.0,12,0,31,30,7,2026
182126,2026-07-30 13:00:00.000,D17,LA MAISON A L'ENVERS,0.00,1.00,1.0,13,0,31,30,7,2026
182150,2026-07-30 14:00:00.000,D17,LA MAISON A L'ENVERS,0.00,1.00,1.0,14,0,31,30,7,2026
182174,2026-07-30 15:00:00.000,D17,LA MAISON A L'ENVERS,0.00,1.00,1.0,15,0,31,30,7,2026
182198,2026-07-30 16:00:00.000,D17,LA MAISON A L'ENVERS,0.00,1.00,1.0,16,0,31,30,7,2026
182222,2026-07-30 17:00:00.000,D17,LA MAISON A L'ENVERS,0.20,0.85,0.65,17,0,31,30,7,2026
182246,2026-07-30 18:00:00.000,D17,LA MAISON A L'ENVERS,1.00,0.00,0.0,18,0,31,30,7,2026
182270,2026-07-30 19:00:00.000,D17,LA MAISON A L'ENVERS,1.00,0.00,0.0,19,0,31,30,7,2026
182294,2026-07-30 20:00:00.000,D17,LA MAISON A L'ENVERS,1.00,0.00,0.0,20,0,31,30,7,2026
182318,2026-07-30 21:00:00.000,D17,LA MAISON A L'ENVERS,1.00,0.00,0.0,21,0,31,30,7,2026
182342,2026-07-30 22:00:00.000,D17,LA MAISON A L'ENVERS,1.00,0.00,0.0,22,0,31,30,7,2026
182867,2026-07-30 23:00:00.000,D17,LA MAISON A L'ENVERS,1.00,0.00,0.0,23,0,31,30,7,2026
182891,2026-07-31 00:00:00.000,D17,LA MAISON A L'ENVERS,1.00,0.00,0.0,0,0,31,31,7,2026
182915,2026-07-31 01:00:00.000,D17,LA MAISON A L'ENVERS,1.00,0.00,0.0,1,0,31,31,7,2026
182939,2026-07-31 02:00:00.000,D17,LA MAISON A L'ENVERS,1.00,0.00,0.0,2,0,31,31,7,2026
182963,2026-07-31 03:00:00.000,D17,LA MAISON A L'ENVERS,1.00,0.00,0.0,3,0,31,31,7,2026
