id,date,id_attraction,attraction_name,interrompu,ouvert,operation,hour,min,week,day,month,year
230609,2025-05-26 10:00:00.000,H24,MISSION BERMUDES,0.00,1.00,1.0,10,0,22,26,5,2025
230624,2025-05-26 11:00:00.000,H24,MISSION BERMUDES,0.00,0.05,0.05,11,0,22,26,5,2025
230639,2025-05-26 12:00:00.000,H24,MISSION BERMUDES,0.00,0.00,0.0,12,0,22,26,5,2025
230654,2025-05-26 13:00:00.000,H24,MISSION BERMUDES,0.00,0.00,0.0,13,0,22,26,5,2025
230669,2025-05-26 14:00:00.000,H24,MISSION BERMUDES,0.00,0.00,0.0,14,0,22,26,5,2025
230684,2025-05-26 15:00:00.000,H24,MISSION BERMUDES,0.00,0.00,0.0,15,0,22,26,5,2025
230699,2025-05-26 16:00:00.000,H24,MISSION BERMUDES,0.00,0.00,0.0,16,0,22,26,5,2025
230714,2025-05-26 17:00:00.000,H24,MISSION BERMUDES,0.00,0.00,0.0,17,0,22,26,5,2025
230729,2025-05-26 18:00:00.000,H24,MISSION BERMUDES,0.00,0.00,0.0,18,0,22,26,5,2025
230744,2025-05-26 19:00:00.000,H24,MISSION BERMUDES,0.00,0.00,0.0,19,0,22,26,5,2025
230759,2025-05-26 20:00:00.000,H24,MISSION BERMUDES,0.00,0.00,0.0,20,0,22,26,5,2025
230774,2025-05-26 21:00:00.000,H24,MISSION BERMUDES,0.00,0.00,0.0,21,0,22,26,5,2025
230789,2025-05-26 22:00:00.000,H24,MISSION BERMUDES,0.00,0.00,0.0,22,0,22,26,5,2025
230804,2025-05-26 23:00:00.000,H24,MISSION BERMUDES,0.00,0.00,0.0,23,0,22,26,5,2025
230819,2025-05-27 00:00:00.000,H24,MISSION BERMUDES,0.00,0.00,0.0,0,0,22,27,5,2025
230834,2025-05-27 01:00:00.000,H24,MISSION BERMUDES,0.00,0.00,0.0,1,0,22,27,5,2025
230849,2025-05-27 02:00:00.000,H24,MISSION BERMUDES,0.00,0.00,0.0,2,0,22,27,5,2025
230864,2025-05-27 03:00:00.000,H24,MISSION BERMUDES,0.00,0.00,0.0,3,0,22,27,5,2025
230879,2025-05-27 04:00:00.000,H24,MISSION BERMUDES,0.00,0.00,0.0,4,0,22,27,5,2025
230894,2025-05-27 05:00:00.000,H24,MISSION BERMUDES,0.00,0.00,0.0,5,0,22,27,5,2025
230909,2025-05-27 06:00:00.000,H24,MISSION BERMUDES,0.00,0.00,0.0,6,0,22,27,5,2025
230949,2025-05-27 09:00:00.000,H24,MISSION BERMUDES,0.00,0.35,0.35,9,0,22,27,5,2025
230963,2025-05-27 10:00:00.000,H24,MISSION BERMUDES,0.00,0.00,0.0,10,0,22,27,5,2025
230977,2025-05-27 11:00:00.000,H24,MISSION BERMUDES,0.00,0.00,0.0,11,0,22,27,5,2025
230991,2025-05-27 12:00:00.000,H24,MISSION BERMUDES,0.00,0.00,0.0,12,0,22,27,5,2025
231005,2025-05-27 13:00:00.000,H24,MISSION BERMUDES,0.00,0.00,0.0,13,0,22,27,5,2025
231019,2025-05-27 14:00:00.000,H24,MISSION BERMUDES,0.00,0.00,0.0,14,0,22,27,5,2025
231033,2025-05-27 15:00:00.000,H24,MISSION BERMUDES,0.00,0.00,0.0,15,0,22,27,5,2025
231047,2025-05-27 16:00:00.000,H24,MISSION BERMUDES,0.00,0.00,0.0,16,0,22,27,5,2025
231061,2025-05-27 17:00:00.000,H24,MISSION BERMUDES,0.00,0.00,0.0,17,0,22,27,5,2025
231075,2025-05-27 18:00:00.000,H24,MISSION BERMUDES,0.00,0.00,0.0,18,0,22,27,5,2025
231089,2025-05-27 19:00:00.000,H24,MISSION BERMUDES,0.00,0.00,0.0,19,0,22,27,5,2025
231103,2025-05-27 20:00:00.000,H24,MISSION BERMUDES,0.00,0.00,0.0,20,0,22,27,5,2025
231117,2025-05-27 21:00:00.000,H24,MISSION BERMUDES,0.00,0.00,0.0,21,0,22,27,5,2025
231131,2025-05-27 22:00:00.000,H24,MISSION BERMUDES,0.00,0.00,0.0,22,0,22,27,5,2025
231145,2025-05-27 23:00:00.000,H24,MISSION BERMUDES,0.00,0.00,0.0,23,0,22,27,5,2025
231159,2025-05-28 00:00:00.000,H24,MISSION BERMUDES,0.00,0.00,0.0,0,0,22,28,5,2025
231173,2025-05-28 01:00:00.000,H24,MISSION BERMUDES,0.00,0.00,0.0,1,0,22,28,5,2025
231187,2025-05-28 02:00:00.000,H24,MISSION BERMUDES,0.00,0.00,0.0,2,0,22,28,5,2025
231201,2025-05-28 03:00:00.000,H24,MISSION BERMUDES,0.00,0.00,0.0,3,0,22,28,5,2025
231215,2025-05-28 04:00:00.000,H24,MISSION BERMUDES,0.00,0.00,0.0,4,0,22,28,5,2025
231229,2025-05-28 05:00:00.000,H24,MISSION BERMUDES,0.00,0.00,0.0,5,0,22,28,5,2025
231243,2025-05-28 06:00:00.000,H24,MISSION BERMUDES,0.00,0.00,0.0,6,0,22,28,5,2025
234402,2025-06-06 07:00:00.000,H24,MISSION BERMUDES,0.00,0.00,0.0,7,0,23,6,6,2025
234417,2025-06-06 08:00:00.000,H24,MISSION BERMUDES,0.00,0.00,0.0,8,0,23,6,6,2025
234432,2025-06-06 09:00:00.000,H24,MISSION BERMUDES,0.05,0.65,0.6,9,0,23,6,6,2025
234447,2025-06-06 10:00:00.000,H24,MISSION BERMUDES,0.00,0.00,0.0,10,0,23,6,6,2025
234462,2025-06-06 11:00:00.000,H24,MISSION BERMUDES,0.00,0.00,0.0,11,0,23,6,6,2025
234477,2025-06-06 12:00:00.000,H24,MISSION BERMUDES,0.00,0.00,0.0,12,0,23,6,6,2025
234492,2025-06-06 13:00:00.000,H24,MISSION BERMUDES,0.00,0.00,0.0,13,0,23,6,6,2025
234507,2025-06-06 14:00:00.000,H24,MISSION BERMUDES,0.00,0.00,0.0,14,0,23,6,6,2025
234522,2025-06-06 15:00:00.000,H24,MISSION BERMUDES,0.00,0.00,0.0,15,0,23,6,6,2025
234537,2025-06-06 16:00:00.000,H24,MISSION BERMUDES,0.00,0.00,0.0,16,0,23,6,6,2025
234552,2025-06-06 17:00:00.000,H24,MISSION BERMUDES,0.00,0.00,0.0,17,0,23,6,6,2025
234567,2025-06-06 18:00:00.000,H24,MISSION BERMUDES,0.00,0.00,0.0,18,0,23,6,6,2025
234582,2025-06-06 19:00:00.000,H24,MISSION BERMUDES,0.00,0.00,0.0,19,0,23,6,6,2025
234597,2025-06-06 20:00:00.000,H24,MISSION BERMUDES,0.00,0.00,0.0,20,0,23,6,6,2025
234612,2025-06-06 21:00:00.000,H24,MISSION BERMUDES,0.00,0.00,0.0,21,0,23,6,6,2025
234627,2025-06-06 22:00:00.000,H24,MISSION BERMUDES,0.00,0.00,0.0,22,0,23,6,6,2025
234642,2025-06-06 23:00:00.000,H24,MISSION BERMUDES,0.00,0.00,0.0,23,0,23,6,6,2025
234657,2025-06-07 00:00:00.000,H24,MISSION BERMUDES,0.00,0.00,0.0,0,0,23,7,6,2025
234672,2025-06-07 01:00:00.000,H24,MISSION BERMUDES,0.00,0.00,0.0,1,0,23,7,6,2025
234687,2025-06-07 02:00:00.000,H24,MISSION BERMUDES,0.00,0.00,0.0,2,0,23,7,6,2025
234702,2025-06-07 03:00:00.000,H24,MISSION BERMUDES,0.00,0.00,0.0,3,0,23,7,6,2025
234717,2025-06-07 04:00:00.000,H24,MISSION BERMUDES,0.00,0.00,0.0,4,0,23,7,6,2025
234732,2025-06-07 05:00:00.000,H24,MISSION BERMUDES,0.00,0.00,0.0,5,0,23,7,6,2025
234747,2025-06-07 06:00:00.000,H24,MISSION BERMUDES,0.00,0.00,0.0,6,0,23,7,6,2025
240087,2025-06-22 15:00:00.000,H24,MISSION BERMUDES,0.00,1.00,1.0,15,0,26,22,6,2025
240104,2025-06-22 16:00:00.000,H24,MISSION BERMUDES,0.25,0.55,0.3,16,0,26,22,6,2025
240121,2025-06-22 17:00:00.000,H24,MISSION BERMUDES,0.00,0.00,0.0,17,0,26,22,6,2025
240138,2025-06-22 18:00:00.000,H24,MISSION BERMUDES,0.00,0.00,0.0,18,0,26,22,6,2025
240155,2025-06-22 19:00:00.000,H24,MISSION BERMUDES,0.00,0.00,0.0,19,0,26,22,6,2025
240172,2025-06-22 20:00:00.000,H24,MISSION BERMUDES,0.00,0.00,0.0,20,0,26,22,6,2025
240189,2025-06-22 21:00:00.000,H24,MISSION BERMUDES,0.00,0.00,0.0,21,0,26,22,6,2025
240206,2025-06-22 22:00:00.000,H24,MISSION BERMUDES,0.00,0.00,0.0,22,0,26,22,6,2025
240223,2025-06-22 23:00:00.000,H24,MISSION BERMUDES,0.00,0.00,0.0,23,0,26,22,6,2025
240240,2025-06-23 00:00:00.000,H24,MISSION BERMUDES,0.00,0.00,0.0,0,0,26,23,6,2025
240257,2025-06-23 01:00:00.000,H24,MISSION BERMUDES,0.00,0.00,0.0,1,0,26,23,6,2025
240274,2025-06-23 02:00:00.000,H24,MISSION BERMUDES,0.00,0.00,0.0,2,0,26,23,6,2025
240291,2025-06-23 03:00:00.000,H24,MISSION BERMUDES,0.00,0.00,0.0,3,0,26,23,6,2025
240308,2025-06-23 04:00:00.000,H24,MISSION BERMUDES,0.00,0.00,0.0,4,0,26,23,6,2025
240325,2025-06-23 05:00:00.000,H24,MISSION BERMUDES,0.00,0.00,0.0,5,0,26,23,6,2025
240342,2025-06-23 06:00:00.000,H24,MISSION BERMUDES,0.00,0.00,0.0,6,0,26,23,6,2025
242039,2025-06-28 07:00:00.000,H24,MISSION BERMUDES,0.00,0.00,0.0,7,0,26,28,6,2025
242056,2025-06-28 08:00:00.000,H24,MISSION BERMUDES,0.00,0.00,0.0,8,0,26,28,6,2025
242073,2025-06-28 09:00:00.000,H24,MISSION BERMUDES,0.00,0.00,0.0,9,0,26,28,6,2025
242090,2025-06-28 10:00:00.000,H24,MISSION BERMUDES,0.00,1.00,1.0,10,0,26,28,6,2025
242107,2025-06-28 11:00:00.000,H24,MISSION BERMUDES,0.00,1.00,1.0,11,0,26,28,6,2025
242124,2025-06-28 12:00:00.000,H24,MISSION BERMUDES,0.45,1.00,0.55,12,0,26,28,6,2025
242141,2025-06-28 13:00:00.000,H24,MISSION BERMUDES,0.95,1.00,0.05,13,0,26,28,6,2025
242158,2025-06-28 14:00:00.000,H24,MISSION BERMUDES,0.00,1.00,1.0,14,0,26,28,6,2025
242175,2025-06-28 15:00:00.000,H24,MISSION BERMUDES,0.00,1.00,1.0,15,0,26,28,6,2025
242192,2025-06-28 16:00:00.000,H24,MISSION BERMUDES,0.00,1.00,1.0,16,0,26,28,6,2025
242209,2025-06-28 17:00:00.000,H24,MISSION BERMUDES,0.70,1.00,0.3,17,0,26,28,6,2025
242226,2025-06-28 18:00:00.000,H24,MISSION BERMUDES,1.00,1.00,0.0,18,0,26,28,6,2025
242243,2025-06-28 19:00:00.000,H24,MISSION BERMUDES,1.00,1.00,0.0,19,0,26,28,6,2025
242260,2025-06-28 20:00:00.000,H24,MISSION BERMUDES,1.00,1.00,0.0,20,0,26,28,6,2025
242277,2025-06-28 21:00:00.000,H24,MISSION BERMUDES,1.00,0.05,0.0,21,0,26,28,6,2025
242294,2025-06-28 22:00:00.000,H24,MISSION BERMUDES,1.00,0.00,0.0,22,0,26,28,6,2025
242311,2025-06-28 23:00:00.000,H24,MISSION BERMUDES,1.00,0.00,0.0,23,0,26,28,6,2025
242328,2025-06-29 00:00:00.000,H24,MISSION BERMUDES,1.00,0.00,0.0,0,0,27,29,6,2025
242345,2025-06-29 01:00:00.000,H24,MISSION BERMUDES,1.00,0.00,0.0,1,0,27,29,6,2025
242362,2025-06-29 02:00:00.000,H24,MISSION BERMUDES,1.00,0.00,0.0,2,0,27,29,6,2025
242379,2025-06-29 03:00:00.000,H24,MISSION BERMUDES,1.00,0.00,0.0,3,0,27,29,6,2025
242396,2025-06-29 04:00:00.000,H24,MISSION BERMUDES,1.00,0.00,0.0,4,0,27,29,6,2025
242413,2025-06-29 05:00:00.000,H24,MISSION BERMUDES,1.00,0.00,0.0,5,0,27,29,6,2025
242430,2025-06-29 06:00:00.000,H24,MISSION BERMUDES,1.00,0.00,0.0,6,0,27,29,6,2025
242447,2025-06-29 07:00:00.000,H24,MISSION BERMUDES,1.00,0.00,0.0,7,0,27,29,6,2025
242464,2025-06-29 08:00:00.000,H24,MISSION BERMUDES,1.00,0.00,0.0,8,0,27,29,6,2025
242481,2025-06-29 09:00:00.000,H24,MISSION BERMUDES,1.00,0.00,0.0,9,0,27,29,6,2025
242498,2025-06-29 10:00:00.000,H24,MISSION BERMUDES,0.20,1.00,0.8,10,0,27,29,6,2025
242515,2025-06-29 11:00:00.000,H24,MISSION BERMUDES,0.00,1.00,1.0,11,0,27,29,6,2025
242532,2025-06-29 12:00:00.000,H24,MISSION BERMUDES,0.00,1.00,1.0,12,0,27,29,6,2025
242549,2025-06-29 13:00:00.000,H24,MISSION BERMUDES,0.00,1.00,1.0,13,0,27,29,6,2025
242566,2025-06-29 14:00:00.000,H24,MISSION BERMUDES,0.00,1.00,1.0,14,0,27,29,6,2025
242583,2025-06-29 15:00:00.000,H24,MISSION BERMUDES,0.45,1.00,0.55,15,0,27,29,6,2025
242600,2025-06-29 16:00:00.000,H24,MISSION BERMUDES,0.25,1.00,0.75,16,0,27,29,6,2025
242617,2025-06-29 17:00:00.000,H24,MISSION BERMUDES,0.00,1.00,1.0,17,0,27,29,6,2025
242634,2025-06-29 18:00:00.000,H24,MISSION BERMUDES,0.00,1.00,1.0,18,0,27,29,6,2025
242651,2025-06-29 19:00:00.000,H24,MISSION BERMUDES,0.00,1.00,1.0,19,0,27,29,6,2025
242668,2025-06-29 20:00:00.000,H24,MISSION BERMUDES,0.00,1.00,1.0,20,0,27,29,6,2025
242685,2025-06-29 21:00:00.000,H24,MISSION BERMUDES,0.00,0.05,0.05,21,0,27,29,6,2025
242702,2025-06-29 22:00:00.000,H24,MISSION BERMUDES,0.00,0.00,0.0,22,0,27,29,6,2025
242719,2025-06-29 23:00:00.000,H24,MISSION BERMUDES,0.00,0.00,0.0,23,0,27,29,6,2025
242736,2025-06-30 00:00:00.000,H24,MISSION BERMUDES,0.00,0.00,0.0,0,0,27,30,6,2025
242753,2025-06-30 01:00:00.000,H24,MISSION BERMUDES,0.00,0.00,0.0,1,0,27,30,6,2025
242770,2025-06-30 02:00:00.000,H24,MISSION BERMUDES,0.00,0.00,0.0,2,0,27,30,6,2025
242787,2025-06-30 03:00:00.000,H24,MISSION BERMUDES,0.00,0.00,0.0,3,0,27,30,6,2025
242804,2025-06-30 04:00:00.000,H24,MISSION BERMUDES,0.00,0.00,0.0,4,0,27,30,6,2025
242821,2025-06-30 05:00:00.000,H24,MISSION BERMUDES,0.00,0.00,0.0,5,0,27,30,6,2025
242838,2025-06-30 06:00:00.000,H24,MISSION BERMUDES,0.00,0.00,0.0,6,0,27,30,6,2025
242853,2025-06-30 07:00:00.000,H24,MISSION BERMUDES,0.00,0.00,0.0,7,0,27,30,6,2025
242868,2025-06-30 08:00:00.000,H24,MISSION BERMUDES,0.00,0.00,0.0,8,0,27,30,6,2025
242883,2025-06-30 09:00:00.000,H24,MISSION BERMUDES,0.00,0.00,0.0,9,0,27,30,6,2025
242898,2025-06-30 10:00:00.000,H24,MISSION BERMUDES,0.55,1.00,0.45,10,0,27,30,6,2025
242913,2025-06-30 11:00:00.000,H24,MISSION BERMUDES,0.00,1.00,1.0,11,0,27,30,6,2025
242928,2025-06-30 12:00:00.000,H24,MISSION BERMUDES,0.00,1.00,1.0,12,0,27,30,6,2025
242943,2025-06-30 13:00:00.000,H24,MISSION BERMUDES,0.00,1.00,1.0,13,0,27,30,6,2025
242958,2025-06-30 14:00:00.000,H24,MISSION BERMUDES,0.00,1.00,1.0,14,0,27,30,6,2025
242973,2025-06-30 15:00:00.000,H24,MISSION BERMUDES,0.00,1.00,1.0,15,0,27,30,6,2025
242988,2025-06-30 16:00:00.000,H24,MISSION BERMUDES,0.00,1.00,1.0,16,0,27,30,6,2025
243003,2025-06-30 17:00:00.000,H24,MISSION BERMUDES,0.00,1.00,1.0,17,0,27,30,6,2025
243018,2025-06-30 18:00:00.000,H24,MISSION BERMUDES,0.00,1.00,1.0,18,0,27,30,6,2025
243033,2025-06-30 19:00:00.000,H24,MISSION BERMUDES,0.00,1.00,1.0,19,0,27,30,6,2025
243048,2025-06-30 20:00:00.000,H24,MISSION BERMUDES,0.00,1.00,1.0,20,0,27,30,6,2025
243063,2025-06-30 21:00:00.000,H24,MISSION BERMUDES,0.00,0.00,0.0,21,0,27,30,6,2025
243078,2025-06-30 22:00:00.000,H24,MISSION BERMUDES,0.00,0.00,0.0,22,0,27,30,6,2025
243093,2025-06-30 23:00:00.000,H24,MISSION BERMUDES,0.00,0.00,0.0,23,0,27,30,6,2025
243108,2025-07-01 00:00:00.000,H24,MISSION BERMUDES,0.00,0.00,0.0,0,0,27,1,7,2025
243123,2025-07-01 01:00:00.000,H24,MISSION BERMUDES,0.00,0.00,0.0,1,0,27,1,7,2025
243138,2025-07-01 02:00:00.000,H24,MISSION BERMUDES,0.00,0.00,0.0,2,0,27,1,7,2025
243153,2025-07-01 03:00:00.000,H24,MISSION BERMUDES,0.00,0.00,0.0,3,0,27,1,7,2025
243168,2025-07-01 04:00:00.000,H24,MISSION BERMUDES,0.00,0.00,0.0,4,0,27,1,7,2025
243183,2025-07-01 05:00:00.000,H24,MISSION BERMUDES,0.00,0.00,0.0,5,0,27,1,7,2025
243198,2025-07-01 06:00:00.000,H24,MISSION BERMUDES,0.00,0.00,0.0,6,0,27,1,7,2025
243213,2025-07-01 07:00:00.000,H24,MISSION BERMUDES,0.00,0.00,0.0,7,0,27,1,7,2025
243228,2025-07-01 08:00:00.000,H24,MISSION BERMUDES,0.00,0.00,0.0,8,0,27,1,7,2025
243243,2025-07-01 09:00:00.000,H24,MISSION BERMUDES,0.00,0.20,0.2,9,0,27,1,7,2025
243258,2025-07-01 10:00:00.000,H24,MISSION BERMUDES,0.00,1.00,1.0,10,0,27,1,7,2025
243273,2025-07-01 11:00:00.000,H24,MISSION BERMUDES,0.00,1.00,1.0,11,0,27,1,7,2025
243288,2025-07-01 12:00:00.000,H24,MISSION BERMUDES,0.00,1.00,1.0,12,0,27,1,7,2025
243303,2025-07-01 13:00:00.000,H24,MISSION BERMUDES,0.00,1.00,1.0,13,0,27,1,7,2025
243318,2025-07-01 14:00:00.000,H24,MISSION BERMUDES,0.00,1.00,1.0,14,0,27,1,7,2025
243333,2025-07-01 15:00:00.000,H24,MISSION BERMUDES,0.00,1.00,1.0,15,0,27,1,7,2025
243348,2025-07-01 16:00:00.000,H24,MISSION BERMUDES,0.00,1.00,1.0,16,0,27,1,7,2025
243363,2025-07-01 17:00:00.000,H24,MISSION BERMUDES,0.00,1.00,1.0,17,0,27,1,7,2025
243378,2025-07-01 18:00:00.000,H24,MISSION BERMUDES,0.00,1.00,1.0,18,0,27,1,7,2025
243393,2025-07-01 19:00:00.000,H24,MISSION BERMUDES,0.00,1.00,1.0,19,0,27,1,7,2025
243408,2025-07-01 20:00:00.000,H24,MISSION BERMUDES,0.00,1.00,1.0,20,0,27,1,7,2025
243423,2025-07-01 21:00:00.000,H24,MISSION BERMUDES,0.00,0.05,0.05,21,0,27,1,7,2025
243438,2025-07-01 22:00:00.000,H24,MISSION BERMUDES,0.00,0.00,0.0,22,0,27,1,7,2025
243453,2025-07-01 23:00:00.000,H24,MISSION BERMUDES,0.00,0.00,0.0,23,0,27,1,7,2025
243468,2025-07-02 00:00:00.000,H24,MISSION BERMUDES,0.00,0.00,0.0,0,0,27,2,7,2025
243483,2025-07-02 01:00:00.000,H24,MISSION BERMUDES,0.00,0.00,0.0,1,0,27,2,7,2025
243498,2025-07-02 02:00:00.000,H24,MISSION BERMUDES,0.00,0.00,0.0,2,0,27,2,7,2025
243513,2025-07-02 03:00:00.000,H24,MISSION BERMUDES,0.00,0.00,0.0,3,0,27,2,7,2025
243528,2025-07-02 04:00:00.000,H24,MISSION BERMUDES,0.00,0.00,0.0,4,0,27,2,7,2025
243543,2025-07-02 05:00:00.000,H24,MISSION BERMUDES,0.00,0.00,0.0,5,0,27,2,7,2025
243558,2025-07-02 06:00:00.000,H24,MISSION BERMUDES,0.00,0.00,0.0,6,0,27,2,7,2025
243573,2025-07-02 07:00:00.000,H24,MISSION BERMUDES,0.00,0.00,0.0,7,0,27,2,7,2025
243588,2025-07-02 08:00:00.000,H24,MISSION BERMUDES,0.00,0.00,0.0,8,0,27,2,7,2025
243603,2025-07-02 09:00:00.000,H24,MISSION BERMUDES,0.00,0.00,0.0,9,0,27,2,7,2025
243618,2025-07-02 10:00:00.000,H24,MISSION BERMUDES,0.00,1.00,1.0,10,0,27,2,7,2025
243633,2025-07-02 11:00:00.000,H24,MISSION BERMUDES,0.00,1.00,1.0,11,0,27,2,7,2025
243648,2025-07-02 12:00:00.000,H24,MISSION BERMUDES,0.00,1.00,1.0,12,0,27,2,7,2025
243663,2025-07-02 13:00:00.000,H24,MISSION BERMUDES,0.00,1.00,1.0,13,0,27,2,7,2025
243678,2025-07-02 14:00:00.000,H24,MISSION BERMUDES,0.00,1.00,1.0,14,0,27,2,7,2025
243693,2025-07-02 15:00:00.000,H24,MISSION BERMUDES,0.00,1.00,1.0,15,0,27,2,7,2025
243708,2025-07-02 16:00:00.000,H24,MISSION BERMUDES,0.00,1.00,1.0,16,0,27,2,7,2025
243723,2025-07-02 17:00:00.000,H24,MISSION BERMUDES,0.00,1.00,1.0,17,0,27,2,7,2025
243738,2025-07-02 18:00:00.000,H24,MISSION BERMUDES,0.00,1.00,1.0,18,0,27,2,7,2025
243753,2025-07-02 19:00:00.000,H24,MISSION BERMUDES,0.00,1.00,1.0,19,0,27,2,7,2025
243768,2025-07-02 20:00:00.000,H24,MISSION BERMUDES,0.00,1.00,1.0,20,0,27,2,7,2025
243783,2025-07-02 21:00:00.000,H24,MISSION BERMUDES,0.00,0.05,0.05,21,0,27,2,7,2025
243798,2025-07-02 22:00:00.000,H24,MISSION BERMUDES,0.00,0.00,0.0,22,0,27,2,7,2025
243813,2025-07-02 23:00:00.000,H24,MISSION BERMUDES,0.00,0.00,0.0,23,0,27,2,7,2025
243828,2025-07-03 00:00:00.000,H24,MISSION BERMUDES,0.00,0.00,0.0,0,0,27,3,7,2025
243843,2025-07-03 01:00:00.000,H24,MISSION BERMUDES,0.00,0.00,0.0,1,0,27,3,7,2025
243858,2025-07-03 02:00:00.000,H24,MISSION BERMUDES,0.00,0.00,0.0,2,0,27,3,7,2025
243873,2025-07-03 03:00:00.000,H24,MISSION BERMUDES,0.00,0.00,0.0,3,0,27,3,7,2025
243888,2025-07-03 04:00:00.000,H24,MISSION BERMUDES,0.00,0.00,0.0,4,0,27,3,7,2025
243903,2025-07-03 05:00:00.000,H24,MISSION BERMUDES,0.00,0.00,0.0,5,0,27,3,7,2025
243918,2025-07-03 06:00:00.000,H24,MISSION BERMUDES,0.00,0.00,0.0,6,0,27,3,7,2025
243934,2025-07-03 07:00:00.000,H24,MISSION BERMUDES,0.00,0.00,0.0,7,0,27,3,7,2025
243950,2025-07-03 08:00:00.000,H24,MISSION BERMUDES,0.00,0.00,0.0,8,0,27,3,7,2025
243966,2025-07-03 09:00:00.000,H24,MISSION BERMUDES,0.00,0.00,0.0,9,0,27,3,7,2025
243982,2025-07-03 10:00:00.000,H24,MISSION BERMUDES,0.00,1.00,1.0,10,0,27,3,7,2025
243998,2025-07-03 11:00:00.000,H24,MISSION BERMUDES,0.00,1.00,1.0,11,0,27,3,7,2025
244014,2025-07-03 12:00:00.000,H24,MISSION BERMUDES,0.45,1.00,0.55,12,0,27,3,7,2025
244030,2025-07-03 13:00:00.000,H24,MISSION BERMUDES,0.00,1.00,1.0,13,0,27,3,7,2025
244046,2025-07-03 14:00:00.000,H24,MISSION BERMUDES,0.00,1.00,1.0,14,0,27,3,7,2025
244062,2025-07-03 15:00:00.000,H24,MISSION BERMUDES,0.00,1.00,1.0,15,0,27,3,7,2025
244078,2025-07-03 16:00:00.000,H24,MISSION BERMUDES,0.00,1.00,1.0,16,0,27,3,7,2025
244094,2025-07-03 17:00:00.000,H24,MISSION BERMUDES,0.00,1.00,1.0,17,0,27,3,7,2025
244110,2025-07-03 18:00:00.000,H24,MISSION BERMUDES,0.00,1.00,1.0,18,0,27,3,7,2025
244126,2025-07-03 19:00:00.000,H24,MISSION BERMUDES,0.00,1.00,1.0,19,0,27,3,7,2025
244142,2025-07-03 20:00:00.000,H24,MISSION BERMUDES,0.00,1.00,1.0,20,0,27,3,7,2025
244158,2025-07-03 21:00:00.000,H24,MISSION BERMUDES,0.00,0.00,0.0,21,0,27,3,7,2025
244174,2025-07-03 22:00:00.000,H24,MISSION BERMUDES,0.00,0.00,0.0,22,0,27,3,7,2025
244190,2025-07-03 23:00:00.000,H24,MISSION BERMUDES,0.00,0.00,0.0,23,0,27,3,7,2025
244206,2025-07-04 00:00:00.000,H24,MISSION BERMUDES,0.00,0.00,0.0,0,0,27,4,7,2025
244222,2025-07-04 01:00:00.000,H24,MISSION BERMUDES,0.00,0.00,0.0,1,0,27,4,7,2025
244238,2025-07-04 02:00:00.000,H24,MISSION BERMUDES,0.00,0.00,0.0,2,0,27,4,7,2025
244254,2025-07-04 03:00:00.000,H24,MISSION BERMUDES,0.00,0.00,0.0,3,0,27,4,7,2025
244270,2025-07-04 04:00:00.000,H24,MISSION BERMUDES,0.00,0.00,0.0,4,0,27,4,7,2025
244286,2025-07-04 05:00:00.000,H24,MISSION BERMUDES,0.00,0.00,0.0,5,0,27,4,7,2025
244302,2025-07-04 06:00:00.000,H24,MISSION BERMUDES,0.00,0.00,0.0,6,0,27,4,7,2025
244318,2025-07-04 07:00:00.000,H24,MISSION BERMUDES,0.00,0.00,0.0,7,0,27,4,7,2025
244334,2025-07-04 08:00:00.000,H24,MISSION BERMUDES,0.00,0.00,0.0,8,0,27,4,7,2025
244350,2025-07-04 09:00:00.000,H24,MISSION BERMUDES,0.00,0.00,0.0,9,0,27,4,7,2025
244366,2025-07-04 10:00:00.000,H24,MISSION BERMUDES,0.00,1.00,1.0,10,0,27,4,7,2025
244382,2025-07-04 11:00:00.000,H24,MISSION BERMUDES,0.00,1.00,1.0,11,0,27,4,7,2025
244398,2025-07-04 12:00:00.000,H24,MISSION BERMUDES,0.00,1.00,1.0,12,0,27,4,7,2025
244414,2025-07-04 13:00:00.000,H24,MISSION BERMUDES,0.00,1.00,1.0,13,0,27,4,7,2025
244430,2025-07-04 14:00:00.000,H24,MISSION BERMUDES,0.00,1.00,1.0,14,0,27,4,7,2025
244446,2025-07-04 15:00:00.000,H24,MISSION BERMUDES,0.00,1.00,1.0,15,0,27,4,7,2025
244462,2025-07-04 16:00:00.000,H24,MISSION BERMUDES,0.00,1.00,1.0,16,0,27,4,7,2025
244478,2025-07-04 17:00:00.000,H24,MISSION BERMUDES,0.00,1.00,1.0,17,0,27,4,7,2025
244494,2025-07-04 18:00:00.000,H24,MISSION BERMUDES,0.00,1.00,1.0,18,0,27,4,7,2025
244510,2025-07-04 19:00:00.000,H24,MISSION BERMUDES,0.00,1.00,1.0,19,0,27,4,7,2025
244526,2025-07-04 20:00:00.000,H24,MISSION BERMUDES,0.00,1.00,1.0,20,0,27,4,7,2025
244542,2025-07-04 21:00:00.000,H24,MISSION BERMUDES,0.00,0.05,0.05,21,0,27,4,7,2025
244558,2025-07-04 22:00:00.000,H24,MISSION BERMUDES,0.00,0.00,0.0,22,0,27,4,7,2025
244574,2025-07-04 23:00:00.000,H24,MISSION BERMUDES,0.00,0.00,0.0,23,0,27,4,7,2025
244590,2025-07-05 00:00:00.000,H24,MISSION BERMUDES,0.00,0.00,0.0,0,0,27,5,7,2025
244606,2025-07-05 01:00:00.000,H24,MISSION BERMUDES,0.00,0.00,0.0,1,0,27,5,7,2025
244622,2025-07-05 02:00:00.000,H24,MISSION BERMUDES,0.00,0.00,0.0,2,0,27,5,7,2025
244638,2025-07-05 03:00:00.000,H24,MISSION BERMUDES,0.00,0.00,0.0,3,0,27,5,7,2025
244654,2025-07-05 04:00:00.000,H24,MISSION BERMUDES,0.00,0.00,0.0,4,0,27,5,7,2025
244670,2025-07-05 05:00:00.000,H24,MISSION BERMUDES,0.00,0.00,0.0,5,0,27,5,7,2025
244686,2025-07-05 06:00:00.000,H24,MISSION BERMUDES,0.00,0.00,0.0,6,0,27,5,7,2025
244703,2025-07-05 07:00:00.000,H24,MISSION BERMUDES,0.00,0.00,0.0,7,0,27,5,7,2025
244720,2025-07-05 08:00:00.000,H24,MISSION BERMUDES,0.00,0.00,0.0,8,0,27,5,7,2025
244737,2025-07-05 09:00:00.000,H24,MISSION BERMUDES,0.00,0.00,0.0,9,0,27,5,7,2025
244754,2025-07-05 10:00:00.000,H24,MISSION BERMUDES,0.00,1.00,1.0,10,0,27,5,7,2025
244771,2025-07-05 11:00:00.000,H24,MISSION BERMUDES,0.00,1.00,1.0,11,0,27,5,7,2025
244788,2025-07-05 12:00:00.000,H24,MISSION BERMUDES,0.00,1.00,1.0,12,0,27,5,7,2025
244805,2025-07-05 13:00:00.000,H24,MISSION BERMUDES,0.00,1.00,1.0,13,0,27,5,7,2025
244822,2025-07-05 14:00:00.000,H24,MISSION BERMUDES,0.00,1.00,1.0,14,0,27,5,7,2025
244839,2025-07-05 15:00:00.000,H24,MISSION BERMUDES,0.00,1.00,1.0,15,0,27,5,7,2025
244856,2025-07-05 16:00:00.000,H24,MISSION BERMUDES,0.00,1.00,1.0,16,0,27,5,7,2025
244873,2025-07-05 17:00:00.000,H24,MISSION BERMUDES,0.00,1.00,1.0,17,0,27,5,7,2025
244890,2025-07-05 18:00:00.000,H24,MISSION BERMUDES,0.00,1.00,1.0,18,0,27,5,7,2025
244907,2025-07-05 19:00:00.000,H24,MISSION BERMUDES,0.00,1.00,1.0,19,0,27,5,7,2025
244924,2025-07-05 20:00:00.000,H24,MISSION BERMUDES,1.00,1.00,0.0,20,0,27,5,7,2025
244941,2025-07-05 21:00:00.000,H24,MISSION BERMUDES,0.05,0.05,0.0,21,0,27,5,7,2025
244958,2025-07-05 22:00:00.000,H24,MISSION BERMUDES,0.00,0.00,0.0,22,0,27,5,7,2025
244975,2025-07-05 23:00:00.000,H24,MISSION BERMUDES,0.00,0.00,0.0,23,0,27,5,7,2025
244992,2025-07-06 00:00:00.000,H24,MISSION BERMUDES,0.00,0.00,0.0,0,0,28,6,7,2025
245009,2025-07-06 01:00:00.000,H24,MISSION BERMUDES,0.00,0.00,0.0,1,0,28,6,7,2025
245026,2025-07-06 02:00:00.000,H24,MISSION BERMUDES,0.00,0.00,0.0,2,0,28,6,7,2025
245043,2025-07-06 03:00:00.000,H24,MISSION BERMUDES,0.00,0.00,0.0,3,0,28,6,7,2025
245060,2025-07-06 04:00:00.000,H24,MISSION BERMUDES,0.00,0.00,0.0,4,0,28,6,7,2025
245077,2025-07-06 05:00:00.000,H24,MISSION BERMUDES,0.00,0.00,0.0,5,0,28,6,7,2025
245094,2025-07-06 06:00:00.000,H24,MISSION BERMUDES,0.00,0.00,0.0,6,0,28,6,7,2025
245111,2025-07-06 07:00:00.000,H24,MISSION BERMUDES,0.00,0.00,0.0,7,0,28,6,7,2025
245128,2025-07-06 08:00:00.000,H24,MISSION BERMUDES,0.00,0.00,0.0,8,0,28,6,7,2025
245145,2025-07-06 09:00:00.000,H24,MISSION BERMUDES,0.00,0.00,0.0,9,0,28,6,7,2025
245162,2025-07-06 10:00:00.000,H24,MISSION BERMUDES,0.40,1.00,0.6,10,0,28,6,7,2025
245179,2025-07-06 11:00:00.000,H24,MISSION BERMUDES,0.00,1.00,1.0,11,0,28,6,7,2025
245196,2025-07-06 12:00:00.000,H24,MISSION BERMUDES,0.00,1.00,1.0,12,0,28,6,7,2025
245213,2025-07-06 13:00:00.000,H24,MISSION BERMUDES,0.00,1.00,1.0,13,0,28,6,7,2025
245230,2025-07-06 14:00:00.000,H24,MISSION BERMUDES,0.00,1.00,1.0,14,0,28,6,7,2025
245247,2025-07-06 15:00:00.000,H24,MISSION BERMUDES,0.00,1.00,1.0,15,0,28,6,7,2025
245264,2025-07-06 16:00:00.000,H24,MISSION BERMUDES,0.00,1.00,1.0,16,0,28,6,7,2025
245281,2025-07-06 17:00:00.000,H24,MISSION BERMUDES,0.00,1.00,1.0,17,0,28,6,7,2025
245298,2025-07-06 18:00:00.000,H24,MISSION BERMUDES,0.00,1.00,1.0,18,0,28,6,7,2025
245315,2025-07-06 19:00:00.000,H24,MISSION BERMUDES,0.00,1.00,1.0,19,0,28,6,7,2025
245332,2025-07-06 20:00:00.000,H24,MISSION BERMUDES,0.00,1.00,1.0,20,0,28,6,7,2025
245349,2025-07-06 21:00:00.000,H24,MISSION BERMUDES,0.00,0.05,0.05,21,0,28,6,7,2025
245366,2025-07-06 22:00:00.000,H24,MISSION BERMUDES,0.00,0.00,0.0,22,0,28,6,7,2025
245383,2025-07-06 23:00:00.000,H24,MISSION BERMUDES,0.00,0.00,0.0,23,0,28,6,7,2025
245400,2025-07-07 00:00:00.000,H24,MISSION BERMUDES,0.00,0.00,0.0,0,0,28,7,7,2025
245417,2025-07-07 01:00:00.000,H24,MISSION BERMUDES,0.00,0.00,0.0,1,0,28,7,7,2025
245434,2025-07-07 02:00:00.000,H24,MISSION BERMUDES,0.00,0.00,0.0,2,0,28,7,7,2025
245451,2025-07-07 03:00:00.000,H24,MISSION BERMUDES,0.00,0.00,0.0,3,0,28,7,7,2025
245468,2025-07-07 04:00:00.000,H24,MISSION BERMUDES,0.00,0.00,0.0,4,0,28,7,7,2025
245485,2025-07-07 05:00:00.000,H24,MISSION BERMUDES,0.00,0.00,0.0,5,0,28,7,7,2025
245502,2025-07-07 06:00:00.000,H24,MISSION BERMUDES,0.00,0.00,0.0,6,0,28,7,7,2025
245519,2025-07-07 07:00:00.000,H24,MISSION BERMUDES,0.00,0.00,0.0,7,0,28,7,7,2025
245536,2025-07-07 08:00:00.000,H24,MISSION BERMUDES,0.00,0.00,0.0,8,0,28,7,7,2025
245553,2025-07-07 09:00:00.000,H24,MISSION BERMUDES,0.00,0.00,0.0,9,0,28,7,7,2025
245570,2025-07-07 10:00:00.000,H24,MISSION BERMUDES,0.50,1.00,0.5,10,0,28,7,7,2025
245587,2025-07-07 11:00:00.000,H24,MISSION BERMUDES,1.00,1.00,0.0,11,0,28,7,7,2025
245604,2025-07-07 12:00:00.000,H24,MISSION BERMUDES,1.00,1.00,0.0,12,0,28,7,7,2025
245621,2025-07-07 13:00:00.000,H24,MISSION BERMUDES,1.00,1.00,0.0,13,0,28,7,7,2025
245638,2025-07-07 14:00:00.000,H24,MISSION BERMUDES,0.45,1.00,0.55,14,0,28,7,7,2025
245655,2025-07-07 15:00:00.000,H24,MISSION BERMUDES,0.45,1.00,0.55,15,0,28,7,7,2025
245672,2025-07-07 16:00:00.000,H24,MISSION BERMUDES,1.00,1.00,0.0,16,0,28,7,7,2025
245689,2025-07-07 17:00:00.000,H24,MISSION BERMUDES,0.25,1.00,0.75,17,0,28,7,7,2025
245706,2025-07-07 18:00:00.000,H24,MISSION BERMUDES,0.00,1.00,1.0,18,0,28,7,7,2025
245723,2025-07-07 19:00:00.000,H24,MISSION BERMUDES,0.20,1.00,0.8,19,0,28,7,7,2025
245740,2025-07-07 20:00:00.000,H24,MISSION BERMUDES,1.00,1.00,0.0,20,0,28,7,7,2025
245757,2025-07-07 21:00:00.000,H24,MISSION BERMUDES,1.00,0.05,0.0,21,0,28,7,7,2025
245774,2025-07-07 22:00:00.000,H24,MISSION BERMUDES,1.00,0.00,0.0,22,0,28,7,7,2025
245791,2025-07-07 23:00:00.000,H24,MISSION BERMUDES,1.00,0.00,0.0,23,0,28,7,7,2025
245808,2025-07-08 00:00:00.000,H24,MISSION BERMUDES,1.00,0.00,0.0,0,0,28,8,7,2025
245825,2025-07-08 01:00:00.000,H24,MISSION BERMUDES,1.00,0.00,0.0,1,0,28,8,7,2025
245842,2025-07-08 02:00:00.000,H24,MISSION BERMUDES,1.00,0.00,0.0,2,0,28,8,7,2025
245859,2025-07-08 03:00:00.000,H24,MISSION BERMUDES,1.00,0.00,0.0,3,0,28,8,7,2025
245876,2025-07-08 04:00:00.000,H24,MISSION BERMUDES,1.00,0.00,0.0,4,0,28,8,7,2025
245893,2025-07-08 05:00:00.000,H24,MISSION BERMUDES,1.00,0.00,0.0,5,0,28,8,7,2025
245910,2025-07-08 06:00:00.000,H24,MISSION BERMUDES,1.00,0.00,0.0,6,0,28,8,7,2025
245927,2025-07-08 07:00:00.000,H24,MISSION BERMUDES,1.00,0.00,0.0,7,0,28,8,7,2025
245944,2025-07-08 08:00:00.000,H24,MISSION BERMUDES,1.00,0.00,0.0,8,0,28,8,7,2025
245961,2025-07-08 09:00:00.000,H24,MISSION BERMUDES,1.00,0.00,0.0,9,0,28,8,7,2025
245978,2025-07-08 10:00:00.000,H24,MISSION BERMUDES,0.20,1.00,0.8,10,0,28,8,7,2025
245995,2025-07-08 11:00:00.000,H24,MISSION BERMUDES,0.00,1.00,1.0,11,0,28,8,7,2025
246012,2025-07-08 12:00:00.000,H24,MISSION BERMUDES,0.45,1.00,0.55,12,0,28,8,7,2025
246029,2025-07-08 13:00:00.000,H24,MISSION BERMUDES,1.00,1.00,0.0,13,0,28,8,7,2025
246046,2025-07-08 14:00:00.000,H24,MISSION BERMUDES,1.00,1.00,0.0,14,0,28,8,7,2025
246063,2025-07-08 15:00:00.000,H24,MISSION BERMUDES,0.60,1.00,0.4,15,0,28,8,7,2025
246080,2025-07-08 16:00:00.000,H24,MISSION BERMUDES,0.00,1.00,1.0,16,0,28,8,7,2025
246097,2025-07-08 17:00:00.000,H24,MISSION BERMUDES,0.00,1.00,1.0,17,0,28,8,7,2025
246114,2025-07-08 18:00:00.000,H24,MISSION BERMUDES,0.00,1.00,1.0,18,0,28,8,7,2025
246131,2025-07-08 19:00:00.000,H24,MISSION BERMUDES,0.00,1.00,1.0,19,0,28,8,7,2025
246148,2025-07-08 20:00:00.000,H24,MISSION BERMUDES,0.00,1.00,1.0,20,0,28,8,7,2025
246165,2025-07-08 21:00:00.000,H24,MISSION BERMUDES,0.00,0.05,0.05,21,0,28,8,7,2025
246182,2025-07-08 22:00:00.000,H24,MISSION BERMUDES,0.00,0.00,0.0,22,0,28,8,7,2025
246199,2025-07-08 23:00:00.000,H24,MISSION BERMUDES,0.00,0.00,0.0,23,0,28,8,7,2025
246216,2025-07-09 00:00:00.000,H24,MISSION BERMUDES,0.00,0.00,0.0,0,0,28,9,7,2025
246233,2025-07-09 01:00:00.000,H24,MISSION BERMUDES,0.00,0.00,0.0,1,0,28,9,7,2025
246250,2025-07-09 02:00:00.000,H24,MISSION BERMUDES,0.00,0.00,0.0,2,0,28,9,7,2025
246267,2025-07-09 03:00:00.000,H24,MISSION BERMUDES,0.00,0.00,0.0,3,0,28,9,7,2025
246284,2025-07-09 04:00:00.000,H24,MISSION BERMUDES,0.00,0.00,0.0,4,0,28,9,7,2025
246301,2025-07-09 05:00:00.000,H24,MISSION BERMUDES,0.00,0.00,0.0,5,0,28,9,7,2025
246318,2025-07-09 06:00:00.000,H24,MISSION BERMUDES,0.00,0.00,0.0,6,0,28,9,7,2025
246335,2025-07-09 07:00:00.000,H24,MISSION BERMUDES,0.00,0.00,0.0,7,0,28,9,7,2025
246352,2025-07-09 08:00:00.000,H24,MISSION BERMUDES,0.00,0.00,0.0,8,0,28,9,7,2025
246369,2025-07-09 09:00:00.000,H24,MISSION BERMUDES,0.00,0.00,0.0,9,0,28,9,7,2025
246386,2025-07-09 10:00:00.000,H24,MISSION BERMUDES,0.70,1.00,0.3,10,0,28,9,7,2025
246403,2025-07-09 11:00:00.000,H24,MISSION BERMUDES,0.35,1.00,0.65,11,0,28,9,7,2025
246420,2025-07-09 12:00:00.000,H24,MISSION BERMUDES,0.00,1.00,1.0,12,0,28,9,7,2025
246437,2025-07-09 13:00:00.000,H24,MISSION BERMUDES,0.00,1.00,1.0,13,0,28,9,7,2025
246454,2025-07-09 14:00:00.000,H24,MISSION BERMUDES,0.00,1.00,1.0,14,0,28,9,7,2025
246471,2025-07-09 15:00:00.000,H24,MISSION BERMUDES,0.00,1.00,1.0,15,0,28,9,7,2025
246488,2025-07-09 16:00:00.000,H24,MISSION BERMUDES,0.00,1.00,1.0,16,0,28,9,7,2025
246505,2025-07-09 17:00:00.000,H24,MISSION BERMUDES,0.00,1.00,1.0,17,0,28,9,7,2025
246522,2025-07-09 18:00:00.000,H24,MISSION BERMUDES,0.00,1.00,1.0,18,0,28,9,7,2025
246539,2025-07-09 19:00:00.000,H24,MISSION BERMUDES,0.00,1.00,1.0,19,0,28,9,7,2025
246556,2025-07-09 20:00:00.000,H24,MISSION BERMUDES,0.20,1.00,0.8,20,0,28,9,7,2025
246573,2025-07-09 21:00:00.000,H24,MISSION BERMUDES,0.00,0.05,0.05,21,0,28,9,7,2025
246590,2025-07-09 22:00:00.000,H24,MISSION BERMUDES,0.00,0.00,0.0,22,0,28,9,7,2025
246607,2025-07-09 23:00:00.000,H24,MISSION BERMUDES,0.00,0.00,0.0,23,0,28,9,7,2025
246624,2025-07-10 00:00:00.000,H24,MISSION BERMUDES,0.00,0.00,0.0,0,0,28,10,7,2025
246641,2025-07-10 01:00:00.000,H24,MISSION BERMUDES,0.00,0.00,0.0,1,0,28,10,7,2025
246658,2025-07-10 02:00:00.000,H24,MISSION BERMUDES,0.00,0.00,0.0,2,0,28,10,7,2025
246675,2025-07-10 03:00:00.000,H24,MISSION BERMUDES,0.00,0.00,0.0,3,0,28,10,7,2025
246692,2025-07-10 04:00:00.000,H24,MISSION BERMUDES,0.00,0.00,0.0,4,0,28,10,7,2025
246709,2025-07-10 05:00:00.000,H24,MISSION BERMUDES,0.00,0.00,0.0,5,0,28,10,7,2025
246726,2025-07-10 06:00:00.000,H24,MISSION BERMUDES,0.00,0.00,0.0,6,0,28,10,7,2025
246743,2025-07-10 07:00:00.000,H24,MISSION BERMUDES,0.00,0.00,0.0,7,0,28,10,7,2025
246760,2025-07-10 08:00:00.000,H24,MISSION BERMUDES,0.00,0.00,0.0,8,0,28,10,7,2025
246777,2025-07-10 09:00:00.000,H24,MISSION BERMUDES,0.00,0.00,0.0,9,0,28,10,7,2025
246794,2025-07-10 10:00:00.000,H24,MISSION BERMUDES,0.00,1.00,1.0,10,0,28,10,7,2025
246811,2025-07-10 11:00:00.000,H24,MISSION BERMUDES,0.00,1.00,1.0,11,0,28,10,7,2025
246828,2025-07-10 12:00:00.000,H24,MISSION BERMUDES,0.00,1.00,1.0,12,0,28,10,7,2025
246845,2025-07-10 13:00:00.000,H24,MISSION BERMUDES,0.00,1.00,1.0,13,0,28,10,7,2025
246862,2025-07-10 14:00:00.000,H24,MISSION BERMUDES,0.00,1.00,1.0,14,0,28,10,7,2025
246879,2025-07-10 15:00:00.000,H24,MISSION BERMUDES,0.00,1.00,1.0,15,0,28,10,7,2025
246896,2025-07-10 16:00:00.000,H24,MISSION BERMUDES,0.00,1.00,1.0,16,0,28,10,7,2025
246913,2025-07-10 17:00:00.000,H24,MISSION BERMUDES,0.00,1.00,1.0,17,0,28,10,7,2025
246930,2025-07-10 18:00:00.000,H24,MISSION BERMUDES,0.00,1.00,1.0,18,0,28,10,7,2025
246947,2025-07-10 19:00:00.000,H24,MISSION BERMUDES,0.00,1.00,1.0,19,0,28,10,7,2025
246964,2025-07-10 20:00:00.000,H24,MISSION BERMUDES,0.00,1.00,1.0,20,0,28,10,7,2025
246981,2025-07-10 21:00:00.000,H24,MISSION BERMUDES,0.00,0.00,0.0,21,0,28,10,7,2025
246998,2025-07-10 22:00:00.000,H24,MISSION BERMUDES,0.00,0.00,0.0,22,0,28,10,7,2025
247015,2025-07-10 23:00:00.000,H24,MISSION BERMUDES,0.00,0.00,0.0,23,0,28,10,7,2025
247032,2025-07-11 00:00:00.000,H24,MISSION BERMUDES,0.00,0.00,0.0,0,0,28,11,7,2025
247049,2025-07-11 01:00:00.000,H24,MISSION BERMUDES,0.00,0.00,0.0,1,0,28,11,7,2025
247066,2025-07-11 02:00:00.000,H24,MISSION BERMUDES,0.00,0.00,0.0,2,0,28,11,7,2025
247083,2025-07-11 03:00:00.000,H24,MISSION BERMUDES,0.00,0.00,0.0,3,0,28,11,7,2025
247100,2025-07-11 04:00:00.000,H24,MISSION BERMUDES,0.00,0.00,0.0,4,0,28,11,7,2025
247117,2025-07-11 05:00:00.000,H24,MISSION BERMUDES,0.00,0.00,0.0,5,0,28,11,7,2025
247134,2025-07-11 06:00:00.000,H24,MISSION BERMUDES,0.00,0.00,0.0,6,0,28,11,7,2025
247151,2025-07-11 07:00:00.000,H24,MISSION BERMUDES,0.00,0.00,0.0,7,0,28,11,7,2025
247168,2025-07-11 08:00:00.000,H24,MISSION BERMUDES,0.00,0.00,0.0,8,0,28,11,7,2025
247185,2025-07-11 09:00:00.000,H24,MISSION BERMUDES,0.00,0.00,0.0,9,0,28,11,7,2025
247202,2025-07-11 10:00:00.000,H24,MISSION BERMUDES,0.00,1.00,1.0,10,0,28,11,7,2025
247219,2025-07-11 11:00:00.000,H24,MISSION BERMUDES,0.35,1.00,0.65,11,0,28,11,7,2025
247236,2025-07-11 12:00:00.000,H24,MISSION BERMUDES,1.00,1.00,0.0,12,0,28,11,7,2025
247253,2025-07-11 13:00:00.000,H24,MISSION BERMUDES,1.00,1.00,0.0,13,0,28,11,7,2025
247270,2025-07-11 14:00:00.000,H24,MISSION BERMUDES,0.35,1.00,0.65,14,0,28,11,7,2025
247287,2025-07-11 15:00:00.000,H24,MISSION BERMUDES,0.00,1.00,1.0,15,0,28,11,7,2025
247304,2025-07-11 16:00:00.000,H24,MISSION BERMUDES,0.00,1.00,1.0,16,0,28,11,7,2025
247321,2025-07-11 17:00:00.000,H24,MISSION BERMUDES,0.00,1.00,1.0,17,0,28,11,7,2025
247338,2025-07-11 18:00:00.000,H24,MISSION BERMUDES,0.00,1.00,1.0,18,0,28,11,7,2025
247355,2025-07-11 19:00:00.000,H24,MISSION BERMUDES,0.00,1.00,1.0,19,0,28,11,7,2025
247372,2025-07-11 20:00:00.000,H24,MISSION BERMUDES,0.00,1.00,1.0,20,0,28,11,7,2025
247389,2025-07-11 21:00:00.000,H24,MISSION BERMUDES,0.00,0.00,0.0,21,0,28,11,7,2025
247406,2025-07-11 22:00:00.000,H24,MISSION BERMUDES,0.00,0.00,0.0,22,0,28,11,7,2025
247423,2025-07-11 23:00:00.000,H24,MISSION BERMUDES,0.00,0.00,0.0,23,0,28,11,7,2025
247440,2025-07-12 00:00:00.000,H24,MISSION BERMUDES,0.00,0.00,0.0,0,0,28,12,7,2025
247457,2025-07-12 01:00:00.000,H24,MISSION BERMUDES,0.00,0.00,0.0,1,0,28,12,7,2025
247474,2025-07-12 02:00:00.000,H24,MISSION BERMUDES,0.00,0.00,0.0,2,0,28,12,7,2025
247491,2025-07-12 03:00:00.000,H24,MISSION BERMUDES,0.00,0.00,0.0,3,0,28,12,7,2025
247508,2025-07-12 04:00:00.000,H24,MISSION BERMUDES,0.00,0.00,0.0,4,0,28,12,7,2025
247525,2025-07-12 05:00:00.000,H24,MISSION BERMUDES,0.00,0.00,0.0,5,0,28,12,7,2025
247542,2025-07-12 06:00:00.000,H24,MISSION BERMUDES,0.00,0.00,0.0,6,0,28,12,7,2025
247559,2025-07-12 07:00:00.000,H24,MISSION BERMUDES,0.00,0.00,0.0,7,0,28,12,7,2025
247576,2025-07-12 08:00:00.000,H24,MISSION BERMUDES,0.00,0.00,0.0,8,0,28,12,7,2025
247593,2025-07-12 09:00:00.000,H24,MISSION BERMUDES,0.00,0.00,0.0,9,0,28,12,7,2025
247610,2025-07-12 10:00:00.000,H24,MISSION BERMUDES,0.20,1.00,0.8,10,0,28,12,7,2025
247627,2025-07-12 11:00:00.000,H24,MISSION BERMUDES,1.00,1.00,0.0,11,0,28,12,7,2025
247644,2025-07-12 12:00:00.000,H24,MISSION BERMUDES,1.00,1.00,0.0,12,0,28,12,7,2025
247661,2025-07-12 13:00:00.000,H24,MISSION BERMUDES,1.00,1.00,0.0,13,0,28,12,7,2025
247678,2025-07-12 14:00:00.000,H24,MISSION BERMUDES,1.00,1.00,0.0,14,0,28,12,7,2025
247695,2025-07-12 15:00:00.000,H24,MISSION BERMUDES,1.00,1.00,0.0,15,0,28,12,7,2025
247712,2025-07-12 16:00:00.000,H24,MISSION BERMUDES,1.00,1.00,0.0,16,0,28,12,7,2025
247729,2025-07-12 17:00:00.000,H24,MISSION BERMUDES,1.00,1.00,0.0,17,0,28,12,7,2025
247746,2025-07-12 18:00:00.000,H24,MISSION BERMUDES,1.00,1.00,0.0,18,0,28,12,7,2025
247763,2025-07-12 19:00:00.000,H24,MISSION BERMUDES,1.00,1.00,0.0,19,0,28,12,7,2025
247780,2025-07-12 20:00:00.000,H24,MISSION BERMUDES,1.00,1.00,0.0,20,0,28,12,7,2025
247797,2025-07-12 21:00:00.000,H24,MISSION BERMUDES,1.00,0.05,0.0,21,0,28,12,7,2025
247814,2025-07-12 22:00:00.000,H24,MISSION BERMUDES,1.00,0.00,0.0,22,0,28,12,7,2025
247831,2025-07-12 23:00:00.000,H24,MISSION BERMUDES,1.00,0.00,0.0,23,0,28,12,7,2025
247848,2025-07-13 00:00:00.000,H24,MISSION BERMUDES,1.00,0.00,0.0,0,0,29,13,7,2025
247865,2025-07-13 01:00:00.000,H24,MISSION BERMUDES,1.00,0.00,0.0,1,0,29,13,7,2025
247882,2025-07-13 02:00:00.000,H24,MISSION BERMUDES,1.00,0.00,0.0,2,0,29,13,7,2025
247899,2025-07-13 03:00:00.000,H24,MISSION BERMUDES,1.00,0.00,0.0,3,0,29,13,7,2025
247916,2025-07-13 04:00:00.000,H24,MISSION BERMUDES,1.00,0.00,0.0,4,0,29,13,7,2025
247933,2025-07-13 05:00:00.000,H24,MISSION BERMUDES,1.00,0.00,0.0,5,0,29,13,7,2025
247950,2025-07-13 06:00:00.000,H24,MISSION BERMUDES,1.00,0.00,0.0,6,0,29,13,7,2025
247967,2025-07-13 07:00:00.000,H24,MISSION BERMUDES,1.00,0.00,0.0,7,0,29,13,7,2025
248768,2025-07-15 09:00:00.000,H24,MISSION BERMUDES,1.00,0.00,0.0,9,0,29,15,7,2025
248785,2025-07-15 10:00:00.000,H24,MISSION BERMUDES,0.00,1.00,1.0,10,0,29,15,7,2025
248802,2025-07-15 11:00:00.000,H24,MISSION BERMUDES,0.00,1.00,1.0,11,0,29,15,7,2025
248819,2025-07-15 12:00:00.000,H24,MISSION BERMUDES,0.00,1.00,1.0,12,0,29,15,7,2025
248836,2025-07-15 13:00:00.000,H24,MISSION BERMUDES,0.00,1.00,1.0,13,0,29,15,7,2025
248853,2025-07-15 14:00:00.000,H24,MISSION BERMUDES,0.00,1.00,1.0,14,0,29,15,7,2025
248870,2025-07-15 15:00:00.000,H24,MISSION BERMUDES,0.00,1.00,1.0,15,0,29,15,7,2025
248887,2025-07-15 16:00:00.000,H24,MISSION BERMUDES,0.00,1.00,1.0,16,0,29,15,7,2025
248904,2025-07-15 17:00:00.000,H24,MISSION BERMUDES,0.00,1.00,1.0,17,0,29,15,7,2025
248921,2025-07-15 18:00:00.000,H24,MISSION BERMUDES,0.00,1.00,1.0,18,0,29,15,7,2025
248938,2025-07-15 19:00:00.000,H24,MISSION BERMUDES,0.00,1.00,1.0,19,0,29,15,7,2025
248955,2025-07-15 20:00:00.000,H24,MISSION BERMUDES,0.00,1.00,1.0,20,0,29,15,7,2025
248972,2025-07-15 21:00:00.000,H24,MISSION BERMUDES,0.00,0.00,0.0,21,0,29,15,7,2025
248989,2025-07-15 22:00:00.000,H24,MISSION BERMUDES,0.00,0.00,0.0,22,0,29,15,7,2025
249006,2025-07-15 23:00:00.000,H24,MISSION BERMUDES,0.00,0.00,0.0,23,0,29,15,7,2025
249023,2025-07-16 00:00:00.000,H24,MISSION BERMUDES,0.00,0.00,0.0,0,0,29,16,7,2025
249040,2025-07-16 01:00:00.000,H24,MISSION BERMUDES,0.00,0.00,0.0,1,0,29,16,7,2025
249057,2025-07-16 02:00:00.000,H24,MISSION BERMUDES,0.00,0.00,0.0,2,0,29,16,7,2025
249074,2025-07-16 03:00:00.000,H24,MISSION BERMUDES,0.00,0.00,0.0,3,0,29,16,7,2025
249091,2025-07-16 04:00:00.000,H24,MISSION BERMUDES,0.00,0.00,0.0,4,0,29,16,7,2025
249108,2025-07-16 05:00:00.000,H24,MISSION BERMUDES,0.00,0.00,0.0,5,0,29,16,7,2025
249125,2025-07-16 06:00:00.000,H24,MISSION BERMUDES,0.00,0.00,0.0,6,0,29,16,7,2025
249142,2025-07-16 07:00:00.000,H24,MISSION BERMUDES,0.00,0.00,0.0,7,0,29,16,7,2025
249159,2025-07-16 08:00:00.000,H24,MISSION BERMUDES,0.00,0.00,0.0,8,0,29,16,7,2025
249176,2025-07-16 09:00:00.000,H24,MISSION BERMUDES,0.00,0.00,0.0,9,0,29,16,7,2025
249193,2025-07-16 10:00:00.000,H24,MISSION BERMUDES,0.00,1.00,1.0,10,0,29,16,7,2025
249210,2025-07-16 11:00:00.000,H24,MISSION BERMUDES,0.00,1.00,1.0,11,0,29,16,7,2025
249227,2025-07-16 12:00:00.000,H24,MISSION BERMUDES,0.00,1.00,1.0,12,0,29,16,7,2025
249244,2025-07-16 13:00:00.000,H24,MISSION BERMUDES,0.00,1.00,1.0,13,0,29,16,7,2025
249261,2025-07-16 14:00:00.000,H24,MISSION BERMUDES,0.00,1.00,1.0,14,0,29,16,7,2025
249278,2025-07-16 15:00:00.000,H24,MISSION BERMUDES,0.00,1.00,1.0,15,0,29,16,7,2025
249295,2025-07-16 16:00:00.000,H24,MISSION BERMUDES,0.00,1.00,1.0,16,0,29,16,7,2025
249312,2025-07-16 17:00:00.000,H24,MISSION BERMUDES,0.00,1.00,1.0,17,0,29,16,7,2025
249329,2025-07-16 18:00:00.000,H24,MISSION BERMUDES,0.00,1.00,1.0,18,0,29,16,7,2025
249346,2025-07-16 19:00:00.000,H24,MISSION BERMUDES,0.00,1.00,1.0,19,0,29,16,7,2025
249363,2025-07-16 20:00:00.000,H24,MISSION BERMUDES,0.00,1.00,1.0,20,0,29,16,7,2025
249380,2025-07-16 21:00:00.000,H24,MISSION BERMUDES,0.00,0.00,0.0,21,0,29,16,7,2025
249397,2025-07-16 22:00:00.000,H24,MISSION BERMUDES,0.00,0.00,0.0,22,0,29,16,7,2025
249414,2025-07-16 23:00:00.000,H24,MISSION BERMUDES,0.00,0.00,0.0,23,0,29,16,7,2025
249431,2025-07-17 00:00:00.000,H24,MISSION BERMUDES,0.00,0.00,0.0,0,0,29,17,7,2025
249448,2025-07-17 01:00:00.000,H24,MISSION BERMUDES,0.00,0.00,0.0,1,0,29,17,7,2025
249465,2025-07-17 02:00:00.000,H24,MISSION BERMUDES,0.00,0.00,0.0,2,0,29,17,7,2025
249482,2025-07-17 03:00:00.000,H24,MISSION BERMUDES,0.00,0.00,0.0,3,0,29,17,7,2025
249499,2025-07-17 04:00:00.000,H24,MISSION BERMUDES,0.00,0.00,0.0,4,0,29,17,7,2025
249516,2025-07-17 05:00:00.000,H24,MISSION BERMUDES,0.00,0.00,0.0,5,0,29,17,7,2025
249533,2025-07-17 06:00:00.000,H24,MISSION BERMUDES,0.00,0.00,0.0,6,0,29,17,7,2025
249550,2025-07-17 07:00:00.000,H24,MISSION BERMUDES,0.00,0.00,0.0,7,0,29,17,7,2025
249567,2025-07-17 08:00:00.000,H24,MISSION BERMUDES,0.00,0.00,0.0,8,0,29,17,7,2025
249584,2025-07-17 09:00:00.000,H24,MISSION BERMUDES,0.00,0.00,0.0,9,0,29,17,7,2025
249601,2025-07-17 10:00:00.000,H24,MISSION BERMUDES,0.00,1.00,1.0,10,0,29,17,7,2025
249618,2025-07-17 11:00:00.000,H24,MISSION BERMUDES,0.00,1.00,1.0,11,0,29,17,7,2025
249635,2025-07-17 12:00:00.000,H24,MISSION BERMUDES,0.00,1.00,1.0,12,0,29,17,7,2025
249652,2025-07-17 13:00:00.000,H24,MISSION BERMUDES,0.00,1.00,1.0,13,0,29,17,7,2025
249669,2025-07-17 14:00:00.000,H24,MISSION BERMUDES,0.95,1.00,0.05,14,0,29,17,7,2025
249686,2025-07-17 15:00:00.000,H24,MISSION BERMUDES,0.00,1.00,1.0,15,0,29,17,7,2025
249703,2025-07-17 16:00:00.000,H24,MISSION BERMUDES,0.00,1.00,1.0,16,0,29,17,7,2025
249720,2025-07-17 17:00:00.000,H24,MISSION BERMUDES,0.00,1.00,1.0,17,0,29,17,7,2025
249737,2025-07-17 18:00:00.000,H24,MISSION BERMUDES,0.00,1.00,1.0,18,0,29,17,7,2025
249754,2025-07-17 19:00:00.000,H24,MISSION BERMUDES,0.00,1.00,1.0,19,0,29,17,7,2025
249771,2025-07-17 20:00:00.000,H24,MISSION BERMUDES,0.00,1.00,1.0,20,0,29,17,7,2025
249788,2025-07-17 21:00:00.000,H24,MISSION BERMUDES,0.00,0.05,0.05,21,0,29,17,7,2025
249805,2025-07-17 22:00:00.000,H24,MISSION BERMUDES,0.00,0.00,0.0,22,0,29,17,7,2025
249822,2025-07-17 23:00:00.000,H24,MISSION BERMUDES,0.00,0.00,0.0,23,0,29,17,7,2025
249839,2025-07-18 00:00:00.000,H24,MISSION BERMUDES,0.00,0.00,0.0,0,0,29,18,7,2025
249856,2025-07-18 01:00:00.000,H24,MISSION BERMUDES,0.00,0.00,0.0,1,0,29,18,7,2025
249873,2025-07-18 02:00:00.000,H24,MISSION BERMUDES,0.00,0.00,0.0,2,0,29,18,7,2025
249890,2025-07-18 03:00:00.000,H24,MISSION BERMUDES,0.00,0.00,0.0,3,0,29,18,7,2025
249907,2025-07-18 04:00:00.000,H24,MISSION BERMUDES,0.00,0.00,0.0,4,0,29,18,7,2025
249924,2025-07-18 05:00:00.000,H24,MISSION BERMUDES,0.00,0.00,0.0,5,0,29,18,7,2025
249941,2025-07-18 06:00:00.000,H24,MISSION BERMUDES,0.00,0.00,0.0,6,0,29,18,7,2025
249958,2025-07-18 07:00:00.000,H24,MISSION BERMUDES,0.00,0.00,0.0,7,0,29,18,7,2025
249975,2025-07-18 08:00:00.000,H24,MISSION BERMUDES,0.00,0.00,0.0,8,0,29,18,7,2025
249992,2025-07-18 09:00:00.000,H24,MISSION BERMUDES,0.15,0.00,0.0,9,0,29,18,7,2025
250009,2025-07-18 10:00:00.000,H24,MISSION BERMUDES,0.50,1.00,0.5,10,0,29,18,7,2025
250026,2025-07-18 11:00:00.000,H24,MISSION BERMUDES,0.00,1.00,1.0,11,0,29,18,7,2025
250043,2025-07-18 12:00:00.000,H24,MISSION BERMUDES,0.00,1.00,1.0,12,0,29,18,7,2025
250060,2025-07-18 13:00:00.000,H24,MISSION BERMUDES,0.00,1.00,1.0,13,0,29,18,7,2025
250077,2025-07-18 14:00:00.000,H24,MISSION BERMUDES,0.00,1.00,1.0,14,0,29,18,7,2025
250094,2025-07-18 15:00:00.000,H24,MISSION BERMUDES,0.00,1.00,1.0,15,0,29,18,7,2025
250111,2025-07-18 16:00:00.000,H24,MISSION BERMUDES,0.00,1.00,1.0,16,0,29,18,7,2025
250128,2025-07-18 17:00:00.000,H24,MISSION BERMUDES,0.00,1.00,1.0,17,0,29,18,7,2025
250145,2025-07-18 18:00:00.000,H24,MISSION BERMUDES,0.00,1.00,1.0,18,0,29,18,7,2025
250162,2025-07-18 19:00:00.000,H24,MISSION BERMUDES,0.00,1.00,1.0,19,0,29,18,7,2025
250179,2025-07-18 20:00:00.000,H24,MISSION BERMUDES,0.00,1.00,1.0,20,0,29,18,7,2025
250196,2025-07-18 21:00:00.000,H24,MISSION BERMUDES,0.00,0.00,0.0,21,0,29,18,7,2025
250213,2025-07-18 22:00:00.000,H24,MISSION BERMUDES,0.00,0.00,0.0,22,0,29,18,7,2025
250230,2025-07-18 23:00:00.000,H24,MISSION BERMUDES,0.00,0.00,0.0,23,0,29,18,7,2025
250247,2025-07-19 00:00:00.000,H24,MISSION BERMUDES,0.00,0.00,0.0,0,0,29,19,7,2025
250264,2025-07-19 01:00:00.000,H24,MISSION BERMUDES,0.00,0.00,0.0,1,0,29,19,7,2025
250281,2025-07-19 02:00:00.000,H24,MISSION BERMUDES,0.00,0.00,0.0,2,0,29,19,7,2025
250298,2025-07-19 03:00:00.000,H24,MISSION BERMUDES,0.00,0.00,0.0,3,0,29,19,7,2025
250315,2025-07-19 04:00:00.000,H24,MISSION BERMUDES,0.00,0.00,0.0,4,0,29,19,7,2025
250332,2025-07-19 05:00:00.000,H24,MISSION BERMUDES,0.00,0.00,0.0,5,0,29,19,7,2025
250349,2025-07-19 06:00:00.000,H24,MISSION BERMUDES,0.00,0.00,0.0,6,0,29,19,7,2025
250366,2025-07-19 07:00:00.000,H24,MISSION BERMUDES,0.00,0.00,0.0,7,0,29,19,7,2025
250383,2025-07-19 08:00:00.000,H24,MISSION BERMUDES,0.00,0.00,0.0,8,0,29,19,7,2025
250400,2025-07-19 09:00:00.000,H24,MISSION BERMUDES,0.00,0.00,0.0,9,0,29,19,7,2025
250417,2025-07-19 10:00:00.000,H24,MISSION BERMUDES,0.00,1.00,1.0,10,0,29,19,7,2025
250434,2025-07-19 11:00:00.000,H24,MISSION BERMUDES,0.00,1.00,1.0,11,0,29,19,7,2025
250451,2025-07-19 12:00:00.000,H24,MISSION BERMUDES,0.60,1.00,0.4,12,0,29,19,7,2025
250468,2025-07-19 13:00:00.000,H24,MISSION BERMUDES,0.80,1.00,0.2,13,0,29,19,7,2025
250485,2025-07-19 14:00:00.000,H24,MISSION BERMUDES,0.00,1.00,1.0,14,0,29,19,7,2025
250502,2025-07-19 15:00:00.000,H24,MISSION BERMUDES,0.00,1.00,1.0,15,0,29,19,7,2025
250519,2025-07-19 16:00:00.000,H24,MISSION BERMUDES,0.00,1.00,1.0,16,0,29,19,7,2025
250536,2025-07-19 17:00:00.000,H24,MISSION BERMUDES,0.00,1.00,1.0,17,0,29,19,7,2025
250553,2025-07-19 18:00:00.000,H24,MISSION BERMUDES,0.00,1.00,1.0,18,0,29,19,7,2025
250570,2025-07-19 19:00:00.000,H24,MISSION BERMUDES,0.55,1.00,0.45,19,0,29,19,7,2025
250587,2025-07-19 20:00:00.000,H24,MISSION BERMUDES,0.00,1.00,1.0,20,0,29,19,7,2025
250604,2025-07-19 21:00:00.000,H24,MISSION BERMUDES,0.00,0.00,0.0,21,0,29,19,7,2025
250621,2025-07-19 22:00:00.000,H24,MISSION BERMUDES,0.00,0.00,0.0,22,0,29,19,7,2025
250638,2025-07-19 23:00:00.000,H24,MISSION BERMUDES,0.00,0.00,0.0,23,0,29,19,7,2025
250655,2025-07-20 00:00:00.000,H24,MISSION BERMUDES,0.00,0.00,0.0,0,0,30,20,7,2025
250672,2025-07-20 01:00:00.000,H24,MISSION BERMUDES,0.00,0.00,0.0,1,0,30,20,7,2025
250689,2025-07-20 02:00:00.000,H24,MISSION BERMUDES,0.00,0.00,0.0,2,0,30,20,7,2025
250706,2025-07-20 03:00:00.000,H24,MISSION BERMUDES,0.00,0.00,0.0,3,0,30,20,7,2025
250723,2025-07-20 04:00:00.000,H24,MISSION BERMUDES,0.00,0.00,0.0,4,0,30,20,7,2025
250740,2025-07-20 05:00:00.000,H24,MISSION BERMUDES,0.00,0.00,0.0,5,0,30,20,7,2025
250757,2025-07-20 06:00:00.000,H24,MISSION BERMUDES,0.00,0.00,0.0,6,0,30,20,7,2025
250774,2025-07-20 07:00:00.000,H24,MISSION BERMUDES,0.00,0.00,0.0,7,0,30,20,7,2025
250791,2025-07-20 08:00:00.000,H24,MISSION BERMUDES,0.00,0.00,0.0,8,0,30,20,7,2025
250808,2025-07-20 09:00:00.000,H24,MISSION BERMUDES,0.00,0.00,0.0,9,0,30,20,7,2025
250825,2025-07-20 10:00:00.000,H24,MISSION BERMUDES,0.90,1.00,0.1,10,0,30,20,7,2025
250842,2025-07-20 11:00:00.000,H24,MISSION BERMUDES,0.45,1.00,0.55,11,0,30,20,7,2025
250859,2025-07-20 12:00:00.000,H24,MISSION BERMUDES,0.05,1.00,0.95,12,0,30,20,7,2025
250876,2025-07-20 13:00:00.000,H24,MISSION BERMUDES,0.80,1.00,0.2,13,0,30,20,7,2025
250893,2025-07-20 14:00:00.000,H24,MISSION BERMUDES,0.25,1.00,0.75,14,0,30,20,7,2025
250910,2025-07-20 15:00:00.000,H24,MISSION BERMUDES,0.90,1.00,0.1,15,0,30,20,7,2025
250927,2025-07-20 16:00:00.000,H24,MISSION BERMUDES,0.45,1.00,0.55,16,0,30,20,7,2025
250944,2025-07-20 17:00:00.000,H24,MISSION BERMUDES,0.15,1.00,0.85,17,0,30,20,7,2025
250961,2025-07-20 18:00:00.000,H24,MISSION BERMUDES,0.00,1.00,1.0,18,0,30,20,7,2025
250978,2025-07-20 19:00:00.000,H24,MISSION BERMUDES,0.25,1.00,0.75,19,0,30,20,7,2025
250995,2025-07-20 20:00:00.000,H24,MISSION BERMUDES,0.00,1.00,1.0,20,0,30,20,7,2025
251012,2025-07-20 21:00:00.000,H24,MISSION BERMUDES,0.00,0.05,0.05,21,0,30,20,7,2025
251029,2025-07-20 22:00:00.000,H24,MISSION BERMUDES,0.00,0.00,0.0,22,0,30,20,7,2025
251046,2025-07-20 23:00:00.000,H24,MISSION BERMUDES,0.00,0.00,0.0,23,0,30,20,7,2025
251063,2025-07-21 00:00:00.000,H24,MISSION BERMUDES,0.00,0.00,0.0,0,0,30,21,7,2025
251080,2025-07-21 01:00:00.000,H24,MISSION BERMUDES,0.00,0.00,0.0,1,0,30,21,7,2025
251097,2025-07-21 02:00:00.000,H24,MISSION BERMUDES,0.00,0.00,0.0,2,0,30,21,7,2025
251114,2025-07-21 03:00:00.000,H24,MISSION BERMUDES,0.00,0.00,0.0,3,0,30,21,7,2025
251131,2025-07-21 04:00:00.000,H24,MISSION BERMUDES,0.00,0.00,0.0,4,0,30,21,7,2025
251148,2025-07-21 05:00:00.000,H24,MISSION BERMUDES,0.00,0.00,0.0,5,0,30,21,7,2025
251165,2025-07-21 06:00:00.000,H24,MISSION BERMUDES,0.00,0.00,0.0,6,0,30,21,7,2025
251182,2025-07-21 07:00:00.000,H24,MISSION BERMUDES,0.00,0.00,0.0,7,0,30,21,7,2025
251199,2025-07-21 08:00:00.000,H24,MISSION BERMUDES,0.00,0.00,0.0,8,0,30,21,7,2025
251216,2025-07-21 09:00:00.000,H24,MISSION BERMUDES,0.00,0.00,0.0,9,0,30,21,7,2025
251233,2025-07-21 10:00:00.000,H24,MISSION BERMUDES,0.75,1.00,0.25,10,0,30,21,7,2025
251250,2025-07-21 11:00:00.000,H24,MISSION BERMUDES,1.00,1.00,0.0,11,0,30,21,7,2025
251267,2025-07-21 12:00:00.000,H24,MISSION BERMUDES,0.10,1.00,0.9,12,0,30,21,7,2025
251284,2025-07-21 13:00:00.000,H24,MISSION BERMUDES,0.30,1.00,0.7,13,0,30,21,7,2025
251301,2025-07-21 14:00:00.000,H24,MISSION BERMUDES,0.00,1.00,1.0,14,0,30,21,7,2025
251318,2025-07-21 15:00:00.000,H24,MISSION BERMUDES,0.85,1.00,0.15,15,0,30,21,7,2025
251335,2025-07-21 16:00:00.000,H24,MISSION BERMUDES,0.00,1.00,1.0,16,0,30,21,7,2025
251352,2025-07-21 17:00:00.000,H24,MISSION BERMUDES,0.00,1.00,1.0,17,0,30,21,7,2025
251369,2025-07-21 18:00:00.000,H24,MISSION BERMUDES,0.00,1.00,1.0,18,0,30,21,7,2025
251386,2025-07-21 19:00:00.000,H24,MISSION BERMUDES,0.00,1.00,1.0,19,0,30,21,7,2025
251403,2025-07-21 20:00:00.000,H24,MISSION BERMUDES,0.00,1.00,1.0,20,0,30,21,7,2025
251420,2025-07-21 21:00:00.000,H24,MISSION BERMUDES,0.00,0.05,0.05,21,0,30,21,7,2025
251437,2025-07-21 22:00:00.000,H24,MISSION BERMUDES,0.00,0.00,0.0,22,0,30,21,7,2025
251454,2025-07-21 23:00:00.000,H24,MISSION BERMUDES,0.00,0.00,0.0,23,0,30,21,7,2025
251471,2025-07-22 00:00:00.000,H24,MISSION BERMUDES,0.00,0.00,0.0,0,0,30,22,7,2025
251488,2025-07-22 01:00:00.000,H24,MISSION BERMUDES,0.00,0.00,0.0,1,0,30,22,7,2025
251505,2025-07-22 02:00:00.000,H24,MISSION BERMUDES,0.00,0.00,0.0,2,0,30,22,7,2025
251522,2025-07-22 03:00:00.000,H24,MISSION BERMUDES,0.00,0.00,0.0,3,0,30,22,7,2025
251539,2025-07-22 04:00:00.000,H24,MISSION BERMUDES,0.00,0.00,0.0,4,0,30,22,7,2025
251556,2025-07-22 05:00:00.000,H24,MISSION BERMUDES,0.00,0.00,0.0,5,0,30,22,7,2025
251573,2025-07-22 06:00:00.000,H24,MISSION BERMUDES,0.00,0.00,0.0,6,0,30,22,7,2025
251590,2025-07-22 07:00:00.000,H24,MISSION BERMUDES,0.00,0.00,0.0,7,0,30,22,7,2025
251607,2025-07-22 08:00:00.000,H24,MISSION BERMUDES,0.00,0.00,0.0,8,0,30,22,7,2025
251624,2025-07-22 09:00:00.000,H24,MISSION BERMUDES,0.00,0.00,0.0,9,0,30,22,7,2025
251641,2025-07-22 10:00:00.000,H24,MISSION BERMUDES,0.00,1.00,1.0,10,0,30,22,7,2025
251658,2025-07-22 11:00:00.000,H24,MISSION BERMUDES,0.10,1.00,0.9,11,0,30,22,7,2025
251675,2025-07-22 12:00:00.000,H24,MISSION BERMUDES,0.00,1.00,1.0,12,0,30,22,7,2025
251692,2025-07-22 13:00:00.000,H24,MISSION BERMUDES,0.00,1.00,1.0,13,0,30,22,7,2025
251709,2025-07-22 14:00:00.000,H24,MISSION BERMUDES,0.00,1.00,1.0,14,0,30,22,7,2025
251726,2025-07-22 15:00:00.000,H24,MISSION BERMUDES,0.10,1.00,0.9,15,0,30,22,7,2025
251743,2025-07-22 16:00:00.000,H24,MISSION BERMUDES,0.00,1.00,1.0,16,0,30,22,7,2025
251760,2025-07-22 17:00:00.000,H24,MISSION BERMUDES,0.00,0.70,0.7,17,0,30,22,7,2025
251777,2025-07-22 18:00:00.000,H24,MISSION BERMUDES,0.05,0.00,0.0,18,0,30,22,7,2025
251794,2025-07-22 19:00:00.000,H24,MISSION BERMUDES,0.65,0.10,0.0,19,0,30,22,7,2025
251811,2025-07-22 20:00:00.000,H24,MISSION BERMUDES,0.15,1.00,0.85,20,0,30,22,7,2025
251828,2025-07-22 21:00:00.000,H24,MISSION BERMUDES,0.00,0.00,0.0,21,0,30,22,7,2025
251845,2025-07-22 22:00:00.000,H24,MISSION BERMUDES,0.00,0.00,0.0,22,0,30,22,7,2025
251862,2025-07-22 23:00:00.000,H24,MISSION BERMUDES,0.00,0.00,0.0,23,0,30,22,7,2025
251879,2025-07-23 00:00:00.000,H24,MISSION BERMUDES,0.00,0.00,0.0,0,0,30,23,7,2025
251896,2025-07-23 01:00:00.000,H24,MISSION BERMUDES,0.00,0.00,0.0,1,0,30,23,7,2025
251913,2025-07-23 02:00:00.000,H24,MISSION BERMUDES,0.00,0.00,0.0,2,0,30,23,7,2025
251930,2025-07-23 03:00:00.000,H24,MISSION BERMUDES,0.00,0.00,0.0,3,0,30,23,7,2025
251947,2025-07-23 04:00:00.000,H24,MISSION BERMUDES,0.00,0.00,0.0,4,0,30,23,7,2025
251964,2025-07-23 05:00:00.000,H24,MISSION BERMUDES,0.00,0.00,0.0,5,0,30,23,7,2025
251981,2025-07-23 06:00:00.000,H24,MISSION BERMUDES,0.00,0.00,0.0,6,0,30,23,7,2025
251998,2025-07-23 07:00:00.000,H24,MISSION BERMUDES,0.00,0.00,0.0,7,0,30,23,7,2025
252015,2025-07-23 08:00:00.000,H24,MISSION BERMUDES,0.00,0.00,0.0,8,0,30,23,7,2025
252032,2025-07-23 09:00:00.000,H24,MISSION BERMUDES,0.00,0.00,0.0,9,0,30,23,7,2025
252049,2025-07-23 10:00:00.000,H24,MISSION BERMUDES,0.00,1.00,1.0,10,0,30,23,7,2025
252066,2025-07-23 11:00:00.000,H24,MISSION BERMUDES,1.00,1.00,0.0,11,0,30,23,7,2025
252083,2025-07-23 12:00:00.000,H24,MISSION BERMUDES,1.00,1.00,0.0,12,0,30,23,7,2025
252100,2025-07-23 13:00:00.000,H24,MISSION BERMUDES,0.80,1.00,0.2,13,0,30,23,7,2025
252117,2025-07-23 14:00:00.000,H24,MISSION BERMUDES,0.50,1.00,0.5,14,0,30,23,7,2025
252134,2025-07-23 15:00:00.000,H24,MISSION BERMUDES,1.00,1.00,0.0,15,0,30,23,7,2025
252151,2025-07-23 16:00:00.000,H24,MISSION BERMUDES,1.00,1.00,0.0,16,0,30,23,7,2025
252168,2025-07-23 17:00:00.000,H24,MISSION BERMUDES,0.90,1.00,0.1,17,0,30,23,7,2025
252185,2025-07-23 18:00:00.000,H24,MISSION BERMUDES,1.00,1.00,0.0,18,0,30,23,7,2025
252202,2025-07-23 19:00:00.000,H24,MISSION BERMUDES,1.00,1.00,0.0,19,0,30,23,7,2025
252219,2025-07-23 20:00:00.000,H24,MISSION BERMUDES,1.00,1.00,0.0,20,0,30,23,7,2025
252236,2025-07-23 21:00:00.000,H24,MISSION BERMUDES,1.00,0.05,0.0,21,0,30,23,7,2025
252253,2025-07-23 22:00:00.000,H24,MISSION BERMUDES,1.00,0.00,0.0,22,0,30,23,7,2025
252270,2025-07-23 23:00:00.000,H24,MISSION BERMUDES,1.00,0.00,0.0,23,0,30,23,7,2025
252287,2025-07-24 00:00:00.000,H24,MISSION BERMUDES,1.00,0.00,0.0,0,0,30,24,7,2025
252304,2025-07-24 01:00:00.000,H24,MISSION BERMUDES,1.00,0.00,0.0,1,0,30,24,7,2025
252321,2025-07-24 02:00:00.000,H24,MISSION BERMUDES,1.00,0.00,0.0,2,0,30,24,7,2025
252338,2025-07-24 03:00:00.000,H24,MISSION BERMUDES,1.00,0.00,0.0,3,0,30,24,7,2025
252355,2025-07-24 04:00:00.000,H24,MISSION BERMUDES,1.00,0.00,0.0,4,0,30,24,7,2025
252372,2025-07-24 05:00:00.000,H24,MISSION BERMUDES,1.00,0.00,0.0,5,0,30,24,7,2025
252389,2025-07-24 06:00:00.000,H24,MISSION BERMUDES,1.00,0.00,0.0,6,0,30,24,7,2025
252406,2025-07-24 07:00:00.000,H24,MISSION BERMUDES,1.00,0.00,0.0,7,0,30,24,7,2025
252423,2025-07-24 08:00:00.000,H24,MISSION BERMUDES,1.00,0.00,0.0,8,0,30,24,7,2025
252440,2025-07-24 09:00:00.000,H24,MISSION BERMUDES,0.75,0.00,0.0,9,0,30,24,7,2025
252457,2025-07-24 10:00:00.000,H24,MISSION BERMUDES,0.00,1.00,1.0,10,0,30,24,7,2025
252474,2025-07-24 11:00:00.000,H24,MISSION BERMUDES,0.40,1.00,0.6,11,0,30,24,7,2025
252491,2025-07-24 12:00:00.000,H24,MISSION BERMUDES,0.00,1.00,1.0,12,0,30,24,7,2025
252508,2025-07-24 13:00:00.000,H24,MISSION BERMUDES,0.00,1.00,1.0,13,0,30,24,7,2025
252525,2025-07-24 14:00:00.000,H24,MISSION BERMUDES,0.00,1.00,1.0,14,0,30,24,7,2025
252542,2025-07-24 15:00:00.000,H24,MISSION BERMUDES,0.00,1.00,1.0,15,0,30,24,7,2025
252559,2025-07-24 16:00:00.000,H24,MISSION BERMUDES,0.00,1.00,1.0,16,0,30,24,7,2025
252576,2025-07-24 17:00:00.000,H24,MISSION BERMUDES,0.10,1.00,0.9,17,0,30,24,7,2025
252593,2025-07-24 18:00:00.000,H24,MISSION BERMUDES,0.00,1.00,1.0,18,0,30,24,7,2025
252610,2025-07-24 19:00:00.000,H24,MISSION BERMUDES,0.00,1.00,1.0,19,0,30,24,7,2025
252627,2025-07-24 20:00:00.000,H24,MISSION BERMUDES,0.00,0.05,0.05,20,0,30,24,7,2025
252644,2025-07-24 21:00:00.000,H24,MISSION BERMUDES,0.00,0.00,0.0,21,0,30,24,7,2025
252661,2025-07-24 22:00:00.000,H24,MISSION BERMUDES,0.00,0.00,0.0,22,0,30,24,7,2025
252678,2025-07-24 23:00:00.000,H24,MISSION BERMUDES,0.00,0.00,0.0,23,0,30,24,7,2025
252695,2025-07-25 00:00:00.000,H24,MISSION BERMUDES,0.00,0.00,0.0,0,0,30,25,7,2025
252712,2025-07-25 01:00:00.000,H24,MISSION BERMUDES,0.00,0.00,0.0,1,0,30,25,7,2025
252729,2025-07-25 02:00:00.000,H24,MISSION BERMUDES,0.00,0.00,0.0,2,0,30,25,7,2025
252746,2025-07-25 03:00:00.000,H24,MISSION BERMUDES,0.00,0.00,0.0,3,0,30,25,7,2025
252763,2025-07-25 04:00:00.000,H24,MISSION BERMUDES,0.00,0.00,0.0,4,0,30,25,7,2025
252780,2025-07-25 05:00:00.000,H24,MISSION BERMUDES,0.00,0.00,0.0,5,0,30,25,7,2025
252797,2025-07-25 06:00:00.000,H24,MISSION BERMUDES,0.00,0.00,0.0,6,0,30,25,7,2025
252814,2025-07-25 07:00:00.000,H24,MISSION BERMUDES,0.00,0.00,0.0,7,0,30,25,7,2025
252831,2025-07-25 08:00:00.000,H24,MISSION BERMUDES,0.00,0.00,0.0,8,0,30,25,7,2025
252848,2025-07-25 09:00:00.000,H24,MISSION BERMUDES,0.00,0.00,0.0,9,0,30,25,7,2025
252865,2025-07-25 10:00:00.000,H24,MISSION BERMUDES,1.00,1.00,0.0,10,0,30,25,7,2025
252882,2025-07-25 11:00:00.000,H24,MISSION BERMUDES,1.00,1.00,0.0,11,0,30,25,7,2025
252899,2025-07-25 12:00:00.000,H24,MISSION BERMUDES,1.00,1.00,0.0,12,0,30,25,7,2025
252916,2025-07-25 13:00:00.000,H24,MISSION BERMUDES,1.00,1.00,0.0,13,0,30,25,7,2025
252933,2025-07-25 14:00:00.000,H24,MISSION BERMUDES,1.00,1.00,0.0,14,0,30,25,7,2025
252950,2025-07-25 15:00:00.000,H24,MISSION BERMUDES,0.95,1.00,0.05,15,0,30,25,7,2025
252967,2025-07-25 16:00:00.000,H24,MISSION BERMUDES,0.00,1.00,1.0,16,0,30,25,7,2025
252984,2025-07-25 17:00:00.000,H24,MISSION BERMUDES,0.00,1.00,1.0,17,0,30,25,7,2025
253001,2025-07-25 18:00:00.000,H24,MISSION BERMUDES,0.00,1.00,1.0,18,0,30,25,7,2025
253018,2025-07-25 19:00:00.000,H24,MISSION BERMUDES,0.00,1.00,1.0,19,0,30,25,7,2025
253035,2025-07-25 20:00:00.000,H24,MISSION BERMUDES,0.00,1.00,1.0,20,0,30,25,7,2025
253052,2025-07-25 21:00:00.000,H24,MISSION BERMUDES,0.00,0.05,0.05,21,0,30,25,7,2025
253069,2025-07-25 22:00:00.000,H24,MISSION BERMUDES,0.00,0.00,0.0,22,0,30,25,7,2025
253086,2025-07-25 23:00:00.000,H24,MISSION BERMUDES,0.00,0.00,0.0,23,0,30,25,7,2025
253103,2025-07-26 00:00:00.000,H24,MISSION BERMUDES,0.00,0.00,0.0,0,0,30,26,7,2025
253120,2025-07-26 01:00:00.000,H24,MISSION BERMUDES,0.00,0.00,0.0,1,0,30,26,7,2025
253137,2025-07-26 02:00:00.000,H24,MISSION BERMUDES,0.00,0.00,0.0,2,0,30,26,7,2025
253154,2025-07-26 03:00:00.000,H24,MISSION BERMUDES,0.00,0.00,0.0,3,0,30,26,7,2025
253171,2025-07-26 04:00:00.000,H24,MISSION BERMUDES,0.00,0.00,0.0,4,0,30,26,7,2025
253188,2025-07-26 05:00:00.000,H24,MISSION BERMUDES,0.00,0.00,0.0,5,0,30,26,7,2025
253205,2025-07-26 06:00:00.000,H24,MISSION BERMUDES,0.00,0.00,0.0,6,0,30,26,7,2025
253222,2025-07-26 07:00:00.000,H24,MISSION BERMUDES,0.00,0.00,0.0,7,0,30,26,7,2025
253239,2025-07-26 08:00:00.000,H24,MISSION BERMUDES,0.00,0.00,0.0,8,0,30,26,7,2025
253256,2025-07-26 09:00:00.000,H24,MISSION BERMUDES,0.00,0.00,0.0,9,0,30,26,7,2025
253273,2025-07-26 10:00:00.000,H24,MISSION BERMUDES,0.00,1.00,1.0,10,0,30,26,7,2025
253290,2025-07-26 11:00:00.000,H24,MISSION BERMUDES,0.90,1.00,0.1,11,0,30,26,7,2025
253307,2025-07-26 12:00:00.000,H24,MISSION BERMUDES,1.00,1.00,0.0,12,0,30,26,7,2025
253324,2025-07-26 13:00:00.000,H24,MISSION BERMUDES,0.55,1.00,0.45,13,0,30,26,7,2025
253341,2025-07-26 14:00:00.000,H24,MISSION BERMUDES,0.00,1.00,1.0,14,0,30,26,7,2025
253358,2025-07-26 15:00:00.000,H24,MISSION BERMUDES,0.00,1.00,1.0,15,0,30,26,7,2025
253375,2025-07-26 16:00:00.000,H24,MISSION BERMUDES,0.00,1.00,1.0,16,0,30,26,7,2025
253392,2025-07-26 17:00:00.000,H24,MISSION BERMUDES,0.55,1.00,0.45,17,0,30,26,7,2025
253409,2025-07-26 18:00:00.000,H24,MISSION BERMUDES,1.00,1.00,0.0,18,0,30,26,7,2025
253426,2025-07-26 19:00:00.000,H24,MISSION BERMUDES,1.00,1.00,0.0,19,0,30,26,7,2025
253443,2025-07-26 20:00:00.000,H24,MISSION BERMUDES,1.00,1.00,0.0,20,0,30,26,7,2025
253460,2025-07-26 21:00:00.000,H24,MISSION BERMUDES,1.00,0.05,0.0,21,0,30,26,7,2025
253477,2025-07-26 22:00:00.000,H24,MISSION BERMUDES,1.00,0.00,0.0,22,0,30,26,7,2025
253494,2025-07-26 23:00:00.000,H24,MISSION BERMUDES,1.00,0.00,0.0,23,0,30,26,7,2025
253511,2025-07-27 00:00:00.000,H24,MISSION BERMUDES,1.00,0.00,0.0,0,0,31,27,7,2025
253528,2025-07-27 01:00:00.000,H24,MISSION BERMUDES,1.00,0.00,0.0,1,0,31,27,7,2025
253545,2025-07-27 02:00:00.000,H24,MISSION BERMUDES,1.00,0.00,0.0,2,0,31,27,7,2025
253562,2025-07-27 03:00:00.000,H24,MISSION BERMUDES,1.00,0.00,0.0,3,0,31,27,7,2025
253579,2025-07-27 04:00:00.000,H24,MISSION BERMUDES,1.00,0.00,0.0,4,0,31,27,7,2025
253596,2025-07-27 05:00:00.000,H24,MISSION BERMUDES,1.00,0.00,0.0,5,0,31,27,7,2025
253613,2025-07-27 06:00:00.000,H24,MISSION BERMUDES,1.00,0.00,0.0,6,0,31,27,7,2025
253630,2025-07-27 07:00:00.000,H24,MISSION BERMUDES,1.00,0.00,0.0,7,0,31,27,7,2025
253647,2025-07-27 08:00:00.000,H24,MISSION BERMUDES,1.00,0.00,0.0,8,0,31,27,7,2025
253664,2025-07-27 09:00:00.000,H24,MISSION BERMUDES,1.00,0.00,0.0,9,0,31,27,7,2025
253681,2025-07-27 10:00:00.000,H24,MISSION BERMUDES,1.00,1.00,0.0,10,0,31,27,7,2025
253698,2025-07-27 11:00:00.000,H24,MISSION BERMUDES,1.00,1.00,0.0,11,0,31,27,7,2025
253715,2025-07-27 12:00:00.000,H24,MISSION BERMUDES,0.05,1.00,0.95,12,0,31,27,7,2025
253732,2025-07-27 13:00:00.000,H24,MISSION BERMUDES,0.00,1.00,1.0,13,0,31,27,7,2025
253749,2025-07-27 14:00:00.000,H24,MISSION BERMUDES,0.25,1.00,0.75,14,0,31,27,7,2025
253766,2025-07-27 15:00:00.000,H24,MISSION BERMUDES,0.00,1.00,1.0,15,0,31,27,7,2025
253783,2025-07-27 16:00:00.000,H24,MISSION BERMUDES,0.00,1.00,1.0,16,0,31,27,7,2025
253800,2025-07-27 17:00:00.000,H24,MISSION BERMUDES,0.00,1.00,1.0,17,0,31,27,7,2025
253817,2025-07-27 18:00:00.000,H24,MISSION BERMUDES,0.00,1.00,1.0,18,0,31,27,7,2025
253834,2025-07-27 19:00:00.000,H24,MISSION BERMUDES,0.00,1.00,1.0,19,0,31,27,7,2025
253851,2025-07-27 20:00:00.000,H24,MISSION BERMUDES,0.00,1.00,1.0,20,0,31,27,7,2025
253868,2025-07-27 21:00:00.000,H24,MISSION BERMUDES,0.00,0.05,0.05,21,0,31,27,7,2025
253885,2025-07-27 22:00:00.000,H24,MISSION BERMUDES,0.00,0.00,0.0,22,0,31,27,7,2025
253902,2025-07-27 23:00:00.000,H24,MISSION BERMUDES,0.00,0.00,0.0,23,0,31,27,7,2025
253919,2025-07-28 00:00:00.000,H24,MISSION BERMUDES,0.00,0.00,0.0,0,0,31,28,7,2025
253936,2025-07-28 01:00:00.000,H24,MISSION BERMUDES,0.00,0.00,0.0,1,0,31,28,7,2025
253953,2025-07-28 02:00:00.000,H24,MISSION BERMUDES,0.00,0.00,0.0,2,0,31,28,7,2025
253970,2025-07-28 03:00:00.000,H24,MISSION BERMUDES,0.00,0.00,0.0,3,0,31,28,7,2025
253987,2025-07-28 04:00:00.000,H24,MISSION BERMUDES,0.00,0.00,0.0,4,0,31,28,7,2025
254004,2025-07-28 05:00:00.000,H24,MISSION BERMUDES,0.00,0.00,0.0,5,0,31,28,7,2025
254021,2025-07-28 06:00:00.000,H24,MISSION BERMUDES,0.00,0.00,0.0,6,0,31,28,7,2025
254038,2025-07-28 07:00:00.000,H24,MISSION BERMUDES,0.00,0.00,0.0,7,0,31,28,7,2025
254055,2025-07-28 08:00:00.000,H24,MISSION BERMUDES,0.00,0.00,0.0,8,0,31,28,7,2025
254072,2025-07-28 09:00:00.000,H24,MISSION BERMUDES,0.00,0.00,0.0,9,0,31,28,7,2025
254089,2025-07-28 10:00:00.000,H24,MISSION BERMUDES,0.00,1.00,1.0,10,0,31,28,7,2025
254106,2025-07-28 11:00:00.000,H24,MISSION BERMUDES,0.00,1.00,1.0,11,0,31,28,7,2025
254123,2025-07-28 12:00:00.000,H24,MISSION BERMUDES,0.00,1.00,1.0,12,0,31,28,7,2025
254140,2025-07-28 13:00:00.000,H24,MISSION BERMUDES,0.00,1.00,1.0,13,0,31,28,7,2025
254157,2025-07-28 14:00:00.000,H24,MISSION BERMUDES,0.20,1.00,0.8,14,0,31,28,7,2025
254174,2025-07-28 15:00:00.000,H24,MISSION BERMUDES,0.00,1.00,1.0,15,0,31,28,7,2025
254191,2025-07-28 16:00:00.000,H24,MISSION BERMUDES,0.00,1.00,1.0,16,0,31,28,7,2025
254208,2025-07-28 17:00:00.000,H24,MISSION BERMUDES,0.00,1.00,1.0,17,0,31,28,7,2025
254225,2025-07-28 18:00:00.000,H24,MISSION BERMUDES,0.00,1.00,1.0,18,0,31,28,7,2025
254242,2025-07-28 19:00:00.000,H24,MISSION BERMUDES,0.00,1.00,1.0,19,0,31,28,7,2025
254259,2025-07-28 20:00:00.000,H24,MISSION BERMUDES,0.00,1.00,1.0,20,0,31,28,7,2025
254276,2025-07-28 21:00:00.000,H24,MISSION BERMUDES,0.00,0.05,0.05,21,0,31,28,7,2025
254293,2025-07-28 22:00:00.000,H24,MISSION BERMUDES,0.00,0.00,0.0,22,0,31,28,7,2025
254310,2025-07-28 23:00:00.000,H24,MISSION BERMUDES,0.00,0.00,0.0,23,0,31,28,7,2025
254327,2025-07-29 00:00:00.000,H24,MISSION BERMUDES,0.00,0.00,0.0,0,0,31,29,7,2025
254344,2025-07-29 01:00:00.000,H24,MISSION BERMUDES,0.00,0.00,0.0,1,0,31,29,7,2025
254361,2025-07-29 02:00:00.000,H24,MISSION BERMUDES,0.00,0.00,0.0,2,0,31,29,7,2025
254378,2025-07-29 03:00:00.000,H24,MISSION BERMUDES,0.00,0.00,0.0,3,0,31,29,7,2025
254395,2025-07-29 04:00:00.000,H24,MISSION BERMUDES,0.00,0.00,0.0,4,0,31,29,7,2025
254412,2025-07-29 05:00:00.000,H24,MISSION BERMUDES,0.00,0.00,0.0,5,0,31,29,7,2025
254429,2025-07-29 06:00:00.000,H24,MISSION BERMUDES,0.00,0.00,0.0,6,0,31,29,7,2025
254446,2025-07-29 07:00:00.000,H24,MISSION BERMUDES,0.00,0.00,0.0,7,0,31,29,7,2025
254463,2025-07-29 08:00:00.000,H24,MISSION BERMUDES,0.00,0.00,0.0,8,0,31,29,7,2025
254480,2025-07-29 09:00:00.000,H24,MISSION BERMUDES,0.00,0.00,0.0,9,0,31,29,7,2025
254497,2025-07-29 10:00:00.000,H24,MISSION BERMUDES,0.70,1.00,0.3,10,0,31,29,7,2025
254514,2025-07-29 11:00:00.000,H24,MISSION BERMUDES,0.00,1.00,1.0,11,0,31,29,7,2025
254531,2025-07-29 12:00:00.000,H24,MISSION BERMUDES,0.00,1.00,1.0,12,0,31,29,7,2025
254548,2025-07-29 13:00:00.000,H24,MISSION BERMUDES,0.00,1.00,1.0,13,0,31,29,7,2025
254565,2025-07-29 14:00:00.000,H24,MISSION BERMUDES,0.00,1.00,1.0,14,0,31,29,7,2025
254582,2025-07-29 15:00:00.000,H24,MISSION BERMUDES,0.00,1.00,1.0,15,0,31,29,7,2025
254599,2025-07-29 16:00:00.000,H24,MISSION BERMUDES,0.00,1.00,1.0,16,0,31,29,7,2025
254616,2025-07-29 17:00:00.000,H24,MISSION BERMUDES,0.00,1.00,1.0,17,0,31,29,7,2025
254633,2025-07-29 18:00:00.000,H24,MISSION BERMUDES,0.00,1.00,1.0,18,0,31,29,7,2025
254650,2025-07-29 19:00:00.000,H24,MISSION BERMUDES,0.40,1.00,0.6,19,0,31,29,7,2025
254667,2025-07-29 20:00:00.000,H24,MISSION BERMUDES,0.00,1.00,1.0,20,0,31,29,7,2025
254684,2025-07-29 21:00:00.000,H24,MISSION BERMUDES,0.00,0.05,0.05,21,0,31,29,7,2025
254701,2025-07-29 22:00:00.000,H24,MISSION BERMUDES,0.00,0.00,0.0,22,0,31,29,7,2025
254718,2025-07-29 23:00:00.000,H24,MISSION BERMUDES,0.00,0.00,0.0,23,0,31,29,7,2025
254735,2025-07-30 00:00:00.000,H24,MISSION BERMUDES,0.00,0.00,0.0,0,0,31,30,7,2025
254752,2025-07-30 01:00:00.000,H24,MISSION BERMUDES,0.00,0.00,0.0,1,0,31,30,7,2025
254769,2025-07-30 02:00:00.000,H24,MISSION BERMUDES,0.00,0.00,0.0,2,0,31,30,7,2025
254786,2025-07-30 03:00:00.000,H24,MISSION BERMUDES,0.00,0.00,0.0,3,0,31,30,7,2025
254803,2025-07-30 04:00:00.000,H24,MISSION BERMUDES,0.00,0.00,0.0,4,0,31,30,7,2025
254820,2025-07-30 05:00:00.000,H24,MISSION BERMUDES,0.00,0.00,0.0,5,0,31,30,7,2025
254837,2025-07-30 06:00:00.000,H24,MISSION BERMUDES,0.00,0.00,0.0,6,0,31,30,7,2025
254854,2025-07-30 07:00:00.000,H24,MISSION BERMUDES,0.00,0.00,0.0,7,0,31,30,7,2025
254871,2025-07-30 08:00:00.000,H24,MISSION BERMUDES,0.00,0.00,0.0,8,0,31,30,7,2025
254888,2025-07-30 09:00:00.000,H24,MISSION BERMUDES,0.00,0.00,0.0,9,0,31,30,7,2025
254905,2025-07-30 10:00:00.000,H24,MISSION BERMUDES,0.30,1.00,0.7,10,0,31,30,7,2025
254922,2025-07-30 11:00:00.000,H24,MISSION BERMUDES,0.00,1.00,1.0,11,0,31,30,7,2025
254939,2025-07-30 12:00:00.000,H24,MISSION BERMUDES,0.00,1.00,1.0,12,0,31,30,7,2025
254956,2025-07-30 13:00:00.000,H24,MISSION BERMUDES,0.00,1.00,1.0,13,0,31,30,7,2025
254973,2025-07-30 14:00:00.000,H24,MISSION BERMUDES,0.00,1.00,1.0,14,0,31,30,7,2025
254990,2025-07-30 15:00:00.000,H24,MISSION BERMUDES,0.00,1.00,1.0,15,0,31,30,7,2025
255007,2025-07-30 16:00:00.000,H24,MISSION BERMUDES,0.00,1.00,1.0,16,0,31,30,7,2025
255024,2025-07-30 17:00:00.000,H24,MISSION BERMUDES,0.00,1.00,1.0,17,0,31,30,7,2025
255041,2025-07-30 18:00:00.000,H24,MISSION BERMUDES,0.00,1.00,1.0,18,0,31,30,7,2025
255058,2025-07-30 19:00:00.000,H24,MISSION BERMUDES,0.00,1.00,1.0,19,0,31,30,7,2025
255075,2025-07-30 20:00:00.000,H24,MISSION BERMUDES,0.00,1.00,1.0,20,0,31,30,7,2025
255092,2025-07-30 21:00:00.000,H24,MISSION BERMUDES,0.00,0.00,0.0,21,0,31,30,7,2025
255109,2025-07-30 22:00:00.000,H24,MISSION BERMUDES,0.00,0.00,0.0,22,0,31,30,7,2025
255126,2025-07-30 23:00:00.000,H24,MISSION BERMUDES,0.00,0.00,0.0,23,0,31,30,7,2025
255143,2025-07-31 00:00:00.000,H24,MISSION BERMUDES,0.00,0.00,0.0,0,0,31,31,7,2025
255160,2025-07-31 01:00:00.000,H24,MISSION BERMUDES,0.00,0.00,0.0,1,0,31,31,7,2025
255177,2025-07-31 02:00:00.000,H24,MISSION BERMUDES,0.00,0.00,0.0,2,0,31,31,7,2025
255194,2025-07-31 03:00:00.000,H24,MISSION BERMUDES,0.00,0.00,0.0,3,0,31,31,7,2025
255211,2025-07-31 04:00:00.000,H24,MISSION BERMUDES,0.00,0.00,0.0,4,0,31,31,7,2025
255228,2025-07-31 05:00:00.000,H24,MISSION BERMUDES,0.00,0.00,0.0,5,0,31,31,7,2025
255245,2025-07-31 06:00:00.000,H24,MISSION BERMUDES,0.00,0.00,0.0,6,0,31,31,7,2025
255262,2025-07-31 07:00:00.000,H24,MISSION BERMUDES,0.00,0.00,0.0,7,0,31,31,7,2025
255279,2025-07-31 08:00:00.000,H24,MISSION BERMUDES,0.00,0.00,0.0,8,0,31,31,7,2025
255296,2025-07-31 09:00:00.000,H24,MISSION BERMUDES,0.00,0.00,0.0,9,0,31,31,7,2025
255313,2025-07-31 10:00:00.000,H24,MISSION BERMUDES,0.80,1.00,0.2,10,0,31,31,7,2025
255330,2025-07-31 11:00:00.000,H24,MISSION BERMUDES,1.00,1.00,0.0,11,0,31,31,7,2025
255347,2025-07-31 12:00:00.000,H24,MISSION BERMUDES,0.30,1.00,0.7,12,0,31,31,7,2025
255364,2025-07-31 13:00:00.000,H24,MISSION BERMUDES,0.00,1.00,1.0,13,0,31,31,7,2025
255381,2025-07-31 14:00:00.000,H24,MISSION BERMUDES,0.00,1.00,1.0,14,0,31,31,7,2025
255398,2025-07-31 15:00:00.000,H24,MISSION BERMUDES,0.30,1.00,0.7,15,0,31,31,7,2025
255415,2025-07-31 16:00:00.000,H24,MISSION BERMUDES,0.65,1.00,0.35,16,0,31,31,7,2025
255432,2025-07-31 17:00:00.000,H24,MISSION BERMUDES,0.15,1.00,0.85,17,0,31,31,7,2025
255449,2025-07-31 18:00:00.000,H24,MISSION BERMUDES,0.00,1.00,1.0,18,0,31,31,7,2025
255466,2025-07-31 19:00:00.000,H24,MISSION BERMUDES,0.00,1.00,1.0,19,0,31,31,7,2025
255483,2025-07-31 20:00:00.000,H24,MISSION BERMUDES,0.00,1.00,1.0,20,0,31,31,7,2025
255500,2025-07-31 21:00:00.000,H24,MISSION BERMUDES,0.00,0.05,0.05,21,0,31,31,7,2025
255517,2025-07-31 22:00:00.000,H24,MISSION BERMUDES,0.00,0.00,0.0,22,0,31,31,7,2025
255534,2025-07-31 23:00:00.000,H24,MISSION BERMUDES,0.00,0.00,0.0,23,0,31,31,7,2025
255551,2025-08-01 00:00:00.000,H24,MISSION BERMUDES,0.00,0.00,0.0,0,0,31,1,8,2025
255568,2025-08-01 01:00:00.000,H24,MISSION BERMUDES,0.00,0.00,0.0,1,0,31,1,8,2025
255585,2025-08-01 02:00:00.000,H24,MISSION BERMUDES,0.00,0.00,0.0,2,0,31,1,8,2025
255602,2025-08-01 03:00:00.000,H24,MISSION BERMUDES,0.00,0.00,0.0,3,0,31,1,8,2025
255619,2025-08-01 04:00:00.000,H24,MISSION BERMUDES,0.00,0.00,0.0,4,0,31,1,8,2025
255636,2025-08-01 05:00:00.000,H24,MISSION BERMUDES,0.00,0.00,0.0,5,0,31,1,8,2025
255653,2025-08-01 06:00:00.000,H24,MISSION BERMUDES,0.00,0.00,0.0,6,0,31,1,8,2025
255670,2025-08-01 07:00:00.000,H24,MISSION BERMUDES,0.00,0.00,0.0,7,0,31,1,8,2025
255687,2025-08-01 08:00:00.000,H24,MISSION BERMUDES,0.00,0.00,0.0,8,0,31,1,8,2025
255704,2025-08-01 09:00:00.000,H24,MISSION BERMUDES,0.00,0.00,0.0,9,0,31,1,8,2025
255721,2025-08-01 10:00:00.000,H24,MISSION BERMUDES,0.00,1.00,1.0,10,0,31,1,8,2025
255738,2025-08-01 11:00:00.000,H24,MISSION BERMUDES,0.00,1.00,1.0,11,0,31,1,8,2025
255755,2025-08-01 12:00:00.000,H24,MISSION BERMUDES,0.00,1.00,1.0,12,0,31,1,8,2025
255772,2025-08-01 13:00:00.000,H24,MISSION BERMUDES,0.00,1.00,1.0,13,0,31,1,8,2025
255789,2025-08-01 14:00:00.000,H24,MISSION BERMUDES,0.00,1.00,1.0,14,0,31,1,8,2025
255806,2025-08-01 15:00:00.000,H24,MISSION BERMUDES,0.00,1.00,1.0,15,0,31,1,8,2025
255823,2025-08-01 16:00:00.000,H24,MISSION BERMUDES,0.00,1.00,1.0,16,0,31,1,8,2025
255840,2025-08-01 17:00:00.000,H24,MISSION BERMUDES,0.00,1.00,1.0,17,0,31,1,8,2025
255857,2025-08-01 18:00:00.000,H24,MISSION BERMUDES,0.00,1.00,1.0,18,0,31,1,8,2025
255874,2025-08-01 19:00:00.000,H24,MISSION BERMUDES,0.00,1.00,1.0,19,0,31,1,8,2025
255891,2025-08-01 20:00:00.000,H24,MISSION BERMUDES,0.00,1.00,1.0,20,0,31,1,8,2025
255908,2025-08-01 21:00:00.000,H24,MISSION BERMUDES,0.00,0.00,0.0,21,0,31,1,8,2025
255925,2025-08-01 22:00:00.000,H24,MISSION BERMUDES,0.00,0.00,0.0,22,0,31,1,8,2025
255942,2025-08-01 23:00:00.000,H24,MISSION BERMUDES,0.00,0.00,0.0,23,0,31,1,8,2025
255959,2025-08-02 00:00:00.000,H24,MISSION BERMUDES,0.00,0.00,0.0,0,0,31,2,8,2025
255976,2025-08-02 01:00:00.000,H24,MISSION BERMUDES,0.00,0.00,0.0,1,0,31,2,8,2025
255993,2025-08-02 02:00:00.000,H24,MISSION BERMUDES,0.00,0.00,0.0,2,0,31,2,8,2025
256010,2025-08-02 03:00:00.000,H24,MISSION BERMUDES,0.00,0.00,0.0,3,0,31,2,8,2025
256027,2025-08-02 04:00:00.000,H24,MISSION BERMUDES,0.00,0.00,0.0,4,0,31,2,8,2025
256044,2025-08-02 05:00:00.000,H24,MISSION BERMUDES,0.00,0.00,0.0,5,0,31,2,8,2025
256061,2025-08-02 06:00:00.000,H24,MISSION BERMUDES,0.00,0.00,0.0,6,0,31,2,8,2025
256078,2025-08-02 07:00:00.000,H24,MISSION BERMUDES,0.00,0.00,0.0,7,0,31,2,8,2025
256095,2025-08-02 08:00:00.000,H24,MISSION BERMUDES,0.00,0.00,0.0,8,0,31,2,8,2025
256112,2025-08-02 09:00:00.000,H24,MISSION BERMUDES,0.00,0.00,0.0,9,0,31,2,8,2025
256129,2025-08-02 10:00:00.000,H24,MISSION BERMUDES,0.55,1.00,0.45,10,0,31,2,8,2025
256146,2025-08-02 11:00:00.000,H24,MISSION BERMUDES,0.15,1.00,0.85,11,0,31,2,8,2025
256163,2025-08-02 12:00:00.000,H24,MISSION BERMUDES,0.00,1.00,1.0,12,0,31,2,8,2025
256180,2025-08-02 13:00:00.000,H24,MISSION BERMUDES,0.45,1.00,0.55,13,0,31,2,8,2025
256197,2025-08-02 14:00:00.000,H24,MISSION BERMUDES,1.00,1.00,0.0,14,0,31,2,8,2025
256214,2025-08-02 15:00:00.000,H24,MISSION BERMUDES,1.00,1.00,0.0,15,0,31,2,8,2025
256231,2025-08-02 16:00:00.000,H24,MISSION BERMUDES,0.95,1.00,0.05,16,0,31,2,8,2025
256248,2025-08-02 17:00:00.000,H24,MISSION BERMUDES,0.00,1.00,1.0,17,0,31,2,8,2025
256265,2025-08-02 18:00:00.000,H24,MISSION BERMUDES,0.00,1.00,1.0,18,0,31,2,8,2025
256282,2025-08-02 19:00:00.000,H24,MISSION BERMUDES,0.25,1.00,0.75,19,0,31,2,8,2025
256299,2025-08-02 20:00:00.000,H24,MISSION BERMUDES,0.10,1.00,0.9,20,0,31,2,8,2025
256316,2025-08-02 21:00:00.000,H24,MISSION BERMUDES,0.00,0.05,0.05,21,0,31,2,8,2025
256333,2025-08-02 22:00:00.000,H24,MISSION BERMUDES,0.00,0.00,0.0,22,0,31,2,8,2025
256350,2025-08-02 23:00:00.000,H24,MISSION BERMUDES,0.00,0.00,0.0,23,0,31,2,8,2025
256367,2025-08-03 00:00:00.000,H24,MISSION BERMUDES,0.00,0.00,0.0,0,0,32,3,8,2025
256384,2025-08-03 01:00:00.000,H24,MISSION BERMUDES,0.00,0.00,0.0,1,0,32,3,8,2025
256401,2025-08-03 02:00:00.000,H24,MISSION BERMUDES,0.00,0.00,0.0,2,0,32,3,8,2025
256418,2025-08-03 03:00:00.000,H24,MISSION BERMUDES,0.00,0.00,0.0,3,0,32,3,8,2025
256435,2025-08-03 04:00:00.000,H24,MISSION BERMUDES,0.00,0.00,0.0,4,0,32,3,8,2025
256452,2025-08-03 05:00:00.000,H24,MISSION BERMUDES,0.00,0.00,0.0,5,0,32,3,8,2025
256469,2025-08-03 06:00:00.000,H24,MISSION BERMUDES,0.00,0.00,0.0,6,0,32,3,8,2025
256486,2025-08-03 07:00:00.000,H24,MISSION BERMUDES,0.00,0.00,0.0,7,0,32,3,8,2025
256503,2025-08-03 08:00:00.000,H24,MISSION BERMUDES,0.00,0.00,0.0,8,0,32,3,8,2025
256520,2025-08-03 09:00:00.000,H24,MISSION BERMUDES,0.00,0.00,0.0,9,0,32,3,8,2025
256537,2025-08-03 10:00:00.000,H24,MISSION BERMUDES,0.15,1.00,0.85,10,0,32,3,8,2025
256554,2025-08-03 11:00:00.000,H24,MISSION BERMUDES,0.00,1.00,1.0,11,0,32,3,8,2025
256571,2025-08-03 12:00:00.000,H24,MISSION BERMUDES,0.35,1.00,0.65,12,0,32,3,8,2025
256588,2025-08-03 13:00:00.000,H24,MISSION BERMUDES,0.00,1.00,1.0,13,0,32,3,8,2025
256605,2025-08-03 14:00:00.000,H24,MISSION BERMUDES,0.25,1.00,0.75,14,0,32,3,8,2025
256622,2025-08-03 15:00:00.000,H24,MISSION BERMUDES,0.95,1.00,0.05,15,0,32,3,8,2025
256639,2025-08-03 16:00:00.000,H24,MISSION BERMUDES,0.90,1.00,0.1,16,0,32,3,8,2025
256656,2025-08-03 17:00:00.000,H24,MISSION BERMUDES,0.00,1.00,1.0,17,0,32,3,8,2025
256673,2025-08-03 18:00:00.000,H24,MISSION BERMUDES,0.30,1.00,0.7,18,0,32,3,8,2025
256690,2025-08-03 19:00:00.000,H24,MISSION BERMUDES,0.40,1.00,0.6,19,0,32,3,8,2025
256707,2025-08-03 20:00:00.000,H24,MISSION BERMUDES,0.00,1.00,1.0,20,0,32,3,8,2025
256724,2025-08-03 21:00:00.000,H24,MISSION BERMUDES,0.00,0.05,0.05,21,0,32,3,8,2025
256741,2025-08-03 22:00:00.000,H24,MISSION BERMUDES,0.00,0.00,0.0,22,0,32,3,8,2025
256758,2025-08-03 23:00:00.000,H24,MISSION BERMUDES,0.00,0.00,0.0,23,0,32,3,8,2025
256775,2025-08-04 00:00:00.000,H24,MISSION BERMUDES,0.00,0.00,0.0,0,0,32,4,8,2025
256792,2025-08-04 01:00:00.000,H24,MISSION BERMUDES,0.00,0.00,0.0,1,0,32,4,8,2025
256809,2025-08-04 02:00:00.000,H24,MISSION BERMUDES,0.00,0.00,0.0,2,0,32,4,8,2025
256826,2025-08-04 03:00:00.000,H24,MISSION BERMUDES,0.00,0.00,0.0,3,0,32,4,8,2025
256843,2025-08-04 04:00:00.000,H24,MISSION BERMUDES,0.00,0.00,0.0,4,0,32,4,8,2025
256860,2025-08-04 05:00:00.000,H24,MISSION BERMUDES,0.00,0.00,0.0,5,0,32,4,8,2025
256877,2025-08-04 06:00:00.000,H24,MISSION BERMUDES,0.00,0.00,0.0,6,0,32,4,8,2025
256894,2025-08-04 07:00:00.000,H24,MISSION BERMUDES,0.00,0.55,0.55,7,0,32,4,8,2025
256911,2025-08-04 08:00:00.000,H24,MISSION BERMUDES,0.00,0.00,0.0,8,0,32,4,8,2025
256928,2025-08-04 09:00:00.000,H24,MISSION BERMUDES,0.05,0.00,0.0,9,0,32,4,8,2025
256945,2025-08-04 10:00:00.000,H24,MISSION BERMUDES,0.45,1.00,0.55,10,0,32,4,8,2025
256962,2025-08-04 11:00:00.000,H24,MISSION BERMUDES,0.00,1.00,1.0,11,0,32,4,8,2025
256979,2025-08-04 12:00:00.000,H24,MISSION BERMUDES,0.40,1.00,0.6,12,0,32,4,8,2025
256996,2025-08-04 13:00:00.000,H24,MISSION BERMUDES,1.00,1.00,0.0,13,0,32,4,8,2025
257013,2025-08-04 14:00:00.000,H24,MISSION BERMUDES,1.00,1.00,0.0,14,0,32,4,8,2025
257030,2025-08-04 15:00:00.000,H24,MISSION BERMUDES,0.00,1.00,1.0,15,0,32,4,8,2025
257047,2025-08-04 16:00:00.000,H24,MISSION BERMUDES,0.00,1.00,1.0,16,0,32,4,8,2025
257064,2025-08-04 17:00:00.000,H24,MISSION BERMUDES,0.00,1.00,1.0,17,0,32,4,8,2025
257081,2025-08-04 18:00:00.000,H24,MISSION BERMUDES,0.00,1.00,1.0,18,0,32,4,8,2025
257098,2025-08-04 19:00:00.000,H24,MISSION BERMUDES,0.00,1.00,1.0,19,0,32,4,8,2025
257115,2025-08-04 20:00:00.000,H24,MISSION BERMUDES,0.00,1.00,1.0,20,0,32,4,8,2025
257132,2025-08-04 21:00:00.000,H24,MISSION BERMUDES,0.35,1.00,0.65,21,0,32,4,8,2025
257149,2025-08-04 22:00:00.000,H24,MISSION BERMUDES,1.00,0.05,0.0,22,0,32,4,8,2025
257166,2025-08-04 23:00:00.000,H24,MISSION BERMUDES,1.00,0.00,0.0,23,0,32,4,8,2025
257183,2025-08-05 00:00:00.000,H24,MISSION BERMUDES,1.00,0.00,0.0,0,0,32,5,8,2025
257200,2025-08-05 01:00:00.000,H24,MISSION BERMUDES,1.00,0.00,0.0,1,0,32,5,8,2025
257217,2025-08-05 02:00:00.000,H24,MISSION BERMUDES,1.00,0.00,0.0,2,0,32,5,8,2025
257234,2025-08-05 03:00:00.000,H24,MISSION BERMUDES,1.00,0.00,0.0,3,0,32,5,8,2025
257251,2025-08-05 04:00:00.000,H24,MISSION BERMUDES,1.00,0.00,0.0,4,0,32,5,8,2025
257268,2025-08-05 05:00:00.000,H24,MISSION BERMUDES,1.00,0.00,0.0,5,0,32,5,8,2025
257285,2025-08-05 06:00:00.000,H24,MISSION BERMUDES,1.00,0.00,0.0,6,0,32,5,8,2025
257302,2025-08-05 07:00:00.000,H24,MISSION BERMUDES,1.00,0.00,0.0,7,0,32,5,8,2025
257319,2025-08-05 08:00:00.000,H24,MISSION BERMUDES,1.00,0.00,0.0,8,0,32,5,8,2025
257336,2025-08-05 09:00:00.000,H24,MISSION BERMUDES,1.00,0.00,0.0,9,0,32,5,8,2025
257353,2025-08-05 10:00:00.000,H24,MISSION BERMUDES,0.50,1.00,0.5,10,0,32,5,8,2025
257370,2025-08-05 11:00:00.000,H24,MISSION BERMUDES,0.15,1.00,0.85,11,0,32,5,8,2025
257387,2025-08-05 12:00:00.000,H24,MISSION BERMUDES,0.15,1.00,0.85,12,0,32,5,8,2025
257404,2025-08-05 13:00:00.000,H24,MISSION BERMUDES,0.00,1.00,1.0,13,0,32,5,8,2025
257421,2025-08-05 14:00:00.000,H24,MISSION BERMUDES,0.00,1.00,1.0,14,0,32,5,8,2025
257438,2025-08-05 15:00:00.000,H24,MISSION BERMUDES,0.00,1.00,1.0,15,0,32,5,8,2025
257455,2025-08-05 16:00:00.000,H24,MISSION BERMUDES,0.00,1.00,1.0,16,0,32,5,8,2025
257472,2025-08-05 17:00:00.000,H24,MISSION BERMUDES,0.30,1.00,0.7,17,0,32,5,8,2025
257489,2025-08-05 18:00:00.000,H24,MISSION BERMUDES,0.00,1.00,1.0,18,0,32,5,8,2025
257506,2025-08-05 19:00:00.000,H24,MISSION BERMUDES,0.00,1.00,1.0,19,0,32,5,8,2025
257523,2025-08-05 20:00:00.000,H24,MISSION BERMUDES,0.00,1.00,1.0,20,0,32,5,8,2025
257540,2025-08-05 21:00:00.000,H24,MISSION BERMUDES,0.35,1.00,0.65,21,0,32,5,8,2025
257557,2025-08-05 22:00:00.000,H24,MISSION BERMUDES,1.00,0.05,0.0,22,0,32,5,8,2025
257574,2025-08-05 23:00:00.000,H24,MISSION BERMUDES,1.00,0.00,0.0,23,0,32,5,8,2025
257591,2025-08-06 00:00:00.000,H24,MISSION BERMUDES,1.00,0.00,0.0,0,0,32,6,8,2025
257608,2025-08-06 01:00:00.000,H24,MISSION BERMUDES,1.00,0.00,0.0,1,0,32,6,8,2025
257625,2025-08-06 02:00:00.000,H24,MISSION BERMUDES,1.00,0.00,0.0,2,0,32,6,8,2025
257642,2025-08-06 03:00:00.000,H24,MISSION BERMUDES,1.00,0.00,0.0,3,0,32,6,8,2025
257659,2025-08-06 04:00:00.000,H24,MISSION BERMUDES,1.00,0.00,0.0,4,0,32,6,8,2025
257676,2025-08-06 05:00:00.000,H24,MISSION BERMUDES,1.00,0.00,0.0,5,0,32,6,8,2025
257693,2025-08-06 06:00:00.000,H24,MISSION BERMUDES,1.00,0.00,0.0,6,0,32,6,8,2025
257710,2025-08-06 07:00:00.000,H24,MISSION BERMUDES,1.00,0.00,0.0,7,0,32,6,8,2025
257727,2025-08-06 08:00:00.000,H24,MISSION BERMUDES,1.00,0.00,0.0,8,0,32,6,8,2025
257744,2025-08-06 09:00:00.000,H24,MISSION BERMUDES,1.00,0.00,0.0,9,0,32,6,8,2025
257761,2025-08-06 10:00:00.000,H24,MISSION BERMUDES,0.25,1.00,0.75,10,0,32,6,8,2025
257778,2025-08-06 11:00:00.000,H24,MISSION BERMUDES,0.00,1.00,1.0,11,0,32,6,8,2025
257795,2025-08-06 12:00:00.000,H24,MISSION BERMUDES,0.40,1.00,0.6,12,0,32,6,8,2025
257812,2025-08-06 13:00:00.000,H24,MISSION BERMUDES,0.65,1.00,0.35,13,0,32,6,8,2025
257829,2025-08-06 14:00:00.000,H24,MISSION BERMUDES,0.60,1.00,0.4,14,0,32,6,8,2025
257846,2025-08-06 15:00:00.000,H24,MISSION BERMUDES,1.00,1.00,0.0,15,0,32,6,8,2025
257863,2025-08-06 16:00:00.000,H24,MISSION BERMUDES,1.00,1.00,0.0,16,0,32,6,8,2025
257880,2025-08-06 17:00:00.000,H24,MISSION BERMUDES,0.60,1.00,0.4,17,0,32,6,8,2025
257897,2025-08-06 18:00:00.000,H24,MISSION BERMUDES,0.25,1.00,0.75,18,0,32,6,8,2025
257914,2025-08-06 19:00:00.000,H24,MISSION BERMUDES,0.00,1.00,1.0,19,0,32,6,8,2025
257931,2025-08-06 20:00:00.000,H24,MISSION BERMUDES,0.05,1.00,0.95,20,0,32,6,8,2025
257948,2025-08-06 21:00:00.000,H24,MISSION BERMUDES,0.15,1.00,0.85,21,0,32,6,8,2025
257965,2025-08-06 22:00:00.000,H24,MISSION BERMUDES,0.00,0.05,0.05,22,0,32,6,8,2025
257982,2025-08-06 23:00:00.000,H24,MISSION BERMUDES,0.00,0.00,0.0,23,0,32,6,8,2025
257999,2025-08-07 00:00:00.000,H24,MISSION BERMUDES,0.00,0.00,0.0,0,0,32,7,8,2025
258016,2025-08-07 01:00:00.000,H24,MISSION BERMUDES,0.00,0.00,0.0,1,0,32,7,8,2025
258033,2025-08-07 02:00:00.000,H24,MISSION BERMUDES,0.00,0.00,0.0,2,0,32,7,8,2025
258050,2025-08-07 03:00:00.000,H24,MISSION BERMUDES,0.00,0.00,0.0,3,0,32,7,8,2025
258067,2025-08-07 04:00:00.000,H24,MISSION BERMUDES,0.00,0.00,0.0,4,0,32,7,8,2025
258084,2025-08-07 05:00:00.000,H24,MISSION BERMUDES,0.00,0.00,0.0,5,0,32,7,8,2025
258101,2025-08-07 06:00:00.000,H24,MISSION BERMUDES,0.00,0.00,0.0,6,0,32,7,8,2025
258118,2025-08-07 07:00:00.000,H24,MISSION BERMUDES,0.00,0.00,0.0,7,0,32,7,8,2025
258135,2025-08-07 08:00:00.000,H24,MISSION BERMUDES,0.00,0.00,0.0,8,0,32,7,8,2025
258152,2025-08-07 09:00:00.000,H24,MISSION BERMUDES,0.00,0.00,0.0,9,0,32,7,8,2025
258169,2025-08-07 10:00:00.000,H24,MISSION BERMUDES,0.25,1.00,0.75,10,0,32,7,8,2025
258186,2025-08-07 11:00:00.000,H24,MISSION BERMUDES,0.95,1.00,0.05,11,0,32,7,8,2025
258203,2025-08-07 12:00:00.000,H24,MISSION BERMUDES,1.00,1.00,0.0,12,0,32,7,8,2025
258220,2025-08-07 13:00:00.000,H24,MISSION BERMUDES,0.90,1.00,0.1,13,0,32,7,8,2025
258237,2025-08-07 14:00:00.000,H24,MISSION BERMUDES,0.00,1.00,1.0,14,0,32,7,8,2025
258254,2025-08-07 15:00:00.000,H24,MISSION BERMUDES,0.00,1.00,1.0,15,0,32,7,8,2025
258271,2025-08-07 16:00:00.000,H24,MISSION BERMUDES,0.20,1.00,0.8,16,0,32,7,8,2025
258288,2025-08-07 17:00:00.000,H24,MISSION BERMUDES,0.00,1.00,1.0,17,0,32,7,8,2025
258305,2025-08-07 18:00:00.000,H24,MISSION BERMUDES,0.00,1.00,1.0,18,0,32,7,8,2025
258322,2025-08-07 19:00:00.000,H24,MISSION BERMUDES,0.00,1.00,1.0,19,0,32,7,8,2025
258339,2025-08-07 20:00:00.000,H24,MISSION BERMUDES,0.00,1.00,1.0,20,0,32,7,8,2025
258356,2025-08-07 21:00:00.000,H24,MISSION BERMUDES,0.00,1.00,1.0,21,0,32,7,8,2025
258373,2025-08-07 22:00:00.000,H24,MISSION BERMUDES,0.00,0.05,0.05,22,0,32,7,8,2025
258390,2025-08-07 23:00:00.000,H24,MISSION BERMUDES,0.00,0.00,0.0,23,0,32,7,8,2025
258407,2025-08-08 00:00:00.000,H24,MISSION BERMUDES,0.00,0.00,0.0,0,0,32,8,8,2025
258424,2025-08-08 01:00:00.000,H24,MISSION BERMUDES,0.00,0.00,0.0,1,0,32,8,8,2025
258441,2025-08-08 02:00:00.000,H24,MISSION BERMUDES,0.00,0.00,0.0,2,0,32,8,8,2025
258458,2025-08-08 03:00:00.000,H24,MISSION BERMUDES,0.00,0.00,0.0,3,0,32,8,8,2025
258475,2025-08-08 04:00:00.000,H24,MISSION BERMUDES,0.00,0.00,0.0,4,0,32,8,8,2025
258492,2025-08-08 05:00:00.000,H24,MISSION BERMUDES,0.00,0.00,0.0,5,0,32,8,8,2025
258509,2025-08-08 06:00:00.000,H24,MISSION BERMUDES,0.00,0.00,0.0,6,0,32,8,8,2025
258526,2025-08-08 07:00:00.000,H24,MISSION BERMUDES,0.00,0.00,0.0,7,0,32,8,8,2025
258543,2025-08-08 08:00:00.000,H24,MISSION BERMUDES,0.00,0.00,0.0,8,0,32,8,8,2025
258560,2025-08-08 09:00:00.000,H24,MISSION BERMUDES,0.40,0.00,0.0,9,0,32,8,8,2025
258577,2025-08-08 10:00:00.000,H24,MISSION BERMUDES,1.00,1.00,0.0,10,0,32,8,8,2025
258594,2025-08-08 11:00:00.000,H24,MISSION BERMUDES,0.35,1.00,0.65,11,0,32,8,8,2025
258611,2025-08-08 12:00:00.000,H24,MISSION BERMUDES,0.00,1.00,1.0,12,0,32,8,8,2025
258628,2025-08-08 13:00:00.000,H24,MISSION BERMUDES,0.00,1.00,1.0,13,0,32,8,8,2025
258645,2025-08-08 14:00:00.000,H24,MISSION BERMUDES,0.00,1.00,1.0,14,0,32,8,8,2025
258662,2025-08-08 15:00:00.000,H24,MISSION BERMUDES,0.00,1.00,1.0,15,0,32,8,8,2025
258679,2025-08-08 16:00:00.000,H24,MISSION BERMUDES,0.00,1.00,1.0,16,0,32,8,8,2025
258696,2025-08-08 17:00:00.000,H24,MISSION BERMUDES,0.05,1.00,0.95,17,0,32,8,8,2025
258713,2025-08-08 18:00:00.000,H24,MISSION BERMUDES,0.00,1.00,1.0,18,0,32,8,8,2025
258730,2025-08-08 19:00:00.000,H24,MISSION BERMUDES,0.00,1.00,1.0,19,0,32,8,8,2025
258747,2025-08-08 20:00:00.000,H24,MISSION BERMUDES,0.00,1.00,1.0,20,0,32,8,8,2025
258764,2025-08-08 21:00:00.000,H24,MISSION BERMUDES,0.00,1.00,1.0,21,0,32,8,8,2025
258781,2025-08-08 22:00:00.000,H24,MISSION BERMUDES,0.00,0.00,0.0,22,0,32,8,8,2025
258798,2025-08-08 23:00:00.000,H24,MISSION BERMUDES,0.00,0.00,0.0,23,0,32,8,8,2025
258815,2025-08-09 00:00:00.000,H24,MISSION BERMUDES,0.00,0.00,0.0,0,0,32,9,8,2025
258832,2025-08-09 01:00:00.000,H24,MISSION BERMUDES,0.00,0.00,0.0,1,0,32,9,8,2025
258849,2025-08-09 02:00:00.000,H24,MISSION BERMUDES,0.00,0.00,0.0,2,0,32,9,8,2025
258866,2025-08-09 03:00:00.000,H24,MISSION BERMUDES,0.00,0.00,0.0,3,0,32,9,8,2025
258883,2025-08-09 04:00:00.000,H24,MISSION BERMUDES,0.00,0.00,0.0,4,0,32,9,8,2025
258900,2025-08-09 05:00:00.000,H24,MISSION BERMUDES,0.00,0.00,0.0,5,0,32,9,8,2025
258917,2025-08-09 06:00:00.000,H24,MISSION BERMUDES,0.00,0.00,0.0,6,0,32,9,8,2025
258934,2025-08-09 07:00:00.000,H24,MISSION BERMUDES,0.00,0.00,0.0,7,0,32,9,8,2025
258951,2025-08-09 08:00:00.000,H24,MISSION BERMUDES,0.00,0.00,0.0,8,0,32,9,8,2025
258968,2025-08-09 09:00:00.000,H24,MISSION BERMUDES,0.00,0.00,0.0,9,0,32,9,8,2025
258985,2025-08-09 10:00:00.000,H24,MISSION BERMUDES,0.00,1.00,1.0,10,0,32,9,8,2025
259002,2025-08-09 11:00:00.000,H24,MISSION BERMUDES,0.00,1.00,1.0,11,0,32,9,8,2025
259019,2025-08-09 12:00:00.000,H24,MISSION BERMUDES,0.45,1.00,0.55,12,0,32,9,8,2025
259036,2025-08-09 13:00:00.000,H24,MISSION BERMUDES,0.55,1.00,0.45,13,0,32,9,8,2025
259053,2025-08-09 14:00:00.000,H24,MISSION BERMUDES,0.00,1.00,1.0,14,0,32,9,8,2025
259070,2025-08-09 15:00:00.000,H24,MISSION BERMUDES,0.40,1.00,0.6,15,0,32,9,8,2025
259087,2025-08-09 16:00:00.000,H24,MISSION BERMUDES,0.75,1.00,0.25,16,0,32,9,8,2025
259104,2025-08-09 17:00:00.000,H24,MISSION BERMUDES,0.00,1.00,1.0,17,0,32,9,8,2025
259121,2025-08-09 18:00:00.000,H24,MISSION BERMUDES,0.10,1.00,0.9,18,0,32,9,8,2025
259138,2025-08-09 19:00:00.000,H24,MISSION BERMUDES,1.00,1.00,0.0,19,0,32,9,8,2025
259155,2025-08-09 20:00:00.000,H24,MISSION BERMUDES,1.00,1.00,0.0,20,0,32,9,8,2025
259172,2025-08-09 21:00:00.000,H24,MISSION BERMUDES,1.00,1.00,0.0,21,0,32,9,8,2025
259189,2025-08-09 22:00:00.000,H24,MISSION BERMUDES,1.00,0.05,0.0,22,0,32,9,8,2025
259206,2025-08-09 23:00:00.000,H24,MISSION BERMUDES,1.00,0.00,0.0,23,0,32,9,8,2025
259223,2025-08-10 00:00:00.000,H24,MISSION BERMUDES,1.00,0.00,0.0,0,0,33,10,8,2025
259240,2025-08-10 01:00:00.000,H24,MISSION BERMUDES,1.00,0.00,0.0,1,0,33,10,8,2025
259257,2025-08-10 02:00:00.000,H24,MISSION BERMUDES,1.00,0.00,0.0,2,0,33,10,8,2025
259274,2025-08-10 03:00:00.000,H24,MISSION BERMUDES,1.00,0.00,0.0,3,0,33,10,8,2025
259291,2025-08-10 04:00:00.000,H24,MISSION BERMUDES,1.00,0.00,0.0,4,0,33,10,8,2025
259308,2025-08-10 05:00:00.000,H24,MISSION BERMUDES,1.00,0.00,0.0,5,0,33,10,8,2025
259325,2025-08-10 06:00:00.000,H24,MISSION BERMUDES,1.00,0.00,0.0,6,0,33,10,8,2025
259342,2025-08-10 07:00:00.000,H24,MISSION BERMUDES,1.00,0.00,0.0,7,0,33,10,8,2025
259359,2025-08-10 08:00:00.000,H24,MISSION BERMUDES,1.00,0.00,0.0,8,0,33,10,8,2025
259376,2025-08-10 09:00:00.000,H24,MISSION BERMUDES,1.00,0.00,0.0,9,0,33,10,8,2025
259393,2025-08-10 10:00:00.000,H24,MISSION BERMUDES,0.40,1.00,0.6,10,0,33,10,8,2025
259410,2025-08-10 11:00:00.000,H24,MISSION BERMUDES,1.00,1.00,0.0,11,0,33,10,8,2025
259427,2025-08-10 12:00:00.000,H24,MISSION BERMUDES,1.00,1.00,0.0,12,0,33,10,8,2025
259444,2025-08-10 13:00:00.000,H24,MISSION BERMUDES,1.00,1.00,0.0,13,0,33,10,8,2025
259461,2025-08-10 14:00:00.000,H24,MISSION BERMUDES,1.00,1.00,0.0,14,0,33,10,8,2025
259478,2025-08-10 15:00:00.000,H24,MISSION BERMUDES,0.65,1.00,0.35,15,0,33,10,8,2025
259495,2025-08-10 16:00:00.000,H24,MISSION BERMUDES,0.65,1.00,0.35,16,0,33,10,8,2025
259512,2025-08-10 17:00:00.000,H24,MISSION BERMUDES,1.00,1.00,0.0,17,0,33,10,8,2025
259529,2025-08-10 18:00:00.000,H24,MISSION BERMUDES,0.05,1.00,0.95,18,0,33,10,8,2025
259546,2025-08-10 19:00:00.000,H24,MISSION BERMUDES,0.00,1.00,1.0,19,0,33,10,8,2025
259563,2025-08-10 20:00:00.000,H24,MISSION BERMUDES,0.00,1.00,1.0,20,0,33,10,8,2025
259580,2025-08-10 21:00:00.000,H24,MISSION BERMUDES,0.00,1.00,1.0,21,0,33,10,8,2025
259597,2025-08-10 22:00:00.000,H24,MISSION BERMUDES,0.00,0.05,0.05,22,0,33,10,8,2025
259614,2025-08-10 23:00:00.000,H24,MISSION BERMUDES,0.00,0.00,0.0,23,0,33,10,8,2025
259631,2025-08-11 00:00:00.000,H24,MISSION BERMUDES,0.00,0.00,0.0,0,0,33,11,8,2025
259648,2025-08-11 01:00:00.000,H24,MISSION BERMUDES,0.00,0.00,0.0,1,0,33,11,8,2025
259665,2025-08-11 02:00:00.000,H24,MISSION BERMUDES,0.00,0.00,0.0,2,0,33,11,8,2025
259682,2025-08-11 03:00:00.000,H24,MISSION BERMUDES,0.00,0.00,0.0,3,0,33,11,8,2025
259699,2025-08-11 04:00:00.000,H24,MISSION BERMUDES,0.00,0.00,0.0,4,0,33,11,8,2025
259716,2025-08-11 05:00:00.000,H24,MISSION BERMUDES,0.00,0.00,0.0,5,0,33,11,8,2025
259733,2025-08-11 06:00:00.000,H24,MISSION BERMUDES,0.00,0.00,0.0,6,0,33,11,8,2025
259750,2025-08-11 07:00:00.000,H24,MISSION BERMUDES,0.00,0.00,0.0,7,0,33,11,8,2025
259767,2025-08-11 08:00:00.000,H24,MISSION BERMUDES,0.00,0.00,0.0,8,0,33,11,8,2025
259784,2025-08-11 09:00:00.000,H24,MISSION BERMUDES,0.00,0.00,0.0,9,0,33,11,8,2025
259801,2025-08-11 10:00:00.000,H24,MISSION BERMUDES,0.00,1.00,1.0,10,0,33,11,8,2025
259818,2025-08-11 11:00:00.000,H24,MISSION BERMUDES,0.00,1.00,1.0,11,0,33,11,8,2025
259835,2025-08-11 12:00:00.000,H24,MISSION BERMUDES,0.45,1.00,0.55,12,0,33,11,8,2025
259852,2025-08-11 13:00:00.000,H24,MISSION BERMUDES,0.00,1.00,1.0,13,0,33,11,8,2025
259869,2025-08-11 14:00:00.000,H24,MISSION BERMUDES,0.00,1.00,1.0,14,0,33,11,8,2025
259886,2025-08-11 15:00:00.000,H24,MISSION BERMUDES,0.00,1.00,1.0,15,0,33,11,8,2025
259903,2025-08-11 16:00:00.000,H24,MISSION BERMUDES,0.00,1.00,1.0,16,0,33,11,8,2025
259920,2025-08-11 17:00:00.000,H24,MISSION BERMUDES,0.00,1.00,1.0,17,0,33,11,8,2025
259937,2025-08-11 18:00:00.000,H24,MISSION BERMUDES,0.00,1.00,1.0,18,0,33,11,8,2025
259954,2025-08-11 19:00:00.000,H24,MISSION BERMUDES,0.00,1.00,1.0,19,0,33,11,8,2025
259971,2025-08-11 20:00:00.000,H24,MISSION BERMUDES,0.00,1.00,1.0,20,0,33,11,8,2025
259988,2025-08-11 21:00:00.000,H24,MISSION BERMUDES,0.00,1.00,1.0,21,0,33,11,8,2025
260005,2025-08-11 22:00:00.000,H24,MISSION BERMUDES,0.00,0.00,0.0,22,0,33,11,8,2025
260022,2025-08-11 23:00:00.000,H24,MISSION BERMUDES,0.00,0.00,0.0,23,0,33,11,8,2025
260039,2025-08-12 00:00:00.000,H24,MISSION BERMUDES,0.00,0.00,0.0,0,0,33,12,8,2025
260056,2025-08-12 01:00:00.000,H24,MISSION BERMUDES,0.00,0.00,0.0,1,0,33,12,8,2025
260073,2025-08-12 02:00:00.000,H24,MISSION BERMUDES,0.00,0.00,0.0,2,0,33,12,8,2025
260090,2025-08-12 03:00:00.000,H24,MISSION BERMUDES,0.00,0.00,0.0,3,0,33,12,8,2025
260107,2025-08-12 04:00:00.000,H24,MISSION BERMUDES,0.00,0.00,0.0,4,0,33,12,8,2025
260124,2025-08-12 05:00:00.000,H24,MISSION BERMUDES,0.00,0.00,0.0,5,0,33,12,8,2025
260141,2025-08-12 06:00:00.000,H24,MISSION BERMUDES,0.00,0.00,0.0,6,0,33,12,8,2025
260158,2025-08-12 07:00:00.000,H24,MISSION BERMUDES,0.00,0.00,0.0,7,0,33,12,8,2025
260175,2025-08-12 08:00:00.000,H24,MISSION BERMUDES,0.00,0.00,0.0,8,0,33,12,8,2025
260192,2025-08-12 09:00:00.000,H24,MISSION BERMUDES,0.00,0.00,0.0,9,0,33,12,8,2025
260209,2025-08-12 10:00:00.000,H24,MISSION BERMUDES,0.00,1.00,1.0,10,0,33,12,8,2025
260226,2025-08-12 11:00:00.000,H24,MISSION BERMUDES,0.00,1.00,1.0,11,0,33,12,8,2025
260243,2025-08-12 12:00:00.000,H24,MISSION BERMUDES,0.00,1.00,1.0,12,0,33,12,8,2025
260260,2025-08-12 13:00:00.000,H24,MISSION BERMUDES,0.35,1.00,0.65,13,0,33,12,8,2025
260277,2025-08-12 14:00:00.000,H24,MISSION BERMUDES,0.00,1.00,1.0,14,0,33,12,8,2025
260294,2025-08-12 15:00:00.000,H24,MISSION BERMUDES,0.00,1.00,1.0,15,0,33,12,8,2025
260311,2025-08-12 16:00:00.000,H24,MISSION BERMUDES,0.00,1.00,1.0,16,0,33,12,8,2025
260328,2025-08-12 17:00:00.000,H24,MISSION BERMUDES,0.00,1.00,1.0,17,0,33,12,8,2025
260345,2025-08-12 18:00:00.000,H24,MISSION BERMUDES,0.00,1.00,1.0,18,0,33,12,8,2025
260362,2025-08-12 19:00:00.000,H24,MISSION BERMUDES,0.00,1.00,1.0,19,0,33,12,8,2025
260379,2025-08-12 20:00:00.000,H24,MISSION BERMUDES,0.00,1.00,1.0,20,0,33,12,8,2025
260396,2025-08-12 21:00:00.000,H24,MISSION BERMUDES,0.90,1.00,0.1,21,0,33,12,8,2025
260413,2025-08-12 22:00:00.000,H24,MISSION BERMUDES,0.05,0.05,0.0,22,0,33,12,8,2025
260430,2025-08-12 23:00:00.000,H24,MISSION BERMUDES,0.00,0.00,0.0,23,0,33,12,8,2025
260447,2025-08-13 00:00:00.000,H24,MISSION BERMUDES,0.00,0.00,0.0,0,0,33,13,8,2025
260464,2025-08-13 01:00:00.000,H24,MISSION BERMUDES,0.00,0.00,0.0,1,0,33,13,8,2025
260481,2025-08-13 02:00:00.000,H24,MISSION BERMUDES,0.00,0.00,0.0,2,0,33,13,8,2025
260498,2025-08-13 03:00:00.000,H24,MISSION BERMUDES,0.00,0.00,0.0,3,0,33,13,8,2025
260515,2025-08-13 04:00:00.000,H24,MISSION BERMUDES,0.00,0.00,0.0,4,0,33,13,8,2025
260532,2025-08-13 05:00:00.000,H24,MISSION BERMUDES,0.00,0.00,0.0,5,0,33,13,8,2025
260549,2025-08-13 06:00:00.000,H24,MISSION BERMUDES,0.00,0.00,0.0,6,0,33,13,8,2025
260565,2025-08-13 07:00:00.000,H24,MISSION BERMUDES,0.00,0.00,0.0,7,0,33,13,8,2025
260581,2025-08-13 08:00:00.000,H24,MISSION BERMUDES,0.00,0.00,0.0,8,0,33,13,8,2025
260597,2025-08-13 09:00:00.000,H24,MISSION BERMUDES,0.00,0.00,0.0,9,0,33,13,8,2025
260613,2025-08-13 10:00:00.000,H24,MISSION BERMUDES,0.00,1.00,1.0,10,0,33,13,8,2025
260629,2025-08-13 11:00:00.000,H24,MISSION BERMUDES,0.00,1.00,1.0,11,0,33,13,8,2025
260645,2025-08-13 12:00:00.000,H24,MISSION BERMUDES,0.00,1.00,1.0,12,0,33,13,8,2025
260661,2025-08-13 13:00:00.000,H24,MISSION BERMUDES,0.00,1.00,1.0,13,0,33,13,8,2025
260677,2025-08-13 14:00:00.000,H24,MISSION BERMUDES,0.65,1.00,0.35,14,0,33,13,8,2025
260693,2025-08-13 15:00:00.000,H24,MISSION BERMUDES,0.50,1.00,0.5,15,0,33,13,8,2025
260709,2025-08-13 16:00:00.000,H24,MISSION BERMUDES,0.25,1.00,0.75,16,0,33,13,8,2025
260725,2025-08-13 17:00:00.000,H24,MISSION BERMUDES,0.00,1.00,1.0,17,0,33,13,8,2025
260741,2025-08-13 18:00:00.000,H24,MISSION BERMUDES,0.25,1.00,0.75,18,0,33,13,8,2025
260757,2025-08-13 19:00:00.000,H24,MISSION BERMUDES,0.00,1.00,1.0,19,0,33,13,8,2025
260773,2025-08-13 20:00:00.000,H24,MISSION BERMUDES,0.00,1.00,1.0,20,0,33,13,8,2025
260789,2025-08-13 21:00:00.000,H24,MISSION BERMUDES,0.00,1.00,1.0,21,0,33,13,8,2025
260805,2025-08-13 22:00:00.000,H24,MISSION BERMUDES,1.00,0.00,0.0,22,0,33,13,8,2025
260821,2025-08-13 23:00:00.000,H24,MISSION BERMUDES,1.00,0.00,0.0,23,0,33,13,8,2025
260837,2025-08-14 00:00:00.000,H24,MISSION BERMUDES,1.00,0.00,0.0,0,0,33,14,8,2025
260853,2025-08-14 01:00:00.000,H24,MISSION BERMUDES,1.00,0.00,0.0,1,0,33,14,8,2025
260869,2025-08-14 02:00:00.000,H24,MISSION BERMUDES,1.00,0.00,0.0,2,0,33,14,8,2025
260885,2025-08-14 03:00:00.000,H24,MISSION BERMUDES,1.00,0.00,0.0,3,0,33,14,8,2025
260901,2025-08-14 04:00:00.000,H24,MISSION BERMUDES,1.00,0.00,0.0,4,0,33,14,8,2025
260917,2025-08-14 05:00:00.000,H24,MISSION BERMUDES,1.00,0.00,0.0,5,0,33,14,8,2025
260933,2025-08-14 06:00:00.000,H24,MISSION BERMUDES,1.00,0.00,0.0,6,0,33,14,8,2025
260949,2025-08-14 07:00:00.000,H24,MISSION BERMUDES,1.00,0.00,0.0,7,0,33,14,8,2025
260965,2025-08-14 08:00:00.000,H24,MISSION BERMUDES,1.00,0.00,0.0,8,0,33,14,8,2025
260981,2025-08-14 09:00:00.000,H24,MISSION BERMUDES,0.55,0.00,0.0,9,0,33,14,8,2025
260997,2025-08-14 10:00:00.000,H24,MISSION BERMUDES,0.00,1.00,1.0,10,0,33,14,8,2025
261013,2025-08-14 11:00:00.000,H24,MISSION BERMUDES,0.00,1.00,1.0,11,0,33,14,8,2025
261029,2025-08-14 12:00:00.000,H24,MISSION BERMUDES,0.00,1.00,1.0,12,0,33,14,8,2025
261045,2025-08-14 13:00:00.000,H24,MISSION BERMUDES,0.40,1.00,0.6,13,0,33,14,8,2025
261061,2025-08-14 14:00:00.000,H24,MISSION BERMUDES,0.00,1.00,1.0,14,0,33,14,8,2025
261077,2025-08-14 15:00:00.000,H24,MISSION BERMUDES,0.00,1.00,1.0,15,0,33,14,8,2025
261093,2025-08-14 16:00:00.000,H24,MISSION BERMUDES,0.20,1.00,0.8,16,0,33,14,8,2025
261109,2025-08-14 17:00:00.000,H24,MISSION BERMUDES,0.00,1.00,1.0,17,0,33,14,8,2025
261125,2025-08-14 18:00:00.000,H24,MISSION BERMUDES,0.00,1.00,1.0,18,0,33,14,8,2025
261141,2025-08-14 19:00:00.000,H24,MISSION BERMUDES,0.00,1.00,1.0,19,0,33,14,8,2025
261157,2025-08-14 20:00:00.000,H24,MISSION BERMUDES,0.00,1.00,1.0,20,0,33,14,8,2025
261173,2025-08-14 21:00:00.000,H24,MISSION BERMUDES,0.00,1.00,1.0,21,0,33,14,8,2025
261189,2025-08-14 22:00:00.000,H24,MISSION BERMUDES,0.00,0.00,0.0,22,0,33,14,8,2025
261205,2025-08-14 23:00:00.000,H24,MISSION BERMUDES,0.00,0.00,0.0,23,0,33,14,8,2025
261221,2025-08-15 00:00:00.000,H24,MISSION BERMUDES,0.00,0.00,0.0,0,0,33,15,8,2025
261237,2025-08-15 01:00:00.000,H24,MISSION BERMUDES,0.00,0.00,0.0,1,0,33,15,8,2025
261253,2025-08-15 02:00:00.000,H24,MISSION BERMUDES,0.00,0.00,0.0,2,0,33,15,8,2025
261269,2025-08-15 03:00:00.000,H24,MISSION BERMUDES,0.00,0.00,0.0,3,0,33,15,8,2025
261285,2025-08-15 04:00:00.000,H24,MISSION BERMUDES,0.00,0.00,0.0,4,0,33,15,8,2025
261301,2025-08-15 05:00:00.000,H24,MISSION BERMUDES,0.00,0.00,0.0,5,0,33,15,8,2025
261317,2025-08-15 06:00:00.000,H24,MISSION BERMUDES,0.00,0.00,0.0,6,0,33,15,8,2025
261333,2025-08-15 07:00:00.000,H24,MISSION BERMUDES,0.00,0.00,0.0,7,0,33,15,8,2025
261349,2025-08-15 08:00:00.000,H24,MISSION BERMUDES,0.00,0.00,0.0,8,0,33,15,8,2025
261365,2025-08-15 09:00:00.000,H24,MISSION BERMUDES,0.00,0.00,0.0,9,0,33,15,8,2025
261381,2025-08-15 10:00:00.000,H24,MISSION BERMUDES,0.00,1.00,1.0,10,0,33,15,8,2025
261397,2025-08-15 11:00:00.000,H24,MISSION BERMUDES,0.00,1.00,1.0,11,0,33,15,8,2025
261413,2025-08-15 12:00:00.000,H24,MISSION BERMUDES,0.00,1.00,1.0,12,0,33,15,8,2025
261429,2025-08-15 13:00:00.000,H24,MISSION BERMUDES,0.00,1.00,1.0,13,0,33,15,8,2025
261445,2025-08-15 14:00:00.000,H24,MISSION BERMUDES,0.00,1.00,1.0,14,0,33,15,8,2025
261461,2025-08-15 15:00:00.000,H24,MISSION BERMUDES,0.70,1.00,0.3,15,0,33,15,8,2025
261477,2025-08-15 16:00:00.000,H24,MISSION BERMUDES,0.50,1.00,0.5,16,0,33,15,8,2025
261493,2025-08-15 17:00:00.000,H24,MISSION BERMUDES,0.00,1.00,1.0,17,0,33,15,8,2025
261509,2025-08-15 18:00:00.000,H24,MISSION BERMUDES,0.30,1.00,0.7,18,0,33,15,8,2025
261525,2025-08-15 19:00:00.000,H24,MISSION BERMUDES,0.25,1.00,0.75,19,0,33,15,8,2025
261541,2025-08-15 20:00:00.000,H24,MISSION BERMUDES,0.00,1.00,1.0,20,0,33,15,8,2025
261557,2025-08-15 21:00:00.000,H24,MISSION BERMUDES,0.00,1.00,1.0,21,0,33,15,8,2025
261573,2025-08-15 22:00:00.000,H24,MISSION BERMUDES,0.00,0.05,0.05,22,0,33,15,8,2025
261589,2025-08-15 23:00:00.000,H24,MISSION BERMUDES,0.00,0.00,0.0,23,0,33,15,8,2025
261605,2025-08-16 00:00:00.000,H24,MISSION BERMUDES,0.00,0.00,0.0,0,0,33,16,8,2025
261621,2025-08-16 01:00:00.000,H24,MISSION BERMUDES,0.00,0.00,0.0,1,0,33,16,8,2025
261637,2025-08-16 02:00:00.000,H24,MISSION BERMUDES,0.00,0.00,0.0,2,0,33,16,8,2025
261653,2025-08-16 03:00:00.000,H24,MISSION BERMUDES,0.00,0.00,0.0,3,0,33,16,8,2025
261669,2025-08-16 04:00:00.000,H24,MISSION BERMUDES,0.00,0.00,0.0,4,0,33,16,8,2025
261685,2025-08-16 05:00:00.000,H24,MISSION BERMUDES,0.00,0.00,0.0,5,0,33,16,8,2025
261701,2025-08-16 06:00:00.000,H24,MISSION BERMUDES,0.00,0.00,0.0,6,0,33,16,8,2025
261717,2025-08-16 07:00:00.000,H24,MISSION BERMUDES,0.00,0.00,0.0,7,0,33,16,8,2025
261733,2025-08-16 08:00:00.000,H24,MISSION BERMUDES,0.00,0.00,0.0,8,0,33,16,8,2025
261749,2025-08-16 09:00:00.000,H24,MISSION BERMUDES,0.00,0.00,0.0,9,0,33,16,8,2025
261765,2025-08-16 10:00:00.000,H24,MISSION BERMUDES,0.25,1.00,0.75,10,0,33,16,8,2025
261781,2025-08-16 11:00:00.000,H24,MISSION BERMUDES,0.00,1.00,1.0,11,0,33,16,8,2025
261797,2025-08-16 12:00:00.000,H24,MISSION BERMUDES,0.75,1.00,0.25,12,0,33,16,8,2025
261813,2025-08-16 13:00:00.000,H24,MISSION BERMUDES,0.30,1.00,0.7,13,0,33,16,8,2025
261829,2025-08-16 14:00:00.000,H24,MISSION BERMUDES,0.40,1.00,0.6,14,0,33,16,8,2025
261845,2025-08-16 15:00:00.000,H24,MISSION BERMUDES,1.00,1.00,0.0,15,0,33,16,8,2025
261861,2025-08-16 16:00:00.000,H24,MISSION BERMUDES,1.00,1.00,0.0,16,0,33,16,8,2025
261877,2025-08-16 17:00:00.000,H24,MISSION BERMUDES,0.75,1.00,0.25,17,0,33,16,8,2025
261893,2025-08-16 18:00:00.000,H24,MISSION BERMUDES,0.00,1.00,1.0,18,0,33,16,8,2025
261909,2025-08-16 19:00:00.000,H24,MISSION BERMUDES,0.00,1.00,1.0,19,0,33,16,8,2025
261925,2025-08-16 20:00:00.000,H24,MISSION BERMUDES,0.20,1.00,0.8,20,0,33,16,8,2025
261941,2025-08-16 21:00:00.000,H24,MISSION BERMUDES,0.00,1.00,1.0,21,0,33,16,8,2025
261957,2025-08-16 22:00:00.000,H24,MISSION BERMUDES,0.00,0.00,0.0,22,0,33,16,8,2025
261973,2025-08-16 23:00:00.000,H24,MISSION BERMUDES,0.00,0.00,0.0,23,0,33,16,8,2025
261989,2025-08-17 00:00:00.000,H24,MISSION BERMUDES,0.00,0.00,0.0,0,0,34,17,8,2025
262005,2025-08-17 01:00:00.000,H24,MISSION BERMUDES,0.00,0.00,0.0,1,0,34,17,8,2025
262021,2025-08-17 02:00:00.000,H24,MISSION BERMUDES,0.00,0.00,0.0,2,0,34,17,8,2025
262037,2025-08-17 03:00:00.000,H24,MISSION BERMUDES,0.00,0.00,0.0,3,0,34,17,8,2025
262053,2025-08-17 04:00:00.000,H24,MISSION BERMUDES,0.00,0.00,0.0,4,0,34,17,8,2025
262069,2025-08-17 05:00:00.000,H24,MISSION BERMUDES,0.00,0.00,0.0,5,0,34,17,8,2025
262085,2025-08-17 06:00:00.000,H24,MISSION BERMUDES,0.00,0.00,0.0,6,0,34,17,8,2025
262102,2025-08-17 07:00:00.000,H24,MISSION BERMUDES,0.00,0.00,0.0,7,0,34,17,8,2025
262119,2025-08-17 08:00:00.000,H24,MISSION BERMUDES,0.00,0.00,0.0,8,0,34,17,8,2025
262136,2025-08-17 09:00:00.000,H24,MISSION BERMUDES,0.00,0.00,0.0,9,0,34,17,8,2025
262153,2025-08-17 10:00:00.000,H24,MISSION BERMUDES,0.25,1.00,0.75,10,0,34,17,8,2025
262170,2025-08-17 11:00:00.000,H24,MISSION BERMUDES,0.30,1.00,0.7,11,0,34,17,8,2025
262187,2025-08-17 12:00:00.000,H24,MISSION BERMUDES,0.00,1.00,1.0,12,0,34,17,8,2025
262204,2025-08-17 13:00:00.000,H24,MISSION BERMUDES,0.25,1.00,0.75,13,0,34,17,8,2025
262221,2025-08-17 14:00:00.000,H24,MISSION BERMUDES,0.00,1.00,1.0,14,0,34,17,8,2025
262238,2025-08-17 15:00:00.000,H24,MISSION BERMUDES,0.00,1.00,1.0,15,0,34,17,8,2025
262255,2025-08-17 16:00:00.000,H24,MISSION BERMUDES,0.00,1.00,1.0,16,0,34,17,8,2025
262272,2025-08-17 17:00:00.000,H24,MISSION BERMUDES,0.00,1.00,1.0,17,0,34,17,8,2025
262289,2025-08-17 18:00:00.000,H24,MISSION BERMUDES,0.00,1.00,1.0,18,0,34,17,8,2025
262306,2025-08-17 19:00:00.000,H24,MISSION BERMUDES,0.00,1.00,1.0,19,0,34,17,8,2025
262323,2025-08-17 20:00:00.000,H24,MISSION BERMUDES,0.00,1.00,1.0,20,0,34,17,8,2025
262340,2025-08-17 21:00:00.000,H24,MISSION BERMUDES,0.00,1.00,1.0,21,0,34,17,8,2025
262357,2025-08-17 22:00:00.000,H24,MISSION BERMUDES,0.00,0.05,0.05,22,0,34,17,8,2025
262374,2025-08-17 23:00:00.000,H24,MISSION BERMUDES,0.00,0.00,0.0,23,0,34,17,8,2025
262391,2025-08-18 00:00:00.000,H24,MISSION BERMUDES,0.00,0.00,0.0,0,0,34,18,8,2025
262408,2025-08-18 01:00:00.000,H24,MISSION BERMUDES,0.00,0.00,0.0,1,0,34,18,8,2025
262425,2025-08-18 02:00:00.000,H24,MISSION BERMUDES,0.00,0.00,0.0,2,0,34,18,8,2025
262442,2025-08-18 03:00:00.000,H24,MISSION BERMUDES,0.00,0.00,0.0,3,0,34,18,8,2025
262459,2025-08-18 04:00:00.000,H24,MISSION BERMUDES,0.00,0.00,0.0,4,0,34,18,8,2025
262476,2025-08-18 05:00:00.000,H24,MISSION BERMUDES,0.00,0.00,0.0,5,0,34,18,8,2025
262493,2025-08-18 06:00:00.000,H24,MISSION BERMUDES,0.00,0.00,0.0,6,0,34,18,8,2025
262510,2025-08-18 07:00:00.000,H24,MISSION BERMUDES,0.00,0.00,0.0,7,0,34,18,8,2025
262527,2025-08-18 08:00:00.000,H24,MISSION BERMUDES,0.00,0.00,0.0,8,0,34,18,8,2025
262544,2025-08-18 09:00:00.000,H24,MISSION BERMUDES,0.00,0.00,0.0,9,0,34,18,8,2025
262561,2025-08-18 10:00:00.000,H24,MISSION BERMUDES,0.00,1.00,1.0,10,0,34,18,8,2025
262578,2025-08-18 11:00:00.000,H24,MISSION BERMUDES,0.00,1.00,1.0,11,0,34,18,8,2025
262595,2025-08-18 12:00:00.000,H24,MISSION BERMUDES,0.00,1.00,1.0,12,0,34,18,8,2025
262612,2025-08-18 13:00:00.000,H24,MISSION BERMUDES,0.00,1.00,1.0,13,0,34,18,8,2025
262629,2025-08-18 14:00:00.000,H24,MISSION BERMUDES,0.00,1.00,1.0,14,0,34,18,8,2025
262646,2025-08-18 15:00:00.000,H24,MISSION BERMUDES,0.00,1.00,1.0,15,0,34,18,8,2025
262663,2025-08-18 16:00:00.000,H24,MISSION BERMUDES,0.00,1.00,1.0,16,0,34,18,8,2025
262680,2025-08-18 17:00:00.000,H24,MISSION BERMUDES,0.00,1.00,1.0,17,0,34,18,8,2025
262697,2025-08-18 18:00:00.000,H24,MISSION BERMUDES,0.00,1.00,1.0,18,0,34,18,8,2025
262714,2025-08-18 19:00:00.000,H24,MISSION BERMUDES,0.00,1.00,1.0,19,0,34,18,8,2025
262731,2025-08-18 20:00:00.000,H24,MISSION BERMUDES,0.00,1.00,1.0,20,0,34,18,8,2025
262748,2025-08-18 21:00:00.000,H24,MISSION BERMUDES,0.00,1.00,1.0,21,0,34,18,8,2025
262765,2025-08-18 22:00:00.000,H24,MISSION BERMUDES,0.00,0.05,0.05,22,0,34,18,8,2025
262782,2025-08-18 23:00:00.000,H24,MISSION BERMUDES,0.00,0.00,0.0,23,0,34,18,8,2025
262799,2025-08-19 00:00:00.000,H24,MISSION BERMUDES,0.00,0.00,0.0,0,0,34,19,8,2025
262816,2025-08-19 01:00:00.000,H24,MISSION BERMUDES,0.00,0.00,0.0,1,0,34,19,8,2025
262833,2025-08-19 02:00:00.000,H24,MISSION BERMUDES,0.00,0.00,0.0,2,0,34,19,8,2025
262850,2025-08-19 03:00:00.000,H24,MISSION BERMUDES,0.00,0.00,0.0,3,0,34,19,8,2025
262867,2025-08-19 04:00:00.000,H24,MISSION BERMUDES,0.00,0.00,0.0,4,0,34,19,8,2025
262884,2025-08-19 05:00:00.000,H24,MISSION BERMUDES,0.00,0.00,0.0,5,0,34,19,8,2025
262901,2025-08-19 06:00:00.000,H24,MISSION BERMUDES,0.00,0.00,0.0,6,0,34,19,8,2025
262918,2025-08-19 07:00:00.000,H24,MISSION BERMUDES,0.00,0.00,0.0,7,0,34,19,8,2025
262935,2025-08-19 08:00:00.000,H24,MISSION BERMUDES,0.00,0.00,0.0,8,0,34,19,8,2025
262952,2025-08-19 09:00:00.000,H24,MISSION BERMUDES,0.00,0.00,0.0,9,0,34,19,8,2025
262969,2025-08-19 10:00:00.000,H24,MISSION BERMUDES,0.00,1.00,1.0,10,0,34,19,8,2025
262986,2025-08-19 11:00:00.000,H24,MISSION BERMUDES,0.20,1.00,0.8,11,0,34,19,8,2025
263003,2025-08-19 12:00:00.000,H24,MISSION BERMUDES,1.00,1.00,0.0,12,0,34,19,8,2025
263020,2025-08-19 13:00:00.000,H24,MISSION BERMUDES,0.10,1.00,0.9,13,0,34,19,8,2025
263037,2025-08-19 14:00:00.000,H24,MISSION BERMUDES,0.00,1.00,1.0,14,0,34,19,8,2025
263054,2025-08-19 15:00:00.000,H24,MISSION BERMUDES,0.00,1.00,1.0,15,0,34,19,8,2025
263071,2025-08-19 16:00:00.000,H24,MISSION BERMUDES,0.15,1.00,0.85,16,0,34,19,8,2025
263088,2025-08-19 17:00:00.000,H24,MISSION BERMUDES,0.00,1.00,1.0,17,0,34,19,8,2025
263105,2025-08-19 18:00:00.000,H24,MISSION BERMUDES,0.10,1.00,0.9,18,0,34,19,8,2025
263122,2025-08-19 19:00:00.000,H24,MISSION BERMUDES,0.10,1.00,0.9,19,0,34,19,8,2025
263139,2025-08-19 20:00:00.000,H24,MISSION BERMUDES,0.70,1.00,0.3,20,0,34,19,8,2025
263156,2025-08-19 21:00:00.000,H24,MISSION BERMUDES,0.55,1.00,0.45,21,0,34,19,8,2025
263173,2025-08-19 22:00:00.000,H24,MISSION BERMUDES,0.00,0.05,0.05,22,0,34,19,8,2025
263190,2025-08-19 23:00:00.000,H24,MISSION BERMUDES,0.00,0.00,0.0,23,0,34,19,8,2025
263207,2025-08-20 00:00:00.000,H24,MISSION BERMUDES,0.00,0.00,0.0,0,0,34,20,8,2025
263224,2025-08-20 01:00:00.000,H24,MISSION BERMUDES,0.00,0.00,0.0,1,0,34,20,8,2025
263241,2025-08-20 02:00:00.000,H24,MISSION BERMUDES,0.00,0.00,0.0,2,0,34,20,8,2025
263258,2025-08-20 03:00:00.000,H24,MISSION BERMUDES,0.00,0.00,0.0,3,0,34,20,8,2025
263275,2025-08-20 04:00:00.000,H24,MISSION BERMUDES,0.00,0.00,0.0,4,0,34,20,8,2025
263292,2025-08-20 05:00:00.000,H24,MISSION BERMUDES,0.00,0.00,0.0,5,0,34,20,8,2025
263309,2025-08-20 06:00:00.000,H24,MISSION BERMUDES,0.00,0.00,0.0,6,0,34,20,8,2025
263326,2025-08-20 07:00:00.000,H24,MISSION BERMUDES,0.00,0.00,0.0,7,0,34,20,8,2025
263343,2025-08-20 08:00:00.000,H24,MISSION BERMUDES,0.00,0.00,0.0,8,0,34,20,8,2025
263360,2025-08-20 09:00:00.000,H24,MISSION BERMUDES,0.00,0.00,0.0,9,0,34,20,8,2025
263377,2025-08-20 10:00:00.000,H24,MISSION BERMUDES,0.00,1.00,1.0,10,0,34,20,8,2025
263394,2025-08-20 11:00:00.000,H24,MISSION BERMUDES,0.00,1.00,1.0,11,0,34,20,8,2025
263411,2025-08-20 12:00:00.000,H24,MISSION BERMUDES,0.00,1.00,1.0,12,0,34,20,8,2025
263428,2025-08-20 13:00:00.000,H24,MISSION BERMUDES,0.00,1.00,1.0,13,0,34,20,8,2025
263445,2025-08-20 14:00:00.000,H24,MISSION BERMUDES,0.00,1.00,1.0,14,0,34,20,8,2025
263462,2025-08-20 15:00:00.000,H24,MISSION BERMUDES,0.00,1.00,1.0,15,0,34,20,8,2025
263479,2025-08-20 16:00:00.000,H24,MISSION BERMUDES,0.65,1.00,0.35,16,0,34,20,8,2025
263496,2025-08-20 17:00:00.000,H24,MISSION BERMUDES,1.00,1.00,0.0,17,0,34,20,8,2025
263513,2025-08-20 18:00:00.000,H24,MISSION BERMUDES,1.00,1.00,0.0,18,0,34,20,8,2025
263530,2025-08-20 19:00:00.000,H24,MISSION BERMUDES,0.90,1.00,0.1,19,0,34,20,8,2025
263547,2025-08-20 20:00:00.000,H24,MISSION BERMUDES,0.10,1.00,0.9,20,0,34,20,8,2025
263564,2025-08-20 21:00:00.000,H24,MISSION BERMUDES,0.20,1.00,0.8,21,0,34,20,8,2025
263581,2025-08-20 22:00:00.000,H24,MISSION BERMUDES,0.00,0.05,0.05,22,0,34,20,8,2025
263598,2025-08-20 23:00:00.000,H24,MISSION BERMUDES,0.00,0.00,0.0,23,0,34,20,8,2025
263615,2025-08-21 00:00:00.000,H24,MISSION BERMUDES,0.00,0.00,0.0,0,0,34,21,8,2025
263632,2025-08-21 01:00:00.000,H24,MISSION BERMUDES,0.00,0.00,0.0,1,0,34,21,8,2025
263649,2025-08-21 02:00:00.000,H24,MISSION BERMUDES,0.00,0.00,0.0,2,0,34,21,8,2025
263666,2025-08-21 03:00:00.000,H24,MISSION BERMUDES,0.00,0.00,0.0,3,0,34,21,8,2025
263683,2025-08-21 04:00:00.000,H24,MISSION BERMUDES,0.00,0.00,0.0,4,0,34,21,8,2025
263700,2025-08-21 05:00:00.000,H24,MISSION BERMUDES,0.00,0.00,0.0,5,0,34,21,8,2025
263717,2025-08-21 06:00:00.000,H24,MISSION BERMUDES,0.00,0.00,0.0,6,0,34,21,8,2025
263734,2025-08-21 07:00:00.000,H24,MISSION BERMUDES,0.00,0.00,0.0,7,0,34,21,8,2025
263751,2025-08-21 08:00:00.000,H24,MISSION BERMUDES,0.00,0.00,0.0,8,0,34,21,8,2025
263768,2025-08-21 09:00:00.000,H24,MISSION BERMUDES,0.00,0.00,0.0,9,0,34,21,8,2025
263785,2025-08-21 10:00:00.000,H24,MISSION BERMUDES,0.00,1.00,1.0,10,0,34,21,8,2025
263802,2025-08-21 11:00:00.000,H24,MISSION BERMUDES,0.25,1.00,0.75,11,0,34,21,8,2025
263819,2025-08-21 12:00:00.000,H24,MISSION BERMUDES,0.00,1.00,1.0,12,0,34,21,8,2025
263836,2025-08-21 13:00:00.000,H24,MISSION BERMUDES,0.00,1.00,1.0,13,0,34,21,8,2025
263853,2025-08-21 14:00:00.000,H24,MISSION BERMUDES,0.00,1.00,1.0,14,0,34,21,8,2025
263870,2025-08-21 15:00:00.000,H24,MISSION BERMUDES,0.00,1.00,1.0,15,0,34,21,8,2025
263887,2025-08-21 16:00:00.000,H24,MISSION BERMUDES,0.00,1.00,1.0,16,0,34,21,8,2025
263904,2025-08-21 17:00:00.000,H24,MISSION BERMUDES,0.00,1.00,1.0,17,0,34,21,8,2025
263921,2025-08-21 18:00:00.000,H24,MISSION BERMUDES,0.00,1.00,1.0,18,0,34,21,8,2025
263938,2025-08-21 19:00:00.000,H24,MISSION BERMUDES,0.00,1.00,1.0,19,0,34,21,8,2025
263955,2025-08-21 20:00:00.000,H24,MISSION BERMUDES,0.00,1.00,1.0,20,0,34,21,8,2025
263972,2025-08-21 21:00:00.000,H24,MISSION BERMUDES,0.00,1.00,1.0,21,0,34,21,8,2025
263989,2025-08-21 22:00:00.000,H24,MISSION BERMUDES,0.00,0.00,0.0,22,0,34,21,8,2025
264006,2025-08-21 23:00:00.000,H24,MISSION BERMUDES,0.00,0.00,0.0,23,0,34,21,8,2025
264023,2025-08-22 00:00:00.000,H24,MISSION BERMUDES,0.00,0.00,0.0,0,0,34,22,8,2025
264040,2025-08-22 01:00:00.000,H24,MISSION BERMUDES,0.00,0.00,0.0,1,0,34,22,8,2025
264057,2025-08-22 02:00:00.000,H24,MISSION BERMUDES,0.00,0.00,0.0,2,0,34,22,8,2025
264074,2025-08-22 03:00:00.000,H24,MISSION BERMUDES,0.00,0.00,0.0,3,0,34,22,8,2025
264091,2025-08-22 04:00:00.000,H24,MISSION BERMUDES,0.00,0.00,0.0,4,0,34,22,8,2025
264108,2025-08-22 05:00:00.000,H24,MISSION BERMUDES,0.00,0.00,0.0,5,0,34,22,8,2025
264125,2025-08-22 06:00:00.000,H24,MISSION BERMUDES,0.00,0.00,0.0,6,0,34,22,8,2025
264142,2025-08-22 07:00:00.000,H24,MISSION BERMUDES,0.00,0.00,0.0,7,0,34,22,8,2025
264159,2025-08-22 08:00:00.000,H24,MISSION BERMUDES,0.00,0.00,0.0,8,0,34,22,8,2025
264176,2025-08-22 09:00:00.000,H24,MISSION BERMUDES,0.00,0.00,0.0,9,0,34,22,8,2025
264193,2025-08-22 10:00:00.000,H24,MISSION BERMUDES,0.30,1.00,0.7,10,0,34,22,8,2025
264210,2025-08-22 11:00:00.000,H24,MISSION BERMUDES,0.20,1.00,0.8,11,0,34,22,8,2025
264227,2025-08-22 12:00:00.000,H24,MISSION BERMUDES,0.00,1.00,1.0,12,0,34,22,8,2025
264244,2025-08-22 13:00:00.000,H24,MISSION BERMUDES,0.00,1.00,1.0,13,0,34,22,8,2025
264261,2025-08-22 14:00:00.000,H24,MISSION BERMUDES,0.00,1.00,1.0,14,0,34,22,8,2025
264278,2025-08-22 15:00:00.000,H24,MISSION BERMUDES,0.30,1.00,0.7,15,0,34,22,8,2025
264295,2025-08-22 16:00:00.000,H24,MISSION BERMUDES,0.90,1.00,0.1,16,0,34,22,8,2025
264312,2025-08-22 17:00:00.000,H24,MISSION BERMUDES,0.45,1.00,0.55,17,0,34,22,8,2025
264329,2025-08-22 18:00:00.000,H24,MISSION BERMUDES,0.65,1.00,0.35,18,0,34,22,8,2025
264346,2025-08-22 19:00:00.000,H24,MISSION BERMUDES,1.00,1.00,0.0,19,0,34,22,8,2025
264363,2025-08-22 20:00:00.000,H24,MISSION BERMUDES,1.00,1.00,0.0,20,0,34,22,8,2025
264380,2025-08-22 21:00:00.000,H24,MISSION BERMUDES,1.00,1.00,0.0,21,0,34,22,8,2025
264397,2025-08-22 22:00:00.000,H24,MISSION BERMUDES,0.70,0.05,0.0,22,0,34,22,8,2025
264414,2025-08-22 23:00:00.000,H24,MISSION BERMUDES,0.00,0.00,0.0,23,0,34,22,8,2025
264431,2025-08-23 00:00:00.000,H24,MISSION BERMUDES,0.00,0.00,0.0,0,0,34,23,8,2025
264448,2025-08-23 01:00:00.000,H24,MISSION BERMUDES,0.00,0.00,0.0,1,0,34,23,8,2025
264465,2025-08-23 02:00:00.000,H24,MISSION BERMUDES,0.00,0.00,0.0,2,0,34,23,8,2025
264482,2025-08-23 03:00:00.000,H24,MISSION BERMUDES,0.00,0.00,0.0,3,0,34,23,8,2025
264499,2025-08-23 04:00:00.000,H24,MISSION BERMUDES,0.00,0.00,0.0,4,0,34,23,8,2025
264516,2025-08-23 05:00:00.000,H24,MISSION BERMUDES,0.00,0.00,0.0,5,0,34,23,8,2025
264533,2025-08-23 06:00:00.000,H24,MISSION BERMUDES,0.00,0.00,0.0,6,0,34,23,8,2025
264550,2025-08-23 07:00:00.000,H24,MISSION BERMUDES,0.00,0.00,0.0,7,0,34,23,8,2025
264567,2025-08-23 08:00:00.000,H24,MISSION BERMUDES,0.00,0.00,0.0,8,0,34,23,8,2025
264584,2025-08-23 09:00:00.000,H24,MISSION BERMUDES,0.00,0.00,0.0,9,0,34,23,8,2025
264601,2025-08-23 10:00:00.000,H24,MISSION BERMUDES,0.45,1.00,0.55,10,0,34,23,8,2025
264618,2025-08-23 11:00:00.000,H24,MISSION BERMUDES,0.00,1.00,1.0,11,0,34,23,8,2025
264635,2025-08-23 12:00:00.000,H24,MISSION BERMUDES,0.00,1.00,1.0,12,0,34,23,8,2025
264652,2025-08-23 13:00:00.000,H24,MISSION BERMUDES,0.00,1.00,1.0,13,0,34,23,8,2025
264669,2025-08-23 14:00:00.000,H24,MISSION BERMUDES,0.00,1.00,1.0,14,0,34,23,8,2025
264686,2025-08-23 15:00:00.000,H24,MISSION BERMUDES,0.00,1.00,1.0,15,0,34,23,8,2025
264703,2025-08-23 16:00:00.000,H24,MISSION BERMUDES,0.00,1.00,1.0,16,0,34,23,8,2025
264720,2025-08-23 17:00:00.000,H24,MISSION BERMUDES,0.00,1.00,1.0,17,0,34,23,8,2025
264737,2025-08-23 18:00:00.000,H24,MISSION BERMUDES,0.00,1.00,1.0,18,0,34,23,8,2025
264754,2025-08-23 19:00:00.000,H24,MISSION BERMUDES,0.40,1.00,0.6,19,0,34,23,8,2025
264771,2025-08-23 20:00:00.000,H24,MISSION BERMUDES,0.60,1.00,0.4,20,0,34,23,8,2025
264788,2025-08-23 21:00:00.000,H24,MISSION BERMUDES,0.00,1.00,1.0,21,0,34,23,8,2025
264805,2025-08-23 22:00:00.000,H24,MISSION BERMUDES,0.00,0.00,0.0,22,0,34,23,8,2025
264822,2025-08-23 23:00:00.000,H24,MISSION BERMUDES,0.00,0.00,0.0,23,0,34,23,8,2025
264839,2025-08-24 00:00:00.000,H24,MISSION BERMUDES,0.00,0.00,0.0,0,0,35,24,8,2025
264856,2025-08-24 01:00:00.000,H24,MISSION BERMUDES,0.00,0.00,0.0,1,0,35,24,8,2025
264873,2025-08-24 02:00:00.000,H24,MISSION BERMUDES,0.00,0.00,0.0,2,0,35,24,8,2025
264890,2025-08-24 03:00:00.000,H24,MISSION BERMUDES,0.00,0.00,0.0,3,0,35,24,8,2025
264907,2025-08-24 04:00:00.000,H24,MISSION BERMUDES,0.00,0.00,0.0,4,0,35,24,8,2025
264924,2025-08-24 05:00:00.000,H24,MISSION BERMUDES,0.00,0.00,0.0,5,0,35,24,8,2025
264941,2025-08-24 06:00:00.000,H24,MISSION BERMUDES,0.00,0.00,0.0,6,0,35,24,8,2025
264958,2025-08-24 07:00:00.000,H24,MISSION BERMUDES,0.00,0.00,0.0,7,0,35,24,8,2025
264975,2025-08-24 08:00:00.000,H24,MISSION BERMUDES,0.00,0.00,0.0,8,0,35,24,8,2025
264992,2025-08-24 09:00:00.000,H24,MISSION BERMUDES,0.00,0.00,0.0,9,0,35,24,8,2025
265009,2025-08-24 10:00:00.000,H24,MISSION BERMUDES,0.00,1.00,1.0,10,0,35,24,8,2025
265026,2025-08-24 11:00:00.000,H24,MISSION BERMUDES,0.15,1.00,0.85,11,0,35,24,8,2025
265043,2025-08-24 12:00:00.000,H24,MISSION BERMUDES,0.00,1.00,1.0,12,0,35,24,8,2025
265060,2025-08-24 13:00:00.000,H24,MISSION BERMUDES,0.00,1.00,1.0,13,0,35,24,8,2025
265077,2025-08-24 14:00:00.000,H24,MISSION BERMUDES,0.00,1.00,1.0,14,0,35,24,8,2025
265094,2025-08-24 15:00:00.000,H24,MISSION BERMUDES,0.00,1.00,1.0,15,0,35,24,8,2025
265111,2025-08-24 16:00:00.000,H24,MISSION BERMUDES,0.00,1.00,1.0,16,0,35,24,8,2025
265128,2025-08-24 17:00:00.000,H24,MISSION BERMUDES,0.00,1.00,1.0,17,0,35,24,8,2025
265145,2025-08-24 18:00:00.000,H24,MISSION BERMUDES,0.00,1.00,1.0,18,0,35,24,8,2025
265162,2025-08-24 19:00:00.000,H24,MISSION BERMUDES,0.00,1.00,1.0,19,0,35,24,8,2025
265179,2025-08-24 20:00:00.000,H24,MISSION BERMUDES,0.00,1.00,1.0,20,0,35,24,8,2025
265196,2025-08-24 21:00:00.000,H24,MISSION BERMUDES,0.00,1.00,1.0,21,0,35,24,8,2025
265213,2025-08-24 22:00:00.000,H24,MISSION BERMUDES,0.00,0.05,0.05,22,0,35,24,8,2025
265230,2025-08-24 23:00:00.000,H24,MISSION BERMUDES,0.00,0.00,0.0,23,0,35,24,8,2025
265247,2025-08-25 00:00:00.000,H24,MISSION BERMUDES,0.00,0.00,0.0,0,0,35,25,8,2025
265264,2025-08-25 01:00:00.000,H24,MISSION BERMUDES,0.00,0.00,0.0,1,0,35,25,8,2025
265281,2025-08-25 02:00:00.000,H24,MISSION BERMUDES,0.00,0.00,0.0,2,0,35,25,8,2025
265298,2025-08-25 03:00:00.000,H24,MISSION BERMUDES,0.00,0.00,0.0,3,0,35,25,8,2025
265315,2025-08-25 04:00:00.000,H24,MISSION BERMUDES,0.00,0.00,0.0,4,0,35,25,8,2025
265332,2025-08-25 05:00:00.000,H24,MISSION BERMUDES,0.00,0.00,0.0,5,0,35,25,8,2025
265349,2025-08-25 06:00:00.000,H24,MISSION BERMUDES,0.00,0.00,0.0,6,0,35,25,8,2025
265366,2025-08-25 07:00:00.000,H24,MISSION BERMUDES,0.00,0.00,0.0,7,0,35,25,8,2025
265383,2025-08-25 08:00:00.000,H24,MISSION BERMUDES,0.00,0.00,0.0,8,0,35,25,8,2025
265400,2025-08-25 09:00:00.000,H24,MISSION BERMUDES,0.00,0.00,0.0,9,0,35,25,8,2025
265417,2025-08-25 10:00:00.000,H24,MISSION BERMUDES,0.00,0.65,0.65,10,0,35,25,8,2025
265434,2025-08-25 11:00:00.000,H24,MISSION BERMUDES,0.00,1.00,1.0,11,0,35,25,8,2025
265451,2025-08-25 12:00:00.000,H24,MISSION BERMUDES,0.00,1.00,1.0,12,0,35,25,8,2025
265468,2025-08-25 13:00:00.000,H24,MISSION BERMUDES,0.00,1.00,1.0,13,0,35,25,8,2025
265485,2025-08-25 14:00:00.000,H24,MISSION BERMUDES,0.65,1.00,0.35,14,0,35,25,8,2025
265502,2025-08-25 15:00:00.000,H24,MISSION BERMUDES,0.00,1.00,1.0,15,0,35,25,8,2025
265519,2025-08-25 16:00:00.000,H24,MISSION BERMUDES,0.00,1.00,1.0,16,0,35,25,8,2025
265536,2025-08-25 17:00:00.000,H24,MISSION BERMUDES,0.00,1.00,1.0,17,0,35,25,8,2025
265553,2025-08-25 18:00:00.000,H24,MISSION BERMUDES,0.00,1.00,1.0,18,0,35,25,8,2025
265570,2025-08-25 19:00:00.000,H24,MISSION BERMUDES,0.25,1.00,0.75,19,0,35,25,8,2025
265587,2025-08-25 20:00:00.000,H24,MISSION BERMUDES,0.00,1.00,1.0,20,0,35,25,8,2025
265604,2025-08-25 21:00:00.000,H24,MISSION BERMUDES,0.00,1.00,1.0,21,0,35,25,8,2025
265621,2025-08-25 22:00:00.000,H24,MISSION BERMUDES,0.00,0.00,0.0,22,0,35,25,8,2025
265638,2025-08-25 23:00:00.000,H24,MISSION BERMUDES,0.00,0.00,0.0,23,0,35,25,8,2025
265655,2025-08-26 00:00:00.000,H24,MISSION BERMUDES,0.00,0.00,0.0,0,0,35,26,8,2025
265672,2025-08-26 01:00:00.000,H24,MISSION BERMUDES,0.00,0.00,0.0,1,0,35,26,8,2025
265689,2025-08-26 02:00:00.000,H24,MISSION BERMUDES,0.00,0.00,0.0,2,0,35,26,8,2025
265706,2025-08-26 03:00:00.000,H24,MISSION BERMUDES,0.00,0.00,0.0,3,0,35,26,8,2025
265723,2025-08-26 04:00:00.000,H24,MISSION BERMUDES,0.00,0.00,0.0,4,0,35,26,8,2025
265740,2025-08-26 05:00:00.000,H24,MISSION BERMUDES,0.00,0.00,0.0,5,0,35,26,8,2025
265757,2025-08-26 06:00:00.000,H24,MISSION BERMUDES,0.00,0.00,0.0,6,0,35,26,8,2025
265774,2025-08-26 07:00:00.000,H24,MISSION BERMUDES,0.00,0.00,0.0,7,0,35,26,8,2025
265791,2025-08-26 08:00:00.000,H24,MISSION BERMUDES,0.00,0.00,0.0,8,0,35,26,8,2025
265808,2025-08-26 09:00:00.000,H24,MISSION BERMUDES,0.00,0.00,0.0,9,0,35,26,8,2025
265825,2025-08-26 10:00:00.000,H24,MISSION BERMUDES,0.00,1.00,1.0,10,0,35,26,8,2025
265842,2025-08-26 11:00:00.000,H24,MISSION BERMUDES,0.00,1.00,1.0,11,0,35,26,8,2025
265859,2025-08-26 12:00:00.000,H24,MISSION BERMUDES,0.00,1.00,1.0,12,0,35,26,8,2025
265876,2025-08-26 13:00:00.000,H24,MISSION BERMUDES,0.00,1.00,1.0,13,0,35,26,8,2025
265893,2025-08-26 14:00:00.000,H24,MISSION BERMUDES,0.40,1.00,0.6,14,0,35,26,8,2025
265910,2025-08-26 15:00:00.000,H24,MISSION BERMUDES,0.00,1.00,1.0,15,0,35,26,8,2025
265927,2025-08-26 16:00:00.000,H24,MISSION BERMUDES,0.00,1.00,1.0,16,0,35,26,8,2025
265944,2025-08-26 17:00:00.000,H24,MISSION BERMUDES,0.00,1.00,1.0,17,0,35,26,8,2025
265961,2025-08-26 18:00:00.000,H24,MISSION BERMUDES,0.00,1.00,1.0,18,0,35,26,8,2025
265978,2025-08-26 19:00:00.000,H24,MISSION BERMUDES,0.00,1.00,1.0,19,0,35,26,8,2025
265995,2025-08-26 20:00:00.000,H24,MISSION BERMUDES,0.00,1.00,1.0,20,0,35,26,8,2025
266012,2025-08-26 21:00:00.000,H24,MISSION BERMUDES,1.00,1.00,0.0,21,0,35,26,8,2025
266029,2025-08-26 22:00:00.000,H24,MISSION BERMUDES,0.25,0.05,0.0,22,0,35,26,8,2025
266046,2025-08-26 23:00:00.000,H24,MISSION BERMUDES,0.00,0.00,0.0,23,0,35,26,8,2025
266063,2025-08-27 00:00:00.000,H24,MISSION BERMUDES,0.00,0.00,0.0,0,0,35,27,8,2025
266080,2025-08-27 01:00:00.000,H24,MISSION BERMUDES,0.00,0.00,0.0,1,0,35,27,8,2025
266097,2025-08-27 02:00:00.000,H24,MISSION BERMUDES,0.00,0.00,0.0,2,0,35,27,8,2025
266114,2025-08-27 03:00:00.000,H24,MISSION BERMUDES,0.00,0.00,0.0,3,0,35,27,8,2025
266131,2025-08-27 04:00:00.000,H24,MISSION BERMUDES,0.00,0.00,0.0,4,0,35,27,8,2025
266148,2025-08-27 05:00:00.000,H24,MISSION BERMUDES,0.00,0.00,0.0,5,0,35,27,8,2025
266165,2025-08-27 06:00:00.000,H24,MISSION BERMUDES,0.00,0.00,0.0,6,0,35,27,8,2025
266182,2025-08-27 07:00:00.000,H24,MISSION BERMUDES,0.00,0.00,0.0,7,0,35,27,8,2025
266199,2025-08-27 08:00:00.000,H24,MISSION BERMUDES,0.00,0.00,0.0,8,0,35,27,8,2025
266216,2025-08-27 09:00:00.000,H24,MISSION BERMUDES,0.00,0.00,0.0,9,0,35,27,8,2025
266233,2025-08-27 10:00:00.000,H24,MISSION BERMUDES,0.95,1.00,0.05,10,0,35,27,8,2025
266250,2025-08-27 11:00:00.000,H24,MISSION BERMUDES,0.00,1.00,1.0,11,0,35,27,8,2025
266267,2025-08-27 12:00:00.000,H24,MISSION BERMUDES,0.00,1.00,1.0,12,0,35,27,8,2025
266284,2025-08-27 13:00:00.000,H24,MISSION BERMUDES,0.00,1.00,1.0,13,0,35,27,8,2025
266301,2025-08-27 14:00:00.000,H24,MISSION BERMUDES,0.00,1.00,1.0,14,0,35,27,8,2025
266318,2025-08-27 15:00:00.000,H24,MISSION BERMUDES,0.00,1.00,1.0,15,0,35,27,8,2025
266335,2025-08-27 16:00:00.000,H24,MISSION BERMUDES,0.25,1.00,0.75,16,0,35,27,8,2025
266352,2025-08-27 17:00:00.000,H24,MISSION BERMUDES,0.00,1.00,1.0,17,0,35,27,8,2025
266369,2025-08-27 18:00:00.000,H24,MISSION BERMUDES,0.00,1.00,1.0,18,0,35,27,8,2025
266386,2025-08-27 19:00:00.000,H24,MISSION BERMUDES,0.00,1.00,1.0,19,0,35,27,8,2025
266403,2025-08-27 20:00:00.000,H24,MISSION BERMUDES,0.00,1.00,1.0,20,0,35,27,8,2025
266420,2025-08-27 21:00:00.000,H24,MISSION BERMUDES,0.00,1.00,1.0,21,0,35,27,8,2025
266437,2025-08-27 22:00:00.000,H24,MISSION BERMUDES,0.00,0.05,0.05,22,0,35,27,8,2025
266454,2025-08-27 23:00:00.000,H24,MISSION BERMUDES,0.00,0.00,0.0,23,0,35,27,8,2025
266471,2025-08-28 00:00:00.000,H24,MISSION BERMUDES,0.00,0.00,0.0,0,0,35,28,8,2025
266488,2025-08-28 01:00:00.000,H24,MISSION BERMUDES,0.00,0.00,0.0,1,0,35,28,8,2025
266505,2025-08-28 02:00:00.000,H24,MISSION BERMUDES,0.00,0.00,0.0,2,0,35,28,8,2025
266522,2025-08-28 03:00:00.000,H24,MISSION BERMUDES,0.00,0.00,0.0,3,0,35,28,8,2025
266539,2025-08-28 04:00:00.000,H24,MISSION BERMUDES,0.00,0.00,0.0,4,0,35,28,8,2025
266556,2025-08-28 05:00:00.000,H24,MISSION BERMUDES,0.00,0.00,0.0,5,0,35,28,8,2025
266573,2025-08-28 06:00:00.000,H24,MISSION BERMUDES,0.00,0.00,0.0,6,0,35,28,8,2025
266590,2025-08-28 07:00:00.000,H24,MISSION BERMUDES,0.00,0.00,0.0,7,0,35,28,8,2025
266607,2025-08-28 08:00:00.000,H24,MISSION BERMUDES,0.00,0.00,0.0,8,0,35,28,8,2025
266624,2025-08-28 09:00:00.000,H24,MISSION BERMUDES,0.00,0.00,0.0,9,0,35,28,8,2025
266641,2025-08-28 10:00:00.000,H24,MISSION BERMUDES,0.00,1.00,1.0,10,0,35,28,8,2025
266658,2025-08-28 11:00:00.000,H24,MISSION BERMUDES,0.20,1.00,0.8,11,0,35,28,8,2025
266675,2025-08-28 12:00:00.000,H24,MISSION BERMUDES,0.55,1.00,0.45,12,0,35,28,8,2025
266692,2025-08-28 13:00:00.000,H24,MISSION BERMUDES,0.00,1.00,1.0,13,0,35,28,8,2025
266709,2025-08-28 14:00:00.000,H24,MISSION BERMUDES,0.00,1.00,1.0,14,0,35,28,8,2025
266726,2025-08-28 15:00:00.000,H24,MISSION BERMUDES,0.65,1.00,0.35,15,0,35,28,8,2025
266743,2025-08-28 16:00:00.000,H24,MISSION BERMUDES,0.00,1.00,1.0,16,0,35,28,8,2025
266760,2025-08-28 17:00:00.000,H24,MISSION BERMUDES,0.00,1.00,1.0,17,0,35,28,8,2025
266777,2025-08-28 18:00:00.000,H24,MISSION BERMUDES,0.35,1.00,0.65,18,0,35,28,8,2025
266794,2025-08-28 19:00:00.000,H24,MISSION BERMUDES,0.70,1.00,0.3,19,0,35,28,8,2025
266811,2025-08-28 20:00:00.000,H24,MISSION BERMUDES,1.00,1.00,0.0,20,0,35,28,8,2025
266828,2025-08-28 21:00:00.000,H24,MISSION BERMUDES,1.00,1.00,0.0,21,0,35,28,8,2025
266845,2025-08-28 22:00:00.000,H24,MISSION BERMUDES,1.00,0.05,0.0,22,0,35,28,8,2025
266862,2025-08-28 23:00:00.000,H24,MISSION BERMUDES,1.00,0.00,0.0,23,0,35,28,8,2025
266879,2025-08-29 00:00:00.000,H24,MISSION BERMUDES,1.00,0.00,0.0,0,0,35,29,8,2025
266896,2025-08-29 01:00:00.000,H24,MISSION BERMUDES,1.00,0.00,0.0,1,0,35,29,8,2025
266913,2025-08-29 02:00:00.000,H24,MISSION BERMUDES,1.00,0.00,0.0,2,0,35,29,8,2025
266930,2025-08-29 03:00:00.000,H24,MISSION BERMUDES,1.00,0.00,0.0,3,0,35,29,8,2025
266947,2025-08-29 04:00:00.000,H24,MISSION BERMUDES,1.00,0.00,0.0,4,0,35,29,8,2025
266964,2025-08-29 05:00:00.000,H24,MISSION BERMUDES,1.00,0.00,0.0,5,0,35,29,8,2025
266981,2025-08-29 06:00:00.000,H24,MISSION BERMUDES,1.00,0.00,0.0,6,0,35,29,8,2025
266998,2025-08-29 07:00:00.000,H24,MISSION BERMUDES,1.00,0.00,0.0,7,0,35,29,8,2025
267015,2025-08-29 08:00:00.000,H24,MISSION BERMUDES,1.00,0.00,0.0,8,0,35,29,8,2025
267032,2025-08-29 09:00:00.000,H24,MISSION BERMUDES,1.00,0.00,0.0,9,0,35,29,8,2025
267049,2025-08-29 10:00:00.000,H24,MISSION BERMUDES,1.00,1.00,0.0,10,0,35,29,8,2025
267066,2025-08-29 11:00:00.000,H24,MISSION BERMUDES,1.00,1.00,0.0,11,0,35,29,8,2025
267083,2025-08-29 12:00:00.000,H24,MISSION BERMUDES,0.60,1.00,0.4,12,0,35,29,8,2025
267100,2025-08-29 13:00:00.000,H24,MISSION BERMUDES,0.35,1.00,0.65,13,0,35,29,8,2025
267117,2025-08-29 14:00:00.000,H24,MISSION BERMUDES,0.50,1.00,0.5,14,0,35,29,8,2025
267134,2025-08-29 15:00:00.000,H24,MISSION BERMUDES,0.60,1.00,0.4,15,0,35,29,8,2025
267151,2025-08-29 16:00:00.000,H24,MISSION BERMUDES,0.10,1.00,0.9,16,0,35,29,8,2025
267168,2025-08-29 17:00:00.000,H24,MISSION BERMUDES,1.00,1.00,0.0,17,0,35,29,8,2025
267185,2025-08-29 18:00:00.000,H24,MISSION BERMUDES,1.00,1.00,0.0,18,0,35,29,8,2025
267202,2025-08-29 19:00:00.000,H24,MISSION BERMUDES,1.00,1.00,0.0,19,0,35,29,8,2025
267219,2025-08-29 20:00:00.000,H24,MISSION BERMUDES,1.00,0.05,0.0,20,0,35,29,8,2025
267236,2025-08-29 21:00:00.000,H24,MISSION BERMUDES,1.00,0.00,0.0,21,0,35,29,8,2025
267253,2025-08-29 22:00:00.000,H24,MISSION BERMUDES,1.00,0.00,0.0,22,0,35,29,8,2025
267270,2025-08-29 23:00:00.000,H24,MISSION BERMUDES,1.00,0.00,0.0,23,0,35,29,8,2025
267287,2025-08-30 00:00:00.000,H24,MISSION BERMUDES,1.00,0.00,0.0,0,0,35,30,8,2025
267304,2025-08-30 01:00:00.000,H24,MISSION BERMUDES,1.00,0.00,0.0,1,0,35,30,8,2025
267321,2025-08-30 02:00:00.000,H24,MISSION BERMUDES,1.00,0.00,0.0,2,0,35,30,8,2025
267338,2025-08-30 03:00:00.000,H24,MISSION BERMUDES,1.00,0.00,0.0,3,0,35,30,8,2025
267355,2025-08-30 04:00:00.000,H24,MISSION BERMUDES,1.00,0.00,0.0,4,0,35,30,8,2025
267372,2025-08-30 05:00:00.000,H24,MISSION BERMUDES,1.00,0.00,0.0,5,0,35,30,8,2025
267389,2025-08-30 06:00:00.000,H24,MISSION BERMUDES,1.00,0.00,0.0,6,0,35,30,8,2025
267406,2025-08-30 07:00:00.000,H24,MISSION BERMUDES,1.00,0.00,0.0,7,0,35,30,8,2025
267423,2025-08-30 08:00:00.000,H24,MISSION BERMUDES,1.00,0.00,0.0,8,0,35,30,8,2025
267440,2025-08-30 09:00:00.000,H24,MISSION BERMUDES,1.00,0.00,0.0,9,0,35,30,8,2025
267457,2025-08-30 10:00:00.000,H24,MISSION BERMUDES,1.00,1.00,0.0,10,0,35,30,8,2025
267474,2025-08-30 11:00:00.000,H24,MISSION BERMUDES,1.00,1.00,0.0,11,0,35,30,8,2025
267491,2025-08-30 12:00:00.000,H24,MISSION BERMUDES,1.00,1.00,0.0,12,0,35,30,8,2025
267508,2025-08-30 13:00:00.000,H24,MISSION BERMUDES,1.00,1.00,0.0,13,0,35,30,8,2025
267525,2025-08-30 14:00:00.000,H24,MISSION BERMUDES,1.00,1.00,0.0,14,0,35,30,8,2025
267542,2025-08-30 15:00:00.000,H24,MISSION BERMUDES,1.00,1.00,0.0,15,0,35,30,8,2025
267559,2025-08-30 16:00:00.000,H24,MISSION BERMUDES,1.00,1.00,0.0,16,0,35,30,8,2025
267576,2025-08-30 17:00:00.000,H24,MISSION BERMUDES,1.00,1.00,0.0,17,0,35,30,8,2025
267593,2025-08-30 18:00:00.000,H24,MISSION BERMUDES,1.00,1.00,0.0,18,0,35,30,8,2025
267610,2025-08-30 19:00:00.000,H24,MISSION BERMUDES,1.00,1.00,0.0,19,0,35,30,8,2025
267627,2025-08-30 20:00:00.000,H24,MISSION BERMUDES,1.00,0.05,0.0,20,0,35,30,8,2025
267644,2025-08-30 21:00:00.000,H24,MISSION BERMUDES,1.00,0.00,0.0,21,0,35,30,8,2025
267661,2025-08-30 22:00:00.000,H24,MISSION BERMUDES,1.00,0.00,0.0,22,0,35,30,8,2025
267678,2025-08-30 23:00:00.000,H24,MISSION BERMUDES,1.00,0.00,0.0,23,0,35,30,8,2025
267695,2025-08-31 00:00:00.000,H24,MISSION BERMUDES,1.00,0.00,0.0,0,0,36,31,8,2025
267712,2025-08-31 01:00:00.000,H24,MISSION BERMUDES,1.00,0.00,0.0,1,0,36,31,8,2025
267729,2025-08-31 02:00:00.000,H24,MISSION BERMUDES,1.00,0.00,0.0,2,0,36,31,8,2025
267746,2025-08-31 03:00:00.000,H24,MISSION BERMUDES,1.00,0.00,0.0,3,0,36,31,8,2025
267763,2025-08-31 04:00:00.000,H24,MISSION BERMUDES,1.00,0.00,0.0,4,0,36,31,8,2025
267780,2025-08-31 05:00:00.000,H24,MISSION BERMUDES,1.00,0.00,0.0,5,0,36,31,8,2025
267797,2025-08-31 06:00:00.000,H24,MISSION BERMUDES,1.00,0.00,0.0,6,0,36,31,8,2025
267814,2025-08-31 07:00:00.000,H24,MISSION BERMUDES,1.00,0.00,0.0,7,0,36,31,8,2025
267831,2025-08-31 08:00:00.000,H24,MISSION BERMUDES,1.00,0.00,0.0,8,0,36,31,8,2025
267848,2025-08-31 09:00:00.000,H24,MISSION BERMUDES,1.00,0.00,0.0,9,0,36,31,8,2025
267865,2025-08-31 10:00:00.000,H24,MISSION BERMUDES,1.00,1.00,0.0,10,0,36,31,8,2025
267882,2025-08-31 11:00:00.000,H24,MISSION BERMUDES,1.00,1.00,0.0,11,0,36,31,8,2025
267899,2025-08-31 12:00:00.000,H24,MISSION BERMUDES,1.00,1.00,0.0,12,0,36,31,8,2025
267916,2025-08-31 13:00:00.000,H24,MISSION BERMUDES,1.00,1.00,0.0,13,0,36,31,8,2025
267933,2025-08-31 14:00:00.000,H24,MISSION BERMUDES,1.00,1.00,0.0,14,0,36,31,8,2025
267950,2025-08-31 15:00:00.000,H24,MISSION BERMUDES,1.00,1.00,0.0,15,0,36,31,8,2025
267967,2025-08-31 16:00:00.000,H24,MISSION BERMUDES,1.00,1.00,0.0,16,0,36,31,8,2025
267984,2025-08-31 17:00:00.000,H24,MISSION BERMUDES,1.00,1.00,0.0,17,0,36,31,8,2025
268001,2025-08-31 18:00:00.000,H24,MISSION BERMUDES,1.00,1.00,0.0,18,0,36,31,8,2025
268018,2025-08-31 19:00:00.000,H24,MISSION BERMUDES,1.00,1.00,0.0,19,0,36,31,8,2025
268035,2025-08-31 20:00:00.000,H24,MISSION BERMUDES,1.00,0.05,0.0,20,0,36,31,8,2025
268052,2025-08-31 21:00:00.000,H24,MISSION BERMUDES,1.00,0.00,0.0,21,0,36,31,8,2025
268069,2025-08-31 22:00:00.000,H24,MISSION BERMUDES,1.00,0.00,0.0,22,0,36,31,8,2025
268086,2025-08-31 23:00:00.000,H24,MISSION BERMUDES,1.00,0.00,0.0,23,0,36,31,8,2025
268103,2025-09-01 00:00:00.000,H24,MISSION BERMUDES,1.00,0.00,0.0,0,0,36,1,9,2025
268120,2025-09-01 01:00:00.000,H24,MISSION BERMUDES,1.00,0.00,0.0,1,0,36,1,9,2025
268137,2025-09-01 02:00:00.000,H24,MISSION BERMUDES,1.00,0.00,0.0,2,0,36,1,9,2025
268154,2025-09-01 03:00:00.000,H24,MISSION BERMUDES,1.00,0.00,0.0,3,0,36,1,9,2025
268171,2025-09-01 04:00:00.000,H24,MISSION BERMUDES,1.00,0.00,0.0,4,0,36,1,9,2025
268188,2025-09-01 05:00:00.000,H24,MISSION BERMUDES,1.00,0.00,0.0,5,0,36,1,9,2025
268205,2025-09-01 06:00:00.000,H24,MISSION BERMUDES,1.00,0.00,0.0,6,0,36,1,9,2025
268222,2025-09-01 07:00:00.000,H24,MISSION BERMUDES,1.00,0.00,0.0,7,0,36,1,9,2025
268239,2025-09-01 08:00:00.000,H24,MISSION BERMUDES,1.00,0.00,0.0,8,0,36,1,9,2025
268256,2025-09-01 09:00:00.000,H24,MISSION BERMUDES,1.00,0.00,0.0,9,0,36,1,9,2025
268273,2025-09-01 10:00:00.000,H24,MISSION BERMUDES,1.00,1.00,0.0,10,0,36,1,9,2025
268290,2025-09-01 11:00:00.000,H24,MISSION BERMUDES,1.00,1.00,0.0,11,0,36,1,9,2025
268307,2025-09-01 12:00:00.000,H24,MISSION BERMUDES,1.00,1.00,0.0,12,0,36,1,9,2025
268324,2025-09-01 13:00:00.000,H24,MISSION BERMUDES,1.00,1.00,0.0,13,0,36,1,9,2025
268341,2025-09-01 14:00:00.000,H24,MISSION BERMUDES,0.70,1.00,0.3,14,0,36,1,9,2025
268358,2025-09-01 15:00:00.000,H24,MISSION BERMUDES,1.00,1.00,0.0,15,0,36,1,9,2025
268375,2025-09-01 16:00:00.000,H24,MISSION BERMUDES,1.00,1.00,0.0,16,0,36,1,9,2025
268392,2025-09-01 17:00:00.000,H24,MISSION BERMUDES,1.00,1.00,0.0,17,0,36,1,9,2025
268409,2025-09-01 18:00:00.000,H24,MISSION BERMUDES,1.00,1.00,0.0,18,0,36,1,9,2025
268426,2025-09-01 19:00:00.000,H24,MISSION BERMUDES,1.00,0.55,0.0,19,0,36,1,9,2025
268443,2025-09-01 20:00:00.000,H24,MISSION BERMUDES,1.00,0.00,0.0,20,0,36,1,9,2025
268460,2025-09-01 21:00:00.000,H24,MISSION BERMUDES,1.00,0.00,0.0,21,0,36,1,9,2025
268477,2025-09-01 22:00:00.000,H24,MISSION BERMUDES,1.00,0.00,0.0,22,0,36,1,9,2025
268494,2025-09-01 23:00:00.000,H24,MISSION BERMUDES,1.00,0.00,0.0,23,0,36,1,9,2025
268511,2025-09-02 00:00:00.000,H24,MISSION BERMUDES,1.00,0.00,0.0,0,0,36,2,9,2025
268528,2025-09-02 01:00:00.000,H24,MISSION BERMUDES,1.00,0.00,0.0,1,0,36,2,9,2025
268545,2025-09-02 02:00:00.000,H24,MISSION BERMUDES,1.00,0.00,0.0,2,0,36,2,9,2025
268562,2025-09-02 03:00:00.000,H24,MISSION BERMUDES,1.00,0.00,0.0,3,0,36,2,9,2025
268579,2025-09-02 04:00:00.000,H24,MISSION BERMUDES,1.00,0.00,0.0,4,0,36,2,9,2025
268596,2025-09-02 05:00:00.000,H24,MISSION BERMUDES,1.00,0.00,0.0,5,0,36,2,9,2025
268613,2025-09-02 06:00:00.000,H24,MISSION BERMUDES,1.00,0.00,0.0,6,0,36,2,9,2025
268630,2025-09-02 07:00:00.000,H24,MISSION BERMUDES,1.00,0.00,0.0,7,0,36,2,9,2025
268647,2025-09-02 08:00:00.000,H24,MISSION BERMUDES,1.00,0.00,0.0,8,0,36,2,9,2025
268664,2025-09-02 09:00:00.000,H24,MISSION BERMUDES,1.00,0.00,0.0,9,0,36,2,9,2025
268681,2025-09-02 10:00:00.000,H24,MISSION BERMUDES,1.00,1.00,0.0,10,0,36,2,9,2025
268698,2025-09-02 11:00:00.000,H24,MISSION BERMUDES,1.00,1.00,0.0,11,0,36,2,9,2025
268715,2025-09-02 12:00:00.000,H24,MISSION BERMUDES,1.00,1.00,0.0,12,0,36,2,9,2025
268732,2025-09-02 13:00:00.000,H24,MISSION BERMUDES,1.00,1.00,0.0,13,0,36,2,9,2025
268749,2025-09-02 14:00:00.000,H24,MISSION BERMUDES,0.75,0.95,0.2,14,0,36,2,9,2025
268766,2025-09-02 15:00:00.000,H24,MISSION BERMUDES,0.00,1.00,1.0,15,0,36,2,9,2025
268783,2025-09-02 16:00:00.000,H24,MISSION BERMUDES,0.00,1.00,1.0,16,0,36,2,9,2025
268800,2025-09-02 17:00:00.000,H24,MISSION BERMUDES,0.10,1.00,0.9,17,0,36,2,9,2025
268817,2025-09-02 18:00:00.000,H24,MISSION BERMUDES,0.05,1.00,0.95,18,0,36,2,9,2025
268834,2025-09-02 19:00:00.000,H24,MISSION BERMUDES,0.00,0.55,0.55,19,0,36,2,9,2025
268851,2025-09-02 20:00:00.000,H24,MISSION BERMUDES,0.00,0.00,0.0,20,0,36,2,9,2025
268868,2025-09-02 21:00:00.000,H24,MISSION BERMUDES,0.00,0.00,0.0,21,0,36,2,9,2025
268885,2025-09-02 22:00:00.000,H24,MISSION BERMUDES,0.00,0.00,0.0,22,0,36,2,9,2025
268902,2025-09-02 23:00:00.000,H24,MISSION BERMUDES,0.00,0.00,0.0,23,0,36,2,9,2025
268919,2025-09-03 00:00:00.000,H24,MISSION BERMUDES,0.00,0.00,0.0,0,0,36,3,9,2025
268936,2025-09-03 01:00:00.000,H24,MISSION BERMUDES,0.00,0.00,0.0,1,0,36,3,9,2025
268953,2025-09-03 02:00:00.000,H24,MISSION BERMUDES,0.00,0.00,0.0,2,0,36,3,9,2025
268970,2025-09-03 03:00:00.000,H24,MISSION BERMUDES,0.00,0.00,0.0,3,0,36,3,9,2025
268987,2025-09-03 04:00:00.000,H24,MISSION BERMUDES,0.00,0.00,0.0,4,0,36,3,9,2025
269004,2025-09-03 05:00:00.000,H24,MISSION BERMUDES,0.00,0.00,0.0,5,0,36,3,9,2025
269021,2025-09-03 06:00:00.000,H24,MISSION BERMUDES,0.00,0.00,0.0,6,0,36,3,9,2025
269036,2025-09-03 07:00:00.000,H24,MISSION BERMUDES,0.00,0.00,0.0,7,0,36,3,9,2025
269051,2025-09-03 08:00:00.000,H24,MISSION BERMUDES,0.00,0.00,0.0,8,0,36,3,9,2025
269066,2025-09-03 09:00:00.000,H24,MISSION BERMUDES,0.00,0.00,0.0,9,0,36,3,9,2025
269081,2025-09-03 10:00:00.000,H24,MISSION BERMUDES,0.00,1.00,1.0,10,0,36,3,9,2025
269096,2025-09-03 11:00:00.000,H24,MISSION BERMUDES,0.00,1.00,1.0,11,0,36,3,9,2025
269111,2025-09-03 12:00:00.000,H24,MISSION BERMUDES,0.00,1.00,1.0,12,0,36,3,9,2025
269126,2025-09-03 13:00:00.000,H24,MISSION BERMUDES,0.00,1.00,1.0,13,0,36,3,9,2025
269141,2025-09-03 14:00:00.000,H24,MISSION BERMUDES,0.00,1.00,1.0,14,0,36,3,9,2025
269156,2025-09-03 15:00:00.000,H24,MISSION BERMUDES,0.30,1.00,0.7,15,0,36,3,9,2025
269171,2025-09-03 16:00:00.000,H24,MISSION BERMUDES,1.00,1.00,0.0,16,0,36,3,9,2025
269186,2025-09-03 17:00:00.000,H24,MISSION BERMUDES,1.00,1.00,0.0,17,0,36,3,9,2025
269201,2025-09-03 18:00:00.000,H24,MISSION BERMUDES,1.00,1.00,0.0,18,0,36,3,9,2025
269216,2025-09-03 19:00:00.000,H24,MISSION BERMUDES,1.00,0.55,0.0,19,0,36,3,9,2025
269231,2025-09-03 20:00:00.000,H24,MISSION BERMUDES,1.00,0.00,0.0,20,0,36,3,9,2025
269246,2025-09-03 21:00:00.000,H24,MISSION BERMUDES,1.00,0.00,0.0,21,0,36,3,9,2025
269261,2025-09-03 22:00:00.000,H24,MISSION BERMUDES,1.00,0.00,0.0,22,0,36,3,9,2025
269276,2025-09-03 23:00:00.000,H24,MISSION BERMUDES,1.00,0.00,0.0,23,0,36,3,9,2025
269291,2025-09-04 00:00:00.000,H24,MISSION BERMUDES,1.00,0.00,0.0,0,0,36,4,9,2025
269306,2025-09-04 01:00:00.000,H24,MISSION BERMUDES,1.00,0.00,0.0,1,0,36,4,9,2025
269321,2025-09-04 02:00:00.000,H24,MISSION BERMUDES,1.00,0.00,0.0,2,0,36,4,9,2025
269336,2025-09-04 03:00:00.000,H24,MISSION BERMUDES,1.00,0.00,0.0,3,0,36,4,9,2025
269351,2025-09-04 04:00:00.000,H24,MISSION BERMUDES,1.00,0.00,0.0,4,0,36,4,9,2025
269366,2025-09-04 05:00:00.000,H24,MISSION BERMUDES,1.00,0.00,0.0,5,0,36,4,9,2025
269381,2025-09-04 06:00:00.000,H24,MISSION BERMUDES,1.00,0.00,0.0,6,0,36,4,9,2025
269396,2025-09-04 07:00:00.000,H24,MISSION BERMUDES,1.00,0.00,0.0,7,0,36,4,9,2025
269411,2025-09-04 08:00:00.000,H24,MISSION BERMUDES,1.00,0.00,0.0,8,0,36,4,9,2025
269426,2025-09-04 09:00:00.000,H24,MISSION BERMUDES,1.00,0.00,0.0,9,0,36,4,9,2025
269441,2025-09-04 10:00:00.000,H24,MISSION BERMUDES,0.15,1.00,0.85,10,0,36,4,9,2025
269456,2025-09-04 11:00:00.000,H24,MISSION BERMUDES,0.00,1.00,1.0,11,0,36,4,9,2025
269471,2025-09-04 12:00:00.000,H24,MISSION BERMUDES,0.00,1.00,1.0,12,0,36,4,9,2025
269486,2025-09-04 13:00:00.000,H24,MISSION BERMUDES,0.00,1.00,1.0,13,0,36,4,9,2025
269501,2025-09-04 14:00:00.000,H24,MISSION BERMUDES,0.00,1.00,1.0,14,0,36,4,9,2025
269516,2025-09-04 15:00:00.000,H24,MISSION BERMUDES,0.00,1.00,1.0,15,0,36,4,9,2025
269531,2025-09-04 16:00:00.000,H24,MISSION BERMUDES,0.00,1.00,1.0,16,0,36,4,9,2025
269546,2025-09-04 17:00:00.000,H24,MISSION BERMUDES,0.00,1.00,1.0,17,0,36,4,9,2025
269561,2025-09-04 18:00:00.000,H24,MISSION BERMUDES,0.00,0.75,0.75,18,0,36,4,9,2025
269576,2025-09-04 19:00:00.000,H24,MISSION BERMUDES,0.00,0.00,0.0,19,0,36,4,9,2025
269591,2025-09-04 20:00:00.000,H24,MISSION BERMUDES,0.00,0.00,0.0,20,0,36,4,9,2025
269606,2025-09-04 21:00:00.000,H24,MISSION BERMUDES,0.00,0.00,0.0,21,0,36,4,9,2025
269621,2025-09-04 22:00:00.000,H24,MISSION BERMUDES,0.00,0.00,0.0,22,0,36,4,9,2025
269636,2025-09-04 23:00:00.000,H24,MISSION BERMUDES,0.00,0.00,0.0,23,0,36,4,9,2025
269651,2025-09-05 00:00:00.000,H24,MISSION BERMUDES,0.00,0.00,0.0,0,0,36,5,9,2025
269666,2025-09-05 01:00:00.000,H24,MISSION BERMUDES,0.00,0.00,0.0,1,0,36,5,9,2025
269681,2025-09-05 02:00:00.000,H24,MISSION BERMUDES,0.00,0.00,0.0,2,0,36,5,9,2025
269696,2025-09-05 03:00:00.000,H24,MISSION BERMUDES,0.00,0.00,0.0,3,0,36,5,9,2025
269711,2025-09-05 04:00:00.000,H24,MISSION BERMUDES,0.00,0.00,0.0,4,0,36,5,9,2025
269726,2025-09-05 05:00:00.000,H24,MISSION BERMUDES,0.00,0.00,0.0,5,0,36,5,9,2025
269741,2025-09-05 06:00:00.000,H24,MISSION BERMUDES,0.00,0.00,0.0,6,0,36,5,9,2025
269756,2025-09-05 07:00:00.000,H24,MISSION BERMUDES,0.00,0.00,0.0,7,0,36,5,9,2025
269771,2025-09-05 08:00:00.000,H24,MISSION BERMUDES,0.00,0.00,0.0,8,0,36,5,9,2025
269786,2025-09-05 09:00:00.000,H24,MISSION BERMUDES,0.00,0.00,0.0,9,0,36,5,9,2025
269801,2025-09-05 10:00:00.000,H24,MISSION BERMUDES,0.00,1.00,1.0,10,0,36,5,9,2025
269816,2025-09-05 11:00:00.000,H24,MISSION BERMUDES,0.00,1.00,1.0,11,0,36,5,9,2025
269831,2025-09-05 12:00:00.000,H24,MISSION BERMUDES,0.00,1.00,1.0,12,0,36,5,9,2025
269846,2025-09-05 13:00:00.000,H24,MISSION BERMUDES,0.25,1.00,0.75,13,0,36,5,9,2025
269861,2025-09-05 14:00:00.000,H24,MISSION BERMUDES,0.00,1.00,1.0,14,0,36,5,9,2025
269876,2025-09-05 15:00:00.000,H24,MISSION BERMUDES,0.00,1.00,1.0,15,0,36,5,9,2025
269891,2025-09-05 16:00:00.000,H24,MISSION BERMUDES,0.20,1.00,0.8,16,0,36,5,9,2025
269906,2025-09-05 17:00:00.000,H24,MISSION BERMUDES,0.20,1.00,0.8,17,0,36,5,9,2025
269921,2025-09-05 18:00:00.000,H24,MISSION BERMUDES,0.30,1.00,0.7,18,0,36,5,9,2025
269936,2025-09-05 19:00:00.000,H24,MISSION BERMUDES,0.00,0.55,0.55,19,0,36,5,9,2025
269951,2025-09-05 20:00:00.000,H24,MISSION BERMUDES,0.00,0.00,0.0,20,0,36,5,9,2025
269966,2025-09-05 21:00:00.000,H24,MISSION BERMUDES,0.00,0.00,0.0,21,0,36,5,9,2025
269981,2025-09-05 22:00:00.000,H24,MISSION BERMUDES,0.00,0.00,0.0,22,0,36,5,9,2025
269996,2025-09-05 23:00:00.000,H24,MISSION BERMUDES,0.00,0.00,0.0,23,0,36,5,9,2025
270011,2025-09-06 00:00:00.000,H24,MISSION BERMUDES,0.00,0.00,0.0,0,0,36,6,9,2025
270026,2025-09-06 01:00:00.000,H24,MISSION BERMUDES,0.00,0.00,0.0,1,0,36,6,9,2025
270041,2025-09-06 02:00:00.000,H24,MISSION BERMUDES,0.00,0.00,0.0,2,0,36,6,9,2025
270056,2025-09-06 03:00:00.000,H24,MISSION BERMUDES,0.00,0.00,0.0,3,0,36,6,9,2025
270071,2025-09-06 04:00:00.000,H24,MISSION BERMUDES,0.00,0.00,0.0,4,0,36,6,9,2025
270086,2025-09-06 05:00:00.000,H24,MISSION BERMUDES,0.00,0.00,0.0,5,0,36,6,9,2025
270101,2025-09-06 06:00:00.000,H24,MISSION BERMUDES,0.00,0.00,0.0,6,0,36,6,9,2025
270118,2025-09-06 07:00:00.000,H24,MISSION BERMUDES,0.00,0.00,0.0,7,0,36,6,9,2025
270135,2025-09-06 08:00:00.000,H24,MISSION BERMUDES,0.00,0.00,0.0,8,0,36,6,9,2025
270152,2025-09-06 09:00:00.000,H24,MISSION BERMUDES,0.35,0.50,0.15,9,0,36,6,9,2025
270169,2025-09-06 10:00:00.000,H24,MISSION BERMUDES,1.00,1.00,0.0,10,0,36,6,9,2025
270186,2025-09-06 11:00:00.000,H24,MISSION BERMUDES,1.00,1.00,0.0,11,0,36,6,9,2025
270203,2025-09-06 12:00:00.000,H24,MISSION BERMUDES,0.80,1.00,0.2,12,0,36,6,9,2025
270220,2025-09-06 13:00:00.000,H24,MISSION BERMUDES,0.00,1.00,1.0,13,0,36,6,9,2025
270237,2025-09-06 14:00:00.000,H24,MISSION BERMUDES,0.15,1.00,0.85,14,0,36,6,9,2025
270254,2025-09-06 15:00:00.000,H24,MISSION BERMUDES,0.00,1.00,1.0,15,0,36,6,9,2025
270271,2025-09-06 16:00:00.000,H24,MISSION BERMUDES,0.00,1.00,1.0,16,0,36,6,9,2025
270288,2025-09-06 17:00:00.000,H24,MISSION BERMUDES,0.15,1.00,0.85,17,0,36,6,9,2025
270305,2025-09-06 18:00:00.000,H24,MISSION BERMUDES,0.20,1.00,0.8,18,0,36,6,9,2025
270322,2025-09-06 19:00:00.000,H24,MISSION BERMUDES,0.00,1.00,1.0,19,0,36,6,9,2025
270339,2025-09-06 20:00:00.000,H24,MISSION BERMUDES,0.00,1.00,1.0,20,0,36,6,9,2025
270356,2025-09-06 21:00:00.000,H24,MISSION BERMUDES,0.00,0.00,0.0,21,0,36,6,9,2025
270373,2025-09-06 22:00:00.000,H24,MISSION BERMUDES,0.00,0.00,0.0,22,0,36,6,9,2025
270390,2025-09-06 23:00:00.000,H24,MISSION BERMUDES,0.00,0.00,0.0,23,0,36,6,9,2025
270407,2025-09-07 00:00:00.000,H24,MISSION BERMUDES,0.00,0.00,0.0,0,0,37,7,9,2025
270424,2025-09-07 01:00:00.000,H24,MISSION BERMUDES,0.00,0.00,0.0,1,0,37,7,9,2025
270441,2025-09-07 02:00:00.000,H24,MISSION BERMUDES,0.00,0.00,0.0,2,0,37,7,9,2025
270458,2025-09-07 03:00:00.000,H24,MISSION BERMUDES,0.00,0.00,0.0,3,0,37,7,9,2025
270475,2025-09-07 04:00:00.000,H24,MISSION BERMUDES,0.00,0.00,0.0,4,0,37,7,9,2025
270492,2025-09-07 05:00:00.000,H24,MISSION BERMUDES,0.00,0.00,0.0,5,0,37,7,9,2025
270509,2025-09-07 06:00:00.000,H24,MISSION BERMUDES,0.00,0.00,0.0,6,0,37,7,9,2025
270526,2025-09-07 07:00:00.000,H24,MISSION BERMUDES,0.00,0.55,0.55,7,0,37,7,9,2025
270543,2025-09-07 08:00:00.000,H24,MISSION BERMUDES,0.00,0.00,0.0,8,0,37,7,9,2025
270560,2025-09-07 09:00:00.000,H24,MISSION BERMUDES,0.00,0.50,0.5,9,0,37,7,9,2025
270577,2025-09-07 10:00:00.000,H24,MISSION BERMUDES,0.00,1.00,1.0,10,0,37,7,9,2025
270594,2025-09-07 11:00:00.000,H24,MISSION BERMUDES,0.85,1.00,0.15,11,0,37,7,9,2025
270611,2025-09-07 12:00:00.000,H24,MISSION BERMUDES,1.00,1.00,0.0,12,0,37,7,9,2025
270628,2025-09-07 13:00:00.000,H24,MISSION BERMUDES,1.00,1.00,0.0,13,0,37,7,9,2025
270645,2025-09-07 14:00:00.000,H24,MISSION BERMUDES,1.00,1.00,0.0,14,0,37,7,9,2025
270662,2025-09-07 15:00:00.000,H24,MISSION BERMUDES,1.00,1.00,0.0,15,0,37,7,9,2025
270679,2025-09-07 16:00:00.000,H24,MISSION BERMUDES,1.00,1.00,0.0,16,0,37,7,9,2025
270696,2025-09-07 17:00:00.000,H24,MISSION BERMUDES,1.00,1.00,0.0,17,0,37,7,9,2025
270713,2025-09-07 18:00:00.000,H24,MISSION BERMUDES,1.00,1.00,0.0,18,0,37,7,9,2025
270730,2025-09-07 19:00:00.000,H24,MISSION BERMUDES,1.00,0.55,0.0,19,0,37,7,9,2025
270747,2025-09-07 20:00:00.000,H24,MISSION BERMUDES,1.00,0.00,0.0,20,0,37,7,9,2025
270764,2025-09-07 21:00:00.000,H24,MISSION BERMUDES,1.00,0.00,0.0,21,0,37,7,9,2025
270781,2025-09-07 22:00:00.000,H24,MISSION BERMUDES,1.00,0.00,0.0,22,0,37,7,9,2025
270798,2025-09-07 23:00:00.000,H24,MISSION BERMUDES,1.00,0.00,0.0,23,0,37,7,9,2025
270815,2025-09-08 00:00:00.000,H24,MISSION BERMUDES,1.00,0.00,0.0,0,0,37,8,9,2025
270832,2025-09-08 01:00:00.000,H24,MISSION BERMUDES,1.00,0.00,0.0,1,0,37,8,9,2025
270849,2025-09-08 02:00:00.000,H24,MISSION BERMUDES,1.00,0.00,0.0,2,0,37,8,9,2025
270866,2025-09-08 03:00:00.000,H24,MISSION BERMUDES,1.00,0.00,0.0,3,0,37,8,9,2025
270883,2025-09-08 04:00:00.000,H24,MISSION BERMUDES,1.00,0.00,0.0,4,0,37,8,9,2025
270900,2025-09-08 05:00:00.000,H24,MISSION BERMUDES,1.00,0.00,0.0,5,0,37,8,9,2025
270917,2025-09-08 06:00:00.000,H24,MISSION BERMUDES,1.00,0.00,0.0,6,0,37,8,9,2025
270934,2025-09-08 07:00:00.000,H24,MISSION BERMUDES,1.00,0.00,0.0,7,0,37,8,9,2025
270949,2025-09-08 08:00:00.000,H24,MISSION BERMUDES,1.00,0.00,0.0,8,0,37,8,9,2025
270964,2025-09-08 09:00:00.000,H24,MISSION BERMUDES,1.00,0.00,0.0,9,0,37,8,9,2025
270979,2025-09-08 10:00:00.000,H24,MISSION BERMUDES,1.00,1.00,0.0,10,0,37,8,9,2025
270994,2025-09-08 11:00:00.000,H24,MISSION BERMUDES,1.00,1.00,0.0,11,0,37,8,9,2025
271009,2025-09-08 12:00:00.000,H24,MISSION BERMUDES,1.00,1.00,0.0,12,0,37,8,9,2025
271024,2025-09-08 13:00:00.000,H24,MISSION BERMUDES,1.00,1.00,0.0,13,0,37,8,9,2025
271039,2025-09-08 14:00:00.000,H24,MISSION BERMUDES,1.00,1.00,0.0,14,0,37,8,9,2025
271054,2025-09-08 15:00:00.000,H24,MISSION BERMUDES,1.00,1.00,0.0,15,0,37,8,9,2025
271069,2025-09-08 16:00:00.000,H24,MISSION BERMUDES,1.00,1.00,0.0,16,0,37,8,9,2025
271084,2025-09-08 17:00:00.000,H24,MISSION BERMUDES,1.00,1.00,0.0,17,0,37,8,9,2025
271099,2025-09-08 18:00:00.000,H24,MISSION BERMUDES,1.00,1.00,0.0,18,0,37,8,9,2025
271114,2025-09-08 19:00:00.000,H24,MISSION BERMUDES,1.00,0.55,0.0,19,0,37,8,9,2025
271129,2025-09-08 20:00:00.000,H24,MISSION BERMUDES,1.00,0.00,0.0,20,0,37,8,9,2025
271144,2025-09-08 21:00:00.000,H24,MISSION BERMUDES,1.00,0.00,0.0,21,0,37,8,9,2025
271159,2025-09-08 22:00:00.000,H24,MISSION BERMUDES,1.00,0.00,0.0,22,0,37,8,9,2025
271174,2025-09-08 23:00:00.000,H24,MISSION BERMUDES,1.00,0.00,0.0,23,0,37,8,9,2025
271189,2025-09-09 00:00:00.000,H24,MISSION BERMUDES,1.00,0.00,0.0,0,0,37,9,9,2025
271204,2025-09-09 01:00:00.000,H24,MISSION BERMUDES,1.00,0.00,0.0,1,0,37,9,9,2025
271219,2025-09-09 02:00:00.000,H24,MISSION BERMUDES,1.00,0.00,0.0,2,0,37,9,9,2025
271234,2025-09-09 03:00:00.000,H24,MISSION BERMUDES,1.00,0.00,0.0,3,0,37,9,9,2025
271249,2025-09-09 04:00:00.000,H24,MISSION BERMUDES,1.00,0.00,0.0,4,0,37,9,9,2025
271264,2025-09-09 05:00:00.000,H24,MISSION BERMUDES,1.00,0.00,0.0,5,0,37,9,9,2025
271279,2025-09-09 06:00:00.000,H24,MISSION BERMUDES,1.00,0.00,0.0,6,0,37,9,9,2025
271294,2025-09-09 07:00:00.000,H24,MISSION BERMUDES,1.00,0.00,0.0,7,0,37,9,9,2025
271309,2025-09-09 08:00:00.000,H24,MISSION BERMUDES,1.00,0.00,0.0,8,0,37,9,9,2025
271324,2025-09-09 09:00:00.000,H24,MISSION BERMUDES,1.00,0.00,0.0,9,0,37,9,9,2025
271339,2025-09-09 10:00:00.000,H24,MISSION BERMUDES,1.00,1.00,0.0,10,0,37,9,9,2025
271354,2025-09-09 11:00:00.000,H24,MISSION BERMUDES,1.00,1.00,0.0,11,0,37,9,9,2025
271369,2025-09-09 12:00:00.000,H24,MISSION BERMUDES,1.00,1.00,0.0,12,0,37,9,9,2025
271384,2025-09-09 13:00:00.000,H24,MISSION BERMUDES,1.00,1.00,0.0,13,0,37,9,9,2025
271399,2025-09-09 14:00:00.000,H24,MISSION BERMUDES,1.00,1.00,0.0,14,0,37,9,9,2025
271414,2025-09-09 15:00:00.000,H24,MISSION BERMUDES,1.00,1.00,0.0,15,0,37,9,9,2025
271429,2025-09-09 16:00:00.000,H24,MISSION BERMUDES,1.00,1.00,0.0,16,0,37,9,9,2025
271444,2025-09-09 17:00:00.000,H24,MISSION BERMUDES,1.00,1.00,0.0,17,0,37,9,9,2025
271459,2025-09-09 18:00:00.000,H24,MISSION BERMUDES,1.00,1.00,0.0,18,0,37,9,9,2025
271474,2025-09-09 19:00:00.000,H24,MISSION BERMUDES,1.00,0.55,0.0,19,0,37,9,9,2025
271489,2025-09-09 20:00:00.000,H24,MISSION BERMUDES,1.00,0.00,0.0,20,0,37,9,9,2025
271504,2025-09-09 21:00:00.000,H24,MISSION BERMUDES,1.00,0.00,0.0,21,0,37,9,9,2025
271519,2025-09-09 22:00:00.000,H24,MISSION BERMUDES,1.00,0.00,0.0,22,0,37,9,9,2025
271534,2025-09-09 23:00:00.000,H24,MISSION BERMUDES,1.00,0.00,0.0,23,0,37,9,9,2025
271549,2025-09-10 00:00:00.000,H24,MISSION BERMUDES,1.00,0.00,0.0,0,0,37,10,9,2025
271564,2025-09-10 01:00:00.000,H24,MISSION BERMUDES,1.00,0.00,0.0,1,0,37,10,9,2025
271579,2025-09-10 02:00:00.000,H24,MISSION BERMUDES,1.00,0.00,0.0,2,0,37,10,9,2025
271594,2025-09-10 03:00:00.000,H24,MISSION BERMUDES,1.00,0.00,0.0,3,0,37,10,9,2025
271609,2025-09-10 04:00:00.000,H24,MISSION BERMUDES,1.00,0.00,0.0,4,0,37,10,9,2025
271624,2025-09-10 05:00:00.000,H24,MISSION BERMUDES,1.00,0.00,0.0,5,0,37,10,9,2025
271639,2025-09-10 06:00:00.000,H24,MISSION BERMUDES,1.00,0.00,0.0,6,0,37,10,9,2025
271654,2025-09-10 07:00:00.000,H24,MISSION BERMUDES,1.00,0.00,0.0,7,0,37,10,9,2025
271669,2025-09-10 08:00:00.000,H24,MISSION BERMUDES,1.00,0.00,0.0,8,0,37,10,9,2025
271684,2025-09-10 09:00:00.000,H24,MISSION BERMUDES,1.00,0.00,0.0,9,0,37,10,9,2025
271699,2025-09-10 10:00:00.000,H24,MISSION BERMUDES,1.00,1.00,0.0,10,0,37,10,9,2025
271714,2025-09-10 11:00:00.000,H24,MISSION BERMUDES,1.00,1.00,0.0,11,0,37,10,9,2025
271729,2025-09-10 12:00:00.000,H24,MISSION BERMUDES,1.00,1.00,0.0,12,0,37,10,9,2025
271744,2025-09-10 13:00:00.000,H24,MISSION BERMUDES,1.00,1.00,0.0,13,0,37,10,9,2025
271759,2025-09-10 14:00:00.000,H24,MISSION BERMUDES,0.95,0.55,0.0,14,0,37,10,9,2025
271774,2025-09-10 15:00:00.000,H24,MISSION BERMUDES,0.05,1.00,0.95,15,0,37,10,9,2025
271789,2025-09-10 16:00:00.000,H24,MISSION BERMUDES,0.00,1.00,1.0,16,0,37,10,9,2025
271804,2025-09-10 17:00:00.000,H24,MISSION BERMUDES,0.40,1.00,0.6,17,0,37,10,9,2025
271819,2025-09-10 18:00:00.000,H24,MISSION BERMUDES,1.00,1.00,0.0,18,0,37,10,9,2025
271834,2025-09-10 19:00:00.000,H24,MISSION BERMUDES,1.00,0.50,0.0,19,0,37,10,9,2025
271849,2025-09-10 20:00:00.000,H24,MISSION BERMUDES,1.00,0.00,0.0,20,0,37,10,9,2025
271864,2025-09-10 21:00:00.000,H24,MISSION BERMUDES,1.00,0.00,0.0,21,0,37,10,9,2025
271879,2025-09-10 22:00:00.000,H24,MISSION BERMUDES,1.00,0.00,0.0,22,0,37,10,9,2025
271894,2025-09-10 23:00:00.000,H24,MISSION BERMUDES,1.00,0.00,0.0,23,0,37,10,9,2025
271909,2025-09-11 00:00:00.000,H24,MISSION BERMUDES,1.00,0.00,0.0,0,0,37,11,9,2025
271924,2025-09-11 01:00:00.000,H24,MISSION BERMUDES,1.00,0.00,0.0,1,0,37,11,9,2025
271939,2025-09-11 02:00:00.000,H24,MISSION BERMUDES,1.00,0.00,0.0,2,0,37,11,9,2025
271954,2025-09-11 03:00:00.000,H24,MISSION BERMUDES,1.00,0.00,0.0,3,0,37,11,9,2025
271969,2025-09-11 04:00:00.000,H24,MISSION BERMUDES,1.00,0.00,0.0,4,0,37,11,9,2025
271984,2025-09-11 05:00:00.000,H24,MISSION BERMUDES,1.00,0.00,0.0,5,0,37,11,9,2025
271999,2025-09-11 06:00:00.000,H24,MISSION BERMUDES,1.00,0.00,0.0,6,0,37,11,9,2025
272084,2025-09-11 12:00:00.000,H24,MISSION BERMUDES,0.00,1.00,1.0,12,0,37,11,9,2025
272099,2025-09-11 13:00:00.000,H24,MISSION BERMUDES,0.00,1.00,1.0,13,0,37,11,9,2025
272114,2025-09-11 14:00:00.000,H24,MISSION BERMUDES,0.00,1.00,1.0,14,0,37,11,9,2025
272129,2025-09-11 15:00:00.000,H24,MISSION BERMUDES,0.00,1.00,1.0,15,0,37,11,9,2025
272144,2025-09-11 16:00:00.000,H24,MISSION BERMUDES,0.00,1.00,1.0,16,0,37,11,9,2025
272159,2025-09-11 17:00:00.000,H24,MISSION BERMUDES,0.00,1.00,1.0,17,0,37,11,9,2025
272174,2025-09-11 18:00:00.000,H24,MISSION BERMUDES,0.00,1.00,1.0,18,0,37,11,9,2025
272189,2025-09-11 19:00:00.000,H24,MISSION BERMUDES,0.00,0.55,0.55,19,0,37,11,9,2025
272204,2025-09-11 20:00:00.000,H24,MISSION BERMUDES,0.00,0.00,0.0,20,0,37,11,9,2025
272219,2025-09-11 21:00:00.000,H24,MISSION BERMUDES,0.00,0.00,0.0,21,0,37,11,9,2025
272234,2025-09-11 22:00:00.000,H24,MISSION BERMUDES,0.00,0.00,0.0,22,0,37,11,9,2025
272249,2025-09-11 23:00:00.000,H24,MISSION BERMUDES,0.00,0.00,0.0,23,0,37,11,9,2025
272264,2025-09-12 00:00:00.000,H24,MISSION BERMUDES,0.00,0.00,0.0,0,0,37,12,9,2025
272279,2025-09-12 01:00:00.000,H24,MISSION BERMUDES,0.00,0.00,0.0,1,0,37,12,9,2025
272294,2025-09-12 02:00:00.000,H24,MISSION BERMUDES,0.00,0.00,0.0,2,0,37,12,9,2025
272309,2025-09-12 03:00:00.000,H24,MISSION BERMUDES,0.00,0.00,0.0,3,0,37,12,9,2025
272324,2025-09-12 04:00:00.000,H24,MISSION BERMUDES,0.00,0.00,0.0,4,0,37,12,9,2025
272339,2025-09-12 05:00:00.000,H24,MISSION BERMUDES,0.00,0.00,0.0,5,0,37,12,9,2025
272354,2025-09-12 06:00:00.000,H24,MISSION BERMUDES,0.00,0.00,0.0,6,0,37,12,9,2025
272369,2025-09-12 07:00:00.000,H24,MISSION BERMUDES,0.00,0.00,0.0,7,0,37,12,9,2025
272384,2025-09-12 08:00:00.000,H24,MISSION BERMUDES,0.00,0.00,0.0,8,0,37,12,9,2025
272399,2025-09-12 09:00:00.000,H24,MISSION BERMUDES,0.00,0.00,0.0,9,0,37,12,9,2025
272414,2025-09-12 10:00:00.000,H24,MISSION BERMUDES,0.00,1.00,1.0,10,0,37,12,9,2025
272429,2025-09-12 11:00:00.000,H24,MISSION BERMUDES,0.00,1.00,1.0,11,0,37,12,9,2025
272444,2025-09-12 12:00:00.000,H24,MISSION BERMUDES,0.00,1.00,1.0,12,0,37,12,9,2025
272459,2025-09-12 13:00:00.000,H24,MISSION BERMUDES,0.00,1.00,1.0,13,0,37,12,9,2025
272474,2025-09-12 14:00:00.000,H24,MISSION BERMUDES,0.00,1.00,1.0,14,0,37,12,9,2025
272489,2025-09-12 15:00:00.000,H24,MISSION BERMUDES,0.00,1.00,1.0,15,0,37,12,9,2025
272504,2025-09-12 16:00:00.000,H24,MISSION BERMUDES,0.00,1.00,1.0,16,0,37,12,9,2025
272519,2025-09-12 17:00:00.000,H24,MISSION BERMUDES,0.00,1.00,1.0,17,0,37,12,9,2025
272534,2025-09-12 18:00:00.000,H24,MISSION BERMUDES,0.00,1.00,1.0,18,0,37,12,9,2025
272549,2025-09-12 19:00:00.000,H24,MISSION BERMUDES,0.00,0.50,0.5,19,0,37,12,9,2025
272564,2025-09-12 20:00:00.000,H24,MISSION BERMUDES,0.00,0.00,0.0,20,0,37,12,9,2025
272579,2025-09-12 21:00:00.000,H24,MISSION BERMUDES,0.00,0.00,0.0,21,0,37,12,9,2025
272594,2025-09-12 22:00:00.000,H24,MISSION BERMUDES,0.00,0.00,0.0,22,0,37,12,9,2025
272609,2025-09-12 23:00:00.000,H24,MISSION BERMUDES,0.00,0.00,0.0,23,0,37,12,9,2025
272624,2025-09-13 00:00:00.000,H24,MISSION BERMUDES,0.00,0.00,0.0,0,0,37,13,9,2025
272639,2025-09-13 01:00:00.000,H24,MISSION BERMUDES,0.00,0.00,0.0,1,0,37,13,9,2025
272654,2025-09-13 02:00:00.000,H24,MISSION BERMUDES,0.00,0.00,0.0,2,0,37,13,9,2025
272669,2025-09-13 03:00:00.000,H24,MISSION BERMUDES,0.00,0.00,0.0,3,0,37,13,9,2025
272684,2025-09-13 04:00:00.000,H24,MISSION BERMUDES,0.00,0.00,0.0,4,0,37,13,9,2025
272699,2025-09-13 05:00:00.000,H24,MISSION BERMUDES,0.00,0.00,0.0,5,0,37,13,9,2025
272714,2025-09-13 06:00:00.000,H24,MISSION BERMUDES,0.00,0.00,0.0,6,0,37,13,9,2025
272731,2025-09-13 07:00:00.000,H24,MISSION BERMUDES,0.00,0.00,0.0,7,0,37,13,9,2025
272748,2025-09-13 08:00:00.000,H24,MISSION BERMUDES,0.00,0.00,0.0,8,0,37,13,9,2025
272765,2025-09-13 09:00:00.000,H24,MISSION BERMUDES,0.00,0.50,0.5,9,0,37,13,9,2025
272782,2025-09-13 10:00:00.000,H24,MISSION BERMUDES,0.00,1.00,1.0,10,0,37,13,9,2025
272799,2025-09-13 11:00:00.000,H24,MISSION BERMUDES,0.80,1.00,0.2,11,0,37,13,9,2025
272816,2025-09-13 12:00:00.000,H24,MISSION BERMUDES,1.00,1.00,0.0,12,0,37,13,9,2025
272833,2025-09-13 13:00:00.000,H24,MISSION BERMUDES,1.00,1.00,0.0,13,0,37,13,9,2025
272850,2025-09-13 14:00:00.000,H24,MISSION BERMUDES,1.00,1.00,0.0,14,0,37,13,9,2025
272867,2025-09-13 15:00:00.000,H24,MISSION BERMUDES,1.00,1.00,0.0,15,0,37,13,9,2025
272884,2025-09-13 16:00:00.000,H24,MISSION BERMUDES,1.00,1.00,0.0,16,0,37,13,9,2025
272901,2025-09-13 17:00:00.000,H24,MISSION BERMUDES,1.00,1.00,0.0,17,0,37,13,9,2025
272918,2025-09-13 18:00:00.000,H24,MISSION BERMUDES,0.80,1.00,0.2,18,0,37,13,9,2025
272935,2025-09-13 19:00:00.000,H24,MISSION BERMUDES,0.00,1.00,1.0,19,0,37,13,9,2025
272952,2025-09-13 20:00:00.000,H24,MISSION BERMUDES,0.00,1.00,1.0,20,0,37,13,9,2025
272969,2025-09-13 21:00:00.000,H24,MISSION BERMUDES,0.00,0.05,0.05,21,0,37,13,9,2025
272986,2025-09-13 22:00:00.000,H24,MISSION BERMUDES,0.00,0.00,0.0,22,0,37,13,9,2025
273003,2025-09-13 23:00:00.000,H24,MISSION BERMUDES,0.00,0.00,0.0,23,0,37,13,9,2025
273020,2025-09-14 00:00:00.000,H24,MISSION BERMUDES,0.00,0.00,0.0,0,0,38,14,9,2025
273037,2025-09-14 01:00:00.000,H24,MISSION BERMUDES,0.00,0.00,0.0,1,0,38,14,9,2025
273054,2025-09-14 02:00:00.000,H24,MISSION BERMUDES,0.00,0.00,0.0,2,0,38,14,9,2025
273071,2025-09-14 03:00:00.000,H24,MISSION BERMUDES,0.00,0.00,0.0,3,0,38,14,9,2025
273088,2025-09-14 04:00:00.000,H24,MISSION BERMUDES,0.00,0.00,0.0,4,0,38,14,9,2025
273105,2025-09-14 05:00:00.000,H24,MISSION BERMUDES,0.00,0.00,0.0,5,0,38,14,9,2025
273122,2025-09-14 06:00:00.000,H24,MISSION BERMUDES,0.00,0.00,0.0,6,0,38,14,9,2025
273139,2025-09-14 07:00:00.000,H24,MISSION BERMUDES,0.00,0.00,0.0,7,0,38,14,9,2025
273156,2025-09-14 08:00:00.000,H24,MISSION BERMUDES,0.00,0.00,0.0,8,0,38,14,9,2025
273173,2025-09-14 09:00:00.000,H24,MISSION BERMUDES,0.00,0.50,0.5,9,0,38,14,9,2025
273190,2025-09-14 10:00:00.000,H24,MISSION BERMUDES,0.00,1.00,1.0,10,0,38,14,9,2025
273207,2025-09-14 11:00:00.000,H24,MISSION BERMUDES,0.00,1.00,1.0,11,0,38,14,9,2025
273224,2025-09-14 12:00:00.000,H24,MISSION BERMUDES,0.00,1.00,1.0,12,0,38,14,9,2025
273241,2025-09-14 13:00:00.000,H24,MISSION BERMUDES,0.55,1.00,0.45,13,0,38,14,9,2025
273258,2025-09-14 14:00:00.000,H24,MISSION BERMUDES,0.35,1.00,0.65,14,0,38,14,9,2025
273275,2025-09-14 15:00:00.000,H24,MISSION BERMUDES,0.05,1.00,0.95,15,0,38,14,9,2025
273292,2025-09-14 16:00:00.000,H24,MISSION BERMUDES,0.45,1.00,0.55,16,0,38,14,9,2025
273309,2025-09-14 17:00:00.000,H24,MISSION BERMUDES,0.00,1.00,1.0,17,0,38,14,9,2025
273326,2025-09-14 18:00:00.000,H24,MISSION BERMUDES,0.00,1.00,1.0,18,0,38,14,9,2025
273343,2025-09-14 19:00:00.000,H24,MISSION BERMUDES,0.00,0.55,0.55,19,0,38,14,9,2025
273360,2025-09-14 20:00:00.000,H24,MISSION BERMUDES,0.00,0.00,0.0,20,0,38,14,9,2025
273377,2025-09-14 21:00:00.000,H24,MISSION BERMUDES,0.00,0.00,0.0,21,0,38,14,9,2025
273394,2025-09-14 22:00:00.000,H24,MISSION BERMUDES,0.00,0.00,0.0,22,0,38,14,9,2025
273411,2025-09-14 23:00:00.000,H24,MISSION BERMUDES,0.00,0.00,0.0,23,0,38,14,9,2025
273428,2025-09-15 00:00:00.000,H24,MISSION BERMUDES,0.00,0.00,0.0,0,0,38,15,9,2025
273445,2025-09-15 01:00:00.000,H24,MISSION BERMUDES,0.00,0.00,0.0,1,0,38,15,9,2025
273462,2025-09-15 02:00:00.000,H24,MISSION BERMUDES,0.00,0.00,0.0,2,0,38,15,9,2025
273479,2025-09-15 03:00:00.000,H24,MISSION BERMUDES,0.00,0.00,0.0,3,0,38,15,9,2025
273496,2025-09-15 04:00:00.000,H24,MISSION BERMUDES,0.00,0.00,0.0,4,0,38,15,9,2025
273513,2025-09-15 05:00:00.000,H24,MISSION BERMUDES,0.00,0.00,0.0,5,0,38,15,9,2025
273530,2025-09-15 06:00:00.000,H24,MISSION BERMUDES,0.00,0.00,0.0,6,0,38,15,9,2025
273616,2025-09-18 07:00:00.000,H24,MISSION BERMUDES,0.00,0.00,0.0,7,0,38,18,9,2025
273630,2025-09-18 08:00:00.000,H24,MISSION BERMUDES,0.00,0.00,0.0,8,0,38,18,9,2025
273644,2025-09-18 09:00:00.000,H24,MISSION BERMUDES,0.00,0.00,0.0,9,0,38,18,9,2025
273658,2025-09-18 10:00:00.000,H24,MISSION BERMUDES,1.00,1.00,0.0,10,0,38,18,9,2025
273672,2025-09-18 11:00:00.000,H24,MISSION BERMUDES,0.55,1.00,0.45,11,0,38,18,9,2025
273686,2025-09-18 12:00:00.000,H24,MISSION BERMUDES,0.00,1.00,1.0,12,0,38,18,9,2025
273700,2025-09-18 13:00:00.000,H24,MISSION BERMUDES,0.00,1.00,1.0,13,0,38,18,9,2025
273714,2025-09-18 14:00:00.000,H24,MISSION BERMUDES,0.00,1.00,1.0,14,0,38,18,9,2025
273728,2025-09-18 15:00:00.000,H24,MISSION BERMUDES,0.25,1.00,0.75,15,0,38,18,9,2025
273742,2025-09-18 16:00:00.000,H24,MISSION BERMUDES,0.80,1.00,0.2,16,0,38,18,9,2025
273756,2025-09-18 17:00:00.000,H24,MISSION BERMUDES,0.90,1.00,0.1,17,0,38,18,9,2025
273770,2025-09-18 18:00:00.000,H24,MISSION BERMUDES,0.00,1.00,1.0,18,0,38,18,9,2025
273784,2025-09-18 19:00:00.000,H24,MISSION BERMUDES,0.00,0.55,0.55,19,0,38,18,9,2025
273798,2025-09-18 20:00:00.000,H24,MISSION BERMUDES,0.00,0.00,0.0,20,0,38,18,9,2025
273812,2025-09-18 21:00:00.000,H24,MISSION BERMUDES,0.00,0.00,0.0,21,0,38,18,9,2025
273826,2025-09-18 22:00:00.000,H24,MISSION BERMUDES,0.00,0.00,0.0,22,0,38,18,9,2025
273840,2025-09-18 23:00:00.000,H24,MISSION BERMUDES,0.00,0.00,0.0,23,0,38,18,9,2025
273854,2025-09-19 00:00:00.000,H24,MISSION BERMUDES,0.00,0.00,0.0,0,0,38,19,9,2025
273868,2025-09-19 01:00:00.000,H24,MISSION BERMUDES,0.00,0.00,0.0,1,0,38,19,9,2025
273882,2025-09-19 02:00:00.000,H24,MISSION BERMUDES,0.00,0.00,0.0,2,0,38,19,9,2025
273896,2025-09-19 03:00:00.000,H24,MISSION BERMUDES,0.00,0.00,0.0,3,0,38,19,9,2025
273910,2025-09-19 04:00:00.000,H24,MISSION BERMUDES,0.00,0.00,0.0,4,0,38,19,9,2025
273924,2025-09-19 05:00:00.000,H24,MISSION BERMUDES,0.00,0.00,0.0,5,0,38,19,9,2025
273938,2025-09-19 06:00:00.000,H24,MISSION BERMUDES,0.00,0.00,0.0,6,0,38,19,9,2025
273952,2025-09-19 07:00:00.000,H24,MISSION BERMUDES,0.00,0.00,0.0,7,0,38,19,9,2025
273966,2025-09-19 08:00:00.000,H24,MISSION BERMUDES,0.00,0.00,0.0,8,0,38,19,9,2025
273980,2025-09-19 09:00:00.000,H24,MISSION BERMUDES,0.00,0.00,0.0,9,0,38,19,9,2025
273994,2025-09-19 10:00:00.000,H24,MISSION BERMUDES,0.00,1.00,1.0,10,0,38,19,9,2025
274008,2025-09-19 11:00:00.000,H24,MISSION BERMUDES,0.85,1.00,0.15,11,0,38,19,9,2025
274022,2025-09-19 12:00:00.000,H24,MISSION BERMUDES,1.00,1.00,0.0,12,0,38,19,9,2025
274036,2025-09-19 13:00:00.000,H24,MISSION BERMUDES,1.00,1.00,0.0,13,0,38,19,9,2025
274050,2025-09-19 14:00:00.000,H24,MISSION BERMUDES,1.00,1.00,0.0,14,0,38,19,9,2025
274064,2025-09-19 15:00:00.000,H24,MISSION BERMUDES,1.00,1.00,0.0,15,0,38,19,9,2025
274078,2025-09-19 16:00:00.000,H24,MISSION BERMUDES,0.55,1.00,0.45,16,0,38,19,9,2025
274092,2025-09-19 17:00:00.000,H24,MISSION BERMUDES,0.10,1.00,0.9,17,0,38,19,9,2025
274106,2025-09-19 18:00:00.000,H24,MISSION BERMUDES,0.25,1.00,0.75,18,0,38,19,9,2025
274120,2025-09-19 19:00:00.000,H24,MISSION BERMUDES,0.10,0.55,0.45,19,0,38,19,9,2025
274134,2025-09-19 20:00:00.000,H24,MISSION BERMUDES,0.00,0.00,0.0,20,0,38,19,9,2025
274148,2025-09-19 21:00:00.000,H24,MISSION BERMUDES,0.00,0.00,0.0,21,0,38,19,9,2025
274162,2025-09-19 22:00:00.000,H24,MISSION BERMUDES,0.00,0.00,0.0,22,0,38,19,9,2025
274176,2025-09-19 23:00:00.000,H24,MISSION BERMUDES,0.00,0.00,0.0,23,0,38,19,9,2025
274190,2025-09-20 00:00:00.000,H24,MISSION BERMUDES,0.00,0.00,0.0,0,0,38,20,9,2025
274204,2025-09-20 01:00:00.000,H24,MISSION BERMUDES,0.00,0.00,0.0,1,0,38,20,9,2025
274218,2025-09-20 02:00:00.000,H24,MISSION BERMUDES,0.00,0.00,0.0,2,0,38,20,9,2025
274232,2025-09-20 03:00:00.000,H24,MISSION BERMUDES,0.00,0.00,0.0,3,0,38,20,9,2025
274246,2025-09-20 04:00:00.000,H24,MISSION BERMUDES,0.00,0.00,0.0,4,0,38,20,9,2025
274260,2025-09-20 05:00:00.000,H24,MISSION BERMUDES,0.00,0.00,0.0,5,0,38,20,9,2025
274274,2025-09-20 06:00:00.000,H24,MISSION BERMUDES,0.00,0.00,0.0,6,0,38,20,9,2025
274290,2025-09-20 07:00:00.000,H24,MISSION BERMUDES,0.00,0.00,0.0,7,0,38,20,9,2025
274306,2025-09-20 08:00:00.000,H24,MISSION BERMUDES,0.00,0.00,0.0,8,0,38,20,9,2025
274322,2025-09-20 09:00:00.000,H24,MISSION BERMUDES,0.15,0.50,0.35,9,0,38,20,9,2025
274338,2025-09-20 10:00:00.000,H24,MISSION BERMUDES,0.10,1.00,0.9,10,0,38,20,9,2025
274354,2025-09-20 11:00:00.000,H24,MISSION BERMUDES,0.00,1.00,1.0,11,0,38,20,9,2025
274370,2025-09-20 12:00:00.000,H24,MISSION BERMUDES,0.50,1.00,0.5,12,0,38,20,9,2025
274386,2025-09-20 13:00:00.000,H24,MISSION BERMUDES,1.00,1.00,0.0,13,0,38,20,9,2025
274402,2025-09-20 14:00:00.000,H24,MISSION BERMUDES,0.35,1.00,0.65,14,0,38,20,9,2025
274418,2025-09-20 15:00:00.000,H24,MISSION BERMUDES,0.00,1.00,1.0,15,0,38,20,9,2025
274434,2025-09-20 16:00:00.000,H24,MISSION BERMUDES,0.85,1.00,0.15,16,0,38,20,9,2025
274450,2025-09-20 17:00:00.000,H24,MISSION BERMUDES,1.00,1.00,0.0,17,0,38,20,9,2025
274466,2025-09-20 18:00:00.000,H24,MISSION BERMUDES,0.70,1.00,0.3,18,0,38,20,9,2025
274482,2025-09-20 19:00:00.000,H24,MISSION BERMUDES,0.00,1.00,1.0,19,0,38,20,9,2025
274498,2025-09-20 20:00:00.000,H24,MISSION BERMUDES,0.00,1.00,1.0,20,0,38,20,9,2025
274514,2025-09-20 21:00:00.000,H24,MISSION BERMUDES,0.00,0.05,0.05,21,0,38,20,9,2025
274530,2025-09-20 22:00:00.000,H24,MISSION BERMUDES,0.00,0.00,0.0,22,0,38,20,9,2025
274546,2025-09-20 23:00:00.000,H24,MISSION BERMUDES,0.00,0.00,0.0,23,0,38,20,9,2025
274562,2025-09-21 00:00:00.000,H24,MISSION BERMUDES,0.00,0.00,0.0,0,0,39,21,9,2025
274578,2025-09-21 01:00:00.000,H24,MISSION BERMUDES,0.00,0.00,0.0,1,0,39,21,9,2025
274594,2025-09-21 02:00:00.000,H24,MISSION BERMUDES,0.00,0.00,0.0,2,0,39,21,9,2025
274610,2025-09-21 03:00:00.000,H24,MISSION BERMUDES,0.00,0.00,0.0,3,0,39,21,9,2025
274626,2025-09-21 04:00:00.000,H24,MISSION BERMUDES,0.00,0.00,0.0,4,0,39,21,9,2025
274642,2025-09-21 05:00:00.000,H24,MISSION BERMUDES,0.00,0.00,0.0,5,0,39,21,9,2025
274658,2025-09-21 06:00:00.000,H24,MISSION BERMUDES,0.00,0.00,0.0,6,0,39,21,9,2025
274674,2025-09-21 07:00:00.000,H24,MISSION BERMUDES,0.00,0.00,0.0,7,0,39,21,9,2025
274690,2025-09-21 08:00:00.000,H24,MISSION BERMUDES,0.00,0.00,0.0,8,0,39,21,9,2025
274706,2025-09-21 09:00:00.000,H24,MISSION BERMUDES,0.15,0.50,0.35,9,0,39,21,9,2025
274722,2025-09-21 10:00:00.000,H24,MISSION BERMUDES,0.00,1.00,1.0,10,0,39,21,9,2025
274738,2025-09-21 11:00:00.000,H24,MISSION BERMUDES,0.15,1.00,0.85,11,0,39,21,9,2025
274754,2025-09-21 12:00:00.000,H24,MISSION BERMUDES,0.00,1.00,1.0,12,0,39,21,9,2025
274770,2025-09-21 13:00:00.000,H24,MISSION BERMUDES,0.00,1.00,1.0,13,0,39,21,9,2025
274786,2025-09-21 14:00:00.000,H24,MISSION BERMUDES,0.00,1.00,1.0,14,0,39,21,9,2025
274802,2025-09-21 15:00:00.000,H24,MISSION BERMUDES,0.00,1.00,1.0,15,0,39,21,9,2025
274818,2025-09-21 16:00:00.000,H24,MISSION BERMUDES,0.00,1.00,1.0,16,0,39,21,9,2025
274834,2025-09-21 17:00:00.000,H24,MISSION BERMUDES,0.00,1.00,1.0,17,0,39,21,9,2025
274850,2025-09-21 18:00:00.000,H24,MISSION BERMUDES,0.00,1.00,1.0,18,0,39,21,9,2025
274866,2025-09-21 19:00:00.000,H24,MISSION BERMUDES,0.00,0.55,0.55,19,0,39,21,9,2025
274882,2025-09-21 20:00:00.000,H24,MISSION BERMUDES,0.00,0.00,0.0,20,0,39,21,9,2025
274898,2025-09-21 21:00:00.000,H24,MISSION BERMUDES,0.00,0.00,0.0,21,0,39,21,9,2025
274914,2025-09-21 22:00:00.000,H24,MISSION BERMUDES,0.00,0.00,0.0,22,0,39,21,9,2025
274930,2025-09-21 23:00:00.000,H24,MISSION BERMUDES,0.00,0.00,0.0,23,0,39,21,9,2025
274946,2025-09-22 00:00:00.000,H24,MISSION BERMUDES,0.00,0.00,0.0,0,0,39,22,9,2025
274962,2025-09-22 01:00:00.000,H24,MISSION BERMUDES,0.00,0.00,0.0,1,0,39,22,9,2025
274978,2025-09-22 02:00:00.000,H24,MISSION BERMUDES,0.00,0.00,0.0,2,0,39,22,9,2025
274994,2025-09-22 03:00:00.000,H24,MISSION BERMUDES,0.00,0.00,0.0,3,0,39,22,9,2025
275010,2025-09-22 04:00:00.000,H24,MISSION BERMUDES,0.00,0.00,0.0,4,0,39,22,9,2025
275026,2025-09-22 05:00:00.000,H24,MISSION BERMUDES,0.00,0.00,0.0,5,0,39,22,9,2025
275042,2025-09-22 06:00:00.000,H24,MISSION BERMUDES,0.00,0.00,0.0,6,0,39,22,9,2025
275071,2025-09-25 07:00:00.000,H24,MISSION BERMUDES,0.00,0.00,0.0,7,0,39,25,9,2025
275085,2025-09-25 08:00:00.000,H24,MISSION BERMUDES,0.00,0.00,0.0,8,0,39,25,9,2025
275099,2025-09-25 09:00:00.000,H24,MISSION BERMUDES,0.00,0.00,0.0,9,0,39,25,9,2025
275113,2025-09-25 10:00:00.000,H24,MISSION BERMUDES,1.00,1.00,0.0,10,0,39,25,9,2025
275127,2025-09-25 11:00:00.000,H24,MISSION BERMUDES,1.00,1.00,0.0,11,0,39,25,9,2025
275141,2025-09-25 12:00:00.000,H24,MISSION BERMUDES,0.45,1.00,0.55,12,0,39,25,9,2025
275155,2025-09-25 13:00:00.000,H24,MISSION BERMUDES,0.00,1.00,1.0,13,0,39,25,9,2025
275169,2025-09-25 14:00:00.000,H24,MISSION BERMUDES,0.00,1.00,1.0,14,0,39,25,9,2025
275183,2025-09-25 15:00:00.000,H24,MISSION BERMUDES,0.20,1.00,0.8,15,0,39,25,9,2025
275197,2025-09-25 16:00:00.000,H24,MISSION BERMUDES,0.05,1.00,0.95,16,0,39,25,9,2025
275211,2025-09-25 17:00:00.000,H24,MISSION BERMUDES,0.30,1.00,0.7,17,0,39,25,9,2025
275225,2025-09-25 18:00:00.000,H24,MISSION BERMUDES,0.00,1.00,1.0,18,0,39,25,9,2025
275239,2025-09-25 19:00:00.000,H24,MISSION BERMUDES,0.00,0.55,0.55,19,0,39,25,9,2025
275253,2025-09-25 20:00:00.000,H24,MISSION BERMUDES,0.00,0.00,0.0,20,0,39,25,9,2025
275267,2025-09-25 21:00:00.000,H24,MISSION BERMUDES,0.00,0.00,0.0,21,0,39,25,9,2025
275281,2025-09-25 22:00:00.000,H24,MISSION BERMUDES,0.00,0.00,0.0,22,0,39,25,9,2025
275295,2025-09-25 23:00:00.000,H24,MISSION BERMUDES,0.00,0.00,0.0,23,0,39,25,9,2025
275309,2025-09-26 00:00:00.000,H24,MISSION BERMUDES,0.00,0.00,0.0,0,0,39,26,9,2025
275323,2025-09-26 01:00:00.000,H24,MISSION BERMUDES,0.00,0.00,0.0,1,0,39,26,9,2025
275337,2025-09-26 02:00:00.000,H24,MISSION BERMUDES,0.00,0.00,0.0,2,0,39,26,9,2025
275351,2025-09-26 03:00:00.000,H24,MISSION BERMUDES,0.00,0.00,0.0,3,0,39,26,9,2025
275365,2025-09-26 04:00:00.000,H24,MISSION BERMUDES,0.00,0.00,0.0,4,0,39,26,9,2025
275379,2025-09-26 05:00:00.000,H24,MISSION BERMUDES,0.00,0.00,0.0,5,0,39,26,9,2025
275393,2025-09-26 06:00:00.000,H24,MISSION BERMUDES,0.00,0.00,0.0,6,0,39,26,9,2025
275407,2025-09-26 07:00:00.000,H24,MISSION BERMUDES,0.00,0.00,0.0,7,0,39,26,9,2025
275421,2025-09-26 08:00:00.000,H24,MISSION BERMUDES,0.00,0.00,0.0,8,0,39,26,9,2025
275435,2025-09-26 09:00:00.000,H24,MISSION BERMUDES,0.00,0.00,0.0,9,0,39,26,9,2025
275450,2025-09-26 10:00:00.000,H24,MISSION BERMUDES,0.00,0.00,0.0,10,0,39,26,9,2025
275465,2025-09-26 11:00:00.000,H24,MISSION BERMUDES,0.00,0.00,0.0,11,0,39,26,9,2025
275480,2025-09-26 12:00:00.000,H24,MISSION BERMUDES,0.00,0.00,0.0,12,0,39,26,9,2025
275495,2025-09-26 13:00:00.000,H24,MISSION BERMUDES,0.00,1.00,1.0,13,0,39,26,9,2025
275510,2025-09-26 14:00:00.000,H24,MISSION BERMUDES,0.00,1.00,1.0,14,0,39,26,9,2025
275525,2025-09-26 15:00:00.000,H24,MISSION BERMUDES,0.15,1.00,0.85,15,0,39,26,9,2025
275540,2025-09-26 16:00:00.000,H24,MISSION BERMUDES,0.00,1.00,1.0,16,0,39,26,9,2025
275555,2025-09-26 17:00:00.000,H24,MISSION BERMUDES,0.00,1.00,1.0,17,0,39,26,9,2025
275570,2025-09-26 18:00:00.000,H24,MISSION BERMUDES,0.00,1.00,1.0,18,0,39,26,9,2025
275585,2025-09-26 19:00:00.000,H24,MISSION BERMUDES,0.00,0.55,0.55,19,0,39,26,9,2025
275600,2025-09-26 20:00:00.000,H24,MISSION BERMUDES,0.00,0.00,0.0,20,0,39,26,9,2025
275615,2025-09-26 21:00:00.000,H24,MISSION BERMUDES,0.00,0.00,0.0,21,0,39,26,9,2025
275630,2025-09-26 22:00:00.000,H24,MISSION BERMUDES,0.00,0.00,0.0,22,0,39,26,9,2025
275645,2025-09-26 23:00:00.000,H24,MISSION BERMUDES,0.00,0.00,0.0,23,0,39,26,9,2025
275660,2025-09-27 00:00:00.000,H24,MISSION BERMUDES,0.00,0.00,0.0,0,0,39,27,9,2025
275675,2025-09-27 01:00:00.000,H24,MISSION BERMUDES,0.00,0.00,0.0,1,0,39,27,9,2025
275690,2025-09-27 02:00:00.000,H24,MISSION BERMUDES,0.00,0.00,0.0,2,0,39,27,9,2025
275705,2025-09-27 03:00:00.000,H24,MISSION BERMUDES,0.00,0.00,0.0,3,0,39,27,9,2025
275720,2025-09-27 04:00:00.000,H24,MISSION BERMUDES,0.00,0.00,0.0,4,0,39,27,9,2025
275735,2025-09-27 05:00:00.000,H24,MISSION BERMUDES,0.00,0.00,0.0,5,0,39,27,9,2025
275750,2025-09-27 06:00:00.000,H24,MISSION BERMUDES,0.00,0.00,0.0,6,0,39,27,9,2025
275767,2025-09-27 07:00:00.000,H24,MISSION BERMUDES,0.00,0.00,0.0,7,0,39,27,9,2025
275784,2025-09-27 08:00:00.000,H24,MISSION BERMUDES,0.00,0.00,0.0,8,0,39,27,9,2025
275801,2025-09-27 09:00:00.000,H24,MISSION BERMUDES,0.00,0.50,0.5,9,0,39,27,9,2025
275818,2025-09-27 10:00:00.000,H24,MISSION BERMUDES,0.85,1.00,0.15,10,0,39,27,9,2025
275835,2025-09-27 11:00:00.000,H24,MISSION BERMUDES,0.85,1.00,0.15,11,0,39,27,9,2025
275852,2025-09-27 12:00:00.000,H24,MISSION BERMUDES,0.50,1.00,0.5,12,0,39,27,9,2025
275869,2025-09-27 13:00:00.000,H24,MISSION BERMUDES,1.00,1.00,0.0,13,0,39,27,9,2025
275886,2025-09-27 14:00:00.000,H24,MISSION BERMUDES,1.00,1.00,0.0,14,0,39,27,9,2025
275903,2025-09-27 15:00:00.000,H24,MISSION BERMUDES,1.00,1.00,0.0,15,0,39,27,9,2025
275920,2025-09-27 16:00:00.000,H24,MISSION BERMUDES,0.15,1.00,0.85,16,0,39,27,9,2025
275937,2025-09-27 17:00:00.000,H24,MISSION BERMUDES,1.00,1.00,0.0,17,0,39,27,9,2025
275954,2025-09-27 18:00:00.000,H24,MISSION BERMUDES,0.50,1.00,0.5,18,0,39,27,9,2025
275971,2025-09-27 19:00:00.000,H24,MISSION BERMUDES,0.00,1.00,1.0,19,0,39,27,9,2025
275988,2025-09-27 20:00:00.000,H24,MISSION BERMUDES,0.80,1.00,0.2,20,0,39,27,9,2025
276005,2025-09-27 21:00:00.000,H24,MISSION BERMUDES,0.10,0.05,0.0,21,0,39,27,9,2025
276022,2025-09-27 22:00:00.000,H24,MISSION BERMUDES,0.00,0.00,0.0,22,0,39,27,9,2025
276039,2025-09-27 23:00:00.000,H24,MISSION BERMUDES,0.00,0.00,0.0,23,0,39,27,9,2025
276056,2025-09-28 00:00:00.000,H24,MISSION BERMUDES,0.00,0.00,0.0,0,0,40,28,9,2025
276073,2025-09-28 01:00:00.000,H24,MISSION BERMUDES,0.00,0.00,0.0,1,0,40,28,9,2025
276090,2025-09-28 02:00:00.000,H24,MISSION BERMUDES,0.00,0.00,0.0,2,0,40,28,9,2025
276107,2025-09-28 03:00:00.000,H24,MISSION BERMUDES,0.00,0.00,0.0,3,0,40,28,9,2025
276124,2025-09-28 04:00:00.000,H24,MISSION BERMUDES,0.00,0.00,0.0,4,0,40,28,9,2025
276141,2025-09-28 05:00:00.000,H24,MISSION BERMUDES,0.00,0.00,0.0,5,0,40,28,9,2025
276158,2025-09-28 06:00:00.000,H24,MISSION BERMUDES,0.00,0.00,0.0,6,0,40,28,9,2025
276175,2025-09-28 07:00:00.000,H24,MISSION BERMUDES,0.00,0.00,0.0,7,0,40,28,9,2025
276192,2025-09-28 08:00:00.000,H24,MISSION BERMUDES,0.00,0.00,0.0,8,0,40,28,9,2025
276209,2025-09-28 09:00:00.000,H24,MISSION BERMUDES,0.60,0.50,0.0,9,0,40,28,9,2025
276226,2025-09-28 10:00:00.000,H24,MISSION BERMUDES,1.00,1.00,0.0,10,0,40,28,9,2025
276243,2025-09-28 11:00:00.000,H24,MISSION BERMUDES,1.00,1.00,0.0,11,0,40,28,9,2025
276260,2025-09-28 12:00:00.000,H24,MISSION BERMUDES,1.00,1.00,0.0,12,0,40,28,9,2025
276277,2025-09-28 13:00:00.000,H24,MISSION BERMUDES,1.00,1.00,0.0,13,0,40,28,9,2025
276294,2025-09-28 14:00:00.000,H24,MISSION BERMUDES,1.00,1.00,0.0,14,0,40,28,9,2025
276311,2025-09-28 15:00:00.000,H24,MISSION BERMUDES,1.00,1.00,0.0,15,0,40,28,9,2025
276328,2025-09-28 16:00:00.000,H24,MISSION BERMUDES,0.80,1.00,0.2,16,0,40,28,9,2025
276345,2025-09-28 17:00:00.000,H24,MISSION BERMUDES,0.00,1.00,1.0,17,0,40,28,9,2025
276362,2025-09-28 18:00:00.000,H24,MISSION BERMUDES,0.00,1.00,1.0,18,0,40,28,9,2025
276379,2025-09-28 19:00:00.000,H24,MISSION BERMUDES,0.00,0.55,0.55,19,0,40,28,9,2025
276396,2025-09-28 20:00:00.000,H24,MISSION BERMUDES,0.00,0.00,0.0,20,0,40,28,9,2025
276413,2025-09-28 21:00:00.000,H24,MISSION BERMUDES,0.00,0.00,0.0,21,0,40,28,9,2025
276430,2025-09-28 22:00:00.000,H24,MISSION BERMUDES,0.00,0.00,0.0,22,0,40,28,9,2025
276447,2025-09-28 23:00:00.000,H24,MISSION BERMUDES,0.00,0.00,0.0,23,0,40,28,9,2025
276464,2025-09-29 00:00:00.000,H24,MISSION BERMUDES,0.00,0.00,0.0,0,0,40,29,9,2025
276481,2025-09-29 01:00:00.000,H24,MISSION BERMUDES,0.00,0.00,0.0,1,0,40,29,9,2025
276498,2025-09-29 02:00:00.000,H24,MISSION BERMUDES,0.00,0.00,0.0,2,0,40,29,9,2025
276515,2025-09-29 03:00:00.000,H24,MISSION BERMUDES,0.00,0.00,0.0,3,0,40,29,9,2025
276532,2025-09-29 04:00:00.000,H24,MISSION BERMUDES,0.00,0.00,0.0,4,0,40,29,9,2025
276549,2025-09-29 05:00:00.000,H24,MISSION BERMUDES,0.00,0.00,0.0,5,0,40,29,9,2025
276566,2025-09-29 06:00:00.000,H24,MISSION BERMUDES,0.00,0.00,0.0,6,0,40,29,9,2025
276583,2025-09-29 07:00:00.000,H24,MISSION BERMUDES,0.00,0.00,0.0,7,0,40,29,9,2025
277320,2025-10-04 07:00:00.000,H24,MISSION BERMUDES,0.00,0.00,0.0,7,0,40,4,10,2025
277337,2025-10-04 08:00:00.000,H24,MISSION BERMUDES,0.00,0.00,0.0,8,0,40,4,10,2025
277354,2025-10-04 09:00:00.000,H24,MISSION BERMUDES,0.50,0.50,0.0,9,0,40,4,10,2025
277371,2025-10-04 10:00:00.000,H24,MISSION BERMUDES,1.00,1.00,0.0,10,0,40,4,10,2025
277388,2025-10-04 11:00:00.000,H24,MISSION BERMUDES,1.00,1.00,0.0,11,0,40,4,10,2025
277405,2025-10-04 12:00:00.000,H24,MISSION BERMUDES,1.00,1.00,0.0,12,0,40,4,10,2025
277422,2025-10-04 13:00:00.000,H24,MISSION BERMUDES,1.00,1.00,0.0,13,0,40,4,10,2025
277439,2025-10-04 14:00:00.000,H24,MISSION BERMUDES,1.00,1.00,0.0,14,0,40,4,10,2025
277456,2025-10-04 15:00:00.000,H24,MISSION BERMUDES,1.00,1.00,0.0,15,0,40,4,10,2025
277473,2025-10-04 16:00:00.000,H24,MISSION BERMUDES,1.00,1.00,0.0,16,0,40,4,10,2025
277490,2025-10-04 17:00:00.000,H24,MISSION BERMUDES,0.20,1.00,0.8,17,0,40,4,10,2025
277507,2025-10-04 18:00:00.000,H24,MISSION BERMUDES,0.00,1.00,1.0,18,0,40,4,10,2025
277524,2025-10-04 19:00:00.000,H24,MISSION BERMUDES,0.00,1.00,1.0,19,0,40,4,10,2025
277541,2025-10-04 20:00:00.000,H24,MISSION BERMUDES,0.00,1.00,1.0,20,0,40,4,10,2025
277558,2025-10-04 21:00:00.000,H24,MISSION BERMUDES,0.00,0.05,0.05,21,0,40,4,10,2025
277575,2025-10-04 22:00:00.000,H24,MISSION BERMUDES,0.00,0.00,0.0,22,0,40,4,10,2025
277592,2025-10-04 23:00:00.000,H24,MISSION BERMUDES,0.00,0.00,0.0,23,0,40,4,10,2025
277609,2025-10-05 00:00:00.000,H24,MISSION BERMUDES,0.00,0.00,0.0,0,0,41,5,10,2025
277626,2025-10-05 01:00:00.000,H24,MISSION BERMUDES,0.00,0.00,0.0,1,0,41,5,10,2025
277643,2025-10-05 02:00:00.000,H24,MISSION BERMUDES,0.00,0.00,0.0,2,0,41,5,10,2025
277660,2025-10-05 03:00:00.000,H24,MISSION BERMUDES,0.00,0.00,0.0,3,0,41,5,10,2025
277677,2025-10-05 04:00:00.000,H24,MISSION BERMUDES,0.00,0.00,0.0,4,0,41,5,10,2025
277694,2025-10-05 05:00:00.000,H24,MISSION BERMUDES,0.00,0.00,0.0,5,0,41,5,10,2025
277711,2025-10-05 06:00:00.000,H24,MISSION BERMUDES,0.00,0.00,0.0,6,0,41,5,10,2025
277728,2025-10-05 07:00:00.000,H24,MISSION BERMUDES,0.00,0.00,0.0,7,0,41,5,10,2025
277745,2025-10-05 08:00:00.000,H24,MISSION BERMUDES,0.00,0.00,0.0,8,0,41,5,10,2025
277762,2025-10-05 09:00:00.000,H24,MISSION BERMUDES,0.00,0.50,0.5,9,0,41,5,10,2025
277779,2025-10-05 10:00:00.000,H24,MISSION BERMUDES,0.00,1.00,1.0,10,0,41,5,10,2025
277796,2025-10-05 11:00:00.000,H24,MISSION BERMUDES,0.00,1.00,1.0,11,0,41,5,10,2025
277813,2025-10-05 12:00:00.000,H24,MISSION BERMUDES,0.30,1.00,0.7,12,0,41,5,10,2025
277830,2025-10-05 13:00:00.000,H24,MISSION BERMUDES,0.00,1.00,1.0,13,0,41,5,10,2025
277847,2025-10-05 14:00:00.000,H24,MISSION BERMUDES,0.00,1.00,1.0,14,0,41,5,10,2025
277864,2025-10-05 15:00:00.000,H24,MISSION BERMUDES,0.00,1.00,1.0,15,0,41,5,10,2025
277881,2025-10-05 16:00:00.000,H24,MISSION BERMUDES,0.00,1.00,1.0,16,0,41,5,10,2025
277898,2025-10-05 17:00:00.000,H24,MISSION BERMUDES,0.00,1.00,1.0,17,0,41,5,10,2025
277915,2025-10-05 18:00:00.000,H24,MISSION BERMUDES,0.00,1.00,1.0,18,0,41,5,10,2025
277932,2025-10-05 19:00:00.000,H24,MISSION BERMUDES,0.00,0.00,0.0,19,0,41,5,10,2025
277949,2025-10-05 20:00:00.000,H24,MISSION BERMUDES,0.00,0.00,0.0,20,0,41,5,10,2025
277966,2025-10-05 21:00:00.000,H24,MISSION BERMUDES,0.00,0.00,0.0,21,0,41,5,10,2025
277983,2025-10-05 22:00:00.000,H24,MISSION BERMUDES,0.00,0.00,0.0,22,0,41,5,10,2025
278000,2025-10-05 23:00:00.000,H24,MISSION BERMUDES,0.00,0.00,0.0,23,0,41,5,10,2025
278017,2025-10-06 00:00:00.000,H24,MISSION BERMUDES,0.00,0.00,0.0,0,0,41,6,10,2025
278034,2025-10-06 01:00:00.000,H24,MISSION BERMUDES,0.00,0.00,0.0,1,0,41,6,10,2025
278051,2025-10-06 02:00:00.000,H24,MISSION BERMUDES,0.00,0.00,0.0,2,0,41,6,10,2025
278068,2025-10-06 03:00:00.000,H24,MISSION BERMUDES,0.00,0.00,0.0,3,0,41,6,10,2025
278085,2025-10-06 04:00:00.000,H24,MISSION BERMUDES,0.00,0.00,0.0,4,0,41,6,10,2025
278102,2025-10-06 05:00:00.000,H24,MISSION BERMUDES,0.00,0.00,0.0,5,0,41,6,10,2025
278119,2025-10-06 06:00:00.000,H24,MISSION BERMUDES,0.00,0.00,0.0,6,0,41,6,10,2025
278136,2025-10-06 07:00:00.000,H24,MISSION BERMUDES,0.00,0.00,0.0,7,0,41,6,10,2025
278152,2025-10-09 07:00:00.000,H24,MISSION BERMUDES,0.00,0.00,0.0,7,0,41,9,10,2025
278168,2025-10-09 08:00:00.000,H24,MISSION BERMUDES,0.00,0.00,0.0,8,0,41,9,10,2025
278184,2025-10-09 09:00:00.000,H24,MISSION BERMUDES,0.00,0.00,0.0,9,0,41,9,10,2025
278200,2025-10-09 10:00:00.000,H24,MISSION BERMUDES,1.00,1.00,0.0,10,0,41,9,10,2025
278216,2025-10-09 11:00:00.000,H24,MISSION BERMUDES,0.20,1.00,0.8,11,0,41,9,10,2025
278232,2025-10-09 12:00:00.000,H24,MISSION BERMUDES,0.00,1.00,1.0,12,0,41,9,10,2025
278248,2025-10-09 13:00:00.000,H24,MISSION BERMUDES,0.00,1.00,1.0,13,0,41,9,10,2025
278264,2025-10-09 14:00:00.000,H24,MISSION BERMUDES,0.00,1.00,1.0,14,0,41,9,10,2025
278280,2025-10-09 15:00:00.000,H24,MISSION BERMUDES,0.00,1.00,1.0,15,0,41,9,10,2025
278296,2025-10-09 16:00:00.000,H24,MISSION BERMUDES,0.00,1.00,1.0,16,0,41,9,10,2025
278312,2025-10-09 17:00:00.000,H24,MISSION BERMUDES,0.00,1.00,1.0,17,0,41,9,10,2025
278328,2025-10-09 18:00:00.000,H24,MISSION BERMUDES,0.00,1.00,1.0,18,0,41,9,10,2025
278344,2025-10-09 19:00:00.000,H24,MISSION BERMUDES,0.00,0.55,0.55,19,0,41,9,10,2025
278360,2025-10-09 20:00:00.000,H24,MISSION BERMUDES,0.00,0.00,0.0,20,0,41,9,10,2025
278376,2025-10-09 21:00:00.000,H24,MISSION BERMUDES,0.00,0.00,0.0,21,0,41,9,10,2025
278392,2025-10-09 22:00:00.000,H24,MISSION BERMUDES,0.00,0.00,0.0,22,0,41,9,10,2025
278408,2025-10-09 23:00:00.000,H24,MISSION BERMUDES,0.00,0.00,0.0,23,0,41,9,10,2025
278424,2025-10-10 00:00:00.000,H24,MISSION BERMUDES,0.00,0.00,0.0,0,0,41,10,10,2025
278440,2025-10-10 01:00:00.000,H24,MISSION BERMUDES,0.00,0.00,0.0,1,0,41,10,10,2025
278456,2025-10-10 02:00:00.000,H24,MISSION BERMUDES,0.00,0.00,0.0,2,0,41,10,10,2025
278472,2025-10-10 03:00:00.000,H24,MISSION BERMUDES,0.00,0.00,0.0,3,0,41,10,10,2025
278488,2025-10-10 04:00:00.000,H24,MISSION BERMUDES,0.00,0.00,0.0,4,0,41,10,10,2025
278504,2025-10-10 05:00:00.000,H24,MISSION BERMUDES,0.00,0.00,0.0,5,0,41,10,10,2025
278520,2025-10-10 06:00:00.000,H24,MISSION BERMUDES,0.00,0.00,0.0,6,0,41,10,10,2025
278536,2025-10-10 07:00:00.000,H24,MISSION BERMUDES,0.00,0.00,0.0,7,0,41,10,10,2025
278551,2025-10-10 08:00:00.000,H24,MISSION BERMUDES,0.00,0.00,0.0,8,0,41,10,10,2025
278566,2025-10-10 09:00:00.000,H24,MISSION BERMUDES,0.00,0.00,0.0,9,0,41,10,10,2025
278581,2025-10-10 10:00:00.000,H24,MISSION BERMUDES,0.10,1.00,0.9,10,0,41,10,10,2025
278596,2025-10-10 11:00:00.000,H24,MISSION BERMUDES,0.00,1.00,1.0,11,0,41,10,10,2025
278611,2025-10-10 12:00:00.000,H24,MISSION BERMUDES,0.00,1.00,1.0,12,0,41,10,10,2025
278626,2025-10-10 13:00:00.000,H24,MISSION BERMUDES,0.00,1.00,1.0,13,0,41,10,10,2025
278641,2025-10-10 14:00:00.000,H24,MISSION BERMUDES,0.50,1.00,0.5,14,0,41,10,10,2025
278656,2025-10-10 15:00:00.000,H24,MISSION BERMUDES,1.00,1.00,0.0,15,0,41,10,10,2025
278671,2025-10-10 16:00:00.000,H24,MISSION BERMUDES,0.15,1.00,0.85,16,0,41,10,10,2025
278686,2025-10-10 17:00:00.000,H24,MISSION BERMUDES,0.00,1.00,1.0,17,0,41,10,10,2025
278701,2025-10-10 18:00:00.000,H24,MISSION BERMUDES,0.00,1.00,1.0,18,0,41,10,10,2025
278716,2025-10-10 19:00:00.000,H24,MISSION BERMUDES,0.00,0.55,0.55,19,0,41,10,10,2025
278731,2025-10-10 20:00:00.000,H24,MISSION BERMUDES,0.00,0.00,0.0,20,0,41,10,10,2025
278746,2025-10-10 21:00:00.000,H24,MISSION BERMUDES,0.00,0.00,0.0,21,0,41,10,10,2025
278761,2025-10-10 22:00:00.000,H24,MISSION BERMUDES,0.00,0.00,0.0,22,0,41,10,10,2025
278776,2025-10-10 23:00:00.000,H24,MISSION BERMUDES,0.00,0.00,0.0,23,0,41,10,10,2025
278791,2025-10-11 00:00:00.000,H24,MISSION BERMUDES,0.00,0.00,0.0,0,0,41,11,10,2025
278806,2025-10-11 01:00:00.000,H24,MISSION BERMUDES,0.00,0.00,0.0,1,0,41,11,10,2025
278821,2025-10-11 02:00:00.000,H24,MISSION BERMUDES,0.00,0.00,0.0,2,0,41,11,10,2025
278836,2025-10-11 03:00:00.000,H24,MISSION BERMUDES,0.00,0.00,0.0,3,0,41,11,10,2025
278851,2025-10-11 04:00:00.000,H24,MISSION BERMUDES,0.00,0.00,0.0,4,0,41,11,10,2025
278866,2025-10-11 05:00:00.000,H24,MISSION BERMUDES,0.00,0.00,0.0,5,0,41,11,10,2025
278881,2025-10-11 06:00:00.000,H24,MISSION BERMUDES,0.00,0.00,0.0,6,0,41,11,10,2025
278899,2025-10-11 07:00:00.000,H24,MISSION BERMUDES,0.00,0.00,0.0,7,0,41,11,10,2025
278917,2025-10-11 08:00:00.000,H24,MISSION BERMUDES,0.00,0.00,0.0,8,0,41,11,10,2025
278935,2025-10-11 09:00:00.000,H24,MISSION BERMUDES,0.00,0.50,0.5,9,0,41,11,10,2025
278953,2025-10-11 10:00:00.000,H24,MISSION BERMUDES,0.05,1.00,0.95,10,0,41,11,10,2025
278971,2025-10-11 11:00:00.000,H24,MISSION BERMUDES,0.00,1.00,1.0,11,0,41,11,10,2025
278989,2025-10-11 12:00:00.000,H24,MISSION BERMUDES,0.00,1.00,1.0,12,0,41,11,10,2025
279007,2025-10-11 13:00:00.000,H24,MISSION BERMUDES,0.00,1.00,1.0,13,0,41,11,10,2025
279025,2025-10-11 14:00:00.000,H24,MISSION BERMUDES,0.00,1.00,1.0,14,0,41,11,10,2025
279043,2025-10-11 15:00:00.000,H24,MISSION BERMUDES,0.00,1.00,1.0,15,0,41,11,10,2025
279061,2025-10-11 16:00:00.000,H24,MISSION BERMUDES,0.00,1.00,1.0,16,0,41,11,10,2025
279079,2025-10-11 17:00:00.000,H24,MISSION BERMUDES,0.00,1.00,1.0,17,0,41,11,10,2025
279097,2025-10-11 18:00:00.000,H24,MISSION BERMUDES,0.00,1.00,1.0,18,0,41,11,10,2025
279115,2025-10-11 19:00:00.000,H24,MISSION BERMUDES,0.00,1.00,1.0,19,0,41,11,10,2025
279133,2025-10-11 20:00:00.000,H24,MISSION BERMUDES,0.15,1.00,0.85,20,0,41,11,10,2025
279151,2025-10-11 21:00:00.000,H24,MISSION BERMUDES,1.00,0.05,0.0,21,0,41,11,10,2025
279169,2025-10-11 22:00:00.000,H24,MISSION BERMUDES,1.00,0.00,0.0,22,0,41,11,10,2025
279187,2025-10-11 23:00:00.000,H24,MISSION BERMUDES,1.00,0.00,0.0,23,0,41,11,10,2025
279205,2025-10-12 00:00:00.000,H24,MISSION BERMUDES,1.00,0.00,0.0,0,0,42,12,10,2025
279223,2025-10-12 01:00:00.000,H24,MISSION BERMUDES,1.00,0.00,0.0,1,0,42,12,10,2025
279241,2025-10-12 02:00:00.000,H24,MISSION BERMUDES,1.00,0.00,0.0,2,0,42,12,10,2025
279259,2025-10-12 03:00:00.000,H24,MISSION BERMUDES,1.00,0.00,0.0,3,0,42,12,10,2025
279277,2025-10-12 04:00:00.000,H24,MISSION BERMUDES,1.00,0.00,0.0,4,0,42,12,10,2025
279295,2025-10-12 05:00:00.000,H24,MISSION BERMUDES,1.00,0.00,0.0,5,0,42,12,10,2025
279313,2025-10-12 06:00:00.000,H24,MISSION BERMUDES,1.00,0.00,0.0,6,0,42,12,10,2025
279331,2025-10-12 07:00:00.000,H24,MISSION BERMUDES,1.00,0.55,0.0,7,0,42,12,10,2025
279349,2025-10-12 08:00:00.000,H24,MISSION BERMUDES,1.00,0.00,0.0,8,0,42,12,10,2025
279367,2025-10-12 09:00:00.000,H24,MISSION BERMUDES,0.65,0.50,0.0,9,0,42,12,10,2025
279385,2025-10-12 10:00:00.000,H24,MISSION BERMUDES,0.00,1.00,1.0,10,0,42,12,10,2025
279403,2025-10-12 11:00:00.000,H24,MISSION BERMUDES,0.00,1.00,1.0,11,0,42,12,10,2025
279421,2025-10-12 12:00:00.000,H24,MISSION BERMUDES,0.00,1.00,1.0,12,0,42,12,10,2025
279439,2025-10-12 13:00:00.000,H24,MISSION BERMUDES,0.00,1.00,1.0,13,0,42,12,10,2025
279457,2025-10-12 14:00:00.000,H24,MISSION BERMUDES,0.00,1.00,1.0,14,0,42,12,10,2025
279475,2025-10-12 15:00:00.000,H24,MISSION BERMUDES,0.00,1.00,1.0,15,0,42,12,10,2025
279493,2025-10-12 16:00:00.000,H24,MISSION BERMUDES,0.00,1.00,1.0,16,0,42,12,10,2025
279511,2025-10-12 17:00:00.000,H24,MISSION BERMUDES,0.00,1.00,1.0,17,0,42,12,10,2025
279529,2025-10-12 18:00:00.000,H24,MISSION BERMUDES,0.00,1.00,1.0,18,0,42,12,10,2025
279547,2025-10-12 19:00:00.000,H24,MISSION BERMUDES,0.00,0.00,0.0,19,0,42,12,10,2025
279565,2025-10-12 20:00:00.000,H24,MISSION BERMUDES,0.00,0.00,0.0,20,0,42,12,10,2025
279583,2025-10-12 21:00:00.000,H24,MISSION BERMUDES,0.00,0.00,0.0,21,0,42,12,10,2025
279601,2025-10-12 22:00:00.000,H24,MISSION BERMUDES,0.00,0.00,0.0,22,0,42,12,10,2025
279619,2025-10-12 23:00:00.000,H24,MISSION BERMUDES,0.00,0.00,0.0,23,0,42,12,10,2025
279637,2025-10-13 00:00:00.000,H24,MISSION BERMUDES,0.00,0.00,0.0,0,0,42,13,10,2025
279655,2025-10-13 01:00:00.000,H24,MISSION BERMUDES,0.00,0.00,0.0,1,0,42,13,10,2025
279673,2025-10-13 02:00:00.000,H24,MISSION BERMUDES,0.00,0.00,0.0,2,0,42,13,10,2025
279691,2025-10-13 03:00:00.000,H24,MISSION BERMUDES,0.00,0.00,0.0,3,0,42,13,10,2025
279709,2025-10-13 04:00:00.000,H24,MISSION BERMUDES,0.00,0.00,0.0,4,0,42,13,10,2025
279727,2025-10-13 05:00:00.000,H24,MISSION BERMUDES,0.00,0.00,0.0,5,0,42,13,10,2025
279745,2025-10-13 06:00:00.000,H24,MISSION BERMUDES,0.00,0.00,0.0,6,0,42,13,10,2025
279832,2025-10-16 07:00:00.000,H24,MISSION BERMUDES,0.00,0.00,0.0,7,0,42,16,10,2025
279848,2025-10-16 08:00:00.000,H24,MISSION BERMUDES,0.00,0.00,0.0,8,0,42,16,10,2025
279864,2025-10-16 09:00:00.000,H24,MISSION BERMUDES,0.00,0.00,0.0,9,0,42,16,10,2025
279880,2025-10-16 10:00:00.000,H24,MISSION BERMUDES,0.35,1.00,0.65,10,0,42,16,10,2025
279896,2025-10-16 11:00:00.000,H24,MISSION BERMUDES,0.00,1.00,1.0,11,0,42,16,10,2025
279912,2025-10-16 12:00:00.000,H24,MISSION BERMUDES,0.00,1.00,1.0,12,0,42,16,10,2025
279928,2025-10-16 13:00:00.000,H24,MISSION BERMUDES,0.05,1.00,0.95,13,0,42,16,10,2025
279944,2025-10-16 14:00:00.000,H24,MISSION BERMUDES,0.00,1.00,1.0,14,0,42,16,10,2025
279960,2025-10-16 15:00:00.000,H24,MISSION BERMUDES,0.00,1.00,1.0,15,0,42,16,10,2025
279976,2025-10-16 16:00:00.000,H24,MISSION BERMUDES,0.00,1.00,1.0,16,0,42,16,10,2025
279992,2025-10-16 17:00:00.000,H24,MISSION BERMUDES,0.00,1.00,1.0,17,0,42,16,10,2025
280008,2025-10-16 18:00:00.000,H24,MISSION BERMUDES,0.00,1.00,1.0,18,0,42,16,10,2025
280024,2025-10-16 19:00:00.000,H24,MISSION BERMUDES,0.00,0.55,0.55,19,0,42,16,10,2025
280040,2025-10-16 20:00:00.000,H24,MISSION BERMUDES,0.00,0.00,0.0,20,0,42,16,10,2025
280056,2025-10-16 21:00:00.000,H24,MISSION BERMUDES,0.00,0.00,0.0,21,0,42,16,10,2025
280072,2025-10-16 22:00:00.000,H24,MISSION BERMUDES,0.00,0.00,0.0,22,0,42,16,10,2025
280088,2025-10-16 23:00:00.000,H24,MISSION BERMUDES,0.00,0.00,0.0,23,0,42,16,10,2025
280104,2025-10-17 00:00:00.000,H24,MISSION BERMUDES,0.00,0.00,0.0,0,0,42,17,10,2025
280120,2025-10-17 01:00:00.000,H24,MISSION BERMUDES,0.00,0.00,0.0,1,0,42,17,10,2025
280136,2025-10-17 02:00:00.000,H24,MISSION BERMUDES,0.00,0.00,0.0,2,0,42,17,10,2025
280152,2025-10-17 03:00:00.000,H24,MISSION BERMUDES,0.00,0.00,0.0,3,0,42,17,10,2025
280168,2025-10-17 04:00:00.000,H24,MISSION BERMUDES,0.00,0.00,0.0,4,0,42,17,10,2025
280184,2025-10-17 05:00:00.000,H24,MISSION BERMUDES,0.00,0.00,0.0,5,0,42,17,10,2025
280200,2025-10-17 06:00:00.000,H24,MISSION BERMUDES,0.00,0.00,0.0,6,0,42,17,10,2025
280216,2025-10-17 07:00:00.000,H24,MISSION BERMUDES,0.00,0.00,0.0,7,0,42,17,10,2025
280232,2025-10-17 08:00:00.000,H24,MISSION BERMUDES,0.00,0.00,0.0,8,0,42,17,10,2025
280248,2025-10-17 09:00:00.000,H24,MISSION BERMUDES,0.00,0.00,0.0,9,0,42,17,10,2025
280264,2025-10-17 10:00:00.000,H24,MISSION BERMUDES,0.00,1.00,1.0,10,0,42,17,10,2025
280280,2025-10-17 11:00:00.000,H24,MISSION BERMUDES,0.00,1.00,1.0,11,0,42,17,10,2025
280296,2025-10-17 12:00:00.000,H24,MISSION BERMUDES,0.00,1.00,1.0,12,0,42,17,10,2025
280312,2025-10-17 13:00:00.000,H24,MISSION BERMUDES,0.00,1.00,1.0,13,0,42,17,10,2025
280328,2025-10-17 14:00:00.000,H24,MISSION BERMUDES,0.00,1.00,1.0,14,0,42,17,10,2025
280344,2025-10-17 15:00:00.000,H24,MISSION BERMUDES,0.00,1.00,1.0,15,0,42,17,10,2025
280360,2025-10-17 16:00:00.000,H24,MISSION BERMUDES,0.00,1.00,1.0,16,0,42,17,10,2025
280376,2025-10-17 17:00:00.000,H24,MISSION BERMUDES,0.00,1.00,1.0,17,0,42,17,10,2025
280392,2025-10-17 18:00:00.000,H24,MISSION BERMUDES,0.00,1.00,1.0,18,0,42,17,10,2025
280408,2025-10-17 19:00:00.000,H24,MISSION BERMUDES,0.00,0.55,0.55,19,0,42,17,10,2025
280424,2025-10-17 20:00:00.000,H24,MISSION BERMUDES,0.00,0.00,0.0,20,0,42,17,10,2025
280440,2025-10-17 21:00:00.000,H24,MISSION BERMUDES,0.00,0.00,0.0,21,0,42,17,10,2025
280456,2025-10-17 22:00:00.000,H24,MISSION BERMUDES,0.00,0.00,0.0,22,0,42,17,10,2025
280472,2025-10-17 23:00:00.000,H24,MISSION BERMUDES,0.00,0.00,0.0,23,0,42,17,10,2025
280488,2025-10-18 00:00:00.000,H24,MISSION BERMUDES,0.00,0.00,0.0,0,0,42,18,10,2025
280504,2025-10-18 01:00:00.000,H24,MISSION BERMUDES,0.00,0.00,0.0,1,0,42,18,10,2025
280520,2025-10-18 02:00:00.000,H24,MISSION BERMUDES,0.00,0.00,0.0,2,0,42,18,10,2025
280536,2025-10-18 03:00:00.000,H24,MISSION BERMUDES,0.00,0.00,0.0,3,0,42,18,10,2025
280552,2025-10-18 04:00:00.000,H24,MISSION BERMUDES,0.00,0.00,0.0,4,0,42,18,10,2025
280568,2025-10-18 05:00:00.000,H24,MISSION BERMUDES,0.00,0.00,0.0,5,0,42,18,10,2025
280584,2025-10-18 06:00:00.000,H24,MISSION BERMUDES,0.00,0.00,0.0,6,0,42,18,10,2025
280602,2025-10-18 07:00:00.000,H24,MISSION BERMUDES,0.00,0.00,0.0,7,0,42,18,10,2025
280620,2025-10-18 08:00:00.000,H24,MISSION BERMUDES,0.00,0.00,0.0,8,0,42,18,10,2025
280638,2025-10-18 09:00:00.000,H24,MISSION BERMUDES,0.00,0.50,0.5,9,0,42,18,10,2025
280656,2025-10-18 10:00:00.000,H24,MISSION BERMUDES,0.00,1.00,1.0,10,0,42,18,10,2025
280674,2025-10-18 11:00:00.000,H24,MISSION BERMUDES,0.00,1.00,1.0,11,0,42,18,10,2025
280692,2025-10-18 12:00:00.000,H24,MISSION BERMUDES,0.35,1.00,0.65,12,0,42,18,10,2025
280710,2025-10-18 13:00:00.000,H24,MISSION BERMUDES,0.60,1.00,0.4,13,0,42,18,10,2025
280728,2025-10-18 14:00:00.000,H24,MISSION BERMUDES,0.00,1.00,1.0,14,0,42,18,10,2025
280746,2025-10-18 15:00:00.000,H24,MISSION BERMUDES,0.00,1.00,1.0,15,0,42,18,10,2025
280764,2025-10-18 16:00:00.000,H24,MISSION BERMUDES,0.00,1.00,1.0,16,0,42,18,10,2025
280782,2025-10-18 17:00:00.000,H24,MISSION BERMUDES,0.00,1.00,1.0,17,0,42,18,10,2025
280800,2025-10-18 18:00:00.000,H24,MISSION BERMUDES,0.15,1.00,0.85,18,0,42,18,10,2025
280818,2025-10-18 19:00:00.000,H24,MISSION BERMUDES,0.00,1.00,1.0,19,0,42,18,10,2025
280836,2025-10-18 20:00:00.000,H24,MISSION BERMUDES,0.00,1.00,1.0,20,0,42,18,10,2025
280854,2025-10-18 21:00:00.000,H24,MISSION BERMUDES,0.00,0.55,0.55,21,0,42,18,10,2025
280872,2025-10-18 22:00:00.000,H24,MISSION BERMUDES,0.00,0.00,0.0,22,0,42,18,10,2025
280890,2025-10-18 23:00:00.000,H24,MISSION BERMUDES,0.00,0.00,0.0,23,0,42,18,10,2025
280908,2025-10-19 00:00:00.000,H24,MISSION BERMUDES,0.00,0.00,0.0,0,0,43,19,10,2025
280926,2025-10-19 01:00:00.000,H24,MISSION BERMUDES,0.00,0.00,0.0,1,0,43,19,10,2025
280944,2025-10-19 02:00:00.000,H24,MISSION BERMUDES,0.00,0.00,0.0,2,0,43,19,10,2025
280962,2025-10-19 03:00:00.000,H24,MISSION BERMUDES,0.00,0.00,0.0,3,0,43,19,10,2025
280980,2025-10-19 04:00:00.000,H24,MISSION BERMUDES,0.00,0.00,0.0,4,0,43,19,10,2025
280998,2025-10-19 05:00:00.000,H24,MISSION BERMUDES,0.00,0.00,0.0,5,0,43,19,10,2025
281016,2025-10-19 06:00:00.000,H24,MISSION BERMUDES,0.00,0.00,0.0,6,0,43,19,10,2025
281034,2025-10-19 07:00:00.000,H24,MISSION BERMUDES,0.00,0.00,0.0,7,0,43,19,10,2025
281052,2025-10-19 08:00:00.000,H24,MISSION BERMUDES,0.00,0.00,0.0,8,0,43,19,10,2025
281070,2025-10-19 09:00:00.000,H24,MISSION BERMUDES,0.00,0.50,0.5,9,0,43,19,10,2025
281088,2025-10-19 10:00:00.000,H24,MISSION BERMUDES,0.00,1.00,1.0,10,0,43,19,10,2025
281106,2025-10-19 11:00:00.000,H24,MISSION BERMUDES,0.00,1.00,1.0,11,0,43,19,10,2025
281124,2025-10-19 12:00:00.000,H24,MISSION BERMUDES,0.00,1.00,1.0,12,0,43,19,10,2025
281142,2025-10-19 13:00:00.000,H24,MISSION BERMUDES,0.00,1.00,1.0,13,0,43,19,10,2025
281160,2025-10-19 14:00:00.000,H24,MISSION BERMUDES,0.00,1.00,1.0,14,0,43,19,10,2025
281178,2025-10-19 15:00:00.000,H24,MISSION BERMUDES,0.00,1.00,1.0,15,0,43,19,10,2025
281196,2025-10-19 16:00:00.000,H24,MISSION BERMUDES,0.00,1.00,1.0,16,0,43,19,10,2025
281214,2025-10-19 17:00:00.000,H24,MISSION BERMUDES,0.00,1.00,1.0,17,0,43,19,10,2025
281232,2025-10-19 18:00:00.000,H24,MISSION BERMUDES,0.00,1.00,1.0,18,0,43,19,10,2025
281250,2025-10-19 19:00:00.000,H24,MISSION BERMUDES,0.00,1.00,1.0,19,0,43,19,10,2025
281268,2025-10-19 20:00:00.000,H24,MISSION BERMUDES,0.00,1.00,1.0,20,0,43,19,10,2025
281286,2025-10-19 21:00:00.000,H24,MISSION BERMUDES,0.00,0.55,0.55,21,0,43,19,10,2025
281304,2025-10-19 22:00:00.000,H24,MISSION BERMUDES,0.00,0.00,0.0,22,0,43,19,10,2025
281322,2025-10-19 23:00:00.000,H24,MISSION BERMUDES,0.00,0.00,0.0,23,0,43,19,10,2025
281340,2025-10-20 00:00:00.000,H24,MISSION BERMUDES,0.00,0.00,0.0,0,0,43,20,10,2025
281358,2025-10-20 01:00:00.000,H24,MISSION BERMUDES,0.00,0.00,0.0,1,0,43,20,10,2025
281376,2025-10-20 02:00:00.000,H24,MISSION BERMUDES,0.00,0.00,0.0,2,0,43,20,10,2025
281394,2025-10-20 03:00:00.000,H24,MISSION BERMUDES,0.00,0.00,0.0,3,0,43,20,10,2025
281412,2025-10-20 04:00:00.000,H24,MISSION BERMUDES,0.00,0.00,0.0,4,0,43,20,10,2025
281430,2025-10-20 05:00:00.000,H24,MISSION BERMUDES,0.00,0.00,0.0,5,0,43,20,10,2025
281448,2025-10-20 06:00:00.000,H24,MISSION BERMUDES,0.00,0.00,0.0,6,0,43,20,10,2025
281466,2025-10-20 07:00:00.000,H24,MISSION BERMUDES,0.00,0.00,0.0,7,0,43,20,10,2025
281484,2025-10-20 08:00:00.000,H24,MISSION BERMUDES,0.00,0.00,0.0,8,0,43,20,10,2025
281502,2025-10-20 09:00:00.000,H24,MISSION BERMUDES,0.00,0.50,0.5,9,0,43,20,10,2025
281520,2025-10-20 10:00:00.000,H24,MISSION BERMUDES,0.00,1.00,1.0,10,0,43,20,10,2025
281538,2025-10-20 11:00:00.000,H24,MISSION BERMUDES,0.00,1.00,1.0,11,0,43,20,10,2025
281556,2025-10-20 12:00:00.000,H24,MISSION BERMUDES,0.00,1.00,1.0,12,0,43,20,10,2025
281574,2025-10-20 13:00:00.000,H24,MISSION BERMUDES,0.00,1.00,1.0,13,0,43,20,10,2025
281592,2025-10-20 14:00:00.000,H24,MISSION BERMUDES,0.20,1.00,0.8,14,0,43,20,10,2025
281610,2025-10-20 15:00:00.000,H24,MISSION BERMUDES,0.00,1.00,1.0,15,0,43,20,10,2025
281628,2025-10-20 16:00:00.000,H24,MISSION BERMUDES,0.25,1.00,0.75,16,0,43,20,10,2025
281646,2025-10-20 17:00:00.000,H24,MISSION BERMUDES,0.00,1.00,1.0,17,0,43,20,10,2025
281664,2025-10-20 18:00:00.000,H24,MISSION BERMUDES,0.40,1.00,0.6,18,0,43,20,10,2025
281682,2025-10-20 19:00:00.000,H24,MISSION BERMUDES,0.00,1.00,1.0,19,0,43,20,10,2025
281700,2025-10-20 20:00:00.000,H24,MISSION BERMUDES,0.00,1.00,1.0,20,0,43,20,10,2025
281718,2025-10-20 21:00:00.000,H24,MISSION BERMUDES,0.00,0.55,0.55,21,0,43,20,10,2025
281736,2025-10-20 22:00:00.000,H24,MISSION BERMUDES,0.00,0.00,0.0,22,0,43,20,10,2025
281754,2025-10-20 23:00:00.000,H24,MISSION BERMUDES,0.00,0.00,0.0,23,0,43,20,10,2025
281772,2025-10-21 00:00:00.000,H24,MISSION BERMUDES,0.00,0.00,0.0,0,0,43,21,10,2025
281790,2025-10-21 01:00:00.000,H24,MISSION BERMUDES,0.00,0.00,0.0,1,0,43,21,10,2025
281808,2025-10-21 02:00:00.000,H24,MISSION BERMUDES,0.00,0.00,0.0,2,0,43,21,10,2025
281826,2025-10-21 03:00:00.000,H24,MISSION BERMUDES,0.00,0.00,0.0,3,0,43,21,10,2025
281844,2025-10-21 04:00:00.000,H24,MISSION BERMUDES,0.00,0.00,0.0,4,0,43,21,10,2025
281862,2025-10-21 05:00:00.000,H24,MISSION BERMUDES,0.00,0.00,0.0,5,0,43,21,10,2025
281880,2025-10-21 06:00:00.000,H24,MISSION BERMUDES,0.00,0.00,0.0,6,0,43,21,10,2025
281898,2025-10-21 07:00:00.000,H24,MISSION BERMUDES,0.00,0.00,0.0,7,0,43,21,10,2025
281916,2025-10-21 08:00:00.000,H24,MISSION BERMUDES,0.00,0.00,0.0,8,0,43,21,10,2025
281934,2025-10-21 09:00:00.000,H24,MISSION BERMUDES,0.00,0.50,0.5,9,0,43,21,10,2025
281952,2025-10-21 10:00:00.000,H24,MISSION BERMUDES,0.30,1.00,0.7,10,0,43,21,10,2025
281970,2025-10-21 11:00:00.000,H24,MISSION BERMUDES,0.00,1.00,1.0,11,0,43,21,10,2025
281988,2025-10-21 12:00:00.000,H24,MISSION BERMUDES,0.00,1.00,1.0,12,0,43,21,10,2025
282006,2025-10-21 13:00:00.000,H24,MISSION BERMUDES,0.00,1.00,1.0,13,0,43,21,10,2025
282024,2025-10-21 14:00:00.000,H24,MISSION BERMUDES,0.00,1.00,1.0,14,0,43,21,10,2025
282042,2025-10-21 15:00:00.000,H24,MISSION BERMUDES,0.00,1.00,1.0,15,0,43,21,10,2025
282060,2025-10-21 16:00:00.000,H24,MISSION BERMUDES,0.00,1.00,1.0,16,0,43,21,10,2025
282078,2025-10-21 17:00:00.000,H24,MISSION BERMUDES,0.00,1.00,1.0,17,0,43,21,10,2025
282096,2025-10-21 18:00:00.000,H24,MISSION BERMUDES,0.60,1.00,0.4,18,0,43,21,10,2025
282114,2025-10-21 19:00:00.000,H24,MISSION BERMUDES,1.00,1.00,0.0,19,0,43,21,10,2025
282132,2025-10-21 20:00:00.000,H24,MISSION BERMUDES,1.00,1.00,0.0,20,0,43,21,10,2025
282150,2025-10-21 21:00:00.000,H24,MISSION BERMUDES,1.00,0.55,0.0,21,0,43,21,10,2025
282168,2025-10-21 22:00:00.000,H24,MISSION BERMUDES,1.00,0.00,0.0,22,0,43,21,10,2025
282186,2025-10-21 23:00:00.000,H24,MISSION BERMUDES,1.00,0.00,0.0,23,0,43,21,10,2025
282204,2025-10-22 00:00:00.000,H24,MISSION BERMUDES,1.00,0.00,0.0,0,0,43,22,10,2025
282222,2025-10-22 01:00:00.000,H24,MISSION BERMUDES,1.00,0.00,0.0,1,0,43,22,10,2025
282240,2025-10-22 02:00:00.000,H24,MISSION BERMUDES,1.00,0.00,0.0,2,0,43,22,10,2025
282258,2025-10-22 03:00:00.000,H24,MISSION BERMUDES,1.00,0.00,0.0,3,0,43,22,10,2025
282276,2025-10-22 04:00:00.000,H24,MISSION BERMUDES,1.00,0.00,0.0,4,0,43,22,10,2025
282294,2025-10-22 05:00:00.000,H24,MISSION BERMUDES,1.00,0.00,0.0,5,0,43,22,10,2025
282312,2025-10-22 06:00:00.000,H24,MISSION BERMUDES,1.00,0.00,0.0,6,0,43,22,10,2025
282330,2025-10-22 07:00:00.000,H24,MISSION BERMUDES,1.00,0.00,0.0,7,0,43,22,10,2025
282348,2025-10-22 08:00:00.000,H24,MISSION BERMUDES,1.00,0.00,0.0,8,0,43,22,10,2025
282366,2025-10-22 09:00:00.000,H24,MISSION BERMUDES,1.00,0.50,0.0,9,0,43,22,10,2025
282384,2025-10-22 10:00:00.000,H24,MISSION BERMUDES,0.40,1.00,0.6,10,0,43,22,10,2025
282402,2025-10-22 11:00:00.000,H24,MISSION BERMUDES,0.00,1.00,1.0,11,0,43,22,10,2025
282420,2025-10-22 12:00:00.000,H24,MISSION BERMUDES,0.00,1.00,1.0,12,0,43,22,10,2025
282438,2025-10-22 13:00:00.000,H24,MISSION BERMUDES,0.00,1.00,1.0,13,0,43,22,10,2025
282456,2025-10-22 14:00:00.000,H24,MISSION BERMUDES,0.00,1.00,1.0,14,0,43,22,10,2025
282474,2025-10-22 15:00:00.000,H24,MISSION BERMUDES,0.00,1.00,1.0,15,0,43,22,10,2025
282492,2025-10-22 16:00:00.000,H24,MISSION BERMUDES,0.25,1.00,0.75,16,0,43,22,10,2025
282510,2025-10-22 17:00:00.000,H24,MISSION BERMUDES,0.00,1.00,1.0,17,0,43,22,10,2025
282528,2025-10-22 18:00:00.000,H24,MISSION BERMUDES,0.30,1.00,0.7,18,0,43,22,10,2025
282546,2025-10-22 19:00:00.000,H24,MISSION BERMUDES,0.00,1.00,1.0,19,0,43,22,10,2025
282564,2025-10-22 20:00:00.000,H24,MISSION BERMUDES,0.00,1.00,1.0,20,0,43,22,10,2025
282582,2025-10-22 21:00:00.000,H24,MISSION BERMUDES,0.00,0.50,0.5,21,0,43,22,10,2025
282600,2025-10-22 22:00:00.000,H24,MISSION BERMUDES,0.00,0.00,0.0,22,0,43,22,10,2025
282618,2025-10-22 23:00:00.000,H24,MISSION BERMUDES,0.00,0.00,0.0,23,0,43,22,10,2025
282636,2025-10-23 00:00:00.000,H24,MISSION BERMUDES,0.00,0.00,0.0,0,0,43,23,10,2025
282654,2025-10-23 01:00:00.000,H24,MISSION BERMUDES,0.00,0.00,0.0,1,0,43,23,10,2025
282672,2025-10-23 02:00:00.000,H24,MISSION BERMUDES,0.00,0.00,0.0,2,0,43,23,10,2025
282690,2025-10-23 03:00:00.000,H24,MISSION BERMUDES,0.00,0.00,0.0,3,0,43,23,10,2025
282708,2025-10-23 04:00:00.000,H24,MISSION BERMUDES,0.00,0.00,0.0,4,0,43,23,10,2025
282726,2025-10-23 05:00:00.000,H24,MISSION BERMUDES,0.00,0.00,0.0,5,0,43,23,10,2025
282744,2025-10-23 06:00:00.000,H24,MISSION BERMUDES,0.00,0.00,0.0,6,0,43,23,10,2025
282761,2025-10-23 07:00:00.000,H24,MISSION BERMUDES,0.00,0.00,0.0,7,0,43,23,10,2025
282778,2025-10-23 08:00:00.000,H24,MISSION BERMUDES,0.00,0.00,0.0,8,0,43,23,10,2025
282795,2025-10-23 09:00:00.000,H24,MISSION BERMUDES,0.65,0.50,0.0,9,0,43,23,10,2025
282812,2025-10-23 10:00:00.000,H24,MISSION BERMUDES,1.00,1.00,0.0,10,0,43,23,10,2025
282829,2025-10-23 11:00:00.000,H24,MISSION BERMUDES,1.00,1.00,0.0,11,0,43,23,10,2025
282846,2025-10-23 12:00:00.000,H24,MISSION BERMUDES,1.00,1.00,0.0,12,0,43,23,10,2025
282863,2025-10-23 13:00:00.000,H24,MISSION BERMUDES,1.00,1.00,0.0,13,0,43,23,10,2025
282880,2025-10-23 14:00:00.000,H24,MISSION BERMUDES,1.00,1.00,0.0,14,0,43,23,10,2025
282897,2025-10-23 15:00:00.000,H24,MISSION BERMUDES,1.00,1.00,0.0,15,0,43,23,10,2025
282914,2025-10-23 16:00:00.000,H24,MISSION BERMUDES,1.00,1.00,0.0,16,0,43,23,10,2025
282931,2025-10-23 17:00:00.000,H24,MISSION BERMUDES,1.00,1.00,0.0,17,0,43,23,10,2025
282948,2025-10-23 18:00:00.000,H24,MISSION BERMUDES,1.00,1.00,0.0,18,0,43,23,10,2025
282965,2025-10-23 19:00:00.000,H24,MISSION BERMUDES,1.00,1.00,0.0,19,0,43,23,10,2025
282982,2025-10-23 20:00:00.000,H24,MISSION BERMUDES,1.00,1.00,0.0,20,0,43,23,10,2025
282999,2025-10-23 21:00:00.000,H24,MISSION BERMUDES,1.00,0.55,0.0,21,0,43,23,10,2025
283016,2025-10-23 22:00:00.000,H24,MISSION BERMUDES,1.00,0.00,0.0,22,0,43,23,10,2025
283033,2025-10-23 23:00:00.000,H24,MISSION BERMUDES,1.00,0.00,0.0,23,0,43,23,10,2025
283050,2025-10-24 00:00:00.000,H24,MISSION BERMUDES,1.00,0.00,0.0,0,0,43,24,10,2025
283067,2025-10-24 01:00:00.000,H24,MISSION BERMUDES,1.00,0.00,0.0,1,0,43,24,10,2025
283084,2025-10-24 02:00:00.000,H24,MISSION BERMUDES,1.00,0.00,0.0,2,0,43,24,10,2025
283101,2025-10-24 03:00:00.000,H24,MISSION BERMUDES,1.00,0.00,0.0,3,0,43,24,10,2025
283118,2025-10-24 04:00:00.000,H24,MISSION BERMUDES,1.00,0.00,0.0,4,0,43,24,10,2025
283135,2025-10-24 05:00:00.000,H24,MISSION BERMUDES,1.00,0.00,0.0,5,0,43,24,10,2025
283152,2025-10-24 06:00:00.000,H24,MISSION BERMUDES,1.00,0.00,0.0,6,0,43,24,10,2025
283170,2025-10-24 07:00:00.000,H24,MISSION BERMUDES,1.00,0.00,0.0,7,0,43,24,10,2025
283188,2025-10-24 08:00:00.000,H24,MISSION BERMUDES,1.00,0.00,0.0,8,0,43,24,10,2025
283206,2025-10-24 09:00:00.000,H24,MISSION BERMUDES,0.95,0.50,0.0,9,0,43,24,10,2025
283224,2025-10-24 10:00:00.000,H24,MISSION BERMUDES,0.00,1.00,1.0,10,0,43,24,10,2025
283242,2025-10-24 11:00:00.000,H24,MISSION BERMUDES,0.00,1.00,1.0,11,0,43,24,10,2025
283260,2025-10-24 12:00:00.000,H24,MISSION BERMUDES,0.00,1.00,1.0,12,0,43,24,10,2025
283278,2025-10-24 13:00:00.000,H24,MISSION BERMUDES,0.00,1.00,1.0,13,0,43,24,10,2025
283296,2025-10-24 14:00:00.000,H24,MISSION BERMUDES,0.00,1.00,1.0,14,0,43,24,10,2025
283314,2025-10-24 15:00:00.000,H24,MISSION BERMUDES,0.00,1.00,1.0,15,0,43,24,10,2025
283332,2025-10-24 16:00:00.000,H24,MISSION BERMUDES,0.00,1.00,1.0,16,0,43,24,10,2025
283350,2025-10-24 17:00:00.000,H24,MISSION BERMUDES,0.00,1.00,1.0,17,0,43,24,10,2025
283368,2025-10-24 18:00:00.000,H24,MISSION BERMUDES,0.90,1.00,0.1,18,0,43,24,10,2025
283386,2025-10-24 19:00:00.000,H24,MISSION BERMUDES,0.05,1.00,0.95,19,0,43,24,10,2025
283404,2025-10-24 20:00:00.000,H24,MISSION BERMUDES,0.00,1.00,1.0,20,0,43,24,10,2025
283422,2025-10-24 21:00:00.000,H24,MISSION BERMUDES,0.00,0.50,0.5,21,0,43,24,10,2025
283440,2025-10-24 22:00:00.000,H24,MISSION BERMUDES,0.00,0.00,0.0,22,0,43,24,10,2025
283458,2025-10-24 23:00:00.000,H24,MISSION BERMUDES,0.00,0.00,0.0,23,0,43,24,10,2025
283476,2025-10-25 00:00:00.000,H24,MISSION BERMUDES,0.00,0.00,0.0,0,0,43,25,10,2025
283494,2025-10-25 01:00:00.000,H24,MISSION BERMUDES,0.00,0.00,0.0,1,0,43,25,10,2025
283512,2025-10-25 02:00:00.000,H24,MISSION BERMUDES,0.00,0.00,0.0,2,0,43,25,10,2025
283530,2025-10-25 03:00:00.000,H24,MISSION BERMUDES,0.00,0.00,0.0,3,0,43,25,10,2025
283548,2025-10-25 04:00:00.000,H24,MISSION BERMUDES,0.00,0.00,0.0,4,0,43,25,10,2025
283566,2025-10-25 05:00:00.000,H24,MISSION BERMUDES,0.00,0.00,0.0,5,0,43,25,10,2025
283584,2025-10-25 06:00:00.000,H24,MISSION BERMUDES,0.00,0.00,0.0,6,0,43,25,10,2025
283602,2025-10-25 07:00:00.000,H24,MISSION BERMUDES,0.00,0.00,0.0,7,0,43,25,10,2025
283620,2025-10-25 08:00:00.000,H24,MISSION BERMUDES,0.00,0.00,0.0,8,0,43,25,10,2025
283638,2025-10-25 09:00:00.000,H24,MISSION BERMUDES,0.00,0.50,0.5,9,0,43,25,10,2025
283656,2025-10-25 10:00:00.000,H24,MISSION BERMUDES,0.00,1.00,1.0,10,0,43,25,10,2025
283674,2025-10-25 11:00:00.000,H24,MISSION BERMUDES,0.15,1.00,0.85,11,0,43,25,10,2025
283692,2025-10-25 12:00:00.000,H24,MISSION BERMUDES,0.60,1.00,0.4,12,0,43,25,10,2025
283710,2025-10-25 13:00:00.000,H24,MISSION BERMUDES,0.00,1.00,1.0,13,0,43,25,10,2025
283728,2025-10-25 14:00:00.000,H24,MISSION BERMUDES,0.00,1.00,1.0,14,0,43,25,10,2025
283746,2025-10-25 15:00:00.000,H24,MISSION BERMUDES,0.00,1.00,1.0,15,0,43,25,10,2025
283764,2025-10-25 16:00:00.000,H24,MISSION BERMUDES,0.20,1.00,0.8,16,0,43,25,10,2025
283782,2025-10-25 17:00:00.000,H24,MISSION BERMUDES,0.00,1.00,1.0,17,0,43,25,10,2025
283800,2025-10-25 18:00:00.000,H24,MISSION BERMUDES,0.35,1.00,0.65,18,0,43,25,10,2025
283818,2025-10-25 19:00:00.000,H24,MISSION BERMUDES,0.20,1.00,0.8,19,0,43,25,10,2025
283836,2025-10-25 20:00:00.000,H24,MISSION BERMUDES,1.00,1.00,0.0,20,0,43,25,10,2025
283854,2025-10-25 21:00:00.000,H24,MISSION BERMUDES,1.00,0.55,0.0,21,0,43,25,10,2025
283872,2025-10-25 22:00:00.000,H24,MISSION BERMUDES,1.00,0.00,0.0,22,0,43,25,10,2025
283890,2025-10-25 23:00:00.000,H24,MISSION BERMUDES,1.00,0.00,0.0,23,0,43,25,10,2025
283908,2025-10-26 00:00:00.000,H24,MISSION BERMUDES,1.00,0.00,0.0,0,0,44,26,10,2025
283926,2025-10-26 01:00:00.000,H24,MISSION BERMUDES,1.00,0.00,0.0,1,0,44,26,10,2025
283944,2025-10-26 02:00:00.000,H24,MISSION BERMUDES,1.00,0.00,0.0,2,0,44,26,10,2025
283962,2025-10-26 03:00:00.000,H24,MISSION BERMUDES,1.00,0.00,0.0,3,0,44,26,10,2025
283980,2025-10-26 04:00:00.000,H24,MISSION BERMUDES,1.00,0.00,0.0,4,0,44,26,10,2025
283998,2025-10-26 05:00:00.000,H24,MISSION BERMUDES,1.00,0.00,0.0,5,0,44,26,10,2025
284016,2025-10-26 06:00:00.000,H24,MISSION BERMUDES,1.00,0.00,0.0,6,0,44,26,10,2025
284034,2025-10-26 07:00:00.000,H24,MISSION BERMUDES,1.00,0.00,0.0,7,0,44,26,10,2025
284052,2025-10-26 08:00:00.000,H24,MISSION BERMUDES,0.60,0.00,0.0,8,0,44,26,10,2025
284070,2025-10-26 09:00:00.000,H24,MISSION BERMUDES,0.05,0.50,0.45,9,0,44,26,10,2025
284088,2025-10-26 10:00:00.000,H24,MISSION BERMUDES,0.10,1.00,0.9,10,0,44,26,10,2025
284106,2025-10-26 11:00:00.000,H24,MISSION BERMUDES,0.00,1.00,1.0,11,0,44,26,10,2025
284124,2025-10-26 12:00:00.000,H24,MISSION BERMUDES,0.00,1.00,1.0,12,0,44,26,10,2025
284142,2025-10-26 13:00:00.000,H24,MISSION BERMUDES,0.15,1.00,0.85,13,0,44,26,10,2025
284160,2025-10-26 14:00:00.000,H24,MISSION BERMUDES,0.55,1.00,0.45,14,0,44,26,10,2025
284178,2025-10-26 15:00:00.000,H24,MISSION BERMUDES,0.00,1.00,1.0,15,0,44,26,10,2025
284196,2025-10-26 16:00:00.000,H24,MISSION BERMUDES,0.00,1.00,1.0,16,0,44,26,10,2025
284214,2025-10-26 17:00:00.000,H24,MISSION BERMUDES,0.35,1.00,0.65,17,0,44,26,10,2025
284232,2025-10-26 18:00:00.000,H24,MISSION BERMUDES,1.00,1.00,0.0,18,0,44,26,10,2025
284250,2025-10-26 19:00:00.000,H24,MISSION BERMUDES,1.00,1.00,0.0,19,0,44,26,10,2025
284268,2025-10-26 20:00:00.000,H24,MISSION BERMUDES,1.00,1.00,0.0,20,0,44,26,10,2025
284286,2025-10-26 21:00:00.000,H24,MISSION BERMUDES,1.00,0.55,0.0,21,0,44,26,10,2025
284304,2025-10-26 22:00:00.000,H24,MISSION BERMUDES,1.00,0.00,0.0,22,0,44,26,10,2025
284322,2025-10-26 23:00:00.000,H24,MISSION BERMUDES,1.00,0.00,0.0,23,0,44,26,10,2025
284340,2025-10-27 00:00:00.000,H24,MISSION BERMUDES,1.00,0.00,0.0,0,0,44,27,10,2025
284358,2025-10-27 01:00:00.000,H24,MISSION BERMUDES,1.00,0.00,0.0,1,0,44,27,10,2025
284376,2025-10-27 02:00:00.000,H24,MISSION BERMUDES,1.00,0.00,0.0,2,0,44,27,10,2025
284394,2025-10-27 03:00:00.000,H24,MISSION BERMUDES,1.00,0.00,0.0,3,0,44,27,10,2025
284412,2025-10-27 04:00:00.000,H24,MISSION BERMUDES,1.00,0.00,0.0,4,0,44,27,10,2025
284430,2025-10-27 05:00:00.000,H24,MISSION BERMUDES,1.00,0.00,0.0,5,0,44,27,10,2025
284448,2025-10-27 06:00:00.000,H24,MISSION BERMUDES,1.00,0.00,0.0,6,0,44,27,10,2025
284466,2025-10-27 07:00:00.000,H24,MISSION BERMUDES,1.00,0.00,0.0,7,0,44,27,10,2025
284484,2025-10-27 08:00:00.000,H24,MISSION BERMUDES,1.00,0.00,0.0,8,0,44,27,10,2025
284502,2025-10-27 09:00:00.000,H24,MISSION BERMUDES,0.15,0.50,0.35,9,0,44,27,10,2025
284520,2025-10-27 10:00:00.000,H24,MISSION BERMUDES,0.00,1.00,1.0,10,0,44,27,10,2025
284538,2025-10-27 11:00:00.000,H24,MISSION BERMUDES,0.00,1.00,1.0,11,0,44,27,10,2025
284556,2025-10-27 12:00:00.000,H24,MISSION BERMUDES,0.65,1.00,0.35,12,0,44,27,10,2025
284574,2025-10-27 13:00:00.000,H24,MISSION BERMUDES,0.25,1.00,0.75,13,0,44,27,10,2025
284592,2025-10-27 14:00:00.000,H24,MISSION BERMUDES,0.00,1.00,1.0,14,0,44,27,10,2025
284610,2025-10-27 15:00:00.000,H24,MISSION BERMUDES,0.00,1.00,1.0,15,0,44,27,10,2025
284628,2025-10-27 16:00:00.000,H24,MISSION BERMUDES,0.00,1.00,1.0,16,0,44,27,10,2025
284646,2025-10-27 17:00:00.000,H24,MISSION BERMUDES,0.00,1.00,1.0,17,0,44,27,10,2025
284664,2025-10-27 18:00:00.000,H24,MISSION BERMUDES,0.00,1.00,1.0,18,0,44,27,10,2025
284682,2025-10-27 19:00:00.000,H24,MISSION BERMUDES,0.00,1.00,1.0,19,0,44,27,10,2025
284700,2025-10-27 20:00:00.000,H24,MISSION BERMUDES,0.30,1.00,0.7,20,0,44,27,10,2025
284718,2025-10-27 21:00:00.000,H24,MISSION BERMUDES,0.00,0.55,0.55,21,0,44,27,10,2025
284736,2025-10-27 22:00:00.000,H24,MISSION BERMUDES,0.00,0.00,0.0,22,0,44,27,10,2025
284754,2025-10-27 23:00:00.000,H24,MISSION BERMUDES,0.00,0.00,0.0,23,0,44,27,10,2025
284772,2025-10-28 00:00:00.000,H24,MISSION BERMUDES,0.00,0.00,0.0,0,0,44,28,10,2025
284790,2025-10-28 01:00:00.000,H24,MISSION BERMUDES,0.00,0.00,0.0,1,0,44,28,10,2025
284808,2025-10-28 02:00:00.000,H24,MISSION BERMUDES,0.00,0.00,0.0,2,0,44,28,10,2025
284826,2025-10-28 03:00:00.000,H24,MISSION BERMUDES,0.00,0.00,0.0,3,0,44,28,10,2025
284844,2025-10-28 04:00:00.000,H24,MISSION BERMUDES,0.00,0.00,0.0,4,0,44,28,10,2025
284862,2025-10-28 05:00:00.000,H24,MISSION BERMUDES,0.00,0.00,0.0,5,0,44,28,10,2025
284880,2025-10-28 06:00:00.000,H24,MISSION BERMUDES,0.00,0.00,0.0,6,0,44,28,10,2025
284898,2025-10-28 07:00:00.000,H24,MISSION BERMUDES,0.00,0.00,0.0,7,0,44,28,10,2025
284916,2025-10-28 08:00:00.000,H24,MISSION BERMUDES,0.00,0.00,0.0,8,0,44,28,10,2025
284934,2025-10-28 09:00:00.000,H24,MISSION BERMUDES,0.05,0.50,0.45,9,0,44,28,10,2025
284952,2025-10-28 10:00:00.000,H24,MISSION BERMUDES,0.00,1.00,1.0,10,0,44,28,10,2025
284970,2025-10-28 11:00:00.000,H24,MISSION BERMUDES,0.00,1.00,1.0,11,0,44,28,10,2025
284988,2025-10-28 12:00:00.000,H24,MISSION BERMUDES,0.00,1.00,1.0,12,0,44,28,10,2025
285006,2025-10-28 13:00:00.000,H24,MISSION BERMUDES,0.00,1.00,1.0,13,0,44,28,10,2025
285024,2025-10-28 14:00:00.000,H24,MISSION BERMUDES,0.00,1.00,1.0,14,0,44,28,10,2025
285042,2025-10-28 15:00:00.000,H24,MISSION BERMUDES,0.20,1.00,0.8,15,0,44,28,10,2025
285060,2025-10-28 16:00:00.000,H24,MISSION BERMUDES,0.00,1.00,1.0,16,0,44,28,10,2025
285078,2025-10-28 17:00:00.000,H24,MISSION BERMUDES,0.60,1.00,0.4,17,0,44,28,10,2025
285096,2025-10-28 18:00:00.000,H24,MISSION BERMUDES,0.00,1.00,1.0,18,0,44,28,10,2025
285114,2025-10-28 19:00:00.000,H24,MISSION BERMUDES,0.35,1.00,0.65,19,0,44,28,10,2025
285132,2025-10-28 20:00:00.000,H24,MISSION BERMUDES,0.00,1.00,1.0,20,0,44,28,10,2025
285150,2025-10-28 21:00:00.000,H24,MISSION BERMUDES,0.00,0.55,0.55,21,0,44,28,10,2025
285168,2025-10-28 22:00:00.000,H24,MISSION BERMUDES,0.00,0.00,0.0,22,0,44,28,10,2025
285186,2025-10-28 23:00:00.000,H24,MISSION BERMUDES,0.00,0.00,0.0,23,0,44,28,10,2025
285204,2025-10-29 00:00:00.000,H24,MISSION BERMUDES,0.00,0.00,0.0,0,0,44,29,10,2025
285222,2025-10-29 01:00:00.000,H24,MISSION BERMUDES,0.00,0.00,0.0,1,0,44,29,10,2025
285240,2025-10-29 02:00:00.000,H24,MISSION BERMUDES,0.00,0.00,0.0,2,0,44,29,10,2025
285258,2025-10-29 03:00:00.000,H24,MISSION BERMUDES,0.00,0.00,0.0,3,0,44,29,10,2025
285276,2025-10-29 04:00:00.000,H24,MISSION BERMUDES,0.00,0.00,0.0,4,0,44,29,10,2025
285294,2025-10-29 05:00:00.000,H24,MISSION BERMUDES,0.00,0.00,0.0,5,0,44,29,10,2025
285312,2025-10-29 06:00:00.000,H24,MISSION BERMUDES,0.00,0.00,0.0,6,0,44,29,10,2025
285330,2025-10-29 07:00:00.000,H24,MISSION BERMUDES,0.00,0.00,0.0,7,0,44,29,10,2025
285348,2025-10-29 08:00:00.000,H24,MISSION BERMUDES,0.00,0.00,0.0,8,0,44,29,10,2025
285366,2025-10-29 09:00:00.000,H24,MISSION BERMUDES,0.15,0.50,0.35,9,0,44,29,10,2025
285384,2025-10-29 10:00:00.000,H24,MISSION BERMUDES,0.00,1.00,1.0,10,0,44,29,10,2025
285402,2025-10-29 11:00:00.000,H24,MISSION BERMUDES,0.00,1.00,1.0,11,0,44,29,10,2025
285420,2025-10-29 12:00:00.000,H24,MISSION BERMUDES,0.00,1.00,1.0,12,0,44,29,10,2025
285438,2025-10-29 13:00:00.000,H24,MISSION BERMUDES,0.00,1.00,1.0,13,0,44,29,10,2025
285456,2025-10-29 14:00:00.000,H24,MISSION BERMUDES,0.00,1.00,1.0,14,0,44,29,10,2025
285474,2025-10-29 15:00:00.000,H24,MISSION BERMUDES,0.00,1.00,1.0,15,0,44,29,10,2025
285492,2025-10-29 16:00:00.000,H24,MISSION BERMUDES,0.00,1.00,1.0,16,0,44,29,10,2025
285510,2025-10-29 17:00:00.000,H24,MISSION BERMUDES,0.80,1.00,0.2,17,0,44,29,10,2025
285528,2025-10-29 18:00:00.000,H24,MISSION BERMUDES,1.00,1.00,0.0,18,0,44,29,10,2025
285546,2025-10-29 19:00:00.000,H24,MISSION BERMUDES,1.00,1.00,0.0,19,0,44,29,10,2025
285564,2025-10-29 20:00:00.000,H24,MISSION BERMUDES,1.00,1.00,0.0,20,0,44,29,10,2025
285582,2025-10-29 21:00:00.000,H24,MISSION BERMUDES,1.00,0.55,0.0,21,0,44,29,10,2025
285600,2025-10-29 22:00:00.000,H24,MISSION BERMUDES,1.00,0.00,0.0,22,0,44,29,10,2025
285618,2025-10-29 23:00:00.000,H24,MISSION BERMUDES,1.00,0.00,0.0,23,0,44,29,10,2025
285636,2025-10-30 00:00:00.000,H24,MISSION BERMUDES,1.00,0.00,0.0,0,0,44,30,10,2025
285654,2025-10-30 01:00:00.000,H24,MISSION BERMUDES,1.00,0.00,0.0,1,0,44,30,10,2025
285672,2025-10-30 02:00:00.000,H24,MISSION BERMUDES,1.00,0.00,0.0,2,0,44,30,10,2025
285690,2025-10-30 03:00:00.000,H24,MISSION BERMUDES,1.00,0.00,0.0,3,0,44,30,10,2025
285708,2025-10-30 04:00:00.000,H24,MISSION BERMUDES,1.00,0.00,0.0,4,0,44,30,10,2025
285726,2025-10-30 05:00:00.000,H24,MISSION BERMUDES,1.00,0.00,0.0,5,0,44,30,10,2025
285744,2025-10-30 06:00:00.000,H24,MISSION BERMUDES,1.00,0.00,0.0,6,0,44,30,10,2025
285762,2025-10-30 07:00:00.000,H24,MISSION BERMUDES,1.00,0.00,0.0,7,0,44,30,10,2025
285780,2025-10-30 08:00:00.000,H24,MISSION BERMUDES,1.00,0.00,0.0,8,0,44,30,10,2025
285798,2025-10-30 09:00:00.000,H24,MISSION BERMUDES,1.00,0.50,0.0,9,0,44,30,10,2025
285816,2025-10-30 10:00:00.000,H24,MISSION BERMUDES,0.90,1.00,0.1,10,0,44,30,10,2025
285834,2025-10-30 11:00:00.000,H24,MISSION BERMUDES,1.00,1.00,0.0,11,0,44,30,10,2025
285852,2025-10-30 12:00:00.000,H24,MISSION BERMUDES,0.70,1.00,0.3,12,0,44,30,10,2025
285870,2025-10-30 13:00:00.000,H24,MISSION BERMUDES,0.00,1.00,1.0,13,0,44,30,10,2025
285888,2025-10-30 14:00:00.000,H24,MISSION BERMUDES,0.00,1.00,1.0,14,0,44,30,10,2025
285906,2025-10-30 15:00:00.000,H24,MISSION BERMUDES,0.00,1.00,1.0,15,0,44,30,10,2025
285924,2025-10-30 16:00:00.000,H24,MISSION BERMUDES,0.00,1.00,1.0,16,0,44,30,10,2025
285942,2025-10-30 17:00:00.000,H24,MISSION BERMUDES,0.00,1.00,1.0,17,0,44,30,10,2025
285960,2025-10-30 18:00:00.000,H24,MISSION BERMUDES,0.00,1.00,1.0,18,0,44,30,10,2025
285978,2025-10-30 19:00:00.000,H24,MISSION BERMUDES,0.00,1.00,1.0,19,0,44,30,10,2025
285996,2025-10-30 20:00:00.000,H24,MISSION BERMUDES,0.00,1.00,1.0,20,0,44,30,10,2025
286014,2025-10-30 21:00:00.000,H24,MISSION BERMUDES,0.05,0.50,0.45,21,0,44,30,10,2025
286032,2025-10-30 22:00:00.000,H24,MISSION BERMUDES,0.00,0.00,0.0,22,0,44,30,10,2025
286050,2025-10-30 23:00:00.000,H24,MISSION BERMUDES,0.00,0.00,0.0,23,0,44,30,10,2025
286068,2025-10-31 00:00:00.000,H24,MISSION BERMUDES,0.00,0.00,0.0,0,0,44,31,10,2025
286086,2025-10-31 01:00:00.000,H24,MISSION BERMUDES,0.00,0.00,0.0,1,0,44,31,10,2025
286104,2025-10-31 02:00:00.000,H24,MISSION BERMUDES,0.00,0.00,0.0,2,0,44,31,10,2025
286122,2025-10-31 03:00:00.000,H24,MISSION BERMUDES,0.00,0.00,0.0,3,0,44,31,10,2025
286140,2025-10-31 04:00:00.000,H24,MISSION BERMUDES,0.00,0.00,0.0,4,0,44,31,10,2025
286158,2025-10-31 05:00:00.000,H24,MISSION BERMUDES,0.00,0.00,0.0,5,0,44,31,10,2025
286176,2025-10-31 06:00:00.000,H24,MISSION BERMUDES,0.00,0.00,0.0,6,0,44,31,10,2025
286194,2025-10-31 07:00:00.000,H24,MISSION BERMUDES,0.00,0.00,0.0,7,0,44,31,10,2025
286212,2025-10-31 08:00:00.000,H24,MISSION BERMUDES,0.00,0.00,0.0,8,0,44,31,10,2025
286230,2025-10-31 09:00:00.000,H24,MISSION BERMUDES,0.00,0.50,0.5,9,0,44,31,10,2025
286248,2025-10-31 10:00:00.000,H24,MISSION BERMUDES,0.00,1.00,1.0,10,0,44,31,10,2025
286266,2025-10-31 11:00:00.000,H24,MISSION BERMUDES,0.00,1.00,1.0,11,0,44,31,10,2025
286284,2025-10-31 12:00:00.000,H24,MISSION BERMUDES,0.00,1.00,1.0,12,0,44,31,10,2025
286302,2025-10-31 13:00:00.000,H24,MISSION BERMUDES,0.00,1.00,1.0,13,0,44,31,10,2025
286320,2025-10-31 14:00:00.000,H24,MISSION BERMUDES,0.00,1.00,1.0,14,0,44,31,10,2025
286338,2025-10-31 15:00:00.000,H24,MISSION BERMUDES,0.40,1.00,0.6,15,0,44,31,10,2025
286356,2025-10-31 16:00:00.000,H24,MISSION BERMUDES,0.00,1.00,1.0,16,0,44,31,10,2025
286374,2025-10-31 17:00:00.000,H24,MISSION BERMUDES,0.00,1.00,1.0,17,0,44,31,10,2025
286392,2025-10-31 18:00:00.000,H24,MISSION BERMUDES,0.00,1.00,1.0,18,0,44,31,10,2025
286410,2025-10-31 19:00:00.000,H24,MISSION BERMUDES,0.40,1.00,0.6,19,0,44,31,10,2025
286428,2025-10-31 20:00:00.000,H24,MISSION BERMUDES,0.25,1.00,0.75,20,0,44,31,10,2025
286446,2025-10-31 21:00:00.000,H24,MISSION BERMUDES,0.15,0.50,0.35,21,0,44,31,10,2025
286464,2025-10-31 22:00:00.000,H24,MISSION BERMUDES,0.00,0.00,0.0,22,0,44,31,10,2025
286482,2025-10-31 23:00:00.000,H24,MISSION BERMUDES,0.00,0.00,0.0,23,0,44,31,10,2025
286500,2025-11-01 00:00:00.000,H24,MISSION BERMUDES,0.00,0.00,0.0,0,0,44,1,11,2025
286518,2025-11-01 01:00:00.000,H24,MISSION BERMUDES,0.00,0.00,0.0,1,0,44,1,11,2025
286536,2025-11-01 02:00:00.000,H24,MISSION BERMUDES,0.00,0.00,0.0,2,0,44,1,11,2025
286554,2025-11-01 03:00:00.000,H24,MISSION BERMUDES,0.00,0.00,0.0,3,0,44,1,11,2025
286572,2025-11-01 04:00:00.000,H24,MISSION BERMUDES,0.00,0.00,0.0,4,0,44,1,11,2025
286590,2025-11-01 05:00:00.000,H24,MISSION BERMUDES,0.00,0.00,0.0,5,0,44,1,11,2025
286608,2025-11-01 06:00:00.000,H24,MISSION BERMUDES,0.00,0.00,0.0,6,0,44,1,11,2025
286626,2025-11-01 07:00:00.000,H24,MISSION BERMUDES,0.00,0.00,0.0,7,0,44,1,11,2025
286644,2025-11-01 08:00:00.000,H24,MISSION BERMUDES,0.00,0.00,0.0,8,0,44,1,11,2025
286662,2025-11-01 09:00:00.000,H24,MISSION BERMUDES,0.00,0.50,0.5,9,0,44,1,11,2025
286680,2025-11-01 10:00:00.000,H24,MISSION BERMUDES,0.70,1.00,0.3,10,0,44,1,11,2025
286698,2025-11-01 11:00:00.000,H24,MISSION BERMUDES,0.55,1.00,0.45,11,0,44,1,11,2025
286716,2025-11-01 12:00:00.000,H24,MISSION BERMUDES,0.00,1.00,1.0,12,0,44,1,11,2025
286734,2025-11-01 13:00:00.000,H24,MISSION BERMUDES,0.00,1.00,1.0,13,0,44,1,11,2025
286752,2025-11-01 14:00:00.000,H24,MISSION BERMUDES,0.00,1.00,1.0,14,0,44,1,11,2025
286770,2025-11-01 15:00:00.000,H24,MISSION BERMUDES,0.75,1.00,0.25,15,0,44,1,11,2025
286788,2025-11-01 16:00:00.000,H24,MISSION BERMUDES,0.55,1.00,0.45,16,0,44,1,11,2025
286806,2025-11-01 17:00:00.000,H24,MISSION BERMUDES,0.00,1.00,1.0,17,0,44,1,11,2025
286824,2025-11-01 18:00:00.000,H24,MISSION BERMUDES,0.70,1.00,0.3,18,0,44,1,11,2025
286842,2025-11-01 19:00:00.000,H24,MISSION BERMUDES,0.25,1.00,0.75,19,0,44,1,11,2025
286860,2025-11-01 20:00:00.000,H24,MISSION BERMUDES,0.00,1.00,1.0,20,0,44,1,11,2025
286878,2025-11-01 21:00:00.000,H24,MISSION BERMUDES,0.00,0.50,0.5,21,0,44,1,11,2025
286896,2025-11-01 22:00:00.000,H24,MISSION BERMUDES,0.00,0.00,0.0,22,0,44,1,11,2025
286914,2025-11-01 23:00:00.000,H24,MISSION BERMUDES,0.00,0.00,0.0,23,0,44,1,11,2025
286932,2025-11-02 00:00:00.000,H24,MISSION BERMUDES,0.00,0.00,0.0,0,0,45,2,11,2025
286950,2025-11-02 01:00:00.000,H24,MISSION BERMUDES,0.00,0.00,0.0,1,0,45,2,11,2025
286968,2025-11-02 02:00:00.000,H24,MISSION BERMUDES,0.00,0.00,0.0,2,0,45,2,11,2025
286986,2025-11-02 03:00:00.000,H24,MISSION BERMUDES,0.00,0.00,0.0,3,0,45,2,11,2025
287004,2025-11-02 04:00:00.000,H24,MISSION BERMUDES,0.00,0.00,0.0,4,0,45,2,11,2025
287022,2025-11-02 05:00:00.000,H24,MISSION BERMUDES,0.00,0.00,0.0,5,0,45,2,11,2025
287040,2025-11-02 06:00:00.000,H24,MISSION BERMUDES,0.00,0.00,0.0,6,0,45,2,11,2025
287058,2025-11-02 07:00:00.000,H24,MISSION BERMUDES,0.00,0.00,0.0,7,0,45,2,11,2025
287076,2025-11-02 08:00:00.000,H24,MISSION BERMUDES,0.00,0.00,0.0,8,0,45,2,11,2025
287094,2025-11-02 09:00:00.000,H24,MISSION BERMUDES,0.00,0.50,0.5,9,0,45,2,11,2025
287112,2025-11-02 10:00:00.000,H24,MISSION BERMUDES,0.15,1.00,0.85,10,0,45,2,11,2025
287130,2025-11-02 11:00:00.000,H24,MISSION BERMUDES,0.25,1.00,0.75,11,0,45,2,11,2025
287148,2025-11-02 12:00:00.000,H24,MISSION BERMUDES,0.00,1.00,1.0,12,0,45,2,11,2025
287166,2025-11-02 13:00:00.000,H24,MISSION BERMUDES,0.25,1.00,0.75,13,0,45,2,11,2025
287184,2025-11-02 14:00:00.000,H24,MISSION BERMUDES,1.00,1.00,0.0,14,0,45,2,11,2025
287202,2025-11-02 15:00:00.000,H24,MISSION BERMUDES,1.00,1.00,0.0,15,0,45,2,11,2025
287220,2025-11-02 16:00:00.000,H24,MISSION BERMUDES,1.00,1.00,0.0,16,0,45,2,11,2025
287238,2025-11-02 17:00:00.000,H24,MISSION BERMUDES,1.00,1.00,0.0,17,0,45,2,11,2025
287256,2025-11-02 18:00:00.000,H24,MISSION BERMUDES,1.00,0.05,0.0,18,0,45,2,11,2025
287274,2025-11-02 19:00:00.000,H24,MISSION BERMUDES,1.00,0.00,0.0,19,0,45,2,11,2025
287292,2025-11-02 20:00:00.000,H24,MISSION BERMUDES,1.00,0.00,0.0,20,0,45,2,11,2025
287310,2025-11-02 21:00:00.000,H24,MISSION BERMUDES,1.00,0.00,0.0,21,0,45,2,11,2025
287328,2025-11-02 22:00:00.000,H24,MISSION BERMUDES,1.00,0.00,0.0,22,0,45,2,11,2025
287346,2025-11-02 23:00:00.000,H24,MISSION BERMUDES,1.00,0.00,0.0,23,0,45,2,11,2025
287364,2025-11-03 00:00:00.000,H24,MISSION BERMUDES,1.00,0.00,0.0,0,0,45,3,11,2025
287382,2025-11-03 01:00:00.000,H24,MISSION BERMUDES,1.00,0.00,0.0,1,0,45,3,11,2025
287400,2025-11-03 02:00:00.000,H24,MISSION BERMUDES,1.00,0.00,0.0,2,0,45,3,11,2025
287418,2025-11-03 03:00:00.000,H24,MISSION BERMUDES,1.00,0.00,0.0,3,0,45,3,11,2025
287436,2025-11-03 04:00:00.000,H24,MISSION BERMUDES,1.00,0.00,0.0,4,0,45,3,11,2025
287454,2025-11-03 05:00:00.000,H24,MISSION BERMUDES,1.00,0.00,0.0,5,0,45,3,11,2025
287472,2025-11-03 06:00:00.000,H24,MISSION BERMUDES,1.00,0.00,0.0,6,0,45,3,11,2025
287489,2025-11-04 11:00:00.000,H24,MISSION BERMUDES,1.00,1.00,0.0,11,0,45,4,11,2025
287506,2025-11-04 12:00:00.000,H24,MISSION BERMUDES,1.00,1.00,0.0,12,0,45,4,11,2025
287523,2025-11-04 13:00:00.000,H24,MISSION BERMUDES,1.00,1.00,0.0,13,0,45,4,11,2025
287540,2025-11-04 14:00:00.000,H24,MISSION BERMUDES,1.00,1.00,0.0,14,0,45,4,11,2025
287557,2025-11-04 15:00:00.000,H24,MISSION BERMUDES,1.00,1.00,0.0,15,0,45,4,11,2025
287574,2025-11-04 16:00:00.000,H24,MISSION BERMUDES,1.00,1.00,0.0,16,0,45,4,11,2025
287591,2025-11-04 17:00:00.000,H24,MISSION BERMUDES,1.00,1.00,0.0,17,0,45,4,11,2025
287608,2025-11-04 18:00:00.000,H24,MISSION BERMUDES,1.00,1.00,0.0,18,0,45,4,11,2025
287625,2025-11-04 19:00:00.000,H24,MISSION BERMUDES,1.00,0.80,0.0,19,0,45,4,11,2025
287642,2025-11-04 20:00:00.000,H24,MISSION BERMUDES,1.00,0.00,0.0,20,0,45,4,11,2025
287659,2025-11-04 21:00:00.000,H24,MISSION BERMUDES,1.00,0.00,0.0,21,0,45,4,11,2025
287676,2025-11-04 22:00:00.000,H24,MISSION BERMUDES,1.00,0.00,0.0,22,0,45,4,11,2025
287693,2025-11-04 23:00:00.000,H24,MISSION BERMUDES,1.00,0.00,0.0,23,0,45,4,11,2025
287710,2025-11-05 00:00:00.000,H24,MISSION BERMUDES,1.00,0.00,0.0,0,0,45,5,11,2025
287727,2025-11-05 01:00:00.000,H24,MISSION BERMUDES,1.00,0.00,0.0,1,0,45,5,11,2025
287744,2025-11-05 02:00:00.000,H24,MISSION BERMUDES,1.00,0.00,0.0,2,0,45,5,11,2025
287761,2025-11-05 03:00:00.000,H24,MISSION BERMUDES,1.00,0.00,0.0,3,0,45,5,11,2025
287778,2025-11-05 04:00:00.000,H24,MISSION BERMUDES,1.00,0.00,0.0,4,0,45,5,11,2025
287795,2025-11-05 05:00:00.000,H24,MISSION BERMUDES,1.00,0.00,0.0,5,0,45,5,11,2025
287812,2025-11-05 06:00:00.000,H24,MISSION BERMUDES,1.00,0.00,0.0,6,0,45,5,11,2025
287830,2025-11-05 09:00:00.000,H24,MISSION BERMUDES,1.00,0.88,0.0,9,0,45,5,11,2025
287848,2025-11-05 10:00:00.000,H24,MISSION BERMUDES,1.00,1.00,0.0,10,0,45,5,11,2025
287866,2025-11-05 11:00:00.000,H24,MISSION BERMUDES,1.00,1.00,0.0,11,0,45,5,11,2025
287884,2025-11-05 12:00:00.000,H24,MISSION BERMUDES,1.00,1.00,0.0,12,0,45,5,11,2025
287902,2025-11-05 13:00:00.000,H24,MISSION BERMUDES,1.00,1.00,0.0,13,0,45,5,11,2025
287920,2025-11-05 14:00:00.000,H24,MISSION BERMUDES,1.00,1.00,0.0,14,0,45,5,11,2025
287938,2025-11-05 15:00:00.000,H24,MISSION BERMUDES,1.00,1.00,0.0,15,0,45,5,11,2025
287956,2025-11-05 16:00:00.000,H24,MISSION BERMUDES,1.00,1.00,0.0,16,0,45,5,11,2025
287974,2025-11-05 17:00:00.000,H24,MISSION BERMUDES,1.00,1.00,0.0,17,0,45,5,11,2025
287992,2025-11-05 18:00:00.000,H24,MISSION BERMUDES,1.00,1.00,0.0,18,0,45,5,11,2025
288010,2025-11-05 19:00:00.000,H24,MISSION BERMUDES,1.00,0.80,0.0,19,0,45,5,11,2025
288028,2025-11-05 20:00:00.000,H24,MISSION BERMUDES,1.00,0.00,0.0,20,0,45,5,11,2025
288046,2025-11-05 21:00:00.000,H24,MISSION BERMUDES,1.00,0.00,0.0,21,0,45,5,11,2025
288064,2025-11-05 22:00:00.000,H24,MISSION BERMUDES,1.00,0.00,0.0,22,0,45,5,11,2025
288082,2025-11-05 23:00:00.000,H24,MISSION BERMUDES,1.00,0.00,0.0,23,0,45,5,11,2025
288100,2025-11-06 00:00:00.000,H24,MISSION BERMUDES,1.00,0.00,0.0,0,0,45,6,11,2025
288118,2025-11-06 01:00:00.000,H24,MISSION BERMUDES,1.00,0.00,0.0,1,0,45,6,11,2025
288136,2025-11-06 02:00:00.000,H24,MISSION BERMUDES,1.00,0.00,0.0,2,0,45,6,11,2025
288154,2025-11-06 03:00:00.000,H24,MISSION BERMUDES,1.00,0.00,0.0,3,0,45,6,11,2025
288172,2025-11-06 04:00:00.000,H24,MISSION BERMUDES,1.00,0.00,0.0,4,0,45,6,11,2025
288190,2025-11-06 05:00:00.000,H24,MISSION BERMUDES,1.00,0.00,0.0,5,0,45,6,11,2025
288208,2025-11-06 06:00:00.000,H24,MISSION BERMUDES,1.00,0.00,0.0,6,0,45,6,11,2025
288226,2025-11-08 07:00:00.000,H24,MISSION BERMUDES,1.00,0.00,0.0,7,0,45,8,11,2025
288244,2025-11-08 08:00:00.000,H24,MISSION BERMUDES,1.00,0.00,0.0,8,0,45,8,11,2025
288262,2025-11-08 09:00:00.000,H24,MISSION BERMUDES,0.55,0.50,0.0,9,0,45,8,11,2025
288280,2025-11-08 10:00:00.000,H24,MISSION BERMUDES,0.00,1.00,1.0,10,0,45,8,11,2025
288298,2025-11-08 11:00:00.000,H24,MISSION BERMUDES,0.00,1.00,1.0,11,0,45,8,11,2025
288316,2025-11-08 12:00:00.000,H24,MISSION BERMUDES,0.00,1.00,1.0,12,0,45,8,11,2025
288334,2025-11-08 13:00:00.000,H24,MISSION BERMUDES,0.00,1.00,1.0,13,0,45,8,11,2025
288352,2025-11-08 14:00:00.000,H24,MISSION BERMUDES,0.00,1.00,1.0,14,0,45,8,11,2025
288370,2025-11-08 15:00:00.000,H24,MISSION BERMUDES,0.00,1.00,1.0,15,0,45,8,11,2025
288388,2025-11-08 16:00:00.000,H24,MISSION BERMUDES,0.45,1.00,0.55,16,0,45,8,11,2025
288406,2025-11-08 17:00:00.000,H24,MISSION BERMUDES,1.00,1.00,0.0,17,0,45,8,11,2025
288424,2025-11-08 18:00:00.000,H24,MISSION BERMUDES,1.00,1.00,0.0,18,0,45,8,11,2025
288442,2025-11-08 19:00:00.000,H24,MISSION BERMUDES,1.00,1.00,0.0,19,0,45,8,11,2025
288460,2025-11-08 20:00:00.000,H24,MISSION BERMUDES,1.00,1.00,0.0,20,0,45,8,11,2025
288478,2025-11-08 21:00:00.000,H24,MISSION BERMUDES,1.00,0.55,0.0,21,0,45,8,11,2025
288496,2025-11-08 22:00:00.000,H24,MISSION BERMUDES,1.00,0.00,0.0,22,0,45,8,11,2025
288514,2025-11-08 23:00:00.000,H24,MISSION BERMUDES,1.00,0.00,0.0,23,0,45,8,11,2025
288532,2025-11-09 00:00:00.000,H24,MISSION BERMUDES,1.00,0.00,0.0,0,0,46,9,11,2025
288550,2025-11-09 01:00:00.000,H24,MISSION BERMUDES,1.00,0.00,0.0,1,0,46,9,11,2025
288568,2025-11-09 02:00:00.000,H24,MISSION BERMUDES,1.00,0.00,0.0,2,0,46,9,11,2025
288586,2025-11-09 03:00:00.000,H24,MISSION BERMUDES,1.00,0.00,0.0,3,0,46,9,11,2025
288604,2025-11-09 04:00:00.000,H24,MISSION BERMUDES,1.00,0.00,0.0,4,0,46,9,11,2025
288622,2025-11-09 05:00:00.000,H24,MISSION BERMUDES,1.00,0.00,0.0,5,0,46,9,11,2025
288640,2025-11-09 06:00:00.000,H24,MISSION BERMUDES,1.00,0.00,0.0,6,0,46,9,11,2025
288658,2025-11-09 07:00:00.000,H24,MISSION BERMUDES,1.00,0.00,0.0,7,0,46,9,11,2025
288676,2025-11-09 08:00:00.000,H24,MISSION BERMUDES,1.00,0.00,0.0,8,0,46,9,11,2025
288694,2025-11-09 09:00:00.000,H24,MISSION BERMUDES,0.75,0.50,0.0,9,0,46,9,11,2025
288712,2025-11-09 10:00:00.000,H24,MISSION BERMUDES,0.20,1.00,0.8,10,0,46,9,11,2025
288730,2025-11-09 11:00:00.000,H24,MISSION BERMUDES,1.00,1.00,0.0,11,0,46,9,11,2025
288748,2025-11-09 12:00:00.000,H24,MISSION BERMUDES,1.00,1.00,0.0,12,0,46,9,11,2025
288766,2025-11-09 13:00:00.000,H24,MISSION BERMUDES,0.95,1.00,0.05,13,0,46,9,11,2025
288784,2025-11-09 14:00:00.000,H24,MISSION BERMUDES,1.00,1.00,0.0,14,0,46,9,11,2025
288802,2025-11-09 15:00:00.000,H24,MISSION BERMUDES,1.00,1.00,0.0,15,0,46,9,11,2025
288820,2025-11-09 16:00:00.000,H24,MISSION BERMUDES,1.00,1.00,0.0,16,0,46,9,11,2025
288838,2025-11-09 17:00:00.000,H24,MISSION BERMUDES,1.00,1.00,0.0,17,0,46,9,11,2025
288856,2025-11-09 18:00:00.000,H24,MISSION BERMUDES,1.00,1.00,0.0,18,0,46,9,11,2025
288874,2025-11-09 19:00:00.000,H24,MISSION BERMUDES,1.00,1.00,0.0,19,0,46,9,11,2025
288892,2025-11-09 20:00:00.000,H24,MISSION BERMUDES,1.00,1.00,0.0,20,0,46,9,11,2025
288910,2025-11-09 21:00:00.000,H24,MISSION BERMUDES,1.00,0.50,0.0,21,0,46,9,11,2025
288928,2025-11-09 22:00:00.000,H24,MISSION BERMUDES,1.00,0.00,0.0,22,0,46,9,11,2025
288946,2025-11-09 23:00:00.000,H24,MISSION BERMUDES,1.00,0.00,0.0,23,0,46,9,11,2025
288964,2025-11-10 00:00:00.000,H24,MISSION BERMUDES,1.00,0.00,0.0,0,0,46,10,11,2025
288982,2025-11-10 01:00:00.000,H24,MISSION BERMUDES,1.00,0.00,0.0,1,0,46,10,11,2025
289000,2025-11-10 02:00:00.000,H24,MISSION BERMUDES,1.00,0.00,0.0,2,0,46,10,11,2025
289018,2025-11-10 03:00:00.000,H24,MISSION BERMUDES,1.00,0.00,0.0,3,0,46,10,11,2025
289036,2025-11-10 04:00:00.000,H24,MISSION BERMUDES,1.00,0.00,0.0,4,0,46,10,11,2025
289054,2025-11-10 05:00:00.000,H24,MISSION BERMUDES,1.00,0.00,0.0,5,0,46,10,11,2025
289072,2025-11-10 06:00:00.000,H24,MISSION BERMUDES,1.00,0.00,0.0,6,0,46,10,11,2025
289090,2025-11-10 07:00:00.000,H24,MISSION BERMUDES,1.00,0.00,0.0,7,0,46,10,11,2025
289108,2025-11-10 08:00:00.000,H24,MISSION BERMUDES,1.00,0.00,0.0,8,0,46,10,11,2025
289126,2025-11-10 09:00:00.000,H24,MISSION BERMUDES,1.00,0.50,0.0,9,0,46,10,11,2025
289144,2025-11-10 10:00:00.000,H24,MISSION BERMUDES,1.00,1.00,0.0,10,0,46,10,11,2025
289162,2025-11-10 11:00:00.000,H24,MISSION BERMUDES,1.00,1.00,0.0,11,0,46,10,11,2025
289180,2025-11-10 12:00:00.000,H24,MISSION BERMUDES,1.00,1.00,0.0,12,0,46,10,11,2025
289198,2025-11-10 13:00:00.000,H24,MISSION BERMUDES,1.00,1.00,0.0,13,0,46,10,11,2025
289216,2025-11-10 14:00:00.000,H24,MISSION BERMUDES,0.55,1.00,0.45,14,0,46,10,11,2025
289234,2025-11-10 15:00:00.000,H24,MISSION BERMUDES,0.00,1.00,1.0,15,0,46,10,11,2025
289252,2025-11-10 16:00:00.000,H24,MISSION BERMUDES,0.00,1.00,1.0,16,0,46,10,11,2025
289270,2025-11-10 17:00:00.000,H24,MISSION BERMUDES,0.00,1.00,1.0,17,0,46,10,11,2025
289288,2025-11-10 18:00:00.000,H24,MISSION BERMUDES,0.70,1.00,0.3,18,0,46,10,11,2025
289306,2025-11-10 19:00:00.000,H24,MISSION BERMUDES,0.65,1.00,0.35,19,0,46,10,11,2025
289324,2025-11-10 20:00:00.000,H24,MISSION BERMUDES,0.25,1.00,0.75,20,0,46,10,11,2025
289342,2025-11-10 21:00:00.000,H24,MISSION BERMUDES,0.05,0.55,0.5,21,0,46,10,11,2025
289360,2025-11-10 22:00:00.000,H24,MISSION BERMUDES,0.00,0.00,0.0,22,0,46,10,11,2025
289378,2025-11-10 23:00:00.000,H24,MISSION BERMUDES,0.00,0.00,0.0,23,0,46,10,11,2025
289396,2025-11-11 00:00:00.000,H24,MISSION BERMUDES,0.00,0.00,0.0,0,0,46,11,11,2025
289414,2025-11-11 01:00:00.000,H24,MISSION BERMUDES,0.00,0.00,0.0,1,0,46,11,11,2025
289432,2025-11-11 02:00:00.000,H24,MISSION BERMUDES,0.00,0.00,0.0,2,0,46,11,11,2025
289450,2025-11-11 03:00:00.000,H24,MISSION BERMUDES,0.00,0.00,0.0,3,0,46,11,11,2025
289468,2025-11-11 04:00:00.000,H24,MISSION BERMUDES,0.00,0.00,0.0,4,0,46,11,11,2025
289486,2025-11-11 05:00:00.000,H24,MISSION BERMUDES,0.00,0.00,0.0,5,0,46,11,11,2025
289504,2025-11-11 06:00:00.000,H24,MISSION BERMUDES,0.00,0.00,0.0,6,0,46,11,11,2025
289521,2025-11-11 07:00:00.000,H24,MISSION BERMUDES,0.00,0.00,0.0,7,0,46,11,11,2025
289538,2025-11-11 08:00:00.000,H24,MISSION BERMUDES,0.00,0.00,0.0,8,0,46,11,11,2025
289555,2025-11-11 09:00:00.000,H24,MISSION BERMUDES,0.70,0.50,0.0,9,0,46,11,11,2025
289572,2025-11-11 10:00:00.000,H24,MISSION BERMUDES,1.00,1.00,0.0,10,0,46,11,11,2025
289589,2025-11-11 11:00:00.000,H24,MISSION BERMUDES,1.00,1.00,0.0,11,0,46,11,11,2025
289606,2025-11-11 12:00:00.000,H24,MISSION BERMUDES,1.00,1.00,0.0,12,0,46,11,11,2025
289623,2025-11-11 13:00:00.000,H24,MISSION BERMUDES,1.00,1.00,0.0,13,0,46,11,11,2025
289640,2025-11-11 14:00:00.000,H24,MISSION BERMUDES,1.00,1.00,0.0,14,0,46,11,11,2025
289657,2025-11-11 15:00:00.000,H24,MISSION BERMUDES,1.00,1.00,0.0,15,0,46,11,11,2025
289674,2025-11-11 16:00:00.000,H24,MISSION BERMUDES,0.25,1.00,0.75,16,0,46,11,11,2025
289691,2025-11-11 17:00:00.000,H24,MISSION BERMUDES,0.15,1.00,0.85,17,0,46,11,11,2025
289708,2025-11-11 18:00:00.000,H24,MISSION BERMUDES,0.00,0.00,0.0,18,0,46,11,11,2025
289725,2025-11-11 19:00:00.000,H24,MISSION BERMUDES,0.00,0.00,0.0,19,0,46,11,11,2025
289742,2025-11-11 20:00:00.000,H24,MISSION BERMUDES,0.00,0.00,0.0,20,0,46,11,11,2025
289759,2025-11-11 21:00:00.000,H24,MISSION BERMUDES,0.00,0.00,0.0,21,0,46,11,11,2025
289776,2025-11-11 22:00:00.000,H24,MISSION BERMUDES,0.00,0.00,0.0,22,0,46,11,11,2025
289793,2025-11-11 23:00:00.000,H24,MISSION BERMUDES,0.00,0.00,0.0,23,0,46,11,11,2025
289810,2025-11-12 00:00:00.000,H24,MISSION BERMUDES,0.00,0.00,0.0,0,0,46,12,11,2025
289827,2025-11-12 01:00:00.000,H24,MISSION BERMUDES,0.00,0.00,0.0,1,0,46,12,11,2025
289844,2025-11-12 02:00:00.000,H24,MISSION BERMUDES,0.00,0.00,0.0,2,0,46,12,11,2025
289861,2025-11-12 03:00:00.000,H24,MISSION BERMUDES,0.00,0.00,0.0,3,0,46,12,11,2025
289878,2025-11-12 04:00:00.000,H24,MISSION BERMUDES,0.00,0.00,0.0,4,0,46,12,11,2025
289895,2025-11-12 05:00:00.000,H24,MISSION BERMUDES,0.00,0.00,0.0,5,0,46,12,11,2025
289912,2025-11-12 06:00:00.000,H24,MISSION BERMUDES,0.00,0.00,0.0,6,0,46,12,11,2025
289960,2025-11-15 07:00:00.000,H24,MISSION BERMUDES,0.00,0.00,0.0,7,0,46,15,11,2025
289978,2025-11-15 08:00:00.000,H24,MISSION BERMUDES,0.00,0.00,0.0,8,0,46,15,11,2025
289996,2025-11-15 09:00:00.000,H24,MISSION BERMUDES,0.00,0.00,0.0,9,0,46,15,11,2025
290014,2025-11-15 10:00:00.000,H24,MISSION BERMUDES,0.00,0.00,0.0,10,0,46,15,11,2025
290032,2025-11-15 11:00:00.000,H24,MISSION BERMUDES,0.00,1.00,1.0,11,0,46,15,11,2025
290050,2025-11-15 12:00:00.000,H24,MISSION BERMUDES,0.75,1.00,0.25,12,0,46,15,11,2025
290068,2025-11-15 13:00:00.000,H24,MISSION BERMUDES,1.00,1.00,0.0,13,0,46,15,11,2025
290086,2025-11-15 14:00:00.000,H24,MISSION BERMUDES,1.00,1.00,0.0,14,0,46,15,11,2025
290104,2025-11-15 15:00:00.000,H24,MISSION BERMUDES,0.80,1.00,0.2,15,0,46,15,11,2025
290122,2025-11-15 16:00:00.000,H24,MISSION BERMUDES,1.00,1.00,0.0,16,0,46,15,11,2025
290140,2025-11-15 17:00:00.000,H24,MISSION BERMUDES,0.75,1.00,0.25,17,0,46,15,11,2025
290158,2025-11-15 18:00:00.000,H24,MISSION BERMUDES,0.00,1.00,1.0,18,0,46,15,11,2025
290176,2025-11-15 19:00:00.000,H24,MISSION BERMUDES,0.00,1.00,1.0,19,0,46,15,11,2025
290194,2025-11-15 20:00:00.000,H24,MISSION BERMUDES,0.00,0.05,0.05,20,0,46,15,11,2025
290212,2025-11-15 21:00:00.000,H24,MISSION BERMUDES,0.00,0.00,0.0,21,0,46,15,11,2025
290230,2025-11-15 22:00:00.000,H24,MISSION BERMUDES,0.00,0.00,0.0,22,0,46,15,11,2025
290248,2025-11-15 23:00:00.000,H24,MISSION BERMUDES,0.00,0.00,0.0,23,0,46,15,11,2025
290266,2025-11-16 00:00:00.000,H24,MISSION BERMUDES,0.00,0.00,0.0,0,0,47,16,11,2025
290284,2025-11-16 01:00:00.000,H24,MISSION BERMUDES,0.00,0.00,0.0,1,0,47,16,11,2025
290302,2025-11-16 02:00:00.000,H24,MISSION BERMUDES,0.00,0.00,0.0,2,0,47,16,11,2025
290320,2025-11-16 03:00:00.000,H24,MISSION BERMUDES,0.00,0.00,0.0,3,0,47,16,11,2025
290338,2025-11-16 04:00:00.000,H24,MISSION BERMUDES,0.00,0.00,0.0,4,0,47,16,11,2025
290356,2025-11-16 05:00:00.000,H24,MISSION BERMUDES,0.00,0.00,0.0,5,0,47,16,11,2025
290374,2025-11-16 06:00:00.000,H24,MISSION BERMUDES,0.00,0.00,0.0,6,0,47,16,11,2025
290392,2025-11-16 07:00:00.000,H24,MISSION BERMUDES,0.00,0.00,0.0,7,0,47,16,11,2025
290410,2025-11-16 08:00:00.000,H24,MISSION BERMUDES,0.00,0.00,0.0,8,0,47,16,11,2025
290428,2025-11-16 09:00:00.000,H24,MISSION BERMUDES,0.00,0.00,0.0,9,0,47,16,11,2025
290446,2025-11-16 10:00:00.000,H24,MISSION BERMUDES,0.10,0.50,0.4,10,0,47,16,11,2025
290464,2025-11-16 11:00:00.000,H24,MISSION BERMUDES,0.00,1.00,1.0,11,0,47,16,11,2025
290482,2025-11-16 12:00:00.000,H24,MISSION BERMUDES,0.00,1.00,1.0,12,0,47,16,11,2025
290500,2025-11-16 13:00:00.000,H24,MISSION BERMUDES,0.00,1.00,1.0,13,0,47,16,11,2025
290518,2025-11-16 14:00:00.000,H24,MISSION BERMUDES,0.00,1.00,1.0,14,0,47,16,11,2025
290536,2025-11-16 15:00:00.000,H24,MISSION BERMUDES,0.00,1.00,1.0,15,0,47,16,11,2025
290554,2025-11-16 16:00:00.000,H24,MISSION BERMUDES,0.00,1.00,1.0,16,0,47,16,11,2025
290572,2025-11-16 17:00:00.000,H24,MISSION BERMUDES,0.00,0.05,0.05,17,0,47,16,11,2025
290590,2025-11-16 18:00:00.000,H24,MISSION BERMUDES,0.00,0.00,0.0,18,0,47,16,11,2025
290608,2025-11-16 19:00:00.000,H24,MISSION BERMUDES,0.00,0.00,0.0,19,0,47,16,11,2025
290626,2025-11-16 20:00:00.000,H24,MISSION BERMUDES,0.00,0.00,0.0,20,0,47,16,11,2025
290644,2025-11-16 21:00:00.000,H24,MISSION BERMUDES,0.00,0.00,0.0,21,0,47,16,11,2025
290662,2025-11-16 22:00:00.000,H24,MISSION BERMUDES,0.00,0.00,0.0,22,0,47,16,11,2025
290680,2025-11-16 23:00:00.000,H24,MISSION BERMUDES,0.00,0.00,0.0,23,0,47,16,11,2025
290698,2025-11-17 00:00:00.000,H24,MISSION BERMUDES,0.00,0.00,0.0,0,0,47,17,11,2025
290716,2025-11-17 01:00:00.000,H24,MISSION BERMUDES,0.00,0.00,0.0,1,0,47,17,11,2025
290734,2025-11-17 02:00:00.000,H24,MISSION BERMUDES,0.00,0.00,0.0,2,0,47,17,11,2025
290752,2025-11-17 03:00:00.000,H24,MISSION BERMUDES,0.00,0.00,0.0,3,0,47,17,11,2025
290770,2025-11-17 04:00:00.000,H24,MISSION BERMUDES,0.00,0.00,0.0,4,0,47,17,11,2025
290788,2025-11-17 05:00:00.000,H24,MISSION BERMUDES,0.00,0.00,0.0,5,0,47,17,11,2025
290806,2025-11-17 06:00:00.000,H24,MISSION BERMUDES,0.00,0.00,0.0,6,0,47,17,11,2025
290977,2025-11-22 16:00:00.000,H24,MISSION BERMUDES,0.00,0.80,0.8,16,0,47,22,11,2025
290995,2025-11-22 17:00:00.000,H24,MISSION BERMUDES,1.00,1.00,0.0,17,0,47,22,11,2025
291013,2025-11-22 18:00:00.000,H24,MISSION BERMUDES,1.00,1.00,0.0,18,0,47,22,11,2025
291031,2025-11-22 19:00:00.000,H24,MISSION BERMUDES,1.00,1.00,0.0,19,0,47,22,11,2025
291049,2025-11-22 20:00:00.000,H24,MISSION BERMUDES,1.00,0.05,0.0,20,0,47,22,11,2025
291067,2025-11-22 21:00:00.000,H24,MISSION BERMUDES,1.00,0.00,0.0,21,0,47,22,11,2025
291085,2025-11-22 22:00:00.000,H24,MISSION BERMUDES,1.00,0.00,0.0,22,0,47,22,11,2025
291103,2025-11-22 23:00:00.000,H24,MISSION BERMUDES,1.00,0.00,0.0,23,0,47,22,11,2025
291121,2025-11-23 00:00:00.000,H24,MISSION BERMUDES,1.00,0.00,0.0,0,0,48,23,11,2025
291139,2025-11-23 01:00:00.000,H24,MISSION BERMUDES,1.00,0.00,0.0,1,0,48,23,11,2025
291157,2025-11-23 02:00:00.000,H24,MISSION BERMUDES,1.00,0.00,0.0,2,0,48,23,11,2025
291175,2025-11-23 03:00:00.000,H24,MISSION BERMUDES,1.00,0.00,0.0,3,0,48,23,11,2025
291193,2025-11-23 04:00:00.000,H24,MISSION BERMUDES,1.00,0.00,0.0,4,0,48,23,11,2025
291211,2025-11-23 05:00:00.000,H24,MISSION BERMUDES,1.00,0.00,0.0,5,0,48,23,11,2025
291229,2025-11-23 06:00:00.000,H24,MISSION BERMUDES,1.00,0.00,0.0,6,0,48,23,11,2025
291247,2025-11-23 07:00:00.000,H24,MISSION BERMUDES,1.00,0.00,0.0,7,0,48,23,11,2025
291265,2025-11-23 08:00:00.000,H24,MISSION BERMUDES,1.00,0.00,0.0,8,0,48,23,11,2025
291283,2025-11-23 09:00:00.000,H24,MISSION BERMUDES,1.00,0.00,0.0,9,0,48,23,11,2025
291301,2025-11-23 10:00:00.000,H24,MISSION BERMUDES,1.00,0.00,0.0,10,0,48,23,11,2025
291319,2025-11-23 11:00:00.000,H24,MISSION BERMUDES,1.00,0.75,0.0,11,0,48,23,11,2025
291337,2025-11-23 12:00:00.000,H24,MISSION BERMUDES,0.95,1.00,0.05,12,0,48,23,11,2025
291355,2025-11-23 13:00:00.000,H24,MISSION BERMUDES,0.95,1.00,0.05,13,0,48,23,11,2025
291373,2025-11-23 14:00:00.000,H24,MISSION BERMUDES,1.00,1.00,0.0,14,0,48,23,11,2025
291391,2025-11-23 15:00:00.000,H24,MISSION BERMUDES,1.00,1.00,0.0,15,0,48,23,11,2025
291409,2025-11-23 16:00:00.000,H24,MISSION BERMUDES,1.00,1.00,0.0,16,0,48,23,11,2025
291427,2025-11-23 17:00:00.000,H24,MISSION BERMUDES,1.00,0.05,0.0,17,0,48,23,11,2025
291445,2025-11-23 18:00:00.000,H24,MISSION BERMUDES,1.00,0.00,0.0,18,0,48,23,11,2025
291463,2025-11-23 19:00:00.000,H24,MISSION BERMUDES,1.00,0.00,0.0,19,0,48,23,11,2025
291481,2025-11-23 20:00:00.000,H24,MISSION BERMUDES,1.00,0.00,0.0,20,0,48,23,11,2025
291499,2025-11-23 21:00:00.000,H24,MISSION BERMUDES,1.00,0.00,0.0,21,0,48,23,11,2025
291517,2025-11-23 22:00:00.000,H24,MISSION BERMUDES,1.00,0.00,0.0,22,0,48,23,11,2025
291535,2025-11-23 23:00:00.000,H24,MISSION BERMUDES,1.00,0.00,0.0,23,0,48,23,11,2025
291553,2025-11-24 00:00:00.000,H24,MISSION BERMUDES,1.00,0.00,0.0,0,0,48,24,11,2025
291571,2025-11-24 01:00:00.000,H24,MISSION BERMUDES,1.00,0.00,0.0,1,0,48,24,11,2025
291589,2025-11-24 02:00:00.000,H24,MISSION BERMUDES,1.00,0.00,0.0,2,0,48,24,11,2025
291607,2025-11-24 03:00:00.000,H24,MISSION BERMUDES,1.00,0.00,0.0,3,0,48,24,11,2025
291625,2025-11-24 04:00:00.000,H24,MISSION BERMUDES,1.00,0.00,0.0,4,0,48,24,11,2025
291643,2025-11-24 05:00:00.000,H24,MISSION BERMUDES,1.00,0.00,0.0,5,0,48,24,11,2025
291661,2025-11-24 06:00:00.000,H24,MISSION BERMUDES,1.00,0.00,0.0,6,0,48,24,11,2025
291679,2025-11-29 07:00:00.000,H24,MISSION BERMUDES,1.00,0.00,0.0,7,0,48,29,11,2025
291697,2025-11-29 08:00:00.000,H24,MISSION BERMUDES,1.00,0.00,0.0,8,0,48,29,11,2025
291715,2025-11-29 09:00:00.000,H24,MISSION BERMUDES,1.00,0.00,0.0,9,0,48,29,11,2025
291733,2025-11-29 10:00:00.000,H24,MISSION BERMUDES,1.00,0.00,0.0,10,0,48,29,11,2025
291751,2025-11-29 11:00:00.000,H24,MISSION BERMUDES,0.10,1.00,0.9,11,0,48,29,11,2025
291769,2025-11-29 12:00:00.000,H24,MISSION BERMUDES,0.90,1.00,0.1,12,0,48,29,11,2025
291787,2025-11-29 13:00:00.000,H24,MISSION BERMUDES,0.25,1.00,0.75,13,0,48,29,11,2025
291805,2025-11-29 14:00:00.000,H24,MISSION BERMUDES,0.00,1.00,1.0,14,0,48,29,11,2025
291823,2025-11-29 15:00:00.000,H24,MISSION BERMUDES,0.00,1.00,1.0,15,0,48,29,11,2025
291841,2025-11-29 16:00:00.000,H24,MISSION BERMUDES,0.00,1.00,1.0,16,0,48,29,11,2025
291859,2025-11-29 17:00:00.000,H24,MISSION BERMUDES,0.00,1.00,1.0,17,0,48,29,11,2025
291877,2025-11-29 18:00:00.000,H24,MISSION BERMUDES,0.75,1.00,0.25,18,0,48,29,11,2025
291895,2025-11-29 19:00:00.000,H24,MISSION BERMUDES,1.00,1.00,0.0,19,0,48,29,11,2025
291913,2025-11-29 20:00:00.000,H24,MISSION BERMUDES,1.00,0.00,0.0,20,0,48,29,11,2025
291931,2025-11-29 21:00:00.000,H24,MISSION BERMUDES,1.00,0.00,0.0,21,0,48,29,11,2025
291949,2025-11-29 22:00:00.000,H24,MISSION BERMUDES,1.00,0.00,0.0,22,0,48,29,11,2025
291967,2025-11-29 23:00:00.000,H24,MISSION BERMUDES,1.00,0.00,0.0,23,0,48,29,11,2025
291985,2025-11-30 00:00:00.000,H24,MISSION BERMUDES,1.00,0.00,0.0,0,0,49,30,11,2025
292003,2025-11-30 01:00:00.000,H24,MISSION BERMUDES,1.00,0.00,0.0,1,0,49,30,11,2025
292021,2025-11-30 02:00:00.000,H24,MISSION BERMUDES,1.00,0.00,0.0,2,0,49,30,11,2025
292039,2025-11-30 03:00:00.000,H24,MISSION BERMUDES,1.00,0.00,0.0,3,0,49,30,11,2025
292057,2025-11-30 04:00:00.000,H24,MISSION BERMUDES,1.00,0.00,0.0,4,0,49,30,11,2025
292075,2025-11-30 05:00:00.000,H24,MISSION BERMUDES,1.00,0.00,0.0,5,0,49,30,11,2025
292093,2025-11-30 06:00:00.000,H24,MISSION BERMUDES,1.00,0.00,0.0,6,0,49,30,11,2025
292111,2025-11-30 07:00:00.000,H24,MISSION BERMUDES,1.00,0.00,0.0,7,0,49,30,11,2025
292129,2025-11-30 08:00:00.000,H24,MISSION BERMUDES,1.00,0.00,0.0,8,0,49,30,11,2025
292147,2025-11-30 09:00:00.000,H24,MISSION BERMUDES,1.00,0.00,0.0,9,0,49,30,11,2025
292165,2025-11-30 10:00:00.000,H24,MISSION BERMUDES,0.75,0.50,0.0,10,0,49,30,11,2025
292183,2025-11-30 11:00:00.000,H24,MISSION BERMUDES,0.00,1.00,1.0,11,0,49,30,11,2025
292201,2025-11-30 12:00:00.000,H24,MISSION BERMUDES,0.00,1.00,1.0,12,0,49,30,11,2025
292219,2025-11-30 13:00:00.000,H24,MISSION BERMUDES,0.00,1.00,1.0,13,0,49,30,11,2025
292237,2025-11-30 14:00:00.000,H24,MISSION BERMUDES,0.30,1.00,0.7,14,0,49,30,11,2025
292255,2025-11-30 15:00:00.000,H24,MISSION BERMUDES,1.00,1.00,0.0,15,0,49,30,11,2025
292273,2025-11-30 16:00:00.000,H24,MISSION BERMUDES,1.00,1.00,0.0,16,0,49,30,11,2025
292291,2025-11-30 17:00:00.000,H24,MISSION BERMUDES,1.00,0.05,0.0,17,0,49,30,11,2025
292309,2025-11-30 18:00:00.000,H24,MISSION BERMUDES,1.00,0.00,0.0,18,0,49,30,11,2025
292327,2025-11-30 19:00:00.000,H24,MISSION BERMUDES,1.00,0.00,0.0,19,0,49,30,11,2025
292345,2025-11-30 20:00:00.000,H24,MISSION BERMUDES,1.00,0.00,0.0,20,0,49,30,11,2025
292363,2025-11-30 21:00:00.000,H24,MISSION BERMUDES,1.00,0.00,0.0,21,0,49,30,11,2025
292381,2025-11-30 22:00:00.000,H24,MISSION BERMUDES,1.00,0.00,0.0,22,0,49,30,11,2025
292399,2025-11-30 23:00:00.000,H24,MISSION BERMUDES,1.00,0.00,0.0,23,0,49,30,11,2025
292417,2025-12-01 00:00:00.000,H24,MISSION BERMUDES,1.00,0.00,0.0,0,0,49,1,12,2025
292435,2025-12-01 01:00:00.000,H24,MISSION BERMUDES,1.00,0.00,0.0,1,0,49,1,12,2025
292453,2025-12-01 02:00:00.000,H24,MISSION BERMUDES,1.00,0.00,0.0,2,0,49,1,12,2025
292471,2025-12-01 03:00:00.000,H24,MISSION BERMUDES,1.00,0.00,0.0,3,0,49,1,12,2025
292489,2025-12-01 04:00:00.000,H24,MISSION BERMUDES,1.00,0.00,0.0,4,0,49,1,12,2025
292507,2025-12-01 05:00:00.000,H24,MISSION BERMUDES,1.00,0.00,0.0,5,0,49,1,12,2025
292525,2025-12-01 06:00:00.000,H24,MISSION BERMUDES,1.00,0.00,0.0,6,0,49,1,12,2025
292541,2025-12-01 07:00:00.000,H24,MISSION BERMUDES,1.00,0.00,0.0,7,0,49,1,12,2025
292556,2025-12-01 10:00:00.000,H24,MISSION BERMUDES,0.17,1.00,0.83,10,0,49,1,12,2025
292572,2025-12-01 11:00:00.000,H24,MISSION BERMUDES,0.00,1.00,1.0,11,0,49,1,12,2025
292588,2025-12-01 12:00:00.000,H24,MISSION BERMUDES,0.00,0.90,0.9,12,0,49,1,12,2025
292604,2025-12-01 13:00:00.000,H24,MISSION BERMUDES,0.00,1.00,1.0,13,0,49,1,12,2025
292620,2025-12-01 14:00:00.000,H24,MISSION BERMUDES,0.00,1.00,1.0,14,0,49,1,12,2025
292636,2025-12-01 15:00:00.000,H24,MISSION BERMUDES,0.00,1.00,1.0,15,0,49,1,12,2025
292653,2025-12-01 16:00:00.000,H24,MISSION BERMUDES,0.00,1.00,1.0,16,0,49,1,12,2025
292669,2025-12-01 17:00:00.000,H24,MISSION BERMUDES,0.00,1.00,1.0,17,0,49,1,12,2025
292685,2025-12-01 18:00:00.000,H24,MISSION BERMUDES,0.00,0.00,0.0,18,0,49,1,12,2025
292701,2025-12-01 19:00:00.000,H24,MISSION BERMUDES,0.00,0.00,0.0,19,0,49,1,12,2025
292717,2025-12-01 20:00:00.000,H24,MISSION BERMUDES,0.00,0.00,0.0,20,0,49,1,12,2025
292733,2025-12-01 21:00:00.000,H24,MISSION BERMUDES,0.00,0.00,0.0,21,0,49,1,12,2025
292749,2025-12-01 22:00:00.000,H24,MISSION BERMUDES,0.00,0.00,0.0,22,0,49,1,12,2025
292765,2025-12-01 23:00:00.000,H24,MISSION BERMUDES,0.00,0.00,0.0,23,0,49,1,12,2025
292781,2025-12-02 00:00:00.000,H24,MISSION BERMUDES,0.00,0.00,0.0,0,0,49,2,12,2025
292797,2025-12-02 01:00:00.000,H24,MISSION BERMUDES,0.00,0.00,0.0,1,0,49,2,12,2025
292813,2025-12-02 02:00:00.000,H24,MISSION BERMUDES,0.00,0.00,0.0,2,0,49,2,12,2025
292829,2025-12-02 03:00:00.000,H24,MISSION BERMUDES,0.00,0.00,0.0,3,0,49,2,12,2025
292845,2025-12-02 04:00:00.000,H24,MISSION BERMUDES,0.00,0.00,0.0,4,0,49,2,12,2025
292861,2025-12-02 05:00:00.000,H24,MISSION BERMUDES,0.00,0.00,0.0,5,0,49,2,12,2025
292877,2025-12-02 06:00:00.000,H24,MISSION BERMUDES,0.00,0.00,0.0,6,0,49,2,12,2025
292891,2025-12-02 07:00:00.000,H24,MISSION BERMUDES,0.00,0.00,0.0,7,0,49,2,12,2025
294563,2025-12-17 10:00:00.000,H24,MISSION BERMUDES,0.00,1.00,1.0,10,0,51,17,12,2025
294579,2025-12-17 11:00:00.000,H24,MISSION BERMUDES,0.00,1.00,1.0,11,0,51,17,12,2025
294595,2025-12-17 12:00:00.000,H24,MISSION BERMUDES,0.00,1.00,1.0,12,0,51,17,12,2025
294611,2025-12-17 13:00:00.000,H24,MISSION BERMUDES,0.00,1.00,1.0,13,0,51,17,12,2025
294630,2025-12-17 14:00:00.000,H24,MISSION BERMUDES,0.00,1.00,1.0,14,0,51,17,12,2025
294649,2025-12-17 15:00:00.000,H24,MISSION BERMUDES,0.00,1.00,1.0,15,0,51,17,12,2025
294668,2025-12-17 16:00:00.000,H24,MISSION BERMUDES,0.00,1.00,1.0,16,0,51,17,12,2025
294687,2025-12-17 17:00:00.000,H24,MISSION BERMUDES,0.00,1.00,1.0,17,0,51,17,12,2025
294706,2025-12-17 18:00:00.000,H24,MISSION BERMUDES,0.00,1.00,1.0,18,0,51,17,12,2025
294725,2025-12-17 19:00:00.000,H24,MISSION BERMUDES,0.00,1.00,1.0,19,0,51,17,12,2025
294744,2025-12-17 20:00:00.000,H24,MISSION BERMUDES,0.00,0.55,0.55,20,0,51,17,12,2025
294763,2025-12-17 21:00:00.000,H24,MISSION BERMUDES,0.00,0.00,0.0,21,0,51,17,12,2025
294782,2025-12-17 22:00:00.000,H24,MISSION BERMUDES,0.00,0.00,0.0,22,0,51,17,12,2025
294801,2025-12-17 23:00:00.000,H24,MISSION BERMUDES,0.00,0.00,0.0,23,0,51,17,12,2025
294820,2025-12-18 00:00:00.000,H24,MISSION BERMUDES,0.00,0.00,0.0,0,0,51,18,12,2025
294839,2025-12-18 01:00:00.000,H24,MISSION BERMUDES,0.00,0.00,0.0,1,0,51,18,12,2025
294858,2025-12-18 02:00:00.000,H24,MISSION BERMUDES,0.00,0.00,0.0,2,0,51,18,12,2025
294877,2025-12-18 03:00:00.000,H24,MISSION BERMUDES,0.00,0.00,0.0,3,0,51,18,12,2025
294896,2025-12-18 04:00:00.000,H24,MISSION BERMUDES,0.00,0.00,0.0,4,0,51,18,12,2025
294915,2025-12-18 05:00:00.000,H24,MISSION BERMUDES,0.00,0.00,0.0,5,0,51,18,12,2025
294934,2025-12-18 06:00:00.000,H24,MISSION BERMUDES,0.00,0.00,0.0,6,0,51,18,12,2025
294952,2025-12-18 09:00:00.000,H24,MISSION BERMUDES,0.00,0.00,0.0,9,0,51,18,12,2025
294970,2025-12-18 10:00:00.000,H24,MISSION BERMUDES,0.00,1.00,1.0,10,0,51,18,12,2025
294988,2025-12-18 11:00:00.000,H24,MISSION BERMUDES,0.00,1.00,1.0,11,0,51,18,12,2025
295006,2025-12-18 12:00:00.000,H24,MISSION BERMUDES,0.00,1.00,1.0,12,0,51,18,12,2025
295024,2025-12-18 13:00:00.000,H24,MISSION BERMUDES,0.00,1.00,1.0,13,0,51,18,12,2025
295042,2025-12-18 14:00:00.000,H24,MISSION BERMUDES,0.00,1.00,1.0,14,0,51,18,12,2025
295060,2025-12-18 15:00:00.000,H24,MISSION BERMUDES,0.00,1.00,1.0,15,0,51,18,12,2025
295078,2025-12-18 16:00:00.000,H24,MISSION BERMUDES,0.00,1.00,1.0,16,0,51,18,12,2025
295096,2025-12-18 17:00:00.000,H24,MISSION BERMUDES,0.00,1.00,1.0,17,0,51,18,12,2025
295114,2025-12-18 18:00:00.000,H24,MISSION BERMUDES,0.00,1.00,1.0,18,0,51,18,12,2025
295132,2025-12-18 19:00:00.000,H24,MISSION BERMUDES,0.00,1.00,1.0,19,0,51,18,12,2025
295150,2025-12-18 20:00:00.000,H24,MISSION BERMUDES,0.00,0.50,0.5,20,0,51,18,12,2025
295168,2025-12-18 21:00:00.000,H24,MISSION BERMUDES,0.00,0.00,0.0,21,0,51,18,12,2025
295186,2025-12-18 22:00:00.000,H24,MISSION BERMUDES,0.00,0.00,0.0,22,0,51,18,12,2025
295204,2025-12-18 23:00:00.000,H24,MISSION BERMUDES,0.00,0.00,0.0,23,0,51,18,12,2025
295222,2025-12-19 00:00:00.000,H24,MISSION BERMUDES,0.00,0.00,0.0,0,0,51,19,12,2025
295240,2025-12-19 01:00:00.000,H24,MISSION BERMUDES,0.00,0.00,0.0,1,0,51,19,12,2025
295258,2025-12-19 02:00:00.000,H24,MISSION BERMUDES,0.00,0.00,0.0,2,0,51,19,12,2025
295276,2025-12-19 03:00:00.000,H24,MISSION BERMUDES,0.00,0.00,0.0,3,0,51,19,12,2025
295294,2025-12-19 04:00:00.000,H24,MISSION BERMUDES,0.00,0.00,0.0,4,0,51,19,12,2025
295312,2025-12-19 05:00:00.000,H24,MISSION BERMUDES,0.00,0.00,0.0,5,0,51,19,12,2025
295330,2025-12-19 06:00:00.000,H24,MISSION BERMUDES,0.00,0.00,0.0,6,0,51,19,12,2025
295347,2025-12-19 07:00:00.000,H24,MISSION BERMUDES,0.00,0.00,0.0,7,0,51,19,12,2025
57759,2026-04-02 15:00:00.000,H24,MISSION BERMUDES,0.00,0.00,0.0,15,0,14,2,4,2026
57779,2026-04-02 16:00:00.000,H24,MISSION BERMUDES,0.00,1.00,1.0,16,0,14,2,4,2026
57799,2026-04-02 17:00:00.000,H24,MISSION BERMUDES,0.00,1.00,1.0,17,0,14,2,4,2026
57819,2026-04-02 18:00:00.000,H24,MISSION BERMUDES,0.00,0.00,0.0,18,0,14,2,4,2026
57839,2026-04-02 19:00:00.000,H24,MISSION BERMUDES,0.00,0.00,0.0,19,0,14,2,4,2026
57859,2026-04-02 20:00:00.000,H24,MISSION BERMUDES,0.00,0.00,0.0,20,0,14,2,4,2026
57879,2026-04-02 21:00:00.000,H24,MISSION BERMUDES,0.00,0.00,0.0,21,0,14,2,4,2026
57899,2026-04-02 22:00:00.000,H24,MISSION BERMUDES,0.00,0.00,0.0,22,0,14,2,4,2026
57919,2026-04-02 23:00:00.000,H24,MISSION BERMUDES,0.00,0.00,0.0,23,0,14,2,4,2026
57939,2026-04-03 00:00:00.000,H24,MISSION BERMUDES,0.00,0.00,0.0,0,0,14,3,4,2026
57959,2026-04-03 01:00:00.000,H24,MISSION BERMUDES,0.00,0.00,0.0,1,0,14,3,4,2026
57979,2026-04-03 02:00:00.000,H24,MISSION BERMUDES,0.00,0.00,0.0,2,0,14,3,4,2026
57999,2026-04-03 03:00:00.000,H24,MISSION BERMUDES,0.00,0.00,0.0,3,0,14,3,4,2026
58019,2026-04-03 04:00:00.000,H24,MISSION BERMUDES,0.00,0.00,0.0,4,0,14,3,4,2026
58039,2026-04-03 05:00:00.000,H24,MISSION BERMUDES,0.00,0.00,0.0,5,0,14,3,4,2026
58059,2026-04-03 06:00:00.000,H24,MISSION BERMUDES,0.00,0.00,0.0,6,0,14,3,4,2026
58115,2026-04-03 09:00:00.000,H24,MISSION BERMUDES,0.00,0.00,0.0,9,0,14,3,4,2026
58636,2026-04-03 10:00:00.000,H24,MISSION BERMUDES,0.50,0.00,0.0,10,0,14,3,4,2026
58656,2026-04-03 11:00:00.000,H24,MISSION BERMUDES,0.30,1.00,0.7,11,0,14,3,4,2026
58676,2026-04-03 12:00:00.000,H24,MISSION BERMUDES,0.00,1.00,1.0,12,0,14,3,4,2026
58696,2026-04-03 13:00:00.000,H24,MISSION BERMUDES,0.00,1.00,1.0,13,0,14,3,4,2026
58716,2026-04-03 14:00:00.000,H24,MISSION BERMUDES,0.00,1.00,1.0,14,0,14,3,4,2026
58736,2026-04-03 15:00:00.000,H24,MISSION BERMUDES,0.00,1.00,1.0,15,0,14,3,4,2026
58756,2026-04-03 16:00:00.000,H24,MISSION BERMUDES,0.00,1.00,1.0,16,0,14,3,4,2026
58776,2026-04-03 17:00:00.000,H24,MISSION BERMUDES,0.00,1.00,1.0,17,0,14,3,4,2026
58796,2026-04-03 18:00:00.000,H24,MISSION BERMUDES,0.00,0.00,0.0,18,0,14,3,4,2026
58816,2026-04-03 19:00:00.000,H24,MISSION BERMUDES,0.00,0.00,0.0,19,0,14,3,4,2026
58836,2026-04-03 20:00:00.000,H24,MISSION BERMUDES,0.00,0.00,0.0,20,0,14,3,4,2026
58856,2026-04-03 21:00:00.000,H24,MISSION BERMUDES,0.00,0.00,0.0,21,0,14,3,4,2026
58876,2026-04-03 22:00:00.000,H24,MISSION BERMUDES,0.00,0.00,0.0,22,0,14,3,4,2026
58896,2026-04-03 23:00:00.000,H24,MISSION BERMUDES,0.00,0.00,0.0,23,0,14,3,4,2026
58916,2026-04-04 00:00:00.000,H24,MISSION BERMUDES,0.00,0.00,0.0,0,0,14,4,4,2026
58936,2026-04-04 01:00:00.000,H24,MISSION BERMUDES,0.00,0.00,0.0,1,0,14,4,4,2026
58956,2026-04-04 02:00:00.000,H24,MISSION BERMUDES,0.00,0.00,0.0,2,0,14,4,4,2026
58976,2026-04-04 03:00:00.000,H24,MISSION BERMUDES,0.00,0.00,0.0,3,0,14,4,4,2026
58996,2026-04-04 04:00:00.000,H24,MISSION BERMUDES,0.00,0.00,0.0,4,0,14,4,4,2026
59016,2026-04-04 05:00:00.000,H24,MISSION BERMUDES,0.00,0.00,0.0,5,0,14,4,4,2026
59036,2026-04-04 06:00:00.000,H24,MISSION BERMUDES,0.00,0.00,0.0,6,0,14,4,4,2026
59058,2026-04-04 07:00:00.000,H24,MISSION BERMUDES,0.00,0.00,0.0,7,0,14,4,4,2026
59080,2026-04-04 08:00:00.000,H24,MISSION BERMUDES,0.00,0.00,0.0,8,0,14,4,4,2026
59102,2026-04-04 09:00:00.000,H24,MISSION BERMUDES,0.00,0.00,0.0,9,0,14,4,4,2026
59625,2026-04-04 10:00:00.000,H24,MISSION BERMUDES,0.35,1.00,0.65,10,0,14,4,4,2026
59647,2026-04-04 11:00:00.000,H24,MISSION BERMUDES,1.00,1.00,0.0,11,0,14,4,4,2026
59669,2026-04-04 12:00:00.000,H24,MISSION BERMUDES,0.85,1.00,0.15,12,0,14,4,4,2026
59691,2026-04-04 13:00:00.000,H24,MISSION BERMUDES,0.00,1.00,1.0,13,0,14,4,4,2026
59713,2026-04-04 14:00:00.000,H24,MISSION BERMUDES,0.00,1.00,1.0,14,0,14,4,4,2026
59735,2026-04-04 15:00:00.000,H24,MISSION BERMUDES,0.00,1.00,1.0,15,0,14,4,4,2026
59757,2026-04-04 16:00:00.000,H24,MISSION BERMUDES,0.00,1.00,1.0,16,0,14,4,4,2026
59779,2026-04-04 17:00:00.000,H24,MISSION BERMUDES,0.00,1.00,1.0,17,0,14,4,4,2026
59801,2026-04-04 18:00:00.000,H24,MISSION BERMUDES,0.00,1.00,1.0,18,0,14,4,4,2026
59823,2026-04-04 19:00:00.000,H24,MISSION BERMUDES,0.00,1.00,1.0,19,0,14,4,4,2026
59845,2026-04-04 20:00:00.000,H24,MISSION BERMUDES,0.00,1.00,1.0,20,0,14,4,4,2026
59867,2026-04-04 21:00:00.000,H24,MISSION BERMUDES,0.00,0.50,0.5,21,0,14,4,4,2026
59889,2026-04-04 22:00:00.000,H24,MISSION BERMUDES,0.00,0.00,0.0,22,0,14,4,4,2026
59911,2026-04-04 23:00:00.000,H24,MISSION BERMUDES,0.00,0.00,0.0,23,0,14,4,4,2026
59933,2026-04-05 00:00:00.000,H24,MISSION BERMUDES,0.00,0.00,0.0,0,0,15,5,4,2026
59955,2026-04-05 01:00:00.000,H24,MISSION BERMUDES,0.00,0.00,0.0,1,0,15,5,4,2026
59977,2026-04-05 02:00:00.000,H24,MISSION BERMUDES,0.00,0.00,0.0,2,0,15,5,4,2026
59999,2026-04-05 03:00:00.000,H24,MISSION BERMUDES,0.00,0.00,0.0,3,0,15,5,4,2026
60021,2026-04-05 04:00:00.000,H24,MISSION BERMUDES,0.00,0.00,0.0,4,0,15,5,4,2026
60043,2026-04-05 05:00:00.000,H24,MISSION BERMUDES,0.00,0.00,0.0,5,0,15,5,4,2026
60065,2026-04-05 06:00:00.000,H24,MISSION BERMUDES,0.00,0.00,0.0,6,0,15,5,4,2026
60088,2026-04-05 07:00:00.000,H24,MISSION BERMUDES,0.00,0.00,0.0,7,0,15,5,4,2026
60111,2026-04-05 08:00:00.000,H24,MISSION BERMUDES,0.00,0.00,0.0,8,0,15,5,4,2026
60635,2026-04-05 09:00:00.000,H24,MISSION BERMUDES,0.00,0.00,0.0,9,0,15,5,4,2026
60658,2026-04-05 10:00:00.000,H24,MISSION BERMUDES,0.45,1.00,0.55,10,0,15,5,4,2026
60681,2026-04-05 11:00:00.000,H24,MISSION BERMUDES,0.00,1.00,1.0,11,0,15,5,4,2026
60704,2026-04-05 12:00:00.000,H24,MISSION BERMUDES,0.00,1.00,1.0,12,0,15,5,4,2026
60727,2026-04-05 13:00:00.000,H24,MISSION BERMUDES,0.15,1.00,0.85,13,0,15,5,4,2026
60750,2026-04-05 14:00:00.000,H24,MISSION BERMUDES,0.65,1.00,0.35,14,0,15,5,4,2026
60773,2026-04-05 15:00:00.000,H24,MISSION BERMUDES,0.00,1.00,1.0,15,0,15,5,4,2026
60796,2026-04-05 16:00:00.000,H24,MISSION BERMUDES,0.50,1.00,0.5,16,0,15,5,4,2026
60819,2026-04-05 17:00:00.000,H24,MISSION BERMUDES,0.00,1.00,1.0,17,0,15,5,4,2026
60842,2026-04-05 18:00:00.000,H24,MISSION BERMUDES,0.00,1.00,1.0,18,0,15,5,4,2026
60865,2026-04-05 19:00:00.000,H24,MISSION BERMUDES,0.00,1.00,1.0,19,0,15,5,4,2026
60888,2026-04-05 20:00:00.000,H24,MISSION BERMUDES,0.25,1.00,0.75,20,0,15,5,4,2026
60911,2026-04-05 21:00:00.000,H24,MISSION BERMUDES,0.00,1.00,1.0,21,0,15,5,4,2026
60934,2026-04-05 22:00:00.000,H24,MISSION BERMUDES,0.00,0.05,0.05,22,0,15,5,4,2026
60957,2026-04-05 23:00:00.000,H24,MISSION BERMUDES,0.00,0.00,0.0,23,0,15,5,4,2026
60980,2026-04-06 00:00:00.000,H24,MISSION BERMUDES,0.00,0.00,0.0,0,0,15,6,4,2026
61003,2026-04-06 01:00:00.000,H24,MISSION BERMUDES,0.00,0.00,0.0,1,0,15,6,4,2026
61026,2026-04-06 02:00:00.000,H24,MISSION BERMUDES,0.00,0.00,0.0,2,0,15,6,4,2026
61049,2026-04-06 03:00:00.000,H24,MISSION BERMUDES,0.00,0.00,0.0,3,0,15,6,4,2026
61072,2026-04-06 04:00:00.000,H24,MISSION BERMUDES,0.00,0.00,0.0,4,0,15,6,4,2026
61095,2026-04-06 05:00:00.000,H24,MISSION BERMUDES,0.00,0.00,0.0,5,0,15,6,4,2026
61118,2026-04-06 06:00:00.000,H24,MISSION BERMUDES,0.00,0.00,0.0,6,0,15,6,4,2026
61641,2026-04-06 07:00:00.000,H24,MISSION BERMUDES,0.00,0.00,0.0,7,0,15,6,4,2026
61663,2026-04-06 08:00:00.000,H24,MISSION BERMUDES,0.00,0.00,0.0,8,0,15,6,4,2026
61685,2026-04-06 09:00:00.000,H24,MISSION BERMUDES,0.00,0.00,0.0,9,0,15,6,4,2026
61707,2026-04-06 10:00:00.000,H24,MISSION BERMUDES,0.00,1.00,1.0,10,0,15,6,4,2026
61729,2026-04-06 11:00:00.000,H24,MISSION BERMUDES,0.00,1.00,1.0,11,0,15,6,4,2026
61751,2026-04-06 12:00:00.000,H24,MISSION BERMUDES,0.00,1.00,1.0,12,0,15,6,4,2026
61773,2026-04-06 13:00:00.000,H24,MISSION BERMUDES,0.00,1.00,1.0,13,0,15,6,4,2026
61795,2026-04-06 14:00:00.000,H24,MISSION BERMUDES,0.20,1.00,0.8,14,0,15,6,4,2026
61817,2026-04-06 15:00:00.000,H24,MISSION BERMUDES,0.00,1.00,1.0,15,0,15,6,4,2026
61839,2026-04-06 16:00:00.000,H24,MISSION BERMUDES,0.00,1.00,1.0,16,0,15,6,4,2026
61861,2026-04-06 17:00:00.000,H24,MISSION BERMUDES,0.00,1.00,1.0,17,0,15,6,4,2026
61883,2026-04-06 18:00:00.000,H24,MISSION BERMUDES,0.00,1.00,1.0,18,0,15,6,4,2026
61905,2026-04-06 19:00:00.000,H24,MISSION BERMUDES,0.00,1.00,1.0,19,0,15,6,4,2026
61927,2026-04-06 20:00:00.000,H24,MISSION BERMUDES,0.00,1.00,1.0,20,0,15,6,4,2026
61949,2026-04-06 21:00:00.000,H24,MISSION BERMUDES,0.00,0.55,0.55,21,0,15,6,4,2026
61971,2026-04-06 22:00:00.000,H24,MISSION BERMUDES,0.00,0.00,0.0,22,0,15,6,4,2026
61993,2026-04-06 23:00:00.000,H24,MISSION BERMUDES,0.00,0.00,0.0,23,0,15,6,4,2026
62015,2026-04-07 00:00:00.000,H24,MISSION BERMUDES,0.00,0.00,0.0,0,0,15,7,4,2026
62037,2026-04-07 01:00:00.000,H24,MISSION BERMUDES,0.00,0.00,0.0,1,0,15,7,4,2026
62059,2026-04-07 02:00:00.000,H24,MISSION BERMUDES,0.00,0.00,0.0,2,0,15,7,4,2026
62081,2026-04-07 03:00:00.000,H24,MISSION BERMUDES,0.00,0.00,0.0,3,0,15,7,4,2026
62103,2026-04-07 04:00:00.000,H24,MISSION BERMUDES,0.00,0.00,0.0,4,0,15,7,4,2026
62626,2026-04-07 05:00:00.000,H24,MISSION BERMUDES,0.00,0.00,0.0,5,0,15,7,4,2026
62648,2026-04-07 06:00:00.000,H24,MISSION BERMUDES,0.00,0.00,0.0,6,0,15,7,4,2026
62670,2026-04-07 07:00:00.000,H24,MISSION BERMUDES,0.00,0.00,0.0,7,0,15,7,4,2026
62692,2026-04-07 08:00:00.000,H24,MISSION BERMUDES,0.00,0.00,0.0,8,0,15,7,4,2026
62714,2026-04-07 09:00:00.000,H24,MISSION BERMUDES,0.00,0.00,0.0,9,0,15,7,4,2026
62736,2026-04-07 10:00:00.000,H24,MISSION BERMUDES,0.00,1.00,1.0,10,0,15,7,4,2026
62758,2026-04-07 11:00:00.000,H24,MISSION BERMUDES,0.00,1.00,1.0,11,0,15,7,4,2026
62780,2026-04-07 12:00:00.000,H24,MISSION BERMUDES,0.00,1.00,1.0,12,0,15,7,4,2026
62802,2026-04-07 13:00:00.000,H24,MISSION BERMUDES,0.00,1.00,1.0,13,0,15,7,4,2026
62824,2026-04-07 14:00:00.000,H24,MISSION BERMUDES,0.00,1.00,1.0,14,0,15,7,4,2026
62846,2026-04-07 15:00:00.000,H24,MISSION BERMUDES,0.00,1.00,1.0,15,0,15,7,4,2026
62868,2026-04-07 16:00:00.000,H24,MISSION BERMUDES,0.15,1.00,0.85,16,0,15,7,4,2026
62890,2026-04-07 17:00:00.000,H24,MISSION BERMUDES,0.20,1.00,0.8,17,0,15,7,4,2026
62912,2026-04-07 18:00:00.000,H24,MISSION BERMUDES,0.45,1.00,0.55,18,0,15,7,4,2026
62934,2026-04-07 19:00:00.000,H24,MISSION BERMUDES,0.05,1.00,0.95,19,0,15,7,4,2026
62956,2026-04-07 20:00:00.000,H24,MISSION BERMUDES,0.00,1.00,1.0,20,0,15,7,4,2026
62978,2026-04-07 21:00:00.000,H24,MISSION BERMUDES,0.00,0.50,0.5,21,0,15,7,4,2026
63000,2026-04-07 22:00:00.000,H24,MISSION BERMUDES,0.00,0.00,0.0,22,0,15,7,4,2026
63022,2026-04-07 23:00:00.000,H24,MISSION BERMUDES,0.00,0.00,0.0,23,0,15,7,4,2026
63044,2026-04-08 00:00:00.000,H24,MISSION BERMUDES,0.00,0.00,0.0,0,0,15,8,4,2026
63066,2026-04-08 01:00:00.000,H24,MISSION BERMUDES,0.00,0.00,0.0,1,0,15,8,4,2026
63088,2026-04-08 02:00:00.000,H24,MISSION BERMUDES,0.00,0.00,0.0,2,0,15,8,4,2026
63110,2026-04-08 03:00:00.000,H24,MISSION BERMUDES,0.00,0.00,0.0,3,0,15,8,4,2026
63633,2026-04-08 04:00:00.000,H24,MISSION BERMUDES,0.00,0.00,0.0,4,0,15,8,4,2026
63655,2026-04-08 05:00:00.000,H24,MISSION BERMUDES,0.00,0.00,0.0,5,0,15,8,4,2026
63677,2026-04-08 06:00:00.000,H24,MISSION BERMUDES,0.00,0.00,0.0,6,0,15,8,4,2026
63699,2026-04-08 07:00:00.000,H24,MISSION BERMUDES,0.00,0.00,0.0,7,0,15,8,4,2026
63721,2026-04-08 08:00:00.000,H24,MISSION BERMUDES,0.00,0.00,0.0,8,0,15,8,4,2026
63743,2026-04-08 09:00:00.000,H24,MISSION BERMUDES,0.95,0.20,0.0,9,0,15,8,4,2026
63765,2026-04-08 10:00:00.000,H24,MISSION BERMUDES,1.00,1.00,0.0,10,0,15,8,4,2026
63787,2026-04-08 11:00:00.000,H24,MISSION BERMUDES,1.00,1.00,0.0,11,0,15,8,4,2026
63809,2026-04-08 12:00:00.000,H24,MISSION BERMUDES,0.55,1.00,0.45,12,0,15,8,4,2026
63831,2026-04-08 13:00:00.000,H24,MISSION BERMUDES,0.00,1.00,1.0,13,0,15,8,4,2026
63853,2026-04-08 14:00:00.000,H24,MISSION BERMUDES,0.00,1.00,1.0,14,0,15,8,4,2026
63875,2026-04-08 15:00:00.000,H24,MISSION BERMUDES,0.00,1.00,1.0,15,0,15,8,4,2026
63897,2026-04-08 16:00:00.000,H24,MISSION BERMUDES,0.00,1.00,1.0,16,0,15,8,4,2026
63919,2026-04-08 17:00:00.000,H24,MISSION BERMUDES,0.00,1.00,1.0,17,0,15,8,4,2026
63941,2026-04-08 18:00:00.000,H24,MISSION BERMUDES,0.00,1.00,1.0,18,0,15,8,4,2026
63963,2026-04-08 19:00:00.000,H24,MISSION BERMUDES,0.00,1.00,1.0,19,0,15,8,4,2026
63985,2026-04-08 20:00:00.000,H24,MISSION BERMUDES,0.00,1.00,1.0,20,0,15,8,4,2026
64007,2026-04-08 21:00:00.000,H24,MISSION BERMUDES,0.00,0.50,0.5,21,0,15,8,4,2026
64029,2026-04-08 22:00:00.000,H24,MISSION BERMUDES,0.00,0.00,0.0,22,0,15,8,4,2026
64051,2026-04-08 23:00:00.000,H24,MISSION BERMUDES,0.00,0.00,0.0,23,0,15,8,4,2026
64073,2026-04-09 00:00:00.000,H24,MISSION BERMUDES,0.00,0.00,0.0,0,0,15,9,4,2026
64095,2026-04-09 01:00:00.000,H24,MISSION BERMUDES,0.00,0.00,0.0,1,0,15,9,4,2026
64117,2026-04-09 02:00:00.000,H24,MISSION BERMUDES,0.00,0.00,0.0,2,0,15,9,4,2026
64640,2026-04-09 03:00:00.000,H24,MISSION BERMUDES,0.00,0.00,0.0,3,0,15,9,4,2026
64662,2026-04-09 04:00:00.000,H24,MISSION BERMUDES,0.00,0.00,0.0,4,0,15,9,4,2026
64684,2026-04-09 05:00:00.000,H24,MISSION BERMUDES,0.00,0.00,0.0,5,0,15,9,4,2026
64706,2026-04-09 06:00:00.000,H24,MISSION BERMUDES,0.00,0.00,0.0,6,0,15,9,4,2026
64728,2026-04-09 07:00:00.000,H24,MISSION BERMUDES,0.00,0.00,0.0,7,0,15,9,4,2026
64750,2026-04-09 08:00:00.000,H24,MISSION BERMUDES,0.00,0.00,0.0,8,0,15,9,4,2026
64772,2026-04-09 09:00:00.000,H24,MISSION BERMUDES,0.00,0.00,0.0,9,0,15,9,4,2026
64794,2026-04-09 10:00:00.000,H24,MISSION BERMUDES,0.85,1.00,0.15,10,0,15,9,4,2026
64816,2026-04-09 11:00:00.000,H24,MISSION BERMUDES,0.95,1.00,0.05,11,0,15,9,4,2026
64838,2026-04-09 12:00:00.000,H24,MISSION BERMUDES,0.00,1.00,1.0,12,0,15,9,4,2026
64860,2026-04-09 13:00:00.000,H24,MISSION BERMUDES,0.00,1.00,1.0,13,0,15,9,4,2026
64882,2026-04-09 14:00:00.000,H24,MISSION BERMUDES,0.00,1.00,1.0,14,0,15,9,4,2026
64904,2026-04-09 15:00:00.000,H24,MISSION BERMUDES,0.75,1.00,0.25,15,0,15,9,4,2026
64926,2026-04-09 16:00:00.000,H24,MISSION BERMUDES,0.20,1.00,0.8,16,0,15,9,4,2026
64948,2026-04-09 17:00:00.000,H24,MISSION BERMUDES,0.10,1.00,0.9,17,0,15,9,4,2026
64970,2026-04-09 18:00:00.000,H24,MISSION BERMUDES,0.55,1.00,0.45,18,0,15,9,4,2026
64992,2026-04-09 19:00:00.000,H24,MISSION BERMUDES,0.20,1.00,0.8,19,0,15,9,4,2026
65014,2026-04-09 20:00:00.000,H24,MISSION BERMUDES,0.00,1.00,1.0,20,0,15,9,4,2026
65036,2026-04-09 21:00:00.000,H24,MISSION BERMUDES,0.00,0.55,0.55,21,0,15,9,4,2026
65058,2026-04-09 22:00:00.000,H24,MISSION BERMUDES,0.00,0.00,0.0,22,0,15,9,4,2026
65080,2026-04-09 23:00:00.000,H24,MISSION BERMUDES,0.00,0.00,0.0,23,0,15,9,4,2026
65102,2026-04-10 00:00:00.000,H24,MISSION BERMUDES,0.00,0.00,0.0,0,0,15,10,4,2026
65124,2026-04-10 01:00:00.000,H24,MISSION BERMUDES,0.00,0.00,0.0,1,0,15,10,4,2026
65647,2026-04-10 02:00:00.000,H24,MISSION BERMUDES,0.00,0.00,0.0,2,0,15,10,4,2026
65669,2026-04-10 03:00:00.000,H24,MISSION BERMUDES,0.00,0.00,0.0,3,0,15,10,4,2026
65691,2026-04-10 04:00:00.000,H24,MISSION BERMUDES,0.00,0.00,0.0,4,0,15,10,4,2026
65713,2026-04-10 05:00:00.000,H24,MISSION BERMUDES,0.00,0.00,0.0,5,0,15,10,4,2026
65735,2026-04-10 06:00:00.000,H24,MISSION BERMUDES,0.00,0.00,0.0,6,0,15,10,4,2026
65756,2026-04-10 07:00:00.000,H24,MISSION BERMUDES,0.00,0.00,0.0,7,0,15,10,4,2026
65777,2026-04-10 08:00:00.000,H24,MISSION BERMUDES,0.00,0.00,0.0,8,0,15,10,4,2026
65799,2026-04-10 09:00:00.000,H24,MISSION BERMUDES,0.00,0.00,0.0,9,0,15,10,4,2026
65821,2026-04-10 10:00:00.000,H24,MISSION BERMUDES,0.00,0.15,0.15,10,0,15,10,4,2026
65843,2026-04-10 11:00:00.000,H24,MISSION BERMUDES,0.00,1.00,1.0,11,0,15,10,4,2026
65865,2026-04-10 12:00:00.000,H24,MISSION BERMUDES,0.25,1.00,0.75,12,0,15,10,4,2026
65887,2026-04-10 13:00:00.000,H24,MISSION BERMUDES,0.00,1.00,1.0,13,0,15,10,4,2026
65909,2026-04-10 14:00:00.000,H24,MISSION BERMUDES,0.00,1.00,1.0,14,0,15,10,4,2026
65931,2026-04-10 15:00:00.000,H24,MISSION BERMUDES,0.00,1.00,1.0,15,0,15,10,4,2026
65953,2026-04-10 16:00:00.000,H24,MISSION BERMUDES,0.00,1.00,1.0,16,0,15,10,4,2026
65975,2026-04-10 17:00:00.000,H24,MISSION BERMUDES,0.00,1.00,1.0,17,0,15,10,4,2026
65997,2026-04-10 18:00:00.000,H24,MISSION BERMUDES,0.00,1.00,1.0,18,0,15,10,4,2026
66019,2026-04-10 19:00:00.000,H24,MISSION BERMUDES,0.65,1.00,0.35,19,0,15,10,4,2026
66041,2026-04-10 20:00:00.000,H24,MISSION BERMUDES,0.00,1.00,1.0,20,0,15,10,4,2026
66063,2026-04-10 21:00:00.000,H24,MISSION BERMUDES,0.00,0.55,0.55,21,0,15,10,4,2026
66085,2026-04-10 22:00:00.000,H24,MISSION BERMUDES,0.00,0.00,0.0,22,0,15,10,4,2026
66107,2026-04-10 23:00:00.000,H24,MISSION BERMUDES,0.00,0.00,0.0,23,0,15,10,4,2026
66129,2026-04-11 00:00:00.000,H24,MISSION BERMUDES,0.00,0.00,0.0,0,0,15,11,4,2026
66652,2026-04-11 01:00:00.000,H24,MISSION BERMUDES,0.00,0.00,0.0,1,0,15,11,4,2026
66674,2026-04-11 02:00:00.000,H24,MISSION BERMUDES,0.00,0.00,0.0,2,0,15,11,4,2026
66696,2026-04-11 03:00:00.000,H24,MISSION BERMUDES,0.00,0.00,0.0,3,0,15,11,4,2026
66718,2026-04-11 04:00:00.000,H24,MISSION BERMUDES,0.00,0.00,0.0,4,0,15,11,4,2026
66740,2026-04-11 05:00:00.000,H24,MISSION BERMUDES,0.00,0.00,0.0,5,0,15,11,4,2026
66762,2026-04-11 06:00:00.000,H24,MISSION BERMUDES,0.00,0.00,0.0,6,0,15,11,4,2026
66784,2026-04-11 07:00:00.000,H24,MISSION BERMUDES,0.00,0.00,0.0,7,0,15,11,4,2026
66806,2026-04-11 08:00:00.000,H24,MISSION BERMUDES,0.00,0.00,0.0,8,0,15,11,4,2026
66828,2026-04-11 09:00:00.000,H24,MISSION BERMUDES,0.00,0.00,0.0,9,0,15,11,4,2026
66850,2026-04-11 10:00:00.000,H24,MISSION BERMUDES,0.00,1.00,1.0,10,0,15,11,4,2026
66872,2026-04-11 11:00:00.000,H24,MISSION BERMUDES,0.00,1.00,1.0,11,0,15,11,4,2026
66894,2026-04-11 12:00:00.000,H24,MISSION BERMUDES,0.00,1.00,1.0,12,0,15,11,4,2026
66916,2026-04-11 13:00:00.000,H24,MISSION BERMUDES,0.00,1.00,1.0,13,0,15,11,4,2026
66938,2026-04-11 14:00:00.000,H24,MISSION BERMUDES,0.25,1.00,0.75,14,0,15,11,4,2026
66960,2026-04-11 15:00:00.000,H24,MISSION BERMUDES,0.00,1.00,1.0,15,0,15,11,4,2026
66982,2026-04-11 16:00:00.000,H24,MISSION BERMUDES,0.00,1.00,1.0,16,0,15,11,4,2026
67004,2026-04-11 17:00:00.000,H24,MISSION BERMUDES,0.00,1.00,1.0,17,0,15,11,4,2026
67026,2026-04-11 18:00:00.000,H24,MISSION BERMUDES,0.00,1.00,1.0,18,0,15,11,4,2026
67048,2026-04-11 19:00:00.000,H24,MISSION BERMUDES,0.00,1.00,1.0,19,0,15,11,4,2026
67070,2026-04-11 20:00:00.000,H24,MISSION BERMUDES,0.00,1.00,1.0,20,0,15,11,4,2026
67092,2026-04-11 21:00:00.000,H24,MISSION BERMUDES,0.65,0.50,0.0,21,0,15,11,4,2026
67114,2026-04-11 22:00:00.000,H24,MISSION BERMUDES,1.00,0.00,0.0,22,0,15,11,4,2026
67637,2026-04-11 23:00:00.000,H24,MISSION BERMUDES,1.00,0.00,0.0,23,0,15,11,4,2026
67659,2026-04-12 00:00:00.000,H24,MISSION BERMUDES,1.00,0.00,0.0,0,0,16,12,4,2026
67681,2026-04-12 01:00:00.000,H24,MISSION BERMUDES,1.00,0.00,0.0,1,0,16,12,4,2026
67703,2026-04-12 02:00:00.000,H24,MISSION BERMUDES,1.00,0.00,0.0,2,0,16,12,4,2026
67725,2026-04-12 03:00:00.000,H24,MISSION BERMUDES,1.00,0.00,0.0,3,0,16,12,4,2026
67747,2026-04-12 04:00:00.000,H24,MISSION BERMUDES,1.00,0.00,0.0,4,0,16,12,4,2026
67769,2026-04-12 05:00:00.000,H24,MISSION BERMUDES,1.00,0.00,0.0,5,0,16,12,4,2026
67791,2026-04-12 06:00:00.000,H24,MISSION BERMUDES,1.00,0.00,0.0,6,0,16,12,4,2026
67813,2026-04-12 07:00:00.000,H24,MISSION BERMUDES,1.00,0.00,0.0,7,0,16,12,4,2026
67835,2026-04-12 08:00:00.000,H24,MISSION BERMUDES,1.00,0.00,0.0,8,0,16,12,4,2026
67857,2026-04-12 09:00:00.000,H24,MISSION BERMUDES,1.00,0.00,0.0,9,0,16,12,4,2026
67879,2026-04-12 10:00:00.000,H24,MISSION BERMUDES,0.45,0.60,0.15,10,0,16,12,4,2026
67901,2026-04-12 11:00:00.000,H24,MISSION BERMUDES,0.00,1.00,1.0,11,0,16,12,4,2026
67923,2026-04-12 12:00:00.000,H24,MISSION BERMUDES,0.00,1.00,1.0,12,0,16,12,4,2026
67945,2026-04-12 13:00:00.000,H24,MISSION BERMUDES,0.00,1.00,1.0,13,0,16,12,4,2026
67967,2026-04-12 14:00:00.000,H24,MISSION BERMUDES,0.00,1.00,1.0,14,0,16,12,4,2026
67989,2026-04-12 15:00:00.000,H24,MISSION BERMUDES,0.00,1.00,1.0,15,0,16,12,4,2026
68011,2026-04-12 16:00:00.000,H24,MISSION BERMUDES,0.00,1.00,1.0,16,0,16,12,4,2026
68033,2026-04-12 17:00:00.000,H24,MISSION BERMUDES,0.00,1.00,1.0,17,0,16,12,4,2026
68055,2026-04-12 18:00:00.000,H24,MISSION BERMUDES,0.00,1.00,1.0,18,0,16,12,4,2026
68077,2026-04-12 19:00:00.000,H24,MISSION BERMUDES,0.00,1.00,1.0,19,0,16,12,4,2026
68099,2026-04-12 20:00:00.000,H24,MISSION BERMUDES,0.00,1.00,1.0,20,0,16,12,4,2026
68121,2026-04-12 21:00:00.000,H24,MISSION BERMUDES,0.00,0.50,0.5,21,0,16,12,4,2026
68644,2026-04-12 22:00:00.000,H24,MISSION BERMUDES,0.00,0.00,0.0,22,0,16,12,4,2026
68666,2026-04-12 23:00:00.000,H24,MISSION BERMUDES,0.00,0.00,0.0,23,0,16,12,4,2026
68688,2026-04-13 00:00:00.000,H24,MISSION BERMUDES,0.00,0.00,0.0,0,0,16,13,4,2026
68710,2026-04-13 01:00:00.000,H24,MISSION BERMUDES,0.00,0.00,0.0,1,0,16,13,4,2026
68732,2026-04-13 02:00:00.000,H24,MISSION BERMUDES,0.00,0.00,0.0,2,0,16,13,4,2026
68754,2026-04-13 03:00:00.000,H24,MISSION BERMUDES,0.00,0.00,0.0,3,0,16,13,4,2026
68776,2026-04-13 04:00:00.000,H24,MISSION BERMUDES,0.00,0.00,0.0,4,0,16,13,4,2026
68798,2026-04-13 05:00:00.000,H24,MISSION BERMUDES,0.00,0.00,0.0,5,0,16,13,4,2026
68820,2026-04-13 06:00:00.000,H24,MISSION BERMUDES,0.00,0.00,0.0,6,0,16,13,4,2026
68842,2026-04-13 07:00:00.000,H24,MISSION BERMUDES,0.00,0.00,0.0,7,0,16,13,4,2026
68864,2026-04-13 08:00:00.000,H24,MISSION BERMUDES,0.00,0.00,0.0,8,0,16,13,4,2026
68886,2026-04-13 09:00:00.000,H24,MISSION BERMUDES,0.00,0.00,0.0,9,0,16,13,4,2026
68908,2026-04-13 10:00:00.000,H24,MISSION BERMUDES,0.00,1.00,1.0,10,0,16,13,4,2026
68930,2026-04-13 11:00:00.000,H24,MISSION BERMUDES,0.00,1.00,1.0,11,0,16,13,4,2026
68952,2026-04-13 12:00:00.000,H24,MISSION BERMUDES,0.00,1.00,1.0,12,0,16,13,4,2026
68974,2026-04-13 13:00:00.000,H24,MISSION BERMUDES,0.00,1.00,1.0,13,0,16,13,4,2026
68996,2026-04-13 14:00:00.000,H24,MISSION BERMUDES,0.00,1.00,1.0,14,0,16,13,4,2026
69018,2026-04-13 15:00:00.000,H24,MISSION BERMUDES,0.00,1.00,1.0,15,0,16,13,4,2026
69040,2026-04-13 16:00:00.000,H24,MISSION BERMUDES,0.00,1.00,1.0,16,0,16,13,4,2026
69062,2026-04-13 17:00:00.000,H24,MISSION BERMUDES,0.20,1.00,0.8,17,0,16,13,4,2026
69084,2026-04-13 18:00:00.000,H24,MISSION BERMUDES,0.00,1.00,1.0,18,0,16,13,4,2026
69106,2026-04-13 19:00:00.000,H24,MISSION BERMUDES,0.00,1.00,1.0,19,0,16,13,4,2026
69128,2026-04-13 20:00:00.000,H24,MISSION BERMUDES,0.00,1.00,1.0,20,0,16,13,4,2026
69651,2026-04-13 21:00:00.000,H24,MISSION BERMUDES,0.00,0.55,0.55,21,0,16,13,4,2026
69673,2026-04-13 22:00:00.000,H24,MISSION BERMUDES,0.00,0.00,0.0,22,0,16,13,4,2026
69695,2026-04-13 23:00:00.000,H24,MISSION BERMUDES,0.00,0.00,0.0,23,0,16,13,4,2026
69717,2026-04-14 00:00:00.000,H24,MISSION BERMUDES,0.00,0.00,0.0,0,0,16,14,4,2026
69739,2026-04-14 01:00:00.000,H24,MISSION BERMUDES,0.00,0.00,0.0,1,0,16,14,4,2026
69761,2026-04-14 02:00:00.000,H24,MISSION BERMUDES,0.00,0.00,0.0,2,0,16,14,4,2026
69783,2026-04-14 03:00:00.000,H24,MISSION BERMUDES,0.00,0.00,0.0,3,0,16,14,4,2026
69805,2026-04-14 04:00:00.000,H24,MISSION BERMUDES,0.00,0.00,0.0,4,0,16,14,4,2026
69827,2026-04-14 05:00:00.000,H24,MISSION BERMUDES,0.00,0.00,0.0,5,0,16,14,4,2026
69849,2026-04-14 06:00:00.000,H24,MISSION BERMUDES,0.00,0.00,0.0,6,0,16,14,4,2026
69871,2026-04-14 07:00:00.000,H24,MISSION BERMUDES,0.00,0.00,0.0,7,0,16,14,4,2026
69893,2026-04-14 08:00:00.000,H24,MISSION BERMUDES,0.00,0.00,0.0,8,0,16,14,4,2026
69915,2026-04-14 09:00:00.000,H24,MISSION BERMUDES,0.00,0.00,0.0,9,0,16,14,4,2026
69937,2026-04-14 10:00:00.000,H24,MISSION BERMUDES,0.00,1.00,1.0,10,0,16,14,4,2026
69959,2026-04-14 11:00:00.000,H24,MISSION BERMUDES,0.00,1.00,1.0,11,0,16,14,4,2026
69981,2026-04-14 12:00:00.000,H24,MISSION BERMUDES,0.00,1.00,1.0,12,0,16,14,4,2026
70003,2026-04-14 13:00:00.000,H24,MISSION BERMUDES,0.00,1.00,1.0,13,0,16,14,4,2026
70025,2026-04-14 14:00:00.000,H24,MISSION BERMUDES,0.00,1.00,1.0,14,0,16,14,4,2026
70047,2026-04-14 15:00:00.000,H24,MISSION BERMUDES,0.15,1.00,0.85,15,0,16,14,4,2026
70069,2026-04-14 16:00:00.000,H24,MISSION BERMUDES,0.10,1.00,0.9,16,0,16,14,4,2026
70091,2026-04-14 17:00:00.000,H24,MISSION BERMUDES,0.30,1.00,0.7,17,0,16,14,4,2026
70113,2026-04-14 18:00:00.000,H24,MISSION BERMUDES,0.15,1.00,0.85,18,0,16,14,4,2026
70135,2026-04-14 19:00:00.000,H24,MISSION BERMUDES,0.00,1.00,1.0,19,0,16,14,4,2026
70658,2026-04-14 20:00:00.000,H24,MISSION BERMUDES,0.00,1.00,1.0,20,0,16,14,4,2026
70680,2026-04-14 21:00:00.000,H24,MISSION BERMUDES,0.00,0.55,0.55,21,0,16,14,4,2026
70702,2026-04-14 22:00:00.000,H24,MISSION BERMUDES,0.00,0.00,0.0,22,0,16,14,4,2026
70724,2026-04-14 23:00:00.000,H24,MISSION BERMUDES,0.00,0.00,0.0,23,0,16,14,4,2026
70746,2026-04-15 00:00:00.000,H24,MISSION BERMUDES,0.00,0.00,0.0,0,0,16,15,4,2026
70768,2026-04-15 01:00:00.000,H24,MISSION BERMUDES,0.00,0.00,0.0,1,0,16,15,4,2026
70790,2026-04-15 02:00:00.000,H24,MISSION BERMUDES,0.00,0.00,0.0,2,0,16,15,4,2026
70812,2026-04-15 03:00:00.000,H24,MISSION BERMUDES,0.00,0.00,0.0,3,0,16,15,4,2026
70834,2026-04-15 04:00:00.000,H24,MISSION BERMUDES,0.00,0.00,0.0,4,0,16,15,4,2026
70856,2026-04-15 05:00:00.000,H24,MISSION BERMUDES,0.00,0.00,0.0,5,0,16,15,4,2026
70878,2026-04-15 06:00:00.000,H24,MISSION BERMUDES,0.00,0.00,0.0,6,0,16,15,4,2026
70900,2026-04-15 07:00:00.000,H24,MISSION BERMUDES,0.00,0.00,0.0,7,0,16,15,4,2026
70922,2026-04-15 08:00:00.000,H24,MISSION BERMUDES,0.00,0.00,0.0,8,0,16,15,4,2026
70944,2026-04-15 09:00:00.000,H24,MISSION BERMUDES,0.00,0.00,0.0,9,0,16,15,4,2026
70966,2026-04-15 10:00:00.000,H24,MISSION BERMUDES,0.80,1.00,0.2,10,0,16,15,4,2026
70988,2026-04-15 11:00:00.000,H24,MISSION BERMUDES,1.00,1.00,0.0,11,0,16,15,4,2026
71010,2026-04-15 12:00:00.000,H24,MISSION BERMUDES,1.00,1.00,0.0,12,0,16,15,4,2026
71032,2026-04-15 13:00:00.000,H24,MISSION BERMUDES,1.00,1.00,0.0,13,0,16,15,4,2026
71054,2026-04-15 14:00:00.000,H24,MISSION BERMUDES,1.00,1.00,0.0,14,0,16,15,4,2026
71076,2026-04-15 15:00:00.000,H24,MISSION BERMUDES,1.00,1.00,0.0,15,0,16,15,4,2026
71098,2026-04-15 16:00:00.000,H24,MISSION BERMUDES,1.00,1.00,0.0,16,0,16,15,4,2026
71120,2026-04-15 17:00:00.000,H24,MISSION BERMUDES,1.00,1.00,0.0,17,0,16,15,4,2026
71643,2026-04-15 18:00:00.000,H24,MISSION BERMUDES,1.00,1.00,0.0,18,0,16,15,4,2026
71665,2026-04-15 19:00:00.000,H24,MISSION BERMUDES,0.45,1.00,0.55,19,0,16,15,4,2026
71687,2026-04-15 20:00:00.000,H24,MISSION BERMUDES,0.00,1.00,1.0,20,0,16,15,4,2026
71709,2026-04-15 21:00:00.000,H24,MISSION BERMUDES,0.00,0.55,0.55,21,0,16,15,4,2026
71731,2026-04-15 22:00:00.000,H24,MISSION BERMUDES,0.00,0.00,0.0,22,0,16,15,4,2026
71753,2026-04-15 23:00:00.000,H24,MISSION BERMUDES,0.00,0.00,0.0,23,0,16,15,4,2026
71775,2026-04-16 00:00:00.000,H24,MISSION BERMUDES,0.00,0.00,0.0,0,0,16,16,4,2026
71797,2026-04-16 01:00:00.000,H24,MISSION BERMUDES,0.00,0.00,0.0,1,0,16,16,4,2026
71819,2026-04-16 02:00:00.000,H24,MISSION BERMUDES,0.00,0.00,0.0,2,0,16,16,4,2026
71841,2026-04-16 03:00:00.000,H24,MISSION BERMUDES,0.00,0.00,0.0,3,0,16,16,4,2026
71863,2026-04-16 04:00:00.000,H24,MISSION BERMUDES,0.00,0.00,0.0,4,0,16,16,4,2026
71885,2026-04-16 05:00:00.000,H24,MISSION BERMUDES,0.00,0.00,0.0,5,0,16,16,4,2026
71907,2026-04-16 06:00:00.000,H24,MISSION BERMUDES,0.00,0.00,0.0,6,0,16,16,4,2026
71929,2026-04-16 07:00:00.000,H24,MISSION BERMUDES,0.00,0.00,0.0,7,0,16,16,4,2026
71951,2026-04-16 08:00:00.000,H24,MISSION BERMUDES,0.00,0.00,0.0,8,0,16,16,4,2026
71973,2026-04-16 09:00:00.000,H24,MISSION BERMUDES,0.00,0.00,0.0,9,0,16,16,4,2026
71995,2026-04-16 10:00:00.000,H24,MISSION BERMUDES,0.20,1.00,0.8,10,0,16,16,4,2026
72017,2026-04-16 11:00:00.000,H24,MISSION BERMUDES,0.00,1.00,1.0,11,0,16,16,4,2026
72039,2026-04-16 12:00:00.000,H24,MISSION BERMUDES,0.15,1.00,0.85,12,0,16,16,4,2026
72061,2026-04-16 13:00:00.000,H24,MISSION BERMUDES,0.15,1.00,0.85,13,0,16,16,4,2026
72083,2026-04-16 14:00:00.000,H24,MISSION BERMUDES,0.00,1.00,1.0,14,0,16,16,4,2026
72105,2026-04-16 15:00:00.000,H24,MISSION BERMUDES,0.00,1.00,1.0,15,0,16,16,4,2026
72127,2026-04-16 16:00:00.000,H24,MISSION BERMUDES,0.00,1.00,1.0,16,0,16,16,4,2026
72650,2026-04-16 17:00:00.000,H24,MISSION BERMUDES,0.00,1.00,1.0,17,0,16,16,4,2026
72672,2026-04-16 18:00:00.000,H24,MISSION BERMUDES,0.10,1.00,0.9,18,0,16,16,4,2026
72694,2026-04-16 19:00:00.000,H24,MISSION BERMUDES,0.10,1.00,0.9,19,0,16,16,4,2026
72716,2026-04-16 20:00:00.000,H24,MISSION BERMUDES,0.20,1.00,0.8,20,0,16,16,4,2026
72738,2026-04-16 21:00:00.000,H24,MISSION BERMUDES,1.00,0.50,0.0,21,0,16,16,4,2026
72760,2026-04-16 22:00:00.000,H24,MISSION BERMUDES,1.00,0.00,0.0,22,0,16,16,4,2026
72782,2026-04-16 23:00:00.000,H24,MISSION BERMUDES,1.00,0.00,0.0,23,0,16,16,4,2026
72804,2026-04-17 00:00:00.000,H24,MISSION BERMUDES,1.00,0.00,0.0,0,0,16,17,4,2026
72826,2026-04-17 01:00:00.000,H24,MISSION BERMUDES,1.00,0.00,0.0,1,0,16,17,4,2026
72848,2026-04-17 02:00:00.000,H24,MISSION BERMUDES,1.00,0.00,0.0,2,0,16,17,4,2026
72870,2026-04-17 03:00:00.000,H24,MISSION BERMUDES,1.00,0.00,0.0,3,0,16,17,4,2026
72892,2026-04-17 04:00:00.000,H24,MISSION BERMUDES,1.00,0.00,0.0,4,0,16,17,4,2026
72914,2026-04-17 05:00:00.000,H24,MISSION BERMUDES,1.00,0.00,0.0,5,0,16,17,4,2026
72936,2026-04-17 06:00:00.000,H24,MISSION BERMUDES,1.00,0.00,0.0,6,0,16,17,4,2026
72958,2026-04-17 07:00:00.000,H24,MISSION BERMUDES,1.00,0.00,0.0,7,0,16,17,4,2026
72980,2026-04-17 08:00:00.000,H24,MISSION BERMUDES,1.00,0.00,0.0,8,0,16,17,4,2026
73002,2026-04-17 09:00:00.000,H24,MISSION BERMUDES,0.80,0.00,0.0,9,0,16,17,4,2026
73024,2026-04-17 10:00:00.000,H24,MISSION BERMUDES,1.00,1.00,0.0,10,0,16,17,4,2026
73046,2026-04-17 11:00:00.000,H24,MISSION BERMUDES,0.65,1.00,0.35,11,0,16,17,4,2026
73068,2026-04-17 12:00:00.000,H24,MISSION BERMUDES,0.00,1.00,1.0,12,0,16,17,4,2026
73090,2026-04-17 13:00:00.000,H24,MISSION BERMUDES,0.00,1.00,1.0,13,0,16,17,4,2026
73112,2026-04-17 14:00:00.000,H24,MISSION BERMUDES,0.50,1.00,0.5,14,0,16,17,4,2026
73134,2026-04-17 15:00:00.000,H24,MISSION BERMUDES,0.50,1.00,0.5,15,0,16,17,4,2026
73657,2026-04-17 16:00:00.000,H24,MISSION BERMUDES,0.55,1.00,0.45,16,0,16,17,4,2026
73679,2026-04-17 17:00:00.000,H24,MISSION BERMUDES,0.75,1.00,0.25,17,0,16,17,4,2026
73701,2026-04-17 18:00:00.000,H24,MISSION BERMUDES,1.00,1.00,0.0,18,0,16,17,4,2026
73723,2026-04-17 19:00:00.000,H24,MISSION BERMUDES,0.55,1.00,0.45,19,0,16,17,4,2026
73745,2026-04-17 20:00:00.000,H24,MISSION BERMUDES,0.00,1.00,1.0,20,0,16,17,4,2026
73767,2026-04-17 21:00:00.000,H24,MISSION BERMUDES,0.10,0.50,0.4,21,0,16,17,4,2026
73789,2026-04-17 22:00:00.000,H24,MISSION BERMUDES,0.00,0.00,0.0,22,0,16,17,4,2026
73811,2026-04-17 23:00:00.000,H24,MISSION BERMUDES,0.00,0.00,0.0,23,0,16,17,4,2026
73833,2026-04-18 00:00:00.000,H24,MISSION BERMUDES,0.00,0.00,0.0,0,0,16,18,4,2026
73855,2026-04-18 01:00:00.000,H24,MISSION BERMUDES,0.00,0.00,0.0,1,0,16,18,4,2026
73877,2026-04-18 02:00:00.000,H24,MISSION BERMUDES,0.00,0.00,0.0,2,0,16,18,4,2026
73899,2026-04-18 03:00:00.000,H24,MISSION BERMUDES,0.00,0.00,0.0,3,0,16,18,4,2026
73921,2026-04-18 04:00:00.000,H24,MISSION BERMUDES,0.00,0.00,0.0,4,0,16,18,4,2026
73943,2026-04-18 05:00:00.000,H24,MISSION BERMUDES,0.00,0.00,0.0,5,0,16,18,4,2026
73965,2026-04-18 06:00:00.000,H24,MISSION BERMUDES,0.00,0.00,0.0,6,0,16,18,4,2026
73987,2026-04-18 07:00:00.000,H24,MISSION BERMUDES,0.00,0.00,0.0,7,0,16,18,4,2026
74009,2026-04-18 08:00:00.000,H24,MISSION BERMUDES,0.00,0.00,0.0,8,0,16,18,4,2026
74031,2026-04-18 09:00:00.000,H24,MISSION BERMUDES,0.00,0.00,0.0,9,0,16,18,4,2026
74053,2026-04-18 10:00:00.000,H24,MISSION BERMUDES,0.00,1.00,1.0,10,0,16,18,4,2026
74075,2026-04-18 11:00:00.000,H24,MISSION BERMUDES,0.00,1.00,1.0,11,0,16,18,4,2026
74097,2026-04-18 12:00:00.000,H24,MISSION BERMUDES,0.00,1.00,1.0,12,0,16,18,4,2026
74119,2026-04-18 13:00:00.000,H24,MISSION BERMUDES,0.00,1.00,1.0,13,0,16,18,4,2026
74141,2026-04-18 14:00:00.000,H24,MISSION BERMUDES,0.00,1.00,1.0,14,0,16,18,4,2026
74664,2026-04-18 15:00:00.000,H24,MISSION BERMUDES,0.00,1.00,1.0,15,0,16,18,4,2026
74686,2026-04-18 16:00:00.000,H24,MISSION BERMUDES,0.00,1.00,1.0,16,0,16,18,4,2026
74708,2026-04-18 17:00:00.000,H24,MISSION BERMUDES,0.00,1.00,1.0,17,0,16,18,4,2026
74730,2026-04-18 18:00:00.000,H24,MISSION BERMUDES,0.20,1.00,0.8,18,0,16,18,4,2026
74752,2026-04-18 19:00:00.000,H24,MISSION BERMUDES,0.00,1.00,1.0,19,0,16,18,4,2026
74774,2026-04-18 20:00:00.000,H24,MISSION BERMUDES,0.00,1.00,1.0,20,0,16,18,4,2026
74796,2026-04-18 21:00:00.000,H24,MISSION BERMUDES,0.00,0.55,0.55,21,0,16,18,4,2026
74818,2026-04-18 22:00:00.000,H24,MISSION BERMUDES,0.00,0.00,0.0,22,0,16,18,4,2026
74840,2026-04-18 23:00:00.000,H24,MISSION BERMUDES,0.00,0.00,0.0,23,0,16,18,4,2026
74862,2026-04-19 00:00:00.000,H24,MISSION BERMUDES,0.00,0.00,0.0,0,0,17,19,4,2026
74884,2026-04-19 01:00:00.000,H24,MISSION BERMUDES,0.00,0.00,0.0,1,0,17,19,4,2026
74906,2026-04-19 02:00:00.000,H24,MISSION BERMUDES,0.00,0.00,0.0,2,0,17,19,4,2026
74928,2026-04-19 03:00:00.000,H24,MISSION BERMUDES,0.00,0.00,0.0,3,0,17,19,4,2026
74950,2026-04-19 04:00:00.000,H24,MISSION BERMUDES,0.00,0.00,0.0,4,0,17,19,4,2026
74972,2026-04-19 05:00:00.000,H24,MISSION BERMUDES,0.00,0.00,0.0,5,0,17,19,4,2026
74994,2026-04-19 06:00:00.000,H24,MISSION BERMUDES,0.00,0.00,0.0,6,0,17,19,4,2026
75016,2026-04-19 07:00:00.000,H24,MISSION BERMUDES,0.00,0.00,0.0,7,0,17,19,4,2026
75038,2026-04-19 08:00:00.000,H24,MISSION BERMUDES,0.00,0.00,0.0,8,0,17,19,4,2026
75060,2026-04-19 09:00:00.000,H24,MISSION BERMUDES,0.00,0.00,0.0,9,0,17,19,4,2026
75082,2026-04-19 10:00:00.000,H24,MISSION BERMUDES,0.00,1.00,1.0,10,0,17,19,4,2026
75104,2026-04-19 11:00:00.000,H24,MISSION BERMUDES,0.00,1.00,1.0,11,0,17,19,4,2026
75126,2026-04-19 12:00:00.000,H24,MISSION BERMUDES,0.00,1.00,1.0,12,0,17,19,4,2026
75148,2026-04-19 13:00:00.000,H24,MISSION BERMUDES,0.00,1.00,1.0,13,0,17,19,4,2026
75671,2026-04-19 14:00:00.000,H24,MISSION BERMUDES,0.00,1.00,1.0,14,0,17,19,4,2026
75693,2026-04-19 15:00:00.000,H24,MISSION BERMUDES,0.00,1.00,1.0,15,0,17,19,4,2026
75715,2026-04-19 16:00:00.000,H24,MISSION BERMUDES,0.20,1.00,0.8,16,0,17,19,4,2026
75737,2026-04-19 17:00:00.000,H24,MISSION BERMUDES,0.00,1.00,1.0,17,0,17,19,4,2026
75759,2026-04-19 18:00:00.000,H24,MISSION BERMUDES,0.30,1.00,0.7,18,0,17,19,4,2026
75781,2026-04-19 19:00:00.000,H24,MISSION BERMUDES,0.05,1.00,0.95,19,0,17,19,4,2026
75803,2026-04-19 20:00:00.000,H24,MISSION BERMUDES,0.00,1.00,1.0,20,0,17,19,4,2026
75825,2026-04-19 21:00:00.000,H24,MISSION BERMUDES,0.00,0.50,0.5,21,0,17,19,4,2026
75847,2026-04-19 22:00:00.000,H24,MISSION BERMUDES,0.00,0.00,0.0,22,0,17,19,4,2026
75869,2026-04-19 23:00:00.000,H24,MISSION BERMUDES,0.00,0.00,0.0,23,0,17,19,4,2026
75891,2026-04-20 00:00:00.000,H24,MISSION BERMUDES,0.00,0.00,0.0,0,0,17,20,4,2026
75913,2026-04-20 01:00:00.000,H24,MISSION BERMUDES,0.00,0.00,0.0,1,0,17,20,4,2026
75935,2026-04-20 02:00:00.000,H24,MISSION BERMUDES,0.00,0.00,0.0,2,0,17,20,4,2026
75957,2026-04-20 03:00:00.000,H24,MISSION BERMUDES,0.00,0.00,0.0,3,0,17,20,4,2026
75979,2026-04-20 04:00:00.000,H24,MISSION BERMUDES,0.00,0.00,0.0,4,0,17,20,4,2026
76001,2026-04-20 05:00:00.000,H24,MISSION BERMUDES,0.00,0.00,0.0,5,0,17,20,4,2026
76023,2026-04-20 06:00:00.000,H24,MISSION BERMUDES,0.00,0.00,0.0,6,0,17,20,4,2026
76045,2026-04-20 07:00:00.000,H24,MISSION BERMUDES,0.00,0.00,0.0,7,0,17,20,4,2026
76067,2026-04-20 08:00:00.000,H24,MISSION BERMUDES,0.00,0.00,0.0,8,0,17,20,4,2026
76089,2026-04-20 09:00:00.000,H24,MISSION BERMUDES,0.00,0.00,0.0,9,0,17,20,4,2026
76111,2026-04-20 10:00:00.000,H24,MISSION BERMUDES,0.00,1.00,1.0,10,0,17,20,4,2026
76133,2026-04-20 11:00:00.000,H24,MISSION BERMUDES,0.45,1.00,0.55,11,0,17,20,4,2026
76656,2026-04-20 12:00:00.000,H24,MISSION BERMUDES,0.00,1.00,1.0,12,0,17,20,4,2026
76678,2026-04-20 13:00:00.000,H24,MISSION BERMUDES,0.00,1.00,1.0,13,0,17,20,4,2026
76700,2026-04-20 14:00:00.000,H24,MISSION BERMUDES,0.35,1.00,0.65,14,0,17,20,4,2026
76722,2026-04-20 15:00:00.000,H24,MISSION BERMUDES,1.00,1.00,0.0,15,0,17,20,4,2026
76744,2026-04-20 16:00:00.000,H24,MISSION BERMUDES,0.45,1.00,0.55,16,0,17,20,4,2026
76766,2026-04-20 17:00:00.000,H24,MISSION BERMUDES,0.00,1.00,1.0,17,0,17,20,4,2026
76788,2026-04-20 18:00:00.000,H24,MISSION BERMUDES,0.15,1.00,0.85,18,0,17,20,4,2026
76810,2026-04-20 19:00:00.000,H24,MISSION BERMUDES,0.00,1.00,1.0,19,0,17,20,4,2026
76832,2026-04-20 20:00:00.000,H24,MISSION BERMUDES,0.00,1.00,1.0,20,0,17,20,4,2026
76854,2026-04-20 21:00:00.000,H24,MISSION BERMUDES,0.00,0.55,0.55,21,0,17,20,4,2026
76876,2026-04-20 22:00:00.000,H24,MISSION BERMUDES,0.00,0.00,0.0,22,0,17,20,4,2026
76898,2026-04-20 23:00:00.000,H24,MISSION BERMUDES,0.00,0.00,0.0,23,0,17,20,4,2026
76920,2026-04-21 00:00:00.000,H24,MISSION BERMUDES,0.00,0.00,0.0,0,0,17,21,4,2026
76942,2026-04-21 01:00:00.000,H24,MISSION BERMUDES,0.00,0.00,0.0,1,0,17,21,4,2026
76964,2026-04-21 02:00:00.000,H24,MISSION BERMUDES,0.00,0.00,0.0,2,0,17,21,4,2026
76986,2026-04-21 03:00:00.000,H24,MISSION BERMUDES,0.00,0.00,0.0,3,0,17,21,4,2026
77008,2026-04-21 04:00:00.000,H24,MISSION BERMUDES,0.00,0.00,0.0,4,0,17,21,4,2026
77030,2026-04-21 05:00:00.000,H24,MISSION BERMUDES,0.00,0.00,0.0,5,0,17,21,4,2026
77052,2026-04-21 06:00:00.000,H24,MISSION BERMUDES,0.00,0.00,0.0,6,0,17,21,4,2026
77074,2026-04-21 07:00:00.000,H24,MISSION BERMUDES,0.00,0.00,0.0,7,0,17,21,4,2026
77096,2026-04-21 08:00:00.000,H24,MISSION BERMUDES,0.00,0.00,0.0,8,0,17,21,4,2026
77118,2026-04-21 09:00:00.000,H24,MISSION BERMUDES,0.05,0.00,0.0,9,0,17,21,4,2026
77140,2026-04-21 10:00:00.000,H24,MISSION BERMUDES,1.00,1.00,0.0,10,0,17,21,4,2026
77663,2026-04-21 11:00:00.000,H24,MISSION BERMUDES,0.80,1.00,0.2,11,0,17,21,4,2026
77685,2026-04-21 12:00:00.000,H24,MISSION BERMUDES,0.00,1.00,1.0,12,0,17,21,4,2026
77707,2026-04-21 13:00:00.000,H24,MISSION BERMUDES,0.00,1.00,1.0,13,0,17,21,4,2026
77729,2026-04-21 14:00:00.000,H24,MISSION BERMUDES,0.85,1.00,0.15,14,0,17,21,4,2026
77751,2026-04-21 15:00:00.000,H24,MISSION BERMUDES,1.00,1.00,0.0,15,0,17,21,4,2026
77773,2026-04-21 16:00:00.000,H24,MISSION BERMUDES,0.10,1.00,0.9,16,0,17,21,4,2026
77795,2026-04-21 17:00:00.000,H24,MISSION BERMUDES,0.00,1.00,1.0,17,0,17,21,4,2026
77817,2026-04-21 18:00:00.000,H24,MISSION BERMUDES,0.00,1.00,1.0,18,0,17,21,4,2026
77839,2026-04-21 19:00:00.000,H24,MISSION BERMUDES,0.00,1.00,1.0,19,0,17,21,4,2026
77861,2026-04-21 20:00:00.000,H24,MISSION BERMUDES,0.00,1.00,1.0,20,0,17,21,4,2026
77883,2026-04-21 21:00:00.000,H24,MISSION BERMUDES,0.00,0.50,0.5,21,0,17,21,4,2026
77905,2026-04-21 22:00:00.000,H24,MISSION BERMUDES,0.00,0.00,0.0,22,0,17,21,4,2026
77927,2026-04-21 23:00:00.000,H24,MISSION BERMUDES,0.00,0.00,0.0,23,0,17,21,4,2026
77949,2026-04-22 00:00:00.000,H24,MISSION BERMUDES,0.00,0.00,0.0,0,0,17,22,4,2026
77971,2026-04-22 01:00:00.000,H24,MISSION BERMUDES,0.00,0.00,0.0,1,0,17,22,4,2026
77993,2026-04-22 02:00:00.000,H24,MISSION BERMUDES,0.00,0.00,0.0,2,0,17,22,4,2026
78015,2026-04-22 03:00:00.000,H24,MISSION BERMUDES,0.00,0.00,0.0,3,0,17,22,4,2026
78037,2026-04-22 04:00:00.000,H24,MISSION BERMUDES,0.00,0.00,0.0,4,0,17,22,4,2026
78059,2026-04-22 05:00:00.000,H24,MISSION BERMUDES,0.00,0.00,0.0,5,0,17,22,4,2026
78081,2026-04-22 06:00:00.000,H24,MISSION BERMUDES,0.00,0.00,0.0,6,0,17,22,4,2026
78103,2026-04-22 07:00:00.000,H24,MISSION BERMUDES,0.00,0.00,0.0,7,0,17,22,4,2026
78125,2026-04-22 08:00:00.000,H24,MISSION BERMUDES,0.00,0.00,0.0,8,0,17,22,4,2026
78147,2026-04-22 09:00:00.000,H24,MISSION BERMUDES,0.50,0.00,0.0,9,0,17,22,4,2026
78670,2026-04-22 10:00:00.000,H24,MISSION BERMUDES,1.00,0.00,0.0,10,0,17,22,4,2026
78692,2026-04-22 11:00:00.000,H24,MISSION BERMUDES,1.00,0.00,0.0,11,0,17,22,4,2026
78714,2026-04-22 12:00:00.000,H24,MISSION BERMUDES,0.25,1.00,0.75,12,0,17,22,4,2026
78736,2026-04-22 13:00:00.000,H24,MISSION BERMUDES,0.25,1.00,0.75,13,0,17,22,4,2026
78758,2026-04-22 14:00:00.000,H24,MISSION BERMUDES,0.00,1.00,1.0,14,0,17,22,4,2026
78780,2026-04-22 15:00:00.000,H24,MISSION BERMUDES,0.00,1.00,1.0,15,0,17,22,4,2026
78802,2026-04-22 16:00:00.000,H24,MISSION BERMUDES,0.00,1.00,1.0,16,0,17,22,4,2026
78824,2026-04-22 17:00:00.000,H24,MISSION BERMUDES,0.00,1.00,1.0,17,0,17,22,4,2026
78846,2026-04-22 18:00:00.000,H24,MISSION BERMUDES,0.00,1.00,1.0,18,0,17,22,4,2026
78868,2026-04-22 19:00:00.000,H24,MISSION BERMUDES,0.55,1.00,0.45,19,0,17,22,4,2026
78890,2026-04-22 20:00:00.000,H24,MISSION BERMUDES,1.00,1.00,0.0,20,0,17,22,4,2026
78912,2026-04-22 21:00:00.000,H24,MISSION BERMUDES,1.00,0.50,0.0,21,0,17,22,4,2026
78934,2026-04-22 22:00:00.000,H24,MISSION BERMUDES,1.00,0.00,0.0,22,0,17,22,4,2026
78956,2026-04-22 23:00:00.000,H24,MISSION BERMUDES,1.00,0.00,0.0,23,0,17,22,4,2026
78978,2026-04-23 00:00:00.000,H24,MISSION BERMUDES,1.00,0.00,0.0,0,0,17,23,4,2026
79000,2026-04-23 01:00:00.000,H24,MISSION BERMUDES,1.00,0.00,0.0,1,0,17,23,4,2026
79022,2026-04-23 02:00:00.000,H24,MISSION BERMUDES,1.00,0.00,0.0,2,0,17,23,4,2026
79044,2026-04-23 03:00:00.000,H24,MISSION BERMUDES,1.00,0.00,0.0,3,0,17,23,4,2026
79066,2026-04-23 04:00:00.000,H24,MISSION BERMUDES,1.00,0.00,0.0,4,0,17,23,4,2026
79088,2026-04-23 05:00:00.000,H24,MISSION BERMUDES,1.00,0.00,0.0,5,0,17,23,4,2026
79110,2026-04-23 06:00:00.000,H24,MISSION BERMUDES,1.00,0.00,0.0,6,0,17,23,4,2026
79132,2026-04-23 07:00:00.000,H24,MISSION BERMUDES,1.00,0.00,0.0,7,0,17,23,4,2026
79154,2026-04-23 08:00:00.000,H24,MISSION BERMUDES,1.00,0.00,0.0,8,0,17,23,4,2026
79677,2026-04-23 09:00:00.000,H24,MISSION BERMUDES,1.00,0.00,0.0,9,0,17,23,4,2026
79699,2026-04-23 10:00:00.000,H24,MISSION BERMUDES,1.00,1.00,0.0,10,0,17,23,4,2026
79721,2026-04-23 11:00:00.000,H24,MISSION BERMUDES,1.00,1.00,0.0,11,0,17,23,4,2026
79743,2026-04-23 12:00:00.000,H24,MISSION BERMUDES,1.00,1.00,0.0,12,0,17,23,4,2026
79765,2026-04-23 13:00:00.000,H24,MISSION BERMUDES,1.00,1.00,0.0,13,0,17,23,4,2026
79787,2026-04-23 14:00:00.000,H24,MISSION BERMUDES,1.00,1.00,0.0,14,0,17,23,4,2026
79809,2026-04-23 15:00:00.000,H24,MISSION BERMUDES,1.00,1.00,0.0,15,0,17,23,4,2026
79831,2026-04-23 16:00:00.000,H24,MISSION BERMUDES,1.00,1.00,0.0,16,0,17,23,4,2026
79853,2026-04-23 17:00:00.000,H24,MISSION BERMUDES,1.00,1.00,0.0,17,0,17,23,4,2026
79875,2026-04-23 18:00:00.000,H24,MISSION BERMUDES,1.00,1.00,0.0,18,0,17,23,4,2026
79897,2026-04-23 19:00:00.000,H24,MISSION BERMUDES,1.00,1.00,0.0,19,0,17,23,4,2026
79919,2026-04-23 20:00:00.000,H24,MISSION BERMUDES,1.00,1.00,0.0,20,0,17,23,4,2026
79941,2026-04-23 21:00:00.000,H24,MISSION BERMUDES,1.00,0.50,0.0,21,0,17,23,4,2026
79963,2026-04-23 22:00:00.000,H24,MISSION BERMUDES,1.00,0.00,0.0,22,0,17,23,4,2026
79985,2026-04-23 23:00:00.000,H24,MISSION BERMUDES,1.00,0.00,0.0,23,0,17,23,4,2026
80007,2026-04-24 00:00:00.000,H24,MISSION BERMUDES,1.00,0.00,0.0,0,0,17,24,4,2026
80029,2026-04-24 01:00:00.000,H24,MISSION BERMUDES,1.00,0.00,0.0,1,0,17,24,4,2026
80051,2026-04-24 02:00:00.000,H24,MISSION BERMUDES,1.00,0.00,0.0,2,0,17,24,4,2026
80073,2026-04-24 03:00:00.000,H24,MISSION BERMUDES,1.00,0.00,0.0,3,0,17,24,4,2026
80095,2026-04-24 04:00:00.000,H24,MISSION BERMUDES,1.00,0.00,0.0,4,0,17,24,4,2026
80117,2026-04-24 05:00:00.000,H24,MISSION BERMUDES,1.00,0.00,0.0,5,0,17,24,4,2026
80139,2026-04-24 06:00:00.000,H24,MISSION BERMUDES,1.00,0.00,0.0,6,0,17,24,4,2026
80662,2026-04-24 07:00:00.000,H24,MISSION BERMUDES,1.00,0.00,0.0,7,0,17,24,4,2026
80684,2026-04-24 08:00:00.000,H24,MISSION BERMUDES,1.00,0.00,0.0,8,0,17,24,4,2026
80706,2026-04-24 09:00:00.000,H24,MISSION BERMUDES,1.00,0.00,0.0,9,0,17,24,4,2026
80728,2026-04-24 10:00:00.000,H24,MISSION BERMUDES,1.00,1.00,0.0,10,0,17,24,4,2026
80750,2026-04-24 11:00:00.000,H24,MISSION BERMUDES,1.00,1.00,0.0,11,0,17,24,4,2026
80772,2026-04-24 12:00:00.000,H24,MISSION BERMUDES,1.00,1.00,0.0,12,0,17,24,4,2026
80794,2026-04-24 13:00:00.000,H24,MISSION BERMUDES,1.00,1.00,0.0,13,0,17,24,4,2026
80816,2026-04-24 14:00:00.000,H24,MISSION BERMUDES,1.00,1.00,0.0,14,0,17,24,4,2026
80838,2026-04-24 15:00:00.000,H24,MISSION BERMUDES,1.00,1.00,0.0,15,0,17,24,4,2026
80860,2026-04-24 16:00:00.000,H24,MISSION BERMUDES,1.00,1.00,0.0,16,0,17,24,4,2026
80882,2026-04-24 17:00:00.000,H24,MISSION BERMUDES,1.00,1.00,0.0,17,0,17,24,4,2026
80904,2026-04-24 18:00:00.000,H24,MISSION BERMUDES,1.00,1.00,0.0,18,0,17,24,4,2026
80926,2026-04-24 19:00:00.000,H24,MISSION BERMUDES,1.00,1.00,0.0,19,0,17,24,4,2026
80948,2026-04-24 20:00:00.000,H24,MISSION BERMUDES,1.00,1.00,0.0,20,0,17,24,4,2026
80970,2026-04-24 21:00:00.000,H24,MISSION BERMUDES,1.00,0.55,0.0,21,0,17,24,4,2026
80992,2026-04-24 22:00:00.000,H24,MISSION BERMUDES,1.00,0.00,0.0,22,0,17,24,4,2026
81014,2026-04-24 23:00:00.000,H24,MISSION BERMUDES,1.00,0.00,0.0,23,0,17,24,4,2026
81036,2026-04-25 00:00:00.000,H24,MISSION BERMUDES,1.00,0.00,0.0,0,0,17,25,4,2026
81058,2026-04-25 01:00:00.000,H24,MISSION BERMUDES,1.00,0.00,0.0,1,0,17,25,4,2026
81080,2026-04-25 02:00:00.000,H24,MISSION BERMUDES,1.00,0.00,0.0,2,0,17,25,4,2026
81102,2026-04-25 03:00:00.000,H24,MISSION BERMUDES,1.00,0.00,0.0,3,0,17,25,4,2026
81124,2026-04-25 04:00:00.000,H24,MISSION BERMUDES,1.00,0.00,0.0,4,0,17,25,4,2026
81146,2026-04-25 05:00:00.000,H24,MISSION BERMUDES,1.00,0.00,0.0,5,0,17,25,4,2026
81669,2026-04-25 06:00:00.000,H24,MISSION BERMUDES,1.00,0.00,0.0,6,0,17,25,4,2026
81691,2026-04-25 07:00:00.000,H24,MISSION BERMUDES,1.00,0.00,0.0,7,0,17,25,4,2026
81713,2026-04-25 08:00:00.000,H24,MISSION BERMUDES,1.00,0.00,0.0,8,0,17,25,4,2026
81735,2026-04-25 09:00:00.000,H24,MISSION BERMUDES,1.00,0.00,0.0,9,0,17,25,4,2026
81757,2026-04-25 10:00:00.000,H24,MISSION BERMUDES,1.00,1.00,0.0,10,0,17,25,4,2026
81779,2026-04-25 11:00:00.000,H24,MISSION BERMUDES,1.00,0.95,0.0,11,0,17,25,4,2026
81801,2026-04-25 12:00:00.000,H24,MISSION BERMUDES,0.05,1.00,0.95,12,0,17,25,4,2026
81823,2026-04-25 13:00:00.000,H24,MISSION BERMUDES,0.25,1.00,0.75,13,0,17,25,4,2026
81845,2026-04-25 14:00:00.000,H24,MISSION BERMUDES,0.90,1.00,0.1,14,0,17,25,4,2026
81867,2026-04-25 15:00:00.000,H24,MISSION BERMUDES,0.30,1.00,0.7,15,0,17,25,4,2026
81889,2026-04-25 16:00:00.000,H24,MISSION BERMUDES,0.10,1.00,0.9,16,0,17,25,4,2026
81911,2026-04-25 17:00:00.000,H24,MISSION BERMUDES,0.20,1.00,0.8,17,0,17,25,4,2026
81933,2026-04-25 18:00:00.000,H24,MISSION BERMUDES,0.00,1.00,1.0,18,0,17,25,4,2026
81955,2026-04-25 19:00:00.000,H24,MISSION BERMUDES,0.05,1.00,0.95,19,0,17,25,4,2026
81977,2026-04-25 20:00:00.000,H24,MISSION BERMUDES,0.05,1.00,0.95,20,0,17,25,4,2026
81999,2026-04-25 21:00:00.000,H24,MISSION BERMUDES,0.00,0.55,0.55,21,0,17,25,4,2026
82021,2026-04-25 22:00:00.000,H24,MISSION BERMUDES,0.00,0.00,0.0,22,0,17,25,4,2026
82043,2026-04-25 23:00:00.000,H24,MISSION BERMUDES,0.00,0.00,0.0,23,0,17,25,4,2026
82065,2026-04-26 00:00:00.000,H24,MISSION BERMUDES,0.00,0.00,0.0,0,0,18,26,4,2026
82087,2026-04-26 01:00:00.000,H24,MISSION BERMUDES,0.00,0.00,0.0,1,0,18,26,4,2026
82109,2026-04-26 02:00:00.000,H24,MISSION BERMUDES,0.00,0.00,0.0,2,0,18,26,4,2026
82131,2026-04-26 03:00:00.000,H24,MISSION BERMUDES,0.00,0.00,0.0,3,0,18,26,4,2026
82153,2026-04-26 04:00:00.000,H24,MISSION BERMUDES,0.00,0.00,0.0,4,0,18,26,4,2026
82676,2026-04-26 05:00:00.000,H24,MISSION BERMUDES,0.00,0.00,0.0,5,0,18,26,4,2026
82698,2026-04-26 06:00:00.000,H24,MISSION BERMUDES,0.00,0.00,0.0,6,0,18,26,4,2026
82720,2026-04-26 07:00:00.000,H24,MISSION BERMUDES,0.00,0.00,0.0,7,0,18,26,4,2026
82742,2026-04-26 08:00:00.000,H24,MISSION BERMUDES,0.00,0.00,0.0,8,0,18,26,4,2026
82764,2026-04-26 09:00:00.000,H24,MISSION BERMUDES,0.00,0.00,0.0,9,0,18,26,4,2026
82786,2026-04-26 10:00:00.000,H24,MISSION BERMUDES,0.00,1.00,1.0,10,0,18,26,4,2026
82808,2026-04-26 11:00:00.000,H24,MISSION BERMUDES,0.00,1.00,1.0,11,0,18,26,4,2026
82830,2026-04-26 12:00:00.000,H24,MISSION BERMUDES,0.00,1.00,1.0,12,0,18,26,4,2026
82852,2026-04-26 13:00:00.000,H24,MISSION BERMUDES,0.00,1.00,1.0,13,0,18,26,4,2026
82874,2026-04-26 14:00:00.000,H24,MISSION BERMUDES,0.00,1.00,1.0,14,0,18,26,4,2026
82896,2026-04-26 15:00:00.000,H24,MISSION BERMUDES,0.00,1.00,1.0,15,0,18,26,4,2026
82918,2026-04-26 16:00:00.000,H24,MISSION BERMUDES,0.00,1.00,1.0,16,0,18,26,4,2026
82940,2026-04-26 17:00:00.000,H24,MISSION BERMUDES,0.00,1.00,1.0,17,0,18,26,4,2026
82962,2026-04-26 18:00:00.000,H24,MISSION BERMUDES,0.00,1.00,1.0,18,0,18,26,4,2026
82984,2026-04-26 19:00:00.000,H24,MISSION BERMUDES,0.00,1.00,1.0,19,0,18,26,4,2026
83006,2026-04-26 20:00:00.000,H24,MISSION BERMUDES,0.40,1.00,0.6,20,0,18,26,4,2026
83028,2026-04-26 21:00:00.000,H24,MISSION BERMUDES,0.00,0.55,0.55,21,0,18,26,4,2026
83050,2026-04-26 22:00:00.000,H24,MISSION BERMUDES,0.00,0.00,0.0,22,0,18,26,4,2026
83072,2026-04-26 23:00:00.000,H24,MISSION BERMUDES,0.00,0.00,0.0,23,0,18,26,4,2026
83094,2026-04-27 00:00:00.000,H24,MISSION BERMUDES,0.00,0.00,0.0,0,0,18,27,4,2026
83116,2026-04-27 01:00:00.000,H24,MISSION BERMUDES,0.00,0.00,0.0,1,0,18,27,4,2026
83138,2026-04-27 02:00:00.000,H24,MISSION BERMUDES,0.00,0.00,0.0,2,0,18,27,4,2026
83160,2026-04-27 03:00:00.000,H24,MISSION BERMUDES,0.00,0.00,0.0,3,0,18,27,4,2026
83683,2026-04-27 04:00:00.000,H24,MISSION BERMUDES,0.00,0.00,0.0,4,0,18,27,4,2026
83705,2026-04-27 05:00:00.000,H24,MISSION BERMUDES,0.00,0.00,0.0,5,0,18,27,4,2026
83727,2026-04-27 06:00:00.000,H24,MISSION BERMUDES,0.00,0.00,0.0,6,0,18,27,4,2026
83749,2026-04-27 07:00:00.000,H24,MISSION BERMUDES,0.00,0.00,0.0,7,0,18,27,4,2026
83771,2026-04-27 08:00:00.000,H24,MISSION BERMUDES,0.00,0.00,0.0,8,0,18,27,4,2026
83793,2026-04-27 09:00:00.000,H24,MISSION BERMUDES,0.00,0.00,0.0,9,0,18,27,4,2026
83815,2026-04-27 10:00:00.000,H24,MISSION BERMUDES,0.00,1.00,1.0,10,0,18,27,4,2026
83837,2026-04-27 11:00:00.000,H24,MISSION BERMUDES,0.00,1.00,1.0,11,0,18,27,4,2026
83859,2026-04-27 12:00:00.000,H24,MISSION BERMUDES,0.00,1.00,1.0,12,0,18,27,4,2026
83881,2026-04-27 13:00:00.000,H24,MISSION BERMUDES,0.00,1.00,1.0,13,0,18,27,4,2026
83903,2026-04-27 14:00:00.000,H24,MISSION BERMUDES,0.00,1.00,1.0,14,0,18,27,4,2026
83925,2026-04-27 15:00:00.000,H24,MISSION BERMUDES,0.00,1.00,1.0,15,0,18,27,4,2026
83947,2026-04-27 16:00:00.000,H24,MISSION BERMUDES,0.00,1.00,1.0,16,0,18,27,4,2026
83969,2026-04-27 17:00:00.000,H24,MISSION BERMUDES,0.35,1.00,0.65,17,0,18,27,4,2026
83991,2026-04-27 18:00:00.000,H24,MISSION BERMUDES,0.00,1.00,1.0,18,0,18,27,4,2026
84013,2026-04-27 19:00:00.000,H24,MISSION BERMUDES,0.00,1.00,1.0,19,0,18,27,4,2026
84035,2026-04-27 20:00:00.000,H24,MISSION BERMUDES,0.00,1.00,1.0,20,0,18,27,4,2026
84057,2026-04-27 21:00:00.000,H24,MISSION BERMUDES,0.00,0.50,0.5,21,0,18,27,4,2026
84079,2026-04-27 22:00:00.000,H24,MISSION BERMUDES,0.00,0.00,0.0,22,0,18,27,4,2026
84101,2026-04-27 23:00:00.000,H24,MISSION BERMUDES,0.00,0.00,0.0,23,0,18,27,4,2026
84123,2026-04-28 00:00:00.000,H24,MISSION BERMUDES,0.00,0.00,0.0,0,0,18,28,4,2026
84145,2026-04-28 01:00:00.000,H24,MISSION BERMUDES,0.00,0.00,0.0,1,0,18,28,4,2026
84167,2026-04-28 02:00:00.000,H24,MISSION BERMUDES,0.00,0.00,0.0,2,0,18,28,4,2026
84690,2026-04-28 03:00:00.000,H24,MISSION BERMUDES,0.00,0.00,0.0,3,0,18,28,4,2026
84712,2026-04-28 04:00:00.000,H24,MISSION BERMUDES,0.00,0.00,0.0,4,0,18,28,4,2026
84734,2026-04-28 05:00:00.000,H24,MISSION BERMUDES,0.00,0.00,0.0,5,0,18,28,4,2026
84756,2026-04-28 06:00:00.000,H24,MISSION BERMUDES,0.00,0.00,0.0,6,0,18,28,4,2026
84778,2026-04-28 07:00:00.000,H24,MISSION BERMUDES,0.00,0.00,0.0,7,0,18,28,4,2026
84800,2026-04-28 08:00:00.000,H24,MISSION BERMUDES,0.00,0.00,0.0,8,0,18,28,4,2026
84822,2026-04-28 09:00:00.000,H24,MISSION BERMUDES,0.00,0.00,0.0,9,0,18,28,4,2026
84844,2026-04-28 10:00:00.000,H24,MISSION BERMUDES,0.20,1.00,0.8,10,0,18,28,4,2026
84866,2026-04-28 11:00:00.000,H24,MISSION BERMUDES,0.00,1.00,1.0,11,0,18,28,4,2026
84888,2026-04-28 12:00:00.000,H24,MISSION BERMUDES,0.00,1.00,1.0,12,0,18,28,4,2026
84910,2026-04-28 13:00:00.000,H24,MISSION BERMUDES,0.00,1.00,1.0,13,0,18,28,4,2026
84932,2026-04-28 14:00:00.000,H24,MISSION BERMUDES,0.00,1.00,1.0,14,0,18,28,4,2026
84954,2026-04-28 15:00:00.000,H24,MISSION BERMUDES,0.00,1.00,1.0,15,0,18,28,4,2026
84976,2026-04-28 16:00:00.000,H24,MISSION BERMUDES,0.00,1.00,1.0,16,0,18,28,4,2026
84998,2026-04-28 17:00:00.000,H24,MISSION BERMUDES,0.00,1.00,1.0,17,0,18,28,4,2026
85020,2026-04-28 18:00:00.000,H24,MISSION BERMUDES,0.20,1.00,0.8,18,0,18,28,4,2026
85042,2026-04-28 19:00:00.000,H24,MISSION BERMUDES,0.00,1.00,1.0,19,0,18,28,4,2026
85064,2026-04-28 20:00:00.000,H24,MISSION BERMUDES,0.00,1.00,1.0,20,0,18,28,4,2026
85086,2026-04-28 21:00:00.000,H24,MISSION BERMUDES,0.00,0.55,0.55,21,0,18,28,4,2026
85108,2026-04-28 22:00:00.000,H24,MISSION BERMUDES,0.00,0.00,0.0,22,0,18,28,4,2026
85130,2026-04-28 23:00:00.000,H24,MISSION BERMUDES,0.00,0.00,0.0,23,0,18,28,4,2026
85152,2026-04-29 00:00:00.000,H24,MISSION BERMUDES,0.00,0.00,0.0,0,0,18,29,4,2026
85675,2026-04-29 01:00:00.000,H24,MISSION BERMUDES,0.00,0.00,0.0,1,0,18,29,4,2026
85697,2026-04-29 02:00:00.000,H24,MISSION BERMUDES,0.00,0.00,0.0,2,0,18,29,4,2026
85719,2026-04-29 03:00:00.000,H24,MISSION BERMUDES,0.00,0.00,0.0,3,0,18,29,4,2026
85741,2026-04-29 04:00:00.000,H24,MISSION BERMUDES,0.00,0.00,0.0,4,0,18,29,4,2026
85763,2026-04-29 05:00:00.000,H24,MISSION BERMUDES,0.00,0.00,0.0,5,0,18,29,4,2026
85785,2026-04-29 06:00:00.000,H24,MISSION BERMUDES,0.00,0.00,0.0,6,0,18,29,4,2026
85807,2026-04-29 07:00:00.000,H24,MISSION BERMUDES,0.00,0.00,0.0,7,0,18,29,4,2026
85829,2026-04-29 08:00:00.000,H24,MISSION BERMUDES,0.00,0.00,0.0,8,0,18,29,4,2026
85851,2026-04-29 09:00:00.000,H24,MISSION BERMUDES,0.00,0.00,0.0,9,0,18,29,4,2026
85873,2026-04-29 10:00:00.000,H24,MISSION BERMUDES,0.00,1.00,1.0,10,0,18,29,4,2026
85895,2026-04-29 11:00:00.000,H24,MISSION BERMUDES,0.00,1.00,1.0,11,0,18,29,4,2026
85917,2026-04-29 12:00:00.000,H24,MISSION BERMUDES,0.00,1.00,1.0,12,0,18,29,4,2026
85939,2026-04-29 13:00:00.000,H24,MISSION BERMUDES,0.00,1.00,1.0,13,0,18,29,4,2026
85961,2026-04-29 14:00:00.000,H24,MISSION BERMUDES,0.30,1.00,0.7,14,0,18,29,4,2026
85983,2026-04-29 15:00:00.000,H24,MISSION BERMUDES,0.00,1.00,1.0,15,0,18,29,4,2026
86005,2026-04-29 16:00:00.000,H24,MISSION BERMUDES,0.00,1.00,1.0,16,0,18,29,4,2026
86027,2026-04-29 17:00:00.000,H24,MISSION BERMUDES,0.00,1.00,1.0,17,0,18,29,4,2026
86049,2026-04-29 18:00:00.000,H24,MISSION BERMUDES,0.00,1.00,1.0,18,0,18,29,4,2026
86071,2026-04-29 19:00:00.000,H24,MISSION BERMUDES,0.00,1.00,1.0,19,0,18,29,4,2026
86093,2026-04-29 20:00:00.000,H24,MISSION BERMUDES,0.00,1.00,1.0,20,0,18,29,4,2026
86115,2026-04-29 21:00:00.000,H24,MISSION BERMUDES,0.00,0.50,0.5,21,0,18,29,4,2026
86137,2026-04-29 22:00:00.000,H24,MISSION BERMUDES,0.00,0.00,0.0,22,0,18,29,4,2026
86159,2026-04-29 23:00:00.000,H24,MISSION BERMUDES,0.00,0.00,0.0,23,0,18,29,4,2026
86682,2026-04-30 00:00:00.000,H24,MISSION BERMUDES,0.00,0.00,0.0,0,0,18,30,4,2026
86704,2026-04-30 01:00:00.000,H24,MISSION BERMUDES,0.00,0.00,0.0,1,0,18,30,4,2026
86726,2026-04-30 02:00:00.000,H24,MISSION BERMUDES,0.00,0.00,0.0,2,0,18,30,4,2026
86748,2026-04-30 03:00:00.000,H24,MISSION BERMUDES,0.00,0.00,0.0,3,0,18,30,4,2026
86770,2026-04-30 04:00:00.000,H24,MISSION BERMUDES,0.00,0.00,0.0,4,0,18,30,4,2026
86792,2026-04-30 05:00:00.000,H24,MISSION BERMUDES,0.00,0.00,0.0,5,0,18,30,4,2026
86814,2026-04-30 06:00:00.000,H24,MISSION BERMUDES,0.00,0.00,0.0,6,0,18,30,4,2026
86836,2026-04-30 07:00:00.000,H24,MISSION BERMUDES,0.00,0.00,0.0,7,0,18,30,4,2026
86858,2026-04-30 08:00:00.000,H24,MISSION BERMUDES,0.00,0.00,0.0,8,0,18,30,4,2026
86880,2026-04-30 09:00:00.000,H24,MISSION BERMUDES,0.00,0.00,0.0,9,0,18,30,4,2026
86902,2026-04-30 10:00:00.000,H24,MISSION BERMUDES,0.45,1.00,0.55,10,0,18,30,4,2026
86924,2026-04-30 11:00:00.000,H24,MISSION BERMUDES,0.00,1.00,1.0,11,0,18,30,4,2026
86946,2026-04-30 12:00:00.000,H24,MISSION BERMUDES,0.00,1.00,1.0,12,0,18,30,4,2026
86968,2026-04-30 13:00:00.000,H24,MISSION BERMUDES,0.00,1.00,1.0,13,0,18,30,4,2026
86990,2026-04-30 14:00:00.000,H24,MISSION BERMUDES,0.00,1.00,1.0,14,0,18,30,4,2026
87012,2026-04-30 15:00:00.000,H24,MISSION BERMUDES,0.00,1.00,1.0,15,0,18,30,4,2026
87034,2026-04-30 16:00:00.000,H24,MISSION BERMUDES,0.00,1.00,1.0,16,0,18,30,4,2026
87056,2026-04-30 17:00:00.000,H24,MISSION BERMUDES,0.00,1.00,1.0,17,0,18,30,4,2026
87078,2026-04-30 18:00:00.000,H24,MISSION BERMUDES,0.00,1.00,1.0,18,0,18,30,4,2026
87100,2026-04-30 19:00:00.000,H24,MISSION BERMUDES,0.00,1.00,1.0,19,0,18,30,4,2026
87122,2026-04-30 20:00:00.000,H24,MISSION BERMUDES,0.00,1.00,1.0,20,0,18,30,4,2026
87144,2026-04-30 21:00:00.000,H24,MISSION BERMUDES,0.00,0.55,0.55,21,0,18,30,4,2026
87166,2026-04-30 22:00:00.000,H24,MISSION BERMUDES,0.00,0.00,0.0,22,0,18,30,4,2026
87689,2026-04-30 23:00:00.000,H24,MISSION BERMUDES,0.00,0.00,0.0,23,0,18,30,4,2026
87711,2026-05-01 00:00:00.000,H24,MISSION BERMUDES,0.00,0.00,0.0,0,0,18,1,5,2026
87733,2026-05-01 01:00:00.000,H24,MISSION BERMUDES,0.00,0.00,0.0,1,0,18,1,5,2026
87755,2026-05-01 02:00:00.000,H24,MISSION BERMUDES,0.00,0.00,0.0,2,0,18,1,5,2026
87777,2026-05-01 03:00:00.000,H24,MISSION BERMUDES,0.00,0.00,0.0,3,0,18,1,5,2026
87799,2026-05-01 04:00:00.000,H24,MISSION BERMUDES,0.00,0.00,0.0,4,0,18,1,5,2026
87821,2026-05-01 05:00:00.000,H24,MISSION BERMUDES,0.00,0.00,0.0,5,0,18,1,5,2026
87843,2026-05-01 06:00:00.000,H24,MISSION BERMUDES,0.00,0.00,0.0,6,0,18,1,5,2026
87865,2026-05-01 07:00:00.000,H24,MISSION BERMUDES,0.00,0.00,0.0,7,0,18,1,5,2026
87887,2026-05-01 08:00:00.000,H24,MISSION BERMUDES,0.00,0.00,0.0,8,0,18,1,5,2026
87909,2026-05-01 09:00:00.000,H24,MISSION BERMUDES,0.00,0.00,0.0,9,0,18,1,5,2026
87931,2026-05-01 10:00:00.000,H24,MISSION BERMUDES,0.00,1.00,1.0,10,0,18,1,5,2026
87953,2026-05-01 11:00:00.000,H24,MISSION BERMUDES,0.00,1.00,1.0,11,0,18,1,5,2026
87975,2026-05-01 12:00:00.000,H24,MISSION BERMUDES,0.00,1.00,1.0,12,0,18,1,5,2026
87997,2026-05-01 13:00:00.000,H24,MISSION BERMUDES,0.00,1.00,1.0,13,0,18,1,5,2026
88019,2026-05-01 14:00:00.000,H24,MISSION BERMUDES,0.00,1.00,1.0,14,0,18,1,5,2026
88041,2026-05-01 15:00:00.000,H24,MISSION BERMUDES,0.15,1.00,0.85,15,0,18,1,5,2026
88063,2026-05-01 16:00:00.000,H24,MISSION BERMUDES,0.30,1.00,0.7,16,0,18,1,5,2026
88085,2026-05-01 17:00:00.000,H24,MISSION BERMUDES,0.00,1.00,1.0,17,0,18,1,5,2026
88107,2026-05-01 18:00:00.000,H24,MISSION BERMUDES,0.00,1.00,1.0,18,0,18,1,5,2026
88129,2026-05-01 19:00:00.000,H24,MISSION BERMUDES,0.00,1.00,1.0,19,0,18,1,5,2026
88151,2026-05-01 20:00:00.000,H24,MISSION BERMUDES,0.00,1.00,1.0,20,0,18,1,5,2026
88173,2026-05-01 21:00:00.000,H24,MISSION BERMUDES,0.00,0.55,0.55,21,0,18,1,5,2026
88696,2026-05-01 22:00:00.000,H24,MISSION BERMUDES,0.00,0.00,0.0,22,0,18,1,5,2026
88718,2026-05-01 23:00:00.000,H24,MISSION BERMUDES,0.00,0.00,0.0,23,0,18,1,5,2026
88740,2026-05-02 00:00:00.000,H24,MISSION BERMUDES,0.00,0.00,0.0,0,0,18,2,5,2026
88762,2026-05-02 01:00:00.000,H24,MISSION BERMUDES,0.00,0.00,0.0,1,0,18,2,5,2026
88784,2026-05-02 02:00:00.000,H24,MISSION BERMUDES,0.00,0.00,0.0,2,0,18,2,5,2026
88806,2026-05-02 03:00:00.000,H24,MISSION BERMUDES,0.00,0.00,0.0,3,0,18,2,5,2026
88828,2026-05-02 04:00:00.000,H24,MISSION BERMUDES,0.00,0.00,0.0,4,0,18,2,5,2026
88850,2026-05-02 05:00:00.000,H24,MISSION BERMUDES,0.00,0.00,0.0,5,0,18,2,5,2026
88872,2026-05-02 06:00:00.000,H24,MISSION BERMUDES,0.00,0.00,0.0,6,0,18,2,5,2026
88895,2026-05-02 07:00:00.000,H24,MISSION BERMUDES,0.00,0.00,0.0,7,0,18,2,5,2026
88918,2026-05-02 08:00:00.000,H24,MISSION BERMUDES,0.00,0.00,0.0,8,0,18,2,5,2026
88941,2026-05-02 09:00:00.000,H24,MISSION BERMUDES,0.00,0.00,0.0,9,0,18,2,5,2026
88964,2026-05-02 10:00:00.000,H24,MISSION BERMUDES,0.95,1.00,0.05,10,0,18,2,5,2026
88987,2026-05-02 11:00:00.000,H24,MISSION BERMUDES,1.00,1.00,0.0,11,0,18,2,5,2026
89010,2026-05-02 12:00:00.000,H24,MISSION BERMUDES,0.40,1.00,0.6,12,0,18,2,5,2026
89033,2026-05-02 13:00:00.000,H24,MISSION BERMUDES,0.05,1.00,0.95,13,0,18,2,5,2026
89056,2026-05-02 14:00:00.000,H24,MISSION BERMUDES,0.55,1.00,0.45,14,0,18,2,5,2026
89079,2026-05-02 15:00:00.000,H24,MISSION BERMUDES,0.55,1.00,0.45,15,0,18,2,5,2026
89102,2026-05-02 16:00:00.000,H24,MISSION BERMUDES,0.90,1.00,0.1,16,0,18,2,5,2026
89125,2026-05-02 17:00:00.000,H24,MISSION BERMUDES,0.30,1.00,0.7,17,0,18,2,5,2026
89148,2026-05-02 18:00:00.000,H24,MISSION BERMUDES,0.00,1.00,1.0,18,0,18,2,5,2026
89171,2026-05-02 19:00:00.000,H24,MISSION BERMUDES,0.25,1.00,0.75,19,0,18,2,5,2026
89695,2026-05-02 20:00:00.000,H24,MISSION BERMUDES,0.20,1.00,0.8,20,0,18,2,5,2026
89718,2026-05-02 21:00:00.000,H24,MISSION BERMUDES,0.00,1.00,1.0,21,0,18,2,5,2026
89741,2026-05-02 22:00:00.000,H24,MISSION BERMUDES,0.00,0.00,0.0,22,0,18,2,5,2026
89764,2026-05-02 23:00:00.000,H24,MISSION BERMUDES,0.00,0.00,0.0,23,0,18,2,5,2026
89787,2026-05-03 00:00:00.000,H24,MISSION BERMUDES,0.00,0.00,0.0,0,0,19,3,5,2026
89810,2026-05-03 01:00:00.000,H24,MISSION BERMUDES,0.00,0.00,0.0,1,0,19,3,5,2026
89833,2026-05-03 02:00:00.000,H24,MISSION BERMUDES,0.00,0.00,0.0,2,0,19,3,5,2026
89856,2026-05-03 03:00:00.000,H24,MISSION BERMUDES,0.00,0.00,0.0,3,0,19,3,5,2026
89879,2026-05-03 04:00:00.000,H24,MISSION BERMUDES,0.00,0.00,0.0,4,0,19,3,5,2026
89902,2026-05-03 05:00:00.000,H24,MISSION BERMUDES,0.00,0.00,0.0,5,0,19,3,5,2026
89925,2026-05-03 06:00:00.000,H24,MISSION BERMUDES,0.00,0.00,0.0,6,0,19,3,5,2026
89948,2026-05-03 07:00:00.000,H24,MISSION BERMUDES,0.00,0.09,0.09,7,0,19,3,5,2026
89970,2026-05-03 08:00:00.000,H24,MISSION BERMUDES,0.00,0.00,0.0,8,0,19,3,5,2026
89992,2026-05-03 09:00:00.000,H24,MISSION BERMUDES,0.00,0.00,0.0,9,0,19,3,5,2026
90014,2026-05-03 10:00:00.000,H24,MISSION BERMUDES,0.00,1.00,1.0,10,0,19,3,5,2026
90036,2026-05-03 11:00:00.000,H24,MISSION BERMUDES,0.00,1.00,1.0,11,0,19,3,5,2026
90058,2026-05-03 12:00:00.000,H24,MISSION BERMUDES,0.00,1.00,1.0,12,0,19,3,5,2026
90080,2026-05-03 13:00:00.000,H24,MISSION BERMUDES,0.00,1.00,1.0,13,0,19,3,5,2026
90102,2026-05-03 14:00:00.000,H24,MISSION BERMUDES,0.00,1.00,1.0,14,0,19,3,5,2026
90124,2026-05-03 15:00:00.000,H24,MISSION BERMUDES,0.00,1.00,1.0,15,0,19,3,5,2026
90146,2026-05-03 16:00:00.000,H24,MISSION BERMUDES,0.00,1.00,1.0,16,0,19,3,5,2026
90168,2026-05-03 17:00:00.000,H24,MISSION BERMUDES,0.20,1.00,0.8,17,0,19,3,5,2026
90691,2026-05-03 18:00:00.000,H24,MISSION BERMUDES,0.00,1.00,1.0,18,0,19,3,5,2026
90713,2026-05-03 19:00:00.000,H24,MISSION BERMUDES,0.00,1.00,1.0,19,0,19,3,5,2026
90735,2026-05-03 20:00:00.000,H24,MISSION BERMUDES,0.00,1.00,1.0,20,0,19,3,5,2026
90757,2026-05-03 21:00:00.000,H24,MISSION BERMUDES,0.00,0.50,0.5,21,0,19,3,5,2026
90779,2026-05-03 22:00:00.000,H24,MISSION BERMUDES,0.00,0.00,0.0,22,0,19,3,5,2026
90801,2026-05-03 23:00:00.000,H24,MISSION BERMUDES,0.00,0.00,0.0,23,0,19,3,5,2026
90823,2026-05-04 00:00:00.000,H24,MISSION BERMUDES,0.00,0.00,0.0,0,0,19,4,5,2026
90845,2026-05-04 01:00:00.000,H24,MISSION BERMUDES,0.00,0.00,0.0,1,0,19,4,5,2026
90867,2026-05-04 02:00:00.000,H24,MISSION BERMUDES,0.00,0.00,0.0,2,0,19,4,5,2026
90889,2026-05-04 03:00:00.000,H24,MISSION BERMUDES,0.00,0.00,0.0,3,0,19,4,5,2026
90911,2026-05-04 04:00:00.000,H24,MISSION BERMUDES,0.00,0.00,0.0,4,0,19,4,5,2026
90933,2026-05-04 05:00:00.000,H24,MISSION BERMUDES,0.00,0.00,0.0,5,0,19,4,5,2026
90955,2026-05-04 06:00:00.000,H24,MISSION BERMUDES,0.00,0.00,0.0,6,0,19,4,5,2026
90976,2026-05-04 07:00:00.000,H24,MISSION BERMUDES,0.00,0.00,0.0,7,0,19,4,5,2026
90997,2026-05-04 08:00:00.000,H24,MISSION BERMUDES,0.00,0.00,0.0,8,0,19,4,5,2026
91018,2026-05-04 09:00:00.000,H24,MISSION BERMUDES,0.00,0.00,0.0,9,0,19,4,5,2026
91039,2026-05-04 10:00:00.000,H24,MISSION BERMUDES,0.00,1.00,1.0,10,0,19,4,5,2026
91060,2026-05-04 11:00:00.000,H24,MISSION BERMUDES,0.00,1.00,1.0,11,0,19,4,5,2026
91081,2026-05-04 12:00:00.000,H24,MISSION BERMUDES,0.00,1.00,1.0,12,0,19,4,5,2026
91102,2026-05-04 13:00:00.000,H24,MISSION BERMUDES,0.00,1.00,1.0,13,0,19,4,5,2026
91123,2026-05-04 14:00:00.000,H24,MISSION BERMUDES,0.00,1.00,1.0,14,0,19,4,5,2026
91144,2026-05-04 15:00:00.000,H24,MISSION BERMUDES,0.00,1.00,1.0,15,0,19,4,5,2026
91165,2026-05-04 16:00:00.000,H24,MISSION BERMUDES,0.00,1.00,1.0,16,0,19,4,5,2026
91687,2026-05-04 17:00:00.000,H24,MISSION BERMUDES,0.00,1.00,1.0,17,0,19,4,5,2026
91708,2026-05-04 18:00:00.000,H24,MISSION BERMUDES,0.00,1.00,1.0,18,0,19,4,5,2026
91729,2026-05-04 19:00:00.000,H24,MISSION BERMUDES,0.00,1.00,1.0,19,0,19,4,5,2026
91750,2026-05-04 20:00:00.000,H24,MISSION BERMUDES,0.00,1.00,1.0,20,0,19,4,5,2026
91771,2026-05-04 21:00:00.000,H24,MISSION BERMUDES,0.00,0.50,0.5,21,0,19,4,5,2026
91792,2026-05-04 22:00:00.000,H24,MISSION BERMUDES,0.00,0.00,0.0,22,0,19,4,5,2026
91813,2026-05-04 23:00:00.000,H24,MISSION BERMUDES,0.00,0.00,0.0,23,0,19,4,5,2026
91834,2026-05-05 00:00:00.000,H24,MISSION BERMUDES,0.00,0.00,0.0,0,0,19,5,5,2026
91855,2026-05-05 01:00:00.000,H24,MISSION BERMUDES,0.00,0.00,0.0,1,0,19,5,5,2026
91876,2026-05-05 02:00:00.000,H24,MISSION BERMUDES,0.00,0.00,0.0,2,0,19,5,5,2026
91897,2026-05-05 03:00:00.000,H24,MISSION BERMUDES,0.00,0.00,0.0,3,0,19,5,5,2026
91918,2026-05-05 04:00:00.000,H24,MISSION BERMUDES,0.00,0.00,0.0,4,0,19,5,5,2026
91939,2026-05-05 05:00:00.000,H24,MISSION BERMUDES,0.00,0.00,0.0,5,0,19,5,5,2026
91960,2026-05-05 06:00:00.000,H24,MISSION BERMUDES,0.00,0.00,0.0,6,0,19,5,5,2026
91981,2026-05-05 07:00:00.000,H24,MISSION BERMUDES,0.00,0.00,0.0,7,0,19,5,5,2026
92002,2026-05-05 08:00:00.000,H24,MISSION BERMUDES,0.00,0.00,0.0,8,0,19,5,5,2026
92023,2026-05-05 09:00:00.000,H24,MISSION BERMUDES,0.00,0.00,0.0,9,0,19,5,5,2026
92044,2026-05-05 10:00:00.000,H24,MISSION BERMUDES,0.00,1.00,1.0,10,0,19,5,5,2026
92065,2026-05-05 11:00:00.000,H24,MISSION BERMUDES,0.00,1.00,1.0,11,0,19,5,5,2026
92086,2026-05-05 12:00:00.000,H24,MISSION BERMUDES,0.00,1.00,1.0,12,0,19,5,5,2026
92107,2026-05-05 13:00:00.000,H24,MISSION BERMUDES,0.00,1.00,1.0,13,0,19,5,5,2026
92128,2026-05-05 14:00:00.000,H24,MISSION BERMUDES,0.00,1.00,1.0,14,0,19,5,5,2026
92149,2026-05-05 15:00:00.000,H24,MISSION BERMUDES,0.00,1.00,1.0,15,0,19,5,5,2026
92170,2026-05-05 16:00:00.000,H24,MISSION BERMUDES,0.00,1.00,1.0,16,0,19,5,5,2026
92692,2026-05-05 17:00:00.000,H24,MISSION BERMUDES,0.00,1.00,1.0,17,0,19,5,5,2026
92713,2026-05-05 18:00:00.000,H24,MISSION BERMUDES,0.00,1.00,1.0,18,0,19,5,5,2026
92734,2026-05-05 19:00:00.000,H24,MISSION BERMUDES,0.00,1.00,1.0,19,0,19,5,5,2026
92755,2026-05-05 20:00:00.000,H24,MISSION BERMUDES,0.00,1.00,1.0,20,0,19,5,5,2026
92776,2026-05-05 21:00:00.000,H24,MISSION BERMUDES,0.00,0.30,0.3,21,0,19,5,5,2026
92797,2026-05-05 22:00:00.000,H24,MISSION BERMUDES,0.00,0.00,0.0,22,0,19,5,5,2026
92818,2026-05-05 23:00:00.000,H24,MISSION BERMUDES,0.00,0.00,0.0,23,0,19,5,5,2026
92839,2026-05-06 00:00:00.000,H24,MISSION BERMUDES,0.00,0.00,0.0,0,0,19,6,5,2026
92860,2026-05-06 01:00:00.000,H24,MISSION BERMUDES,0.00,0.00,0.0,1,0,19,6,5,2026
92881,2026-05-06 02:00:00.000,H24,MISSION BERMUDES,0.00,0.00,0.0,2,0,19,6,5,2026
92902,2026-05-06 03:00:00.000,H24,MISSION BERMUDES,0.00,0.00,0.0,3,0,19,6,5,2026
92923,2026-05-06 04:00:00.000,H24,MISSION BERMUDES,0.00,0.00,0.0,4,0,19,6,5,2026
92944,2026-05-06 05:00:00.000,H24,MISSION BERMUDES,0.00,0.00,0.0,5,0,19,6,5,2026
92965,2026-05-06 06:00:00.000,H24,MISSION BERMUDES,0.00,0.00,0.0,6,0,19,6,5,2026
92986,2026-05-06 07:00:00.000,H24,MISSION BERMUDES,0.00,0.00,0.0,7,0,19,6,5,2026
93007,2026-05-06 08:00:00.000,H24,MISSION BERMUDES,0.00,0.00,0.0,8,0,19,6,5,2026
93028,2026-05-06 09:00:00.000,H24,MISSION BERMUDES,0.00,0.00,0.0,9,0,19,6,5,2026
93049,2026-05-06 10:00:00.000,H24,MISSION BERMUDES,0.00,1.00,1.0,10,0,19,6,5,2026
93070,2026-05-06 11:00:00.000,H24,MISSION BERMUDES,0.00,1.00,1.0,11,0,19,6,5,2026
93091,2026-05-06 12:00:00.000,H24,MISSION BERMUDES,0.00,1.00,1.0,12,0,19,6,5,2026
93112,2026-05-06 13:00:00.000,H24,MISSION BERMUDES,0.00,1.00,1.0,13,0,19,6,5,2026
93133,2026-05-06 14:00:00.000,H24,MISSION BERMUDES,0.55,1.00,0.45,14,0,19,6,5,2026
93154,2026-05-06 15:00:00.000,H24,MISSION BERMUDES,0.00,1.00,1.0,15,0,19,6,5,2026
93175,2026-05-06 16:00:00.000,H24,MISSION BERMUDES,0.00,1.00,1.0,16,0,19,6,5,2026
93697,2026-05-06 17:00:00.000,H24,MISSION BERMUDES,0.30,1.00,0.7,17,0,19,6,5,2026
93718,2026-05-06 18:00:00.000,H24,MISSION BERMUDES,0.00,1.00,1.0,18,0,19,6,5,2026
93739,2026-05-06 19:00:00.000,H24,MISSION BERMUDES,0.00,1.00,1.0,19,0,19,6,5,2026
93760,2026-05-06 20:00:00.000,H24,MISSION BERMUDES,0.00,1.00,1.0,20,0,19,6,5,2026
93781,2026-05-06 21:00:00.000,H24,MISSION BERMUDES,0.00,0.50,0.5,21,0,19,6,5,2026
93802,2026-05-06 22:00:00.000,H24,MISSION BERMUDES,0.00,0.00,0.0,22,0,19,6,5,2026
93823,2026-05-06 23:00:00.000,H24,MISSION BERMUDES,0.00,0.00,0.0,23,0,19,6,5,2026
93844,2026-05-07 00:00:00.000,H24,MISSION BERMUDES,0.00,0.00,0.0,0,0,19,7,5,2026
93865,2026-05-07 01:00:00.000,H24,MISSION BERMUDES,0.00,0.00,0.0,1,0,19,7,5,2026
93886,2026-05-07 02:00:00.000,H24,MISSION BERMUDES,0.00,0.00,0.0,2,0,19,7,5,2026
93907,2026-05-07 03:00:00.000,H24,MISSION BERMUDES,0.00,0.00,0.0,3,0,19,7,5,2026
93928,2026-05-07 04:00:00.000,H24,MISSION BERMUDES,0.00,0.00,0.0,4,0,19,7,5,2026
93949,2026-05-07 05:00:00.000,H24,MISSION BERMUDES,0.00,0.00,0.0,5,0,19,7,5,2026
93970,2026-05-07 06:00:00.000,H24,MISSION BERMUDES,0.00,0.00,0.0,6,0,19,7,5,2026
93991,2026-05-07 07:00:00.000,H24,MISSION BERMUDES,0.00,0.00,0.0,7,0,19,7,5,2026
94012,2026-05-07 08:00:00.000,H24,MISSION BERMUDES,0.00,0.00,0.0,8,0,19,7,5,2026
94033,2026-05-07 09:00:00.000,H24,MISSION BERMUDES,0.00,0.00,0.0,9,0,19,7,5,2026
94054,2026-05-07 10:00:00.000,H24,MISSION BERMUDES,0.00,1.00,1.0,10,0,19,7,5,2026
94075,2026-05-07 11:00:00.000,H24,MISSION BERMUDES,0.00,1.00,1.0,11,0,19,7,5,2026
94096,2026-05-07 12:00:00.000,H24,MISSION BERMUDES,0.00,1.00,1.0,12,0,19,7,5,2026
94117,2026-05-07 13:00:00.000,H24,MISSION BERMUDES,0.00,1.00,1.0,13,0,19,7,5,2026
94138,2026-05-07 14:00:00.000,H24,MISSION BERMUDES,0.00,1.00,1.0,14,0,19,7,5,2026
94159,2026-05-07 15:00:00.000,H24,MISSION BERMUDES,0.00,1.00,1.0,15,0,19,7,5,2026
94180,2026-05-07 16:00:00.000,H24,MISSION BERMUDES,0.00,1.00,1.0,16,0,19,7,5,2026
94702,2026-05-07 17:00:00.000,H24,MISSION BERMUDES,0.00,1.00,1.0,17,0,19,7,5,2026
94723,2026-05-07 18:00:00.000,H24,MISSION BERMUDES,0.00,1.00,1.0,18,0,19,7,5,2026
94744,2026-05-07 19:00:00.000,H24,MISSION BERMUDES,0.00,1.00,1.0,19,0,19,7,5,2026
94765,2026-05-07 20:00:00.000,H24,MISSION BERMUDES,0.00,1.00,1.0,20,0,19,7,5,2026
94786,2026-05-07 21:00:00.000,H24,MISSION BERMUDES,0.00,0.55,0.55,21,0,19,7,5,2026
94807,2026-05-07 22:00:00.000,H24,MISSION BERMUDES,0.00,0.00,0.0,22,0,19,7,5,2026
94828,2026-05-07 23:00:00.000,H24,MISSION BERMUDES,0.00,0.00,0.0,23,0,19,7,5,2026
94849,2026-05-08 00:00:00.000,H24,MISSION BERMUDES,0.00,0.00,0.0,0,0,19,8,5,2026
94870,2026-05-08 01:00:00.000,H24,MISSION BERMUDES,0.00,0.00,0.0,1,0,19,8,5,2026
94891,2026-05-08 02:00:00.000,H24,MISSION BERMUDES,0.00,0.00,0.0,2,0,19,8,5,2026
94912,2026-05-08 03:00:00.000,H24,MISSION BERMUDES,0.00,0.00,0.0,3,0,19,8,5,2026
94933,2026-05-08 04:00:00.000,H24,MISSION BERMUDES,0.00,0.00,0.0,4,0,19,8,5,2026
94954,2026-05-08 05:00:00.000,H24,MISSION BERMUDES,0.00,0.00,0.0,5,0,19,8,5,2026
94975,2026-05-08 06:00:00.000,H24,MISSION BERMUDES,0.00,0.00,0.0,6,0,19,8,5,2026
94997,2026-05-08 07:00:00.000,H24,MISSION BERMUDES,0.00,0.00,0.0,7,0,19,8,5,2026
95019,2026-05-08 08:00:00.000,H24,MISSION BERMUDES,0.00,0.00,0.0,8,0,19,8,5,2026
95041,2026-05-08 09:00:00.000,H24,MISSION BERMUDES,0.00,0.00,0.0,9,0,19,8,5,2026
95063,2026-05-08 10:00:00.000,H24,MISSION BERMUDES,0.00,1.00,1.0,10,0,19,8,5,2026
95085,2026-05-08 11:00:00.000,H24,MISSION BERMUDES,0.00,1.00,1.0,11,0,19,8,5,2026
95107,2026-05-08 12:00:00.000,H24,MISSION BERMUDES,0.50,1.00,0.5,12,0,19,8,5,2026
95129,2026-05-08 13:00:00.000,H24,MISSION BERMUDES,0.50,1.00,0.5,13,0,19,8,5,2026
95151,2026-05-08 14:00:00.000,H24,MISSION BERMUDES,0.00,1.00,1.0,14,0,19,8,5,2026
95173,2026-05-08 15:00:00.000,H24,MISSION BERMUDES,0.00,1.00,1.0,15,0,19,8,5,2026
95696,2026-05-08 16:00:00.000,H24,MISSION BERMUDES,0.40,1.00,0.6,16,0,19,8,5,2026
95718,2026-05-08 17:00:00.000,H24,MISSION BERMUDES,0.00,1.00,1.0,17,0,19,8,5,2026
95740,2026-05-08 18:00:00.000,H24,MISSION BERMUDES,0.35,1.00,0.65,18,0,19,8,5,2026
95762,2026-05-08 19:00:00.000,H24,MISSION BERMUDES,0.20,1.00,0.8,19,0,19,8,5,2026
95784,2026-05-08 20:00:00.000,H24,MISSION BERMUDES,0.00,1.00,1.0,20,0,19,8,5,2026
95806,2026-05-08 21:00:00.000,H24,MISSION BERMUDES,0.00,0.50,0.5,21,0,19,8,5,2026
95828,2026-05-08 22:00:00.000,H24,MISSION BERMUDES,0.00,0.00,0.0,22,0,19,8,5,2026
95850,2026-05-08 23:00:00.000,H24,MISSION BERMUDES,0.00,0.00,0.0,23,0,19,8,5,2026
95872,2026-05-09 00:00:00.000,H24,MISSION BERMUDES,0.00,0.00,0.0,0,0,19,9,5,2026
95894,2026-05-09 01:00:00.000,H24,MISSION BERMUDES,0.00,0.00,0.0,1,0,19,9,5,2026
95916,2026-05-09 02:00:00.000,H24,MISSION BERMUDES,0.00,0.00,0.0,2,0,19,9,5,2026
95938,2026-05-09 03:00:00.000,H24,MISSION BERMUDES,0.00,0.00,0.0,3,0,19,9,5,2026
95960,2026-05-09 04:00:00.000,H24,MISSION BERMUDES,0.00,0.00,0.0,4,0,19,9,5,2026
95982,2026-05-09 05:00:00.000,H24,MISSION BERMUDES,0.00,0.00,0.0,5,0,19,9,5,2026
96004,2026-05-09 06:00:00.000,H24,MISSION BERMUDES,0.00,0.00,0.0,6,0,19,9,5,2026
96027,2026-05-09 07:00:00.000,H24,MISSION BERMUDES,0.00,0.00,0.0,7,0,19,9,5,2026
96050,2026-05-09 08:00:00.000,H24,MISSION BERMUDES,0.00,0.00,0.0,8,0,19,9,5,2026
96073,2026-05-09 09:00:00.000,H24,MISSION BERMUDES,0.00,0.00,0.0,9,0,19,9,5,2026
96096,2026-05-09 10:00:00.000,H24,MISSION BERMUDES,0.00,1.00,1.0,10,0,19,9,5,2026
96119,2026-05-09 11:00:00.000,H24,MISSION BERMUDES,0.10,1.00,0.9,11,0,19,9,5,2026
96142,2026-05-09 12:00:00.000,H24,MISSION BERMUDES,0.10,1.00,0.9,12,0,19,9,5,2026
96165,2026-05-09 13:00:00.000,H24,MISSION BERMUDES,0.15,1.00,0.85,13,0,19,9,5,2026
96188,2026-05-09 14:00:00.000,H24,MISSION BERMUDES,1.00,1.00,0.0,14,0,19,9,5,2026
96712,2026-05-09 15:00:00.000,H24,MISSION BERMUDES,1.00,1.00,0.0,15,0,19,9,5,2026
96735,2026-05-09 16:00:00.000,H24,MISSION BERMUDES,0.40,1.00,0.6,16,0,19,9,5,2026
96758,2026-05-09 17:00:00.000,H24,MISSION BERMUDES,0.00,1.00,1.0,17,0,19,9,5,2026
96781,2026-05-09 18:00:00.000,H24,MISSION BERMUDES,0.00,1.00,1.0,18,0,19,9,5,2026
96804,2026-05-09 19:00:00.000,H24,MISSION BERMUDES,0.60,1.00,0.4,19,0,19,9,5,2026
96827,2026-05-09 20:00:00.000,H24,MISSION BERMUDES,0.45,1.00,0.55,20,0,19,9,5,2026
96850,2026-05-09 21:00:00.000,H24,MISSION BERMUDES,0.10,1.00,0.9,21,0,19,9,5,2026
96873,2026-05-09 22:00:00.000,H24,MISSION BERMUDES,0.00,0.00,0.0,22,0,19,9,5,2026
96896,2026-05-09 23:00:00.000,H24,MISSION BERMUDES,0.00,0.00,0.0,23,0,19,9,5,2026
96919,2026-05-10 00:00:00.000,H24,MISSION BERMUDES,0.00,0.00,0.0,0,0,20,10,5,2026
96942,2026-05-10 01:00:00.000,H24,MISSION BERMUDES,0.00,0.00,0.0,1,0,20,10,5,2026
96965,2026-05-10 02:00:00.000,H24,MISSION BERMUDES,0.00,0.00,0.0,2,0,20,10,5,2026
96988,2026-05-10 03:00:00.000,H24,MISSION BERMUDES,0.00,0.00,0.0,3,0,20,10,5,2026
97011,2026-05-10 04:00:00.000,H24,MISSION BERMUDES,0.00,0.00,0.0,4,0,20,10,5,2026
97034,2026-05-10 05:00:00.000,H24,MISSION BERMUDES,0.00,0.00,0.0,5,0,20,10,5,2026
97057,2026-05-10 06:00:00.000,H24,MISSION BERMUDES,0.00,0.00,0.0,6,0,20,10,5,2026
97078,2026-05-10 07:00:00.000,H24,MISSION BERMUDES,0.00,0.00,0.0,7,0,20,10,5,2026
97099,2026-05-10 08:00:00.000,H24,MISSION BERMUDES,0.00,0.00,0.0,8,0,20,10,5,2026
97121,2026-05-10 09:00:00.000,H24,MISSION BERMUDES,0.00,0.00,0.0,9,0,20,10,5,2026
97143,2026-05-10 10:00:00.000,H24,MISSION BERMUDES,0.00,1.00,1.0,10,0,20,10,5,2026
97165,2026-05-10 11:00:00.000,H24,MISSION BERMUDES,0.20,1.00,0.8,11,0,20,10,5,2026
97187,2026-05-10 12:00:00.000,H24,MISSION BERMUDES,0.10,1.00,0.9,12,0,20,10,5,2026
97710,2026-05-10 13:00:00.000,H24,MISSION BERMUDES,0.00,1.00,1.0,13,0,20,10,5,2026
97732,2026-05-10 14:00:00.000,H24,MISSION BERMUDES,0.65,1.00,0.35,14,0,20,10,5,2026
97754,2026-05-10 15:00:00.000,H24,MISSION BERMUDES,0.00,1.00,1.0,15,0,20,10,5,2026
97776,2026-05-10 16:00:00.000,H24,MISSION BERMUDES,0.80,1.00,0.2,16,0,20,10,5,2026
97798,2026-05-10 17:00:00.000,H24,MISSION BERMUDES,1.00,1.00,0.0,17,0,20,10,5,2026
97820,2026-05-10 18:00:00.000,H24,MISSION BERMUDES,0.35,1.00,0.65,18,0,20,10,5,2026
97842,2026-05-10 19:00:00.000,H24,MISSION BERMUDES,0.45,1.00,0.55,19,0,20,10,5,2026
97864,2026-05-10 20:00:00.000,H24,MISSION BERMUDES,0.00,1.00,1.0,20,0,20,10,5,2026
97886,2026-05-10 21:00:00.000,H24,MISSION BERMUDES,0.00,0.50,0.5,21,0,20,10,5,2026
97908,2026-05-10 22:00:00.000,H24,MISSION BERMUDES,0.00,0.00,0.0,22,0,20,10,5,2026
97930,2026-05-10 23:00:00.000,H24,MISSION BERMUDES,0.00,0.00,0.0,23,0,20,10,5,2026
97952,2026-05-11 00:00:00.000,H24,MISSION BERMUDES,0.00,0.00,0.0,0,0,20,11,5,2026
97974,2026-05-11 01:00:00.000,H24,MISSION BERMUDES,0.00,0.00,0.0,1,0,20,11,5,2026
97996,2026-05-11 02:00:00.000,H24,MISSION BERMUDES,0.00,0.00,0.0,2,0,20,11,5,2026
98018,2026-05-11 03:00:00.000,H24,MISSION BERMUDES,0.00,0.00,0.0,3,0,20,11,5,2026
98040,2026-05-11 04:00:00.000,H24,MISSION BERMUDES,0.00,0.00,0.0,4,0,20,11,5,2026
98062,2026-05-11 05:00:00.000,H24,MISSION BERMUDES,0.00,0.00,0.0,5,0,20,11,5,2026
98084,2026-05-11 06:00:00.000,H24,MISSION BERMUDES,0.00,0.00,0.0,6,0,20,11,5,2026
98105,2026-05-11 07:00:00.000,H24,MISSION BERMUDES,0.00,0.00,0.0,7,0,20,11,5,2026
98126,2026-05-11 08:00:00.000,H24,MISSION BERMUDES,0.00,0.00,0.0,8,0,20,11,5,2026
98147,2026-05-11 09:00:00.000,H24,MISSION BERMUDES,0.00,0.00,0.0,9,0,20,11,5,2026
98168,2026-05-11 10:00:00.000,H24,MISSION BERMUDES,0.00,1.00,1.0,10,0,20,11,5,2026
98189,2026-05-11 11:00:00.000,H24,MISSION BERMUDES,0.15,1.00,0.85,11,0,20,11,5,2026
98711,2026-05-11 12:00:00.000,H24,MISSION BERMUDES,0.00,1.00,1.0,12,0,20,11,5,2026
98732,2026-05-11 13:00:00.000,H24,MISSION BERMUDES,0.00,1.00,1.0,13,0,20,11,5,2026
98753,2026-05-11 14:00:00.000,H24,MISSION BERMUDES,0.00,1.00,1.0,14,0,20,11,5,2026
98774,2026-05-11 15:00:00.000,H24,MISSION BERMUDES,0.00,1.00,1.0,15,0,20,11,5,2026
98795,2026-05-11 16:00:00.000,H24,MISSION BERMUDES,0.00,1.00,1.0,16,0,20,11,5,2026
98816,2026-05-11 17:00:00.000,H24,MISSION BERMUDES,0.50,1.00,0.5,17,0,20,11,5,2026
98837,2026-05-11 18:00:00.000,H24,MISSION BERMUDES,0.00,1.00,1.0,18,0,20,11,5,2026
98858,2026-05-11 19:00:00.000,H24,MISSION BERMUDES,0.15,1.00,0.85,19,0,20,11,5,2026
98879,2026-05-11 20:00:00.000,H24,MISSION BERMUDES,0.00,1.00,1.0,20,0,20,11,5,2026
98900,2026-05-11 21:00:00.000,H24,MISSION BERMUDES,0.00,0.50,0.5,21,0,20,11,5,2026
98921,2026-05-11 22:00:00.000,H24,MISSION BERMUDES,0.00,0.00,0.0,22,0,20,11,5,2026
98942,2026-05-11 23:00:00.000,H24,MISSION BERMUDES,0.00,0.00,0.0,23,0,20,11,5,2026
98963,2026-05-12 00:00:00.000,H24,MISSION BERMUDES,0.00,0.00,0.0,0,0,20,12,5,2026
98984,2026-05-12 01:00:00.000,H24,MISSION BERMUDES,0.00,0.00,0.0,1,0,20,12,5,2026
99005,2026-05-12 02:00:00.000,H24,MISSION BERMUDES,0.00,0.00,0.0,2,0,20,12,5,2026
99026,2026-05-12 03:00:00.000,H24,MISSION BERMUDES,0.00,0.00,0.0,3,0,20,12,5,2026
99047,2026-05-12 04:00:00.000,H24,MISSION BERMUDES,0.00,0.00,0.0,4,0,20,12,5,2026
99068,2026-05-12 05:00:00.000,H24,MISSION BERMUDES,0.00,0.00,0.0,5,0,20,12,5,2026
99089,2026-05-12 06:00:00.000,H24,MISSION BERMUDES,0.00,0.00,0.0,6,0,20,12,5,2026
99110,2026-05-12 07:00:00.000,H24,MISSION BERMUDES,0.00,0.00,0.0,7,0,20,12,5,2026
99131,2026-05-12 08:00:00.000,H24,MISSION BERMUDES,0.00,0.00,0.0,8,0,20,12,5,2026
99152,2026-05-12 09:00:00.000,H24,MISSION BERMUDES,0.00,0.00,0.0,9,0,20,12,5,2026
99173,2026-05-12 10:00:00.000,H24,MISSION BERMUDES,0.00,1.00,1.0,10,0,20,12,5,2026
99194,2026-05-12 11:00:00.000,H24,MISSION BERMUDES,0.75,1.00,0.25,11,0,20,12,5,2026
99716,2026-05-12 12:00:00.000,H24,MISSION BERMUDES,0.00,1.00,1.0,12,0,20,12,5,2026
99737,2026-05-12 13:00:00.000,H24,MISSION BERMUDES,0.00,1.00,1.0,13,0,20,12,5,2026
99758,2026-05-12 14:00:00.000,H24,MISSION BERMUDES,0.20,1.00,0.8,14,0,20,12,5,2026
99779,2026-05-12 15:00:00.000,H24,MISSION BERMUDES,0.45,1.00,0.55,15,0,20,12,5,2026
99800,2026-05-12 16:00:00.000,H24,MISSION BERMUDES,0.40,1.00,0.6,16,0,20,12,5,2026
99821,2026-05-12 17:00:00.000,H24,MISSION BERMUDES,0.00,1.00,1.0,17,0,20,12,5,2026
99842,2026-05-12 18:00:00.000,H24,MISSION BERMUDES,0.00,1.00,1.0,18,0,20,12,5,2026
99863,2026-05-12 19:00:00.000,H24,MISSION BERMUDES,0.60,1.00,0.4,19,0,20,12,5,2026
99884,2026-05-12 20:00:00.000,H24,MISSION BERMUDES,0.00,1.00,1.0,20,0,20,12,5,2026
99905,2026-05-12 21:00:00.000,H24,MISSION BERMUDES,0.00,0.55,0.55,21,0,20,12,5,2026
99926,2026-05-12 22:00:00.000,H24,MISSION BERMUDES,0.00,0.00,0.0,22,0,20,12,5,2026
99947,2026-05-12 23:00:00.000,H24,MISSION BERMUDES,0.00,0.00,0.0,23,0,20,12,5,2026
99968,2026-05-13 00:00:00.000,H24,MISSION BERMUDES,0.00,0.00,0.0,0,0,20,13,5,2026
99989,2026-05-13 01:00:00.000,H24,MISSION BERMUDES,0.00,0.00,0.0,1,0,20,13,5,2026
100010,2026-05-13 02:00:00.000,H24,MISSION BERMUDES,0.00,0.00,0.0,2,0,20,13,5,2026
100031,2026-05-13 03:00:00.000,H24,MISSION BERMUDES,0.00,0.00,0.0,3,0,20,13,5,2026
100052,2026-05-13 04:00:00.000,H24,MISSION BERMUDES,0.00,0.00,0.0,4,0,20,13,5,2026
100073,2026-05-13 05:00:00.000,H24,MISSION BERMUDES,0.00,0.00,0.0,5,0,20,13,5,2026
100094,2026-05-13 06:00:00.000,H24,MISSION BERMUDES,0.00,0.00,0.0,6,0,20,13,5,2026
100115,2026-05-13 07:00:00.000,H24,MISSION BERMUDES,0.00,0.00,0.0,7,0,20,13,5,2026
100136,2026-05-13 08:00:00.000,H24,MISSION BERMUDES,0.00,0.00,0.0,8,0,20,13,5,2026
100157,2026-05-13 09:00:00.000,H24,MISSION BERMUDES,0.15,0.00,0.0,9,0,20,13,5,2026
100178,2026-05-13 10:00:00.000,H24,MISSION BERMUDES,1.00,1.00,0.0,10,0,20,13,5,2026
100199,2026-05-13 11:00:00.000,H24,MISSION BERMUDES,1.00,1.00,0.0,11,0,20,13,5,2026
100721,2026-05-13 12:00:00.000,H24,MISSION BERMUDES,0.70,1.00,0.3,12,0,20,13,5,2026
100742,2026-05-13 13:00:00.000,H24,MISSION BERMUDES,1.00,1.00,0.0,13,0,20,13,5,2026
100763,2026-05-13 14:00:00.000,H24,MISSION BERMUDES,1.00,1.00,0.0,14,0,20,13,5,2026
100784,2026-05-13 15:00:00.000,H24,MISSION BERMUDES,0.60,1.00,0.4,15,0,20,13,5,2026
100805,2026-05-13 16:00:00.000,H24,MISSION BERMUDES,0.00,1.00,1.0,16,0,20,13,5,2026
100826,2026-05-13 17:00:00.000,H24,MISSION BERMUDES,0.00,1.00,1.0,17,0,20,13,5,2026
100847,2026-05-13 18:00:00.000,H24,MISSION BERMUDES,0.15,1.00,0.85,18,0,20,13,5,2026
100868,2026-05-13 19:00:00.000,H24,MISSION BERMUDES,0.95,1.00,0.05,19,0,20,13,5,2026
100889,2026-05-13 20:00:00.000,H24,MISSION BERMUDES,0.55,1.00,0.45,20,0,20,13,5,2026
100910,2026-05-13 21:00:00.000,H24,MISSION BERMUDES,0.00,0.50,0.5,21,0,20,13,5,2026
100931,2026-05-13 22:00:00.000,H24,MISSION BERMUDES,0.00,0.00,0.0,22,0,20,13,5,2026
100952,2026-05-13 23:00:00.000,H24,MISSION BERMUDES,0.00,0.00,0.0,23,0,20,13,5,2026
100973,2026-05-14 00:00:00.000,H24,MISSION BERMUDES,0.00,0.00,0.0,0,0,20,14,5,2026
100994,2026-05-14 01:00:00.000,H24,MISSION BERMUDES,0.00,0.00,0.0,1,0,20,14,5,2026
101015,2026-05-14 02:00:00.000,H24,MISSION BERMUDES,0.00,0.00,0.0,2,0,20,14,5,2026
101036,2026-05-14 03:00:00.000,H24,MISSION BERMUDES,0.00,0.00,0.0,3,0,20,14,5,2026
101057,2026-05-14 04:00:00.000,H24,MISSION BERMUDES,0.00,0.00,0.0,4,0,20,14,5,2026
101078,2026-05-14 05:00:00.000,H24,MISSION BERMUDES,0.00,0.00,0.0,5,0,20,14,5,2026
101099,2026-05-14 06:00:00.000,H24,MISSION BERMUDES,0.00,0.00,0.0,6,0,20,14,5,2026
101121,2026-05-14 07:00:00.000,H24,MISSION BERMUDES,0.00,0.00,0.0,7,0,20,14,5,2026
101143,2026-05-14 08:00:00.000,H24,MISSION BERMUDES,0.00,0.00,0.0,8,0,20,14,5,2026
101165,2026-05-14 09:00:00.000,H24,MISSION BERMUDES,0.00,0.00,0.0,9,0,20,14,5,2026
101187,2026-05-14 10:00:00.000,H24,MISSION BERMUDES,0.00,1.00,1.0,10,0,20,14,5,2026
101710,2026-05-14 11:00:00.000,H24,MISSION BERMUDES,0.00,1.00,1.0,11,0,20,14,5,2026
101732,2026-05-14 12:00:00.000,H24,MISSION BERMUDES,0.00,1.00,1.0,12,0,20,14,5,2026
101754,2026-05-14 13:00:00.000,H24,MISSION BERMUDES,0.00,1.00,1.0,13,0,20,14,5,2026
101776,2026-05-14 14:00:00.000,H24,MISSION BERMUDES,0.00,1.00,1.0,14,0,20,14,5,2026
101798,2026-05-14 15:00:00.000,H24,MISSION BERMUDES,0.30,1.00,0.7,15,0,20,14,5,2026
101820,2026-05-14 16:00:00.000,H24,MISSION BERMUDES,0.75,1.00,0.25,16,0,20,14,5,2026
101842,2026-05-14 17:00:00.000,H24,MISSION BERMUDES,0.55,1.00,0.45,17,0,20,14,5,2026
101864,2026-05-14 18:00:00.000,H24,MISSION BERMUDES,0.00,1.00,1.0,18,0,20,14,5,2026
101886,2026-05-14 19:00:00.000,H24,MISSION BERMUDES,0.00,1.00,1.0,19,0,20,14,5,2026
101908,2026-05-14 20:00:00.000,H24,MISSION BERMUDES,0.00,1.00,1.0,20,0,20,14,5,2026
101930,2026-05-14 21:00:00.000,H24,MISSION BERMUDES,0.00,0.55,0.55,21,0,20,14,5,2026
101952,2026-05-14 22:00:00.000,H24,MISSION BERMUDES,0.00,0.00,0.0,22,0,20,14,5,2026
101974,2026-05-14 23:00:00.000,H24,MISSION BERMUDES,0.00,0.00,0.0,23,0,20,14,5,2026
101996,2026-05-15 00:00:00.000,H24,MISSION BERMUDES,0.00,0.00,0.0,0,0,20,15,5,2026
102018,2026-05-15 01:00:00.000,H24,MISSION BERMUDES,0.00,0.00,0.0,1,0,20,15,5,2026
102040,2026-05-15 02:00:00.000,H24,MISSION BERMUDES,0.00,0.00,0.0,2,0,20,15,5,2026
102062,2026-05-15 03:00:00.000,H24,MISSION BERMUDES,0.00,0.00,0.0,3,0,20,15,5,2026
102084,2026-05-15 04:00:00.000,H24,MISSION BERMUDES,0.00,0.00,0.0,4,0,20,15,5,2026
102106,2026-05-15 05:00:00.000,H24,MISSION BERMUDES,0.00,0.00,0.0,5,0,20,15,5,2026
102128,2026-05-15 06:00:00.000,H24,MISSION BERMUDES,0.00,0.00,0.0,6,0,20,15,5,2026
102151,2026-05-15 07:00:00.000,H24,MISSION BERMUDES,0.00,0.00,0.0,7,0,20,15,5,2026
102174,2026-05-15 08:00:00.000,H24,MISSION BERMUDES,0.00,0.00,0.0,8,0,20,15,5,2026
102197,2026-05-15 09:00:00.000,H24,MISSION BERMUDES,0.00,1.00,1.0,9,0,20,15,5,2026
102721,2026-05-15 10:00:00.000,H24,MISSION BERMUDES,0.45,1.00,0.55,10,0,20,15,5,2026
102744,2026-05-15 11:00:00.000,H24,MISSION BERMUDES,0.00,1.00,1.0,11,0,20,15,5,2026
102767,2026-05-15 12:00:00.000,H24,MISSION BERMUDES,0.30,1.00,0.7,12,0,20,15,5,2026
102790,2026-05-15 13:00:00.000,H24,MISSION BERMUDES,0.00,1.00,1.0,13,0,20,15,5,2026
102813,2026-05-15 14:00:00.000,H24,MISSION BERMUDES,0.00,1.00,1.0,14,0,20,15,5,2026
102836,2026-05-15 15:00:00.000,H24,MISSION BERMUDES,0.00,1.00,1.0,15,0,20,15,5,2026
102859,2026-05-15 16:00:00.000,H24,MISSION BERMUDES,0.10,1.00,0.9,16,0,20,15,5,2026
102882,2026-05-15 17:00:00.000,H24,MISSION BERMUDES,0.00,1.00,1.0,17,0,20,15,5,2026
102905,2026-05-15 18:00:00.000,H24,MISSION BERMUDES,0.00,1.00,1.0,18,0,20,15,5,2026
102928,2026-05-15 19:00:00.000,H24,MISSION BERMUDES,0.00,1.00,1.0,19,0,20,15,5,2026
102951,2026-05-15 20:00:00.000,H24,MISSION BERMUDES,0.00,1.00,1.0,20,0,20,15,5,2026
102974,2026-05-15 21:00:00.000,H24,MISSION BERMUDES,0.00,1.00,1.0,21,0,20,15,5,2026
102997,2026-05-15 22:00:00.000,H24,MISSION BERMUDES,0.00,0.55,0.55,22,0,20,15,5,2026
103019,2026-05-15 23:00:00.000,H24,MISSION BERMUDES,0.00,0.00,0.0,23,0,20,15,5,2026
103041,2026-05-16 00:00:00.000,H24,MISSION BERMUDES,0.00,0.00,0.0,0,0,20,16,5,2026
103063,2026-05-16 01:00:00.000,H24,MISSION BERMUDES,0.00,0.00,0.0,1,0,20,16,5,2026
103085,2026-05-16 02:00:00.000,H24,MISSION BERMUDES,0.00,0.00,0.0,2,0,20,16,5,2026
103107,2026-05-16 03:00:00.000,H24,MISSION BERMUDES,0.00,0.00,0.0,3,0,20,16,5,2026
103130,2026-05-16 04:00:00.000,H24,MISSION BERMUDES,0.00,0.00,0.0,4,0,20,16,5,2026
103153,2026-05-16 05:00:00.000,H24,MISSION BERMUDES,0.00,0.00,0.0,5,0,20,16,5,2026
103176,2026-05-16 06:00:00.000,H24,MISSION BERMUDES,0.00,0.00,0.0,6,0,20,16,5,2026
103199,2026-05-16 07:00:00.000,H24,MISSION BERMUDES,0.00,0.00,0.0,7,0,20,16,5,2026
103723,2026-05-16 08:00:00.000,H24,MISSION BERMUDES,0.00,0.00,0.0,8,0,20,16,5,2026
103746,2026-05-16 09:00:00.000,H24,MISSION BERMUDES,0.00,0.00,0.0,9,0,20,16,5,2026
103769,2026-05-16 10:00:00.000,H24,MISSION BERMUDES,0.00,1.00,1.0,10,0,20,16,5,2026
103792,2026-05-16 11:00:00.000,H24,MISSION BERMUDES,0.00,1.00,1.0,11,0,20,16,5,2026
103815,2026-05-16 12:00:00.000,H24,MISSION BERMUDES,0.00,1.00,1.0,12,0,20,16,5,2026
103838,2026-05-16 13:00:00.000,H24,MISSION BERMUDES,0.00,1.00,1.0,13,0,20,16,5,2026
103861,2026-05-16 14:00:00.000,H24,MISSION BERMUDES,0.00,1.00,1.0,14,0,20,16,5,2026
103884,2026-05-16 15:00:00.000,H24,MISSION BERMUDES,0.40,1.00,0.6,15,0,20,16,5,2026
103907,2026-05-16 16:00:00.000,H24,MISSION BERMUDES,1.00,1.00,0.0,16,0,20,16,5,2026
103930,2026-05-16 17:00:00.000,H24,MISSION BERMUDES,1.00,1.00,0.0,17,0,20,16,5,2026
103953,2026-05-16 18:00:00.000,H24,MISSION BERMUDES,1.00,1.00,0.0,18,0,20,16,5,2026
103976,2026-05-16 19:00:00.000,H24,MISSION BERMUDES,0.35,1.00,0.65,19,0,20,16,5,2026
103999,2026-05-16 20:00:00.000,H24,MISSION BERMUDES,0.00,1.00,1.0,20,0,20,16,5,2026
104022,2026-05-16 21:00:00.000,H24,MISSION BERMUDES,0.00,1.00,1.0,21,0,20,16,5,2026
104045,2026-05-16 22:00:00.000,H24,MISSION BERMUDES,0.00,0.55,0.55,22,0,20,16,5,2026
104068,2026-05-16 23:00:00.000,H24,MISSION BERMUDES,0.00,0.00,0.0,23,0,20,16,5,2026
104091,2026-05-17 00:00:00.000,H24,MISSION BERMUDES,0.00,0.00,0.0,0,0,21,17,5,2026
104114,2026-05-17 01:00:00.000,H24,MISSION BERMUDES,0.00,0.00,0.0,1,0,21,17,5,2026
104137,2026-05-17 02:00:00.000,H24,MISSION BERMUDES,0.00,0.00,0.0,2,0,21,17,5,2026
104160,2026-05-17 03:00:00.000,H24,MISSION BERMUDES,0.00,0.00,0.0,3,0,21,17,5,2026
104183,2026-05-17 04:00:00.000,H24,MISSION BERMUDES,0.00,0.00,0.0,4,0,21,17,5,2026
104206,2026-05-17 05:00:00.000,H24,MISSION BERMUDES,0.00,0.00,0.0,5,0,21,17,5,2026
104730,2026-05-17 06:00:00.000,H24,MISSION BERMUDES,0.00,0.00,0.0,6,0,21,17,5,2026
104753,2026-05-17 07:00:00.000,H24,MISSION BERMUDES,0.00,0.00,0.0,7,0,21,17,5,2026
104776,2026-05-17 08:00:00.000,H24,MISSION BERMUDES,0.00,0.00,0.0,8,0,21,17,5,2026
104799,2026-05-17 09:00:00.000,H24,MISSION BERMUDES,0.00,0.00,0.0,9,0,21,17,5,2026
104822,2026-05-17 10:00:00.000,H24,MISSION BERMUDES,0.00,1.00,1.0,10,0,21,17,5,2026
104845,2026-05-17 11:00:00.000,H24,MISSION BERMUDES,0.00,1.00,1.0,11,0,21,17,5,2026
104868,2026-05-17 12:00:00.000,H24,MISSION BERMUDES,0.00,1.00,1.0,12,0,21,17,5,2026
104891,2026-05-17 13:00:00.000,H24,MISSION BERMUDES,0.00,1.00,1.0,13,0,21,17,5,2026
104914,2026-05-17 14:00:00.000,H24,MISSION BERMUDES,0.00,1.00,1.0,14,0,21,17,5,2026
104937,2026-05-17 15:00:00.000,H24,MISSION BERMUDES,0.00,1.00,1.0,15,0,21,17,5,2026
104960,2026-05-17 16:00:00.000,H24,MISSION BERMUDES,0.25,1.00,0.75,16,0,21,17,5,2026
104983,2026-05-17 17:00:00.000,H24,MISSION BERMUDES,0.75,1.00,0.25,17,0,21,17,5,2026
105006,2026-05-17 18:00:00.000,H24,MISSION BERMUDES,0.00,1.00,1.0,18,0,21,17,5,2026
105029,2026-05-17 19:00:00.000,H24,MISSION BERMUDES,0.00,1.00,1.0,19,0,21,17,5,2026
105052,2026-05-17 20:00:00.000,H24,MISSION BERMUDES,0.00,1.00,1.0,20,0,21,17,5,2026
105075,2026-05-17 21:00:00.000,H24,MISSION BERMUDES,0.00,0.50,0.5,21,0,21,17,5,2026
105098,2026-05-17 22:00:00.000,H24,MISSION BERMUDES,0.00,0.00,0.0,22,0,21,17,5,2026
105121,2026-05-17 23:00:00.000,H24,MISSION BERMUDES,0.00,0.00,0.0,23,0,21,17,5,2026
105144,2026-05-18 00:00:00.000,H24,MISSION BERMUDES,0.00,0.00,0.0,0,0,21,18,5,2026
105167,2026-05-18 01:00:00.000,H24,MISSION BERMUDES,0.00,0.00,0.0,1,0,21,18,5,2026
105190,2026-05-18 02:00:00.000,H24,MISSION BERMUDES,0.00,0.00,0.0,2,0,21,18,5,2026
105714,2026-05-18 03:00:00.000,H24,MISSION BERMUDES,0.00,0.00,0.0,3,0,21,18,5,2026
105737,2026-05-18 04:00:00.000,H24,MISSION BERMUDES,0.00,0.00,0.0,4,0,21,18,5,2026
105760,2026-05-18 05:00:00.000,H24,MISSION BERMUDES,0.00,0.00,0.0,5,0,21,18,5,2026
105783,2026-05-18 06:00:00.000,H24,MISSION BERMUDES,0.00,0.00,0.0,6,0,21,18,5,2026
105804,2026-05-18 07:00:00.000,H24,MISSION BERMUDES,0.00,0.00,0.0,7,0,21,18,5,2026
105825,2026-05-18 08:00:00.000,H24,MISSION BERMUDES,0.00,0.00,0.0,8,0,21,18,5,2026
105846,2026-05-18 09:00:00.000,H24,MISSION BERMUDES,0.00,0.00,0.0,9,0,21,18,5,2026
105867,2026-05-18 10:00:00.000,H24,MISSION BERMUDES,0.75,1.00,0.25,10,0,21,18,5,2026
105888,2026-05-18 11:00:00.000,H24,MISSION BERMUDES,0.20,1.00,0.8,11,0,21,18,5,2026
105909,2026-05-18 12:00:00.000,H24,MISSION BERMUDES,0.20,1.00,0.8,12,0,21,18,5,2026
105930,2026-05-18 13:00:00.000,H24,MISSION BERMUDES,0.00,1.00,1.0,13,0,21,18,5,2026
105951,2026-05-18 14:00:00.000,H24,MISSION BERMUDES,0.00,1.00,1.0,14,0,21,18,5,2026
105972,2026-05-18 15:00:00.000,H24,MISSION BERMUDES,0.00,1.00,1.0,15,0,21,18,5,2026
105993,2026-05-18 16:00:00.000,H24,MISSION BERMUDES,0.00,1.00,1.0,16,0,21,18,5,2026
106014,2026-05-18 17:00:00.000,H24,MISSION BERMUDES,0.00,1.00,1.0,17,0,21,18,5,2026
106035,2026-05-18 18:00:00.000,H24,MISSION BERMUDES,0.00,1.00,1.0,18,0,21,18,5,2026
106056,2026-05-18 19:00:00.000,H24,MISSION BERMUDES,0.00,1.00,1.0,19,0,21,18,5,2026
106077,2026-05-18 20:00:00.000,H24,MISSION BERMUDES,0.00,1.00,1.0,20,0,21,18,5,2026
106098,2026-05-18 21:00:00.000,H24,MISSION BERMUDES,0.00,1.00,1.0,21,0,21,18,5,2026
106119,2026-05-18 22:00:00.000,H24,MISSION BERMUDES,0.00,0.05,0.05,22,0,21,18,5,2026
106140,2026-05-18 23:00:00.000,H24,MISSION BERMUDES,0.00,0.00,0.0,23,0,21,18,5,2026
106161,2026-05-19 00:00:00.000,H24,MISSION BERMUDES,0.00,0.00,0.0,0,0,21,19,5,2026
106182,2026-05-19 01:00:00.000,H24,MISSION BERMUDES,0.00,0.00,0.0,1,0,21,19,5,2026
106203,2026-05-19 02:00:00.000,H24,MISSION BERMUDES,0.00,0.00,0.0,2,0,21,19,5,2026
106725,2026-05-19 03:00:00.000,H24,MISSION BERMUDES,0.00,0.00,0.0,3,0,21,19,5,2026
106746,2026-05-19 04:00:00.000,H24,MISSION BERMUDES,0.00,0.00,0.0,4,0,21,19,5,2026
106767,2026-05-19 05:00:00.000,H24,MISSION BERMUDES,0.00,0.00,0.0,5,0,21,19,5,2026
106788,2026-05-19 06:00:00.000,H24,MISSION BERMUDES,0.00,0.00,0.0,6,0,21,19,5,2026
106809,2026-05-19 07:00:00.000,H24,MISSION BERMUDES,0.00,0.00,0.0,7,0,21,19,5,2026
106830,2026-05-19 08:00:00.000,H24,MISSION BERMUDES,0.00,0.00,0.0,8,0,21,19,5,2026
106851,2026-05-19 09:00:00.000,H24,MISSION BERMUDES,0.00,0.00,0.0,9,0,21,19,5,2026
106872,2026-05-19 10:00:00.000,H24,MISSION BERMUDES,0.00,1.00,1.0,10,0,21,19,5,2026
106893,2026-05-19 11:00:00.000,H24,MISSION BERMUDES,0.00,1.00,1.0,11,0,21,19,5,2026
106914,2026-05-19 12:00:00.000,H24,MISSION BERMUDES,0.15,1.00,0.85,12,0,21,19,5,2026
106935,2026-05-19 13:00:00.000,H24,MISSION BERMUDES,0.10,1.00,0.9,13,0,21,19,5,2026
106956,2026-05-19 14:00:00.000,H24,MISSION BERMUDES,0.00,1.00,1.0,14,0,21,19,5,2026
106977,2026-05-19 15:00:00.000,H24,MISSION BERMUDES,0.00,1.00,1.0,15,0,21,19,5,2026
106998,2026-05-19 16:00:00.000,H24,MISSION BERMUDES,0.00,1.00,1.0,16,0,21,19,5,2026
107019,2026-05-19 17:00:00.000,H24,MISSION BERMUDES,0.00,1.00,1.0,17,0,21,19,5,2026
107040,2026-05-19 18:00:00.000,H24,MISSION BERMUDES,0.00,1.00,1.0,18,0,21,19,5,2026
107061,2026-05-19 19:00:00.000,H24,MISSION BERMUDES,0.20,1.00,0.8,19,0,21,19,5,2026
107082,2026-05-19 20:00:00.000,H24,MISSION BERMUDES,0.00,1.00,1.0,20,0,21,19,5,2026
107103,2026-05-19 21:00:00.000,H24,MISSION BERMUDES,0.00,1.00,1.0,21,0,21,19,5,2026
107124,2026-05-19 22:00:00.000,H24,MISSION BERMUDES,0.00,0.00,0.0,22,0,21,19,5,2026
107145,2026-05-19 23:00:00.000,H24,MISSION BERMUDES,0.00,0.00,0.0,23,0,21,19,5,2026
107166,2026-05-20 00:00:00.000,H24,MISSION BERMUDES,0.00,0.00,0.0,0,0,21,20,5,2026
107187,2026-05-20 01:00:00.000,H24,MISSION BERMUDES,0.00,0.00,0.0,1,0,21,20,5,2026
107208,2026-05-20 02:00:00.000,H24,MISSION BERMUDES,0.00,0.00,0.0,2,0,21,20,5,2026
107730,2026-05-20 03:00:00.000,H24,MISSION BERMUDES,0.00,0.00,0.0,3,0,21,20,5,2026
107751,2026-05-20 04:00:00.000,H24,MISSION BERMUDES,0.00,0.00,0.0,4,0,21,20,5,2026
107772,2026-05-20 05:00:00.000,H24,MISSION BERMUDES,0.00,0.00,0.0,5,0,21,20,5,2026
107793,2026-05-20 06:00:00.000,H24,MISSION BERMUDES,0.00,0.00,0.0,6,0,21,20,5,2026
107814,2026-05-20 07:00:00.000,H24,MISSION BERMUDES,0.00,0.00,0.0,7,0,21,20,5,2026
107835,2026-05-20 08:00:00.000,H24,MISSION BERMUDES,0.00,0.00,0.0,8,0,21,20,5,2026
107856,2026-05-20 09:00:00.000,H24,MISSION BERMUDES,0.00,0.00,0.0,9,0,21,20,5,2026
107877,2026-05-20 10:00:00.000,H24,MISSION BERMUDES,0.35,1.00,0.65,10,0,21,20,5,2026
107898,2026-05-20 11:00:00.000,H24,MISSION BERMUDES,0.95,1.00,0.05,11,0,21,20,5,2026
107919,2026-05-20 12:00:00.000,H24,MISSION BERMUDES,1.00,1.00,0.0,12,0,21,20,5,2026
107940,2026-05-20 13:00:00.000,H24,MISSION BERMUDES,0.25,1.00,0.75,13,0,21,20,5,2026
107961,2026-05-20 14:00:00.000,H24,MISSION BERMUDES,0.00,1.00,1.0,14,0,21,20,5,2026
107982,2026-05-20 15:00:00.000,H24,MISSION BERMUDES,0.00,1.00,1.0,15,0,21,20,5,2026
108003,2026-05-20 16:00:00.000,H24,MISSION BERMUDES,0.20,1.00,0.8,16,0,21,20,5,2026
108024,2026-05-20 17:00:00.000,H24,MISSION BERMUDES,0.85,1.00,0.15,17,0,21,20,5,2026
108045,2026-05-20 18:00:00.000,H24,MISSION BERMUDES,0.00,1.00,1.0,18,0,21,20,5,2026
108066,2026-05-20 19:00:00.000,H24,MISSION BERMUDES,0.20,1.00,0.8,19,0,21,20,5,2026
108087,2026-05-20 20:00:00.000,H24,MISSION BERMUDES,0.00,1.00,1.0,20,0,21,20,5,2026
108108,2026-05-20 21:00:00.000,H24,MISSION BERMUDES,0.20,1.00,0.8,21,0,21,20,5,2026
108129,2026-05-20 22:00:00.000,H24,MISSION BERMUDES,0.00,0.05,0.05,22,0,21,20,5,2026
108150,2026-05-20 23:00:00.000,H24,MISSION BERMUDES,0.00,0.00,0.0,23,0,21,20,5,2026
108171,2026-05-21 00:00:00.000,H24,MISSION BERMUDES,0.00,0.00,0.0,0,0,21,21,5,2026
108192,2026-05-21 01:00:00.000,H24,MISSION BERMUDES,0.00,0.00,0.0,1,0,21,21,5,2026
108213,2026-05-21 02:00:00.000,H24,MISSION BERMUDES,0.00,0.00,0.0,2,0,21,21,5,2026
108735,2026-05-21 03:00:00.000,H24,MISSION BERMUDES,0.00,0.00,0.0,3,0,21,21,5,2026
108756,2026-05-21 04:00:00.000,H24,MISSION BERMUDES,0.00,0.00,0.0,4,0,21,21,5,2026
108777,2026-05-21 05:00:00.000,H24,MISSION BERMUDES,0.00,0.00,0.0,5,0,21,21,5,2026
108798,2026-05-21 06:00:00.000,H24,MISSION BERMUDES,0.00,0.00,0.0,6,0,21,21,5,2026
108818,2026-05-21 07:00:00.000,H24,MISSION BERMUDES,0.00,0.00,0.0,7,0,21,21,5,2026
108838,2026-05-21 08:00:00.000,H24,MISSION BERMUDES,0.00,0.00,0.0,8,0,21,21,5,2026
108858,2026-05-21 09:00:00.000,H24,MISSION BERMUDES,0.00,0.00,0.0,9,0,21,21,5,2026
108879,2026-05-21 10:00:00.000,H24,MISSION BERMUDES,0.00,1.00,1.0,10,0,21,21,5,2026
108900,2026-05-21 11:00:00.000,H24,MISSION BERMUDES,0.00,1.00,1.0,11,0,21,21,5,2026
108921,2026-05-21 12:00:00.000,H24,MISSION BERMUDES,0.00,1.00,1.0,12,0,21,21,5,2026
108942,2026-05-21 13:00:00.000,H24,MISSION BERMUDES,0.00,1.00,1.0,13,0,21,21,5,2026
108963,2026-05-21 14:00:00.000,H24,MISSION BERMUDES,0.00,1.00,1.0,14,0,21,21,5,2026
108984,2026-05-21 15:00:00.000,H24,MISSION BERMUDES,0.15,1.00,0.85,15,0,21,21,5,2026
109005,2026-05-21 16:00:00.000,H24,MISSION BERMUDES,0.00,1.00,1.0,16,0,21,21,5,2026
109026,2026-05-21 17:00:00.000,H24,MISSION BERMUDES,0.00,1.00,1.0,17,0,21,21,5,2026
109047,2026-05-21 18:00:00.000,H24,MISSION BERMUDES,0.00,1.00,1.0,18,0,21,21,5,2026
109068,2026-05-21 19:00:00.000,H24,MISSION BERMUDES,0.00,1.00,1.0,19,0,21,21,5,2026
109089,2026-05-21 20:00:00.000,H24,MISSION BERMUDES,0.00,1.00,1.0,20,0,21,21,5,2026
109110,2026-05-21 21:00:00.000,H24,MISSION BERMUDES,0.00,1.00,1.0,21,0,21,21,5,2026
109131,2026-05-21 22:00:00.000,H24,MISSION BERMUDES,0.00,0.05,0.05,22,0,21,21,5,2026
109152,2026-05-21 23:00:00.000,H24,MISSION BERMUDES,0.00,0.00,0.0,23,0,21,21,5,2026
109173,2026-05-22 00:00:00.000,H24,MISSION BERMUDES,0.00,0.00,0.0,0,0,21,22,5,2026
109194,2026-05-22 01:00:00.000,H24,MISSION BERMUDES,0.00,0.00,0.0,1,0,21,22,5,2026
109215,2026-05-22 02:00:00.000,H24,MISSION BERMUDES,0.00,0.00,0.0,2,0,21,22,5,2026
109737,2026-05-22 03:00:00.000,H24,MISSION BERMUDES,0.00,0.00,0.0,3,0,21,22,5,2026
109758,2026-05-22 04:00:00.000,H24,MISSION BERMUDES,0.00,0.00,0.0,4,0,21,22,5,2026
109779,2026-05-22 05:00:00.000,H24,MISSION BERMUDES,0.00,0.00,0.0,5,0,21,22,5,2026
109800,2026-05-22 06:00:00.000,H24,MISSION BERMUDES,0.00,0.00,0.0,6,0,21,22,5,2026
109821,2026-05-22 07:00:00.000,H24,MISSION BERMUDES,0.00,0.00,0.0,7,0,21,22,5,2026
109842,2026-05-22 08:00:00.000,H24,MISSION BERMUDES,0.00,0.00,0.0,8,0,21,22,5,2026
109863,2026-05-22 09:00:00.000,H24,MISSION BERMUDES,0.00,0.00,0.0,9,0,21,22,5,2026
109884,2026-05-22 10:00:00.000,H24,MISSION BERMUDES,0.95,1.00,0.05,10,0,21,22,5,2026
109905,2026-05-22 11:00:00.000,H24,MISSION BERMUDES,1.00,1.00,0.0,11,0,21,22,5,2026
109926,2026-05-22 12:00:00.000,H24,MISSION BERMUDES,1.00,1.00,0.0,12,0,21,22,5,2026
109947,2026-05-22 13:00:00.000,H24,MISSION BERMUDES,1.00,1.00,0.0,13,0,21,22,5,2026
109968,2026-05-22 14:00:00.000,H24,MISSION BERMUDES,1.00,1.00,0.0,14,0,21,22,5,2026
109989,2026-05-22 15:00:00.000,H24,MISSION BERMUDES,1.00,1.00,0.0,15,0,21,22,5,2026
110010,2026-05-22 16:00:00.000,H24,MISSION BERMUDES,1.00,1.00,0.0,16,0,21,22,5,2026
110031,2026-05-22 17:00:00.000,H24,MISSION BERMUDES,1.00,1.00,0.0,17,0,21,22,5,2026
110052,2026-05-22 18:00:00.000,H24,MISSION BERMUDES,1.00,1.00,0.0,18,0,21,22,5,2026
110074,2026-05-22 19:00:00.000,H24,MISSION BERMUDES,1.00,1.00,0.0,19,0,21,22,5,2026
110095,2026-05-22 20:00:00.000,H24,MISSION BERMUDES,1.00,1.00,0.0,20,0,21,22,5,2026
110116,2026-05-22 21:00:00.000,H24,MISSION BERMUDES,1.00,1.00,0.0,21,0,21,22,5,2026
110137,2026-05-22 22:00:00.000,H24,MISSION BERMUDES,1.00,0.00,0.0,22,0,21,22,5,2026
110158,2026-05-22 23:00:00.000,H24,MISSION BERMUDES,1.00,0.00,0.0,23,0,21,22,5,2026
110179,2026-05-23 00:00:00.000,H24,MISSION BERMUDES,1.00,0.00,0.0,0,0,21,23,5,2026
110200,2026-05-23 01:00:00.000,H24,MISSION BERMUDES,1.00,0.00,0.0,1,0,21,23,5,2026
110722,2026-05-23 02:00:00.000,H24,MISSION BERMUDES,1.00,0.00,0.0,2,0,21,23,5,2026
110743,2026-05-23 03:00:00.000,H24,MISSION BERMUDES,1.00,0.00,0.0,3,0,21,23,5,2026
110764,2026-05-23 04:00:00.000,H24,MISSION BERMUDES,1.00,0.00,0.0,4,0,21,23,5,2026
110785,2026-05-23 05:00:00.000,H24,MISSION BERMUDES,1.00,0.00,0.0,5,0,21,23,5,2026
110806,2026-05-23 06:00:00.000,H24,MISSION BERMUDES,1.00,0.00,0.0,6,0,21,23,5,2026
110917,2026-05-23 11:00:00.000,H24,MISSION BERMUDES,0.38,0.77,0.39,11,0,21,23,5,2026
110940,2026-05-23 12:00:00.000,H24,MISSION BERMUDES,0.00,1.00,1.0,12,0,21,23,5,2026
110963,2026-05-23 13:00:00.000,H24,MISSION BERMUDES,0.00,1.00,1.0,13,0,21,23,5,2026
110986,2026-05-23 14:00:00.000,H24,MISSION BERMUDES,0.40,1.00,0.6,14,0,21,23,5,2026
111009,2026-05-23 15:00:00.000,H24,MISSION BERMUDES,0.30,1.00,0.7,15,0,21,23,5,2026
111032,2026-05-23 16:00:00.000,H24,MISSION BERMUDES,0.35,1.00,0.65,16,0,21,23,5,2026
111055,2026-05-23 17:00:00.000,H24,MISSION BERMUDES,0.70,1.00,0.3,17,0,21,23,5,2026
111078,2026-05-23 18:00:00.000,H24,MISSION BERMUDES,0.95,1.00,0.05,18,0,21,23,5,2026
111101,2026-05-23 19:00:00.000,H24,MISSION BERMUDES,0.05,1.00,0.95,19,0,21,23,5,2026
111124,2026-05-23 20:00:00.000,H24,MISSION BERMUDES,0.70,1.00,0.3,20,0,21,23,5,2026
111147,2026-05-23 21:00:00.000,H24,MISSION BERMUDES,0.25,1.00,0.75,21,0,21,23,5,2026
111170,2026-05-23 22:00:00.000,H24,MISSION BERMUDES,0.15,0.00,0.0,22,0,21,23,5,2026
111193,2026-05-23 23:00:00.000,H24,MISSION BERMUDES,0.00,0.00,0.0,23,0,21,23,5,2026
111216,2026-05-24 00:00:00.000,H24,MISSION BERMUDES,0.00,0.00,0.0,0,0,22,24,5,2026
111740,2026-05-24 01:00:00.000,H24,MISSION BERMUDES,0.00,0.00,0.0,1,0,22,24,5,2026
111763,2026-05-24 02:00:00.000,H24,MISSION BERMUDES,0.00,0.00,0.0,2,0,22,24,5,2026
111786,2026-05-24 03:00:00.000,H24,MISSION BERMUDES,0.00,0.00,0.0,3,0,22,24,5,2026
111809,2026-05-24 04:00:00.000,H24,MISSION BERMUDES,0.00,0.00,0.0,4,0,22,24,5,2026
111832,2026-05-24 05:00:00.000,H24,MISSION BERMUDES,0.00,0.00,0.0,5,0,22,24,5,2026
111855,2026-05-24 06:00:00.000,H24,MISSION BERMUDES,0.00,0.00,0.0,6,0,22,24,5,2026
111878,2026-05-24 07:00:00.000,H24,MISSION BERMUDES,0.00,0.00,0.0,7,0,22,24,5,2026
111901,2026-05-24 08:00:00.000,H24,MISSION BERMUDES,0.00,0.00,0.0,8,0,22,24,5,2026
111924,2026-05-24 09:00:00.000,H24,MISSION BERMUDES,0.00,0.00,0.0,9,0,22,24,5,2026
111947,2026-05-24 10:00:00.000,H24,MISSION BERMUDES,0.10,1.00,0.9,10,0,22,24,5,2026
111970,2026-05-24 11:00:00.000,H24,MISSION BERMUDES,0.05,1.00,0.95,11,0,22,24,5,2026
111993,2026-05-24 12:00:00.000,H24,MISSION BERMUDES,0.55,1.00,0.45,12,0,22,24,5,2026
112016,2026-05-24 13:00:00.000,H24,MISSION BERMUDES,0.00,1.00,1.0,13,0,22,24,5,2026
112039,2026-05-24 14:00:00.000,H24,MISSION BERMUDES,0.55,1.00,0.45,14,0,22,24,5,2026
112062,2026-05-24 15:00:00.000,H24,MISSION BERMUDES,0.60,1.00,0.4,15,0,22,24,5,2026
112085,2026-05-24 16:00:00.000,H24,MISSION BERMUDES,0.35,1.00,0.65,16,0,22,24,5,2026
112108,2026-05-24 17:00:00.000,H24,MISSION BERMUDES,0.00,1.00,1.0,17,0,22,24,5,2026
112131,2026-05-24 18:00:00.000,H24,MISSION BERMUDES,0.25,1.00,0.75,18,0,22,24,5,2026
112154,2026-05-24 19:00:00.000,H24,MISSION BERMUDES,0.00,1.00,1.0,19,0,22,24,5,2026
112177,2026-05-24 20:00:00.000,H24,MISSION BERMUDES,0.30,1.00,0.7,20,0,22,24,5,2026
112200,2026-05-24 21:00:00.000,H24,MISSION BERMUDES,0.70,1.00,0.3,21,0,22,24,5,2026
112223,2026-05-24 22:00:00.000,H24,MISSION BERMUDES,0.55,0.55,0.0,22,0,22,24,5,2026
112747,2026-05-24 23:00:00.000,H24,MISSION BERMUDES,0.00,0.00,0.0,23,0,22,24,5,2026
112770,2026-05-25 00:00:00.000,H24,MISSION BERMUDES,0.00,0.00,0.0,0,0,22,25,5,2026
112793,2026-05-25 01:00:00.000,H24,MISSION BERMUDES,0.00,0.00,0.0,1,0,22,25,5,2026
112816,2026-05-25 02:00:00.000,H24,MISSION BERMUDES,0.00,0.00,0.0,2,0,22,25,5,2026
112839,2026-05-25 03:00:00.000,H24,MISSION BERMUDES,0.00,0.00,0.0,3,0,22,25,5,2026
112862,2026-05-25 04:00:00.000,H24,MISSION BERMUDES,0.00,0.00,0.0,4,0,22,25,5,2026
112885,2026-05-25 05:00:00.000,H24,MISSION BERMUDES,0.00,0.00,0.0,5,0,22,25,5,2026
112908,2026-05-25 06:00:00.000,H24,MISSION BERMUDES,0.00,0.00,0.0,6,0,22,25,5,2026
112930,2026-05-25 07:00:00.000,H24,MISSION BERMUDES,0.00,0.00,0.0,7,0,22,25,5,2026
112952,2026-05-25 08:00:00.000,H24,MISSION BERMUDES,0.00,0.00,0.0,8,0,22,25,5,2026
112974,2026-05-25 09:00:00.000,H24,MISSION BERMUDES,0.00,0.00,0.0,9,0,22,25,5,2026
112996,2026-05-25 10:00:00.000,H24,MISSION BERMUDES,0.00,1.00,1.0,10,0,22,25,5,2026
113018,2026-05-25 11:00:00.000,H24,MISSION BERMUDES,0.05,1.00,0.95,11,0,22,25,5,2026
113040,2026-05-25 12:00:00.000,H24,MISSION BERMUDES,0.10,1.00,0.9,12,0,22,25,5,2026
113062,2026-05-25 13:00:00.000,H24,MISSION BERMUDES,0.15,1.00,0.85,13,0,22,25,5,2026
113084,2026-05-25 14:00:00.000,H24,MISSION BERMUDES,1.00,1.00,0.0,14,0,22,25,5,2026
113106,2026-05-25 15:00:00.000,H24,MISSION BERMUDES,0.45,1.00,0.55,15,0,22,25,5,2026
113128,2026-05-25 16:00:00.000,H24,MISSION BERMUDES,0.40,1.00,0.6,16,0,22,25,5,2026
113150,2026-05-25 17:00:00.000,H24,MISSION BERMUDES,1.00,1.00,0.0,17,0,22,25,5,2026
113172,2026-05-25 18:00:00.000,H24,MISSION BERMUDES,1.00,1.00,0.0,18,0,22,25,5,2026
113194,2026-05-25 19:00:00.000,H24,MISSION BERMUDES,1.00,1.00,0.0,19,0,22,25,5,2026
113216,2026-05-25 20:00:00.000,H24,MISSION BERMUDES,0.70,1.00,0.3,20,0,22,25,5,2026
113739,2026-05-25 21:00:00.000,H24,MISSION BERMUDES,0.60,1.00,0.4,21,0,22,25,5,2026
113761,2026-05-25 22:00:00.000,H24,MISSION BERMUDES,1.00,0.05,0.0,22,0,22,25,5,2026
113783,2026-05-25 23:00:00.000,H24,MISSION BERMUDES,1.00,0.00,0.0,23,0,22,25,5,2026
113805,2026-05-26 00:00:00.000,H24,MISSION BERMUDES,1.00,0.00,0.0,0,0,22,26,5,2026
113827,2026-05-26 01:00:00.000,H24,MISSION BERMUDES,1.00,0.00,0.0,1,0,22,26,5,2026
113849,2026-05-26 02:00:00.000,H24,MISSION BERMUDES,1.00,0.00,0.0,2,0,22,26,5,2026
113871,2026-05-26 03:00:00.000,H24,MISSION BERMUDES,1.00,0.00,0.0,3,0,22,26,5,2026
113893,2026-05-26 04:00:00.000,H24,MISSION BERMUDES,1.00,0.00,0.0,4,0,22,26,5,2026
113915,2026-05-26 05:00:00.000,H24,MISSION BERMUDES,1.00,0.00,0.0,5,0,22,26,5,2026
113937,2026-05-26 06:00:00.000,H24,MISSION BERMUDES,1.00,0.00,0.0,6,0,22,26,5,2026
113957,2026-05-26 07:00:00.000,H24,MISSION BERMUDES,1.00,0.00,0.0,7,0,22,26,5,2026
113977,2026-05-26 08:00:00.000,H24,MISSION BERMUDES,1.00,0.00,0.0,8,0,22,26,5,2026
113997,2026-05-26 09:00:00.000,H24,MISSION BERMUDES,0.05,0.00,0.0,9,0,22,26,5,2026
114017,2026-05-26 10:00:00.000,H24,MISSION BERMUDES,0.75,1.00,0.25,10,0,22,26,5,2026
114037,2026-05-26 11:00:00.000,H24,MISSION BERMUDES,0.80,1.00,0.2,11,0,22,26,5,2026
114057,2026-05-26 12:00:00.000,H24,MISSION BERMUDES,1.00,1.00,0.0,12,0,22,26,5,2026
114077,2026-05-26 13:00:00.000,H24,MISSION BERMUDES,1.00,1.00,0.0,13,0,22,26,5,2026
114097,2026-05-26 14:00:00.000,H24,MISSION BERMUDES,0.00,1.00,1.0,14,0,22,26,5,2026
114117,2026-05-26 15:00:00.000,H24,MISSION BERMUDES,0.00,1.00,1.0,15,0,22,26,5,2026
114137,2026-05-26 16:00:00.000,H24,MISSION BERMUDES,0.00,1.00,1.0,16,0,22,26,5,2026
114157,2026-05-26 17:00:00.000,H24,MISSION BERMUDES,0.00,1.00,1.0,17,0,22,26,5,2026
114177,2026-05-26 18:00:00.000,H24,MISSION BERMUDES,0.00,1.00,1.0,18,0,22,26,5,2026
114197,2026-05-26 19:00:00.000,H24,MISSION BERMUDES,0.30,1.00,0.7,19,0,22,26,5,2026
114217,2026-05-26 20:00:00.000,H24,MISSION BERMUDES,0.30,1.00,0.7,20,0,22,26,5,2026
114738,2026-05-26 21:00:00.000,H24,MISSION BERMUDES,0.00,1.00,1.0,21,0,22,26,5,2026
114758,2026-05-26 22:00:00.000,H24,MISSION BERMUDES,0.00,0.05,0.05,22,0,22,26,5,2026
114778,2026-05-26 23:00:00.000,H24,MISSION BERMUDES,0.00,0.00,0.0,23,0,22,26,5,2026
114798,2026-05-27 00:00:00.000,H24,MISSION BERMUDES,0.00,0.00,0.0,0,0,22,27,5,2026
114818,2026-05-27 01:00:00.000,H24,MISSION BERMUDES,0.00,0.00,0.0,1,0,22,27,5,2026
114838,2026-05-27 02:00:00.000,H24,MISSION BERMUDES,0.00,0.00,0.0,2,0,22,27,5,2026
114858,2026-05-27 03:00:00.000,H24,MISSION BERMUDES,0.00,0.00,0.0,3,0,22,27,5,2026
114878,2026-05-27 04:00:00.000,H24,MISSION BERMUDES,0.00,0.00,0.0,4,0,22,27,5,2026
114898,2026-05-27 05:00:00.000,H24,MISSION BERMUDES,0.00,0.00,0.0,5,0,22,27,5,2026
114918,2026-05-27 06:00:00.000,H24,MISSION BERMUDES,0.00,0.00,0.0,6,0,22,27,5,2026
114939,2026-05-27 07:00:00.000,H24,MISSION BERMUDES,0.00,0.00,0.0,7,0,22,27,5,2026
114960,2026-05-27 08:00:00.000,H24,MISSION BERMUDES,0.00,0.00,0.0,8,0,22,27,5,2026
114981,2026-05-27 09:00:00.000,H24,MISSION BERMUDES,0.00,0.00,0.0,9,0,22,27,5,2026
115002,2026-05-27 10:00:00.000,H24,MISSION BERMUDES,0.00,1.00,1.0,10,0,22,27,5,2026
115023,2026-05-27 11:00:00.000,H24,MISSION BERMUDES,0.00,1.00,1.0,11,0,22,27,5,2026
115044,2026-05-27 12:00:00.000,H24,MISSION BERMUDES,0.00,1.00,1.0,12,0,22,27,5,2026
115065,2026-05-27 13:00:00.000,H24,MISSION BERMUDES,0.00,1.00,1.0,13,0,22,27,5,2026
115086,2026-05-27 14:00:00.000,H24,MISSION BERMUDES,0.00,1.00,1.0,14,0,22,27,5,2026
115107,2026-05-27 15:00:00.000,H24,MISSION BERMUDES,0.15,1.00,0.85,15,0,22,27,5,2026
115128,2026-05-27 16:00:00.000,H24,MISSION BERMUDES,0.90,1.00,0.1,16,0,22,27,5,2026
115149,2026-05-27 17:00:00.000,H24,MISSION BERMUDES,0.15,1.00,0.85,17,0,22,27,5,2026
115170,2026-05-27 18:00:00.000,H24,MISSION BERMUDES,0.40,1.00,0.6,18,0,22,27,5,2026
115191,2026-05-27 19:00:00.000,H24,MISSION BERMUDES,0.00,1.00,1.0,19,0,22,27,5,2026
115212,2026-05-27 20:00:00.000,H24,MISSION BERMUDES,0.00,1.00,1.0,20,0,22,27,5,2026
115734,2026-05-27 21:00:00.000,H24,MISSION BERMUDES,0.00,1.00,1.0,21,0,22,27,5,2026
115755,2026-05-27 22:00:00.000,H24,MISSION BERMUDES,0.00,0.05,0.05,22,0,22,27,5,2026
115776,2026-05-27 23:00:00.000,H24,MISSION BERMUDES,0.00,0.00,0.0,23,0,22,27,5,2026
115797,2026-05-28 00:00:00.000,H24,MISSION BERMUDES,0.00,0.00,0.0,0,0,22,28,5,2026
115818,2026-05-28 01:00:00.000,H24,MISSION BERMUDES,0.00,0.00,0.0,1,0,22,28,5,2026
115839,2026-05-28 02:00:00.000,H24,MISSION BERMUDES,0.00,0.00,0.0,2,0,22,28,5,2026
115860,2026-05-28 03:00:00.000,H24,MISSION BERMUDES,0.00,0.00,0.0,3,0,22,28,5,2026
115881,2026-05-28 04:00:00.000,H24,MISSION BERMUDES,0.00,0.00,0.0,4,0,22,28,5,2026
115902,2026-05-28 05:00:00.000,H24,MISSION BERMUDES,0.00,0.00,0.0,5,0,22,28,5,2026
115923,2026-05-28 06:00:00.000,H24,MISSION BERMUDES,0.00,0.00,0.0,6,0,22,28,5,2026
115944,2026-05-28 07:00:00.000,H24,MISSION BERMUDES,0.00,0.00,0.0,7,0,22,28,5,2026
115965,2026-05-28 08:00:00.000,H24,MISSION BERMUDES,0.00,0.00,0.0,8,0,22,28,5,2026
115986,2026-05-28 09:00:00.000,H24,MISSION BERMUDES,0.00,0.00,0.0,9,0,22,28,5,2026
116007,2026-05-28 10:00:00.000,H24,MISSION BERMUDES,0.45,1.00,0.55,10,0,22,28,5,2026
116028,2026-05-28 11:00:00.000,H24,MISSION BERMUDES,1.00,1.00,0.0,11,0,22,28,5,2026
116049,2026-05-28 12:00:00.000,H24,MISSION BERMUDES,0.10,1.00,0.9,12,0,22,28,5,2026
116070,2026-05-28 13:00:00.000,H24,MISSION BERMUDES,0.15,1.00,0.85,13,0,22,28,5,2026
116091,2026-05-28 14:00:00.000,H24,MISSION BERMUDES,0.00,1.00,1.0,14,0,22,28,5,2026
116112,2026-05-28 15:00:00.000,H24,MISSION BERMUDES,0.00,1.00,1.0,15,0,22,28,5,2026
116133,2026-05-28 16:00:00.000,H24,MISSION BERMUDES,0.00,1.00,1.0,16,0,22,28,5,2026
116154,2026-05-28 17:00:00.000,H24,MISSION BERMUDES,0.15,1.00,0.85,17,0,22,28,5,2026
116175,2026-05-28 18:00:00.000,H24,MISSION BERMUDES,0.00,1.00,1.0,18,0,22,28,5,2026
116196,2026-05-28 19:00:00.000,H24,MISSION BERMUDES,0.00,1.00,1.0,19,0,22,28,5,2026
116217,2026-05-28 20:00:00.000,H24,MISSION BERMUDES,0.00,1.00,1.0,20,0,22,28,5,2026
116739,2026-05-28 21:00:00.000,H24,MISSION BERMUDES,0.00,1.00,1.0,21,0,22,28,5,2026
116760,2026-05-28 22:00:00.000,H24,MISSION BERMUDES,0.00,0.05,0.05,22,0,22,28,5,2026
116781,2026-05-28 23:00:00.000,H24,MISSION BERMUDES,0.00,0.00,0.0,23,0,22,28,5,2026
116802,2026-05-29 00:00:00.000,H24,MISSION BERMUDES,0.00,0.00,0.0,0,0,22,29,5,2026
116823,2026-05-29 01:00:00.000,H24,MISSION BERMUDES,0.00,0.00,0.0,1,0,22,29,5,2026
116844,2026-05-29 02:00:00.000,H24,MISSION BERMUDES,0.00,0.00,0.0,2,0,22,29,5,2026
116865,2026-05-29 03:00:00.000,H24,MISSION BERMUDES,0.00,0.00,0.0,3,0,22,29,5,2026
116886,2026-05-29 04:00:00.000,H24,MISSION BERMUDES,0.00,0.00,0.0,4,0,22,29,5,2026
116907,2026-05-29 05:00:00.000,H24,MISSION BERMUDES,0.00,0.00,0.0,5,0,22,29,5,2026
116928,2026-05-29 06:00:00.000,H24,MISSION BERMUDES,0.00,0.00,0.0,6,0,22,29,5,2026
116949,2026-05-29 07:00:00.000,H24,MISSION BERMUDES,0.00,0.00,0.0,7,0,22,29,5,2026
116970,2026-05-29 08:00:00.000,H24,MISSION BERMUDES,0.00,0.00,0.0,8,0,22,29,5,2026
116991,2026-05-29 09:00:00.000,H24,MISSION BERMUDES,0.00,0.00,0.0,9,0,22,29,5,2026
117012,2026-05-29 10:00:00.000,H24,MISSION BERMUDES,0.70,1.00,0.3,10,0,22,29,5,2026
117033,2026-05-29 11:00:00.000,H24,MISSION BERMUDES,0.00,1.00,1.0,11,0,22,29,5,2026
117054,2026-05-29 12:00:00.000,H24,MISSION BERMUDES,0.00,1.00,1.0,12,0,22,29,5,2026
117075,2026-05-29 13:00:00.000,H24,MISSION BERMUDES,0.00,1.00,1.0,13,0,22,29,5,2026
117096,2026-05-29 14:00:00.000,H24,MISSION BERMUDES,0.55,1.00,0.45,14,0,22,29,5,2026
117117,2026-05-29 15:00:00.000,H24,MISSION BERMUDES,1.00,1.00,0.0,15,0,22,29,5,2026
117138,2026-05-29 16:00:00.000,H24,MISSION BERMUDES,1.00,1.00,0.0,16,0,22,29,5,2026
117159,2026-05-29 17:00:00.000,H24,MISSION BERMUDES,1.00,1.00,0.0,17,0,22,29,5,2026
117180,2026-05-29 18:00:00.000,H24,MISSION BERMUDES,1.00,1.00,0.0,18,0,22,29,5,2026
117201,2026-05-29 19:00:00.000,H24,MISSION BERMUDES,1.00,1.00,0.0,19,0,22,29,5,2026
117222,2026-05-29 20:00:00.000,H24,MISSION BERMUDES,1.00,1.00,0.0,20,0,22,29,5,2026
117744,2026-05-29 21:00:00.000,H24,MISSION BERMUDES,1.00,1.00,0.0,21,0,22,29,5,2026
117765,2026-05-29 22:00:00.000,H24,MISSION BERMUDES,1.00,0.00,0.0,22,0,22,29,5,2026
117786,2026-05-29 23:00:00.000,H24,MISSION BERMUDES,1.00,0.00,0.0,23,0,22,29,5,2026
117807,2026-05-30 00:00:00.000,H24,MISSION BERMUDES,1.00,0.00,0.0,0,0,22,30,5,2026
117828,2026-05-30 01:00:00.000,H24,MISSION BERMUDES,1.00,0.00,0.0,1,0,22,30,5,2026
117849,2026-05-30 02:00:00.000,H24,MISSION BERMUDES,1.00,0.00,0.0,2,0,22,30,5,2026
117870,2026-05-30 03:00:00.000,H24,MISSION BERMUDES,1.00,0.00,0.0,3,0,22,30,5,2026
117891,2026-05-30 04:00:00.000,H24,MISSION BERMUDES,1.00,0.00,0.0,4,0,22,30,5,2026
117912,2026-05-30 05:00:00.000,H24,MISSION BERMUDES,1.00,0.00,0.0,5,0,22,30,5,2026
117933,2026-05-30 06:00:00.000,H24,MISSION BERMUDES,1.00,0.00,0.0,6,0,22,30,5,2026
117955,2026-05-30 07:00:00.000,H24,MISSION BERMUDES,1.00,0.00,0.0,7,0,22,30,5,2026
117977,2026-05-30 08:00:00.000,H24,MISSION BERMUDES,1.00,0.00,0.0,8,0,22,30,5,2026
117999,2026-05-30 09:00:00.000,H24,MISSION BERMUDES,1.00,0.00,0.0,9,0,22,30,5,2026
118021,2026-05-30 10:00:00.000,H24,MISSION BERMUDES,1.00,1.00,0.0,10,0,22,30,5,2026
118043,2026-05-30 11:00:00.000,H24,MISSION BERMUDES,1.00,1.00,0.0,11,0,22,30,5,2026
118065,2026-05-30 12:00:00.000,H24,MISSION BERMUDES,1.00,1.00,0.0,12,0,22,30,5,2026
118087,2026-05-30 13:00:00.000,H24,MISSION BERMUDES,1.00,1.00,0.0,13,0,22,30,5,2026
118109,2026-05-30 14:00:00.000,H24,MISSION BERMUDES,1.00,1.00,0.0,14,0,22,30,5,2026
118131,2026-05-30 15:00:00.000,H24,MISSION BERMUDES,1.00,1.00,0.0,15,0,22,30,5,2026
118153,2026-05-30 16:00:00.000,H24,MISSION BERMUDES,1.00,1.00,0.0,16,0,22,30,5,2026
118175,2026-05-30 17:00:00.000,H24,MISSION BERMUDES,1.00,1.00,0.0,17,0,22,30,5,2026
118197,2026-05-30 18:00:00.000,H24,MISSION BERMUDES,1.00,1.00,0.0,18,0,22,30,5,2026
118219,2026-05-30 19:00:00.000,H24,MISSION BERMUDES,1.00,1.00,0.0,19,0,22,30,5,2026
118742,2026-05-30 20:00:00.000,H24,MISSION BERMUDES,1.00,1.00,0.0,20,0,22,30,5,2026
118764,2026-05-30 21:00:00.000,H24,MISSION BERMUDES,1.00,1.00,0.0,21,0,22,30,5,2026
118785,2026-05-30 22:00:00.000,H24,MISSION BERMUDES,1.00,0.05,0.0,22,0,22,30,5,2026
118806,2026-05-30 23:00:00.000,H24,MISSION BERMUDES,1.00,0.00,0.0,23,0,22,30,5,2026
118827,2026-05-31 00:00:00.000,H24,MISSION BERMUDES,1.00,0.00,0.0,0,0,23,31,5,2026
118848,2026-05-31 01:00:00.000,H24,MISSION BERMUDES,1.00,0.00,0.0,1,0,23,31,5,2026
118869,2026-05-31 02:00:00.000,H24,MISSION BERMUDES,1.00,0.00,0.0,2,0,23,31,5,2026
118890,2026-05-31 03:00:00.000,H24,MISSION BERMUDES,1.00,0.00,0.0,3,0,23,31,5,2026
118912,2026-05-31 04:00:00.000,H24,MISSION BERMUDES,1.00,0.00,0.0,4,0,23,31,5,2026
118934,2026-05-31 05:00:00.000,H24,MISSION BERMUDES,1.00,0.00,0.0,5,0,23,31,5,2026
118956,2026-05-31 06:00:00.000,H24,MISSION BERMUDES,1.00,0.00,0.0,6,0,23,31,5,2026
118978,2026-05-31 07:00:00.000,H24,MISSION BERMUDES,1.00,0.00,0.0,7,0,23,31,5,2026
119000,2026-05-31 08:00:00.000,H24,MISSION BERMUDES,1.00,0.00,0.0,8,0,23,31,5,2026
119022,2026-05-31 09:00:00.000,H24,MISSION BERMUDES,1.00,0.00,0.0,9,0,23,31,5,2026
119044,2026-05-31 10:00:00.000,H24,MISSION BERMUDES,1.00,1.00,0.0,10,0,23,31,5,2026
119066,2026-05-31 11:00:00.000,H24,MISSION BERMUDES,1.00,1.00,0.0,11,0,23,31,5,2026
119088,2026-05-31 12:00:00.000,H24,MISSION BERMUDES,1.00,1.00,0.0,12,0,23,31,5,2026
119110,2026-05-31 13:00:00.000,H24,MISSION BERMUDES,1.00,1.00,0.0,13,0,23,31,5,2026
119132,2026-05-31 14:00:00.000,H24,MISSION BERMUDES,1.00,1.00,0.0,14,0,23,31,5,2026
119154,2026-05-31 15:00:00.000,H24,MISSION BERMUDES,1.00,1.00,0.0,15,0,23,31,5,2026
119176,2026-05-31 16:00:00.000,H24,MISSION BERMUDES,1.00,1.00,0.0,16,0,23,31,5,2026
119198,2026-05-31 17:00:00.000,H24,MISSION BERMUDES,1.00,1.00,0.0,17,0,23,31,5,2026
119220,2026-05-31 18:00:00.000,H24,MISSION BERMUDES,1.00,1.00,0.0,18,0,23,31,5,2026
119743,2026-05-31 19:00:00.000,H24,MISSION BERMUDES,1.00,1.00,0.0,19,0,23,31,5,2026
119765,2026-05-31 20:00:00.000,H24,MISSION BERMUDES,1.00,1.00,0.0,20,0,23,31,5,2026
119787,2026-05-31 21:00:00.000,H24,MISSION BERMUDES,1.00,1.00,0.0,21,0,23,31,5,2026
119809,2026-05-31 22:00:00.000,H24,MISSION BERMUDES,1.00,0.00,0.0,22,0,23,31,5,2026
119831,2026-05-31 23:00:00.000,H24,MISSION BERMUDES,1.00,0.00,0.0,23,0,23,31,5,2026
119853,2026-06-01 00:00:00.000,H24,MISSION BERMUDES,1.00,0.00,0.0,0,0,23,1,6,2026
119875,2026-06-01 01:00:00.000,H24,MISSION BERMUDES,1.00,0.00,0.0,1,0,23,1,6,2026
119897,2026-06-01 02:00:00.000,H24,MISSION BERMUDES,1.00,0.00,0.0,2,0,23,1,6,2026
119919,2026-06-01 03:00:00.000,H24,MISSION BERMUDES,1.00,0.00,0.0,3,0,23,1,6,2026
119941,2026-06-01 04:00:00.000,H24,MISSION BERMUDES,1.00,0.00,0.0,4,0,23,1,6,2026
119963,2026-06-01 05:00:00.000,H24,MISSION BERMUDES,1.00,0.00,0.0,5,0,23,1,6,2026
119985,2026-06-01 06:00:00.000,H24,MISSION BERMUDES,1.00,0.00,0.0,6,0,23,1,6,2026
120005,2026-06-01 07:00:00.000,H24,MISSION BERMUDES,1.00,0.00,0.0,7,0,23,1,6,2026
120025,2026-06-01 08:00:00.000,H24,MISSION BERMUDES,1.00,0.00,0.0,8,0,23,1,6,2026
120045,2026-06-01 09:00:00.000,H24,MISSION BERMUDES,1.00,0.00,0.0,9,0,23,1,6,2026
120065,2026-06-01 10:00:00.000,H24,MISSION BERMUDES,1.00,1.00,0.0,10,0,23,1,6,2026
120085,2026-06-01 11:00:00.000,H24,MISSION BERMUDES,1.00,1.00,0.0,11,0,23,1,6,2026
120105,2026-06-01 12:00:00.000,H24,MISSION BERMUDES,1.00,1.00,0.0,12,0,23,1,6,2026
120125,2026-06-01 13:00:00.000,H24,MISSION BERMUDES,1.00,1.00,0.0,13,0,23,1,6,2026
120145,2026-06-01 14:00:00.000,H24,MISSION BERMUDES,1.00,1.00,0.0,14,0,23,1,6,2026
120165,2026-06-01 15:00:00.000,H24,MISSION BERMUDES,1.00,1.00,0.0,15,0,23,1,6,2026
120185,2026-06-01 16:00:00.000,H24,MISSION BERMUDES,1.00,1.00,0.0,16,0,23,1,6,2026
120205,2026-06-01 17:00:00.000,H24,MISSION BERMUDES,1.00,1.00,0.0,17,0,23,1,6,2026
120225,2026-06-01 18:00:00.000,H24,MISSION BERMUDES,1.00,1.00,0.0,18,0,23,1,6,2026
120746,2026-06-01 19:00:00.000,H24,MISSION BERMUDES,1.00,1.00,0.0,19,0,23,1,6,2026
120766,2026-06-01 20:00:00.000,H24,MISSION BERMUDES,1.00,1.00,0.0,20,0,23,1,6,2026
120786,2026-06-01 21:00:00.000,H24,MISSION BERMUDES,1.00,1.00,0.0,21,0,23,1,6,2026
120806,2026-06-01 22:00:00.000,H24,MISSION BERMUDES,1.00,0.00,0.0,22,0,23,1,6,2026
120826,2026-06-01 23:00:00.000,H24,MISSION BERMUDES,1.00,0.00,0.0,23,0,23,1,6,2026
120846,2026-06-02 00:00:00.000,H24,MISSION BERMUDES,1.00,0.00,0.0,0,0,23,2,6,2026
120866,2026-06-02 01:00:00.000,H24,MISSION BERMUDES,1.00,0.00,0.0,1,0,23,2,6,2026
120886,2026-06-02 02:00:00.000,H24,MISSION BERMUDES,1.00,0.00,0.0,2,0,23,2,6,2026
120906,2026-06-02 03:00:00.000,H24,MISSION BERMUDES,1.00,0.00,0.0,3,0,23,2,6,2026
120926,2026-06-02 04:00:00.000,H24,MISSION BERMUDES,1.00,0.00,0.0,4,0,23,2,6,2026
120946,2026-06-02 05:00:00.000,H24,MISSION BERMUDES,1.00,0.00,0.0,5,0,23,2,6,2026
120966,2026-06-02 06:00:00.000,H24,MISSION BERMUDES,1.00,0.00,0.0,6,0,23,2,6,2026
124028,2026-06-05 16:00:00.000,H24,MISSION BERMUDES,0.00,0.91,0.91,16,0,23,5,6,2026
124048,2026-06-05 17:00:00.000,H24,MISSION BERMUDES,0.00,1.00,1.0,17,0,23,5,6,2026
124068,2026-06-05 18:00:00.000,H24,MISSION BERMUDES,0.00,1.00,1.0,18,0,23,5,6,2026
124088,2026-06-05 19:00:00.000,H24,MISSION BERMUDES,0.00,1.00,1.0,19,0,23,5,6,2026
124108,2026-06-05 20:00:00.000,H24,MISSION BERMUDES,0.25,1.00,0.75,20,0,23,5,6,2026
124128,2026-06-05 21:00:00.000,H24,MISSION BERMUDES,0.15,1.00,0.85,21,0,23,5,6,2026
124148,2026-06-05 22:00:00.000,H24,MISSION BERMUDES,1.00,0.05,0.0,22,0,23,5,6,2026
124168,2026-06-05 23:00:00.000,H24,MISSION BERMUDES,1.00,0.00,0.0,23,0,23,5,6,2026
124188,2026-06-06 00:00:00.000,H24,MISSION BERMUDES,1.00,0.00,0.0,0,0,23,6,6,2026
124208,2026-06-06 01:00:00.000,H24,MISSION BERMUDES,1.00,0.00,0.0,1,0,23,6,6,2026
124228,2026-06-06 02:00:00.000,H24,MISSION BERMUDES,1.00,0.00,0.0,2,0,23,6,6,2026
124749,2026-06-06 03:00:00.000,H24,MISSION BERMUDES,1.00,0.00,0.0,3,0,23,6,6,2026
124769,2026-06-06 04:00:00.000,H24,MISSION BERMUDES,1.00,0.00,0.0,4,0,23,6,6,2026
124789,2026-06-06 05:00:00.000,H24,MISSION BERMUDES,1.00,0.00,0.0,5,0,23,6,6,2026
124809,2026-06-06 06:00:00.000,H24,MISSION BERMUDES,1.00,0.00,0.0,6,0,23,6,6,2026
124831,2026-06-06 07:00:00.000,H24,MISSION BERMUDES,1.00,0.00,0.0,7,0,23,6,6,2026
124853,2026-06-06 08:00:00.000,H24,MISSION BERMUDES,1.00,0.00,0.0,8,0,23,6,6,2026
124875,2026-06-06 09:00:00.000,H24,MISSION BERMUDES,1.00,0.00,0.0,9,0,23,6,6,2026
124897,2026-06-06 10:00:00.000,H24,MISSION BERMUDES,1.00,1.00,0.0,10,0,23,6,6,2026
124919,2026-06-06 11:00:00.000,H24,MISSION BERMUDES,0.10,1.00,0.9,11,0,23,6,6,2026
124941,2026-06-06 12:00:00.000,H24,MISSION BERMUDES,0.00,1.00,1.0,12,0,23,6,6,2026
124964,2026-06-06 13:00:00.000,H24,MISSION BERMUDES,0.40,1.00,0.6,13,0,23,6,6,2026
124987,2026-06-06 14:00:00.000,H24,MISSION BERMUDES,0.95,1.00,0.05,14,0,23,6,6,2026
125010,2026-06-06 15:00:00.000,H24,MISSION BERMUDES,0.00,1.00,1.0,15,0,23,6,6,2026
125033,2026-06-06 16:00:00.000,H24,MISSION BERMUDES,0.00,1.00,1.0,16,0,23,6,6,2026
125056,2026-06-06 17:00:00.000,H24,MISSION BERMUDES,0.40,1.00,0.6,17,0,23,6,6,2026
125079,2026-06-06 18:00:00.000,H24,MISSION BERMUDES,0.35,1.00,0.65,18,0,23,6,6,2026
125102,2026-06-06 19:00:00.000,H24,MISSION BERMUDES,0.00,1.00,1.0,19,0,23,6,6,2026
125125,2026-06-06 20:00:00.000,H24,MISSION BERMUDES,0.00,1.00,1.0,20,0,23,6,6,2026
125148,2026-06-06 21:00:00.000,H24,MISSION BERMUDES,0.00,1.00,1.0,21,0,23,6,6,2026
125171,2026-06-06 22:00:00.000,H24,MISSION BERMUDES,0.00,0.05,0.05,22,0,23,6,6,2026
125194,2026-06-06 23:00:00.000,H24,MISSION BERMUDES,0.00,0.00,0.0,23,0,23,6,6,2026
125217,2026-06-07 00:00:00.000,H24,MISSION BERMUDES,0.00,0.00,0.0,0,0,24,7,6,2026
125240,2026-06-07 01:00:00.000,H24,MISSION BERMUDES,0.00,0.00,0.0,1,0,24,7,6,2026
125764,2026-06-07 02:00:00.000,H24,MISSION BERMUDES,0.00,0.00,0.0,2,0,24,7,6,2026
125787,2026-06-07 03:00:00.000,H24,MISSION BERMUDES,0.00,0.00,0.0,3,0,24,7,6,2026
125810,2026-06-07 04:00:00.000,H24,MISSION BERMUDES,0.00,0.00,0.0,4,0,24,7,6,2026
125833,2026-06-07 05:00:00.000,H24,MISSION BERMUDES,0.00,0.00,0.0,5,0,24,7,6,2026
125856,2026-06-07 06:00:00.000,H24,MISSION BERMUDES,0.00,0.00,0.0,6,0,24,7,6,2026
125878,2026-06-07 07:00:00.000,H24,MISSION BERMUDES,0.00,0.00,0.0,7,0,24,7,6,2026
125900,2026-06-07 08:00:00.000,H24,MISSION BERMUDES,0.00,0.00,0.0,8,0,24,7,6,2026
125922,2026-06-07 09:00:00.000,H24,MISSION BERMUDES,0.00,0.00,0.0,9,0,24,7,6,2026
125944,2026-06-07 10:00:00.000,H24,MISSION BERMUDES,1.00,1.00,0.0,10,0,24,7,6,2026
125966,2026-06-07 11:00:00.000,H24,MISSION BERMUDES,0.40,1.00,0.6,11,0,24,7,6,2026
125988,2026-06-07 12:00:00.000,H24,MISSION BERMUDES,0.00,1.00,1.0,12,0,24,7,6,2026
126010,2026-06-07 13:00:00.000,H24,MISSION BERMUDES,0.30,1.00,0.7,13,0,24,7,6,2026
126032,2026-06-07 14:00:00.000,H24,MISSION BERMUDES,0.35,1.00,0.65,14,0,24,7,6,2026
126054,2026-06-07 15:00:00.000,H24,MISSION BERMUDES,0.40,1.00,0.6,15,0,24,7,6,2026
126076,2026-06-07 16:00:00.000,H24,MISSION BERMUDES,0.80,1.00,0.2,16,0,24,7,6,2026
126098,2026-06-07 17:00:00.000,H24,MISSION BERMUDES,0.00,1.00,1.0,17,0,24,7,6,2026
126120,2026-06-07 18:00:00.000,H24,MISSION BERMUDES,0.90,1.00,0.1,18,0,24,7,6,2026
126142,2026-06-07 19:00:00.000,H24,MISSION BERMUDES,0.75,1.00,0.25,19,0,24,7,6,2026
126164,2026-06-07 20:00:00.000,H24,MISSION BERMUDES,0.00,1.00,1.0,20,0,24,7,6,2026
126186,2026-06-07 21:00:00.000,H24,MISSION BERMUDES,0.00,1.00,1.0,21,0,24,7,6,2026
126208,2026-06-07 22:00:00.000,H24,MISSION BERMUDES,0.00,0.00,0.0,22,0,24,7,6,2026
126230,2026-06-07 23:00:00.000,H24,MISSION BERMUDES,0.00,0.00,0.0,23,0,24,7,6,2026
126753,2026-06-08 00:00:00.000,H24,MISSION BERMUDES,0.00,0.00,0.0,0,0,24,8,6,2026
126775,2026-06-08 01:00:00.000,H24,MISSION BERMUDES,0.00,0.00,0.0,1,0,24,8,6,2026
126797,2026-06-08 02:00:00.000,H24,MISSION BERMUDES,0.00,0.00,0.0,2,0,24,8,6,2026
126819,2026-06-08 03:00:00.000,H24,MISSION BERMUDES,0.00,0.00,0.0,3,0,24,8,6,2026
126841,2026-06-08 04:00:00.000,H24,MISSION BERMUDES,0.00,0.00,0.0,4,0,24,8,6,2026
126863,2026-06-08 05:00:00.000,H24,MISSION BERMUDES,0.00,0.00,0.0,5,0,24,8,6,2026
126885,2026-06-08 06:00:00.000,H24,MISSION BERMUDES,0.00,0.00,0.0,6,0,24,8,6,2026
126905,2026-06-08 07:00:00.000,H24,MISSION BERMUDES,0.00,0.00,0.0,7,0,24,8,6,2026
126925,2026-06-08 08:00:00.000,H24,MISSION BERMUDES,0.00,0.00,0.0,8,0,24,8,6,2026
126945,2026-06-08 09:00:00.000,H24,MISSION BERMUDES,0.00,0.00,0.0,9,0,24,8,6,2026
126965,2026-06-08 10:00:00.000,H24,MISSION BERMUDES,0.10,1.00,0.9,10,0,24,8,6,2026
126985,2026-06-08 11:00:00.000,H24,MISSION BERMUDES,0.25,1.00,0.75,11,0,24,8,6,2026
127005,2026-06-08 12:00:00.000,H24,MISSION BERMUDES,0.15,1.00,0.85,12,0,24,8,6,2026
127025,2026-06-08 13:00:00.000,H24,MISSION BERMUDES,0.10,1.00,0.9,13,0,24,8,6,2026
127045,2026-06-08 14:00:00.000,H24,MISSION BERMUDES,0.00,1.00,1.0,14,0,24,8,6,2026
127065,2026-06-08 15:00:00.000,H24,MISSION BERMUDES,0.45,1.00,0.55,15,0,24,8,6,2026
127085,2026-06-08 16:00:00.000,H24,MISSION BERMUDES,0.00,1.00,1.0,16,0,24,8,6,2026
127105,2026-06-08 17:00:00.000,H24,MISSION BERMUDES,0.00,1.00,1.0,17,0,24,8,6,2026
127125,2026-06-08 18:00:00.000,H24,MISSION BERMUDES,0.20,1.00,0.8,18,0,24,8,6,2026
127145,2026-06-08 19:00:00.000,H24,MISSION BERMUDES,0.00,1.00,1.0,19,0,24,8,6,2026
127165,2026-06-08 20:00:00.000,H24,MISSION BERMUDES,0.00,1.00,1.0,20,0,24,8,6,2026
127185,2026-06-08 21:00:00.000,H24,MISSION BERMUDES,0.00,1.00,1.0,21,0,24,8,6,2026
127205,2026-06-08 22:00:00.000,H24,MISSION BERMUDES,0.00,0.00,0.0,22,0,24,8,6,2026
127225,2026-06-08 23:00:00.000,H24,MISSION BERMUDES,0.00,0.00,0.0,23,0,24,8,6,2026
127245,2026-06-09 00:00:00.000,H24,MISSION BERMUDES,0.00,0.00,0.0,0,0,24,9,6,2026
127766,2026-06-09 01:00:00.000,H24,MISSION BERMUDES,0.00,0.00,0.0,1,0,24,9,6,2026
127786,2026-06-09 02:00:00.000,H24,MISSION BERMUDES,0.00,0.00,0.0,2,0,24,9,6,2026
127806,2026-06-09 03:00:00.000,H24,MISSION BERMUDES,0.00,0.00,0.0,3,0,24,9,6,2026
127826,2026-06-09 04:00:00.000,H24,MISSION BERMUDES,0.00,0.00,0.0,4,0,24,9,6,2026
127846,2026-06-09 05:00:00.000,H24,MISSION BERMUDES,0.00,0.00,0.0,5,0,24,9,6,2026
127866,2026-06-09 06:00:00.000,H24,MISSION BERMUDES,0.00,0.00,0.0,6,0,24,9,6,2026
127886,2026-06-09 07:00:00.000,H24,MISSION BERMUDES,0.00,0.00,0.0,7,0,24,9,6,2026
127906,2026-06-09 08:00:00.000,H24,MISSION BERMUDES,0.00,0.00,0.0,8,0,24,9,6,2026
127926,2026-06-09 09:00:00.000,H24,MISSION BERMUDES,0.00,0.00,0.0,9,0,24,9,6,2026
127946,2026-06-09 10:00:00.000,H24,MISSION BERMUDES,0.00,0.00,0.0,10,0,24,9,6,2026
127966,2026-06-09 11:00:00.000,H24,MISSION BERMUDES,0.25,1.00,0.75,11,0,24,9,6,2026
127986,2026-06-09 12:00:00.000,H24,MISSION BERMUDES,0.00,1.00,1.0,12,0,24,9,6,2026
128006,2026-06-09 13:00:00.000,H24,MISSION BERMUDES,0.65,1.00,0.35,13,0,24,9,6,2026
128026,2026-06-09 14:00:00.000,H24,MISSION BERMUDES,1.00,1.00,0.0,14,0,24,9,6,2026
128046,2026-06-09 15:00:00.000,H24,MISSION BERMUDES,0.00,1.00,1.0,15,0,24,9,6,2026
128066,2026-06-09 16:00:00.000,H24,MISSION BERMUDES,0.00,1.00,1.0,16,0,24,9,6,2026
128086,2026-06-09 17:00:00.000,H24,MISSION BERMUDES,0.25,1.00,0.75,17,0,24,9,6,2026
128106,2026-06-09 18:00:00.000,H24,MISSION BERMUDES,0.95,1.00,0.05,18,0,24,9,6,2026
128126,2026-06-09 19:00:00.000,H24,MISSION BERMUDES,0.25,1.00,0.75,19,0,24,9,6,2026
128146,2026-06-09 20:00:00.000,H24,MISSION BERMUDES,0.40,1.00,0.6,20,0,24,9,6,2026
128166,2026-06-09 21:00:00.000,H24,MISSION BERMUDES,0.50,1.00,0.5,21,0,24,9,6,2026
128186,2026-06-09 22:00:00.000,H24,MISSION BERMUDES,0.00,0.00,0.0,22,0,24,9,6,2026
128206,2026-06-09 23:00:00.000,H24,MISSION BERMUDES,0.00,0.00,0.0,23,0,24,9,6,2026
128226,2026-06-10 00:00:00.000,H24,MISSION BERMUDES,0.00,0.00,0.0,0,0,24,10,6,2026
128246,2026-06-10 01:00:00.000,H24,MISSION BERMUDES,0.00,0.00,0.0,1,0,24,10,6,2026
128767,2026-06-10 02:00:00.000,H24,MISSION BERMUDES,0.00,0.00,0.0,2,0,24,10,6,2026
128787,2026-06-10 03:00:00.000,H24,MISSION BERMUDES,0.00,0.00,0.0,3,0,24,10,6,2026
128807,2026-06-10 04:00:00.000,H24,MISSION BERMUDES,0.00,0.00,0.0,4,0,24,10,6,2026
128827,2026-06-10 05:00:00.000,H24,MISSION BERMUDES,0.00,0.00,0.0,5,0,24,10,6,2026
128847,2026-06-10 06:00:00.000,H24,MISSION BERMUDES,0.00,0.00,0.0,6,0,24,10,6,2026
128867,2026-06-10 07:00:00.000,H24,MISSION BERMUDES,0.00,0.00,0.0,7,0,24,10,6,2026
128887,2026-06-10 08:00:00.000,H24,MISSION BERMUDES,0.00,0.00,0.0,8,0,24,10,6,2026
128907,2026-06-10 09:00:00.000,H24,MISSION BERMUDES,0.00,0.00,0.0,9,0,24,10,6,2026
128927,2026-06-10 10:00:00.000,H24,MISSION BERMUDES,0.85,1.00,0.15,10,0,24,10,6,2026
128947,2026-06-10 11:00:00.000,H24,MISSION BERMUDES,0.10,1.00,0.9,11,0,24,10,6,2026
128967,2026-06-10 12:00:00.000,H24,MISSION BERMUDES,0.00,1.00,1.0,12,0,24,10,6,2026
128987,2026-06-10 13:00:00.000,H24,MISSION BERMUDES,0.00,1.00,1.0,13,0,24,10,6,2026
129007,2026-06-10 14:00:00.000,H24,MISSION BERMUDES,0.00,1.00,1.0,14,0,24,10,6,2026
129027,2026-06-10 15:00:00.000,H24,MISSION BERMUDES,0.00,1.00,1.0,15,0,24,10,6,2026
129047,2026-06-10 16:00:00.000,H24,MISSION BERMUDES,0.00,1.00,1.0,16,0,24,10,6,2026
129067,2026-06-10 17:00:00.000,H24,MISSION BERMUDES,0.00,1.00,1.0,17,0,24,10,6,2026
129087,2026-06-10 18:00:00.000,H24,MISSION BERMUDES,0.00,1.00,1.0,18,0,24,10,6,2026
129107,2026-06-10 19:00:00.000,H24,MISSION BERMUDES,0.00,1.00,1.0,19,0,24,10,6,2026
129127,2026-06-10 20:00:00.000,H24,MISSION BERMUDES,0.00,1.00,1.0,20,0,24,10,6,2026
129147,2026-06-10 21:00:00.000,H24,MISSION BERMUDES,0.00,1.00,1.0,21,0,24,10,6,2026
129167,2026-06-10 22:00:00.000,H24,MISSION BERMUDES,0.00,0.00,0.0,22,0,24,10,6,2026
129187,2026-06-10 23:00:00.000,H24,MISSION BERMUDES,0.00,0.00,0.0,23,0,24,10,6,2026
129207,2026-06-11 00:00:00.000,H24,MISSION BERMUDES,0.00,0.00,0.0,0,0,24,11,6,2026
129227,2026-06-11 01:00:00.000,H24,MISSION BERMUDES,0.00,0.00,0.0,1,0,24,11,6,2026
129247,2026-06-11 02:00:00.000,H24,MISSION BERMUDES,0.00,0.00,0.0,2,0,24,11,6,2026
129768,2026-06-11 03:00:00.000,H24,MISSION BERMUDES,0.00,0.00,0.0,3,0,24,11,6,2026
129788,2026-06-11 04:00:00.000,H24,MISSION BERMUDES,0.00,0.00,0.0,4,0,24,11,6,2026
129808,2026-06-11 05:00:00.000,H24,MISSION BERMUDES,0.00,0.00,0.0,5,0,24,11,6,2026
129828,2026-06-11 06:00:00.000,H24,MISSION BERMUDES,0.00,0.00,0.0,6,0,24,11,6,2026
129848,2026-06-11 07:00:00.000,H24,MISSION BERMUDES,0.00,0.00,0.0,7,0,24,11,6,2026
129868,2026-06-11 08:00:00.000,H24,MISSION BERMUDES,0.00,0.00,0.0,8,0,24,11,6,2026
129888,2026-06-11 09:00:00.000,H24,MISSION BERMUDES,0.00,0.00,0.0,9,0,24,11,6,2026
129908,2026-06-11 10:00:00.000,H24,MISSION BERMUDES,0.95,1.00,0.05,10,0,24,11,6,2026
129928,2026-06-11 11:00:00.000,H24,MISSION BERMUDES,0.15,1.00,0.85,11,0,24,11,6,2026
129948,2026-06-11 12:00:00.000,H24,MISSION BERMUDES,0.00,1.00,1.0,12,0,24,11,6,2026
129968,2026-06-11 13:00:00.000,H24,MISSION BERMUDES,0.00,1.00,1.0,13,0,24,11,6,2026
129988,2026-06-11 14:00:00.000,H24,MISSION BERMUDES,0.00,1.00,1.0,14,0,24,11,6,2026
130008,2026-06-11 15:00:00.000,H24,MISSION BERMUDES,0.00,1.00,1.0,15,0,24,11,6,2026
130028,2026-06-11 16:00:00.000,H24,MISSION BERMUDES,0.45,1.00,0.55,16,0,24,11,6,2026
130048,2026-06-11 17:00:00.000,H24,MISSION BERMUDES,0.00,1.00,1.0,17,0,24,11,6,2026
130068,2026-06-11 18:00:00.000,H24,MISSION BERMUDES,0.00,1.00,1.0,18,0,24,11,6,2026
130088,2026-06-11 19:00:00.000,H24,MISSION BERMUDES,0.00,1.00,1.0,19,0,24,11,6,2026
130108,2026-06-11 20:00:00.000,H24,MISSION BERMUDES,0.00,1.00,1.0,20,0,24,11,6,2026
130128,2026-06-11 21:00:00.000,H24,MISSION BERMUDES,0.00,1.00,1.0,21,0,24,11,6,2026
130148,2026-06-11 22:00:00.000,H24,MISSION BERMUDES,0.00,0.00,0.0,22,0,24,11,6,2026
130168,2026-06-11 23:00:00.000,H24,MISSION BERMUDES,0.00,0.00,0.0,23,0,24,11,6,2026
130188,2026-06-12 00:00:00.000,H24,MISSION BERMUDES,0.00,0.00,0.0,0,0,24,12,6,2026
130208,2026-06-12 01:00:00.000,H24,MISSION BERMUDES,0.00,0.00,0.0,1,0,24,12,6,2026
130228,2026-06-12 02:00:00.000,H24,MISSION BERMUDES,0.00,0.00,0.0,2,0,24,12,6,2026
130248,2026-06-12 03:00:00.000,H24,MISSION BERMUDES,0.00,0.00,0.0,3,0,24,12,6,2026
130769,2026-06-12 04:00:00.000,H24,MISSION BERMUDES,0.00,0.00,0.0,4,0,24,12,6,2026
130789,2026-06-12 05:00:00.000,H24,MISSION BERMUDES,0.00,0.00,0.0,5,0,24,12,6,2026
130809,2026-06-12 06:00:00.000,H24,MISSION BERMUDES,0.00,0.00,0.0,6,0,24,12,6,2026
130829,2026-06-12 07:00:00.000,H24,MISSION BERMUDES,0.00,0.00,0.0,7,0,24,12,6,2026
130849,2026-06-12 08:00:00.000,H24,MISSION BERMUDES,0.00,0.00,0.0,8,0,24,12,6,2026
130869,2026-06-12 09:00:00.000,H24,MISSION BERMUDES,0.00,0.00,0.0,9,0,24,12,6,2026
130889,2026-06-12 10:00:00.000,H24,MISSION BERMUDES,0.45,1.00,0.55,10,0,24,12,6,2026
130909,2026-06-12 11:00:00.000,H24,MISSION BERMUDES,0.00,1.00,1.0,11,0,24,12,6,2026
130929,2026-06-12 12:00:00.000,H24,MISSION BERMUDES,0.00,1.00,1.0,12,0,24,12,6,2026
130949,2026-06-12 13:00:00.000,H24,MISSION BERMUDES,0.00,1.00,1.0,13,0,24,12,6,2026
130969,2026-06-12 14:00:00.000,H24,MISSION BERMUDES,0.00,1.00,1.0,14,0,24,12,6,2026
130989,2026-06-12 15:00:00.000,H24,MISSION BERMUDES,0.00,1.00,1.0,15,0,24,12,6,2026
131009,2026-06-12 16:00:00.000,H24,MISSION BERMUDES,0.00,1.00,1.0,16,0,24,12,6,2026
131029,2026-06-12 17:00:00.000,H24,MISSION BERMUDES,0.15,1.00,0.85,17,0,24,12,6,2026
131049,2026-06-12 18:00:00.000,H24,MISSION BERMUDES,0.00,1.00,1.0,18,0,24,12,6,2026
131069,2026-06-12 19:00:00.000,H24,MISSION BERMUDES,0.00,1.00,1.0,19,0,24,12,6,2026
131089,2026-06-12 20:00:00.000,H24,MISSION BERMUDES,0.00,1.00,1.0,20,0,24,12,6,2026
131109,2026-06-12 21:00:00.000,H24,MISSION BERMUDES,0.00,1.00,1.0,21,0,24,12,6,2026
131129,2026-06-12 22:00:00.000,H24,MISSION BERMUDES,0.00,0.05,0.05,22,0,24,12,6,2026
131148,2026-06-12 23:00:00.000,H24,MISSION BERMUDES,0.00,0.00,0.0,23,0,24,12,6,2026
131167,2026-06-13 00:00:00.000,H24,MISSION BERMUDES,0.00,0.00,0.0,0,0,24,13,6,2026
131186,2026-06-13 01:00:00.000,H24,MISSION BERMUDES,0.00,0.00,0.0,1,0,24,13,6,2026
131205,2026-06-13 02:00:00.000,H24,MISSION BERMUDES,0.00,0.00,0.0,2,0,24,13,6,2026
131224,2026-06-13 03:00:00.000,H24,MISSION BERMUDES,0.00,0.00,0.0,3,0,24,13,6,2026
131244,2026-06-13 04:00:00.000,H24,MISSION BERMUDES,0.00,0.00,0.0,4,0,24,13,6,2026
131765,2026-06-13 05:00:00.000,H24,MISSION BERMUDES,0.00,0.00,0.0,5,0,24,13,6,2026
131785,2026-06-13 06:00:00.000,H24,MISSION BERMUDES,0.00,0.00,0.0,6,0,24,13,6,2026
131806,2026-06-13 07:00:00.000,H24,MISSION BERMUDES,0.00,0.00,0.0,7,0,24,13,6,2026
131827,2026-06-13 08:00:00.000,H24,MISSION BERMUDES,0.00,0.00,0.0,8,0,24,13,6,2026
131849,2026-06-13 09:00:00.000,H24,MISSION BERMUDES,0.00,0.00,0.0,9,0,24,13,6,2026
131871,2026-06-13 10:00:00.000,H24,MISSION BERMUDES,0.40,1.00,0.6,10,0,24,13,6,2026
131893,2026-06-13 11:00:00.000,H24,MISSION BERMUDES,0.10,1.00,0.9,11,0,24,13,6,2026
131915,2026-06-13 12:00:00.000,H24,MISSION BERMUDES,0.00,1.00,1.0,12,0,24,13,6,2026
131937,2026-06-13 13:00:00.000,H24,MISSION BERMUDES,0.00,1.00,1.0,13,0,24,13,6,2026
131959,2026-06-13 14:00:00.000,H24,MISSION BERMUDES,0.00,1.00,1.0,14,0,24,13,6,2026
131981,2026-06-13 15:00:00.000,H24,MISSION BERMUDES,0.00,1.00,1.0,15,0,24,13,6,2026
132003,2026-06-13 16:00:00.000,H24,MISSION BERMUDES,0.00,1.00,1.0,16,0,24,13,6,2026
132025,2026-06-13 17:00:00.000,H24,MISSION BERMUDES,0.00,1.00,1.0,17,0,24,13,6,2026
132047,2026-06-13 18:00:00.000,H24,MISSION BERMUDES,0.35,1.00,0.65,18,0,24,13,6,2026
132069,2026-06-13 19:00:00.000,H24,MISSION BERMUDES,0.70,1.00,0.3,19,0,24,13,6,2026
132091,2026-06-13 20:00:00.000,H24,MISSION BERMUDES,0.25,1.00,0.75,20,0,24,13,6,2026
132113,2026-06-13 21:00:00.000,H24,MISSION BERMUDES,0.00,1.00,1.0,21,0,24,13,6,2026
132135,2026-06-13 22:00:00.000,H24,MISSION BERMUDES,0.00,0.00,0.0,22,0,24,13,6,2026
132157,2026-06-13 23:00:00.000,H24,MISSION BERMUDES,0.00,0.00,0.0,23,0,24,13,6,2026
132179,2026-06-14 00:00:00.000,H24,MISSION BERMUDES,0.00,0.00,0.0,0,0,25,14,6,2026
132201,2026-06-14 01:00:00.000,H24,MISSION BERMUDES,0.00,0.00,0.0,1,0,25,14,6,2026
132223,2026-06-14 02:00:00.000,H24,MISSION BERMUDES,0.00,0.00,0.0,2,0,25,14,6,2026
132245,2026-06-14 03:00:00.000,H24,MISSION BERMUDES,0.00,0.00,0.0,3,0,25,14,6,2026
132768,2026-06-14 04:00:00.000,H24,MISSION BERMUDES,0.00,0.00,0.0,4,0,25,14,6,2026
132790,2026-06-14 05:00:00.000,H24,MISSION BERMUDES,0.00,0.00,0.0,5,0,25,14,6,2026
132812,2026-06-14 06:00:00.000,H24,MISSION BERMUDES,0.00,0.00,0.0,6,0,25,14,6,2026
132834,2026-06-14 07:00:00.000,H24,MISSION BERMUDES,0.00,0.00,0.0,7,0,25,14,6,2026
132856,2026-06-14 08:00:00.000,H24,MISSION BERMUDES,0.00,0.00,0.0,8,0,25,14,6,2026
132878,2026-06-14 09:00:00.000,H24,MISSION BERMUDES,0.00,0.00,0.0,9,0,25,14,6,2026
132900,2026-06-14 10:00:00.000,H24,MISSION BERMUDES,0.15,1.00,0.85,10,0,25,14,6,2026
132922,2026-06-14 11:00:00.000,H24,MISSION BERMUDES,0.00,1.00,1.0,11,0,25,14,6,2026
132944,2026-06-14 12:00:00.000,H24,MISSION BERMUDES,0.00,1.00,1.0,12,0,25,14,6,2026
132966,2026-06-14 13:00:00.000,H24,MISSION BERMUDES,0.00,1.00,1.0,13,0,25,14,6,2026
132988,2026-06-14 14:00:00.000,H24,MISSION BERMUDES,0.25,1.00,0.75,14,0,25,14,6,2026
133010,2026-06-14 15:00:00.000,H24,MISSION BERMUDES,0.00,1.00,1.0,15,0,25,14,6,2026
133032,2026-06-14 16:00:00.000,H24,MISSION BERMUDES,0.20,1.00,0.8,16,0,25,14,6,2026
133054,2026-06-14 17:00:00.000,H24,MISSION BERMUDES,0.00,1.00,1.0,17,0,25,14,6,2026
133076,2026-06-14 18:00:00.000,H24,MISSION BERMUDES,0.00,1.00,1.0,18,0,25,14,6,2026
133098,2026-06-14 19:00:00.000,H24,MISSION BERMUDES,0.00,1.00,1.0,19,0,25,14,6,2026
133120,2026-06-14 20:00:00.000,H24,MISSION BERMUDES,0.00,1.00,1.0,20,0,25,14,6,2026
133142,2026-06-14 21:00:00.000,H24,MISSION BERMUDES,0.00,1.00,1.0,21,0,25,14,6,2026
133164,2026-06-14 22:00:00.000,H24,MISSION BERMUDES,0.00,0.05,0.05,22,0,25,14,6,2026
133186,2026-06-14 23:00:00.000,H24,MISSION BERMUDES,0.00,0.00,0.0,23,0,25,14,6,2026
133208,2026-06-15 00:00:00.000,H24,MISSION BERMUDES,0.00,0.00,0.0,0,0,25,15,6,2026
133230,2026-06-15 01:00:00.000,H24,MISSION BERMUDES,0.00,0.00,0.0,1,0,25,15,6,2026
133252,2026-06-15 02:00:00.000,H24,MISSION BERMUDES,0.00,0.00,0.0,2,0,25,15,6,2026
133775,2026-06-15 03:00:00.000,H24,MISSION BERMUDES,0.00,0.00,0.0,3,0,25,15,6,2026
133797,2026-06-15 04:00:00.000,H24,MISSION BERMUDES,0.00,0.00,0.0,4,0,25,15,6,2026
133819,2026-06-15 05:00:00.000,H24,MISSION BERMUDES,0.00,0.00,0.0,5,0,25,15,6,2026
133841,2026-06-15 06:00:00.000,H24,MISSION BERMUDES,0.00,0.00,0.0,6,0,25,15,6,2026
133861,2026-06-15 07:00:00.000,H24,MISSION BERMUDES,0.00,0.00,0.0,7,0,25,15,6,2026
133881,2026-06-15 08:00:00.000,H24,MISSION BERMUDES,0.00,0.00,0.0,8,0,25,15,6,2026
133901,2026-06-15 09:00:00.000,H24,MISSION BERMUDES,0.00,0.00,0.0,9,0,25,15,6,2026
133921,2026-06-15 10:00:00.000,H24,MISSION BERMUDES,0.00,1.00,1.0,10,0,25,15,6,2026
133941,2026-06-15 11:00:00.000,H24,MISSION BERMUDES,0.00,1.00,1.0,11,0,25,15,6,2026
133961,2026-06-15 12:00:00.000,H24,MISSION BERMUDES,0.00,1.00,1.0,12,0,25,15,6,2026
133981,2026-06-15 13:00:00.000,H24,MISSION BERMUDES,0.15,1.00,0.85,13,0,25,15,6,2026
134001,2026-06-15 14:00:00.000,H24,MISSION BERMUDES,0.00,1.00,1.0,14,0,25,15,6,2026
134021,2026-06-15 15:00:00.000,H24,MISSION BERMUDES,0.25,1.00,0.75,15,0,25,15,6,2026
134041,2026-06-15 16:00:00.000,H24,MISSION BERMUDES,0.10,1.00,0.9,16,0,25,15,6,2026
134061,2026-06-15 17:00:00.000,H24,MISSION BERMUDES,0.30,1.00,0.7,17,0,25,15,6,2026
134081,2026-06-15 18:00:00.000,H24,MISSION BERMUDES,0.00,1.00,1.0,18,0,25,15,6,2026
134101,2026-06-15 19:00:00.000,H24,MISSION BERMUDES,0.00,1.00,1.0,19,0,25,15,6,2026
134121,2026-06-15 20:00:00.000,H24,MISSION BERMUDES,0.00,1.00,1.0,20,0,25,15,6,2026
134141,2026-06-15 21:00:00.000,H24,MISSION BERMUDES,0.00,1.00,1.0,21,0,25,15,6,2026
134161,2026-06-15 22:00:00.000,H24,MISSION BERMUDES,0.00,0.00,0.0,22,0,25,15,6,2026
134181,2026-06-15 23:00:00.000,H24,MISSION BERMUDES,0.00,0.00,0.0,23,0,25,15,6,2026
134201,2026-06-16 00:00:00.000,H24,MISSION BERMUDES,0.00,0.00,0.0,0,0,25,16,6,2026
134221,2026-06-16 01:00:00.000,H24,MISSION BERMUDES,0.00,0.00,0.0,1,0,25,16,6,2026
134241,2026-06-16 02:00:00.000,H24,MISSION BERMUDES,0.00,0.00,0.0,2,0,25,16,6,2026
134261,2026-06-16 03:00:00.000,H24,MISSION BERMUDES,0.00,0.00,0.0,3,0,25,16,6,2026
134782,2026-06-16 04:00:00.000,H24,MISSION BERMUDES,0.00,0.00,0.0,4,0,25,16,6,2026
134802,2026-06-16 05:00:00.000,H24,MISSION BERMUDES,0.00,0.00,0.0,5,0,25,16,6,2026
134822,2026-06-16 06:00:00.000,H24,MISSION BERMUDES,0.00,0.00,0.0,6,0,25,16,6,2026
134842,2026-06-16 07:00:00.000,H24,MISSION BERMUDES,0.00,0.00,0.0,7,0,25,16,6,2026
134862,2026-06-16 08:00:00.000,H24,MISSION BERMUDES,0.00,0.00,0.0,8,0,25,16,6,2026
134882,2026-06-16 09:00:00.000,H24,MISSION BERMUDES,0.00,0.00,0.0,9,0,25,16,6,2026
134902,2026-06-16 10:00:00.000,H24,MISSION BERMUDES,0.00,0.00,0.0,10,0,25,16,6,2026
134922,2026-06-16 11:00:00.000,H24,MISSION BERMUDES,0.30,1.00,0.7,11,0,25,16,6,2026
134942,2026-06-16 12:00:00.000,H24,MISSION BERMUDES,0.25,1.00,0.75,12,0,25,16,6,2026
134962,2026-06-16 13:00:00.000,H24,MISSION BERMUDES,0.00,1.00,1.0,13,0,25,16,6,2026
134982,2026-06-16 14:00:00.000,H24,MISSION BERMUDES,0.00,1.00,1.0,14,0,25,16,6,2026
135002,2026-06-16 15:00:00.000,H24,MISSION BERMUDES,0.10,1.00,0.9,15,0,25,16,6,2026
135022,2026-06-16 16:00:00.000,H24,MISSION BERMUDES,0.70,1.00,0.3,16,0,25,16,6,2026
135042,2026-06-16 17:00:00.000,H24,MISSION BERMUDES,0.15,1.00,0.85,17,0,25,16,6,2026
135062,2026-06-16 18:00:00.000,H24,MISSION BERMUDES,0.40,1.00,0.6,18,0,25,16,6,2026
135082,2026-06-16 19:00:00.000,H24,MISSION BERMUDES,0.10,1.00,0.9,19,0,25,16,6,2026
135102,2026-06-16 20:00:00.000,H24,MISSION BERMUDES,0.00,1.00,1.0,20,0,25,16,6,2026
135122,2026-06-16 21:00:00.000,H24,MISSION BERMUDES,0.15,1.00,0.85,21,0,25,16,6,2026
135142,2026-06-16 22:00:00.000,H24,MISSION BERMUDES,0.00,0.00,0.0,22,0,25,16,6,2026
135162,2026-06-16 23:00:00.000,H24,MISSION BERMUDES,0.00,0.00,0.0,23,0,25,16,6,2026
135182,2026-06-17 00:00:00.000,H24,MISSION BERMUDES,0.00,0.00,0.0,0,0,25,17,6,2026
135202,2026-06-17 01:00:00.000,H24,MISSION BERMUDES,0.00,0.00,0.0,1,0,25,17,6,2026
135222,2026-06-17 02:00:00.000,H24,MISSION BERMUDES,0.00,0.00,0.0,2,0,25,17,6,2026
135242,2026-06-17 03:00:00.000,H24,MISSION BERMUDES,0.00,0.00,0.0,3,0,25,17,6,2026
135262,2026-06-17 04:00:00.000,H24,MISSION BERMUDES,0.00,0.00,0.0,4,0,25,17,6,2026
135783,2026-06-17 05:00:00.000,H24,MISSION BERMUDES,0.00,0.00,0.0,5,0,25,17,6,2026
135803,2026-06-17 06:00:00.000,H24,MISSION BERMUDES,0.00,0.00,0.0,6,0,25,17,6,2026
135823,2026-06-17 07:00:00.000,H24,MISSION BERMUDES,0.00,0.00,0.0,7,0,25,17,6,2026
135843,2026-06-17 08:00:00.000,H24,MISSION BERMUDES,0.00,0.00,0.0,8,0,25,17,6,2026
135863,2026-06-17 09:00:00.000,H24,MISSION BERMUDES,0.00,0.00,0.0,9,0,25,17,6,2026
135883,2026-06-17 10:00:00.000,H24,MISSION BERMUDES,0.00,0.00,0.0,10,0,25,17,6,2026
135903,2026-06-17 11:00:00.000,H24,MISSION BERMUDES,0.10,0.00,0.0,11,0,25,17,6,2026
135923,2026-06-17 12:00:00.000,H24,MISSION BERMUDES,0.95,1.00,0.05,12,0,25,17,6,2026
135943,2026-06-17 13:00:00.000,H24,MISSION BERMUDES,0.15,1.00,0.85,13,0,25,17,6,2026
135963,2026-06-17 14:00:00.000,H24,MISSION BERMUDES,0.00,1.00,1.0,14,0,25,17,6,2026
135983,2026-06-17 15:00:00.000,H24,MISSION BERMUDES,0.20,1.00,0.8,15,0,25,17,6,2026
136003,2026-06-17 16:00:00.000,H24,MISSION BERMUDES,0.25,1.00,0.75,16,0,25,17,6,2026
136023,2026-06-17 17:00:00.000,H24,MISSION BERMUDES,0.45,1.00,0.55,17,0,25,17,6,2026
136043,2026-06-17 18:00:00.000,H24,MISSION BERMUDES,0.30,1.00,0.7,18,0,25,17,6,2026
136063,2026-06-17 19:00:00.000,H24,MISSION BERMUDES,0.30,1.00,0.7,19,0,25,17,6,2026
136083,2026-06-17 20:00:00.000,H24,MISSION BERMUDES,0.00,1.00,1.0,20,0,25,17,6,2026
136103,2026-06-17 21:00:00.000,H24,MISSION BERMUDES,0.15,1.00,0.85,21,0,25,17,6,2026
136123,2026-06-17 22:00:00.000,H24,MISSION BERMUDES,0.00,0.00,0.0,22,0,25,17,6,2026
136143,2026-06-17 23:00:00.000,H24,MISSION BERMUDES,0.00,0.00,0.0,23,0,25,17,6,2026
136163,2026-06-18 00:00:00.000,H24,MISSION BERMUDES,0.00,0.00,0.0,0,0,25,18,6,2026
136183,2026-06-18 01:00:00.000,H24,MISSION BERMUDES,0.00,0.00,0.0,1,0,25,18,6,2026
136203,2026-06-18 02:00:00.000,H24,MISSION BERMUDES,0.00,0.00,0.0,2,0,25,18,6,2026
136223,2026-06-18 03:00:00.000,H24,MISSION BERMUDES,0.00,0.00,0.0,3,0,25,18,6,2026
136243,2026-06-18 04:00:00.000,H24,MISSION BERMUDES,0.00,0.00,0.0,4,0,25,18,6,2026
136263,2026-06-18 05:00:00.000,H24,MISSION BERMUDES,0.00,0.00,0.0,5,0,25,18,6,2026
136784,2026-06-18 06:00:00.000,H24,MISSION BERMUDES,0.00,0.00,0.0,6,0,25,18,6,2026
136803,2026-06-18 07:00:00.000,H24,MISSION BERMUDES,0.00,0.00,0.0,7,0,25,18,6,2026
136822,2026-06-18 08:00:00.000,H24,MISSION BERMUDES,0.00,0.00,0.0,8,0,25,18,6,2026
136841,2026-06-18 09:00:00.000,H24,MISSION BERMUDES,0.00,0.00,0.0,9,0,25,18,6,2026
136860,2026-06-18 10:00:00.000,H24,MISSION BERMUDES,0.30,1.00,0.7,10,0,25,18,6,2026
136879,2026-06-18 11:00:00.000,H24,MISSION BERMUDES,0.20,1.00,0.8,11,0,25,18,6,2026
136898,2026-06-18 12:00:00.000,H24,MISSION BERMUDES,0.20,1.00,0.8,12,0,25,18,6,2026
136917,2026-06-18 13:00:00.000,H24,MISSION BERMUDES,0.25,1.00,0.75,13,0,25,18,6,2026
136936,2026-06-18 14:00:00.000,H24,MISSION BERMUDES,1.00,1.00,0.0,14,0,25,18,6,2026
136955,2026-06-18 15:00:00.000,H24,MISSION BERMUDES,0.90,1.00,0.1,15,0,25,18,6,2026
136974,2026-06-18 16:00:00.000,H24,MISSION BERMUDES,0.85,1.00,0.15,16,0,25,18,6,2026
136993,2026-06-18 17:00:00.000,H24,MISSION BERMUDES,0.20,1.00,0.8,17,0,25,18,6,2026
137012,2026-06-18 18:00:00.000,H24,MISSION BERMUDES,1.00,1.00,0.0,18,0,25,18,6,2026
137031,2026-06-18 19:00:00.000,H24,MISSION BERMUDES,1.00,1.00,0.0,19,0,25,18,6,2026
137050,2026-06-18 20:00:00.000,H24,MISSION BERMUDES,0.05,1.00,0.95,20,0,25,18,6,2026
137069,2026-06-18 21:00:00.000,H24,MISSION BERMUDES,0.75,1.00,0.25,21,0,25,18,6,2026
137088,2026-06-18 22:00:00.000,H24,MISSION BERMUDES,0.00,0.00,0.0,22,0,25,18,6,2026
137107,2026-06-18 23:00:00.000,H24,MISSION BERMUDES,0.00,0.00,0.0,23,0,25,18,6,2026
137126,2026-06-19 00:00:00.000,H24,MISSION BERMUDES,0.00,0.00,0.0,0,0,25,19,6,2026
137145,2026-06-19 01:00:00.000,H24,MISSION BERMUDES,0.00,0.00,0.0,1,0,25,19,6,2026
137164,2026-06-19 02:00:00.000,H24,MISSION BERMUDES,0.00,0.00,0.0,2,0,25,19,6,2026
137183,2026-06-19 03:00:00.000,H24,MISSION BERMUDES,0.00,0.00,0.0,3,0,25,19,6,2026
137202,2026-06-19 04:00:00.000,H24,MISSION BERMUDES,0.00,0.00,0.0,4,0,25,19,6,2026
137221,2026-06-19 05:00:00.000,H24,MISSION BERMUDES,0.00,0.00,0.0,5,0,25,19,6,2026
137240,2026-06-19 06:00:00.000,H24,MISSION BERMUDES,0.00,0.00,0.0,6,0,25,19,6,2026
137259,2026-06-19 07:00:00.000,H24,MISSION BERMUDES,0.00,0.00,0.0,7,0,25,19,6,2026
137779,2026-06-19 08:00:00.000,H24,MISSION BERMUDES,0.00,0.00,0.0,8,0,25,19,6,2026
137798,2026-06-19 09:00:00.000,H24,MISSION BERMUDES,0.00,0.00,0.0,9,0,25,19,6,2026
137817,2026-06-19 10:00:00.000,H24,MISSION BERMUDES,0.30,1.00,0.7,10,0,25,19,6,2026
137836,2026-06-19 11:00:00.000,H24,MISSION BERMUDES,0.55,1.00,0.45,11,0,25,19,6,2026
137855,2026-06-19 12:00:00.000,H24,MISSION BERMUDES,0.00,1.00,1.0,12,0,25,19,6,2026
137874,2026-06-19 13:00:00.000,H24,MISSION BERMUDES,0.80,1.00,0.2,13,0,25,19,6,2026
137893,2026-06-19 14:00:00.000,H24,MISSION BERMUDES,0.55,1.00,0.45,14,0,25,19,6,2026
137912,2026-06-19 15:00:00.000,H24,MISSION BERMUDES,0.35,1.00,0.65,15,0,25,19,6,2026
137931,2026-06-19 16:00:00.000,H24,MISSION BERMUDES,0.80,1.00,0.2,16,0,25,19,6,2026
137950,2026-06-19 17:00:00.000,H24,MISSION BERMUDES,1.00,1.00,0.0,17,0,25,19,6,2026
137969,2026-06-19 18:00:00.000,H24,MISSION BERMUDES,0.80,1.00,0.2,18,0,25,19,6,2026
137988,2026-06-19 19:00:00.000,H24,MISSION BERMUDES,0.85,1.00,0.15,19,0,25,19,6,2026
138007,2026-06-19 20:00:00.000,H24,MISSION BERMUDES,1.00,1.00,0.0,20,0,25,19,6,2026
138026,2026-06-19 21:00:00.000,H24,MISSION BERMUDES,1.00,1.00,0.0,21,0,25,19,6,2026
138045,2026-06-19 22:00:00.000,H24,MISSION BERMUDES,1.00,0.05,0.0,22,0,25,19,6,2026
138064,2026-06-19 23:00:00.000,H24,MISSION BERMUDES,1.00,0.00,0.0,23,0,25,19,6,2026
138083,2026-06-20 00:00:00.000,H24,MISSION BERMUDES,1.00,0.00,0.0,0,0,25,20,6,2026
138102,2026-06-20 01:00:00.000,H24,MISSION BERMUDES,1.00,0.00,0.0,1,0,25,20,6,2026
138121,2026-06-20 02:00:00.000,H24,MISSION BERMUDES,1.00,0.00,0.0,2,0,25,20,6,2026
138140,2026-06-20 03:00:00.000,H24,MISSION BERMUDES,1.00,0.00,0.0,3,0,25,20,6,2026
138159,2026-06-20 04:00:00.000,H24,MISSION BERMUDES,1.00,0.00,0.0,4,0,25,20,6,2026
138178,2026-06-20 05:00:00.000,H24,MISSION BERMUDES,1.00,0.00,0.0,5,0,25,20,6,2026
138197,2026-06-20 06:00:00.000,H24,MISSION BERMUDES,1.00,0.00,0.0,6,0,25,20,6,2026
138218,2026-06-20 07:00:00.000,H24,MISSION BERMUDES,1.00,0.00,0.0,7,0,25,20,6,2026
138239,2026-06-20 08:00:00.000,H24,MISSION BERMUDES,1.00,0.00,0.0,8,0,25,20,6,2026
138260,2026-06-20 09:00:00.000,H24,MISSION BERMUDES,1.00,0.00,0.0,9,0,25,20,6,2026
138782,2026-06-20 10:00:00.000,H24,MISSION BERMUDES,0.20,1.00,0.8,10,0,25,20,6,2026
138803,2026-06-20 11:00:00.000,H24,MISSION BERMUDES,1.00,1.00,0.0,11,0,25,20,6,2026
138824,2026-06-20 12:00:00.000,H24,MISSION BERMUDES,1.00,1.00,0.0,12,0,25,20,6,2026
138845,2026-06-20 13:00:00.000,H24,MISSION BERMUDES,1.00,1.00,0.0,13,0,25,20,6,2026
138866,2026-06-20 14:00:00.000,H24,MISSION BERMUDES,1.00,1.00,0.0,14,0,25,20,6,2026
138887,2026-06-20 15:00:00.000,H24,MISSION BERMUDES,1.00,1.00,0.0,15,0,25,20,6,2026
138908,2026-06-20 16:00:00.000,H24,MISSION BERMUDES,1.00,1.00,0.0,16,0,25,20,6,2026
138929,2026-06-20 17:00:00.000,H24,MISSION BERMUDES,1.00,1.00,0.0,17,0,25,20,6,2026
138950,2026-06-20 18:00:00.000,H24,MISSION BERMUDES,1.00,1.00,0.0,18,0,25,20,6,2026
138971,2026-06-20 19:00:00.000,H24,MISSION BERMUDES,1.00,1.00,0.0,19,0,25,20,6,2026
138992,2026-06-20 20:00:00.000,H24,MISSION BERMUDES,1.00,1.00,0.0,20,0,25,20,6,2026
139013,2026-06-20 21:00:00.000,H24,MISSION BERMUDES,1.00,1.00,0.0,21,0,25,20,6,2026
139034,2026-06-20 22:00:00.000,H24,MISSION BERMUDES,1.00,0.05,0.0,22,0,25,20,6,2026
139055,2026-06-20 23:00:00.000,H24,MISSION BERMUDES,1.00,0.00,0.0,23,0,25,20,6,2026
139076,2026-06-21 00:00:00.000,H24,MISSION BERMUDES,1.00,0.00,0.0,0,0,26,21,6,2026
139097,2026-06-21 01:00:00.000,H24,MISSION BERMUDES,1.00,0.00,0.0,1,0,26,21,6,2026
139118,2026-06-21 02:00:00.000,H24,MISSION BERMUDES,1.00,0.00,0.0,2,0,26,21,6,2026
139139,2026-06-21 03:00:00.000,H24,MISSION BERMUDES,1.00,0.00,0.0,3,0,26,21,6,2026
139160,2026-06-21 04:00:00.000,H24,MISSION BERMUDES,1.00,0.00,0.0,4,0,26,21,6,2026
139181,2026-06-21 05:00:00.000,H24,MISSION BERMUDES,1.00,0.00,0.0,5,0,26,21,6,2026
139202,2026-06-21 06:00:00.000,H24,MISSION BERMUDES,1.00,0.00,0.0,6,0,26,21,6,2026
143958,2026-06-26 07:00:00.000,H24,MISSION BERMUDES,1.00,0.00,0.0,7,0,26,26,6,2026
143977,2026-06-26 08:00:00.000,H24,MISSION BERMUDES,0.70,0.00,0.0,8,0,26,26,6,2026
143996,2026-06-26 09:00:00.000,H24,MISSION BERMUDES,0.00,0.00,0.0,9,0,26,26,6,2026
144015,2026-06-26 10:00:00.000,H24,MISSION BERMUDES,0.65,1.00,0.35,10,0,26,26,6,2026
144034,2026-06-26 11:00:00.000,H24,MISSION BERMUDES,0.15,1.00,0.85,11,0,26,26,6,2026
144053,2026-06-26 12:00:00.000,H24,MISSION BERMUDES,0.90,1.00,0.1,12,0,26,26,6,2026
144072,2026-06-26 13:00:00.000,H24,MISSION BERMUDES,0.95,1.00,0.05,13,0,26,26,6,2026
144091,2026-06-26 14:00:00.000,H24,MISSION BERMUDES,0.90,1.00,0.1,14,0,26,26,6,2026
144110,2026-06-26 15:00:00.000,H24,MISSION BERMUDES,0.60,1.00,0.4,15,0,26,26,6,2026
144129,2026-06-26 16:00:00.000,H24,MISSION BERMUDES,1.00,1.00,0.0,16,0,26,26,6,2026
144148,2026-06-26 17:00:00.000,H24,MISSION BERMUDES,1.00,1.00,0.0,17,0,26,26,6,2026
144167,2026-06-26 18:00:00.000,H24,MISSION BERMUDES,1.00,1.00,0.0,18,0,26,26,6,2026
144186,2026-06-26 19:00:00.000,H24,MISSION BERMUDES,1.00,1.00,0.0,19,0,26,26,6,2026
144205,2026-06-26 20:00:00.000,H24,MISSION BERMUDES,1.00,1.00,0.0,20,0,26,26,6,2026
144224,2026-06-26 21:00:00.000,H24,MISSION BERMUDES,1.00,1.00,0.0,21,0,26,26,6,2026
144243,2026-06-26 22:00:00.000,H24,MISSION BERMUDES,1.00,0.05,0.0,22,0,26,26,6,2026
144262,2026-06-26 23:00:00.000,H24,MISSION BERMUDES,1.00,0.00,0.0,23,0,26,26,6,2026
144281,2026-06-27 00:00:00.000,H24,MISSION BERMUDES,1.00,0.00,0.0,0,0,26,27,6,2026
144801,2026-06-27 01:00:00.000,H24,MISSION BERMUDES,1.00,0.00,0.0,1,0,26,27,6,2026
144820,2026-06-27 02:00:00.000,H24,MISSION BERMUDES,1.00,0.00,0.0,2,0,26,27,6,2026
144839,2026-06-27 03:00:00.000,H24,MISSION BERMUDES,1.00,0.00,0.0,3,0,26,27,6,2026
144858,2026-06-27 04:00:00.000,H24,MISSION BERMUDES,1.00,0.00,0.0,4,0,26,27,6,2026
144877,2026-06-27 05:00:00.000,H24,MISSION BERMUDES,1.00,0.00,0.0,5,0,26,27,6,2026
144896,2026-06-27 06:00:00.000,H24,MISSION BERMUDES,1.00,0.00,0.0,6,0,26,27,6,2026
149943,2026-07-02 07:00:00.000,H24,MISSION BERMUDES,0.00,0.00,0.0,7,0,27,2,7,2026
149965,2026-07-02 08:00:00.000,H24,MISSION BERMUDES,0.00,0.00,0.0,8,0,27,2,7,2026
149987,2026-07-02 09:00:00.000,H24,MISSION BERMUDES,0.00,0.00,0.0,9,0,27,2,7,2026
150010,2026-07-02 10:00:00.000,H24,MISSION BERMUDES,0.00,1.00,1.0,10,0,27,2,7,2026
150033,2026-07-02 11:00:00.000,H24,MISSION BERMUDES,0.00,1.00,1.0,11,0,27,2,7,2026
150056,2026-07-02 12:00:00.000,H24,MISSION BERMUDES,0.00,1.00,1.0,12,0,27,2,7,2026
150079,2026-07-02 13:00:00.000,H24,MISSION BERMUDES,0.00,1.00,1.0,13,0,27,2,7,2026
150102,2026-07-02 14:00:00.000,H24,MISSION BERMUDES,0.00,1.00,1.0,14,0,27,2,7,2026
150125,2026-07-02 15:00:00.000,H24,MISSION BERMUDES,0.00,1.00,1.0,15,0,27,2,7,2026
150148,2026-07-02 16:00:00.000,H24,MISSION BERMUDES,0.00,1.00,1.0,16,0,27,2,7,2026
150171,2026-07-02 17:00:00.000,H24,MISSION BERMUDES,0.00,1.00,1.0,17,0,27,2,7,2026
150194,2026-07-02 18:00:00.000,H24,MISSION BERMUDES,0.30,1.00,0.7,18,0,27,2,7,2026
150217,2026-07-02 19:00:00.000,H24,MISSION BERMUDES,0.95,1.00,0.05,19,0,27,2,7,2026
150240,2026-07-02 20:00:00.000,H24,MISSION BERMUDES,0.00,1.00,1.0,20,0,27,2,7,2026
150263,2026-07-02 21:00:00.000,H24,MISSION BERMUDES,0.00,1.00,1.0,21,0,27,2,7,2026
150286,2026-07-02 22:00:00.000,H24,MISSION BERMUDES,0.00,0.05,0.05,22,0,27,2,7,2026
150810,2026-07-02 23:00:00.000,H24,MISSION BERMUDES,0.00,0.00,0.0,23,0,27,2,7,2026
150833,2026-07-03 00:00:00.000,H24,MISSION BERMUDES,0.00,0.00,0.0,0,0,27,3,7,2026
150856,2026-07-03 01:00:00.000,H24,MISSION BERMUDES,0.00,0.00,0.0,1,0,27,3,7,2026
150879,2026-07-03 02:00:00.000,H24,MISSION BERMUDES,0.00,0.00,0.0,2,0,27,3,7,2026
150902,2026-07-03 03:00:00.000,H24,MISSION BERMUDES,0.00,0.00,0.0,3,0,27,3,7,2026
150925,2026-07-03 04:00:00.000,H24,MISSION BERMUDES,0.00,0.00,0.0,4,0,27,3,7,2026
150948,2026-07-03 05:00:00.000,H24,MISSION BERMUDES,0.00,0.00,0.0,5,0,27,3,7,2026
150971,2026-07-03 06:00:00.000,H24,MISSION BERMUDES,0.00,0.00,0.0,6,0,27,3,7,2026
150994,2026-07-03 07:00:00.000,H24,MISSION BERMUDES,0.00,0.00,0.0,7,0,27,3,7,2026
151017,2026-07-03 08:00:00.000,H24,MISSION BERMUDES,0.00,0.00,0.0,8,0,27,3,7,2026
151040,2026-07-03 09:00:00.000,H24,MISSION BERMUDES,0.00,0.00,0.0,9,0,27,3,7,2026
151063,2026-07-03 10:00:00.000,H24,MISSION BERMUDES,0.00,1.00,1.0,10,0,27,3,7,2026
151086,2026-07-03 11:00:00.000,H24,MISSION BERMUDES,0.50,1.00,0.5,11,0,27,3,7,2026
151109,2026-07-03 12:00:00.000,H24,MISSION BERMUDES,0.00,1.00,1.0,12,0,27,3,7,2026
151132,2026-07-03 13:00:00.000,H24,MISSION BERMUDES,0.00,1.00,1.0,13,0,27,3,7,2026
151155,2026-07-03 14:00:00.000,H24,MISSION BERMUDES,0.00,1.00,1.0,14,0,27,3,7,2026
151178,2026-07-03 15:00:00.000,H24,MISSION BERMUDES,0.00,1.00,1.0,15,0,27,3,7,2026
151201,2026-07-03 16:00:00.000,H24,MISSION BERMUDES,0.00,1.00,1.0,16,0,27,3,7,2026
151224,2026-07-03 17:00:00.000,H24,MISSION BERMUDES,0.00,1.00,1.0,17,0,27,3,7,2026
151247,2026-07-03 18:00:00.000,H24,MISSION BERMUDES,0.00,1.00,1.0,18,0,27,3,7,2026
151270,2026-07-03 19:00:00.000,H24,MISSION BERMUDES,0.40,1.00,0.6,19,0,27,3,7,2026
151293,2026-07-03 20:00:00.000,H24,MISSION BERMUDES,0.00,1.00,1.0,20,0,27,3,7,2026
151817,2026-07-03 21:00:00.000,H24,MISSION BERMUDES,0.00,1.00,1.0,21,0,27,3,7,2026
151840,2026-07-03 22:00:00.000,H24,MISSION BERMUDES,0.00,0.00,0.0,22,0,27,3,7,2026
151863,2026-07-03 23:00:00.000,H24,MISSION BERMUDES,0.00,0.00,0.0,23,0,27,3,7,2026
151886,2026-07-04 00:00:00.000,H24,MISSION BERMUDES,0.00,0.00,0.0,0,0,27,4,7,2026
151909,2026-07-04 01:00:00.000,H24,MISSION BERMUDES,0.00,0.00,0.0,1,0,27,4,7,2026
151932,2026-07-04 02:00:00.000,H24,MISSION BERMUDES,0.00,0.00,0.0,2,0,27,4,7,2026
151955,2026-07-04 03:00:00.000,H24,MISSION BERMUDES,0.00,0.00,0.0,3,0,27,4,7,2026
151978,2026-07-04 04:00:00.000,H24,MISSION BERMUDES,0.00,0.00,0.0,4,0,27,4,7,2026
152001,2026-07-04 05:00:00.000,H24,MISSION BERMUDES,0.00,0.00,0.0,5,0,27,4,7,2026
152024,2026-07-04 06:00:00.000,H24,MISSION BERMUDES,0.00,0.00,0.0,6,0,27,4,7,2026
152048,2026-07-04 07:00:00.000,H24,MISSION BERMUDES,0.00,0.00,0.0,7,0,27,4,7,2026
152071,2026-07-04 08:00:00.000,H24,MISSION BERMUDES,0.00,0.00,0.0,8,0,27,4,7,2026
152094,2026-07-04 09:00:00.000,H24,MISSION BERMUDES,0.00,0.00,0.0,9,0,27,4,7,2026
152117,2026-07-04 10:00:00.000,H24,MISSION BERMUDES,0.00,1.00,1.0,10,0,27,4,7,2026
152141,2026-07-04 11:00:00.000,H24,MISSION BERMUDES,0.15,1.00,0.85,11,0,27,4,7,2026
152165,2026-07-04 12:00:00.000,H24,MISSION BERMUDES,0.00,1.00,1.0,12,0,27,4,7,2026
152189,2026-07-04 13:00:00.000,H24,MISSION BERMUDES,0.00,1.00,1.0,13,0,27,4,7,2026
152213,2026-07-04 14:00:00.000,H24,MISSION BERMUDES,0.00,1.00,1.0,14,0,27,4,7,2026
152237,2026-07-04 15:00:00.000,H24,MISSION BERMUDES,0.00,1.00,1.0,15,0,27,4,7,2026
152261,2026-07-04 16:00:00.000,H24,MISSION BERMUDES,0.00,1.00,1.0,16,0,27,4,7,2026
152285,2026-07-04 17:00:00.000,H24,MISSION BERMUDES,0.20,1.00,0.8,17,0,27,4,7,2026
152810,2026-07-04 18:00:00.000,H24,MISSION BERMUDES,0.00,1.00,1.0,18,0,27,4,7,2026
152834,2026-07-04 19:00:00.000,H24,MISSION BERMUDES,0.40,1.00,0.6,19,0,27,4,7,2026
152858,2026-07-04 20:00:00.000,H24,MISSION BERMUDES,0.25,1.00,0.75,20,0,27,4,7,2026
152882,2026-07-04 21:00:00.000,H24,MISSION BERMUDES,0.40,1.00,0.6,21,0,27,4,7,2026
152906,2026-07-04 22:00:00.000,H24,MISSION BERMUDES,0.00,0.05,0.05,22,0,27,4,7,2026
152930,2026-07-04 23:00:00.000,H24,MISSION BERMUDES,0.00,0.00,0.0,23,0,27,4,7,2026
152954,2026-07-05 00:00:00.000,H24,MISSION BERMUDES,0.00,0.00,0.0,0,0,28,5,7,2026
152978,2026-07-05 01:00:00.000,H24,MISSION BERMUDES,0.00,0.00,0.0,1,0,28,5,7,2026
153002,2026-07-05 02:00:00.000,H24,MISSION BERMUDES,0.00,0.00,0.0,2,0,28,5,7,2026
153026,2026-07-05 03:00:00.000,H24,MISSION BERMUDES,0.00,0.00,0.0,3,0,28,5,7,2026
153050,2026-07-05 04:00:00.000,H24,MISSION BERMUDES,0.00,0.00,0.0,4,0,28,5,7,2026
153074,2026-07-05 05:00:00.000,H24,MISSION BERMUDES,0.00,0.00,0.0,5,0,28,5,7,2026
153098,2026-07-05 06:00:00.000,H24,MISSION BERMUDES,0.00,0.00,0.0,6,0,28,5,7,2026
153122,2026-07-05 07:00:00.000,H24,MISSION BERMUDES,0.00,0.00,0.0,7,0,28,5,7,2026
153146,2026-07-05 08:00:00.000,H24,MISSION BERMUDES,0.00,0.00,0.0,8,0,28,5,7,2026
153170,2026-07-05 09:00:00.000,H24,MISSION BERMUDES,0.00,0.00,0.0,9,0,28,5,7,2026
153194,2026-07-05 10:00:00.000,H24,MISSION BERMUDES,0.00,1.00,1.0,10,0,28,5,7,2026
153218,2026-07-05 11:00:00.000,H24,MISSION BERMUDES,0.00,1.00,1.0,11,0,28,5,7,2026
153242,2026-07-05 12:00:00.000,H24,MISSION BERMUDES,0.00,1.00,1.0,12,0,28,5,7,2026
153266,2026-07-05 13:00:00.000,H24,MISSION BERMUDES,0.30,1.00,0.7,13,0,28,5,7,2026
153290,2026-07-05 14:00:00.000,H24,MISSION BERMUDES,0.20,1.00,0.8,14,0,28,5,7,2026
153815,2026-07-05 15:00:00.000,H24,MISSION BERMUDES,0.65,1.00,0.35,15,0,28,5,7,2026
153839,2026-07-05 16:00:00.000,H24,MISSION BERMUDES,1.00,1.00,0.0,16,0,28,5,7,2026
153863,2026-07-05 17:00:00.000,H24,MISSION BERMUDES,1.00,0.30,0.0,17,0,28,5,7,2026
153887,2026-07-05 18:00:00.000,H24,MISSION BERMUDES,1.00,0.00,0.0,18,0,28,5,7,2026
153911,2026-07-05 19:00:00.000,H24,MISSION BERMUDES,1.00,0.00,0.0,19,0,28,5,7,2026
153935,2026-07-05 20:00:00.000,H24,MISSION BERMUDES,1.00,0.00,0.0,20,0,28,5,7,2026
153959,2026-07-05 21:00:00.000,H24,MISSION BERMUDES,1.00,0.00,0.0,21,0,28,5,7,2026
153983,2026-07-05 22:00:00.000,H24,MISSION BERMUDES,1.00,0.00,0.0,22,0,28,5,7,2026
154007,2026-07-05 23:00:00.000,H24,MISSION BERMUDES,1.00,0.00,0.0,23,0,28,5,7,2026
154031,2026-07-06 00:00:00.000,H24,MISSION BERMUDES,1.00,0.00,0.0,0,0,28,6,7,2026
154055,2026-07-06 01:00:00.000,H24,MISSION BERMUDES,1.00,0.00,0.0,1,0,28,6,7,2026
154079,2026-07-06 02:00:00.000,H24,MISSION BERMUDES,1.00,0.00,0.0,2,0,28,6,7,2026
154103,2026-07-06 03:00:00.000,H24,MISSION BERMUDES,1.00,0.00,0.0,3,0,28,6,7,2026
154127,2026-07-06 04:00:00.000,H24,MISSION BERMUDES,1.00,0.00,0.0,4,0,28,6,7,2026
154151,2026-07-06 05:00:00.000,H24,MISSION BERMUDES,1.00,0.00,0.0,5,0,28,6,7,2026
154175,2026-07-06 06:00:00.000,H24,MISSION BERMUDES,1.00,0.00,0.0,6,0,28,6,7,2026
155252,2026-07-07 07:00:00.000,H24,MISSION BERMUDES,1.00,0.00,0.0,7,0,28,7,7,2026
155276,2026-07-07 08:00:00.000,H24,MISSION BERMUDES,1.00,0.00,0.0,8,0,28,7,7,2026
155300,2026-07-07 09:00:00.000,H24,MISSION BERMUDES,1.00,0.00,0.0,9,0,28,7,7,2026
155825,2026-07-07 10:00:00.000,H24,MISSION BERMUDES,0.25,1.00,0.75,10,0,28,7,7,2026
155849,2026-07-07 11:00:00.000,H24,MISSION BERMUDES,0.00,1.00,1.0,11,0,28,7,7,2026
155873,2026-07-07 12:00:00.000,H24,MISSION BERMUDES,0.00,1.00,1.0,12,0,28,7,7,2026
155897,2026-07-07 13:00:00.000,H24,MISSION BERMUDES,0.00,1.00,1.0,13,0,28,7,7,2026
155921,2026-07-07 14:00:00.000,H24,MISSION BERMUDES,0.00,1.00,1.0,14,0,28,7,7,2026
155945,2026-07-07 15:00:00.000,H24,MISSION BERMUDES,0.90,1.00,0.1,15,0,28,7,7,2026
155969,2026-07-07 16:00:00.000,H24,MISSION BERMUDES,1.00,1.00,0.0,16,0,28,7,7,2026
155993,2026-07-07 17:00:00.000,H24,MISSION BERMUDES,0.35,1.00,0.65,17,0,28,7,7,2026
156017,2026-07-07 18:00:00.000,H24,MISSION BERMUDES,0.75,1.00,0.25,18,0,28,7,7,2026
156041,2026-07-07 19:00:00.000,H24,MISSION BERMUDES,1.00,1.00,0.0,19,0,28,7,7,2026
156065,2026-07-07 20:00:00.000,H24,MISSION BERMUDES,1.00,1.00,0.0,20,0,28,7,7,2026
156089,2026-07-07 21:00:00.000,H24,MISSION BERMUDES,0.25,1.00,0.75,21,0,28,7,7,2026
156113,2026-07-07 22:00:00.000,H24,MISSION BERMUDES,0.00,0.25,0.25,22,0,28,7,7,2026
156137,2026-07-07 23:00:00.000,H24,MISSION BERMUDES,0.00,0.00,0.0,23,0,28,7,7,2026
156161,2026-07-08 00:00:00.000,H24,MISSION BERMUDES,0.00,0.00,0.0,0,0,28,8,7,2026
156185,2026-07-08 01:00:00.000,H24,MISSION BERMUDES,0.00,0.00,0.0,1,0,28,8,7,2026
156209,2026-07-08 02:00:00.000,H24,MISSION BERMUDES,0.00,0.00,0.0,2,0,28,8,7,2026
156233,2026-07-08 03:00:00.000,H24,MISSION BERMUDES,0.00,0.00,0.0,3,0,28,8,7,2026
156257,2026-07-08 04:00:00.000,H24,MISSION BERMUDES,0.00,0.00,0.0,4,0,28,8,7,2026
156281,2026-07-08 05:00:00.000,H24,MISSION BERMUDES,0.00,0.00,0.0,5,0,28,8,7,2026
156305,2026-07-08 06:00:00.000,H24,MISSION BERMUDES,0.00,0.00,0.0,6,0,28,8,7,2026
156830,2026-07-08 07:00:00.000,H24,MISSION BERMUDES,0.00,0.00,0.0,7,0,28,8,7,2026
156854,2026-07-08 08:00:00.000,H24,MISSION BERMUDES,0.00,0.00,0.0,8,0,28,8,7,2026
156878,2026-07-08 09:00:00.000,H24,MISSION BERMUDES,0.00,0.00,0.0,9,0,28,8,7,2026
156902,2026-07-08 10:00:00.000,H24,MISSION BERMUDES,0.20,1.00,0.8,10,0,28,8,7,2026
156926,2026-07-08 11:00:00.000,H24,MISSION BERMUDES,0.00,1.00,1.0,11,0,28,8,7,2026
156950,2026-07-08 12:00:00.000,H24,MISSION BERMUDES,0.00,1.00,1.0,12,0,28,8,7,2026
156974,2026-07-08 13:00:00.000,H24,MISSION BERMUDES,0.15,1.00,0.85,13,0,28,8,7,2026
156998,2026-07-08 14:00:00.000,H24,MISSION BERMUDES,0.20,1.00,0.8,14,0,28,8,7,2026
157022,2026-07-08 15:00:00.000,H24,MISSION BERMUDES,0.90,1.00,0.1,15,0,28,8,7,2026
157046,2026-07-08 16:00:00.000,H24,MISSION BERMUDES,1.00,1.00,0.0,16,0,28,8,7,2026
157070,2026-07-08 17:00:00.000,H24,MISSION BERMUDES,1.00,1.00,0.0,17,0,28,8,7,2026
157094,2026-07-08 18:00:00.000,H24,MISSION BERMUDES,1.00,1.00,0.0,18,0,28,8,7,2026
157118,2026-07-08 19:00:00.000,H24,MISSION BERMUDES,1.00,1.00,0.0,19,0,28,8,7,2026
157142,2026-07-08 20:00:00.000,H24,MISSION BERMUDES,1.00,1.00,0.0,20,0,28,8,7,2026
157166,2026-07-08 21:00:00.000,H24,MISSION BERMUDES,1.00,1.00,0.0,21,0,28,8,7,2026
157190,2026-07-08 22:00:00.000,H24,MISSION BERMUDES,1.00,0.25,0.0,22,0,28,8,7,2026
157214,2026-07-08 23:00:00.000,H24,MISSION BERMUDES,1.00,0.00,0.0,23,0,28,8,7,2026
157238,2026-07-09 00:00:00.000,H24,MISSION BERMUDES,1.00,0.00,0.0,0,0,28,9,7,2026
157262,2026-07-09 01:00:00.000,H24,MISSION BERMUDES,1.00,0.00,0.0,1,0,28,9,7,2026
157286,2026-07-09 02:00:00.000,H24,MISSION BERMUDES,1.00,0.00,0.0,2,0,28,9,7,2026
157310,2026-07-09 03:00:00.000,H24,MISSION BERMUDES,1.00,0.00,0.0,3,0,28,9,7,2026
157835,2026-07-09 04:00:00.000,H24,MISSION BERMUDES,1.00,0.00,0.0,4,0,28,9,7,2026
157859,2026-07-09 05:00:00.000,H24,MISSION BERMUDES,1.00,0.00,0.0,5,0,28,9,7,2026
157883,2026-07-09 06:00:00.000,H24,MISSION BERMUDES,1.00,0.00,0.0,6,0,28,9,7,2026
157907,2026-07-09 07:00:00.000,H24,MISSION BERMUDES,1.00,0.00,0.0,7,0,28,9,7,2026
157931,2026-07-09 08:00:00.000,H24,MISSION BERMUDES,1.00,0.00,0.0,8,0,28,9,7,2026
157955,2026-07-09 09:00:00.000,H24,MISSION BERMUDES,1.00,0.00,0.0,9,0,28,9,7,2026
157979,2026-07-09 10:00:00.000,H24,MISSION BERMUDES,1.00,1.00,0.0,10,0,28,9,7,2026
158003,2026-07-09 11:00:00.000,H24,MISSION BERMUDES,0.95,1.00,0.05,11,0,28,9,7,2026
158027,2026-07-09 12:00:00.000,H24,MISSION BERMUDES,0.00,1.00,1.0,12,0,28,9,7,2026
158051,2026-07-09 13:00:00.000,H24,MISSION BERMUDES,0.00,1.00,1.0,13,0,28,9,7,2026
158075,2026-07-09 14:00:00.000,H24,MISSION BERMUDES,0.00,1.00,1.0,14,0,28,9,7,2026
158099,2026-07-09 15:00:00.000,H24,MISSION BERMUDES,0.00,1.00,1.0,15,0,28,9,7,2026
158123,2026-07-09 16:00:00.000,H24,MISSION BERMUDES,0.00,1.00,1.0,16,0,28,9,7,2026
158147,2026-07-09 17:00:00.000,H24,MISSION BERMUDES,0.00,1.00,1.0,17,0,28,9,7,2026
158171,2026-07-09 18:00:00.000,H24,MISSION BERMUDES,0.00,1.00,1.0,18,0,28,9,7,2026
158195,2026-07-09 19:00:00.000,H24,MISSION BERMUDES,0.00,1.00,1.0,19,0,28,9,7,2026
158219,2026-07-09 20:00:00.000,H24,MISSION BERMUDES,0.00,1.00,1.0,20,0,28,9,7,2026
158243,2026-07-09 21:00:00.000,H24,MISSION BERMUDES,0.00,1.00,1.0,21,0,28,9,7,2026
158267,2026-07-09 22:00:00.000,H24,MISSION BERMUDES,0.00,0.30,0.3,22,0,28,9,7,2026
158291,2026-07-09 23:00:00.000,H24,MISSION BERMUDES,0.00,0.00,0.0,23,0,28,9,7,2026
158315,2026-07-10 00:00:00.000,H24,MISSION BERMUDES,0.00,0.00,0.0,0,0,28,10,7,2026
158840,2026-07-10 01:00:00.000,H24,MISSION BERMUDES,0.00,0.00,0.0,1,0,28,10,7,2026
158864,2026-07-10 02:00:00.000,H24,MISSION BERMUDES,0.00,0.00,0.0,2,0,28,10,7,2026
158888,2026-07-10 03:00:00.000,H24,MISSION BERMUDES,0.00,0.00,0.0,3,0,28,10,7,2026
158912,2026-07-10 04:00:00.000,H24,MISSION BERMUDES,0.00,0.00,0.0,4,0,28,10,7,2026
158936,2026-07-10 05:00:00.000,H24,MISSION BERMUDES,0.00,0.00,0.0,5,0,28,10,7,2026
158960,2026-07-10 06:00:00.000,H24,MISSION BERMUDES,0.00,0.00,0.0,6,0,28,10,7,2026
158984,2026-07-10 07:00:00.000,H24,MISSION BERMUDES,0.00,0.00,0.0,7,0,28,10,7,2026
159008,2026-07-10 08:00:00.000,H24,MISSION BERMUDES,0.00,0.00,0.0,8,0,28,10,7,2026
159032,2026-07-10 09:00:00.000,H24,MISSION BERMUDES,0.00,0.00,0.0,9,0,28,10,7,2026
159056,2026-07-10 10:00:00.000,H24,MISSION BERMUDES,0.20,1.00,0.8,10,0,28,10,7,2026
159080,2026-07-10 11:00:00.000,H24,MISSION BERMUDES,0.15,1.00,0.85,11,0,28,10,7,2026
159104,2026-07-10 12:00:00.000,H24,MISSION BERMUDES,0.00,1.00,1.0,12,0,28,10,7,2026
159128,2026-07-10 13:00:00.000,H24,MISSION BERMUDES,0.20,1.00,0.8,13,0,28,10,7,2026
159152,2026-07-10 14:00:00.000,H24,MISSION BERMUDES,0.55,1.00,0.45,14,0,28,10,7,2026
159176,2026-07-10 15:00:00.000,H24,MISSION BERMUDES,0.20,1.00,0.8,15,0,28,10,7,2026
159200,2026-07-10 16:00:00.000,H24,MISSION BERMUDES,0.15,1.00,0.85,16,0,28,10,7,2026
159224,2026-07-10 17:00:00.000,H24,MISSION BERMUDES,0.40,1.00,0.6,17,0,28,10,7,2026
159248,2026-07-10 18:00:00.000,H24,MISSION BERMUDES,0.30,1.00,0.7,18,0,28,10,7,2026
159272,2026-07-10 19:00:00.000,H24,MISSION BERMUDES,0.00,1.00,1.0,19,0,28,10,7,2026
159296,2026-07-10 20:00:00.000,H24,MISSION BERMUDES,0.00,1.00,1.0,20,0,28,10,7,2026
159821,2026-07-10 21:00:00.000,H24,MISSION BERMUDES,0.00,1.00,1.0,21,0,28,10,7,2026
159845,2026-07-10 22:00:00.000,H24,MISSION BERMUDES,0.00,0.25,0.25,22,0,28,10,7,2026
159869,2026-07-10 23:00:00.000,H24,MISSION BERMUDES,0.00,0.00,0.0,23,0,28,10,7,2026
159893,2026-07-11 00:00:00.000,H24,MISSION BERMUDES,0.00,0.00,0.0,0,0,28,11,7,2026
159917,2026-07-11 01:00:00.000,H24,MISSION BERMUDES,0.00,0.00,0.0,1,0,28,11,7,2026
159941,2026-07-11 02:00:00.000,H24,MISSION BERMUDES,0.00,0.00,0.0,2,0,28,11,7,2026
159965,2026-07-11 03:00:00.000,H24,MISSION BERMUDES,0.00,0.00,0.0,3,0,28,11,7,2026
159989,2026-07-11 04:00:00.000,H24,MISSION BERMUDES,0.00,0.00,0.0,4,0,28,11,7,2026
160013,2026-07-11 05:00:00.000,H24,MISSION BERMUDES,0.00,0.00,0.0,5,0,28,11,7,2026
160037,2026-07-11 06:00:00.000,H24,MISSION BERMUDES,0.00,0.00,0.0,6,0,28,11,7,2026
160061,2026-07-11 07:00:00.000,H24,MISSION BERMUDES,0.00,0.00,0.0,7,0,28,11,7,2026
160085,2026-07-11 08:00:00.000,H24,MISSION BERMUDES,0.00,0.00,0.0,8,0,28,11,7,2026
160109,2026-07-11 09:00:00.000,H24,MISSION BERMUDES,0.00,0.00,0.0,9,0,28,11,7,2026
160133,2026-07-11 10:00:00.000,H24,MISSION BERMUDES,0.75,1.00,0.25,10,0,28,11,7,2026
160157,2026-07-11 11:00:00.000,H24,MISSION BERMUDES,0.00,1.00,1.0,11,0,28,11,7,2026
160181,2026-07-11 12:00:00.000,H24,MISSION BERMUDES,0.00,1.00,1.0,12,0,28,11,7,2026
160205,2026-07-11 13:00:00.000,H24,MISSION BERMUDES,0.00,1.00,1.0,13,0,28,11,7,2026
160229,2026-07-11 14:00:00.000,H24,MISSION BERMUDES,0.00,1.00,1.0,14,0,28,11,7,2026
160253,2026-07-11 15:00:00.000,H24,MISSION BERMUDES,0.70,1.00,0.3,15,0,28,11,7,2026
160277,2026-07-11 16:00:00.000,H24,MISSION BERMUDES,0.85,1.00,0.15,16,0,28,11,7,2026
160301,2026-07-11 17:00:00.000,H24,MISSION BERMUDES,0.00,1.00,1.0,17,0,28,11,7,2026
160826,2026-07-11 18:00:00.000,H24,MISSION BERMUDES,0.00,1.00,1.0,18,0,28,11,7,2026
160850,2026-07-11 19:00:00.000,H24,MISSION BERMUDES,0.00,1.00,1.0,19,0,28,11,7,2026
160874,2026-07-11 20:00:00.000,H24,MISSION BERMUDES,0.00,1.00,1.0,20,0,28,11,7,2026
160898,2026-07-11 21:00:00.000,H24,MISSION BERMUDES,0.00,1.00,1.0,21,0,28,11,7,2026
160922,2026-07-11 22:00:00.000,H24,MISSION BERMUDES,0.00,0.25,0.25,22,0,28,11,7,2026
160946,2026-07-11 23:00:00.000,H24,MISSION BERMUDES,0.00,0.00,0.0,23,0,28,11,7,2026
160970,2026-07-12 00:00:00.000,H24,MISSION BERMUDES,0.00,0.00,0.0,0,0,29,12,7,2026
160994,2026-07-12 01:00:00.000,H24,MISSION BERMUDES,0.00,0.00,0.0,1,0,29,12,7,2026
161018,2026-07-12 02:00:00.000,H24,MISSION BERMUDES,0.00,0.00,0.0,2,0,29,12,7,2026
161042,2026-07-12 03:00:00.000,H24,MISSION BERMUDES,0.00,0.00,0.0,3,0,29,12,7,2026
161066,2026-07-12 04:00:00.000,H24,MISSION BERMUDES,0.00,0.00,0.0,4,0,29,12,7,2026
161090,2026-07-12 05:00:00.000,H24,MISSION BERMUDES,0.00,0.00,0.0,5,0,29,12,7,2026
161114,2026-07-12 06:00:00.000,H24,MISSION BERMUDES,0.00,0.00,0.0,6,0,29,12,7,2026
161138,2026-07-12 07:00:00.000,H24,MISSION BERMUDES,0.00,0.00,0.0,7,0,29,12,7,2026
161162,2026-07-12 08:00:00.000,H24,MISSION BERMUDES,0.00,0.00,0.0,8,0,29,12,7,2026
161186,2026-07-12 09:00:00.000,H24,MISSION BERMUDES,0.00,0.00,0.0,9,0,29,12,7,2026
161210,2026-07-12 10:00:00.000,H24,MISSION BERMUDES,0.00,1.00,1.0,10,0,29,12,7,2026
161234,2026-07-12 11:00:00.000,H24,MISSION BERMUDES,0.00,1.00,1.0,11,0,29,12,7,2026
161258,2026-07-12 12:00:00.000,H24,MISSION BERMUDES,0.00,1.00,1.0,12,0,29,12,7,2026
161282,2026-07-12 13:00:00.000,H24,MISSION BERMUDES,0.05,1.00,0.95,13,0,29,12,7,2026
161306,2026-07-12 14:00:00.000,H24,MISSION BERMUDES,0.00,1.00,1.0,14,0,29,12,7,2026
161831,2026-07-12 15:00:00.000,H24,MISSION BERMUDES,0.25,1.00,0.75,15,0,29,12,7,2026
161855,2026-07-12 16:00:00.000,H24,MISSION BERMUDES,1.00,1.00,0.0,16,0,29,12,7,2026
161879,2026-07-12 17:00:00.000,H24,MISSION BERMUDES,1.00,1.00,0.0,17,0,29,12,7,2026
161903,2026-07-12 18:00:00.000,H24,MISSION BERMUDES,1.00,1.00,0.0,18,0,29,12,7,2026
161927,2026-07-12 19:00:00.000,H24,MISSION BERMUDES,0.95,1.00,0.05,19,0,29,12,7,2026
161951,2026-07-12 20:00:00.000,H24,MISSION BERMUDES,0.00,1.00,1.0,20,0,29,12,7,2026
161975,2026-07-12 21:00:00.000,H24,MISSION BERMUDES,0.00,1.00,1.0,21,0,29,12,7,2026
161999,2026-07-12 22:00:00.000,H24,MISSION BERMUDES,0.00,0.25,0.25,22,0,29,12,7,2026
162023,2026-07-12 23:00:00.000,H24,MISSION BERMUDES,0.00,0.00,0.0,23,0,29,12,7,2026
162047,2026-07-13 00:00:00.000,H24,MISSION BERMUDES,0.00,0.00,0.0,0,0,29,13,7,2026
162071,2026-07-13 01:00:00.000,H24,MISSION BERMUDES,0.00,0.00,0.0,1,0,29,13,7,2026
162095,2026-07-13 02:00:00.000,H24,MISSION BERMUDES,0.00,0.00,0.0,2,0,29,13,7,2026
162119,2026-07-13 03:00:00.000,H24,MISSION BERMUDES,0.00,0.00,0.0,3,0,29,13,7,2026
162143,2026-07-13 04:00:00.000,H24,MISSION BERMUDES,0.00,0.00,0.0,4,0,29,13,7,2026
162167,2026-07-13 05:00:00.000,H24,MISSION BERMUDES,0.00,0.00,0.0,5,0,29,13,7,2026
162191,2026-07-13 06:00:00.000,H24,MISSION BERMUDES,0.00,0.00,0.0,6,0,29,13,7,2026
162214,2026-07-13 07:00:00.000,H24,MISSION BERMUDES,0.00,0.00,0.0,7,0,29,13,7,2026
162238,2026-07-13 08:00:00.000,H24,MISSION BERMUDES,0.00,0.00,0.0,8,0,29,13,7,2026
162262,2026-07-13 09:00:00.000,H24,MISSION BERMUDES,0.20,0.00,0.0,9,0,29,13,7,2026
162286,2026-07-13 10:00:00.000,H24,MISSION BERMUDES,0.80,1.00,0.2,10,0,29,13,7,2026
162310,2026-07-13 11:00:00.000,H24,MISSION BERMUDES,0.00,1.00,1.0,11,0,29,13,7,2026
162835,2026-07-13 12:00:00.000,H24,MISSION BERMUDES,0.00,1.00,1.0,12,0,29,13,7,2026
162859,2026-07-13 13:00:00.000,H24,MISSION BERMUDES,0.00,1.00,1.0,13,0,29,13,7,2026
162883,2026-07-13 14:00:00.000,H24,MISSION BERMUDES,0.35,1.00,0.65,14,0,29,13,7,2026
162907,2026-07-13 15:00:00.000,H24,MISSION BERMUDES,0.75,1.00,0.25,15,0,29,13,7,2026
162931,2026-07-13 16:00:00.000,H24,MISSION BERMUDES,1.00,1.00,0.0,16,0,29,13,7,2026
162955,2026-07-13 17:00:00.000,H24,MISSION BERMUDES,0.80,1.00,0.2,17,0,29,13,7,2026
162979,2026-07-13 18:00:00.000,H24,MISSION BERMUDES,0.00,1.00,1.0,18,0,29,13,7,2026
163003,2026-07-13 19:00:00.000,H24,MISSION BERMUDES,0.00,1.00,1.0,19,0,29,13,7,2026
163027,2026-07-13 20:00:00.000,H24,MISSION BERMUDES,0.00,1.00,1.0,20,0,29,13,7,2026
163051,2026-07-13 21:00:00.000,H24,MISSION BERMUDES,0.00,1.00,1.0,21,0,29,13,7,2026
163075,2026-07-13 22:00:00.000,H24,MISSION BERMUDES,0.00,0.00,0.0,22,0,29,13,7,2026
163099,2026-07-13 23:00:00.000,H24,MISSION BERMUDES,0.00,0.00,0.0,23,0,29,13,7,2026
163123,2026-07-14 00:00:00.000,H24,MISSION BERMUDES,0.00,0.00,0.0,0,0,29,14,7,2026
163147,2026-07-14 01:00:00.000,H24,MISSION BERMUDES,0.00,0.00,0.0,1,0,29,14,7,2026
163171,2026-07-14 02:00:00.000,H24,MISSION BERMUDES,0.00,0.00,0.0,2,0,29,14,7,2026
163195,2026-07-14 03:00:00.000,H24,MISSION BERMUDES,0.00,0.00,0.0,3,0,29,14,7,2026
163219,2026-07-14 04:00:00.000,H24,MISSION BERMUDES,0.00,0.00,0.0,4,0,29,14,7,2026
163243,2026-07-14 05:00:00.000,H24,MISSION BERMUDES,0.00,0.00,0.0,5,0,29,14,7,2026
163267,2026-07-14 06:00:00.000,H24,MISSION BERMUDES,0.00,0.00,0.0,6,0,29,14,7,2026
163291,2026-07-14 07:00:00.000,H24,MISSION BERMUDES,0.00,0.00,0.0,7,0,29,14,7,2026
163315,2026-07-14 08:00:00.000,H24,MISSION BERMUDES,0.00,0.00,0.0,8,0,29,14,7,2026
163840,2026-07-14 09:00:00.000,H24,MISSION BERMUDES,0.25,0.00,0.0,9,0,29,14,7,2026
163864,2026-07-14 10:00:00.000,H24,MISSION BERMUDES,0.75,1.00,0.25,10,0,29,14,7,2026
163888,2026-07-14 11:00:00.000,H24,MISSION BERMUDES,0.00,1.00,1.0,11,0,29,14,7,2026
163912,2026-07-14 12:00:00.000,H24,MISSION BERMUDES,0.00,1.00,1.0,12,0,29,14,7,2026
163936,2026-07-14 13:00:00.000,H24,MISSION BERMUDES,0.45,1.00,0.55,13,0,29,14,7,2026
163960,2026-07-14 14:00:00.000,H24,MISSION BERMUDES,0.40,1.00,0.6,14,0,29,14,7,2026
163984,2026-07-14 15:00:00.000,H24,MISSION BERMUDES,0.00,1.00,1.0,15,0,29,14,7,2026
164008,2026-07-14 16:00:00.000,H24,MISSION BERMUDES,0.00,1.00,1.0,16,0,29,14,7,2026
164032,2026-07-14 17:00:00.000,H24,MISSION BERMUDES,0.00,1.00,1.0,17,0,29,14,7,2026
164056,2026-07-14 18:00:00.000,H24,MISSION BERMUDES,0.00,1.00,1.0,18,0,29,14,7,2026
164080,2026-07-14 19:00:00.000,H24,MISSION BERMUDES,0.35,1.00,0.65,19,0,29,14,7,2026
164104,2026-07-14 20:00:00.000,H24,MISSION BERMUDES,0.00,1.00,1.0,20,0,29,14,7,2026
164128,2026-07-14 21:00:00.000,H24,MISSION BERMUDES,0.00,1.00,1.0,21,0,29,14,7,2026
164152,2026-07-14 22:00:00.000,H24,MISSION BERMUDES,0.00,0.00,0.0,22,0,29,14,7,2026
164176,2026-07-14 23:00:00.000,H24,MISSION BERMUDES,0.00,0.00,0.0,23,0,29,14,7,2026
164200,2026-07-15 00:00:00.000,H24,MISSION BERMUDES,0.00,0.00,0.0,0,0,29,15,7,2026
164224,2026-07-15 01:00:00.000,H24,MISSION BERMUDES,0.00,0.00,0.0,1,0,29,15,7,2026
164248,2026-07-15 02:00:00.000,H24,MISSION BERMUDES,0.00,0.00,0.0,2,0,29,15,7,2026
164272,2026-07-15 03:00:00.000,H24,MISSION BERMUDES,0.00,0.00,0.0,3,0,29,15,7,2026
164296,2026-07-15 04:00:00.000,H24,MISSION BERMUDES,0.00,0.00,0.0,4,0,29,15,7,2026
164320,2026-07-15 05:00:00.000,H24,MISSION BERMUDES,0.00,0.00,0.0,5,0,29,15,7,2026
164845,2026-07-15 06:00:00.000,H24,MISSION BERMUDES,0.00,0.00,0.0,6,0,29,15,7,2026
164868,2026-07-15 07:00:00.000,H24,MISSION BERMUDES,0.00,0.00,0.0,7,0,29,15,7,2026
164891,2026-07-15 08:00:00.000,H24,MISSION BERMUDES,0.00,0.00,0.0,8,0,29,15,7,2026
164914,2026-07-15 09:00:00.000,H24,MISSION BERMUDES,0.00,0.00,0.0,9,0,29,15,7,2026
164937,2026-07-15 10:00:00.000,H24,MISSION BERMUDES,0.45,1.00,0.55,10,0,29,15,7,2026
164961,2026-07-15 11:00:00.000,H24,MISSION BERMUDES,0.65,1.00,0.35,11,0,29,15,7,2026
164985,2026-07-15 12:00:00.000,H24,MISSION BERMUDES,1.00,1.00,0.0,12,0,29,15,7,2026
165009,2026-07-15 13:00:00.000,H24,MISSION BERMUDES,1.00,1.00,0.0,13,0,29,15,7,2026
165033,2026-07-15 14:00:00.000,H24,MISSION BERMUDES,1.00,1.00,0.0,14,0,29,15,7,2026
165057,2026-07-15 15:00:00.000,H24,MISSION BERMUDES,1.00,1.00,0.0,15,0,29,15,7,2026
165081,2026-07-15 16:00:00.000,H24,MISSION BERMUDES,0.70,1.00,0.3,16,0,29,15,7,2026
165105,2026-07-15 17:00:00.000,H24,MISSION BERMUDES,0.00,1.00,1.0,17,0,29,15,7,2026
165129,2026-07-15 18:00:00.000,H24,MISSION BERMUDES,0.00,1.00,1.0,18,0,29,15,7,2026
165153,2026-07-15 19:00:00.000,H24,MISSION BERMUDES,0.00,1.00,1.0,19,0,29,15,7,2026
165177,2026-07-15 20:00:00.000,H24,MISSION BERMUDES,0.00,1.00,1.0,20,0,29,15,7,2026
165201,2026-07-15 21:00:00.000,H24,MISSION BERMUDES,0.00,1.00,1.0,21,0,29,15,7,2026
165225,2026-07-15 22:00:00.000,H24,MISSION BERMUDES,0.00,0.00,0.0,22,0,29,15,7,2026
165249,2026-07-15 23:00:00.000,H24,MISSION BERMUDES,0.00,0.00,0.0,23,0,29,15,7,2026
165273,2026-07-16 00:00:00.000,H24,MISSION BERMUDES,0.00,0.00,0.0,0,0,29,16,7,2026
165297,2026-07-16 01:00:00.000,H24,MISSION BERMUDES,0.00,0.00,0.0,1,0,29,16,7,2026
165321,2026-07-16 02:00:00.000,H24,MISSION BERMUDES,0.00,0.00,0.0,2,0,29,16,7,2026
165846,2026-07-16 03:00:00.000,H24,MISSION BERMUDES,0.00,0.00,0.0,3,0,29,16,7,2026
165870,2026-07-16 04:00:00.000,H24,MISSION BERMUDES,0.00,0.00,0.0,4,0,29,16,7,2026
165894,2026-07-16 05:00:00.000,H24,MISSION BERMUDES,0.00,0.00,0.0,5,0,29,16,7,2026
165918,2026-07-16 06:00:00.000,H24,MISSION BERMUDES,0.00,0.00,0.0,6,0,29,16,7,2026
165942,2026-07-16 07:00:00.000,H24,MISSION BERMUDES,0.00,0.00,0.0,7,0,29,16,7,2026
165966,2026-07-16 08:00:00.000,H24,MISSION BERMUDES,0.00,0.00,0.0,8,0,29,16,7,2026
165990,2026-07-16 09:00:00.000,H24,MISSION BERMUDES,0.00,0.00,0.0,9,0,29,16,7,2026
166014,2026-07-16 10:00:00.000,H24,MISSION BERMUDES,0.00,1.00,1.0,10,0,29,16,7,2026
166038,2026-07-16 11:00:00.000,H24,MISSION BERMUDES,0.00,1.00,1.0,11,0,29,16,7,2026
166062,2026-07-16 12:00:00.000,H24,MISSION BERMUDES,0.00,1.00,1.0,12,0,29,16,7,2026
166086,2026-07-16 13:00:00.000,H24,MISSION BERMUDES,0.10,1.00,0.9,13,0,29,16,7,2026
166110,2026-07-16 14:00:00.000,H24,MISSION BERMUDES,0.20,1.00,0.8,14,0,29,16,7,2026
166134,2026-07-16 15:00:00.000,H24,MISSION BERMUDES,0.00,1.00,1.0,15,0,29,16,7,2026
166158,2026-07-16 16:00:00.000,H24,MISSION BERMUDES,0.70,1.00,0.3,16,0,29,16,7,2026
166182,2026-07-16 17:00:00.000,H24,MISSION BERMUDES,1.00,1.00,0.0,17,0,29,16,7,2026
166206,2026-07-16 18:00:00.000,H24,MISSION BERMUDES,0.45,1.00,0.55,18,0,29,16,7,2026
166230,2026-07-16 19:00:00.000,H24,MISSION BERMUDES,0.10,1.00,0.9,19,0,29,16,7,2026
166254,2026-07-16 20:00:00.000,H24,MISSION BERMUDES,0.90,1.00,0.1,20,0,29,16,7,2026
166278,2026-07-16 21:00:00.000,H24,MISSION BERMUDES,1.00,1.00,0.0,21,0,29,16,7,2026
166302,2026-07-16 22:00:00.000,H24,MISSION BERMUDES,1.00,0.05,0.0,22,0,29,16,7,2026
166326,2026-07-16 23:00:00.000,H24,MISSION BERMUDES,1.00,0.00,0.0,23,0,29,16,7,2026
166851,2026-07-17 00:00:00.000,H24,MISSION BERMUDES,1.00,0.00,0.0,0,0,29,17,7,2026
166875,2026-07-17 01:00:00.000,H24,MISSION BERMUDES,1.00,0.00,0.0,1,0,29,17,7,2026
166899,2026-07-17 02:00:00.000,H24,MISSION BERMUDES,1.00,0.00,0.0,2,0,29,17,7,2026
166923,2026-07-17 03:00:00.000,H24,MISSION BERMUDES,1.00,0.00,0.0,3,0,29,17,7,2026
166947,2026-07-17 04:00:00.000,H24,MISSION BERMUDES,1.00,0.00,0.0,4,0,29,17,7,2026
166971,2026-07-17 05:00:00.000,H24,MISSION BERMUDES,1.00,0.00,0.0,5,0,29,17,7,2026
166995,2026-07-17 06:00:00.000,H24,MISSION BERMUDES,1.00,0.00,0.0,6,0,29,17,7,2026
167019,2026-07-17 07:00:00.000,H24,MISSION BERMUDES,1.00,0.00,0.0,7,0,29,17,7,2026
167043,2026-07-17 08:00:00.000,H24,MISSION BERMUDES,1.00,0.00,0.0,8,0,29,17,7,2026
167067,2026-07-17 09:00:00.000,H24,MISSION BERMUDES,1.00,0.00,0.0,9,0,29,17,7,2026
167091,2026-07-17 10:00:00.000,H24,MISSION BERMUDES,0.05,1.00,0.95,10,0,29,17,7,2026
167115,2026-07-17 11:00:00.000,H24,MISSION BERMUDES,0.00,1.00,1.0,11,0,29,17,7,2026
167139,2026-07-17 12:00:00.000,H24,MISSION BERMUDES,0.00,1.00,1.0,12,0,29,17,7,2026
167163,2026-07-17 13:00:00.000,H24,MISSION BERMUDES,0.00,1.00,1.0,13,0,29,17,7,2026
167187,2026-07-17 14:00:00.000,H24,MISSION BERMUDES,0.95,1.00,0.05,14,0,29,17,7,2026
167211,2026-07-17 15:00:00.000,H24,MISSION BERMUDES,1.00,1.00,0.0,15,0,29,17,7,2026
167235,2026-07-17 16:00:00.000,H24,MISSION BERMUDES,1.00,1.00,0.0,16,0,29,17,7,2026
167259,2026-07-17 17:00:00.000,H24,MISSION BERMUDES,0.65,1.00,0.35,17,0,29,17,7,2026
167283,2026-07-17 18:00:00.000,H24,MISSION BERMUDES,0.00,1.00,1.0,18,0,29,17,7,2026
167307,2026-07-17 19:00:00.000,H24,MISSION BERMUDES,0.45,1.00,0.55,19,0,29,17,7,2026
167331,2026-07-17 20:00:00.000,H24,MISSION BERMUDES,0.20,1.00,0.8,20,0,29,17,7,2026
167856,2026-07-17 21:00:00.000,H24,MISSION BERMUDES,0.00,1.00,1.0,21,0,29,17,7,2026
167880,2026-07-17 22:00:00.000,H24,MISSION BERMUDES,0.00,0.05,0.05,22,0,29,17,7,2026
167904,2026-07-17 23:00:00.000,H24,MISSION BERMUDES,0.00,0.00,0.0,23,0,29,17,7,2026
167928,2026-07-18 00:00:00.000,H24,MISSION BERMUDES,0.00,0.00,0.0,0,0,29,18,7,2026
167952,2026-07-18 01:00:00.000,H24,MISSION BERMUDES,0.00,0.00,0.0,1,0,29,18,7,2026
167976,2026-07-18 02:00:00.000,H24,MISSION BERMUDES,0.00,0.00,0.0,2,0,29,18,7,2026
168000,2026-07-18 03:00:00.000,H24,MISSION BERMUDES,0.00,0.00,0.0,3,0,29,18,7,2026
168024,2026-07-18 04:00:00.000,H24,MISSION BERMUDES,0.00,0.00,0.0,4,0,29,18,7,2026
168048,2026-07-18 05:00:00.000,H24,MISSION BERMUDES,0.00,0.00,0.0,5,0,29,18,7,2026
168072,2026-07-18 06:00:00.000,H24,MISSION BERMUDES,0.00,0.00,0.0,6,0,29,18,7,2026
168096,2026-07-18 07:00:00.000,H24,MISSION BERMUDES,0.00,0.00,0.0,7,0,29,18,7,2026
168120,2026-07-18 08:00:00.000,H24,MISSION BERMUDES,0.00,0.00,0.0,8,0,29,18,7,2026
168144,2026-07-18 09:00:00.000,H24,MISSION BERMUDES,0.00,0.00,0.0,9,0,29,18,7,2026
168168,2026-07-18 10:00:00.000,H24,MISSION BERMUDES,0.05,1.00,0.95,10,0,29,18,7,2026
168192,2026-07-18 11:00:00.000,H24,MISSION BERMUDES,1.00,1.00,0.0,11,0,29,18,7,2026
168216,2026-07-18 12:00:00.000,H24,MISSION BERMUDES,0.10,1.00,0.9,12,0,29,18,7,2026
168240,2026-07-18 13:00:00.000,H24,MISSION BERMUDES,0.00,1.00,1.0,13,0,29,18,7,2026
168264,2026-07-18 14:00:00.000,H24,MISSION BERMUDES,0.00,1.00,1.0,14,0,29,18,7,2026
168288,2026-07-18 15:00:00.000,H24,MISSION BERMUDES,0.00,1.00,1.0,15,0,29,18,7,2026
168312,2026-07-18 16:00:00.000,H24,MISSION BERMUDES,0.00,1.00,1.0,16,0,29,18,7,2026
168837,2026-07-18 17:00:00.000,H24,MISSION BERMUDES,0.00,1.00,1.0,17,0,29,18,7,2026
168861,2026-07-18 18:00:00.000,H24,MISSION BERMUDES,0.00,1.00,1.0,18,0,29,18,7,2026
168885,2026-07-18 19:00:00.000,H24,MISSION BERMUDES,0.00,1.00,1.0,19,0,29,18,7,2026
168909,2026-07-18 20:00:00.000,H24,MISSION BERMUDES,0.40,1.00,0.6,20,0,29,18,7,2026
168933,2026-07-18 21:00:00.000,H24,MISSION BERMUDES,0.00,1.00,1.0,21,0,29,18,7,2026
168957,2026-07-18 22:00:00.000,H24,MISSION BERMUDES,0.00,0.00,0.0,22,0,29,18,7,2026
168981,2026-07-18 23:00:00.000,H24,MISSION BERMUDES,0.00,0.00,0.0,23,0,29,18,7,2026
169005,2026-07-19 00:00:00.000,H24,MISSION BERMUDES,0.00,0.00,0.0,0,0,30,19,7,2026
169029,2026-07-19 01:00:00.000,H24,MISSION BERMUDES,0.00,0.00,0.0,1,0,30,19,7,2026
169053,2026-07-19 02:00:00.000,H24,MISSION BERMUDES,0.00,0.00,0.0,2,0,30,19,7,2026
169077,2026-07-19 03:00:00.000,H24,MISSION BERMUDES,0.00,0.00,0.0,3,0,30,19,7,2026
169101,2026-07-19 04:00:00.000,H24,MISSION BERMUDES,0.00,0.00,0.0,4,0,30,19,7,2026
169125,2026-07-19 05:00:00.000,H24,MISSION BERMUDES,0.00,0.00,0.0,5,0,30,19,7,2026
169149,2026-07-19 06:00:00.000,H24,MISSION BERMUDES,0.00,0.00,0.0,6,0,30,19,7,2026
169173,2026-07-19 07:00:00.000,H24,MISSION BERMUDES,0.00,0.00,0.0,7,0,30,19,7,2026
169197,2026-07-19 08:00:00.000,H24,MISSION BERMUDES,0.00,0.00,0.0,8,0,30,19,7,2026
169221,2026-07-19 09:00:00.000,H24,MISSION BERMUDES,0.00,0.00,0.0,9,0,30,19,7,2026
169245,2026-07-19 10:00:00.000,H24,MISSION BERMUDES,0.00,1.00,1.0,10,0,30,19,7,2026
169269,2026-07-19 11:00:00.000,H24,MISSION BERMUDES,0.00,1.00,1.0,11,0,30,19,7,2026
169293,2026-07-19 12:00:00.000,H24,MISSION BERMUDES,0.00,1.00,1.0,12,0,30,19,7,2026
169317,2026-07-19 13:00:00.000,H24,MISSION BERMUDES,0.00,1.00,1.0,13,0,30,19,7,2026
169842,2026-07-19 14:00:00.000,H24,MISSION BERMUDES,0.00,1.00,1.0,14,0,30,19,7,2026
169866,2026-07-19 15:00:00.000,H24,MISSION BERMUDES,0.00,1.00,1.0,15,0,30,19,7,2026
169890,2026-07-19 16:00:00.000,H24,MISSION BERMUDES,0.00,1.00,1.0,16,0,30,19,7,2026
169914,2026-07-19 17:00:00.000,H24,MISSION BERMUDES,0.00,1.00,1.0,17,0,30,19,7,2026
169938,2026-07-19 18:00:00.000,H24,MISSION BERMUDES,0.00,1.00,1.0,18,0,30,19,7,2026
169962,2026-07-19 19:00:00.000,H24,MISSION BERMUDES,0.20,1.00,0.8,19,0,30,19,7,2026
169986,2026-07-19 20:00:00.000,H24,MISSION BERMUDES,0.75,1.00,0.25,20,0,30,19,7,2026
170010,2026-07-19 21:00:00.000,H24,MISSION BERMUDES,1.00,1.00,0.0,21,0,30,19,7,2026
170034,2026-07-19 22:00:00.000,H24,MISSION BERMUDES,1.00,0.00,0.0,22,0,30,19,7,2026
170058,2026-07-19 23:00:00.000,H24,MISSION BERMUDES,1.00,0.00,0.0,23,0,30,19,7,2026
170082,2026-07-20 00:00:00.000,H24,MISSION BERMUDES,1.00,0.00,0.0,0,0,30,20,7,2026
170106,2026-07-20 01:00:00.000,H24,MISSION BERMUDES,1.00,0.00,0.0,1,0,30,20,7,2026
170130,2026-07-20 02:00:00.000,H24,MISSION BERMUDES,1.00,0.00,0.0,2,0,30,20,7,2026
170154,2026-07-20 03:00:00.000,H24,MISSION BERMUDES,1.00,0.00,0.0,3,0,30,20,7,2026
170178,2026-07-20 04:00:00.000,H24,MISSION BERMUDES,1.00,0.00,0.0,4,0,30,20,7,2026
170202,2026-07-20 05:00:00.000,H24,MISSION BERMUDES,1.00,0.00,0.0,5,0,30,20,7,2026
170226,2026-07-20 06:00:00.000,H24,MISSION BERMUDES,1.00,0.00,0.0,6,0,30,20,7,2026
170250,2026-07-20 07:00:00.000,H24,MISSION BERMUDES,1.00,0.00,0.0,7,0,30,20,7,2026
170274,2026-07-20 08:00:00.000,H24,MISSION BERMUDES,1.00,0.00,0.0,8,0,30,20,7,2026
170298,2026-07-20 09:00:00.000,H24,MISSION BERMUDES,0.05,0.00,0.0,9,0,30,20,7,2026
170322,2026-07-20 10:00:00.000,H24,MISSION BERMUDES,0.00,1.00,1.0,10,0,30,20,7,2026
170847,2026-07-20 11:00:00.000,H24,MISSION BERMUDES,0.00,1.00,1.0,11,0,30,20,7,2026
170871,2026-07-20 12:00:00.000,H24,MISSION BERMUDES,0.05,1.00,0.95,12,0,30,20,7,2026
170895,2026-07-20 13:00:00.000,H24,MISSION BERMUDES,0.15,1.00,0.85,13,0,30,20,7,2026
170919,2026-07-20 14:00:00.000,H24,MISSION BERMUDES,0.00,1.00,1.0,14,0,30,20,7,2026
170943,2026-07-20 15:00:00.000,H24,MISSION BERMUDES,0.00,1.00,1.0,15,0,30,20,7,2026
170967,2026-07-20 16:00:00.000,H24,MISSION BERMUDES,0.00,1.00,1.0,16,0,30,20,7,2026
170991,2026-07-20 17:00:00.000,H24,MISSION BERMUDES,0.00,1.00,1.0,17,0,30,20,7,2026
171015,2026-07-20 18:00:00.000,H24,MISSION BERMUDES,0.00,1.00,1.0,18,0,30,20,7,2026
171039,2026-07-20 19:00:00.000,H24,MISSION BERMUDES,0.00,1.00,1.0,19,0,30,20,7,2026
171063,2026-07-20 20:00:00.000,H24,MISSION BERMUDES,0.00,1.00,1.0,20,0,30,20,7,2026
171087,2026-07-20 21:00:00.000,H24,MISSION BERMUDES,0.25,1.00,0.75,21,0,30,20,7,2026
171111,2026-07-20 22:00:00.000,H24,MISSION BERMUDES,0.00,0.05,0.05,22,0,30,20,7,2026
171135,2026-07-20 23:00:00.000,H24,MISSION BERMUDES,0.00,0.00,0.0,23,0,30,20,7,2026
171159,2026-07-21 00:00:00.000,H24,MISSION BERMUDES,0.00,0.00,0.0,0,0,30,21,7,2026
171183,2026-07-21 01:00:00.000,H24,MISSION BERMUDES,0.00,0.00,0.0,1,0,30,21,7,2026
171207,2026-07-21 02:00:00.000,H24,MISSION BERMUDES,0.00,0.00,0.0,2,0,30,21,7,2026
171231,2026-07-21 03:00:00.000,H24,MISSION BERMUDES,0.00,0.00,0.0,3,0,30,21,7,2026
171255,2026-07-21 04:00:00.000,H24,MISSION BERMUDES,0.00,0.00,0.0,4,0,30,21,7,2026
171279,2026-07-21 05:00:00.000,H24,MISSION BERMUDES,0.00,0.00,0.0,5,0,30,21,7,2026
171303,2026-07-21 06:00:00.000,H24,MISSION BERMUDES,0.00,0.00,0.0,6,0,30,21,7,2026
171327,2026-07-21 07:00:00.000,H24,MISSION BERMUDES,0.00,0.00,0.0,7,0,30,21,7,2026
171852,2026-07-21 08:00:00.000,H24,MISSION BERMUDES,0.00,0.00,0.0,8,0,30,21,7,2026
171876,2026-07-21 09:00:00.000,H24,MISSION BERMUDES,0.00,0.00,0.0,9,0,30,21,7,2026
171900,2026-07-21 10:00:00.000,H24,MISSION BERMUDES,0.00,1.00,1.0,10,0,30,21,7,2026
171924,2026-07-21 11:00:00.000,H24,MISSION BERMUDES,0.00,1.00,1.0,11,0,30,21,7,2026
171948,2026-07-21 12:00:00.000,H24,MISSION BERMUDES,0.00,1.00,1.0,12,0,30,21,7,2026
171972,2026-07-21 13:00:00.000,H24,MISSION BERMUDES,0.00,1.00,1.0,13,0,30,21,7,2026
171996,2026-07-21 14:00:00.000,H24,MISSION BERMUDES,0.00,1.00,1.0,14,0,30,21,7,2026
172020,2026-07-21 15:00:00.000,H24,MISSION BERMUDES,0.00,1.00,1.0,15,0,30,21,7,2026
172044,2026-07-21 16:00:00.000,H24,MISSION BERMUDES,0.00,1.00,1.0,16,0,30,21,7,2026
172068,2026-07-21 17:00:00.000,H24,MISSION BERMUDES,0.00,1.00,1.0,17,0,30,21,7,2026
172092,2026-07-21 18:00:00.000,H24,MISSION BERMUDES,0.00,1.00,1.0,18,0,30,21,7,2026
172116,2026-07-21 19:00:00.000,H24,MISSION BERMUDES,0.00,1.00,1.0,19,0,30,21,7,2026
172140,2026-07-21 20:00:00.000,H24,MISSION BERMUDES,0.00,1.00,1.0,20,0,30,21,7,2026
172164,2026-07-21 21:00:00.000,H24,MISSION BERMUDES,0.00,1.00,1.0,21,0,30,21,7,2026
172188,2026-07-21 22:00:00.000,H24,MISSION BERMUDES,0.00,0.05,0.05,22,0,30,21,7,2026
172212,2026-07-21 23:00:00.000,H24,MISSION BERMUDES,0.00,0.00,0.0,23,0,30,21,7,2026
172236,2026-07-22 00:00:00.000,H24,MISSION BERMUDES,0.00,0.00,0.0,0,0,30,22,7,2026
172260,2026-07-22 01:00:00.000,H24,MISSION BERMUDES,0.00,0.00,0.0,1,0,30,22,7,2026
172284,2026-07-22 02:00:00.000,H24,MISSION BERMUDES,0.00,0.00,0.0,2,0,30,22,7,2026
172308,2026-07-22 03:00:00.000,H24,MISSION BERMUDES,0.00,0.00,0.0,3,0,30,22,7,2026
172332,2026-07-22 04:00:00.000,H24,MISSION BERMUDES,0.00,0.00,0.0,4,0,30,22,7,2026
172857,2026-07-22 05:00:00.000,H24,MISSION BERMUDES,0.00,0.00,0.0,5,0,30,22,7,2026
172881,2026-07-22 06:00:00.000,H24,MISSION BERMUDES,0.00,0.00,0.0,6,0,30,22,7,2026
172905,2026-07-22 08:00:00.000,H24,MISSION BERMUDES,0.00,0.00,0.0,8,0,30,22,7,2026
172929,2026-07-22 09:00:00.000,H24,MISSION BERMUDES,0.00,0.00,0.0,9,0,30,22,7,2026
172953,2026-07-22 10:00:00.000,H24,MISSION BERMUDES,0.00,1.00,1.0,10,0,30,22,7,2026
172977,2026-07-22 11:00:00.000,H24,MISSION BERMUDES,0.00,1.00,1.0,11,0,30,22,7,2026
173001,2026-07-22 12:00:00.000,H24,MISSION BERMUDES,0.45,1.00,0.55,12,0,30,22,7,2026
173025,2026-07-22 13:00:00.000,H24,MISSION BERMUDES,0.70,1.00,0.3,13,0,30,22,7,2026
173049,2026-07-22 14:00:00.000,H24,MISSION BERMUDES,0.00,1.00,1.0,14,0,30,22,7,2026
173073,2026-07-22 15:00:00.000,H24,MISSION BERMUDES,0.00,1.00,1.0,15,0,30,22,7,2026
173097,2026-07-22 16:00:00.000,H24,MISSION BERMUDES,0.00,1.00,1.0,16,0,30,22,7,2026
173121,2026-07-22 17:00:00.000,H24,MISSION BERMUDES,0.00,1.00,1.0,17,0,30,22,7,2026
173145,2026-07-22 18:00:00.000,H24,MISSION BERMUDES,0.00,1.00,1.0,18,0,30,22,7,2026
173169,2026-07-22 19:00:00.000,H24,MISSION BERMUDES,0.00,1.00,1.0,19,0,30,22,7,2026
173193,2026-07-22 20:00:00.000,H24,MISSION BERMUDES,0.00,1.00,1.0,20,0,30,22,7,2026
173217,2026-07-22 21:00:00.000,H24,MISSION BERMUDES,0.00,1.00,1.0,21,0,30,22,7,2026
173241,2026-07-22 22:00:00.000,H24,MISSION BERMUDES,0.00,0.05,0.05,22,0,30,22,7,2026
173265,2026-07-22 23:00:00.000,H24,MISSION BERMUDES,0.00,0.00,0.0,23,0,30,22,7,2026
173289,2026-07-23 00:00:00.000,H24,MISSION BERMUDES,0.00,0.00,0.0,0,0,30,23,7,2026
173313,2026-07-23 01:00:00.000,H24,MISSION BERMUDES,0.00,0.00,0.0,1,0,30,23,7,2026
173337,2026-07-23 02:00:00.000,H24,MISSION BERMUDES,0.00,0.00,0.0,2,0,30,23,7,2026
173862,2026-07-23 03:00:00.000,H24,MISSION BERMUDES,0.00,0.00,0.0,3,0,30,23,7,2026
173886,2026-07-23 04:00:00.000,H24,MISSION BERMUDES,0.00,0.00,0.0,4,0,30,23,7,2026
173910,2026-07-23 05:00:00.000,H24,MISSION BERMUDES,0.00,0.00,0.0,5,0,30,23,7,2026
173934,2026-07-23 06:00:00.000,H24,MISSION BERMUDES,0.00,0.00,0.0,6,0,30,23,7,2026
173958,2026-07-23 07:00:00.000,H24,MISSION BERMUDES,0.00,0.00,0.0,7,0,30,23,7,2026
173982,2026-07-23 08:00:00.000,H24,MISSION BERMUDES,0.00,0.00,0.0,8,0,30,23,7,2026
174006,2026-07-23 09:00:00.000,H24,MISSION BERMUDES,0.00,0.00,0.0,9,0,30,23,7,2026
174030,2026-07-23 10:00:00.000,H24,MISSION BERMUDES,0.00,1.00,1.0,10,0,30,23,7,2026
174054,2026-07-23 11:00:00.000,H24,MISSION BERMUDES,0.00,1.00,1.0,11,0,30,23,7,2026
174078,2026-07-23 12:00:00.000,H24,MISSION BERMUDES,0.00,1.00,1.0,12,0,30,23,7,2026
174102,2026-07-23 13:00:00.000,H24,MISSION BERMUDES,0.00,1.00,1.0,13,0,30,23,7,2026
174126,2026-07-23 14:00:00.000,H24,MISSION BERMUDES,0.00,1.00,1.0,14,0,30,23,7,2026
174150,2026-07-23 15:00:00.000,H24,MISSION BERMUDES,0.00,1.00,1.0,15,0,30,23,7,2026
174174,2026-07-23 16:00:00.000,H24,MISSION BERMUDES,0.00,1.00,1.0,16,0,30,23,7,2026
174198,2026-07-23 17:00:00.000,H24,MISSION BERMUDES,0.00,1.00,1.0,17,0,30,23,7,2026
174222,2026-07-23 18:00:00.000,H24,MISSION BERMUDES,0.25,1.00,0.75,18,0,30,23,7,2026
174246,2026-07-23 19:00:00.000,H24,MISSION BERMUDES,0.00,1.00,1.0,19,0,30,23,7,2026
174270,2026-07-23 20:00:00.000,H24,MISSION BERMUDES,0.00,1.00,1.0,20,0,30,23,7,2026
174294,2026-07-23 21:00:00.000,H24,MISSION BERMUDES,0.00,1.00,1.0,21,0,30,23,7,2026
174318,2026-07-23 22:00:00.000,H24,MISSION BERMUDES,0.00,0.00,0.0,22,0,30,23,7,2026
174342,2026-07-23 23:00:00.000,H24,MISSION BERMUDES,0.00,0.00,0.0,23,0,30,23,7,2026
174867,2026-07-24 00:00:00.000,H24,MISSION BERMUDES,0.00,0.00,0.0,0,0,30,24,7,2026
174891,2026-07-24 01:00:00.000,H24,MISSION BERMUDES,0.00,0.00,0.0,1,0,30,24,7,2026
174915,2026-07-24 02:00:00.000,H24,MISSION BERMUDES,0.00,0.00,0.0,2,0,30,24,7,2026
174939,2026-07-24 03:00:00.000,H24,MISSION BERMUDES,0.00,0.00,0.0,3,0,30,24,7,2026
174963,2026-07-24 04:00:00.000,H24,MISSION BERMUDES,0.00,0.00,0.0,4,0,30,24,7,2026
174987,2026-07-24 05:00:00.000,H24,MISSION BERMUDES,0.00,0.00,0.0,5,0,30,24,7,2026
175011,2026-07-24 06:00:00.000,H24,MISSION BERMUDES,0.00,0.00,0.0,6,0,30,24,7,2026
175035,2026-07-24 07:00:00.000,H24,MISSION BERMUDES,0.00,0.00,0.0,7,0,30,24,7,2026
175059,2026-07-24 08:00:00.000,H24,MISSION BERMUDES,0.00,0.00,0.0,8,0,30,24,7,2026
175083,2026-07-24 09:00:00.000,H24,MISSION BERMUDES,0.00,0.00,0.0,9,0,30,24,7,2026
175107,2026-07-24 10:00:00.000,H24,MISSION BERMUDES,0.00,1.00,1.0,10,0,30,24,7,2026
175131,2026-07-24 11:00:00.000,H24,MISSION BERMUDES,0.00,1.00,1.0,11,0,30,24,7,2026
175155,2026-07-24 12:00:00.000,H24,MISSION BERMUDES,0.00,1.00,1.0,12,0,30,24,7,2026
175179,2026-07-24 13:00:00.000,H24,MISSION BERMUDES,0.00,1.00,1.0,13,0,30,24,7,2026
175203,2026-07-24 14:00:00.000,H24,MISSION BERMUDES,0.00,1.00,1.0,14,0,30,24,7,2026
175227,2026-07-24 15:00:00.000,H24,MISSION BERMUDES,0.00,1.00,1.0,15,0,30,24,7,2026
175251,2026-07-24 16:00:00.000,H24,MISSION BERMUDES,0.00,1.00,1.0,16,0,30,24,7,2026
175275,2026-07-24 17:00:00.000,H24,MISSION BERMUDES,0.00,1.00,1.0,17,0,30,24,7,2026
175299,2026-07-24 18:00:00.000,H24,MISSION BERMUDES,0.00,1.00,1.0,18,0,30,24,7,2026
175323,2026-07-24 19:00:00.000,H24,MISSION BERMUDES,0.00,1.00,1.0,19,0,30,24,7,2026
175347,2026-07-24 20:00:00.000,H24,MISSION BERMUDES,0.00,1.00,1.0,20,0,30,24,7,2026
175872,2026-07-24 21:00:00.000,H24,MISSION BERMUDES,0.00,1.00,1.0,21,0,30,24,7,2026
175896,2026-07-24 22:00:00.000,H24,MISSION BERMUDES,0.00,0.00,0.0,22,0,30,24,7,2026
175920,2026-07-24 23:00:00.000,H24,MISSION BERMUDES,0.00,0.00,0.0,23,0,30,24,7,2026
175944,2026-07-25 00:00:00.000,H24,MISSION BERMUDES,0.00,0.00,0.0,0,0,30,25,7,2026
175968,2026-07-25 01:00:00.000,H24,MISSION BERMUDES,0.00,0.00,0.0,1,0,30,25,7,2026
175992,2026-07-25 02:00:00.000,H24,MISSION BERMUDES,0.00,0.00,0.0,2,0,30,25,7,2026
176016,2026-07-25 03:00:00.000,H24,MISSION BERMUDES,0.00,0.00,0.0,3,0,30,25,7,2026
176040,2026-07-25 04:00:00.000,H24,MISSION BERMUDES,0.00,0.00,0.0,4,0,30,25,7,2026
176064,2026-07-25 05:00:00.000,H24,MISSION BERMUDES,0.00,0.00,0.0,5,0,30,25,7,2026
176088,2026-07-25 06:00:00.000,H24,MISSION BERMUDES,0.00,0.00,0.0,6,0,30,25,7,2026
176112,2026-07-25 07:00:00.000,H24,MISSION BERMUDES,0.00,0.00,0.0,7,0,30,25,7,2026
176136,2026-07-25 08:00:00.000,H24,MISSION BERMUDES,0.00,0.00,0.0,8,0,30,25,7,2026
176160,2026-07-25 09:00:00.000,H24,MISSION BERMUDES,0.00,0.00,0.0,9,0,30,25,7,2026
176184,2026-07-25 10:00:00.000,H24,MISSION BERMUDES,0.00,1.00,1.0,10,0,30,25,7,2026
176208,2026-07-25 11:00:00.000,H24,MISSION BERMUDES,0.00,1.00,1.0,11,0,30,25,7,2026
176232,2026-07-25 12:00:00.000,H24,MISSION BERMUDES,0.00,1.00,1.0,12,0,30,25,7,2026
176256,2026-07-25 13:00:00.000,H24,MISSION BERMUDES,0.10,1.00,0.9,13,0,30,25,7,2026
176280,2026-07-25 14:00:00.000,H24,MISSION BERMUDES,0.35,1.00,0.65,14,0,30,25,7,2026
176304,2026-07-25 15:00:00.000,H24,MISSION BERMUDES,0.00,1.00,1.0,15,0,30,25,7,2026
176328,2026-07-25 16:00:00.000,H24,MISSION BERMUDES,0.00,1.00,1.0,16,0,30,25,7,2026
176853,2026-07-25 17:00:00.000,H24,MISSION BERMUDES,0.00,1.00,1.0,17,0,30,25,7,2026
176877,2026-07-25 18:00:00.000,H24,MISSION BERMUDES,0.00,1.00,1.0,18,0,30,25,7,2026
176901,2026-07-25 19:00:00.000,H24,MISSION BERMUDES,0.00,1.00,1.0,19,0,30,25,7,2026
176925,2026-07-25 20:00:00.000,H24,MISSION BERMUDES,0.00,1.00,1.0,20,0,30,25,7,2026
176949,2026-07-25 21:00:00.000,H24,MISSION BERMUDES,0.00,1.00,1.0,21,0,30,25,7,2026
176973,2026-07-25 22:00:00.000,H24,MISSION BERMUDES,0.00,0.05,0.05,22,0,30,25,7,2026
176997,2026-07-25 23:00:00.000,H24,MISSION BERMUDES,0.00,0.00,0.0,23,0,30,25,7,2026
177021,2026-07-26 00:00:00.000,H24,MISSION BERMUDES,0.00,0.00,0.0,0,0,31,26,7,2026
177045,2026-07-26 01:00:00.000,H24,MISSION BERMUDES,0.00,0.00,0.0,1,0,31,26,7,2026
177069,2026-07-26 02:00:00.000,H24,MISSION BERMUDES,0.00,0.00,0.0,2,0,31,26,7,2026
177093,2026-07-26 03:00:00.000,H24,MISSION BERMUDES,0.00,0.00,0.0,3,0,31,26,7,2026
177117,2026-07-26 04:00:00.000,H24,MISSION BERMUDES,0.00,0.00,0.0,4,0,31,26,7,2026
177141,2026-07-26 05:00:00.000,H24,MISSION BERMUDES,0.00,0.00,0.0,5,0,31,26,7,2026
177165,2026-07-26 06:00:00.000,H24,MISSION BERMUDES,0.00,0.00,0.0,6,0,31,26,7,2026
177189,2026-07-26 07:00:00.000,H24,MISSION BERMUDES,0.00,0.00,0.0,7,0,31,26,7,2026
177213,2026-07-26 08:00:00.000,H24,MISSION BERMUDES,0.00,0.00,0.0,8,0,31,26,7,2026
177237,2026-07-26 09:00:00.000,H24,MISSION BERMUDES,0.00,0.00,0.0,9,0,31,26,7,2026
177261,2026-07-26 10:00:00.000,H24,MISSION BERMUDES,0.00,1.00,1.0,10,0,31,26,7,2026
177285,2026-07-26 11:00:00.000,H24,MISSION BERMUDES,0.00,1.00,1.0,11,0,31,26,7,2026
177309,2026-07-26 12:00:00.000,H24,MISSION BERMUDES,0.00,1.00,1.0,12,0,31,26,7,2026
177333,2026-07-26 13:00:00.000,H24,MISSION BERMUDES,0.00,1.00,1.0,13,0,31,26,7,2026
177858,2026-07-26 14:00:00.000,H24,MISSION BERMUDES,0.00,1.00,1.0,14,0,31,26,7,2026
177882,2026-07-26 15:00:00.000,H24,MISSION BERMUDES,0.00,1.00,1.0,15,0,31,26,7,2026
177906,2026-07-26 16:00:00.000,H24,MISSION BERMUDES,0.00,1.00,1.0,16,0,31,26,7,2026
177930,2026-07-26 17:00:00.000,H24,MISSION BERMUDES,0.00,1.00,1.0,17,0,31,26,7,2026
177954,2026-07-26 18:00:00.000,H24,MISSION BERMUDES,0.00,1.00,1.0,18,0,31,26,7,2026
177978,2026-07-26 19:00:00.000,H24,MISSION BERMUDES,0.15,1.00,0.85,19,0,31,26,7,2026
178002,2026-07-26 20:00:00.000,H24,MISSION BERMUDES,1.00,1.00,0.0,20,0,31,26,7,2026
178026,2026-07-26 21:00:00.000,H24,MISSION BERMUDES,1.00,1.00,0.0,21,0,31,26,7,2026
178050,2026-07-26 22:00:00.000,H24,MISSION BERMUDES,1.00,0.00,0.0,22,0,31,26,7,2026
178074,2026-07-26 23:00:00.000,H24,MISSION BERMUDES,1.00,0.00,0.0,23,0,31,26,7,2026
178098,2026-07-27 00:00:00.000,H24,MISSION BERMUDES,1.00,0.00,0.0,0,0,31,27,7,2026
178122,2026-07-27 01:00:00.000,H24,MISSION BERMUDES,1.00,0.00,0.0,1,0,31,27,7,2026
178146,2026-07-27 02:00:00.000,H24,MISSION BERMUDES,1.00,0.00,0.0,2,0,31,27,7,2026
178170,2026-07-27 03:00:00.000,H24,MISSION BERMUDES,1.00,0.00,0.0,3,0,31,27,7,2026
178194,2026-07-27 04:00:00.000,H24,MISSION BERMUDES,1.00,0.00,0.0,4,0,31,27,7,2026
178218,2026-07-27 05:00:00.000,H24,MISSION BERMUDES,1.00,0.00,0.0,5,0,31,27,7,2026
178242,2026-07-27 06:00:00.000,H24,MISSION BERMUDES,1.00,0.00,0.0,6,0,31,27,7,2026
178265,2026-07-27 07:00:00.000,H24,MISSION BERMUDES,1.00,0.00,0.0,7,0,31,27,7,2026
178288,2026-07-27 08:00:00.000,H24,MISSION BERMUDES,1.00,0.00,0.0,8,0,31,27,7,2026
178312,2026-07-27 09:00:00.000,H24,MISSION BERMUDES,1.00,0.00,0.0,9,0,31,27,7,2026
178336,2026-07-27 10:00:00.000,H24,MISSION BERMUDES,1.00,1.00,0.0,10,0,31,27,7,2026
178861,2026-07-27 11:00:00.000,H24,MISSION BERMUDES,1.00,1.00,0.0,11,0,31,27,7,2026
178885,2026-07-27 12:00:00.000,H24,MISSION BERMUDES,1.00,1.00,0.0,12,0,31,27,7,2026
178909,2026-07-27 13:00:00.000,H24,MISSION BERMUDES,0.45,1.00,0.55,13,0,31,27,7,2026
178933,2026-07-27 14:00:00.000,H24,MISSION BERMUDES,1.00,1.00,0.0,14,0,31,27,7,2026
178957,2026-07-27 15:00:00.000,H24,MISSION BERMUDES,1.00,1.00,0.0,15,0,31,27,7,2026
178981,2026-07-27 16:00:00.000,H24,MISSION BERMUDES,1.00,1.00,0.0,16,0,31,27,7,2026
179005,2026-07-27 17:00:00.000,H24,MISSION BERMUDES,1.00,1.00,0.0,17,0,31,27,7,2026
179029,2026-07-27 18:00:00.000,H24,MISSION BERMUDES,1.00,1.00,0.0,18,0,31,27,7,2026
179053,2026-07-27 19:00:00.000,H24,MISSION BERMUDES,1.00,1.00,0.0,19,0,31,27,7,2026
179077,2026-07-27 20:00:00.000,H24,MISSION BERMUDES,1.00,1.00,0.0,20,0,31,27,7,2026
179101,2026-07-27 21:00:00.000,H24,MISSION BERMUDES,1.00,1.00,0.0,21,0,31,27,7,2026
179125,2026-07-27 22:00:00.000,H24,MISSION BERMUDES,1.00,0.00,0.0,22,0,31,27,7,2026
179149,2026-07-27 23:00:00.000,H24,MISSION BERMUDES,1.00,0.00,0.0,23,0,31,27,7,2026
179173,2026-07-28 00:00:00.000,H24,MISSION BERMUDES,1.00,0.00,0.0,0,0,31,28,7,2026
179197,2026-07-28 01:00:00.000,H24,MISSION BERMUDES,1.00,0.00,0.0,1,0,31,28,7,2026
179221,2026-07-28 02:00:00.000,H24,MISSION BERMUDES,1.00,0.00,0.0,2,0,31,28,7,2026
179245,2026-07-28 03:00:00.000,H24,MISSION BERMUDES,1.00,0.00,0.0,3,0,31,28,7,2026
179269,2026-07-28 04:00:00.000,H24,MISSION BERMUDES,1.00,0.00,0.0,4,0,31,28,7,2026
179293,2026-07-28 05:00:00.000,H24,MISSION BERMUDES,1.00,0.00,0.0,5,0,31,28,7,2026
179317,2026-07-28 06:00:00.000,H24,MISSION BERMUDES,1.00,0.00,0.0,6,0,31,28,7,2026
179341,2026-07-28 07:00:00.000,H24,MISSION BERMUDES,1.00,0.00,0.0,7,0,31,28,7,2026
179866,2026-07-28 08:00:00.000,H24,MISSION BERMUDES,1.00,0.00,0.0,8,0,31,28,7,2026
179890,2026-07-28 09:00:00.000,H24,MISSION BERMUDES,1.00,0.00,0.0,9,0,31,28,7,2026
179914,2026-07-28 10:00:00.000,H24,MISSION BERMUDES,1.00,1.00,0.0,10,0,31,28,7,2026
179938,2026-07-28 11:00:00.000,H24,MISSION BERMUDES,1.00,1.00,0.0,11,0,31,28,7,2026
179962,2026-07-28 12:00:00.000,H24,MISSION BERMUDES,0.25,1.00,0.75,12,0,31,28,7,2026
179986,2026-07-28 13:00:00.000,H24,MISSION BERMUDES,0.25,1.00,0.75,13,0,31,28,7,2026
180010,2026-07-28 14:00:00.000,H24,MISSION BERMUDES,0.55,1.00,0.45,14,0,31,28,7,2026
180034,2026-07-28 15:00:00.000,H24,MISSION BERMUDES,0.50,1.00,0.5,15,0,31,28,7,2026
180058,2026-07-28 16:00:00.000,H24,MISSION BERMUDES,0.00,1.00,1.0,16,0,31,28,7,2026
180082,2026-07-28 17:00:00.000,H24,MISSION BERMUDES,0.00,1.00,1.0,17,0,31,28,7,2026
180106,2026-07-28 18:00:00.000,H24,MISSION BERMUDES,0.00,1.00,1.0,18,0,31,28,7,2026
180130,2026-07-28 19:00:00.000,H24,MISSION BERMUDES,0.00,1.00,1.0,19,0,31,28,7,2026
180154,2026-07-28 20:00:00.000,H24,MISSION BERMUDES,0.20,1.00,0.8,20,0,31,28,7,2026
180178,2026-07-28 21:00:00.000,H24,MISSION BERMUDES,1.00,1.00,0.0,21,0,31,28,7,2026
180202,2026-07-28 22:00:00.000,H24,MISSION BERMUDES,1.00,0.05,0.0,22,0,31,28,7,2026
180226,2026-07-28 23:00:00.000,H24,MISSION BERMUDES,1.00,0.00,0.0,23,0,31,28,7,2026
180250,2026-07-29 00:00:00.000,H24,MISSION BERMUDES,1.00,0.00,0.0,0,0,31,29,7,2026
180274,2026-07-29 01:00:00.000,H24,MISSION BERMUDES,1.00,0.00,0.0,1,0,31,29,7,2026
180298,2026-07-29 02:00:00.000,H24,MISSION BERMUDES,1.00,0.00,0.0,2,0,31,29,7,2026
180322,2026-07-29 03:00:00.000,H24,MISSION BERMUDES,1.00,0.00,0.0,3,0,31,29,7,2026
180346,2026-07-29 04:00:00.000,H24,MISSION BERMUDES,1.00,0.00,0.0,4,0,31,29,7,2026
180871,2026-07-29 05:00:00.000,H24,MISSION BERMUDES,1.00,0.00,0.0,5,0,31,29,7,2026
180895,2026-07-29 06:00:00.000,H24,MISSION BERMUDES,1.00,0.00,0.0,6,0,31,29,7,2026
180919,2026-07-29 07:00:00.000,H24,MISSION BERMUDES,1.00,0.00,0.0,7,0,31,29,7,2026
180943,2026-07-29 08:00:00.000,H24,MISSION BERMUDES,1.00,0.00,0.0,8,0,31,29,7,2026
180967,2026-07-29 09:00:00.000,H24,MISSION BERMUDES,1.00,0.00,0.0,9,0,31,29,7,2026
180991,2026-07-29 10:00:00.000,H24,MISSION BERMUDES,1.00,1.00,0.0,10,0,31,29,7,2026
181015,2026-07-29 11:00:00.000,H24,MISSION BERMUDES,1.00,1.00,0.0,11,0,31,29,7,2026
181039,2026-07-29 12:00:00.000,H24,MISSION BERMUDES,1.00,1.00,0.0,12,0,31,29,7,2026
181063,2026-07-29 13:00:00.000,H24,MISSION BERMUDES,0.35,1.00,0.65,13,0,31,29,7,2026
181087,2026-07-29 14:00:00.000,H24,MISSION BERMUDES,0.00,1.00,1.0,14,0,31,29,7,2026
181111,2026-07-29 15:00:00.000,H24,MISSION BERMUDES,0.00,1.00,1.0,15,0,31,29,7,2026
181135,2026-07-29 16:00:00.000,H24,MISSION BERMUDES,0.00,1.00,1.0,16,0,31,29,7,2026
181159,2026-07-29 17:00:00.000,H24,MISSION BERMUDES,0.00,1.00,1.0,17,0,31,29,7,2026
181183,2026-07-29 18:00:00.000,H24,MISSION BERMUDES,0.05,1.00,0.95,18,0,31,29,7,2026
181207,2026-07-29 19:00:00.000,H24,MISSION BERMUDES,0.00,1.00,1.0,19,0,31,29,7,2026
181231,2026-07-29 20:00:00.000,H24,MISSION BERMUDES,0.00,1.00,1.0,20,0,31,29,7,2026
181255,2026-07-29 21:00:00.000,H24,MISSION BERMUDES,0.55,1.00,0.45,21,0,31,29,7,2026
181279,2026-07-29 22:00:00.000,H24,MISSION BERMUDES,1.00,0.05,0.0,22,0,31,29,7,2026
181303,2026-07-29 23:00:00.000,H24,MISSION BERMUDES,1.00,0.00,0.0,23,0,31,29,7,2026
181327,2026-07-30 00:00:00.000,H24,MISSION BERMUDES,1.00,0.00,0.0,0,0,31,30,7,2026
181351,2026-07-30 01:00:00.000,H24,MISSION BERMUDES,1.00,0.00,0.0,1,0,31,30,7,2026
181876,2026-07-30 02:00:00.000,H24,MISSION BERMUDES,1.00,0.00,0.0,2,0,31,30,7,2026
181900,2026-07-30 03:00:00.000,H24,MISSION BERMUDES,1.00,0.00,0.0,3,0,31,30,7,2026
181924,2026-07-30 04:00:00.000,H24,MISSION BERMUDES,1.00,0.00,0.0,4,0,31,30,7,2026
181948,2026-07-30 05:00:00.000,H24,MISSION BERMUDES,1.00,0.00,0.0,5,0,31,30,7,2026
181972,2026-07-30 06:00:00.000,H24,MISSION BERMUDES,1.00,0.00,0.0,6,0,31,30,7,2026
181996,2026-07-30 07:00:00.000,H24,MISSION BERMUDES,1.00,0.00,0.0,7,0,31,30,7,2026
182020,2026-07-30 08:00:00.000,H24,MISSION BERMUDES,1.00,0.00,0.0,8,0,31,30,7,2026
182044,2026-07-30 09:00:00.000,H24,MISSION BERMUDES,1.00,0.00,0.0,9,0,31,30,7,2026
182068,2026-07-30 10:00:00.000,H24,MISSION BERMUDES,1.00,1.00,0.0,10,0,31,30,7,2026
182092,2026-07-30 11:00:00.000,H24,MISSION BERMUDES,0.10,1.00,0.9,11,0,31,30,7,2026
182116,2026-07-30 12:00:00.000,H24,MISSION BERMUDES,0.00,1.00,1.0,12,0,31,30,7,2026
182140,2026-07-30 13:00:00.000,H24,MISSION BERMUDES,0.00,1.00,1.0,13,0,31,30,7,2026
182164,2026-07-30 14:00:00.000,H24,MISSION BERMUDES,0.00,1.00,1.0,14,0,31,30,7,2026
182188,2026-07-30 15:00:00.000,H24,MISSION BERMUDES,0.00,1.00,1.0,15,0,31,30,7,2026
182212,2026-07-30 16:00:00.000,H24,MISSION BERMUDES,0.00,1.00,1.0,16,0,31,30,7,2026
182236,2026-07-30 17:00:00.000,H24,MISSION BERMUDES,0.00,1.00,1.0,17,0,31,30,7,2026
182260,2026-07-30 18:00:00.000,H24,MISSION BERMUDES,0.00,1.00,1.0,18,0,31,30,7,2026
182284,2026-07-30 19:00:00.000,H24,MISSION BERMUDES,0.00,1.00,1.0,19,0,31,30,7,2026
182308,2026-07-30 20:00:00.000,H24,MISSION BERMUDES,0.00,1.00,1.0,20,0,31,30,7,2026
182332,2026-07-30 21:00:00.000,H24,MISSION BERMUDES,0.00,1.00,1.0,21,0,31,30,7,2026
182356,2026-07-30 22:00:00.000,H24,MISSION BERMUDES,0.00,0.05,0.05,22,0,31,30,7,2026
182881,2026-07-30 23:00:00.000,H24,MISSION BERMUDES,0.00,0.00,0.0,23,0,31,30,7,2026
182905,2026-07-31 00:00:00.000,H24,MISSION BERMUDES,0.00,0.00,0.0,0,0,31,31,7,2026
182929,2026-07-31 01:00:00.000,H24,MISSION BERMUDES,0.00,0.00,0.0,1,0,31,31,7,2026
182953,2026-07-31 02:00:00.000,H24,MISSION BERMUDES,0.00,0.00,0.0,2,0,31,31,7,2026
182977,2026-07-31 03:00:00.000,H24,MISSION BERMUDES,0.00,0.00,0.0,3,0,31,31,7,2026
